player,team,pos,jersey,college,colleges,height,weight,years_exp,age,draft_club,draft_number,entry_year,status,headshot,espn_id
Andrew Billings,ARI,DL,95,Baylor,Baylor,6-1,340,10,31.3,CIN,122,2016,ACT,"https://static.www.nfl.com/image/upload/f_auto,q_auto/league/fh7q0h96fesyveoomjps",3051775
Andrew Wingard,ARI,DB,28,Wyoming,Wyoming,6-0,205,7,29.8,,,2019,ACT,"https://static.www.nfl.com/image/upload/f_auto,q_auto/league/lueoe3vqsknnvax0gnmf",3918331
Art Green,ARI,DB,23,Houston,Houston,6-2,200,3,26.4,,,2023,DEV,"https://static.www.nfl.com/image/upload/f_auto,q_auto/league/qzhydlbsekmp6x7gx6pn",4689674
Bam Knight,ARI,RB,20,N.C. State,N.C. State,5-11,210,4,25.5,,,2022,ACT,"https://static.www.nfl.com/image/upload/f_auto,q_auto/league/mjxnlzlnnwlfqayeybut",4427728
Baron Browning,ARI,LB,5,Ohio State,Ohio State,6-3,255,5,27.6,DEN,105,2021,ACT,"https://static.www.nfl.com/image/upload/f_auto,q_auto/league/wc0wkbhogzdxgaik9fh5",4241987
Blake Gillikin,ARI,P,12,Penn State,Penn State,6-2,196,6,28.7,,,2020,ACT,"https://static.www.nfl.com/image/upload/f_auto,q_auto/league/pgasxtghfviimlj55tn0",4045180
Budda Baker,ARI,DB,3,Washington,Washington,5-10,195,9,30.7,AZ,36,2017,ACT,"https://static.www.nfl.com/image/upload/f_auto,q_auto/league/tpr5aphfvgckzecyr5rd",3127287
Cam Horsley,ARI,DL,93,Boston College,Boston College,6-3,312,1,24.7,,,2025,DEV,"https://static.www.nfl.com/image/upload/f_auto,q_auto/league/twzqj6uora5h2qsutdxh",
Cam Robertson,ARI,LB,49,SMU,SMU; North Texas,6-4,260,0,22.6,,,2026,INA,"https://static.www.nfl.com/image/upload/f_auto,q_auto/league/uuczxjw4ass8y7h2sij8",
Carson Beck,ARI,QB,19,Miami,Miami; Georgia,6-4,233,0,24.9,AZ,65,2026,INA,"https://static.www.nfl.com/image/upload/f_auto,q_auto/league/yvybqpgnezk75h9rpobv",4430841
Casey Kreiter,ARI,LS,59,Iowa,Iowa,6-1,250,12,36.2,,,2014,ACT,"https://static.www.nfl.com/image/upload/f_auto,q_auto/league/z4slqb9le4p5tjmwtvps",
Chad Ryland,ARI,K,38,Maryland,Maryland; Eastern Michigan,6-0,195,3,27.0,NE,112,2023,ACT,"https://static.www.nfl.com/image/upload/f_auto,q_auto/league/gbfzwbzdl9wj582nh5g9",4363538
Chase Bisontis,ARI,OL,57,Texas A&M,Texas A&M,6-5,314,0,22.3,AZ,34,2026,RES,"https://static.www.nfl.com/image/upload/f_auto,q_auto/league/qb9l3hc9l6pytbgpwrmd",
Cody Simon,ARI,LB,0,Ohio State,Ohio State,6-2,230,1,24.5,AZ,115,2025,ACT,"https://static.www.nfl.com/image/upload/f_auto,q_auto/league/spyk3s7fvbcbz7vj32sg",4429071
D'Shawn Jamison,ARI,DB,27,Texas,Texas,5-10,186,3,27.3,,,2023,DEV,"https://static.www.nfl.com/image/upload/f_auto,q_auto/league/tpz66swcddlot6x1lcfz",4362082
Dadrion Taylor-Demerson,ARI,DB,42,Texas Tech,Texas Tech,5-10,200,2,25.7,AZ,104,2024,INA,"https://static.www.nfl.com/image/upload/f_auto,q_auto/league/w4wcod46hxptpseyi6o3",4428633
Damonic Williams,ARI,DL,96,Oklahoma,Oklahoma; TCU,6-1,305,0,22.1,,,2026,DEV,"https://static.www.nfl.com/image/upload/f_auto,q_auto/league/je6s5ezbps6ouanmle5p",
Dante Stills,ARI,DL,55,West Virginia,West Virginia,6-4,300,3,26.8,AZ,213,2023,ACT,"https://static.www.nfl.com/image/upload/f_auto,q_auto/league/xmtckml9zzgrv1r04anq",4362225
Darius Robinson,ARI,DL,56,Missouri,Missouri,6-5,290,2,25.1,AZ,27,2024,ACT,"https://static.www.nfl.com/image/upload/f_auto,q_auto/league/hctx4lm0ru8shpgb4vkc",4569480
Demontrey Jacobs,ARI,OL,67,South Florida Community College,South Florida Community College; Grambling State,6-6,325,3,27.9,,,2023,DEV,"https://static.www.nfl.com/image/upload/f_auto,q_auto/league/u3aknrx8tn2qjh8o4wua",
Denzel Burke,ARI,DB,29,Ohio State,Ohio State,5-11,190,1,23.9,AZ,174,2025,ACT,"https://static.www.nfl.com/image/upload/f_auto,q_auto/league/ertjghbr5dldlhzml7jh",4432668
Devin Duvernay,ARI,WR,81,Texas,Texas,5-11,202,6,29.1,BAL,92,2020,ACT,"https://static.www.nfl.com/image/upload/f_auto,q_auto/league/tj3t166iwsxbnyzxcyyl",4039050
Eku Leota,ARI,LB,54,Auburn,Auburn,6-4,257,3,27.4,,,2023,ACT,"https://static.www.nfl.com/image/upload/f_auto,q_auto/league/yj4vx0pliwqrimhyeiyw",4361272
Elijah Higgins,ARI,TE,84,Stanford,Stanford,6-3,245,3,25.9,MIA,197,2023,ACT,"https://static.www.nfl.com/image/upload/f_auto,q_auto/league/qgvtaa0gekopg4ad6vqe",4426844
Elijah Wilkinson,ARI,OL,65,UMass Amherst,UMass Amherst,6-6,315,9,31.7,,,2017,ACT,"https://static.www.nfl.com/image/upload/f_auto,q_auto/league/q24grx1dxcv83l2nmayx",
Eugene Asante,ARI,LB,48,Auburn,Auburn; North Carolina,6-1,222,1,26.7,,,2025,DEV,"https://static.www.nfl.com/image/upload/f_auto,q_auto/league/ktwpzrd5sqwfo0w81ez8",
Evan Hull,ARI,RB,26,Northwestern,Northwestern,5-10,209,3,25.9,IND,176,2023,DEV,"https://static.www.nfl.com/image/upload/f_auto,q_auto/league/xyyujk9mvvzegaiefp51",4569609
Gardner Minshew,ARI,QB,15,Washington State,Washington State,6-1,225,7,30.4,JAX,178,2019,ACT,"https://static.www.nfl.com/image/upload/f_auto,q_auto/league/knlacyr7rqfkcxiriudj",4038524
Garrett Williams,ARI,DB,21,Syracuse,Syracuse,5-10,192,3,25.4,AZ,72,2023,ACT,"https://static.www.nfl.com/image/upload/f_auto,q_auto/league/av20qv7vnk7arcnw25bd",4568506
Harrison Wallace III,ARI,WR,30,Mississippi,Mississippi; Penn State,5-11,192,0,23.5,,,2026,DEV,"https://static.www.nfl.com/image/upload/f_auto,q_auto/league/mxwpoysyvficq6vgvcdq",4699354
Hayden Conner,ARI,OL,58,Texas,Texas,6-6,315,1,24.5,AZ,211,2025,ACT,"https://static.www.nfl.com/image/upload/f_auto,q_auto/league/sc7uno5kkkxgosvjz18t",
Hjalte Froholdt,ARI,OL,72,Arkansas,Arkansas,6-5,310,7,30.1,NE,118,2019,ACT,"https://static.www.nfl.com/image/upload/f_auto,q_auto/league/ylkuycgg5mlekrd0e7uy",
Hunter Long,ARI,TE,89,Boston College,Boston College,6-5,253,5,28.1,MIA,81,2021,ACT,"https://static.www.nfl.com/image/upload/f_auto,q_auto/league/wlj6sdfj5qcy8bt2qyxb",4239944
Isaac Seumalo,ARI,OL,73,Oregon State,Oregon State,6-4,310,10,32.9,PHI,79,2016,ACT,"https://static.www.nfl.com/image/upload/f_auto,q_auto/league/ezvqcoqxojheotcoyinv",
Isaiah Adams,ARI,OL,74,Illinois,Illinois; Garden City CC,6-4,315,2,26.2,AZ,71,2024,ACT,"https://static.www.nfl.com/image/upload/f_auto,q_auto/league/ule1nyboygcfxxc0qz8l",
Jack Gibbens,ARI,LB,50,Minnesota,Minnesota; Abilene Christian,6-3,242,4,27.9,,,2022,ACT,"https://static.www.nfl.com/image/upload/f_auto,q_auto/league/cbl2jymi5wc5wxctu1es",4249739
Jacoby Brissett,ARI,QB,7,N.C. State,N.C. State; Florida,6-4,235,10,33.8,NE,91,2016,ACT,"https://static.www.nfl.com/image/upload/f_auto,q_auto/league/qjswiunczrn5xmdiqhlz",2578570
Jalen Brooks,ARI,WR,86,South Carolina,South Carolina; Tarleton State; Wingate,6-2,205,3,26.4,DAL,244,2023,ACT,"https://static.www.nfl.com/image/upload/f_auto,q_auto/league/xeg0tvg6klf0afgddkq6",4692835
James Conner,ARI,RB,6,Pittsburgh,Pittsburgh,6-1,233,9,31.4,PIT,105,2017,RES,"https://static.www.nfl.com/image/upload/f_auto,q_auto/league/ka8wlhtteg8hsowsdofk",3045147
Jameson Geers,ARI,TE,46,Minnesota,Minnesota,6-5,250,0,23.8,,,2026,RES,"https://static.www.nfl.com/image/upload/f_auto,q_auto/league/c8jeabzy38oouigdr214",
Jared Harrison-Hunte,ARI,DL,98,SMU,SMU; Miami,6-4,294,1,26.2,,,2025,DEV,"https://static.www.nfl.com/image/upload/f_auto,q_auto/league/zlu1tvw0ethftax8vcfa",
Jay Toia,ARI,DL,92,UCLA,UCLA; USC,6-2,342,1,23.2,DAL,217,2025,DEV,"https://static.www.nfl.com/image/upload/f_auto,q_auto/league/wxmtornm7a5tavuw4rfk",4431603
Jayden Williams,ARI,OL,66,Mississippi,Mississippi,6-4,307,0,23.5,AZ,217,2026,ACT,"https://static.www.nfl.com/image/upload/f_auto,q_auto/league/y6ju7uixfyiuetnzraux",
Jeremiyah Love,ARI,RB,4,Notre Dame,Notre Dame,6-0,212,0,21.4,AZ,3,2026,ACT,"https://static.www.nfl.com/image/upload/f_auto,q_auto/league/b12gtjsylmql5v7iyyla",4870808
Jerrick Reed II,ARI,DB,33,New Mexico,New Mexico; Northwest Mississippi CC,5-9,192,3,26.2,SEA,198,2023,DEV,"https://static.www.nfl.com/image/upload/f_auto,q_auto/league/jdg6nd5cot2srdfixjnv",4570084
Joey Blount,ARI,DB,32,Virginia,Virginia,6-1,195,4,27.9,,,2022,RES,"https://static.www.nfl.com/image/upload/f_auto,q_auto/league/uxh3ge9oyjyl6qjwzx5g",4240824
Jon Gaines II,ARI,OL,71,UCLA,UCLA,6-4,320,3,27.4,AZ,122,2023,ACT,"https://static.www.nfl.com/image/upload/f_auto,q_auto/league/fz0ka8wofw3dvqr6whnv",
Jordan Burch,ARI,LB,52,Oregon,Oregon; South Carolina,6-4,280,1,25.0,AZ,78,2025,ACT,"https://static.www.nfl.com/image/upload/f_auto,q_auto/league/e1l9bvbtlmy2ea7izknj",4428996
Josh Fryar,ARI,OL,78,Ohio State,Ohio State,6-5,320,1,24.7,,,2025,INA,"https://static.www.nfl.com/image/upload/f_auto,q_auto/league/b9mitmbbavxycpafysqu",
Josh Sweat,ARI,LB,10,Florida State,Florida State,6-5,265,8,29.5,PHI,130,2018,ACT,"https://static.www.nfl.com/image/upload/f_auto,q_auto/league/mfeq6gxl0uurxjsqdbos",3693166
Kaleb Proctor,ARI,DL,94,Southeastern Louisiana,Southeastern Louisiana,6-2,291,0,22.5,AZ,104,2026,RES,"https://static.www.nfl.com/image/upload/f_auto,q_auto/league/poc14gh4dkx2uqoronkr",5084514
Kalen King,ARI,DB,35,Penn State,Penn State,5-11,190,2,23.7,GB,255,2024,ACT,"https://static.www.nfl.com/image/upload/f_auto,q_auto/league/ioicfjbnscvcn1hlzvxl",4431433
Karson Sharar,ARI,LB,43,Iowa,Iowa,6-1,231,0,23.6,AZ,183,2026,ACT,"https://static.www.nfl.com/image/upload/f_auto,q_auto/league/pn4rwj6bnv1z3xykee5f",4709695
Kei'Trel Clark,ARI,DB,13,Louisville,Louisville,5-10,181,3,25.6,AZ,180,2023,ACT,"https://static.www.nfl.com/image/upload/f_auto,q_auto/league/mcmz4ef4fvvoqapbf8rf",4426923
Kendrick Bourne,ARI,WR,17,Eastern Washington,Eastern Washington,6-1,205,9,31.2,,,2017,ACT,"https://static.www.nfl.com/image/upload/f_auto,q_auto/league/yzfa94cmhpcqamrwzdzk",3045523
Kingsley Eguakun,ARI,OL,67,Florida,Florida,6-3,305,2,25.5,,,2024,DEV,"https://static.www.nfl.com/image/upload/f_auto,q_auto/league/tybhcfzdfccvnxz4labx",
Kitan Crawford,ARI,DB,36,Nevada,Nevada; Texas,5-11,202,1,24.8,AZ,225,2025,RES,"https://static.www.nfl.com/image/upload/f_auto,q_auto/league/puy0uqictbwcojpkmmrr",4430821
L.J. Collier,ARI,DL,91,TCU,TCU,6-2,300,7,31.1,SEA,29,2019,ACT,"https://static.www.nfl.com/image/private/f_auto,q_auto/league/i39nt3smr30rgznvlal3",3116449
Mack Wilson,ARI,LB,1,Alabama,Alabama,6-1,240,7,28.6,CLE,155,2019,ACT,"https://static.www.nfl.com/image/upload/f_auto,q_auto/league/zjazfilpr7k2agiwqpxn",4040983
Marvin Harrison Jr.,ARI,WR,18,Ohio State,Ohio State,6-3,220,2,24.2,AZ,4,2024,ACT,"https://static.www.nfl.com/image/upload/f_auto,q_auto/league/hwpoo1icpnh8emjvqaii",4432708
Max Melton,ARI,DB,16,Rutgers,Rutgers,5-11,190,2,24.5,AZ,43,2024,ACT,"https://static.www.nfl.com/image/upload/f_auto,q_auto/league/xaapgpd73nebdqnztyp1",4698113
Michael Wilson,ARI,WR,14,Stanford,Stanford,6-2,213,3,26.6,AZ,94,2023,ACT,"https://static.www.nfl.com/image/upload/f_auto,q_auto/league/hm2b9z4zujjmbiyldh8n",4360761
Paris Johnson Jr.,ARI,OL,70,Ohio State,Ohio State,6-6,325,3,25.3,AZ,6,2023,ACT,"https://static.www.nfl.com/image/upload/f_auto,q_auto/league/fto9oiuqts9esmpl7dxf",
Reggie Virgil,ARI,WR,82,Texas Tech,Texas Tech; Miami (Ohio),6-2,187,0,22.4,AZ,143,2026,INA,"https://static.www.nfl.com/image/upload/f_auto,q_auto/league/hmaylhc9nc2zmqjdw1ib",4869132
Roy Lopez,ARI,DL,51,Arizona,Arizona,6-2,312,5,29.2,HOU,195,2021,ACT,"https://static.www.nfl.com/image/upload/f_auto,q_auto/league/xpaoovz7dmco8nzhtxh4",4040805
Shawn Bowman,ARI,TE,44,Rutgers,Rutgers; Maine,6-4,249,2,26.4,,,2024,DEV,"https://static.www.nfl.com/image/upload/f_auto,q_auto/league/fsmfihfrlibes4ihhauy",
Simi Fehoko,ARI,WR,80,Stanford,Stanford,6-4,225,5,28.9,DAL,179,2021,ACT,"https://static.www.nfl.com/image/upload/f_auto,q_auto/league/eep30drknwucjdj6tivh",4360739
Starling Thomas V,ARI,DB,24,UAB,UAB,5-10,194,3,26.7,,,2023,INA,"https://static.www.nfl.com/image/upload/f_auto,q_auto/league/wep63sxqoqc3yyyo8hds",4363408
Teagan Quitoriano,ARI,TE,47,Oregon State,Oregon State,6-6,259,4,26.6,HOU,170,2022,DEV,"https://static.www.nfl.com/image/upload/f_auto,q_auto/league/adwepaexueevxdcqjhyf",4374045
Tip Reiman,ARI,TE,87,Illinois,Illinois,6-5,271,2,25.1,AZ,82,2024,RES,"https://static.www.nfl.com/image/upload/f_auto,q_auto/league/yfi3fqch6kzqrcvuptal",4696700
Trey Benson,ARI,RB,33,Florida State,Florida State; Oregon,6-0,225,2,24.2,AZ,66,2024,RES,"https://static.www.nfl.com/image/upload/f_auto,q_auto/league/liruc5jotnsi4ue9p9yx",4429275
Trey McBride,ARI,TE,85,Colorado State,Colorado State,6-4,246,4,26.9,AZ,55,2022,ACT,"https://static.www.nfl.com/image/upload/f_auto,q_auto/league/psasp10nn5pcvkli9kil",4361307
Tyler Allgeier,ARI,RB,22,BYU,BYU,5-10,225,4,26.5,ATL,151,2022,ACT,"https://static.www.nfl.com/image/upload/f_auto,q_auto/league/sp9lhhmpv4qy3xy2msxd",4373626
Valentin Senn,ARI,OL,69,Connecticut,Connecticut; Colorado,6-7,310,1,26.5,,,2025,DEV,"https://static.www.nfl.com/image/upload/f_auto,q_auto/league/h95afg0gtx3x6ik2fgmp",
Vershon Lee,ARI,OL,63,South Carolina,South Carolina,6-4,310,1,24.8,,,2025,DEV,"https://static.www.nfl.com/image/upload/f_auto,q_auto/league/yygtmj3azqkxi1est3eq",
Walter Nolen,ARI,DL,97,Mississippi,Mississippi; Texas A&M,6-4,300,1,23.0,AZ,16,2025,ACT,"https://static.www.nfl.com/image/upload/f_auto,q_auto/league/jr8karjanloyyas4erxt",4685503
Will Johnson,ARI,DB,2,Michigan,Michigan,6-2,200,1,23.5,AZ,47,2025,RES,"https://static.www.nfl.com/image/upload/f_auto,q_auto/league/dq3zeuqbbnztptdeas6i",4685408
Wydett Williams Jr.,ARI,DB,31,Mississippi,Mississippi; Louisiana-Monroe; Delta State University,6-1,205,0,22.8,,,2026,ACT,"https://static.www.nfl.com/image/upload/f_auto,q_auto/league/yehplfdaudjovmu77qbe",5099542
Zachary Carter,ARI,DL,90,Florida,Florida,6-4,301,4,27.5,CIN,95,2022,RES,"https://static.www.nfl.com/image/upload/f_auto,q_auto/league/qvq8wnz7ssbxxuxxo9mn",4240619
Zaven Collins,ARI,LB,25,Tulsa,Tulsa,6-4,270,5,27.4,AZ,16,2021,ACT,"https://static.www.nfl.com/image/upload/f_auto,q_auto/league/jmd2hu4swlzcpuqsln69",4244606
A.J. Terrell,ATL,DB,24,Clemson,Clemson,6-1,200,6,28.0,ATL,16,2020,RES,"https://static.www.nfl.com/image/upload/f_auto,q_auto/league/plww5syeocezywkpgpmg",4239995
Anterio Thompson,ATL,DL,69,Washington,Washington; Western Michigan; Iowa; Iowa Western CC,6-4,310,0,23.9,ATL,208,2026,RES,,5150660
Antwane Wells Jr.,ATL,WR,82,Mississippi,Mississippi; South Carolina; James Madison,6-0,205,1,25.5,,,2025,DEV,"https://static.www.nfl.com/image/upload/f_auto,q_auto/league/mijumyvz5ifhbq2xzlx6",4696062
Austin Hooper,ATL,TE,81,Stanford,Stanford,6-4,254,10,31.9,ATL,81,2016,ACT,"https://static.www.nfl.com/image/upload/f_auto,q_auto/league/dd0j9ccd8fxokl48alzg",3043275
Avieon Terrell,ATL,DB,12,Clemson,Clemson,5-11,180,0,21.7,ATL,48,2026,ACT,"https://static.www.nfl.com/image/upload/f_auto,q_auto/league/ellqzbdrtdoxmte2ehk8",4870988
Beaux Collins,ATL,WR,88,Notre Dame,Notre Dame; Clemson,6-3,206,1,23.8,,,2025,RES,"https://static.www.nfl.com/image/upload/f_auto,q_auto/league/fypzpyhv2bsvlcwp2ppo",4431210
Bijan Robinson,ATL,RB,7,Texas,Texas,5-11,214,3,24.7,ATL,8,2023,ACT,"https://static.www.nfl.com/image/upload/f_auto,q_auto/league/esii5yb8yn9edboi4mlq",4430807
Billy Bowman Jr.,ATL,DB,33,Oklahoma,Oklahoma,5-10,192,1,23.7,ATL,118,2025,ACT,"https://static.www.nfl.com/image/upload/f_auto,q_auto/league/mbkdinv8urtidys4hfwe",4431194
Bralen Trice,ATL,LB,48,Washington,Washington,6-4,274,2,25.6,ATL,74,2024,DEV,"https://static.www.nfl.com/image/upload/f_auto,q_auto/league/pvzpzvnhrtxxyhwhedq7",4428713
Brandon Dorlus,ATL,DL,54,Oregon,Oregon,6-3,295,2,25.5,ATL,109,2024,ACT,"https://static.www.nfl.com/image/upload/f_auto,q_auto/league/ijybsgxpvngj5wzlcupl",4427090
Brian Asamoah II,ATL,LB,41,Oklahoma,Oklahoma,6-0,230,4,26.5,MIN,66,2022,DEV,"https://static.www.nfl.com/image/upload/f_auto,q_auto/league/xohuccngmgsc8x8t7onn",4360255
Brian Robinson,ATL,RB,15,Alabama,Alabama,6-1,228,4,27.5,WAS,98,2022,ACT,"https://static.www.nfl.com/image/upload/f_auto,q_auto/league/n1xhex1ytisxcbcggqu7",4241474
C.J. Henderson,ATL,DB,26,Florida,Florida,6-1,205,6,28.0,JAX,9,2020,ACT,"https://static.www.nfl.com/image/upload/f_auto,q_auto/league/mlbq9cpapxfoabj7fsvt",4240596
Cameron Thomas,ATL,DL,99,San Diego State,San Diego State,6-4,265,4,26.3,AZ,87,2022,ACT,"https://static.www.nfl.com/image/upload/f_auto,q_auto/league/utrucssevq1dvqtxu3eh",4361510
Cameron Williams,ATL,OL,73,Texas,Texas,6-6,317,1,23.0,PHI,207,2025,RES,,
Cash Jones,ATL,RB,32,Georgia,Georgia,5-11,195,0,26.5,,,2026,DEV,"https://static.www.nfl.com/image/upload/f_auto,q_auto/league/w8owngxypixljzcnwyiv",4881826
Charlie Woerner,ATL,TE,89,Georgia,Georgia,6-5,250,6,29.0,SF,190,2020,ACT,"https://static.www.nfl.com/image/upload/f_auto,q_auto/league/tuzldnhk23mvsapfejqd",4035020
Chris Blair,ATL,WR,19,Alcorn State,Alcorn State,6-2,215,6,29.0,,,2020,ACT,"https://static.www.nfl.com/image/upload/f_auto,q_auto/league/gfkhv6k1wr45fnhl0p1d",4369886
Chris Lindstrom,ATL,OL,63,Boston College,Boston College,6-4,307,7,29.6,ATL,14,2019,ACT,"https://static.www.nfl.com/image/upload/f_auto,q_auto/league/ej9vnjijinovikapg3nz",
Christian Harris,ATL,LB,45,Alabama,Alabama,6-2,232,4,25.7,HOU,75,2022,ACT,"https://static.www.nfl.com/image/upload/f_auto,q_auto/league/ffkftfaaph6bcd0v1d4n",4567099
Colby Sorsdal,ATL,OL,74,William & Mary,William & Mary,6-6,305,3,26.6,DET,152,2023,DEV,"https://static.www.nfl.com/image/upload/f_auto,q_auto/league/uewa3yfhev5xfmtxtwst",
Cooper Rush,ATL,QB,13,Central Michigan,Central Michigan; Tarrant County JC,6-3,225,9,32.9,,,2017,ACT,"https://static.www.nfl.com/image/upload/f_auto,q_auto/league/mwrtykpswz7nbfisqlmj",2972515
Corey Levin,ATL,OL,62,Tennessee-Chattanooga,Tennessee-Chattanooga,6-4,307,9,32.2,TEN,217,2017,ACT,"https://static.www.nfl.com/image/upload/f_auto,q_auto/league/z21jvdkpqlhge0e2lbqs",
Da'Shawn Hand,ATL,DL,90,Alabama,Alabama,6-3,302,8,30.9,DET,114,2018,RES,"https://static.www.nfl.com/image/upload/f_auto,q_auto/league/c2synfyorkd9gnrvv43v",3126352
Darnay Holmes,ATL,DB,30,UCLA,UCLA,5-10,198,6,28.3,NYG,110,2020,DEV,"https://static.www.nfl.com/image/upload/f_auto,q_auto/league/b1iqudcchkj9bevv6fwo",4242973
DeAngelo Malone,ATL,LB,50,Western Kentucky,Western Kentucky,6-3,235,4,27.2,ATL,82,2022,RES,"https://static.www.nfl.com/image/upload/f_auto,q_auto/league/uyjqwnbcams2hk2rmyh2",4243457
DeMarcco Hellams,ATL,DB,23,Alabama,Alabama,6-1,203,3,26.3,ATL,224,2023,ACT,"https://static.www.nfl.com/image/upload/f_auto,q_auto/league/qg0hfg5iv3zc6hn07dzt",4567111
Divine Deablo,ATL,LB,0,Virginia Tech,Virginia Tech,6-3,223,5,28.1,LV,80,2021,ACT,"https://static.www.nfl.com/image/upload/f_auto,q_auto/league/epymgfknvbi0vbygiv4j",4037626
Drake Jackson,ATL,LB,91,USC,USC,6-4,250,4,25.5,SF,61,2022,DEV,"https://static.www.nfl.com/image/upload/f_auto,q_auto/league/x8ndvrqtk5q076kwedxg",4569511
Drake London,ATL,WR,5,USC,USC,6-4,215,4,25.2,ATL,8,2022,ACT,"https://static.www.nfl.com/image/upload/f_auto,q_auto/league/mcllowcfrmmdeo4zy3g1",4426502
Dylan Drummond,ATL,WR,80,Eastern Michigan,Eastern Michigan,6-0,190,3,26.7,,,2023,DEV,"https://static.www.nfl.com/image/upload/f_auto,q_auto/league/xyexcy7ur9nscytyhinx",4363551
Ethan Onianwa,ATL,OL,75,Ohio State,Ohio State; Rice,6-7,331,0,23.1,ATL,231,2026,ACT,"https://static.www.nfl.com/image/upload/f_auto,q_auto/league/spvsdjmjvcvuerqw3y5d",
Gervon Dexter Sr.,ATL,DL,95,Florida,Florida,6-6,326,3,26.0,CHI,53,2023,ACT,"https://static.www.nfl.com/image/private/f_auto,q_auto/league/vj6m4qixxhqmufrr5ilo",4429014
Harold Perkins Jr.,ATL,LB,56,LSU,LSU,6-0,223,0,22.1,ATL,215,2026,ACT,"https://static.www.nfl.com/image/upload/f_auto,q_auto/league/sdvimzmhvfuaj6m4wpsu",4685502
JD Bertrand,ATL,LB,40,Notre Dame,Notre Dame,6-1,233,2,26.4,ATL,143,2024,RES,"https://static.www.nfl.com/image/upload/f_auto,q_auto/league/pem7wfoxovov0cjuopjv",4428872
Jack Strand,ATL,QB,18,Minnesota State,Minnesota State,6-5,240,0,22.3,,,2026,ACT,"https://static.www.nfl.com/image/upload/f_auto,q_auto/league/oadw9h9otuauaiv1vxvz",5344782
Jack Velling,ATL,TE,84,Michigan State,Michigan State; Oregon State,6-5,242,0,22.9,,,2026,DEV,"https://static.www.nfl.com/image/upload/f_auto,q_auto/league/wotouog19khzog4kfwmq",
Jahan Dotson,ATL,WR,4,Penn State,Penn State,5-11,182,4,26.5,WAS,16,2022,ACT,"https://static.www.nfl.com/image/upload/f_auto,q_auto/league/gwuibfw7ljxudxtldcvh",4361409
Jake Bailey,ATL,P,16,Stanford,Stanford,6-2,212,7,29.3,NE,163,2019,ACT,"https://static.www.nfl.com/image/upload/f_auto,q_auto/league/loghcplmv69wosiqlopr",3931395
Jake Matthews,ATL,OL,70,Texas A&M,Texas A&M,6-5,309,12,34.7,ATL,6,2014,ACT,"https://static.www.nfl.com/image/upload/f_auto,q_auto/league/hoifz7uqrpjm5g2mlyaa",
Jalon Walker,ATL,LB,11,Georgia,Georgia,6-2,245,1,22.6,ATL,15,2025,RES,"https://static.www.nfl.com/image/upload/f_auto,q_auto/league/mmtinfxaeg8afpuwwudm",4685597
James Pearce Jr.,ATL,LB,27,Tennessee,Tennessee,6-5,243,1,23.0,ATL,26,2025,RES,"https://static.www.nfl.com/image/upload/f_auto,q_auto/league/iw7gq1kiprdcsomewxuh",5081394
Jammie Robinson,ATL,DB,34,Florida State,Florida State,5-11,195,3,25.7,CAR,145,2023,DEV,"https://static.www.nfl.com/image/upload/f_auto,q_auto/league/zixsq934w8yeksxuznvd",4430411
Jared Ivey,ATL,LB,51,Mississippi,Mississippi; Georgia Tech,6-6,274,1,24.8,,,2025,ACT,"https://static.www.nfl.com/image/upload/f_auto,q_auto/league/rliaugoupzvspm3vdtcp",4605478
Jawaan Taylor,ATL,OL,71,Florida,Florida,6-5,312,7,28.9,JAX,35,2019,ACT,"https://static.www.nfl.com/image/upload/f_auto,q_auto/league/smerpaxet2i7btib2ce1",
Jessie Bates,ATL,DB,3,Wake Forest,Wake Forest,6-1,210,8,29.6,CIN,54,2018,ACT,"https://static.www.nfl.com/image/upload/f_auto,q_auto/league/eego6d6svadhqg1dyacg",3919512
Josh Thompson,ATL,OL,67,LSU,LSU; Northwestern,6-4,315,0,24.0,,,2026,DEV,"https://static.www.nfl.com/image/upload/f_auto,q_auto/league/rfnfr7idjojws30ijl7e",
Josh Woods,ATL,LB,42,Maryland,Maryland,6-1,236,8,30.3,,,2018,ACT,"https://static.www.nfl.com/image/upload/f_auto,q_auto/league/p6wltly2bismav4hvfvb",3128303
Kaleb McGary,ATL,OL,76,Washington,Washington,6-6,306,7,31.6,ATL,31,2019,RET,"https://static.www.nfl.com/image/upload/f_auto,q_auto/league/qomzib0zc5muqcj4yeuh",
Kam Dewberry,ATL,OL,61,Alabama,Alabama; Texas A&M,6-4,332,0,22.5,,,2026,DEV,"https://static.www.nfl.com/image/upload/f_auto,q_auto/league/ai9tsdkibbku98tzbedb",
Kendal Daniels,ATL,LB,53,Oklahoma,Oklahoma; Oklahoma State,6-5,242,0,23.8,ATL,134,2026,ACT,"https://static.www.nfl.com/image/upload/f_auto,q_auto/league/y0dplhsrdng9momqwilu",4595343
Khalil Herbert,ATL,RB,25,Virginia Tech,Virginia Tech,5-9,212,5,28.5,CHI,217,2021,DEV,"https://static.www.nfl.com/image/upload/f_auto,q_auto/league/gjwksf9ygntjmtceeerh",4035886
Kyle Hinton,ATL,OL,68,Washburn,Washburn,6-2,315,6,28.6,MIN,253,2020,ACT,"https://static.www.nfl.com/image/upload/f_auto,q_auto/league/zlhwbmhosrjogu9uwruv",
Kyle Pitts,ATL,TE,8,Florida,Florida,6-6,250,5,26.0,ATL,4,2021,ACT,"https://static.www.nfl.com/image/upload/f_auto,q_auto/league/xczipzxvytnmvgznhhb4",4360248
LaCale London,ATL,DL,94,Western Illinois,Western Illinois,6-3,297,6,29.2,,,2020,ACT,"https://static.www.nfl.com/image/upload/f_auto,q_auto/league/lnztywmpyzddwtm0tymo",4376288
Liam McCullough,ATL,LS,49,Ohio State,Ohio State,6-2,245,6,29.3,,,2020,ACT,"https://static.www.nfl.com/image/upload/f_auto,q_auto/league/pwnde23o1r6jmi0kvwqk",
Maason Smith,ATL,DL,92,LSU,LSU,6-5,306,2,24.0,JAX,48,2024,ACT,"https://static.www.nfl.com/image/upload/f_auto,q_auto/league/eskiw0i3z6cashics66w",4431567
Malcolm DeWalt IV,ATL,DB,36,Akron,Akron; Butte College; Snow,6-2,190,0,24.8,,,2026,ACT,"https://static.www.nfl.com/image/upload/f_auto,q_auto/league/tjpmrufhkvsxdfmqchgw",
Matthew Bergeron,ATL,OL,65,Syracuse,Syracuse,6-5,315,3,26.6,ATL,38,2023,ACT,"https://static.www.nfl.com/image/upload/f_auto,q_auto/league/hy3t6flxp3ryvd3ntoum",
Michael Jerrell,ATL,OL,72,Findlay,Findlay,6-5,309,2,27.1,SEA,207,2024,ACT,"https://static.www.nfl.com/image/upload/f_auto,q_auto/league/j4ccmkx7sv3yjjt8ymzy",
Michael Penix Jr.,ATL,QB,9,Washington,Washington; Indiana,6-3,220,2,26.4,ATL,8,2024,ACT,"https://static.www.nfl.com/image/upload/f_auto,q_auto/league/mip4kogkqxwkkya6mvmh",4360423
Mike Ford,ATL,DB,28,Southeast Missouri State,Southeast Missouri State,6-0,196,8,31.2,,,2018,ACT,"https://static.www.nfl.com/image/upload/f_auto,q_auto/league/b3k1q0kl0mc7d0t8xkka",3050916
Mike Hughes,ATL,DB,21,UCF,UCF; Garden City CC; North Carolina,5-10,191,8,29.7,MIN,30,2018,ACT,"https://static.www.nfl.com/image/upload/f_auto,q_auto/league/tncrybucqelrcrsgumds",3895841
Nick Folk,ATL,K,6,Arizona,Arizona,6-1,222,19,41.9,DAL,178,2007,ACT,"https://static.www.nfl.com/image/upload/f_auto,q_auto/league/qf6vaghxuoxqw0pyrvg3",10621
Nick Muse,ATL,TE,87,South Carolina,South Carolina,6-5,250,4,27.9,MIN,227,2022,ACT,"https://static.www.nfl.com/image/upload/f_auto,q_auto/league/cdidnsvt1we5d7ffnjbo",4249624
Olamide Zaccheaus,ATL,WR,14,Virginia,Virginia,5-8,194,7,29.2,,,2019,ACT,"https://static.www.nfl.com/image/upload/f_auto,q_auto/league/zsnzd30ysrewgufbv06y",3917914
Riley Mahlman,ATL,OL,76,Wisconsin,Wisconsin,6-8,318,0,23.8,,,2026,DEV,"https://static.www.nfl.com/image/upload/f_auto,q_auto/league/ccdfmnjjfph73wxaflts",
Robert Longerbeam,ATL,DB,37,Rutgers,Rutgers,5-11,178,1,25.7,BAL,212,2025,ACT,"https://static.www.nfl.com/image/upload/f_auto,q_auto/league/trntqnyxey3vjzredean",4575860
Ryan Neuzil,ATL,OL,64,Appalachian State,Appalachian State,6-3,305,5,29.2,,,2021,ACT,"https://static.www.nfl.com/image/upload/f_auto,q_auto/league/xsnsake68lxw3hqilezf",
Samson Ebukam,ATL,DL,52,Eastern Washington,Eastern Washington,6-3,245,9,31.4,LAR,125,2017,ACT,"https://static.www.nfl.com/image/upload/f_auto,q_auto/league/cmoytuhhkqslhcpulq5e",3045527
Storm Norton,ATL,OL,77,Toledo,Toledo,6-7,310,9,32.4,,,2017,RES,"https://static.www.nfl.com/image/upload/f_auto,q_auto/league/l7ndyhi69vax0acgs1kw",
Sydney Brown,ATL,DB,29,Illinois,Illinois,5-10,211,3,26.5,PHI,66,2023,ACT,"https://static.www.nfl.com/image/upload/f_auto,q_auto/league/c9jtw4rbs1inmf2mwjlc",4360386
Trey Sermon,ATL,RB,44,Ohio State,Ohio State; Oklahoma,6-0,215,5,27.7,SF,88,2021,RES,"https://static.www.nfl.com/image/upload/f_auto,q_auto/league/eqhl3xiczodsyqlmsxvr",4241401
Tua Tagovailoa,ATL,QB,1,Alabama,Alabama,6-1,225,6,28.6,MIA,5,2020,ACT,"https://static.www.nfl.com/image/upload/f_auto,q_auto/league/tmm4ohds7qci0vqoobhm",4241479
Vinny Anthony II,ATL,WR,86,Wisconsin,Wisconsin,6-0,190,0,23.3,,,2026,DEV,"https://static.www.nfl.com/image/upload/f_auto,q_auto/league/za7sl8mdnvpy1lvo7gva",4869816
Xavier Watts,ATL,DB,31,Notre Dame,Notre Dame,6-0,203,1,24.9,ATL,96,2025,ACT,"https://static.www.nfl.com/image/upload/f_auto,q_auto/league/kfq1ekzcnannihp8qatc",4431005
Yasir Abdullah,ATL,LB,22,Louisville,Louisville,6-1,234,3,26.5,JAX,136,2023,ACT,"https://static.www.nfl.com/image/upload/f_auto,q_auto/league/ok0dts6vzdwn8owisv08",4360807
Za'Darius Smith,ATL,LB,55,Kentucky,Kentucky; East Mississippi JC,6-4,272,11,34.1,BAL,122,2015,ACT,"https://static.www.nfl.com/image/upload/f_auto,q_auto/league/l5t51lcflhhfvxhr1sx3",3043168
Zacch Pickens,ATL,DL,93,South Carolina,South Carolina,6-4,305,3,26.6,CHI,64,2023,DEV,"https://static.www.nfl.com/image/upload/f_auto,q_auto/league/dsqdomywsgl8x4bqqcie",4426332
Zach Harrison,ATL,DL,96,Ohio State,Ohio State,6-5,272,3,25.1,ATL,75,2023,ACT,"https://static.www.nfl.com/image/upload/f_auto,q_auto/league/jph76ryj7fn3yqi5c2yg",4426412
Zachariah Branch,ATL,WR,17,Georgia,Georgia; USC,5-10,177,0,22.5,ATL,79,2026,ACT,"https://static.www.nfl.com/image/upload/f_auto,q_auto/league/qwbo8lgyd85dlwnbznsc",4870612
A.J. Arcuri,BAL,OL,68,Michigan State,Michigan State,6-7,320,4,29.2,LAR,261,2022,DEV,"https://static.www.nfl.com/image/upload/f_auto,q_auto/league/gziofcy3o1epv9spjapl",
Adam Randall,BAL,RB,23,Clemson,Clemson,6-3,240,0,22.2,BAL,174,2026,RES,"https://static.www.nfl.com/image/upload/f_auto,q_auto/league/cdr4vibcb4jxp8nswxl9",4685526
Adisa Isaac,BAL,LB,50,Penn State,Penn State,6-4,253,2,25.0,BAL,93,2024,DEV,"https://static.www.nfl.com/image/upload/f_auto,q_auto/league/kgf0y0szaf289d6ys8sy",4426372
Aeneas Peebles,BAL,DL,90,Virginia Tech,Virginia Tech; Duke,6-0,300,1,25.1,BAL,210,2025,INA,"https://static.www.nfl.com/image/upload/f_auto,q_auto/league/pzcjpjjrkwtkbp60ti5k",4565311
Amani Oruwariye,BAL,DB,25,Penn State,Penn State,6-2,203,7,30.7,DET,146,2019,DEV,"https://static.www.nfl.com/image/upload/f_auto,q_auto/league/aqg1eu9fdnoqmaff8cb4",3116175
Andre James,BAL,OL,61,UCLA,UCLA,6-4,300,7,29.4,,,2019,DEV,"https://static.www.nfl.com/image/upload/f_auto,q_auto/league/cliagitqwyz5snrphj2c",
Andrew Vorhees,BAL,OL,72,USC,USC,6-6,330,3,27.7,BAL,229,2023,ACT,"https://static.www.nfl.com/image/upload/f_auto,q_auto/league/svbcpu80smbthhzqxvnx",
Bilhal Kone,BAL,DB,31,Western Michigan,Western Michigan; Iowa Central CC-Eagle Grove,6-1,190,1,24.6,BAL,178,2025,RES,"https://static.www.nfl.com/image/upload/f_auto,q_auto/league/jvaonihwki5f94bdzmwa",5083656
Broderick Washington,BAL,DL,96,Texas Tech,Texas Tech,6-2,315,6,29.8,BAL,170,2020,ACT,"https://static.www.nfl.com/image/upload/f_auto,q_auto/league/p5tkzkh6v2hda70lwojk",3915837
Calais Campbell,BAL,DL,93,Miami,Miami,6-8,307,18,40.1,AZ,50,2008,ACT,"https://static.www.nfl.com/image/upload/f_auto,q_auto/league/ekkaync0yveo2cwxlljr",11284
Carl Jones,BAL,LB,48,UCLA,UCLA,6-0,223,2,25.2,,,2024,DEV,"https://static.www.nfl.com/image/upload/f_auto,q_auto/league/l4vvhcbssti8qvjhxigf",4569428
Carson Vinson,BAL,OL,76,Alabama A&M,Alabama A&M,6-7,325,1,24.9,BAL,141,2025,ACT,"https://static.www.nfl.com/image/upload/f_auto,q_auto/league/lycewx6oqwpazl948vn7",
Chandler Rivers,BAL,DB,29,Duke,Duke,5-10,189,0,23.0,BAL,162,2026,ACT,"https://static.www.nfl.com/image/upload/f_auto,q_auto/league/uayykenigfog0qv48yd2",4702918
Chidobe Awuzie,BAL,DB,3,Colorado,Colorado,6-0,202,9,31.4,DAL,60,2017,ACT,"https://static.www.nfl.com/image/upload/f_auto,q_auto/league/o7hb0bwvyuymmsknlubx",3052101
Chris Moore,BAL,WR,17,Cincinnati,Cincinnati,6-1,200,10,33.3,BAL,107,2016,INA,"https://static.www.nfl.com/image/upload/f_auto,q_auto/league/o0s29hnpztyxqotqdx8h",2576581
Chuma Edoga,BAL,OL,62,USC,USC,6-4,308,7,29.4,NYJ,92,2019,DEV,"https://static.www.nfl.com/image/upload/f_auto,q_auto/league/daovqppglueevdbutt7k",
Danny Pinter,BAL,OL,63,Ball State,Ball State,6-4,310,6,30.3,IND,149,2020,RES,"https://static.www.nfl.com/image/upload/f_auto,q_auto/league/oeo9gt4ytdtwhu5hvvu8",
David Olajiga,BAL,DL,65,Central Missouri,Central Missouri; Butler County JC,6-3,310,2,28.9,,,2024,DEV,"https://static.www.nfl.com/image/upload/f_auto,q_auto/league/zwa1ogmpfp7zvaaam4db",
Derrick Henry,BAL,RB,22,Alabama,Alabama,6-3,252,10,32.8,TEN,45,2016,ACT,"https://static.www.nfl.com/image/upload/f_auto,q_auto/league/tm79x0iknqg6hms3ypyt",3043078
Devontez Walker,BAL,WR,81,North Carolina,North Carolina; Kent State; North Carolina Central,6-1,200,2,25.3,BAL,113,2024,ACT,"https://static.www.nfl.com/image/upload/f_auto,q_auto/league/x3x3k5ispk44ms0f7vrv",4696882
Durham Smythe,BAL,TE,80,Notre Dame,Notre Dame,6-4,248,8,31.2,MIA,123,2018,ACT,"https://static.www.nfl.com/image/upload/f_auto,q_auto/league/pwcuy1ntmris98x8xmxi",3052897
Elijah Sarratt,BAL,WR,13,Indiana,Indiana; James Madison; St. Francis PA,6-2,215,0,23.4,BAL,115,2026,ACT,"https://static.www.nfl.com/image/upload/f_auto,q_auto/league/rbtitvma6hjyotcajqtv",5088338
Emery Jones Jr.,BAL,OL,51,LSU,LSU,6-5,325,1,22.6,BAL,91,2025,ACT,"https://static.www.nfl.com/image/upload/f_auto,q_auto/league/bteu559usxxvvs2duvvv",
Ethan Burke,BAL,LB,97,Texas,Texas,6-6,269,0,23.3,,,2026,ACT,"https://static.www.nfl.com/image/upload/f_auto,q_auto/league/tkhzwtnvhbbqu5sc7nui",4908867
Ethan Pocic,BAL,OL,77,LSU,LSU,6-6,320,9,31.2,SEA,58,2017,RES,"https://static.www.nfl.com/image/upload/f_auto,q_auto/league/yl6ylttfhl37pjf4iqxi",
Gage Larvadain,BAL,WR,84,South Carolina,South Carolina; Miami (Ohio),5-8,171,1,23.8,,,2025,DEV,"https://static.www.nfl.com/image/upload/f_auto,q_auto/league/sivfugvzbbxrgkvxr5cb",4877203
Gerad Lichtenhan,BAL,OL,78,Oregon State,Oregon State,6-8,330,1,24.8,,,2025,DEV,"https://static.www.nfl.com/image/upload/f_auto,q_auto/league/xyfozfelcvupcc1uu06u",
Hakeem Adeniji,BAL,OL,75,Kansas,Kansas,6-4,300,6,28.8,CIN,180,2020,RET,"https://static.www.nfl.com/image/upload/f_auto,q_auto/league/qcoi4yerqm7urfbnscft",
Ja'Kobi Lane,BAL,WR,6,USC,USC,6-4,205,0,22.2,BAL,80,2026,RES,"https://static.www.nfl.com/image/upload/f_auto,q_auto/league/gjezd2a8imfrxyv16wuj",4870847
Jahquez Robinson,BAL,DB,41,Auburn,Auburn; Colorado,6-2,211,0,25.3,,,2026,RES,"https://static.www.nfl.com/image/upload/f_auto,q_auto/league/boo9iyw6uaduxtvzwgf6",
Jamon Johnson,BAL,LB,47,Kentucky,Kentucky; Georgia,6-1,245,1,24.9,,,2025,CUT,,4569680
Jay Higgins,BAL,LB,49,Iowa,Iowa,6-0,230,1,24.6,,,2025,ACT,"https://static.www.nfl.com/image/upload/f_auto,q_auto/league/zsbevehh3h4bsqiyga5q",4565350
Jaylinn Hawkins,BAL,DB,21,California,California,6-1,210,6,29.1,ATL,134,2020,ACT,"https://static.www.nfl.com/image/upload/f_auto,q_auto/league/wll7vcwwhv4izv6klkg6",3858276
Joe Fagnano,BAL,QB,12,Connecticut,Connecticut; Maine,6-3,230,0,25.5,,,2026,INA,"https://static.www.nfl.com/image/upload/f_auto,q_auto/league/p8uqfsnpx153mn3gjtd3",4429582
John Jenkins,BAL,DL,94,Georgia,Georgia; Gulf Coast CC; Mississippi,6-3,360,13,37.2,NO,82,2013,ACT,"https://static.www.nfl.com/image/upload/f_auto,q_auto/league/l2na4hvtcq7nfp7svxar",15846
John Simpson,BAL,OL,74,Clemson,Clemson,6-4,330,6,29.1,LV,109,2020,ACT,"https://static.www.nfl.com/image/upload/f_auto,q_auto/league/avxt0i2490vqynqfd2qp",
Jonathan Ward,BAL,RB,35,Central Michigan,Central Michigan,6-0,202,6,29.0,,,2020,DEV,"https://static.www.nfl.com/image/upload/f_auto,q_auto/league/yct3a4xznwcxjvn4iosk",4039274
Josh Cuevas,BAL,TE,85,Alabama,Alabama; Washington; Pomona State,6-3,245,0,24.0,BAL,173,2026,ACT,"https://static.www.nfl.com/image/upload/f_auto,q_auto/league/maktufaiogxfm5ewjsi9",4876132
Jovaughn Gwyn,BAL,OL,54,South Carolina,South Carolina,6-2,310,3,27.6,ATL,225,2023,RES,"https://static.www.nfl.com/image/upload/f_auto,q_auto/league/tm2hlsk9mv702qczciho",
Justice Hill,BAL,RB,43,Oklahoma State,Oklahoma State,5-10,195,7,28.9,BAL,113,2019,ACT,"https://static.www.nfl.com/image/upload/f_auto,q_auto/league/fuodbrwvianete2gy5ag",4038441
K'Von Wallace,BAL,DB,25,Clemson,Clemson,5-11,208,6,29.2,PHI,127,2020,ACT,"https://static.www.nfl.com/image/upload/f_auto,q_auto/league/ytpbcdbdwwlysnjj6uwb",4035463
Kaimon Rucker,BAL,LB,56,North Carolina,North Carolina,6-2,265,1,24.6,,,2025,DEV,"https://static.www.nfl.com/image/upload/f_auto,q_auto/league/ayai0zgfxwglyzrjkmmx",
Kendall Lamm,BAL,OL,70,Appalachian State,Appalachian State,6-5,310,11,34.3,,,2015,RET,"https://static.www.nfl.com/image/upload/f_auto,q_auto/league/ppp9mcm3mqiymtwtmhmx",
Keondre Jackson,BAL,DB,39,Illinois State,Illinois State,6-2,215,1,24.4,,,2025,ACT,"https://static.www.nfl.com/image/upload/f_auto,q_auto/league/nseq4vwhoakwfp7ytpp0",4878287
Keyon Martin,BAL,DB,38,Louisiana-Lafayette,Louisiana-Lafayette; Youngstown State,5-9,171,1,25.4,,,2025,ACT,"https://static.www.nfl.com/image/upload/f_auto,q_auto/league/kuvtqhos7jfzxbvykdrh",4694334
Kyle Hamilton,BAL,DB,14,Notre Dame,Notre Dame,6-4,220,4,25.6,BAL,14,2022,ACT,"https://static.www.nfl.com/image/upload/f_auto,q_auto/league/cshtattblpge9ngjve9a",4575517
Kyle Hergel,BAL,OL,60,Boston College,Boston College; Texas State-San Marcos,6-2,315,2,27.0,,,2024,ACT,"https://static.www.nfl.com/image/upload/f_auto,q_auto/league/hevy4dtaz6yzw9anebpk",
LaJohntay Wester,BAL,WR,10,Colorado,Colorado; Florida Atlantic,5-9,180,1,24.5,BAL,203,2025,ACT,"https://static.www.nfl.com/image/upload/f_auto,q_auto/league/t6cyhtqoihm88xppswud",4690143
Ladarius Webb Jr.,BAL,DB,34,Wake Forest,Wake Forest; South Alabama; Oklahoma State,5-9,177,0,23.7,,,2026,DEV,"https://static.www.nfl.com/image/upload/f_auto,q_auto/league/txaaincujcsnquwtzeyc",
Lamar Jackson,BAL,QB,8,Louisville,Louisville,6-2,205,8,29.7,BAL,32,2018,ACT,"https://static.www.nfl.com/image/upload/f_auto,q_auto/league/eno6s5qzl9grbfbfwhoa",3916387
Malaki Starks,BAL,DB,24,Georgia,Georgia,6-1,205,1,22.9,BAL,27,2025,ACT,"https://static.www.nfl.com/image/upload/f_auto,q_auto/league/lqdlc7railysoycjeny9",4685530
Mark Andrews,BAL,TE,89,Oklahoma,Oklahoma,6-5,250,8,31.1,BAL,86,2018,ACT,"https://static.www.nfl.com/image/upload/f_auto,q_auto/league/u4xzz7tclch0tpzm9hhz",3116365
Marlon Humphrey,BAL,DB,44,Alabama,Alabama,6-0,200,9,30.3,BAL,16,2017,ACT,"https://static.www.nfl.com/image/upload/f_auto,q_auto/league/zru6ellib9fzob6zq5c3",3126356
Matthew Hibner,BAL,TE,88,SMU,SMU; Michigan,6-4,251,0,24.6,BAL,133,2026,ACT,"https://static.www.nfl.com/image/upload/f_auto,q_auto/league/kkkia0wl2sqsjiwecde0",4432260
Mike Green,BAL,LB,15,Marshall,Marshall; Virginia,6-3,248,1,23.2,BAL,59,2025,ACT,"https://static.www.nfl.com/image/upload/f_auto,q_auto/league/dh7h3ratc2xd1xed7efh",4683188
Nate Wiggins,BAL,DB,2,Clemson,Clemson,6-1,185,2,23.1,BAL,30,2024,ACT,"https://static.www.nfl.com/image/upload/f_auto,q_auto/league/fz9g7jofrkejlgowugfk",4601278
Nick Moore,BAL,LS,46,Georgia,Georgia,6-2,260,7,33.8,,,2019,ACT,"https://static.www.nfl.com/image/upload/f_auto,q_auto/league/jq66k7xnacmthlcx6kqx",
Nick Vannett,BAL,TE,87,Ohio State,Ohio State,6-6,257,10,33.6,SEA,94,2016,DEV,"https://static.www.nfl.com/image/upload/f_auto,q_auto/league/srrlkx2mydsb8gfco6fp",2576399
Nnamdi Madubuike,BAL,DL,92,Texas A&M,Texas A&M,6-3,305,6,28.9,BAL,71,2020,ACT,"https://static.www.nfl.com/image/upload/f_auto,q_auto/league/zvqf4b2ks5pwfkzynt5d",4035245
Olaivavega Ioane,BAL,OL,71,Penn State,Penn State,6-4,326,0,22.5,BAL,14,2026,ACT,"https://static.www.nfl.com/image/upload/f_auto,q_auto/league/x3z8asowfyyrhgc0nujw",
Rasheen Ali,BAL,RB,26,Marshall,Marshall,5-11,209,2,25.6,BAL,165,2024,ACT,"https://static.www.nfl.com/image/upload/f_auto,q_auto/league/zwjrkzu3ia3cfrwgotqt",4690013
Rashod Bateman,BAL,WR,7,Minnesota,Minnesota,6-1,193,5,26.9,BAL,27,2021,ACT,"https://static.www.nfl.com/image/upload/f_auto,q_auto/league/gtktmsfcxc1eijwpwzyq",4360939
Rayshaun Benny,BAL,DL,99,Michigan,Michigan,6-3,305,0,24.4,BAL,250,2026,DEV,"https://static.www.nfl.com/image/upload/f_auto,q_auto/league/ewfiiqrz7qysxydw5zwn",4432661
Roger Rosengarten,BAL,OL,70,Washington,Washington,6-5,310,2,24.3,BAL,62,2024,ACT,"https://static.www.nfl.com/image/upload/f_auto,q_auto/league/r8abyo2ewvwlbcvm5qry",
Ronnie Stanley,BAL,OL,79,Notre Dame,Notre Dame,6-6,310,10,32.6,BAL,6,2016,ACT,"https://static.www.nfl.com/image/upload/f_auto,q_auto/league/j91t0jvkrdhfmeoeeryr",
Roquan Smith,BAL,LB,0,Georgia,Georgia,6-1,235,8,29.5,CHI,8,2018,ACT,"https://static.www.nfl.com/image/upload/f_auto,q_auto/league/hfsdx9xzvyknsdm7bysy",3915189
Ryan Eckley,BAL,P,30,Michigan State,Michigan State,6-0,205,0,22.6,BAL,211,2026,ACT,"https://static.www.nfl.com/image/upload/f_auto,q_auto/league/tnfndcjg7g14q1mscr5e",5084956
Shedrick Jackson,BAL,WR,4,Auburn,Auburn,6-1,202,3,27.0,,,2023,CUT,"https://static.www.nfl.com/image/upload/f_auto,q_auto/league/pimh65yyziduaq7vbmi5",4361332
Skylar Thompson,BAL,QB,11,Kansas State,Kansas State,6-2,221,4,29.3,MIA,247,2022,RES,"https://static.www.nfl.com/image/upload/f_auto,q_auto/league/estx7utxpnqif0lto9cq",4036419
T.J. Tampa,BAL,DB,27,Iowa State,Iowa State,6-1,190,2,24.6,BAL,130,2024,RES,"https://static.www.nfl.com/image/upload/f_auto,q_auto/league/poanrufasprugy1q1ulq",4575483
Tavius Robinson,BAL,LB,95,Mississippi,Mississippi,6-6,265,3,27.8,BAL,124,2023,ACT,"https://static.www.nfl.com/image/upload/f_auto,q_auto/league/mmvqyuqlg73zp0jwydxr",4690179
Teddye Buchanan,BAL,LB,40,California,California,6-2,240,1,24.0,BAL,129,2025,ACT,"https://static.www.nfl.com/image/upload/f_auto,q_auto/league/ktowwliocunqxlxfznev",4698244
Travis Jones,BAL,DL,98,Connecticut,Connecticut,6-4,341,4,27.0,BAL,76,2022,ACT,"https://static.www.nfl.com/image/upload/f_auto,q_auto/league/wm1f5uddgq3xmivgmrkz",4362139
Trenton Simpson,BAL,LB,32,Clemson,Clemson,6-2,242,3,25.3,BAL,86,2023,ACT,"https://static.www.nfl.com/image/upload/f_auto,q_auto/league/hoi5uajg40os0xa1odi9",4430831
Trey Hendrickson,BAL,LB,91,Florida Atlantic,Florida Atlantic,6-4,265,9,31.8,NO,103,2017,INA,"https://static.www.nfl.com/image/upload/f_auto,q_auto/league/ck1pofe4hwbbowzhb8uh",3052743
Ty Pezza,BAL,WR,84,Brown,Brown,6-3,240,0,24.1,,,2026,DEV,,
Tyler Huntley,BAL,QB,5,Utah,Utah,6-1,205,6,28.7,,,2020,ACT,"https://static.www.nfl.com/image/upload/f_auto,q_auto/league/fxyjf9d5qkwqjdd8ypvv",4035671
Tyler Loop,BAL,K,33,Arizona,Arizona,5-11,190,1,25.2,BAL,186,2025,ACT,"https://static.www.nfl.com/image/upload/f_auto,q_auto/league/kbwixtntqevptepedhll",4697745
Xavier Guillory,BAL,WR,16,Arizona State,Arizona State; Idaho State,6-2,210,1,25.2,,,2025,DEV,"https://static.www.nfl.com/image/upload/f_auto,q_auto/league/p9cbbzkdpk6nrhamjntb",
Zay Flowers,BAL,WR,4,Boston College,Boston College,5-9,183,3,26.1,BAL,22,2023,ACT,"https://static.www.nfl.com/image/upload/f_auto,q_auto/league/xzhto2dejy2pflkfx40c",4429615
Zion Young,BAL,LB,9,Missouri,Missouri; Michigan State,6-5,267,0,22.6,BAL,45,2026,ACT,"https://static.www.nfl.com/image/upload/f_auto,q_auto/league/hnutmew9xs7czug8ujne",4839501
Alec Anderson,BUF,OL,70,UCLA,UCLA,6-5,305,4,27.0,,,2022,ACT,"https://static.www.nfl.com/image/upload/f_auto,q_auto/league/frlusanzfnfuvcgjc05a",
Anthony Kendall,BUF,DB,30,Baldwin Wallace College,Baldwin Wallace College,5-10,188,3,26.8,,,2023,DEV,"https://static.www.nfl.com/image/upload/f_auto,q_auto/league/kgha3oguelser2rcl2lp",5143279
Ar'maj Reed-Adams,BUF,OL,60,Texas A&M,Texas A&M; Kansas,6-5,314,0,24.9,BUF,241,2026,INA,"https://static.www.nfl.com/image/upload/f_auto,q_auto/league/s2uqywfqwqqe9ubdml5w",
Austin Corbett,BUF,OL,63,Nevada,Nevada,6-4,305,8,31.1,CLE,33,2018,ACT,"https://static.www.nfl.com/image/upload/f_auto,q_auto/league/usrnmbnd0hqmoaw4rxki",
Austin Johnson,BUF,DL,93,Penn State,Penn State,6-4,314,10,32.4,TEN,43,2016,DEV,"https://static.www.nfl.com/image/upload/f_auto,q_auto/league/wmwnpt1s8wxxztkkqd0z",2979591
Bradley Chubb,BUF,LB,9,N.C. State,N.C. State,6-4,268,8,30.3,DEN,5,2018,ACT,"https://static.www.nfl.com/image/upload/f_auto,q_auto/league/k65yb752vk1uq7sweetl",3116733
Brock Lampe,BUF,RB,45,Northern Illinois,Northern Illinois,6-1,252,1,23.5,,,2025,DEV,"https://static.www.nfl.com/image/upload/f_auto,q_auto/league/qjprz2xsfvwi0zqrpyh1",
C.J. Gardner-Johnson,BUF,DB,22,Florida,Florida,5-11,208,7,28.8,NO,105,2019,ACT,"https://static.www.nfl.com/image/upload/f_auto,q_auto/league/pvzkbh5j3zlna7pkywx6",4034953
Chase Lundt,BUF,OL,77,Connecticut,Connecticut,6-7,305,1,26.3,BUF,206,2025,DEV,"https://static.www.nfl.com/image/upload/f_auto,q_auto/league/hqknakwjpyhsqecrcl1c",
Christian Benford,BUF,DB,47,Villanova,Villanova,6-1,205,4,26.0,BUF,185,2022,INA,"https://static.www.nfl.com/image/upload/f_auto,q_auto/league/kxucquiz77lhp8rn1nni",4379778
Cole Bishop,BUF,DB,24,Utah,Utah,6-2,207,2,24.0,BUF,60,2024,ACT,"https://static.www.nfl.com/image/upload/f_auto,q_auto/league/kjvkuqb6ghv0ydbsoows",4676004
Connor McGovern,BUF,OL,66,Penn State,Penn State,6-6,318,7,28.9,DAL,90,2019,ACT,"https://static.www.nfl.com/image/upload/f_auto,q_auto/league/xftajwhzgoys4s0lcfg3",
DJ Moore,BUF,WR,2,Maryland,Maryland,6-0,215,8,29.5,CAR,24,2018,ACT,"https://static.www.nfl.com/image/upload/f_auto,q_auto/league/lsavpxtqoqu25emwcnvy",3915416
Dalton Kincaid,BUF,TE,86,Utah,Utah; Univ of California-San Diego,6-3,246,3,27.0,BUF,25,2023,ACT,"https://static.www.nfl.com/image/upload/f_auto,q_auto/league/z7k857flehljboaixj8m",4385690
Damar Hamlin,BUF,DB,3,Pittsburgh,Pittsburgh,6-0,200,5,28.5,BUF,212,2021,ACT,"https://static.www.nfl.com/image/upload/f_auto,q_auto/league/k7mdv3garedeitxksnya",4036060
Davison Igbinosun,BUF,DB,21,Ohio State,Ohio State; Mississippi,6-2,189,0,22.5,BUF,62,2026,ACT,"https://static.www.nfl.com/image/upload/f_auto,q_auto/league/jb0yvudwlaooyiemyxh8",4832035
Dawson Knox,BUF,TE,88,Mississippi,Mississippi,6-4,254,7,29.9,BUF,96,2019,ACT,"https://static.www.nfl.com/image/upload/f_auto,q_auto/league/k8bi9ppahwfmoxs8ij4w",3930086
DeWayne Carter,BUF,DL,90,Duke,Duke,6-2,305,2,25.8,BUF,95,2024,ACT,"https://static.www.nfl.com/image/upload/f_auto,q_auto/league/somthlvcx5v20nqmu85n",4426883
Dee Alford,BUF,DB,23,Tusculum College,Tusculum College,5-11,180,6,28.9,,,2020,ACT,"https://static.www.nfl.com/image/upload/f_auto,q_auto/league/mgi0d5fd1huslr3kfqg1",4401823
Deone Walker,BUF,DL,96,Kentucky,Kentucky,6-7,331,1,22.6,BUF,109,2025,ACT,"https://static.www.nfl.com/image/upload/f_auto,q_auto/league/cn80cdlc2ilvqpsqgx7h",4831989
Dion Dawkins,BUF,OL,73,Temple,Temple,6-5,320,9,32.5,BUF,63,2017,ACT,"https://static.www.nfl.com/image/upload/f_auto,q_auto/league/je2zvakc2v5jrahxtq05",
Dorian Strong,BUF,DB,43,Virginia Tech,Virginia Tech,6-0,185,1,24.6,BUF,177,2025,RES,"https://static.www.nfl.com/image/upload/f_auto,q_auto/league/alxdcy6excheslkfjcfk",4568703
Dorian Williams,BUF,LB,42,Tulane,Tulane,6-1,230,3,25.3,BUF,91,2023,ACT,"https://static.www.nfl.com/image/upload/f_auto,q_auto/league/fsslbcbp87yehsofpwg1",4568624
Ed Oliver,BUF,DL,91,Houston,Houston,6-1,287,7,28.8,BUF,9,2019,ACT,"https://static.www.nfl.com/image/upload/f_auto,q_auto/league/wqmheiax6xnk7pvcdzav",4039303
Frank Gore Jr.,BUF,RB,20,Southern Mississippi,Southern Mississippi,5-8,200,2,24.6,,,2024,DEV,"https://static.www.nfl.com/image/upload/f_auto,q_auto/league/qzf7faowlqoh5nengpq5",4429805
Geno Stone,BUF,DB,25,Iowa,Iowa,5-11,210,6,27.5,BAL,219,2020,DEV,"https://static.www.nfl.com/image/upload/f_auto,q_auto/league/sgf49brnj161yst22imt",4240575
Greg Dortch,BUF,WR,19,Wake Forest,Wake Forest,5-7,173,7,28.4,,,2019,ACT,"https://static.www.nfl.com/image/upload/f_auto,q_auto/league/pylafoddjiqh4rhjlhpf",4037235
Greg Gaines,BUF,DL,97,Washington,Washington,6-1,312,7,30.4,LAR,134,2019,ACT,"https://static.www.nfl.com/image/upload/f_auto,q_auto/league/zo3aqstf8ng4tju17tid",3127294
Greg Rousseau,BUF,LB,15,Miami,Miami,6-6,266,5,26.5,BUF,30,2021,ACT,"https://static.www.nfl.com/image/upload/f_auto,q_auto/league/bezzackpgrvijtqh6hta",4362506
Ja'Mori Maclin,BUF,WR,84,Kentucky,Kentucky; North Texas; Missouri,5-11,183,0,25.0,,,2026,DEV,"https://static.www.nfl.com/image/upload/f_auto,q_auto/league/pzy27lpwlernu820cyfd",4430270
Jackson Hawes,BUF,TE,85,Georgia Tech,Georgia Tech; Yale,6-4,253,1,25.8,BUF,173,2025,ACT,"https://static.www.nfl.com/image/upload/f_auto,q_auto/league/gl3easmpg7rn6e5siya2",4573699
Jalon Kilgore,BUF,DB,29,South Carolina,South Carolina,6-1,210,0,21.7,BUF,167,2026,INA,"https://static.www.nfl.com/image/upload/f_auto,q_auto/league/viakfc7gsrfvu7mxhox6",5076951
James Cook,BUF,RB,4,Georgia,Georgia,5-11,190,4,27.0,BUF,63,2022,ACT,"https://static.www.nfl.com/image/upload/f_auto,q_auto/league/anjbznqb9i21wzcgrtbs",4379399
Javon Solomon,BUF,LB,56,Troy,Troy,6-1,249,2,25.7,BUF,168,2024,ACT,"https://static.www.nfl.com/image/upload/f_auto,q_auto/league/sjftmvhxpsr0zvtqywnt",4428548
Jedrick Wills,BUF,OL,71,Alabama,Alabama,6-4,312,6,27.4,CLE,10,2020,DEV,"https://static.www.nfl.com/image/private/f_auto,q_auto/league/yb2yk8uqsoakf8yyrlf9",
Joe Andreessen,BUF,LB,44,Buffalo,Buffalo,6-1,240,2,26.7,,,2024,ACT,"https://static.www.nfl.com/image/upload/f_auto,q_auto/league/cj03pufi2spczomlja71",4366349
Jordan Hancock,BUF,DB,37,Ohio State,Ohio State,6-1,195,1,23.2,BUF,170,2025,RES,"https://static.www.nfl.com/image/upload/f_auto,q_auto/league/ursfrg83sovz52fo6oeh",4596480
Josh Allen,BUF,QB,17,Wyoming,Wyoming; Reedley,6-5,237,8,30.4,BUF,7,2018,ACT,"https://static.www.nfl.com/image/upload/f_auto,q_auto/league/mjwbioajzldkq1vzoz2d",3918298
Josh Palmer,BUF,WR,5,Tennessee,Tennessee,6-1,210,5,27.0,LAC,77,2021,ACT,"https://static.www.nfl.com/image/upload/f_auto,q_auto/league/woswdfrtxnsfgzsjvsxx",4242433
Jude Bowry,BUF,OL,74,Boston College,Boston College,6-5,314,0,23.1,BUF,102,2026,INA,"https://static.www.nfl.com/image/upload/f_auto,q_auto/league/xxt4s3hr2srnm4geikpp",
Kaleb Elarms-Orr,BUF,LB,52,TCU,TCU; California,6-2,234,0,23.1,BUF,126,2026,ACT,"https://static.www.nfl.com/image/upload/f_auto,q_auto/league/uagxpthu9yavvnupay9y",4594321
Kani Walker,BUF,DB,41,Arkansas,Arkansas; Oklahoma; Louisville,6-2,204,0,23.6,,,2026,ACT,"https://static.www.nfl.com/image/upload/f_auto,q_auto/league/ygzyjhm5detd5jmkogv2",
Keleki Latu,BUF,TE,83,Washington,Washington; Nevada,6-6,249,1,24.2,,,2025,ACT,"https://static.www.nfl.com/image/upload/f_auto,q_auto/league/vebjjfyrrrbwaqjlyvun",4688552
Keon Coleman,BUF,WR,0,Florida State,Florida State; Michigan State,6-3,215,2,23.4,BUF,33,2024,ACT,"https://static.www.nfl.com/image/upload/f_auto,q_auto/league/cm7g87waetksjouyjgvg",4635008
Keonta Jenkins,BUF,LB,49,Virginia Tech,Virginia Tech,6-2,225,1,24.7,,,2025,DEV,"https://static.www.nfl.com/image/upload/f_auto,q_auto/league/ss0czp5cbgns7jmngkpf",4577066
Khalil Shakir,BUF,WR,10,Boise State,Boise State,6-0,190,4,26.7,BUF,148,2022,ACT,"https://static.www.nfl.com/image/upload/f_auto,q_auto/league/syvp3hficobwcsim3i9v",4373678
Kyle Allen,BUF,QB,11,Houston,Houston; Texas A&M,6-3,211,8,30.6,,,2018,ACT,"https://static.www.nfl.com/image/upload/f_auto,q_auto/league/s3vbqdcoc6oc6yh460v9",3115293
Landon Jackson,BUF,DL,94,Arkansas,Arkansas; LSU,6-6,264,1,23.8,BUF,72,2025,ACT,"https://static.www.nfl.com/image/upload/f_auto,q_auto/league/q388glnv5me6fniielsz",4432715
Lloyd Cushenberry III,BUF,OL,53,LSU,LSU,6-4,315,6,28.9,DEN,83,2020,ACT,"https://static.www.nfl.com/image/upload/f_auto,q_auto/league/hjpczqlfnmsx0s3ii4bj",
Maxwell Hairston,BUF,DB,1,Kentucky,Kentucky,5-11,192,1,23.2,BUF,30,2025,ACT,"https://static.www.nfl.com/image/upload/f_auto,q_auto/league/we3enqymnmzrfabz8srg",4688931
Michael Danna,BUF,LB,51,Michigan,Michigan,6-2,255,6,28.8,KC,177,2020,INA,"https://static.www.nfl.com/image/upload/f_auto,q_auto/league/brbpgu0xj2w0egcy5pid",3915487
Michael Hoecht,BUF,LB,55,Brown,Brown,6-4,267,6,29.0,,,2020,ACT,"https://static.www.nfl.com/image/upload/f_auto,q_auto/league/jc7u6udenysloew1b4sx",4033234
O'Cyrus Torrence,BUF,OL,64,Florida,Florida; Louisiana-Lafayette,6-5,330,3,26.7,BUF,59,2023,ACT,"https://static.www.nfl.com/image/upload/f_auto,q_auto/league/bkbuobkm9dwoyprlaasp",
Phidarian Mathis,BUF,DL,72,Alabama,Alabama,6-4,312,4,28.5,WAS,47,2022,DEV,"https://static.www.nfl.com/image/upload/f_auto,q_auto/league/dtyx342zos6eqmy7tpfe",4241468
Ray Davis,BUF,RB,7,Kentucky,Kentucky; Vanderbilt; Temple,5-8,211,2,26.9,BUF,128,2024,ACT,"https://static.www.nfl.com/image/upload/f_auto,q_auto/league/xibwzhrl6q5xkgh3utug",4429501
Reid Ferguson,BUF,LS,69,LSU,LSU,6-2,235,10,32.5,,,2016,ACT,"https://static.www.nfl.com/image/upload/f_auto,q_auto/league/oxhx0mgsaax31qsyjwiv",
Sam Franklin Jr.,BUF,DB,28,Temple,Temple,6-3,210,6,30.7,,,2020,ACT,"https://static.www.nfl.com/image/upload/f_auto,q_auto/league/djoisg0rjwm8t8dlskvn",4044133
Shane Buechele,BUF,QB,6,SMU,SMU,6-0,210,5,28.7,,,2021,DEV,"https://static.www.nfl.com/image/upload/f_auto,q_auto/league/kmbuzxucmmytpuoy8yfc",4039034
Shaq Thompson,BUF,LB,54,Washington,Washington,6-0,230,11,32.5,CAR,25,2015,DEV,"https://static.www.nfl.com/image/upload/f_auto,q_auto/league/rk9qairtsyrzdoznvmen",2978313
Skyler Bell,BUF,WR,13,Connecticut,Connecticut; Wisconsin,5-11,192,0,24.3,BUF,125,2026,INA,"https://static.www.nfl.com/image/upload/f_auto,q_auto/league/oac3geuuhazbznztufzk",4683153
Spencer Brown,BUF,OL,79,Northern Iowa,Northern Iowa,6-8,311,5,28.6,BUF,93,2021,ACT,"https://static.www.nfl.com/image/upload/f_auto,q_auto/league/q2lsfuxunzzgso9rtldu",
Stephen Gosnell,BUF,WR,89,Virginia Tech,Virginia Tech; North Carolina,6-1,198,1,25.0,,,2025,DEV,"https://static.www.nfl.com/image/upload/f_auto,q_auto/league/csh3lsy1zg3c5z2o5evs",
T.J. Sanders,BUF,DL,98,South Carolina,South Carolina,6-4,297,1,23.2,BUF,41,2025,INA,"https://static.www.nfl.com/image/upload/f_auto,q_auto/league/wxkk01nfridtywdbl86z",4684527
TJ Parker,BUF,LB,99,Clemson,Clemson,6-3,263,0,22.1,BUF,35,2026,ACT,"https://static.www.nfl.com/image/upload/f_auto,q_auto/league/oayz0zuvip1soobdidga",4870886
Te'Cory Couch,BUF,DB,33,Miami,Miami,5-10,185,2,27.1,,,2024,ACT,"https://static.www.nfl.com/image/upload/f_auto,q_auto/league/vzh2dirtk77zm4vig1lx",4427348
Terrel Bernard,BUF,LB,8,Baylor,Baylor,6-1,222,4,27.4,BUF,89,2022,ACT,"https://static.www.nfl.com/image/upload/f_auto,q_auto/league/rhs6gmpfig52ziimyzls",4259166
Tommy Doman Jr.,BUF,P,39,Florida,Florida; Michigan,6-4,214,0,24.1,BUF,239,2026,ACT,"https://static.www.nfl.com/image/upload/f_auto,q_auto/league/kqtedpbw8nmmvnp5vomj",4682758
Travis Clayton,BUF,DL,67,,,6-7,301,2,25.6,BUF,221,2024,DEV,"https://static.www.nfl.com/image/upload/f_auto,q_auto/league/kq4lpqi59mjywh5mfmwo",
Trent Sherfield,BUF,WR,18,Vanderbilt,Vanderbilt,6-0,203,8,30.6,,,2018,DEV,"https://static.www.nfl.com/image/upload/f_auto,q_auto/league/iiig88xbj5zeau59ifvv",3122168
Ty Johnson,BUF,RB,26,Maryland,Maryland,5-10,210,7,29.1,DET,186,2019,ACT,"https://static.www.nfl.com/image/upload/f_auto,q_auto/league/zruhihypizhtgpvsaj3c",3915411
Tylan Grable,BUF,OL,68,UCF,UCF; Jacksonville State,6-5,313,2,27.0,BUF,204,2024,ACT,"https://static.www.nfl.com/image/upload/f_auto,q_auto/league/t5xdmbxo9c5juinczvdb",
Tyler Bass,BUF,K,16,Georgia Southern,Georgia Southern,5-10,185,6,29.6,BUF,188,2020,ACT,"https://static.www.nfl.com/image/upload/f_auto,q_auto/league/rwidgp7jp8vxhssi7und",3917232
Tyrell Shavers,BUF,WR,14,San Diego State,San Diego State; Mississippi State; Alabama,6-4,210,3,27.1,,,2023,RES,"https://static.www.nfl.com/image/upload/f_auto,q_auto/league/r9nabownt8mbqlj730su",4241476
Zane Durant,BUF,DL,92,Penn State,Penn State,6-1,290,0,22.4,BUF,181,2026,RES,"https://static.www.nfl.com/image/upload/f_auto,q_auto/league/nsnvwr7nu8pvfgneooy6",4685347
AJ Dillon,CAR,RB,28,Boston College,Boston College,6-0,250,6,28.4,GB,62,2020,ACT,"https://static.www.nfl.com/image/upload/f_auto,q_auto/league/imxxt8yrbrxptoxr1hw5",4239934
Aaron Hall,CAR,DL,94,Duke,Duke,6-4,300,0,23.5,,,2026,ACT,"https://static.www.nfl.com/image/upload/f_auto,q_auto/league/bq76gtte5drlejyfnjnn",4602967
Ahmani Marshall,CAR,RB,37,Appalachian State,Appalachian State; Wake Forest,6-1,225,1,24.6,,,2025,DEV,"https://static.www.nfl.com/image/upload/f_auto,q_auto/league/rmzxp0obmznym5hv5ndh",4432374
Akayleb Evans,CAR,DB,29,Missouri,Missouri,6-2,205,4,27.3,MIN,118,2022,ACT,"https://static.www.nfl.com/image/upload/f_auto,q_auto/league/nhqsqcicvneknjeivzrd",4244607
Albert Reese,CAR,OL,76,Mississippi State,Mississippi State,6-7,325,0,24.2,,,2026,INA,"https://static.www.nfl.com/image/upload/f_auto,q_auto/league/zb27al135smoctturd2b",
Anthony Goodlow,CAR,DL,96,Oklahoma State,Oklahoma State,6-5,300,2,26.2,,,2024,DEV,"https://static.www.nfl.com/image/upload/f_auto,q_auto/league/nyluqyk0urg2bdfsajdk",4372378
Anthony Tyus III,CAR,RB,34,Ohio,Ohio,6-1,222,1,23.6,,,2025,ACT,"https://static.www.nfl.com/image/upload/f_auto,q_auto/league/ycph0v6jfxwkcycuztk0",4709392
Bam Martin-Scott,CAR,LB,54,South Carolina,South Carolina; Dodge City CC,6-2,235,1,26.3,,,2025,RES,"https://static.www.nfl.com/image/upload/f_auto,q_auto/league/fvfw5drjy4cxaotvve69",4880613
Bobby Brown III,CAR,DL,97,Texas A&M,Texas A&M,6-4,330,5,26.2,LAR,117,2021,ACT,"https://static.www.nfl.com/image/upload/f_auto,q_auto/league/f3fspidlfqws3asws3gw",4372518
Bobby Okereke,CAR,LB,58,Stanford,Stanford,6-1,234,7,30.2,IND,89,2019,ACT,"https://static.www.nfl.com/image/upload/f_auto,q_auto/league/q5gc9nwmikqcyza7m3ku",3117253
Brady Christensen,CAR,OL,70,BYU,BYU,6-6,297,5,30.0,CAR,70,2021,RES,"https://static.www.nfl.com/image/upload/f_auto,q_auto/league/pbj2pkbe5cwtomutayd1",
Bryce Young,CAR,QB,9,Alabama,Alabama,5-10,204,3,25.2,CAR,1,2023,ACT,"https://static.www.nfl.com/image/upload/f_auto,q_auto/league/vcvhmxvxw2a3armle0af",4685720
Brycen Tremayne,CAR,WR,87,Stanford,Stanford,6-4,212,3,26.9,,,2023,ACT,"https://static.www.nfl.com/image/upload/f_auto,q_auto/league/isc094ihkf69vzrlkiql",4360763
Cam Gill,CAR,LB,49,Wagner,Wagner,6-3,240,6,28.8,,,2020,DEV,"https://static.www.nfl.com/image/upload/f_auto,q_auto/league/wxadtc7jcfyso4qdbeni",4034496
Cam Jackson,CAR,DL,99,Florida,Florida; Memphis,6-6,340,1,24.2,CAR,140,2025,ACT,"https://static.www.nfl.com/image/upload/f_auto,q_auto/league/qqviwensjskqpgt7fufm",4687513
Casey Washington,CAR,WR,85,Illinois,Illinois,6-0,205,2,25.6,ATL,187,2024,DEV,"https://static.www.nfl.com/image/upload/f_auto,q_auto/league/wkoysykj4htld4yajljn",4428796
Chandler Zavala,CAR,OL,62,N.C. State,N.C. State; Fairmont State,6-5,330,3,27.5,CAR,114,2023,CUT,"https://static.www.nfl.com/image/upload/f_auto,q_auto/league/h1jwlle0qeo7mtax2pc9",
Chau Smith-Wade,CAR,DB,26,Washington State,Washington State,5-11,192,2,24.1,CAR,157,2024,ACT,"https://static.www.nfl.com/image/upload/f_auto,q_auto/league/hkbpogql05pnyegi6itv",4697636
Chris Brazzell II,CAR,WR,19,Tennessee,Tennessee; Tulane,6-4,198,0,23.0,CAR,83,2026,RES,"https://static.www.nfl.com/image/upload/f_auto,q_auto/league/jdmycletwhknhs9oth1f",5091739
Chuba Hubbard,CAR,RB,30,Oklahoma State,Oklahoma State,6-1,216,5,27.3,CAR,126,2021,ACT,"https://static.www.nfl.com/image/upload/f_auto,q_auto/league/rzsvnt0pxsaize2ndhxm",4241416
Claudin Cherelus,CAR,LB,53,Alcorn State,Alcorn State; UMass Amherst,6-2,237,3,27.7,,,2023,CUT,"https://static.www.nfl.com/image/upload/f_auto,q_auto/league/nrqd1waoajdyblwerius",4256224
Corey Bullock,CAR,OL,67,Maryland,Maryland; North Carolina Central,6-3,325,2,24.8,,,2024,ACT,"https://static.www.nfl.com/image/upload/f_auto,q_auto/league/mzkd2grjzcncllrhaacw",
Corey Thornton,CAR,DB,31,Louisville,Louisville,6-1,204,1,25.7,,,2025,DEV,"https://static.www.nfl.com/image/upload/f_auto,q_auto/league/fqf0gc9owhcrxgua2kbr",4431426
Damien Lewis,CAR,OL,68,LSU,LSU; Northwest Mississippi CC,6-2,335,6,29.5,SEA,69,2020,INA,"https://static.www.nfl.com/image/upload/f_auto,q_auto/league/gx5fgyuvhn06yvcg343w",
Darren Waller,CAR,TE,88,Georgia Tech,Georgia Tech,6-6,238,11,34.1,BAL,204,2015,ACT,"https://static.www.nfl.com/image/upload/f_auto,q_auto/league/loyehiyzcu2lexjk7plq",2576925
David Moore,CAR,WR,83,East Central,East Central,6-0,220,9,31.7,SEA,226,2017,ACT,"https://static.www.nfl.com/image/upload/f_auto,q_auto/league/iyawzolvibsds35fwapv",4212909
Derrick Brown,CAR,DL,95,Auburn,Auburn,6-5,330,6,28.5,CAR,7,2020,ACT,"https://static.www.nfl.com/image/upload/f_auto,q_auto/league/xgaxvkpcxh41dyttf3sb",4035495
Devin Lloyd,CAR,LB,55,Utah,Utah,6-3,243,4,28.0,JAX,27,2022,ACT,"https://static.www.nfl.com/image/upload/f_auto,q_auto/league/hbva85h6axjaiiiiwjfv",4243256
Devonta Smith,CAR,DB,43,Notre Dame,Notre Dame; Alabama,5-11,195,0,23.8,,,2026,DEV,"https://static.www.nfl.com/image/upload/f_auto,q_auto/league/rmc5wkyad0gu4gxtvzzy",
Feleipe Franks,CAR,TE,81,Arkansas,Arkansas,6-6,252,5,28.8,,,2021,ACT,"https://static.www.nfl.com/image/upload/f_auto,q_auto/league/nbn1wxlh6los4y2am3ro",4034948
Haynes King,CAR,QB,16,Georgia Tech,Georgia Tech; Texas A&M,6-2,212,0,25.7,,,2026,INA,"https://static.www.nfl.com/image/upload/f_auto,q_auto/league/qcloyq4ahyh0hfzo6i0i",4428993
Ihmir Smith-Marsette,CAR,WR,15,Iowa,Iowa,6-1,200,5,27.1,MIN,157,2021,DEV,"https://static.www.nfl.com/image/upload/f_auto,q_auto/league/mnfsun286mv5azpa8zaw",4240573
Ikem Ekwonu,CAR,OL,79,N.C. State,N.C. State,6-4,335,4,25.9,CAR,6,2022,RES,"https://static.www.nfl.com/image/upload/f_auto,q_auto/league/mpfy7ivhwvry6pjezemw",
Isaia Glass,CAR,OL,60,Vanderbilt,Vanderbilt,6-4,311,0,23.5,,,2026,DEV,"https://static.www.nfl.com/image/upload/f_auto,q_auto/league/ydmxfwrctgc3wzrmi4rv",
Isaiah Simmons,CAR,DB,27,Clemson,Clemson,6-4,232,6,28.2,AZ,8,2020,ACT,"https://static.www.nfl.com/image/upload/f_auto,q_auto/league/mf9tbatcc933o8rzfuy5",4035462
J.J. Jansen,CAR,LS,44,Notre Dame,Notre Dame,6-2,245,18,40.7,,,2008,ACT,"https://static.www.nfl.com/image/upload/f_auto,q_auto/league/vmbidsuvur7zfmpt9xak",
Ja'Seem Reed,CAR,WR,86,San Diego,San Diego,6-2,195,1,23.6,,,2025,ACT,"https://static.www.nfl.com/image/upload/f_auto,q_auto/league/uh29rkmiggnca0qq7vil",4876995
Ja'Tavion Sanders,CAR,TE,0,Texas,Texas,6-4,243,2,23.5,CAR,101,2024,INA,"https://static.www.nfl.com/image/upload/f_auto,q_auto/league/le2akm1cbou170ioctxl",4431588
Jackson Kuwatch,CAR,LB,46,Miami (Ohio),Miami (Ohio); Ohio State,6-4,232,0,23.4,CAR,227,2026,ACT,"https://static.www.nfl.com/image/upload/f_auto,q_auto/league/ssizhdf9pbw2zxp3egcj",4875592
Jaelan Phillips,CAR,LB,5,Miami,Miami,6-5,266,5,27.4,MIA,18,2021,ACT,"https://static.www.nfl.com/image/upload/f_auto,q_auto/league/mgufa4byoe8onfjsuiq1",4242975
Jake Curhan,CAR,OL,74,California,California,6-6,325,5,28.7,,,2021,DEV,"https://static.www.nfl.com/image/upload/f_auto,q_auto/league/sfcyxgyi8qkzafuqwbnl",
Jalen Coker,CAR,WR,18,Holy Cross,Holy Cross,6-3,213,2,24.9,,,2024,INA,"https://static.www.nfl.com/image/upload/f_auto,q_auto/league/yynz8rxen6tsvhojggiv",4695883
Jaycee Horn,CAR,DB,8,South Carolina,South Carolina,6-1,212,5,26.9,CAR,8,2021,RES,"https://static.www.nfl.com/image/upload/f_auto,q_auto/league/fmqur86wgh5craixy3yd",4362847
Jeremiah Moon,CAR,LB,56,Florida,Florida,6-5,245,4,28.1,,,2022,DEV,"https://static.www.nfl.com/image/upload/f_auto,q_auto/league/x2he3hockgnqfmxlxctw",4034959
John Metchie III,CAR,WR,13,Alabama,Alabama,5-11,204,4,26.2,HOU,44,2022,ACT,"https://static.www.nfl.com/image/upload/f_auto,q_auto/league/nsjpnskeldxzbzckpfgg",4567096
Jonathon Brooks,CAR,RB,25,Texas,Texas,6-0,216,2,23.2,CAR,46,2024,RES,"https://static.www.nfl.com/image/upload/f_auto,q_auto/league/txl39rwjrs2fkm1shtxh",4678008
Kenny Pickett,CAR,QB,12,Pittsburgh,Pittsburgh,6-3,220,4,28.3,PIT,20,2022,ACT,"https://static.www.nfl.com/image/upload/f_auto,q_auto/league/gw6lyiuevyuspfkglnmj",4240703
LaBryan Ray,CAR,DL,93,Alabama,Alabama,6-4,292,4,28.8,,,2022,RET,"https://static.www.nfl.com/image/upload/f_auto,q_auto/league/hvculodfnj1jv595t4xw",4241473
Lathan Ransom,CAR,DB,22,Ohio State,Ohio State,6-0,202,1,24.2,CAR,122,2025,ACT,"https://static.www.nfl.com/image/upload/f_auto,q_auto/league/gg0ztjfsso4y7yx4fxfb",4429110
Lee Hunter,CAR,DL,92,Texas Tech,Texas Tech; UCF; Auburn,6-3,318,0,24.3,CAR,49,2026,ACT,"https://static.www.nfl.com/image/upload/f_auto,q_auto/league/h3dk22cisv0hv6dpvd6a",4431551
Luke Fortner,CAR,OL,77,Kentucky,Kentucky,6-6,305,4,28.4,JAX,65,2022,ACT,"https://static.www.nfl.com/image/upload/f_auto,q_auto/league/lir08woankvv1ri6vpdr",
Maema Njongmeta,CAR,LB,45,Wisconsin,Wisconsin,6-0,240,2,25.6,,,2024,DEV,"https://static.www.nfl.com/image/upload/f_auto,q_auto/league/xilgtxzojnxouajl01uc",4428125
Mapalo Mwansa,CAR,LB,42,,,6-3,234,1,22.5,,,2025,DEV,"https://static.www.nfl.com/image/upload/f_auto,q_auto/league/pygjjbgebf2mezvwopa5",
Mike Jackson,CAR,DB,2,Miami,Miami,6-1,210,7,29.7,DAL,158,2019,RES,"https://static.www.nfl.com/image/upload/f_auto,q_auto/league/ohcl41cpchr9fjoktlj6",3917853
Mitchell Evans,CAR,TE,84,Notre Dame,Notre Dame,6-5,265,1,23.4,CAR,163,2025,ACT,"https://static.www.nfl.com/image/upload/f_auto,q_auto/league/yruhsxdnyfaa7iswn1dp",4683243
Monroe Freeling,CAR,OL,57,Georgia,Georgia,6-7,323,0,22.2,CAR,19,2026,ACT,"https://static.www.nfl.com/image/upload/f_auto,q_auto/league/ljukgocjxwgzy7pdf6rv",
Nic Scourton,CAR,LB,11,Texas A&M,Texas A&M; Purdue,6-2,265,1,22.1,CAR,51,2025,RES,"https://static.www.nfl.com/image/upload/f_auto,q_auto/league/urx4ncr2up987hovqjlr",4833355
Nick Scott,CAR,DB,21,Penn State,Penn State,5-11,200,7,31.4,LAR,243,2019,ACT,"https://static.www.nfl.com/image/upload/f_auto,q_auto/league/rxmve4vvejz6looxumrw",3116179
Parker Petersen,CAR,DL,69,Wisconsin,Wisconsin; Tulane,6-4,309,0,23.7,,,2026,DEV,"https://static.www.nfl.com/image/upload/f_auto,q_auto/league/cwfe0yumsk0ydn3b6bq8",
Patrick Jones II,CAR,LB,91,Pittsburgh,Pittsburgh,6-4,260,5,28.0,MIN,90,2021,ACT,"https://static.www.nfl.com/image/upload/f_auto,q_auto/league/yj0r18rgx7oishozdalv",4036063
Princely Umanmielen,CAR,LB,3,Mississippi,Mississippi; Florida,6-4,255,1,24.5,CAR,77,2025,ACT,"https://static.www.nfl.com/image/upload/f_auto,q_auto/league/rqdqyoypjti8cg2weguu",4429166
Rasheed Walker,CAR,OL,63,Penn State,Penn State,6-6,325,4,26.7,GB,249,2022,ACT,"https://static.www.nfl.com/image/upload/f_auto,q_auto/league/w2jnttphyffiuxov70o3",
Robert Hunt,CAR,OL,50,Louisiana-Lafayette,Louisiana-Lafayette,6-6,335,6,30.1,MIA,39,2020,ACT,"https://static.www.nfl.com/image/upload/f_auto,q_auto/league/ra3z68izmkp21mgbr6a2",
Robert Rochell,CAR,DB,38,Central Arkansas,Central Arkansas,6-0,195,5,28.5,LAR,130,2021,ACT,"https://static.www.nfl.com/image/upload/f_auto,q_auto/league/toslxinwiwnk7etw4tkx",4032200
Ryan Fitzgerald,CAR,K,10,Florida State,Florida State,5-11,201,1,26.2,,,2025,ACT,"https://static.www.nfl.com/image/upload/f_auto,q_auto/league/giy8qnq6njxzwtqvqdsm",4568263
Saahdiq Charles,CAR,OL,78,LSU,LSU,6-4,295,6,27.2,WAS,108,2020,DEV,"https://static.www.nfl.com/image/upload/f_auto,q_auto/league/kmnjuputspegeagsubre",
Sam Hecht,CAR,OL,75,Kansas State,Kansas State,6-4,303,0,23.5,CAR,144,2026,ACT,"https://static.www.nfl.com/image/upload/f_auto,q_auto/league/a5xw6zbvi2yy5mh4hgcg",
Sam Martin,CAR,P,6,Appalachian State,Appalachian State,6-1,205,13,36.6,DET,165,2013,ACT,"https://static.www.nfl.com/image/upload/f_auto,q_auto/league/edhegnq9rbphynrogxzh",15928
Stone Forsythe,CAR,OL,73,Florida,Florida,6-8,315,5,28.8,SEA,208,2021,ACT,"https://static.www.nfl.com/image/upload/f_auto,q_auto/league/gsok8muncvvgwztjewhn",
Taylor Moton,CAR,OL,72,Western Michigan,Western Michigan,6-5,316,9,32.2,CAR,64,2017,RES,"https://static.www.nfl.com/image/upload/f_auto,q_auto/league/cstvf3qy5mqwd9nxa1sz",
TeRah Edwards,CAR,DL,93,Illinois,Illinois; Northwestern,6-2,305,1,25.3,,,2025,ACT,"https://static.www.nfl.com/image/upload/f_auto,q_auto/league/kmlrbebwbksnogrboyo0",4431077
Tershawn Wharton,CAR,DL,98,Missouri-Rolla,Missouri-Rolla,6-1,295,6,28.3,,,2020,RES,"https://static.www.nfl.com/image/upload/f_auto,q_auto/league/mj9xqaj2jvv5unjgxomd",4058925
Tetairoa McMillan,CAR,WR,4,Arizona,Arizona,6-5,220,1,23.5,CAR,8,2025,ACT,"https://static.www.nfl.com/image/upload/f_auto,q_auto/league/gilgvjemumd6kpc9eiku",4685472
Thomas Incoom,CAR,LB,48,Central Michigan,Central Michigan; Valdosta State,6-2,248,3,27.7,,,2023,ACT,"https://static.www.nfl.com/image/upload/f_auto,q_auto/league/rcrh2zr9mxex16czv1eo",4714157
Tommy Tremble,CAR,TE,82,Notre Dame,Notre Dame,6-4,248,5,26.3,CAR,83,2021,ACT,"https://static.www.nfl.com/image/upload/f_auto,q_auto/league/t7wjikfv09d3o1q7wjdx",4372780
Torricelli Simpkins III,CAR,OL,65,South Carolina,South Carolina; North Carolina Central,6-5,312,1,24.3,,,2025,ACT,"https://static.www.nfl.com/image/upload/f_auto,q_auto/league/xhof0hsbncovhmhhvifd",
Tre'von Moehrig,CAR,DB,7,TCU,TCU,6-2,215,5,27.3,LV,43,2021,ACT,"https://static.www.nfl.com/image/upload/f_auto,q_auto/league/cyprwi2vzj1a3oitgseo",4362487
Trevis Gipson,CAR,LB,52,Tulsa,Tulsa,6-4,264,6,29.3,CHI,155,2020,ACT,"https://static.www.nfl.com/image/upload/f_auto,q_auto/league/p5qxxhu4ecnzjcfva9b0",3917016
Trevor Etienne,CAR,RB,23,Georgia,Georgia; Florida,5-9,204,1,22.2,CAR,114,2025,RES,"https://static.www.nfl.com/image/upload/f_auto,q_auto/league/pcuzq84x7ia5yvmikltb",4685350
Tyrel Dodson,CAR,LB,33,Texas A&M,Texas A&M,6-0,237,7,28.3,,,2019,ACT,"https://static.www.nfl.com/image/upload/f_auto,q_auto/league/ssfyc6yarlegh112xeoa",4035232
Will Grier,CAR,QB,14,West Virginia,West Virginia; Florida State,6-1,220,7,31.5,CAR,100,2019,RET,"https://static.www.nfl.com/image/upload/f_auto,q_auto/league/c8cmoyu2wemjpl6ctk9g",3115252
Will Lee III,CAR,DB,24,Texas A&M,Texas A&M; Kansas State,6-1,195,0,23.5,CAR,129,2026,ACT,"https://static.www.nfl.com/image/upload/f_auto,q_auto/league/wurwgex2escrqdqmyaeg",5151083
Xavier Legette,CAR,WR,17,South Carolina,South Carolina,6-3,218,2,25.7,CAR,32,2024,RES,"https://static.www.nfl.com/image/upload/f_auto,q_auto/league/yoyxkitrdqbkhyqncy5p",4430034
Zakee Wheatley,CAR,DB,20,Penn State,Penn State,6-3,203,0,24.6,CAR,151,2026,ACT,"https://static.www.nfl.com/image/upload/f_auto,q_auto/league/qvujxg50a70hzrg4luzm",4566384
Zion Childress,CAR,DB,32,Kentucky,Kentucky; Texas State-San Marcos,5-11,203,1,24.7,,,2025,DEV,"https://static.www.nfl.com/image/upload/f_auto,q_auto/league/rfj8pmex9tjxqayn0maz",4685841
Anthony Johnson,CHI,DB,27,Iowa State,Iowa State,6-0,207,3,26.9,GB,242,2023,DEV,"https://static.www.nfl.com/image/upload/f_auto,q_auto/league/eumd6ubnwb6vv2kvh38z",4361748
Austin Booker,CHI,DL,94,Kansas,Kansas; Minnesota,6-6,245,2,23.8,CHI,144,2024,ACT,"https://static.www.nfl.com/image/upload/f_auto,q_auto/league/s5th0pr4mxfyrdrnlm79",4683553
Beau Gardner,CHI,LS,45,Georgia,Georgia; UCLA,6-5,250,0,24.8,,,2026,DEV,,
Braxton Jones,CHI,OL,70,Southern Utah State,Southern Utah State,6-5,303,4,27.5,CHI,168,2022,RES,"https://static.www.nfl.com/image/upload/f_auto,q_auto/league/stxk7iiyyth2cs4hzm8r",
Brittain Brown,CHI,RB,38,UCLA,UCLA,6-1,205,4,29.0,LV,250,2022,RES,"https://static.www.nfl.com/image/upload/f_auto,q_auto/league/xo28viloq6rjkgca3gpz",4036032
Buddy Johnson,CHI,LB,47,Texas A&M,Texas A&M,6-2,240,5,27.6,PIT,140,2021,DEV,"https://static.www.nfl.com/image/upload/f_auto,q_auto/league/aa4htfuz4uxcprkmmvii",4240900
Caden Barnett,CHI,OL,76,Wyoming,Wyoming,6-4,316,0,23.4,,,2026,DEV,,
Cairo Santos,CHI,K,8,Tulane,Tulane,5-8,173,12,34.9,,,2014,ACT,"https://static.www.nfl.com/image/upload/f_auto,q_auto/league/tz5ecjri52gwpoo9s7be",17427
Caleb Williams,CHI,QB,18,USC,USC; Oklahoma,6-1,226,2,24.9,CHI,1,2024,INA,"https://static.www.nfl.com/image/upload/f_auto,q_auto/league/h4qs11kutwiw7whekmyt",4431611
Cam Lewis,CHI,DB,21,Buffalo,Buffalo,5-9,185,7,29.5,,,2019,INA,"https://static.www.nfl.com/image/upload/f_auto,q_auto/league/daximpzohtbyuaxvak82",3916577
Case Keenum,CHI,QB,11,Houston,Houston,6-1,220,14,38.6,,,2012,ACT,"https://static.www.nfl.com/image/upload/f_auto,q_auto/league/weixhyzal4ntsyszyepu",15168
Christian Jones,CHI,OL,72,Texas,Texas,6-5,305,2,26.4,AZ,162,2024,DEV,"https://static.www.nfl.com/image/upload/f_auto,q_auto/league/locueq7oqn5qnsotygoy",
Clark Phillips III,CHI,DB,20,Utah,Utah,5-10,183,3,24.8,ATL,113,2023,ACT,"https://static.www.nfl.com/image/upload/f_auto,q_auto/league/vbeop7m7ptjwtlm3cgqh",4429067
Coby Bryant,CHI,DB,2,Cincinnati,Cincinnati,6-1,193,4,27.5,SEA,109,2022,RES,"https://static.www.nfl.com/image/upload/f_auto,q_auto/league/kfojqisbt4anuiecraw5",4239094
Cole Kmet,CHI,TE,85,Notre Dame,Notre Dame,6-6,258,6,27.6,CHI,43,2020,ACT,"https://static.www.nfl.com/image/upload/f_auto,q_auto/league/ysnui8mzlu2fo70ub0yt",4258595
Colston Loveland,CHI,TE,84,Michigan,Michigan,6-6,241,1,22.5,CHI,10,2025,ACT,"https://static.www.nfl.com/image/upload/f_auto,q_auto/league/cnxiyi76jeahgx94nh6d",4723086
D'Andre Swift,CHI,RB,4,Georgia,Georgia,5-8,204,6,27.7,DET,35,2020,ACT,"https://static.www.nfl.com/image/upload/f_auto,q_auto/league/owpmwzoilitcodc6cmxo",4259545
D'Marco Jackson,CHI,LB,48,Appalachian State,Appalachian State,6-1,230,4,28.2,NO,161,2022,ACT,"https://static.www.nfl.com/image/upload/f_auto,q_auto/league/bwbialh78nao9svr8jqn",4241007
Dallis Flowers,CHI,DB,37,Pittsburg State (KS),Pittsburg State (KS),6-1,190,4,29.3,,,2022,RES,"https://static.www.nfl.com/image/upload/f_auto,q_auto/league/gzmnysc6ars1fshia3kt",4917592
Daniel Hardy,CHI,DL,92,Montana State,Montana State,6-2,255,4,27.8,LAR,235,2022,ACT,"https://static.www.nfl.com/image/upload/f_auto,q_auto/league/z0xxyyeoreq9hcnvllfv",4365629
Darnell Wright,CHI,OL,58,Tennessee,Tennessee,6-5,325,3,25.2,CHI,10,2023,ACT,"https://static.www.nfl.com/image/upload/f_auto,q_auto/league/lyx4zcnkzewtzqxi7lvh",
Dayo Odeyingbo,CHI,DL,55,Vanderbilt,Vanderbilt,6-5,280,5,27.0,IND,54,2021,ACT,"https://static.www.nfl.com/image/upload/f_auto,q_auto/league/h0brx6vrdusdxl6fkxgv",4242659
Deantre Prince,CHI,DB,37,Mississippi,Mississippi,6-0,185,2,26.0,JAX,153,2024,DEV,"https://static.www.nfl.com/image/upload/f_auto,q_auto/league/dv5t8emszxwqvtgnsak3",4428283
Devin Bush,CHI,LB,12,Michigan,Michigan,5-11,233,7,28.2,PIT,10,2019,ACT,"https://static.www.nfl.com/image/upload/f_auto,q_auto/league/yn9buon12abtkbrm9cqm",4036261
Dillon Thieneman,CHI,DB,31,Oregon,Oregon; Purdue,6-0,201,0,22.2,CHI,25,2026,ACT,"https://static.www.nfl.com/image/upload/f_auto,q_auto/league/hyl3qlps5bwhwvklhf2j",4954445
Elijah Hicks,CHI,DB,22,California,California,5-11,204,4,29.1,CHI,254,2022,ACT,"https://static.www.nfl.com/image/upload/f_auto,q_auto/league/derzi6ubb6maw5nokejr",4242402
Garrett Bradbury,CHI,OL,67,N.C. State,N.C. State,6-3,305,7,31.3,MIN,18,2019,ACT,"https://static.www.nfl.com/image/upload/f_auto,q_auto/league/lpe4jgum1im7luvecrc4",
Grady Jarrett,CHI,DL,50,Clemson,Clemson,6-1,294,11,33.4,ATL,137,2015,ACT,"https://static.www.nfl.com/image/upload/f_auto,q_auto/league/cchbtgvedcufwteb6dip",2576492
Hayden Large,CHI,TE,43,Iowa,Iowa,6-4,250,0,24.5,,,2026,RES,"https://static.www.nfl.com/image/upload/f_auto,q_auto/league/gbhffvvzh3nnzpno5hhw",
JP Richardson,CHI,WR,83,TCU,TCU; Oklahoma State,5-11,195,1,24.5,,,2025,DEV,"https://static.www.nfl.com/image/upload/f_auto,q_auto/league/wsnuaqx6jbadrinmo1z2",4685183
Jack Sanborn,CHI,LB,57,Wisconsin,Wisconsin,6-2,232,4,26.2,,,2022,ACT,"https://static.www.nfl.com/image/upload/f_auto,q_auto/league/uo386zqnsqbvqzqbm7t2",4372576
Jahdae Walker,CHI,WR,9,Texas A&M,Texas A&M; Grand Valley,6-3,205,1,24.3,,,2025,ACT,"https://static.www.nfl.com/image/upload/f_auto,q_auto/league/cr13mo2xrpdkksy8fveq",5160110
James Lynch,CHI,DL,97,Baylor,Baylor,6-4,295,6,27.7,MIN,130,2020,INA,"https://static.www.nfl.com/image/upload/f_auto,q_auto/league/mmgzvvsxc3nffzkzyidq",4259181
Jamree Kromah,CHI,DL,59,James Madison,James Madison; Rutgers,6-3,268,2,26.3,,,2024,INA,"https://static.www.nfl.com/image/upload/f_auto,q_auto/league/edifmo4lsx8wjr93b0i8",
Jayden Loving,CHI,DL,91,Wake Forest,Wake Forest,6-1,309,0,23.5,,,2026,INA,"https://static.www.nfl.com/image/upload/f_auto,q_auto/league/cocsd3g9llyyzbt1qznb",
Jaylon Johnson,CHI,DB,1,Utah,Utah,6-0,195,6,27.5,CHI,50,2020,ACT,"https://static.www.nfl.com/image/upload/f_auto,q_auto/league/ooazlgwwseozyduthxn6",4243253
Joe Thuney,CHI,OL,62,N.C. State,N.C. State,6-5,301,10,33.9,NE,78,2016,ACT,"https://static.www.nfl.com/image/upload/f_auto,q_auto/league/fstgjypwv8bcpfaae5mi",
Jonah Jackson,CHI,OL,73,Ohio State,Ohio State; Rutgers,6-3,319,6,29.7,DET,75,2020,ACT,"https://static.www.nfl.com/image/upload/f_auto,q_auto/league/dd2w0xyfjzbj4ooxflls",
Jonathan Garvin,CHI,LB,57,Miami,Miami,6-4,250,6,27.2,GB,242,2020,RES,"https://static.www.nfl.com/image/upload/f_auto,q_auto/league/blnbflmdlqch2rkzxfr5",4240655
Jordan McFadden,CHI,OL,74,Clemson,Clemson,6-2,306,3,26.9,LAC,156,2023,ACT,"https://static.www.nfl.com/image/upload/f_auto,q_auto/league/qq6khttphfxwahgedbhu",
Jordan van den Berg,CHI,DL,96,Georgia Tech,Georgia Tech; Penn State; Iowa Western CC,6-3,310,0,24.5,CHI,213,2026,ACT,"https://static.www.nfl.com/image/upload/f_auto,q_auto/league/q74hrt6lpzvxpuqrvzov",4875381
Josh Blackwell,CHI,DB,39,Duke,Duke,5-11,179,4,27.5,,,2022,ACT,"https://static.www.nfl.com/image/upload/f_auto,q_auto/league/w95cwi511mgmeimkgzyg",4240459
Kaden Davis,CHI,WR,81,NW Missouri State University,NW Missouri State University,6-1,190,4,28.0,,,2022,DEV,"https://static.www.nfl.com/image/upload/f_auto,q_auto/league/j4pxqpw02oztmctolcdr",5065495
Kalif Raymond,CHI,WR,14,Holy Cross,Holy Cross,5-9,160,10,32.2,,,2016,ACT,"https://static.www.nfl.com/image/upload/f_auto,q_auto/league/dpdv6dm0almcbjdppizx",2973405
Keidron Smith,CHI,DB,33,Kentucky,Kentucky,6-2,204,3,26.9,,,2023,DEV,"https://static.www.nfl.com/image/upload/f_auto,q_auto/league/bmidsctpakth58pe4axu",4372418
Kentavius Street,CHI,DL,93,N.C. State,N.C. State,6-2,315,8,30.4,SF,128,2018,ACT,"https://static.www.nfl.com/image/upload/f_auto,q_auto/league/svrbvbjq34qrfuqohfkf",3116726
Keyshaun Elliott,CHI,LB,49,Arizona State,Arizona State; New Mexico State,6-1,231,0,22.8,CHI,166,2026,ACT,"https://static.www.nfl.com/image/upload/f_auto,q_auto/league/szvuxrjdio44gh3y6h5q",4911952
Kyle Monangai,CHI,RB,25,Rutgers,Rutgers,5-8,209,1,24.3,CHI,233,2025,ACT,"https://static.www.nfl.com/image/upload/f_auto,q_auto/league/bkkk3uuouhcobydqawro",4608686
Kyler Gordon,CHI,DB,6,Washington,Washington,5-11,200,4,26.8,CHI,39,2022,RES,"https://static.www.nfl.com/image/upload/f_auto,q_auto/league/u5s17tjtzqebsl5yicln",4361093
Logan Jones,CHI,OL,54,Iowa,Iowa,6-3,299,0,24.9,CHI,57,2026,ACT,"https://static.www.nfl.com/image/upload/f_auto,q_auto/league/xln1vy146svhdcpqn643",
Luke Newman,CHI,OL,65,Michigan State,Michigan State; Holy Cross,6-4,310,1,24.6,CHI,195,2025,ACT,"https://static.www.nfl.com/image/upload/f_auto,q_auto/league/xlgbkr42buzxzwulzblx",
Luther Burden III,CHI,WR,10,Missouri,Missouri,6-0,210,1,22.8,CHI,39,2025,ACT,"https://static.www.nfl.com/image/upload/f_auto,q_auto/league/iyuwdz7pbowdkwzq2tg5",4685278
Malik Muhammad,CHI,DB,24,Texas,Texas,6-0,182,0,22.1,CHI,124,2026,ACT,"https://static.www.nfl.com/image/upload/f_auto,q_auto/league/rs98wyp3t1ipacwqtvbz",4870953
Marcus Davenport,CHI,DL,52,Texas-San Antonio,Texas-San Antonio,6-6,265,8,30.1,NO,14,2018,ACT,"https://static.www.nfl.com/image/upload/f_auto,q_auto/league/hauze2vwdskhaiqjifk1",3124058
Miller Moss,CHI,QB,16,Louisville,Louisville,6-1,210,0,24.6,,,2026,DEV,"https://static.www.nfl.com/image/upload/f_auto,q_auto/league/p86kdskm2q45zetkrx03",
Montez Sweat,CHI,DL,98,Mississippi State,Mississippi State; Copiah-Lincoln Junior College; Michigan State,6-6,270,7,30.1,WAS,26,2019,ACT,"https://static.www.nfl.com/image/upload/f_auto,q_auto/league/lmaq9dyixaolzxleqb5e",3134690
Nephi Sewell,CHI,LB,46,Utah,Utah,6-0,228,4,27.8,,,2022,RES,"https://static.www.nfl.com/image/upload/f_auto,q_auto/league/whfernvrrhmopmxfucso",4241611
Neville Gallimore,CHI,DL,90,Oklahoma,Oklahoma,6-2,307,6,29.7,DAL,82,2020,ACT,"https://static.www.nfl.com/image/upload/f_auto,q_auto/league/py87zsmepp3roc7eytqf",3892883
Nick McCloud,CHI,DB,26,Notre Dame,Notre Dame,6-1,190,5,28.2,,,2021,ACT,"https://static.www.nfl.com/image/upload/f_auto,q_auto/league/tktqsmdus8y1alse43j5",4036169
Nikola Kalinic,CHI,TE,86,York (Canada),York (Canada),6-4,245,4,29.7,,,2022,RES,"https://static.www.nfl.com/image/upload/f_auto,q_auto/league/monk9ruop1ec5bfysiwl",4916349
Noah Sewell,CHI,LB,46,Oregon,Oregon,6-1,246,3,24.5,CHI,148,2023,RES,"https://static.www.nfl.com/image/upload/f_auto,q_auto/league/sw5wea1zlc1drxoisej0",4430822
Ozzy Trapilo,CHI,OL,75,Boston College,Boston College,6-8,312,1,25.0,CHI,56,2025,INA,"https://static.www.nfl.com/image/upload/f_auto,q_auto/league/xjnksmbwipltv0hxz4qj",
Qadir Ismail,CHI,TE,80,Samford,Samford; Villanova,6-6,232,2,26.6,,,2024,DEV,"https://static.www.nfl.com/image/upload/f_auto,q_auto/league/j8bnryrjhs5ojoxmeson",
Rome Odunze,CHI,WR,15,Washington,Washington,6-3,215,2,24.3,CHI,9,2024,ACT,"https://static.www.nfl.com/image/upload/f_auto,q_auto/league/niewdl2p2325kpohbw9v",4431299
Roschon Johnson,CHI,RB,23,Texas,Texas,6-0,227,3,25.7,CHI,115,2023,ACT,"https://static.www.nfl.com/image/upload/f_auto,q_auto/league/xbham6uvckkshpntb8oj",4426386
Ruben Hyppolite II,CHI,LB,47,Maryland,Maryland,6-0,240,1,25.1,CHI,132,2025,RES,"https://static.www.nfl.com/image/upload/f_auto,q_auto/league/vnw1vo7so5m4xfhhckc4",4429970
Salvon Ahmed,CHI,RB,36,Washington,Washington,5-11,196,6,27.8,,,2020,DEV,"https://static.www.nfl.com/image/upload/f_auto,q_auto/league/nbqkon8x1bkphihywnkw",4243315
Sam Roush,CHI,TE,87,Stanford,Stanford,6-5,267,0,23.1,CHI,69,2026,ACT,"https://static.www.nfl.com/image/upload/f_auto,q_auto/league/jqkmmguw4934lyjgvuip",4685504
Scott Daly,CHI,LS,46,Notre Dame,Notre Dame,6-1,245,8,32.7,,,2018,ACT,"https://static.www.nfl.com/image/upload/f_auto,q_auto/league/icxbupl2lmn9ffjfu6xm",
Shemar Turner,CHI,DL,95,Texas A&M,Texas A&M,6-3,290,1,23.7,CHI,62,2025,RES,"https://static.www.nfl.com/image/upload/f_auto,q_auto/league/gj6rxglwrkzwgvvq0z1q",4432804
Skyler Thomas,CHI,DB,38,Oregon State,Oregon State,6-2,191,0,23.1,,,2026,ACT,"https://static.www.nfl.com/image/upload/f_auto,q_auto/league/ojgmea3dm5nvck8lasx6",4879561
Squirrel White,CHI,WR,,,,,178,0,,,,2026,RET,,
Stephen Carlson,CHI,TE,88,Princeton,Princeton,6-4,248,7,29.8,,,2019,DEV,"https://static.www.nfl.com/image/upload/f_auto,q_auto/league/i54p7n9yfpyytifzv7rz",3948283
T.J. Edwards,CHI,LB,53,Wisconsin,Wisconsin,6-0,228,7,30.2,,,2019,ACT,"https://static.www.nfl.com/image/upload/f_auto,q_auto/league/tqu3uz4nzkcq4crcepj3",3121544
Theo Benedet,CHI,OL,79,University of British Columbia,University of British Columbia,6-7,305,2,24.8,,,2024,ACT,"https://static.www.nfl.com/image/upload/f_auto,q_auto/league/jar87gerxyz6bhf3xezu",
Tony Fields II,CHI,LB,43,West Virginia,West Virginia,6-1,217,5,27.3,CLE,153,2021,RES,"https://static.www.nfl.com/image/upload/f_auto,q_auto/league/dwjp5xpbs6yiekcfjxkx",4245655
Tory Taylor,CHI,P,19,Iowa,Iowa,6-4,225,2,29.2,CHI,122,2024,ACT,"https://static.www.nfl.com/image/upload/f_auto,q_auto/league/fvmwdsbi4nkpw9hfm4qj",4686889
Tyrique Stevenson,CHI,DB,29,Miami,Miami; Georgia,6-0,214,3,26.4,CHI,56,2023,ACT,"https://static.www.nfl.com/image/upload/f_auto,q_auto/league/l0xpg0hpxsepfootn0sq",4426374
Tyson Bagent,CHI,QB,17,Shepherd,Shepherd,6-3,210,3,26.3,,,2023,ACT,"https://static.www.nfl.com/image/upload/f_auto,q_auto/league/ymimvligfyrucu0v3p6a",4434153
Wayne Matthews II,CHI,LB,35,Michigan State,Michigan State; Old Dominion,6-0,221,0,24.2,,,2026,DEV,,
Xavier Woods,CHI,DB,32,Louisiana Tech,Louisiana Tech,5-11,202,9,31.2,DAL,191,2017,ACT,"https://static.www.nfl.com/image/upload/f_auto,q_auto/league/of7kdkfale5fnuz6u8gr",3040572
Zavier Scott,CHI,RB,30,Maine,Maine,6-1,220,3,27.2,,,2023,DEV,"https://static.www.nfl.com/image/upload/f_auto,q_auto/league/z8sqpgdoyuv5rask15vn",4257364
Zavion Thomas,CHI,WR,13,LSU,LSU; Mississippi State,5-10,190,0,22.6,CHI,89,2026,ACT,"https://static.www.nfl.com/image/upload/f_auto,q_auto/league/lhodk54zsmznu4yxjoux",4869748
Amarius Mims,CIN,OL,71,Georgia,Georgia,6-8,350,2,24.0,CIN,18,2024,ACT,"https://static.www.nfl.com/image/upload/f_auto,q_auto/league/lsyds0sc3ak7atlopauh",
Andrei Iosivas,CIN,WR,80,Princeton,Princeton,6-3,210,3,27.0,CIN,206,2023,RES,"https://static.www.nfl.com/image/upload/f_auto,q_auto/league/xhrvbt81iohroyftuyj2",4368003
B.J. Hill,CIN,DL,92,N.C. State,N.C. State,6-3,311,8,31.5,NYG,69,2018,INA,"https://static.www.nfl.com/image/upload/f_auto,q_auto/league/t5d3t2wt1goqgv5njdqa",3116748
Barrett Carter,CIN,LB,49,Clemson,Clemson,6-0,230,1,24.0,CIN,119,2025,ACT,"https://static.www.nfl.com/image/upload/f_auto,q_auto/league/jdzoxrmno9l5qytgz0iv",4431519
Beau Brade,CIN,DB,34,Maryland,Maryland,6-0,200,2,24.7,,,2024,DEV,"https://static.www.nfl.com/image/upload/f_auto,q_auto/league/aa1pdnb0jaba4zs5nnry",4429291
Blake Freeland,CIN,OL,76,BYU,BYU,6-7,305,3,25.4,IND,106,2023,DEV,"https://static.www.nfl.com/image/upload/f_auto,q_auto/league/eeupk2qokms4vclloicz",
Boye Mafe,CIN,DL,53,Minnesota,Minnesota,6-4,265,4,27.9,SEA,40,2022,ACT,"https://static.www.nfl.com/image/upload/f_auto,q_auto/league/fkiu8drhb66rzmqjeg7w",4240754
Bralyn Lux,CIN,DB,21,Texas Tech,Texas Tech,5-10,179,1,26.1,,,2025,ACT,"https://static.www.nfl.com/image/upload/f_auto,q_auto/league/zjdsqlekl63ooll81os9",4575559
Brian Parker II,CIN,OL,62,Duke,Duke,6-5,309,0,22.8,CIN,189,2026,RES,"https://static.www.nfl.com/image/upload/f_auto,q_auto/league/ps2vih23mba17gjublbo",
Bryan Cook,CIN,DB,6,Cincinnati,Cincinnati; Howard,6-1,210,4,27.1,KC,62,2022,INA,"https://static.www.nfl.com/image/upload/f_auto,q_auto/league/xxpisha7qj3jkovuprcs",4247726
Cashius Howell,CIN,DL,55,Texas A&M,Texas A&M; Bowling Green,6-4,253,0,23.5,CIN,41,2026,ACT,"https://static.www.nfl.com/image/upload/f_auto,q_auto/league/qepm55rb579namslsmjb",4710752
Cedric Johnson,CIN,DL,52,Mississippi,Mississippi,6-3,265,2,24.1,CIN,214,2024,ACT,"https://static.www.nfl.com/image/upload/f_auto,q_auto/league/yi5naoq2xpx34pwpt25y",4430065
Chase Brown,CIN,RB,30,Illinois,Illinois; Western Michigan,5-10,210,3,26.5,CIN,163,2023,ACT,"https://static.www.nfl.com/image/upload/f_auto,q_auto/league/tch3y6jlj7khvyi9jg0c",4362238
Colbie Young,CIN,WR,86,Georgia,Georgia; Miami; Lackawanna JC,6-4,218,0,24.2,CIN,140,2026,INA,"https://static.www.nfl.com/image/upload/f_auto,q_auto/league/n4irmipxyl87b6jmudte",5092508
Connor Lew,CIN,OL,65,Auburn,Auburn,6-4,310,0,21.1,CIN,128,2026,ACT,"https://static.www.nfl.com/image/upload/f_auto,q_auto/league/p0nnxqjniklz0nqdmpm2",
D.J. Ivey,CIN,DB,38,Miami,Miami,6-1,195,3,26.6,CIN,246,2023,ACT,"https://static.www.nfl.com/image/upload/f_auto,q_auto/league/bgycp6whsc4bd61aumsq",4362502
DJ Turner II,CIN,DB,0,Michigan,Michigan,5-11,185,3,25.9,CIN,60,2023,ACT,"https://static.www.nfl.com/image/upload/f_auto,q_auto/league/nijmaqsa0uggtjzmpzgy",4572036
Dalton Risner,CIN,OL,66,Kansas State,Kansas State,6-5,312,7,31.2,DEN,41,2019,ACT,"https://static.www.nfl.com/image/upload/f_auto,q_auto/league/egrb3digghpyj13effdb",
Daxton Hill,CIN,DB,23,Michigan,Michigan,6-0,192,4,26.0,CIN,31,2022,ACT,"https://static.www.nfl.com/image/upload/f_auto,q_auto/league/onw9ijbhtrdvjqpi0toh",4426422
Demetrius Knight Jr.,CIN,LB,44,South Carolina,South Carolina; Charlotte,6-2,240,1,26.2,CIN,49,2025,ACT,"https://static.www.nfl.com/image/upload/f_auto,q_auto/league/j9eequyosorm1p9zc5gx",4427729
Dexter Lawrence,CIN,DL,97,Clemson,Clemson,6-5,350,7,28.9,NYG,17,2019,ACT,"https://static.www.nfl.com/image/upload/f_auto,q_auto/league/nhk41gu7prupza1wda8v",4035483
Dohnte Meyers,CIN,WR,81,Delta State University,Delta State University; Presbyterian College,5-11,186,0,26.3,,,2026,ACT,"https://static.www.nfl.com/image/upload/f_auto,q_auto/league/xkxpqhtebubkbv1irlkc",4384852
Drew Sample,CIN,TE,89,Washington,Washington,6-5,259,7,30.5,CIN,52,2019,ACT,"https://static.www.nfl.com/image/upload/f_auto,q_auto/league/mmxrr2k7gdfowqpyxtr7",3127310
Dylan Fairchild,CIN,OL,63,Georgia,Georgia,6-5,315,1,23.4,CIN,81,2025,ACT,"https://static.www.nfl.com/image/upload/f_auto,q_auto/league/yylxaud9iqwbaxof1agr",
Erick All,CIN,TE,83,Iowa,Iowa; Michigan,6-5,255,2,26.1,CIN,115,2024,ACT,"https://static.www.nfl.com/image/upload/f_auto,q_auto/league/ifkhcxze7lnxkpzjvsmk",4427834
Evan McPherson,CIN,K,2,Florida,Florida,5-11,185,5,27.2,CIN,149,2021,ACT,"https://static.www.nfl.com/image/upload/f_auto,q_auto/league/t6fs7i54i4n7xjiayoz0",4360234
Garmon Randolph,CIN,LB,56,Baylor,Baylor,6-8,260,1,26.0,,,2025,DEV,"https://static.www.nfl.com/image/upload/f_auto,q_auto/league/tacteeggw794fusmsq32",
Howard Cross III,CIN,DL,95,Notre Dame,Notre Dame,6-1,288,1,25.2,,,2025,DEV,"https://static.www.nfl.com/image/upload/f_auto,q_auto/league/c14y9hq7dq3e6wfuiqi7",4426992
Isaiah Foskey,CIN,DL,51,Notre Dame,Notre Dame,6-5,280,3,25.9,NO,40,2023,DEV,"https://static.www.nfl.com/image/upload/f_auto,q_auto/league/etyericvmbufgeiwkcry",4426457
Isaiah Nwokobia,CIN,DB,41,SMU,SMU,6-1,205,0,23.8,,,2026,DEV,"https://static.www.nfl.com/image/upload/f_auto,q_auto/league/msu7tfbq4sdduowqutkv",
Ja'Marr Chase,CIN,WR,1,LSU,LSU,6-0,205,5,26.6,CIN,5,2021,ACT,"https://static.www.nfl.com/image/upload/f_auto,q_auto/league/qya3dtjb5kgofcuj2tuw",4362628
Ja'Sir Taylor,CIN,DB,26,Wake Forest,Wake Forest,5-10,185,4,27.7,LAC,214,2022,RES,"https://static.www.nfl.com/image/upload/f_auto,q_auto/league/lzlwu2xb6ohzqddbo7mi",4240434
Jack Endries,CIN,TE,84,Texas,Texas; California,6-5,245,0,22.5,CIN,221,2026,ACT,"https://static.www.nfl.com/image/upload/f_auto,q_auto/league/wxtev9zj048yzxk8ebfu",5085189
Jacob Bayer,CIN,OL,69,Arkansas State,Arkansas State; Lamar,6-3,310,1,23.8,,,2025,ACT,"https://static.www.nfl.com/image/upload/f_auto,q_auto/league/d9wihiwdb5cskydg46dw",
Jalen Davis,CIN,DB,35,Utah State,Utah State,5-10,185,8,30.7,,,2018,RES,"https://static.www.nfl.com/image/upload/f_auto,q_auto/league/lspbj6tc3afry1certf6",3125356
Jalen Rivers,CIN,OL,74,Miami,Miami,6-5,319,1,24.1,CIN,153,2025,ACT,"https://static.www.nfl.com/image/upload/f_auto,q_auto/league/nzqljh0uejitqvijarfw",
Javon Foster,CIN,OL,73,Missouri,Missouri,6-5,319,2,26.5,JAX,114,2024,ACT,"https://static.www.nfl.com/image/upload/f_auto,q_auto/league/u6kt89h2dkm1mzwqxhqj",
Joe Burrow,CIN,QB,9,LSU,LSU; Ohio State,6-4,216,6,29.8,CIN,1,2020,ACT,"https://static.www.nfl.com/image/upload/f_auto,q_auto/league/gnnvcgui1cijybukk2w7",3915511
Joe Flacco,CIN,QB,16,Delaware,Delaware; Pittsburgh,6-6,245,18,41.7,BAL,18,2008,ACT,"https://static.www.nfl.com/image/upload/f_auto,q_auto/league/dre1d2f2d6dxqohzn5l2",11252
Joe Giles-Harris,CIN,LB,43,Duke,Duke,6-2,234,7,29.5,,,2019,ACT,"https://static.www.nfl.com/image/upload/f_auto,q_auto/league/y9vh7yn88tehcffsx90f",3917797
Jonathan Allen,CIN,DL,93,Alabama,Alabama,6-3,300,9,31.7,WAS,17,2017,ACT,"https://static.www.nfl.com/image/upload/f_auto,q_auto/league/pkrndcps9i443i4wyshq",3054840
Jordan Battle,CIN,DB,27,Alabama,Alabama,6-1,215,3,25.8,CIN,95,2023,ACT,"https://static.www.nfl.com/image/upload/f_auto,q_auto/league/iydwxwxig8e2godjx070",4567098
Jordan Moore,CIN,WR,14,Duke,Duke,6-0,191,1,24.5,,,2025,DEV,"https://static.www.nfl.com/image/upload/f_auto,q_auto/league/mgod5tukhxuqm5kyy7zh",4594444
Josh Johnson,CIN,QB,11,San Diego,San Diego,6-3,219,18,40.4,TB,160,2008,DEV,"https://static.www.nfl.com/image/upload/f_auto,q_auto/league/sijqkai2yy1cbw3rwndh",11394
Josh Newton,CIN,DB,28,TCU,TCU; Louisiana-Monroe,5-11,190,2,26.1,CIN,149,2024,ACT,"https://static.www.nfl.com/image/upload/f_auto,q_auto/league/hhgmda9fcpjbpp2bhxng",4365319
Ke'Shawn Williams,CIN,WR,12,Indiana,Indiana; Wake Forest,5-9,189,1,24.8,,,2025,DEV,"https://static.www.nfl.com/image/upload/f_auto,q_auto/league/r7enwgccqv93feuoeurz",4570738
Kendall Milton,CIN,RB,36,Georgia,Georgia,6-1,230,2,24.7,,,2024,DEV,"https://static.www.nfl.com/image/upload/f_auto,q_auto/league/zz9yrqh5ep6o5hvtwzkq",4429012
Kentrel Bullock,CIN,RB,31,South Alabama,South Alabama; Mississippi,5-10,205,0,24.5,,,2026,DEV,"https://static.www.nfl.com/image/upload/f_auto,q_auto/league/knfwlw5u1poz75qfyuy5",
Kris Jenkins,CIN,DL,90,Michigan,Michigan,6-3,310,2,25.0,CIN,49,2024,ACT,"https://static.www.nfl.com/image/upload/f_auto,q_auto/league/nuyy0laahr8mf5dojflu",4432301
Kyle Dugger,CIN,DB,29,Lenoir Rhyne,Lenoir Rhyne,6-1,216,6,30.5,NE,37,2020,INA,"https://static.www.nfl.com/image/upload/f_auto,q_auto/league/azhrudd22sxdaxaiwy2k",4401811
Landon Robinson,CIN,DL,96,Navy,Navy,6-0,295,0,23.8,CIN,226,2026,INA,"https://static.www.nfl.com/image/upload/f_auto,q_auto/league/zhqov0z3vzufg9rkcaxd",5081542
Mike Gesicki,CIN,TE,88,Penn State,Penn State,6-6,245,8,31.0,MIA,42,2018,ACT,"https://static.www.nfl.com/image/upload/f_auto,q_auto/league/dykckg6we3cnw9yhpggi",3116164
Mitchell Tinsley,CIN,WR,82,Penn State,Penn State; Western Kentucky,6-1,205,3,27.1,,,2023,ACT,"https://static.www.nfl.com/image/upload/f_auto,q_auto/league/t4h8qtzndtvf6is6naew",4690070
Myles Hinton,CIN,OL,77,Michigan,Michigan; Stanford,6-6,342,1,24.7,PHI,191,2025,INA,"https://static.www.nfl.com/image/upload/f_auto,q_auto/league/ezvt74uuqfngggrsijvu",
Myles Murphy,CIN,DL,99,Clemson,Clemson,6-5,275,3,24.8,CIN,28,2023,ACT,"https://static.www.nfl.com/image/upload/f_auto,q_auto/league/byrxunn2xpvxelbxlnh5",4428985
Noah Thomas,CIN,WR,17,Georgia,Georgia; Texas A&M,6-5,205,0,22.7,,,2026,DEV,"https://static.www.nfl.com/image/upload/f_auto,q_auto/league/kafm8ce25xilrai8zsrz",4718457
Oren Burks,CIN,LB,42,Vanderbilt,Vanderbilt,6-3,233,8,31.6,GB,88,2018,ACT,"https://static.www.nfl.com/image/upload/f_auto,q_auto/league/uicl91cysjtnfqev9mjt",3051746
Orlando Brown,CIN,OL,75,Oklahoma,Oklahoma,6-8,350,8,30.4,BAL,83,2018,ACT,"https://static.www.nfl.com/image/private/f_auto,q_auto/league/icuytojhzdm0dqxoebo4",
PJ Jules,CIN,DB,37,Southern Illinois,Southern Illinois,6-0,203,2,25.4,,,2024,ACT,"https://static.www.nfl.com/image/upload/f_auto,q_auto/league/ypmhoannzlvxolhoalkc",4429946
Russ Yeast,CIN,DB,22,Kansas State,Kansas State,5-10,195,4,27.4,LAR,253,2022,ACT,"https://static.www.nfl.com/image/upload/f_auto,q_auto/league/zojmeuz1wcm1tlfewvxe",4240071
Ryan Rehkow,CIN,P,8,BYU,BYU,6-5,235,2,28.1,,,2024,ACT,"https://static.www.nfl.com/image/upload/f_auto,q_auto/league/c0eiplwe2c9m46zhmcq8",4608820
Samaje Perine,CIN,RB,34,Oklahoma,Oklahoma,5-10,240,9,31.1,WAS,114,2017,ACT,"https://static.www.nfl.com/image/upload/f_auto,q_auto/league/fllwhcdovol5i7xxahf6",3116389
Sean Clifford,CIN,QB,4,Penn State,Penn State,6-2,212,3,28.2,GB,149,2023,DEV,"https://static.www.nfl.com/image/upload/f_auto,q_auto/league/v0tmzl4x5qf2fo2yimqf",4259592
Shemar Stewart,CIN,DL,94,Texas A&M,Texas A&M,6-5,267,1,22.9,CIN,17,2025,ACT,"https://static.www.nfl.com/image/upload/f_auto,q_auto/league/cxyzfhkxg3ydlilhyunr",4685562
Swayze Bozeman,CIN,LB,47,Southern Mississippi,Southern Mississippi; Copiah-Lincoln Junior College,6-1,225,2,27.9,,,2024,INA,"https://static.www.nfl.com/image/upload/f_auto,q_auto/league/r2307pspo2ove0hhocvd",4570546
Tacario Davis,CIN,DB,20,Washington,Washington; Arizona,6-4,194,0,22.1,CIN,72,2026,ACT,"https://static.www.nfl.com/image/upload/f_auto,q_auto/league/l4vgk9lz1y81pm89hxf7",4726127
Tahj Brooks,CIN,RB,25,Texas Tech,Texas Tech,5-9,220,1,24.4,CIN,193,2025,ACT,"https://static.www.nfl.com/image/upload/f_auto,q_auto/league/s89clgkij0ytcmrkdydt",4429299
Tanner Hudson,CIN,TE,87,Southern Arkansas,Southern Arkansas; Memphis,6-5,239,8,31.9,,,2018,ACT,"https://static.www.nfl.com/image/upload/f_auto,q_auto/league/pyl2bpjw0vy4idcseama",3050481
Ted Karras,CIN,OL,64,Illinois,Illinois,6-4,310,10,33.6,NE,221,2016,ACT,"https://static.www.nfl.com/image/upload/f_auto,q_auto/league/jhxynr5fgpdtmkygyp4z",
Tedarrell Slaton,CIN,DL,98,Florida,Florida,6-5,340,5,29.0,GB,173,2021,ACT,"https://static.www.nfl.com/image/upload/f_auto,q_auto/league/oktzavt6whxgvr6ukmhl",4240612
Tee Higgins,CIN,WR,5,Clemson,Clemson,6-4,220,6,27.7,CIN,33,2020,ACT,"https://static.www.nfl.com/image/upload/f_auto,q_auto/league/gpwtyv3viwy9q4ewderl",4239993
Trikweze Bridges,CIN,DB,24,Florida,Florida; Oregon,6-2,200,1,26.0,LAC,256,2025,DEV,"https://static.www.nfl.com/image/upload/f_auto,q_auto/league/vmjfea3sm8cg0hrlibgj",4426513
William Wagner,CIN,LS,46,Michigan,Michigan,6-2,240,1,25.8,,,2025,ACT,"https://static.www.nfl.com/image/upload/f_auto,q_auto/league/mlpqnycrpna1gurrpzr5",
Adin Huntington,CLE,DL,98,Tulane,Tulane; Louisiana-Monroe; Kent State,6-1,281,1,24.6,,,2025,ACT,"https://static.www.nfl.com/image/upload/f_auto,q_auto/league/zqevui8ikmsi20blzgot",4605792
Alex Wright,CLE,DL,91,UAB,UAB,6-5,270,4,26.1,CLE,78,2022,RES,"https://static.www.nfl.com/image/upload/f_auto,q_auto/league/rwvd1sputd9x1dziyznz",4570119
Andre Szmyt,CLE,K,25,Syracuse,Syracuse,6-0,199,3,28.0,,,2023,ACT,"https://static.www.nfl.com/image/upload/f_auto,q_auto/league/tkah6glpysuyq2a54gts",4258620
Austin Barber,CLE,OL,58,Florida,Florida,6-7,318,0,23.4,CLE,86,2026,ACT,"https://static.www.nfl.com/image/upload/f_auto,q_auto/league/kglwdpydzvvmdr1bdblg",
Blake Whiteheart,CLE,TE,86,Wake Forest,Wake Forest,6-4,250,3,26.5,,,2023,ACT,"https://static.www.nfl.com/image/upload/f_auto,q_auto/league/senw8edxu2ovkg1dbdxs",4362018
Bub Means,CLE,WR,81,Pittsburgh,Pittsburgh; Louisiana Tech,6-2,215,2,25.7,NO,170,2024,DEV,"https://static.www.nfl.com/image/upload/f_auto,q_auto/league/nnqvulr4up0nwhmipksq",4427985
Carsen Ryan,CLE,TE,48,BYU,BYU; Utah; UCLA,6-3,255,0,23.1,CLE,248,2026,ACT,"https://static.www.nfl.com/image/upload/f_auto,q_auto/league/qiqiqjw4vyhv2xpxt2np",4685540
Carson Schwesinger,CLE,LB,49,UCLA,UCLA,6-3,242,1,23.6,CLE,33,2025,ACT,"https://static.www.nfl.com/image/upload/f_auto,q_auto/league/ga2yg6qhxs12sqo6jvfz",4876017
Corey Bojorquez,CLE,P,13,New Mexico,New Mexico; Cerritos College,6-0,217,8,30.1,,,2018,ACT,"https://static.www.nfl.com/image/private/f_auto,q_auto/league/eiuli9dmspe6d4cwwa00",4039396
Damarri Mathis,CLE,DB,37,Pittsburgh,Pittsburgh,5-11,195,4,27.5,DEN,115,2022,RES,"https://static.www.nfl.com/image/upload/f_auto,q_auto/league/jutmtleh0mecfk0lbu7n",4240707
Daniel Thomas,CLE,DB,24,Auburn,Auburn,5-10,215,6,28.3,JAX,157,2020,ACT,"https://static.www.nfl.com/image/upload/f_auto,q_auto/league/qbw8gam5wiinqegq213p",4035505
Dawand Jones,CLE,OL,79,Ohio State,Ohio State,6-8,374,3,25.2,CLE,111,2023,ACT,"https://static.www.nfl.com/image/upload/f_auto,q_auto/league/tm5zyhltmnhwcqkutc2u",
Denzel Boston,CLE,WR,12,Washington,Washington,6-4,212,0,22.8,CLE,39,2026,ACT,"https://static.www.nfl.com/image/upload/f_auto,q_auto/league/ybkny6eh5eegq3bqmony",4832800
Denzel Ward,CLE,DB,21,Ohio State,Ohio State,5-11,191,8,29.4,CLE,4,2018,ACT,"https://static.www.nfl.com/image/upload/f_auto,q_auto/league/mmp5gacrbeeolrsgg5wm",3915535
Derek Barnett,CLE,DL,97,Tennessee,Tennessee,6-3,259,9,30.3,PHI,14,2017,ACT,"https://static.www.nfl.com/image/upload/f_auto,q_auto/league/eh9ienpeakbbr9mw4vlm",3115336
Deshaun Watson,CLE,QB,4,Clemson,Clemson,6-3,221,9,31.1,HOU,12,2017,ACT,"https://static.www.nfl.com/image/private/f_auto,q_auto/league/otfs2docj6eahaebo5xn",3122840
Dillon Gabriel,CLE,QB,6,Oregon,Oregon; Oklahoma; UCF,5-11,205,1,25.8,CLE,94,2025,RES,"https://static.www.nfl.com/image/upload/f_auto,q_auto/league/szpyvusef9jvoctbnkbk",4427238
Donovan McMillon,CLE,DB,31,Pittsburgh,Pittsburgh; Florida,6-2,205,1,24.3,,,2025,ACT,"https://static.www.nfl.com/image/upload/f_auto,q_auto/league/xxpttzs5lhbmc7phnxli",4686027
Dylan Sampson,CLE,RB,22,Tennessee,Tennessee,5-8,201,1,22.1,CLE,126,2025,RES,"https://static.www.nfl.com/image/upload/f_auto,q_auto/league/den1hzzomdxfcsgk88o5",5081397
Easton Mascarenas-Arnold,CLE,LB,42,USC,USC; Oregon State,5-11,227,1,24.1,,,2025,ACT,"https://static.www.nfl.com/image/upload/f_auto,q_auto/league/a8uufqbzvn1u8zhhujfa",5085888
Edefuan Ulofoshio,CLE,LB,54,Washington,Washington,6-1,236,2,26.7,BUF,160,2024,RES,"https://static.www.nfl.com/image/upload/f_auto,q_auto/league/djyw96mfpsd1okocv1ck",4374280
Elgton Jenkins,CLE,OL,74,Mississippi State,Mississippi State,6-5,310,7,30.8,GB,44,2019,INA,"https://static.www.nfl.com/image/upload/f_auto,q_auto/league/am4um8hjfero03sgxrgn",
Elijah Chatman,CLE,DL,62,SMU,SMU,6-0,278,2,25.8,,,2024,RES,"https://static.www.nfl.com/image/upload/f_auto,q_auto/league/kzzty8qdv0ktwa6lmjk5",4429392
Emmanuel McNeil-Warren,CLE,DB,28,Toledo,Toledo,6-3,210,0,22.7,CLE,58,2026,ACT,,4837186
Eric Gray,CLE,RB,41,Oklahoma,Oklahoma; Tennessee,5-10,210,3,26.9,NYG,172,2023,DEV,"https://static.www.nfl.com/image/upload/f_auto,q_auto/league/ijjxwxv1ccyowzhpuw2k",4570561
Grant Delpit,CLE,DB,9,LSU,LSU,6-3,208,6,28.0,CLE,44,2020,ACT,"https://static.www.nfl.com/image/upload/f_auto,q_auto/league/p1pfbn04h6myuuvvgvgr",4242208
Harold Fannin Jr.,CLE,TE,44,Bowling Green,Bowling Green,6-4,241,1,22.2,CLE,67,2025,ACT,"https://static.www.nfl.com/image/upload/f_auto,q_auto/league/fxublmpnxx9uggsddwik",5083076
Isaiah Bond,CLE,WR,0,Texas,Texas; Alabama,5-11,180,1,22.6,,,2025,ACT,"https://static.www.nfl.com/image/upload/f_auto,q_auto/league/piv889pkizjvgrtpfkxm",4808839
Isaiah McGuire,CLE,DL,57,Missouri,Missouri,6-4,266,3,25.2,CLE,126,2023,ACT,"https://static.www.nfl.com/image/upload/f_auto,q_auto/league/bgay7c5onbqadb4qjguc",4427963
Jaleel McLaughlin,CLE,RB,38,Youngstown State,Youngstown State,5-9,187,3,26.1,,,2023,ACT,"https://static.www.nfl.com/image/upload/f_auto,q_auto/league/jlzkji7mfkcmkyz2tygj",4722893
Jared Verse,CLE,DL,8,Florida State,Florida State; Albany,6-4,260,2,25.9,LAR,19,2024,ACT,"https://static.www.nfl.com/image/upload/f_auto,q_auto/league/cpa5qqc59ndeg6timqmf",4578085
Jeremiah Owusu-Koramoah,CLE,LB,6,Notre Dame,Notre Dame,6-2,221,5,26.9,CLE,52,2021,RES,"https://static.www.nfl.com/image/private/f_auto,q_auto/league/evmul3yfbefvmy1tc1ns",4258599
Jerry Jeudy,CLE,WR,3,Alabama,Alabama,6-1,192,6,27.5,DEN,15,2020,ACT,"https://static.www.nfl.com/image/upload/f_auto,q_auto/league/szca1v9butuqkjs7ekpm",4241463
Jimmy Horn Jr.,CLE,WR,19,Colorado,Colorado; University of South Florida,5-8,180,1,24.1,CAR,208,2025,DEV,"https://static.www.nfl.com/image/upload/f_auto,q_auto/league/gggcgfbghcft0xwxtrhk",4708486
Joe Royer,CLE,TE,18,Cincinnati,Cincinnati; Ohio State,6-5,247,0,24.6,CLE,170,2026,RES,,4565859
John FitzPatrick,CLE,TE,86,Georgia,Georgia,6-7,250,4,26.6,ATL,213,2022,DEV,"https://static.www.nfl.com/image/upload/f_auto,q_auto/league/kopyksw2p51nivtldayc",4379401
Justin Jefferson,CLE,LB,17,Alabama,Alabama,6-0,223,0,23.6,CLE,149,2026,INA,,5150249
KC Concepcion,CLE,WR,1,Texas A&M,Texas A&M; N.C. State,6-0,190,0,22.0,CLE,24,2026,ACT,"https://static.www.nfl.com/image/upload/f_auto,q_auto/league/ztdyzyngqr1pexyghlt3",4870653
KT Leveston,CLE,OL,72,Kansas State,Kansas State,6-4,335,2,27.1,LAR,254,2024,DEV,"https://static.www.nfl.com/image/upload/f_auto,q_auto/league/ocrjwcpavgunq64dlcgj",
Kalia Davis,CLE,DL,93,UCF,UCF,6-2,310,4,28.0,SF,220,2022,RES,"https://static.www.nfl.com/image/upload/f_auto,q_auto/league/bqad9jqdvg5tis5i3vgu",4243541
Kendrick Green,CLE,OL,53,Illinois,Illinois,6-4,315,5,27.8,PIT,87,2021,CUT,"https://static.www.nfl.com/image/upload/f_auto,q_auto/league/b8rtjagcsjnnwczsin7u",
Khordae Sydnor,CLE,DL,90,Vanderbilt,Vanderbilt; Purdue,6-4,264,0,23.1,,,2026,DEV,,
Krys Barnes,CLE,LB,43,UCLA,UCLA,6-2,235,6,28.5,,,2020,DEV,"https://static.www.nfl.com/image/upload/f_auto,q_auto/league/xgq5wwfuk5s2frsx0ha0",4035817
Logan Fano,CLE,DL,99,Utah,Utah; BYU,6-5,252,0,24.3,,,2026,DEV,,5080699
Luke Wypler,CLE,OL,56,Ohio State,Ohio State,6-3,300,3,25.4,CLE,190,2023,ACT,"https://static.www.nfl.com/image/upload/f_auto,q_auto/league/alkthyatyuxkudodqhke",
Malachi Corley,CLE,WR,11,Western Kentucky,Western Kentucky,5-11,215,2,24.6,NYJ,65,2024,ACT,"https://static.www.nfl.com/image/upload/f_auto,q_auto/league/lay1p8pvwrglmqorc6ev",4613104
Maliek Collins,CLE,DL,96,Nebraska,Nebraska,6-2,308,10,31.5,DAL,67,2016,ACT,"https://static.www.nfl.com/image/upload/f_auto,q_auto/league/tjyv74ytq62fprrfnjrv",3040471
Markees Watts,CLE,LB,61,Charlotte,Charlotte,6-1,240,3,26.8,,,2023,RET,"https://static.www.nfl.com/image/upload/f_auto,q_auto/league/hwxh3ps9lwnj0qu4mw8v",4373706
Mason Graham,CLE,DL,94,Michigan,Michigan,6-4,315,1,23.1,CLE,5,2025,ACT,"https://static.www.nfl.com/image/upload/f_auto,q_auto/league/fizf7lkmgqhpg9o8vu92",4873232
Mekhi Blackmon,CLE,DB,29,USC,USC; Colorado,5-11,175,3,27.6,MIN,102,2023,ACT,"https://static.www.nfl.com/image/upload/f_auto,q_auto/league/wrzakzdbmugca60xbidc",4360677
Messiah Swinson,CLE,TE,84,Arizona State,Arizona State; Missouri,6-7,260,2,26.5,,,2024,CUT,"https://static.www.nfl.com/image/upload/f_auto,q_auto/league/xmkhcrh5fbfetx1wxk2z",
Michael Burton,CLE,RB,34,Rutgers,Rutgers,6-0,247,11,34.7,DET,168,2015,ACT,"https://static.www.nfl.com/image/upload/f_auto,q_auto/league/ibyeabk3yu68mgipxklr",2515270
Michael Coats Jr.,CLE,DB,39,West Virginia,West Virginia; Nevada; East Central JC,5-10,185,0,25.3,,,2026,DEV,,
Mike Hall Jr.,CLE,DL,51,Ohio State,Ohio State,6-3,300,2,23.3,CLE,54,2024,ACT,"https://static.www.nfl.com/image/upload/f_auto,q_auto/league/ykpxjvmielzqpguubka1",4600415
Myles Bryant,CLE,DB,27,Washington,Washington,5-9,192,6,28.8,,,2020,DEV,"https://static.www.nfl.com/image/upload/f_auto,q_auto/league/mslszzwcbmt6hafvvu7r",4039010
Myles Harden,CLE,DB,26,South Dakota,South Dakota,5-11,195,2,24.8,CLE,227,2024,ACT,"https://static.www.nfl.com/image/upload/f_auto,q_auto/league/ycg3egdmvp3kelvkiqrl",4695783
Nadame Tucker,CLE,DL,60,Western Michigan,Western Michigan; Houston; Hutchinson CC; Independence Comm. College,6-3,247,0,26.3,,,2026,DEV,"https://static.www.nfl.com/image/upload/f_auto,q_auto/league/tq22imtngjpu2fn8su5g",5081483
Nathaniel Watson,CLE,LB,40,Mississippi State,Mississippi State,6-0,233,2,26.1,CLE,206,2024,DEV,"https://static.www.nfl.com/image/upload/f_auto,q_auto/league/imp6cipge01zacx6g4tr",4362895
Noah Igbinoghene,CLE,DB,20,Auburn,Auburn,5-11,196,6,26.9,MIA,30,2020,ACT,"https://static.www.nfl.com/image/upload/f_auto,q_auto/league/gnhpvwecmtmrv3clqwi1",4242516
Obinna Eze,CLE,OL,68,TCU,TCU; Memphis,6-6,315,4,28.3,,,2022,DEV,"https://static.www.nfl.com/image/upload/f_auto,q_auto/league/osxcesk1syo3wl63pl3u",
Parker Brailsford,CLE,OL,52,Alabama,Alabama; Washington,6-2,289,0,23.0,CLE,146,2026,ACT,,
Quincy Williams,CLE,LB,5,Murray State,Murray State,5-11,230,7,30.1,JAX,98,2019,ACT,"https://static.www.nfl.com/image/upload/f_auto,q_auto/league/ukxxxlah4iappss0ro9e",3110565
Quinshon Judkins,CLE,RB,10,Ohio State,Ohio State; Mississippi,6-0,219,1,22.9,CLE,36,2025,ACT,"https://static.www.nfl.com/image/upload/f_auto,q_auto/league/ojtce2im0wp2ltyel0vc",4685702
Raheim Sanders,CLE,RB,23,South Carolina,South Carolina; Arkansas,6-0,230,1,24.3,,,2025,ACT,"https://static.www.nfl.com/image/upload/f_auto,q_auto/league/bopoof9uczgpvpggeahp",4601080
Rex Sunahara,CLE,LS,50,West Virginia,West Virginia,6-6,242,6,30.0,,,2020,ACT,"https://static.www.nfl.com/image/upload/f_auto,q_auto/league/lf7vil8wv3cqyumtczbr",
Ronnie Hickman Jr.,CLE,DB,33,Ohio State,Ohio State,6-1,209,3,25.0,,,2023,ACT,"https://static.www.nfl.com/image/upload/f_auto,q_auto/league/ds24p7j86p9mwshsjvbu",4569620
Sam Kamara,CLE,DL,92,Stony Brook,Stony Brook,6-0,275,5,28.8,,,2021,DEV,"https://static.www.nfl.com/image/private/f_auto,q_auto/league/aakuha494hvtrja3dwjn",4033855
Sam Williams,CLE,DL,54,Mississippi,Mississippi,6-4,260,4,27.5,DAL,56,2022,ACT,"https://static.www.nfl.com/image/upload/f_auto,q_auto/league/dffnhnfk8qloazleesuj",4567242
Shedeur Sanders,CLE,QB,2,Colorado,Colorado; Jackson State University,6-2,215,1,24.7,CLE,144,2025,ACT,"https://static.www.nfl.com/image/upload/f_auto,q_auto/league/joe08hz6to2madpko8zl",4432762
Spencer Fano,CLE,OL,55,Utah,Utah,6-6,315,0,21.9,CLE,9,2026,ACT,"https://static.www.nfl.com/image/upload/f_auto,q_auto/league/xbh3gk38au7vprlbh6hb",
Taylen Green,CLE,QB,15,Arkansas,Arkansas; Boise State,6-6,227,0,24.0,CLE,182,2026,INA,"https://static.www.nfl.com/image/upload/f_auto,q_auto/league/ybylky9uitivzresfzt3",4431325
Teven Jenkins,CLE,OL,78,Oklahoma State,Oklahoma State,6-6,321,5,28.6,CHI,39,2021,INA,"https://static.www.nfl.com/image/upload/f_auto,q_auto/league/i0oiehuaelpnrtrlfmfl",
Toriano Pride Jr.,CLE,DB,35,Missouri,Missouri; Clemson,5-10,185,0,22.8,BUF,220,2026,ACT,"https://static.www.nfl.com/image/upload/f_auto,q_auto/league/a8l2hp04k2ek5hx3j50b",4698598
Tylan Wallace,CLE,WR,16,Oklahoma State,Oklahoma State,5-11,200,5,27.4,BAL,131,2021,INA,"https://static.www.nfl.com/image/upload/f_auto,q_auto/league/rifnnpeub6okv41offnd",4241424
Tyson Campbell,CLE,DB,7,Georgia,Georgia,6-1,195,5,26.6,JAX,33,2021,ACT,"https://static.www.nfl.com/image/upload/f_auto,q_auto/league/qhtmkkoqakioplm2vfrw",4379397
Tytus Howard,CLE,OL,71,Alabama State,Alabama State,6-5,322,7,30.4,HOU,23,2019,ACT,"https://static.www.nfl.com/image/upload/f_auto,q_auto/league/dsxhasekno62of0prulo",
Wes Pahl,CLE,P,36,Oklahoma State,Oklahoma State,6-5,195,0,24.4,,,2026,DEV,,
Winston Reid,CLE,LB,59,Weber State,Weber State,6-0,225,2,27.2,,,2024,ACT,"https://static.www.nfl.com/image/upload/f_auto,q_auto/league/pdh6lfhfcihybfqdrodo",4251125
Xavier Truss,CLE,OL,67,Georgia,Georgia,6-7,309,1,25.2,,,2025,DEV,"https://static.www.nfl.com/image/upload/f_auto,q_auto/league/fsk6ca96kv4go2hcihxi",
Zak Zinter,CLE,OL,70,Michigan,Michigan,6-6,310,2,25.5,CLE,85,2024,ACT,"https://static.www.nfl.com/image/upload/f_auto,q_auto/league/oazl3mefjy66qacgf5ry",
Zion Johnson,CLE,OL,77,Boston College,Boston College; Davidson,6-3,315,4,26.9,LAC,17,2022,ACT,"https://static.www.nfl.com/image/upload/f_auto,q_auto/league/no0uoh39lwbf4kzp4zfj",
Zion Logue,CLE,DL,69,Georgia,Georgia,6-6,325,2,25.2,ATL,197,2024,DEV,"https://static.www.nfl.com/image/upload/f_auto,q_auto/league/yvkguckrkwcvlzmx3txz",4427826
Zion Washington,CLE,DB,30,Boise State,Boise State,6-1,208,0,23.6,,,2026,DEV,,
Adedayo Odeleye,DAL,DL,96,,,6-5,283,4,29.0,,,2022,DEV,"https://static.www.nfl.com/image/upload/f_auto,q_auto/league/vll2htycvqq5vhihzyz6",
Ajani Cornelius,DAL,OL,65,Oregon,Oregon; Rhode Island,6-5,318,1,24.4,DAL,204,2025,INA,"https://static.www.nfl.com/image/upload/f_auto,q_auto/league/jpuz6yezpw3gg6asmvgh",
Alex Austin,DAL,DB,38,Oregon State,Oregon State,6-1,191,3,25.4,BUF,252,2023,DEV,"https://static.www.nfl.com/image/upload/f_auto,q_auto/league/xhouenbvagbqn4jbbtge",4426599
Alijah Clark,DAL,DB,11,Syracuse,Syracuse; Rutgers,6-1,200,1,23.2,,,2025,ACT,"https://static.www.nfl.com/image/upload/f_auto,q_auto/league/sr5sjigohu5fufu4yxm7",4595352
Ameer Speed,DAL,DB,23,Michigan State,Michigan State; Georgia,6-3,215,3,27.0,NE,214,2023,ACT,"https://static.www.nfl.com/image/upload/f_auto,q_auto/league/o9d89l2prvb5k7uawpzi",4259546
Anthony Smith,DAL,WR,83,East Carolina,East Carolina; N.C. State,6-2,197,0,24.6,DAL,218,2026,DEV,"https://static.www.nfl.com/image/upload/f_auto,q_auto/league/xawxtpjdptmacbcqtlua",4685110
Brandon Aubrey,DAL,K,17,Notre Dame,Notre Dame,6-3,218,4,31.6,,,2022,ACT,"https://static.www.nfl.com/image/upload/f_auto,q_auto/league/bgwg06zmyohjxvzznbf6",3953687
Brevyn Spann-Ford,DAL,TE,89,Minnesota,Minnesota,6-6,265,2,26.8,,,2024,ACT,"https://static.www.nfl.com/image/upload/f_auto,q_auto/league/sko2pmuqociwa92ep1ad",4360967
Broderick Jones,DAL,OL,77,Georgia,Georgia,6-5,310,3,25.4,PIT,14,2023,ACT,"https://static.www.nfl.com/image/upload/f_auto,q_auto/league/xdd3wmhluibtx15q4jhr",
Bryan Anger,DAL,P,5,California,California,6-3,214,14,38.0,JAX,70,2012,ACT,"https://static.www.nfl.com/image/upload/f_auto,q_auto/league/e1fozrp2fhprrkheqt0x",14950
Caelen Carson,DAL,DB,21,Wake Forest,Wake Forest,6-0,195,2,24.6,DAL,174,2024,INA,"https://static.www.nfl.com/image/upload/f_auto,q_auto/league/hcwdub8jq0t7at4smblo",4431006
Caleb Downs,DAL,DB,13,Ohio State,Ohio State,6-0,210,0,21.8,DAL,11,2026,ACT,"https://static.www.nfl.com/image/upload/f_auto,q_auto/league/nkj0yjytmlcbciqjus0w",4870706
Camden Brown,DAL,WR,80,Georgia Southern,Georgia Southern; Auburn,6-2,204,0,22.4,,,2026,INA,"https://static.www.nfl.com/image/upload/f_auto,q_auto/league/tvoztpalnmmattxhdaoa",4808759
CeeDee Lamb,DAL,WR,88,Oklahoma,Oklahoma,6-2,200,6,27.5,DAL,17,2020,ACT,"https://static.www.nfl.com/image/upload/f_auto,q_auto/league/mbblzwtynxr15ovzkevi",4241389
Cobie Durant,DAL,DB,2,South Carolina State,South Carolina State,5-11,187,4,28.7,LAR,142,2022,INA,"https://static.www.nfl.com/image/upload/f_auto,q_auto/league/oeeeljrjnb0mvvzi6csj",4384549
Cooper Beebe,DAL,OL,56,Kansas State,Kansas State,6-3,320,2,25.4,DAL,73,2024,ACT,"https://static.www.nfl.com/image/upload/f_auto,q_auto/league/yiwgl1ijhwrkaz881r9r",
Curtis Robinson,DAL,LB,42,Stanford,Stanford,6-3,235,5,28.4,,,2021,DEV,"https://static.www.nfl.com/image/upload/f_auto,q_auto/league/yzam37nstuqvqm0cgzmv",4044448
DJ Rogers,DAL,TE,49,TCU,TCU,6-4,245,0,24.9,,,2026,RES,"https://static.www.nfl.com/image/upload/f_auto,q_auto/league/wzblmzyldhnpb4kvraci",
DaRon Bland,DAL,DB,26,Fresno State,Fresno State,6-2,202,4,27.2,DAL,167,2022,ACT,"https://static.www.nfl.com/image/upload/f_auto,q_auto/league/z07adznf3gtvfusy8azb",4248911
Dak Prescott,DAL,QB,4,Mississippi State,Mississippi State,6-2,230,10,33.2,DAL,135,2016,ACT,"https://static.www.nfl.com/image/upload/f_auto,q_auto/league/yvscmqq1qki8zfsemmcd",2577417
DeMarvion Overshown,DAL,LB,0,Texas,Texas,6-3,235,3,26.2,DAL,90,2023,INA,"https://static.www.nfl.com/image/upload/f_auto,q_auto/league/dxo0ebmthyvvgwfqqbbj",4362088
Dee Winters,DAL,LB,53,TCU,TCU,5-11,230,3,26.0,SF,216,2023,ACT,"https://static.www.nfl.com/image/upload/f_auto,q_auto/league/xlebnylgre4ogpnnl4na",4428914
Derion Kendrick,DAL,DB,15,Georgia,Georgia; Clemson,6-0,205,4,26.1,LAR,212,2022,DEV,"https://static.www.nfl.com/image/upload/f_auto,q_auto/league/rhmkstzb8ox2thtdo4k3",4360307
Devin Moore,DAL,DB,29,Florida,Florida,6-3,198,0,23.0,DAL,114,2026,RES,"https://static.www.nfl.com/image/upload/f_auto,q_auto/league/uhvkhsxnd5xqgrafkzug",4702577
Donovan Ezeiruaku,DAL,LB,6,Boston College,Boston College,6-2,255,1,23.4,DAL,44,2025,ACT,"https://static.www.nfl.com/image/upload/f_auto,q_auto/league/e8ajbchys6mqj7agkqxf",4683848
Drew Shelton,DAL,OL,67,Penn State,Penn State,6-5,313,0,22.8,DAL,112,2026,ACT,"https://static.www.nfl.com/image/upload/f_auto,q_auto/league/ach6jq8xsd8xwcplylro",
Elijah Garcia,DAL,DL,93,Rice,Rice,6-5,302,4,28.6,,,2022,ACT,"https://static.www.nfl.com/image/upload/f_auto,q_auto/league/mdhtfrrfmfeop2secu2c",4039170
Emari Demercado,DAL,RB,31,TCU,TCU,5-9,215,3,27.7,,,2023,INA,"https://static.www.nfl.com/image/upload/f_auto,q_auto/league/wu0sm9ttr4aiugi9fquf",4362478
George Pickens,DAL,WR,3,Georgia,Georgia,6-3,205,4,25.6,PIT,52,2022,ACT,"https://static.www.nfl.com/image/upload/f_auto,q_auto/league/cbpyykoguf7rsxezqzvk",4426354
Hunter Luepke,DAL,RB,30,North Dakota State,North Dakota State,6-1,250,3,26.6,,,2023,ACT,"https://static.www.nfl.com/image/upload/f_auto,q_auto/league/m28qafff4o5vb3aaumiv",4383396
Isaiah Land,DAL,LB,58,Florida A&M,Florida A&M,6-4,245,3,26.7,,,2023,DEV,"https://static.www.nfl.com/image/upload/f_auto,q_auto/league/iwr8ph2nr9nczlbhylbl",4574551
Israel Abanikanda,DAL,RB,37,Pittsburgh,Pittsburgh,5-10,215,3,24.0,NYJ,143,2023,DEV,"https://static.www.nfl.com/image/upload/f_auto,q_auto/league/mt7lgg9gbjcmb2wttxeg",4429202
Jaishawn Barham,DAL,LB,55,Michigan,Michigan; Maryland,6-2,240,0,22.7,DAL,92,2026,ACT,"https://static.www.nfl.com/image/upload/f_auto,q_auto/league/h35ij5cb5g5a8av170ca",4685266
Jake Ferguson,DAL,TE,87,Wisconsin,Wisconsin,6-5,250,4,27.7,DAL,129,2022,ACT,"https://static.www.nfl.com/image/upload/f_auto,q_auto/league/xpykb0tbosfwsn6dqstb",4242355
Jalen Thompson,DAL,DB,34,Washington State,Washington State,5-11,190,7,28.2,AZ,132,2019,RES,"https://static.www.nfl.com/image/upload/f_auto,q_auto/league/dlsbnnvfzsmnqh3c05ah",4043089
James Houston,DAL,LB,41,Jackson State University,Jackson State University,6-1,248,4,27.9,DET,217,2022,INA,"https://static.www.nfl.com/image/upload/f_auto,q_auto/league/zmjl8vpdr8fjeefnsnec",4240608
James Mitchell,DAL,TE,84,Virginia Tech,Virginia Tech,6-4,249,4,27.2,DET,177,2022,DEV,"https://static.www.nfl.com/image/upload/f_auto,q_auto/league/q8b9goebgmuwusl6vqdc",4361988
Javonte Williams,DAL,RB,33,North Carolina,North Carolina,5-10,220,5,26.5,DEN,35,2021,ACT,"https://static.www.nfl.com/image/upload/f_auto,q_auto/league/xvwroirev2kie6oiphtz",4361579
Joe Milton III,DAL,QB,10,Tennessee,Tennessee; Michigan,6-5,235,2,26.6,NE,193,2024,DEV,"https://static.www.nfl.com/image/upload/f_auto,q_auto/league/tsj9lobse1gxzanf39dt",4360698
Joey Porter Jr.,DAL,DB,25,Penn State,Penn State,6-2,194,3,26.2,PIT,32,2023,ACT,"https://static.www.nfl.com/image/upload/f_auto,q_auto/league/pcan3dqynqusx1ltmecf",4426506
Jonathan Bullard,DAL,DL,90,Florida,Florida,6-3,290,10,33.0,CHI,72,2016,RES,"https://static.www.nfl.com/image/upload/f_auto,q_auto/league/xbebftotzf6hrqfrfnah",2980097
Jonathan Mingo,DAL,WR,18,Mississippi,Mississippi,6-2,225,3,25.5,CAR,39,2023,ACT,"https://static.www.nfl.com/image/upload/f_auto,q_auto/league/u2b8s2s0ix5hntyg3eog",4426485
Jordan Hudson,DAL,WR,81,SMU,SMU; TCU,6-1,199,0,22.9,,,2026,DEV,"https://static.www.nfl.com/image/upload/f_auto,q_auto/league/uwgiczb8bnnacu2g7zln",4685409
Juanyeh Thomas,DAL,DB,43,Georgia Tech,Georgia Tech,6-3,217,4,26.3,,,2022,ACT,"https://static.www.nfl.com/image/upload/f_auto,q_auto/league/qelzpivpkpwghq6aeozg",4360590
Justin Barron,DAL,LB,45,Syracuse,Syracuse,6-4,235,1,25.0,,,2025,ACT,"https://static.www.nfl.com/image/upload/f_auto,q_auto/league/lnrgjwbxfkbfgsgtsgta",4429249
KaVontae Turpin,DAL,WR,9,TCU,TCU,5-7,158,7,30.2,,,2019,ACT,"https://static.www.nfl.com/image/upload/f_auto,q_auto/league/tayjlp1hgmm6rewgl1k4",3676833
Kelvin Gilliam,DAL,DL,94,Virginia Tech,Virginia Tech; Oklahoma,6-2,295,0,23.6,,,2026,RES,"https://static.www.nfl.com/image/upload/f_auto,q_auto/league/yrwhq9jxcrlarnfzjcfm",
Kenny Clark,DAL,DL,97,UCLA,UCLA,6-3,314,10,31.0,GB,27,2016,ACT,"https://static.www.nfl.com/image/upload/f_auto,q_auto/league/nigxygewltiq49894pkt",3122752
LT Overton,DAL,DL,99,Alabama,Alabama,6-3,274,0,22.0,DAL,137,2026,ACT,"https://static.www.nfl.com/image/upload/f_auto,q_auto/league/f7qnzlq019tmi9o6f1ld",4870960
Luke Schoonmaker,DAL,TE,86,Michigan,Michigan,6-5,250,3,28.0,DAL,58,2023,ACT,"https://static.www.nfl.com/image/upload/f_auto,q_auto/league/g1slhy5joxxfeudlzrh9",4372096
Malachi Lawrence,DAL,LB,57,UCF,UCF,6-4,253,0,23.2,DAL,23,2026,ACT,"https://static.www.nfl.com/image/upload/f_auto,q_auto/league/fyhju3zbedckstcoufxp",4710067
Malik Davis,DAL,RB,20,Florida,Florida,5-11,207,4,27.9,,,2022,RES,"https://static.www.nfl.com/image/upload/f_auto,q_auto/league/zvranxxyt8qeihn8c2q9",4240603
Malik Hooker,DAL,DB,24,Ohio State,Ohio State,6-1,212,9,30.5,IND,15,2017,ACT,"https://static.www.nfl.com/image/upload/f_auto,q_auto/league/qxcbwkhiboobkz1xj68c",3121415
Marcellus Johnson,DAL,OL,79,Missouri,Missouri; Eastern Michigan,6-4,307,2,26.5,,,2024,DEV,"https://static.www.nfl.com/image/upload/f_auto,q_auto/league/jylkjrizz0obuohdua0a",
Marist Liufau,DAL,LB,35,Notre Dame,Notre Dame,6-2,239,2,25.7,DAL,87,2024,RES,"https://static.www.nfl.com/image/upload/f_auto,q_auto/league/i81dbzylyw2mv7odmdck",4427816
Markquese Bell,DAL,DB,14,Florida A&M,Florida A&M,6-2,215,4,27.8,,,2022,ACT,"https://static.www.nfl.com/image/upload/f_auto,q_auto/league/wdantov1g2bbtjf4chpx",4241921
Matt Hennessy,DAL,OL,72,Temple,Temple,6-4,315,6,28.9,ATL,78,2020,RES,"https://static.www.nfl.com/image/upload/f_auto,q_auto/league/iruohug4gurmckekn4zs",
Michael Trigg,DAL,TE,46,Baylor,Baylor; Mississippi; USC,6-4,240,0,24.3,,,2026,DEV,"https://static.www.nfl.com/image/upload/f_auto,q_auto/league/raym87favdz33uhkgvv2",4594749
Nick Leverett,DAL,OL,51,Rice,Rice; North Carolina Central,6-3,310,6,28.9,,,2020,ACT,"https://static.www.nfl.com/image/upload/f_auto,q_auto/league/p9zmjyfrrp61aj3i7lbj",
Otito Ogbonnia,DAL,DL,91,UCLA,UCLA,6-4,320,4,26.1,LAC,160,2022,ACT,"https://static.www.nfl.com/image/upload/f_auto,q_auto/league/oyayc8mxpu7grfwqgzrz",4367210
P.J. Locke,DAL,DB,1,Texas,Texas,5-10,202,7,29.7,,,2019,RES,"https://static.www.nfl.com/image/upload/f_auto,q_auto/league/fzkqg3cd4aa4sfjy4rlx",3929850
Parris Campbell,DAL,WR,11,Ohio State,Ohio State,6-1,205,7,29.2,IND,59,2019,RET,"https://static.www.nfl.com/image/upload/f_auto,q_auto/league/pmb3ypquiy5a2qzzmio4",3121410
Princeton Fant,DAL,TE,85,Tennessee,Tennessee,6-2,245,3,27.6,,,2023,RES,"https://static.www.nfl.com/image/upload/f_auto,q_auto/league/dh67wj7xhek86nhyucig",4242442
Quinnen Williams,DAL,DL,92,Alabama,Alabama,6-3,303,7,28.8,NYJ,3,2019,ACT,"https://static.www.nfl.com/image/upload/f_auto,q_auto/league/lijqxjhytjakehnusgmn",4040982
Rashan Gary,DAL,LB,7,Michigan,Michigan,6-5,277,7,28.8,GB,12,2019,ACT,"https://static.www.nfl.com/image/upload/f_auto,q_auto/league/ew8xw9vqpcmeily0m3fk",4046523
Reddy Steward,DAL,DB,27,Troy,Troy,5-11,178,2,25.4,,,2024,ACT,"https://static.www.nfl.com/image/upload/f_auto,q_auto/league/e7fvszuuhvqn17ruftl0",4428584
Ryan Flournoy,DAL,WR,19,Southeast Missouri State,Southeast Missouri State; Iowa Western CC,6-1,205,2,26.9,DAL,216,2024,ACT,"https://static.www.nfl.com/image/upload/f_auto,q_auto/league/tqwq3cgpqu7j9hzoyicx",5083754
Sam Howell,DAL,QB,16,North Carolina,North Carolina,6-1,225,4,26.1,WAS,144,2022,ACT,"https://static.www.nfl.com/image/upload/f_auto,q_auto/league/sx77bippywnl0dx6m8q9",4426875
Shavon Revel Jr.,DAL,DB,28,East Carolina,East Carolina; Louisburg,6-2,198,1,24.5,DAL,76,2025,ACT,"https://static.www.nfl.com/image/upload/f_auto,q_auto/league/af84hncoicg65gvvainl",5095865
Shemar James,DAL,LB,50,Florida,Florida,6-1,235,1,22.3,DAL,152,2025,ACT,"https://static.www.nfl.com/image/upload/f_auto,q_auto/league/bpuq0wagps3hcsl0clff",4685400
TJ Bass,DAL,OL,66,Oregon,Oregon; Butte College,6-5,320,3,27.5,,,2023,ACT,"https://static.www.nfl.com/image/upload/f_auto,q_auto/league/hnmg3ncfxso056ybw5zz",
Terence Steele,DAL,OL,78,Texas Tech,Texas Tech,6-6,320,6,29.3,,,2020,ACT,"https://static.www.nfl.com/image/upload/f_auto,q_auto/league/ezmoh6joqsserp3ogcqc",
Tommy Dunn,DAL,DL,95,Kansas,Kansas,6-3,291,0,24.1,,,2026,DEV,"https://static.www.nfl.com/image/upload/f_auto,q_auto/league/kteecx9slnkk4th3wwut",
Trent Sieg,DAL,LS,44,Colorado State,Colorado State,6-4,255,8,31.4,,,2018,ACT,"https://static.www.nfl.com/image/upload/f_auto,q_auto/league/ikhujd70ky9ymcrvpjm5",
Tyler Booker,DAL,OL,52,Alabama,Alabama,6-5,330,1,22.5,DAL,12,2025,ACT,"https://static.www.nfl.com/image/upload/f_auto,q_auto/league/rcqpeq8ahdoqt1xejjjp",
Tyler Goodson,DAL,RB,32,Iowa,Iowa,5-9,199,4,25.9,,,2022,ACT,"https://static.www.nfl.com/image/upload/f_auto,q_auto/league/zqmesi6fwv82lhfzlht6",4429676
Tyler Guyton,DAL,OL,60,Oklahoma,Oklahoma; TCU,6-7,322,2,24.3,DAL,29,2024,ACT,"https://static.www.nfl.com/image/upload/f_auto,q_auto/league/jtc2bw2l1dzdzziigieq",
Tyler Smith,DAL,OL,73,Tulsa,Tulsa,6-5,328,4,25.5,DAL,24,2022,RES,"https://static.www.nfl.com/image/upload/f_auto,q_auto/league/gdosyozck6qewvzmpag2",
Tyrek Funderburk,DAL,DB,39,Appalachian State,Appalachian State; Richmond,6-0,185,2,25.9,,,2024,DEV,"https://static.www.nfl.com/image/upload/f_auto,q_auto/league/tzkkwtxovny5ufixvvoq",4367330
Tyrus Wheat,DAL,LB,59,Mississippi State,Mississippi State,6-2,260,3,26.8,,,2023,ACT,"https://static.www.nfl.com/image/upload/f_auto,q_auto/league/krmcu6sltcvyy6ddisn7",4689333
Von Miller,DAL,LB,40,Texas A&M,Texas A&M,6-3,245,15,37.5,DEN,2,2011,ACT,"https://static.www.nfl.com/image/upload/f_auto,q_auto/league/cqkgo6uw5ha7bjajkewf",13976
Wanya Morris,DAL,OL,64,Oklahoma,Oklahoma; Tennessee,6-6,310,3,26.0,KC,92,2023,DEV,"https://static.www.nfl.com/image/upload/f_auto,q_auto/league/y2bvxkfybapdxszjuhju",
Adam Prentice,DEN,RB,46,South Carolina,South Carolina,6-0,245,5,29.7,,,2021,ACT,"https://static.www.nfl.com/image/upload/f_auto,q_auto/league/xuvyqidnso9ga1dfefoy",3929914
Adam Trautman,DEN,TE,82,Dayton,Dayton,6-5,253,6,29.7,NO,105,2020,ACT,"https://static.www.nfl.com/image/upload/f_auto,q_auto/league/bqsgkwkfolczyrxmdp1j",3911853
Alex Forsyth,DEN,OL,54,Oregon,Oregon,6-4,312,3,27.6,DEN,257,2023,ACT,"https://static.www.nfl.com/image/upload/f_auto,q_auto/league/yyvjgz6ikiyjw6au2kn1",
Alex Palczewski,DEN,OL,63,Illinois,Illinois,6-6,315,3,27.2,,,2023,ACT,"https://static.www.nfl.com/image/upload/f_auto,q_auto/league/tiyl83okzrfi50hqyzid",
Alex Singleton,DEN,LB,49,Montana State,Montana State,6-2,242,11,32.8,,,2015,ACT,"https://static.www.nfl.com/image/upload/f_auto,q_auto/league/majblawsimvtv3k2xd6j",2612151
Ben Powers,DEN,OL,74,Oklahoma,Oklahoma; Butler County JC,6-4,310,7,29.9,BAL,123,2019,ACT,"https://static.www.nfl.com/image/upload/f_auto,q_auto/league/qrbgvqkrw8ztcvtgbcqa",
Bo Nix,DEN,QB,10,Oregon,Oregon; Auburn,6-2,217,2,26.6,DEN,12,2024,ACT,"https://static.www.nfl.com/image/upload/f_auto,q_auto/league/zvo9xatffmqn9lnukpgk",4426338
Brandon Jones,DEN,DB,22,Texas,Texas,6-1,191,6,28.5,MIA,70,2020,ACT,"https://static.www.nfl.com/image/upload/f_auto,q_auto/league/vsc57i9kmaaquegceqtt",4039059
Brent Austin,DEN,DB,33,California,California; University of South Florida; James Madison,5-11,180,0,22.8,,,2026,DEV,"https://static.www.nfl.com/image/upload/f_auto,q_auto/league/civl60ohpbvwssq9h76s",
Caleb Lohner,DEN,TE,84,Utah,Utah; Baylor,6-7,250,1,25.0,DEN,241,2025,RES,"https://static.www.nfl.com/image/upload/f_auto,q_auto/league/larx1n07ooq73y5gy3av",4432208
Calvin Throckmorton,DEN,OL,76,Oregon,Oregon,6-5,311,6,30.1,,,2020,DEV,"https://static.www.nfl.com/image/upload/f_auto,q_auto/league/kedhkx9pv44qnun84zmg",
Cody Schrader,DEN,RB,25,Missouri,Missouri; Truman State University,5-9,214,2,27.1,,,2024,DEV,"https://static.www.nfl.com/image/upload/f_auto,q_auto/league/snrwsjepuvkatdjjokp8",4391845
Courtland Sutton,DEN,WR,14,SMU,SMU,6-4,216,8,31.0,DEN,40,2018,ACT,"https://static.www.nfl.com/image/upload/f_auto,q_auto/league/kqwmqcrlrwmqcvfuguhs",3128429
D.J. Jones,DEN,DL,93,Mississippi,Mississippi; East Mississippi JC,6-0,305,9,31.7,SF,198,2017,ACT,"https://static.www.nfl.com/image/upload/f_auto,q_auto/league/ft4g8bxpn85mshqvp4lj",3894915
Dallen Bentley,DEN,TE,89,Utah,Utah; Snow,6-4,253,0,25.8,DEN,256,2026,INA,"https://static.www.nfl.com/image/upload/f_auto,q_auto/league/vaiszquqlgric9cfbwjf",5159802
Dane Key,DEN,WR,87,Nebraska,Nebraska; Kentucky,6-3,210,0,23.3,,,2026,DEV,"https://static.www.nfl.com/image/upload/f_auto,q_auto/league/got8amcmxwu5li8zwcnv",4685424
David Agoha,DEN,DL,53,,,6-4,252,5,25.4,,,2021,DEV,"https://static.www.nfl.com/image/upload/f_auto,q_auto/league/ewp3mes0mghmhwcaow2i",
Devon Key,DEN,DB,26,Western Kentucky,Western Kentucky,6-0,210,5,28.9,,,2021,ACT,"https://static.www.nfl.com/image/upload/f_auto,q_auto/league/efu0kj0lyprsgahy1met",4037559
Dondrea Tillman,DEN,LB,92,"Indiana PA,  University of","Indiana PA,  University of",6-4,247,6,28.4,,,2020,INA,"https://static.www.nfl.com/image/upload/f_auto,q_auto/league/rqo88erhkag4dfighxdw",5216101
Evan Engram,DEN,TE,1,Mississippi,Mississippi,6-3,240,9,32.1,NYG,23,2017,ACT,"https://static.www.nfl.com/image/upload/f_auto,q_auto/league/nucl2dxmpvhlywhyro8o",3051876
Eyioma Uwazurike,DEN,DL,96,Iowa State,Iowa State,6-6,320,4,28.4,DEN,116,2022,ACT,"https://static.www.nfl.com/image/upload/f_auto,q_auto/league/xrpjuwqmhwjnovlj1kd8",4066109
Frank Crum,DEN,OL,73,Wyoming,Wyoming,6-7,315,2,26.4,,,2024,RES,"https://static.www.nfl.com/image/upload/f_auto,q_auto/league/cf6v9iuovxv0tvsvcito",
Garett Bolles,DEN,OL,72,Utah,Utah; Snow,6-5,300,9,34.4,DEN,20,2017,ACT,"https://static.www.nfl.com/image/upload/f_auto,q_auto/league/xhxwjnd0emn65lfom6z7",
Gavin Ortega,DEN,OL,68,Weber State,Weber State,6-5,300,0,22.4,,,2026,DEV,"https://static.www.nfl.com/image/upload/f_auto,q_auto/league/birjqhksr8vcpsxs27nw",
J.K. Dobbins,DEN,RB,27,Ohio State,Ohio State,5-10,214,6,27.8,BAL,55,2020,ACT,"https://static.www.nfl.com/image/upload/f_auto,q_auto/league/cevotvl3ho5h1mioruyg",4241985
JL Skinner,DEN,DB,34,Boise State,Boise State,6-4,220,3,25.5,DEN,183,2023,ACT,"https://static.www.nfl.com/image/upload/f_auto,q_auto/league/dvlcjuzhtjxgfnnbcxjv",4428503
Ja'Quan McMillian,DEN,DB,29,East Carolina,East Carolina,5-10,183,4,26.3,,,2022,ACT,"https://static.www.nfl.com/image/upload/f_auto,q_auto/league/kpgabuesfqci0swbrkem",4567462
Jahdae Barron,DEN,DB,23,Texas,Texas,5-11,200,1,24.8,DEN,20,2025,ACT,"https://static.www.nfl.com/image/upload/f_auto,q_auto/league/ashvve6dr35gtgdyjo10",4430925
Jahfari Harvey,DEN,LB,42,SMU,SMU; Miami,6-2,252,1,25.4,,,2025,DEV,"https://static.www.nfl.com/image/upload/f_auto,q_auto/league/wku1t52bulqtrb9sscw0",4427408
Jarrett Stidham,DEN,QB,8,Auburn,Auburn; McLennan CC; Baylor,6-3,214,7,30.2,NE,133,2019,ACT,"https://static.www.nfl.com/image/upload/f_auto,q_auto/league/uzdn86skeienyyqxyiuw",3892775
Jaylen Waddle,DEN,WR,17,Alabama,Alabama,5-10,182,5,27.9,MIA,6,2021,ACT,"https://static.www.nfl.com/image/upload/f_auto,q_auto/league/gkh7m1jedon9mwn5jlf1",4372016
Jeremy Crawshaw,DEN,P,16,Florida,Florida,6-3,205,1,25.4,DEN,216,2025,ACT,"https://static.www.nfl.com/image/upload/f_auto,q_auto/league/ybqasaukmya02ajzgoaz",4589212
Johnny Walker Jr.,DEN,LB,59,Missouri,Missouri,6-3,250,1,24.8,,,2025,DEV,"https://static.www.nfl.com/image/upload/f_auto,q_auto/league/j561gxyuezqwljey7wpn",
Jonah Coleman,DEN,RB,20,Washington,Washington; Arizona,5-8,220,0,23.1,DEN,108,2026,RES,"https://static.www.nfl.com/image/upload/f_auto,q_auto/league/qbauucaxakkhtxihuvmr",4702555
Jonah Elliss,DEN,LB,52,Utah,Utah,6-2,246,2,23.5,DEN,76,2024,ACT,"https://static.www.nfl.com/image/upload/f_auto,q_auto/league/f3dukr2ntse8qnsyhu3b",4687592
Jonathon Cooper,DEN,LB,0,Ohio State,Ohio State,6-4,257,5,28.7,DEN,239,2021,EXE,"https://static.www.nfl.com/image/upload/f_auto,q_auto/league/rzjdnsaz0sfs9v4xetov",4040608
Jordan Jackson,DEN,DL,94,Air Force,Air Force,6-5,294,4,28.7,NO,194,2022,ACT,"https://static.www.nfl.com/image/upload/f_auto,q_auto/league/hpu3u6cvmei1bulufxbp",4261090
Jordan Turner,DEN,LB,55,Michigan State,Michigan State; Wisconsin,6-1,231,1,24.8,,,2025,ACT,"https://static.www.nfl.com/image/upload/f_auto,q_auto/league/pksjz8mnu6w6s3k3mh6c",4693373
Justin Strnad,DEN,LB,40,Wake Forest,Wake Forest,6-3,235,6,30.1,DEN,178,2020,ACT,"https://static.www.nfl.com/image/upload/f_auto,q_auto/league/mlrmzoeod0ocotxp2nam",3919548
Kage Casey,DEN,OL,78,Boise State,Boise State,6-5,310,0,23.0,DEN,111,2026,INA,,
Karene Reid,DEN,LB,47,Utah,Utah,6-0,226,1,26.6,,,2025,ACT,"https://static.www.nfl.com/image/upload/f_auto,q_auto/league/gx65fgbnmrzc51w1hfav",4875336
Kolbe Katsis,DEN,WR,81,Northern Arizona,Northern Arizona; Pittsburg State (KS),6-1,185,0,24.8,,,2026,DEV,"https://static.www.nfl.com/image/upload/f_auto,q_auto/league/u3bhwno76vnuflla9jjg",5225419
Kris Abrams-Draine,DEN,DB,31,Missouri,Missouri,5-11,178,2,25.0,DEN,145,2024,ACT,"https://static.www.nfl.com/image/upload/f_auto,q_auto/league/hc2oebsxs7vx7ydwiozy",4429193
Levelle Bailey,DEN,LB,56,Fresno State,Fresno State; Sacramento State,6-2,225,2,25.8,,,2024,RES,"https://static.www.nfl.com/image/upload/f_auto,q_auto/league/bh2dnmiacue2xuedzqdc",4428241
Lil'Jordan Humphrey,DEN,WR,5,Texas,Texas,6-4,225,7,28.5,,,2019,DEV,"https://static.www.nfl.com/image/upload/f_auto,q_auto/league/otxrvkflhixz9akhmfqq",4039057
Lucas Krull,DEN,TE,85,Pittsburgh,Pittsburgh,6-6,260,4,28.2,,,2022,DEV,"https://static.www.nfl.com/image/upload/f_auto,q_auto/league/eolvpkk5jjmipuqmf5v6",4360231
Luke Wattenberg,DEN,OL,60,Washington,Washington,6-5,300,4,29.1,DEN,171,2022,ACT,"https://static.www.nfl.com/image/upload/f_auto,q_auto/league/auqegcdovmpcz6pw5arq",
Malcolm Roach,DEN,DL,97,Texas,Texas,6-3,290,6,28.3,,,2020,ACT,"https://static.www.nfl.com/image/upload/f_auto,q_auto/league/oxcd8veodm7hkiualglu",4039064
Marvin Mims Jr.,DEN,WR,19,Oklahoma,Oklahoma,5-11,182,3,24.6,DEN,63,2023,ACT,"https://static.www.nfl.com/image/upload/f_auto,q_auto/league/zbdjtph5xplbf4yocz0l",4686472
Matt Henningsen,DEN,DL,91,Wisconsin,Wisconsin,6-3,291,4,27.2,DEN,206,2022,RES,"https://static.www.nfl.com/image/upload/f_auto,q_auto/league/nz9uyvuwvedqcru4hhqj",4242358
Matt Peart,DEN,OL,79,Connecticut,Connecticut,6-7,318,6,29.3,NYG,99,2020,ACT,"https://static.www.nfl.com/image/upload/f_auto,q_auto/league/tpnzapj9mxuegpvji22w",
Michael Bandy,DEN,WR,83,San Diego,San Diego,5-10,190,5,28.8,,,2021,DEV,"https://static.www.nfl.com/image/upload/f_auto,q_auto/league/bcashgwve9ean9pq8egb",4034704
Michael Deiter,DEN,OL,67,Wisconsin,Wisconsin,6-6,310,7,30.1,MIA,78,2019,RES,"https://static.www.nfl.com/image/upload/f_auto,q_auto/league/lzops7z8etdwzembbdws",
Mike McGlinchey,DEN,OL,69,Notre Dame,Notre Dame,6-8,315,8,31.7,SF,9,2018,ACT,"https://static.www.nfl.com/image/upload/f_auto,q_auto/league/fddsmma8dpk7kqufb6f1",
Miles Scott,DEN,DB,39,Illinois,Illinois,5-11,210,0,24.5,DEN,246,2026,DEV,"https://static.www.nfl.com/image/upload/f_auto,q_auto/league/pncxuddkqd2csgmxzkfm",4880014
Mitchell Fraboni,DEN,LS,48,Arizona State,Arizona State,6-2,223,5,29.9,,,2021,ACT,"https://static.www.nfl.com/image/upload/f_auto,q_auto/league/csvbeqtitr9ixpgdt0fu",
Nate Adkins,DEN,TE,45,South Carolina,South Carolina,6-3,252,3,27.2,,,2023,ACT,"https://static.www.nfl.com/image/upload/f_auto,q_auto/league/hedaw0ksq5qdzp9uhe3w",4383440
Nick Gargiulo,DEN,OL,66,South Carolina,South Carolina; Yale,6-5,310,2,26.2,DEN,256,2024,RES,"https://static.www.nfl.com/image/upload/f_auto,q_auto/league/al11sdwqz5mci8hhypkl",
Nik Bonitto,DEN,LB,15,Oklahoma,Oklahoma,6-3,238,4,27.0,DEN,64,2022,ACT,"https://static.www.nfl.com/image/upload/f_auto,q_auto/league/azxinmsmz9kacbwfdfex",4360259
Pat Bryant,DEN,WR,13,Illinois,Illinois,6-2,204,1,23.8,DEN,74,2025,ACT,"https://static.www.nfl.com/image/upload/f_auto,q_auto/league/n91hznzkfpftxhqt1qd9",4600981
Pat Surtain II,DEN,DB,2,Alabama,Alabama,6-2,203,5,26.5,DEN,9,2021,ACT,"https://static.www.nfl.com/image/upload/f_auto,q_auto/league/soec8zk3n5jvxvywq1gm",4372012
Que Robinson,DEN,LB,51,Alabama,Alabama,6-4,241,1,25.4,DEN,134,2025,ACT,"https://static.www.nfl.com/image/upload/f_auto,q_auto/league/quvadleyknwh31c7acza",4692048
Quinn Meinerz,DEN,OL,77,Wisconsin-Whitewater,Wisconsin-Whitewater,6-3,320,5,27.9,DEN,98,2021,ACT,"https://static.www.nfl.com/image/upload/f_auto,q_auto/league/e6erzvgu9dsqzec0gfpk",
RJ Harvey,DEN,RB,12,UCF,UCF; Virginia,5-8,205,1,25.7,DEN,60,2025,ACT,"https://static.www.nfl.com/image/upload/f_auto,q_auto/league/szxmro5enrxlscvv67xg",4568490
Red Murdock,DEN,LB,50,Buffalo,Buffalo,6-1,232,0,23.0,DEN,257,2026,DEV,"https://static.www.nfl.com/image/upload/f_auto,q_auto/league/nmlusx7gpecv6trobnjh",4912190
Riley Moss,DEN,DB,21,Iowa,Iowa,6-0,193,3,26.6,DEN,83,2023,ACT,"https://static.www.nfl.com/image/upload/f_auto,q_auto/league/o8jxuxi7vqa9kxt0rawn",4382401
Sai'vion Jones,DEN,DL,95,LSU,LSU,6-5,289,1,23.3,DEN,101,2025,ACT,"https://static.www.nfl.com/image/upload/f_auto,q_auto/league/jjgdpeo20czi30cxjza9",4603189
Sam Ehlinger,DEN,QB,4,Texas,Texas,6-1,222,5,28.0,IND,218,2021,INA,"https://static.www.nfl.com/image/upload/f_auto,q_auto/league/imtb2ia03w2ujrl9dprs",4241820
Sean Fresch,DEN,DB,37,Rice,Rice,5-9,181,0,24.9,,,2026,DEV,,
Talanoa Hufanga,DEN,DB,9,USC,USC,6-0,200,5,26.7,SF,180,2021,ACT,"https://static.www.nfl.com/image/upload/f_auto,q_auto/league/i1jjyltv64sihzzrr04t",4360853
Taylor Rapp,DEN,DB,30,Washington,Washington,6-0,208,7,28.8,LAR,61,2019,DEV,"https://static.www.nfl.com/image/upload/f_auto,q_auto/league/olasn9vezmd1uvomkpws",4039007
Troy Franklin,DEN,WR,11,Oregon,Oregon,6-3,180,2,23.7,DEN,102,2024,ACT,"https://static.www.nfl.com/image/upload/f_auto,q_auto/league/wgfbgxjntyqzojpizgaj",4431280
Tycen Anderson,DEN,DB,6,Toledo,Toledo,6-2,210,4,27.3,CIN,166,2022,ACT,"https://static.www.nfl.com/image/upload/f_auto,q_auto/league/bcj31sdowvuw6gqh5zzj",4257240
Tyler Badie,DEN,RB,28,Missouri,Missouri,5-8,194,4,27.7,BAL,196,2022,ACT,"https://static.www.nfl.com/image/upload/f_auto,q_auto/league/ghhul5piv9vzeih6atsj",4362748
Tyler Miller,DEN,OL,71,Iowa State,Iowa State,6-9,335,0,24.9,,,2026,DEV,"https://static.www.nfl.com/image/upload/f_auto,q_auto/league/mawpqz9m0qcjwcrlabzt",
Tyler Onyedim,DEN,DL,98,Texas A&M,Texas A&M; Iowa State,6-3,292,0,23.4,DEN,66,2026,INA,"https://static.www.nfl.com/image/upload/f_auto,q_auto/league/d2ttkvv1veffjciazekv",4683535
Wil Lutz,DEN,K,3,Georgia State,Georgia State,5-11,184,10,32.3,,,2016,ACT,"https://static.www.nfl.com/image/upload/f_auto,q_auto/league/vcglg5vsgbiyggwibgy0",2985659
Zach Allen,DEN,DL,99,Boston College,Boston College,6-4,285,7,29.1,AZ,65,2019,ACT,"https://static.www.nfl.com/image/upload/f_auto,q_auto/league/ywtnmev7mxnkh1yhbrgx",3915282
Aamaris Brown,DET,DB,24,UNLV,UNLV; University of South Florida; Kansas State,5-10,198,0,24.1,,,2026,DEV,"https://static.www.nfl.com/image/upload/f_auto,q_auto/league/ewwjcwikx8nqcgxdbbu1",
Ahmed Hassanein,DET,DL,99,Boise State,Boise State,6-2,275,1,24.2,DET,196,2025,INA,"https://static.www.nfl.com/image/upload/f_auto,q_auto/league/ok2rok5gpyxwbk4xotyh",4710422
Aidan Hutchinson,DET,DL,97,Michigan,Michigan,6-7,265,4,26.2,DET,2,2022,ACT,"https://static.www.nfl.com/image/upload/f_auto,q_auto/league/gmeczjok2lmjftb6mfof",4372099
Alim McNeill,DET,DL,54,N.C. State,N.C. State,6-2,310,5,26.4,DET,72,2021,ACT,"https://static.www.nfl.com/image/upload/f_auto,q_auto/league/ugdqnlqg8btovqnkzqpw",4361662
Amen Ogbongbemiga,DET,LB,57,Oklahoma State,Oklahoma State,6-0,231,5,28.1,,,2021,ACT,"https://static.www.nfl.com/image/upload/f_auto,q_auto/league/liyabetbezsk9lvuuphd",4038432
Amon-Ra St. Brown,DET,WR,14,USC,USC,6-0,202,5,27.0,DET,112,2021,ACT,"https://static.www.nfl.com/image/upload/f_auto,q_auto/league/fd8nwhm6pvxfyzphzl6i",4374302
Anthony Lucas,DET,DL,61,USC,USC; Texas A&M,6-5,265,0,22.0,,,2026,DEV,"https://static.www.nfl.com/image/upload/f_auto,q_auto/league/jz6cvd4ur6gwmje4eq57",
Avonte Maddox,DET,DB,29,Pittsburgh,Pittsburgh,5-9,191,8,30.5,PHI,125,2018,RES,"https://static.www.nfl.com/image/upload/f_auto,q_auto/league/j2guzeu1ggx5opajjl3h",3123938
Ben Bartch,DET,OL,78,St. John's (MN),St. John's (MN),6-6,315,6,28.2,JAX,116,2020,INA,"https://static.www.nfl.com/image/upload/f_auto,q_auto/league/mayvzeezztsx4l0gbpa5",
Ben Stille,DET,DL,96,Nebraska,Nebraska,6-4,293,4,28.9,,,2022,DEV,"https://static.www.nfl.com/image/upload/f_auto,q_auto/league/wyj9urijpkzuz2noqk2g",4034861
Bishop Fitzgerald,DET,DB,34,USC,USC; N.C. State; Coffeyville CC,5-11,201,0,23.2,,,2026,INA,"https://static.www.nfl.com/image/upload/f_auto,q_auto/league/zwvgypmxdepwclfbylft",
Blake Miller,DET,OL,76,Clemson,Clemson,6-6,317,0,22.6,DET,17,2026,ACT,"https://static.www.nfl.com/image/upload/f_auto,q_auto/league/l4asr5sgiqltqyw0fvf2",
Brian Branch,DET,DB,32,Alabama,Alabama,6-0,203,3,25.0,DET,45,2023,RES,"https://static.www.nfl.com/image/upload/f_auto,q_auto/league/zcri8hzscyasi2nhjdlk",4692025
Brock Wright,DET,TE,89,Notre Dame,Notre Dame,6-5,255,5,27.9,,,2021,ACT,"https://static.www.nfl.com/image/upload/f_auto,q_auto/league/ghmaeofuj87fm97yhvcp",4242392
Cade Mays,DET,OL,64,Tennessee,Tennessee,6-6,325,4,27.5,CAR,199,2022,RES,"https://static.www.nfl.com/image/upload/f_auto,q_auto/league/lw5vbu41hbzw9nychtb7",
Chris Smith,DET,DL,90,Notre Dame,Notre Dame; Harvard,6-1,320,3,26.8,,,2023,DEV,"https://static.www.nfl.com/image/upload/f_auto,q_auto/league/yczxmt0xfnqax2ueqz3j",4367835
Christian Izien,DET,DB,5,Rutgers,Rutgers,5-10,206,3,26.3,,,2023,ACT,"https://static.www.nfl.com/image/upload/f_auto,q_auto/league/mgnzlvalqatapemmfbao",4372459
Christian Mahogany,DET,OL,73,Boston College,Boston College,6-3,327,2,26.0,DET,210,2024,ACT,"https://static.www.nfl.com/image/upload/f_auto,q_auto/league/lsxh6dh5fkomkwvfjlwi",
Chuck Clark,DET,DB,36,Virginia Tech,Virginia Tech,6-0,210,9,31.5,BAL,186,2017,ACT,"https://static.www.nfl.com/image/upload/f_auto,q_auto/league/zysqspeckaavbcyduzmz",3045463
D.J. Reed,DET,DB,4,Kansas State,Kansas State; Cerritos College; Fresno State,5-9,188,8,29.9,SF,142,2018,ACT,"https://static.www.nfl.com/image/upload/f_auto,q_auto/league/haxt1fpxhgnobin0d5sx",3139387
D.J. Wonnum,DET,LB,98,South Carolina,South Carolina,6-5,260,6,28.9,MIN,117,2020,ACT,"https://static.www.nfl.com/image/upload/f_auto,q_auto/league/ajj965d0f6fmtfprrsgo",4038849
Damone Clark,DET,LB,11,LSU,LSU,6-2,239,4,26.3,DAL,176,2022,RES,"https://static.www.nfl.com/image/upload/f_auto,q_auto/league/ffk6kh200c0f38zgzmuo",4362636
Derrick Barnes,DET,LB,55,Purdue,Purdue,6-0,240,5,27.4,DET,113,2021,ACT,"https://static.www.nfl.com/image/upload/f_auto,q_auto/league/bh66oqiavycebvryiy96",4260409
Derrick Moore,DET,LB,8,Michigan,Michigan,6-3,260,0,23.8,DET,44,2026,ACT,"https://static.www.nfl.com/image/upload/f_auto,q_auto/league/cl0rhuy0xdtwwu2fq2os",4685461
Devin Cochran,DET,OL,77,Georgia Tech,Georgia Tech,6-7,322,4,28.2,,,2022,DEV,"https://static.www.nfl.com/image/upload/f_auto,q_auto/league/xbxzyjodpatlv5edyuew",
Devin White,DET,LB,45,LSU,LSU,6-0,252,7,28.6,TB,5,2019,INA,"https://static.www.nfl.com/image/upload/f_auto,q_auto/league/oqv87a7jn67zgnlplnbp",4035434
Dominic Lovett,DET,WR,19,Georgia,Georgia; Missouri,5-10,185,1,23.9,DET,244,2025,DEV,"https://static.www.nfl.com/image/upload/f_auto,q_auto/league/ccplcgivzomevih1erpl",4596439
Elijah Klein,DET,OL,67,Texas-El Paso,Texas-El Paso,6-4,319,2,26.5,TB,220,2024,DEV,"https://static.www.nfl.com/image/upload/f_auto,q_auto/league/lh6e9de7kp7jll2mgkud",
Ennis Rakestraw Jr.,DET,DB,2,Missouri,Missouri,5-11,192,2,24.3,DET,61,2024,ACT,"https://static.www.nfl.com/image/upload/f_auto,q_auto/league/qqwcajwnacksgjhwm4jx",4566092
Eric O'Neill,DET,DL,66,Rutgers,Rutgers; Long Island Coll.-Brooklyn,6-2,250,0,23.3,,,2026,ACT,"https://static.www.nfl.com/image/upload/f_auto,q_auto/league/kexejxtyigkg6wiopccu",4892218
Giovanni Manu,DET,OL,59,University of British Columbia,University of British Columbia,6-7,345,2,25.7,DET,126,2024,RES,"https://static.www.nfl.com/image/upload/f_auto,q_auto/league/cjakbqctg8tjtt0lfgh2",
Hogan Hatten,DET,LS,49,Idaho,Idaho,6-2,239,2,26.2,,,2024,ACT,"https://static.www.nfl.com/image/upload/f_auto,q_auto/league/yzzbpxu7nqjl3crr1srw",
Isaac TeSlaa,DET,WR,18,Arkansas,Arkansas; Hillsdale,6-4,214,1,24.6,DET,70,2025,ACT,"https://static.www.nfl.com/image/upload/f_auto,q_auto/league/ducfhbiy2a8loytcjymn",5123663
Isiah Pacheco,DET,RB,10,Rutgers,Rutgers,5-10,210,4,27.6,KC,251,2022,RES,"https://static.www.nfl.com/image/upload/f_auto,q_auto/league/hkqb4imkum3vxxkwuetl",4361529
Jabari Small,DET,RB,26,Tennessee,Tennessee,5-11,208,2,24.7,,,2024,DEV,"https://static.www.nfl.com/image/upload/f_auto,q_auto/league/jevnypgyk9xm7tcfldvi",4432545
Jack Campbell,DET,LB,46,Iowa,Iowa,6-5,243,3,26.1,DET,18,2023,ACT,"https://static.www.nfl.com/image/upload/f_auto,q_auto/league/gxyqaufhu1wgnomrm8ic",4569465
Jack Fox,DET,P,3,Rice,Rice,6-2,218,7,30.1,,,2019,ACT,"https://static.www.nfl.com/image/upload/f_auto,q_auto/league/iwfepgslxhtx236z6faz",3916370
Jackson Meeks,DET,TE,13,Syracuse,Syracuse,6-2,235,1,23.5,,,2025,ACT,"https://static.www.nfl.com/image/upload/f_auto,q_auto/league/ot3dsyhfhos9epmkqdip",4602788
Jacob Saylors,DET,RB,25,East Tennessee State,East Tennessee State,5-11,195,3,26.6,,,2023,ACT,"https://static.www.nfl.com/image/upload/f_auto,q_auto/league/wunm6abfmikwaewmwkp7",4383429
Jahmyr Gibbs,DET,RB,0,Alabama,Alabama; Georgia Tech,5-9,200,3,24.6,DET,12,2023,ACT,"https://static.www.nfl.com/image/upload/f_auto,q_auto/league/cursejnmmp1i9hnxihkj",4429795
Jake Bates,DET,K,39,Arkansas,Arkansas; Central Arkansas,5-10,202,3,27.6,,,2023,ACT,"https://static.www.nfl.com/image/upload/f_auto,q_auto/league/umhfee7ax7r8gjdt8okb",4689936
Jalen Mills,DET,DB,27,LSU,LSU,6-0,191,10,32.5,PHI,233,2016,ACT,"https://static.www.nfl.com/image/upload/f_auto,q_auto/league/yc4745ngoppgf1syjghl",2976540
Jameson Williams,DET,WR,1,Alabama,Alabama; Ohio State,6-1,182,4,25.5,DET,12,2022,ACT,"https://static.www.nfl.com/image/upload/f_auto,q_auto/league/byiptqggtglvy5qrw5wp",4426388
Jared Goff,DET,QB,16,California,California,6-4,217,10,32.0,LAR,1,2016,ACT,"https://static.www.nfl.com/image/upload/f_auto,q_auto/league/kaicbot8qhzrvddilbtp",3046779
Jimmy Rolder,DET,LB,41,Michigan,Michigan,6-2,238,0,22.7,DET,118,2026,ACT,"https://static.www.nfl.com/image/upload/f_auto,q_auto/league/sivfbjxymtff2cumzr92",4896353
Joe Bachie,DET,LB,35,Michigan State,Michigan State,6-2,235,6,28.6,,,2020,DEV,"https://static.www.nfl.com/image/upload/f_auto,q_auto/league/xnf2vrbsglhet5fkcb9i",4036507
Joshua Dobbs,DET,QB,11,Tennessee,Tennessee,6-3,216,9,31.7,PIT,135,2017,ACT,"https://static.www.nfl.com/image/upload/f_auto,q_auto/league/twaqqjexyi0vgyfbvzis",3044720
Juice Scruggs,DET,OL,70,Penn State,Penn State,6-3,320,3,26.7,HOU,62,2023,ACT,"https://static.www.nfl.com/image/upload/f_auto,q_auto/league/ni0rm2lbpplykzufmm5q",
Keith Abney II,DET,DB,6,Arizona State,Arizona State,5-9,187,0,21.7,DET,157,2026,ACT,"https://static.www.nfl.com/image/upload/f_auto,q_auto/league/pnryzkihoi17eq91ibag",5093004
Kendrick Law,DET,WR,88,Kentucky,Kentucky; Alabama,5-11,203,0,22.3,DET,168,2026,RES,"https://static.www.nfl.com/image/upload/f_auto,q_auto/league/progttkuaumows8eeqsq",4685441
Kerby Joseph,DET,DB,31,Illinois,Illinois,6-0,210,4,25.9,DET,97,2022,RES,"https://static.www.nfl.com/image/upload/f_auto,q_auto/league/jairg6uh8wzsvw6fmtpx",4360383
Khalil Dorsey,DET,DB,30,Northern Arizona,Northern Arizona,5-8,188,6,28.5,,,2020,ACT,"https://static.www.nfl.com/image/upload/f_auto,q_auto/league/fuzzcdksr4hobrl1rdhv",4027919
Larry Borom,DET,OL,79,Missouri,Missouri,6-5,325,5,27.5,CHI,151,2021,ACT,"https://static.www.nfl.com/image/upload/f_auto,q_auto/league/xc2m1opfa6lte7bg0ir6",
Lawrence Keys,DET,WR,80,Tulane,Tulane; Notre Dame,5-11,170,2,26.8,,,2024,DEV,"https://static.www.nfl.com/image/upload/f_auto,q_auto/league/kpmlq4tcvel2rdvwzmsh",
Levi Onwuzurike,DET,DL,95,Washington,Washington,6-3,304,5,28.6,DET,41,2021,ACT,"https://static.www.nfl.com/image/upload/f_auto,q_auto/league/eogdbsiu9aikjofafp7s",4039020
Lucky Jackson,DET,WR,9,Western Kentucky,Western Kentucky,6-0,185,6,29.2,,,2020,DEV,"https://static.www.nfl.com/image/upload/f_auto,q_auto/league/xa9o8zlctwgga8wh5apl",3915802
Luke Altmyer,DET,QB,15,Illinois,Illinois; Mississippi,6-1,210,0,24.0,,,2026,DEV,"https://static.www.nfl.com/image/upload/f_auto,q_auto/league/eriopmdwcfjude1cptvi",4597679
Malcolm Rodriguez,DET,LB,44,Oklahoma State,Oklahoma State,5-11,230,4,27.5,DET,188,2022,ACT,"https://static.www.nfl.com/image/upload/f_auto,q_auto/league/sovw0sc0bm1xltqv2zmb",4241411
Mason Miller,DET,OL,63,North Dakota State,North Dakota State,6-7,305,1,24.9,,,2025,DEV,"https://static.www.nfl.com/image/upload/f_auto,q_auto/league/uedrxx3xea6rhq5vjdic",
Mekhi Wingo,DET,DL,94,LSU,LSU; Missouri,6-0,282,2,23.5,DET,189,2024,INA,"https://static.www.nfl.com/image/upload/f_auto,q_auto/league/pcsyefxgb6i24o0dm3l0",4586333
Miles Frazier,DET,OL,71,LSU,LSU; Florida International,6-6,325,1,25.1,DET,171,2025,ACT,"https://static.www.nfl.com/image/upload/f_auto,q_auto/league/picu4brr7vqypp3fdxtf",
Miles Kitselman,DET,TE,84,Tennessee,Tennessee; Alabama; Hutchinson CC,6-5,251,0,24.0,,,2026,DEV,"https://static.www.nfl.com/image/upload/f_auto,q_auto/league/npc4ce01nogkxzcuqyol",
Nick Whiteside,DET,DB,38,Saginaw Valley State,Saginaw Valley State,6-1,200,3,26.4,,,2023,DEV,"https://static.www.nfl.com/image/upload/f_auto,q_auto/league/xb8o17bhvobonozefq7n",5143915
Payton Turner,DET,DL,92,Houston,Houston,6-6,270,5,27.8,NO,28,2021,RES,"https://static.www.nfl.com/image/upload/f_auto,q_auto/league/chmbnron2iipzbjggg7y",4240269
Penei Sewell,DET,OL,58,Oregon,Oregon,6-5,335,5,26.0,DET,7,2021,ACT,"https://static.www.nfl.com/image/upload/f_auto,q_auto/league/g1g0qefvafsm8hxjpiyy",
Rock Ya-Sin,DET,DB,23,Temple,Temple,5-11,195,7,30.4,IND,34,2019,ACT,"https://static.www.nfl.com/image/upload/f_auto,q_auto/league/llibqv3euvevt5m4ftnj",3910229
Roger McCreary,DET,DB,21,Auburn,Auburn,5-11,188,4,26.7,TEN,35,2022,ACT,"https://static.www.nfl.com/image/upload/f_auto,q_auto/league/elq9ou82mtnczfos63em",4371973
Sam LaPorta,DET,TE,87,Iowa,Iowa,6-3,245,3,25.7,DET,34,2023,ACT,"https://static.www.nfl.com/image/upload/f_auto,q_auto/league/wxlk7ysg2nfq6h6ntdcu",4430027
Seth McLaughlin,DET,OL,65,Ohio State,Ohio State; Alabama,6-4,305,1,25.1,,,2025,ACT,"https://static.www.nfl.com/image/upload/f_auto,q_auto/league/yiahyzi741suhypixaiu",
Sione Vaki,DET,RB,33,Utah,Utah,5-11,216,2,25.2,DET,132,2024,ACT,"https://static.www.nfl.com/image/upload/f_auto,q_auto/league/abqcluf2gbejhiyjjtoz",4912274
Skyler Gill-Howard,DET,DL,50,Texas Tech,Texas Tech,6-0,280,0,24.0,DET,205,2026,ACT,"https://static.www.nfl.com/image/upload/f_auto,q_auto/league/noftllzrysprcx9tktdb",5103940
Tate Ratledge,DET,OL,69,Georgia,Georgia,6-6,322,1,25.5,DET,57,2025,ACT,"https://static.www.nfl.com/image/upload/f_auto,q_auto/league/oqps48sgef7jgn67tvzf",
Tay Martin,DET,WR,17,Oklahoma State,Oklahoma State,6-3,186,4,28.8,,,2022,ACT,"https://static.www.nfl.com/image/upload/f_auto,q_auto/league/ttdp5v9tl0zqmb0dmmuv",4245144
Teddy Bridgewater,DET,QB,5,Louisville,Louisville,6-2,215,12,33.9,MIN,32,2014,RET,"https://static.www.nfl.com/image/upload/f_auto,q_auto/league/vwtggtoroccnjv3h0niq",16728
Thomas Gordon,DET,TE,82,Northwestern,Northwestern,6-4,250,1,26.1,,,2025,DEV,"https://static.www.nfl.com/image/upload/f_auto,q_auto/league/xjwwmrgezlioppxjmkod",
Thomas Harper,DET,DB,12,Notre Dame,Notre Dame; Oklahoma State,5-8,195,2,25.9,,,2024,RES,"https://static.www.nfl.com/image/upload/f_auto,q_auto/league/gndkodhyidctgvcqy1bk",4569323
Tom Kennedy,DET,WR,85,Bryant,Bryant,5-10,194,7,30.2,,,2019,ACT,"https://static.www.nfl.com/image/upload/f_auto,q_auto/league/cbpuzvde5zqalmkjo0dv",3126997
Trevor Nowaske,DET,LB,53,Saginaw Valley State,Saginaw Valley State,6-3,235,3,27.9,,,2023,ACT,"https://static.www.nfl.com/image/upload/f_auto,q_auto/league/m65qtbao0n91lg4gprrp",5144894
Tyleik Williams,DET,DL,91,Ohio State,Ohio State,6-3,328,1,23.6,DET,28,2025,ACT,"https://static.www.nfl.com/image/upload/f_auto,q_auto/league/emppyzljgfew4i1qmdhb",4431615
Tyler Conklin,DET,TE,83,Central Michigan,Central Michigan; Northwood,6-3,245,8,31.2,MIN,157,2018,INA,"https://static.www.nfl.com/image/upload/f_auto,q_auto/league/knjuzxnzsfjxwcjxp5en",3915486
Tyler Lacy,DET,DL,93,Oklahoma State,Oklahoma State,6-4,300,3,26.9,JAX,130,2023,ACT,"https://static.www.nfl.com/image/upload/f_auto,q_auto/league/k0vshmovqi55f4nwuiaf",4361861
Aaron Banks,GB,OL,65,Notre Dame,Notre Dame,6-5,325,5,29.1,SF,48,2021,INA,"https://static.www.nfl.com/image/upload/f_auto,q_auto/league/g0vbcpdlnxiqnkj8m2wl",
Anthony Belton,GB,OL,71,N.C. State,N.C. State; Georgia Military,6-6,336,1,25.6,GB,54,2025,ACT,"https://static.www.nfl.com/image/upload/f_auto,q_auto/league/pk9a1riaxi1hhtjq3ma3",
Anthony Campbell,GB,DL,93,Miami,Miami; Louisiana-Monroe; Independence Comm. College,6-6,307,1,26.1,,,2025,INA,"https://static.www.nfl.com/image/upload/f_auto,q_auto/league/wyekuw2nez6ldavs3kwt",
Arron Mosby,GB,LB,53,Fresno State,Fresno State,6-3,250,4,27.5,,,2022,DEV,"https://static.www.nfl.com/image/upload/f_auto,q_auto/league/siq8ayl7lif3uddghbum",4242996
Barryn Sorrell,GB,LB,99,Texas,Texas,6-3,256,1,23.8,GB,124,2025,ACT,"https://static.www.nfl.com/image/upload/f_auto,q_auto/league/gemsbocowxpzwb9mkv1y",4683643
Benjamin St-Juste,GB,DB,21,Minnesota,Minnesota,6-3,200,5,29.1,WAS,74,2021,ACT,"https://static.www.nfl.com/image/upload/f_auto,q_auto/league/kaebn8lqtuhjgcoywxuz",4258206
Bo Melton,GB,WR,16,Rutgers,Rutgers,5-11,189,4,27.4,SEA,229,2022,ACT,"https://static.www.nfl.com/image/upload/f_auto,q_auto/league/d7hxvsyeufobjykcxhls",4259305
Brandon Cisse,GB,DB,2,South Carolina,South Carolina; N.C. State,6-0,189,0,21.3,GB,52,2026,ACT,"https://static.www.nfl.com/image/upload/f_auto,q_auto/league/jvhlu2ghhxoitpve7ccj",5076652
Brenton Cox Jr.,GB,LB,57,Florida,Florida; Georgia,6-4,250,3,26.7,,,2023,ACT,"https://static.www.nfl.com/image/upload/f_auto,q_auto/league/gip2rjldcyryxybsioer",4361776
Carrington Valentine,GB,DB,24,Kentucky,Kentucky,6-0,189,3,25.1,GB,232,2023,ACT,"https://static.www.nfl.com/image/upload/f_auto,q_auto/league/ihc2w7erwr1dddqf1i2x",4430965
Chris Brooks,GB,RB,30,BYU,BYU; California,6-1,219,3,26.7,,,2023,ACT,"https://static.www.nfl.com/image/upload/f_auto,q_auto/league/ityat7ltppdxe9t0imjd",3149687
Chris McClellan,GB,DL,55,Missouri,Missouri; Florida,6-4,313,0,23.0,GB,77,2026,ACT,"https://static.www.nfl.com/image/upload/f_auto,q_auto/league/jp4ns5e4vgwf7yn5hf1h",4820574
Christian Watson,GB,WR,9,North Dakota State,North Dakota State,6-4,215,4,27.4,GB,34,2022,ACT,"https://static.www.nfl.com/image/upload/f_auto,q_auto/league/tumeg4d32sirkab2xzu5",4248528
Coleman Owen,GB,WR,9,Ohio,Ohio; Northern Arizona,5-10,191,1,25.5,,,2025,DEV,"https://static.www.nfl.com/image/upload/f_auto,q_auto/league/cjnhiftygnypqumwfphq",4578436
Collin Oliver,GB,LB,45,Oklahoma State,Oklahoma State,6-2,240,1,24.0,GB,159,2025,RES,"https://static.www.nfl.com/image/upload/f_auto,q_auto/league/x4fwy10q9nxoupf37ggz",4683059
Cordell Volson,GB,OL,73,North Dakota State,North Dakota State,6-6,310,4,28.2,CIN,136,2022,CUT,"https://static.www.nfl.com/image/upload/f_auto,q_auto/league/o5wcq92vpoiqddixdbyb",
Dalton Cooper,GB,OL,78,Oklahoma State,Oklahoma State; Texas State-San Marcos,6-6,326,1,25.6,,,2025,DEV,"https://static.www.nfl.com/image/upload/f_auto,q_auto/league/d0yblqhzbyrtbs2ikplp",
Damon Bankston,GB,RB,37,New Mexico,New Mexico; Weber State,5-10,186,0,23.5,,,2026,CUT,"https://static.www.nfl.com/image/upload/f_auto,q_auto/league/pfbet5qlrhpv0qaxqbax",4876378
Dani Dennis-Sutton,GB,LB,51,Penn State,Penn State,6-6,256,0,22.8,GB,120,2026,ACT,"https://static.www.nfl.com/image/upload/f_auto,q_auto/league/mcasa9q73bt1zghn7olr",4685315
Daniel Whelan,GB,P,19,UC Davis,UC Davis,6-5,216,4,27.7,,,2022,ACT,"https://static.www.nfl.com/image/upload/f_auto,q_auto/league/sbt08fmtztaze2rm3cef",4248789
David Blay Jr.,GB,DL,64,Miami,Miami; Louisiana Tech; West Chester State University,6-4,305,0,23.7,,,2026,DEV,"https://static.www.nfl.com/image/upload/f_auto,q_auto/league/fnlazwet8rdmu4ynezor",
Devonte Wyatt,GB,DL,95,Georgia,Georgia,6-3,304,4,28.5,GB,28,2022,ACT,"https://static.www.nfl.com/image/upload/f_auto,q_auto/league/q9pxapmh1kbfsrymwbvs",4361791
Dillon Wade,GB,OL,68,Auburn,Auburn; Tulsa,6-3,316,0,24.4,,,2026,DEV,"https://static.www.nfl.com/image/upload/f_auto,q_auto/league/oko5pe8hch9vrmmk9gwx",
Domani Jackson,GB,DB,20,Alabama,Alabama,6-1,194,0,23.9,GB,201,2026,DEV,"https://static.www.nfl.com/image/upload/f_auto,q_auto/league/xlb4gkfxenpvqhs3j4y4",4685402
Donovan Jennings,GB,OL,67,University of South Florida,University of South Florida,6-4,323,2,26.9,,,2024,ACT,"https://static.www.nfl.com/image/upload/f_auto,q_auto/league/nv3cyilbj4znjy7bayvk",
Drake Dabney,GB,TE,49,TCU,TCU; Baylor,6-5,246,1,24.4,,,2025,DEV,"https://static.www.nfl.com/image/upload/f_auto,q_auto/league/olsiufbauh2x6pshrygm",4429466
Edgerrin Cooper,GB,LB,56,Texas A&M,Texas A&M,6-2,229,2,24.9,GB,45,2024,ACT,"https://static.www.nfl.com/image/upload/f_auto,q_auto/league/acedii0jqmzxqm5lqtn8",4430438
Evan Williams,GB,DB,33,Oregon,Oregon; Fresno State,5-11,200,2,25.2,GB,111,2024,ACT,"https://static.www.nfl.com/image/upload/f_auto,q_auto/league/g3utgsouys3kewppbnb5",4428863
Isaiah McDuffie,GB,LB,58,Boston College,Boston College,6-1,224,5,27.2,GB,220,2021,ACT,"https://static.www.nfl.com/image/upload/f_auto,q_auto/league/fjcqgmefc4u0plwp92mq",4239947
Isaiah Neyor,GB,WR,80,Nebraska,Nebraska; Texas; Wyoming,6-4,220,1,25.3,,,2025,DEV,"https://static.www.nfl.com/image/upload/f_auto,q_auto/league/kpmodyntguke9pmvxeyw",4428116
J. Michael Sturdivant,GB,WR,87,Florida,Florida; UCLA; California,6-3,207,0,24.1,,,2026,ACT,"https://static.www.nfl.com/image/upload/f_auto,q_auto/league/jpcewjixipg3iuu2ucyq",4635009
Jacob Monk,GB,OL,62,Duke,Duke,6-3,308,2,25.3,GB,163,2024,INA,"https://static.www.nfl.com/image/upload/f_auto,q_auto/league/njxl8msuzdym9x8egkcl",
Jager Burton,GB,OL,52,Kentucky,Kentucky,6-4,312,0,24.1,GB,153,2026,ACT,"https://static.www.nfl.com/image/upload/f_auto,q_auto/league/zidvccgdzgf3lwkfcg7v",
Javon Bullard,GB,DB,7,Georgia,Georgia,5-10,195,2,24.1,GB,58,2024,ACT,"https://static.www.nfl.com/image/upload/f_auto,q_auto/league/wmpfeci7b5hm44zkjgvb",4688930
Javon Hargrave,GB,DL,98,South Carolina State,South Carolina State,6-2,305,10,33.7,PIT,89,2016,ACT,"https://static.www.nfl.com/image/upload/f_auto,q_auto/league/lfk4hghl74egnyztqxbn",2983055
Jayden Reed,GB,WR,11,Michigan State,Michigan State; Western Michigan,5-11,190,3,26.4,GB,50,2023,RES,"https://static.www.nfl.com/image/upload/f_auto,q_auto/league/uhb95fij1uo92ymqxpmg",4362249
John Williams,GB,OL,73,Cincinnati,Cincinnati,6-4,322,1,24.7,GB,250,2025,ACT,"https://static.www.nfl.com/image/upload/f_auto,q_auto/league/s7uyk7rapujxri5eet9e",
Johnathan Baldwin,GB,DB,37,UNLV,UNLV,6-0,200,1,23.7,,,2025,RES,"https://static.www.nfl.com/image/upload/f_auto,q_auto/league/us9ui2rbj5t4wr3wgyin",4709980
Jonathan Ford,GB,DL,96,Miami,Miami,6-5,338,4,28.0,GB,234,2022,ACT,"https://static.www.nfl.com/image/upload/f_auto,q_auto/league/xvjepsl8u5unzc5qc8fu",4259762
Jonnu Smith,GB,TE,18,Florida International,Florida International,6-3,248,9,31.1,TEN,100,2017,ACT,"https://static.www.nfl.com/image/upload/f_auto,q_auto/league/egd6llghj3n5wfdrqacw",3054212
Jordan Love,GB,QB,10,Utah State,Utah State,6-4,220,6,27.9,GB,26,2020,ACT,"https://static.www.nfl.com/image/upload/f_auto,q_auto/league/thz8stjkbjwddxqnozi5",4036378
Jordan Morgan,GB,OL,77,Arizona,Arizona,6-5,311,2,25.2,GB,25,2024,ACT,"https://static.www.nfl.com/image/upload/f_auto,q_auto/league/sdes0pavbicaj47bfjis",
Jordon Riley,GB,DL,97,Oregon,Oregon; Nebraska; Garden City CC; North Carolina,6-5,338,3,28.4,NYG,243,2023,RES,"https://static.www.nfl.com/image/upload/f_auto,q_auto/league/tr46ilf5hznzboea38ag",4240677
Josh Gesky,GB,OL,76,Illinois,Illinois,6-5,308,0,23.8,,,2026,DEV,"https://static.www.nfl.com/image/upload/f_auto,q_auto/league/z88mhbcxa468vob6dc1c",
Josh Jacobs,GB,RB,8,Alabama,Alabama,5-10,220,7,28.7,OAK,24,2019,EXE,"https://static.www.nfl.com/image/upload/f_auto,q_auto/league/uceokxeo0uqrqms3e3vl",4047365
Josh Whyle,GB,TE,81,Cincinnati,Cincinnati,6-7,250,3,27.1,TEN,147,2023,ACT,"https://static.www.nfl.com/image/upload/f_auto,q_auto/league/an9hxzbzmg6kgkdai022",4360086
Kahlef Hailassie,GB,DB,25,Western Kentucky,Western Kentucky; Oregon,6-1,200,3,25.9,,,2023,DEV,"https://static.www.nfl.com/image/upload/f_auto,q_auto/league/jfgdmued5u7dszjnao85",4373814
Kaleb Johnson,GB,RB,26,Iowa,Iowa,6-0,224,1,23.2,PIT,83,2025,ACT,"https://static.www.nfl.com/image/upload/f_auto,q_auto/league/zpzc4oobxi8nr5dyonob",4819231
Kamal Hadden,GB,DB,36,Tennessee,Tennessee; Independence Comm. College; Auburn,6-1,192,2,25.7,KC,211,2024,ACT,"https://static.www.nfl.com/image/upload/f_auto,q_auto/league/j3ty1m9rac4bqcysjwqp",4427356
Karl Brooks,GB,DL,94,Bowling Green,Bowling Green,6-3,296,3,26.4,GB,179,2023,ACT,"https://static.www.nfl.com/image/upload/f_auto,q_auto/league/ymjmzn6ayhfpkdrtydyd",4373423
Kedon Slovis,GB,QB,17,BYU,BYU; Pittsburgh; USC,6-2,223,2,25.5,,,2024,DEV,"https://static.www.nfl.com/image/upload/f_auto,q_auto/league/hkvrcpwl9tm41jr3b0x3",4428512
Keisean Nixon,GB,DB,25,South Carolina,South Carolina,5-10,200,7,29.3,,,2019,ACT,"https://static.www.nfl.com/image/upload/f_auto,q_auto/league/ousxob0dqjxxmcalq8aa",4259493
Kevin Zeitler,GB,OL,70,Wisconsin,Wisconsin,6-4,315,14,36.6,CIN,27,2012,INA,"https://static.www.nfl.com/image/upload/f_auto,q_auto/league/nfb14plexvixmjo0p5ye",
Kitan Oladapo,GB,DB,27,Oregon State,Oregon State,6-2,217,2,26.0,GB,169,2024,ACT,"https://static.www.nfl.com/image/upload/f_auto,q_auto/league/m3bxo3bhxk2d601bhjs0",4374037
Kristian Welch,GB,LB,54,Iowa,Iowa,6-3,239,6,28.4,,,2020,DEV,"https://static.www.nfl.com/image/upload/f_auto,q_auto/league/iqibbhzklifflirfqvoq",4036153
Laken Tomlinson,GB,OL,72,Duke,Duke,6-3,312,11,34.7,DET,28,2015,ACT,"https://static.www.nfl.com/image/upload/f_auto,q_auto/league/thhrfc9q38r0m1qvfctv",
Lenny Krieg,GB,K,38,,,6-2,208,1,24.6,,,2025,DEV,"https://static.www.nfl.com/image/upload/f_auto,q_auto/league/gxhpy5ntqhgmcwwzn9do",5277116
Lukas Van Ness,GB,LB,90,Iowa,Iowa,6-5,275,3,25.3,GB,13,2023,ACT,"https://static.www.nfl.com/image/upload/f_auto,q_auto/league/qxrs2r7nvy9k6hlkqvyb",4686906
Luke Musgrave,GB,TE,88,Oregon State,Oregon State,6-6,252,3,26.1,GB,42,2023,RES,"https://static.www.nfl.com/image/upload/f_auto,q_auto/league/jchchyfhiycpvm5zzn2y",4428085
MarShawn Lloyd,GB,RB,32,USC,USC; South Carolina,5-9,220,2,25.8,GB,88,2024,ACT,"https://static.www.nfl.com/image/upload/f_auto,q_auto/league/xp8sd4enimuk4zd0aqgu",4429023
Mark Redman,GB,TE,86,Louisville,Louisville; San Diego State,6-5,255,1,24.7,,,2025,ACT,"https://static.www.nfl.com/image/upload/f_auto,q_auto/league/m20wrukxvkgbvs70qpai",
Marlon Jones,GB,DB,46,Vanderbilt,Vanderbilt; Eastern Washington,6-0,190,0,25.1,,,2026,RES,"https://static.www.nfl.com/image/upload/f_auto,q_auto/league/pd1gsbwhqekfnw2rk137",
Matthew Golden,GB,WR,0,Texas,Texas; Houston,5-11,191,1,23.2,GB,23,2025,ACT,"https://static.www.nfl.com/image/upload/f_auto,q_auto/league/dbjki6b0swksr7mk17wk",4701936
Matthew Orzech,GB,LS,42,Azusa Pacific,Azusa Pacific,6-3,245,7,31.5,,,2019,ACT,"https://static.www.nfl.com/image/upload/f_auto,q_auto/league/kfuljmbcfkwx1quqoklv",4422336
Mekhi Becton,GB,OL,73,Louisville,Louisville,6-7,355,6,27.5,NYJ,11,2020,DEV,"https://static.www.nfl.com/image/upload/f_auto,q_auto/league/y8g95wptr3ozqhtj6urd",
Micah Parsons,GB,LB,1,Penn State,Penn State,6-3,250,5,27.4,DAL,12,2021,RES,"https://static.www.nfl.com/image/upload/f_auto,q_auto/league/euivq1hqslszdxjo9xyr",4361423
Nick Niemann,GB,LB,31,Iowa,Iowa,6-3,235,5,28.8,LAC,185,2021,ACT,"https://static.www.nfl.com/image/upload/f_auto,q_auto/league/bstd7dnklbftscfbhskq",4036141
Nyjalik Kelly,GB,LB,47,UCF,UCF; Miami,6-5,263,0,21.9,,,2026,DEV,"https://static.www.nfl.com/image/upload/f_auto,q_auto/league/rlgk5vtxruzwzjptpjdw",4726151
Pierre Strong,GB,RB,22,South Dakota State,South Dakota State,5-11,205,4,27.8,NE,127,2022,DEV,"https://static.www.nfl.com/image/upload/f_auto,q_auto/league/aa0nufst85vutgor1fqv",4249836
Quincy Skinner Jr.,GB,WR,39,Vanderbilt,Vanderbilt,6-2,205,1,23.6,,,2025,DEV,"https://static.www.nfl.com/image/upload/f_auto,q_auto/league/ni8qfwwvpyklvxqseorj",4572380
Savion Williams,GB,WR,83,TCU,TCU,6-4,222,1,24.9,GB,87,2025,RES,"https://static.www.nfl.com/image/upload/f_auto,q_auto/league/snmedlu4ra62snufe1qg",4431487
Sean Rhyan,GB,OL,75,UCLA,UCLA,6-5,320,4,26.1,GB,92,2022,ACT,"https://static.www.nfl.com/image/upload/f_auto,q_auto/league/mvgxrodidjbgfh5reaig",
Skyy Moore,GB,WR,23,Western Michigan,Western Michigan,5-10,195,4,26.1,KC,54,2022,ACT,"https://static.www.nfl.com/image/upload/f_auto,q_auto/league/id9k0aylvgyq8lulabe3",4430191
Thomas Yassmin,GB,TE,84,Utah,Utah,6-5,251,2,27.0,,,2024,RES,"https://static.www.nfl.com/image/upload/f_auto,q_auto/league/dojmdkrk14lr14g8wr3o",
Travis Glover,GB,OL,79,Georgia State,Georgia State,6-6,317,2,26.1,GB,202,2024,ACT,"https://static.www.nfl.com/image/upload/f_auto,q_auto/league/oe6xejpueu02brdqjke1",
Trey Smack,GB,K,28,Florida,Florida,6-1,188,0,23.2,GB,216,2026,ACT,"https://static.www.nfl.com/image/upload/f_auto,q_auto/league/zierx6p09ilfe0o0ckj7",4869461
Tucker Kraft,GB,TE,85,South Dakota State,South Dakota State,6-5,259,3,25.9,GB,78,2023,ACT,"https://static.www.nfl.com/image/upload/f_auto,q_auto/league/n6vu44jbq31rydoaadaq",4572680
Ty'Ron Hopper,GB,LB,59,Missouri,Missouri; Florida,6-2,228,2,25.5,GB,91,2024,ACT,"https://static.www.nfl.com/image/upload/f_auto,q_auto/league/taqdlsfufqh99ucbl5zm",4567406
Tyrod Taylor,GB,QB,6,Virginia Tech,Virginia Tech,6-1,215,15,37.2,BAL,180,2011,ACT,"https://static.www.nfl.com/image/upload/f_auto,q_auto/league/whpztm9akd7yefplp37r",14163
Warren Brinson,GB,DL,91,Georgia,Georgia,6-5,315,1,24.7,GB,198,2025,RES,"https://static.www.nfl.com/image/upload/f_auto,q_auto/league/lv56fxgmoabt9ecuu8eb",4429136
Xavier McKinney,GB,DB,29,Alabama,Alabama,6-0,201,6,27.2,NYG,36,2020,ACT,"https://static.www.nfl.com/image/upload/f_auto,q_auto/league/qhxnlik9ekqnbuxqbvpz",4241470
Zach Bako-Bewele,GB,OL,50,Wake Forest,Wake Forest,6-4,304,4,27.5,GB,140,2022,RES,"https://static.www.nfl.com/image/upload/f_auto,q_auto/league/rciezth8ldzcpq7yqbde",
Zaire Franklin,GB,LB,44,Syracuse,Syracuse,6-0,236,8,30.3,IND,235,2018,ACT,"https://static.www.nfl.com/image/upload/f_auto,q_auto/league/k59qf7qnigqhlxw2652h",3124005
Aaron Graves,HOU,DL,59,Iowa,Iowa,6-5,295,0,23.2,,,2026,DEV,"https://static.www.nfl.com/image/upload/f_auto,q_auto/league/wroubpn0nrxus52ct2dw",
Aiden Fisher,HOU,LB,59,Indiana,Indiana; James Madison,6-1,232,0,22.8,HOU,243,2026,ACT,"https://static.www.nfl.com/image/upload/f_auto,q_auto/league/lrev1iowpsduiovqk1bd",4912338
Aireontae Ersery,HOU,OL,79,Minnesota,Minnesota,6-6,330,1,24.6,HOU,48,2025,ACT,"https://static.www.nfl.com/image/upload/f_auto,q_auto/league/htrlsuwip43rs84xya1u",
Ali Gaye,HOU,DL,95,LSU,LSU; Garden City CC; Arizona Western,6-6,262,3,28.9,,,2023,RES,"https://static.www.nfl.com/image/upload/f_auto,q_auto/league/ctzqzcp9fu31oplmkvnx",4243321
Alijah Huzzie,HOU,DB,28,North Carolina,North Carolina; East Tennessee State,5-10,195,1,25.7,,,2025,DEV,"https://static.www.nfl.com/image/upload/f_auto,q_auto/league/cspeq4wwmy82tmumrh6n",4577494
Austin Brinkman,HOU,LS,40,West Virginia,West Virginia,6-4,241,1,24.3,,,2025,ACT,"https://static.www.nfl.com/image/upload/f_auto,q_auto/league/gfb3bzfuppjf7t7d3kis",
Azeez Al-Shaair,HOU,LB,0,Florida Atlantic,Florida Atlantic,6-2,228,7,29.2,,,2019,INA,"https://static.www.nfl.com/image/upload/f_auto,q_auto/league/s03mktbhybon2whnvytl",3919117
Blake Fisher,HOU,OL,57,Notre Dame,Notre Dame,6-6,312,2,23.5,HOU,59,2024,ACT,"https://static.www.nfl.com/image/upload/f_auto,q_auto/league/icrw8fcxsfxcrmoxlbsf",
Braden Smith,HOU,OL,71,Auburn,Auburn,6-6,315,8,30.5,IND,37,2018,RES,"https://static.www.nfl.com/image/upload/f_auto,q_auto/league/nvotj0nraxfrdeklulgb",
Brevin Jordan,HOU,TE,9,Miami,Miami,6-3,245,5,26.2,HOU,147,2021,ACT,"https://static.www.nfl.com/image/upload/f_auto,q_auto/league/rn42gehfbeflx2px8njx",4362504
British Brooks,HOU,RB,44,North Carolina,North Carolina,5-11,225,2,26.9,,,2024,RES,"https://static.www.nfl.com/image/upload/f_auto,q_auto/league/jethzcwj6oeitvdprnk8",4373273
Bryce Hall,HOU,DB,34,Virginia,Virginia,6-1,201,6,28.9,NYJ,158,2020,DEV,"https://static.www.nfl.com/image/upload/f_auto,q_auto/league/owg6wpperxys7bjablkz",4037584
Bryce Oliver,HOU,WR,31,Youngstown State,Youngstown State; Kentucky,6-1,215,2,26.4,,,2024,CUT,"https://static.www.nfl.com/image/upload/f_auto,q_auto/league/bdsenkkodb8gbdvtivvr",4362617
C.J. Stroud,HOU,QB,7,Ohio State,Ohio State,6-3,218,3,25.0,HOU,2,2023,ACT,"https://static.www.nfl.com/image/upload/f_auto,q_auto/league/tt4zrtxlhifaljhj0rn7",4432577
Cade Stover,HOU,TE,8,Ohio State,Ohio State,6-4,251,2,26.3,HOU,123,2024,ACT,"https://static.www.nfl.com/image/upload/f_auto,q_auto/league/ur3ihcg0rkeqbfiksj5y",4426496
Caleb Johnson,HOU,LB,53,Houston Christian University,Houston Christian University,6-2,220,5,28.2,,,2021,DEV,"https://static.www.nfl.com/image/upload/f_auto,q_auto/league/cpvxwusivovnovmryprc",4051069
Calen Bullock,HOU,DB,2,USC,USC,6-3,190,2,23.4,HOU,78,2024,ACT,"https://static.www.nfl.com/image/upload/f_auto,q_auto/league/dp7ntdi5yxyhikjjsojs",4431517
Chris Braswell,HOU,LB,53,Alabama,Alabama,6-3,255,2,25.0,TB,57,2024,INA,"https://static.www.nfl.com/image/upload/f_auto,q_auto/league/bkta07rjtsatr1mmbvoj",4428989
Collin Wright,HOU,DB,37,Stanford,Stanford,6-0,195,0,22.8,,,2026,ACT,"https://static.www.nfl.com/image/upload/f_auto,q_auto/league/csaxmcy2h46hqxaxqnzp",
Dalton Schultz,HOU,TE,86,Stanford,Stanford,6-5,242,8,30.2,DAL,137,2018,ACT,"https://static.www.nfl.com/image/upload/f_auto,q_auto/league/ym8sbkev8l4scnrc0vd8",3117256
Daniel Sobkowicz,HOU,WR,89,Illinois State,Illinois State,6-3,205,0,24.1,,,2026,DEV,"https://static.www.nfl.com/image/upload/f_auto,q_auto/league/u5goe2agufae3d8jphi9",
Danielle Hunter,HOU,DL,55,LSU,LSU,6-5,263,11,31.9,MIN,88,2015,ACT,"https://static.www.nfl.com/image/upload/f_auto,q_auto/league/l4qdgo10becu0f3zgmyj",2976560
Dare Ogunbowale,HOU,RB,23,Wisconsin,Wisconsin,5-11,205,9,32.4,,,2017,ACT,"https://static.www.nfl.com/image/upload/f_auto,q_auto/league/bsm0k0jkytuiej2riudv",2983509
David Montgomery,HOU,RB,32,Iowa State,Iowa State,5-11,230,7,29.3,CHI,73,2019,ACT,"https://static.www.nfl.com/image/upload/f_auto,q_auto/league/csz0c9roa4pqsccothxg",4035538
Davis Mills,HOU,QB,10,Stanford,Stanford,6-4,225,5,28.0,HOU,67,2021,ACT,"https://static.www.nfl.com/image/upload/f_auto,q_auto/league/jh9e97vjzmeafx8jz0sn",4242546
Derek Stingley Jr.,HOU,DB,24,LSU,LSU,6-1,195,4,25.3,HOU,3,2022,ACT,"https://static.www.nfl.com/image/upload/f_auto,q_auto/league/wkzinciyrrmsqdlda8lj",4426434
Dominique Robinson,HOU,DL,94,Miami (Ohio),Miami (Ohio),6-5,275,4,28.3,CHI,174,2022,ACT,"https://static.www.nfl.com/image/upload/f_auto,q_auto/league/nalbxnwyiyh32j3g6fml",4244300
Dylan Horton,HOU,DL,92,TCU,TCU,6-4,275,3,26.1,HOU,109,2023,RES,"https://static.www.nfl.com/image/upload/f_auto,q_auto/league/tshgju7vbpqdj84bbkfl",4374066
E.J. Speed,HOU,LB,45,Tarleton State,Tarleton State,6-4,230,7,31.4,IND,164,2019,RES,"https://static.www.nfl.com/image/upload/f_auto,q_auto/league/lpqe7elzi8tbt8rjzozd",3071353
Ed Ingram,HOU,OL,69,LSU,LSU,6-3,307,4,27.7,MIN,59,2022,ACT,"https://static.www.nfl.com/image/upload/f_auto,q_auto/league/zcqlqfil0ci0v8eftkub",
Evan Brown,HOU,OL,63,SMU,SMU,6-3,320,8,30.1,,,2018,ACT,"https://static.www.nfl.com/image/upload/f_auto,q_auto/league/hbte4ax1oelubjtq68np",
Febechi Nwaiwu,HOU,OL,64,Oklahoma,Oklahoma; North Texas,6-4,319,0,23.6,HOU,106,2026,INA,"https://static.www.nfl.com/image/upload/f_auto,q_auto/league/clcdhdvcrafpqstv35vp",
Foster Moreau,HOU,TE,87,LSU,LSU,6-4,250,7,29.4,OAK,137,2019,ACT,"https://static.www.nfl.com/image/upload/f_auto,q_auto/league/daymhftrwf00siu0iviy",3843945
Gavin Gerhardt,HOU,OL,58,Cincinnati,Cincinnati,6-4,310,0,24.6,MIN,235,2026,DEV,"https://static.www.nfl.com/image/upload/f_auto,q_auto/league/racsjeolwog7ueun0pab",
George Odum,HOU,DB,36,Central Arkansas,Central Arkansas,6-1,202,8,32.9,,,2018,DEV,"https://static.www.nfl.com/image/upload/f_auto,q_auto/league/watelqvhccitomv8ntny",3050199
Graham Mertz,HOU,QB,18,Florida,Florida; Wisconsin,6-2,215,1,25.8,HOU,197,2025,RES,"https://static.www.nfl.com/image/upload/f_auto,q_auto/league/v5l7nuj0z669orqxga16",4426335
Henry To'oTo'o,HOU,LB,39,Alabama,Alabama; Tennessee,6-2,228,3,25.8,HOU,167,2023,RES,"https://static.www.nfl.com/image/upload/f_auto,q_auto/league/epsdr0zqlm2vrhizwama",4426350
Ja'Marcus Ingram,HOU,DB,20,Buffalo,Buffalo; Texas Tech,6-2,190,4,29.2,,,2022,RES,"https://static.www.nfl.com/image/upload/f_auto,q_auto/league/psqzuevupspatsrfianv",4240059
Jacob Hummel,HOU,LB,33,Iowa State,Iowa State,6-1,229,4,27.8,,,2022,RES,"https://static.www.nfl.com/image/upload/f_auto,q_auto/league/merkvyg5qcq6ykgsqqyb",4241250
Jaden Crumedy,HOU,DL,95,Mississippi State,Mississippi State,6-4,301,2,26.2,CAR,200,2024,ACT,"https://static.www.nfl.com/image/upload/f_auto,q_auto/league/xmbnm0swk4oqrrnslrn5",4362910
Jadeveon Clowney,HOU,DL,90,South Carolina,South Carolina,6-5,266,12,33.6,HOU,1,2014,ACT,"https://static.www.nfl.com/image/upload/f_auto,q_auto/league/iururnv6x8iuzepggwvt",16734
Jake Andrews,HOU,OL,60,Troy,Troy,6-3,308,3,26.9,NE,107,2023,ACT,"https://static.www.nfl.com/image/upload/f_auto,q_auto/league/u4ys7gxfabvumwdj9vgg",
Jake Hansen,HOU,LB,35,Illinois,Illinois,6-1,230,4,28.3,,,2022,ACT,"https://static.www.nfl.com/image/upload/f_auto,q_auto/league/i0pe7wrwhctzokn1kurk",4033812
Jalen Pitre,HOU,DB,5,Baylor,Baylor,6-0,200,4,27.3,HOU,37,2022,ACT,"https://static.www.nfl.com/image/upload/f_auto,q_auto/league/brjf4opiqlbzp5q0wjcj",4241223
Jamal Hill,HOU,LB,56,Oregon,Oregon,6-0,227,2,25.5,HOU,188,2024,ACT,"https://static.www.nfl.com/image/upload/f_auto,q_auto/league/wmxibtpnomcoopmuv8fi",4427479
James Neal III,HOU,OL,70,Iowa State,Iowa State; Independence Comm. College,6-6,325,0,23.6,,,2026,DEV,"https://static.www.nfl.com/image/upload/f_auto,q_auto/league/xidnqx1gkgr7dtdbg3br",
Jared Wayne,HOU,WR,17,Pittsburgh,Pittsburgh,6-3,210,3,26.0,,,2023,ACT,"https://static.www.nfl.com/image/upload/f_auto,q_auto/league/ykhrjnmqsqyprplhy6pl",4430681
Jawhar Jordan,HOU,RB,25,Louisville,Louisville; Syracuse,5-10,185,2,27.1,HOU,205,2024,DEV,"https://static.www.nfl.com/image/upload/f_auto,q_auto/league/mdov6nge0ui6pc3kx0l2",4429939
Jayden Higgins,HOU,WR,81,Iowa State,Iowa State; Eastern Kentucky,6-4,215,1,23.8,HOU,34,2025,RES,"https://static.www.nfl.com/image/upload/f_auto,q_auto/league/s3zuo0ysm9ncxr9o4420",4877706
Jaylin Noel,HOU,WR,13,Iowa State,Iowa State,5-11,200,1,24.1,HOU,79,2025,ACT,"https://static.www.nfl.com/image/upload/f_auto,q_auto/league/ehlm8w4afdqoisx1e6as",4586312
Jaylin Smith,HOU,DB,22,USC,USC,5-11,187,1,22.9,HOU,97,2025,ACT,"https://static.www.nfl.com/image/upload/f_auto,q_auto/league/pm4jhvtvmy4uvtcuxzpj",4594277
Josh Kelly,HOU,WR,85,Texas Tech,Texas Tech; Washington State; Fresno State,6-1,195,1,25.3,,,2025,DEV,"https://static.www.nfl.com/image/upload/f_auto,q_auto/league/wkhsgcxyw5v9dtaqycui",
Junior Tafuna,HOU,DL,91,Utah,Utah,6-3,308,1,25.6,,,2025,DEV,"https://static.www.nfl.com/image/upload/f_auto,q_auto/league/ezsa7ijhjnbirieoi6ud",
K.C. Ossai,HOU,LB,52,Louisiana,Louisiana,6-2,241,1,23.9,,,2025,RES,"https://static.www.nfl.com/image/upload/f_auto,q_auto/league/wuteil048xz2di0jui4x",
Ka'imi Fairbairn,HOU,K,15,UCLA,UCLA,6-0,183,10,32.7,,,2016,ACT,"https://static.www.nfl.com/image/upload/f_auto,q_auto/league/nbrs7doetqydf2rzhjjl",2971573
Kai Kroeger,HOU,P,38,South Carolina,South Carolina,6-4,213,1,24.3,,,2025,ACT,"https://static.www.nfl.com/image/upload/f_auto,q_auto/league/jujimmrfpazu360znwfe",4570033
Kamari Lassiter,HOU,DB,3,Georgia,Georgia,6-0,180,2,23.7,HOU,42,2024,ACT,"https://static.www.nfl.com/image/upload/f_auto,q_auto/league/uu606e3mutdzuzclkl7w",4602699
Kamari Ramsey,HOU,DB,27,USC,USC; UCLA,6-0,202,0,22.1,HOU,141,2026,ACT,"https://static.www.nfl.com/image/upload/f_auto,q_auto/league/h13havquctbz0yop4hlr",4685518
Kayden McDonald,HOU,DL,93,Ohio State,Ohio State,6-3,326,0,21.6,HOU,36,2026,RES,"https://static.www.nfl.com/image/upload/f_auto,q_auto/league/s9qpl2hid4ydacfgnkkj",4870893
Kayshon Boutte,HOU,WR,14,LSU,LSU,5-11,205,3,24.4,NE,187,2023,ACT,"https://static.www.nfl.com/image/upload/f_auto,q_auto/league/mg4icjqhwhnc5uobmau5",4429022
"Kenneth Murray, Jr.",HOU,LB,50,Oklahoma,Oklahoma,6-2,234,6,27.9,LAC,23,2020,ACT,"https://static.www.nfl.com/image/upload/f_auto,q_auto/league/up14o9gpznxgcvc5xtqh",4241394
Keylan Rutledge,HOU,OL,66,Georgia Tech,Georgia Tech; Middle Tennessee State,6-4,320,0,23.1,HOU,26,2026,ACT,"https://static.www.nfl.com/image/upload/f_auto,q_auto/league/qzt4txsu9hhjgy9yiwej",
Lewis Bond,HOU,WR,82,Boston College,Boston College,5-11,190,0,23.4,HOU,204,2026,DEV,"https://static.www.nfl.com/image/upload/f_auto,q_auto/league/qm5q5iilnctaitwwscst",4683159
Logan Hall,HOU,DL,96,Houston,Houston,6-6,283,4,26.5,TB,33,2022,ACT,"https://static.www.nfl.com/image/upload/f_auto,q_auto/league/k96urywunaosfsjayoyk",4360189
M.J. Stewart,HOU,DB,29,North Carolina,North Carolina,5-11,205,8,31.1,TB,53,2018,RES,"https://static.www.nfl.com/image/upload/f_auto,q_auto/league/ks5w5s7jghanmslipbfs",3116679
Mario Edwards,HOU,DL,97,Florida State,Florida State,6-3,280,11,32.7,OAK,35,2015,RES,"https://static.www.nfl.com/image/upload/f_auto,q_auto/league/cia50revbealvw5biusr",2969921
Marlin Klein,HOU,TE,83,Michigan,Michigan,6-6,248,0,24.1,HOU,59,2026,INA,"https://static.www.nfl.com/image/upload/f_auto,q_auto/league/ek2nzhrwqxl6psbm2iic",4695705
Max Pircher,HOU,OL,67,,,6-7,320,5,27.1,,,2021,DEV,"https://static.www.nfl.com/image/upload/f_auto,q_auto/league/ehhmidbkeblltbw6vzhm",
Nathan Thomas,HOU,OL,78,Louisiana-Lafayette,Louisiana-Lafayette,6-5,330,2,25.1,DAL,233,2024,INA,"https://static.www.nfl.com/image/upload/f_auto,q_auto/league/eqezy9smygtojjoshtgt",
Nico Collins,HOU,WR,12,Michigan,Michigan,6-4,222,5,27.6,HOU,89,2021,ACT,"https://static.www.nfl.com/image/upload/f_auto,q_auto/league/fguybjrn1kwflxm5szwq",4258173
Noah Whittington,HOU,RB,26,Oregon,Oregon; Western Kentucky,5-8,205,0,24.8,,,2026,DEV,"https://static.www.nfl.com/image/upload/f_auto,q_auto/league/ofifs3fbgpnv6qtcjain",4432631
Reed Blankenship,HOU,DB,6,Middle Tennessee State,Middle Tennessee State,6-1,200,4,27.6,,,2022,ACT,"https://static.www.nfl.com/image/upload/f_auto,q_auto/league/qbrxcx1jmwabwtdwco3o",4243956
Sabastian Harsh,HOU,DL,54,N.C. State,N.C. State; Wyoming,6-2,255,0,24.9,,,2026,ACT,"https://static.www.nfl.com/image/upload/f_auto,q_auto/league/lfw9jpcytz9nzrz3irxa",4699802
Sam Hagen,HOU,OL,76,South Dakota State,South Dakota State; North Dakota,6-6,320,0,23.1,,,2026,RES,"https://static.www.nfl.com/image/upload/f_auto,q_auto/league/zhkw7gmxfbcebcpoms2j",
Sheldon Rankins,HOU,DL,98,Louisville,Louisville,6-2,305,10,32.5,NO,12,2016,ACT,"https://static.www.nfl.com/image/upload/f_auto,q_auto/league/fql7vunf3y9uladcpt4r",2970204
Solomon Byrd,HOU,DL,50,USC,USC; Wyoming,6-3,250,2,26.9,HOU,238,2024,RES,"https://static.www.nfl.com/image/upload/f_auto,q_auto/league/obotfel6wfs49qectgfh",4361689
Tank Dell,HOU,WR,1,Houston,Houston; Independence Comm. College; Alabama A&M,5-10,165,3,26.9,HOU,69,2023,RES,"https://static.www.nfl.com/image/upload/f_auto,q_auto/league/dzjep37g7fqdweqtncso",4366031
Tommy Togiai,HOU,DL,72,Ohio State,Ohio State,6-2,296,5,27.1,CLE,132,2021,ACT,"https://static.www.nfl.com/image/upload/f_auto,q_auto/league/wwcsyhxr0fsthd6g7yyo",4361366
Tremon Smith,HOU,DB,11,Central Arkansas,Central Arkansas,6-0,190,8,30.2,KC,196,2018,ACT,"https://static.www.nfl.com/image/upload/f_auto,q_auto/league/pva3iicdybaabrrws0sg",3134448
Trent Brown,HOU,OL,77,Florida,Florida; Georgia Military,6-8,380,11,33.5,SF,244,2015,ACT,"https://static.www.nfl.com/image/upload/f_auto,q_auto/league/cszhfhjysj4e5hm4vbwk",
Treyvhon Saunders,HOU,WR,14,Colgate,Colgate,5-10,190,0,22.4,,,2026,DEV,"https://static.www.nfl.com/image/upload/f_auto,q_auto/league/gwouh69b2usqxmfhqxmz",
Wade Woodaz,HOU,LB,30,Clemson,Clemson,6-4,236,0,22.7,HOU,123,2026,ACT,"https://static.www.nfl.com/image/upload/f_auto,q_auto/league/pwnisqesajtuhmgkfhjq",4837286
Will Anderson Jr.,HOU,DL,51,Alabama,Alabama,6-4,243,3,25.1,HOU,3,2023,ACT,"https://static.www.nfl.com/image/upload/f_auto,q_auto/league/ar9k2r2btzzb10zc0xja",4685724
Woody Marks,HOU,RB,4,USC,USC; Mississippi State,5-10,208,1,25.8,HOU,116,2025,ACT,"https://static.www.nfl.com/image/upload/f_auto,q_auto/league/y5ntpcenhhhv98uz2fys",4429059
Wyatt Teller,HOU,OL,75,Virginia Tech,Virginia Tech,6-4,315,8,31.9,BUF,166,2018,ACT,"https://static.www.nfl.com/image/upload/f_auto,q_auto/league/g8mhl0gz8akc6k5hb06i",
Xavier Hutchinson,HOU,WR,19,Iowa State,Iowa State,6-3,210,3,26.4,HOU,205,2023,ACT,"https://static.www.nfl.com/image/upload/f_auto,q_auto/league/n5baiu6sg9wh3xhhewkd",4686422
Zaire Mitchell-Paden,HOU,TE,88,Florida Atlantic,Florida Atlantic,6-5,257,4,27.1,,,2022,DEV,"https://static.www.nfl.com/image/upload/f_auto,q_auto/league/kx728asxtg6ykmh1yblc",4876006
A.J. Haulcy,IND,DB,25,LSU,LSU; Houston; New Mexico,5-11,215,0,22.7,IND,78,2026,ACT,"https://static.www.nfl.com/image/upload/f_auto,q_auto/league/y0kpgevqxihsroz9zqrm",4905664
Adetomiwa Adebawore,IND,DL,95,Northwestern,Northwestern,6-2,280,3,25.6,IND,110,2023,ACT,"https://static.www.nfl.com/image/upload/f_auto,q_auto/league/k4jeqt29qhkxivumi4d7",4427635
Akeem Davis-Gaither,IND,LB,51,Appalachian State,Appalachian State,6-2,238,6,29.0,CIN,107,2020,ACT,"https://static.www.nfl.com/image/upload/f_auto,q_auto/league/cxiu4fzpikl8lhpvooza",3917142
Alec Pierce,IND,WR,14,Cincinnati,Cincinnati,6-3,213,4,26.4,IND,53,2022,RES,"https://static.www.nfl.com/image/upload/f_auto,q_auto/league/qcg9t51wgp3hicavmkmy",4360078
Andrew Ogletree,IND,TE,85,Youngstown State,Youngstown State,6-5,260,4,28.2,IND,192,2022,ACT,"https://static.www.nfl.com/image/upload/f_auto,q_auto/league/wvcrk0ygv3coprxj4cnt",4722908
Anthony Gould,IND,WR,6,Oregon State,Oregon State,5-8,172,2,25.5,IND,142,2024,ACT,"https://static.www.nfl.com/image/upload/f_auto,q_auto/league/irctulz9pij3tzpokih0",4429684
Anthony Richardson,IND,QB,5,Florida,Florida,6-4,244,3,24.4,IND,4,2023,ACT,"https://static.www.nfl.com/image/upload/f_auto,q_auto/league/wrddeyklfcgk9qybgofq",4429084
Arden Key,IND,DL,98,LSU,LSU,6-5,240,8,30.4,OAK,87,2018,ACT,"https://static.www.nfl.com/image/upload/f_auto,q_auto/league/mcd06fmoc92zmekuyxeg",3843843
Ashton Dulin,IND,WR,16,Malone,Malone,6-2,215,7,29.4,,,2019,ACT,"https://static.www.nfl.com/image/upload/f_auto,q_auto/league/ux55cx0r9iwqwmfmaip6",4061956
Austin Ajiake,IND,LB,58,UNLV,UNLV,6-1,220,3,26.3,,,2023,ACT,"https://static.www.nfl.com/image/upload/f_auto,q_auto/league/m5hvok66omx2blhddshk",4374171
Bernhard Raimann,IND,OL,79,Central Michigan,Central Michigan,6-6,305,4,29.0,IND,77,2022,ACT,"https://static.www.nfl.com/image/upload/f_auto,q_auto/league/jfvsfwx5pyuj17pmpbqf",
Bryce Boettcher,IND,LB,50,Oregon,Oregon,6-1,233,0,24.3,IND,135,2026,ACT,"https://static.www.nfl.com/image/upload/f_auto,q_auto/league/yyzig5kcgafowpllis6g",5088571
CJ Allen,IND,LB,53,Georgia,Georgia,6-0,230,0,21.6,IND,53,2026,ACT,"https://static.www.nfl.com/image/upload/f_auto,q_auto/league/qhwxb55xtmpp2mvej4a2",4870598
Caden Curry,IND,DL,55,Ohio State,Ohio State,6-2,257,0,23.4,IND,214,2026,ACT,"https://static.www.nfl.com/image/upload/f_auto,q_auto/league/fccbavqtdowwm9ixvg1w",4685324
Cam Taylor-Britt,IND,DB,29,Nebraska,Nebraska,5-11,200,4,27.0,CIN,60,2022,ACT,"https://static.www.nfl.com/image/upload/f_auto,q_auto/league/zco7tr0hv4kxfytolltt",4361196
Cameron Ball,IND,DL,92,Arkansas,Arkansas,6-3,310,0,23.6,,,2026,DEV,"https://static.www.nfl.com/image/upload/f_auto,q_auto/league/g1i05at0lduxgstpgiel",
Cameron Mitchell,IND,DB,43,Northwestern,Northwestern,5-11,191,3,25.1,CLE,142,2023,RES,"https://static.www.nfl.com/image/upload/f_auto,q_auto/league/zzaqyr81r6bzhvcdss3b",4569607
Camryn Bynum,IND,DB,0,California,California,6-0,200,5,28.2,MIN,125,2021,ACT,"https://static.www.nfl.com/image/upload/f_auto,q_auto/league/rncq5z5bfhigx2atid7k",4035861
Carson Towt,IND,TE,45,Notre Dame,Notre Dame; Northern Arizona,6-7,250,0,25.4,,,2026,RES,"https://static.www.nfl.com/image/upload/f_auto,q_auto/league/nwppu7wrirz6adoxgzij",
Charvarius Ward,IND,DB,7,Middle Tennessee State,Middle Tennessee State; Hinds CC,6-1,195,8,30.4,,,2018,ACT,"https://static.www.nfl.com/image/upload/f_auto,q_auto/league/x2fesww60ua3fkxk2lyc",4037361
D.J. Montgomery,IND,WR,3,Austin Peay,Austin Peay; Holmes County JC,6-1,201,7,29.9,,,2019,RES,"https://static.www.nfl.com/image/upload/f_auto,q_auto/league/tpo0g9pqvia4lh2noq33",4249030
DJ Giddens,IND,RB,21,Kansas State,Kansas State,6-1,212,1,23.1,IND,151,2025,INA,"https://static.www.nfl.com/image/upload/f_auto,q_auto/league/y2vrgvb9kbvfpmyb3yzu",4874509
Dalton Tucker,IND,OL,68,Marshall,Marshall,6-6,307,2,26.6,,,2024,INA,"https://static.www.nfl.com/image/upload/f_auto,q_auto/league/zta0y0vjtsrdhlo2ufmq",
Daniel Jones,IND,QB,17,Duke,Duke,6-5,230,7,29.4,NYG,6,2019,ACT,"https://static.www.nfl.com/image/upload/f_auto,q_auto/league/ohvvctuykzwrpqer7xgl",3917792
Daniel Scott,IND,DB,32,California,California,6-1,208,3,28.0,IND,158,2023,DEV,"https://static.www.nfl.com/image/upload/f_auto,q_auto/league/zhfuulvqg8vgqfx738ey",4242415
Darius Slayton,IND,WR,11,Auburn,Auburn,6-1,190,7,29.7,NYG,171,2019,INA,"https://static.www.nfl.com/image/upload/f_auto,q_auto/league/otksyfjll5waf0vsczeu",3916945
Davon Booth,IND,RB,36,Mississippi State,Mississippi State; Utah State,5-10,192,0,24.7,,,2026,DEV,"https://static.www.nfl.com/image/upload/f_auto,q_auto/league/ddzlehyaaedbtx8lh9vv",5153650
DeForest Buckner,IND,DL,99,Oregon,Oregon,6-7,295,10,32.6,SF,7,2016,ACT,"https://static.www.nfl.com/image/upload/f_auto,q_auto/league/kww3dh6mlqepwp26wxeo",2971282
Deion Burks,IND,WR,80,Oklahoma,Oklahoma; Purdue,5-9,180,0,23.7,IND,254,2026,ACT,"https://static.www.nfl.com/image/upload/f_auto,q_auto/league/mbejyq733jilg3bkpzur",4683151
Eli Pancol,IND,WR,83,Duke,Duke,6-3,205,1,26.3,,,2025,DEV,"https://static.www.nfl.com/image/upload/f_auto,q_auto/league/mbdztlbypqqt66igvkg8",4430288
Elijah Culp,IND,DB,40,James Madison,James Madison; Charlotte; Troy,5-11,187,0,22.1,,,2026,DEV,"https://static.www.nfl.com/image/upload/f_auto,q_auto/league/byz0elucp4zkyalthjs1",
George Gumbs Jr.,IND,DL,52,Florida,Florida; Northern Illinois,6-4,245,0,24.0,IND,156,2026,INA,"https://static.www.nfl.com/image/upload/f_auto,q_auto/league/rdqs2cz8p8tdcnrkuxkt",4708238
Grover Stewart,IND,DL,90,Albany State (GA),Albany State (GA),6-4,315,9,33.0,IND,144,2017,ACT,"https://static.www.nfl.com/image/upload/f_auto,q_auto/league/hevbchcmeeujuwjcyjqv",4058825
Hunter Wohler,IND,DB,30,Wisconsin,Wisconsin,6-2,213,1,23.7,IND,232,2025,ACT,"https://static.www.nfl.com/image/upload/f_auto,q_auto/league/y131etrmbhponqhkoiwp",4432789
Jalen Farmer,IND,OL,62,Kentucky,Kentucky,6-4,312,0,22.2,IND,113,2026,ACT,"https://static.www.nfl.com/image/upload/f_auto,q_auto/league/byzurpewdn5eqgulkwbt",
Jalen Travis,IND,OL,75,Iowa State,Iowa State; Princeton,6-8,339,1,24.5,IND,127,2025,ACT,"https://static.www.nfl.com/image/upload/f_auto,q_auto/league/lamodmrvaqz9i3kpct0b",
Jaylahn Tuimoloau,IND,DL,91,Ohio State,Ohio State,6-4,264,1,23.4,IND,45,2025,ACT,"https://static.www.nfl.com/image/upload/f_auto,q_auto/league/cxkxb1csogr9v773tdib",4566154
Jaylon Carlies,IND,LB,57,Missouri,Missouri,6-3,227,2,25.1,IND,151,2024,ACT,"https://static.www.nfl.com/image/upload/f_auto,q_auto/league/vomau8la4suhjwkjwl7w",4601021
Jerry Tillery,IND,DL,94,Notre Dame,Notre Dame,6-6,295,7,30.0,LAC,28,2019,ACT,"https://static.www.nfl.com/image/upload/f_auto,q_auto/league/cyu9a5fqoidiujclm8dy",3863182
Johnathan Edwards,IND,DB,35,Tulane,Tulane,6-1,200,1,24.9,,,2025,DEV,"https://static.www.nfl.com/image/upload/f_auto,q_auto/league/hvshzsyqwcqqtfdltrpu",4695991
Jonathan Owens,IND,DB,38,Missouri Western,Missouri Western,5-11,204,8,31.2,,,2018,ACT,"https://static.www.nfl.com/image/upload/f_auto,q_auto/league/myxiqs2nqxdlw2pi8rbd",4331768
Jonathan Taylor,IND,RB,28,Wisconsin,Wisconsin,5-10,226,6,27.7,IND,41,2020,ACT,"https://static.www.nfl.com/image/upload/f_auto,q_auto/league/yw46ky6akdm7h7siofu8",4242335
Josh Downs,IND,WR,2,North Carolina,North Carolina,5-9,171,3,25.2,IND,79,2023,ACT,"https://static.www.nfl.com/image/upload/f_auto,q_auto/league/z3wahaxpmc6d5lcxgh60",4688813
Josh Sills,IND,OL,66,Oklahoma State,Oklahoma State; West Virginia,6-6,325,4,28.7,,,2022,DEV,"https://static.www.nfl.com/image/upload/f_auto,q_auto/league/mkkdzgfaz9a7gsdc8fip",
Justin Walley,IND,DB,27,Minnesota,Minnesota,5-11,190,1,24.0,IND,80,2025,ACT,"https://static.www.nfl.com/image/upload/f_auto,q_auto/league/ytqmfgiex6eiihbhhh1y",4682909
Kapena Gushiken,IND,DB,34,Mississippi,Mississippi; Washington State; Saddleback Community College,5-9,187,0,24.1,,,2026,ACT,"https://static.www.nfl.com/image/upload/f_auto,q_auto/league/lckatmectwiyz6w9chhw",5153072
Keenan Allen,IND,WR,10,California,California,6-2,211,13,34.4,SD,76,2013,INA,"https://static.www.nfl.com/image/upload/f_auto,q_auto/league/ri267r6lzfwarh89hsn6",15818
Kenneth Harris,IND,DB,33,Oklahoma State,Oklahoma State,6-0,195,0,24.4,,,2026,DEV,"https://static.www.nfl.com/image/upload/f_auto,q_auto/league/hnfpjatae3feakzaa7oo",
Kenny Fletcher Jr.,IND,TE,48,Rutgers,Rutgers,6-3,252,0,22.8,,,2026,DEV,"https://static.www.nfl.com/image/upload/f_auto,q_auto/league/bkvuyl1uu3e21tet01iz",
Laiatu Latu,IND,DL,97,UCLA,UCLA; Washington,6-5,265,2,25.8,IND,15,2024,ACT,"https://static.www.nfl.com/image/upload/f_auto,q_auto/league/xiuokdmqrzzfn0dseqxw",4426473
Laquon Treadwell,IND,WR,13,Mississippi,Mississippi,6-2,215,10,31.3,MIN,23,2016,ACT,"https://static.www.nfl.com/image/upload/f_auto,q_auto/league/xspi3oy2wlnszorzn6vk",3051889
Luke Rhodes,IND,LS,46,William & Mary,William & Mary,6-2,238,10,33.8,,,2016,ACT,"https://static.www.nfl.com/image/upload/f_auto,q_auto/league/pvnnjrqgkwh2bq2pqvsj",2566045
Luke Tenuta,IND,OL,67,Virginia Tech,Virginia Tech,6-8,314,4,27.1,BUF,209,2022,ACT,"https://static.www.nfl.com/image/upload/f_auto,q_auto/league/kfhb0ihfu23aybocl7oh",
Matt Goncalves,IND,OL,71,Pittsburgh,Pittsburgh,6-6,317,2,25.7,IND,79,2024,ACT,"https://static.www.nfl.com/image/upload/f_auto,q_auto/league/polgp6qzghy6tzyxumof",
Micheal Clemons,IND,DL,72,Texas A&M,Texas A&M,6-5,263,4,29.1,NYJ,117,2022,RES,"https://static.www.nfl.com/image/upload/f_auto,q_auto/league/kzhxrfgymul56cld8omq",4240896
Mitchell Melton,IND,DL,54,Virginia,Virginia; Ohio State,6-3,256,0,24.6,,,2026,DEV,"https://static.www.nfl.com/image/upload/f_auto,q_auto/league/tpedch0htpw3i47jrj7t",
Mo Alie-Cox,IND,TE,81,Virginia Commonwealth Univ.,Virginia Commonwealth Univ.,6-5,267,9,33.1,,,2017,ACT,"https://static.www.nfl.com/image/upload/f_auto,q_auto/league/ivdxijcqlhfwsydxh6ox",2998565
Nick Westbrook-Ikhine,IND,WR,12,Indiana,Indiana,6-2,211,6,29.5,,,2020,ACT,"https://static.www.nfl.com/image/upload/f_auto,q_auto/league/cyczwxlgfksrmurbb1ez",3929785
Nolan Rucci,IND,OL,76,Penn State,Penn State; Wisconsin,6-8,314,0,24.2,,,2026,DEV,"https://static.www.nfl.com/image/upload/f_auto,q_auto/league/ckdp3a3c02je29nzrptb",
Pharaoh Brown,IND,TE,49,Oregon,Oregon,6-5,246,9,32.4,,,2017,DEV,"https://static.www.nfl.com/image/upload/f_auto,q_auto/league/hfgg6gr7aiyzmdzh4iww",2971281
Quenton Nelson,IND,OL,56,Notre Dame,Notre Dame,6-5,330,8,30.6,IND,6,2018,ACT,"https://static.www.nfl.com/image/upload/f_auto,q_auto/league/wltd0vj7zlzbprlshf2d",
Reid Holskey,IND,OL,65,Miami (Ohio),Miami (Ohio),6-6,306,1,24.8,,,2025,DEV,"https://static.www.nfl.com/image/upload/f_auto,q_auto/league/vageavd8s8byl8vzpfzx",
Reuben Lowery,IND,DB,36,Tennessee-Chattanooga,Tennessee-Chattanooga,5-9,204,1,24.2,,,2025,RET,"https://static.www.nfl.com/image/upload/f_auto,q_auto/league/izccmtei81rlnzdahwgb",4692970
Rigoberto Sanchez,IND,P,8,Hawaii,Hawaii; Butte College,6-0,195,9,32.1,,,2017,ACT,"https://static.www.nfl.com/image/upload/f_auto,q_auto/league/i3hjsasd97k3y3z0inc6",3914922
Riley Leonard,IND,QB,15,Notre Dame,Notre Dame; Duke,6-4,216,1,24.1,IND,189,2025,INA,"https://static.www.nfl.com/image/upload/f_auto,q_auto/league/okxcrf19ylc0hwfefmwl",4683423
Roy Mbaeteka,IND,OL,78,,,6-8,330,5,26.7,,,2021,DEV,"https://static.www.nfl.com/image/upload/f_auto,q_auto/league/kfh7fdl1vthjzntlwfyf",
Sauce Gardner,IND,DB,1,Cincinnati,Cincinnati,6-3,190,4,25.1,NYJ,4,2022,ACT,"https://static.www.nfl.com/image/upload/f_auto,q_auto/league/h89jaonhmvvdoitmldkq",4427250
Sedrick Van Pran-Granger,IND,OL,63,Georgia,Georgia,6-4,315,2,25.0,BUF,141,2024,ACT,"https://static.www.nfl.com/image/upload/f_auto,q_auto/league/o6ayso1ks19s4n2te2n9",
Seth McGowan,IND,RB,20,Kentucky,Kentucky; New Mexico State; Butler University; Oklahoma,6-1,223,0,25.0,IND,237,2026,ACT,"https://static.www.nfl.com/image/upload/f_auto,q_auto/league/qkwvvygwu9pan88sivzb",4686468
Spencer Shrader,IND,K,3,Notre Dame,Notre Dame; University of South Florida,6-2,200,2,27.4,,,2024,ACT,"https://static.www.nfl.com/image/upload/f_auto,q_auto/league/upbporhm1frqfpgalfrk",4571557
Tahj Chambers,IND,LB,44,Mississippi,Mississippi; Missouri State,6-2,230,0,26.5,,,2026,ACT,"https://static.www.nfl.com/image/upload/f_auto,q_auto/league/ctykt0vp405vb6pzrh4t",4692638
Tanor Bortolini,IND,OL,60,Wisconsin,Wisconsin,6-4,303,2,24.3,IND,117,2024,ACT,"https://static.www.nfl.com/image/upload/f_auto,q_auto/league/m2gbuydcsxpusvpfcmxk",
Tim Smith,IND,DL,93,Alabama,Alabama,6-4,306,1,24.2,IND,190,2025,ACT,"https://static.www.nfl.com/image/upload/f_auto,q_auto/league/tx60aulznnos1t0ezghe",4692033
Trey Washington,IND,DB,41,Mississippi,Mississippi,5-10,205,1,23.8,,,2025,DEV,"https://static.www.nfl.com/image/upload/f_auto,q_auto/league/ace4vjl3mefeypjbb5hc",4599160
Tyler Warren,IND,TE,84,Penn State,Penn State,6-6,256,1,24.4,IND,14,2025,ACT,"https://static.www.nfl.com/image/upload/f_auto,q_auto/league/f1mfwwrr3qvnxuiackgq",4431459
West Weeks,IND,LB,47,LSU,LSU; Virginia,6-1,230,0,24.2,,,2026,DEV,"https://static.www.nfl.com/image/upload/f_auto,q_auto/league/hcmqnw4vsoxbiju2poyb",
Will Mallory,IND,TE,86,Miami,Miami,6-4,239,3,27.3,IND,162,2023,RES,"https://static.www.nfl.com/image/upload/f_auto,q_auto/league/sl1pkiox1hucg9sxttfi",4362523
Albert Regis,JAX,DL,98,Texas A&M,Texas A&M,6-1,317,0,23.4,JAX,81,2026,ACT,"https://static.www.nfl.com/image/upload/f_auto,q_auto/league/qr8atadqfx7yf2kzrtd5",4612298
Alex Bullock,JAX,WR,,,,,205,0,,,,2026,RET,,
Ameer Abdullah,JAX,RB,20,Nebraska,Nebraska,5-9,203,11,33.3,DET,54,2015,ACT,"https://static.www.nfl.com/image/upload/f_auto,q_auto/league/k8teyeiqchljlm0h5te4",2576336
Anton Harrison,JAX,OL,77,Oklahoma,Oklahoma,6-5,315,3,24.7,JAX,27,2023,ACT,"https://static.www.nfl.com/image/upload/f_auto,q_auto/league/l90ccbzqvqoblyonrdr3",
Antonio Johnson,JAX,DB,6,Texas A&M,Texas A&M,6-2,195,3,24.9,JAX,160,2023,ACT,"https://static.www.nfl.com/image/upload/f_auto,q_auto/league/rrxemukb8b2to7ba2g56",4429168
Arik Armstead,JAX,DL,91,Oregon,Oregon,6-7,292,11,32.9,SF,17,2015,ACT,"https://static.www.nfl.com/image/upload/f_auto,q_auto/league/z6e5xcslnlyaz2egeke3",2971275
Austin Trammell,JAX,WR,81,Rice,Rice,5-10,185,5,28.3,,,2021,DEV,"https://static.www.nfl.com/image/upload/f_auto,q_auto/league/vpkcobp7jdqvk8qwhhtg",4244856
BJ Green II,JAX,DL,95,Colorado,Colorado; Arizona State,6-1,270,1,23.3,,,2025,RES,"https://static.www.nfl.com/image/upload/f_auto,q_auto/league/ozs0yiy8cfhwplbjdgnd",4875266
BJ Ojulari,JAX,LB,56,LSU,LSU,6-2,250,3,24.5,AZ,41,2023,DEV,"https://static.www.nfl.com/image/upload/f_auto,q_auto/league/hjtum8fdd1wbsqa2uufv",4429111
Bhayshul Tuten,JAX,RB,33,Virginia Tech,Virginia Tech; North Carolina A&T,5-9,206,1,24.6,JAX,104,2025,ACT,"https://static.www.nfl.com/image/upload/f_auto,q_auto/league/ryjnphuyjbedmgpx5qqj",4882093
Branson Combs,JAX,LB,50,Wake Forest,Wake Forest,6-3,227,1,26.2,,,2025,ACT,"https://static.www.nfl.com/image/upload/f_auto,q_auto/league/u60bto6dll3fjewspobu",4572704
Brenden Bates,JAX,TE,82,Kentucky,Kentucky,6-5,251,2,27.0,,,2024,DEV,"https://static.www.nfl.com/image/upload/f_auto,q_auto/league/beeomv1jxgkwgqubgef9",4362603
Brenton Strange,JAX,TE,85,Penn State,Penn State,6-4,253,3,25.8,JAX,61,2023,ACT,"https://static.www.nfl.com/image/upload/f_auto,q_auto/league/devxzxwf1sfficgncggm",4430539
Brian Thomas Jr.,JAX,WR,7,LSU,LSU,6-2,209,2,24.0,JAX,23,2024,ACT,"https://static.www.nfl.com/image/upload/f_auto,q_auto/league/plnekkriys4cm11rnxwl",4432773
Bryan Thomas Jr.,JAX,DL,57,South Carolina,South Carolina,6-2,235,0,22.3,,,2026,ACT,"https://static.www.nfl.com/image/upload/f_auto,q_auto/league/c46kdynfmqxdt9zlm1kn",4836472
C.J. Williams,JAX,WR,18,Stanford,Stanford; Wisconsin,6-1,205,0,24.0,JAX,203,2026,INA,"https://static.www.nfl.com/image/upload/f_auto,q_auto/league/svmb2citno2f6zqc9qbm",5085024
Caleb Ransaw,JAX,DB,27,Tulane,Tulane; Troy,6-0,196,1,23.8,JAX,88,2025,ACT,"https://static.www.nfl.com/image/upload/f_auto,q_auto/league/mbumdzljtupecctayylo",4683347
Cam Little,JAX,K,39,Arkansas,Arkansas,6-1,172,2,23.1,JAX,212,2024,ACT,"https://static.www.nfl.com/image/upload/f_auto,q_auto/league/mc9goepr7mglrx6ek1fi",4686361
Cam'Ron Silmon-Craig,JAX,DB,42,Colorado,Colorado; Jackson State University,5-10,185,1,23.9,,,2025,DEV,"https://static.www.nfl.com/image/upload/f_auto,q_auto/league/sdlpu4khplzqtchb5syg",4877475
Chris Rodriguez Jr.,JAX,RB,24,Kentucky,Kentucky,5-11,224,3,27.0,WAS,193,2023,ACT,"https://static.www.nfl.com/image/upload/f_auto,q_auto/league/pknd5uajvpvfd8c744im",4362619
Christian Braswell,JAX,DB,21,Rutgers,Rutgers; Temple,5-11,185,3,27.0,JAX,202,2023,INA,"https://static.www.nfl.com/image/upload/f_auto,q_auto/league/yubjkyjtl24cmt20ycbw",4257580
Cole Van Lanen,JAX,OL,70,Wisconsin,Wisconsin,6-4,312,5,28.5,GB,214,2021,ACT,"https://static.www.nfl.com/image/upload/f_auto,q_auto/league/oe5pfxi1iqbeskvwciii",
DaVon Hamilton,JAX,DL,52,Ohio State,Ohio State,6-4,335,6,29.7,JAX,73,2020,ACT,"https://static.www.nfl.com/image/upload/f_auto,q_auto/league/td7ok6b8m35zy2bnlvta",3915520
Dane Jackson,JAX,DB,38,Pittsburgh,Pittsburgh,5-11,180,6,29.9,BUF,239,2020,RET,"https://static.www.nfl.com/image/upload/f_auto,q_auto/league/pd5hj8idoykjrnwurduz",3895791
Daniel Faalele,JAX,OL,68,Minnesota,Minnesota,6-8,380,4,26.9,BAL,110,2022,INA,"https://static.www.nfl.com/image/upload/f_auto,q_auto/league/kwwlwjresostl9pd7yvz",
Danny Striggow,JAX,DL,92,Minnesota,Minnesota,6-5,255,1,24.2,,,2025,ACT,"https://static.www.nfl.com/image/upload/f_auto,q_auto/league/lcyhsnmb991cgvwthcy0",4573319
Dennis Gardeck,JAX,LB,47,Sioux Falls,Sioux Falls; West Virginia State,6-0,232,8,32.2,,,2018,ACT,"https://static.www.nfl.com/image/upload/f_auto,q_auto/league/wmk2eix7vcc9aglty2ga",4334300
Eli Cox,JAX,OL,66,Kentucky,Kentucky,6-4,311,1,26.0,,,2025,DEV,"https://static.www.nfl.com/image/upload/f_auto,q_auto/league/uhtlmj9acfquzglsfld8",
Emmanuel Pregnon,JAX,OL,75,Oregon,Oregon; USC; Wyoming,6-4,318,0,24.6,JAX,88,2026,ACT,"https://static.www.nfl.com/image/upload/f_auto,q_auto/league/ujjke8d6jxr3wrwsslqh",
Eric Murray,JAX,DB,29,Minnesota,Minnesota,5-11,199,10,32.8,KC,106,2016,ACT,"https://static.www.nfl.com/image/upload/f_auto,q_auto/league/azsral4artrpwkjhh7cy",2970716
Ezra Cleveland,JAX,OL,76,Boise State,Boise State,6-6,310,6,28.4,MIN,58,2020,ACT,"https://static.www.nfl.com/image/upload/f_auto,q_auto/league/klbtf9vddho85uv3azli",
Foyesade Oluokun,JAX,LB,23,Yale,Yale,6-2,230,8,31.2,ATL,200,2018,ACT,"https://static.www.nfl.com/image/private/f_auto,q_auto/league/ldsewkhf1k2uxwcud0bj",3050073
Garrett DiGiorgio,JAX,OL,74,UCLA,UCLA,6-7,319,0,23.5,,,2026,RES,"https://static.www.nfl.com/image/upload/f_auto,q_auto/league/fkpmi3qwjwkjcluhjkhn",
Geron Christian,JAX,OL,79,Louisville,Louisville,6-5,315,8,30.1,WAS,74,2018,DEV,"https://static.www.nfl.com/image/upload/f_auto,q_auto/league/op7pv7rqvcvolr41t285",
J'Mari Taylor,JAX,RB,30,Virginia,Virginia; North Carolina Central,5-9,204,0,24.6,,,2026,DEV,"https://static.www.nfl.com/image/upload/f_auto,q_auto/league/bllauluwnbc34h7uzuom",4713118
Jabbar Muhammad,JAX,DB,37,Oregon,Oregon; Washington; Oklahoma State,5-10,185,1,24.8,,,2025,ACT,"https://static.www.nfl.com/image/upload/f_auto,q_auto/league/ik6uynmak0jbmwnjztd3",
Jack Kiser,JAX,LB,54,Notre Dame,Notre Dame,6-2,231,1,26.1,JAX,107,2025,INA,"https://static.www.nfl.com/image/upload/f_auto,q_auto/league/sy2upcvt2tvupphxlasc",4427716
Jahlani Tavai,JAX,LB,31,Hawaii,Hawaii,6-2,255,7,30.0,DET,43,2019,ACT,"https://static.www.nfl.com/image/upload/f_auto,q_auto/league/srlewkb9utcfby1x0bhh",3124587
Jakobi Meyers,JAX,WR,3,N.C. State,N.C. State,6-2,200,7,29.9,,,2019,ACT,"https://static.www.nfl.com/image/upload/f_auto,q_auto/league/zrs4ij8mvw7wr1uujwew",3916433
Jalen Huskey,JAX,DB,22,Maryland,Maryland; Bowling Green,6-2,201,0,22.5,JAX,100,2026,INA,"https://static.www.nfl.com/image/upload/f_auto,q_auto/league/jowxyw99dao1tfevtpxm",4912185
Jalen McLeod,JAX,LB,35,Auburn,Auburn; Appalachian State,6-1,236,1,24.3,JAX,194,2025,ACT,"https://static.www.nfl.com/image/upload/f_auto,q_auto/league/kwm2mbjg8rmeeurzlrrr",4576129
Jared Bartlett,JAX,LB,45,Cincinnati,Cincinnati; West Virginia,6-2,237,1,25.5,,,2025,RES,"https://static.www.nfl.com/image/upload/f_auto,q_auto/league/xvtfeuh8yeeunr7duz6f",
Jarrian Jones,JAX,DB,4,Florida State,Florida State; Mississippi State,5-11,191,2,25.4,JAX,96,2024,ACT,"https://static.www.nfl.com/image/upload/f_auto,q_auto/league/zauu0tt26tt32qevyvtm",4426448
Joey Aguilar,JAX,QB,17,Tennessee,Tennessee; Appalachian State; Diablo Valley College,6-3,225,0,25.3,,,2026,DEV,"https://static.www.nfl.com/image/upload/f_auto,q_auto/league/ftafwh4qrzhpxp8kq0ca",
Jonah Monheim,JAX,OL,60,USC,USC,6-5,310,1,24.3,JAX,221,2025,ACT,"https://static.www.nfl.com/image/upload/f_auto,q_auto/league/h1fegs3rrlvyrkcdx4dy",
Jordan White,JAX,OL,,,,,309,0,,,,2026,RET,,
Josh Cameron,JAX,WR,19,Baylor,Baylor,6-1,224,0,23.6,JAX,191,2026,ACT,"https://static.www.nfl.com/image/upload/f_auto,q_auto/league/jwb3wyhoqqq52mfiyxxc",4879194
Josh Hines-Allen,JAX,DL,41,Kentucky,Kentucky,6-5,255,7,29.2,JAX,7,2019,ACT,"https://static.www.nfl.com/image/upload/f_auto,q_auto/league/q8vaxyizpzrlwlhsthvl",3915239
Jourdan Lewis,JAX,DB,2,Michigan,Michigan,5-10,190,9,31.1,DAL,92,2017,ACT,"https://static.www.nfl.com/image/upload/f_auto,q_auto/league/pfd9esqxpi8xgedprdls",3045207
Kaevon Merriweather,JAX,DB,26,Iowa,Iowa,6-0,207,3,26.8,,,2023,DEV,"https://static.www.nfl.com/image/upload/f_auto,q_auto/league/f0eu5qpulyo3hzh4524f",4360502
Kilian Zierer,JAX,OL,78,Auburn,Auburn,6-7,312,3,26.6,,,2023,DEV,"https://static.www.nfl.com/image/upload/f_auto,q_auto/league/ihrfeerkholmjmfmje3u",
LeQuint Allen Jr.,JAX,RB,5,Syracuse,Syracuse,6-0,201,1,22.2,JAX,236,2025,ACT,"https://static.www.nfl.com/image/upload/f_auto,q_auto/league/i0utigksuuvo2njb9wtk",4911851
Logan Cooke,JAX,P,9,Mississippi State,Mississippi State,6-5,230,8,31.2,JAX,247,2018,ACT,"https://static.www.nfl.com/image/upload/f_auto,q_auto/league/qy2pmeevxy1jndpdq1ai",3115480
Matt Dickerson,JAX,DL,93,UCLA,UCLA,6-5,300,8,30.9,,,2018,ACT,"https://static.www.nfl.com/image/upload/f_auto,q_auto/league/gtdzbosdflkvbsm8rwiv",3134316
Michael Wortham,JAX,WR,0,Montana,Montana; Eastern Washington,5-9,190,0,24.3,,,2026,DEV,"https://static.www.nfl.com/image/upload/f_auto,q_auto/league/vu5tb8rwe3rwu9vlpzvj",
Montaric Brown,JAX,DB,1,Arkansas,Arkansas,6-0,190,4,27.1,JAX,222,2022,INA,"https://static.www.nfl.com/image/upload/f_auto,q_auto/league/jslgwquwwlbotxr8f1jz",4242149
Nate Boerkircher,JAX,TE,87,Texas A&M,Texas A&M; Nebraska,6-5,250,0,25.1,JAX,56,2026,ACT,"https://static.www.nfl.com/image/upload/f_auto,q_auto/league/bxglkvzpx2y40u25xaso",4686248
Nick Mullens,JAX,QB,14,Southern Mississippi,Southern Mississippi,6-1,210,9,31.6,,,2017,DEV,"https://static.www.nfl.com/image/upload/f_auto,q_auto/league/haxwyajgngz6quuyqg19",3059989
Parker Hughes,JAX,LB,53,Middle Tennessee State,Middle Tennessee State,6-1,226,0,23.8,JAX,240,2026,RES,"https://static.www.nfl.com/image/upload/f_auto,q_auto/league/sgynne35cxl9y5fyzurs",4880861
Parker Washington,JAX,WR,11,Penn State,Penn State,5-10,204,3,24.6,JAX,185,2023,ACT,"https://static.www.nfl.com/image/upload/f_auto,q_auto/league/yn0hc5xrz5nqeccg8two",4432620
Patrick Mekari,JAX,OL,65,California,California,6-4,308,7,29.2,,,2019,RES,"https://static.www.nfl.com/image/upload/f_auto,q_auto/league/zexcgdqu1lea3ecum5vl",
Quinn Ewers,JAX,QB,10,Texas,Texas; Ohio State,6-2,210,1,23.6,MIA,231,2025,ACT,"https://static.www.nfl.com/image/upload/f_auto,q_auto/league/bbcwyjuhyijtqe7jo274",4889929
Quintin Morris,JAX,TE,80,Bowling Green,Bowling Green,6-2,243,5,27.7,,,2021,ACT,"https://static.www.nfl.com/image/upload/f_auto,q_auto/league/auqtvapzdtpdxg6myw6b",4244049
Rayuan Lane III,JAX,DB,25,Navy,Navy,5-11,197,1,23.2,JAX,200,2025,ACT,"https://static.www.nfl.com/image/upload/f_auto,q_auto/league/emzamsuwuuxtpw4natjw",4880675
Robert Hainsey,JAX,OL,73,Notre Dame,Notre Dame,6-4,306,5,28.2,TB,95,2021,ACT,"https://static.www.nfl.com/image/upload/f_auto,q_auto/league/umagumf4xf5ubalpckut",
Ross Matiscik,JAX,LS,46,Baylor,Baylor,6-0,240,6,30.1,,,2020,ACT,"https://static.www.nfl.com/image/upload/f_auto,q_auto/league/xpeopg39g2uqbfu71hai",
Ruke Orhorhoro,JAX,DL,99,Clemson,Clemson,6-4,295,2,25.0,ATL,35,2024,ACT,"https://static.www.nfl.com/image/upload/f_auto,q_auto/league/oeufrmiwlvyce7vggwrx",4430271
Sam Mustipher,JAX,OL,69,Notre Dame,Notre Dame,6-3,306,7,30.2,,,2019,RES,"https://static.www.nfl.com/image/upload/f_auto,q_auto/league/qk1zzlke1gkuerfe8kc4",
T.J. Bollers,JAX,DL,94,California,California; Wisconsin,6-2,305,0,23.9,,,2026,DEV,"https://static.www.nfl.com/image/upload/f_auto,q_auto/league/uq2bnnr2iea1gjvi0p3z",
Tanner Koziol,JAX,TE,88,Houston,Houston; Ball State,6-7,247,0,22.7,JAX,164,2026,ACT,"https://static.www.nfl.com/image/upload/f_auto,q_auto/league/yx0na9fufgv3snuyecbd",4917427
Tim Jones,JAX,WR,13,Southern Mississippi,Southern Mississippi,6-1,202,5,28.4,,,2021,DEV,"https://static.www.nfl.com/image/upload/f_auto,q_auto/league/rgthh35tnl9dbi7jshxv",4245131
Travis Hunter,JAX,WR,12,Colorado,Colorado; Jackson State University,6-1,185,1,23.4,JAX,2,2025,ACT,"https://static.www.nfl.com/image/upload/f_auto,q_auto/league/absw1gfqoiztajjagmf6",4685415
Travon Walker,JAX,DL,44,Georgia,Georgia,6-5,275,4,25.8,JAX,1,2022,ACT,"https://static.www.nfl.com/image/upload/f_auto,q_auto/league/hqxxsws12bmy1jyw6ocj",4426349
Trebor Pena,JAX,WR,86,Penn State,Penn State; Syracuse,5-10,187,0,24.6,,,2026,DEV,"https://static.www.nfl.com/image/upload/f_auto,q_auto/league/odtp8h91i2q8mjwbtypa",4575862
Trevor Lawrence,JAX,QB,16,Clemson,Clemson,6-6,220,5,27.0,JAX,1,2021,ACT,"https://static.www.nfl.com/image/upload/f_auto,q_auto/league/k9uzdernqkx7oquy7dkg",4360310
Trystan Colon,JAX,OL,69,Missouri,Missouri,6-3,315,6,28.5,,,2020,RET,"https://static.www.nfl.com/image/upload/f_auto,q_auto/league/qbh3ipmfn5vfxd8a3cis",
Ventrell Miller,JAX,LB,51,Florida,Florida,6-0,230,3,27.7,JAX,121,2023,ACT,"https://static.www.nfl.com/image/upload/f_auto,q_auto/league/gmxgq1mjnbdjjpcggamn",4240610
Walker Little,JAX,OL,72,Stanford,Stanford,6-7,325,5,27.5,JAX,45,2021,ACT,"https://static.www.nfl.com/image/upload/f_auto,q_auto/league/qcwaedluzb9hvdtd1uxy",
Wesley Williams,JAX,DL,90,Duke,Duke,6-3,256,0,22.0,JAX,119,2026,INA,"https://static.www.nfl.com/image/upload/f_auto,q_auto/league/celtgaqzzg1pgqky5yju",4832922
Wyatt Milum,JAX,OL,64,West Virginia,West Virginia,6-6,317,1,23.8,JAX,89,2025,ACT,"https://static.www.nfl.com/image/upload/f_auto,q_auto/league/g2oqodrisukyvsy0ktdq",
Zach Durfee,JAX,DL,58,Washington,Washington; Sioux Falls,6-5,258,0,25.0,JAX,233,2026,RES,"https://static.www.nfl.com/image/upload/f_auto,q_auto/league/gcjqllkpo5cx41ocdvbt",5121433
Alohi Gilman,KC,DB,17,Notre Dame,Notre Dame,5-10,202,6,29.1,LAC,186,2020,ACT,"https://static.www.nfl.com/image/upload/f_auto,q_auto/league/hjfezaosf4mpowfzltjt",4039413
Andrew Armstrong,KC,WR,85,Arkansas,Arkansas; East Texas A&M,6-4,210,1,25.9,,,2025,DEV,"https://static.www.nfl.com/image/upload/f_auto,q_auto/league/hkw32xqnimm6dvx2qfvl",5093923
Ashton Gillotte,KC,DL,97,Louisville,Louisville,6-3,270,1,23.9,KC,66,2025,ACT,"https://static.www.nfl.com/image/upload/f_auto,q_auto/league/bk23ynvyi8g8ppbwb764",4684432
Ben VanSumeren,KC,RB,47,Michigan State,Michigan State; Michigan,6-2,231,3,26.4,,,2023,ACT,"https://static.www.nfl.com/image/upload/f_auto,q_auto/league/ncnb1nwr2b1usus557xy",4372070
Brashard Smith,KC,RB,24,SMU,SMU; Miami,5-10,196,1,23.5,KC,228,2025,ACT,"https://static.www.nfl.com/image/upload/f_auto,q_auto/league/xnf4x6b9a2yunsc0gaej",4596602
Bryson Eason,KC,DL,94,Tennessee,Tennessee,6-2,323,0,24.7,,,2026,ACT,"https://static.www.nfl.com/image/upload/f_auto,q_auto/league/j1jl72vreavg4ogitcln",4431561
Cam Jones,KC,LB,45,Indiana,Indiana,6-2,228,3,27.0,,,2023,DEV,"https://static.www.nfl.com/image/upload/f_auto,q_auto/league/jwrgy9biwoeqssscqysr",4371959
Chamarri Conner,KC,DB,27,Virginia Tech,Virginia Tech,6-0,202,3,26.2,KC,119,2023,ACT,"https://static.www.nfl.com/image/upload/f_auto,q_auto/league/fzzbwoogfbowestdz7gz",4361964
Chris Jones,KC,DL,95,Mississippi State,Mississippi State,6-6,308,10,32.3,KC,37,2016,ACT,"https://static.www.nfl.com/image/upload/f_auto,q_auto/league/oxaqzhq5bvdoqfcvgy3g",3044859
Christian Roland-Wallace,KC,DB,30,USC,USC; Arizona,5-11,200,2,24.9,,,2024,ACT,"https://static.www.nfl.com/image/upload/f_auto,q_auto/league/foy9ykwmm3vcqgfviowz",4428383
Cole Christiansen,KC,LB,48,Army,Army,6-1,230,6,29.2,,,2020,ACT,"https://static.www.nfl.com/image/upload/f_auto,q_auto/league/x74ojmotlufzvz8jmetl",4036959
Cooper McDonald,KC,LB,44,TCU,TCU; San Diego State,6-3,240,1,25.2,,,2025,RES,"https://static.www.nfl.com/image/upload/f_auto,q_auto/league/uuogsrg8u8cewevs0fxi",4567826
Creed Humphrey,KC,OL,52,Oklahoma,Oklahoma,6-4,302,5,27.3,KC,63,2021,ACT,"https://static.www.nfl.com/image/upload/f_auto,q_auto/league/avv8nnqnrgv3os85v9zm",
Cyrus Allen,KC,WR,13,Cincinnati,Cincinnati; Texas A&M; Louisiana Tech,5-11,180,0,23.7,KC,176,2026,ACT,"https://static.www.nfl.com/image/upload/f_auto,q_auto/league/qput6hanukjbatuao8ca",4912218
D'Arco Perkins-McAllister,KC,DB,46,Louisiana-Monroe,Louisiana-Monroe,6-1,195,0,24.1,,,2026,DEV,"https://static.www.nfl.com/image/upload/f_auto,q_auto/league/xzgdbw3nuxkm0icnbiqj",
DeShon Singleton,KC,DB,25,Nebraska,Nebraska; Hutchinson CC,6-3,210,0,23.7,,,2026,DEV,,
Diego Pounds,KC,OL,61,Mississippi,Mississippi; North Carolina,6-6,335,0,23.8,,,2026,INA,"https://static.www.nfl.com/image/upload/f_auto,q_auto/league/nqdp2pjqzdswrnxabw2j",
Drue Tranquill,KC,LB,23,Notre Dame,Notre Dame,6-2,234,7,31.1,LAC,130,2019,ACT,"https://static.www.nfl.com/image/upload/f_auto,q_auto/league/l8faaklzbj7o6moxy0di",3129310
Emmanuel Ogbah,KC,DL,90,Oklahoma State,Oklahoma State,6-4,275,10,32.9,CLE,32,2016,DEV,"https://static.www.nfl.com/image/upload/f_auto,q_auto/league/uaj08gf9lrokgxgrbgcn",2977740
Emmett Johnson,KC,RB,10,Nebraska,Nebraska,5-10,202,0,23.0,KC,161,2026,ACT,"https://static.www.nfl.com/image/upload/f_auto,q_auto/league/avdz4njz1slqn7ktqcuq",4832955
Ethan Downs,KC,LB,40,Oklahoma,Oklahoma,6-4,263,1,24.0,,,2025,RES,"https://static.www.nfl.com/image/upload/f_auto,q_auto/league/somszafluhppwnnplu8i",4431534
Ethan Driskell,KC,OL,75,Marshall,Marshall,6-8,313,2,26.3,,,2024,DEV,"https://static.www.nfl.com/image/upload/f_auto,q_auto/league/ovnb3ifximbr58ro3mkt",
Felix Anudike-Uzomah,KC,DL,91,Kansas State,Kansas State,6-4,255,3,24.7,KC,31,2023,ACT,"https://static.www.nfl.com/image/upload/f_auto,q_auto/league/exgukbhcnyzn7sntq0jk",4612387
Garrett Nussmeier,KC,QB,19,LSU,LSU,6-1,203,0,24.7,KC,249,2026,INA,"https://static.www.nfl.com/image/upload/f_auto,q_auto/league/uyidfkzfhuqaks3pmdeo",4567747
George Karlaftis,KC,DL,56,Purdue,Purdue,6-4,263,4,25.5,KC,30,2022,ACT,"https://static.www.nfl.com/image/upload/f_auto,q_auto/league/deudgtxl8ofjcz8zpzzi",4426659
Harrison Butker,KC,K,7,Georgia Tech,Georgia Tech,6-4,205,9,31.2,CAR,233,2017,ACT,"https://static.www.nfl.com/image/upload/f_auto,q_auto/league/yphf8avl8ji0ncdohabz",3055899
Hunter Nourzad,KC,OL,64,Penn State,Penn State; Cornell,6-3,320,2,25.9,KC,159,2024,ACT,"https://static.www.nfl.com/image/upload/f_auto,q_auto/league/r81y8mo3z0v6ts0jjnwh",
Jack Cochrane,KC,LB,43,South Dakota,South Dakota,6-3,236,4,27.7,,,2022,ACT,"https://static.www.nfl.com/image/upload/f_auto,q_auto/league/oayygmhoisjcedhuqm23",4249766
Jack Pyburn,KC,LB,54,LSU,LSU; Florida,6-4,258,0,23.1,,,2026,INA,"https://static.www.nfl.com/image/upload/f_auto,q_auto/league/z9fvkrqzww2zmzwibvn9",
Jaden Hicks,KC,DB,21,Washington State,Washington State,6-1,212,2,24.1,KC,133,2024,ACT,"https://static.www.nfl.com/image/upload/f_auto,q_auto/league/kg90d5bciznpqbpafke4",4685232
Jadon Canady,KC,DB,22,Oregon,Oregon; Mississippi; Tulane,5-10,185,0,23.4,KC,109,2026,INA,"https://static.www.nfl.com/image/upload/f_auto,q_auto/league/huudorks6t6jyqnytlcy",4710706
Jake Briningstool,KC,TE,88,Clemson,Clemson,6-6,240,1,23.8,,,2025,ACT,"https://static.www.nfl.com/image/upload/f_auto,q_auto/league/q7n84oth87v1glz5a5sz",4431196
Jalen Royals,KC,WR,11,Utah State,Utah State,6-0,195,1,23.6,KC,133,2025,ACT,"https://static.www.nfl.com/image/upload/f_auto,q_auto/league/sqrid1hnmwqymcp2vxfx",5082630
James Winchester,KC,LS,41,Oklahoma,Oklahoma,6-3,240,13,37.2,,,2013,ACT,"https://static.www.nfl.com/image/upload/f_auto,q_auto/league/kfojelzxr0gwaj9aaybm",16665
Jared Wiley,KC,TE,12,TCU,TCU; Texas,6-6,249,2,25.9,KC,131,2024,INA,"https://static.www.nfl.com/image/upload/f_auto,q_auto/league/qbu14rgh4wchepqsrgb0",4430723
Jaydn Ott,KC,RB,34,Oklahoma,Oklahoma; California,5-11,208,0,23.8,,,2026,DEV,"https://static.www.nfl.com/image/upload/f_auto,q_auto/league/ywfb4a8vkz1eubb43o8i",4685489
Jaylon Moore,KC,OL,77,Western Michigan,Western Michigan,6-4,311,5,28.7,SF,155,2021,ACT,"https://static.www.nfl.com/image/upload/f_auto,q_auto/league/cpsudx7fxgxdjmtfvahj",
Jeff Caldwell,KC,WR,8,Cincinnati,Cincinnati; Lindenwood,6-5,216,0,23.6,,,2026,RES,"https://static.www.nfl.com/image/upload/f_auto,q_auto/league/nc8rm1ko22poili6r2a8",4885466
Jeffrey Bassa,KC,LB,31,Oregon,Oregon,6-2,235,1,24.0,KC,156,2025,ACT,"https://static.www.nfl.com/image/upload/f_auto,q_auto/league/tckcuuegqdkzkglz6ywg",4602389
Jimmy Holiday,KC,WR,82,Louisiana Tech,Louisiana Tech; Western Kentucky; Tennessee,6-1,211,1,24.8,,,2025,RES,"https://static.www.nfl.com/image/upload/f_auto,q_auto/league/yk1s0zu3wukxx2plsfpd",
John Michael Gyllenborg,KC,TE,84,Wyoming,Wyoming,6-5,249,0,24.2,,,2026,RES,,4708490
Josh Simmons,KC,OL,71,Ohio State,Ohio State; San Diego State,6-5,310,1,23.8,KC,32,2025,INA,"https://static.www.nfl.com/image/upload/f_auto,q_auto/league/r2dq0mc7dzhf0spg9iw6",
Joshua Ezeudu,KC,OL,73,North Carolina,North Carolina,6-4,310,4,27.1,NYG,67,2022,ACT,"https://static.www.nfl.com/image/upload/f_auto,q_auto/league/frliqpf1kehhiaiq8m2e",
Justin Fields,KC,QB,6,Ohio State,Ohio State,6-3,227,5,27.6,CHI,11,2021,ACT,"https://static.www.nfl.com/image/upload/f_auto,q_auto/league/npjrombgxkc5vjkctcgy",4362887
Kader Kohou,KC,DB,26,East Texas A&M,East Texas A&M,5-10,197,4,27.9,,,2022,DEV,"https://static.www.nfl.com/image/upload/f_auto,q_auto/league/bf60hryk7uooskpxjhuz",4291489
Kahlil Benson,KC,OL,70,Indiana,Indiana; Colorado,6-6,319,0,24.1,,,2026,ACT,"https://static.www.nfl.com/image/upload/f_auto,q_auto/league/mglqsgzaszlg8qbiuagw",
Kenneth Walker III,KC,RB,9,Michigan State,Michigan State; Wake Forest,5-9,210,4,26.0,SEA,41,2022,ACT,"https://static.www.nfl.com/image/upload/f_auto,q_auto/league/vk6nruaqdewdglofcwwg",4567048
Khyiris Tonga,KC,DL,92,BYU,BYU,6-2,335,5,30.3,CHI,250,2021,ACT,"https://static.www.nfl.com/image/upload/f_auto,q_auto/league/qawteneplarbtnworkic",4256074
Kingsley Suamataia,KC,OL,76,BYU,BYU; Oregon,6-4,325,2,23.7,KC,63,2024,ACT,"https://static.www.nfl.com/image/upload/f_auto,q_auto/league/qsrtrpvdbnrhjgoqck5x",
Kristian Fulton,KC,DB,8,LSU,LSU,5-11,200,6,28.1,TEN,61,2020,ACT,"https://static.www.nfl.com/image/upload/f_auto,q_auto/league/p2mzp2kljdubgj6sgzau",4035433
L'Jarius Sneed,KC,DB,38,Louisiana Tech,Louisiana Tech,6-1,193,6,29.7,KC,138,2020,ACT,"https://static.www.nfl.com/image/upload/f_auto,q_auto/league/nsynaztffdtywelcfch2",4040432
Mansoor Delane,KC,DB,5,LSU,LSU; Virginia Tech,6-0,187,0,22.8,KC,6,2026,ACT,"https://static.www.nfl.com/image/upload/f_auto,q_auto/league/tw9nfj4gxwqjvqfencwo",4880124
Marcus Harris,KC,DL,96,Auburn,Auburn; Kansas,6-3,295,2,26.0,HOU,247,2024,DEV,"https://static.www.nfl.com/image/upload/f_auto,q_auto/league/uekrrvgronz3fkb957hf",4573152
Matt Araiza,KC,P,14,San Diego State,San Diego State,6-2,200,4,26.4,BUF,180,2022,ACT,"https://static.www.nfl.com/image/upload/f_auto,q_auto/league/tmtvevrgg8lziqewdhtv",4361496
Matt Waletzko,KC,OL,73,North Dakota,North Dakota,6-8,305,4,26.8,DAL,155,2022,RES,"https://static.www.nfl.com/image/upload/f_auto,q_auto/league/asqlemwjq8njytpjgnnr",
Melvin Smith Jr.,KC,DB,39,Southern Arkansas,Southern Arkansas,6-1,185,1,24.5,,,2025,DEV,"https://static.www.nfl.com/image/upload/f_auto,q_auto/league/ks6nnexhp5jftsjlt1ah",
Michael Heldman,KC,LB,49,Central Michigan,Central Michigan,6-4,260,0,23.6,,,2026,DEV,"https://static.www.nfl.com/image/upload/f_auto,q_auto/league/jehzyru8z7dlh4ws4fqx",4705926
Mike Caliendo,KC,OL,66,Western Michigan,Western Michigan,6-4,300,4,29.0,,,2022,ACT,"https://static.www.nfl.com/image/upload/f_auto,q_auto/league/ayqrrcjh4woocxmc7lgs",
Nate Carter,KC,RB,35,Michigan State,Michigan State; Connecticut,5-10,202,1,24.4,,,2025,DEV,"https://static.www.nfl.com/image/upload/f_auto,q_auto/league/c7wg2qvjvd8diaaujwpt",4605841
Nick Bolton,KC,LB,32,Missouri,Missouri,5-11,237,5,26.6,KC,58,2021,ACT,"https://static.www.nfl.com/image/upload/f_auto,q_auto/league/pgkezol12laags229maz",4362759
Nikko Remigio,KC,WR,81,Fresno State,Fresno State,5-9,185,3,26.9,,,2023,ACT,"https://static.www.nfl.com/image/upload/f_auto,q_auto/league/n6b1tsy32fswbd0xgsim",4372716
Noah Gray,KC,TE,83,Duke,Duke,6-3,240,5,27.4,KC,162,2021,ACT,"https://static.www.nfl.com/image/upload/f_auto,q_auto/league/bpmlguml8jth2rbdfyp5",4240472
Nohl Williams,KC,DB,20,California,California,6-1,199,1,24.0,KC,85,2025,ACT,"https://static.www.nfl.com/image/upload/f_auto,q_auto/league/pf22yjk2vhk7gc6ogh8z",4610705
Omari Evans,KC,WR,80,Washington,Washington,6-0,192,0,22.8,,,2026,DEV,"https://static.www.nfl.com/image/upload/f_auto,q_auto/league/q5szmdmukkkusqpfj9m5",
Omarr Norman-Lott,KC,DL,55,Tennessee,Tennessee; Arizona State,6-3,315,1,24.6,KC,63,2025,RES,"https://static.www.nfl.com/image/upload/f_auto,q_auto/league/jp69jatihj5oqc37g9gv",4591008
Patrick Mahomes,KC,QB,15,Texas Tech,Texas Tech,6-2,225,9,31.1,KC,10,2017,ACT,"https://static.www.nfl.com/image/upload/f_auto,q_auto/league/wdckwtob1lybvkmxnf7p",3139477
Pete Nygra,KC,OL,50,Louisville,Louisville; Northern Illinois,6-4,300,0,24.1,,,2026,DEV,"https://static.www.nfl.com/image/upload/f_auto,q_auto/league/dj0eulexg2b8q60qqx7s",
Peter Woods,KC,DL,99,Clemson,Clemson,6-3,310,0,21.6,KC,29,2026,ACT,"https://static.www.nfl.com/image/upload/f_auto,q_auto/league/faer3odluhui4euszouu",4871063
R Mason Thomas,KC,DL,51,Oklahoma,Oklahoma,6-2,249,0,22.1,KC,40,2026,ACT,"https://static.www.nfl.com/image/upload/f_auto,q_auto/league/kyj9zy752wgq6nnn4ui6",5081927
Rashee Rice,KC,WR,4,SMU,SMU,6-1,203,3,26.5,KC,55,2023,ACT,"https://static.www.nfl.com/image/upload/f_auto,q_auto/league/qhkbqrydjeur8zvrrmfl",4428331
Thomas Odukoya,KC,TE,89,Eastern Michigan,Eastern Michigan,6-6,253,4,29.4,,,2022,DEV,"https://static.www.nfl.com/image/upload/f_auto,q_auto/league/q1orevkdiqpclldhtauj",
Travis Kelce,KC,TE,87,Cincinnati,Cincinnati,6-5,250,13,37.0,KC,63,2013,ACT,"https://static.www.nfl.com/image/upload/f_auto,q_auto/league/dpxovcfku6ud2aohgf6a",15847
Trey Smith,KC,OL,65,Tennessee,Tennessee,6-6,321,5,27.3,KC,226,2021,ACT,"https://static.www.nfl.com/image/upload/f_auto,q_auto/league/skoecv9k14idjai4ok42",
Tyquan Thornton,KC,WR,2,Baylor,Baylor,6-2,185,4,26.2,NE,50,2022,ACT,"https://static.www.nfl.com/image/upload/f_auto,q_auto/league/bjqzuempyiwxe0hl7e5a",4362921
Tyreke Smith,KC,DL,57,Ohio State,Ohio State,6-3,255,4,26.6,SEA,158,2022,DEV,"https://static.www.nfl.com/image/upload/f_auto,q_auto/league/ty7bslavrkn5iqziogvf",4361340
Xavier Nwankpa,KC,DB,29,Iowa,Iowa,6-2,213,0,22.8,,,2026,ACT,"https://static.www.nfl.com/image/upload/f_auto,q_auto/league/gu44x9mtkglhai90wudx",4685491
Xavier Worthy,KC,WR,1,Texas,Texas,5-11,165,2,23.4,KC,28,2024,ACT,"https://static.www.nfl.com/image/upload/f_auto,q_auto/league/u6fmnffwteccoxn3uguq",4683062
Akheem Mesidor,LAC,LB,90,Miami,Miami; West Virginia,6-3,280,0,25.5,LAC,22,2026,ACT,"https://static.www.nfl.com/image/upload/f_auto,q_auto/league/uzofkqafecc5zqqwyiyd",4429190
Alec Ingold,LAC,RB,30,Wisconsin,Wisconsin,6-1,242,7,30.2,,,2019,ACT,"https://static.www.nfl.com/image/upload/f_auto,q_auto/league/saqgxmq3xrr68byket0r",3917668
Alex Harkey,LAC,OL,73,Oregon,Oregon; Texas State-San Marcos; Colorado; Tyler JC,6-6,327,0,25.2,LAC,206,2026,INA,"https://static.www.nfl.com/image/upload/f_auto,q_auto/league/ficvjzrrdu13rfzrteyt",
Amar Johnson,LAC,RB,35,South Dakota State,South Dakota State,5-10,205,1,23.7,,,2025,DEV,"https://static.www.nfl.com/image/upload/f_auto,q_auto/league/qw1s7luuaia2f08p19aq",4878878
Andre Carter II,LAC,LB,51,Army,Army,6-6,256,3,26.5,,,2023,DEV,"https://static.www.nfl.com/image/upload/f_auto,q_auto/league/wcegripe6c8koovd8htl",4577333
Branson Taylor,LAC,OL,71,Pittsburgh,Pittsburgh,6-6,330,1,24.6,LAC,199,2025,RES,"https://static.www.nfl.com/image/upload/f_auto,q_auto/league/whkbfekfv5pcrjbw2fz2",
Brenen Thompson,LAC,WR,89,Mississippi State,Mississippi State; Texas,5-9,170,0,23.2,LAC,105,2026,INA,"https://static.www.nfl.com/image/upload/f_auto,q_auto/league/khlvgjk60vz6ghkwpmak",4685553
Bud Dupree,LAC,LB,48,Kentucky,Kentucky,6-4,269,11,33.7,PIT,22,2015,ACT,"https://static.www.nfl.com/image/upload/f_auto,q_auto/league/cooz0t9nynyj7cfe1gac",2576702
Caleb Murphy,LAC,LB,50,Ferris State,Ferris State; Grand Valley,6-3,254,3,26.8,,,2023,ACT,"https://static.www.nfl.com/image/upload/f_auto,q_auto/league/zc4hfyhht5w0m9kiultm",4911489
Cam Hart,LAC,DB,20,Notre Dame,Notre Dame,6-2,205,2,25.8,LAC,140,2024,ACT,"https://static.www.nfl.com/image/upload/f_auto,q_auto/league/khd8lmp7idmluahgvk3u",4427404
Cameron Dicker,LAC,K,11,Texas,Texas,6-1,216,4,26.4,,,2022,ACT,"https://static.www.nfl.com/image/upload/f_auto,q_auto/league/fvkop13kntnwv3amucpf",4362081
Charlie Kolar,LAC,TE,88,Iowa State,Iowa State,6-6,250,4,27.7,BAL,128,2022,INA,"https://static.www.nfl.com/image/upload/f_auto,q_auto/league/g75ws8vkqz9cqwifhcy7",4241263
Cole Strange,LAC,OL,69,Tennessee-Chattanooga,Tennessee-Chattanooga,6-5,301,4,28.2,NE,29,2022,ACT,"https://static.www.nfl.com/image/upload/f_auto,q_auto/league/ewuzloizbacphcy6yogg",
DJ Uiagalelei,LAC,QB,7,Florida State,Florida State; Oregon State; Clemson,6-4,252,1,25.5,,,2025,INA,"https://static.www.nfl.com/image/upload/f_auto,q_auto/league/uxkbvrw5eu41udzsesnu",4429020
Daiyan Henley,LAC,LB,0,Washington State,Washington State; Nevada,6-1,225,3,26.9,LAC,85,2023,ACT,"https://static.www.nfl.com/image/upload/f_auto,q_auto/league/jl1rn08ci17wub2xok8a",4241597
Dalvin Tomlinson,LAC,DL,94,Alabama,Alabama,6-3,317,9,32.6,NYG,55,2017,INA,"https://static.www.nfl.com/image/upload/f_auto,q_auto/league/r3vkktytoghvtrua64hg",2979860
David Njoku,LAC,TE,83,Miami,Miami,6-4,246,9,30.2,CLE,29,2017,RES,"https://static.www.nfl.com/image/upload/f_auto,q_auto/league/y4g1iayqrbrhdvkqywpx",3123076
Deane Leonard,LAC,DB,33,Mississippi,Mississippi,6-0,195,4,26.9,LAC,236,2022,ACT,"https://static.www.nfl.com/image/upload/f_auto,q_auto/league/iwcena0ukt705dihzict",4690171
Del'Shawn Phillips,LAC,LB,53,Illinois,Illinois,6-2,230,7,30.0,,,2019,ACT,"https://static.www.nfl.com/image/upload/f_auto,q_auto/league/plnsixu8jpozw1grxuvc",4240528
Denzel Perryman,LAC,LB,6,Miami,Miami,5-11,240,11,33.8,SD,48,2015,RES,"https://static.www.nfl.com/image/upload/f_auto,q_auto/league/n3oqbsrycbe0nwdwblez",2579621
Derius Davis,LAC,WR,12,TCU,TCU,5-8,165,3,26.1,LAC,125,2023,ACT,"https://static.www.nfl.com/image/upload/f_auto,q_auto/league/ykmeihbr6903smvblzgc",4362477
Derwin James,LAC,DB,3,Florida State,Florida State,6-2,215,8,30.2,LAC,17,2018,INA,"https://static.www.nfl.com/image/upload/f_auto,q_auto/league/z9au0ajgcwoeozfdu0ec",3691739
Donte Jackson,LAC,DB,26,LSU,LSU,5-10,180,8,30.9,CAR,55,2018,ACT,"https://static.www.nfl.com/image/upload/f_auto,q_auto/league/ptrcpfheqfuuyiqexmsq",3843769
Elijah Molden,LAC,DB,2,Washington,Washington,5-10,190,5,27.7,TEN,100,2021,ACT,"https://static.www.nfl.com/image/upload/f_auto,q_auto/league/hz9saur2at7u0n9nl9ly",4243328
Evan Svoboda,LAC,TE,49,Wyoming,Wyoming; Snow,6-5,251,0,23.5,,,2026,DEV,"https://static.www.nfl.com/image/upload/f_auto,q_auto/league/oiypi2ljtijzyh5mpi3f",
Gary Jennings,LAC,WR,87,West Virginia,West Virginia,6-1,215,7,29.6,SEA,120,2019,DEV,"https://static.www.nfl.com/image/private/f_auto,q_auto/league/kfmi1ueidfxfixmaggov",3916071
Genesis Smith,LAC,DB,22,Arizona,Arizona,6-2,202,0,21.9,LAC,131,2026,ACT,"https://static.www.nfl.com/image/upload/f_auto,q_auto/league/xaausvzp0c7hyqgiqdbr",4950551
Gregory Desrosiers,LAC,RB,31,Memphis,Memphis; UMass Amherst; Louisville,5-11,200,0,25.5,,,2026,DEV,"https://static.www.nfl.com/image/upload/f_auto,q_auto/league/serg5wdxgoemdropu4vs",
Hayden Rucci,LAC,TE,40,Wisconsin,Wisconsin,6-5,247,2,25.7,,,2024,ACT,"https://static.www.nfl.com/image/upload/f_auto,q_auto/league/vkscrzclmd0tboxpi8lk",4428396
Isaiah World,LAC,OL,67,Oregon,Oregon; Nevada,6-8,318,0,22.8,,,2026,RES,"https://static.www.nfl.com/image/upload/f_auto,q_auto/league/owat1mlzs6ozrpqa1jfo",
Isas Waxter,LAC,DB,37,Villanova,Villanova,6-1,209,1,25.1,,,2025,DEV,"https://static.www.nfl.com/image/upload/f_auto,q_auto/league/t95edoropxwx1zlmwt9m",
J.K. Scott,LAC,P,16,Alabama,Alabama,6-5,208,8,30.9,GB,172,2018,ACT,"https://static.www.nfl.com/image/upload/f_auto,q_auto/league/yayikawhfng99cqrosax",3126368
Jacob Spomer,LAC,OL,60,Fresno State,Fresno State; Diablo Valley College,6-3,290,0,25.7,,,2026,ACT,"https://static.www.nfl.com/image/upload/f_auto,q_auto/league/t0sybcgjsmso9bxpggf1",
Jake Slaughter,LAC,OL,66,Florida,Florida,6-4,308,0,23.8,LAC,63,2026,ACT,"https://static.www.nfl.com/image/upload/f_auto,q_auto/league/m3tbps2o5cuy8ueeygjy",
Jamaree Caldwell,LAC,DL,99,Oregon,Oregon; Houston; Independence Comm. College,6-1,340,1,26.1,LAC,86,2025,ACT,"https://static.www.nfl.com/image/upload/f_auto,q_auto/league/o6zilnte5jibvs84wshv",5089178
Joe Alt,LAC,OL,76,Notre Dame,Notre Dame,6-8,322,2,23.6,LAC,5,2024,ACT,"https://static.www.nfl.com/image/upload/f_auto,q_auto/league/hul7ydlbropij2fjhvvy",
Jordan Jefferson,LAC,DL,95,LSU,LSU,6-4,317,2,25.0,JAX,116,2024,DEV,"https://static.www.nfl.com/image/upload/f_auto,q_auto/league/wt7ym1nrxza2qq9hzaux",4569448
Josh Harris,LAC,LS,47,Auburn,Auburn,6-1,224,14,37.4,,,2012,ACT,"https://static.www.nfl.com/image/upload/f_auto,q_auto/league/zt5sauoxsfljsqyyc9u2",15151
Josh Kaltenberger,LAC,OL,68,Maryland,Maryland; Purdue,6-6,308,1,25.2,,,2025,DEV,"https://static.www.nfl.com/image/upload/f_auto,q_auto/league/yrqrzkdqrkcftqx9f581",
Junior Colson,LAC,LB,25,Michigan,Michigan,6-3,247,2,23.8,LAC,69,2024,DEV,"https://static.www.nfl.com/image/upload/f_auto,q_auto/league/ub3hkpifora1vkrgula4",4431212
Justin Eboigbe,LAC,DL,92,Alabama,Alabama,6-5,292,2,25.5,LAC,105,2024,ACT,"https://static.www.nfl.com/image/upload/f_auto,q_auto/league/vayynevqkczp1ziitvkm",4567138
Justin Herbert,LAC,QB,10,Oregon,Oregon,6-6,237,6,28.6,LAC,6,2020,ACT,"https://static.www.nfl.com/image/upload/f_auto,q_auto/league/jnkspnntgebegzp4ghve",4038941
Kaiir Elam,LAC,DB,29,Florida,Florida,6-1,191,4,25.4,BUF,23,2022,DEV,"https://static.www.nfl.com/image/upload/f_auto,q_auto/league/ye7stldje2waxyyjukvw",4567399
Kayode Awosika,LAC,OL,74,Buffalo,Buffalo,6-3,312,5,27.9,,,2021,INA,"https://static.www.nfl.com/image/upload/f_auto,q_auto/league/gk8c2nrg4czmvjy2by3a",
KeAndre Lambert-Smith,LAC,WR,84,Auburn,Auburn; Penn State,6-1,185,1,25.0,LAC,158,2025,RES,"https://static.www.nfl.com/image/upload/f_auto,q_auto/league/xhhzgylwh0ptvpaghnuu",4430870
Keaton Mitchell,LAC,RB,34,East Carolina,East Carolina,5-8,190,3,24.7,,,2023,ACT,"https://static.www.nfl.com/image/upload/f_auto,q_auto/league/ztciwwpbyaffmckwrzdk",4596334
Kendall Williamson,LAC,DB,32,Stanford,Stanford,6-0,203,3,26.1,CHI,258,2023,ACT,"https://static.www.nfl.com/image/upload/f_auto,q_auto/league/p8tf7gkxcdl46exymyaj",4360745
Khalil Mack,LAC,LB,52,Buffalo,Buffalo,6-3,269,12,35.6,OAK,5,2014,ACT,"https://static.www.nfl.com/image/upload/f_auto,q_auto/league/t9j95jylmjpevgbkvmqn",16710
Kimani Vidal,LAC,RB,28,Troy,Troy,5-8,215,2,25.1,LAC,181,2024,ACT,"https://static.www.nfl.com/image/upload/f_auto,q_auto/league/tqdctdun0bv60d5ziwtl",4430968
Ladd McConkey,LAC,WR,15,Georgia,Georgia,6-0,185,2,24.9,LAC,34,2024,ACT,"https://static.www.nfl.com/image/upload/f_auto,q_auto/league/q2sk7yforrkiusvruo1o",4612826
Laekin Vakalahi,LAC,OL,78,,,6-5,327,2,23.7,,,2024,DEV,"https://static.www.nfl.com/image/upload/f_auto,q_auto/league/z1maog4gsfzgtg69tgur",
Lander Barton,LAC,LB,57,Utah,Utah,6-5,240,0,22.8,,,2026,DEV,"https://static.www.nfl.com/image/upload/f_auto,q_auto/league/hqmemqmhk4bnpdaynlf3",4685272
Logan Taylor,LAC,OL,65,Boston College,Boston College; Virginia,6-7,314,0,24.7,LAC,202,2026,ACT,"https://static.www.nfl.com/image/upload/f_auto,q_auto/league/qn3dbs3bez8c60bgsamt",
Marlowe Wax,LAC,LB,58,Syracuse,Syracuse,6-1,236,1,23.8,,,2025,ACT,"https://static.www.nfl.com/image/upload/f_auto,q_auto/league/jolfhevlffwbwy6xbmu3",4431467
Marquez Valdes-Scantling,LAC,WR,13,University of South Florida,University of South Florida; N.C. State,6-4,207,8,32.0,GB,174,2018,ACT,"https://static.www.nfl.com/image/upload/f_auto,q_auto/league/xkdli55uvkkffiq6fwnu",3051738
Myles Adams,LAC,DL,96,Rice,Rice,6-2,285,6,28.6,,,2020,DEV,"https://static.www.nfl.com/image/upload/f_auto,q_auto/league/xinyrrhxdhsmvomejqzt",4039164
Nick Barrett,LAC,DL,91,South Carolina,South Carolina,6-3,327,0,23.2,LAC,145,2026,ACT,"https://static.www.nfl.com/image/upload/f_auto,q_auto/league/q50al52f5lmwzulxqqtl",4682818
Omarion Hampton,LAC,RB,8,North Carolina,North Carolina,6-0,220,1,23.6,LAC,22,2025,ACT,"https://static.www.nfl.com/image/upload/f_auto,q_auto/league/lf2jxvxnbexlinoydbej",4685382
Oronde Gadsden II,LAC,TE,86,Syracuse,Syracuse,6-5,236,1,23.3,LAC,165,2025,ACT,"https://static.www.nfl.com/image/upload/f_auto,q_auto/league/r8b4oghjwhw8x9nv1wbs",4595342
Patrick Herbert,LAC,TE,81,Oregon,Oregon,6-5,255,1,26.0,,,2025,ACT,"https://static.www.nfl.com/image/upload/f_auto,q_auto/league/ozp6mlkzvpqbvuldsm32",
Quentin Johnston,LAC,WR,1,TCU,TCU,6-2,208,3,25.1,LAC,21,2023,ACT,"https://static.www.nfl.com/image/upload/f_auto,q_auto/league/lyvsrjh4mjb4dqwp6shm",4429025
R.J. Mickens,LAC,DB,27,Clemson,Clemson,6-0,210,1,25.2,LAC,214,2025,ACT,"https://static.www.nfl.com/image/upload/f_auto,q_auto/league/ukzfqydyiezmemut0zoe",4429018
Rashawn Slater,LAC,OL,70,Northwestern,Northwestern,6-4,315,5,27.5,LAC,13,2021,ACT,"https://static.www.nfl.com/image/upload/f_auto,q_auto/league/tnryoyowiu6amxx3zthf",
Rodney Shelley,LAC,DB,24,Georgia Tech,Georgia Tech,5-11,180,0,24.2,,,2026,ACT,"https://static.www.nfl.com/image/upload/f_auto,q_auto/league/h81syaexfnoma3efhimz",4838693
Scott Matlock,LAC,RB,44,Boise State,Boise State,6-4,296,3,26.3,LAC,200,2023,RES,"https://static.www.nfl.com/image/upload/f_auto,q_auto/league/biif35k2hwpqmhlxn0sa",4373684
Tarheeb Still,LAC,DB,4,Maryland,Maryland,6-1,196,2,24.3,LAC,137,2024,ACT,"https://static.www.nfl.com/image/upload/f_auto,q_auto/league/q1y35mhd4laqikbiuq5e",4432571
Teair Tart,LAC,DL,93,Florida International,Florida International,6-2,315,6,29.6,,,2020,ACT,"https://static.www.nfl.com/image/upload/f_auto,q_auto/league/jwqcxtrsle2q9edshwsx",4374269
Terry Webb,LAC,DL,64,SMU,SMU; Texas State-San Marcos; Kilgore,6-3,313,0,23.7,,,2026,DEV,"https://static.www.nfl.com/image/upload/f_auto,q_auto/league/eqjhmsh9desuuzsaemrj",
Theo Wease Jr.,LAC,WR,82,Missouri,Missouri; Oklahoma,6-2,210,1,25.3,,,2025,DEV,"https://static.www.nfl.com/image/upload/f_auto,q_auto/league/iykujtgwn2x1ymy7jdxw",4426535
Tony Jefferson,LAC,DB,23,Oklahoma,Oklahoma,5-11,212,13,34.7,,,2013,ACT,"https://static.www.nfl.com/image/upload/f_auto,q_auto/league/frazimtiuk4fsvlghusz",16195
Travis Burke,LAC,OL,77,Memphis,Memphis; Florida International; Gardner-Webb,6-9,315,0,23.8,LAC,117,2026,ACT,"https://static.www.nfl.com/image/upload/f_auto,q_auto/league/yoigcukgefvk61ojqqba",
Tre Harris,LAC,WR,9,Mississippi,Mississippi; Louisiana Tech,6-3,210,1,24.6,LAC,55,2025,ACT,"https://static.www.nfl.com/image/upload/f_auto,q_auto/league/v5ofh8jggzo8rygtpwl7",4686612
Trevor Penning,LAC,OL,75,Northern Iowa,Northern Iowa,6-7,325,4,27.4,NO,19,2022,ACT,"https://static.www.nfl.com/image/upload/f_auto,q_auto/league/tr9e0yl1esqawnieqogh",
Trey Lance,LAC,QB,5,North Dakota State,North Dakota State,6-4,226,5,26.4,SF,3,2021,ACT,"https://static.www.nfl.com/image/upload/f_auto,q_auto/league/j3psmvvxo13kmbgi60ej",4383351
Trey Pipkins,LAC,OL,79,Sioux Falls,Sioux Falls,6-6,307,7,30.1,LAC,91,2019,RES,"https://static.www.nfl.com/image/upload/f_auto,q_auto/league/nhze2mywnxrcmwyck0x4",
Troy Dye,LAC,LB,43,Oregon,Oregon,6-3,225,6,30.1,MIN,132,2020,ACT,"https://static.www.nfl.com/image/upload/f_auto,q_auto/league/gfdhupqzscbwdyhvowq4",4038946
Tuli Tuipulotu,LAC,LB,45,USC,USC,6-3,266,3,24.1,LAC,54,2023,ACT,"https://static.www.nfl.com/image/upload/f_auto,q_auto/league/u2qqrqzzi3yawzxmbrxs",4431442
Tyler Biadasz,LAC,OL,63,Wisconsin,Wisconsin,6-4,320,6,28.9,DAL,146,2020,RES,"https://static.www.nfl.com/image/upload/f_auto,q_auto/league/svoue4oh6lyx1ykgavgv",
Aaron Donald,LAR,DL,99,Pittsburgh,Pittsburgh,6-1,285,12,35.4,STL,13,2014,INA,"https://static.www.nfl.com/image/private/f_auto,q_auto/league/gou42dathlyc1rfn4pga",16716
Alaric Jackson,LAR,OL,77,Iowa,Iowa,6-7,338,5,28.2,,,2021,ACT,"https://static.www.nfl.com/image/upload/f_auto,q_auto/league/p7eblgie3na4hjdl6pzb",
Alex Bachman,LAR,WR,11,Wake Forest,Wake Forest,6-0,190,7,30.4,,,2019,ACT,"https://static.www.nfl.com/image/upload/f_auto,q_auto/league/xebxem8tzjm0yyygaklg",3919510
Austin Blaske,LAR,OL,64,North Carolina,North Carolina; Georgia,6-5,310,0,24.9,,,2026,DEV,,
Beaux Limmer,LAR,OL,50,Arkansas,Arkansas,6-5,318,2,25.3,LAR,217,2024,ACT,"https://static.www.nfl.com/image/upload/f_auto,q_auto/league/rsd2gd5nz5ubdj0drxn6",
Bill Murray,LAR,OL,66,William & Mary,William & Mary,6-4,265,6,29.3,,,2020,INA,"https://static.www.nfl.com/image/upload/f_auto,q_auto/league/datzakc4oxdjzm07464n",
Bill Norton,LAR,DL,93,Texas,Texas; Arizona; Georgia,6-6,335,1,26.3,,,2025,DEV,"https://static.www.nfl.com/image/upload/f_auto,q_auto/league/y9juhhbkhnit1qol7piy",
Blake Corum,LAR,RB,24,Michigan,Michigan,5-8,202,2,25.9,LAR,83,2024,ACT,"https://static.www.nfl.com/image/upload/f_auto,q_auto/league/axzqbqjkrbwfzodwwakq",4429096
Blake Hance,LAR,OL,72,Northwestern,Northwestern,6-5,310,7,30.7,,,2019,DEV,"https://static.www.nfl.com/image/upload/f_auto,q_auto/league/hdxdmuvnrlz3tykblysu",
Braden Fiske,LAR,DL,55,Florida State,Florida State; Western Michigan,6-5,294,2,26.7,LAR,39,2024,ACT,"https://static.www.nfl.com/image/upload/f_auto,q_auto/league/nepcpkxlqw0mvpwrgvh8",4362245
Brennan Presley,LAR,WR,81,Oklahoma State,Oklahoma State,5-8,174,1,24.7,,,2025,DEV,"https://static.www.nfl.com/image/upload/f_auto,q_auto/league/v5cydesy5zo4njavqwxb",4431342
Byron Young,LAR,LB,0,Tennessee,Tennessee,6-2,260,3,28.6,LAR,77,2023,ACT,"https://static.www.nfl.com/image/upload/f_auto,q_auto/league/dwybonqyn3rrvi94yw9r",4875196
CJ Daniels,LAR,WR,6,Miami,Miami; LSU; Liberty,6-2,202,0,24.8,LAR,197,2026,INA,"https://static.www.nfl.com/image/upload/f_auto,q_auto/league/jqx2xj6xmri9hrjm8azc",4605951
Cam Lampkin,LAR,DB,21,Washington State,Washington State; Utah State,5-11,173,2,25.2,,,2024,INA,"https://static.www.nfl.com/image/upload/f_auto,q_auto/league/b9fxxgtih7cqzny6tnpq",4427752
Colby Parkinson,LAR,TE,84,Stanford,Stanford,6-7,266,6,27.8,SEA,133,2020,INA,"https://static.www.nfl.com/image/upload/f_auto,q_auto/league/qsyrgtfjj06wryahnxc9",4242557
Coleman Shelton,LAR,OL,65,Washington,Washington,6-5,292,8,31.2,,,2018,ACT,"https://static.www.nfl.com/image/upload/f_auto,q_auto/league/aewvme2mltyuwnbdodlc",
Dan Villari,LAR,TE,83,Syracuse,Syracuse; Michigan,6-4,243,0,24.3,,,2026,DEV,"https://static.www.nfl.com/image/upload/f_auto,q_auto/league/q6dostpr0u6fu0yygyua",4608858
Daniel Rickert,LAR,LB,40,Virginia,Virginia; Tennessee Technological Univ,6-2,232,0,24.6,,,2026,RES,,
Darryl Peterson III,LAR,LB,59,Wisconsin,Wisconsin,6-1,260,0,23.1,,,2026,ACT,"https://static.www.nfl.com/image/upload/f_auto,q_auto/league/nawtfh3f2qgclu8oatjf",
Davante Adams,LAR,WR,17,Fresno State,Fresno State,6-1,204,12,33.8,GB,53,2014,ACT,"https://static.www.nfl.com/image/upload/f_auto,q_auto/league/tdzluk4xau3arxqk9zsl",16800
David Quessenberry,LAR,OL,68,San Jose State,San Jose State,6-5,310,13,36.1,HOU,176,2013,ACT,"https://static.www.nfl.com/image/upload/f_auto,q_auto/league/c8kmny1s0pl307ivrngh",
Davis Allen,LAR,TE,87,Clemson,Clemson,6-6,250,3,25.7,LAR,175,2023,ACT,"https://static.www.nfl.com/image/upload/f_auto,q_auto/league/iweydtcrfchsl3mt6jtd",4426553
Dean Connors,LAR,RB,33,Houston,Houston; Rice; Riverside Community College,5-11,206,0,23.1,,,2026,ACT,"https://static.www.nfl.com/image/upload/f_auto,q_auto/league/fgsgqkdsnliwujjtvvw3",5082269
Desjuan Johnson,LAR,LB,94,Toledo,Toledo,6-3,275,3,27.1,LAR,259,2023,ACT,"https://static.www.nfl.com/image/upload/f_auto,q_auto/league/qj7pup9mp0owqeocx98x",4362294
Dylan McMahon,LAR,OL,63,N.C. State,N.C. State,6-3,290,2,25.7,PHI,190,2024,ACT,"https://static.www.nfl.com/image/upload/f_auto,q_auto/league/xabhymarhssiz8tpgccc",
Eddie Walls III,LAR,LB,51,Houston,Houston; Florida International,6-4,250,0,24.2,,,2026,RES,,
Elias Neal,LAR,LB,58,Marshall,Marshall,6-0,226,2,25.1,,,2024,DEV,"https://static.www.nfl.com/image/upload/f_auto,q_auto/league/mguzhmnhv07wkw7ekaly",4428098
Emmanuel Forbes,LAR,DB,1,Mississippi State,Mississippi State,6-0,173,3,25.7,WAS,16,2023,ACT,"https://static.www.nfl.com/image/upload/f_auto,q_auto/league/zuqfigu7eadzoeo0uymt",4429767
Ethan Evans,LAR,P,42,Wingate,Wingate,6-3,253,3,25.2,LAR,223,2023,ACT,"https://static.www.nfl.com/image/upload/f_auto,q_auto/league/by1ttgtdiqwd3a2pdbl5",5125875
Grant Stuard,LAR,LB,44,Houston,Houston,5-11,230,5,28.0,TB,259,2021,ACT,"https://static.www.nfl.com/image/upload/f_auto,q_auto/league/n4pxuecujgacthcoxgql",4240255
Harrison Mevis,LAR,K,92,Missouri,Missouri,6-0,243,2,24.5,,,2024,ACT,"https://static.www.nfl.com/image/upload/f_auto,q_auto/league/yjmtai1e4eqbsw2yk6mh",4574716
Jack Bouwmeester,LAR,P,14,Texas,Texas; Utah; Michigan State,6-2,205,0,27.4,,,2026,DEV,,
Jamie Sheriff,LAR,LB,54,South Alabama,South Alabama; Mississippi Gulf Coast CC,6-1,265,2,26.1,,,2024,DEV,"https://static.www.nfl.com/image/upload/f_auto,q_auto/league/f9uictgyzz37rjcnjzkd",4685984
Jaxson Moi,LAR,DL,98,Tennessee,Tennessee; Stanford,6-2,305,0,22.7,,,2026,DEV,"https://static.www.nfl.com/image/upload/f_auto,q_auto/league/pu6btnmx6ypm4ybgvxa2",
Jaylen McCollough,LAR,DB,2,Tennessee,Tennessee,6-0,211,2,26.0,,,2024,ACT,"https://static.www.nfl.com/image/upload/f_auto,q_auto/league/g4k2pwpoyaethnwwerpy",4427120
Jaylen Watson,LAR,DB,35,Washington State,Washington State; Ventura,6-2,197,4,28.1,KC,243,2022,INA,"https://static.www.nfl.com/image/upload/f_auto,q_auto/league/k3ayxrquehkikudpu0e4",4697639
Joe Cardona,LAR,LS,49,Navy,Navy,6-2,245,11,34.5,NE,166,2015,ACT,"https://static.www.nfl.com/image/upload/f_auto,q_auto/league/csekknezcx6bozjlcfc2",
Jordan Waters,LAR,RB,32,N.C. State,N.C. State; Duke,6-0,219,1,25.8,,,2025,DEV,"https://static.www.nfl.com/image/upload/f_auto,q_auto/league/wszz5ts7eqzjgiuwep45",
Jordan Whittington,LAR,WR,88,Texas,Texas,6-1,204,2,26.0,LAR,213,2024,ACT,"https://static.www.nfl.com/image/upload/f_auto,q_auto/league/enqcg1lgjkuk0hqz3qjc",4569382
Josaiah Stewart,LAR,LB,10,Michigan,Michigan; Coastal Carolina,6-1,251,1,23.5,LAR,90,2025,ACT,"https://static.www.nfl.com/image/upload/f_auto,q_auto/league/epzy8ucs3mt2qgxhuolw",4682983
Josh Wallace,LAR,DB,30,Michigan,Michigan; UMass Amherst,6-0,190,2,26.3,,,2024,ACT,"https://static.www.nfl.com/image/upload/f_auto,q_auto/league/rl9xt27qup1xfmv1h1gc",4572371
Justin Dedich,LAR,OL,67,USC,USC,6-2,295,2,26.5,,,2024,RES,"https://static.www.nfl.com/image/upload/f_auto,q_auto/league/lkjtnkp4ooxnycdusrul",
Kam Curl,LAR,DB,3,Arkansas,Arkansas,6-2,207,6,27.6,WAS,216,2020,ACT,"https://static.www.nfl.com/image/upload/f_auto,q_auto/league/b57yoekpyop58abtiilz",4242154
Kamren Kinchens,LAR,DB,5,Miami,Miami,6-0,201,2,24.0,LAR,99,2024,ACT,"https://static.www.nfl.com/image/upload/f_auto,q_auto/league/fnxdjnzzmmihkv0p2efc",4596363
Keagen Trost,LAR,OL,79,Missouri,Missouri; Wake Forest,6-4,311,0,25.5,LAR,93,2026,RES,"https://static.www.nfl.com/image/upload/f_auto,q_auto/league/yu1xi1tsm8my89xiefte",
Keir Thomas,LAR,LB,11,Florida State,Florida State,6-2,260,4,28.7,,,2022,RES,"https://static.www.nfl.com/image/upload/f_auto,q_auto/league/wtzpz7bs64wypd4sgrya",4038843
Kevin Dotson,LAR,OL,69,Louisiana-Lafayette,Louisiana-Lafayette,6-4,328,6,30.1,PIT,135,2020,ACT,"https://static.www.nfl.com/image/upload/f_auto,q_auto/league/bpsw4ieqbgop8jnqalw9",
Kobie Turner,LAR,DL,91,Wake Forest,Wake Forest,6-2,290,3,27.5,LAR,89,2023,ACT,"https://static.www.nfl.com/image/upload/f_auto,q_auto/league/lallpvcrevuemqxzmyuu",4250621
Konata Mumpfield,LAR,WR,4,Pittsburgh,Pittsburgh; Akron,6-1,185,1,24.0,LAR,242,2025,ACT,"https://static.www.nfl.com/image/upload/f_auto,q_auto/league/cehkowkvb4aujslmppbj",4710855
Kyren Williams,LAR,RB,23,Notre Dame,Notre Dame,5-9,207,4,26.1,LAR,164,2022,ACT,"https://static.www.nfl.com/image/upload/f_auto,q_auto/league/xti3pek6rmojqchakxpy",4430737
Larrell Murchison,LAR,DL,52,N.C. State,N.C. State; Louisburg,6-2,297,6,29.5,TEN,174,2020,ACT,"https://static.www.nfl.com/image/upload/f_auto,q_auto/league/selpjbonlchfv4krusrd",4240123
Matthew Caldwell,LAR,QB,16,Texas,Texas; Troy; Gardner-Webb; Jacksonville State,6-4,209,0,23.4,,,2026,RES,,
Matthew Stafford,LAR,QB,9,Georgia,Georgia,6-3,214,17,38.7,DET,1,2009,ACT,"https://static.www.nfl.com/image/upload/f_auto,q_auto/league/jwpkjfrkzufdyh8u1mg7",12483
Max Klare,LAR,TE,86,Ohio State,Ohio State; Purdue,6-4,246,0,23.3,LAR,61,2026,ACT,,4833029
Maximus Pulley,LAR,DB,36,Wofford,Wofford; Western Kentucky,5-11,200,0,24.1,,,2026,ACT,"https://static.www.nfl.com/image/upload/f_auto,q_auto/league/o3d6yyimonbtgnszaq0z",
Myles Garrett,LAR,LB,95,Texas A&M,Texas A&M,6-4,272,9,30.8,CLE,1,2017,RES,"https://static.www.nfl.com/image/upload/f_auto,q_auto/league/y2d1lvpgfarfv76hjcqm",3122132
Nate Landman,LAR,LB,53,Colorado,Colorado,6-3,230,4,27.9,,,2022,ACT,"https://static.www.nfl.com/image/upload/f_auto,q_auto/league/w44rpubxjijvxv0pkfnh",4243181
Nick Andersen,LAR,DB,45,Wake Forest,Wake Forest,5-11,197,0,24.7,,,2026,DEV,"https://static.www.nfl.com/image/upload/f_auto,q_auto/league/fptjz8akstlgldroj4sm",
Nyzier Fourqurean,LAR,DB,25,Wisconsin,Wisconsin,6-1,190,0,24.8,,,2026,DEV,"https://static.www.nfl.com/image/upload/f_auto,q_auto/league/qqbmr0tzkjo6v9dmmf9t",
Omar Speights,LAR,LB,48,LSU,LSU; Oregon State,6-1,235,2,25.6,,,2024,ACT,"https://static.www.nfl.com/image/upload/f_auto,q_auto/league/tbz3cgrfkc8yjsxkjhxe",4428550
Poona Ford,LAR,DL,97,Texas,Texas,5-11,314,8,30.9,,,2018,ACT,"https://static.www.nfl.com/image/upload/f_auto,q_auto/league/emckafsx5psbs9pjhhpe",3125114
Puka Nacua,LAR,WR,12,BYU,BYU; Washington,6-2,216,3,25.4,LAR,177,2023,ACT,"https://static.www.nfl.com/image/upload/f_auto,q_auto/league/ipy6qw7hdygdfc8k86ba",4426515
Quentin Lake,LAR,DB,37,UCLA,UCLA,6-1,205,4,27.7,LAR,211,2022,ACT,"https://static.www.nfl.com/image/upload/f_auto,q_auto/league/qktbfevtbxiyrw9ekk72",4249128
Ronnie Rivers,LAR,RB,20,Fresno State,Fresno State,5-9,198,4,27.7,,,2022,RES,"https://static.www.nfl.com/image/upload/f_auto,q_auto/league/t9l7jhs1jw1joy8jpxee",4243003
Shaun Dolac,LAR,LB,56,Buffalo,Buffalo,6-1,225,1,25.1,,,2025,ACT,"https://static.www.nfl.com/image/upload/f_auto,q_auto/league/hqgtyx8usody1lywex4a",4693848
Stetson Bennett,LAR,QB,13,Georgia,Georgia; Jones County JC,5-11,190,3,28.9,LAR,128,2023,ACT,"https://static.www.nfl.com/image/upload/f_auto,q_auto/league/s0eo3fstv6rkitzbefzu",4259553
Steve Avila,LAR,OL,73,TCU,TCU,6-3,330,3,27.0,LAR,36,2023,ACT,"https://static.www.nfl.com/image/upload/f_auto,q_auto/league/gftgxclwwznxdrxc15gy",
Tanner Ingle,LAR,DB,34,N.C. State,N.C. State,5-8,179,3,26.9,,,2023,DEV,"https://static.www.nfl.com/image/upload/f_auto,q_auto/league/vzeuylllstdp5udwxgzq",4361651
Terrance Ferguson,LAR,TE,18,Oregon,Oregon,6-5,255,1,23.6,LAR,46,2025,RES,"https://static.www.nfl.com/image/upload/f_auto,q_auto/league/w5o0s5yf6j5dsmiwdtfg",4570037
Trent McDuffie,LAR,DB,22,Washington,Washington,5-11,195,4,26.1,KC,21,2022,ACT,"https://static.www.nfl.com/image/upload/f_auto,q_auto/league/xaq30zfwnliekwqzoank",4426405
Tutu Atwell,LAR,WR,8,Louisville,Louisville,5-9,165,5,27.0,LAR,57,2021,ACT,"https://static.www.nfl.com/image/upload/f_auto,q_auto/league/tl2aa9ucbtcwhr1yk3tf",4360797
Ty Hamilton,LAR,DL,57,Ohio State,Ohio State,6-3,301,1,24.5,LAR,148,2025,ACT,"https://static.www.nfl.com/image/upload/f_auto,q_auto/league/gtriftz4gtmqpetxqp9o",4431118
Ty Simpson,LAR,QB,15,Alabama,Alabama,6-1,211,0,23.8,LAR,13,2026,INA,"https://static.www.nfl.com/image/upload/f_auto,q_auto/league/lbvqgmsidrpxh1jyyey6",4685522
Tyler Davis,LAR,DL,90,Clemson,Clemson,6-2,306,2,25.9,LAR,196,2024,ACT,"https://static.www.nfl.com/image/upload/f_auto,q_auto/league/ych0dv47y4jomyxybenf",4568217
Tyler Higbee,LAR,TE,89,Western Kentucky,Western Kentucky,6-6,253,10,33.8,LAR,110,2016,ACT,"https://static.www.nfl.com/image/upload/f_auto,q_auto/league/x1d4osiefibd04df6gow",2573401
Warren McClendon Jr.,LAR,OL,71,Georgia,Georgia,6-4,315,3,25.5,LAR,174,2023,ACT,"https://static.www.nfl.com/image/private/f_auto,q_auto/league/v6l1ydwiawpfcldcb7if",
Wesley Bailey,LAR,LB,47,Louisville,Louisville; Rutgers,6-5,265,0,25.5,,,2026,ACT,"https://static.www.nfl.com/image/upload/f_auto,q_auto/league/roysfq0w8zqapiaxl5ef",4430919
Xavier Smith,LAR,WR,19,Florida A&M,Florida A&M,5-9,180,3,29.0,,,2023,CUT,"https://static.www.nfl.com/image/upload/f_auto,q_auto/league/hqvwpitewijx8bjrcofe",4386544
AJ Cole,LV,P,6,N.C. State,N.C. State,6-4,220,7,30.9,,,2019,ACT,"https://static.www.nfl.com/image/upload/f_auto,q_auto/league/t6ah2u0wptbb8n22tehr",3686689
Adam Butler,LV,DL,69,Vanderbilt,Vanderbilt,6-5,300,9,32.5,,,2017,ACT,"https://static.www.nfl.com/image/upload/f_auto,q_auto/league/lhf00svlch3ueul8msuq",2972342
Aidan O'Connell,LV,QB,12,Purdue,Purdue,6-3,206,3,28.1,LV,135,2023,INA,"https://static.www.nfl.com/image/upload/f_auto,q_auto/league/bcejxo7ofgk5pszhup12",4260394
Alex Ward,LV,LS,47,UCF,UCF,6-4,240,3,27.5,,,2023,ACT,"https://static.www.nfl.com/image/upload/f_auto,q_auto/league/libjdgzvuq7q57noway9",
Ashton Jeanty,LV,RB,2,Boise State,Boise State,5-8,208,1,22.9,LV,6,2025,ACT,"https://static.www.nfl.com/image/upload/f_auto,q_auto/league/syspis1mntov9kgspb7r",4890973
Azeez Ojulari,LV,LB,51,Georgia,Georgia,6-3,240,5,26.3,NYG,50,2021,DEV,"https://static.www.nfl.com/image/upload/f_auto,q_auto/league/sjxtproergb4cezoo1pv",4379409
Brandon Cleveland,LV,DL,90,N.C. State,N.C. State,6-3,315,0,22.1,LV,229,2026,DEV,"https://static.www.nfl.com/image/upload/f_auto,q_auto/league/fbhacwssycfl9yo2dwjc",4685305
Brennan Jackson,LV,LB,54,Washington State,Washington State,6-4,264,2,26.0,LAR,154,2024,RES,"https://static.www.nfl.com/image/upload/f_auto,q_auto/league/dmdwsofgb90qn5yoohcb",4373471
Brock Bowers,LV,TE,89,Georgia,Georgia,6-3,235,2,23.8,LV,13,2024,ACT,"https://static.www.nfl.com/image/upload/f_auto,q_auto/league/waorceny0ggpaeckaol8",4432665
Bryce Cabeldue,LV,OL,77,Kansas,Kansas,6-4,308,1,25.1,SEA,192,2025,ACT,"https://static.www.nfl.com/image/upload/f_auto,q_auto/league/dwruw0cuhqfqomv8cjwe",
Caleb Rogers,LV,OL,76,Texas Tech,Texas Tech,6-4,310,1,25.0,LV,98,2025,ACT,"https://static.www.nfl.com/image/upload/f_auto,q_auto/league/ov3wd6opxyreuuofq5rk",
Cameron McGrone,LV,LB,57,Michigan,Michigan,6-1,236,5,26.3,NE,177,2021,DEV,"https://static.www.nfl.com/image/upload/f_auto,q_auto/league/xfpxokkvmeaex547py28",4372085
Carter Runyon,LV,TE,84,Towson,Towson; Shenandoah University,6-4,243,1,25.2,,,2025,RES,"https://static.www.nfl.com/image/upload/f_auto,q_auto/league/q8knlo3npxhjxiyyx4h6",5155825
Charles Grant,LV,OL,60,William & Mary,William & Mary,6-4,304,1,24.5,LV,99,2025,ACT,"https://static.www.nfl.com/image/upload/f_auto,q_auto/league/pffkzj4vnk6gwfutt3ck",
Chigozie Anusiem,LV,DB,29,Colorado State,Colorado State; California,6-1,200,2,25.9,,,2024,RES,"https://static.www.nfl.com/image/upload/f_auto,q_auto/league/pp6vsmzyplbm98g2srpp",4360475
Chris Collier,LV,RB,33,University of Lock Haven,University of Lock Haven,5-11,203,2,26.5,,,2024,RES,"https://static.www.nfl.com/image/upload/f_auto,q_auto/league/ljfhyvlszo4qs63fo4ow",4698191
Chris Myarick,LV,TE,41,Temple,Temple,6-5,261,7,31.0,,,2019,DEV,"https://static.www.nfl.com/image/upload/f_auto,q_auto/league/zyedrh1lvylrutfof4ld",3138744
Cian Slone,LV,LB,48,N.C. State,N.C. State; Utah State,6-3,239,0,24.1,,,2026,DEV,"https://static.www.nfl.com/image/upload/f_auto,q_auto/league/t27ear9faclf1tdibwj9",5153665
Cody Lindenberg,LV,LB,55,Minnesota,Minnesota,6-2,235,1,24.7,LV,222,2025,ACT,"https://static.www.nfl.com/image/upload/f_auto,q_auto/league/fkyosruw3thae4zuxksu",4685126
Cody White,LV,WR,82,Michigan State,Michigan State,6-3,215,6,27.9,,,2020,ACT,"https://static.www.nfl.com/image/upload/f_auto,q_auto/league/srejejkvq7yujoldbpzx",4241983
Connor Heyward,LV,RB,34,Michigan State,Michigan State,6-0,230,4,27.7,PIT,208,2022,ACT,"https://static.www.nfl.com/image/upload/f_auto,q_auto/league/nbbhxtutzvbj0ejljyyp",4241961
Corey Rucker,LV,WR,32,Arkansas State,Arkansas State,6-0,214,0,24.3,,,2026,RES,"https://static.www.nfl.com/image/upload/f_auto,q_auto/league/nabhgywifegiuohtg6fq",
DJ Glaze,LV,OL,71,Maryland,Maryland,6-4,331,2,24.2,LV,77,2024,ACT,"https://static.www.nfl.com/image/upload/f_auto,q_auto/league/ypxzwxzy64kiigpmue1y",
Dalton Johnson,LV,DB,43,Arizona,Arizona,5-11,198,0,23.5,LV,150,2026,ACT,"https://static.www.nfl.com/image/upload/f_auto,q_auto/league/xtnd8hztdo6o1q9xpuw6",4682488
Dareke Young,LV,WR,81,Lenoir Rhyne,Lenoir Rhyne,6-2,224,4,27.3,SEA,233,2022,ACT,"https://static.www.nfl.com/image/upload/f_auto,q_auto/league/xd0585sr1fy1wpry0ued",4401805
Darien Porter,LV,DB,26,Iowa State,Iowa State,6-2,195,1,25.8,LV,68,2025,ACT,"https://static.www.nfl.com/image/upload/f_auto,q_auto/league/gnds1mpnqkorwzagcoau",4430330
Darrell Luter Jr.,LV,DB,25,South Alabama,South Alabama,6-0,190,3,26.5,SF,155,2023,INA,"https://static.www.nfl.com/image/upload/f_auto,q_auto/league/c7i5bj3inrno1uvjxwv4",4685978
Deven Thompkins,LV,WR,83,Utah State,Utah State,5-8,155,4,26.8,,,2022,DEV,"https://static.www.nfl.com/image/upload/f_auto,q_auto/league/hohgyaldfuylxqwnb8i2",4374187
Dont'e Thornton Jr.,LV,WR,10,Tennessee,Tennessee; Oregon,6-5,205,1,23.9,LV,108,2025,RES,"https://static.www.nfl.com/image/upload/f_auto,q_auto/league/hlxztd3lpjaxtzojuxwh",4432775
Dylan Laube,LV,RB,23,New Hampshire,New Hampshire,5-10,204,2,26.8,LV,208,2024,ACT,"https://static.www.nfl.com/image/upload/f_auto,q_auto/league/lpizdza73bgksstymv5t",4366963
Eric Stokes,LV,DB,5,Georgia,Georgia,6-0,190,5,27.6,GB,29,2021,ACT,"https://static.www.nfl.com/image/upload/f_auto,q_auto/league/q7fnhbnyadsru3swpgdf",4259561
Evan Neal,LV,OL,73,Alabama,Alabama,6-7,350,4,26.1,NYG,7,2022,DEV,"https://static.www.nfl.com/image/upload/f_auto,q_auto/league/ezmw6xnkxdapbcniknrn",
Fernando Mendoza,LV,QB,15,Indiana,Indiana; California,6-5,225,0,23.0,LV,1,2026,ACT,"https://static.www.nfl.com/image/upload/f_auto,q_auto/league/umygvel2pumkyvxt3jm9",4837248
Foley Fatukasi,LV,DL,94,Connecticut,Connecticut,6-4,318,8,31.6,NYJ,180,2018,ACT,"https://static.www.nfl.com/image/upload/f_auto,q_auto/league/ej04fay7gyj4ckh6fznb",3045172
Greedy Vance,LV,DB,22,USC,USC; Florida State; Louisville,5-10,177,1,25.0,,,2025,DEV,"https://static.www.nfl.com/image/upload/f_auto,q_auto/league/mr8rshagj0vkedyjoz1t",4686337
Hezekiah Masses,LV,DB,35,California,California; Florida International,6-1,185,0,22.3,LV,175,2026,ACT,"https://static.www.nfl.com/image/upload/f_auto,q_auto/league/ba2rfnspviherhdlsxml",4917354
Ian Thomas,LV,TE,80,Indiana,Indiana; Nassau CC,6-3,253,8,30.3,CAR,101,2018,ACT,"https://static.www.nfl.com/image/upload/f_auto,q_auto/league/gvpwnq0mjefjlekgzxro",4045305
Isaiah Pola-Mao,LV,DB,20,USC,USC,6-3,205,4,27.3,,,2022,ACT,"https://static.www.nfl.com/image/upload/f_auto,q_auto/league/iv2fsbkqbciaglpqrlbd",4259632
JJ Pegues,LV,DL,92,Mississippi,Mississippi; Auburn,6-2,325,1,24.9,LV,180,2025,ACT,"https://static.www.nfl.com/image/upload/f_auto,q_auto/league/dvqvxiv0lmy8wyunoztu",4430896
Jack Bech,LV,WR,18,TCU,TCU; LSU,6-1,215,1,23.8,LV,58,2025,RES,"https://static.www.nfl.com/image/upload/f_auto,q_auto/league/feplgtl0x1svqen9szwv",4603186
Jackson Powers-Johnson,LV,OL,58,Oregon,Oregon,6-3,325,2,23.7,LV,44,2024,INA,"https://static.www.nfl.com/image/upload/f_auto,q_auto/league/o2lpxcphdigzwbjr12jh",
Jalen Nailor,LV,WR,9,Michigan State,Michigan State,6-0,191,4,27.6,MIN,191,2022,ACT,"https://static.www.nfl.com/image/upload/f_auto,q_auto/league/nojopyt8hxuwycxyaokb",4382466
Jeremy Chinn,LV,DB,11,Southern Illinois,Southern Illinois,6-3,220,6,28.6,CAR,64,2020,ACT,"https://static.www.nfl.com/image/upload/f_auto,q_auto/league/qdvollzto5i4xs6q9gov",4043169
Jermod McCoy,LV,DB,28,Tennessee,Tennessee; Oregon State,6-0,193,0,21.1,LV,101,2026,ACT,"https://static.www.nfl.com/image/upload/f_auto,q_auto/league/dhihcvbhqkm7sqcmhhwr",5157289
Jonah Laulu,LV,DL,96,Oklahoma,Oklahoma; Hawaii,6-5,289,2,26.3,IND,234,2024,INA,"https://static.www.nfl.com/image/upload/f_auto,q_auto/league/kxxw0cwdafdxbsvh5un9",4373956
Joshua Miles,LV,OL,77,Morgan State,Morgan State,6-5,314,7,30.8,AZ,248,2019,RET,"https://static.www.nfl.com/image/upload/f_auto,q_auto/league/ykzlb5vdb8erowhjhelw",
Justin Pickett,LV,OL,77,Duke,Duke,6-7,317,0,23.8,,,2026,RES,"https://static.www.nfl.com/image/upload/f_auto,q_auto/league/m9se6qsdmcgaf9lucm2d",
Justin Shorter,LV,WR,88,Florida,Florida; Penn State,6-4,228,3,26.5,BUF,150,2023,CUT,"https://static.www.nfl.com/image/upload/f_auto,q_auto/league/htymyxoyw1hh52zoo3lb",4361426
Kansei Matsuzawa,LV,K,38,Hawaii,Hawaii,6-2,203,0,27.7,,,2026,DEV,"https://static.www.nfl.com/image/upload/f_auto,q_auto/league/juovdeicuriiauham1my",5158921
Keyron Crawford,LV,LB,42,Auburn,Auburn; Arkansas State,6-4,253,0,23.0,LV,67,2026,RES,"https://static.www.nfl.com/image/upload/f_auto,q_auto/league/es2d7bq7qj5xestutdk2",4911904
Kirk Cousins,LV,QB,8,Michigan State,Michigan State,6-3,209,14,38.1,WAS,102,2012,ACT,"https://static.www.nfl.com/image/upload/f_auto,q_auto/league/za7cynvpwlsro1tsaijk",14880
Kolton Miller,LV,OL,74,UCLA,UCLA,6-8,325,8,31.0,OAK,15,2018,ACT,"https://static.www.nfl.com/image/upload/f_auto,q_auto/league/jaq8p0tiipizksjbt3aa",
Kwity Paye,LV,DL,95,Michigan,Michigan,6-3,265,5,27.9,IND,21,2021,ACT,"https://static.www.nfl.com/image/upload/f_auto,q_auto/league/ejgftgdqggikc5u1xqme",4258194
Malcolm Koonce,LV,DL,51,Buffalo,Buffalo,6-2,243,5,28.3,LV,79,2021,ACT,"https://static.www.nfl.com/image/upload/f_auto,q_auto/league/cujkqhjibrywjodwgfyp",4239719
Malik Benson,LV,WR,19,Oregon,Oregon; Florida State; Alabama; Hutchinson CC,6-1,195,0,24.0,LV,195,2026,ACT,"https://static.www.nfl.com/image/upload/f_auto,q_auto/league/tndlq4zmq6r9nsvmzih6",5150247
Matt Gay,LV,K,14,Utah,Utah; Utah Valley,6-0,232,7,32.6,TB,145,2019,ACT,"https://static.www.nfl.com/image/upload/f_auto,q_auto/league/opglxpqmhu21eydoyvg2",4249087
Maxx Crosby,LV,DL,98,Eastern Michigan,Eastern Michigan,6-5,255,7,29.1,OAK,106,2019,ACT,"https://static.www.nfl.com/image/upload/f_auto,q_auto/league/r9gqe3lrjstj55ydljhk",3916655
Michael Mayer,LV,TE,87,Notre Dame,Notre Dame,6-4,256,3,25.3,LV,35,2023,ACT,"https://static.www.nfl.com/image/upload/f_auto,q_auto/league/twnkr9uq1phvukxb5jmh",4429086
Mike Washington Jr.,LV,RB,4,Arkansas,Arkansas; New Mexico State; Buffalo,6-2,228,0,23.3,LV,122,2026,ACT,"https://static.www.nfl.com/image/upload/f_auto,q_auto/league/ocdjq5ohmtgdghqdh5m4",4686658
Nakobe Dean,LV,LB,17,Georgia,Georgia,5-11,230,4,25.8,PHI,83,2022,ACT,"https://static.www.nfl.com/image/upload/f_auto,q_auto/league/cyowdu41yhyzblsz2aam",4426340
Niklas Henning,LV,OL,73,Queens University (Canada),Queens University (Canada),6-5,287,0,23.4,,,2026,DEV,"https://static.www.nfl.com/image/upload/f_auto,q_auto/league/quyamjtpggvzd3chh4tt",
Owen Wright,LV,RB,42,Monmouth,Monmouth; William & Mary,5-9,225,3,27.6,,,2023,DEV,"https://static.www.nfl.com/image/upload/f_auto,q_auto/league/nig1vy9k1asfhkanvlki",4249616
Patrick Gurd,LV,TE,45,Cincinnati,Cincinnati; Ohio State,6-4,249,0,24.6,,,2026,DEV,"https://static.www.nfl.com/image/upload/f_auto,q_auto/league/agjazc5duhqepvcd82yf",
Patrick Johnson,LV,LB,93,Tulane,Tulane,6-2,251,5,28.7,PHI,234,2021,ACT,"https://static.www.nfl.com/image/upload/f_auto,q_auto/league/qtngv13hh6rm4kfc52jt",4243916
Phillip Dorsett,LV,WR,13,Miami,Miami,5-10,192,11,33.8,IND,29,2015,DEV,"https://static.www.nfl.com/image/upload/f_auto,q_auto/league/zkmdppfkcxqn5iwlcsyy",2579604
Quay Walker,LV,LB,7,Georgia,Georgia,6-4,240,4,26.4,GB,22,2022,ACT,"https://static.www.nfl.com/image/upload/f_auto,q_auto/league/bqhumgranhitojob30mp",4379416
Roman Hemby,LV,RB,37,Indiana,Indiana; Maryland,6-0,207,0,24.1,,,2026,DEV,"https://static.www.nfl.com/image/upload/f_auto,q_auto/league/n8js64cgcfhkllrvxw5x",4688835
Segun Olubi,LV,LB,50,San Diego State,San Diego State,6-2,220,4,26.9,,,2022,ACT,"https://static.www.nfl.com/image/upload/f_auto,q_auto/league/wdbdm4wqfnxyot962sco",4260703
Spencer Burford,LV,OL,70,Texas-San Antonio,Texas-San Antonio,6-4,300,4,26.2,SF,134,2022,ACT,"https://static.www.nfl.com/image/upload/f_auto,q_auto/league/wtff3ynyk6usevyirayk",
Taron Johnson,LV,DB,3,Weber State,Weber State,5-11,192,8,30.2,BUF,121,2018,ACT,"https://static.www.nfl.com/image/upload/f_auto,q_auto/league/ga88tpaiiaafgcecjboi",3121003
Thomas Booker,LV,DL,99,Stanford,Stanford,6-3,301,4,26.9,HOU,150,2022,ACT,"https://static.www.nfl.com/image/upload/f_auto,q_auto/league/awrlnfwnvv3ehlnbe4cp",4360749
Tim Keenan III,LV,DL,96,Alabama,Alabama,6-2,320,0,23.8,LAR,232,2026,DEV,"https://static.www.nfl.com/image/upload/f_auto,q_auto/league/qasbqd0pea2nnfgtg9fj",4431414
Tommy Eichenberg,LV,LB,44,Ohio State,Ohio State,6-2,234,2,25.7,LV,148,2024,ACT,"https://static.www.nfl.com/image/upload/f_auto,q_auto/league/nzujkx5ycu6leuz2ctie",4429560
Tonka Hemingway,LV,DL,97,South Carolina,South Carolina,6-2,285,1,24.9,LV,135,2025,ACT,"https://static.www.nfl.com/image/upload/f_auto,q_auto/league/naoeqgrcfxdgtdrimc6v",4429109
Tre Tucker,LV,WR,1,Cincinnati,Cincinnati,5-8,185,3,25.6,LV,100,2023,ACT,"https://static.www.nfl.com/image/upload/f_auto,q_auto/league/hazzk3hrcequzosdgzgv",4428718
Trey Zuhn III,LV,OL,66,Texas A&M,Texas A&M,6-7,319,0,24.0,LV,91,2026,ACT,"https://static.www.nfl.com/image/upload/f_auto,q_auto/league/k2qgtsvaic93xeu4jqhh",
Treydan Stukes,LV,DB,31,Arizona,Arizona,6-2,200,0,25.1,LV,38,2026,ACT,"https://static.www.nfl.com/image/upload/f_auto,q_auto/league/uhljscop4d7yxtanrwop",4697757
Tristin McCollum,LV,DB,27,Sam Houston State,Sam Houston State,6-3,195,4,27.4,,,2022,INA,"https://static.www.nfl.com/image/upload/f_auto,q_auto/league/lob4yulcbxvkweblc0dg",4250393
Tyler Linderbaum,LV,OL,65,Iowa,Iowa,6-2,305,4,26.5,BAL,25,2022,ACT,"https://static.www.nfl.com/image/upload/f_auto,q_auto/league/fh4i4wf9f4nslburymqu",
Tyler Scott,LV,WR,82,Cincinnati,Cincinnati,5-10,185,3,25.0,CHI,133,2023,DEV,"https://static.www.nfl.com/image/upload/f_auto,q_auto/league/lmtqp0nnsglmo6ypp1ec",4565908
Will Putnam,LV,OL,67,Clemson,Clemson,6-4,301,2,26.2,,,2024,DEV,"https://static.www.nfl.com/image/upload/f_auto,q_auto/league/clwvsywtoyawl9dhn7gv",
A.J. Henning,MIA,WR,88,Northwestern,Northwestern; Michigan,5-10,192,1,25.1,,,2025,DEV,"https://static.www.nfl.com/image/upload/f_auto,q_auto/league/ijwatff81qf3jmikcryt",
Aaron Brewer,MIA,OL,55,Texas State-San Marcos,Texas State-San Marcos,6-1,290,6,28.9,,,2020,ACT,"https://static.www.nfl.com/image/upload/f_auto,q_auto/league/hg1utha1cygi0y3r45od",
Amari Gainer,MIA,LB,53,North Carolina,North Carolina; Florida State,6-3,235,2,26.3,,,2024,DEV,"https://static.www.nfl.com/image/upload/f_auto,q_auto/league/nrmc2wpx3aci3optdya2",4360469
Andre Jones Jr.,MIA,LB,58,Louisiana-Lafayette,Louisiana-Lafayette,6-5,258,3,28.0,WAS,233,2023,ACT,"https://static.www.nfl.com/image/upload/f_auto,q_auto/league/jnapl3qjyekmgvxm4bgd",4249214
Andrew Meyer,MIA,OL,60,Texas-El Paso,Texas-El Paso,6-3,290,2,26.7,,,2024,ACT,"https://static.www.nfl.com/image/upload/f_auto,q_auto/league/gfpddwgpotujkccninbs",
Austin Jackson,MIA,OL,73,USC,USC,6-5,305,6,27.2,MIA,18,2020,ACT,"https://static.www.nfl.com/image/upload/f_auto,q_auto/league/wvam7fcwgxhanox55sbh",
Bradley Pinion,MIA,P,48,Clemson,Clemson,6-5,250,11,32.4,SF,165,2015,ACT,"https://static.www.nfl.com/image/upload/f_auto,q_auto/league/xx5dvt7efcoyiwbhrjrq",2977680
Brady Cook,MIA,QB,15,Missouri,Missouri,6-2,215,1,25.0,,,2025,INA,"https://static.www.nfl.com/image/upload/f_auto,q_auto/league/sk8u7zzg7e3t4vu7xesg",4429435
Caedan Wallace,MIA,OL,77,Penn State,Penn State; West Virginia,6-5,314,2,26.5,NE,68,2024,ACT,"https://static.www.nfl.com/image/upload/f_auto,q_auto/league/pmf5pfpsa544my63y197",
Caleb Douglas,MIA,WR,7,Texas Tech,Texas Tech; Florida,6-4,206,0,23.1,MIA,75,2026,INA,"https://static.www.nfl.com/image/upload/f_auto,q_auto/league/stwypvmutplwvi1zzbmu",4869645
Carlos Washington,MIA,RB,26,Southeastern Louisiana,Southeastern Louisiana,5-11,210,3,27.8,,,2023,ACT,"https://static.www.nfl.com/image/upload/f_auto,q_auto/league/oc9zhtjhrxq5vxr1qkak",4248425
Chop Robinson,MIA,LB,44,Penn State,Penn State; Maryland,6-3,265,2,23.8,MIA,21,2024,ACT,"https://static.www.nfl.com/image/upload/f_auto,q_auto/league/qcf7mpwkznoaqj6viijj",4431586
Chris Bell,MIA,WR,18,Louisville,Louisville,6-2,228,0,22.3,MIA,94,2026,ACT,"https://static.www.nfl.com/image/upload/f_auto,q_auto/league/zgbku18zemqyryvyahd4",4869961
Chris Johnson,MIA,DB,3,San Diego State,San Diego State,6-0,193,0,21.9,MIA,27,2026,ACT,"https://static.www.nfl.com/image/upload/f_auto,q_auto/league/xapxjgeqo5rbmuvfxbfv",4869579
Chukwuebuka Godrick,MIA,OL,79,,,6-5,293,3,26.0,,,2023,INA,"https://static.www.nfl.com/image/upload/f_auto,q_auto/league/smipbrnexnhyh7q302gv",
Cole Turner,MIA,TE,87,Nevada,Nevada,6-6,261,4,26.6,WAS,149,2022,RES,"https://static.www.nfl.com/image/upload/f_auto,q_auto/league/tuoxojttzngaook6qbde",4361438
DJ Campbell,MIA,OL,63,Texas,Texas,6-3,321,0,23.0,MIA,200,2026,INA,"https://static.www.nfl.com/image/upload/f_auto,q_auto/league/lwtw3jr4gihs3x6ezole",
DJ Herman,MIA,RB,34,San Diego State,San Diego State,6-1,240,0,24.6,,,2026,ACT,"https://static.www.nfl.com/image/upload/f_auto,q_auto/league/snacspvu9hic30y1vd8m",4685116
Dante Trader Jr.,MIA,DB,11,Maryland,Maryland,5-11,202,1,23.6,MIA,155,2025,ACT,"https://static.www.nfl.com/image/upload/f_auto,q_auto/league/nffbi3a32ngmczzvxcz0",4431664
Darrell Baker Jr.,MIA,DB,22,Georgia Southern,Georgia Southern,6-1,200,4,28.5,,,2022,RES,"https://static.www.nfl.com/image/upload/f_auto,q_auto/league/qz4bicahmuowtpiesehf",4036660
De'Von Achane,MIA,RB,28,Texas A&M,Texas A&M,5-9,195,3,25.0,MIA,84,2023,RES,"https://static.www.nfl.com/image/upload/f_auto,q_auto/league/xk1xwio0bryfxo1ylweu",4429160
Ethan Bonner,MIA,DB,27,Stanford,Stanford,6-1,190,3,27.0,,,2023,DEV,"https://static.www.nfl.com/image/upload/f_auto,q_auto/league/zfylu04usdezofligghl",4360746
Gottlieb Ayedze,MIA,OL,72,Maryland,Maryland; Frostburg State,6-4,305,2,26.5,,,2024,DEV,"https://static.www.nfl.com/image/upload/f_auto,q_auto/league/djqq8oxg6w2nllo5frh3",
Greg Dulcich,MIA,TE,85,UCLA,UCLA,6-4,245,4,26.5,DEN,80,2022,ACT,"https://static.www.nfl.com/image/upload/f_auto,q_auto/league/kw4cwgjl4kywh6le4sfh",4367209
Jackson Woodard,MIA,LB,42,UNLV,UNLV; Arkansas,6-2,229,1,24.3,,,2025,ACT,"https://static.www.nfl.com/image/upload/f_auto,q_auto/league/az85ciifheyqiga3yqot",4685637
Jacob Rodriguez,MIA,LB,10,Texas Tech,Texas Tech; Virginia,6-1,235,0,24.1,MIA,43,2026,ACT,"https://static.www.nfl.com/image/upload/f_auto,q_auto/league/yqhkilqqhuxelhiz40qv",4566094
Jalen Reagor,MIA,WR,88,TCU,TCU,5-11,200,6,27.8,PHI,21,2020,DEV,"https://static.www.nfl.com/image/upload/f_auto,q_auto/league/r55ywr41a014zd9zmvc1",4241802
Jalen Tolbert,MIA,WR,1,South Alabama,South Alabama,6-1,195,4,27.6,DAL,88,2022,ACT,"https://static.www.nfl.com/image/upload/f_auto,q_auto/league/dthrzudnyh1mcrh1det2",4249417
James Ester,MIA,DL,65,Northern Illinois,Northern Illinois,6-3,298,2,25.1,,,2024,DEV,"https://static.www.nfl.com/image/upload/f_auto,q_auto/league/fxqpwlwc08m7t3s2r8yf",
Jarquez Hunter,MIA,RB,31,Auburn,Auburn,5-10,210,1,23.8,LAR,117,2025,DEV,"https://static.www.nfl.com/image/upload/f_auto,q_auto/league/pqqxp2q7mkpnqbahu25c",4710341
Jarrett Kingston,MIA,OL,62,USC,USC; Washington State,6-4,308,2,26.9,SF,215,2024,ACT,"https://static.www.nfl.com/image/upload/f_auto,q_auto/league/kxvhcqmyotwpjaphrtvw",
Jason Marshall Jr.,MIA,DB,4,Florida,Florida,6-0,204,1,24.1,MIA,150,2025,ACT,"https://static.www.nfl.com/image/upload/f_auto,q_auto/league/chf1ow0awwha9hrcoqxc",4432730
Jaylen Wright,MIA,RB,5,Tennessee,Tennessee,5-10,205,2,23.5,MIA,120,2024,ACT,"https://static.www.nfl.com/image/upload/f_auto,q_auto/league/feeuommtlmpvuxvtb1zt",4682745
Jaylin Simpson,MIA,DB,32,Auburn,Auburn,6-0,178,2,26.6,IND,164,2024,ACT,"https://static.www.nfl.com/image/upload/f_auto,q_auto/league/xy041ns1wwk60l85kpgh",4567225
Jonah Savaiinaea,MIA,OL,71,Arizona,Arizona,6-5,325,1,22.7,MIA,37,2025,ACT,"https://static.www.nfl.com/image/upload/f_auto,q_auto/league/va8dirlxszzh3ufmfiti",
Jordan Phillips,MIA,DL,94,Maryland,Maryland; Tennessee,6-3,324,1,22.3,MIA,143,2025,ACT,"https://static.www.nfl.com/image/upload/f_auto,q_auto/league/mhntqo1e1uxl8uhqzqrk",4837188
Jordyn Brooks,MIA,LB,20,Texas Tech,Texas Tech,6-0,240,6,29.0,SEA,27,2020,ACT,"https://static.www.nfl.com/image/upload/f_auto,q_auto/league/mgg8dnwaoqrzpgmzyah7",4043130
Joshua Uche,MIA,LB,9,Michigan,Michigan,6-3,252,6,28.1,NE,60,2020,ACT,"https://static.www.nfl.com/image/upload/f_auto,q_auto/league/dtuiphmwezecyapeyefe",4046528
Julius Brents,MIA,DB,8,Kansas State,Kansas State,6-3,202,3,26.7,IND,44,2023,ACT,"https://static.www.nfl.com/image/upload/f_auto,q_auto/league/chqdioyasofpjnu25iqi",4360488
Julius Wood,MIA,DB,25,East Carolina,East Carolina; Blinn College,6-1,202,2,25.4,,,2024,ACT,"https://static.www.nfl.com/image/upload/f_auto,q_auto/league/e50jl0exy2q6atfsh34o",4872841
Justin Joly,MIA,TE,80,N.C. State,N.C. State; Connecticut,6-3,241,0,22.2,DEN,152,2026,INA,"https://static.www.nfl.com/image/upload/f_auto,q_auto/league/vglffv5obtvktndulobu",4912052
Kadyn Proctor,MIA,OL,74,Alabama,Alabama,6-7,360,0,21.3,MIA,12,2026,ACT,"https://static.www.nfl.com/image/upload/f_auto,q_auto/league/drkcektwmef11cd6pojk",
Keith Cooper Jr.,MIA,DL,97,Houston,Houston; Tulane,6-5,285,1,23.5,,,2025,DEV,"https://static.www.nfl.com/image/upload/f_auto,q_auto/league/tsr4nvxl1xnbcds25pof",4712462
Kenneth Grant,MIA,DL,78,Michigan,Michigan,6-3,326,1,22.9,MIA,13,2025,RES,"https://static.www.nfl.com/image/upload/f_auto,q_auto/league/toglmqxy3ymqzkcef11y",4894654
Kevin Coleman Jr.,MIA,WR,21,Missouri,Missouri; Mississippi State; Louisville; Jackson State University,5-10,179,0,23.1,MIA,177,2026,ACT,"https://static.www.nfl.com/image/upload/f_auto,q_auto/league/nqqd4zjnxephjb4qziww",4685307
Kyle Louis,MIA,LB,19,Pittsburgh,Pittsburgh,6-0,225,0,22.6,MIA,138,2026,RES,"https://static.www.nfl.com/image/upload/f_auto,q_auto/league/dhnmmaa0fa4qevmfjez0",4880273
Kyle McCord,MIA,QB,14,Syracuse,Syracuse; Ohio State,6-3,220,1,24.1,PHI,181,2025,ACT,"https://static.www.nfl.com/image/upload/f_auto,q_auto/league/smdh2mmu457aammcblth",4433971
Le'Veon Moss,MIA,RB,37,,,,203,0,,,,2026,RET,,
Liam Anderson,MIA,LB,50,Holy Cross,Holy Cross,6-3,230,3,26.4,,,2023,DEV,"https://static.www.nfl.com/image/upload/f_auto,q_auto/league/qvbfvhlmnbuuyccpdwsv",4368056
Major Burns,MIA,DB,43,LSU,LSU; Georgia,6-2,209,1,24.4,,,2025,DEV,"https://static.www.nfl.com/image/upload/f_auto,q_auto/league/vhrh8vnf5uhvfwuogjgx",
Malik Herring,MIA,DL,90,Georgia,Georgia,6-3,277,5,28.9,,,2021,ACT,"https://static.www.nfl.com/image/upload/f_auto,q_auto/league/dnbfwozdcnftk7agxywc",4259547
Malik Washington,MIA,WR,6,Virginia,Virginia; Northwestern,5-8,194,2,26.0,MIA,184,2024,ACT,"https://static.www.nfl.com/image/upload/f_auto,q_auto/league/dmaiwnmaal9nrwfskl28",4569603
Malik Willis,MIA,QB,2,Liberty,Liberty; Auburn,6-1,225,4,27.4,TEN,86,2022,ACT,"https://static.www.nfl.com/image/upload/f_auto,q_auto/league/txvgdbwbryzyyqq6gfet",4242512
Marcellas Dial Jr.,MIA,DB,24,South Carolina,South Carolina; Georgia Military,6-0,190,2,25.8,NE,180,2024,INA,"https://static.www.nfl.com/image/upload/f_auto,q_auto/league/f7gahvkgajai22d7ndqh",4875079
Max Llewellyn,MIA,DL,57,Iowa,Iowa,6-5,258,0,24.1,MIA,238,2026,DEV,"https://static.www.nfl.com/image/upload/f_auto,q_auto/league/kelqyicfaaxoabstgwrr",4683101
Mazi Smith,MIA,DL,91,Michigan,Michigan,6-3,337,3,25.3,DAL,26,2023,ACT,"https://static.www.nfl.com/image/upload/f_auto,q_auto/league/kgoofjfxbyjfjgcr5bcz",4426347
Michael Taaffe,MIA,DB,16,Texas,Texas,6-0,190,0,23.6,MIA,158,2026,ACT,,4880346
Ollie Gordon II,MIA,RB,0,Oklahoma State,Oklahoma State,6-2,225,1,22.7,MIA,179,2025,ACT,"https://static.www.nfl.com/image/upload/f_auto,q_auto/league/bv33rgypaauv7sealwkr",4711533
Patrick Paul,MIA,OL,52,Houston,Houston,6-7,325,2,24.9,MIA,55,2024,ACT,"https://static.www.nfl.com/image/upload/f_auto,q_auto/league/gjp4mxqdh4gs2cyktdva",
Reese Taylor,MIA,DB,35,Purdue,Purdue,5-11,190,3,27.1,,,2023,ACT,"https://static.www.nfl.com/image/upload/f_auto,q_auto/league/sgzl6u9ggxuea9qcbveg",4371946
Rene Konga,MIA,DL,95,Louisville,Louisville; Rutgers,6-3,298,0,23.9,,,2026,RES,"https://static.www.nfl.com/image/upload/f_auto,q_auto/league/qn7lj4k9kkklluhifocz",
Riley Patterson,MIA,K,47,Memphis,Memphis,6-0,196,5,27.1,,,2021,ACT,"https://static.www.nfl.com/image/upload/f_auto,q_auto/league/xjg7x98iyq5hlgjc62ot",4243371
Rob Beal Jr.,MIA,DL,51,Georgia,Georgia,6-4,264,3,27.1,SF,173,2023,INA,"https://static.www.nfl.com/image/upload/f_auto,q_auto/league/clzzji0rtncdzzxhtpux",4259558
Rodney McGraw,MIA,DL,59,Western Michigan,Western Michigan,6-4,273,0,24.5,,,2026,ACT,"https://static.www.nfl.com/image/upload/f_auto,q_auto/league/rzwunvxmj9ztdfe1xi2l",
Ronnie Harrison,MIA,LB,56,Alabama,Alabama,6-2,220,8,29.5,JAX,93,2018,RES,"https://static.www.nfl.com/image/upload/f_auto,q_auto/league/uhybqeoqkzjgcogc3s9y",3859006
Ryan Miller,MIA,WR,84,Furman,Furman,6-2,221,3,26.6,,,2023,ACT,"https://static.www.nfl.com/image/upload/f_auto,q_auto/league/g7bpkzvg0xyww8weku0r",4369466
Seydou Traore,MIA,TE,83,Mississippi State,Mississippi State; Arkansas State,6-4,242,0,24.2,MIA,180,2026,ACT,"https://static.www.nfl.com/image/upload/f_auto,q_auto/league/kzpmm2zoctywb276zqt4",4714379
Shaka Heyward,MIA,LB,45,Duke,Duke,6-3,238,3,26.5,,,2023,ACT,"https://static.www.nfl.com/image/upload/f_auto,q_auto/league/ygoj2vwazi6dsg2bnwpt",4360413
Storm Duck,MIA,DB,29,Louisville,Louisville,6-0,195,2,25.8,,,2024,RES,"https://static.www.nfl.com/image/upload/f_auto,q_auto/league/xupbuoy2lyb6bqyjvuso",4427103
Tre Watson,MIA,TE,87,Texas A&M,Texas A&M; Fresno State,6-5,250,1,24.0,,,2025,DEV,"https://static.www.nfl.com/image/upload/f_auto,q_auto/league/ugdci6mdpfinji42u1om",
Trey Moore,MIA,LB,17,Texas,Texas; Texas-San Antonio,6-2,247,0,23.4,MIA,130,2026,RES,"https://static.www.nfl.com/image/upload/f_auto,q_auto/league/kezibcnrkdwepbbkaqfq",4879212
Tucker Addington,MIA,LS,46,Sam Houston State,Sam Houston State,6-2,230,5,29.2,,,2021,ACT,"https://static.www.nfl.com/image/upload/f_auto,q_auto/league/weswfyqcc51q4zgjtgmq",
Will Kacmarek,MIA,TE,89,Ohio State,Ohio State; Ohio,6-6,261,0,23.7,MIA,87,2026,ACT,"https://static.www.nfl.com/image/upload/f_auto,q_auto/league/erqascuieblamkhf2vbs",4880236
Will Sheppard,MIA,WR,81,Colorado,Colorado; Vanderbilt,6-3,196,1,24.7,,,2025,DEV,"https://static.www.nfl.com/image/upload/f_auto,q_auto/league/vwyhqfyyxngoljurvrjx",
Willie Gay Jr.,MIA,LB,40,Mississippi State,Mississippi State,6-1,246,6,28.6,KC,63,2020,ACT,"https://static.www.nfl.com/image/upload/f_auto,q_auto/league/vf0j6vpgfr1vg5wsd7uh",4259804
Zach Sieler,MIA,DL,92,Ferris State,Ferris State,6-6,300,8,31.1,BAL,238,2018,ACT,"https://static.www.nfl.com/image/upload/f_auto,q_auto/league/s5sel5udu4qvmi9jgryz",3057956
Zayne Anderson,MIA,DB,23,BYU,BYU,6-2,210,5,29.8,,,2021,ACT,"https://static.www.nfl.com/image/upload/f_auto,q_auto/league/j8agcdgo4ezgvn4vhw7u",3932335
Zeek Biggers,MIA,DL,93,Georgia Tech,Georgia Tech,6-6,315,1,23.0,MIA,253,2025,ACT,"https://static.www.nfl.com/image/upload/f_auto,q_auto/league/etcgr7pzpzk17xfjeqeb",4683276
Aaron Jones,MIN,RB,33,Texas-El Paso,Texas-El Paso,5-9,208,9,31.8,GB,182,2017,ACT,"https://static.www.nfl.com/image/upload/f_auto,q_auto/league/bktkfvgfwujkdbzkcfim",3042519
Adam Thielen,MIN,WR,16,Minnesota State,Minnesota State,6-2,200,13,36.1,,,2013,RET,"https://static.www.nfl.com/image/upload/f_auto,q_auto/league/pv6gajxtt6zhum2unnsl",16460
Andrew DePaola,MIN,LS,42,Rutgers,Rutgers,6-1,230,14,39.2,,,2012,ACT,"https://static.www.nfl.com/image/upload/f_auto,q_auto/league/zvvseyjneba7ehms6pd9",
Andrew Van Ginkel,MIN,LB,43,Wisconsin,Wisconsin; Iowa Western CC; South Dakota,6-4,242,7,31.3,MIA,151,2019,ACT,"https://static.www.nfl.com/image/upload/f_auto,q_auto/league/vbpdlib647tcpzz59wyt",3133487
Audric Estimé,MIN,RB,30,Notre Dame,Notre Dame,5-11,227,2,23.1,DEN,147,2024,DEV,"https://static.www.nfl.com/image/upload/f_auto,q_auto/league/lcoend1mysjfhl8f4rrt",4569682
Bangally Kamara,MIN,LB,59,Kansas,Kansas; South Carolina; Pittsburgh,6-2,235,0,25.0,,,2026,DEV,"https://static.www.nfl.com/image/upload/f_auto,q_auto/league/o2ni1w7qx6aqgqfv6heh",
Ben Yurosek,MIN,TE,85,Georgia,Georgia; Stanford,6-4,251,1,24.6,,,2025,RES,"https://static.www.nfl.com/image/upload/f_auto,q_auto/league/q6ea6dqd4nn27aeihiv7",4433959
Blake Brandel,MIN,OL,64,Oregon State,Oregon State,6-7,315,6,29.7,MIN,203,2020,ACT,"https://static.www.nfl.com/image/upload/f_auto,q_auto/league/pahzsehwe1mplzelu3wl",
Blake Cashman,MIN,LB,51,Minnesota,Minnesota,6-1,235,7,30.4,NYJ,157,2019,ACT,"https://static.www.nfl.com/image/upload/f_auto,q_auto/league/mvui8tjkoewkupyncbok",3728281
Bo Richter,MIN,LB,98,Air Force,Air Force,6-1,250,2,26.2,,,2024,ACT,"https://static.www.nfl.com/image/upload/f_auto,q_auto/league/kbhux5tafk9i4lqkcmtn",4875564
Brett Thorson,MIN,P,19,Georgia,Georgia,6-1,237,0,26.8,,,2026,INA,,4799994
Brian O'Neill,MIN,OL,75,Pittsburgh,Pittsburgh,6-7,310,8,31.1,MIN,62,2018,ACT,"https://static.www.nfl.com/image/upload/f_auto,q_auto/league/ouq6nfernugv9rsvcvwm",
Byron Murphy,MIN,DB,7,Washington,Washington,5-11,190,7,28.7,AZ,33,2019,ACT,"https://static.www.nfl.com/image/upload/f_auto,q_auto/league/secfzfwznyhcgiow4rvq",4038999
C.J. Ham,MIN,RB,30,Augustana (SD),Augustana (SD),5-11,235,10,33.2,,,2016,RET,"https://static.www.nfl.com/image/upload/f_auto,q_auto/league/evssvutwjy6szq7dpelm",4012556
Caleb Banks,MIN,DL,95,Florida,Florida; Louisville,6-6,327,0,23.6,MIN,18,2026,ACT,"https://static.www.nfl.com/image/upload/f_auto,q_auto/league/kn0vbk3i04hyepp7phmb",4602019
Caleb Tiernan,MIN,OL,78,Northwestern,Northwestern,6-7,323,0,23.7,MIN,97,2026,ACT,"https://static.www.nfl.com/image/upload/f_auto,q_auto/league/wp0lu3cuqnu47gn3gmo1",
Cam Grandy,MIN,TE,83,Illinois State,Illinois State; Missouri Western,6-5,253,2,26.9,,,2024,DEV,"https://static.www.nfl.com/image/upload/f_auto,q_auto/league/uay5dmniqx1baal3q3uu",4700712
Carson Wentz,MIN,QB,11,North Dakota State,North Dakota State,6-5,237,10,33.8,PHI,2,2016,ACT,"https://static.www.nfl.com/image/upload/f_auto,q_auto/league/vuolixdvigc8axelug66",2573079
Charles Demmings,MIN,DB,20,Stephen F. Austin State,Stephen F. Austin State,6-1,193,0,23.5,MIN,163,2026,INA,"https://static.www.nfl.com/image/upload/f_auto,q_auto/league/xqpfpwzaotawvch1v4ok",5091793
Chaz Chambliss,MIN,LB,32,Georgia,Georgia,6-1,244,1,24.0,,,2025,ACT,"https://static.www.nfl.com/image/upload/f_auto,q_auto/league/wwuawbggpxurztrxyyuh",4431520
Christian Darrisaw,MIN,OL,71,Virginia Tech,Virginia Tech,6-5,314,5,27.4,MIN,23,2021,ACT,"https://static.www.nfl.com/image/upload/f_auto,q_auto/league/czyibprjejmeflivtgzb",
Da'Veawn Armstead,MIN,DB,38,North Texas,North Texas; TCU; Sam Houston State,6-1,183,0,23.9,,,2026,DEV,"https://static.www.nfl.com/image/upload/f_auto,q_auto/league/jxf34gnwnwuohqkssugv",
Dallas Turner,MIN,LB,15,Alabama,Alabama,6-3,247,2,23.7,MIN,17,2024,ACT,"https://static.www.nfl.com/image/upload/f_auto,q_auto/league/k9buimhpd1q6la5pdxs3",4565190
DeeJay Dallas,MIN,RB,31,Miami,Miami,5-10,225,6,28.1,SEA,144,2020,ACT,"https://static.www.nfl.com/image/upload/f_auto,q_auto/league/qrvemj4m3g2mqlbgy352",4240631
Demond Claiborne,MIN,RB,21,Wake Forest,Wake Forest,5-10,188,0,23.0,MIN,198,2026,ACT,"https://static.www.nfl.com/image/upload/f_auto,q_auto/league/vmozbbdzgcaqq1yrixeb",4832846
Devin Neal,MIN,RB,24,Kansas,Kansas,5-11,215,1,23.2,NO,184,2025,DEV,"https://static.www.nfl.com/image/upload/f_auto,q_auto/league/set0xwgpkp0k3bofcpzn",4682652
Dillon Bell,MIN,WR,89,Georgia,Georgia,6-1,209,0,22.9,,,2026,DEV,"https://static.www.nfl.com/image/upload/f_auto,q_auto/league/b9v5ex8bfoum15d8v2gf",4712579
Domonique Orange,MIN,DL,97,Iowa State,Iowa State,6-2,322,0,22.6,MIN,82,2026,ACT,"https://static.www.nfl.com/image/upload/f_auto,q_auto/league/o2druy2qqi3nkcbj9ns6",4698728
Donovan Jackson,MIN,OL,74,Ohio State,Ohio State,6-4,324,1,23.8,MIN,24,2025,ACT,"https://static.www.nfl.com/image/upload/f_auto,q_auto/league/xurpqjpbr0arxuxqanhb",
Elijah Williams,MIN,DL,99,Morgan State,Morgan State,6-3,298,1,24.1,,,2025,INA,"https://static.www.nfl.com/image/upload/f_auto,q_auto/league/jdad4ub2ljy6hynzxmb4",4696782
Eric Wilson,MIN,LB,55,Cincinnati,Cincinnati; Northwestern,6-1,230,9,32.0,,,2017,ACT,"https://static.www.nfl.com/image/upload/f_auto,q_auto/league/xp5tifhe6rxrdz4rsm2f",3056916
Gavin Bartholomew,MIN,TE,86,Pittsburgh,Pittsburgh,6-5,250,1,23.4,MIN,202,2025,ACT,"https://static.www.nfl.com/image/upload/f_auto,q_auto/league/vezjblfvo9gduiyonlum",4708049
Harrison Smith,MIN,DB,22,Notre Dame,Notre Dame,6-2,214,14,37.7,MIN,29,2012,ACT,"https://static.www.nfl.com/image/upload/f_auto,q_auto/league/kadw1bk0cxsarjrwbdrq",14945
Henry Byrd,MIN,OL,68,Princeton,Princeton,6-5,314,3,27.3,,,2023,DEV,"https://static.www.nfl.com/image/upload/f_auto,q_auto/league/x6i8ymo7tl6o19o7pmry",
Isaiah Rodgers,MIN,DB,2,UMass Amherst,UMass Amherst,5-10,180,6,28.8,IND,211,2020,ACT,"https://static.www.nfl.com/image/upload/f_auto,q_auto/league/ukadn9uyrajapqo6gxuj",4044540
Ivan Pace Jr.,MIN,LB,0,Cincinnati,Cincinnati; Miami (Ohio),5-10,235,3,25.8,,,2023,ACT,"https://static.www.nfl.com/image/upload/f_auto,q_auto/league/til1eiumoueha3mnindj",4430280
Jack Nelson,MIN,OL,79,Wisconsin,Wisconsin,6-7,316,1,24.7,ATL,218,2025,DEV,"https://static.www.nfl.com/image/upload/f_auto,q_auto/league/lfq3fxdznxmhx59npsyt",
Jacob Thomas,MIN,DB,29,James Madison,James Madison,6-1,212,0,22.4,,,2026,ACT,"https://static.www.nfl.com/image/upload/f_auto,q_auto/league/xme4nohvydgpjnj6gpge",5082397
Jahvaree Ritzie,MIN,DL,96,North Carolina,North Carolina,6-4,290,1,23.7,,,2025,DEV,"https://static.www.nfl.com/image/upload/f_auto,q_auto/league/wc149d02t0sbougkceuk",
Jake Golday,MIN,LB,41,Cincinnati,Cincinnati; Central Arkansas,6-4,239,0,23.4,MIN,51,2026,ACT,"https://static.www.nfl.com/image/upload/f_auto,q_auto/league/xxquil9cdqnjwqiwrj4h",4877652
Jakobe Thomas,MIN,DB,8,Miami,Miami; Tennessee; Middle Tennessee State,6-1,211,0,23.3,MIN,98,2026,INA,"https://static.www.nfl.com/image/upload/f_auto,q_auto/league/lhdrccjr1nefeeqnuzo7",4710865
Jalen Redmond,MIN,DL,61,Oklahoma,Oklahoma,6-3,305,3,27.6,,,2023,ACT,"https://static.www.nfl.com/image/upload/f_auto,q_auto/league/y4m9ssdlqb8i7zgmo7tl",4360277
Jamal Adams,MIN,LB,32,LSU,LSU,6-1,213,9,31.0,NYJ,6,2017,RES,"https://static.www.nfl.com/image/upload/f_auto,q_auto/league/plodzh6kwjvhpo2mf3ie",3115373
James Pierre,MIN,DB,23,Florida Atlantic,Florida Atlantic,6-2,185,6,30.1,,,2020,ACT,"https://static.www.nfl.com/image/upload/f_auto,q_auto/league/ejlisynlop21gglz3zbh",4259252
Jaret Patterson,MIN,RB,30,Buffalo,Buffalo,5-8,195,5,26.8,,,2021,CUT,"https://static.www.nfl.com/image/upload/f_auto,q_auto/league/thg0iebj03kg0nuykglu",4362452
Jauan Jennings,MIN,WR,14,Tennessee,Tennessee,6-3,214,6,29.2,SF,217,2020,ACT,"https://static.www.nfl.com/image/upload/f_auto,q_auto/league/ben8kbygzzlid6ltmdum",3886598
Jay Ward,MIN,DB,24,LSU,LSU,6-1,188,3,26.2,MIN,134,2023,ACT,"https://static.www.nfl.com/image/upload/f_auto,q_auto/league/dwljd5ukdc8pzy3l5vju",4568007
Jerome Ford,MIN,RB,34,Cincinnati,Cincinnati; Alabama,5-10,210,4,27.1,CLE,156,2022,CUT,"https://static.www.nfl.com/image/upload/f_auto,q_auto/league/rntmoum7ncnyo5j2bdei",4372019
Jeshaun Jones,MIN,WR,82,Maryland,Maryland,6-1,185,2,26.8,,,2024,ACT,"https://static.www.nfl.com/image/upload/f_auto,q_auto/league/pwlziiyhd7ectylkejgc",4360637
Joe Huber,MIN,OL,60,Wisconsin,Wisconsin,6-5,310,1,24.4,,,2025,ACT,"https://static.www.nfl.com/image/upload/f_auto,q_auto/league/uyx7yhbqffwghbe517dy",
Johnny Hekker,MIN,P,6,Oregon State,Oregon State,6-5,241,14,36.7,,,2012,ACT,"https://static.www.nfl.com/image/upload/f_auto,q_auto/league/ujimjaanshkfyszjp3vl",15153
Jonathan Harris,MIN,DL,93,Lindenwood,Lindenwood,6-5,295,7,30.2,,,2019,CUT,"https://static.www.nfl.com/image/upload/f_auto,q_auto/league/cp345mijudr0kvwiesbu",4422407
Jordan Addison,MIN,WR,3,USC,USC; Pittsburgh,5-11,179,3,24.7,MIN,23,2023,ACT,"https://static.www.nfl.com/image/upload/f_auto,q_auto/league/mi4lzk9gvjrvo6rwdf1e",4429205
Jordan Mason,MIN,RB,27,Georgia Tech,Georgia Tech,5-11,230,4,27.4,,,2022,RES,"https://static.www.nfl.com/image/upload/f_auto,q_auto/league/qeeucinnxl8mpzaw23hc",4360569
Josh Metellus,MIN,DB,44,Michigan,Michigan,5-11,210,6,28.7,MIN,205,2020,ACT,"https://static.www.nfl.com/image/upload/f_auto,q_auto/league/gmb2ahv4eq0jphammw2h",4046537
Josh Oliver,MIN,TE,84,San Jose State,San Jose State,6-5,264,7,29.5,JAX,69,2019,RES,"https://static.www.nfl.com/image/upload/f_auto,q_auto/league/awdb5xedlbq0ebpptgzb",3921690
Josh Priebe,MIN,OL,68,Michigan,Michigan; Northwestern,6-5,306,1,25.2,,,2025,DEV,"https://static.www.nfl.com/image/upload/f_auto,q_auto/league/z8bgbhmsahpeyrozqgpi",
Justin Jefferson,MIN,WR,18,LSU,LSU,6-1,192,6,27.3,MIN,22,2020,INA,"https://static.www.nfl.com/image/upload/f_auto,q_auto/league/htjevkugzk6ietrjysny",4262921
Kenny Dyson,MIN,LB,54,Bryant,Bryant,6-3,235,2,25.3,,,2024,DEV,"https://static.www.nfl.com/image/upload/f_auto,q_auto/league/ikgxg2vrumhdez3bu0w9",4574008
Keshawn Banks,MIN,DL,59,San Diego State,San Diego State,6-3,251,3,26.8,,,2023,DEV,"https://static.www.nfl.com/image/upload/f_auto,q_auto/league/psqcg6omspml02ur6jlf",
Kyle Van Noy,MIN,LB,17,BYU,BYU,6-3,255,12,35.5,DET,40,2014,ACT,"https://static.www.nfl.com/image/upload/f_auto,q_auto/league/kxj2hipcguahh4l60vaa",16772
Kyler Murray,MIN,QB,1,Oklahoma,Oklahoma; Texas A&M,5-10,207,7,29.2,AZ,1,2019,ACT,"https://static.www.nfl.com/image/upload/f_auto,q_auto/league/btfruyf33adgnjzpcuen",3917315
Levi Drake Rodriguez,MIN,DL,50,East Texas A&M,East Texas A&M,6-2,307,2,26.2,MIN,232,2024,ACT,"https://static.www.nfl.com/image/upload/f_auto,q_auto/league/omsedg4telmr0fvhhegj",5093973
Maceo Beard,MIN,DB,36,,,,213,1,,,,2025,DEV,,
Max Bredeson,MIN,RB,45,Michigan,Michigan,6-2,252,0,24.0,MIN,159,2026,ACT,"https://static.www.nfl.com/image/upload/f_auto,q_auto/league/fl3inwpzgb7fgzpaezw1",4878695
Max Brosmer,MIN,QB,12,Minnesota,Minnesota; New Hampshire,6-2,218,1,25.5,,,2025,INA,"https://static.www.nfl.com/image/upload/f_auto,q_auto/league/fpveluufmy7buwrhpiny",4573398
Michael Briscoe,MIN,WR,81,Cal Poly (San Luis Obispo),Cal Poly (San Luis Obispo),6-2,209,0,24.2,,,2026,DEV,"https://static.www.nfl.com/image/upload/f_auto,q_auto/league/rrnmno7nkn0o4kilp7je",
Michael Jurgens,MIN,OL,65,Wake Forest,Wake Forest,6-4,311,2,26.8,MIN,230,2024,RES,"https://static.www.nfl.com/image/upload/f_auto,q_auto/league/mnsvfstbdld5dvpfjphk",
Myles Price,MIN,WR,4,Indiana,Indiana; Texas Tech,5-9,183,1,24.8,,,2025,ACT,"https://static.www.nfl.com/image/upload/f_auto,q_auto/league/yi2pgwujy0lv9l3m3sig",4430656
Natrone Brooks,MIN,DB,28,Southern Mississippi,Southern Mississippi,5-11,176,3,26.8,,,2023,DEV,"https://static.www.nfl.com/image/upload/f_auto,q_auto/league/swxxv6yxfspw2vyrjxgv",4689989
Nick Samac,MIN,OL,62,Michigan State,Michigan State,6-4,317,2,25.1,BAL,228,2024,RES,"https://static.www.nfl.com/image/upload/f_auto,q_auto/league/asndmhzpbeviehlnuxgl",
Ryan Van Demark,MIN,OL,72,Connecticut,Connecticut,6-6,307,4,28.5,,,2022,ACT,"https://static.www.nfl.com/image/upload/f_auto,q_auto/league/gcnwaxoqw1ys3dpxs6xf",
T.J. Hockenson,MIN,TE,87,Iowa,Iowa,6-5,248,7,29.3,DET,8,2019,ACT,"https://static.www.nfl.com/image/upload/f_auto,q_auto/league/rs8o65x0u0n9xzde0fd6",4036133
Tai Felton,MIN,WR,13,Maryland,Maryland,6-1,186,1,23.6,MIN,102,2025,ACT,"https://static.www.nfl.com/image/upload/f_auto,q_auto/league/pyritorbaz2enqayclln",4565185
Tavierre Thomas,MIN,DB,37,Ferris State,Ferris State,5-10,212,8,30.6,,,2018,DEV,"https://static.www.nfl.com/image/upload/f_auto,q_auto/league/uhnxkxxitwkhjwgf2egu",4334405
Theo Jackson,MIN,DB,26,Tennessee,Tennessee,6-1,203,4,28.0,TEN,204,2022,ACT,"https://static.www.nfl.com/image/upload/f_auto,q_auto/league/bn0zvntbfmhw7yki2xr4",4242436
Trevor Keegan,MIN,OL,69,Michigan,Michigan,6-5,315,2,26.1,PHI,172,2024,ACT,"https://static.www.nfl.com/image/upload/f_auto,q_auto/league/op65y3hhnmtpcdumopmt",
Tyler Batty,MIN,LB,92,BYU,BYU,6-5,271,1,27.4,,,2025,RES,"https://static.www.nfl.com/image/upload/f_auto,q_auto/league/xur5y3juva1uila1vszk",4608794
Tyreek Chappell,MIN,DB,28,Texas A&M,Texas A&M,5-11,180,0,23.9,,,2026,RES,"https://static.www.nfl.com/image/upload/f_auto,q_auto/league/itludydyhonkxtz5sebd",
Tyrion Ingram-Dawkins,MIN,DL,90,Georgia,Georgia,6-5,290,1,23.3,MIN,139,2025,ACT,"https://static.www.nfl.com/image/upload/f_auto,q_auto/league/lkpgbo1ftwfrp18wrbxv",4629149
Will Fries,MIN,OL,76,Penn State,Penn State,6-6,321,5,28.5,IND,248,2021,ACT,"https://static.www.nfl.com/image/upload/f_auto,q_auto/league/o1mom4lvhbd7yltnneyh",
Will Reichard,MIN,K,16,Alabama,Alabama,6-1,190,2,25.7,MIN,203,2024,ACT,"https://static.www.nfl.com/image/upload/f_auto,q_auto/league/wv1h4umuddkfss96uutw",4567104
Zemaiah Vaughn,MIN,DB,5,Utah,Utah,6-3,180,1,24.5,,,2025,ACT,"https://static.www.nfl.com/image/upload/f_auto,q_auto/league/ko8yku7d4usn5sm0nuf9",4695609
A.J. Brown,NE,WR,1,Mississippi,Mississippi,6-1,226,7,29.3,TEN,51,2019,RES,"https://static.www.nfl.com/image/upload/f_auto,q_auto/league/qfhvjyssf0lwsh0kienp",4047646
Alijah Vera-Tucker,NE,OL,75,USC,USC,6-5,310,5,27.3,NYJ,14,2021,ACT,"https://static.www.nfl.com/image/upload/f_auto,q_auto/league/a2hlyjd2geiy1mdiugug",
Andy Borregales,NE,K,8,Miami,Miami,5-11,202,1,23.8,NE,182,2025,ACT,"https://static.www.nfl.com/image/upload/f_auto,q_auto/league/x2fxn5qf6zkgmvedjpys",4569923
Behren Morton,NE,QB,15,Texas Tech,Texas Tech,6-2,221,0,24.7,NE,234,2026,INA,"https://static.www.nfl.com/image/upload/f_auto,q_auto/league/st5s1urflg14hwvx8uzl",4431465
Ben Brown,NE,OL,77,Mississippi,Mississippi,6-5,315,4,28.4,,,2022,ACT,"https://static.www.nfl.com/image/upload/f_auto,q_auto/league/lml1v7twuud44q3pn0hm",
Benton Whitley,NE,DL,61,Holy Cross,Holy Cross,6-4,250,4,27.7,,,2022,DEV,"https://static.www.nfl.com/image/upload/f_auto,q_auto/league/xuch0jszvzrrin8jjxtx",4247722
Brenden Schooler,NE,DB,41,Texas,Texas; Arizona; Oregon,6-1,210,4,29.4,,,2022,RES,"https://static.www.nfl.com/image/upload/f_auto,q_auto/league/ntothfpaj3iifvsqelzg",4047941
Bryce Baringer,NE,P,17,Michigan State,Michigan State; Illinois,6-2,215,3,27.5,NE,192,2023,RES,"https://static.www.nfl.com/image/upload/f_auto,q_auto/league/iyvu3asumkgff88z5lot",4240545
Caleb Lomu,NE,OL,74,Utah,Utah,6-6,313,0,21.8,NE,28,2026,ACT,"https://static.www.nfl.com/image/upload/f_auto,q_auto/league/cjnhusuj4mifbdoseimb",
Cameron Dorner,NE,WR,88,North Texas,North Texas; Shepherd,6-1,188,0,22.7,,,2026,DEV,"https://static.www.nfl.com/image/upload/f_auto,q_auto/league/lzae2vexciqchpaejeis",
Cameron Latu,NE,TE,36,Alabama,Alabama,6-5,244,3,26.6,SF,101,2023,ACT,"https://static.www.nfl.com/image/upload/f_auto,q_auto/league/hquihmithkmhoncvkqwt",4372026
Carlton Davis III,NE,DB,7,Auburn,Auburn,6-1,200,8,29.8,TB,63,2018,ACT,"https://static.www.nfl.com/image/upload/f_auto,q_auto/league/pzbrbbwgymysharir2ms",3916923
Chandler Brayboy,NE,WR,15,Elon,Elon,6-1,199,1,25.1,,,2025,DEV,"https://static.www.nfl.com/image/upload/f_auto,q_auto/league/m1dlnwcwdqve38sso7al",
Channing Canada,NE,DB,29,TCU,TCU; Trinity Valley CC,5-11,190,0,24.1,,,2026,INA,"https://static.www.nfl.com/image/upload/f_auto,q_auto/league/aaidtccosmwngboptnkf",4688779
Charles Woods,NE,DB,22,SMU,SMU; West Virginia; Illinois State,5-11,185,2,26.3,,,2024,ACT,"https://static.www.nfl.com/image/upload/f_auto,q_auto/league/wwypndzfrfidulshfdog",4368113
Christian Barmore,NE,DL,90,Alabama,Alabama,6-5,315,5,27.2,NE,38,2021,INA,"https://static.www.nfl.com/image/upload/f_auto,q_auto/league/r2qnczxwkpqhk8is5jkv",4372030
Christian Elliss,NE,LB,53,Idaho,Idaho,6-2,233,5,27.8,,,2021,ACT,"https://static.www.nfl.com/image/upload/f_auto,q_auto/league/yprcwubcfyocxn2pwpf8",4245273
Christian Gonzalez,NE,DB,0,Oregon,Oregon,6-1,205,3,24.3,NE,17,2023,INA,"https://static.www.nfl.com/image/upload/f_auto,q_auto/league/iua1eh08ixdlgp2qisst",4686772
Corey Kiner,NE,RB,9,Cincinnati,Cincinnati; LSU,5-9,210,1,24.7,,,2025,ACT,"https://static.www.nfl.com/image/upload/f_auto,q_auto/league/tpnamrgzfbytwlzhhyf8",4431431
Cory Durden,NE,DL,94,N.C. State,N.C. State; Florida State,6-4,305,3,27.7,,,2023,ACT,"https://static.www.nfl.com/image/upload/f_auto,q_auto/league/ov0j6k2wckanqkayqxhj",4240042
Craig Woodson,NE,DB,4,California,California,6-0,200,1,25.6,NE,106,2025,ACT,"https://static.www.nfl.com/image/upload/f_auto,q_auto/league/ufnmu9eujiuydbihx4gu",4428930
Da'Metrius Weatherspoon,NE,OL,76,Syracuse,Syracuse; Howard,6-7,320,0,24.0,,,2026,DEV,"https://static.www.nfl.com/image/upload/f_auto,q_auto/league/wlyiq9kmokj9sjakgcdd",
DaQuan Jones,NE,DL,99,Penn State,Penn State,6-4,322,12,34.8,TEN,112,2014,ACT,"https://static.www.nfl.com/image/upload/f_auto,q_auto/league/w7qkicdj6v0figbmfp0u",16910
Dametrious Crownover,NE,OL,68,Texas A&M,Texas A&M,6-7,319,0,25.1,NE,196,2026,INA,"https://static.www.nfl.com/image/upload/f_auto,q_auto/league/zkfttf9fzpkybtm6ozk3",
Darius Muasau,NE,LB,54,UCLA,UCLA; Hawaii,6-1,230,2,25.7,NYG,183,2024,ACT,"https://static.www.nfl.com/image/upload/f_auto,q_auto/league/howdtlbkf2poenfnyejl",4428072
DeMario Douglas,NE,WR,3,Liberty,Liberty,5-8,185,3,25.8,NE,210,2023,ACT,"https://static.www.nfl.com/image/upload/f_auto,q_auto/league/cm9vnzqu5phlmsocjwgc",4427095
Dell Pettus,NE,DB,24,Troy,Troy,5-11,200,2,25.3,,,2024,RES,"https://static.www.nfl.com/image/upload/f_auto,q_auto/league/irmi15lyy3l28z6s0wgx",4428232
Drake Maye,NE,QB,10,North Carolina,North Carolina,6-4,225,2,24.1,NE,3,2024,ACT,"https://static.www.nfl.com/image/upload/f_auto,q_auto/league/s1nmoon2xnrc3bnyulv4",4431452
Dre'Mont Jones,NE,LB,5,Ohio State,Ohio State,6-3,268,7,29.8,DEN,71,2019,ACT,"https://static.www.nfl.com/image/upload/f_auto,q_auto/league/srvoexno6ilcwzm11vgv",3915525
Efton Chism III,NE,WR,86,Eastern Washington,Eastern Washington,5-10,200,1,25.0,,,2025,ACT,"https://static.www.nfl.com/image/upload/f_auto,q_auto/league/zbnf3ujmwprzgjnwdtlo",4695193
Eli Raridon,NE,TE,82,Notre Dame,Notre Dame,6-6,245,0,22.7,NE,95,2026,ACT,"https://static.www.nfl.com/image/upload/f_auto,q_auto/league/tglrg0yek3kwrt8rqz5t",4831959
Elijah Ponder,NE,LB,91,Cal Poly (San Luis Obispo),Cal Poly (San Luis Obispo),6-3,261,1,24.1,,,2025,ACT,"https://static.www.nfl.com/image/upload/f_auto,q_auto/league/g9d7riu8zsysuaqbqpjc",4688432
Elliott Davison,NE,DB,27,Texas-San Antonio,Texas-San Antonio,6-0,200,1,24.8,,,2025,DEV,"https://static.www.nfl.com/image/upload/f_auto,q_auto/league/sam2pxtmbodcfdlh2sy6",
Eric Gregory,NE,DL,95,Arkansas,Arkansas,6-3,318,1,26.1,,,2025,DEV,"https://static.www.nfl.com/image/upload/f_auto,q_auto/league/yl1571iztzfkancofsja",4567171
Erick Hunter,NE,LB,49,Morgan State,Morgan State,6-2,225,0,23.6,,,2026,ACT,"https://static.www.nfl.com/image/upload/f_auto,q_auto/league/lj86qzcqducqtasd4au0",4890074
Gabe Jacas,NE,LB,50,Illinois,Illinois,6-4,260,0,22.4,NE,55,2026,ACT,"https://static.www.nfl.com/image/upload/f_auto,q_auto/league/olnj7czbn0ul98o5nn61",4837244
Greg Van Roten,NE,OL,70,Penn,Penn,6-3,305,14,36.6,,,2012,RES,"https://static.www.nfl.com/image/upload/f_auto,q_auto/league/iey1sirxc8ggdt5yeunm",
Harold Landry III,NE,LB,2,Boston College,Boston College,6-2,250,8,30.3,TEN,41,2018,RES,"https://static.www.nfl.com/image/upload/f_auto,q_auto/league/u4vo0zlxvsph3annhc4f",3122793
Hunter Henry,NE,TE,85,Arkansas,Arkansas,6-5,250,10,31.8,SD,35,2016,ACT,"https://static.www.nfl.com/image/upload/f_auto,q_auto/league/cvlunbqgztudbhjrug7l",3046439
Jake Kubas,NE,OL,63,North Dakota State,North Dakota State,6-4,308,2,26.2,,,2024,DEV,"https://static.www.nfl.com/image/upload/f_auto,q_auto/league/vnwldohyvr6jrx5yivqe",
Jared Wilson,NE,OL,55,Georgia,Georgia,6-3,310,1,23.3,NE,95,2025,ACT,"https://static.www.nfl.com/image/upload/f_auto,q_auto/league/da4grsbnhp3i0pdon8ym",
Jaylen Reed,NE,DB,23,Penn State,Penn State,6-0,212,1,23.7,HOU,187,2025,ACT,"https://static.www.nfl.com/image/upload/f_auto,q_auto/league/xmnjyui1nzlnovrx54xn",4432758
Jeremiah Pharms Jr.,NE,DL,98,Friends U.,Friends U.,6-3,300,6,30.0,,,2020,DEV,"https://static.www.nfl.com/image/upload/f_auto,q_auto/league/bhm6towuahy7ztd8zkna",5081728
Jeremiah Webb,NE,WR,29,South Alabama,South Alabama; South Dakota,5-11,196,1,25.4,,,2025,RES,"https://static.www.nfl.com/image/upload/f_auto,q_auto/league/dfay1nwxlijuhxbqcids",
Jose Ramirez,NE,LB,43,Eastern Michigan,Eastern Michigan,6-2,252,3,27.4,TB,196,2023,ACT,"https://static.www.nfl.com/image/upload/f_auto,q_auto/league/up8fwbhxwyg5zoqotcng",4569068
Joshua Farmer,NE,DL,92,Florida State,Florida State,6-3,312,1,23.7,NE,137,2025,ACT,"https://static.www.nfl.com/image/upload/f_auto,q_auto/league/euamsvbjrgz3i0difj1b",4611993
Julian Ashby,NE,LS,47,Vanderbilt,Vanderbilt; Furman,6-1,231,1,24.3,NE,251,2025,ACT,"https://static.www.nfl.com/image/upload/f_auto,q_auto/league/tylvcq7xqh6xtkirqyxd",
Julian Hill,NE,TE,89,Campbell University,Campbell University,6-4,250,3,26.2,,,2023,RES,"https://static.www.nfl.com/image/upload/f_auto,q_auto/league/idjirwpxilfybc74zhwr",4365395
K.J. Britt,NE,LB,35,Auburn,Auburn,6-0,240,5,27.3,TB,176,2021,DEV,"https://static.www.nfl.com/image/upload/f_auto,q_auto/league/q3jwsdcnxx1sqbuetd26",4242521
Karon Prunty,NE,DB,21,Wake Forest,Wake Forest,6-2,192,0,24.8,NE,171,2026,ACT,"https://static.www.nfl.com/image/upload/f_auto,q_auto/league/ys7zvtbqlaobsxgtigxu",4606666
Kevin Byard,NE,DB,31,Middle Tennessee State,Middle Tennessee State,5-11,212,10,33.1,TEN,64,2016,ACT,"https://static.www.nfl.com/image/upload/f_auto,q_auto/league/b11d1p9hvxgvobcqaiud",2574056
Khalil Jacobs,NE,LB,59,Missouri,Missouri; South Alabama,6-1,228,0,22.9,,,2026,RES,"https://static.www.nfl.com/image/upload/f_auto,q_auto/league/qszmbux0k3qezu12mrs4",4912116
Kindle Vildor,NE,DB,28,Georgia Southern,Georgia Southern,5-11,190,6,28.8,CHI,163,2020,ACT,"https://static.www.nfl.com/image/upload/f_auto,q_auto/league/ep3iocz1qboqkcj16aoc",4036651
Kyle Dixon,NE,WR,83,Culver-Stockton College,Culver-Stockton College,6-2,220,0,26.1,,,2026,DEV,"https://static.www.nfl.com/image/upload/f_auto,q_auto/league/obg1mz6j2ax8fqhig1uj",5011554
Kyle Williams,NE,WR,18,Washington State,Washington State,5-11,190,1,23.9,NE,69,2025,ACT,"https://static.www.nfl.com/image/upload/f_auto,q_auto/league/xkicyhizq6sm86wr5osk",4613202
Lan Larison,NE,RB,34,UC Davis,UC Davis,5-11,209,1,25.0,,,2025,DEV,"https://static.www.nfl.com/image/upload/f_auto,q_auto/league/dfvjypx4regh68bhrrlt",4698253
Leonard Taylor III,NE,DL,93,Miami,Miami,6-3,305,2,24.4,,,2024,ACT,"https://static.www.nfl.com/image/upload/f_auto,q_auto/league/id0gc6aoq3qfokpcu9os",4431598
Lorenz Metz,NE,OL,61,Cincinnati,Cincinnati,6-9,320,3,27.6,,,2023,DEV,"https://static.www.nfl.com/image/upload/f_auto,q_auto/league/si2p0txmdqyal15mlhki",
Mack Hollins,NE,WR,13,North Carolina,North Carolina,6-4,221,9,33.1,PHI,118,2017,ACT,"https://static.www.nfl.com/image/upload/f_auto,q_auto/league/qbz7whjzsittudcecezw",2991662
Marcus Bryant,NE,OL,52,Missouri,Missouri; SMU,6-7,317,1,24.3,NE,220,2025,RES,"https://static.www.nfl.com/image/upload/f_auto,q_auto/league/xbljgrxlkw6i8xn9a7xr",
Marcus Jones,NE,DB,25,Houston,Houston; Troy,5-8,185,4,28.0,NE,85,2022,ACT,"https://static.www.nfl.com/image/upload/f_auto,q_auto/league/eteesniqc4caawrpbfuh",4241720
Matt Pryor,NE,OL,65,TCU,TCU,6-7,332,8,31.8,PHI,206,2018,ACT,"https://static.www.nfl.com/image/upload/f_auto,q_auto/league/vtt6isfbfk59jtxbma2l",
Mike Brown,NE,DB,33,Miami (Ohio),Miami (Ohio),6-1,218,4,27.5,,,2022,ACT,"https://static.www.nfl.com/image/upload/f_auto,q_auto/league/vufbgfg96s4jt3tlxdiw",4244310
Mike Onwenu,NE,OL,71,Michigan,Michigan,6-3,350,6,28.8,NE,182,2020,RES,"https://static.www.nfl.com/image/upload/f_auto,q_auto/league/rysmeqmb2gtomqgl8jnb",
Milton Williams,NE,DL,97,Louisiana Tech,Louisiana Tech,6-3,290,5,27.5,PHI,73,2021,ACT,"https://static.www.nfl.com/image/upload/f_auto,q_auto/league/z9vmyi95sty3i0u6uwld",4239699
Mitch Wishnowsky,NE,P,19,Utah,Utah; Santa Barbara,6-2,220,7,34.6,SF,110,2019,ACT,"https://static.www.nfl.com/image/upload/f_auto,q_auto/league/kjifuyh2rm6dygczcv4f",4035685
Morgan Moses,NE,OL,76,Virginia,Virginia,6-6,320,12,35.6,WAS,66,2014,ACT,"https://static.www.nfl.com/image/upload/f_auto,q_auto/league/xuuf1lrkv3altipbgfjk",
Myles Montgomery,NE,RB,39,UCF,UCF; Cincinnati,5-10,205,0,23.5,,,2026,RES,"https://static.www.nfl.com/image/upload/f_auto,q_auto/league/x2iwklhxz7it7m1hsdwy",4676889
Namdi Obiazor,NE,LB,48,TCU,TCU; Iowa Western CC,6-3,229,0,24.5,NE,212,2026,ACT,"https://static.www.nfl.com/image/upload/f_auto,q_auto/league/mjc4ip1xcg0rse1lrn1n",5085407
Quintayvious Hutchins,NE,LB,45,Boston College,Boston College,6-3,245,0,23.5,NE,247,2026,RES,"https://static.www.nfl.com/image/upload/f_auto,q_auto/league/whetlplnqownwubrmaxe",4698181
Reggie Gilliam,NE,RB,44,Toledo,Toledo,6-1,255,6,29.1,,,2020,ACT,"https://static.www.nfl.com/image/upload/f_auto,q_auto/league/jjntivnnkczvlclkiwwm",4039505
Rhamondre Stevenson,NE,RB,38,Oklahoma,Oklahoma; Cerritos College,6-0,227,5,28.6,NE,120,2021,ACT,"https://static.www.nfl.com/image/upload/f_auto,q_auto/league/zmpuirvuw4r04inxth5i",4569173
Riley Wilson,NE,LB,51,Arizona,Arizona; Hawaii; Montana,6-1,226,0,24.4,,,2026,CUT,,
Robert Spillane,NE,LB,14,Western Michigan,Western Michigan,6-1,234,8,30.8,,,2018,ACT,"https://static.www.nfl.com/image/upload/f_auto,q_auto/league/xdchysme8chq50omxcui",3129446
Romeo Doubs,NE,WR,87,Nevada,Nevada,6-2,210,4,26.5,GB,132,2022,ACT,"https://static.www.nfl.com/image/upload/f_auto,q_auto/league/yxvzijmgwyyigljxfmyb",4361432
Tanner Arkin,NE,TE,84,Illinois,Illinois; Colorado State,6-4,265,0,23.3,,,2026,INA,"https://static.www.nfl.com/image/upload/f_auto,q_auto/league/vgc4lne9seywphzadlav",4683308
Tanner Conner,NE,TE,48,Idaho State,Idaho State,6-3,223,4,28.6,,,2022,DEV,"https://static.www.nfl.com/image/upload/f_auto,q_auto/league/hya7vfgtuyx5k4tnhmic",4047422
Tommy DeVito,NE,QB,16,Illinois,Illinois; Syracuse,6-2,210,3,28.2,,,2023,ACT,"https://static.www.nfl.com/image/upload/f_auto,q_auto/league/hb3m2zbfb5aprw6vdqx8",4240391
TreVeyon Henderson,NE,RB,32,Ohio State,Ohio State,5-10,202,1,24.0,NE,38,2025,ACT,"https://static.www.nfl.com/image/upload/f_auto,q_auto/league/ebcjvwytgu2y4kqm8ihv",4432710
Walter Rouse,NE,OL,72,Oklahoma,Oklahoma; Stanford,6-6,314,2,25.6,MIN,177,2024,ACT,"https://static.www.nfl.com/image/upload/f_auto,q_auto/league/r28h1pou7qbvw9hcjpgr",
Will Campbell,NE,OL,66,LSU,LSU,6-6,319,1,22.8,NE,4,2025,ACT,"https://static.www.nfl.com/image/upload/f_auto,q_auto/league/mqfqwcdx3l4437twzxhm",
Xavier Holmes,NE,LB,58,James Madison,James Madison; Maine,6-3,238,0,24.5,,,2026,DEV,"https://static.www.nfl.com/image/upload/f_auto,q_auto/league/u005l47kqbf4w8futftr",
Xavier Newman-Johnson,NE,OL,65,Baylor,Baylor,6-2,310,4,27.2,,,2022,DEV,"https://static.www.nfl.com/image/upload/f_auto,q_auto/league/ltlojovue9gzntpaubjn",
Alan Herron,NO,OL,70,Maryland,Maryland; Shorter University,6-3,308,0,23.8,,,2026,DEV,"https://static.www.nfl.com/image/upload/f_auto,q_auto/league/crkhadhimz9ds15jt4mo",
Alex Wollschlaeger,NO,OL,79,Kentucky,Kentucky; Bowling Green,6-7,311,0,25.0,,,2026,DEV,"https://static.www.nfl.com/image/upload/f_auto,q_auto/league/salnwkfmy9wgq8tmm8mm",
Alvin Kamara,NO,RB,41,Tennessee,Tennessee; Hutchinson CC; Alabama,5-10,215,9,31.2,NO,67,2017,ACT,"https://static.www.nfl.com/image/upload/f_auto,q_auto/league/yxebpuskandivlh2iil4",3054850
Anfernee Jennings,NO,LB,33,Alabama,Alabama,6-3,255,6,29.4,NE,87,2020,ACT,"https://static.www.nfl.com/image/upload/f_auto,q_auto/league/zgnsugvthxpb48ulv89u",3925350
Asim Richards,NO,OL,72,North Carolina,North Carolina,6-4,307,3,26.0,DAL,169,2023,ACT,"https://static.www.nfl.com/image/upload/f_auto,q_auto/league/i1lfvb8gnw3kfnz3cdyb",
Barion Brown,NO,WR,19,LSU,LSU; Kentucky,5-11,177,0,22.8,NO,190,2026,ACT,"https://static.www.nfl.com/image/upload/f_auto,q_auto/league/zakfmezzed4qotdrmbpc",4698597
Brock Rechsteiner,NO,WR,89,Jacksonville State,Jacksonville State,6-2,222,0,24.1,,,2026,RES,,4877738
Bryan Bresee,NO,DL,90,Clemson,Clemson,6-5,305,3,25.0,NO,29,2023,RES,"https://static.www.nfl.com/image/upload/f_auto,q_auto/league/ggluxdivvc7bhfhpfrsl",4428988
Bryce Lance,NO,WR,18,North Dakota State,North Dakota State,6-3,204,0,24.1,NO,136,2026,ACT,"https://static.www.nfl.com/image/upload/f_auto,q_auto/league/lzh0hbhllbouh97ffpp6",4879276
CJ Donaldson,NO,RB,43,Ohio State,Ohio State; West Virginia,6-1,230,0,22.2,,,2026,ACT,"https://static.www.nfl.com/image/upload/f_auto,q_auto/league/lwl0pyoz7mbjcne0stsx",5081999
Cal Adomitis,NO,LS,46,Pittsburgh,Pittsburgh,6-2,250,4,28.2,,,2022,ACT,"https://static.www.nfl.com/image/upload/f_auto,q_auto/league/hi1jz8g2dtq0l6efegra",
Cameron Jordan,NO,LB,94,California,California,6-4,287,15,37.2,NO,24,2011,ACT,"https://static.www.nfl.com/image/upload/f_auto,q_auto/league/eauqz3xbdtl0wfoy71da",13971
Carl Granderson,NO,LB,96,Wyoming,Wyoming,6-5,261,7,29.8,,,2019,ACT,"https://static.www.nfl.com/image/upload/f_auto,q_auto/league/bhudfgndbvogastdhvb7",3918310
Cedric Tillman,NO,WR,13,Tennessee,Tennessee,6-3,215,3,26.5,CLE,74,2023,DEV,"https://static.www.nfl.com/image/upload/f_auto,q_auto/league/xust9v3gob1qqwhziugh",4369863
Cesar Ruiz,NO,OL,51,Michigan,Michigan,6-4,319,6,27.3,NO,24,2020,ACT,"https://static.www.nfl.com/image/upload/f_auto,q_auto/league/upoux0ll192dnsq63my9",
Charlie Smyth,NO,K,39,,,6-4,210,2,25.3,,,2024,DEV,"https://static.www.nfl.com/image/upload/f_auto,q_auto/league/yv9x4ywdfecxioletyol",5208518
Chase Young,NO,LB,99,Ohio State,Ohio State,6-5,265,6,27.5,WAS,2,2020,ACT,"https://static.www.nfl.com/image/upload/f_auto,q_auto/league/ueic3ypcpfldmbymzhrc",4241986
Chris Olave,NO,WR,12,Ohio State,Ohio State,6-0,185,4,26.3,NO,11,2022,ACT,"https://static.www.nfl.com/image/upload/f_auto,q_auto/league/onmxufsprtvglhejg94o",4361370
Chris Rumph II,NO,LB,58,Duke,Duke,6-2,244,5,28.0,LAC,118,2021,ACT,"https://static.www.nfl.com/image/upload/f_auto,q_auto/league/ayrvlbmyxlvek7afcioc",4240475
Christen Miller,NO,DL,52,Georgia,Georgia,6-3,321,0,22.2,NO,42,2026,ACT,"https://static.www.nfl.com/image/upload/f_auto,q_auto/league/goyemhogpp21adasa9z7",4685479
Colby Wooden,NO,DL,50,Auburn,Auburn,6-4,273,3,25.8,GB,116,2023,ACT,"https://static.www.nfl.com/image/upload/f_auto,q_auto/league/vexyqlme1a5f74sqktzs",4567224
Daniel Carlson,NO,K,10,Auburn,Auburn,6-5,222,8,31.7,MIN,167,2018,ACT,"https://static.www.nfl.com/image/upload/f_auto,q_auto/league/gsvj7rtvqwbwdeho8whf",3051909
Danny Stutsman,NO,LB,28,Oklahoma,Oklahoma,6-3,236,1,23.6,NO,112,2025,ACT,"https://static.www.nfl.com/image/upload/f_auto,q_auto/league/zgjiw9cotus8gjlvspx2",4683215
David Edwards,NO,OL,76,Wisconsin,Wisconsin,6-6,308,7,29.6,LAR,169,2019,ACT,"https://static.www.nfl.com/image/upload/f_auto,q_auto/league/cebriv15rawbtf7iulqy",
David Long,NO,DB,45,Michigan,Michigan,5-11,196,7,28.7,LAR,79,2019,RES,"https://static.www.nfl.com/image/upload/f_auto,q_auto/league/rwpmkpja2y5nhokh5utb",4046536
David Ojabo,NO,DL,50,Michigan,Michigan,6-4,250,4,26.4,BAL,45,2022,DEV,"https://static.www.nfl.com/image/upload/f_auto,q_auto/league/rnsae4ly9l4xzuszzfdi",4426507
Davon Godchaux,NO,DL,92,LSU,LSU,6-3,330,9,31.9,MIA,178,2017,ACT,"https://static.www.nfl.com/image/upload/f_auto,q_auto/league/mldp5xpbggcf9iacij1s",3115383
Decamerion Richardson,NO,DB,25,Mississippi State,Mississippi State,6-2,188,2,25.6,LV,112,2024,ACT,"https://static.www.nfl.com/image/upload/f_auto,q_auto/league/glaqpoapm3t8ponuj55p",4605498
Devaughn Vele,NO,WR,14,Utah,Utah,6-5,210,2,28.8,DEN,235,2024,ACT,"https://static.www.nfl.com/image/upload/f_auto,q_auto/league/fa3dwsu8nxzkbf2knczm",4569559
Dillon Radunz,NO,OL,77,North Dakota State,North Dakota State,6-6,299,5,28.5,TEN,53,2021,RES,"https://static.www.nfl.com/image/upload/f_auto,q_auto/league/uqswdzsnotrgk4ddg9bg",
Easton Kilty,NO,OL,73,Kansas State,Kansas State; North Dakota,6-6,307,1,24.4,,,2025,DEV,"https://static.www.nfl.com/image/upload/f_auto,q_auto/league/r7eqjkhct7nyfatnnepz",
Erik McCoy,NO,OL,78,Texas A&M,Texas A&M,6-4,303,7,29.1,NO,48,2019,ACT,"https://static.www.nfl.com/image/upload/f_auto,q_auto/league/juyfbm43z5byljmflz6g",
Fadil Diggs,NO,LB,40,Syracuse,Syracuse; Texas A&M,6-4,260,1,25.0,NO,254,2025,DEV,"https://static.www.nfl.com/image/upload/f_auto,q_auto/league/dx8xg4f1tlmivzy1pp64",4429073
Isaiah Stalbird,NO,LB,44,South Dakota State,South Dakota State,6-1,215,2,26.2,,,2024,ACT,"https://static.www.nfl.com/image/upload/f_auto,q_auto/league/g3vz4uuympfirjuvbr2r",4361194
Ja'Lynn Polk,NO,WR,13,Washington,Washington; Texas Tech,6-1,204,2,24.5,NE,37,2024,RET,"https://static.www.nfl.com/image/upload/f_auto,q_auto/league/w4hcfpfjrpt0fchb0xmm",4430637
Jackson Sirmon,NO,LB,47,California,California; Washington,6-2,240,2,26.5,,,2024,DEV,"https://static.www.nfl.com/image/upload/f_auto,q_auto/league/zyqgfn5klopemn3prpwc",4361101
Jalen Cropper,NO,WR,85,Fresno State,Fresno State,6-0,172,3,25.4,,,2023,DEV,"https://static.www.nfl.com/image/upload/f_auto,q_auto/league/key7qkukzlgva9oz7k2r",4426990
Jay'Viar Suggs,NO,DL,62,Wisconsin,Wisconsin; LSU; Grand Valley,6-3,299,0,25.6,,,2026,DEV,"https://static.www.nfl.com/image/upload/f_auto,q_auto/league/rxgaktmtqeqw7yvqbemt",
Jayden Price,NO,DB,38,North Dakota State,North Dakota State,5-11,184,2,26.5,,,2024,ACT,"https://static.www.nfl.com/image/upload/f_auto,q_auto/league/yfemio1ucnbfx2zmoopk",4383391
Jaylan Ford,NO,LB,53,Texas,Texas,6-2,240,2,24.9,NO,175,2024,RES,"https://static.www.nfl.com/image/upload/f_auto,q_auto/league/yiecnvbih51buvodmmeg",4566088
Jeremiah Wright,NO,OL,65,Auburn,Auburn,6-5,331,0,25.1,NO,132,2026,ACT,"https://static.www.nfl.com/image/upload/f_auto,q_auto/league/s5b3bbmyxesu4kff2mci",
John Ridgeway,NO,DL,95,Arkansas,Arkansas; Illinois State,6-5,320,4,27.4,DAL,178,2022,ACT,"https://static.www.nfl.com/image/upload/f_auto,q_auto/league/irpvoorgwwezk7qxrp0m",4248047
Jonah Williams,NO,DL,54,Weber State,Weber State,6-5,275,6,31.1,,,2020,DEV,"https://static.www.nfl.com/image/upload/f_auto,q_auto/league/z91cumnpgkedyfl29jk3",4032481
Jonas Sanker,NO,DB,7,Virginia,Virginia,6-1,210,1,23.9,NO,93,2025,ACT,"https://static.www.nfl.com/image/upload/f_auto,q_auto/league/pq0uzqjisndztl1ru3oa",4683813
Jordan Howden,NO,DB,31,Minnesota,Minnesota,6-0,210,3,26.4,NO,146,2023,ACT,"https://static.www.nfl.com/image/upload/f_auto,q_auto/league/x87djeswtkpxvuvyw5xh",4360949
Jordyn Tyson,NO,WR,0,Arizona State,Arizona State; Colorado,6-2,203,0,22.2,NO,8,2026,RES,"https://static.www.nfl.com/image/upload/f_auto,q_auto/league/al6fifxstyc6omsenzhd",4880281
Julian Blackmon,NO,DB,23,Utah,Utah,6-0,204,6,28.1,IND,85,2020,ACT,"https://static.www.nfl.com/image/upload/f_auto,q_auto/league/szgvamjf2lv2ggswkobd",4035661
Justin Reid,NO,DB,21,Stanford,Stanford,6-1,204,8,29.6,HOU,68,2018,ACT,"https://static.www.nfl.com/image/upload/f_auto,q_auto/league/ysi7vrkwfhei6adamgb3",3931399
Juwan Johnson,NO,TE,83,Oregon,Oregon; Penn State,6-4,245,6,30.1,,,2020,ACT,"https://static.www.nfl.com/image/upload/f_auto,q_auto/league/ahzqkvhjot6lygwr4ccb",3929645
Kaden Elliss,NO,LB,55,Idaho,Idaho,6-2,240,7,31.3,NO,244,2019,ACT,"https://static.www.nfl.com/image/upload/f_auto,q_auto/league/lndj0awmhdulawkcjgua",3124890
Kelvin Banks Jr.,NO,OL,71,Texas,Texas,6-5,315,1,22.6,NO,9,2025,RES,"https://static.www.nfl.com/image/upload/f_auto,q_auto/league/pwjfoqwm1af7cjkw7pnr",
Kendre Miller,NO,RB,5,TCU,TCU,6-0,220,3,24.3,NO,71,2023,ACT,"https://static.www.nfl.com/image/upload/f_auto,q_auto/league/vclaomtslw55smksopku",4599739
Kevin Austin Jr.,NO,WR,81,Notre Dame,Notre Dame,6-2,200,4,26.5,,,2022,ACT,"https://static.www.nfl.com/image/upload/f_auto,q_auto/league/fh2yaqaxkornxeb7d9ie",4372758
Khristian Boyd,NO,DL,97,Northern Iowa,Northern Iowa,6-2,320,2,26.6,NO,199,2024,ACT,"https://static.www.nfl.com/image/upload/f_auto,q_auto/league/gfxf6dacaxsu6buessre",4384595
Kool-Aid McKinstry,NO,DB,1,Alabama,Alabama,5-11,199,2,24.0,NO,41,2024,ACT,"https://static.www.nfl.com/image/upload/f_auto,q_auto/league/n0yip0zx9i25jbwugzmo",4433975
Kyrese Rowan,NO,WR,86,Utah State,Utah State; Utah,5-10,185,1,25.7,,,2025,DEV,,
Lorenzo Styles Jr.,NO,DB,36,Ohio State,Ohio State; Notre Dame,6-1,194,0,24.1,NO,172,2026,RES,"https://static.www.nfl.com/image/upload/f_auto,q_auto/league/zlsfss0kuhsnrzxlbmpw",4432768
Martin Emerson,NO,DB,22,Mississippi State,Mississippi State,6-2,200,4,26.0,CLE,68,2022,ACT,"https://static.www.nfl.com/image/upload/f_auto,q_auto/league/va7yfx0xoniri3fuxr0u",4429568
Mason Murphy,NO,OL,74,Auburn,Auburn; USC,6-5,315,0,24.3,,,2026,ACT,"https://static.www.nfl.com/image/upload/f_auto,q_auto/league/kqptv02lvnfxzk6iy7y7",
Mason Tipton,NO,WR,15,Yale,Yale,5-11,187,2,26.0,,,2024,RES,"https://static.www.nfl.com/image/upload/f_auto,q_auto/league/jcloxjivlxbcveled5lr",4573697
Michael Reid,NO,DB,42,South Dakota,South Dakota; Monmouth,6-2,200,1,24.4,,,2025,ACT,"https://static.www.nfl.com/image/upload/f_auto,q_auto/league/bz5c5movgdjx8e0ba7is",4775268
Moliki Matavao,NO,TE,80,UCLA,UCLA,6-6,263,1,23.6,NO,248,2025,RES,"https://static.www.nfl.com/image/upload/f_auto,q_auto/league/sloxqlvfyoufh2bb3zku",4432731
Nathan Shepherd,NO,DL,93,Fort Hays,Fort Hays; Simon Fraser,6-4,315,8,33.0,NYJ,72,2018,ACT,"https://static.www.nfl.com/image/upload/f_auto,q_auto/league/sl9b2jgyvmo5yn0vglok",4076951
Nick Saldiveri,NO,OL,64,Old Dominion,Old Dominion,6-6,316,3,26.1,NO,103,2023,RES,"https://static.www.nfl.com/image/upload/f_auto,q_auto/league/m8klsckbapwh7m82tinf",
Noah Fant,NO,TE,87,Iowa,Iowa,6-4,249,7,28.9,DEN,20,2019,ACT,"https://static.www.nfl.com/image/upload/f_auto,q_auto/league/lijnonbrcmplvkcb5kqv",4036131
Oscar Delp,NO,TE,4,Georgia,Georgia,6-5,245,0,23.2,NO,73,2026,ACT,"https://static.www.nfl.com/image/upload/f_auto,q_auto/league/a7tu8cb3rnd5ncgbtok5",4702559
Pete Werner,NO,LB,20,Ohio State,Ohio State,6-3,242,5,27.3,NO,60,2021,ACT,"https://static.www.nfl.com/image/upload/f_auto,q_auto/league/uhwx126ajhgmovxxlphm",4241993
Quincy Riley,NO,DB,29,Louisville,Louisville; Middle Tennessee State,5-11,195,1,25.4,NO,131,2025,ACT,"https://static.www.nfl.com/image/upload/f_auto,q_auto/league/q4qlahpfgvbren4xt0pj",4428350
Rejzohn Wright,NO,DB,25,Oregon State,Oregon State,6-2,193,3,26.1,,,2023,RES,"https://static.www.nfl.com/image/upload/f_auto,q_auto/league/yrq9uabvv4pfbc0terbp",
Ryan Wright,NO,P,17,Tulane,Tulane,6-3,245,4,26.4,,,2022,ACT,"https://static.www.nfl.com/image/upload/f_auto,q_auto/league/g8j6r8d2ut2a2ln6i3c6",4361823
Spencer Rattler,NO,QB,2,South Carolina,South Carolina; Oklahoma,6-0,211,2,26.0,NO,150,2024,ACT,"https://static.www.nfl.com/image/upload/f_auto,q_auto/league/gcgmcf4kex3jsl4rlrng",4426339
Stone Smartt,NO,TE,84,Old Dominion,Old Dominion,6-4,226,4,28.0,,,2022,DEV,"https://static.www.nfl.com/image/upload/f_auto,q_auto/league/g8mtiyojkmj8vwzmg0ez",4250764
TJ Hall,NO,DB,34,Iowa,Iowa,6-0,189,0,22.5,NO,219,2026,DEV,"https://static.www.nfl.com/image/upload/f_auto,q_auto/league/u02f7hqvc5rubwbl9itk",4873075
Taliese Fuaga,NO,OL,75,Oregon State,Oregon State,6-6,324,2,24.5,NO,14,2024,ACT,"https://static.www.nfl.com/image/upload/f_auto,q_auto/league/syucyosjtbmjzwqjuemd",
Travis Etienne,NO,RB,3,Clemson,Clemson,5-10,215,5,27.7,JAX,25,2021,RES,"https://static.www.nfl.com/image/upload/f_auto,q_auto/league/pwko5dybmjie8qqo4qz2",4239996
Trey Palmer,NO,WR,16,Nebraska,Nebraska; LSU,6-1,190,3,25.5,TB,191,2023,DEV,"https://static.www.nfl.com/image/upload/f_auto,q_auto/league/cdtzofb5u510xjh08qr4",4426407
Treyton Welch,NO,TE,82,Wyoming,Wyoming,6-4,241,2,25.7,,,2024,ACT,"https://static.www.nfl.com/image/upload/f_auto,q_auto/league/rutsetwerjfsym9ohqrs",4430684
Ty Chandler,NO,RB,32,North Carolina,North Carolina,5-11,205,4,28.4,MIN,169,2022,RES,"https://static.www.nfl.com/image/upload/f_auto,q_auto/league/dmprsfd75phecgmbkf4l",4242431
Tyler Shough,NO,QB,6,Louisville,Louisville; Texas Tech; Oregon,6-5,219,1,27.0,NO,40,2025,ACT,"https://static.www.nfl.com/image/upload/f_auto,q_auto/league/toiafc7qighw86geo7jf",4360689
Tyree Wilson,NO,LB,98,Texas Tech,Texas Tech,6-5,263,3,26.4,LV,7,2023,ACT,"https://static.www.nfl.com/image/upload/f_auto,q_auto/league/ildmh1dcqbamtixdpgse",4372533
Ulysses Bentley IV,NO,RB,37,Mississippi,Mississippi; SMU,5-10,200,1,25.8,,,2025,DEV,"https://static.www.nfl.com/image/upload/f_auto,q_auto/league/iw8g8cngrmp4ipcrdpwi",4426689
Vernon Broughton,NO,DL,91,Texas,Texas,6-5,311,1,25.2,NO,71,2025,ACT,"https://static.www.nfl.com/image/upload/f_auto,q_auto/league/jij1yqsdhelakkptqz9k",4429040
Will Sherman,NO,OL,66,Colorado,Colorado,6-4,300,5,27.4,NE,197,2021,ACT,"https://static.www.nfl.com/image/upload/f_auto,q_auto/league/jyrcmwhuedomgnd34qff",
Zach Wilson,NO,QB,11,BYU,BYU,6-2,214,5,27.2,NYJ,2,2021,ACT,"https://static.www.nfl.com/image/upload/f_auto,q_auto/league/i17xpbsar7evcypbhtel",4361259
Zach Wood,NO,LS,49,SMU,SMU,6-3,255,10,33.7,,,2016,RES,"https://static.www.nfl.com/image/upload/f_auto,q_auto/league/vldx7g9vu0boohxmhs48",
Zamir White,NO,RB,26,Georgia,Georgia,5-11,227,4,27.1,LV,122,2022,DEV,"https://static.www.nfl.com/image/upload/f_auto,q_auto/league/jzthyqk2ld52f31ka1ir",4361777
Aaron Stinnie,NYG,OL,64,James Madison,James Madison,6-3,312,8,32.6,,,2018,ACT,"https://static.www.nfl.com/image/upload/f_auto,q_auto/league/fi5wxfsa59aw80nwetoi",
Abdul Carter,NYG,LB,3,Penn State,Penn State,6-3,252,1,23.0,NYG,3,2025,ACT,"https://static.www.nfl.com/image/upload/f_auto,q_auto/league/tfchuu4khsh6jarotqga",4725996
Andrew Thomas,NYG,OL,78,Georgia,Georgia,6-5,315,6,27.7,NYG,4,2020,ACT,"https://static.www.nfl.com/image/upload/f_auto,q_auto/league/yvwuonp6lhw7ougn7q16",
Andru Phillips,NYG,DB,22,Kentucky,Kentucky,5-11,180,2,24.9,NYG,70,2024,ACT,"https://static.www.nfl.com/image/upload/f_auto,q_auto/league/kh3iigah1t49ywg0scb9",4431321
Ar'Darius Washington,NYG,DB,24,TCU,TCU,5-8,178,5,26.9,,,2021,INA,"https://static.www.nfl.com/image/upload/f_auto,q_auto/league/ptjh8ufk5zfpdc0yrpeq",4362492
Arvell Reese,NYG,LB,52,Ohio State,Ohio State,6-4,241,0,21.1,NYG,5,2026,ACT,"https://static.www.nfl.com/image/upload/f_auto,q_auto/league/tvhqfy34evkal6zpu9to",4950400
Basil Okoye,NYG,DL,99,,,6-6,315,3,25.0,,,2023,ACT,"https://static.www.nfl.com/image/upload/f_auto,q_auto/league/g0bc8uf6fx9g6myyswi5",5144942
Ben Mann,NYG,LS,58,Boston College,Boston College; Yale,6-5,232,0,24.3,,,2026,ACT,"https://static.www.nfl.com/image/upload/f_auto,q_auto/league/vdnd7w2xp70dionjqi3l",
Bobby Jamison-Travis,NYG,DL,97,Auburn,Auburn; Iowa Western CC,6-3,328,0,25.4,NYG,186,2026,INA,"https://static.www.nfl.com/image/upload/f_auto,q_auto/league/cscc37cjkwit6pkivj0r",5159928
Braxton Berrios,NYG,WR,87,Miami,Miami,5-9,190,8,31.0,NE,210,2018,ACT,"https://static.www.nfl.com/image/upload/f_auto,q_auto/league/striwxmn9t0ixherw7l8",3123075
Brian Burns,NYG,LB,0,Florida State,Florida State,6-5,250,7,28.5,CAR,16,2019,RES,"https://static.www.nfl.com/image/upload/f_auto,q_auto/league/glmrmpqkmsc0jiyicmlg",4035631
Bryan Hudson,NYG,OL,60,Louisville,Louisville,6-5,305,2,25.7,,,2024,ACT,"https://static.www.nfl.com/image/upload/f_auto,q_auto/league/na1dcb82f0pahjtyipzw",
C.J. Ravenell,NYG,DL,96,Missouri Western,Missouri Western,6-5,287,2,26.4,,,2024,DEV,"https://static.www.nfl.com/image/upload/f_auto,q_auto/league/rqjhomavdixcd1tqcge5",4700676
Calvin Austin III,NYG,WR,82,Memphis,Memphis,5-9,162,4,27.5,PIT,138,2022,RES,"https://static.www.nfl.com/image/private/f_auto,q_auto/league/qlt6ztqcbu0uzad6aavt",4243389
Cam Skattebo,NYG,RB,44,Arizona State,Arizona State; Sacramento State,5-11,215,1,24.7,NYG,105,2025,ACT,"https://static.www.nfl.com/image/upload/f_auto,q_auto/league/hlggiqdfvj1f4kntkafr",4696981
Chandler Martin,NYG,LB,55,Memphis,Memphis; East Tennessee State,6-0,230,1,23.8,,,2025,DEV,"https://static.www.nfl.com/image/upload/f_auto,q_auto/league/po0lpcvyloyque4kmnjy",4695086
Charlie Jones,NYG,WR,89,Purdue,Purdue; Iowa,6-0,188,3,27.9,CIN,131,2023,ACT,"https://static.www.nfl.com/image/upload/f_auto,q_auto/league/poy4ph18jx211xbe6ajt",4257188
Chauncey Golston,NYG,DL,57,Iowa,Iowa,6-5,277,5,28.7,DAL,84,2021,ACT,"https://static.www.nfl.com/image/upload/f_auto,q_auto/league/zgkpz7ctgzyjxxa2zzqe",4036132
Chris Manhertz,NYG,TE,85,Canisius College,Canisius College,6-6,235,11,34.5,,,2015,ACT,"https://static.www.nfl.com/image/upload/f_auto,q_auto/league/bw0kytk1nwrdln9t3wzg",2531358
Colton Hood,NYG,DB,12,Tennessee,Tennessee; Colorado; Auburn,6-0,193,0,21.6,NYG,37,2026,ACT,"https://static.www.nfl.com/image/upload/f_auto,q_auto/league/lzlv1gqqjzhawk3jfu8m",4921249
DJ Reader,NYG,DL,98,Clemson,Clemson,6-3,335,10,32.3,HOU,166,2016,ACT,"https://static.www.nfl.com/image/upload/f_auto,q_auto/league/k3fzivhgxscqaprr71by",2977670
Dalen Cambre,NYG,WR,83,Louisiana,Louisiana,6-0,192,1,25.5,,,2025,DEV,"https://static.www.nfl.com/image/upload/f_auto,q_auto/league/cfllxq8wvrrciu7ugnyp",4570296
Darian Kinnard,NYG,OL,75,Kentucky,Kentucky,6-5,322,4,26.8,KC,145,2022,CUT,"https://static.www.nfl.com/image/upload/f_auto,q_auto/league/e6f2xsct8yrz0nc5ou8w",
Darius Alexander,NYG,DL,91,Toledo,Toledo,6-4,310,1,26.1,NYG,65,2025,ACT,"https://static.www.nfl.com/image/upload/f_auto,q_auto/league/upwtqewimo1hydyqwznv",4426542
Darnell Mooney,NYG,WR,17,Tulane,Tulane,5-11,177,6,28.9,CHI,173,2020,ACT,"https://static.www.nfl.com/image/upload/f_auto,q_auto/league/eaejonwaflt9drrs9ika",4040655
Deonte Banks,NYG,DB,2,Maryland,Maryland,6-2,200,3,25.5,NYG,24,2023,ACT,"https://static.www.nfl.com/image/upload/f_auto,q_auto/league/pskti493swphojhbve0c",4428328
Devin Singletary,NYG,RB,26,Florida Atlantic,Florida Atlantic,5-7,203,7,29.1,BUF,74,2019,INA,"https://static.www.nfl.com/image/upload/f_auto,q_auto/league/xy2r2msxjqneml2c1cdc",4040761
Dominic Zvada,NYG,K,34,Michigan,Michigan; Arkansas State,6-3,187,0,23.0,,,2026,ACT,"https://static.www.nfl.com/image/upload/f_auto,q_auto/league/rej45oauer8jysbtwbxm",5082424
Elijah Campbell,NYG,DB,28,Northern Iowa,Northern Iowa,5-11,193,8,31.1,,,2018,ACT,"https://static.www.nfl.com/image/upload/f_auto,q_auto/league/qyz7zre7auvk1ilrfs70",3932901
Francis Mauigoa,NYG,OL,65,Miami,Miami,6-6,335,0,21.3,NYG,10,2026,ACT,"https://static.www.nfl.com/image/upload/f_auto,q_auto/league/sf5gdoimkobalbcvgirv",
Geno VanDeMark,NYG,OL,69,Alabama,Alabama; Michigan State,6-5,314,0,24.3,,,2026,DEV,"https://static.www.nfl.com/image/upload/f_auto,q_auto/league/flljxyu3fooj4piap4hz",
Grant Finley,NYG,RB,47,Missouri Western,Missouri Western,6-4,281,0,23.1,,,2026,DEV,,
Greg Newsome II,NYG,DB,20,Northwestern,Northwestern,6-0,192,5,26.4,CLE,26,2021,ACT,"https://static.www.nfl.com/image/upload/f_auto,q_auto/league/zyfy3onrys9i6ounvai8",4361266
Gunner Olszewski,NYG,WR,80,Bemidji State University,Bemidji State University,6-0,190,7,29.9,,,2019,RES,"https://static.www.nfl.com/image/upload/f_auto,q_auto/league/q6fs5e2eotgeh47xeo74",4424106
Isaiah Likely,NYG,TE,9,Coastal Carolina,Coastal Carolina,6-4,241,4,26.5,BAL,139,2022,ACT,"https://static.www.nfl.com/image/upload/f_auto,q_auto/league/b1pahldt9ixp9lssxi2d",4361050
J.C. Davis,NYG,OL,74,Illinois,Illinois; New Mexico; Contra Costa,6-4,322,0,23.0,NYG,192,2026,INA,"https://static.www.nfl.com/image/upload/f_auto,q_auto/league/t69il88b4wzuu69bxr2t",
J.J. McCarthy,NYG,QB,18,Michigan,Michigan,6-3,219,2,23.7,MIN,10,2024,ACT,"https://static.www.nfl.com/image/upload/f_auto,q_auto/league/omybnfokapjw6jwb5dd3",4433970
Jack Kelly,NYG,LB,51,BYU,BYU; Weber State,6-2,240,0,23.8,NYG,193,2026,ACT,"https://static.www.nfl.com/image/upload/f_auto,q_auto/league/mi3bzmy1yrml24fmqfbx",4876380
Jaden Robinson,NYG,DB,33,Oregon State,Oregon State,6-0,190,1,25.9,,,2025,DEV,"https://static.www.nfl.com/image/upload/f_auto,q_auto/league/pcbxvlolhujhr944iqxa",
Jake Haener,NYG,QB,13,Fresno State,Fresno State; Washington,6-1,200,3,27.6,NO,127,2023,ACT,"https://static.www.nfl.com/image/upload/f_auto,q_auto/league/jfxyp1qkekty7jwh5kcr",4243322
Jalin Hyatt,NYG,WR,81,Tennessee,Tennessee,6-0,185,3,25.0,NYG,73,2023,DEV,"https://static.www.nfl.com/image/upload/f_auto,q_auto/league/fqgvjckxe03pr4eup6m7",4692590
Jameis Winston,NYG,QB,19,Florida State,Florida State,6-4,231,11,32.8,TB,1,2015,ACT,"https://static.www.nfl.com/image/upload/f_auto,q_auto/league/e5qyxnibbyawi0pvfpjl",2969939
Jarrick Bernard-Converse,NYG,DB,35,LSU,LSU; Oklahoma State,6-1,205,3,26.4,NYJ,204,2023,RES,"https://static.www.nfl.com/image/upload/f_auto,q_auto/league/qijokuz8ptkewjqktjm4",4361834
Jarrod Gray,NYG,OL,79,,,6-7,318,0,22.8,,,2026,DEV,,
Jason Pinnock,NYG,DB,25,Pittsburgh,Pittsburgh,6-0,200,5,27.3,NYJ,175,2021,ACT,"https://static.www.nfl.com/image/upload/f_auto,q_auto/league/l8c9lidz6spvjrp1v831",4240706
Jaxson Dart,NYG,QB,6,Mississippi,Mississippi; USC,6-2,225,1,23.4,NYG,25,2025,RES,"https://static.www.nfl.com/image/upload/f_auto,q_auto/league/n6uymxssgiicjmxkzxoc",4689114
Jermaine Eluemunor,NYG,OL,72,Texas A&M,Texas A&M; Lackawanna JC,6-4,335,9,31.8,BAL,159,2017,ACT,"https://static.www.nfl.com/image/upload/f_auto,q_auto/league/xqlquhcisz9ykfedvele",
Jevon Holland,NYG,DB,8,Oregon,Oregon,6-1,207,5,26.6,MIA,36,2021,ACT,"https://static.www.nfl.com/image/upload/f_auto,q_auto/league/z5pg2azijnijyvqexm4r",4373809
Jihad Ward,NYG,LB,53,Illinois,Illinois; Globe Institute,6-5,287,10,32.4,OAK,44,2016,INA,"https://static.www.nfl.com/image/upload/f_auto,q_auto/league/btmkbywpoicg8fcgvfhc",3115914
John Michael Schmitz,NYG,OL,61,Minnesota,Minnesota,6-4,320,3,27.5,NYG,57,2023,ACT,"https://static.www.nfl.com/image/private/f_auto,q_auto/league/viajsunbxleejrou46vu",
Jon Runyan,NYG,OL,76,Michigan,Michigan,6-4,307,6,29.2,GB,192,2020,ACT,"https://static.www.nfl.com/image/upload/f_auto,q_auto/league/kauh0olqkhebxe8gf1if",
Jordan Stout,NYG,P,15,Penn State,Penn State,6-3,214,4,28.2,BAL,130,2022,ACT,"https://static.www.nfl.com/image/upload/f_auto,q_auto/league/eeftrwsh0aigc7r22goy",4260224
Josh Tupou,NYG,DL,94,Colorado,Colorado,6-3,350,9,32.4,,,2017,DEV,"https://static.www.nfl.com/image/upload/f_auto,q_auto/league/dlnemwulvmozmdwp0prp",2979632
Kayvon Thibodeaux,NYG,LB,5,Oregon,Oregon,6-5,258,4,25.8,NYG,5,2022,ACT,"https://static.www.nfl.com/image/upload/f_auto,q_auto/league/zva5gqbt2nauteuxlcao",4426326
Korie Black,NYG,DB,38,Oklahoma State,Oklahoma State,6-0,190,1,24.3,NYG,246,2025,RES,"https://static.www.nfl.com/image/upload/f_auto,q_auto/league/dz0nqspvvzxslk9lxji6",4429281
Malachi Fields,NYG,WR,88,Notre Dame,Notre Dame; Virginia,6-4,222,0,23.1,NYG,74,2026,ACT,"https://static.www.nfl.com/image/upload/f_auto,q_auto/league/tpls1aptxx9x8xaqvjtj",4682648
Malik Harrison,NYG,LB,54,Ohio State,Ohio State,6-3,245,6,28.6,BAL,98,2020,DEV,"https://static.www.nfl.com/image/upload/f_auto,q_auto/league/kzsfzm1m9ekyqtulq9ot",4040615
Malik Nabers,NYG,WR,1,LSU,LSU,6-0,200,2,23.2,NYG,6,2024,ACT,"https://static.www.nfl.com/image/upload/f_auto,q_auto/league/w3edoyyuomqlovvp9ixc",4595348
Marcus Mbow,NYG,OL,71,Purdue,Purdue,6-5,300,1,23.5,NYG,154,2025,ACT,"https://static.www.nfl.com/image/upload/f_auto,q_auto/league/tcuix9kjptef9xrgpdoz",
Micah McFadden,NYG,LB,41,Indiana,Indiana,6-2,232,4,26.8,NYG,146,2022,ACT,"https://static.www.nfl.com/image/upload/f_auto,q_auto/league/nxlztsejsflkplpgq0jn",4371961
Najee Harris,NYG,RB,23,Alabama,Alabama,6-1,230,5,28.6,PIT,24,2021,ACT,"https://static.www.nfl.com/image/upload/f_auto,q_auto/league/grfxgbvqnzz40r7rdtvk",4241457
Nic Jones,NYG,DB,31,Ball State,Ball State,6-0,189,3,25.0,KC,250,2023,ACT,"https://static.www.nfl.com/image/upload/f_auto,q_auto/league/ph6swp4bcjab60k3zlmw",4427636
Nikko Reed,NYG,DB,35,Oregon,Oregon; Colorado,5-10,180,1,23.6,,,2025,INA,"https://static.www.nfl.com/image/upload/f_auto,q_auto/league/kwrqouczwfh7xtyhlzgl",4691043
Odell Beckham Jr.,NYG,WR,13,LSU,LSU,5-11,198,12,33.9,NYG,12,2014,CUT,"https://static.www.nfl.com/image/upload/f_auto,q_auto/league/ffmalg3wr7lwnsz59i7v",16733
PJ Mustipher,NYG,DL,90,Penn State,Penn State,6-4,318,3,27.9,,,2023,DEV,"https://static.www.nfl.com/image/upload/f_auto,q_auto/league/i4ezo2duizbzysd8gmpv",4361421
Patrick Ricard,NYG,RB,45,Maine,Maine,6-3,300,9,32.4,,,2017,ACT,"https://static.www.nfl.com/image/upload/f_auto,q_auto/league/nm7ezh46zd5bdxaxz6a9",2975417
Paulson Adebo,NYG,DB,21,Stanford,Stanford,6-1,193,5,27.3,NO,76,2021,RES,"https://static.www.nfl.com/image/upload/f_auto,q_auto/league/yft8adxhq7go3eqd8d9k",4242547
Phil Mafah,NYG,RB,36,Clemson,Clemson,6-1,230,1,24.0,DAL,239,2025,DEV,"https://static.www.nfl.com/image/upload/f_auto,q_auto/league/r91conel40ilon72blzb",4431562
Raheem Layne,NYG,DB,43,Indiana,Indiana,5-11,192,4,27.3,,,2022,DEV,"https://static.www.nfl.com/image/upload/f_auto,q_auto/league/z3fhkczvsef6tqspduap",4258237
Rico Payton,NYG,DB,36,Pittsburg State (KS),Pittsburg State (KS); Southern Illinois,6-0,182,2,26.9,,,2024,RES,"https://static.www.nfl.com/image/upload/f_auto,q_auto/league/fhtldemepl6yeuqvepdj",4368350
Roy Robertson-Harris,NYG,DL,95,Texas-El Paso,Texas-El Paso,6-7,300,10,33.2,,,2016,RES,"https://static.www.nfl.com/image/upload/f_auto,q_auto/league/gpsdbmoistqbc4dfdsak",2574891
Ryan Schernecke,NYG,OL,70,Kutztown,Kutztown,6-8,330,0,23.4,,,2026,DEV,"https://static.www.nfl.com/image/upload/f_auto,q_auto/league/kwyianyrtbidf3yjwbup",
Shelby Harris,NYG,DL,93,Illinois State,Illinois State; Wisconsin,6-2,290,12,35.2,OAK,235,2014,ACT,"https://static.www.nfl.com/image/upload/f_auto,q_auto/league/r1lxhltzhpkmfdocupum",16837
Thaddeus Dixon,NYG,DB,39,North Carolina,North Carolina; Washington; Long Beach City College,6-1,195,0,24.6,,,2026,RES,,
Theo Johnson,NYG,TE,84,Penn State,Penn State,6-6,264,2,25.6,NYG,107,2024,ACT,"https://static.www.nfl.com/image/upload/f_auto,q_auto/league/fv2jbzlocr1o3ahkru43",4429148
Thomas Fidone II,NYG,TE,86,Nebraska,Nebraska,6-6,255,1,24.0,NYG,219,2025,INA,"https://static.www.nfl.com/image/upload/f_auto,q_auto/league/vbaqpkcxcfwh9dhzescy",4590292
Trace Ford,NYG,LB,48,Oklahoma,Oklahoma; Oklahoma State,6-2,252,1,25.7,,,2025,ACT,"https://static.www.nfl.com/image/upload/f_auto,q_auto/league/wfwaqxn21kdhpybvhqih",
Tremaine Edmunds,NYG,LB,49,Virginia Tech,Virginia Tech,6-4,250,8,28.4,BUF,16,2018,ACT,"https://static.www.nfl.com/image/upload/f_auto,q_auto/league/oel5uugavzbyitnjlw7f",3929950
Tyler Nubin,NYG,DB,27,Minnesota,Minnesota,6-2,210,2,25.3,NYG,47,2024,ACT,"https://static.www.nfl.com/image/upload/f_auto,q_auto/league/wu3phjekllc6yybgarbl",4430261
Tyrone Tracy Jr.,NYG,RB,29,Purdue,Purdue; Iowa,5-11,210,2,26.9,NYG,166,2024,ACT,"https://static.www.nfl.com/image/upload/f_auto,q_auto/league/b9nje50lohbprf06xoom",4360516
Zaire Barnes,NYG,LB,46,Western Michigan,Western Michigan,6-1,232,3,27.1,NYJ,184,2023,ACT,"https://static.www.nfl.com/image/upload/f_auto,q_auto/league/jnyarp6uvues6avvg9xa",4362234
Adonai Mitchell,NYJ,WR,15,Texas,Texas; Georgia,6-2,205,2,24.0,IND,52,2024,INA,"https://static.www.nfl.com/image/upload/f_auto,q_auto/league/hwwacoa3pqapd7pgahfx",4597500
Al-Jay Henderson,NYJ,RB,36,,,,216,0,,,,2026,DEV,,
Andre Cisco,NYJ,DB,8,Syracuse,Syracuse,6-0,210,5,26.5,JAX,65,2021,ACT,"https://static.www.nfl.com/image/upload/f_auto,q_auto/league/sdk8jvmv30mvetujj7bs",4361939
Andrew Beck,NYJ,RB,47,Texas,Texas,6-3,255,7,30.4,,,2019,ACT,"https://static.www.nfl.com/image/upload/f_auto,q_auto/league/zv8xb3nfxamq7sqa1xqt",3125107
Anez Cooper,NYJ,OL,72,Miami,Miami,6-5,334,0,22.8,NYJ,188,2026,RES,"https://static.www.nfl.com/image/upload/f_auto,q_auto/league/ncjopahmd0bod5hqbt7k",
Arian Smith,NYJ,WR,82,Georgia,Georgia,6-0,179,1,25.0,NYJ,110,2025,RES,"https://static.www.nfl.com/image/upload/f_auto,q_auto/league/asywvwrn6zhlidxothqn",4429105
Armand Membou,NYJ,OL,70,Missouri,Missouri,6-4,332,1,22.5,NYJ,7,2025,ACT,"https://static.www.nfl.com/image/upload/f_auto,q_auto/league/jpsi4xluqav1acigaou5",
Austin McNamara,NYJ,P,14,Texas Tech,Texas Tech,6-4,204,2,25.6,,,2024,ACT,"https://static.www.nfl.com/image/upload/f_auto,q_auto/league/tu0cvxj9l141hhpcr5mh",4427982
Azareye'h Thomas,NYJ,DB,1,Florida State,Florida State,6-1,198,1,22.3,NYJ,73,2025,ACT,"https://static.www.nfl.com/image/upload/f_auto,q_auto/league/yects9qe1kkzkmiunvok",4685596
Blake Grupe,NYJ,K,39,Notre Dame,Notre Dame; Arkansas State,5-7,156,3,27.9,,,2023,DEV,"https://static.www.nfl.com/image/upload/f_auto,q_auto/league/de3vz6xjjo9paba6encd",4259619
Braelon Allen,NYJ,RB,0,Wisconsin,Wisconsin,6-1,235,2,22.7,NYJ,134,2024,ACT,"https://static.www.nfl.com/image/upload/f_auto,q_auto/league/fmpzgmfjmcbrv1gmqbdn",4685247
Braiden McGregor,NYJ,LB,55,Michigan,Michigan,6-6,267,2,25.2,,,2024,ACT,"https://static.www.nfl.com/image/upload/f_auto,q_auto/league/tc4o7s8ocmov9dbmjq16",4429005
Brandon Stephens,NYJ,DB,21,SMU,SMU; UCLA,6-1,215,5,28.8,BAL,104,2021,ACT,"https://static.www.nfl.com/image/upload/f_auto,q_auto/league/t0nxkzyr4wnpanuxjxhg",4035824
Brant Banks,NYJ,OL,75,Rice,Rice,6-7,306,1,26.4,,,2025,DEV,"https://static.www.nfl.com/image/upload/f_auto,q_auto/league/fgyysqdckajohxo82d6w",
Breece Hall,NYJ,RB,20,Iowa State,Iowa State,5-11,220,4,25.4,NYJ,36,2022,INA,"https://static.www.nfl.com/image/upload/f_auto,q_auto/league/i01xtqbfajfq68lb6orh",4427366
Cade Klubnik,NYJ,QB,10,Clemson,Clemson,6-2,207,0,23.0,NYJ,110,2026,ACT,"https://static.www.nfl.com/image/upload/f_auto,q_auto/league/sqsxavkryojbysy4kq85",4685413
Chip Trayanum,NYJ,RB,40,Toledo,Toledo; Kentucky; Ohio State; Arizona State,5-11,227,0,24.8,,,2026,RES,"https://static.www.nfl.com/image/upload/f_auto,q_auto/league/hdagffadajptx8nxfs8w",4430893
Chukwuma Okorafor,NYJ,OL,79,Western Michigan,Western Michigan,6-6,320,8,29.2,PIT,92,2018,ACT,"https://static.www.nfl.com/image/upload/f_auto,q_auto/league/n3ld9u2m2kfxhcc0qeiy",
Cody Hardy,NYJ,TE,88,N.C. State,N.C. State; Elon,6-4,271,0,22.9,,,2026,DEV,"https://static.www.nfl.com/image/upload/f_auto,q_auto/league/e7ryku3lwro60d4ugp9f",
D'Angelo Ponds,NYJ,DB,23,Indiana,Indiana; James Madison,5-8,182,0,21.7,NYJ,50,2026,ACT,"https://static.www.nfl.com/image/upload/f_auto,q_auto/league/exokwoursxgcvgnnwp76",5118340
Dane Belton,NYJ,DB,6,Iowa,Iowa,6-1,205,4,25.8,NYG,114,2022,ACT,"https://static.www.nfl.com/image/upload/f_auto,q_auto/league/iiss6ltg2ajuabrisoqw",4426686
Darrell Jackson Jr.,NYJ,DL,95,Florida State,Florida State; Maryland,6-5,315,0,23.4,NYJ,103,2026,ACT,"https://static.www.nfl.com/image/upload/f_auto,q_auto/league/kmkykh3qj3gxyhn006jr",4612836
David Bailey,NYJ,LB,31,Texas Tech,Texas Tech; Stanford,6-3,251,0,23.1,NYJ,2,2026,ACT,"https://static.www.nfl.com/image/upload/f_auto,q_auto/league/r6vo0ugtnbbooogommai",4685248
David Onyemata,NYJ,DL,93,Manitoba (Canada),Manitoba (Canada),6-3,300,10,33.9,NO,120,2016,RES,"https://static.www.nfl.com/image/upload/f_auto,q_auto/league/tl0jr4mxarpbmvu3tho9",4002046
Demario Davis,NYJ,LB,56,Arkansas State,Arkansas State,6-2,239,14,37.7,NYJ,77,2012,ACT,"https://static.www.nfl.com/image/upload/f_auto,q_auto/league/xfig8nml2gmofychoe3z",14958
Dylan Parham,NYJ,OL,64,Memphis,Memphis,6-3,311,4,27.1,LV,90,2022,INA,"https://static.www.nfl.com/image/upload/f_auto,q_auto/league/nlsqokqb2jhy4fzf4e8x",
Francisco Mauigoa,NYJ,LB,51,Miami,Miami; Washington State,6-2,230,1,23.6,NYJ,162,2025,INA,"https://static.www.nfl.com/image/upload/f_auto,q_auto/league/e9v5ipktxb3yepsq0abj",4700136
Garrett Wilson,NYJ,WR,5,Ohio State,Ohio State,6-0,183,4,26.2,NYJ,10,2022,ACT,"https://static.www.nfl.com/image/upload/f_auto,q_auto/league/upxwxmhdd8xluztgqwhe",4569618
Geno Smith,NYJ,QB,7,West Virginia,West Virginia,6-3,221,13,36.0,NYJ,39,2013,ACT,"https://static.www.nfl.com/image/upload/f_auto,q_auto/league/zppfqqcyjfma14jjif3a",15864
Harrison Phillips,NYJ,DL,97,Stanford,Stanford,6-3,307,8,30.7,BUF,96,2018,ACT,"https://static.www.nfl.com/image/upload/f_auto,q_auto/league/znophhdzukalwuwsx6vx",3117255
Isaiah Davis,NYJ,RB,32,South Dakota State,South Dakota State,6-1,220,2,24.6,NYJ,173,2024,ACT,"https://static.www.nfl.com/image/upload/f_auto,q_auto/league/x6r9a5xhtaklbvnqmtw7",4695404
Isaiah Williams,NYJ,WR,18,Illinois,Illinois,5-10,185,2,25.7,,,2024,ACT,"https://static.www.nfl.com/image/upload/f_auto,q_auto/league/rj2etltwzmlxyz1cfkeo",4569371
Isaiahh Loudermilk,NYJ,DL,58,Wisconsin,Wisconsin,6-7,293,5,29.0,PIT,156,2021,DEV,"https://static.www.nfl.com/image/upload/f_auto,q_auto/league/hfsetloxapzfasw9d3o0",4035798
Jack Heflin,NYJ,DL,96,Iowa,Iowa,6-3,304,5,28.6,,,2021,ACT,"https://static.www.nfl.com/image/upload/f_auto,q_auto/league/vyvratpseoqy4rqej7fm",4039485
Jaden Keller,NYJ,LB,48,Virginia Tech,Virginia Tech,6-3,235,0,23.5,,,2026,ACT,"https://static.www.nfl.com/image/upload/f_auto,q_auto/league/uxfz8xexycjmemktijh6",
Jamaal Pritchett,NYJ,WR,81,South Alabama,South Alabama; Tuskegee University,5-8,175,1,23.3,,,2025,ACT,"https://static.www.nfl.com/image/upload/f_auto,q_auto/league/cskrvfgcpvpezccsdfky",4892576
Jamien Sherwood,NYJ,LB,44,Auburn,Auburn,6-2,216,5,26.7,NYJ,146,2021,ACT,"https://static.www.nfl.com/image/upload/f_auto,q_auto/league/mbax9jdlzp7cxh0hyuow",4361331
Jarvis Brownlee Jr.,NYJ,DB,2,Louisville,Louisville; Florida,5-10,194,2,25.2,TEN,146,2024,ACT,"https://static.www.nfl.com/image/upload/f_auto,q_auto/league/u9vm18mpoxmzhukikjy2",4426817
Jason Sanders,NYJ,K,19,New Mexico,New Mexico,5-11,186,8,30.9,MIA,229,2018,ACT,"https://static.www.nfl.com/image/upload/f_auto,q_auto/league/k3ldptfygihmqgl2eir6",3124679
Jelani Woods,NYJ,TE,86,Virginia,Virginia,6-7,253,4,28.0,IND,73,2022,ACT,"https://static.www.nfl.com/image/upload/f_auto,q_auto/league/bnezem4laynlarqnpyc5",4241410
Jeremy Ruckert,NYJ,TE,89,Ohio State,Ohio State,6-5,250,4,26.2,NYJ,101,2022,ACT,"https://static.www.nfl.com/image/upload/f_auto,q_auto/league/bcqcta7r1uee3rqhejdh",4361372
Jimmy Morrissey,NYJ,OL,65,Pittsburgh,Pittsburgh,6-4,305,5,28.3,LV,230,2021,DEV,"https://static.www.nfl.com/image/upload/f_auto,q_auto/league/jdstqkmytx1eycdnss8o",
Joe Tippmann,NYJ,OL,66,Wisconsin,Wisconsin,6-6,313,3,25.5,NYJ,43,2023,ACT,"https://static.www.nfl.com/image/upload/f_auto,q_auto/league/q8sbzzwjkyb42gn9shb3",
John Saunders Jr.,NYJ,DB,25,Mississippi,Mississippi; Miami (Ohio),6-2,210,1,25.0,,,2025,CUT,"https://static.www.nfl.com/image/upload/f_auto,q_auto/league/ftf10e6sdtxy6jumhfds",
Jordan Clark,NYJ,DB,33,Notre Dame,Notre Dame; Arizona State,5-9,185,1,25.5,,,2025,DEV,"https://static.www.nfl.com/image/upload/f_auto,q_auto/league/qiesv40i10bhxmfuf1md",4429411
Jordan Meredith,NYJ,OL,67,Western Kentucky,Western Kentucky,6-2,300,5,28.8,,,2021,ACT,"https://static.www.nfl.com/image/upload/f_auto,q_auto/league/fqsieovgqhligt1y4o8l",
Joseph Ossai,NYJ,LB,46,Texas,Texas,6-4,253,5,26.5,CIN,69,2021,ACT,"https://static.www.nfl.com/image/upload/f_auto,q_auto/league/ornl2j2dyfvtma6eiozd",4362094
Josh Myers,NYJ,OL,71,Ohio State,Ohio State,6-5,312,5,28.2,GB,62,2021,ACT,"https://static.www.nfl.com/image/upload/f_auto,q_auto/league/kx5vub7ru2srpow2dxnu",
Jowon Briggs,NYJ,DL,91,Cincinnati,Cincinnati; Virginia,6-1,313,2,25.1,CLE,243,2024,ACT,"https://static.www.nfl.com/image/upload/f_auto,q_auto/league/wbqozrnxtjjuf3nwv760",4426676
Kene Nwangwu,NYJ,RB,3,Iowa State,Iowa State,6-1,210,5,28.7,MIN,119,2021,ACT,"https://static.www.nfl.com/image/upload/f_auto,q_auto/league/rlnqgz517fsohrndgjrb",4035537
Kenyon Sadiq,NYJ,TE,16,Oregon,Oregon,6-3,241,0,21.6,NYJ,16,2026,ACT,"https://static.www.nfl.com/image/upload/f_auto,q_auto/league/mnswulwto4yqkgmugoiq",5083315
Kingsley Enagbare,NYJ,LB,52,South Carolina,South Carolina,6-4,258,4,26.7,GB,179,2022,INA,"https://static.www.nfl.com/image/upload/f_auto,q_auto/league/rvftdj3wurrbmoaikpxd",4362840
Kingsley Jonathan,NYJ,DL,57,Syracuse,Syracuse,6-4,260,4,28.4,,,2022,RES,"https://static.www.nfl.com/image/upload/f_auto,q_auto/league/ippwcl86bpdf0ztu1w10",4240405
Kohl Levao,NYJ,OL,60,Hawaii,Hawaii; City College (SF),6-6,350,4,28.6,,,2022,ACT,"https://static.www.nfl.com/image/upload/f_auto,q_auto/league/f16d2isapl5nje5kli1q",
Malachi Moore,NYJ,DB,27,Alabama,Alabama,5-11,196,1,25.1,NYJ,130,2025,ACT,"https://static.www.nfl.com/image/upload/f_auto,q_auto/league/ftgqzch3vvsodlhud39f",4692024
Malik McClain,NYJ,WR,84,Arizona State,Arizona State; Penn State; Florida,6-5,195,0,24.0,,,2026,ACT,"https://static.www.nfl.com/image/upload/f_auto,q_auto/league/ekh5mirge1jmayln4tfe",
Marcelino McCrary-Ball,NYJ,LB,41,Indiana,Indiana,6-0,214,4,27.5,,,2022,RES,"https://static.www.nfl.com/image/upload/f_auto,q_auto/league/fs8k5b7zyglt1zg9q5zd",4045299
Mason Taylor,NYJ,TE,85,LSU,LSU,6-5,251,1,22.4,NYJ,42,2025,INA,"https://static.www.nfl.com/image/upload/f_auto,q_auto/league/xittx9gih104lw1atfiv",4808766
Max Mitchell,NYJ,OL,61,Louisiana-Lafayette,Louisiana-Lafayette,6-6,307,4,27.0,NYJ,111,2022,ACT,"https://static.www.nfl.com/image/upload/f_auto,q_auto/league/v7nuncuycdg3jpjkr0hz",
Minkah Fitzpatrick,NYJ,DB,29,Alabama,Alabama,6-1,202,8,29.9,MIA,11,2018,ACT,"https://static.www.nfl.com/image/upload/f_auto,q_auto/league/z733r4dwebhrqeeihy0e",3925345
Mory Bamba,NYJ,DB,38,BYU,BYU; Tyler JC,6-2,190,0,25.9,,,2026,DEV,"https://static.www.nfl.com/image/upload/f_auto,q_auto/league/wjft7vvf0zougklyuctc",
Nahshon Wright,NYJ,DB,26,Oregon State,Oregon State,6-4,190,5,28.0,DAL,99,2021,INA,"https://static.www.nfl.com/image/upload/f_auto,q_auto/league/pma5y3ixotctzzyqxygd",4570470
Nate Lynn,NYJ,LB,92,William & Mary,William & Mary,6-3,255,2,24.3,,,2024,DEV,"https://static.www.nfl.com/image/upload/f_auto,q_auto/league/knnvuw8oxhlads0vfpep",
Nick Dawkins,NYJ,OL,53,Penn State,Penn State,6-4,299,0,24.4,,,2026,DEV,"https://static.www.nfl.com/image/upload/f_auto,q_auto/league/xkbtkrrvbb04xp0dqig3",
Olumuyiwa Fashanu,NYJ,OL,74,Penn State,Penn State,6-6,312,2,23.8,NYJ,11,2024,ACT,"https://static.www.nfl.com/image/upload/f_auto,q_auto/league/clf1wkkpzzsrnffv8wew",
Omar Cooper Jr.,NYJ,WR,11,Indiana,Indiana,6-0,199,0,22.8,NYJ,30,2026,RES,"https://static.www.nfl.com/image/upload/f_auto,q_auto/league/lmua2lbg0m77ibvydvaq",4723820
Paschal Ekeji,NYJ,LB,54,,,6-4,233,1,24.6,,,2025,DEV,"https://static.www.nfl.com/image/upload/f_auto,q_auto/league/tpq98s8c2d42cyctwnsp",
Payton Page,NYJ,DL,98,Clemson,Clemson,6-4,300,1,24.0,,,2025,DEV,"https://static.www.nfl.com/image/upload/f_auto,q_auto/league/lv2k8zefcvbgpgl5j6k1",4431582
Qwan'tez Stiggers,NYJ,DB,37,,,6-0,197,2,24.7,NYJ,176,2024,ACT,"https://static.www.nfl.com/image/upload/f_auto,q_auto/league/yiiqa5sbaclz4bvnpvul",5208977
Samuel Womack,NYJ,DB,22,Toledo,Toledo,5-10,187,4,27.3,SF,172,2022,DEV,"https://static.www.nfl.com/image/upload/f_auto,q_auto/league/rjvnnjizl2wtqrava83i",4280416
Sterling Shepard,NYJ,WR,87,Oklahoma,Oklahoma,5-10,201,10,33.7,NYG,40,2016,ACT,"https://static.www.nfl.com/image/upload/f_auto,q_auto/league/l47czwi8aaznnit0se5h",2976592
T'Vondre Sweat,NYJ,DL,99,Texas,Texas,6-4,366,2,25.2,TEN,38,2024,ACT,"https://static.www.nfl.com/image/upload/f_auto,q_auto/league/hmlpzjhnttorvhshijgn",4428617
Thomas Hennessy,NYJ,LS,42,Duke,Duke,6-2,246,9,32.3,,,2017,ACT,"https://static.www.nfl.com/image/upload/f_auto,q_auto/league/dzwef96yf2ovfdcppbmo",
Tim Patrick,NYJ,WR,17,Utah,Utah; Grossmont,6-5,212,9,32.9,,,2017,RES,"https://static.www.nfl.com/image/upload/f_auto,q_auto/league/hw06t7n00cfpt7euljza",3134353
Tre Brown,NYJ,DB,30,Oklahoma,Oklahoma,5-10,186,5,29.0,SEA,137,2021,RES,"https://static.www.nfl.com/image/upload/f_auto,q_auto/league/qmxy8q4nrxr2ascsrs2m",4241373
Trevin Wallace,NYJ,LB,49,Kentucky,Kentucky,6-1,237,2,23.6,CAR,72,2024,ACT,"https://static.www.nfl.com/image/upload/f_auto,q_auto/league/qzhtopwswjprt2marbaa",4683815
Troy Reeder,NYJ,LB,50,Delaware,Delaware,6-3,245,7,32.1,,,2019,ACT,"https://static.www.nfl.com/image/upload/f_auto,q_auto/league/laiuwnorvmneuwvav61k",3116177
Tyler Baron,NYJ,LB,94,Miami,Miami; Tennessee,6-4,260,1,25.0,NYJ,176,2025,RES,"https://static.www.nfl.com/image/upload/f_auto,q_auto/league/v9mbzoaeie7jm6jt4gdx",4692555
Tyler Johnson,NYJ,WR,83,Minnesota,Minnesota,6-1,205,6,28.1,TB,161,2020,DEV,"https://static.www.nfl.com/image/upload/f_auto,q_auto/league/wvdkhxotikdvohhaypee",2310331
VJ Payne,NYJ,DB,34,Kansas State,Kansas State,6-3,206,0,22.6,NYJ,228,2026,RES,"https://static.www.nfl.com/image/upload/f_auto,q_auto/league/mr1fz0yd8pvfjzis5ell",4837388
Will Levis,NYJ,QB,4,Kentucky,Kentucky; Penn State,6-4,232,3,27.3,TEN,33,2023,DEV,"https://static.www.nfl.com/image/upload/f_auto,q_auto/league/npovrxpll0gqlkptsn6r",4361418
Will McDonald IV,NYJ,LB,9,Iowa State,Iowa State,6-4,245,3,27.3,NYJ,15,2023,ACT,"https://static.www.nfl.com/image/private/f_auto,q_auto/league/nw8aiicw9bjhxaqwbeo9",4361767
A.J. Epenesa,PHI,DL,57,Iowa,Iowa,6-6,280,6,28.1,BUF,54,2020,ACT,"https://static.www.nfl.com/image/upload/f_auto,q_auto/league/hprr0vl8ruh0veetztij",4240585
Andre' Sam,PHI,DB,32,LSU,LSU; Marshall; McNeese State,5-10,194,2,27.7,,,2024,RES,"https://static.www.nfl.com/image/upload/f_auto,q_auto/league/ktamly004v1muokcnmc7",4250510
Andrew Mukuba,PHI,DB,24,Texas,Texas; Clemson,5-11,186,1,23.8,PHI,64,2025,ACT,"https://static.www.nfl.com/image/upload/f_auto,q_auto/league/eurn0h9z78sclv1eq5jp",4602197
Andy Dalton,PHI,QB,14,TCU,TCU,6-2,220,15,38.9,CIN,35,2011,ACT,"https://static.www.nfl.com/image/upload/f_auto,q_auto/league/sfsneh0bn46e2kwve7sr",14012
Anfernee Orji,PHI,LB,59,Vanderbilt,Vanderbilt,6-2,230,3,26.0,,,2023,DEV,"https://static.www.nfl.com/image/upload/f_auto,q_auto/league/lbogbl26m6kwp1ljbrog",4567535
Arnold Ebiketie,PHI,LB,17,Penn State,Penn State,6-3,256,4,27.7,ATL,38,2022,ACT,"https://static.www.nfl.com/image/upload/f_auto,q_auto/league/w5sjq8cj5tdar5ttlll7",4257591
Braden Mann,PHI,P,10,Texas A&M,Texas A&M,5-11,198,6,28.9,NYJ,191,2020,ACT,"https://static.www.nfl.com/image/upload/f_auto,q_auto/league/eizeojehmxkvvfahj1tk",4035239
Britain Covey,PHI,WR,85,Utah,Utah,5-8,170,4,29.6,,,2022,ACT,"https://static.www.nfl.com/image/upload/f_auto,q_auto/league/jgvgr3prtme8ua28bfxi",3926231
Byron Young,PHI,DL,94,Alabama,Alabama,6-3,292,3,25.9,LV,70,2023,ACT,"https://static.www.nfl.com/image/upload/f_auto,q_auto/league/zkjuhizs7now7kfwp9s3",4567123
Cam Jurgens,PHI,OL,51,Nebraska,Nebraska,6-3,303,4,27.1,PHI,51,2022,ACT,"https://static.www.nfl.com/image/upload/f_auto,q_auto/league/j2vljio1hfmqcwj3pd5m",
Carson Steele,PHI,RB,34,UCLA,UCLA; Ball State,6-0,225,2,24.0,,,2024,DEV,"https://static.www.nfl.com/image/upload/f_auto,q_auto/league/q6dciqten6frfdm1takb",4714365
Chance Campbell,PHI,LB,59,Mississippi,Mississippi,6-2,235,4,27.0,TEN,219,2022,DEV,"https://static.www.nfl.com/image/upload/f_auto,q_auto/league/shwgveoj7jbhqenckrmh",4372051
Cole Payton,PHI,QB,18,North Dakota State,North Dakota State,6-2,232,0,24.0,PHI,178,2026,INA,"https://static.www.nfl.com/image/upload/f_auto,q_auto/league/qt8hajjwkvpynr8nwepz",4879250
Cole Wisniewski,PHI,DB,38,Texas Tech,Texas Tech; North Dakota State,6-3,219,0,24.6,PHI,244,2026,DEV,"https://static.www.nfl.com/image/upload/f_auto,q_auto/league/fsbuuec4tzp33ufdsgdi",4693345
Cooper DeJean,PHI,DB,33,Iowa,Iowa,6-0,198,2,23.7,PHI,40,2024,ACT,"https://static.www.nfl.com/image/upload/f_auto,q_auto/league/aifrssmqxtoiydq9r1uo",4682618
Dallas Goedert,PHI,TE,88,South Dakota State,South Dakota State,6-5,256,8,31.8,PHI,49,2018,INA,"https://static.www.nfl.com/image/upload/f_auto,q_auto/league/bafepstxu7vvxb9v5vua",3121023
Dameon Pierce,PHI,RB,39,Florida,Florida,5-10,215,4,26.6,HOU,107,2022,DEV,"https://static.www.nfl.com/image/upload/f_auto,q_auto/league/oai3defivyfyofxxh4ux",4360238
Darius Cooper,PHI,WR,80,Tarleton State,Tarleton State,5-11,210,1,24.9,,,2025,ACT,"https://static.www.nfl.com/image/upload/f_auto,q_auto/league/pe71oe4eoyyfnq80fkxc",4715355
DeVonta Smith,PHI,WR,6,Alabama,Alabama,6-0,170,5,27.9,PHI,10,2021,INA,"https://static.www.nfl.com/image/upload/f_auto,q_auto/league/k724kq3hyv7jc0y9s03x",4241478
Dontayvion Wicks,PHI,WR,13,Virginia,Virginia,6-1,208,3,25.3,GB,159,2023,ACT,"https://static.www.nfl.com/image/upload/f_auto,q_auto/league/v1lt8kpvkn0qw5elyaoz",4428850
Drew Kendall,PHI,OL,66,Boston College,Boston College,6-4,308,1,24.9,PHI,168,2025,ACT,"https://static.www.nfl.com/image/upload/f_auto,q_auto/league/l9iy9p3yufggrfo1zojz",
E.J. Jenkins,PHI,TE,84,Georgia Tech,Georgia Tech; South Carolina; St. Francis PA,6-6,243,3,27.9,,,2023,ACT,"https://static.www.nfl.com/image/upload/f_auto,q_auto/league/jmhuk0gcnyotcjhdxo6v",4248557
Eli Stowers,PHI,TE,87,Vanderbilt,Vanderbilt; New Mexico State; Texas A&M,6-4,239,0,23.5,PHI,54,2026,RES,"https://static.www.nfl.com/image/upload/f_auto,q_auto/league/c9rjqit3q5tm9hzkm5ay",4431574
Elijah Moore,PHI,WR,19,Mississippi,Mississippi,5-10,178,5,26.5,NYJ,34,2021,ACT,"https://static.www.nfl.com/image/upload/f_auto,q_auto/league/wax90oyx9vs0x9j4nt5n",4372414
Fred Johnson,PHI,OL,74,Florida,Florida,6-7,326,7,29.3,,,2019,INA,"https://static.www.nfl.com/image/private/f_auto,q_auto/league/unogqelkwjhl0qwfbyu5",
Gabe Hall,PHI,DL,96,Baylor,Baylor,6-6,292,2,25.7,,,2024,DEV,"https://static.www.nfl.com/image/upload/f_auto,q_auto/league/ofalkqy1zcwgoggtgdlt",
Grant Calcaterra,PHI,TE,81,SMU,SMU; Oklahoma,6-4,240,4,27.8,PHI,198,2022,RES,"https://static.www.nfl.com/image/upload/f_auto,q_auto/league/inpyxw55sxo96shrt4si",4241374
Jake Elliott,PHI,K,4,Memphis,Memphis,5-9,167,9,31.7,CIN,153,2017,ACT,"https://static.www.nfl.com/image/upload/f_auto,q_auto/league/gxy1mhbnz1p2nufkg8qz",3050478
Jake Majors,PHI,OL,75,Texas,Texas,6-3,306,1,24.7,,,2025,DEV,"https://static.www.nfl.com/image/upload/f_auto,q_auto/league/xtrvv63ccghpiwxwmsdh",
Jakorian Bennett,PHI,DB,23,Maryland,Maryland,5-10,200,3,26.1,LV,104,2023,RES,"https://static.www.nfl.com/image/upload/f_auto,q_auto/league/xmacplimntxaq6aohzpb",4686911
Jalen Carter,PHI,DL,98,Georgia,Georgia,6-3,314,3,25.5,PHI,9,2023,ACT,"https://static.www.nfl.com/image/upload/f_auto,q_auto/league/lzctlmzr184bc1mix5qs",4685759
Jalen Hurts,PHI,QB,1,Oklahoma,Oklahoma; Alabama,6-1,223,6,28.2,PHI,53,2020,ACT,"https://static.www.nfl.com/image/upload/f_auto,q_auto/league/xow5yvxjeqa6witmofmp",4040715
Jalyx Hunt,PHI,LB,58,Houston Christian University,Houston Christian University; Cornell,6-3,252,2,25.6,PHI,94,2024,ACT,"https://static.www.nfl.com/image/upload/f_auto,q_auto/league/uymi2mf5vbfkxopurlby",4571162
Jaydon Blue,PHI,RB,30,Texas,Texas,5-9,200,1,22.7,DAL,149,2025,DEV,"https://static.www.nfl.com/image/upload/f_auto,q_auto/league/lscygdlqczomp0l9oykv",4685279
Jeremiah Trotter Jr.,PHI,LB,54,Clemson,Clemson,6-0,225,2,23.8,PHI,155,2024,ACT,"https://static.www.nfl.com/image/upload/f_auto,q_auto/league/fbgpf6iqljasd4h1miw2",4432777
Jihaad Campbell,PHI,LB,11,Alabama,Alabama,6-3,235,1,22.6,PHI,31,2025,ACT,"https://static.www.nfl.com/image/upload/f_auto,q_auto/league/njvl2eabvfekcqqa4jmq",4685287
Joe Tryon,PHI,DL,93,Washington,Washington,6-5,262,5,27.4,TB,32,2021,RET,"https://static.www.nfl.com/image/upload/f_auto,q_auto/league/it6wkxysejicc83azqkd",4243333
John Ojukwu,PHI,OL,67,Boise State,Boise State,6-5,310,3,27.7,,,2023,DEV,"https://static.www.nfl.com/image/upload/f_auto,q_auto/league/f7wqrjpfn7lqp2tr8awp",
Johnny Mundt,PHI,TE,83,Oregon,Oregon,6-4,245,9,31.9,,,2017,ACT,"https://static.www.nfl.com/image/upload/f_auto,q_auto/league/gbsnomwbzavt5124vvaz",3052096
Johnny Wilson,PHI,WR,89,Florida State,Florida State; Arizona State,6-6,228,2,25.5,PHI,185,2024,RES,"https://static.www.nfl.com/image/upload/f_auto,q_auto/league/azz7slr16byvcvbnaifa",4686104
Jonathan Greenard,PHI,LB,52,Florida,Florida; Louisville,6-3,263,6,29.4,HOU,90,2020,ACT,"https://static.www.nfl.com/image/upload/f_auto,q_auto/league/z49ugsnmbfkldervsiws",3916409
Jonathan Jones,PHI,DB,31,Auburn,Auburn,5-10,190,10,33.0,,,2016,ACT,"https://static.www.nfl.com/image/upload/f_auto,q_auto/league/dtvgbbw3jqdekkq155hl",2971027
Jordan Davis,PHI,DL,90,Georgia,Georgia,6-6,336,4,26.7,PHI,13,2022,ACT,"https://static.www.nfl.com/image/upload/f_auto,q_auto/league/zkvksjepfrmpdwdph1ps",4381558
Jordan Mailata,PHI,OL,68,,,6-8,365,8,29.5,PHI,233,2018,ACT,"https://static.www.nfl.com/image/upload/f_auto,q_auto/league/al7gzhilxxfwtflukyei",
Joshua Weru,PHI,LB,46,,,6-4,244,0,23.0,,,2026,DEV,"https://static.www.nfl.com/image/upload/f_auto,q_auto/league/b6nisweavm9tsv8phb8q",5344965
Josiah Deguara,PHI,TE,45,Cincinnati,Cincinnati,6-2,240,6,29.6,GB,94,2020,ACT,"https://static.www.nfl.com/image/upload/f_auto,q_auto/league/wivlyvbmlm0aogcvl2yz",3914151
Kelee Ringo,PHI,DB,7,Georgia,Georgia,6-2,205,3,24.3,PHI,105,2023,ACT,"https://static.www.nfl.com/image/upload/f_auto,q_auto/league/tyuosakaiefa1pruil40",4428992
Kenny Moore II,PHI,DB,23,Valdosta State,Valdosta State,5-9,190,9,31.1,,,2017,ACT,"https://static.www.nfl.com/image/private/f_auto,q_auto/league/ji3hdoi86xonnhxlr6gl",4218312
Keyshawn James-Newby,PHI,LB,50,New Mexico,New Mexico; Idaho; Montana College of Technology,6-1,240,0,24.2,PHI,252,2026,DEV,"https://static.www.nfl.com/image/upload/f_auto,q_auto/league/dhu2y8agagcv0nixplkj",5165139
Kiran Amegadjie,PHI,OL,73,Yale,Yale,6-5,326,2,24.7,CHI,75,2024,DEV,"https://static.www.nfl.com/image/upload/f_auto,q_auto/league/qngoqfnhfh7zgjeqk9vw",
Landon Dickerson,PHI,OL,69,Alabama,Alabama,6-6,332,5,28.0,PHI,37,2021,RES,"https://static.www.nfl.com/image/upload/f_auto,q_auto/league/zkgccdubnxvforo1xaqt",
Lane Johnson,PHI,OL,65,Oklahoma,Oklahoma; Kilgore,6-6,325,13,36.4,PHI,4,2013,INA,"https://static.www.nfl.com/image/upload/f_auto,q_auto/league/xanvacjbb9x1hcslyvsl",
Mac McWilliams,PHI,DB,22,UCF,UCF; UAB,5-10,191,1,24.9,PHI,145,2025,ACT,"https://static.www.nfl.com/image/upload/f_auto,q_auto/league/jhw6ibfy1x4ahomjbg3q",4689651
Makai Lemon,PHI,WR,9,USC,USC,5-11,192,0,22.3,PHI,20,2026,ACT,"https://static.www.nfl.com/image/upload/f_auto,q_auto/league/ys2i2o7c0bl36xvlrojz",4870795
Marcus Epps,PHI,DB,29,Wyoming,Wyoming,6-0,198,7,30.7,MIN,191,2019,INA,"https://static.www.nfl.com/image/upload/f_auto,q_auto/league/mlmepu3ng2uaqlo4sqhx",3139368
Markel Bell,PHI,OL,72,Miami,Miami; Holmes County JC,6-9,346,0,22.2,PHI,68,2026,ACT,"https://static.www.nfl.com/image/upload/f_auto,q_auto/league/zbm6pz0vpqq5jup2s0ky",
Marquise Brown,PHI,WR,0,Oklahoma,Oklahoma; College of the Canyons,5-9,170,7,29.3,BAL,25,2019,INA,"https://static.www.nfl.com/image/upload/f_auto,q_auto/league/shkjxggufymydgp6wk3p",4241372
Mason Reiger,PHI,LB,43,Wisconsin,Wisconsin; Louisville,6-5,251,0,24.1,,,2026,DEV,"https://static.www.nfl.com/image/upload/f_auto,q_auto/league/l0onarptlshevpa3bba1",4691903
Micah Morris,PHI,OL,76,Georgia,Georgia,6-5,334,0,23.1,PHI,207,2026,ACT,"https://static.www.nfl.com/image/upload/f_auto,q_auto/league/qk8qyqk1doklwy7xdgfh",
Michael Carter II,PHI,DB,35,Duke,Duke,5-10,184,5,27.6,NYJ,154,2021,ACT,"https://static.www.nfl.com/image/upload/f_auto,q_auto/league/a7yskzasxy1hjvyqql1t",4240456
Moro Ojomo,PHI,DL,97,Texas,Texas,6-3,292,3,25.1,PHI,249,2023,ACT,"https://static.www.nfl.com/image/upload/f_auto,q_auto/league/pifqoqquxxvoqwah8khm",4362116
Nolan Smith,PHI,LB,3,Georgia,Georgia,6-2,235,3,25.7,PHI,30,2023,ACT,"https://static.www.nfl.com/image/upload/f_auto,q_auto/league/mutic3dzmrlfruwqlgcb",4426331
Quinyon Mitchell,PHI,DB,27,Toledo,Toledo,6-0,196,2,25.2,PHI,22,2024,ACT,"https://static.www.nfl.com/image/upload/f_auto,q_auto/league/hfhzawkrobxrfuohtp50",4686273
Riq Woolen,PHI,DB,2,Texas-San Antonio,Texas-San Antonio,6-4,210,4,27.4,SEA,153,2022,ACT,"https://static.www.nfl.com/image/upload/f_auto,q_auto/league/aodr0vp93fzhdsff9fzj",4245185
Rocco Underwood,PHI,LS,41,Florida,Florida,6-3,231,0,24.2,,,2026,ACT,"https://static.www.nfl.com/image/upload/f_auto,q_auto/league/mjupt0sbxzpgr71e9oy3",
Saquon Barkley,PHI,RB,26,Penn State,Penn State,6-0,233,8,29.7,NYG,2,2018,ACT,"https://static.www.nfl.com/image/upload/f_auto,q_auto/league/qcayrzjpura2zydszonh",3929630
Shaun Wade,PHI,DB,30,Ohio State,Ohio State,6-1,195,5,28.1,BAL,160,2021,DEV,"https://static.www.nfl.com/image/upload/f_auto,q_auto/league/pqt6kpecarjlibgm23g6",4241995
Smael Mondon Jr.,PHI,LB,42,Georgia,Georgia,6-2,225,1,23.6,PHI,161,2025,ACT,"https://static.www.nfl.com/image/upload/f_auto,q_auto/league/tbyyduioarpumchzmfdj",4431573
Tank Bigsby,PHI,RB,8,Auburn,Auburn,5-11,213,3,24.1,JAX,88,2023,ACT,"https://static.www.nfl.com/image/upload/f_auto,q_auto/league/vfkdjfpiyrcuzahrmfvn",4429013
Tanner McKee,PHI,QB,16,Stanford,Stanford,6-6,230,3,26.4,PHI,188,2023,ACT,"https://static.www.nfl.com/image/upload/f_auto,q_auto/league/oveivzhzv13jrfvkp8zg",4685201
Tucker Large,PHI,DB,37,Washington State,Washington State; South Dakota State,5-11,183,0,25.1,,,2026,RES,"https://static.www.nfl.com/image/upload/f_auto,q_auto/league/dmz6ddx6fylrcum4afpp",
Ty Robinson,PHI,DL,95,Nebraska,Nebraska,6-5,288,1,25.4,PHI,111,2025,ACT,"https://static.www.nfl.com/image/upload/f_auto,q_auto/league/wzfhauuzpt28giuk4dxt",4569586
Tyler Steen,PHI,OL,56,Alabama,Alabama; Vanderbilt,6-6,321,3,26.3,PHI,65,2023,ACT,"https://static.www.nfl.com/image/upload/f_auto,q_auto/league/vql0qqvuq0eqkaolcqep",
Uar Bernard,PHI,DL,93,,,6-4,306,0,22.0,PHI,251,2026,DEV,"https://static.www.nfl.com/image/upload/f_auto,q_auto/league/xrr9qhsppukv53ilfpkp",5344966
Will Shipley,PHI,RB,28,Clemson,Clemson,5-11,210,2,24.1,PHI,127,2024,ACT,"https://static.www.nfl.com/image/upload/f_auto,q_auto/league/pvpaepncsdfgzdubkuhg",4431545
Willie Lampkin,PHI,OL,61,North Carolina,North Carolina; Coastal Carolina,5-11,290,1,24.7,,,2025,ACT,"https://static.www.nfl.com/image/upload/f_auto,q_auto/league/dvfolbczklyzblzpztct",
Xavier Gipson,PHI,WR,47,Stephen F. Austin State,Stephen F. Austin State,5-9,180,3,25.6,,,2023,DEV,"https://static.www.nfl.com/image/upload/f_auto,q_auto/league/o81mvslx374ouca313mw",4427278
Zach Ertz,PHI,TE,86,Stanford,Stanford,6-5,250,13,35.9,PHI,35,2013,ACT,"https://static.www.nfl.com/image/upload/f_auto,q_auto/league/xktmmeumuoglbuam75iz",15835
Zack Baun,PHI,LB,53,Wisconsin,Wisconsin,6-3,225,6,29.8,NO,74,2020,INA,"https://static.www.nfl.com/image/upload/f_auto,q_auto/league/dhostt4bqph1utq56oxc",3917657
Aaron Rodgers,PIT,QB,8,California,California; Butte College,6-2,225,21,42.9,GB,24,2005,ACT,"https://static.www.nfl.com/image/upload/f_auto,q_auto/league/dypvakakxhccxs67tb0y",8439
Alex Highsmith,PIT,LB,56,Charlotte,Charlotte,6-4,242,6,29.2,PIT,102,2020,ACT,"https://static.www.nfl.com/image/upload/f_auto,q_auto/league/vfi0umrpljsc0cn3vqle",4037333
Asante Samuel Jr.,PIT,DB,22,Florida State,Florida State,5-10,180,5,27.0,LAC,47,2021,ACT,"https://static.www.nfl.com/image/upload/f_auto,q_auto/league/pqualt9wauuhcaop7tqm",4363034
Ben Skowronek,PIT,WR,15,Notre Dame,Notre Dame; Northwestern,6-3,224,5,29.3,LAR,249,2021,ACT,"https://static.www.nfl.com/image/upload/f_auto,q_auto/league/etozk8ja4u8lpjcvvo6l",4035656
Bradyn Swinson,PIT,LB,57,LSU,LSU; Oregon,6-4,255,1,24.3,NE,146,2025,DEV,"https://static.www.nfl.com/image/upload/f_auto,q_auto/league/p1o2oozwlyzyuaomskb9",4431424
Brandin Echols,PIT,DB,26,Kentucky,Kentucky,5-10,178,5,29.0,NYJ,200,2021,ACT,"https://static.www.nfl.com/image/upload/f_auto,q_auto/league/igkzt4tpxbb3lfcbfnzw",4567979
Brandon Johnson,PIT,WR,82,UCF,UCF; Tennessee,6-2,208,4,28.2,,,2022,DEV,"https://static.www.nfl.com/image/upload/f_auto,q_auto/league/pjdx1jdr9snczoeyevli",4035198
Brandon Smith,PIT,WR,87,Iowa,Iowa,6-2,215,5,27.8,,,2021,DEV,"https://static.www.nfl.com/image/upload/f_auto,q_auto/league/h4ezdffu0biwqoxn7bql",4240577
Brock Hoffman,PIT,OL,67,Virginia Tech,Virginia Tech; Coastal Carolina,6-4,318,4,27.3,,,2022,ACT,"https://static.www.nfl.com/image/upload/f_auto,q_auto/league/hiicig3ulzzr8euomzvi",
Cameron Heyward,PIT,DL,97,Ohio State,Ohio State,6-5,295,15,37.4,PIT,31,2011,ACT,"https://static.www.nfl.com/image/upload/f_auto,q_auto/league/vfql05jp29d2pltrlwqz",13977
Cameron Johnston,PIT,P,19,Ohio State,Ohio State,5-11,194,9,34.6,,,2017,ACT,"https://static.www.nfl.com/image/upload/f_auto,q_auto/league/ppcxjnntytozgd78mhzz",3051397
Car'lin Vigers,PIT,DB,42,Louisiana-Monroe,Louisiana-Monroe; Independence Comm. College,6-2,200,1,26.1,,,2025,DEV,"https://static.www.nfl.com/image/upload/f_auto,q_auto/league/qfzzvmakz9ixkjq2mxio",
Carson Bruener,PIT,LB,44,Washington,Washington,6-1,226,1,25.3,PIT,226,2025,ACT,"https://static.www.nfl.com/image/upload/f_auto,q_auto/league/xtklcumklpj2uytkbd6r",4429490
Chris Boswell,PIT,K,9,Rice,Rice,6-2,185,12,35.6,,,2014,ACT,"https://static.www.nfl.com/image/upload/f_auto,q_auto/league/rxbnhvnfjmheuryvdmuf",17372
Christian Kuntz,PIT,LS,46,Duquesne,Duquesne,6-1,228,9,32.5,,,2017,ACT,"https://static.www.nfl.com/image/upload/f_auto,q_auto/league/cg9flp4dh0tjvjoh4vc5",2978524
Cole Burgess,PIT,WR,85,Cortland State Of New York,Cortland State Of New York,6-1,200,2,26.7,,,2024,RES,"https://static.www.nfl.com/image/upload/f_auto,q_auto/league/vlp9c4lmddujjj46gz6p",5192448
Cole Holcomb,PIT,LB,55,North Carolina,North Carolina,6-1,240,7,30.2,WAS,173,2019,ACT,"https://static.www.nfl.com/image/upload/f_auto,q_auto/league/tze6n0gu18n71jassqte",3116689
DK Metcalf,PIT,WR,4,Mississippi,Mississippi,6-4,235,7,28.8,SEA,64,2019,ACT,"https://static.www.nfl.com/image/upload/f_auto,q_auto/league/kxql4sjfelubhxawu2zh",4047650
Daequan Hardy,PIT,DB,31,Penn State,Penn State,5-9,178,2,25.3,BUF,219,2024,RES,"https://static.www.nfl.com/image/upload/f_auto,q_auto/league/ufab4bt7hohj24mzr91v",4429743
Darius Rush,PIT,DB,36,South Carolina,South Carolina,6-2,198,3,26.6,IND,138,2023,DEV,"https://static.www.nfl.com/image/upload/f_auto,q_auto/league/a8wtpczcqafcan19xmfm",4362858
Darnell Washington,PIT,TE,80,Georgia,Georgia,6-7,265,3,25.1,PIT,93,2023,ACT,"https://static.www.nfl.com/image/upload/f_auto,q_auto/league/inwx7uipfktapaump5pj",4430802
Daylen Everette,PIT,DB,23,Georgia,Georgia,6-1,196,0,22.4,PIT,85,2026,ACT,"https://static.www.nfl.com/image/upload/f_auto,q_auto/league/cihcum2yfkzszr6e7icn",4685327
DeShon Elliott,PIT,DB,25,Texas,Texas,6-1,210,8,29.5,BAL,190,2018,RES,"https://static.www.nfl.com/image/upload/f_auto,q_auto/league/hf9qrjvja3ej77feihts",3929846
Derrick Harmon,PIT,DL,99,Oregon,Oregon; Michigan State,6-4,310,1,23.2,PIT,21,2025,ACT,"https://static.www.nfl.com/image/upload/f_auto,q_auto/league/ogsybhwk95emepsiu0my",4682980
Doneiko Slaughter,PIT,DB,40,Arkansas,Arkansas; Tennessee,6-0,190,1,24.9,,,2025,ACT,"https://static.www.nfl.com/image/upload/f_auto,q_auto/league/z2wtosdw9ioeckp4sfo4",4692628
Donte Kent,PIT,DB,34,Central Michigan,Central Michigan,5-10,189,1,25.0,PIT,229,2025,RES,"https://static.www.nfl.com/image/upload/f_auto,q_auto/league/mpa9scrhykgo3snyjmjx",4608004
Doug Nester,PIT,OL,72,West Virginia,West Virginia; Virginia Tech,6-6,306,2,26.2,,,2024,DEV,"https://static.www.nfl.com/image/upload/f_auto,q_auto/league/jpcuavjkhh8b0oe3kor7",
Drew Allar,PIT,QB,16,Penn State,Penn State,6-5,228,0,22.6,PIT,76,2026,INA,"https://static.www.nfl.com/image/upload/f_auto,q_auto/league/sphuqnfrtzwsgeugeycz",4714771
Dylan Cook,PIT,OL,60,Montana,Montana; Northern Montana State University,6-6,305,4,28.7,,,2022,ACT,"https://static.www.nfl.com/image/upload/f_auto,q_auto/league/nj4lwx2zcxnzg6kn3tu5",
Eli Heidenreich,PIT,RB,29,Navy,Navy,6-0,198,0,23.2,PIT,230,2026,INA,"https://static.www.nfl.com/image/upload/f_auto,q_auto/league/jhiyjb8jmjyzehmrrjoy",5081508
Esezi Otomewo,PIT,DL,93,Minnesota,Minnesota,6-5,285,4,27.6,MIN,165,2022,DEV,"https://static.www.nfl.com/image/upload/f_auto,q_auto/league/kebjbuk4q1algng5hf3b",4240759
Gabe Rubio,PIT,DL,96,Notre Dame,Notre Dame,6-5,321,0,23.2,PIT,210,2026,INA,"https://static.www.nfl.com/image/upload/f_auto,q_auto/league/pvqedjkhi9vdrjbrrmcr",
Gennings Dunker,PIT,OL,73,Iowa,Iowa,6-5,319,0,23.4,PIT,96,2026,RES,"https://static.www.nfl.com/image/upload/f_auto,q_auto/league/orewpce9gba4rsx0qnr8",
Germie Bernard,PIT,WR,17,Alabama,Alabama; Washington; Michigan State,6-1,206,0,22.9,PIT,47,2026,ACT,"https://static.www.nfl.com/image/upload/f_auto,q_auto/league/rsbtypbsvxux94vokb5q",4685261
Isaiah Hodgins,PIT,WR,89,Oregon State,Oregon State,6-3,209,6,28.0,BUF,207,2020,DEV,"https://static.www.nfl.com/image/upload/f_auto,q_auto/league/ywbemecs6xa8bsm3h7bb",4242540
Jack Driscoll,PIT,OL,68,Auburn,Auburn; UMass Amherst,6-5,312,6,29.5,PHI,145,2020,RES,"https://static.www.nfl.com/image/upload/f_auto,q_auto/league/dpxtqqekpghx23t7gb4j",
Jack Sawyer,PIT,LB,33,Ohio State,Ohio State,6-4,260,1,24.4,PIT,123,2025,ACT,"https://static.www.nfl.com/image/upload/f_auto,q_auto/league/bsfaucfu7cawckhpr73k",4431590
Jacoby Windmon,PIT,LB,53,Michigan State,Michigan State; UNLV,6-2,250,2,25.1,,,2024,DEV,"https://static.www.nfl.com/image/upload/f_auto,q_auto/league/ejvqgmzpnbiitpype3yt",4428909
Jalen Ramsey,PIT,DB,5,Florida State,Florida State,6-1,208,10,32.0,JAX,5,2016,ACT,"https://static.www.nfl.com/image/upload/f_auto,q_auto/league/pjozgun3xstol72jfoow",3045373
Jamel Dean,PIT,DB,35,Auburn,Auburn; Ohio State,6-1,206,7,30.0,TB,94,2019,ACT,"https://static.www.nfl.com/image/upload/f_auto,q_auto/league/i14xz1t5kffhey7aas39",3873935
Jaquan Brisker,PIT,DB,3,Penn State,Penn State; Lackawanna JC,6-1,202,4,27.5,CHI,48,2022,ACT,"https://static.www.nfl.com/image/upload/f_auto,q_auto/league/ng47khcomgkkfrmelstp",4570044
Jaylen Warren,PIT,RB,30,Oklahoma State,Oklahoma State,5-8,215,4,27.9,,,2022,ACT,"https://static.www.nfl.com/image/upload/f_auto,q_auto/league/dkiteytgnxar1mpaxcxv",4569987
Julius Welschof,PIT,LB,45,Charlotte,Charlotte,6-6,266,2,29.6,,,2024,DEV,"https://static.www.nfl.com/image/upload/f_auto,q_auto/league/lf5uheuobwt4ysekvqvk",
Kaden Wetjen,PIT,WR,10,Iowa,Iowa; Iowa Western CC,5-9,193,0,24.6,PIT,121,2026,ACT,"https://static.www.nfl.com/image/upload/f_auto,q_auto/league/s44clgjdvd1tuslyqimk",5081338
Keeanu Benton,PIT,DL,95,Wisconsin,Wisconsin,6-4,309,3,25.2,PIT,49,2023,ACT,"https://static.www.nfl.com/image/upload/f_auto,q_auto/league/gmc2bdwzpvi0bkklmpjw",4426694
Kevin Jobity Jr.,PIT,DL,92,Syracuse,Syracuse,6-4,300,0,23.0,,,2026,INA,"https://static.www.nfl.com/image/upload/f_auto,q_auto/league/frofsca3oys8er9sm1jo",
Kyler Baugh,PIT,DL,65,Minnesota,Minnesota; Houston Christian University,6-2,295,2,24.9,,,2024,DEV,"https://static.www.nfl.com/image/upload/f_auto,q_auto/league/eudnrort6lravlzivtxo",
Lake McRee,PIT,TE,81,USC,USC,6-4,250,0,24.1,,,2026,DEV,"https://static.www.nfl.com/image/upload/f_auto,q_auto/league/z44mxfva1mljsixo7c2l",
Lew Nichols III,PIT,RB,31,Central Michigan,Central Michigan,5-10,222,3,25.1,GB,235,2023,ACT,"https://static.www.nfl.com/image/upload/f_auto,q_auto/league/plqg1yngo8vvs8ths7aw",4428119
Logan Lee,PIT,DL,91,Iowa,Iowa,6-5,291,2,26.3,PIT,178,2024,RES,"https://static.www.nfl.com/image/upload/f_auto,q_auto/league/py0b0ngp7hcrt4asr9fr",4569474
Mason McCormick,PIT,OL,66,South Dakota State,South Dakota State,6-5,315,2,26.4,PIT,119,2024,ACT,"https://static.www.nfl.com/image/upload/f_auto,q_auto/league/n1uswojof42rbcsvdcld",
Mason Rudolph,PIT,QB,2,Oklahoma State,Oklahoma State,6-5,235,8,31.2,PIT,76,2018,ACT,"https://static.www.nfl.com/image/upload/f_auto,q_auto/league/oadtxde6hxz1jgrs618o",3116407
Max Hurleman,PIT,WR,84,Notre Dame,Notre Dame; Colgate,5-11,202,1,25.0,,,2025,DEV,"https://static.www.nfl.com/image/upload/f_auto,q_auto/league/axybwbw7inp1vu7xxf0t",
Max Iheanachor,PIT,OL,71,Arizona State,Arizona State,6-6,321,0,23.0,PIT,21,2026,ACT,"https://static.www.nfl.com/image/upload/f_auto,q_auto/league/jwaks17icukbwjeshhnf",
Michael Pittman,PIT,WR,11,USC,USC,6-4,220,6,29.0,IND,34,2020,ACT,"https://static.www.nfl.com/image/upload/f_auto,q_auto/league/q1ythn05kwcmdr4mwzll",4035687
Nick Herbig,PIT,LB,51,Wisconsin,Wisconsin,6-2,240,3,24.9,PIT,132,2023,ACT,"https://static.www.nfl.com/image/upload/f_auto,q_auto/league/ox9fpvzppbe9uyqvnp2q",4429164
Pat Freiermuth,PIT,TE,88,Penn State,Penn State,6-5,258,5,28.0,PIT,55,2021,ACT,"https://static.www.nfl.com/image/upload/f_auto,q_auto/league/pyrdsypgggjshiaygkr7",4361411
Patrick Queen,PIT,LB,6,LSU,LSU,6-0,227,6,27.2,BAL,28,2020,ACT,"https://static.www.nfl.com/image/upload/f_auto,q_auto/league/hvbmd1y24q3eoky2jl8i",4242207
Payton Wilson,PIT,LB,41,N.C. State,N.C. State,6-4,242,2,26.5,PIT,98,2024,ACT,"https://static.www.nfl.com/image/upload/f_auto,q_auto/league/zgvgobg9xpibsa2sofyw",4361652
Rayshawn Jenkins,PIT,DB,20,Miami,Miami,6-1,220,9,32.7,LAC,113,2017,ACT,"https://static.www.nfl.com/image/upload/f_auto,q_auto/league/e3tppqrhd6bpipfn2k4z",2969961
Rico Dowdle,PIT,RB,13,South Carolina,South Carolina,5-11,215,6,28.3,,,2020,INA,"https://static.www.nfl.com/image/upload/f_auto,q_auto/league/mx2bxccuzmdvzbksypws",4038815
Riley Nowakowski,PIT,RB,37,Indiana,Indiana; Wisconsin,6-2,250,0,24.3,PIT,169,2026,ACT,"https://static.www.nfl.com/image/upload/f_auto,q_auto/league/nhyd8plaetjoosbq1btb",4693370
Robert Spears-Jennings,PIT,DB,28,Oklahoma,Oklahoma,6-1,205,0,22.7,PIT,224,2026,ACT,"https://static.www.nfl.com/image/upload/f_auto,q_auto/league/e0h7triczbebvcoqdgnx",4820584
Robert Tonyan,PIT,TE,85,Indiana State,Indiana State,6-5,237,9,32.4,,,2017,ACT,"https://static.www.nfl.com/image/upload/f_auto,q_auto/league/m8h8rzmxq4sjywitqnyb",2975674
Roman Wilson,PIT,WR,14,Michigan,Michigan,6-0,192,2,25.3,PIT,84,2024,ACT,"https://static.www.nfl.com/image/upload/f_auto,q_auto/league/xuhjoscmhmmsutbvfmrs",4431492
Ryan McCollum,PIT,OL,62,Texas A&M,Texas A&M,6-5,300,5,28.6,,,2021,ACT,"https://static.www.nfl.com/image/upload/f_auto,q_auto/league/xcq2izkd1ulmlwgiefv3",
Sebastian Castro,PIT,DB,49,Iowa,Iowa,5-11,203,1,26.0,,,2025,DEV,"https://static.www.nfl.com/image/upload/f_auto,q_auto/league/df4sh5ddoseg7d5bbl6q",4426882
Sebastian Joseph-Day,PIT,DL,69,Rutgers,Rutgers,6-4,310,8,31.6,LAR,195,2018,ACT,"https://static.www.nfl.com/image/upload/f_auto,q_auto/league/y9ic1jqwhgcy75hdnptt",3047495
Spencer Anderson,PIT,OL,74,Maryland,Maryland,6-5,305,3,26.3,PIT,251,2023,ACT,"https://static.www.nfl.com/image/upload/f_auto,q_auto/league/gtpey4tnh0dkqjlux3gz",
Steven Jones,PIT,OL,79,Oregon,Oregon,6-5,340,2,26.1,,,2024,DEV,"https://static.www.nfl.com/image/upload/f_auto,q_auto/league/ahielgnveyyymgeql5gp",
T.J. Watt,PIT,LB,90,Wisconsin,Wisconsin,6-4,252,9,32.0,PIT,30,2017,ACT,"https://static.www.nfl.com/image/upload/f_auto,q_auto/league/aywegy4gpj1d32vrl67u",3045282
Travis Homer,PIT,RB,21,Miami,Miami,5-10,211,7,28.2,SEA,204,2019,ACT,"https://static.www.nfl.com/image/upload/f_auto,q_auto/league/dyyclvfaagspov2ydf3i",4037457
Troy Fautanu,PIT,OL,76,Washington,Washington,6-4,317,2,26.0,PIT,20,2024,ACT,"https://static.www.nfl.com/image/upload/f_auto,q_auto/league/zdtvqdenhcfetm9tpmwh",
Will Howard,PIT,QB,18,Ohio State,Ohio State; Kansas State,6-4,235,1,25.0,PIT,185,2025,INA,"https://static.www.nfl.com/image/upload/f_auto,q_auto/league/wzt7xj9ownxfit5igpcd",4429955
Yahya Black,PIT,DL,94,Iowa,Iowa,6-5,330,1,24.5,PIT,164,2025,ACT,"https://static.www.nfl.com/image/upload/f_auto,q_auto/league/ndy8wevnmpdrin3espb5",4430947
Zach Frazier,PIT,OL,54,West Virginia,West Virginia,6-3,310,2,25.1,PIT,51,2024,ACT,"https://static.www.nfl.com/image/upload/f_auto,q_auto/league/fsycb8xgssegoyy1rrrv",
AJ Barner,SEA,TE,88,Michigan,Michigan; Indiana,6-6,251,2,24.4,SEA,121,2024,ACT,"https://static.www.nfl.com/image/upload/f_auto,q_auto/league/i0esiguve9if4ts5mm1q",4576297
AJ Finley,SEA,DB,30,Mississippi,Mississippi,6-2,205,3,25.1,,,2023,ACT,"https://static.www.nfl.com/image/upload/f_auto,q_auto/league/zqvnq3t2f3ayg5rnmzld",4427190
Abraham Lucas,SEA,OL,72,Washington State,Washington State,6-6,319,4,28.0,SEA,72,2022,ACT,"https://static.www.nfl.com/image/upload/f_auto,q_auto/league/uuarey3oymnwrxezyp4d",
Aidan Hubbard,SEA,LB,93,Northwestern,Northwestern,6-4,260,0,23.6,,,2026,DEV,"https://static.www.nfl.com/image/upload/f_auto,q_auto/league/ecvtetyglqvbszmuikfa",
Andre Fuller,SEA,DB,35,Toledo,Toledo; University of Arkansas at Pine Bluff,6-1,200,0,24.5,SEA,236,2026,DEV,"https://static.www.nfl.com/image/upload/f_auto,q_auto/league/lprcggybtxynzqqodh2h",4693934
Anthony Bradford,SEA,OL,75,LSU,LSU,6-4,335,3,25.4,SEA,108,2023,RES,"https://static.www.nfl.com/image/upload/f_auto,q_auto/league/g2bf69loozhlnsfoxsjv",
Avery Smith,SEA,DB,27,Toledo,Toledo,5-11,196,0,22.3,,,2026,INA,"https://static.www.nfl.com/image/upload/f_auto,q_auto/league/o6hgu7dqu1cr50mooybp",5082331
Beau Stephens,SEA,OL,70,Iowa,Iowa,6-5,315,0,23.9,SEA,148,2026,ACT,"https://static.www.nfl.com/image/upload/f_auto,q_auto/league/zdtaxq8qwchw3dscp1z0",
Bobby Hart,SEA,OL,68,Florida State,Florida State,6-5,310,11,32.1,NYG,226,2015,DEV,"https://static.www.nfl.com/image/upload/f_auto,q_auto/league/uqobnujagdsizf4lngbp",
Brady Russell,SEA,RB,38,Colorado,Colorado,6-3,250,3,28.1,,,2023,ACT,"https://static.www.nfl.com/image/upload/f_auto,q_auto/league/vfz3osmr3fgeoyu5us80",4243176
Brandon Pili,SEA,DL,95,USC,USC,6-3,334,3,27.5,,,2023,INA,"https://static.www.nfl.com/image/upload/f_auto,q_auto/league/qf0sxvyhghxygeocgob1",4259651
Bud Clark,SEA,DB,9,TCU,TCU,6-1,188,0,24.4,SEA,64,2026,RES,"https://static.www.nfl.com/image/upload/f_auto,q_auto/league/l1kul40tgcpyox07cbaa",4430262
Byron Murphy II,SEA,DL,91,Texas,Texas,6-0,308,2,24.1,SEA,16,2024,ACT,"https://static.www.nfl.com/image/upload/f_auto,q_auto/league/xeq70yetr8qznbkjjiye",4570040
Charles Cross,SEA,OL,67,Mississippi State,Mississippi State,6-5,317,4,25.9,SEA,9,2022,ACT,"https://static.www.nfl.com/image/upload/f_auto,q_auto/league/bfihltadsoacis5cqin8",
Chazz Surratt,SEA,LB,44,North Carolina,North Carolina,6-2,233,5,29.6,MIN,78,2021,INA,"https://static.www.nfl.com/image/upload/f_auto,q_auto/league/l01b7cc2rfwfkigdhzvg",4037521
Chris Stoll,SEA,LS,41,Penn State,Penn State,6-2,255,3,28.2,,,2023,ACT,"https://static.www.nfl.com/image/upload/f_auto,q_auto/league/oyqbh2n0msfbnzqvzfpu",
Christian Haynes,SEA,OL,64,Connecticut,Connecticut,6-3,317,2,26.5,SEA,81,2024,ACT,"https://static.www.nfl.com/image/upload/f_auto,q_auto/league/ylzxtjxkmtlseqhaghp6",
Connor O'Toole,SEA,LB,57,Utah,Utah,6-3,248,1,24.1,,,2025,ACT,"https://static.www.nfl.com/image/upload/f_auto,q_auto/league/fvrgej9ifncdq5ywexos",4605491
Cooper Kupp,SEA,WR,10,Eastern Washington,Eastern Washington,6-2,208,9,33.3,LAR,69,2017,ACT,"https://static.www.nfl.com/image/upload/f_auto,q_auto/league/kjixprihktsfog6wx9sq",2977187
D'Anthony Bell,SEA,DB,34,University of West Florida,University of West Florida,6-1,211,4,30.0,,,2022,CUT,"https://static.www.nfl.com/image/upload/f_auto,q_auto/league/ckont3gxmlaebwbbkplr",4608386
Dante Fowler Jr.,SEA,LB,56,Florida,Florida,6-3,264,11,32.2,JAX,3,2015,ACT,"https://static.www.nfl.com/image/upload/f_auto,q_auto/league/cp6ao2rf9siswpzctpt9",2980100
DeMarcus Lawrence,SEA,LB,0,Boise State,Boise State; Butler County JC,6-3,254,12,34.4,DAL,34,2014,ACT,"https://static.www.nfl.com/image/upload/f_auto,q_auto/league/yo0w88bzr0s9qrnmadeq",16802
Derick Hall,SEA,LB,58,Auburn,Auburn,6-3,260,3,25.6,SEA,37,2023,ACT,"https://static.www.nfl.com/image/upload/f_auto,q_auto/league/pblbd65bo6myp030qbes",4567226
Deven Eastern,SEA,DL,97,Minnesota,Minnesota,6-6,320,0,23.5,SEA,242,2026,DEV,"https://static.www.nfl.com/image/upload/f_auto,q_auto/league/smzollvmlmiaoi9mhh6v",4609203
Devon Witherspoon,SEA,DB,21,Illinois,Illinois,6-0,185,3,25.8,SEA,5,2023,ACT,"https://static.www.nfl.com/image/upload/f_auto,q_auto/league/po6rkbe4pjei7hycg2nu",4575431
Drake Thomas,SEA,LB,32,N.C. State,N.C. State,5-11,228,3,26.6,,,2023,ACT,"https://static.www.nfl.com/image/upload/f_auto,q_auto/league/rmsrwh97imnsmq3lw1xm",4428659
Drew Lock,SEA,QB,2,Missouri,Missouri,6-4,228,7,29.9,DEN,42,2019,ACT,"https://static.www.nfl.com/image/upload/f_auto,q_auto/league/vdixnkk1uglfpwowalf8",3924327
Elijah Arroyo,SEA,TE,18,Miami,Miami,6-5,254,1,23.5,SEA,50,2025,ACT,"https://static.www.nfl.com/image/upload/f_auto,q_auto/league/m5rdyemjoxl4cuz9yun8",4678006
Emanuel Wilson,SEA,RB,23,Fort Valley State College,Fort Valley State College,5-10,226,3,27.4,,,2023,ACT,"https://static.www.nfl.com/image/upload/f_auto,q_auto/league/uorruvczsxzvffpbxu8z",4887558
Emmanuel Henderson Jr.,SEA,WR,84,Kansas,Kansas; Alabama,6-1,185,0,23.6,SEA,199,2026,DEV,"https://static.www.nfl.com/image/upload/f_auto,q_auto/league/eje0zmvfl2fetzvpsl6c",4685381
Eric Saubert,SEA,TE,81,Drake,Drake,6-5,248,9,32.4,ATL,174,2017,ACT,"https://static.www.nfl.com/image/upload/f_auto,q_auto/league/czzieyox5rht6ae3g5tx",2975863
Ernest Jones,SEA,LB,13,South Carolina,South Carolina,6-2,230,5,26.9,LAR,103,2021,ACT,"https://static.www.nfl.com/image/upload/f_auto,q_auto/league/zn0pz6okty7vbj5ryryt",4362851
Evan Beerntsen,SEA,OL,60,Northwestern,Northwestern; South Dakota State,6-4,301,0,26.1,BAL,253,2026,DEV,"https://static.www.nfl.com/image/upload/f_auto,q_auto/league/gwesa6kw92moff0mxp3i",
Federico Maranges,SEA,OL,62,Florida Atlantic,Florida Atlantic,6-3,300,1,25.0,,,2025,DEV,"https://static.www.nfl.com/image/upload/f_auto,q_auto/league/inusdinp7cv7fcdctdkb",
Gary Smith III,SEA,DL,75,UCLA,UCLA; Duke,6-2,319,0,24.9,,,2026,DEV,"https://static.www.nfl.com/image/upload/f_auto,q_auto/league/pg1gxclnnavdtd7s8cgs",
George Holani,SEA,RB,36,Boise State,Boise State,5-10,210,2,26.8,,,2024,ACT,"https://static.www.nfl.com/image/upload/f_auto,q_auto/league/pgwvv5qhcmnwf3tomy1a",4429835
Grey Zabel,SEA,OL,76,North Dakota State,North Dakota State,6-6,316,1,24.5,SEA,18,2025,ACT,"https://static.www.nfl.com/image/upload/f_auto,q_auto/league/ttuahecuymewba9naaql",
Irvin Charles,SEA,WR,85,"Indiana PA,  University of","Indiana PA,  University of; Penn State",6-4,219,4,29.5,,,2022,RES,"https://static.www.nfl.com/image/upload/f_auto,q_auto/league/heeyyjyf5prqas5tmwvk",3929636
Jacardia Wright,SEA,RB,31,Missouri State,Missouri State; Kansas State,6-0,220,1,26.0,,,2025,DEV,"https://static.www.nfl.com/image/upload/f_auto,q_auto/league/tp3d97gujpw7fkvn7gno",4428943
Jadarian Price,SEA,RB,8,Notre Dame,Notre Dame,5-11,209,0,23.0,SEA,32,2026,RES,"https://static.www.nfl.com/image/upload/f_auto,q_auto/league/toy90i08oumgbdlvctja",4685512
Jake Bobo,SEA,WR,19,UCLA,UCLA; Duke,6-4,211,3,28.2,,,2023,RES,"https://static.www.nfl.com/image/upload/f_auto,q_auto/league/esyfp5hwdtepk2ypsru4",4360405
Jalen Milroe,SEA,QB,6,Alabama,Alabama,6-2,216,1,23.8,SEA,92,2025,INA,"https://static.www.nfl.com/image/upload/f_auto,q_auto/league/hohqoqpdyquxn1sr1fm2",4432734
Jalen Sundell,SEA,OL,61,North Dakota State,North Dakota State,6-5,300,2,27.0,,,2024,ACT,"https://static.www.nfl.com/image/upload/f_auto,q_auto/league/egojfsvdjkcu1tabsxbt",
Jarran Reed,SEA,DL,90,Alabama,Alabama; East Mississippi JC,6-3,315,10,33.8,SEA,49,2016,ACT,"https://static.www.nfl.com/image/upload/f_auto,q_auto/league/td7umxhgwkswls8rutk0",3115312
Jason Myers,SEA,K,5,Marist,Marist,5-10,190,11,35.4,,,2015,ACT,"https://static.www.nfl.com/image/upload/f_auto,q_auto/league/zcd7q9loflr0t5bsvzig",2473037
Jaxon Smith-Njigba,SEA,WR,11,Ohio State,Ohio State,6-0,198,3,24.6,SEA,20,2023,ACT,"https://static.www.nfl.com/image/upload/f_auto,q_auto/league/yx1xjrupbqdknnjaq4a6",4430878
Jimmy Ciarlo,SEA,LB,46,Army,Army,6-2,225,2,25.6,,,2024,DEV,"https://static.www.nfl.com/image/upload/f_auto,q_auto/league/t0hjumfjcgkggvfe2rbp",
Josh Jobe,SEA,DB,29,Alabama,Alabama,5-11,189,4,28.5,,,2022,ACT,"https://static.www.nfl.com/image/upload/f_auto,q_auto/league/df0ybhz5czunkbhgdefc",4372020
Josh Jones,SEA,OL,74,Houston,Houston,6-7,339,6,29.3,AZ,72,2020,ACT,"https://static.www.nfl.com/image/upload/f_auto,q_auto/league/c5c4iuvcmlc7xrl8vp63",
Julian Hicks,SEA,WR,82,Albany,Albany; Akron; Central Michigan,6-2,201,2,27.0,,,2024,CUT,"https://static.www.nfl.com/image/upload/f_auto,q_auto/league/knvt0zhyvozokeadswgf",
Julian Love,SEA,DB,20,Notre Dame,Notre Dame,5-11,193,7,28.6,NYG,108,2019,ACT,"https://static.www.nfl.com/image/upload/f_auto,q_auto/league/l2tncxut7ssqo0ilamxq",4046675
Julian Neal,SEA,DB,1,Arkansas,Arkansas; Fresno State,6-2,203,0,23.7,SEA,99,2026,ACT,"https://static.www.nfl.com/image/upload/f_auto,q_auto/league/izqce9eijr3fgtuhifbp",4684543
Leonard Williams,SEA,DL,99,USC,USC,6-5,310,11,32.3,NYJ,6,2015,ACT,"https://static.www.nfl.com/image/upload/f_auto,q_auto/league/jhaogtinjeyrwbjsvbl4",2971622
Logan Brown,SEA,OL,73,Kansas,Kansas; Wisconsin,6-6,315,1,25.5,,,2025,DEV,"https://static.www.nfl.com/image/upload/f_auto,q_auto/league/lebjztgitjbfjryhkcu1",
Malick Meiga,SEA,WR,83,Coastal Carolina,Coastal Carolina; Penn State,6-4,201,0,25.5,,,2026,DEV,"https://static.www.nfl.com/image/upload/f_auto,q_auto/league/apgmlcxyj2cngrcwkbno",
Mason Richman,SEA,OL,78,Iowa,Iowa,6-5,310,1,24.4,SEA,234,2025,RES,"https://static.www.nfl.com/image/upload/f_auto,q_auto/league/m8ihmpvqxsn2d7nfmrkb",
Maxen Hook,SEA,DB,43,Toledo,Toledo,6-0,205,1,25.1,,,2025,ACT,"https://static.www.nfl.com/image/upload/f_auto,q_auto/league/jsp0hmkbpzpc5emdgfgf",
Michael Dansby,SEA,DB,37,Arizona,Arizona; San Jose State,5-11,185,0,22.2,SEA,255,2026,DEV,"https://static.www.nfl.com/image/upload/f_auto,q_auto/league/oxlhvcgepqjwzulh7yvz",2094390
Michael Dickson,SEA,P,4,Texas,Texas,6-2,208,8,30.8,SEA,149,2018,ACT,"https://static.www.nfl.com/image/upload/f_auto,q_auto/league/apjm64xahlm5hjmoxul7",3929851
Mike Morris,SEA,DL,94,Michigan,Michigan,6-6,306,3,25.5,SEA,151,2023,ACT,"https://static.www.nfl.com/image/upload/f_auto,q_auto/league/m1zqwqvge656lwucmx5h",4572055
Montorie Foster Jr,SEA,WR,87,Michigan State,Michigan State,5-11,186,1,25.2,,,2025,INA,"https://static.www.nfl.com/image/upload/f_auto,q_auto/league/qkyl0pfhi4pmzdtodu9k",4600597
Nehemiah Pritchett,SEA,DB,28,Auburn,Auburn,6-0,190,2,25.7,SEA,136,2024,ACT,"https://static.www.nfl.com/image/upload/f_auto,q_auto/league/zxtribbeeejhqlt43dmj",4567222
Nick Emmanwori,SEA,DB,3,South Carolina,South Carolina,6-3,220,1,22.7,SEA,35,2025,ACT,"https://static.www.nfl.com/image/upload/f_auto,q_auto/league/pmy1sehsvo596a7si0i0",4869523
Nick Kallerup,SEA,TE,89,Minnesota,Minnesota,6-5,266,1,25.5,,,2025,INA,"https://static.www.nfl.com/image/upload/f_auto,q_auto/league/eetx8ba2ztsmk9wabbzp",4569547
Olu Oluwatimi,SEA,OL,55,Michigan,Michigan; Virginia,6-3,307,3,27.2,SEA,154,2023,ACT,"https://static.www.nfl.com/image/upload/f_auto,q_auto/league/lwz6dcsfrwdlxeprtinn",
Patrick O'Connell,SEA,LB,52,Montana,Montana,6-1,230,3,27.8,,,2023,ACT,"https://static.www.nfl.com/image/upload/f_auto,q_auto/league/s5wok0ocqr8yc86xhucm",4364623
Rashid Shaheed,SEA,WR,22,Weber State,Weber State,6-0,180,4,28.1,,,2022,ACT,"https://static.www.nfl.com/image/upload/f_auto,q_auto/league/ku2naisfbxmzgagxojnm",4032473
Ricky White III,SEA,WR,86,UNLV,UNLV; Michigan State,6-1,184,1,24.7,SEA,238,2025,DEV,"https://static.www.nfl.com/image/upload/f_auto,q_auto/league/sgtcxvsg5m0s6rdizjfb",4431479
Robbie Ouzts,SEA,RB,40,Alabama,Alabama,6-3,274,1,24.1,SEA,175,2025,RES,"https://static.www.nfl.com/image/upload/f_auto,q_auto/league/kdykjwqk5xcnrfbtp47o",4691688
Rodney Thomas,SEA,DB,24,Yale,Yale,6-1,196,4,28.3,IND,239,2022,ACT,"https://static.www.nfl.com/image/upload/f_auto,q_auto/league/rmch7ilcol08gczhpwp6",4248455
Rylie Mills,SEA,DL,98,Notre Dame,Notre Dame,6-5,295,1,25.1,SEA,142,2025,ACT,"https://static.www.nfl.com/image/upload/f_auto,q_auto/league/st6tr9jhr7kn6apkycp3",4430838
Sam Darnold,SEA,QB,14,USC,USC,6-3,225,8,29.3,NYJ,3,2018,ACT,"https://static.www.nfl.com/image/upload/f_auto,q_auto/league/fyay8vruj0cqmhopufzk",3912547
Terrion Arnold,SEA,DB,17,Alabama,Alabama,6-0,196,2,23.5,DET,24,2024,EXE,"https://static.www.nfl.com/image/upload/f_auto,q_auto/league/h3rbtalyoblh2szat9qc",4592837
Tory Horton,SEA,WR,15,Colorado State,Colorado State; Nevada,6-2,196,1,23.9,SEA,166,2025,ACT,"https://static.www.nfl.com/image/upload/f_auto,q_auto/league/lmsun4qzmk1rkgt4kw76",4597703
Trevon Diggs,SEA,DB,16,Alabama,Alabama,6-1,203,6,28.0,DAL,51,2020,ACT,"https://static.www.nfl.com/image/upload/f_auto,q_auto/league/ktdcor3rnkwpgehtwldn",4040966
Ty Okada,SEA,DB,39,Montana State,Montana State,5-11,200,3,27.3,,,2023,INA,"https://static.www.nfl.com/image/upload/f_auto,q_auto/league/dpnc6udwdhtrsq898nec",4247808
Tyrice Knight,SEA,LB,48,Texas-El Paso,Texas-El Paso; Independence Comm. College,6-0,235,2,26.8,SEA,118,2024,ACT,"https://static.www.nfl.com/image/upload/f_auto,q_auto/league/xqi0rvphhoj5tca0wod2",4686540
Uchenna Nwosu,SEA,LB,7,USC,USC,6-2,265,8,29.8,LAC,48,2018,ACT,"https://static.www.nfl.com/image/upload/f_auto,q_auto/league/eovri4ccfixdbtikxbyg",3120358
Uso Seumalo,SEA,DL,92,Kansas State,Kansas State; Garden City CC,6-3,340,0,24.4,,,2026,CUT,"https://static.www.nfl.com/image/upload/f_auto,q_auto/league/orfcyc0to5mxcxkc86d6",
Velus Jones Jr.,SEA,RB,33,Tennessee,Tennessee; USC,6-0,204,4,29.4,CHI,71,2022,ACT,"https://static.www.nfl.com/image/upload/f_auto,q_auto/league/d4y5fxivhcxk34q7stpb",4035693
Zach Charbonnet,SEA,RB,26,UCLA,UCLA; Michigan,6-1,220,3,25.7,SEA,52,2023,RES,"https://static.www.nfl.com/image/upload/f_auto,q_auto/league/cuuyog0lpxfaj0y0huvp",4426385
Alfred Collins,SF,DL,95,Texas,Texas,6-5,332,1,25.0,SF,43,2025,RES,"https://static.www.nfl.com/image/upload/f_auto,q_auto/league/m3gpcjsylxoysk9m9n7w",4430835
Andrew Farmer II,SF,LB,50,Lane College,Lane College,6-4,250,3,26.5,,,2023,RES,"https://static.www.nfl.com/image/upload/f_auto,q_auto/league/wscfjolhvndwj8zemf81",4394894
Ashtyn Davis,SF,DB,24,California,California,6-1,205,6,30.0,NYJ,68,2020,ACT,"https://static.www.nfl.com/image/upload/f_auto,q_auto/league/e0ppdz8rxegnsmgkj31q",3858271
Austen Pleasants,SF,OL,62,Ohio,Ohio,6-7,330,6,29.1,,,2020,RES,"https://static.www.nfl.com/image/upload/f_auto,q_auto/league/smhaysadli3ersrjufft",
Brandin Cooks,SF,WR,84,Oregon State,Oregon State,5-10,183,12,33.0,NO,20,2014,ACT,"https://static.www.nfl.com/image/upload/f_auto,q_auto/league/krz3gv9jjs92arlctvqf",16731
Brandon Codrington,SF,DB,17,North Carolina Central,North Carolina Central,5-9,185,2,25.9,,,2024,DEV,"https://static.www.nfl.com/image/upload/f_auto,q_auto/league/icpo89rrbnus0apxhezm",4576069
Brayden Willis,SF,TE,9,Oklahoma,Oklahoma,6-4,240,3,26.9,SF,247,2023,ACT,"https://static.www.nfl.com/image/upload/f_auto,q_auto/league/sdifjifrgrvunhiigdub",4360290
Brett Toth,SF,OL,78,Army,Army,6-6,304,7,30.1,,,2019,RES,"https://static.www.nfl.com/image/upload/f_auto,q_auto/league/yre7lmnvlmd2mj9sijiu",
Brock Purdy,SF,QB,13,Iowa State,Iowa State,6-1,220,4,26.8,SF,262,2022,ACT,"https://static.www.nfl.com/image/upload/f_auto,q_auto/league/xs2fyj1sqdgwvt9ihbri",4361741
C.J. West,SF,DL,99,Indiana,Indiana; Kent State,6-1,316,1,24.3,SF,113,2025,RES,"https://static.www.nfl.com/image/upload/f_auto,q_auto/league/tf5wceyqvcyapj2owfcm",4686308
Carver Willis,SF,OL,74,Washington,Washington; Kansas State,6-5,303,0,24.5,SF,127,2026,ACT,"https://static.www.nfl.com/image/upload/f_auto,q_auto/league/xxgctbtrfu8cbihjwgii",
Christian Kirk,SF,WR,3,Texas A&M,Texas A&M,5-11,200,8,29.9,AZ,47,2018,RES,"https://static.www.nfl.com/image/upload/f_auto,q_auto/league/ffp75mtwnqgrv0qz0txz",3895856
Christian McCaffrey,SF,RB,23,Stanford,Stanford,5-11,210,9,30.3,CAR,8,2017,ACT,"https://static.www.nfl.com/image/upload/f_auto,q_auto/league/st82s2ytyzanatcmkqck",3117251
Colton McKivitz,SF,OL,68,West Virginia,West Virginia,6-6,301,6,30.2,SF,153,2020,ACT,"https://static.www.nfl.com/image/upload/f_auto,q_auto/league/yjgfoh7lfrutn795jtxq",
Connor Colby,SF,OL,75,Iowa,Iowa,6-5,310,1,23.7,SF,249,2025,ACT,"https://static.www.nfl.com/image/upload/f_auto,q_auto/league/dazpyka1tbihu0gobwgw",
Corliss Waitman,SF,P,15,South Alabama,South Alabama,6-2,210,6,31.2,,,2020,ACT,"https://static.www.nfl.com/image/upload/f_auto,q_auto/league/tob4qaxxwhpmnalutnk8",3125280
Dante Pettis,SF,WR,87,Washington,Washington,6-2,195,8,31.0,SF,44,2018,DEV,"https://static.www.nfl.com/image/upload/f_auto,q_auto/league/xz70t2ahl2ak2q9mqtia",3127306
Darrick Forrest,SF,DB,29,Cincinnati,Cincinnati,5-11,200,5,27.4,WAS,163,2021,RES,"https://static.www.nfl.com/image/upload/f_auto,q_auto/league/kewtqnt8zc9xtxvlhdq9",4239088
De'Zhaun Stribling,SF,WR,7,Mississippi,Mississippi; Oklahoma State; Washington State,6-2,207,0,23.8,SF,33,2026,RES,"https://static.www.nfl.com/image/upload/f_auto,q_auto/league/eu1nxtlztiwr5ko48iwz",4710714
Deebo Samuel Sr.,SF,WR,19,South Carolina,South Carolina,6-0,214,7,30.7,SF,36,2019,ACT,"https://static.www.nfl.com/image/upload/f_auto,q_auto/league/ntgyhqg6hq7fanhhsqiw",3126486
Demarcus Robinson,SF,WR,11,Florida,Florida,6-1,203,10,32.0,KC,126,2016,RES,"https://static.www.nfl.com/image/upload/f_auto,q_auto/league/cokassoz2z7hb4wk2krh",3043116
Deommodore Lenoir,SF,DB,2,Oregon,Oregon,5-10,202,5,27.0,SF,172,2021,ACT,"https://static.www.nfl.com/image/upload/f_auto,q_auto/league/ozfx4033owzfliip24v2",4242488
Dominick Puni,SF,OL,77,Kansas,Kansas; Central Missouri,6-5,313,2,26.6,SF,86,2024,ACT,"https://static.www.nfl.com/image/upload/f_auto,q_auto/league/xwahfywaifoc9kaez6lk",
Drake Nugent,SF,OL,66,Michigan,Michigan; Stanford,6-1,301,2,25.7,,,2024,DEV,"https://static.www.nfl.com/image/upload/f_auto,q_auto/league/u99x48ow2ilnlmby8tb4",
Dre Greenlaw,SF,LB,57,Arkansas,Arkansas,6-0,230,7,29.4,SF,148,2019,ACT,"https://static.www.nfl.com/image/upload/f_auto,q_auto/league/jtvcc2vtczop90dkl4wd",3916903
Eddy Pineiro,SF,K,18,Florida,Florida,5-11,190,8,31.1,,,2018,ACT,"https://static.www.nfl.com/image/upload/f_auto,q_auto/league/v3vtl2t4dfzkueanjfwc",4034949
Enrique Cruz Jr.,SF,OL,69,Kansas,Kansas,6-5,313,0,23.2,SF,179,2026,INA,"https://static.www.nfl.com/image/upload/f_auto,q_auto/league/ti1hdlmlireeudbqmhaq",
Ephesians Prysock,SF,DB,28,Washington,Washington; Arizona,6-4,196,0,23.6,SF,139,2026,INA,"https://static.www.nfl.com/image/upload/f_auto,q_auto/league/ywyqg8kadbaxy6fezyvv",4685523
Foster Sarell,SF,OL,70,Stanford,Stanford,6-6,315,5,28.1,,,2021,DEV,"https://static.www.nfl.com/image/upload/f_auto,q_auto/league/pspk0gr0uikkrspmdd8f",
Fred Warner,SF,LB,54,BYU,BYU,6-3,230,8,29.9,SF,70,2018,ACT,"https://static.www.nfl.com/image/upload/f_auto,q_auto/league/zmse3qgt0x2mqiuiuiu7",3138826
Garret Wallow,SF,LB,49,TCU,TCU,6-2,230,5,27.7,HOU,170,2021,ACT,"https://static.www.nfl.com/image/upload/f_auto,q_auto/league/swmlsjwctjetibjmhqxs",4241807
George Kittle,SF,TE,85,Iowa,Iowa,6-4,250,9,33.0,SF,146,2017,ACT,"https://static.www.nfl.com/image/upload/f_auto,q_auto/league/vkicdglglkyukgyxtmpx",3040151
Gracen Halton,SF,DL,93,Oklahoma,Oklahoma,6-3,293,0,22.7,SF,107,2026,ACT,"https://static.www.nfl.com/image/upload/f_auto,q_auto/league/kgidfvowkezba4g4nig8",4685369
Isaac Alarcon,SF,OL,67,,,6-7,320,6,28.2,,,2020,DEV,"https://static.www.nfl.com/image/upload/f_auto,q_auto/league/tf80dmb1inreek7ijguw",
Isaac Guerendo,SF,RB,31,Louisville,Louisville; Wisconsin,6-0,221,2,26.3,SF,129,2024,RES,"https://static.www.nfl.com/image/upload/f_auto,q_auto/league/uy1bdu0dokosyzl4ohmi",4372561
Jack Jones,SF,DB,25,Arizona State,Arizona State,5-11,175,4,28.8,NE,121,2022,ACT,"https://static.www.nfl.com/image/upload/f_auto,q_auto/v1787861967/league/ah12ltwvgwl9few2ktqj",4035686
Jack Stoll,SF,TE,89,Nebraska,Nebraska,6-4,260,5,28.7,,,2021,DEV,"https://static.www.nfl.com/image/upload/f_auto,q_auto/league/vx5eqo8t1qvj0ijwmiwm",4034862
Jacob Cowing,SF,WR,4,Arizona,Arizona; Texas-El Paso,5-9,170,2,25.7,SF,135,2024,ACT,"https://static.www.nfl.com/image/upload/f_auto,q_auto/league/uarciagmnzmyzs102dv6",4575665
Jaden Dugger,SF,LB,53,Louisiana,Louisiana; Georgetown,6-5,240,0,22.6,SF,154,2026,ACT,"https://static.www.nfl.com/image/upload/f_auto,q_auto/league/qgqcvgbjx1yflrlwfltq",5086161
Jake Brendel,SF,OL,64,UCLA,UCLA,6-4,299,10,34.1,,,2016,ACT,"https://static.www.nfl.com/image/upload/f_auto,q_auto/league/kmzgxqcnngnaoichwdm7",
Jake Tonges,SF,TE,88,California,California,6-4,240,4,27.3,,,2022,RES,"https://static.www.nfl.com/image/upload/f_auto,q_auto/league/z6goxhdhfc2m0rmwvtbl",4259147
Jalen Graham,SF,LB,41,Purdue,Purdue,6-3,220,3,25.7,SF,255,2023,DEV,"https://static.www.nfl.com/image/upload/f_auto,q_auto/league/yx3s8vah183b6x6jt8z8",4570410
Jalen Stroman,SF,DB,38,Notre Dame,Notre Dame; Virginia Tech,6-0,201,0,23.4,,,2026,DEV,"https://static.www.nfl.com/image/upload/f_auto,q_auto/league/qtlqtpbd1mmpyvcuoa4k",4683155
James Thompson Jr.,SF,DL,96,Illinois,Illinois; Wisconsin,6-6,308,0,24.1,,,2026,INA,"https://static.www.nfl.com/image/upload/f_auto,q_auto/league/kaksxzzz2yoykrlsv0hc",
Jarrett Patterson,SF,OL,58,Notre Dame,Notre Dame,6-4,310,3,27.1,HOU,201,2023,ACT,"https://static.www.nfl.com/image/upload/f_auto,q_auto/league/tf57af5og2u6ybvb4vo1",
Ji'Ayir Brown,SF,DB,27,Penn State,Penn State; Lackawanna JC,5-11,202,3,26.7,SF,87,2023,ACT,"https://static.www.nfl.com/image/upload/f_auto,q_auto/league/gmgewszcsvxdb63dmqby",4693644
Jon Weeks,SF,LS,46,Baylor,Baylor,5-10,242,16,40.6,,,2010,ACT,"https://static.www.nfl.com/image/upload/f_auto,q_auto/league/vfrborns4bhlqzcmvwip",
Jordan James,SF,RB,29,Oregon,Oregon,5-9,210,1,22.5,SF,147,2025,INA,"https://static.www.nfl.com/image/upload/f_auto,q_auto/league/un9cfqnwdzugrcy8caoh",4685397
Jordan Watkins,SF,WR,17,Mississippi,Mississippi; Louisville,5-11,196,1,24.6,SF,138,2025,ACT,"https://static.www.nfl.com/image/upload/f_auto,q_auto/league/agcwewjrj4dfssqkzksp",4431466
Kaelon Black,SF,RB,26,Indiana,Indiana; James Madison,5-9,208,0,25.0,SF,90,2026,ACT,"https://static.www.nfl.com/image/upload/f_auto,q_auto/league/nwgkzr1ysr32jc79zfnt",4696044
Keion White,SF,DL,56,Georgia Tech,Georgia Tech; Old Dominion,6-5,286,3,27.7,NE,46,2023,ACT,"https://static.www.nfl.com/image/upload/f_auto,q_auto/league/wkq3kmgtrqxsndffclam",4243493
Kevin Givens,SF,DL,90,Penn State,Penn State,6-1,285,7,29.6,,,2019,DEV,"https://static.www.nfl.com/image/upload/f_auto,q_auto/league/dpbmpsyvi88lpb4xebly",3929641
KhaDarel Hodge,SF,WR,86,Prairie View A&M,Prairie View A&M; Hinds CC; Alcorn State,6-2,210,8,32.8,,,2018,CUT,"https://static.www.nfl.com/image/upload/f_auto,q_auto/league/mozew14dow474cun5eqp",3047876
Khalid Kareem,SF,DL,47,Notre Dame,Notre Dame,6-4,265,6,28.4,CIN,147,2020,ACT,"https://static.www.nfl.com/image/upload/f_auto,q_auto/league/nwpg39gki6cqnwtl2s39",4039029
Khalil Dinkins,SF,TE,43,Penn State,Penn State,6-4,226,0,24.4,,,2026,DEV,"https://static.www.nfl.com/image/upload/f_auto,q_auto/league/txukjdrzl6um3k3t0t31",4699678
Kurtis Rourke,SF,QB,14,Indiana,Indiana,6-4,223,1,26.0,SF,227,2025,INA,"https://static.www.nfl.com/image/upload/f_auto,q_auto/league/rq4swf5c2ar45ljuc0w2",4430431
Kyle Juszczyk,SF,RB,44,Harvard,Harvard,6-2,235,13,35.5,BAL,130,2013,ACT,"https://static.www.nfl.com/image/upload/f_auto,q_auto/league/tsejiiddtouukwyyqr9q",16002
Luke Farrell,SF,TE,89,Ohio State,Ohio State,6-5,250,5,29.0,JAX,145,2021,ACT,"https://static.www.nfl.com/image/upload/f_auto,q_auto/league/kdq2zratulrdsv4ykugy",4040612
Luke Gifford,SF,LB,51,Nebraska,Nebraska,6-3,245,7,31.1,,,2019,ACT,"https://static.www.nfl.com/image/upload/f_auto,q_auto/league/w1bg0aqsnbulotbxfstd",3116097
Mac Jones,SF,QB,10,Alabama,Alabama,6-3,220,5,28.1,NE,15,2021,ACT,"https://static.www.nfl.com/image/upload/f_auto,q_auto/league/mbdwfwiuhl0ib5ajtmzq",4241464
Malik Mustapha,SF,DB,6,Wake Forest,Wake Forest,5-10,206,2,24.3,SF,124,2024,ACT,"https://static.www.nfl.com/image/upload/f_auto,q_auto/league/pufbixooejmh540h5qhi",4696211
Malik Turner,SF,WR,81,Illinois,Illinois,6-2,200,8,30.7,,,2018,ACT,"https://static.www.nfl.com/image/upload/f_auto,q_auto/league/pwrijrdgfdsqe00naun5",3115928
Marques Sigle,SF,DB,36,Kansas State,Kansas State; North Dakota State,5-11,197,1,24.2,SF,160,2025,ACT,"https://static.www.nfl.com/image/upload/f_auto,q_auto/league/cr3ojzklas5uqwc2vbfh",4693337
Matthew Judon,SF,LB,43,Grand Valley,Grand Valley,6-3,261,10,34.1,BAL,146,2016,ACT,"https://static.www.nfl.com/image/upload/f_auto,q_auto/league/xio1oo9c8qwfrouppuvk",3961466
McKinnley Jackson,SF,DL,91,Texas A&M,Texas A&M,6-2,330,2,24.8,CIN,97,2024,DEV,"https://static.www.nfl.com/image/upload/f_auto,q_auto/league/bxrqtpwrbcvzxcekerxf",4692680
Mikail Kamara,SF,DL,59,Indiana,Indiana; James Madison,6-1,262,0,25.0,,,2026,RES,"https://static.www.nfl.com/image/upload/f_auto,q_auto/league/drg6jegxm6gywk2sfxhe",
Mike Evans,SF,WR,5,Texas A&M,Texas A&M,6-5,231,12,33.1,TB,7,2014,ACT,"https://static.www.nfl.com/image/upload/f_auto,q_auto/league/zc4ujpmndyxrbiyyjomz",16737
Mykel Williams,SF,DL,98,Georgia,Georgia,6-5,265,1,22.3,SF,11,2025,RES,"https://static.www.nfl.com/image/upload/f_auto,q_auto/league/jas5em3i7xswbtoqr6qz",4685623
Naquan Jones,SF,DL,50,Michigan State,Michigan State,6-3,314,5,28.7,,,2021,ACT,"https://static.www.nfl.com/image/upload/f_auto,q_auto/league/iavprngmsf7pftvw0bsv",4046716
Nate Hobbs,SF,DB,22,Illinois,Illinois,6-1,195,5,27.3,LV,167,2021,RES,"https://static.www.nfl.com/image/upload/f_auto,q_auto/league/qewuemdrhzwzc9hluywm",4240542
Nick Bosa,SF,DL,97,Ohio State,Ohio State,6-4,266,7,29.0,SF,2,2019,INA,"https://static.www.nfl.com/image/upload/f_auto,q_auto/league/c7grjmvod7lnrfz4ordx",4040605
Nick Martin,SF,LB,45,Oklahoma State,Oklahoma State,5-11,220,1,24.0,SF,75,2025,RES,"https://static.www.nfl.com/image/upload/f_auto,q_auto/league/znqnmy0xdk331ma8h7xa",4573188
Nick Zakelj,SF,OL,63,Fordham,Fordham,6-6,316,4,27.3,SF,187,2022,RES,"https://static.www.nfl.com/image/upload/f_auto,q_auto/league/cun4v40dnqifysuu9oxf",
Ogbo Okoronkwo,SF,DL,59,Oklahoma,Oklahoma,6-2,253,8,31.5,LAR,160,2018,ACT,"https://static.www.nfl.com/image/upload/f_auto,q_auto/league/qbhwpvb59fmyguz8ttg0",3052667
Osa Odighizuwa,SF,DL,92,UCLA,UCLA,6-2,280,5,28.2,DAL,75,2021,ACT,"https://static.www.nfl.com/image/upload/f_auto,q_auto/league/qselmahxlopzx8spnchw",4035840
Renardo Green,SF,DB,0,Florida State,Florida State,6-0,186,2,25.9,SF,64,2024,ACT,"https://static.www.nfl.com/image/upload/f_auto,q_auto/league/g1au1f2gkeo8wbexmvpk",4427325
Ricky Pearsall,SF,WR,1,Florida,Florida; Arizona State,6-1,190,2,26.1,SF,31,2024,RES,"https://static.www.nfl.com/image/upload/f_auto,q_auto/league/rrv2qhkjqagb8ibzwakv",4428209
Romello Height,SF,DL,94,Texas Tech,Texas Tech; Georgia Tech; USC; Auburn,6-3,239,0,25.5,SF,70,2026,ACT,"https://static.www.nfl.com/image/upload/f_auto,q_auto/league/l3arvnk3oxjzzglzvnps",4432244
Sam Okuayinonu,SF,DL,91,Maryland,Maryland,6-1,269,4,28.4,,,2022,RES,"https://static.www.nfl.com/image/upload/f_auto,q_auto/league/nbng6hhjkazvx3four5d",4569497
Sebastian Valdez,SF,DL,55,Washington,Washington; Montana State,6-3,301,1,24.2,,,2025,ACT,"https://static.www.nfl.com/image/upload/f_auto,q_auto/league/cnb82o0pkp0k2ng5mrrp",4775220
Sincere McCormick,SF,RB,35,Texas-San Antonio,Texas-San Antonio,5-9,205,4,26.1,,,2022,DEV,"https://static.www.nfl.com/image/upload/f_auto,q_auto/league/t2e5ffjyc1iimyxufxjs",4430104
Siran Neal,SF,DB,33,Jacksonville State,Jacksonville State,6-0,205,8,32.2,BUF,154,2018,ACT,"https://static.www.nfl.com/image/upload/f_auto,q_auto/league/bwesbjwrbjpycetidb2q",3057524
Tatum Bethune,SF,LB,48,Florida State,Florida State; UCF,6-0,230,2,25.6,SF,251,2024,INA,"https://static.www.nfl.com/image/upload/f_auto,q_auto/league/l2s0tyb8yoet0rohrik5",4426698
Trent Williams,SF,OL,71,Oklahoma,Oklahoma,6-5,320,16,38.2,WAS,4,2010,ACT,"https://static.www.nfl.com/image/upload/f_auto,q_auto/league/esqu9k1my3po3yxxkcjs",
Upton Stout,SF,DB,20,Western Kentucky,Western Kentucky; North Texas,5-9,182,1,24.7,SF,100,2025,ACT,"https://static.www.nfl.com/image/upload/f_auto,q_auto/league/k5fypo0f9ctrs9dfvcyw",4565200
Vederian Lowe,SF,OL,76,Illinois,Illinois,6-5,315,4,27.5,MIN,184,2022,ACT,"https://static.www.nfl.com/image/upload/f_auto,q_auto/league/ihqeka8g0xhjacqhkj0i",
Viliami Fehoko Jr.,SF,DL,63,San Jose State,San Jose State,6-4,263,3,26.8,DAL,129,2023,CUT,"https://static.www.nfl.com/image/upload/f_auto,q_auto/league/s5ok9ad5e51tqij3vpsp",4374148
Vincent Anthony Jr.,SF,DL,98,Duke,Duke,6-6,258,0,22.5,,,2026,CUT,"https://static.www.nfl.com/image/upload/f_auto,q_auto/league/lxdpxwvakeifd0yjoqt9",
Wesley Grimes,SF,WR,81,N.C. State,N.C. State; Wake Forest,6-2,195,0,22.6,,,2026,DEV,"https://static.www.nfl.com/image/upload/f_auto,q_auto/league/n5hfuzuaxausgstr3cp8",
Will Pauling,SF,WR,84,Notre Dame,Notre Dame; Wisconsin; Cincinnati,5-9,183,0,23.6,,,2026,DEV,"https://static.www.nfl.com/image/upload/f_auto,q_auto/league/hk2txxjkjk1ycmluu2kn",
A'Shawn Robinson,TB,DL,91,Alabama,Alabama,6-3,320,10,31.6,DET,46,2016,ACT,"https://static.www.nfl.com/image/upload/f_auto,q_auto/league/xmh5jhuoelkynsubtjrz",3054857
Al-Quadin Muhammad,TB,LB,97,Miami,Miami,6-4,250,9,31.5,NO,196,2017,ACT,"https://static.www.nfl.com/image/upload/f_auto,q_auto/league/wlookhzmglrxdjx43l8n",3051942
Alex Anzalone,TB,LB,34,Florida,Florida,6-3,234,9,32.0,NO,76,2017,ACT,"https://static.www.nfl.com/image/upload/f_auto,q_auto/league/ltqvhzvqdxxtl1phtrgi",3043107
Anthony Nelson,TB,LB,98,Iowa,Iowa,6-7,272,7,29.6,TB,107,2019,ACT,"https://static.www.nfl.com/image/upload/f_auto,q_auto/league/b6hjuuemwgsh8q7lmadz",3894856
Antoine Winfield Jr.,TB,DB,31,Minnesota,Minnesota,5-9,205,6,28.1,TB,45,2020,ACT,"https://static.www.nfl.com/image/upload/f_auto,q_auto/league/wn2vlv6eyc9str0ak0fx",4034790
Ayden Garnes,TB,DB,24,Arizona,Arizona; West Virginia,6-0,183,0,23.6,,,2026,ACT,"https://static.www.nfl.com/image/upload/f_auto,q_auto/league/qlpjgp4neoxtnxkkaxek",4890885
Baker Mayfield,TB,QB,6,Oklahoma,Oklahoma; Texas Tech,6-1,215,8,31.5,CLE,1,2018,INA,"https://static.www.nfl.com/image/upload/f_auto,q_auto/league/gjb8e69jtt1ffqf1afue",3052587
Bauer Sharp,TB,TE,84,LSU,LSU; Oklahoma; Southeastern Louisiana,6-5,249,0,23.4,TB,185,2026,ACT,"https://static.www.nfl.com/image/upload/f_auto,q_auto/league/xqj8rk6okp7eobbv5hps",4890373
Ben Bredeson,TB,OL,68,Michigan,Michigan,6-5,315,6,28.6,BAL,143,2020,ACT,"https://static.www.nfl.com/image/upload/f_auto,q_auto/league/nkygbtdxvxhluyjumvxu",
Ben Scott,TB,OL,66,Nebraska,Nebraska; Arizona State,6-5,310,1,25.7,,,2025,DEV,"https://static.www.nfl.com/image/upload/f_auto,q_auto/league/lba5w8sd97sjg6hslk5z",
Benjamin Chukwuma,TB,OL,70,Georgia State,Georgia State,6-6,310,1,25.4,,,2025,ACT,"https://static.www.nfl.com/image/upload/f_auto,q_auto/league/gudosqnpwknrvvpaqjzg",
Benjamin Morrison,TB,DB,21,Notre Dame,Notre Dame,6-0,190,1,22.6,TB,53,2025,INA,"https://static.www.nfl.com/image/upload/f_auto,q_auto/league/oshm9xdskhlubtb7keyy",4816107
Billy Schrauth,TB,OL,75,Notre Dame,Notre Dame,6-4,310,0,23.1,TB,160,2026,INA,"https://static.www.nfl.com/image/upload/f_auto,q_auto/league/ngrfyxypmz5p2ta1r3js",
Brett Rypien,TB,QB,16,Boise State,Boise State,6-2,200,7,30.2,,,2019,DEV,"https://static.www.nfl.com/image/upload/f_auto,q_auto/league/aagqym9xmd5rligbbacq",3722362
Bucky Irving,TB,RB,7,Oregon,Oregon; Minnesota,5-10,195,2,24.1,TB,125,2024,ACT,"https://static.www.nfl.com/image/upload/f_auto,q_auto/league/vkc00rvnix3f2b96vkwo",4596448
CJ Dippre,TB,TE,82,Alabama,Alabama; Maryland,6-5,256,1,24.4,,,2025,DEV,"https://static.www.nfl.com/image/upload/f_auto,q_auto/league/azvsbbacjbgiyr3hmgdi",4596545
Cade Otton,TB,TE,88,Washington,Washington,6-5,250,4,27.5,TB,106,2022,ACT,"https://static.www.nfl.com/image/upload/f_auto,q_auto/league/yanr6h9aplae3jyzimf7",4243331
Caden Fordham,TB,LB,46,N.C. State,N.C. State,6-1,223,0,24.0,,,2026,ACT,"https://static.www.nfl.com/image/upload/f_auto,q_auto/league/syo5se7gt7lavlfxp3fl",4683096
Calijah Kancey,TB,DL,94,Pittsburgh,Pittsburgh,6-0,280,3,25.6,TB,19,2023,ACT,"https://static.www.nfl.com/image/upload/f_auto,q_auto/league/b84aoobgsdbufhfiqgti",4427673
Chase McLaughlin,TB,K,4,Illinois,Illinois,6-0,187,7,30.5,,,2019,ACT,"https://static.www.nfl.com/image/upload/f_auto,q_auto/league/enkzsuyzk232mbq5oe4w",3150744
Chris Godwin Jr.,TB,WR,14,Penn State,Penn State,6-1,209,9,30.6,TB,84,2017,ACT,"https://static.www.nfl.com/image/upload/f_auto,q_auto/league/ilkheljdx4hbjpisulke",3116165
Christian Rozeboom,TB,LB,52,South Dakota State,South Dakota State,6-2,230,6,29.7,,,2020,ACT,"https://static.www.nfl.com/image/upload/f_auto,q_auto/league/zuetviyilmxazi5dhts2",3909013
Cody Mauch,TB,OL,69,North Dakota State,North Dakota State,6-6,301,3,27.7,TB,48,2023,ACT,"https://static.www.nfl.com/image/upload/f_auto,q_auto/league/iiowsvokfyvctjsarkvl",
Dan Feeney,TB,OL,65,Indiana,Indiana,6-4,310,9,32.4,LAC,71,2017,ACT,"https://static.www.nfl.com/image/upload/f_auto,q_auto/league/f1hepbs2wd5rmak9sox0",
David Sills,TB,WR,80,West Virginia,West Virginia,6-3,210,7,31.4,,,2019,RES,"https://static.www.nfl.com/image/upload/f_auto,q_auto/league/g0jd9yaq2yhw05ktamlh",3871102
David Walker,TB,LB,51,Central Arkansas,Central Arkansas; Southern Arkansas,6-2,263,1,26.3,TB,121,2025,ACT,"https://static.www.nfl.com/image/upload/f_auto,q_auto/league/g5t4jmcamq69jxzgywc4",5085355
DeMonte Capehart,TB,DL,90,Clemson,Clemson,6-5,313,0,24.2,TB,155,2026,INA,"https://static.www.nfl.com/image/upload/f_auto,q_auto/league/vkgp4mn510m1dgx34zfx",4429007
Dean Patterson IV,TB,WR,81,Georgia Tech,Georgia Tech; Florida International; Findlay,6-2,200,0,24.4,,,2026,DEV,"https://static.www.nfl.com/image/upload/f_auto,q_auto/league/kgjiwlmhmxnygppjzmph",
Easton Stick,TB,QB,16,North Dakota State,North Dakota State,6-1,217,7,31.1,LAC,166,2019,ACT,"https://static.www.nfl.com/image/upload/f_auto,q_auto/league/rspxeh6kxzfr7ftkcywh",3120590
Elijah Roberts,TB,DL,95,SMU,SMU; Miami,6-4,295,1,24.8,TB,157,2025,ACT,"https://static.www.nfl.com/image/upload/f_auto,q_auto/league/konvzhfxyunroyoihh4m",4690795
Elijah Simmons,TB,DL,92,Tennessee,Tennessee,6-1,335,1,25.2,,,2025,ACT,"https://static.www.nfl.com/image/upload/f_auto,q_auto/league/dnimueujvnjhpcj7xpti",4430478
Emeka Egbuka,TB,WR,2,Ohio State,Ohio State,6-1,205,1,24.0,TB,19,2025,ACT,"https://static.www.nfl.com/image/upload/f_auto,q_auto/league/z224kbzs62rjuykc0vha",4567750
Eric Rivers Jr.,TB,WR,83,Georgia Tech,Georgia Tech; Florida International; Memphis,5-10,176,0,24.1,,,2026,DEV,"https://static.www.nfl.com/image/upload/f_auto,q_auto/league/goritmogduir5z46j8v1",4713277
Evan Deckers,TB,LS,86,Duke,Duke,6-3,252,3,27.6,,,2023,ACT,"https://static.www.nfl.com/image/upload/f_auto,q_auto/league/ktw6cswbixds9apgamdw",
Garrett Greene,TB,WR,85,West Virginia,West Virginia,5-11,201,1,25.0,,,2025,DEV,"https://static.www.nfl.com/image/upload/f_auto,q_auto/league/ryxqb4ioarar7jduttfu",
Graham Barton,TB,OL,62,Duke,Duke,6-5,311,2,24.4,TB,26,2024,ACT,"https://static.www.nfl.com/image/upload/f_auto,q_auto/league/jbvrm3jvgbcjjc1yd5qx",
Henry Lutovsky,TB,OL,61,Nebraska,Nebraska,6-6,320,0,23.7,,,2026,DEV,"https://static.www.nfl.com/image/upload/f_auto,q_auto/league/cctn8p66br2fainucxk3",
Ifeatu Melifonwu,TB,DB,5,Syracuse,Syracuse,6-3,213,5,27.4,DET,101,2021,ACT,"https://static.www.nfl.com/image/upload/f_auto,q_auto/league/ftt7jc1nr0hmf1xmzyh2",4240401
JJ Roberts,TB,DB,36,Marshall,Marshall,6-0,195,1,25.0,,,2025,DEV,"https://static.www.nfl.com/image/upload/f_auto,q_auto/league/bgwp7cyxeadn8uzkyitj",
Jacob Parrish,TB,DB,25,Kansas State,Kansas State,5-10,198,1,22.6,TB,84,2025,ACT,"https://static.www.nfl.com/image/upload/f_auto,q_auto/league/xspc6ojezhpflx0jorx4",4912847
Jalen McMillan,TB,WR,11,Washington,Washington,6-1,192,2,24.8,TB,92,2024,RES,"https://static.www.nfl.com/image/upload/f_auto,q_auto/league/s8tlj5wsi6cq8kjhp06v",4430834
Jalon Daniels,TB,QB,10,Kansas,Kansas,6-0,219,0,23.9,,,2026,ACT,"https://static.www.nfl.com/image/upload/f_auto,q_auto/league/hwhfl6i5drktwjvslfpn",4596472
Javin Wright,TB,LB,48,Nebraska,Nebraska,6-4,230,0,26.6,,,2026,DEV,"https://static.www.nfl.com/image/upload/f_auto,q_auto/league/fh2wh6vdhruwdgevzlbr",
Jayson Jones,TB,DL,93,Auburn,Auburn; Oregon,6-6,340,1,24.9,,,2025,DEV,"https://static.www.nfl.com/image/upload/f_auto,q_auto/league/i5gbqapwffbs1dez8ami",
Josh Hayes,TB,DB,32,Kansas State,Kansas State; Virginia; North Dakota State,6-0,189,3,27.5,TB,181,2023,RES,"https://static.www.nfl.com/image/upload/f_auto,q_auto/league/qytktb1ertsh8rzwq08k",4248533
Josh Williams,TB,RB,18,LSU,LSU,5-8,210,1,26.3,,,2025,DEV,"https://static.www.nfl.com/image/upload/f_auto,q_auto/league/c2zxbiz8153usfggosvv",4568024
Josiah Trotter,TB,LB,45,Missouri,Missouri,6-2,237,0,21.5,TB,46,2026,ACT,"https://static.www.nfl.com/image/upload/f_auto,q_auto/league/sqikte2lgczxdun64akq",4870998
Justin Skule,TB,OL,77,Vanderbilt,Vanderbilt,6-6,318,7,29.9,SF,183,2019,ACT,"https://static.www.nfl.com/image/upload/f_auto,q_auto/league/kij3ym32lb7c7utwrs4j",
Kameron Johnson,TB,WR,19,Barton College,Barton College,5-10,170,2,24.6,,,2024,ACT,"https://static.www.nfl.com/image/upload/f_auto,q_auto/league/ms7auybbkq1nwbd2ev0d",5097554
Keionte Scott,TB,DB,22,Miami,Miami; Auburn; Snow,6-0,193,0,25.2,TB,116,2026,ACT,"https://static.www.nfl.com/image/upload/f_auto,q_auto/league/vysxl6mkg0xgfjdgscj1",5093694
Kenny Gainwell,TB,RB,1,Memphis,Memphis,5-9,200,5,27.6,PHI,150,2021,ACT,"https://static.www.nfl.com/image/upload/f_auto,q_auto/league/eo62l8ec8e3lzt86ihth",4371733
Kevin Knowles,TB,DB,38,Florida State,Florida State,5-11,190,1,23.5,,,2025,ACT,"https://static.www.nfl.com/image/upload/f_auto,q_auto/league/xkgx12iv1iqeygpifh9l",4602648
Ko Kieft,TB,TE,41,Minnesota,Minnesota,6-5,265,4,28.7,TB,218,2022,INA,"https://static.www.nfl.com/image/upload/f_auto,q_auto/league/whd4f9mav6qqckqltqwu",4034779
Luke Goedeke,TB,OL,67,Central Michigan,Central Michigan,6-5,310,4,27.9,TB,57,2022,ACT,"https://static.www.nfl.com/image/upload/f_auto,q_auto/league/sqxcnkcippzfz3mx2thm",
Luke Haggard,TB,OL,72,Indiana,Indiana,6-7,305,3,26.8,,,2023,INA,"https://static.www.nfl.com/image/upload/f_auto,q_auto/league/qgucw8h7i34exiqtqunr",
Miles Killebrew,TB,DB,29,Southern Utah State,Southern Utah State,6-2,222,10,33.4,DET,111,2016,ACT,"https://static.www.nfl.com/image/upload/f_auto,q_auto/league/mhgwr5y6ibs53msnm2gt",2575164
Mohamed Kamara,TB,LB,59,Colorado State,Colorado State,6-1,250,2,26.3,MIA,158,2024,RES,"https://static.www.nfl.com/image/upload/f_auto,q_auto/league/eejqngskhpqk7dalz9cq",4427677
Paul Rubelt,TB,OL,76,UCF,UCF,6-10,310,0,26.2,,,2026,DEV,"https://static.www.nfl.com/image/upload/f_auto,q_auto/league/nhfkvrykdx4zk8wkek5b",
Payne Durham,TB,TE,87,Purdue,Purdue,6-5,255,3,26.3,TB,171,2023,ACT,"https://static.www.nfl.com/image/upload/f_auto,q_auto/league/emibbexzjbzvopbvo1at",4372505
Rakeem Nunez-Roches,TB,DL,56,Southern Mississippi,Southern Mississippi,6-2,307,11,33.3,KC,217,2015,ACT,"https://static.www.nfl.com/image/upload/f_auto,q_auto/league/udm7hafj1u08xj2blkta",2575453
Riley Dixon,TB,P,9,Syracuse,Syracuse,6-4,221,10,33.1,DEN,228,2016,ACT,"https://static.www.nfl.com/image/upload/f_auto,q_auto/league/wcwfdojcfj0i6y1rb5jn",2577619
Rueben Bain Jr.,TB,LB,3,Miami,Miami,6-3,270,0,22.1,TB,15,2026,INA,"https://static.www.nfl.com/image/upload/f_auto,q_auto/league/iim0v0qnfmkeonr7qkjr",4870617
Sean Murphy-Bunting,TB,DB,26,Central Michigan,Central Michigan,6-0,195,7,29.3,TB,39,2019,DEV,"https://static.www.nfl.com/image/upload/f_auto,q_auto/league/gzvlxusjbfstklwec0ti",3932886
Sean Tucker,TB,RB,44,Syracuse,Syracuse,5-10,205,3,25.0,,,2023,ACT,"https://static.www.nfl.com/image/upload/f_auto,q_auto/league/wiarwjvy8p6bojlratp4",4430871
Silas Walters,TB,DB,33,Miami (Ohio),Miami (Ohio),6-1,199,0,24.2,,,2026,DEV,"https://static.www.nfl.com/image/upload/f_auto,q_auto/league/z1jpdueha9gojh6czrzo",
SirVocea Dennis,TB,LB,8,Pittsburgh,Pittsburgh,6-0,230,3,26.6,TB,153,2023,ACT,"https://static.www.nfl.com/image/upload/f_auto,q_auto/league/jcqpqpizmzp5fotauj38",4429511
Ted Hurst III,TB,WR,17,Georgia State,Georgia State; Valdosta State,6-3,195,0,22.3,TB,84,2026,ACT,"https://static.www.nfl.com/image/upload/f_auto,q_auto/league/mmf6qmo6a2evw4feupcm",5220680
Tez Johnson,TB,WR,15,Oregon,Oregon; Troy,5-10,165,1,24.4,TB,235,2025,ACT,"https://static.www.nfl.com/image/upload/f_auto,q_auto/league/ajbnpagviw0glrhf5a2e",4608810
Tristan Wirfs,TB,OL,78,Iowa,Iowa,6-5,322,6,27.7,TB,13,2020,ACT,"https://static.www.nfl.com/image/upload/f_auto,q_auto/league/j1gwbrodzkkdaqlpyqml",
Tykee Smith,TB,DB,23,Georgia,Georgia; West Virginia,5-10,205,2,25.6,TB,89,2024,ACT,"https://static.www.nfl.com/image/upload/f_auto,q_auto/league/thib1riuixa3whhe6ohv",4428522
Vita Vea,TB,DL,50,Washington,Washington,6-4,347,8,31.7,TB,12,2018,ACT,"https://static.www.nfl.com/image/upload/f_auto,q_auto/league/dbumwcqqltdqv9pxkno0",3134362
Yasir Holmes,TB,LB,57,Tarleton State,Tarleton State; Frostburg State,6-4,240,0,24.4,,,2026,DEV,"https://static.www.nfl.com/image/upload/f_auto,q_auto/league/ixyolsbhodr71dqhnacb",
Yaya Diaby,TB,LB,0,Louisville,Louisville,6-3,270,3,27.4,TB,82,2023,ACT,"https://static.www.nfl.com/image/upload/f_auto,q_auto/league/bwd4lm9x9djpggqdyyhr",4686334
Zyon McCollum,TB,DB,27,Sam Houston State,Sam Houston State,6-2,200,4,27.4,TB,157,2022,ACT,"https://static.www.nfl.com/image/upload/f_auto,q_auto/league/tx9thnuxhb2uqzbl0dgb",4250392
Alontae Taylor,TEN,DB,24,Tennessee,Tennessee,6-1,199,4,27.8,NO,49,2022,ACT,"https://static.www.nfl.com/image/upload/f_auto,q_auto/league/avogci7ghtzxoxdcdtnx",4369835
Amani Hooker,TEN,DB,37,Iowa,Iowa,5-11,210,7,28.3,TEN,116,2019,ACT,"https://static.www.nfl.com/image/upload/f_auto,q_auto/league/h2jriwibpvmgdc33zsjc",4036134
Anthony Hill Jr.,TEN,LB,53,Texas,Texas,6-3,238,0,21.6,TEN,60,2026,ACT,"https://static.www.nfl.com/image/upload/f_auto,q_auto/league/rcozyv4kil96dw8aovh4",4870805
Atonio Mafi,TEN,OL,70,UCLA,UCLA,6-3,330,3,26.0,NE,144,2023,ACT,"https://static.www.nfl.com/image/upload/f_auto,q_auto/league/uvnz2p1foa0oivg3oq55",
Austin Schlottmann,TEN,OL,51,TCU,TCU,6-6,310,8,31.1,,,2018,ACT,"https://static.www.nfl.com/image/upload/f_auto,q_auto/league/afwyxpln2lcv4uhf1mvd",
Brandon Crenshaw-Dickson,TEN,OL,78,Florida,Florida; San Diego State,6-7,316,1,25.6,,,2025,INA,"https://static.www.nfl.com/image/upload/f_auto,q_auto/league/hggljfh39iorav9j5mpw",
Calvin Ridley,TEN,WR,0,Alabama,Alabama,6-1,190,8,31.8,ATL,26,2018,ACT,"https://static.www.nfl.com/image/upload/f_auto,q_auto/league/zrv8bjm7zdtboyka2jvr",3925357
Cam Ward,TEN,QB,1,Miami,Miami; Washington State; Incarnate Word,6-2,219,1,24.4,TEN,1,2025,ACT,"https://static.www.nfl.com/image/upload/f_auto,q_auto/league/l7switu6stlwd2irm8yo",4688380
Carnell Tate,TEN,WR,14,Ohio State,Ohio State,6-2,192,0,21.7,TEN,4,2026,ACT,"https://static.www.nfl.com/image/upload/f_auto,q_auto/league/ghpmpzcnigxrdbyvcxke",4871023
Cedric Gray,TEN,LB,33,North Carolina,North Carolina,6-2,240,2,23.9,TEN,106,2024,ACT,"https://static.www.nfl.com/image/upload/f_auto,q_auto/league/y5zs5kaw54mz5cyajpbw",4429834
Chimere Dike,TEN,WR,17,Florida,Florida; Wisconsin,6-1,199,1,24.8,TEN,103,2025,ACT,"https://static.www.nfl.com/image/upload/f_auto,q_auto/league/cbcpv4931dqmgsu3anvo",4431268
Cody Barton,TEN,LB,50,Utah,Utah,6-2,237,7,29.9,SEA,88,2019,ACT,"https://static.www.nfl.com/image/upload/f_auto,q_auto/league/gdsui5swyoiuqadewwob",3926229
Cordale Flott,TEN,DB,18,LSU,LSU,6-1,175,4,25.1,NYG,81,2022,ACT,"https://static.www.nfl.com/image/upload/f_auto,q_auto/league/dk8b5dpa5fflut1j4ynl",4429607
Dan Moore Jr.,TEN,OL,75,Texas A&M,Texas A&M,6-5,315,5,28.0,PIT,128,2021,ACT,"https://static.www.nfl.com/image/upload/f_auto,q_auto/league/boxltktohmx9eqfrjr9c",
Daniel Bellinger,TEN,TE,82,San Diego State,San Diego State,6-6,255,4,26.0,NYG,112,2022,ACT,"https://static.www.nfl.com/image/upload/f_auto,q_auto/league/nvabdu88h2cvroeygabo",4361516
David Martin-Robinson,TEN,TE,88,Temple,Temple,6-3,255,2,26.8,,,2024,ACT,"https://static.www.nfl.com/image/upload/f_auto,q_auto/league/imh2h5q6jmoqno5xlpwm",4360978
Dorian Mausi,TEN,LB,54,Auburn,Auburn; Duke,6-1,234,1,24.6,,,2025,RES,"https://static.www.nfl.com/image/upload/f_auto,q_auto/league/mf8ks1kejyk3ccakvs5f",
Drew Moss,TEN,OL,67,Colorado State,Colorado State; Lamar,6-3,310,1,23.4,,,2025,INA,"https://static.www.nfl.com/image/upload/f_auto,q_auto/league/dv8tuwzq6fptydjywws3",
Elic Ayomanor,TEN,WR,5,Stanford,Stanford,6-2,206,1,23.3,TEN,136,2025,ACT,"https://static.www.nfl.com/image/upload/f_auto,q_auto/league/jjmscqt6v4ecasveugoh",4883647
Erick Hallett,TEN,DB,41,Pittsburgh,Pittsburgh,5-11,200,3,26.5,JAX,208,2023,ACT,"https://static.www.nfl.com/image/upload/f_auto,q_auto/league/hnpxgdu65sr9w51rkp6g",4373320
Fernando Carmona,TEN,OL,66,Arkansas,Arkansas; San Jose State,6-5,316,0,24.3,TEN,142,2026,RES,"https://static.www.nfl.com/image/upload/f_auto,q_auto/league/oajvs6a6je65shncldtr",
Garrett Dellinger,TEN,OL,71,LSU,LSU,6-5,330,1,24.6,BAL,243,2025,ACT,"https://static.www.nfl.com/image/upload/f_auto,q_auto/league/yvxpchw3k1rzu0jq5575",
Gunnar Helm,TEN,TE,84,Texas,Texas,6-5,241,1,24.1,TEN,120,2025,ACT,"https://static.www.nfl.com/image/upload/f_auto,q_auto/league/hewm6ztgka7xkbl6ybvb",4686728
Hendon Hooker,TEN,QB,16,Tennessee,Tennessee; Virginia Tech,6-3,218,3,28.7,DET,68,2023,DEV,"https://static.www.nfl.com/image/upload/f_auto,q_auto/league/jq92ol8hm5n7byqhpcps",4240858
Isaiah Oliver,TEN,DB,28,Colorado,Colorado,6-0,210,8,30.0,ATL,58,2018,DEV,"https://static.www.nfl.com/image/upload/f_auto,q_auto/league/kkjrgyvwont6cdbhu9y2",3915437
JC Latham,TEN,OL,55,Alabama,Alabama,6-6,342,2,23.7,TEN,7,2024,ACT,"https://static.www.nfl.com/image/upload/f_auto,q_auto/league/smrxlm1rtszojndj3wvu",
Jackie Marshall,TEN,DL,96,Baylor,Baylor,6-2,293,0,23.5,TEN,184,2026,INA,"https://static.www.nfl.com/image/upload/f_auto,q_auto/league/ycbn8enhdwq312wu40jn",5081785
Jackson Slater,TEN,OL,64,Sacramento State,Sacramento State,6-3,320,1,23.4,TEN,167,2025,RES,"https://static.www.nfl.com/image/upload/f_auto,q_auto/league/fqex24qmlgvs3yrcyzza",
Jacob Martin,TEN,DL,57,Temple,Temple,6-2,260,8,30.8,SEA,186,2018,ACT,"https://static.www.nfl.com/image/upload/f_auto,q_auto/league/iq7og8epwftb1wl8aghd",3138764
Jakob Robinson,TEN,DB,43,BYU,BYU; Utah State,5-10,181,1,26.0,,,2025,DEV,"https://static.www.nfl.com/image/upload/f_auto,q_auto/league/qlefsw8fylwrmbgtmez7",
Jalen McMurray,TEN,DB,47,Tennessee,Tennessee; Temple,5-11,187,0,23.8,,,2026,DEV,"https://static.www.nfl.com/image/upload/f_auto,q_auto/league/zrwgaig57cdohkvwneex",
Jalyn Holmes,TEN,DL,97,Ohio State,Ohio State,6-5,283,8,30.7,MIN,102,2018,DEV,"https://static.www.nfl.com/image/upload/f_auto,q_auto/league/hostnk8byovbecbtdea7",3121414
James Hudson,TEN,OL,59,Cincinnati,Cincinnati,6-5,310,5,27.4,CLE,110,2021,ACT,"https://static.www.nfl.com/image/upload/f_auto,q_auto/league/eayesw9mhrbe5g1ezoht",
James Williams,TEN,LB,52,Miami,Miami,6-4,232,2,23.6,TEN,242,2024,ACT,"https://static.www.nfl.com/image/upload/f_auto,q_auto/league/r31rpfa1ju3bqddeuhom",4431613
Jaren Kanak,TEN,TE,81,Oklahoma,Oklahoma,6-2,234,0,22.7,TEN,225,2026,RES,"https://static.www.nfl.com/image/upload/f_auto,q_auto/league/nbrbfq68ghrvt2dsieej",4877034
Jaylen Harrell,TEN,LB,92,Michigan,Michigan,6-4,255,2,24.4,TEN,252,2024,RES,"https://static.www.nfl.com/image/upload/f_auto,q_auto/league/tlijnhz6kshuwcnjha1m",4429058
Jaylon Jones,TEN,DB,42,Texas A&M,Texas A&M,6-2,205,3,24.5,IND,221,2023,INA,"https://static.www.nfl.com/image/upload/f_auto,q_auto/league/y5qayiucpnco15btyppy",4685145
Jeffery Simmons,TEN,DL,98,Mississippi State,Mississippi State,6-4,305,7,29.2,TEN,19,2019,ACT,"https://static.www.nfl.com/image/upload/f_auto,q_auto/league/lt545qfibz7n9jlqyqov",4035369
Jermaine Johnson II,TEN,LB,11,Florida State,Florida State,6-5,254,4,27.7,NYJ,26,2022,ACT,"https://static.www.nfl.com/image/upload/f_auto,q_auto/league/jj3gmudznyutylbkkqbu",4567962
Joel Wilson,TEN,TE,83,Central Michigan,Central Michigan,6-4,245,3,26.3,,,2023,DEV,"https://static.www.nfl.com/image/upload/f_auto,q_auto/league/cshaunf0zeexbjo7ofiv",
Joey Slye,TEN,K,6,Virginia Tech,Virginia Tech,5-11,228,7,30.5,,,2019,ACT,"https://static.www.nfl.com/image/upload/f_auto,q_auto/league/qyugyvvddildncveryob",3124084
John Franklin-Myers,TEN,DL,91,Stephen F. Austin State,Stephen F. Austin State,6-4,288,8,30.0,LAR,135,2018,ACT,"https://static.www.nfl.com/image/upload/f_auto,q_auto/league/ixfyxejxsfgffbgd7in2",3120464
Jordan Elliott,TEN,DL,95,Missouri,Missouri; Texas,6-4,325,6,28.9,CLE,88,2020,ACT,"https://static.www.nfl.com/image/upload/f_auto,q_auto/league/zimdvramufcajq5c3noc",4039052
Joshua Williams,TEN,DB,25,Fayetteville State University,Fayetteville State University,6-3,201,4,27.0,KC,135,2022,RES,"https://static.www.nfl.com/image/upload/f_auto,q_auto/league/w2nwt08uxz0owmctdyfu",4917635
Julius Chestnut,TEN,RB,36,Sacred Heart University,Sacred Heart University,5-11,228,4,25.9,,,2022,ACT,"https://static.www.nfl.com/image/upload/f_auto,q_auto/league/bkhv6hpjogvs5b31wwrs",4367567
K.J. Osborn,TEN,WR,8,Miami,Miami; Buffalo,5-11,200,6,29.3,MIN,176,2020,DEV,"https://static.www.nfl.com/image/upload/f_auto,q_auto/league/ytgf9lftpnc3hqg81vhj",3916566
Kalel Mullings,TEN,RB,31,Michigan,Michigan,6-2,226,1,24.0,TEN,188,2025,DEV,"https://static.www.nfl.com/image/upload/f_auto,q_auto/league/jv2phcl7aihai00wkqgb",4429121
Keldric Faulk,TEN,LB,15,Auburn,Auburn,6-5,276,0,21.1,TEN,31,2026,ACT,"https://static.www.nfl.com/image/upload/f_auto,q_auto/league/yn8hrjyo5q5kcmriamnb",4870707
Kendell Brooks,TEN,DB,30,Michigan State,Michigan State; North Greenville College,6-0,206,3,26.6,,,2023,RES,"https://static.www.nfl.com/image/upload/f_auto,q_auto/league/ophgu4atah9skksi1kws",4585317
Kevin Winston Jr.,TEN,DB,23,Penn State,Penn State,6-2,213,1,22.9,TEN,82,2025,ACT,"https://static.www.nfl.com/image/upload/f_auto,q_auto/league/zeai9xuvlquhwkzztbua",4685617
Kylen Granson,TEN,TE,86,SMU,SMU,6-3,242,5,28.5,IND,127,2021,INA,"https://static.www.nfl.com/image/upload/f_auto,q_auto/league/ysbxmdw4da30q3kjb571",4039160
Laki Tasi,TEN,DL,68,,,6-6,373,1,23.0,,,2025,DEV,"https://static.www.nfl.com/image/upload/f_auto,q_auto/league/pyfigo2gax99vjgmcyhs",
Marcus Harris,TEN,DB,26,California,California; Idaho; Oregon State,5-11,191,1,25.6,TEN,183,2025,ACT,"https://static.www.nfl.com/image/upload/f_auto,q_auto/league/xwb7yigex1r2dne7yelm",4570469
Micah Robinson,TEN,DB,21,Tulane,Tulane,5-11,184,1,24.7,GB,237,2025,ACT,"https://static.www.nfl.com/image/upload/f_auto,q_auto/league/dxjhrwbtwvdqfqc3kecf",4695280
Michael Carter,TEN,RB,35,North Carolina,North Carolina,5-8,200,5,27.4,NYJ,107,2021,INA,"https://static.www.nfl.com/image/upload/f_auto,q_auto/league/cwqrxzouk4gkhfziyqre",4240657
Milo Eifler,TEN,LB,45,Illinois,Illinois,6-2,225,5,28.6,,,2021,RES,"https://static.www.nfl.com/image/upload/f_auto,q_auto/league/rfmdcyim9q0prw56mzgw",4371940
Mitchell Trubisky,TEN,QB,10,North Carolina,North Carolina,6-2,222,9,32.1,CHI,2,2017,ACT,"https://static.www.nfl.com/image/upload/f_auto,q_auto/league/yxs7ix2pmcfv5k1qn1sk",3039707
Mohamoud Diabate,TEN,LB,44,Utah,Utah,6-4,235,3,25.4,,,2023,DEV,"https://static.www.nfl.com/image/upload/f_auto,q_auto/league/to8prswizs9iqvpqqbay",4567403
Morgan Cox,TEN,LS,46,Tennessee,Tennessee,6-4,233,16,40.5,,,2010,ACT,"https://static.www.nfl.com/image/upload/f_auto,q_auto/league/iqsbwgh7v6yyabnz8m2a",
Nazir Stackhouse,TEN,DL,93,Georgia,Georgia,6-4,327,1,24.5,,,2025,ACT,"https://static.www.nfl.com/image/upload/f_auto,q_auto/league/vokytmju8zhlte70ss9a",4429142
Nicholas Singleton,TEN,RB,32,Penn State,Penn State,6-0,219,0,22.8,TEN,165,2026,ACT,"https://static.www.nfl.com/image/upload/f_auto,q_auto/league/ztwqbc0s69cbz5ow0r0q",4685555
Nick Broeker,TEN,OL,65,Mississippi,Mississippi,6-4,305,3,26.0,BUF,230,2023,DEV,"https://static.www.nfl.com/image/upload/f_auto,q_auto/league/ho1hflkakgdwhwzj7eyu",
Oluwafemi Oladejo,TEN,LB,7,UCLA,UCLA; California,6-3,259,1,23.0,TEN,52,2025,ACT,"https://static.www.nfl.com/image/upload/f_auto,q_auto/league/koxindt0qvandhu8otrf",4876057
Owen Pappoe,TEN,LB,40,Auburn,Auburn,6-0,230,3,26.0,AZ,168,2023,DEV,"https://static.www.nfl.com/image/upload/f_auto,q_auto/league/zv35eeyd3oxxkecrvqra",4567219
Pat Coogan,TEN,OL,79,Indiana,Indiana; Notre Dame,6-5,311,0,23.9,TEN,194,2026,ACT,"https://static.www.nfl.com/image/upload/f_auto,q_auto/league/tomgqsqha9cv0duwsrov",
Peter Skoronski,TEN,OL,77,Northwestern,Northwestern,6-4,330,3,25.2,TEN,11,2023,ACT,"https://static.www.nfl.com/image/upload/f_auto,q_auto/league/jprsrsbaerno6elsex52",
Rasheed Miller,TEN,OL,62,Louisville,Louisville; Georgia Southern,6-7,310,0,25.4,,,2026,DEV,"https://static.www.nfl.com/image/upload/f_auto,q_auto/league/wcrnlcq6doix61fwoxgk",
Solomon Thomas,TEN,DL,90,Stanford,Stanford,6-2,285,9,31.1,SF,3,2017,ACT,"https://static.www.nfl.com/image/upload/f_auto,q_auto/league/zgn4b0p7ezoqdqpto9lb",3117258
Tanoh Kpassagnon,TEN,DL,58,Villanova,Villanova,6-7,289,9,32.3,KC,59,2017,RES,"https://static.www.nfl.com/image/private/f_auto,q_auto/league/ilr1bs7qesfq7fryeetc",2982313
Terrell Burgess,TEN,DB,38,Utah,Utah,5-11,202,6,27.9,LAR,104,2020,ACT,"https://static.www.nfl.com/image/upload/f_auto,q_auto/league/fx86rlxeudmniz1btxrq",4035663
Timmy Horne,TEN,DL,94,Kansas State,Kansas State,6-4,312,4,29.0,,,2022,DEV,"https://static.www.nfl.com/image/upload/f_auto,q_auto/league/vuyddfbh4sapogzrxyqv",4045701
Tommy Townsend,TEN,P,3,Florida,Florida,6-1,191,6,29.9,,,2020,ACT,"https://static.www.nfl.com/image/upload/f_auto,q_auto/league/zwolwrghzfucwck0bwld",3915398
Tony Adams,TEN,DB,29,Illinois,Illinois,5-11,210,4,27.7,,,2022,ACT,"https://static.www.nfl.com/image/upload/f_auto,q_auto/league/bhgovss7uhkszgbrfxd6",4240532
Tony Pollard,TEN,RB,20,Memphis,Memphis,6-0,209,7,29.4,DAL,128,2019,ACT,"https://static.www.nfl.com/image/upload/f_auto,q_auto/league/mb2xdrqiys6ktlcuah2n",3916148
Truman Jones,TEN,DL,56,Harvard,Harvard,6-3,255,3,26.4,,,2023,ACT,"https://static.www.nfl.com/image/upload/f_auto,q_auto/league/zhhugc4ahcrbbpbsufqr",4367828
Tyjae Spears,TEN,RB,2,Tulane,Tulane,5-11,200,3,25.3,TEN,81,2023,ACT,"https://static.www.nfl.com/image/upload/f_auto,q_auto/league/pkly3nkohty1tuijtwty",4428557
Tyren Montgomery,TEN,WR,19,John Carroll University,John Carroll University; Nicholls State; LSU,5-11,204,0,25.3,,,2026,DEV,"https://static.www.nfl.com/image/upload/f_auto,q_auto/league/f9zykws54i2prkwxw3ee",5103197
Wan'Dale Robinson,TEN,WR,4,Kentucky,Kentucky,5-8,185,4,25.8,NYG,43,2022,ACT,"https://static.www.nfl.com/image/upload/f_auto,q_auto/league/yzcvyhmilvxedfjfjglc",4569587
Xavier Restrepo,TEN,WR,87,Miami,Miami,5-10,202,1,24.5,,,2025,DEV,"https://static.www.nfl.com/image/upload/f_auto,q_auto/league/w4onu90fxjmlkmkchcg1",4431353
Ahkello Witherspoon,WAS,DB,24,Colorado,Colorado; Sacramento City,6-2,195,9,31.6,SF,66,2017,RET,"https://static.www.nfl.com/image/upload/f_auto,q_auto/league/ub7code8rbhomboifmob",3122630
Ale Kaho,WAS,LB,51,UCLA,UCLA; Alabama,6-2,230,1,26.5,,,2025,ACT,"https://static.www.nfl.com/image/upload/f_auto,q_auto/league/xtiv998kd4048degy4xl",4361090
Amik Robertson,WAS,DB,2,Louisiana Tech,Louisiana Tech,5-9,183,6,28.3,LV,139,2020,ACT,"https://static.www.nfl.com/image/upload/f_auto,q_auto/league/giptmuhxwq2ugaaettbg",4239694
Andrew Wylie,WAS,OL,71,Eastern Michigan,Eastern Michigan,6-5,304,9,32.1,,,2017,ACT,"https://static.www.nfl.com/image/upload/f_auto,q_auto/league/nt0zor6okfjksel1jim2",
Antonio Williams,WAS,WR,14,Clemson,Clemson,5-11,195,0,22.2,WAS,71,2026,ACT,"https://static.www.nfl.com/image/upload/f_auto,q_auto/league/noywrsgaqoqlv64c12yw",5081432
Athan Kaliakmanis,WAS,QB,16,Rutgers,Rutgers; Minnesota,6-2,216,0,23.1,WAS,223,2026,ACT,"https://static.www.nfl.com/image/upload/f_auto,q_auto/league/ahtbv63jyg8ampmyrxn9",4432722
Austin Ekeler,WAS,RB,30,Western State,Western State,5-10,200,9,31.4,,,2017,ACT,"https://static.www.nfl.com/image/upload/f_auto,q_auto/league/sldndpn2zwt4uhkj2zks",3068267
Austin Keys,WAS,LB,57,Auburn,Auburn; Mississippi,6-2,247,1,24.5,,,2025,DEV,"https://static.www.nfl.com/image/upload/f_auto,q_auto/league/cs4nlk2pdnx0bbesyghu",4429185
Ben Sinnott,WAS,TE,82,Kansas State,Kansas State,6-4,245,2,24.3,WAS,53,2024,ACT,"https://static.www.nfl.com/image/upload/f_auto,q_auto/league/ilkrv6dqajndnlsbmv8f",4690923
Brandon Coleman,WAS,OL,74,TCU,TCU; Trinity Valley CC,6-6,320,2,26.0,WAS,67,2024,ACT,"https://static.www.nfl.com/image/upload/f_auto,q_auto/league/knxy90rm9gohdrwufodf",
Byron Cowart,WAS,DL,55,Maryland,Maryland; Auburn,6-3,300,7,30.4,NE,159,2019,DEV,"https://static.www.nfl.com/image/upload/f_auto,q_auto/league/ai1vyv5bf08robtaxwet",3916922
Charles Omenihu,WAS,DL,90,Texas,Texas,6-5,280,7,29.1,HOU,161,2019,ACT,"https://static.www.nfl.com/image/upload/f_auto,q_auto/league/epsvk3cdkn7m24ak0wsy",3929865
Charles Snowden,WAS,DL,49,Virginia,Virginia,6-6,235,5,28.5,,,2021,DEV,"https://static.www.nfl.com/image/upload/f_auto,q_auto/league/lwfjnx5rgx1hanfqfnl7",4240849
Chig Okonkwo,WAS,TE,85,Maryland,Maryland,6-3,238,4,27.1,TEN,143,2022,ACT,"https://static.www.nfl.com/image/upload/f_auto,q_auto/league/pzcez6pi9tpdqkmjjnzk",4360635
Chris Paul,WAS,OL,75,Tulsa,Tulsa,6-4,324,4,27.9,WAS,230,2022,ACT,"https://static.www.nfl.com/image/upload/f_auto,q_auto/league/s0zj4njn5ydrgk8z7mbw",
Colson Yankoff,WAS,TE,80,UCLA,UCLA; Washington,6-4,225,2,26.6,,,2024,ACT,"https://static.www.nfl.com/image/upload/f_auto,q_auto/league/cgsxdjqy6l2zuqaftbd6",4361088
Craig Reynolds,WAS,RB,32,Kutztown,Kutztown,5-11,225,7,30.3,,,2019,ACT,"https://static.www.nfl.com/image/upload/f_auto,q_auto/league/f5zuttg3hinfqgronrsg",4421446
D.J. Davidson,WAS,DL,77,Arizona State,Arizona State,6-5,320,4,27.1,NYG,147,2022,RET,"https://static.www.nfl.com/image/upload/f_auto,q_auto/league/l3ls8hdnfxfsdp9tmeqi",4242899
Daron Payne,WAS,DL,94,Alabama,Alabama,6-3,320,8,29.4,WAS,13,2018,ACT,"https://static.www.nfl.com/image/upload/f_auto,q_auto/league/fyaqgxzjicgbmrethav3",3925354
Deatrich Wise,WAS,DL,91,Arkansas,Arkansas,6-5,280,9,32.2,NE,131,2017,RES,"https://static.www.nfl.com/image/upload/f_auto,q_auto/league/kmshfa3dfehklgdh1lrk",2980080
Dorance Armstrong,WAS,LB,92,Kansas,Kansas,6-4,255,8,29.3,DAL,116,2018,ACT,"https://static.www.nfl.com/image/upload/f_auto,q_auto/league/iccauovlxlztcx36jitr",3928979
Drew Stevens,WAS,K,19,Iowa,Iowa,6-1,213,0,22.8,,,2026,ACT,"https://static.www.nfl.com/image/upload/f_auto,q_auto/league/dzlynw7seoaqck1r2il3",5081335
Dyami Brown,WAS,WR,6,North Carolina,North Carolina,6-0,195,5,26.9,WAS,82,2021,ACT,"https://static.www.nfl.com/image/upload/f_auto,q_auto/league/addv9eheok1jj7amfkpb",4361577
Esa Pole,WAS,OL,77,Washington State,Washington State; Chabot College,6-7,319,1,25.3,,,2025,DEV,"https://static.www.nfl.com/image/upload/f_auto,q_auto/league/yn1ylypuzoeo3scc4n5o",
Fabian Moreau,WAS,DB,24,UCLA,UCLA,6-0,204,9,32.5,WAS,81,2017,ACT,"https://static.www.nfl.com/image/upload/f_auto,q_auto/league/osj1pbe8mj5f7h47l2op",2971586
Frankie Luvu,WAS,LB,4,Washington State,Washington State,6-3,235,8,30.1,,,2018,ACT,"https://static.www.nfl.com/image/upload/f_auto,q_auto/league/a42s7i0njohztuhxz13p",3127273
Fred Davis,WAS,DB,38,Northwestern,Northwestern; Jacksonville State; UCF; Clemson,6-1,200,0,24.7,,,2026,DEV,"https://static.www.nfl.com/image/upload/f_auto,q_auto/league/cggb4uh3hy1gzmyuqk4v",
Isaac Yiadom,WAS,DB,37,Boston College,Boston College,6-1,190,8,30.6,DEN,99,2018,ACT,"https://static.www.nfl.com/image/upload/f_auto,q_auto/league/yshnc3lfpcams5ropegx",3122797
Jack Westover,WAS,TE,89,Washington,Washington,6-3,248,2,27.3,,,2024,DEV,"https://static.www.nfl.com/image/upload/f_auto,q_auto/league/zpo5vbntn8b9hih2fi66",4361100
Jacory Croskey-Merritt,WAS,RB,22,Arizona,Arizona; New Mexico; Alabama State,5-11,208,1,25.5,WAS,245,2025,ACT,"https://static.www.nfl.com/image/upload/f_auto,q_auto/league/qew4qhlj4yuf50voko61",4575131
Jaden Bradley,WAS,WR,86,UNLV,UNLV; Charlotte; Pittsburgh,6-4,195,0,23.5,,,2026,DEV,"https://static.www.nfl.com/image/upload/f_auto,q_auto/league/kr2pi6xguzj2ejtpvsnm",
Javon Kinlaw,WAS,DL,99,South Carolina,South Carolina; Jones County JC,6-5,319,6,29.0,SF,14,2020,ACT,"https://static.www.nfl.com/image/upload/f_auto,q_auto/league/jxqkukux4rgfpp5eekyo",4259491
Javontae Jean-Baptiste,WAS,LB,41,Notre Dame,Notre Dame; Ohio State,6-4,260,2,26.4,WAS,222,2024,INA,"https://static.www.nfl.com/image/upload/f_auto,q_auto/league/bmal2stgfn8j8hdlrhe4",4361357
Jayden Daniels,WAS,QB,5,LSU,LSU; Arizona State,6-4,210,2,25.8,WAS,2,2024,INA,"https://static.www.nfl.com/image/upload/f_auto,q_auto/league/gfz8k5onuqjrche9ogqc",4426348
Jaylin Lane,WAS,WR,83,Virginia Tech,Virginia Tech; Middle Tennessee State,5-10,196,1,24.4,WAS,128,2025,ACT,"https://static.www.nfl.com/image/upload/f_auto,q_auto/league/fa5ufxqxs3hzioih3cfb",4602667
Jeffrey M'ba,WAS,DL,60,SMU,SMU; Purdue; Auburn; Independence Comm. College,6-6,312,0,27.1,,,2026,DEV,"https://static.www.nfl.com/image/upload/f_auto,q_auto/league/bgmpvzjizswc85pm5ykr",
Jer'Zhan Newton,WAS,DL,95,Illinois,Illinois,6-2,295,2,24.1,WAS,36,2024,RES,"https://static.www.nfl.com/image/upload/f_auto,q_auto/league/hgrxkwfkaiozsegi9sbp",4430560
Jeremy McNichols,WAS,RB,26,Boise State,Boise State,5-9,205,9,30.8,TB,162,2017,RES,"https://static.www.nfl.com/image/upload/f_auto,q_auto/league/xcrgrtlk6ukrshtlnr5e",3127586
Jeremy Reaves,WAS,DB,39,South Alabama,South Alabama,5-11,200,8,30.1,,,2018,ACT,"https://static.www.nfl.com/image/upload/f_auto,q_auto/league/kwmtxcogvel516q4ws86",3125248
John Bates,WAS,TE,87,Boise State,Boise State,6-6,256,5,28.9,WAS,124,2021,ACT,"https://static.www.nfl.com/image/upload/f_auto,q_auto/league/sqaiwpind6kk4ns4acql",4048228
Jordan Magee,WAS,LB,58,Temple,Temple,6-3,225,2,25.5,WAS,139,2024,RES,"https://static.www.nfl.com/image/upload/f_auto,q_auto/league/smdokbnjckcbpc9yfxwt",4568617
Josh Conerly Jr.,WAS,OL,72,Oregon,Oregon,6-4,315,1,22.9,WAS,29,2025,ACT,"https://static.www.nfl.com/image/upload/f_auto,q_auto/league/q9vrq43u3qh6nw3rcajo",
Joshua Josephs,WAS,LB,48,Tennessee,Tennessee,6-3,240,0,22.8,WAS,147,2026,ACT,"https://static.www.nfl.com/image/upload/f_auto,q_auto/league/l9c6njm2uvmgcshmfeiq",5081392
Julian Good-Jones,WAS,OL,61,Iowa State,Iowa State,6-5,313,6,29.6,,,2020,DEV,"https://static.www.nfl.com/image/upload/f_auto,q_auto/league/cqjdjlrofv0yr0azp0to",
K'Lavon Chaisson,WAS,LB,45,LSU,LSU,6-3,255,6,27.2,JAX,20,2020,ACT,"https://static.www.nfl.com/image/upload/f_auto,q_auto/league/gc9qqj4piwlwse4spobk",4242205
Kain Medrano,WAS,LB,56,UCLA,UCLA,6-3,230,1,25.6,WAS,205,2025,ACT,"https://static.www.nfl.com/image/upload/f_auto,q_auto/league/xdizkco6f8wg8jxsgy9j",4427984
Kaytron Allen,WAS,RB,31,Penn State,Penn State,5-11,217,0,23.7,WAS,187,2026,ACT,"https://static.www.nfl.com/image/upload/f_auto,q_auto/league/vbhwkqty94alwjyz8cin",4685246
Laremy Tunsil,WAS,OL,78,Mississippi,Mississippi,6-5,313,10,32.2,MIA,13,2016,RES,"https://static.www.nfl.com/image/upload/f_auto,q_auto/league/gxoga8rszlaaewu5hh0x",
Leo Chenal,WAS,LB,54,Wisconsin,Wisconsin,6-3,250,4,25.9,KC,103,2022,RES,"https://static.www.nfl.com/image/upload/f_auto,q_auto/league/vjl1lsaotcqcxkhm2std",4426901
Lucas Patrick,WAS,OL,63,Duke,Duke,6-3,313,10,33.2,,,2016,ACT,"https://static.www.nfl.com/image/upload/f_auto,q_auto/league/mq2p8pmy1hyciogyzcs9",
Luke McCaffrey,WAS,WR,11,Rice,Rice; Nebraska,6-2,195,2,25.5,WAS,100,2024,INA,"https://static.www.nfl.com/image/upload/f_auto,q_auto/league/xtxiwlkniuldrqg65n3q",4426948
Marcus Mariota,WAS,QB,8,Oregon,Oregon,6-4,222,11,32.9,TEN,2,2015,ACT,"https://static.www.nfl.com/image/upload/f_auto,q_auto/league/grx6m1fmu1odltjo3y31",2576980
Marvin Jones Jr.,WAS,LB,53,Oklahoma,Oklahoma; Florida State; Georgia,6-5,245,0,22.3,,,2026,CUT,"https://static.www.nfl.com/image/upload/f_auto,q_auto/league/mmfgizaxy53ouygcdpql",
Matt Gulbin,WAS,OL,66,Michigan State,Michigan State; Wake Forest,6-4,312,0,23.9,WAS,209,2026,ACT,"https://static.www.nfl.com/image/upload/f_auto,q_auto/league/g7geoaea7asrtvfvni9r",
Mike Sainristil,WAS,DB,0,Michigan,Michigan,5-10,182,2,26.0,WAS,50,2024,ACT,"https://static.www.nfl.com/image/upload/f_auto,q_auto/league/eftoaweovfwayhiyjg6q",4428414
Nick Allegretti,WAS,OL,67,Illinois,Illinois,6-4,310,7,30.5,KC,216,2019,ACT,"https://static.www.nfl.com/image/upload/f_auto,q_auto/league/vblrphfqfohxa2hycuue",
Nick Bellore,WAS,LB,57,Central Michigan,Central Michigan,6-1,250,15,37.4,,,2011,RET,"https://static.www.nfl.com/image/upload/f_auto,q_auto/league/wlj7zdf6h9p9dnhdtmih",14471
Nick Cross,WAS,DB,25,Maryland,Maryland,6-0,212,4,25.1,IND,96,2022,INA,"https://static.www.nfl.com/image/upload/f_auto,q_auto/league/kk6rwopeqnomepo0lc9f",4426403
Odafe Oweh,WAS,LB,98,Penn State,Penn State,6-5,251,5,27.8,BAL,31,2021,ACT,"https://static.www.nfl.com/image/upload/f_auto,q_auto/league/lxeaoe3u7srngnwlyyon",4361422
Percy Butler,WAS,DB,35,Louisiana-Lafayette,Louisiana-Lafayette,6-0,190,4,26.4,WAS,113,2022,ACT,"https://static.www.nfl.com/image/upload/f_auto,q_auto/league/uqx9zb1asrcvsenbus1p",4363097
Quan Martin,WAS,DB,20,Illinois,Illinois,6-0,195,3,26.5,WAS,47,2023,ACT,"https://static.www.nfl.com/image/upload/f_auto,q_auto/league/mqvepjtbymevlwn2c7qj",4360378
Rachaad White,WAS,RB,1,Arizona State,Arizona State; Mt. San Antonio; Kearney State,6-0,214,4,27.7,TB,91,2022,INA,"https://static.www.nfl.com/image/upload/f_auto,q_auto/league/wtdhs50gcl2p6vngsnre",4697815
Rasul Douglas,WAS,DB,29,West Virginia,West Virginia; Nassau CC,6-2,209,9,32.1,PHI,99,2017,ACT,"https://static.www.nfl.com/image/upload/f_auto,q_auto/league/f2ac9dmdbhc6rvgllcbt",3943270
Ricky Barber,WAS,DL,50,UCF,UCF; Western Kentucky,6-3,295,1,25.7,,,2025,DEV,"https://static.www.nfl.com/image/upload/f_auto,q_auto/league/updqursgjxdp8zsjelp2",4428343
Robert Henry Jr.,WAS,RB,30,Texas-San Antonio,Texas-San Antonio,5-9,196,0,24.8,,,2026,DEV,"https://static.www.nfl.com/image/upload/f_auto,q_auto/league/aehybugrdkpwoegwc10v",5151317
Sam Cosmi,WAS,OL,76,Texas,Texas,6-6,309,5,27.6,WAS,51,2021,INA,"https://static.www.nfl.com/image/upload/f_auto,q_auto/league/hje3hb60snyi7oworbbi",
Sam Hartman,WAS,QB,15,Notre Dame,Notre Dame; Wake Forest,6-1,210,2,27.2,,,2024,DEV,"https://static.www.nfl.com/image/upload/f_auto,q_auto/league/mvpbrqp3o04zla5lzf7u",4361994
Shy Tuttle,WAS,DL,96,Tennessee,Tennessee,6-3,300,7,31.0,,,2019,ACT,"https://static.www.nfl.com/image/upload/f_auto,q_auto/league/lcio402os2qzxmchbvvw",3886601
Sonny Styles,WAS,LB,52,Ohio State,Ohio State,6-5,244,0,21.9,WAS,7,2026,ACT,"https://static.www.nfl.com/image/upload/f_auto,q_auto/league/wxufyrsnbie0gyq9piyf",5081807
Stefon Diggs,WAS,WR,3,Maryland,Maryland,6-0,191,11,32.9,MIN,146,2015,ACT,"https://static.www.nfl.com/image/upload/f_auto,q_auto/league/cemcexmscsarpvwhafln",2976212
Tanoa Togiai,WAS,OL,62,Utah,Utah,6-6,321,0,25.1,,,2026,ACT,"https://static.www.nfl.com/image/upload/f_auto,q_auto/league/fpqkhar4pwwp8wc6hrcb",
Terell Smith,WAS,DB,36,Minnesota,Minnesota,6-0,207,3,27.2,CHI,165,2023,DEV,"https://static.www.nfl.com/image/upload/f_auto,q_auto/league/azhrgsawgwgxed3z2dke",4360935
Terry McLaurin,WAS,WR,17,Ohio State,Ohio State,6-0,210,7,31.1,WAS,76,2019,INA,"https://static.www.nfl.com/image/upload/f_auto,q_auto/league/tmfl2zruajmkrtcg4zxp",3121422
Tim Settle,WAS,DL,97,Virginia Tech,Virginia Tech,6-3,315,8,29.2,WAS,163,2018,ACT,"https://static.www.nfl.com/image/upload/f_auto,q_auto/league/pfxye4tf9lojvyeud1d9",3929956
Trent Scott,WAS,OL,73,Grambling State,Grambling State,6-5,320,8,32.7,,,2018,DEV,"https://static.www.nfl.com/image/upload/f_auto,q_auto/league/lezvaysssxuvaprswxyk",
Tress Way,WAS,P,10,Oklahoma,Oklahoma,6-1,220,13,36.5,,,2013,ACT,"https://static.www.nfl.com/image/upload/f_auto,q_auto/league/u61eijcazx9o4lb0lwp3",16166
Trey Amos,WAS,DB,23,Mississippi,Mississippi; Alabama; Louisiana,6-1,190,1,24.6,WAS,61,2025,RES,"https://static.www.nfl.com/image/upload/f_auto,q_auto/league/cxabcu8nz9p6k6sqsw4t",4574689
Treylon Burks,WAS,WR,13,Arkansas,Arkansas,6-2,225,4,26.5,TEN,18,2022,ACT,"https://static.www.nfl.com/image/upload/f_auto,q_auto/league/bmozbzdxgnnwdniuvgnn",4567156
Tyler Ott,WAS,LS,69,Harvard,Harvard,6-3,253,12,34.6,,,2014,ACT,"https://static.www.nfl.com/image/upload/f_auto,q_auto/league/qlrzepni32ykh7rjkdcy",
Tyler Owens,WAS,DB,18,Texas Tech,Texas Tech; Texas,6-2,213,2,25.4,,,2024,ACT,"https://static.www.nfl.com/image/upload/f_auto,q_auto/league/rxf3jhkiysfn1vi91kvv",4572460
Van Jefferson,WAS,WR,12,Florida,Florida; Mississippi,6-1,197,6,30.2,LAR,57,2020,DEV,"https://static.www.nfl.com/image/upload/f_auto,q_auto/league/inwxk1xlvzculj8m3pah",3930066
