week,game,player,team,opp,type,detail,miles,venue
1,NE@SEA,Cooper Kupp,SEA,NE,home state,"born in Yakima, WA — home-state game at Lumen Field (Seattle, WA)",110,Lumen Field
1,SF@LAR,Demarcus Robinson,SF,LAR,revenge,"faces LAR, his team in 2024",,Melbourne Cricket Ground
1,SF@LAR,Jake Brendel,SF,LAR,birthday,plays on his birthday (2026-09-10) — turns 34,,Melbourne Cricket Ground
1,CHI@CAR,Darren Waller,CAR,CHI,birthday,plays on his birthday (2026-09-13) — turns 34,,Bank of America Stadium
1,CHI@CAR,Xavier Legette,CAR,CHI,college town,"South Carolina campus (Columbia, SC) is 85 mi from Bank of America Stadium (Charlotte, NC)",85,Bank of America Stadium
1,TB@CIN,Joe Burrow,CIN,TB,home state,"born in Athens, OH — home-state game at Paycor Stadium (Cincinnati, OH)",130,Paycor Stadium
1,NO@DET,Juwan Johnson,NO,DET,birthday,plays on his birthday (2026-09-13) — turns 30,,Ford Field
1,NO@DET,Isaac TeSlaa,DET,NO,home state,"born in Hudsonville, MI — home-state game at Ford Field (Detroit, MI)",148,Ford Field
1,BAL@IND,Chris Moore,BAL,IND,college town,"Cincinnati campus (Cincinnati, OH) is 98 mi from Lucas Oil Stadium (Indianapolis, IN)",98,Lucas Oil Stadium
1,BAL@IND,Alec Pierce,IND,BAL,college town,"Cincinnati campus (Cincinnati, OH) is 98 mi from Lucas Oil Stadium (Indianapolis, IN)",98,Lucas Oil Stadium
1,CLE@JAX,Raheim Sanders,CLE,JAX,home state,"born in Rockledge, FL — home-state game at EverBank Stadium (Jacksonville, FL)",147,EverBank Stadium
1,CLE@JAX,Jerry Jeudy,CLE,JAX,home state,"born in Deerfield Beach, FL — home-state game at EverBank Stadium (Jacksonville, FL)",292,EverBank Stadium
1,ATL@PIT,Jahan Dotson,ATL,PIT,home state,"born in Nazareth, PA — home-state game at Acrisure Stadium (Pittsburgh, PA)",248,Acrisure Stadium
1,ATL@PIT,Kyle Pitts,ATL,PIT,home state,"born in Philadelphia, PA — home-state game at Acrisure Stadium (Pittsburgh, PA)",258,Acrisure Stadium
1,NYJ@TEN,Tony Pollard,TEN,NYJ,home state,"born in Memphis, TN — home-state game at Nissan Stadium (Nashville, TN)",197,Nissan Stadium
1,ARI@LAC,Tyler Allgeier,ARI,LAC,homecoming,"born in Fontana, CA — 53 mi from SoFi Stadium (Inglewood, CA)",53,SoFi Stadium
1,ARI@LAC,Michael Wilson,ARI,LAC,homecoming,"born in Simi Valley, CA — 33 mi from SoFi Stadium (Inglewood, CA)",33,SoFi Stadium
1,GB@MIN,Aaron Jones,MIN,GB,revenge,"faces GB, the team that drafted him",,U.S. Bank Stadium
1,WAS@PHI,Kaytron Allen,WAS,PHI,college town,"Penn State campus (University Park, PA) is 4 mi from Lincoln Financial Field (Philadelphia, PA)",4,Lincoln Financial Field
1,WAS@PHI,Saquon Barkley,PHI,WAS,homecoming,"born in Coplay, PA — 56 mi from Lincoln Financial Field (Philadelphia, PA)",56,Lincoln Financial Field
1,WAS@PHI,Saquon Barkley,PHI,WAS,college town,"Penn State campus (University Park, PA) is 4 mi from Lincoln Financial Field (Philadelphia, PA)",4,Lincoln Financial Field
1,DAL@NYG,Luke Schoonmaker,DAL,NYG,homecoming,"born in Hamden, CT — 73 mi from MetLife Stadium (East Rutherford, NJ)",73,MetLife Stadium
1,DAL@NYG,Theo Johnson,NYG,DAL,college town,"Penn State campus (University Park, PA) is 84 mi from MetLife Stadium (East Rutherford, NJ)",84,MetLife Stadium
2,DET@BUF,Josh Palmer,BUF,DET,homecoming,"born in Brampton, ON — 80 mi from Highmark Stadium (Orchard Park, NY)",80,Highmark Stadium
2,CAR@ATL,Darren Waller,CAR,ATL,homecoming,"born in Acworth, GA — 27 mi from Mercedes-Benz Stadium (Atlanta, GA)",27,Mercedes-Benz Stadium
2,CAR@ATL,Darren Waller,CAR,ATL,college town,"Georgia Tech campus (Atlanta, GA) is 1 mi from Mercedes-Benz Stadium (Atlanta, GA)",1,Mercedes-Benz Stadium
2,CAR@ATL,Tommy Tremble,CAR,ATL,homecoming,"born in Johns Creek, GA — 22 mi from Mercedes-Benz Stadium (Atlanta, GA)",22,Mercedes-Benz Stadium
2,CAR@ATL,Zachariah Branch,ATL,CAR,college town,"Georgia campus (Athens, GA) is 60 mi from Mercedes-Benz Stadium (Atlanta, GA)",60,Mercedes-Benz Stadium
2,CAR@ATL,Charlie Woerner,ATL,CAR,homecoming,"born in Tiger, GA — 96 mi from Mercedes-Benz Stadium (Atlanta, GA)",96,Mercedes-Benz Stadium
2,CAR@ATL,Charlie Woerner,ATL,CAR,college town,"Georgia campus (Athens, GA) is 60 mi from Mercedes-Benz Stadium (Atlanta, GA)",60,Mercedes-Benz Stadium
2,NO@BAL,Juwan Johnson,NO,BAL,homecoming,"born in Glassboro, NJ — 86 mi from M&T Bank Stadium (Baltimore, MD)",86,M&T Bank Stadium
2,MIN@CHI,Cole Kmet,CHI,MIN,homecoming,"born in Lake Barrington, IL — 37 mi from Soldier Field (Chicago, IL)",37,Soldier Field
2,MIN@CHI,Cole Kmet,CHI,MIN,college town,"Notre Dame campus (Notre Dame, IN) is 72 mi from Soldier Field (Chicago, IL)",72,Soldier Field
2,CIN@HOU,Samaje Perine,CIN,HOU,home state,"born in Pflugerville, TX — home-state game at Reliant Stadium (Houston, TX)",142,Reliant Stadium
2,PIT@NE,Pat Freiermuth,PIT,NE,homecoming,"born in Merrimac, MA — 53 mi from Gillette Stadium (Foxborough, MA)",53,Gillette Stadium
2,GB@NYJ,Bo Melton,GB,NYJ,home state,"born in Mays Landing, NJ — home-state game at MetLife Stadium (East Rutherford, NJ)",100,MetLife Stadium
2,GB@NYJ,Bo Melton,GB,NYJ,college town,"Rutgers campus (Piscataway, NJ) is 28 mi from MetLife Stadium (East Rutherford, NJ)",28,MetLife Stadium
2,GB@NYJ,Jeremy Ruckert,NYJ,GB,homecoming,"born in Lindenhurst, NY — 38 mi from MetLife Stadium (East Rutherford, NJ)",38,MetLife Stadium
2,CLE@TB,Raheim Sanders,CLE,TB,home state,"born in Rockledge, FL — home-state game at Raymond James Stadium (Tampa, FL)",111,Raymond James Stadium
2,CLE@TB,Jerry Jeudy,CLE,TB,home state,"born in Deerfield Beach, FL — home-state game at Raymond James Stadium (Tampa, FL)",187,Raymond James Stadium
2,CLE@TB,Baker Mayfield,TB,CLE,revenge,"faces CLE, the team that drafted him",,Raymond James Stadium
2,PHI@TEN,Tony Pollard,TEN,PHI,home state,"born in Memphis, TN — home-state game at Nissan Stadium (Nashville, TN)",197,Nissan Stadium
2,JAX@DEN,Evan Engram,DEN,JAX,revenge,"faces JAX, his team in 2024",,Empower Field at Mile High
2,LV@LAC,Jalen Nailor,LV,LAC,homecoming,"born in Palmdale, CA — 45 mi from SoFi Stadium (Inglewood, CA)",45,SoFi Stadium
2,WAS@DAL,Emari Demercado,DAL,WAS,college town,"TCU campus (Fort Worth, TX) is 13 mi from AT&T Stadium (Arlington, TX)",13,AT&T Stadium
2,WAS@DAL,KaVontae Turpin,DAL,WAS,college town,"TCU campus (Fort Worth, TX) is 13 mi from AT&T Stadium (Arlington, TX)",13,AT&T Stadium
2,WAS@DAL,CeeDee Lamb,DAL,WAS,home state,"born in Richmond, TX — home-state game at AT&T Stadium (Arlington, TX)",232,AT&T Stadium
2,MIA@SF,Greg Dulcich,MIA,SF,home state,"born in Glendale, CA — home-state game at Levi's Stadium (Santa Clara, CA)",307,Levi's Stadium
2,MIA@SF,Bradley Pinion,MIA,SF,revenge,"faces SF, the team that drafted him",,Levi's Stadium
2,MIA@SF,Christian McCaffrey,SF,MIA,college town,"Stanford campus (Stanford, CA) is 11 mi from Levi's Stadium (Santa Clara, CA)",11,Levi's Stadium
2,NYG@LAR,Cam Skattebo,NYG,LAR,home state,"born in Rio Linda, CA — home-state game at SoFi Stadium (Inglewood, CA)",370,SoFi Stadium
2,NYG@LAR,Najee Harris,NYG,LAR,home state,"born in Antioch, CA — home-state game at SoFi Stadium (Inglewood, CA)",340,SoFi Stadium
2,NYG@LAR,Davante Adams,LAR,NYG,home state,"born in Palo Alto, CA — home-state game at SoFi Stadium (Inglewood, CA)",322,SoFi Stadium
2,NYG@LAR,Colby Parkinson,LAR,NYG,homecoming,"born in Simi Valley, CA — 33 mi from SoFi Stadium (Inglewood, CA)",33,SoFi Stadium
2,NYG@LAR,Xavier Smith,LAR,NYG,birthday,plays on his birthday (2026-09-21) — turns 29,,SoFi Stadium
3,CAR@CLE,Mitchell Evans,CAR,CLE,homecoming,"born in Wadsworth, OH — 33 mi from Huntington Bank Field (Cleveland, OH)",33,Huntington Bank Field
3,CAR@CLE,Harold Fannin,CLE,CAR,homecoming,"born in Canton, OH — 52 mi from Huntington Bank Field (Cleveland, OH)",52,Huntington Bank Field
3,NYJ@DET,Isaac TeSlaa,DET,NYJ,home state,"born in Hudsonville, MI — home-state game at Ford Field (Detroit, MI)",148,Ford Field
3,HOU@IND,David Montgomery,HOU,IND,homecoming,"born in Cincinnati, OH — 98 mi from Lucas Oil Stadium (Indianapolis, IN)",98,Lucas Oil Stadium
3,NE@JAX,DeMario Douglas,NE,JAX,homecoming,"born in Jacksonville, FL — 1 mi from EverBank Stadium (Jacksonville, FL)",1,EverBank Stadium
3,KC@MIA,Tyquan Thornton,KC,MIA,homecoming,"born in Miami, FL — 13 mi from Hard Rock Stadium (Miami Gardens, FL)",13,Hard Rock Stadium
3,KC@MIA,Brashard Smith,KC,MIA,homecoming,"born in Richmond Heights, FL — 24 mi from Hard Rock Stadium (Miami Gardens, FL)",24,Hard Rock Stadium
3,TEN@NYG,Wan'Dale Robinson,TEN,NYG,revenge,"faces NYG, his team in 2025",,MetLife Stadium
3,TEN@NYG,Daniel Bellinger,TEN,NYG,revenge,"faces NYG, his team in 2025",,MetLife Stadium
3,SEA@WAS,Stefon Diggs,WAS,SEA,homecoming,"born in Gaithersburg, MD — 24 mi from Northwest Stadium (Landover, MD)",24,Northwest Stadium
3,SEA@WAS,Stefon Diggs,WAS,SEA,college town,"Maryland campus (College Park, MD) is 6 mi from Northwest Stadium (Landover, MD)",6,Northwest Stadium
3,ARI@SF,Michael Wilson,ARI,SF,home state,"born in Simi Valley, CA — home-state game at Levi's Stadium (Santa Clara, CA)",281,Levi's Stadium
3,ARI@SF,Michael Wilson,ARI,SF,college town,"Stanford campus (Stanford, CA) is 11 mi from Levi's Stadium (Santa Clara, CA)",11,Levi's Stadium
3,ARI@SF,Kendrick Bourne,ARI,SF,revenge,"faces SF, his team in 2025",,Levi's Stadium
3,ARI@SF,Elijah Higgins,ARI,SF,college town,"Stanford campus (Stanford, CA) is 11 mi from Levi's Stadium (Santa Clara, CA)",11,Levi's Stadium
3,ARI@SF,Tyler Allgeier,ARI,SF,home state,"born in Fontana, CA — home-state game at Levi's Stadium (Santa Clara, CA)",342,Levi's Stadium
3,ARI@SF,Christian McCaffrey,SF,ARI,college town,"Stanford campus (Stanford, CA) is 11 mi from Levi's Stadium (Santa Clara, CA)",11,Levi's Stadium
3,LV@NO,Travis Etienne,NO,LV,home state,"born in Jennings, LA — home-state game at Caesars Superdome (New Orleans, LA)",155,Caesars Superdome
3,LAR@DEN,Terrance Ferguson,LAR,DEN,homecoming,"born in Littleton, CO — 9 mi from Empower Field at Mile High (Denver, CO)",9,Empower Field at Mile High
3,PHI@CHI,Cole Kmet,CHI,PHI,homecoming,"born in Lake Barrington, IL — 37 mi from Soldier Field (Chicago, IL)",37,Soldier Field
3,PHI@CHI,Cole Kmet,CHI,PHI,college town,"Notre Dame campus (Notre Dame, IN) is 72 mi from Soldier Field (Chicago, IL)",72,Soldier Field
4,PIT@CLE,Jaleel McLaughlin,CLE,PIT,college town,"Youngstown State campus (Youngstown, OH) is 61 mi from Huntington Bank Field (Cleveland, OH)",61,Huntington Bank Field
4,PIT@CLE,Harold Fannin,CLE,PIT,homecoming,"born in Canton, OH — 52 mi from Huntington Bank Field (Cleveland, OH)",52,Huntington Bank Field
4,TEN@BAL,Nicholas Singleton,TEN,BAL,homecoming,"born in Shillington, PA — 79 mi from M&T Bank Stadium (Baltimore, MD)",79,M&T Bank Stadium
4,TEN@BAL,Nicholas Singleton,TEN,BAL,college town,"Penn State campus (University Park, PA) is 89 mi from M&T Bank Stadium (Baltimore, MD)",89,M&T Bank Stadium
4,TEN@BAL,Derrick Henry,BAL,TEN,revenge,"faces TEN, the team that drafted him",,M&T Bank Stadium
4,TEN@BAL,Matthew Hibner,BAL,TEN,homecoming,"born in Burke, VA — 48 mi from M&T Bank Stadium (Baltimore, MD)",48,M&T Bank Stadium
4,TEN@BAL,Elijah Sarratt,BAL,TEN,homecoming,"born in Stafford, VA — 73 mi from M&T Bank Stadium (Baltimore, MD)",73,M&T Bank Stadium
4,NE@BUF,Mack Hollins,NE,BUF,revenge,"faces BUF, his team in 2024",,Highmark Stadium
4,NE@BUF,Josh Palmer,BUF,NE,homecoming,"born in Brampton, ON — 80 mi from Highmark Stadium (Orchard Park, NY)",80,Highmark Stadium
4,NYJ@CHI,Cole Kmet,CHI,NYJ,homecoming,"born in Lake Barrington, IL — 37 mi from Soldier Field (Chicago, IL)",37,Soldier Field
4,NYJ@CHI,Cole Kmet,CHI,NYJ,college town,"Notre Dame campus (Notre Dame, IN) is 72 mi from Soldier Field (Chicago, IL)",72,Soldier Field
4,JAX@CIN,Chris Rodriguez,JAX,CIN,college town,"Kentucky campus (Lexington, KY) is 77 mi from Paycor Stadium (Cincinnati, OH)",77,Paycor Stadium
4,JAX@CIN,Joe Burrow,CIN,JAX,home state,"born in Athens, OH — home-state game at Paycor Stadium (Cincinnati, OH)",130,Paycor Stadium
4,DAL@HOU,CeeDee Lamb,DAL,HOU,homecoming,"born in Richmond, TX — 22 mi from Reliant Stadium (Houston, TX)",22,Reliant Stadium
4,DAL@HOU,Dalton Schultz,HOU,DAL,revenge,"faces DAL, the team that drafted him",,Reliant Stadium
4,ARI@NYG,Marvin Harrison Jr.,ARI,NYG,homecoming,"born in Philadelphia, PA — 83 mi from MetLife Stadium (East Rutherford, NJ)",83,MetLife Stadium
4,ARI@NYG,Theo Johnson,NYG,ARI,college town,"Penn State campus (University Park, PA) is 84 mi from MetLife Stadium (East Rutherford, NJ)",84,MetLife Stadium
4,LAR@PHI,Saquon Barkley,PHI,LAR,homecoming,"born in Coplay, PA — 56 mi from Lincoln Financial Field (Philadelphia, PA)",56,Lincoln Financial Field
4,LAR@PHI,Saquon Barkley,PHI,LAR,college town,"Penn State campus (University Park, PA) is 4 mi from Lincoln Financial Field (Philadelphia, PA)",4,Lincoln Financial Field
4,GB@TB,Christian Watson,GB,TB,homecoming,"born in Tampa, FL — 3 mi from Raymond James Stadium (Tampa, FL)",3,Raymond James Stadium
4,GB@TB,Jonnu Smith,GB,TB,homecoming,"born in Ocala, FL — 87 mi from Raymond James Stadium (Tampa, FL)",87,Raymond James Stadium
4,LAC@SEA,Cooper Kupp,SEA,LAC,home state,"born in Yakima, WA — home-state game at Lumen Field (Seattle, WA)",110,Lumen Field
4,DEN@SF,Christian McCaffrey,SF,DEN,college town,"Stanford campus (Stanford, CA) is 11 mi from Levi's Stadium (Santa Clara, CA)",11,Levi's Stadium
4,DEN@SF,Brandin Cooks,SF,DEN,homecoming,"born in Stockton, CA — 53 mi from Levi's Stadium (Santa Clara, CA)",53,Levi's Stadium
4,ATL@NO,Barion Brown,NO,ATL,college town,"LSU campus (Baton Rouge, LA) is 74 mi from Caesars Superdome (New Orleans, LA)",74,Caesars Superdome
5,TB@DAL,Baker Mayfield,TB,DAL,home state,"born in Austin, TX — home-state game at AT&T Stadium (Arlington, TX)",176,AT&T Stadium
5,TB@DAL,Emari Demercado,DAL,TB,college town,"TCU campus (Fort Worth, TX) is 13 mi from AT&T Stadium (Arlington, TX)",13,AT&T Stadium
5,TB@DAL,CeeDee Lamb,DAL,TB,home state,"born in Richmond, TX — home-state game at AT&T Stadium (Arlington, TX)",232,AT&T Stadium
5,TB@DAL,KaVontae Turpin,DAL,TB,college town,"TCU campus (Fort Worth, TX) is 13 mi from AT&T Stadium (Arlington, TX)",13,AT&T Stadium
5,PHI@JAX,Tank Bigsby,PHI,JAX,revenge,"faces JAX, his team in 2024",,Tottenham Hotspur Stadium
5,PHI@JAX,Johnny Mundt,PHI,JAX,revenge,"faces JAX, his team in 2025",,Tottenham Hotspur Stadium
5,CIN@MIA,Mike Gesicki,CIN,MIA,revenge,"faces MIA, the team that drafted him",,Hard Rock Stadium
5,LV@NE,Dylan Laube,LV,NE,college town,"New Hampshire campus (Durham, NH) is 74 mi from Gillette Stadium (Foxborough, MA)",74,Gillette Stadium
5,MIN@NO,Justin Jefferson,MIN,NO,homecoming,"born in Saint Rose, LA — 14 mi from Caesars Superdome (New Orleans, LA)",14,Caesars Superdome
5,MIN@NO,Justin Jefferson,MIN,NO,college town,"LSU campus (Baton Rouge, LA) is 74 mi from Caesars Superdome (New Orleans, LA)",74,Caesars Superdome
5,MIN@NO,Travis Etienne Jr.,NO,MIN,home state,"born in Jennings, LA — home-state game at Caesars Superdome (New Orleans, LA)",155,Caesars Superdome
5,MIN@NO,Barion Brown,NO,MIN,college town,"LSU campus (Baton Rouge, LA) is 74 mi from Caesars Superdome (New Orleans, LA)",74,Caesars Superdome
5,CLE@NYJ,Malachi Corley,CLE,NYJ,revenge,"faces NYJ, his team in 2024",,MetLife Stadium
5,CLE@NYJ,Michael Burton,CLE,NYJ,homecoming,"born in Long Valley, NJ — 37 mi from MetLife Stadium (East Rutherford, NJ)",37,MetLife Stadium
5,CLE@NYJ,Michael Burton,CLE,NYJ,college town,"Rutgers campus (Piscataway, NJ) is 28 mi from MetLife Stadium (East Rutherford, NJ)",28,MetLife Stadium
5,CLE@NYJ,Arian Smith,NYJ,CLE,birthday,plays on his birthday (2026-10-11) — turns 25,,MetLife Stadium
5,CLE@NYJ,Jeremy Ruckert,NYJ,CLE,homecoming,"born in Lindenhurst, NY — 38 mi from MetLife Stadium (East Rutherford, NJ)",38,MetLife Stadium
5,IND@PIT,Ashton Dulin,IND,PIT,college town,"Malone campus (Canton, OH) is 75 mi from Acrisure Stadium (Pittsburgh, PA)",75,Acrisure Stadium
5,IND@PIT,Will Howard,PIT,IND,home state,"born in Downingtown, PA — home-state game at Acrisure Stadium (Pittsburgh, PA)",230,Acrisure Stadium
5,IND@PIT,Eli Heidenreich,PIT,IND,homecoming,"born in Pittsburgh, PA — 1 mi from Acrisure Stadium (Pittsburgh, PA)",1,Acrisure Stadium
5,IND@PIT,Michael Pittman Jr.,PIT,IND,revenge,"faces IND, his team in 2025",,Acrisure Stadium
5,HOU@TEN,Tony Pollard,TEN,HOU,home state,"born in Memphis, TN — home-state game at Nissan Stadium (Nashville, TN)",197,Nissan Stadium
5,NYG@WAS,Stefon Diggs,WAS,NYG,homecoming,"born in Gaithersburg, MD — 24 mi from Northwest Stadium (Landover, MD)",24,Northwest Stadium
5,NYG@WAS,Stefon Diggs,WAS,NYG,college town,"Maryland campus (College Park, MD) is 6 mi from Northwest Stadium (Landover, MD)",6,Northwest Stadium
5,NYG@WAS,Chig Okonkwo,WAS,NYG,college town,"Maryland campus (College Park, MD) is 6 mi from Northwest Stadium (Landover, MD)",6,Northwest Stadium
5,DEN@LAC,J.K. Dobbins,DEN,LAC,revenge,"faces LAC, his team in 2024",,SoFi Stadium
5,DEN@LAC,Jonah Coleman,DEN,LAC,home state,"born in Stockton, CA — home-state game at SoFi Stadium (Inglewood, CA)",322,SoFi Stadium
5,DEN@LAC,Troy Franklin,DEN,LAC,home state,"born in East Palo Alto, CA — home-state game at SoFi Stadium (Inglewood, CA)",323,SoFi Stadium
5,DEN@LAC,Adam Prentice,DEN,LAC,home state,"born in Fresno, CA — home-state game at SoFi Stadium (Inglewood, CA)",209,SoFi Stadium
5,DEN@LAC,DJ Uiagalelei,LAC,DEN,homecoming,"born in Inland Empire, CA — 54 mi from SoFi Stadium (Inglewood, CA)",54,SoFi Stadium
5,SF@SEA,Cooper Kupp,SEA,SF,home state,"born in Yakima, WA — home-state game at Lumen Field (Seattle, WA)",110,Lumen Field
5,SF@SEA,Eric Saubert,SEA,SF,revenge,"faces SF, his team in 2024",,Lumen Field
5,BAL@ATL,Lamar Jackson,BAL,ATL,revenge,"faces ATL, his team in 2024",,Mercedes-Benz Stadium
5,BAL@ATL,Rashod Bateman,BAL,ATL,home state,"born in Tifton, GA — home-state game at Mercedes-Benz Stadium (Atlanta, GA)",168,Mercedes-Benz Stadium
5,BAL@ATL,Cooper Rush,ATL,BAL,revenge,"faces BAL, his team in 2025",,Mercedes-Benz Stadium
5,BAL@ATL,Trey Sermon,ATL,BAL,homecoming,"born in Marietta, GA — 16 mi from Mercedes-Benz Stadium (Atlanta, GA)",16,Mercedes-Benz Stadium
5,BAL@ATL,Zachariah Branch,ATL,BAL,college town,"Georgia campus (Athens, GA) is 60 mi from Mercedes-Benz Stadium (Atlanta, GA)",60,Mercedes-Benz Stadium
5,BAL@ATL,Charlie Woerner,ATL,BAL,homecoming,"born in Tiger, GA — 96 mi from Mercedes-Benz Stadium (Atlanta, GA)",96,Mercedes-Benz Stadium
5,BAL@ATL,Charlie Woerner,ATL,BAL,college town,"Georgia campus (Athens, GA) is 60 mi from Mercedes-Benz Stadium (Atlanta, GA)",60,Mercedes-Benz Stadium
5,BUF@LAR,Josh Allen,BUF,LAR,home state,"born in Firebaugh, CA — home-state game at SoFi Stadium (Inglewood, CA)",168,SoFi Stadium
5,BUF@LAR,Ray Davis,BUF,LAR,home state,"born in San Francisco, CA — home-state game at SoFi Stadium (Inglewood, CA)",349,SoFi Stadium
5,BUF@LAR,Khalil Shakir,BUF,LAR,homecoming,"born in Murrieta, CA — 70 mi from SoFi Stadium (Inglewood, CA)",70,SoFi Stadium
5,BUF@LAR,Keleki Latu,BUF,LAR,home state,"born in Sacramento, CA — home-state game at SoFi Stadium (Inglewood, CA)",365,SoFi Stadium
5,BUF@LAR,Ronnie Rivers,LAR,BUF,home state,"born in Brentwood, CA — home-state game at SoFi Stadium (Inglewood, CA)",333,SoFi Stadium
5,BUF@LAR,Alex Bachman,LAR,BUF,homecoming,"born in Westlake Village, CA — 30 mi from SoFi Stadium (Inglewood, CA)",30,SoFi Stadium
5,BUF@LAR,Davante Adams,LAR,BUF,home state,"born in Palo Alto, CA — home-state game at SoFi Stadium (Inglewood, CA)",322,SoFi Stadium
5,BUF@LAR,Colby Parkinson,LAR,BUF,homecoming,"born in Simi Valley, CA — 33 mi from SoFi Stadium (Inglewood, CA)",33,SoFi Stadium
6,SEA@DEN,Drew Lock,SEA,DEN,revenge,"faces DEN, the team that drafted him",,Empower Field at Mile High
6,SEA@DEN,Tory Horton,SEA,DEN,college town,"Colorado State campus (Fort Collins, CO) is 58 mi from Empower Field at Mile High (Denver, CO)",58,Empower Field at Mile High
6,SEA@DEN,Brady Russell,SEA,DEN,homecoming,"born in Fort Collins, CO — 58 mi from Empower Field at Mile High (Denver, CO)",58,Empower Field at Mile High
6,SEA@DEN,Brady Russell,SEA,DEN,college town,"Colorado campus (Boulder, CO) is 23 mi from Empower Field at Mile High (Denver, CO)",23,Empower Field at Mile High
6,CHI@ATL,D'Andre Swift,CHI,ATL,college town,"Georgia campus (Athens, GA) is 60 mi from Mercedes-Benz Stadium (Atlanta, GA)",60,Mercedes-Benz Stadium
6,CHI@ATL,Brittain Brown,CHI,ATL,homecoming,"born in Canton, GA — 34 mi from Mercedes-Benz Stadium (Atlanta, GA)",34,Mercedes-Benz Stadium
6,CHI@ATL,Kalif Raymond,CHI,ATL,homecoming,"born in Lawrenceville, GA — 27 mi from Mercedes-Benz Stadium (Atlanta, GA)",27,Mercedes-Benz Stadium
6,CHI@ATL,Trey Sermon,ATL,CHI,homecoming,"born in Marietta, GA — 16 mi from Mercedes-Benz Stadium (Atlanta, GA)",16,Mercedes-Benz Stadium
6,CHI@ATL,Zachariah Branch,ATL,CHI,college town,"Georgia campus (Athens, GA) is 60 mi from Mercedes-Benz Stadium (Atlanta, GA)",60,Mercedes-Benz Stadium
6,CHI@ATL,Olamide Zaccheaus,ATL,CHI,revenge,"faces CHI, his team in 2025",,Mercedes-Benz Stadium
6,CHI@ATL,Charlie Woerner,ATL,CHI,homecoming,"born in Tiger, GA — 96 mi from Mercedes-Benz Stadium (Atlanta, GA)",96,Mercedes-Benz Stadium
6,CHI@ATL,Charlie Woerner,ATL,CHI,college town,"Georgia campus (Athens, GA) is 60 mi from Mercedes-Benz Stadium (Atlanta, GA)",60,Mercedes-Benz Stadium
6,BAL@CLE,Rasheen Ali,BAL,CLE,homecoming,"born in Cleveland, OH — 1 mi from Huntington Bank Field (Cleveland, OH)",1,Huntington Bank Field
6,BAL@CLE,Taylen Green,CLE,BAL,birthday,plays on his birthday (2026-10-18) — turns 24,,Huntington Bank Field
6,BAL@CLE,Jaleel McLaughlin,CLE,BAL,college town,"Youngstown State campus (Youngstown, OH) is 61 mi from Huntington Bank Field (Cleveland, OH)",61,Huntington Bank Field
6,BAL@CLE,Tylan Wallace,CLE,BAL,revenge,"faces BAL, his team in 2025",,Huntington Bank Field
6,BAL@CLE,Harold Fannin Jr.,CLE,BAL,homecoming,"born in Canton, OH — 52 mi from Huntington Bank Field (Cleveland, OH)",52,Huntington Bank Field
6,BAL@CLE,Joe Royer,CLE,BAL,home state,"born in Cincinnati, OH — home-state game at Huntington Bank Field (Cleveland, OH)",221,Huntington Bank Field
6,TEN@IND,Kylen Granson,TEN,IND,revenge,"faces IND, his team in 2024",,Lucas Oil Stadium
6,TEN@IND,Nick Westbrook-Ikhine,IND,TEN,college town,"Indiana campus (Bloomington, IN) is 45 mi from Lucas Oil Stadium (Indianapolis, IN)",45,Lucas Oil Stadium
6,TEN@IND,Nick Westbrook-Ikhine,IND,TEN,revenge,"faces TEN, his team in 2024",,Lucas Oil Stadium
6,TEN@IND,Alec Pierce,IND,TEN,college town,"Cincinnati campus (Cincinnati, OH) is 98 mi from Lucas Oil Stadium (Indianapolis, IN)",98,Lucas Oil Stadium
6,NO@NYG,Mason Tipton,NO,NYG,college town,"Yale campus (New Haven, CT) is 69 mi from MetLife Stadium (East Rutherford, NJ)",69,MetLife Stadium
6,NO@NYG,Juwan Johnson,NO,NYG,homecoming,"born in Glassboro, NJ — 94 mi from MetLife Stadium (East Rutherford, NJ)",94,MetLife Stadium
6,NO@NYG,Jake Haener,NYG,NO,revenge,"faces NO, his team in 2025",,MetLife Stadium
6,NO@NYG,Theo Johnson,NYG,NO,college town,"Penn State campus (University Park, PA) is 84 mi from MetLife Stadium (East Rutherford, NJ)",84,MetLife Stadium
6,NO@NYG,Chris Manhertz,NYG,NO,homecoming,"born in Bronx, NY — 11 mi from MetLife Stadium (East Rutherford, NJ)",11,MetLife Stadium
6,CAR@PHI,Kenny Pickett,CAR,PHI,homecoming,"born in Oakhurst, NJ — 66 mi from Lincoln Financial Field (Philadelphia, PA)",66,Lincoln Financial Field
6,CAR@PHI,Kenny Pickett,CAR,PHI,revenge,"faces PHI, his team in 2024",,Lincoln Financial Field
6,CAR@PHI,AJ Dillon,CAR,PHI,revenge,"faces PHI, his team in 2025",,Lincoln Financial Field
6,CAR@PHI,Andy Dalton,PHI,CAR,revenge,"faces CAR, his team in 2025",,Lincoln Financial Field
6,CAR@PHI,Saquon Barkley,PHI,CAR,homecoming,"born in Coplay, PA — 56 mi from Lincoln Financial Field (Philadelphia, PA)",56,Lincoln Financial Field
6,CAR@PHI,Saquon Barkley,PHI,CAR,college town,"Penn State campus (University Park, PA) is 4 mi from Lincoln Financial Field (Philadelphia, PA)",4,Lincoln Financial Field
6,PIT@TB,Travis Homer,PIT,TB,home state,"born in West Palm Beach, FL — home-state game at Raymond James Stadium (Tampa, FL)",174,Raymond James Stadium
6,ARI@LAR,Tyler Allgeier,ARI,LAR,homecoming,"born in Fontana, CA — 53 mi from SoFi Stadium (Inglewood, CA)",53,SoFi Stadium
6,ARI@LAR,Michael Wilson,ARI,LAR,homecoming,"born in Simi Valley, CA — 33 mi from SoFi Stadium (Inglewood, CA)",33,SoFi Stadium
6,ARI@LAR,Hunter Long,ARI,LAR,revenge,"faces LAR, his team in 2024",,SoFi Stadium
6,ARI@LAR,Ronnie Rivers,LAR,ARI,home state,"born in Brentwood, CA — home-state game at SoFi Stadium (Inglewood, CA)",333,SoFi Stadium
6,ARI@LAR,Alex Bachman,LAR,ARI,homecoming,"born in Westlake Village, CA — 30 mi from SoFi Stadium (Inglewood, CA)",30,SoFi Stadium
6,ARI@LAR,Davante Adams,LAR,ARI,home state,"born in Palo Alto, CA — home-state game at SoFi Stadium (Inglewood, CA)",322,SoFi Stadium
6,ARI@LAR,Colby Parkinson,LAR,ARI,homecoming,"born in Simi Valley, CA — 33 mi from SoFi Stadium (Inglewood, CA)",33,SoFi Stadium
6,LAC@KC,Patrick Herbert,LAC,KC,birthday,plays on his birthday (2026-10-18) — turns 26,,GEHA Field at Arrowhead Stadium
6,BUF@LV,Dalton Kincaid,BUF,LV,homecoming,"born in Las Vegas, NV — 6 mi from Allegiant Stadium (Las Vegas, NV)",6,Allegiant Stadium
6,BUF@LV,Dalton Kincaid,BUF,LV,birthday,plays on his birthday (2026-10-18) — turns 27,,Allegiant Stadium
6,DAL@GB,Jake Ferguson,DAL,GB,home state,"born in Madison, WI — home-state game at Lambeau Field (Green Bay, WI)",119,Lambeau Field
6,DAL@GB,Hunter Luepke,DAL,GB,home state,"born in Spencer, WI — home-state game at Lambeau Field (Green Bay, WI)",111,Lambeau Field
6,WAS@SF,Jayden Daniels,WAS,SF,home state,"born in San Bernardino, CA — home-state game at Levi's Stadium (Santa Clara, CA)",347,Levi's Stadium
6,WAS@SF,Christian McCaffrey,SF,WAS,college town,"Stanford campus (Stanford, CA) is 11 mi from Levi's Stadium (Santa Clara, CA)",11,Levi's Stadium
6,WAS@SF,Deebo Samuel Sr.,SF,WAS,revenge,"faces WAS, his team in 2025",,Levi's Stadium
6,WAS@SF,Brandon Aiyuk,SF,WAS,home state,"born in Rocklin, CA — home-state game at Levi's Stadium (Santa Clara, CA)",104,Levi's Stadium
6,WAS@SF,Brandin Cooks,SF,WAS,homecoming,"born in Stockton, CA — 53 mi from Levi's Stadium (Santa Clara, CA)",53,Levi's Stadium
6,WAS@SF,Jake Tonges,SF,WAS,homecoming,"born in Los Gatos, CA — 12 mi from Levi's Stadium (Santa Clara, CA)",12,Levi's Stadium
6,WAS@SF,Jake Tonges,SF,WAS,college town,"California campus (Berkeley, CA) is 36 mi from Levi's Stadium (Santa Clara, CA)",36,Levi's Stadium
7,NE@CHI,TreVeyon Henderson,NE,CHI,birthday,plays on his birthday (2026-10-22) — turns 24,,Soldier Field
7,NE@CHI,Eli Raridon,NE,CHI,college town,"Notre Dame campus (Notre Dame, IN) is 72 mi from Soldier Field (Chicago, IL)",72,Soldier Field
7,NE@CHI,Cole Kmet,CHI,NE,homecoming,"born in Lake Barrington, IL — 37 mi from Soldier Field (Chicago, IL)",37,Soldier Field
7,NE@CHI,Cole Kmet,CHI,NE,college town,"Notre Dame campus (Notre Dame, IN) is 72 mi from Soldier Field (Chicago, IL)",72,Soldier Field
7,PIT@NO,Pat Freiermuth,PIT,NO,birthday,plays on his birthday (2026-10-25) — turns 28,,Stade de France
7,SF@ATL,Kurtis Rourke,SF,ATL,birthday,plays on his birthday (2026-10-25) — turns 26,,Mercedes-Benz Stadium
7,SF@ATL,Demarcus Robinson,SF,ATL,homecoming,"born in Fort Valley, GA — 88 mi from Mercedes-Benz Stadium (Atlanta, GA)",88,Mercedes-Benz Stadium
7,SF@ATL,Brian Robinson Jr.,ATL,SF,revenge,"faces SF, his team in 2025",,Mercedes-Benz Stadium
7,SF@ATL,Trey Sermon,ATL,SF,homecoming,"born in Marietta, GA — 16 mi from Mercedes-Benz Stadium (Atlanta, GA)",16,Mercedes-Benz Stadium
7,SF@ATL,Trey Sermon,ATL,SF,revenge,"faces SF, the team that drafted him",,Mercedes-Benz Stadium
7,SF@ATL,Zachariah Branch,ATL,SF,college town,"Georgia campus (Athens, GA) is 60 mi from Mercedes-Benz Stadium (Atlanta, GA)",60,Mercedes-Benz Stadium
7,SF@ATL,Charlie Woerner,ATL,SF,homecoming,"born in Tiger, GA — 96 mi from Mercedes-Benz Stadium (Atlanta, GA)",96,Mercedes-Benz Stadium
7,SF@ATL,Charlie Woerner,ATL,SF,college town,"Georgia campus (Athens, GA) is 60 mi from Mercedes-Benz Stadium (Atlanta, GA)",60,Mercedes-Benz Stadium
7,SF@ATL,Charlie Woerner,ATL,SF,revenge,"faces SF, the team that drafted him",,Mercedes-Benz Stadium
7,CIN@BAL,Joe Flacco,CIN,BAL,homecoming,"born in Audubon, NJ — 93 mi from M&T Bank Stadium (Baltimore, MD)",93,M&T Bank Stadium
7,CIN@BAL,Joe Flacco,CIN,BAL,college town,"Delaware campus (Newark, DE) is 54 mi from M&T Bank Stadium (Baltimore, MD)",54,M&T Bank Stadium
7,CIN@BAL,Joe Flacco,CIN,BAL,revenge,"faces BAL, the team that drafted him",,M&T Bank Stadium
7,CIN@BAL,Mitchell Tinsley,CIN,BAL,college town,"Penn State campus (University Park, PA) is 89 mi from M&T Bank Stadium (Baltimore, MD)",89,M&T Bank Stadium
7,CIN@BAL,Mike Gesicki,CIN,BAL,college town,"Penn State campus (University Park, PA) is 89 mi from M&T Bank Stadium (Baltimore, MD)",89,M&T Bank Stadium
7,CIN@BAL,Elijah Sarratt,BAL,CIN,homecoming,"born in Stafford, VA — 73 mi from M&T Bank Stadium (Baltimore, MD)",73,M&T Bank Stadium
7,CIN@BAL,Matthew Hibner,BAL,CIN,homecoming,"born in Burke, VA — 48 mi from M&T Bank Stadium (Baltimore, MD)",48,M&T Bank Stadium
7,TB@CAR,Sean Tucker,TB,CAR,birthday,plays on his birthday (2026-10-25) — turns 25,,Bank of America Stadium
7,TB@CAR,Kameron Johnson,TB,CAR,home state,"born in Rocky Mount, NC — home-state game at Bank of America Stadium (Charlotte, NC)",179,Bank of America Stadium
7,TB@CAR,Xavier Legette,CAR,TB,college town,"South Carolina campus (Columbia, SC) is 85 mi from Bank of America Stadium (Charlotte, NC)",85,Bank of America Stadium
7,NYG@HOU,Braxton Berrios,NYG,HOU,revenge,"faces HOU, his team in 2025",,Reliant Stadium
7,NYG@HOU,Gunner Olszewski,NYG,HOU,homecoming,"born in Alvin, TX — 21 mi from Reliant Stadium (Houston, TX)",21,Reliant Stadium
7,NYG@HOU,Tank Dell,HOU,NYG,college town,"Houston campus (Houston, TX) is 6 mi from Reliant Stadium (Houston, TX)",6,Reliant Stadium
7,IND@MIN,Daniel Jones,IND,MIN,revenge,"faces MIN, his team in 2024",,U.S. Bank Stadium
7,IND@MIN,Laquon Treadwell,IND,MIN,revenge,"faces MIN, the team that drafted him",,U.S. Bank Stadium
7,IND@MIN,Max Brosmer,MIN,IND,college town,"Minnesota campus (Minneapolis, MN) is 1 mi from U.S. Bank Stadium (Minneapolis, MN)",1,U.S. Bank Stadium
7,MIA@NYJ,Kyle McCord,MIA,NYJ,homecoming,"born in Mount Laurel, NJ — 74 mi from MetLife Stadium (East Rutherford, NJ)",74,MetLife Stadium
7,MIA@NYJ,Brady Cook,MIA,NYJ,revenge,"faces NYJ, his team in 2025",,MetLife Stadium
7,MIA@NYJ,Justin Joly,MIA,NYJ,homecoming,"born in Brewster, NY — 47 mi from MetLife Stadium (East Rutherford, NJ)",47,MetLife Stadium
7,MIA@NYJ,Jeremy Ruckert,NYJ,MIA,homecoming,"born in Lindenhurst, NY — 38 mi from MetLife Stadium (East Rutherford, NJ)",38,MetLife Stadium
7,CLE@TEN,Malachi Corley,CLE,TEN,college town,"Western Kentucky campus (Bowling Green, KY) is 60 mi from Nissan Stadium (Nashville, TN)",60,Nissan Stadium
7,CLE@TEN,Tony Pollard,TEN,CLE,home state,"born in Memphis, TN — home-state game at Nissan Stadium (Nashville, TN)",197,Nissan Stadium
7,GB@DET,Jayden Reed,GB,DET,college town,"Michigan State campus (East Lansing, MI) is 78 mi from Ford Field (Detroit, MI)",78,Ford Field
7,GB@DET,Isaac TeSlaa,DET,GB,home state,"born in Hudsonville, MI — home-state game at Ford Field (Detroit, MI)",148,Ford Field
7,GB@DET,Tyler Conklin,DET,GB,homecoming,"born in Chesterfield, MI — 28 mi from Ford Field (Detroit, MI)",28,Ford Field
7,LAR@LV,Alex Bachman,LAR,LV,revenge,"faces LV, his team in 2025",,Allegiant Stadium
7,KC@SEA,Kenneth Walker III,KC,SEA,revenge,"faces SEA, his team in 2025",,Lumen Field
7,KC@SEA,Cooper Kupp,SEA,KC,home state,"born in Yakima, WA — home-state game at Lumen Field (Seattle, WA)",110,Lumen Field
7,DAL@PHI,Sam Howell,DAL,PHI,revenge,"faces PHI, his team in 2025",,Lincoln Financial Field
7,DAL@PHI,Cole Payton,PHI,DAL,birthday,plays on his birthday (2026-10-26) — turns 24,,Lincoln Financial Field
7,DAL@PHI,Saquon Barkley,PHI,DAL,homecoming,"born in Coplay, PA — 56 mi from Lincoln Financial Field (Philadelphia, PA)",56,Lincoln Financial Field
7,DAL@PHI,Saquon Barkley,PHI,DAL,college town,"Penn State campus (University Park, PA) is 4 mi from Lincoln Financial Field (Philadelphia, PA)",4,Lincoln Financial Field
8,CAR@GB,AJ Dillon,CAR,GB,revenge,"faces GB, his team in 2024",,Lambeau Field
8,BAL@BUF,Skyler Bell,BUF,BAL,home state,"born in Bronx, NY — home-state game at Highmark Stadium (Orchard Park, NY)",286,Highmark Stadium
8,TEN@CIN,Mitchell Trubisky,TEN,CIN,home state,"born in Mentor, OH — home-state game at Paycor Stadium (Cincinnati, OH)",244,Paycor Stadium
8,TEN@CIN,Wan'Dale Robinson,TEN,CIN,homecoming,"born in Frankfort, KY — 65 mi from Paycor Stadium (Cincinnati, OH)",65,Paycor Stadium
8,TEN@CIN,Wan'Dale Robinson,TEN,CIN,college town,"Kentucky campus (Lexington, KY) is 77 mi from Paycor Stadium (Cincinnati, OH)",77,Paycor Stadium
8,TEN@CIN,Joe Burrow,CIN,TEN,home state,"born in Athens, OH — home-state game at Paycor Stadium (Cincinnati, OH)",130,Paycor Stadium
8,TEN@CIN,Erick All Jr.,CIN,TEN,homecoming,"born in Fairfield, OH — 17 mi from Paycor Stadium (Cincinnati, OH)",17,Paycor Stadium
8,ARI@DAL,Jalen Brooks,ARI,DAL,revenge,"faces DAL, his team in 2024",,AT&T Stadium
8,ARI@DAL,Simi Fehoko,ARI,DAL,revenge,"faces DAL, the team that drafted him",,AT&T Stadium
8,ARI@DAL,Devin Duvernay,ARI,DAL,homecoming,"born in Sachse, TX — 33 mi from AT&T Stadium (Arlington, TX)",33,AT&T Stadium
8,ARI@DAL,Elijah Higgins,ARI,DAL,home state,"born in Austin, TX — home-state game at AT&T Stadium (Arlington, TX)",176,AT&T Stadium
8,ARI@DAL,Emari Demercado,DAL,ARI,college town,"TCU campus (Fort Worth, TX) is 13 mi from AT&T Stadium (Arlington, TX)",13,AT&T Stadium
8,ARI@DAL,Emari Demercado,DAL,ARI,revenge,"faces ARI, his team in 2025",,AT&T Stadium
8,ARI@DAL,CeeDee Lamb,DAL,ARI,home state,"born in Richmond, TX — home-state game at AT&T Stadium (Arlington, TX)",232,AT&T Stadium
8,ARI@DAL,KaVontae Turpin,DAL,ARI,college town,"TCU campus (Fort Worth, TX) is 13 mi from AT&T Stadium (Arlington, TX)",13,AT&T Stadium
8,MIN@DET,T.J. Hockenson,MIN,DET,revenge,"faces DET, the team that drafted him",,Ford Field
8,MIN@DET,Max Bredeson,MIN,DET,college town,"Michigan campus (Ann Arbor, MI) is 36 mi from Ford Field (Detroit, MI)",36,Ford Field
8,MIN@DET,Isaac TeSlaa,DET,MIN,home state,"born in Hudsonville, MI — home-state game at Ford Field (Detroit, MI)",148,Ford Field
8,MIN@DET,Tyler Conklin,DET,MIN,homecoming,"born in Chesterfield, MI — 28 mi from Ford Field (Detroit, MI)",28,Ford Field
8,MIN@DET,Tyler Conklin,DET,MIN,revenge,"faces MIN, the team that drafted him",,Ford Field
8,IND@JAX,Anthony Richardson Sr.,IND,JAX,homecoming,"born in Gainesville, FL — 62 mi from EverBank Stadium (Jacksonville, FL)",62,EverBank Stadium
8,IND@JAX,Anthony Richardson Sr.,IND,JAX,college town,"Florida campus (Gainesville, FL) is 62 mi from EverBank Stadium (Jacksonville, FL)",62,EverBank Stadium
8,IND@JAX,Nick Westbrook-Ikhine,IND,JAX,home state,"born in Lake Mary, FL — home-state game at EverBank Stadium (Jacksonville, FL)",110,EverBank Stadium
8,IND@JAX,Will Mallory,IND,JAX,homecoming,"born in Jacksonville, FL — 1 mi from EverBank Stadium (Jacksonville, FL)",1,EverBank Stadium
8,IND@JAX,Ameer Abdullah,JAX,IND,revenge,"faces IND, his team in 2025",,EverBank Stadium
8,LV@NYJ,Dylan Laube,LV,NYJ,homecoming,"born in Westhampton, NY — 74 mi from MetLife Stadium (East Rutherford, NJ)",74,MetLife Stadium
8,LV@NYJ,Chris Collier,LV,NYJ,homecoming,"born in Lawrence, NY — 23 mi from MetLife Stadium (East Rutherford, NJ)",23,MetLife Stadium
8,LV@NYJ,Geno Smith,NYJ,LV,revenge,"faces LV, his team in 2025",,MetLife Stadium
8,LV@NYJ,Jeremy Ruckert,NYJ,LV,homecoming,"born in Lindenhurst, NY — 38 mi from MetLife Stadium (East Rutherford, NJ)",38,MetLife Stadium
8,CLE@PIT,Jaleel McLaughlin,CLE,PIT,college town,"Youngstown State campus (Youngstown, OH) is 56 mi from Acrisure Stadium (Pittsburgh, PA)",56,Acrisure Stadium
8,CLE@PIT,Harold Fannin Jr.,CLE,PIT,homecoming,"born in Canton, OH — 75 mi from Acrisure Stadium (Pittsburgh, PA)",75,Acrisure Stadium
8,CLE@PIT,Will Howard,PIT,CLE,home state,"born in Downingtown, PA — home-state game at Acrisure Stadium (Pittsburgh, PA)",230,Acrisure Stadium
8,CLE@PIT,Jaylen Warren,PIT,CLE,birthday,plays on his birthday (2026-11-01) — turns 28,,Acrisure Stadium
8,CLE@PIT,Eli Heidenreich,PIT,CLE,homecoming,"born in Pittsburgh, PA — 1 mi from Acrisure Stadium (Pittsburgh, PA)",1,Acrisure Stadium
8,ATL@TB,Michael Penix Jr.,ATL,TB,homecoming,"born in Tampa, FL — 3 mi from Raymond James Stadium (Tampa, FL)",3,Raymond James Stadium
8,ATL@TB,Easton Stick,TB,ATL,revenge,"faces ATL, his team in 2025",,Raymond James Stadium
8,ATL@TB,David Sills V,TB,ATL,revenge,"faces ATL, his team in 2025",,Raymond James Stadium
8,LAC@LAR,DJ Uiagalelei,LAC,LAR,homecoming,"born in Inland Empire, CA — 54 mi from SoFi Stadium (Inglewood, CA)",54,SoFi Stadium
8,LAC@LAR,Ronnie Rivers,LAR,LAC,home state,"born in Brentwood, CA — home-state game at SoFi Stadium (Inglewood, CA)",333,SoFi Stadium
8,LAC@LAR,Alex Bachman,LAR,LAC,homecoming,"born in Westlake Village, CA — 30 mi from SoFi Stadium (Inglewood, CA)",30,SoFi Stadium
8,LAC@LAR,Davante Adams,LAR,LAC,home state,"born in Palo Alto, CA — home-state game at SoFi Stadium (Inglewood, CA)",322,SoFi Stadium
8,LAC@LAR,Colby Parkinson,LAR,LAC,homecoming,"born in Simi Valley, CA — 33 mi from SoFi Stadium (Inglewood, CA)",33,SoFi Stadium
8,NE@MIA,Myles Montgomery,NE,MIA,home state,"born in Jacksonville, FL — home-state game at Hard Rock Stadium (Miami Gardens, FL)",314,Hard Rock Stadium
8,NE@MIA,DeMario Douglas,NE,MIA,home state,"born in Jacksonville, FL — home-state game at Hard Rock Stadium (Miami Gardens, FL)",314,Hard Rock Stadium
8,PHI@WAS,Zach Ertz,PHI,WAS,revenge,"faces WAS, his team in 2025",,Northwest Stadium
8,PHI@WAS,E.J. Jenkins,PHI,WAS,homecoming,"born in Fredericksburg, VA — 53 mi from Northwest Stadium (Landover, MD)",53,Northwest Stadium
8,PHI@WAS,Stefon Diggs,WAS,PHI,homecoming,"born in Gaithersburg, MD — 24 mi from Northwest Stadium (Landover, MD)",24,Northwest Stadium
8,PHI@WAS,Stefon Diggs,WAS,PHI,college town,"Maryland campus (College Park, MD) is 6 mi from Northwest Stadium (Landover, MD)",6,Northwest Stadium
8,PHI@WAS,Dyami Brown,WAS,PHI,birthday,plays on his birthday (2026-11-01) — turns 27,,Northwest Stadium
8,PHI@WAS,Chig Okonkwo,WAS,PHI,college town,"Maryland campus (College Park, MD) is 6 mi from Northwest Stadium (Landover, MD)",6,Northwest Stadium
8,CHI@SEA,Brittain Brown,CHI,SEA,revenge,"faces SEA, his team in 2024",,Lumen Field
8,CHI@SEA,Rome Odunze,CHI,SEA,college town,"Washington campus (Seattle, WA) is 1 mi from Lumen Field (Seattle, WA)",1,Lumen Field
8,CHI@SEA,Velus Jones Jr.,SEA,CHI,revenge,"faces CHI, the team that drafted him",,Lumen Field
8,CHI@SEA,Cooper Kupp,SEA,CHI,home state,"born in Yakima, WA — home-state game at Lumen Field (Seattle, WA)",110,Lumen Field
9,JAX@BAL,Bhayshul Tuten,JAX,BAL,homecoming,"born in Paulsboro, NJ — 83 mi from M&T Bank Stadium (Baltimore, MD)",83,M&T Bank Stadium
9,JAX@BAL,LeQuint Allen Jr.,JAX,BAL,homecoming,"born in Millville, NJ — 85 mi from M&T Bank Stadium (Baltimore, MD)",85,M&T Bank Stadium
9,JAX@BAL,Parker Washington,JAX,BAL,college town,"Penn State campus (University Park, PA) is 89 mi from M&T Bank Stadium (Baltimore, MD)",89,M&T Bank Stadium
9,JAX@BAL,Brenton Strange,JAX,BAL,college town,"Penn State campus (University Park, PA) is 89 mi from M&T Bank Stadium (Baltimore, MD)",89,M&T Bank Stadium
9,JAX@BAL,Elijah Sarratt,BAL,JAX,homecoming,"born in Stafford, VA — 73 mi from M&T Bank Stadium (Baltimore, MD)",73,M&T Bank Stadium
9,JAX@BAL,Matthew Hibner,BAL,JAX,homecoming,"born in Burke, VA — 48 mi from M&T Bank Stadium (Baltimore, MD)",48,M&T Bank Stadium
9,DEN@CAR,Nate Adkins,DEN,CAR,college town,"South Carolina campus (Columbia, SC) is 85 mi from Bank of America Stadium (Charlotte, NC)",85,Bank of America Stadium
9,DEN@CAR,Adam Prentice,DEN,CAR,college town,"South Carolina campus (Columbia, SC) is 85 mi from Bank of America Stadium (Charlotte, NC)",85,Bank of America Stadium
9,DEN@CAR,Xavier Legette,CAR,DEN,college town,"South Carolina campus (Columbia, SC) is 85 mi from Bank of America Stadium (Charlotte, NC)",85,Bank of America Stadium
9,DAL@IND,Tyler Goodson,DAL,IND,revenge,"faces IND, his team in 2025",,Lucas Oil Stadium
9,DAL@IND,Nick Westbrook-Ikhine,IND,DAL,college town,"Indiana campus (Bloomington, IN) is 45 mi from Lucas Oil Stadium (Indianapolis, IN)",45,Lucas Oil Stadium
9,DAL@IND,Alec Pierce,IND,DAL,college town,"Cincinnati campus (Cincinnati, OH) is 98 mi from Lucas Oil Stadium (Indianapolis, IN)",98,Lucas Oil Stadium
9,NYJ@KC,Isaiah Davis,NYJ,KC,home state,"born in Joplin, MO — home-state game at GEHA Field at Arrowhead Stadium (Kansas City, MO)",136,GEHA Field at Arrowhead Stadium
9,NYJ@KC,Isaiah Williams,NYJ,KC,home state,"born in St. Louis, MO — home-state game at GEHA Field at Arrowhead Stadium (Kansas City, MO)",232,GEHA Field at Arrowhead Stadium
9,NYJ@KC,Justin Fields,KC,NYJ,revenge,"faces NYJ, his team in 2025",,GEHA Field at Arrowhead Stadium
9,CLE@NO,Dylan Sampson,CLE,NO,homecoming,"born in Baton Rouge, LA — 74 mi from Caesars Superdome (New Orleans, LA)",74,Caesars Superdome
9,CLE@NO,Travis Etienne Jr.,NO,CLE,home state,"born in Jennings, LA — home-state game at Caesars Superdome (New Orleans, LA)",155,Caesars Superdome
9,CLE@NO,Barion Brown,NO,CLE,college town,"LSU campus (Baton Rouge, LA) is 74 mi from Caesars Superdome (New Orleans, LA)",74,Caesars Superdome
9,NYG@PHI,Theo Johnson,NYG,PHI,college town,"Penn State campus (University Park, PA) is 4 mi from Lincoln Financial Field (Philadelphia, PA)",4,Lincoln Financial Field
9,NYG@PHI,Chris Manhertz,NYG,PHI,homecoming,"born in Bronx, NY — 95 mi from Lincoln Financial Field (Philadelphia, PA)",95,Lincoln Financial Field
9,NYG@PHI,Saquon Barkley,PHI,NYG,homecoming,"born in Coplay, PA — 56 mi from Lincoln Financial Field (Philadelphia, PA)",56,Lincoln Financial Field
9,NYG@PHI,Saquon Barkley,PHI,NYG,college town,"Penn State campus (University Park, PA) is 4 mi from Lincoln Financial Field (Philadelphia, PA)",4,Lincoln Financial Field
9,NYG@PHI,Saquon Barkley,PHI,NYG,revenge,"faces NYG, the team that drafted him",,Lincoln Financial Field
9,LAR@WAS,Blake Corum,LAR,WAS,homecoming,"born in Marshall, VA — 54 mi from Northwest Stadium (Landover, MD)",54,Northwest Stadium
9,LAR@WAS,Stefon Diggs,WAS,LAR,homecoming,"born in Gaithersburg, MD — 24 mi from Northwest Stadium (Landover, MD)",24,Northwest Stadium
9,LAR@WAS,Stefon Diggs,WAS,LAR,college town,"Maryland campus (College Park, MD) is 6 mi from Northwest Stadium (Landover, MD)",6,Northwest Stadium
9,LAR@WAS,Chig Okonkwo,WAS,LAR,college town,"Maryland campus (College Park, MD) is 6 mi from Northwest Stadium (Landover, MD)",6,Northwest Stadium
9,HOU@LAC,C.J. Stroud,HOU,LAC,homecoming,"born in Inland Empire, CA — 54 mi from SoFi Stadium (Inglewood, CA)",54,SoFi Stadium
9,HOU@LAC,Woody Marks,HOU,LAC,college town,"USC campus (Los Angeles, CA) is 9 mi from SoFi Stadium (Inglewood, CA)",9,SoFi Stadium
9,HOU@LAC,DJ Uiagalelei,LAC,HOU,homecoming,"born in Inland Empire, CA — 54 mi from SoFi Stadium (Inglewood, CA)",54,SoFi Stadium
9,LV@SF,Jalen Nailor,LV,SF,home state,"born in Palmdale, CA — home-state game at Levi's Stadium (Santa Clara, CA)",291,Levi's Stadium
9,LV@SF,Brock Bowers,LV,SF,homecoming,"born in Napa, CA — 64 mi from Levi's Stadium (Santa Clara, CA)",64,Levi's Stadium
9,LV@SF,Christian McCaffrey,SF,LV,college town,"Stanford campus (Stanford, CA) is 11 mi from Levi's Stadium (Santa Clara, CA)",11,Levi's Stadium
9,LV@SF,Brandon Aiyuk,SF,LV,home state,"born in Rocklin, CA — home-state game at Levi's Stadium (Santa Clara, CA)",104,Levi's Stadium
9,LV@SF,Brandin Cooks,SF,LV,homecoming,"born in Stockton, CA — 53 mi from Levi's Stadium (Santa Clara, CA)",53,Levi's Stadium
9,LV@SF,Jake Tonges,SF,LV,homecoming,"born in Los Gatos, CA — 12 mi from Levi's Stadium (Santa Clara, CA)",12,Levi's Stadium
9,LV@SF,Jake Tonges,SF,LV,college town,"California campus (Berkeley, CA) is 36 mi from Levi's Stadium (Santa Clara, CA)",36,Levi's Stadium
9,GB@NE,Romeo Doubs,NE,GB,revenge,"faces GB, his team in 2025",,Gillette Stadium
9,ARI@SEA,Cooper Kupp,SEA,ARI,home state,"born in Yakima, WA — home-state game at Lumen Field (Seattle, WA)",110,Lumen Field
9,TB@CHI,Bucky Irving,TB,CHI,homecoming,"born in Chicago, IL — 2 mi from Soldier Field (Chicago, IL)",2,Soldier Field
9,TB@CHI,Cole Kmet,CHI,TB,homecoming,"born in Lake Barrington, IL — 37 mi from Soldier Field (Chicago, IL)",37,Soldier Field
9,TB@CHI,Cole Kmet,CHI,TB,college town,"Notre Dame campus (Notre Dame, IN) is 72 mi from Soldier Field (Chicago, IL)",72,Soldier Field
9,BUF@MIN,Max Brosmer,MIN,BUF,college town,"Minnesota campus (Minneapolis, MN) is 1 mi from U.S. Bank Stadium (Minneapolis, MN)",1,U.S. Bank Stadium
10,WAS@NYG,Athan Kaliakmanis,WAS,NYG,college town,"Rutgers campus (Piscataway, NJ) is 28 mi from MetLife Stadium (East Rutherford, NJ)",28,MetLife Stadium
10,WAS@NYG,Kaytron Allen,WAS,NYG,college town,"Penn State campus (University Park, PA) is 84 mi from MetLife Stadium (East Rutherford, NJ)",84,MetLife Stadium
10,WAS@NYG,Theo Johnson,NYG,WAS,college town,"Penn State campus (University Park, PA) is 84 mi from MetLife Stadium (East Rutherford, NJ)",84,MetLife Stadium
10,WAS@NYG,Chris Manhertz,NYG,WAS,homecoming,"born in Bronx, NY — 11 mi from MetLife Stadium (East Rutherford, NJ)",11,MetLife Stadium
10,NE@DET,Joshua Dobbs,DET,NE,revenge,"faces NE, his team in 2025",,FC Bayern Munich Stadium
10,KC@ATL,Justin Fields,KC,ATL,homecoming,"born in Kennesaw, GA — 22 mi from Mercedes-Benz Stadium (Atlanta, GA)",22,Mercedes-Benz Stadium
10,KC@ATL,Jalen Royals,KC,ATL,homecoming,"born in Powder Springs, GA — 18 mi from Mercedes-Benz Stadium (Atlanta, GA)",18,Mercedes-Benz Stadium
10,KC@ATL,Trey Sermon,ATL,KC,homecoming,"born in Marietta, GA — 16 mi from Mercedes-Benz Stadium (Atlanta, GA)",16,Mercedes-Benz Stadium
10,KC@ATL,Zachariah Branch,ATL,KC,college town,"Georgia campus (Athens, GA) is 60 mi from Mercedes-Benz Stadium (Atlanta, GA)",60,Mercedes-Benz Stadium
10,KC@ATL,Charlie Woerner,ATL,KC,homecoming,"born in Tiger, GA — 96 mi from Mercedes-Benz Stadium (Atlanta, GA)",96,Mercedes-Benz Stadium
10,KC@ATL,Charlie Woerner,ATL,KC,college town,"Georgia campus (Athens, GA) is 60 mi from Mercedes-Benz Stadium (Atlanta, GA)",60,Mercedes-Benz Stadium
10,HOU@CLE,David Montgomery,HOU,CLE,home state,"born in Cincinnati, OH — home-state game at Huntington Bank Field (Cleveland, OH)",221,Huntington Bank Field
10,HOU@CLE,Cade Stover,HOU,CLE,homecoming,"born in Mansfield, OH — 67 mi from Huntington Bank Field (Cleveland, OH)",67,Huntington Bank Field
10,HOU@CLE,Deshaun Watson,CLE,HOU,revenge,"faces HOU, the team that drafted him",,Huntington Bank Field
10,HOU@CLE,Jaleel McLaughlin,CLE,HOU,college town,"Youngstown State campus (Youngstown, OH) is 61 mi from Huntington Bank Field (Cleveland, OH)",61,Huntington Bank Field
10,HOU@CLE,Harold Fannin Jr.,CLE,HOU,homecoming,"born in Canton, OH — 52 mi from Huntington Bank Field (Cleveland, OH)",52,Huntington Bank Field
10,HOU@CLE,Joe Royer,CLE,HOU,home state,"born in Cincinnati, OH — home-state game at Huntington Bank Field (Cleveland, OH)",221,Huntington Bank Field
10,MIN@GB,Aaron Jones Sr.,MIN,GB,revenge,"faces GB, the team that drafted him",,Lambeau Field
10,MIN@GB,Max Bredeson,MIN,GB,homecoming,"born in Hartland, WI — 97 mi from Lambeau Field (Green Bay, WI)",97,Lambeau Field
10,MIA@IND,Nick Westbrook-Ikhine,IND,MIA,college town,"Indiana campus (Bloomington, IN) is 45 mi from Lucas Oil Stadium (Indianapolis, IN)",45,Lucas Oil Stadium
10,MIA@IND,Nick Westbrook-Ikhine,IND,MIA,revenge,"faces MIA, his team in 2025",,Lucas Oil Stadium
10,MIA@IND,Alec Pierce,IND,MIA,college town,"Cincinnati campus (Cincinnati, OH) is 98 mi from Lucas Oil Stadium (Indianapolis, IN)",98,Lucas Oil Stadium
10,CAR@NO,Trevor Etienne,CAR,NO,home state,"born in Jennings, LA — home-state game at Caesars Superdome (New Orleans, LA)",155,Caesars Superdome
10,CAR@NO,Travis Etienne Jr.,NO,CAR,home state,"born in Jennings, LA — home-state game at Caesars Superdome (New Orleans, LA)",155,Caesars Superdome
10,CAR@NO,Barion Brown,NO,CAR,college town,"LSU campus (Baton Rouge, LA) is 74 mi from Caesars Superdome (New Orleans, LA)",74,Caesars Superdome
10,BUF@NYJ,DJ Moore,BUF,NYJ,homecoming,"born in Philadelphia, PA — 83 mi from MetLife Stadium (East Rutherford, NJ)",83,MetLife Stadium
10,BUF@NYJ,Skyler Bell,BUF,NYJ,homecoming,"born in Bronx, NY — 11 mi from MetLife Stadium (East Rutherford, NJ)",11,MetLife Stadium
10,BUF@NYJ,Jeremy Ruckert,NYJ,BUF,homecoming,"born in Lindenhurst, NY — 38 mi from MetLife Stadium (East Rutherford, NJ)",38,MetLife Stadium
10,JAX@TEN,Tony Pollard,TEN,JAX,home state,"born in Memphis, TN — home-state game at Nissan Stadium (Nashville, TN)",197,Nissan Stadium
10,LAR@ARI,Hunter Long,ARI,LAR,revenge,"faces LAR, his team in 2024",,State Farm Stadium
10,SEA@LV,Dareke Young,LV,SEA,revenge,"faces SEA, his team in 2025",,Allegiant Stadium
10,SEA@LV,Cody White,LV,SEA,revenge,"faces SEA, his team in 2025",,Allegiant Stadium
10,SF@DAL,Mike Evans,SF,DAL,home state,"born in Galveston, TX — home-state game at AT&T Stadium (Arlington, TX)",274,AT&T Stadium
10,SF@DAL,Brandin Cooks,SF,DAL,revenge,"faces DAL, his team in 2024",,AT&T Stadium
10,SF@DAL,Brayden Willis,SF,DAL,homecoming,"born in Arlington, TX — 1 mi from AT&T Stadium (Arlington, TX)",1,AT&T Stadium
10,SF@DAL,Emari Demercado,DAL,SF,college town,"TCU campus (Fort Worth, TX) is 13 mi from AT&T Stadium (Arlington, TX)",13,AT&T Stadium
10,SF@DAL,CeeDee Lamb,DAL,SF,home state,"born in Richmond, TX — home-state game at AT&T Stadium (Arlington, TX)",232,AT&T Stadium
10,SF@DAL,KaVontae Turpin,DAL,SF,college town,"TCU campus (Fort Worth, TX) is 13 mi from AT&T Stadium (Arlington, TX)",13,AT&T Stadium
10,PIT@CIN,Drew Allar,PIT,CIN,home state,"born in Medina, OH — home-state game at Paycor Stadium (Cincinnati, OH)",199,Paycor Stadium
10,PIT@CIN,Cole Burgess,PIT,CIN,revenge,"faces CIN, his team in 2025",,Paycor Stadium
10,PIT@CIN,Joe Burrow,CIN,PIT,home state,"born in Athens, OH — home-state game at Paycor Stadium (Cincinnati, OH)",130,Paycor Stadium
10,PIT@CIN,Erick All Jr.,CIN,PIT,homecoming,"born in Fairfield, OH — 17 mi from Paycor Stadium (Cincinnati, OH)",17,Paycor Stadium
10,LAC@BAL,Keaton Mitchell,LAC,BAL,revenge,"faces BAL, his team in 2025",,M&T Bank Stadium
10,LAC@BAL,Charlie Kolar,LAC,BAL,revenge,"faces BAL, his team in 2025",,M&T Bank Stadium
10,LAC@BAL,Hayden Rucci,LAC,BAL,homecoming,"born in Lititz, PA — 63 mi from M&T Bank Stadium (Baltimore, MD)",63,M&T Bank Stadium
10,LAC@BAL,Elijah Sarratt,BAL,LAC,homecoming,"born in Stafford, VA — 73 mi from M&T Bank Stadium (Baltimore, MD)",73,M&T Bank Stadium
10,LAC@BAL,Matthew Hibner,BAL,LAC,homecoming,"born in Burke, VA — 48 mi from M&T Bank Stadium (Baltimore, MD)",48,M&T Bank Stadium
11,IND@HOU,Seth McGowan,IND,HOU,home state,"born in Mesquite, TX — home-state game at Reliant Stadium (Houston, TX)",224,Reliant Stadium
11,IND@HOU,Tank Dell,HOU,IND,college town,"Houston campus (Houston, TX) is 6 mi from Reliant Stadium (Houston, TX)",6,Reliant Stadium
11,MIA@BUF,Justin Joly,MIA,BUF,home state,"born in Brewster, NY — home-state game at Highmark Stadium (Orchard Park, NY)",282,Highmark Stadium
11,MIA@BUF,Skyler Bell,BUF,MIA,home state,"born in Bronx, NY — home-state game at Highmark Stadium (Orchard Park, NY)",286,Highmark Stadium
11,BAL@CAR,Devontez Walker,BAL,CAR,homecoming,"born in Charlotte, NC — 1 mi from Bank of America Stadium (Charlotte, NC)",1,Bank of America Stadium
11,BAL@CAR,Xavier Legette,CAR,BAL,college town,"South Carolina campus (Columbia, SC) is 85 mi from Bank of America Stadium (Charlotte, NC)",85,Bank of America Stadium
11,BAL@CAR,Darren Waller,CAR,BAL,revenge,"faces BAL, the team that drafted him",,Bank of America Stadium
11,NO@CHI,Kevin Austin Jr.,NO,CHI,college town,"Notre Dame campus (Notre Dame, IN) is 72 mi from Soldier Field (Chicago, IL)",72,Soldier Field
11,NO@CHI,Cole Kmet,CHI,NO,homecoming,"born in Lake Barrington, IL — 37 mi from Soldier Field (Chicago, IL)",37,Soldier Field
11,NO@CHI,Cole Kmet,CHI,NO,college town,"Notre Dame campus (Notre Dame, IN) is 72 mi from Soldier Field (Chicago, IL)",72,Soldier Field
11,TEN@DAL,Cam Ward,TEN,DAL,home state,"born in West Columbia, TX — home-state game at AT&T Stadium (Arlington, TX)",263,AT&T Stadium
11,TEN@DAL,Tony Pollard,TEN,DAL,revenge,"faces DAL, the team that drafted him",,AT&T Stadium
11,TEN@DAL,Kylen Granson,TEN,DAL,home state,"born in Austin, TX — home-state game at AT&T Stadium (Arlington, TX)",176,AT&T Stadium
11,TEN@DAL,Kylen Granson,TEN,DAL,college town,"SMU campus (Dallas, TX) is 17 mi from AT&T Stadium (Arlington, TX)",17,AT&T Stadium
11,TEN@DAL,Emari Demercado,DAL,TEN,college town,"TCU campus (Fort Worth, TX) is 13 mi from AT&T Stadium (Arlington, TX)",13,AT&T Stadium
11,TEN@DAL,CeeDee Lamb,DAL,TEN,home state,"born in Richmond, TX — home-state game at AT&T Stadium (Arlington, TX)",232,AT&T Stadium
11,TEN@DAL,KaVontae Turpin,DAL,TEN,college town,"TCU campus (Fort Worth, TX) is 13 mi from AT&T Stadium (Arlington, TX)",13,AT&T Stadium
11,TB@DET,Isaac TeSlaa,DET,TB,home state,"born in Hudsonville, MI — home-state game at Ford Field (Detroit, MI)",148,Ford Field
11,TB@DET,Tyler Conklin,DET,TB,homecoming,"born in Chesterfield, MI — 28 mi from Ford Field (Detroit, MI)",28,Ford Field
11,ARI@KC,Gardner Minshew II,ARI,KC,revenge,"faces KC, his team in 2025",,GEHA Field at Arrowhead Stadium
11,ARI@KC,Jeremiyah Love,ARI,KC,home state,"born in St. Louis, MO — home-state game at GEHA Field at Arrowhead Stadium (Kansas City, MO)",232,GEHA Field at Arrowhead Stadium
11,ARI@KC,Trey McBride,ARI,KC,birthday,plays on his birthday (2026-11-22) — turns 27,,GEHA Field at Arrowhead Stadium
11,JAX@NYG,Bhayshul Tuten,JAX,NYG,homecoming,"born in Paulsboro, NJ — 92 mi from MetLife Stadium (East Rutherford, NJ)",92,MetLife Stadium
11,JAX@NYG,LeQuint Allen Jr.,JAX,NYG,home state,"born in Millville, NJ — home-state game at MetLife Stadium (East Rutherford, NJ)",110,MetLife Stadium
11,JAX@NYG,Parker Washington,JAX,NYG,college town,"Penn State campus (University Park, PA) is 84 mi from MetLife Stadium (East Rutherford, NJ)",84,MetLife Stadium
11,JAX@NYG,Brenton Strange,JAX,NYG,college town,"Penn State campus (University Park, PA) is 84 mi from MetLife Stadium (East Rutherford, NJ)",84,MetLife Stadium
11,JAX@NYG,Theo Johnson,NYG,JAX,college town,"Penn State campus (University Park, PA) is 84 mi from MetLife Stadium (East Rutherford, NJ)",84,MetLife Stadium
11,JAX@NYG,Chris Manhertz,NYG,JAX,homecoming,"born in Bronx, NY — 11 mi from MetLife Stadium (East Rutherford, NJ)",11,MetLife Stadium
11,NYJ@LAC,Tim Patrick,NYJ,LAC,home state,"born in San Diego, CA — home-state game at SoFi Stadium (Inglewood, CA)",109,SoFi Stadium
11,NYJ@LAC,DJ Uiagalelei,LAC,NYJ,homecoming,"born in Inland Empire, CA — 54 mi from SoFi Stadium (Inglewood, CA)",54,SoFi Stadium
11,PIT@PHI,Will Howard,PIT,PHI,homecoming,"born in Downingtown, PA — 29 mi from Lincoln Financial Field (Philadelphia, PA)",29,Lincoln Financial Field
11,PIT@PHI,Drew Allar,PIT,PHI,college town,"Penn State campus (University Park, PA) is 4 mi from Lincoln Financial Field (Philadelphia, PA)",4,Lincoln Financial Field
11,PIT@PHI,Eli Heidenreich,PIT,PHI,home state,"born in Pittsburgh, PA — home-state game at Lincoln Financial Field (Philadelphia, PA)",258,Lincoln Financial Field
11,PIT@PHI,Eli Heidenreich,PIT,PHI,college town,"Navy campus (Annapolis, MD) is 95 mi from Lincoln Financial Field (Philadelphia, PA)",95,Lincoln Financial Field
11,PIT@PHI,Pat Freiermuth,PIT,PHI,college town,"Penn State campus (University Park, PA) is 4 mi from Lincoln Financial Field (Philadelphia, PA)",4,Lincoln Financial Field
11,PIT@PHI,Saquon Barkley,PHI,PIT,homecoming,"born in Coplay, PA — 56 mi from Lincoln Financial Field (Philadelphia, PA)",56,Lincoln Financial Field
11,PIT@PHI,Saquon Barkley,PHI,PIT,college town,"Penn State campus (University Park, PA) is 4 mi from Lincoln Financial Field (Philadelphia, PA)",4,Lincoln Financial Field
11,PIT@PHI,Darius Cooper,PHI,PIT,birthday,plays on his birthday (2026-11-22) — turns 25,,Lincoln Financial Field
11,MIN@SF,Jordan Mason,MIN,SF,revenge,"faces SF, his team in 2024",,Estadio Banorte
11,MIN@SF,Jauan Jennings,MIN,SF,revenge,"faces SF, his team in 2025",,Estadio Banorte
11,CIN@WAS,Joe Flacco,CIN,WAS,college town,"Delaware campus (Newark, DE) is 80 mi from Northwest Stadium (Landover, MD)",80,Northwest Stadium
11,CIN@WAS,Samaje Perine,CIN,WAS,revenge,"faces WAS, the team that drafted him",,Northwest Stadium
11,CIN@WAS,Mitchell Tinsley,CIN,WAS,revenge,"faces WAS, his team in 2024",,Northwest Stadium
11,CIN@WAS,Stefon Diggs,WAS,CIN,homecoming,"born in Gaithersburg, MD — 24 mi from Northwest Stadium (Landover, MD)",24,Northwest Stadium
11,CIN@WAS,Stefon Diggs,WAS,CIN,college town,"Maryland campus (College Park, MD) is 6 mi from Northwest Stadium (Landover, MD)",6,Northwest Stadium
11,CIN@WAS,Chig Okonkwo,WAS,CIN,college town,"Maryland campus (College Park, MD) is 6 mi from Northwest Stadium (Landover, MD)",6,Northwest Stadium
12,GB@LAR,Jordan Love,GB,LAR,home state,"born in Bakersfield, CA — home-state game at SoFi Stadium (Inglewood, CA)",105,SoFi Stadium
12,GB@LAR,MarShawn Lloyd,GB,LAR,college town,"USC campus (Los Angeles, CA) is 9 mi from SoFi Stadium (Inglewood, CA)",9,SoFi Stadium
12,GB@LAR,Chris Brooks,GB,LAR,homecoming,"born in Oceanside, CA — 76 mi from SoFi Stadium (Inglewood, CA)",76,SoFi Stadium
12,GB@LAR,Mark Redman,GB,LAR,revenge,"faces LAR, his team in 2025",,SoFi Stadium
12,GB@LAR,Blake Corum,LAR,GB,birthday,plays on his birthday (2026-11-25) — turns 26,,SoFi Stadium
12,GB@LAR,Ronnie Rivers,LAR,GB,home state,"born in Brentwood, CA — home-state game at SoFi Stadium (Inglewood, CA)",333,SoFi Stadium
12,GB@LAR,Alex Bachman,LAR,GB,homecoming,"born in Westlake Village, CA — 30 mi from SoFi Stadium (Inglewood, CA)",30,SoFi Stadium
12,GB@LAR,Davante Adams,LAR,GB,home state,"born in Palo Alto, CA — home-state game at SoFi Stadium (Inglewood, CA)",322,SoFi Stadium
12,GB@LAR,Davante Adams,LAR,GB,revenge,"faces GB, the team that drafted him",,SoFi Stadium
12,GB@LAR,Colby Parkinson,LAR,GB,homecoming,"born in Simi Valley, CA — 33 mi from SoFi Stadium (Inglewood, CA)",33,SoFi Stadium
12,CHI@DET,D'Andre Swift,CHI,DET,revenge,"faces DET, the team that drafted him",,Ford Field
12,CHI@DET,Jahdae Walker,CHI,DET,homecoming,"born in Cleveland, OH — 91 mi from Ford Field (Detroit, MI)",91,Ford Field
12,CHI@DET,Kalif Raymond,CHI,DET,revenge,"faces DET, his team in 2025",,Ford Field
12,CHI@DET,Colston Loveland,CHI,DET,college town,"Michigan campus (Ann Arbor, MI) is 36 mi from Ford Field (Detroit, MI)",36,Ford Field
12,CHI@DET,Isaac TeSlaa,DET,CHI,home state,"born in Hudsonville, MI — home-state game at Ford Field (Detroit, MI)",148,Ford Field
12,CHI@DET,Tyler Conklin,DET,CHI,homecoming,"born in Chesterfield, MI — 28 mi from Ford Field (Detroit, MI)",28,Ford Field
12,PHI@DAL,Jalen Hurts,PHI,DAL,home state,"born in Houston, TX — home-state game at AT&T Stadium (Arlington, TX)",230,AT&T Stadium
12,PHI@DAL,Andy Dalton,PHI,DAL,home state,"born in Katy, TX — home-state game at AT&T Stadium (Arlington, TX)",218,AT&T Stadium
12,PHI@DAL,Andy Dalton,PHI,DAL,college town,"TCU campus (Fort Worth, TX) is 13 mi from AT&T Stadium (Arlington, TX)",13,AT&T Stadium
12,PHI@DAL,Darius Cooper,PHI,DAL,college town,"Tarleton State campus (Stephenville, TX) is 74 mi from AT&T Stadium (Arlington, TX)",74,AT&T Stadium
12,PHI@DAL,Sam Howell,DAL,PHI,revenge,"faces PHI, his team in 2025",,AT&T Stadium
12,PHI@DAL,Emari Demercado,DAL,PHI,college town,"TCU campus (Fort Worth, TX) is 13 mi from AT&T Stadium (Arlington, TX)",13,AT&T Stadium
12,PHI@DAL,Malik Davis,DAL,PHI,birthday,plays on his birthday (2026-11-26) — turns 28,,AT&T Stadium
12,PHI@DAL,CeeDee Lamb,DAL,PHI,home state,"born in Richmond, TX — home-state game at AT&T Stadium (Arlington, TX)",232,AT&T Stadium
12,PHI@DAL,KaVontae Turpin,DAL,PHI,college town,"TCU campus (Fort Worth, TX) is 13 mi from AT&T Stadium (Arlington, TX)",13,AT&T Stadium
12,KC@BUF,Skyler Bell,BUF,KC,home state,"born in Bronx, NY — home-state game at Highmark Stadium (Orchard Park, NY)",286,Highmark Stadium
12,DEN@PIT,Will Howard,PIT,DEN,home state,"born in Downingtown, PA — home-state game at Acrisure Stadium (Pittsburgh, PA)",230,Acrisure Stadium
12,DEN@PIT,Eli Heidenreich,PIT,DEN,homecoming,"born in Pittsburgh, PA — 1 mi from Acrisure Stadium (Pittsburgh, PA)",1,Acrisure Stadium
12,NO@CIN,Tyler Shough,NO,CIN,college town,"Louisville campus (Louisville, KY) is 89 mi from Paycor Stadium (Cincinnati, OH)",89,Paycor Stadium
12,NO@CIN,Mason Tipton,NO,CIN,home state,"born in Akron, OH — home-state game at Paycor Stadium (Cincinnati, OH)",210,Paycor Stadium
12,NO@CIN,Noah Fant,NO,CIN,revenge,"faces CIN, his team in 2025",,Paycor Stadium
12,NO@CIN,Joe Burrow,CIN,NO,home state,"born in Athens, OH — home-state game at Paycor Stadium (Cincinnati, OH)",130,Paycor Stadium
12,NO@CIN,Erick All Jr.,CIN,NO,homecoming,"born in Fairfield, OH — 17 mi from Paycor Stadium (Cincinnati, OH)",17,Paycor Stadium
12,LV@CLE,Tre Tucker,LV,CLE,homecoming,"born in Akron, OH — 31 mi from Huntington Bank Field (Cleveland, OH)",31,Huntington Bank Field
12,LV@CLE,Jaleel McLaughlin,CLE,LV,college town,"Youngstown State campus (Youngstown, OH) is 61 mi from Huntington Bank Field (Cleveland, OH)",61,Huntington Bank Field
12,LV@CLE,Harold Fannin Jr.,CLE,LV,homecoming,"born in Canton, OH — 52 mi from Huntington Bank Field (Cleveland, OH)",52,Huntington Bank Field
12,LV@CLE,Joe Royer,CLE,LV,home state,"born in Cincinnati, OH — home-state game at Huntington Bank Field (Cleveland, OH)",221,Huntington Bank Field
12,BAL@HOU,Rashod Bateman,BAL,HOU,birthday,plays on his birthday (2026-11-29) — turns 27,,Reliant Stadium
12,BAL@HOU,Durham Smythe,BAL,HOU,home state,"born in Belton, TX — home-state game at Reliant Stadium (Houston, TX)",155,Reliant Stadium
12,BAL@HOU,Tank Dell,HOU,BAL,college town,"Houston campus (Houston, TX) is 6 mi from Reliant Stadium (Houston, TX)",6,Reliant Stadium
12,NYG@IND,Tyrone Tracy Jr.,NYG,IND,homecoming,"born in Indianapolis, IN — 1 mi from Lucas Oil Stadium (Indianapolis, IN)",1,Lucas Oil Stadium
12,NYG@IND,Tyrone Tracy Jr.,NYG,IND,college town,"Purdue campus (West Lafayette, IN) is 61 mi from Lucas Oil Stadium (Indianapolis, IN)",61,Lucas Oil Stadium
12,NYG@IND,Charlie Jones,NYG,IND,college town,"Purdue campus (West Lafayette, IN) is 61 mi from Lucas Oil Stadium (Indianapolis, IN)",61,Lucas Oil Stadium
12,NYG@IND,Daniel Jones,IND,NYG,revenge,"faces NYG, the team that drafted him",,Lucas Oil Stadium
12,NYG@IND,Nick Westbrook-Ikhine,IND,NYG,college town,"Indiana campus (Bloomington, IN) is 45 mi from Lucas Oil Stadium (Indianapolis, IN)",45,Lucas Oil Stadium
12,NYG@IND,Darius Slayton,IND,NYG,revenge,"faces NYG, his team in 2025",,Lucas Oil Stadium
12,NYG@IND,Alec Pierce,IND,NYG,college town,"Cincinnati campus (Cincinnati, OH) is 98 mi from Lucas Oil Stadium (Indianapolis, IN)",98,Lucas Oil Stadium
12,NYJ@MIA,Geno Smith,NYJ,MIA,homecoming,"born in Miami, FL — 13 mi from Hard Rock Stadium (Miami Gardens, FL)",13,Hard Rock Stadium
12,NYJ@MIA,Arian Smith,NYJ,MIA,home state,"born in Bradley, FL — home-state game at Hard Rock Stadium (Miami Gardens, FL)",166,Hard Rock Stadium
12,NYJ@MIA,Mason Taylor,NYJ,MIA,homecoming,"born in Plantation, FL — 12 mi from Hard Rock Stadium (Miami Gardens, FL)",12,Hard Rock Stadium
12,NYJ@MIA,Brady Cook,MIA,NYJ,revenge,"faces NYJ, his team in 2025",,Hard Rock Stadium
12,ATL@MIN,Jack Strand,ATL,MIN,homecoming,"born in Bloomer, WI — 87 mi from U.S. Bank Stadium (Minneapolis, MN)",87,U.S. Bank Stadium
12,ATL@MIN,Jack Strand,ATL,MIN,college town,"Minnesota State Mankato campus (Mankato, MN) is 67 mi from U.S. Bank Stadium (Minneapolis, MN)",67,U.S. Bank Stadium
12,ATL@MIN,Nick Muse,ATL,MIN,revenge,"faces MIN, the team that drafted him",,U.S. Bank Stadium
12,ATL@MIN,Max Brosmer,MIN,ATL,college town,"Minnesota campus (Minneapolis, MN) is 1 mi from U.S. Bank Stadium (Minneapolis, MN)",1,U.S. Bank Stadium
12,TEN@JAX,Calvin Ridley,TEN,JAX,home state,"born in Fort Lauderdale, FL — home-state game at EverBank Stadium (Jacksonville, FL)",304,EverBank Stadium
12,TEN@JAX,Chimere Dike,TEN,JAX,college town,"Florida campus (Gainesville, FL) is 62 mi from EverBank Stadium (Jacksonville, FL)",62,EverBank Stadium
12,WAS@ARI,Rachaad White,WAS,ARI,college town,"Arizona State campus (Tempe, AZ) is 22 mi from State Farm Stadium (Glendale, AZ)",22,State Farm Stadium
12,WAS@ARI,Stefon Diggs,WAS,ARI,birthday,plays on his birthday (2026-11-29) — turns 33,,State Farm Stadium
12,SEA@SF,Sam Darnold,SEA,SF,home state,"born in Capistrano Beach, CA — home-state game at Levi's Stadium (Santa Clara, CA)",363,Levi's Stadium
12,SEA@SF,George Holani,SEA,SF,home state,"born in Bellflower, CA — home-state game at Levi's Stadium (Santa Clara, CA)",326,Levi's Stadium
12,SEA@SF,Zach Charbonnet,SEA,SF,home state,"born in Camarillo, CA — home-state game at Levi's Stadium (Santa Clara, CA)",275,Levi's Stadium
12,SEA@SF,Tory Horton,SEA,SF,home state,"born in Fresno, CA — home-state game at Levi's Stadium (Santa Clara, CA)",129,Levi's Stadium
12,SEA@SF,Tory Horton,SEA,SF,birthday,plays on his birthday (2026-11-29) — turns 24,,Levi's Stadium
12,SEA@SF,Rashid Shaheed,SEA,SF,home state,"born in San Diego, CA — home-state game at Levi's Stadium (Santa Clara, CA)",423,Levi's Stadium
12,SEA@SF,Eric Saubert,SEA,SF,revenge,"faces SF, his team in 2024",,Levi's Stadium
12,SEA@SF,Christian McCaffrey,SF,SEA,college town,"Stanford campus (Stanford, CA) is 11 mi from Levi's Stadium (Santa Clara, CA)",11,Levi's Stadium
12,SEA@SF,Brandon Aiyuk,SF,SEA,home state,"born in Rocklin, CA — home-state game at Levi's Stadium (Santa Clara, CA)",104,Levi's Stadium
12,SEA@SF,Brandin Cooks,SF,SEA,homecoming,"born in Stockton, CA — 53 mi from Levi's Stadium (Santa Clara, CA)",53,Levi's Stadium
12,SEA@SF,Jake Tonges,SF,SEA,homecoming,"born in Los Gatos, CA — 12 mi from Levi's Stadium (Santa Clara, CA)",12,Levi's Stadium
12,SEA@SF,Jake Tonges,SF,SEA,college town,"California campus (Berkeley, CA) is 36 mi from Levi's Stadium (Santa Clara, CA)",36,Levi's Stadium
12,NE@LAC,Romeo Doubs,NE,LAC,homecoming,"born in Los Angeles, CA — 9 mi from SoFi Stadium (Inglewood, CA)",9,SoFi Stadium
12,NE@LAC,Kyle Williams,NE,LAC,homecoming,"born in Inglewood, CA — 1 mi from SoFi Stadium (Inglewood, CA)",1,SoFi Stadium
12,NE@LAC,DJ Uiagalelei,LAC,NE,homecoming,"born in Inland Empire, CA — 54 mi from SoFi Stadium (Inglewood, CA)",54,SoFi Stadium
12,CAR@TB,Feleipe Franks,CAR,TB,home state,"born in Crawfordville, FL — home-state game at Raymond James Stadium (Tampa, FL)",189,Raymond James Stadium
13,KC@LAR,Xavier Worthy,KC,LAR,home state,"born in Fresno, CA — home-state game at SoFi Stadium (Inglewood, CA)",209,SoFi Stadium
13,KC@LAR,Nikko Remigio,KC,LAR,homecoming,"born in Orange, CA — 30 mi from SoFi Stadium (Inglewood, CA)",30,SoFi Stadium
13,KC@LAR,Ronnie Rivers,LAR,KC,home state,"born in Brentwood, CA — home-state game at SoFi Stadium (Inglewood, CA)",333,SoFi Stadium
13,KC@LAR,Alex Bachman,LAR,KC,homecoming,"born in Westlake Village, CA — 30 mi from SoFi Stadium (Inglewood, CA)",30,SoFi Stadium
13,KC@LAR,Davante Adams,LAR,KC,home state,"born in Palo Alto, CA — home-state game at SoFi Stadium (Inglewood, CA)",322,SoFi Stadium
13,KC@LAR,Colby Parkinson,LAR,KC,homecoming,"born in Simi Valley, CA — 33 mi from SoFi Stadium (Inglewood, CA)",33,SoFi Stadium
13,DET@ATL,Joshua Dobbs,DET,ATL,homecoming,"born in Alpharetta, GA — 23 mi from Mercedes-Benz Stadium (Atlanta, GA)",23,Mercedes-Benz Stadium
13,DET@ATL,Jahmyr Gibbs,DET,ATL,homecoming,"born in Dalton, GA — 77 mi from Mercedes-Benz Stadium (Atlanta, GA)",77,Mercedes-Benz Stadium
13,DET@ATL,Jackson Meeks,DET,ATL,homecoming,"born in Phenix City, AL — 95 mi from Mercedes-Benz Stadium (Atlanta, GA)",95,Mercedes-Benz Stadium
13,DET@ATL,Trey Sermon,ATL,DET,homecoming,"born in Marietta, GA — 16 mi from Mercedes-Benz Stadium (Atlanta, GA)",16,Mercedes-Benz Stadium
13,DET@ATL,Zachariah Branch,ATL,DET,college town,"Georgia campus (Athens, GA) is 60 mi from Mercedes-Benz Stadium (Atlanta, GA)",60,Mercedes-Benz Stadium
13,DET@ATL,Charlie Woerner,ATL,DET,homecoming,"born in Tiger, GA — 96 mi from Mercedes-Benz Stadium (Atlanta, GA)",96,Mercedes-Benz Stadium
13,DET@ATL,Charlie Woerner,ATL,DET,college town,"Georgia campus (Athens, GA) is 60 mi from Mercedes-Benz Stadium (Atlanta, GA)",60,Mercedes-Benz Stadium
13,JAX@CHI,Tanner Koziol,JAX,CHI,homecoming,"born in Bloomingdale, IL — 25 mi from Soldier Field (Chicago, IL)",25,Soldier Field
13,JAX@CHI,Cole Kmet,CHI,JAX,homecoming,"born in Lake Barrington, IL — 37 mi from Soldier Field (Chicago, IL)",37,Soldier Field
13,JAX@CHI,Cole Kmet,CHI,JAX,college town,"Notre Dame campus (Notre Dame, IN) is 72 mi from Soldier Field (Chicago, IL)",72,Soldier Field
13,CIN@CLE,Joe Burrow,CIN,CLE,home state,"born in Athens, OH — home-state game at Huntington Bank Field (Cleveland, OH)",152,Huntington Bank Field
13,CIN@CLE,Erick All Jr.,CIN,CLE,home state,"born in Fairfield, OH — home-state game at Huntington Bank Field (Cleveland, OH)",212,Huntington Bank Field
13,CIN@CLE,Jaleel McLaughlin,CLE,CIN,college town,"Youngstown State campus (Youngstown, OH) is 61 mi from Huntington Bank Field (Cleveland, OH)",61,Huntington Bank Field
13,CIN@CLE,Denzel Boston,CLE,CIN,birthday,plays on his birthday (2026-12-06) — turns 23,,Huntington Bank Field
13,CIN@CLE,Harold Fannin Jr.,CLE,CIN,homecoming,"born in Canton, OH — 52 mi from Huntington Bank Field (Cleveland, OH)",52,Huntington Bank Field
13,CIN@CLE,Joe Royer,CLE,CIN,home state,"born in Cincinnati, OH — home-state game at Huntington Bank Field (Cleveland, OH)",221,Huntington Bank Field
13,GB@NO,Travis Etienne Jr.,NO,GB,home state,"born in Jennings, LA — home-state game at Caesars Superdome (New Orleans, LA)",155,Caesars Superdome
13,GB@NO,Barion Brown,NO,GB,college town,"LSU campus (Baton Rouge, LA) is 74 mi from Caesars Superdome (New Orleans, LA)",74,Caesars Superdome
13,SF@NYG,Theo Johnson,NYG,SF,college town,"Penn State campus (University Park, PA) is 84 mi from MetLife Stadium (East Rutherford, NJ)",84,MetLife Stadium
13,SF@NYG,Chris Manhertz,NYG,SF,homecoming,"born in Bronx, NY — 11 mi from MetLife Stadium (East Rutherford, NJ)",11,MetLife Stadium
13,LAC@TB,Marquez Valdes-Scantling,LAC,TB,homecoming,"born in St. Petersburg, FL — 18 mi from Raymond James Stadium (Tampa, FL)",18,Raymond James Stadium
13,LAC@TB,Marquez Valdes-Scantling,LAC,TB,college town,"South Florida campus (Tampa, FL) is 3 mi from Raymond James Stadium (Tampa, FL)",3,Raymond James Stadium
13,LAC@TB,Oronde Gadsden,LAC,TB,home state,"born in Fort Lauderdale, FL — home-state game at Raymond James Stadium (Tampa, FL)",194,Raymond James Stadium
13,LAC@TB,Easton Stick,TB,LAC,revenge,"faces LAC, his team in 2024",,Raymond James Stadium
13,WAS@TEN,Marcus Mariota,WAS,TEN,revenge,"faces TEN, the team that drafted him",,Nissan Stadium
13,WAS@TEN,Treylon Burks,WAS,TEN,revenge,"faces TEN, his team in 2024",,Nissan Stadium
13,WAS@TEN,Chig Okonkwo,WAS,TEN,revenge,"faces TEN, his team in 2025",,Nissan Stadium
13,WAS@TEN,Tony Pollard,TEN,WAS,home state,"born in Memphis, TN — home-state game at Nissan Stadium (Nashville, TN)",197,Nissan Stadium
13,MIA@DEN,Greg Dulcich,MIA,DEN,revenge,"faces DEN, the team that drafted him",,Empower Field at Mile High
13,MIA@DEN,Justin Joly,MIA,DEN,revenge,"faces DEN, the team that drafted him",,Empower Field at Mile High
13,MIA@DEN,Jaylen Waddle,DEN,MIA,revenge,"faces MIA, his team in 2025",,Empower Field at Mile High
13,CAR@MIN,Max Brosmer,MIN,CAR,college town,"Minnesota campus (Minneapolis, MN) is 1 mi from U.S. Bank Stadium (Minneapolis, MN)",1,U.S. Bank Stadium
13,BUF@NE,Skyler Bell,BUF,NE,college town,"UConn campus (East Hartford, CT) is 72 mi from Gillette Stadium (Foxborough, MA)",72,Gillette Stadium
13,BUF@NE,Jackson Hawes,BUF,NE,birthday,plays on his birthday (2026-12-06) — turns 26,,Gillette Stadium
13,BUF@NE,Mack Hollins,NE,BUF,revenge,"faces BUF, his team in 2024",,Gillette Stadium
13,BUF@NE,Reggie Gilliam,NE,BUF,revenge,"faces BUF, his team in 2025",,Gillette Stadium
13,HOU@PIT,Graham Mertz,HOU,PIT,birthday,plays on his birthday (2026-12-06) — turns 26,,Acrisure Stadium
13,HOU@PIT,Jared Wayne,HOU,PIT,college town,"Pittsburgh campus (Pittsburgh, PA) is 1 mi from Acrisure Stadium (Pittsburgh, PA)",1,Acrisure Stadium
13,HOU@PIT,Will Howard,PIT,HOU,home state,"born in Downingtown, PA — home-state game at Acrisure Stadium (Pittsburgh, PA)",230,Acrisure Stadium
13,HOU@PIT,Eli Heidenreich,PIT,HOU,homecoming,"born in Pittsburgh, PA — 1 mi from Acrisure Stadium (Pittsburgh, PA)",1,Acrisure Stadium
13,DAL@SEA,Sam Howell,DAL,SEA,revenge,"faces SEA, his team in 2024",,Lumen Field
13,DAL@SEA,Cooper Kupp,SEA,DAL,home state,"born in Yakima, WA — home-state game at Lumen Field (Seattle, WA)",110,Lumen Field
14,TB@BAL,Sean Tucker,TB,BAL,homecoming,"born in Owings Mills, MD — 13 mi from M&T Bank Stadium (Baltimore, MD)",13,M&T Bank Stadium
14,TB@BAL,Chris Godwin Jr.,TB,BAL,homecoming,"born in Middletown, DE — 50 mi from M&T Bank Stadium (Baltimore, MD)",50,M&T Bank Stadium
14,TB@BAL,Chris Godwin Jr.,TB,BAL,college town,"Penn State campus (University Park, PA) is 89 mi from M&T Bank Stadium (Baltimore, MD)",89,M&T Bank Stadium
14,TB@BAL,David Sills V,TB,BAL,homecoming,"born in Wilmington, DE — 66 mi from M&T Bank Stadium (Baltimore, MD)",66,M&T Bank Stadium
14,TB@BAL,Elijah Sarratt,BAL,TB,homecoming,"born in Stafford, VA — 73 mi from M&T Bank Stadium (Baltimore, MD)",73,M&T Bank Stadium
14,TB@BAL,Matthew Hibner,BAL,TB,homecoming,"born in Burke, VA — 48 mi from M&T Bank Stadium (Baltimore, MD)",48,M&T Bank Stadium
14,NO@CAR,Spencer Rattler,NO,CAR,college town,"South Carolina campus (Columbia, SC) is 85 mi from Bank of America Stadium (Charlotte, NC)",85,Bank of America Stadium
14,NO@CAR,Xavier Legette,CAR,NO,college town,"South Carolina campus (Columbia, SC) is 85 mi from Bank of America Stadium (Charlotte, NC)",85,Bank of America Stadium
14,ATL@CLE,Jaleel McLaughlin,CLE,ATL,college town,"Youngstown State campus (Youngstown, OH) is 61 mi from Huntington Bank Field (Cleveland, OH)",61,Huntington Bank Field
14,ATL@CLE,Harold Fannin Jr.,CLE,ATL,homecoming,"born in Canton, OH — 52 mi from Huntington Bank Field (Cleveland, OH)",52,Huntington Bank Field
14,ATL@CLE,Joe Royer,CLE,ATL,home state,"born in Cincinnati, OH — home-state game at Huntington Bank Field (Cleveland, OH)",221,Huntington Bank Field
14,TEN@DET,Mitchell Trubisky,TEN,DET,homecoming,"born in Mentor, OH — 99 mi from Ford Field (Detroit, MI)",99,Ford Field
14,TEN@DET,Tay Martin,DET,TEN,revenge,"faces TEN, his team in 2024",,Ford Field
14,TEN@DET,Isaac TeSlaa,DET,TEN,home state,"born in Hudsonville, MI — home-state game at Ford Field (Detroit, MI)",148,Ford Field
14,TEN@DET,Tyler Conklin,DET,TEN,homecoming,"born in Chesterfield, MI — 28 mi from Ford Field (Detroit, MI)",28,Ford Field
14,DEN@NYJ,Jeremy Ruckert,NYJ,DEN,homecoming,"born in Lindenhurst, NY — 38 mi from MetLife Stadium (East Rutherford, NJ)",38,MetLife Stadium
14,IND@PHI,Jonathan Taylor,IND,PHI,homecoming,"born in Salem, NJ — 28 mi from Lincoln Financial Field (Philadelphia, PA)",28,Lincoln Financial Field
14,IND@PHI,Tyler Warren,IND,PHI,college town,"Penn State campus (University Park, PA) is 4 mi from Lincoln Financial Field (Philadelphia, PA)",4,Lincoln Financial Field
14,IND@PHI,Saquon Barkley,PHI,IND,homecoming,"born in Coplay, PA — 56 mi from Lincoln Financial Field (Philadelphia, PA)",56,Lincoln Financial Field
14,IND@PHI,Saquon Barkley,PHI,IND,college town,"Penn State campus (University Park, PA) is 4 mi from Lincoln Financial Field (Philadelphia, PA)",4,Lincoln Financial Field
14,HOU@WAS,Stefon Diggs,WAS,HOU,homecoming,"born in Gaithersburg, MD — 24 mi from Northwest Stadium (Landover, MD)",24,Northwest Stadium
14,HOU@WAS,Stefon Diggs,WAS,HOU,college town,"Maryland campus (College Park, MD) is 6 mi from Northwest Stadium (Landover, MD)",6,Northwest Stadium
14,HOU@WAS,Stefon Diggs,WAS,HOU,revenge,"faces HOU, his team in 2024",,Northwest Stadium
14,HOU@WAS,Chig Okonkwo,WAS,HOU,college town,"Maryland campus (College Park, MD) is 6 mi from Northwest Stadium (Landover, MD)",6,Northwest Stadium
14,LAC@LV,Brock Bowers,LV,LAC,birthday,plays on his birthday (2026-12-13) — turns 24,,Allegiant Stadium
14,KC@CIN,Cyrus Allen,KC,CIN,college town,"Cincinnati campus (Cincinnati, OH) is 2 mi from Paycor Stadium (Cincinnati, OH)",2,Paycor Stadium
14,KC@CIN,Jeff Caldwell,KC,CIN,homecoming,"born in Louisville, KY — 89 mi from Paycor Stadium (Cincinnati, OH)",89,Paycor Stadium
14,KC@CIN,Jeff Caldwell,KC,CIN,college town,"Cincinnati campus (Cincinnati, OH) is 2 mi from Paycor Stadium (Cincinnati, OH)",2,Paycor Stadium
14,KC@CIN,Travis Kelce,KC,CIN,home state,"born in Cleveland Heights, OH — home-state game at Paycor Stadium (Cincinnati, OH)",229,Paycor Stadium
14,KC@CIN,Travis Kelce,KC,CIN,college town,"Cincinnati campus (Cincinnati, OH) is 2 mi from Paycor Stadium (Cincinnati, OH)",2,Paycor Stadium
14,KC@CIN,Joe Burrow,CIN,KC,home state,"born in Athens, OH — home-state game at Paycor Stadium (Cincinnati, OH)",130,Paycor Stadium
14,KC@CIN,Samaje Perine,CIN,KC,revenge,"faces KC, his team in 2024",,Paycor Stadium
14,KC@CIN,Erick All Jr.,CIN,KC,homecoming,"born in Fairfield, OH — 17 mi from Paycor Stadium (Cincinnati, OH)",17,Paycor Stadium
14,NYG@SEA,Drew Lock,SEA,NYG,revenge,"faces NYG, his team in 2024",,Lumen Field
14,NYG@SEA,Jalen Milroe,SEA,NYG,birthday,plays on his birthday (2026-12-13) — turns 24,,Lumen Field
14,NYG@SEA,Cooper Kupp,SEA,NYG,home state,"born in Yakima, WA — home-state game at Lumen Field (Seattle, WA)",110,Lumen Field
14,LAR@SF,Ronnie Rivers,LAR,SF,homecoming,"born in Brentwood, CA — 39 mi from Levi's Stadium (Santa Clara, CA)",39,Levi's Stadium
14,LAR@SF,Alex Bachman,LAR,SF,home state,"born in Westlake Village, CA — home-state game at Levi's Stadium (Santa Clara, CA)",287,Levi's Stadium
14,LAR@SF,Davante Adams,LAR,SF,homecoming,"born in Palo Alto, CA — 10 mi from Levi's Stadium (Santa Clara, CA)",10,Levi's Stadium
14,LAR@SF,Colby Parkinson,LAR,SF,home state,"born in Simi Valley, CA — home-state game at Levi's Stadium (Santa Clara, CA)",281,Levi's Stadium
14,LAR@SF,Colby Parkinson,LAR,SF,college town,"Stanford campus (Stanford, CA) is 11 mi from Levi's Stadium (Santa Clara, CA)",11,Levi's Stadium
14,LAR@SF,Christian McCaffrey,SF,LAR,college town,"Stanford campus (Stanford, CA) is 11 mi from Levi's Stadium (Santa Clara, CA)",11,Levi's Stadium
14,LAR@SF,Demarcus Robinson,SF,LAR,revenge,"faces LAR, his team in 2024",,Levi's Stadium
14,LAR@SF,Brandon Aiyuk,SF,LAR,home state,"born in Rocklin, CA — home-state game at Levi's Stadium (Santa Clara, CA)",104,Levi's Stadium
14,LAR@SF,Brandin Cooks,SF,LAR,homecoming,"born in Stockton, CA — 53 mi from Levi's Stadium (Santa Clara, CA)",53,Levi's Stadium
14,LAR@SF,Jake Tonges,SF,LAR,homecoming,"born in Los Gatos, CA — 12 mi from Levi's Stadium (Santa Clara, CA)",12,Levi's Stadium
14,LAR@SF,Jake Tonges,SF,LAR,college town,"California campus (Berkeley, CA) is 36 mi from Levi's Stadium (Santa Clara, CA)",36,Levi's Stadium
14,PIT@JAX,Travis Homer,PIT,JAX,home state,"born in West Palm Beach, FL — home-state game at EverBank Stadium (Jacksonville, FL)",267,EverBank Stadium
14,PIT@JAX,DK Metcalf,PIT,JAX,birthday,plays on his birthday (2026-12-14) — turns 29,,EverBank Stadium
15,SF@LAC,Brandon Aiyuk,SF,LAC,home state,"born in Rocklin, CA — home-state game at SoFi Stadium (Inglewood, CA)",371,SoFi Stadium
15,SF@LAC,Brandin Cooks,SF,LAC,home state,"born in Stockton, CA — home-state game at SoFi Stadium (Inglewood, CA)",322,SoFi Stadium
15,SF@LAC,Jake Tonges,SF,LAC,home state,"born in Los Gatos, CA — home-state game at SoFi Stadium (Inglewood, CA)",305,SoFi Stadium
15,SF@LAC,Trey Lance,LAC,SF,revenge,"faces SF, the team that drafted him",,SoFi Stadium
15,SF@LAC,DJ Uiagalelei,LAC,SF,homecoming,"born in Inland Empire, CA — 54 mi from SoFi Stadium (Inglewood, CA)",54,SoFi Stadium
15,SF@LAC,Hayden Rucci,LAC,SF,revenge,"faces SF, his team in 2025",,SoFi Stadium
15,SEA@PHI,Saquon Barkley,PHI,SEA,homecoming,"born in Coplay, PA — 56 mi from Lincoln Financial Field (Philadelphia, PA)",56,Lincoln Financial Field
15,SEA@PHI,Saquon Barkley,PHI,SEA,college town,"Penn State campus (University Park, PA) is 4 mi from Lincoln Financial Field (Philadelphia, PA)",4,Lincoln Financial Field
15,CHI@BUF,Nikola Kalinic,CHI,BUF,homecoming,"born in Toronto, ON — 71 mi from Highmark Stadium (Orchard Park, NY)",71,Highmark Stadium
15,CHI@BUF,Nikola Kalinic,CHI,BUF,college town,"York (Canada) campus (Toronto, ON) is 71 mi from Highmark Stadium (Orchard Park, NY)",71,Highmark Stadium
15,CHI@BUF,DJ Moore,BUF,CHI,revenge,"faces CHI, his team in 2025",,Highmark Stadium
15,CHI@BUF,Skyler Bell,BUF,CHI,home state,"born in Bronx, NY — home-state game at Highmark Stadium (Orchard Park, NY)",286,Highmark Stadium
15,CIN@CAR,Xavier Legette,CAR,CIN,college town,"South Carolina campus (Columbia, SC) is 85 mi from Bank of America Stadium (Charlotte, NC)",85,Bank of America Stadium
15,MIA@GB,Malik Willis,MIA,GB,revenge,"faces GB, his team in 2025",,Lambeau Field
15,MIA@GB,Jonnu Smith,GB,MIA,revenge,"faces MIA, his team in 2024",,Lambeau Field
15,JAX@HOU,Quinn Ewers,JAX,HOU,home state,"born in Southlake, TX — home-state game at Reliant Stadium (Houston, TX)",247,Reliant Stadium
15,JAX@HOU,Parker Washington,JAX,HOU,homecoming,"born in Sugar Land, TX — 14 mi from Reliant Stadium (Houston, TX)",14,Reliant Stadium
15,JAX@HOU,Josh Cameron,JAX,HOU,home state,"born in Cedar Park, TX — home-state game at Reliant Stadium (Houston, TX)",155,Reliant Stadium
15,JAX@HOU,Nate Boerkircher,JAX,HOU,college town,"Texas A&M campus (College Station, TX) is 85 mi from Reliant Stadium (Houston, TX)",85,Reliant Stadium
15,JAX@HOU,Quintin Morris,JAX,HOU,homecoming,"born in Richmond, TX — 22 mi from Reliant Stadium (Houston, TX)",22,Reliant Stadium
15,JAX@HOU,Tanner Koziol,JAX,HOU,college town,"Houston campus (Houston, TX) is 6 mi from Reliant Stadium (Houston, TX)",6,Reliant Stadium
15,JAX@HOU,Tank Dell,HOU,JAX,college town,"Houston campus (Houston, TX) is 6 mi from Reliant Stadium (Houston, TX)",6,Reliant Stadium
15,CLE@NYG,Michael Burton,CLE,NYG,homecoming,"born in Long Valley, NJ — 37 mi from MetLife Stadium (East Rutherford, NJ)",37,MetLife Stadium
15,CLE@NYG,Michael Burton,CLE,NYG,college town,"Rutgers campus (Piscataway, NJ) is 28 mi from MetLife Stadium (East Rutherford, NJ)",28,MetLife Stadium
15,CLE@NYG,Jameis Winston,NYG,CLE,revenge,"faces CLE, his team in 2024",,MetLife Stadium
15,CLE@NYG,Theo Johnson,NYG,CLE,college town,"Penn State campus (University Park, PA) is 84 mi from MetLife Stadium (East Rutherford, NJ)",84,MetLife Stadium
15,CLE@NYG,Chris Manhertz,NYG,CLE,homecoming,"born in Bronx, NY — 11 mi from MetLife Stadium (East Rutherford, NJ)",11,MetLife Stadium
15,BAL@PIT,Joe Fagnano,BAL,PIT,home state,"born in Williamsport, PA — home-state game at Acrisure Stadium (Pittsburgh, PA)",167,Acrisure Stadium
15,BAL@PIT,Skylar Thompson,BAL,PIT,revenge,"faces PIT, his team in 2025",,Acrisure Stadium
15,BAL@PIT,Will Howard,PIT,BAL,home state,"born in Downingtown, PA — home-state game at Acrisure Stadium (Pittsburgh, PA)",230,Acrisure Stadium
15,BAL@PIT,Eli Heidenreich,PIT,BAL,homecoming,"born in Pittsburgh, PA — 1 mi from Acrisure Stadium (Pittsburgh, PA)",1,Acrisure Stadium
15,NO@TB,CJ Donaldson,NO,TB,home state,"born in Miami, FL — home-state game at Raymond James Stadium (Tampa, FL)",208,Raymond James Stadium
15,NO@TB,Kevin Austin Jr.,NO,TB,home state,"born in Fort Lauderdale, FL — home-state game at Raymond James Stadium (Tampa, FL)",194,Raymond James Stadium
15,IND@TEN,D.J. Montgomery,IND,TEN,college town,"Austin Peay campus (Clarksville, TN) is 41 mi from Nissan Stadium (Nashville, TN)",41,Nissan Stadium
15,IND@TEN,Nick Westbrook-Ikhine,IND,TEN,revenge,"faces TEN, his team in 2024",,Nissan Stadium
15,IND@TEN,Tony Pollard,TEN,IND,home state,"born in Memphis, TN — home-state game at Nissan Stadium (Nashville, TN)",197,Nissan Stadium
15,IND@TEN,Calvin Ridley,TEN,IND,birthday,plays on his birthday (2026-12-20) — turns 32,,Nissan Stadium
15,IND@TEN,Kylen Granson,TEN,IND,revenge,"faces IND, his team in 2024",,Nissan Stadium
15,ATL@WAS,Brian Robinson Jr.,ATL,WAS,revenge,"faces WAS, his team in 2024",,Northwest Stadium
15,ATL@WAS,Jahan Dotson,ATL,WAS,revenge,"faces WAS, the team that drafted him",,Northwest Stadium
15,ATL@WAS,Olamide Zaccheaus,ATL,WAS,revenge,"faces WAS, his team in 2024",,Northwest Stadium
15,ATL@WAS,Stefon Diggs,WAS,ATL,homecoming,"born in Gaithersburg, MD — 24 mi from Northwest Stadium (Landover, MD)",24,Northwest Stadium
15,ATL@WAS,Stefon Diggs,WAS,ATL,college town,"Maryland campus (College Park, MD) is 6 mi from Northwest Stadium (Landover, MD)",6,Northwest Stadium
15,ATL@WAS,Chig Okonkwo,WAS,ATL,college town,"Maryland campus (College Park, MD) is 6 mi from Northwest Stadium (Landover, MD)",6,Northwest Stadium
15,NYJ@ARI,Malik McClain,NYJ,ARI,college town,"Arizona State campus (Tempe, AZ) is 22 mi from State Farm Stadium (Glendale, AZ)",22,State Farm Stadium
15,NYJ@ARI,Bam Knight,ARI,NYJ,revenge,"faces NYJ, his team in 2024",,State Farm Stadium
15,DAL@LAR,Emari Demercado,DAL,LAR,homecoming,"born in Inglewood, CA — 1 mi from SoFi Stadium (Inglewood, CA)",1,SoFi Stadium
15,DAL@LAR,Ronnie Rivers,LAR,DAL,home state,"born in Brentwood, CA — home-state game at SoFi Stadium (Inglewood, CA)",333,SoFi Stadium
15,DAL@LAR,Alex Bachman,LAR,DAL,homecoming,"born in Westlake Village, CA — 30 mi from SoFi Stadium (Inglewood, CA)",30,SoFi Stadium
15,DAL@LAR,Davante Adams,LAR,DAL,home state,"born in Palo Alto, CA — home-state game at SoFi Stadium (Inglewood, CA)",322,SoFi Stadium
15,DAL@LAR,Colby Parkinson,LAR,DAL,homecoming,"born in Simi Valley, CA — 33 mi from SoFi Stadium (Inglewood, CA)",33,SoFi Stadium
15,DET@MIN,Tyler Conklin,DET,MIN,revenge,"faces MIN, the team that drafted him",,U.S. Bank Stadium
15,DET@MIN,Max Brosmer,MIN,DET,college town,"Minnesota campus (Minneapolis, MN) is 1 mi from U.S. Bank Stadium (Minneapolis, MN)",1,U.S. Bank Stadium
15,DET@MIN,T.J. Hockenson,MIN,DET,revenge,"faces DET, the team that drafted him",,U.S. Bank Stadium
15,NE@KC,Tyquan Thornton,KC,NE,revenge,"faces NE, the team that drafted him",,GEHA Field at Arrowhead Stadium
16,HOU@PHI,Saquon Barkley,PHI,HOU,homecoming,"born in Coplay, PA — 56 mi from Lincoln Financial Field (Philadelphia, PA)",56,Lincoln Financial Field
16,HOU@PHI,Saquon Barkley,PHI,HOU,college town,"Penn State campus (University Park, PA) is 4 mi from Lincoln Financial Field (Philadelphia, PA)",4,Lincoln Financial Field
16,GB@CHI,Jayden Reed,GB,CHI,homecoming,"born in Naperville, IL — 28 mi from Soldier Field (Chicago, IL)",28,Soldier Field
16,GB@CHI,Cole Kmet,CHI,GB,homecoming,"born in Lake Barrington, IL — 37 mi from Soldier Field (Chicago, IL)",37,Soldier Field
16,GB@CHI,Cole Kmet,CHI,GB,college town,"Notre Dame campus (Notre Dame, IN) is 72 mi from Soldier Field (Chicago, IL)",72,Soldier Field
16,LAR@SEA,Colby Parkinson,LAR,SEA,revenge,"faces SEA, the team that drafted him",,Lumen Field
16,LAR@SEA,Cooper Kupp,SEA,LAR,home state,"born in Yakima, WA — home-state game at Lumen Field (Seattle, WA)",110,Lumen Field
16,LAR@SEA,Cooper Kupp,SEA,LAR,revenge,"faces LAR, his team in 2024",,Lumen Field
16,TB@ATL,Easton Stick,TB,ATL,revenge,"faces ATL, his team in 2025",,Mercedes-Benz Stadium
16,TB@ATL,Ted Hurst III,TB,ATL,home state,"born in Savannah, GA — home-state game at Mercedes-Benz Stadium (Atlanta, GA)",224,Mercedes-Benz Stadium
16,TB@ATL,Ted Hurst III,TB,ATL,college town,"Georgia State campus (Atlanta, GA) is 1 mi from Mercedes-Benz Stadium (Atlanta, GA)",1,Mercedes-Benz Stadium
16,TB@ATL,David Sills V,TB,ATL,revenge,"faces ATL, his team in 2025",,Mercedes-Benz Stadium
16,TB@ATL,Payne Durham,TB,ATL,homecoming,"born in Suwanee, GA — 28 mi from Mercedes-Benz Stadium (Atlanta, GA)",28,Mercedes-Benz Stadium
16,TB@ATL,Trey Sermon,ATL,TB,homecoming,"born in Marietta, GA — 16 mi from Mercedes-Benz Stadium (Atlanta, GA)",16,Mercedes-Benz Stadium
16,TB@ATL,Zachariah Branch,ATL,TB,college town,"Georgia campus (Athens, GA) is 60 mi from Mercedes-Benz Stadium (Atlanta, GA)",60,Mercedes-Benz Stadium
16,TB@ATL,Charlie Woerner,ATL,TB,homecoming,"born in Tiger, GA — 96 mi from Mercedes-Benz Stadium (Atlanta, GA)",96,Mercedes-Benz Stadium
16,TB@ATL,Charlie Woerner,ATL,TB,college town,"Georgia campus (Athens, GA) is 60 mi from Mercedes-Benz Stadium (Atlanta, GA)",60,Mercedes-Benz Stadium
16,CLE@BAL,Tylan Wallace,CLE,BAL,revenge,"faces BAL, his team in 2025",,M&T Bank Stadium
16,CLE@BAL,Elijah Sarratt,BAL,CLE,homecoming,"born in Stafford, VA — 73 mi from M&T Bank Stadium (Baltimore, MD)",73,M&T Bank Stadium
16,CLE@BAL,Matthew Hibner,BAL,CLE,homecoming,"born in Burke, VA — 48 mi from M&T Bank Stadium (Baltimore, MD)",48,M&T Bank Stadium
16,CIN@IND,Joe Flacco,CIN,IND,revenge,"faces IND, his team in 2024",,Lucas Oil Stadium
16,CIN@IND,Erick All Jr.,CIN,IND,homecoming,"born in Fairfield, OH — 90 mi from Lucas Oil Stadium (Indianapolis, IN)",90,Lucas Oil Stadium
16,CIN@IND,Nick Westbrook-Ikhine,IND,CIN,college town,"Indiana campus (Bloomington, IN) is 45 mi from Lucas Oil Stadium (Indianapolis, IN)",45,Lucas Oil Stadium
16,CIN@IND,Alec Pierce,IND,CIN,college town,"Cincinnati campus (Cincinnati, OH) is 98 mi from Lucas Oil Stadium (Indianapolis, IN)",98,Lucas Oil Stadium
16,LAC@MIA,Marquez Valdes-Scantling,LAC,MIA,home state,"born in St. Petersburg, FL — home-state game at Hard Rock Stadium (Miami Gardens, FL)",196,Hard Rock Stadium
16,LAC@MIA,Oronde Gadsden,LAC,MIA,homecoming,"born in Fort Lauderdale, FL — 13 mi from Hard Rock Stadium (Miami Gardens, FL)",13,Hard Rock Stadium
16,LAC@MIA,Hayden Rucci,LAC,MIA,revenge,"faces MIA, his team in 2024",,Hard Rock Stadium
16,LAC@MIA,Alec Ingold,LAC,MIA,revenge,"faces MIA, his team in 2025",,Hard Rock Stadium
16,WAS@MIN,Stefon Diggs,WAS,MIN,revenge,"faces MIN, the team that drafted him",,U.S. Bank Stadium
16,WAS@MIN,Max Brosmer,MIN,WAS,college town,"Minnesota campus (Minneapolis, MN) is 1 mi from U.S. Bank Stadium (Minneapolis, MN)",1,U.S. Bank Stadium
16,ARI@NO,Travis Etienne Jr.,NO,ARI,home state,"born in Jennings, LA — home-state game at Caesars Superdome (New Orleans, LA)",155,Caesars Superdome
16,ARI@NO,Barion Brown,NO,ARI,college town,"LSU campus (Baton Rouge, LA) is 74 mi from Caesars Superdome (New Orleans, LA)",74,Caesars Superdome
16,NE@NYJ,Tommy DeVito,NE,NYJ,homecoming,"born in Cedar Grove, NJ — 9 mi from MetLife Stadium (East Rutherford, NJ)",9,MetLife Stadium
16,NE@NYJ,Jeremy Ruckert,NYJ,NE,homecoming,"born in Lindenhurst, NY — 38 mi from MetLife Stadium (East Rutherford, NJ)",38,MetLife Stadium
16,CAR@PIT,Kenny Pickett,CAR,PIT,college town,"Pittsburgh campus (Pittsburgh, PA) is 1 mi from Acrisure Stadium (Pittsburgh, PA)",1,Acrisure Stadium
16,CAR@PIT,Kenny Pickett,CAR,PIT,revenge,"faces PIT, the team that drafted him",,Acrisure Stadium
16,CAR@PIT,Mitchell Evans,CAR,PIT,homecoming,"born in Wadsworth, OH — 98 mi from Acrisure Stadium (Pittsburgh, PA)",98,Acrisure Stadium
16,CAR@PIT,Will Howard,PIT,CAR,home state,"born in Downingtown, PA — home-state game at Acrisure Stadium (Pittsburgh, PA)",230,Acrisure Stadium
16,CAR@PIT,Rico Dowdle,PIT,CAR,revenge,"faces CAR, his team in 2025",,Acrisure Stadium
16,CAR@PIT,Eli Heidenreich,PIT,CAR,homecoming,"born in Pittsburgh, PA — 1 mi from Acrisure Stadium (Pittsburgh, PA)",1,Acrisure Stadium
16,TEN@LV,Daniel Bellinger,TEN,LV,homecoming,"born in Las Vegas, NV — 6 mi from Allegiant Stadium (Las Vegas, NV)",6,Allegiant Stadium
16,SF@KC,Brock Purdy,SF,KC,birthday,plays on his birthday (2026-12-27) — turns 27,,GEHA Field at Arrowhead Stadium
16,SF@KC,Demarcus Robinson,SF,KC,revenge,"faces KC, the team that drafted him",,GEHA Field at Arrowhead Stadium
16,JAX@DAL,Quinn Ewers,JAX,DAL,homecoming,"born in Southlake, TX — 14 mi from AT&T Stadium (Arlington, TX)",14,AT&T Stadium
16,JAX@DAL,Parker Washington,JAX,DAL,home state,"born in Sugar Land, TX — home-state game at AT&T Stadium (Arlington, TX)",233,AT&T Stadium
16,JAX@DAL,Josh Cameron,JAX,DAL,home state,"born in Cedar Park, TX — home-state game at AT&T Stadium (Arlington, TX)",161,AT&T Stadium
16,JAX@DAL,Josh Cameron,JAX,DAL,college town,"Baylor campus (Waco, TX) is 83 mi from AT&T Stadium (Arlington, TX)",83,AT&T Stadium
16,JAX@DAL,Brenton Strange,JAX,DAL,birthday,plays on his birthday (2026-12-27) — turns 26,,AT&T Stadium
16,JAX@DAL,Quintin Morris,JAX,DAL,home state,"born in Richmond, TX — home-state game at AT&T Stadium (Arlington, TX)",232,AT&T Stadium
16,JAX@DAL,Emari Demercado,DAL,JAX,college town,"TCU campus (Fort Worth, TX) is 13 mi from AT&T Stadium (Arlington, TX)",13,AT&T Stadium
16,JAX@DAL,CeeDee Lamb,DAL,JAX,home state,"born in Richmond, TX — home-state game at AT&T Stadium (Arlington, TX)",232,AT&T Stadium
16,JAX@DAL,KaVontae Turpin,DAL,JAX,college town,"TCU campus (Fort Worth, TX) is 13 mi from AT&T Stadium (Arlington, TX)",13,AT&T Stadium
16,JAX@DAL,Brevyn Spann-Ford,DAL,JAX,birthday,plays on his birthday (2026-12-27) — turns 27,,AT&T Stadium
16,NYG@DET,J.J. McCarthy,NYG,DET,college town,"Michigan campus (Ann Arbor, MI) is 36 mi from Ford Field (Detroit, MI)",36,Ford Field
16,NYG@DET,Theo Johnson,NYG,DET,homecoming,"born in Windsor, ON — 3 mi from Ford Field (Detroit, MI)",3,Ford Field
16,NYG@DET,Isaac TeSlaa,DET,NYG,home state,"born in Hudsonville, MI — home-state game at Ford Field (Detroit, MI)",148,Ford Field
16,NYG@DET,Tyler Conklin,DET,NYG,homecoming,"born in Chesterfield, MI — 28 mi from Ford Field (Detroit, MI)",28,Ford Field
17,BAL@CIN,Lamar Jackson,BAL,CIN,college town,"Louisville campus (Louisville, KY) is 89 mi from Paycor Stadium (Cincinnati, OH)",89,Paycor Stadium
17,BAL@CIN,Rasheen Ali,BAL,CIN,home state,"born in Cleveland, OH — home-state game at Paycor Stadium (Cincinnati, OH)",223,Paycor Stadium
17,BAL@CIN,Chris Moore,BAL,CIN,college town,"Cincinnati campus (Cincinnati, OH) is 2 mi from Paycor Stadium (Cincinnati, OH)",2,Paycor Stadium
17,BAL@CIN,Joe Burrow,CIN,BAL,home state,"born in Athens, OH — home-state game at Paycor Stadium (Cincinnati, OH)",130,Paycor Stadium
17,BAL@CIN,Joe Flacco,CIN,BAL,revenge,"faces BAL, the team that drafted him",,Paycor Stadium
17,BAL@CIN,Erick All Jr.,CIN,BAL,homecoming,"born in Fairfield, OH — 17 mi from Paycor Stadium (Cincinnati, OH)",17,Paycor Stadium
17,NO@ATL,Alvin Kamara,NO,ATL,homecoming,"born in Norcross, GA — 17 mi from Mercedes-Benz Stadium (Atlanta, GA)",17,Mercedes-Benz Stadium
17,NO@ATL,Oscar Delp,NO,ATL,homecoming,"born in Cumming, GA — 35 mi from Mercedes-Benz Stadium (Atlanta, GA)",35,Mercedes-Benz Stadium
17,NO@ATL,Oscar Delp,NO,ATL,college town,"Georgia campus (Athens, GA) is 60 mi from Mercedes-Benz Stadium (Atlanta, GA)",60,Mercedes-Benz Stadium
17,NO@ATL,Trey Sermon,ATL,NO,homecoming,"born in Marietta, GA — 16 mi from Mercedes-Benz Stadium (Atlanta, GA)",16,Mercedes-Benz Stadium
17,NO@ATL,Zachariah Branch,ATL,NO,college town,"Georgia campus (Athens, GA) is 60 mi from Mercedes-Benz Stadium (Atlanta, GA)",60,Mercedes-Benz Stadium
17,NO@ATL,Charlie Woerner,ATL,NO,homecoming,"born in Tiger, GA — 96 mi from Mercedes-Benz Stadium (Atlanta, GA)",96,Mercedes-Benz Stadium
17,NO@ATL,Charlie Woerner,ATL,NO,college town,"Georgia campus (Athens, GA) is 60 mi from Mercedes-Benz Stadium (Atlanta, GA)",60,Mercedes-Benz Stadium
17,SEA@CAR,Emanuel Wilson,SEA,CAR,homecoming,"born in Charlotte, NC — 1 mi from Bank of America Stadium (Charlotte, NC)",1,Bank of America Stadium
17,SEA@CAR,Velus Jones Jr.,SEA,CAR,revenge,"faces CAR, his team in 2024",,Bank of America Stadium
17,SEA@CAR,Robbie Ouzts,SEA,CAR,homecoming,"born in Rock Hill, SC — 23 mi from Bank of America Stadium (Charlotte, NC)",23,Bank of America Stadium
17,SEA@CAR,Xavier Legette,CAR,SEA,college town,"South Carolina campus (Columbia, SC) is 85 mi from Bank of America Stadium (Charlotte, NC)",85,Bank of America Stadium
17,SEA@CAR,David Moore,CAR,SEA,revenge,"faces SEA, the team that drafted him",,Bank of America Stadium
17,IND@CLE,Ashton Dulin,IND,CLE,home state,"born in Reynoldsburg, OH — home-state game at Huntington Bank Field (Cleveland, OH)",122,Huntington Bank Field
17,IND@CLE,Ashton Dulin,IND,CLE,college town,"Malone campus (Canton, OH) is 52 mi from Huntington Bank Field (Cleveland, OH)",52,Huntington Bank Field
17,IND@CLE,Deion Burks,IND,CLE,homecoming,"born in Inkster, MI — 99 mi from Huntington Bank Field (Cleveland, OH)",99,Huntington Bank Field
17,IND@CLE,Jaleel McLaughlin,CLE,IND,college town,"Youngstown State campus (Youngstown, OH) is 61 mi from Huntington Bank Field (Cleveland, OH)",61,Huntington Bank Field
17,IND@CLE,Harold Fannin Jr.,CLE,IND,homecoming,"born in Canton, OH — 52 mi from Huntington Bank Field (Cleveland, OH)",52,Huntington Bank Field
17,IND@CLE,Joe Royer,CLE,IND,home state,"born in Cincinnati, OH — home-state game at Huntington Bank Field (Cleveland, OH)",221,Huntington Bank Field
17,NYG@DAL,Gunner Olszewski,NYG,DAL,home state,"born in Alvin, TX — home-state game at AT&T Stadium (Arlington, TX)",254,AT&T Stadium
17,NYG@DAL,Emari Demercado,DAL,NYG,college town,"TCU campus (Fort Worth, TX) is 13 mi from AT&T Stadium (Arlington, TX)",13,AT&T Stadium
17,NYG@DAL,CeeDee Lamb,DAL,NYG,home state,"born in Richmond, TX — home-state game at AT&T Stadium (Arlington, TX)",232,AT&T Stadium
17,NYG@DAL,KaVontae Turpin,DAL,NYG,college town,"TCU campus (Fort Worth, TX) is 13 mi from AT&T Stadium (Arlington, TX)",13,AT&T Stadium
17,WAS@JAX,Dyami Brown,WAS,JAX,revenge,"faces JAX, his team in 2025",,EverBank Stadium
17,WAS@JAX,Chris Rodriguez Jr.,JAX,WAS,revenge,"faces WAS, his team in 2025",,EverBank Stadium
17,KC@LAC,Xavier Worthy,KC,LAC,home state,"born in Fresno, CA — home-state game at SoFi Stadium (Inglewood, CA)",209,SoFi Stadium
17,KC@LAC,Nikko Remigio,KC,LAC,homecoming,"born in Orange, CA — 30 mi from SoFi Stadium (Inglewood, CA)",30,SoFi Stadium
17,KC@LAC,DJ Uiagalelei,LAC,KC,homecoming,"born in Inland Empire, CA — 54 mi from SoFi Stadium (Inglewood, CA)",54,SoFi Stadium
17,BUF@MIA,James Cook III,BUF,MIA,homecoming,"born in Miami, FL — 13 mi from Hard Rock Stadium (Miami Gardens, FL)",13,Hard Rock Stadium
17,DEN@NE,Jarrett Stidham,DEN,NE,revenge,"faces NE, the team that drafted him",,Gillette Stadium
17,MIN@NYJ,Kene Nwangwu,NYJ,MIN,revenge,"faces MIN, the team that drafted him",,MetLife Stadium
17,MIN@NYJ,Jeremy Ruckert,NYJ,MIN,homecoming,"born in Lindenhurst, NY — 38 mi from MetLife Stadium (East Rutherford, NJ)",38,MetLife Stadium
17,LAR@TB,Tutu Atwell,LAR,TB,home state,"born in Miami, FL — home-state game at Raymond James Stadium (Tampa, FL)",208,Raymond James Stadium
17,LAR@TB,Tyler Higbee,LAR,TB,homecoming,"born in Clearwater, FL — 18 mi from Raymond James Stadium (Tampa, FL)",18,Raymond James Stadium
17,PIT@TEN,Mason Rudolph,PIT,TEN,revenge,"faces TEN, his team in 2024",,Nissan Stadium
17,PIT@TEN,Tony Pollard,TEN,PIT,home state,"born in Memphis, TN — home-state game at Nissan Stadium (Nashville, TN)",197,Nissan Stadium
17,LV@ARI,Gardner Minshew II,ARI,LV,revenge,"faces LV, his team in 2024",,State Farm Stadium
17,DET@CHI,Sam LaPorta,DET,CHI,home state,"born in Highland, IL — home-state game at Soldier Field (Chicago, IL)",241,Soldier Field
17,DET@CHI,Brock Wright,DET,CHI,college town,"Notre Dame campus (Notre Dame, IN) is 72 mi from Soldier Field (Chicago, IL)",72,Soldier Field
17,DET@CHI,D'Andre Swift,CHI,DET,revenge,"faces DET, the team that drafted him",,Soldier Field
17,DET@CHI,Kalif Raymond,CHI,DET,revenge,"faces DET, his team in 2025",,Soldier Field
17,DET@CHI,Cole Kmet,CHI,DET,homecoming,"born in Lake Barrington, IL — 37 mi from Soldier Field (Chicago, IL)",37,Soldier Field
17,DET@CHI,Cole Kmet,CHI,DET,college town,"Notre Dame campus (Notre Dame, IN) is 72 mi from Soldier Field (Chicago, IL)",72,Soldier Field
17,PHI@SF,Tanner McKee,PHI,SF,home state,"born in Corona, CA — home-state game at Levi's Stadium (Santa Clara, CA)",347,Levi's Stadium
17,PHI@SF,Tanner McKee,PHI,SF,college town,"Stanford campus (Stanford, CA) is 11 mi from Levi's Stadium (Santa Clara, CA)",11,Levi's Stadium
17,PHI@SF,Johnny Wilson,PHI,SF,home state,"born in Pacoima, CA — home-state game at Levi's Stadium (Santa Clara, CA)",312,Levi's Stadium
17,PHI@SF,Makai Lemon,PHI,SF,home state,"born in Los Alamitos, CA — home-state game at Levi's Stadium (Santa Clara, CA)",331,Levi's Stadium
17,PHI@SF,Dallas Goedert,PHI,SF,birthday,plays on his birthday (2027-01-03) — turns 32,,Levi's Stadium
17,PHI@SF,Zach Ertz,PHI,SF,homecoming,"born in Alamo, CA — 31 mi from Levi's Stadium (Santa Clara, CA)",31,Levi's Stadium
17,PHI@SF,Zach Ertz,PHI,SF,college town,"Stanford campus (Stanford, CA) is 11 mi from Levi's Stadium (Santa Clara, CA)",11,Levi's Stadium
17,PHI@SF,Johnny Mundt,PHI,SF,homecoming,"born in Modesto, CA — 56 mi from Levi's Stadium (Santa Clara, CA)",56,Levi's Stadium
17,PHI@SF,Christian McCaffrey,SF,PHI,college town,"Stanford campus (Stanford, CA) is 11 mi from Levi's Stadium (Santa Clara, CA)",11,Levi's Stadium
17,PHI@SF,Brandon Aiyuk,SF,PHI,home state,"born in Rocklin, CA — home-state game at Levi's Stadium (Santa Clara, CA)",104,Levi's Stadium
17,PHI@SF,Brandin Cooks,SF,PHI,homecoming,"born in Stockton, CA — 53 mi from Levi's Stadium (Santa Clara, CA)",53,Levi's Stadium
17,PHI@SF,Jake Tonges,SF,PHI,homecoming,"born in Los Gatos, CA — 12 mi from Levi's Stadium (Santa Clara, CA)",12,Levi's Stadium
17,PHI@SF,Jake Tonges,SF,PHI,college town,"California campus (Berkeley, CA) is 36 mi from Levi's Stadium (Santa Clara, CA)",36,Levi's Stadium
17,HOU@GB,Dare Ogunbowale,HOU,GB,home state,"born in Milwaukee, WI — home-state game at Lambeau Field (Green Bay, WI)",101,Lambeau Field
18,SF@ARI,Brock Purdy,SF,ARI,homecoming,"born in Gilbert, AZ — 30 mi from State Farm Stadium (Glendale, AZ)",30,State Farm Stadium
18,SF@ARI,Jacob Cowing,SF,ARI,homecoming,"born in Maricopa, AZ — 35 mi from State Farm Stadium (Glendale, AZ)",35,State Farm Stadium
18,SF@ARI,Christian Kirk,SF,ARI,homecoming,"born in Scottsdale, AZ — 21 mi from State Farm Stadium (Glendale, AZ)",21,State Farm Stadium
18,SF@ARI,Ricky Pearsall,SF,ARI,homecoming,"born in Chandler, AZ — 29 mi from State Farm Stadium (Glendale, AZ)",29,State Farm Stadium
18,SF@ARI,Brandon Aiyuk,SF,ARI,college town,"Arizona State campus (Tempe, AZ) is 22 mi from State Farm Stadium (Glendale, AZ)",22,State Farm Stadium
18,SF@ARI,Kendrick Bourne,ARI,SF,revenge,"faces SF, his team in 2025",,State Farm Stadium
18,PIT@BAL,Will Howard,PIT,BAL,homecoming,"born in Downingtown, PA — 70 mi from M&T Bank Stadium (Baltimore, MD)",70,M&T Bank Stadium
18,PIT@BAL,Drew Allar,PIT,BAL,college town,"Penn State campus (University Park, PA) is 89 mi from M&T Bank Stadium (Baltimore, MD)",89,M&T Bank Stadium
18,PIT@BAL,Eli Heidenreich,PIT,BAL,college town,"Navy campus (Annapolis, MD) is 22 mi from M&T Bank Stadium (Baltimore, MD)",22,M&T Bank Stadium
18,PIT@BAL,Pat Freiermuth,PIT,BAL,college town,"Penn State campus (University Park, PA) is 89 mi from M&T Bank Stadium (Baltimore, MD)",89,M&T Bank Stadium
18,PIT@BAL,Skylar Thompson,BAL,PIT,revenge,"faces PIT, his team in 2025",,M&T Bank Stadium
18,PIT@BAL,Elijah Sarratt,BAL,PIT,homecoming,"born in Stafford, VA — 73 mi from M&T Bank Stadium (Baltimore, MD)",73,M&T Bank Stadium
18,PIT@BAL,Matthew Hibner,BAL,PIT,homecoming,"born in Burke, VA — 48 mi from M&T Bank Stadium (Baltimore, MD)",48,M&T Bank Stadium
18,NYJ@BUF,Jeremy Ruckert,NYJ,BUF,home state,"born in Lindenhurst, NY — home-state game at Highmark Stadium (Orchard Park, NY)",314,Highmark Stadium
18,NYJ@BUF,Skyler Bell,BUF,NYJ,home state,"born in Bronx, NY — home-state game at Highmark Stadium (Orchard Park, NY)",286,Highmark Stadium
18,ATL@CAR,Nick Muse,ATL,CAR,homecoming,"born in Belmont, NC — 10 mi from Bank of America Stadium (Charlotte, NC)",10,Bank of America Stadium
18,ATL@CAR,Nick Muse,ATL,CAR,college town,"South Carolina campus (Columbia, SC) is 85 mi from Bank of America Stadium (Charlotte, NC)",85,Bank of America Stadium
18,ATL@CAR,Xavier Legette,CAR,ATL,college town,"South Carolina campus (Columbia, SC) is 85 mi from Bank of America Stadium (Charlotte, NC)",85,Bank of America Stadium
18,ATL@CAR,Feleipe Franks,CAR,ATL,revenge,"faces ATL, his team in 2025",,Bank of America Stadium
18,CLE@CIN,Harold Fannin Jr.,CLE,CIN,home state,"born in Canton, OH — home-state game at Paycor Stadium (Cincinnati, OH)",204,Paycor Stadium
18,CLE@CIN,Joe Royer,CLE,CIN,homecoming,"born in Cincinnati, OH — 2 mi from Paycor Stadium (Cincinnati, OH)",2,Paycor Stadium
18,CLE@CIN,Joe Royer,CLE,CIN,college town,"Cincinnati campus (Cincinnati, OH) is 2 mi from Paycor Stadium (Cincinnati, OH)",2,Paycor Stadium
18,CLE@CIN,Joe Burrow,CIN,CLE,home state,"born in Athens, OH — home-state game at Paycor Stadium (Cincinnati, OH)",130,Paycor Stadium
18,CLE@CIN,Erick All Jr.,CIN,CLE,homecoming,"born in Fairfield, OH — 17 mi from Paycor Stadium (Cincinnati, OH)",17,Paycor Stadium
18,LAC@DEN,J.K. Dobbins,DEN,LAC,revenge,"faces LAC, his team in 2024",,Empower Field at Mile High
18,TEN@HOU,Cam Ward,TEN,HOU,homecoming,"born in West Columbia, TX — 40 mi from Reliant Stadium (Houston, TX)",40,Reliant Stadium
18,TEN@HOU,Kylen Granson,TEN,HOU,home state,"born in Austin, TX — home-state game at Reliant Stadium (Houston, TX)",145,Reliant Stadium
18,TEN@HOU,Tank Dell,HOU,TEN,college town,"Houston campus (Houston, TX) is 6 mi from Reliant Stadium (Houston, TX)",6,Reliant Stadium
18,JAX@IND,Ameer Abdullah,JAX,IND,revenge,"faces IND, his team in 2025",,Lucas Oil Stadium
18,JAX@IND,Nick Westbrook-Ikhine,IND,JAX,college town,"Indiana campus (Bloomington, IN) is 45 mi from Lucas Oil Stadium (Indianapolis, IN)",45,Lucas Oil Stadium
18,JAX@IND,Alec Pierce,IND,JAX,college town,"Cincinnati campus (Cincinnati, OH) is 98 mi from Lucas Oil Stadium (Indianapolis, IN)",98,Lucas Oil Stadium
18,LV@KC,Malik Benson,LV,KC,homecoming,"born in Lansing, KS — 26 mi from GEHA Field at Arrowhead Stadium (Kansas City, MO)",26,GEHA Field at Arrowhead Stadium
18,SEA@LAR,Sam Darnold,SEA,LAR,homecoming,"born in Capistrano Beach, CA — 50 mi from SoFi Stadium (Inglewood, CA)",50,SoFi Stadium
18,SEA@LAR,Sam Darnold,SEA,LAR,college town,"USC campus (Los Angeles, CA) is 9 mi from SoFi Stadium (Inglewood, CA)",9,SoFi Stadium
18,SEA@LAR,George Holani,SEA,LAR,homecoming,"born in Bellflower, CA — 14 mi from SoFi Stadium (Inglewood, CA)",14,SoFi Stadium
18,SEA@LAR,Zach Charbonnet,SEA,LAR,homecoming,"born in Camarillo, CA — 44 mi from SoFi Stadium (Inglewood, CA)",44,SoFi Stadium
18,SEA@LAR,Zach Charbonnet,SEA,LAR,college town,"UCLA campus (Pasadena, CA) is 17 mi from SoFi Stadium (Inglewood, CA)",17,SoFi Stadium
18,SEA@LAR,Tory Horton,SEA,LAR,home state,"born in Fresno, CA — home-state game at SoFi Stadium (Inglewood, CA)",209,SoFi Stadium
18,SEA@LAR,Jake Bobo,SEA,LAR,college town,"UCLA campus (Pasadena, CA) is 17 mi from SoFi Stadium (Inglewood, CA)",17,SoFi Stadium
18,SEA@LAR,Rashid Shaheed,SEA,LAR,home state,"born in San Diego, CA — home-state game at SoFi Stadium (Inglewood, CA)",109,SoFi Stadium
18,SEA@LAR,Cooper Kupp,SEA,LAR,revenge,"faces LAR, his team in 2024",,SoFi Stadium
18,SEA@LAR,Ronnie Rivers,LAR,SEA,home state,"born in Brentwood, CA — home-state game at SoFi Stadium (Inglewood, CA)",333,SoFi Stadium
18,SEA@LAR,Alex Bachman,LAR,SEA,homecoming,"born in Westlake Village, CA — 30 mi from SoFi Stadium (Inglewood, CA)",30,SoFi Stadium
18,SEA@LAR,Davante Adams,LAR,SEA,home state,"born in Palo Alto, CA — home-state game at SoFi Stadium (Inglewood, CA)",322,SoFi Stadium
18,SEA@LAR,Colby Parkinson,LAR,SEA,homecoming,"born in Simi Valley, CA — 33 mi from SoFi Stadium (Inglewood, CA)",33,SoFi Stadium
18,SEA@LAR,Colby Parkinson,LAR,SEA,revenge,"faces SEA, the team that drafted him",,SoFi Stadium
18,CHI@MIN,Max Brosmer,MIN,CHI,college town,"Minnesota campus (Minneapolis, MN) is 1 mi from U.S. Bank Stadium (Minneapolis, MN)",1,U.S. Bank Stadium
18,TB@NO,Bauer Sharp,TB,NO,college town,"LSU campus (Baton Rouge, LA) is 74 mi from Caesars Superdome (New Orleans, LA)",74,Caesars Superdome
18,TB@NO,Travis Etienne Jr.,NO,TB,home state,"born in Jennings, LA — home-state game at Caesars Superdome (New Orleans, LA)",155,Caesars Superdome
18,TB@NO,Barion Brown,NO,TB,college town,"LSU campus (Baton Rouge, LA) is 74 mi from Caesars Superdome (New Orleans, LA)",74,Caesars Superdome
18,TB@NO,Treyton Welch,NO,TB,birthday,plays on his birthday (2027-01-10) — turns 26,,Caesars Superdome
18,PHI@NYG,Saquon Barkley,PHI,NYG,homecoming,"born in Coplay, PA — 75 mi from MetLife Stadium (East Rutherford, NJ)",75,MetLife Stadium
18,PHI@NYG,Saquon Barkley,PHI,NYG,college town,"Penn State campus (University Park, PA) is 84 mi from MetLife Stadium (East Rutherford, NJ)",84,MetLife Stadium
18,PHI@NYG,Saquon Barkley,PHI,NYG,revenge,"faces NYG, the team that drafted him",,MetLife Stadium
18,PHI@NYG,Theo Johnson,NYG,PHI,college town,"Penn State campus (University Park, PA) is 84 mi from MetLife Stadium (East Rutherford, NJ)",84,MetLife Stadium
18,PHI@NYG,Chris Manhertz,NYG,PHI,homecoming,"born in Bronx, NY — 11 mi from MetLife Stadium (East Rutherford, NJ)",11,MetLife Stadium
18,DAL@WAS,Sam Howell,DAL,WAS,revenge,"faces WAS, the team that drafted him",,Northwest Stadium
18,DAL@WAS,Stefon Diggs,WAS,DAL,homecoming,"born in Gaithersburg, MD — 24 mi from Northwest Stadium (Landover, MD)",24,Northwest Stadium
18,DAL@WAS,Stefon Diggs,WAS,DAL,college town,"Maryland campus (College Park, MD) is 6 mi from Northwest Stadium (Landover, MD)",6,Northwest Stadium
18,DAL@WAS,Chig Okonkwo,WAS,DAL,college town,"Maryland campus (College Park, MD) is 6 mi from Northwest Stadium (Landover, MD)",6,Northwest Stadium
