defense,season,week,opponent,QB PY,P TD,QB RY,RB1 RY,RB2+ RY,WR RY,RB1 Recep,RB1 RecY,RB2 Recep,RB2 RecY,WR1 Recep,WR1 RecY,WR2 Recep,WR2 RecY,WR3 Recep,WR3 RecY,WR4+ Recep,WR4+ RecY,TE1 Recep,TE1 RecY,TE2 Recep,TE2 RecY,QB TD,RB1 TD,RB2 TD,WR1 TD,WR2 TD,WR3 TD,WR4+ TD,TE1 TD,TE2 TD,D/ST TD,QB P+R,RB R+R
ARI,2024,1,BUF,232,2,39,71,20,0,3,32,1,14,4,51,3,42,2,25,3,34,1,23,1,11,2,0,0,0,1,1,0,0,0,0,271,137
ARI,2024,2,LAR,216,0,0,25,28,0,4,27,1,0,4,37,2,50,2,20,5,70,1,12,0,0,0,1,0,0,0,0,0,0,0,0,216,80
ARI,2024,3,DET,199,2,6,105,83,-7,3,17,0,20,7,75,1,9,1,8,0,0,2,36,4,34,0,1,1,1,0,0,0,0,0,0,205,225
ARI,2024,4,WAS,233,1,47,101,68,0,3,12,1,6,7,52,6,85,3,26,2,21,3,22,1,9,1,1,2,1,0,0,0,0,0,0,280,187
ARI,2024,5,SF,244,1,33,89,22,9,1,9,0,0,8,147,1,13,1,11,0,0,8,64,0,0,0,0,0,0,0,0,0,1,0,0,277,120
ARI,2024,6,GB,258,4,13,62,75,27,3,28,1,19,6,28,1,9,3,49,4,74,2,13,2,38,0,0,0,1,0,2,1,0,0,0,271,184
ARI,2024,7,LAC,349,0,8,40,12,-1,3,26,1,9,5,46,4,63,3,45,1,41,8,81,2,38,0,0,0,0,0,0,0,0,0,0,357,87
ARI,2024,8,MIA,234,1,13,97,40,0,6,50,4,30,6,72,4,45,1,6,0,0,4,20,3,11,0,1,2,0,0,0,0,0,0,0,247,217
ARI,2024,9,CHI,217,0,5,51,13,0,6,31,2,8,4,33,5,104,4,36,0,0,1,5,0,0,0,0,0,0,0,0,0,0,0,0,222,103
ARI,2024,10,NYJ,151,0,0,52,27,0,4,31,2,17,5,41,6,31,0,0,1,2,1,8,3,21,0,0,0,0,0,0,0,0,0,0,151,127
ARI,2024,12,SEA,254,1,2,41,22,0,4,52,0,0,6,77,4,59,2,20,1,8,3,19,2,19,0,0,0,1,0,0,0,0,0,1,256,115
ARI,2024,13,MIN,235,2,22,22,24,0,3,6,0,0,7,99,4,54,1,18,1,8,3,28,2,22,0,1,0,0,0,0,0,0,1,0,257,52
ARI,2024,14,SEA,233,1,0,134,38,4,7,59,3,6,5,82,4,49,0,0,0,0,3,18,2,19,0,2,0,1,0,0,0,0,0,0,233,237
ARI,2024,15,NE,202,1,14,69,33,0,1,16,2,31,3,11,2,19,0,0,4,62,4,25,3,38,1,0,0,1,0,0,0,0,0,0,216,149
ARI,2024,16,CAR,158,2,68,152,14,9,4,13,0,0,2,39,5,43,2,8,1,23,3,32,0,0,1,2,0,1,1,0,0,0,0,0,226,179
ARI,2024,17,LAR,189,0,16,56,-4,0,3,16,0,0,10,129,1,29,0,0,1,6,0,0,2,9,0,1,0,0,0,0,0,0,0,0,205,68
ARI,2024,18,SF,326,2,17,5,109,7,0,0,3,61,7,52,6,69,4,59,3,41,2,27,4,17,1,0,1,0,1,0,0,0,0,0,343,175
ATL,2024,1,PIT,156,0,57,70,20,-10,1,9,2,13,6,85,1,7,1,1,0,0,4,27,2,14,0,0,0,0,0,0,0,0,0,0,213,112
ATL,2024,2,PHI,183,1,85,95,6,0,4,21,0,0,7,76,6,23,1,6,0,0,3,38,2,19,1,0,0,1,0,0,0,0,0,0,268,122
ATL,2024,3,KC,217,2,17,72,25,14,1,2,3,15,12,110,2,17,1,13,2,17,4,30,1,13,0,0,0,1,0,0,1,0,0,0,234,114
ATL,2024,4,NO,239,0,5,77,11,14,7,42,2,8,8,83,8,87,1,6,0,0,2,13,0,0,0,1,0,0,0,0,0,0,2,0,244,138
ATL,2024,5,TB,180,3,42,72,44,2,3,-6,2,12,5,64,5,62,1,4,0,0,3,44,0,0,0,0,0,0,2,1,0,0,0,0,222,122
ATL,2024,6,CAR,221,2,21,92,1,0,5,11,1,12,6,78,3,23,1,1,5,47,5,49,0,0,0,0,0,1,1,0,0,0,0,0,242,116
ATL,2024,7,SEA,207,2,15,69,19,0,2,24,1,-5,4,99,3,9,4,45,0,0,4,65,1,5,0,2,0,1,0,0,0,0,0,1,222,107
ATL,2024,8,TB,330,3,11,44,30,17,7,40,6,50,4,35,3,18,2,29,6,77,9,81,0,0,0,0,1,0,0,0,0,2,0,0,341,164
ATL,2024,9,DAL,248,2,34,75,13,15,5,32,2,4,8,47,3,19,3,36,3,39,7,71,0,0,0,1,0,0,1,0,0,0,0,0,282,124
ATL,2024,10,NO,269,2,17,55,10,0,5,54,1,4,3,109,2,36,1,8,0,0,2,22,2,36,0,0,0,2,0,0,0,0,0,0,286,123
ATL,2024,11,DEN,307,4,5,59,37,4,4,28,4,7,7,78,4,52,4,66,4,64,0,0,1,12,0,1,0,0,1,0,2,0,1,0,312,131
ATL,2024,13,LAC,147,0,1,32,20,3,1,1,0,0,9,117,2,12,1,11,2,5,0,0,2,4,0,0,0,0,0,0,0,0,0,1,148,53
ATL,2024,14,MIN,347,5,5,73,37,0,2,11,0,0,7,132,8,133,0,0,0,0,4,45,1,26,0,1,0,2,3,0,0,0,0,0,352,121
ATL,2024,15,LV,208,1,28,21,16,0,2,3,9,75,5,59,2,18,1,7,0,0,3,35,1,11,0,0,1,0,0,0,0,0,0,0,236,115
ATL,2024,16,NYG,210,1,1,26,12,6,4,43,1,2,7,68,7,62,1,21,1,9,1,5,0,0,0,1,0,0,0,0,0,0,0,0,211,83
ATL,2024,17,WAS,227,3,127,60,21,8,2,9,3,17,1,5,8,85,3,25,0,0,6,72,1,14,0,0,1,0,1,0,0,2,0,0,354,107
ATL,2024,18,CAR,251,3,24,66,65,0,3,50,1,-2,3,30,5,44,1,9,7,62,3,35,3,42,2,2,0,0,0,1,0,0,1,0,275,179
BAL,2024,1,KC,291,1,3,45,3,21,2,33,1,10,7,103,2,47,1,25,0,0,3,34,3,37,0,1,0,0,2,0,0,0,0,0,294,91
BAL,2024,2,LV,276,1,-1,24,2,2,3,14,2,1,9,110,4,29,2,13,0,0,9,98,1,11,0,0,1,1,0,0,0,0,0,0,275,41
BAL,2024,3,DAL,379,2,7,32,11,1,3,24,4,55,4,67,3,42,2,16,5,75,6,95,1,5,1,0,0,0,1,0,1,0,0,0,386,122
BAL,2024,4,BUF,182,0,21,39,14,7,1,9,0,0,4,62,3,51,1,5,2,8,5,47,1,0,0,0,1,0,0,0,0,0,0,0,203,62
BAL,2024,5,CIN,392,5,1,24,46,0,3,28,3,8,10,193,9,83,1,39,0,0,2,31,2,10,0,0,1,2,2,0,0,0,0,0,393,106
BAL,2024,6,WAS,269,2,22,21,9,0,4,47,0,0,6,53,4,27,4,58,2,16,4,68,0,0,0,0,0,2,0,0,0,0,0,0,291,77
BAL,2024,7,TB,370,3,22,40,52,11,6,71,4,63,7,65,1,25,3,15,2,31,8,100,0,0,0,2,1,0,1,0,0,0,0,0,392,226
BAL,2024,8,CLE,334,3,2,26,52,0,0,0,1,3,5,79,8,85,7,99,0,0,5,61,1,7,0,0,0,0,0,2,0,1,0,0,336,81
BAL,2024,9,DEN,223,0,36,42,44,0,2,42,3,10,7,122,2,11,1,19,3,15,0,0,1,4,1,0,0,0,0,0,0,0,0,0,259,138
BAL,2024,10,CIN,428,4,6,42,0,0,9,52,0,0,11,264,2,29,1,11,0,0,4,30,7,42,0,1,0,3,0,0,0,0,1,0,434,94
BAL,2024,11,PIT,205,0,18,63,41,0,4,30,5,27,8,89,1,-1,0,0,1,4,2,14,2,42,0,0,0,0,0,0,0,0,0,0,223,161
BAL,2024,12,LAC,218,0,29,40,14,0,3,19,0,0,6,83,0,0,3,38,4,24,4,47,1,7,1,0,1,0,0,0,0,0,0,0,247,73
BAL,2024,13,PHI,118,1,29,107,4,0,2,10,0,0,5,66,1,7,0,0,0,0,3,35,0,0,1,1,0,0,0,0,0,1,0,0,147,121
BAL,2024,15,NYG,191,1,-1,31,25,0,1,4,3,16,10,82,4,38,1,16,0,0,3,35,0,0,0,0,1,1,0,0,0,0,0,0,190,76
BAL,2024,16,PIT,217,2,27,42,48,0,0,0,6,56,4,65,2,27,3,24,2,25,3,16,2,4,0,0,1,0,0,0,0,0,1,0,244,146
BAL,2024,17,HOU,190,0,7,26,25,0,2,13,1,6,3,59,5,48,2,21,2,21,2,21,1,1,0,0,0,0,0,0,0,0,0,0,197,70
BAL,2024,18,CLE,183,1,5,27,24,0,1,8,1,15,6,63,3,36,0,0,0,0,6,60,1,1,0,0,0,0,0,0,0,1,0,0,188,74
BUF,2024,1,ARI,162,1,57,50,13,4,3,33,3,31,6,47,1,4,1,5,0,0,5,30,2,12,0,1,0,0,0,1,0,0,0,1,219,127
BUF,2024,2,MIA,225,1,21,96,6,16,7,69,2,12,3,24,4,41,1,5,1,13,6,53,1,8,0,1,0,0,0,0,0,0,0,0,246,183
BUF,2024,3,JAX,200,1,3,68,21,0,4,17,0,0,8,79,5,48,2,18,3,17,2,12,2,9,0,0,0,0,0,0,0,1,0,0,203,106
BUF,2024,4,BAL,157,2,54,199,18,0,3,10,6,78,1,10,1,23,2,10,0,0,1,26,0,0,1,2,1,0,0,0,0,0,0,0,211,305
BUF,2024,5,HOU,331,1,27,42,30,-5,2,5,6,57,2,78,6,82,4,38,2,31,4,34,2,6,0,1,0,1,0,0,0,0,0,0,358,134
BUF,2024,6,NYJ,294,2,0,113,8,0,5,56,0,0,8,107,6,114,0,0,0,0,2,10,2,7,0,0,0,1,1,0,0,0,0,0,294,177
BUF,2024,7,TEN,215,1,13,61,15,0,2,4,1,9,3,42,5,43,1,-2,2,10,4,50,7,59,0,0,0,0,0,0,1,0,0,0,228,89
BUF,2024,8,SEA,212,0,16,12,4,0,4,33,3,20,6,69,1,9,1,15,1,10,3,22,2,34,0,0,1,0,0,0,0,0,0,0,228,69
BUF,2024,9,MIA,231,2,3,63,74,9,8,58,2,32,4,80,2,-4,3,15,0,0,5,46,1,4,0,2,0,0,1,0,0,0,0,0,234,227
BUF,2024,10,IND,272,2,0,114,0,7,2,8,3,13,7,72,4,81,6,71,0,0,2,15,2,12,0,0,1,0,1,0,0,0,0,0,272,135
BUF,2024,11,KC,196,3,0,60,2,16,0,0,3,13,4,61,3,29,2,26,4,25,2,8,5,34,0,0,0,1,0,0,0,0,2,0,196,75
BUF,2024,13,SF,94,0,4,78,71,0,0,0,3,11,3,56,4,20,0,0,0,0,1,7,0,0,0,0,1,0,0,0,0,0,0,0,98,160
BUF,2024,14,LAR,320,2,0,87,34,16,2,10,0,0,5,92,12,162,0,0,3,45,1,11,0,0,0,2,0,1,2,0,0,0,0,1,320,131
BUF,2024,15,DET,494,5,13,31,4,0,5,83,4,31,14,193,3,37,4,30,1,9,7,111,0,0,0,2,0,1,1,1,1,0,0,0,507,149
BUF,2024,16,NE,261,2,30,60,30,6,1,13,2,8,4,33,5,95,2,18,0,0,4,39,4,55,0,1,0,0,1,0,0,1,0,0,291,111
BUF,2024,17,NYJ,195,2,6,45,61,0,1,8,1,8,7,66,5,47,1,9,0,0,8,57,0,0,0,0,0,1,0,0,0,1,0,0,201,122
BUF,2024,18,NE,241,1,16,41,20,0,4,20,0,0,3,34,7,117,2,12,1,12,4,27,1,19,1,0,0,0,1,0,0,0,0,0,257,81
CAR,2024,1,NO,200,3,13,83,49,0,5,27,1,13,3,73,2,11,1,6,0,0,4,43,3,27,0,1,1,1,0,0,0,1,1,0,213,172
CAR,2024,2,LAC,130,2,18,131,70,0,1,0,0,0,5,51,2,26,2,19,0,0,1,5,3,29,0,1,0,2,0,0,0,0,0,0,148,201
CAR,2024,3,LV,296,2,14,34,7,0,0,0,5,50,4,40,7,62,7,96,0,0,3,41,1,7,0,0,1,0,1,1,0,0,0,0,310,91
CAR,2024,4,CIN,232,2,10,51,80,0,4,27,2,12,3,85,1,29,6,60,0,0,1,-9,5,28,0,1,2,1,0,0,0,0,0,0,242,170
CAR,2024,5,CHI,304,2,30,73,25,0,2,47,0,0,5,105,5,40,3,33,0,0,3,57,2,22,0,1,2,2,0,0,0,0,0,0,334,145
CAR,2024,6,ATL,225,1,-5,95,105,3,3,10,1,3,6,74,3,38,3,30,0,0,3,70,0,0,0,2,1,1,0,0,0,0,0,0,220,213
CAR,2024,7,WAS,211,2,84,71,59,0,0,0,2,3,6,98,4,25,1,16,1,23,4,40,2,6,0,1,0,0,0,0,0,1,1,1,295,133
CAR,2024,8,DEN,284,3,4,44,51,3,4,8,2,37,8,100,4,22,1,6,4,36,2,18,5,88,1,0,1,0,0,0,0,0,2,0,288,140
CAR,2024,9,NO,236,1,0,155,24,-1,6,60,1,25,1,13,0,0,2,34,1,5,2,41,5,58,0,0,0,0,0,0,0,0,2,0,236,264
CAR,2024,10,NYG,190,0,26,103,40,-2,1,1,1,5,6,50,5,51,4,39,1,7,4,37,0,0,1,1,0,0,0,0,0,0,0,0,216,149
CAR,2024,12,KC,269,3,60,68,17,20,3,19,3,20,4,46,5,35,1,15,1,6,6,62,4,66,0,0,0,0,1,0,0,0,2,0,329,124
CAR,2024,13,TB,240,1,8,152,76,0,3,33,1,2,8,118,4,42,2,25,0,0,4,20,0,0,0,1,0,1,0,0,0,0,0,0,248,263
CAR,2024,14,PHI,108,2,59,124,26,0,0,0,2,7,4,43,4,37,1,5,0,0,3,16,0,0,1,0,0,0,1,0,0,1,0,0,167,157
CAR,2024,15,DAL,214,3,5,149,30,27,0,0,1,11,9,116,1,11,0,0,4,51,2,23,1,2,0,0,0,1,1,0,1,0,0,0,219,190
CAR,2024,16,ARI,202,1,63,117,18,8,4,49,6,31,4,39,2,44,1,19,0,0,3,20,0,0,1,1,1,0,0,0,0,0,0,0,265,215
CAR,2024,17,TB,359,5,0,113,69,20,4,77,2,9,8,97,5,51,2,26,1,11,2,36,3,52,0,0,0,2,2,0,0,1,0,1,359,268
CAR,2024,18,ATL,312,2,5,170,52,0,2,3,2,17,10,187,4,66,1,24,0,0,2,15,0,0,1,2,0,2,0,0,0,0,0,0,317,242
CHI,2024,1,TEN,127,1,36,82,21,1,3,12,4,11,3,50,3,18,1,2,1,8,2,15,2,11,0,1,0,0,0,0,0,1,0,0,163,126
CHI,2024,2,HOU,260,1,-1,25,35,16,3,25,3,23,8,135,4,37,1,-3,0,0,2,21,2,22,0,0,0,1,0,0,0,0,0,0,259,108
CHI,2024,3,IND,167,0,24,110,16,0,1,25,0,0,4,36,1,44,0,0,3,22,1,40,0,0,0,2,1,0,0,0,0,0,0,0,191,151
CHI,2024,4,LAR,224,0,-1,94,26,0,4,10,0,0,2,37,4,82,0,0,6,62,4,33,0,0,0,1,0,0,0,0,0,0,0,0,223,130
CHI,2024,5,CAR,194,0,11,97,6,6,4,-2,2,27,3,23,2,37,1,8,6,81,3,13,1,7,0,1,0,0,0,0,0,0,0,0,205,128
CHI,2024,6,JAX,240,2,17,-1,52,0,0,0,2,16,3,27,3,39,5,45,0,0,1,11,10,102,0,0,0,0,0,2,0,0,0,0,257,67
CHI,2024,8,WAS,326,1,52,65,51,0,1,11,2,6,5,125,3,73,1,6,1,8,7,77,1,20,0,0,0,0,1,0,0,0,0,0,378,133
CHI,2024,9,ARI,154,0,6,107,98,0,3,12,3,39,2,34,0,0,0,0,0,0,3,35,2,34,0,0,2,0,0,0,0,1,0,0,160,256
CHI,2024,10,NE,184,1,24,74,46,0,1,3,1,4,4,50,4,47,1,2,0,0,1,14,3,64,0,0,0,0,0,1,0,0,0,0,208,127
CHI,2024,11,GB,261,1,18,76,17,-5,4,58,2,13,2,23,1,17,0,0,4,150,0,0,0,0,1,1,0,1,0,0,0,0,0,0,279,164
CHI,2024,12,MIN,344,2,-1,106,19,0,3,23,1,6,2,27,8,162,1,5,0,0,7,114,1,7,0,1,0,0,1,1,0,0,0,0,343,154
CHI,2024,13,DET,221,2,1,87,88,18,2,17,3,36,5,73,5,28,2,48,0,0,3,6,1,13,0,0,0,0,0,0,0,2,0,0,222,228
CHI,2024,14,SF,325,2,11,78,29,13,2,50,1,3,7,90,2,22,1,5,0,0,6,151,1,4,0,2,1,2,0,0,0,0,0,0,336,160
CHI,2024,15,MIN,231,1,0,86,28,0,2,20,0,0,7,73,7,63,1,5,2,18,5,52,0,0,0,1,1,1,0,0,0,0,0,0,231,134
CHI,2024,16,DET,336,3,-1,109,31,7,4,45,4,35,6,70,5,143,0,0,0,0,4,43,0,0,0,1,0,1,1,0,0,1,0,0,335,220
CHI,2024,17,SEA,160,0,19,57,46,0,3,19,0,0,3,32,3,42,3,20,0,0,4,43,1,4,0,0,0,0,0,0,0,0,0,0,179,122
CHI,2024,18,GB,205,0,3,44,132,4,1,2,1,-2,5,49,2,48,0,0,3,53,4,36,1,19,0,1,1,0,0,0,0,0,0,0,208,176
CIN,2024,1,NE,121,0,32,120,18,0,3,6,0,0,3,21,2,27,2,12,1,6,2,31,2,18,0,1,0,0,0,0,0,0,0,0,153,144
CIN,2024,2,KC,151,2,29,90,24,5,5,21,1,3,5,75,2,17,2,22,1,1,1,5,1,7,0,0,0,1,0,0,1,0,0,1,180,138
CIN,2024,3,WAS,254,2,39,33,36,0,1,4,2,22,4,100,3,44,3,29,3,17,5,38,0,0,1,1,1,1,0,0,1,0,0,0,293,95
CIN,2024,4,CAR,220,2,9,104,32,10,4,17,3,14,7,83,6,66,3,24,0,0,2,16,0,0,0,1,0,1,1,0,0,0,0,0,229,167
CIN,2024,5,BAL,348,4,55,92,17,9,1,4,1,8,7,111,4,58,1,4,2,31,3,13,7,119,0,1,0,0,1,0,0,2,1,0,403,121
CIN,2024,6,NYG,205,0,56,50,13,0,6,57,0,0,5,50,6,57,1,6,1,5,3,30,0,0,0,1,0,0,0,0,0,0,0,0,261,120
CIN,2024,7,CLE,277,1,44,5,28,0,0,0,2,19,1,18,6,41,8,81,0,0,10,76,4,42,0,0,1,0,0,0,0,1,0,0,321,52
CIN,2024,8,PHI,236,1,37,108,16,0,1,3,0,0,6,85,5,84,0,0,0,0,3,58,1,6,3,0,0,1,0,0,0,0,0,0,273,127
CIN,2024,9,LV,198,1,2,36,22,0,0,0,3,14,8,105,2,5,1,7,0,0,5,45,2,22,0,0,1,0,0,0,0,1,0,1,200,72
CIN,2024,10,BAL,290,4,33,68,-2,0,1,3,2,0,4,34,1,6,6,54,4,121,6,68,1,4,0,1,0,0,0,1,2,1,0,0,323,69
CIN,2024,11,LAC,297,2,65,56,28,6,1,3,0,0,6,123,2,48,2,23,1,14,4,80,1,6,0,2,0,0,1,0,0,1,0,0,362,87
CIN,2024,13,PIT,414,3,10,75,25,0,6,54,7,92,3,74,2,29,1,43,1,23,6,68,3,31,0,1,0,1,1,0,0,1,0,1,424,246
CIN,2024,14,DAL,183,2,5,131,4,16,1,10,2,7,6,93,0,0,1,16,1,3,3,32,2,22,0,0,0,1,0,0,1,0,0,0,188,152
CIN,2024,15,TEN,298,2,14,45,5,19,0,0,6,87,3,41,2,39,2,9,2,19,8,59,6,44,0,1,2,0,0,0,0,0,1,0,312,137
CIN,2024,16,CLE,157,0,49,92,7,0,5,39,2,3,2,20,2,21,0,0,0,0,8,66,1,8,0,1,0,0,0,0,0,0,0,0,206,141
CIN,2024,17,DEN,219,3,31,0,93,-1,2,0,3,20,5,55,2,27,1,-1,8,103,1,3,2,12,0,0,0,1,0,0,2,0,0,0,250,113
CIN,2024,18,PIT,148,1,16,36,22,0,4,20,0,0,1,0,0,0,3,18,1,25,8,85,0,0,0,1,0,0,0,0,0,1,0,0,164,78
CLE,2024,1,DAL,179,1,2,40,30,30,2,9,3,24,5,61,4,40,1,12,1,18,3,15,0,0,0,1,0,0,1,0,0,0,0,1,181,103
CLE,2024,2,JAX,220,0,45,52,26,4,3,6,0,0,3,43,2,94,1,-1,0,0,3,65,2,13,0,1,0,0,0,0,0,0,0,0,265,84
CLE,2024,3,NYG,236,2,20,65,23,4,4,43,2,17,8,78,7,61,1,7,0,0,1,13,1,17,0,1,0,2,0,0,0,0,0,0,256,148
CLE,2024,4,LV,130,0,-2,50,60,32,0,0,0,0,5,49,5,41,0,0,0,0,2,19,2,21,0,0,0,0,1,1,0,0,0,0,128,110
CLE,2024,5,WAS,236,1,84,18,111,2,0,0,2,30,4,112,1,10,3,19,3,55,2,10,0,0,0,2,1,0,0,0,1,0,0,0,320,159
CLE,2024,6,PHI,264,2,33,47,23,13,2,7,0,0,3,64,6,116,1,10,0,0,0,0,4,67,0,0,0,1,1,0,0,0,0,0,297,77
CLE,2024,7,CIN,181,2,-3,7,44,11,3,33,2,9,5,55,4,82,0,0,0,0,1,2,0,0,0,0,0,1,1,0,0,0,0,1,178,93
CLE,2024,8,BAL,289,2,46,73,5,0,1,4,1,14,7,115,1,28,3,36,0,0,4,47,6,45,0,1,0,0,0,1,0,0,1,0,335,96
CLE,2024,9,LAC,282,2,2,85,7,2,2,20,0,0,5,64,4,118,2,63,1,0,2,9,2,8,0,2,0,0,1,1,0,0,0,0,284,112
CLE,2024,11,NO,248,2,6,67,3,0,4,22,0,0,2,87,1,18,1,9,0,0,3,30,11,100,0,0,0,1,0,0,0,1,3,0,254,92
CLE,2024,12,PIT,270,1,36,41,43,0,2,13,3,19,4,48,3,78,2,39,0,0,4,59,3,14,0,0,1,0,1,0,0,0,0,0,306,116
CLE,2024,13,DEN,294,1,4,1,97,4,1,3,1,0,6,102,1,16,2,28,3,105,3,24,1,16,0,1,1,0,0,0,1,0,0,2,298,101
CLE,2024,14,PIT,158,2,17,53,50,0,0,0,3,23,1,4,1,10,3,36,3,38,3,48,1,-1,0,1,0,0,1,0,0,1,0,0,175,126
CLE,2024,15,KC,179,2,14,45,43,30,1,4,2,38,6,46,5,36,0,0,1,7,4,27,2,21,0,0,0,1,0,0,1,0,1,0,193,130
CLE,2024,16,CIN,252,3,18,91,0,7,3,18,0,0,6,97,8,58,3,53,0,0,2,14,1,12,0,0,0,1,1,1,0,0,0,0,270,109
CLE,2024,17,MIA,225,1,52,25,8,-11,2,13,2,16,9,105,4,41,1,16,1,8,3,26,0,0,1,0,0,0,0,0,0,1,0,0,277,62
CLE,2024,18,BAL,217,2,63,138,10,9,2,23,1,14,1,12,5,76,0,0,0,0,4,54,3,38,0,2,0,0,1,0,0,1,0,1,280,185
DAL,2024,1,CLE,169,1,39,44,10,0,6,25,2,20,2,16,3,25,3,9,1,3,4,44,3,27,0,1,0,0,1,0,0,0,0,0,208,99
DAL,2024,2,NO,243,2,-2,115,39,20,2,65,0,0,4,96,4,81,0,0,0,0,1,1,0,0,1,4,0,1,0,0,0,0,0,0,241,219
DAL,2024,3,BAL,182,1,87,151,33,3,1,23,2,21,3,20,3,28,1,56,0,0,1,4,1,30,1,2,0,0,1,0,0,0,0,0,269,228
DAL,2024,4,NYG,281,0,3,24,3,-4,1,14,1,19,12,115,11,71,3,56,0,0,1,6,0,0,0,0,0,0,0,0,0,0,0,0,284,60
DAL,2024,5,PIT,150,2,27,42,23,0,2,35,0,-2,3,26,3,26,1,6,1,9,3,22,3,28,0,0,0,0,0,0,0,1,1,0,177,98
DAL,2024,6,DET,334,3,4,80,89,11,1,0,3,28,4,37,3,76,4,73,3,68,1,52,0,0,0,2,0,1,1,0,0,1,0,0,338,197
DAL,2024,8,SF,260,1,56,18,95,54,0,0,4,23,4,71,4,38,0,0,0,0,6,128,0,0,1,0,1,0,0,0,0,1,0,0,316,136
DAL,2024,9,ATL,222,3,-11,86,18,7,7,59,0,0,2,27,5,88,3,28,1,9,1,11,0,0,0,0,1,1,1,1,0,0,0,0,211,163
DAL,2024,10,PHI,207,2,57,66,64,0,1,12,1,9,2,14,5,109,1,27,3,11,2,25,0,0,2,0,0,0,0,0,1,1,0,0,264,151
DAL,2024,11,HOU,257,0,26,109,2,4,2,44,1,11,4,54,4,54,3,33,2,13,5,33,2,15,0,3,0,0,0,0,0,0,0,1,283,166
DAL,2024,12,WAS,275,2,74,13,44,14,1,11,2,2,5,102,6,71,1,8,3,30,6,38,1,13,1,0,0,1,0,0,0,1,0,0,349,70
DAL,2024,13,NYG,178,0,57,32,23,4,2,33,0,0,8,69,2,6,2,8,2,8,5,54,0,0,1,1,0,0,0,0,0,0,0,0,235,88
DAL,2024,14,CIN,369,3,-2,58,4,14,6,65,1,7,14,177,2,23,4,41,0,0,3,24,3,32,0,1,0,2,0,0,0,0,0,0,367,134
DAL,2024,15,CAR,219,1,12,32,14,2,4,17,0,0,2,7,2,19,5,51,4,110,0,0,2,15,1,0,0,0,0,0,1,0,0,0,231,63
DAL,2024,16,TB,303,2,42,68,10,14,3,24,7,50,5,69,1,20,5,57,5,54,5,29,0,0,0,1,0,0,0,1,1,0,0,0,345,152
DAL,2024,17,PHI,197,3,1,167,11,0,2,2,1,5,3,36,6,120,0,0,0,0,1,34,0,0,1,0,0,1,2,0,0,0,0,1,198,185
DAL,2024,18,WAS,199,2,83,10,12,8,1,6,2,20,8,62,2,51,3,16,0,0,5,44,0,0,1,0,0,1,0,0,0,1,0,0,282,48
DEN,2024,1,SEA,171,1,30,103,12,1,2,6,2,29,6,77,3,29,2,19,1,0,2,11,0,0,1,1,1,0,0,0,0,0,0,0,201,150
DEN,2024,2,PIT,117,1,27,69,45,0,1,5,2,19,2,29,2,14,1,6,0,0,4,39,1,5,0,0,0,0,0,0,0,0,1,0,144,138
DEN,2024,3,TB,163,1,0,17,74,0,5,18,3,14,6,53,2,17,1,6,0,0,7,47,1,8,0,0,0,1,0,0,0,0,0,0,163,123
DEN,2024,4,NYJ,225,0,26,4,34,0,2,14,1,12,5,41,5,58,4,67,1,6,4,17,2,10,0,0,0,0,0,0,0,0,0,0,251,64
DEN,2024,5,LV,231,1,22,38,42,13,2,23,3,9,6,72,2,18,1,12,0,0,8,97,0,0,0,0,1,0,0,0,0,1,0,0,253,112
DEN,2024,6,LAC,237,1,2,96,16,14,2,6,2,40,4,43,3,22,2,38,3,52,4,26,1,10,0,1,1,0,0,0,0,0,0,0,239,158
DEN,2024,7,NO,210,1,34,10,53,0,6,14,2,1,6,45,3,37,6,57,0,0,3,18,2,38,0,0,0,0,0,1,0,0,0,0,244,78
DEN,2024,8,CAR,224,2,6,56,7,0,2,15,7,38,4,34,0,0,4,78,4,39,1,7,2,13,0,0,0,1,0,1,0,0,0,0,230,116
DEN,2024,9,BAL,280,3,6,106,15,0,1,27,4,46,5,127,3,25,1,29,0,0,0,0,2,26,0,2,1,2,0,0,0,0,0,0,286,194
DEN,2024,10,KC,266,1,19,35,3,0,7,65,2,37,1,11,4,56,2,6,1,3,8,64,3,24,0,0,0,0,0,0,0,1,0,0,285,140
DEN,2024,11,ATL,197,0,0,35,15,0,4,28,1,-1,3,61,2,27,6,46,2,22,1,9,1,5,0,0,0,0,0,0,0,0,0,0,197,77
DEN,2024,12,LV,294,1,8,28,33,0,5,37,0,0,10,121,7,82,2,5,1,34,4,38,2,11,0,1,0,0,0,0,0,0,0,0,302,98
DEN,2024,13,CLE,497,4,11,41,21,4,1,21,2,24,9,235,8,111,3,43,2,11,9,52,0,0,0,0,1,1,0,0,0,2,0,0,508,107
DEN,2024,15,IND,172,0,46,107,6,-10,1,4,2,9,6,58,3,32,0,0,1,23,3,47,0,0,1,0,0,0,0,0,0,0,0,0,218,126
DEN,2024,16,LAC,284,2,28,68,24,-3,1,3,2,39,6,87,3,18,3,41,3,41,3,37,2,18,0,2,1,0,0,0,1,0,0,0,312,134
DEN,2024,17,CIN,412,3,25,67,23,0,4,24,0,0,9,102,11,131,3,59,0,0,10,86,2,10,1,0,0,0,3,0,0,0,0,0,437,114
DEN,2024,18,KC,98,0,5,25,1,0,2,2,1,13,1,5,1,4,2,48,0,0,1,1,2,25,0,0,0,0,0,0,0,0,0,0,103,41
DET,2024,1,LAR,317,1,0,50,16,17,3,4,0,0,14,110,5,79,4,42,4,35,4,47,0,0,0,1,0,1,0,0,0,0,0,0,317,70
DET,2024,2,TB,185,1,34,18,22,0,1,5,0,0,7,117,3,42,1,21,0,0,0,0,0,0,1,0,0,1,0,0,0,0,0,0,219,45
DET,2024,3,ARI,207,1,45,17,15,0,1,8,0,0,5,64,3,35,8,64,0,0,3,25,1,11,0,0,0,1,0,0,0,0,0,0,252,40
DET,2024,4,SEA,395,1,38,15,80,0,5,39,4,36,7,104,8,51,5,61,4,48,2,26,3,30,0,0,3,0,0,0,0,0,1,0,433,170
DET,2024,6,DAL,224,0,3,25,17,8,5,30,0,0,7,89,4,43,4,24,2,27,3,11,0,0,0,0,0,0,0,0,0,0,0,0,227,72
DET,2024,7,MIN,259,1,39,93,4,3,3,23,0,0,7,81,3,66,4,76,0,0,4,8,1,5,0,1,0,1,0,0,0,0,0,1,298,120
DET,2024,8,TEN,266,1,29,94,32,3,3,23,0,0,10,143,3,14,2,39,0,0,2,14,2,33,1,0,0,0,0,1,0,0,0,0,295,149
DET,2024,9,GB,273,0,0,95,41,0,2,13,4,29,5,113,4,28,0,0,4,56,4,34,0,0,0,0,1,0,0,0,0,0,0,0,273,178
DET,2024,10,HOU,232,1,5,46,11,-6,2,44,0,0,5,39,2,6,5,74,1,1,3,66,1,2,0,1,0,0,0,1,0,0,0,0,237,101
DET,2024,11,JAX,138,0,7,27,3,4,3,6,0,0,5,82,1,3,1,10,0,0,5,28,2,9,0,0,0,0,0,0,0,0,0,0,145,36
DET,2024,12,IND,172,0,61,35,0,0,0,0,0,0,3,27,6,96,1,39,1,10,0,0,0,0,0,0,0,0,0,0,0,0,0,0,233,35
DET,2024,13,CHI,256,3,39,39,0,0,2,35,0,0,8,97,5,73,2,25,0,0,3,26,0,0,0,0,0,1,2,0,0,0,0,0,295,74
DET,2024,14,GB,206,1,23,66,10,0,0,0,0,0,0,0,4,49,4,114,0,0,3,41,1,2,0,3,0,0,0,0,0,1,0,0,229,76
DET,2024,15,BUF,362,2,68,105,24,0,1,28,7,128,6,39,1,7,1,64,1,1,4,53,2,42,2,2,1,1,0,0,0,0,0,0,430,285
DET,2024,16,CHI,334,2,34,20,3,2,3,33,0,0,7,68,9,141,4,77,0,0,2,9,1,6,0,0,0,0,1,0,0,1,0,0,368,56
DET,2024,17,SF,412,3,19,34,0,22,4,65,1,9,7,67,1,5,8,141,1,13,8,112,0,0,2,0,1,0,1,1,0,0,0,0,431,108
DET,2024,18,MIN,166,0,10,45,65,0,5,30,2,4,3,54,1,0,3,53,0,0,2,9,2,16,0,0,0,0,0,0,0,0,0,0,176,144
GB,2024,1,PHI,278,2,33,109,2,0,2,23,1,10,5,119,7,84,0,0,0,0,4,31,1,11,0,3,0,1,0,0,0,0,0,0,311,144
GB,2024,2,IND,204,1,37,103,0,0,2,32,2,9,3,21,5,56,1,30,1,13,1,9,2,34,0,0,0,0,1,0,0,0,0,0,241,144
GB,2024,3,TEN,260,2,12,14,7,0,3,15,4,54,1,9,3,33,6,73,1,9,4,43,4,24,0,0,0,0,0,1,0,0,1,0,272,90
GB,2024,4,MIN,275,3,15,93,5,7,4,46,1,8,6,85,1,31,3,72,1,8,2,15,2,10,0,0,0,1,0,2,0,0,1,0,290,152
GB,2024,5,LAR,260,1,0,102,25,7,1,3,1,8,6,58,7,89,3,28,2,6,7,52,2,16,0,1,0,0,0,1,0,0,0,1,260,138
GB,2024,6,ARI,214,1,14,24,51,0,4,22,5,39,0,0,2,21,3,36,0,0,8,96,0,0,0,0,0,0,1,0,0,0,0,0,228,136
GB,2024,7,HOU,86,0,19,115,8,0,2,9,0,0,5,23,0,0,1,11,0,0,1,28,1,15,0,2,0,0,0,0,0,0,0,0,105,132
GB,2024,8,JAX,308,2,10,78,3,0,2,8,1,20,3,60,2,59,3,46,1,20,5,59,4,36,1,0,0,1,0,0,0,0,1,0,318,109
GB,2024,9,DET,145,1,-2,73,65,-12,3,23,1,11,7,56,1,12,2,12,1,2,2,28,1,1,0,0,1,1,0,0,0,0,0,1,143,172
GB,2024,11,CHI,231,0,70,71,33,5,2,13,1,8,7,62,6,65,4,41,0,0,3,42,0,0,0,1,1,0,0,0,0,0,0,0,301,125
GB,2024,12,SF,199,1,5,8,31,0,1,5,4,51,5,40,1,21,0,0,0,0,6,82,0,0,0,0,0,0,0,0,0,1,0,0,204,95
GB,2024,13,MIA,365,2,6,14,19,0,8,56,4,30,6,83,4,53,1,9,2,8,10,113,2,13,0,1,0,1,0,0,0,0,0,0,371,119
GB,2024,14,DET,283,3,7,43,51,10,6,30,5,33,5,43,5,80,6,43,0,0,5,54,0,0,0,1,1,0,0,2,0,0,0,0,290,157
GB,2024,15,SEA,173,0,7,54,19,0,1,12,0,0,10,83,3,28,1,22,1,8,3,15,1,5,0,1,0,0,0,0,0,0,0,0,180,85
GB,2024,16,NO,153,0,28,8,31,0,0,0,7,32,0,0,1,17,2,31,1,13,2,27,2,33,0,0,0,0,0,0,0,0,0,0,181,71
GB,2024,17,MIN,377,3,-3,47,25,0,4,30,2,15,8,92,6,69,5,81,2,15,5,68,1,7,0,0,1,0,1,1,0,0,0,0,374,117
GB,2024,18,CHI,148,1,10,65,3,5,0,0,5,16,9,86,3,25,2,18,0,0,2,3,0,0,0,1,0,1,0,0,0,0,0,1,158,84
HOU,2024,1,IND,212,2,56,48,0,0,0,0,0,0,4,31,1,2,3,125,1,54,0,0,0,0,1,1,0,0,0,1,1,0,0,0,268,48
HOU,2024,2,CHI,174,0,44,18,9,0,4,24,2,4,6,53,2,33,3,32,0,0,4,27,2,1,0,0,1,0,0,0,0,0,0,0,218,55
HOU,2024,3,MIN,181,4,0,102,13,3,5,46,0,0,6,81,3,31,1,13,1,8,1,2,0,0,0,1,0,1,1,0,0,1,0,0,181,161
HOU,2024,4,JAX,169,2,5,50,90,13,1,10,0,0,7,61,6,86,1,-2,0,0,3,19,0,0,0,0,0,1,1,0,0,0,0,0,174,150
HOU,2024,5,BUF,131,1,54,82,15,-1,2,17,1,4,2,27,1,49,1,0,0,0,2,34,0,0,0,1,0,0,1,0,0,0,0,0,185,118
HOU,2024,6,NE,243,3,38,19,25,0,3,24,1,9,6,92,1,4,3,59,2,9,3,41,1,5,0,0,0,1,0,1,0,1,0,0,281,77
HOU,2024,7,GB,220,3,0,76,11,-5,5,16,0,0,3,48,2,10,8,94,2,17,3,33,1,2,0,1,0,1,0,0,0,1,0,0,220,103
HOU,2024,8,IND,175,1,45,105,0,13,1,12,1,14,1,16,4,109,1,9,1,11,0,0,1,4,0,1,0,0,1,0,0,0,0,0,220,131
HOU,2024,9,NYJ,211,3,-1,74,9,18,2,11,0,0,9,90,7,91,1,6,0,0,1,-3,2,16,0,0,0,2,1,0,0,0,0,0,210,94
HOU,2024,10,DET,240,2,2,71,32,0,2,37,1,24,6,60,3,53,0,0,0,0,3,66,0,0,0,0,1,1,0,0,0,1,0,0,242,164
HOU,2024,11,DAL,354,1,2,28,21,13,2,6,4,20,8,93,2,21,3,86,3,23,1,11,10,98,0,0,0,0,0,1,0,0,0,0,356,75
HOU,2024,12,TEN,278,2,10,119,3,0,3,10,1,2,5,93,6,55,2,48,0,0,1,70,0,0,0,1,0,0,0,1,0,1,0,0,288,134
HOU,2024,13,JAX,276,2,12,46,28,11,3,12,1,7,4,76,6,103,2,23,0,0,7,41,1,14,0,0,0,1,1,0,0,0,0,0,288,93
HOU,2024,15,MIA,196,1,0,41,11,0,7,35,3,13,2,36,0,0,5,52,2,4,9,48,1,8,0,0,0,0,0,0,0,1,0,0,196,100
HOU,2024,16,KC,260,1,33,55,26,10,2,24,4,49,7,65,4,37,0,0,5,45,5,30,1,10,1,1,0,1,0,0,0,0,0,0,293,154
HOU,2024,17,BAL,184,2,87,147,17,0,2,18,1,28,2,31,1,12,1,2,1,16,2,68,1,9,1,1,0,0,0,0,0,1,1,0,271,210
HOU,2024,18,TEN,245,1,13,62,13,-3,0,0,0,0,3,76,4,50,1,15,1,49,5,29,2,26,0,0,0,0,0,0,1,0,0,0,258,75
IND,2024,1,HOU,234,2,13,159,16,25,3,19,1,3,6,117,3,40,6,33,1,3,3,16,1,3,0,1,0,0,0,2,0,0,0,0,247,197
IND,2024,2,GB,122,1,41,151,24,45,0,0,1,3,3,62,2,9,3,26,0,0,2,16,1,6,0,0,0,0,0,1,0,0,0,0,163,178
IND,2024,3,CHI,363,2,8,20,39,-4,2,22,4,32,8,78,6,112,3,22,0,0,10,97,0,0,0,0,0,0,1,0,0,1,0,0,371,113
IND,2024,4,PIT,312,1,55,19,48,0,3,54,2,19,7,113,1,17,2,21,0,0,5,57,2,31,2,0,0,0,0,0,0,1,0,0,367,140
IND,2024,5,JAX,371,2,4,17,102,3,6,43,3,37,5,122,4,88,3,38,0,0,4,24,3,19,0,0,2,1,0,0,0,1,0,0,375,199
IND,2024,6,TEN,95,1,15,93,29,9,3,-5,0,0,0,0,4,54,3,19,2,19,3,6,1,2,0,1,0,0,0,0,1,0,0,0,110,117
IND,2024,7,MIA,161,1,24,77,82,5,2,8,1,25,1,8,1,11,2,9,0,0,7,96,1,4,0,0,0,0,0,0,0,1,0,0,185,192
IND,2024,8,HOU,285,1,-10,102,8,-4,4,32,0,0,5,81,4,35,1,19,5,47,4,52,2,19,0,1,0,0,1,0,0,0,0,0,275,142
IND,2024,9,MIN,290,3,14,64,46,9,4,18,2,7,7,137,5,42,1,7,2,16,0,0,8,85,0,0,0,0,1,1,0,0,1,0,304,135
IND,2024,10,BUF,280,0,49,80,6,0,1,5,3,32,6,58,4,86,4,35,0,0,2,24,2,40,1,1,0,0,0,0,0,0,0,1,329,123
IND,2024,11,NYJ,184,2,7,78,6,0,7,43,0,0,4,18,6,72,1,17,1,10,1,7,2,17,0,2,0,0,0,0,0,0,1,0,191,127
IND,2024,12,DET,269,0,0,90,43,4,3,9,3,36,6,62,5,64,4,55,0,0,3,19,2,24,0,2,1,0,0,0,0,0,0,0,269,178
IND,2024,13,NE,238,1,59,73,62,6,3,21,0,0,4,20,3,41,0,0,3,39,7,75,4,42,0,0,1,0,0,0,0,0,1,0,297,156
IND,2024,15,DEN,130,3,23,15,34,0,2,8,4,18,3,32,2,9,0,0,4,20,2,8,3,35,0,0,0,1,0,0,0,0,2,1,153,75
IND,2024,16,TEN,252,2,3,35,27,0,2,5,3,39,3,78,2,20,2,17,1,6,9,81,1,6,0,0,2,1,0,1,0,0,0,0,255,106
IND,2024,17,NYG,309,4,0,59,21,0,2,14,1,9,7,171,5,71,1,32,0,0,1,12,0,0,1,0,0,2,1,1,0,0,0,1,309,103
IND,2024,18,JAX,225,1,17,31,65,0,3,29,2,3,7,103,2,15,1,11,0,0,4,60,1,4,0,0,1,0,1,0,0,0,0,0,242,128
JAX,2024,1,MIA,338,1,11,24,43,3,7,76,2,10,7,130,5,109,0,0,0,0,0,0,2,13,0,1,0,1,0,0,0,0,0,0,349,153
JAX,2024,2,CLE,186,0,24,64,37,0,1,0,2,19,3,11,5,73,6,44,4,29,1,10,0,0,1,0,0,0,0,0,0,0,0,0,210,120
JAX,2024,3,BUF,266,4,43,39,40,0,4,48,4,29,6,72,1,24,3,22,2,23,3,41,1,7,0,1,2,1,1,0,0,1,0,0,309,156
JAX,2024,4,HOU,345,2,17,53,25,6,0,0,4,47,12,151,5,69,1,10,1,7,3,34,1,27,0,0,1,1,1,0,0,0,0,0,362,125
JAX,2024,5,IND,359,3,22,38,26,13,6,25,3,31,5,37,9,69,4,38,3,134,2,37,2,12,0,1,0,1,0,0,1,1,0,0,381,120
JAX,2024,6,CHI,226,4,53,91,8,0,4,28,2,25,4,20,2,40,5,41,0,0,5,70,1,2,0,1,0,0,0,2,0,2,0,0,279,152
JAX,2024,7,NE,276,2,18,18,2,0,2,7,6,58,2,14,0,0,2,26,2,47,8,92,4,32,0,0,1,0,0,1,0,0,0,0,294,85
JAX,2024,8,GB,252,1,22,127,21,0,1,-2,3,-1,2,55,3,72,2,11,4,39,3,78,0,0,0,2,0,0,0,0,0,1,0,0,274,145
JAX,2024,9,PHI,230,2,67,159,9,2,3,40,1,1,4,87,2,36,1,36,2,0,5,30,0,0,1,2,0,1,0,0,0,0,0,0,297,209
JAX,2024,10,MIN,241,0,28,88,56,-3,2,13,1,9,5,48,2,25,1,11,1,11,4,52,8,72,0,0,0,0,0,0,0,0,0,0,269,166
JAX,2024,11,DET,449,4,24,69,105,-2,1,54,3,20,11,161,4,124,2,30,4,33,1,5,1,22,0,1,2,2,1,0,0,1,0,0,473,248
JAX,2024,13,HOU,242,1,7,101,0,0,4,18,1,1,8,119,1,23,2,16,0,0,5,61,1,4,0,1,0,0,0,0,0,1,0,0,249,120
JAX,2024,14,TEN,168,0,3,102,21,0,2,22,1,2,7,59,1,7,1,19,1,16,3,8,3,35,0,0,0,0,0,0,0,0,0,0,171,147
JAX,2024,15,NYJ,289,3,45,30,50,0,2,21,1,2,3,56,9,198,0,0,0,0,1,12,0,0,0,1,0,1,2,0,0,0,0,0,334,103
JAX,2024,16,LV,257,0,12,27,38,-8,4,29,5,47,2,41,2,41,0,0,0,0,11,99,0,0,0,1,1,0,0,0,0,0,0,0,269,141
JAX,2024,17,TEN,193,1,23,95,17,7,3,8,0,0,5,84,2,14,3,37,0,0,5,42,1,8,0,0,0,0,0,0,0,0,1,0,216,120
JAX,2024,18,IND,264,1,0,177,0,0,1,3,2,10,6,72,10,94,2,57,0,0,1,7,1,21,0,1,0,0,0,1,0,0,0,0,264,190
KC,2024,1,BAL,273,1,122,46,3,14,0,0,6,52,6,37,2,53,1,6,0,0,9,111,2,14,0,1,0,0,0,0,0,1,0,0,395,101
KC,2024,2,CIN,258,2,9,34,31,0,1,13,0,0,4,35,2,7,1,5,1,47,7,91,7,60,0,0,0,0,2,0,0,0,0,0,267,78
KC,2024,3,ATL,230,1,-1,31,32,20,2,21,0,0,6,67,8,66,2,17,0,0,2,59,0,0,0,1,0,1,0,0,0,0,0,0,229,84
KC,2024,4,LAC,179,1,0,32,19,4,3,30,0,0,5,67,1,9,3,36,1,7,2,24,1,6,0,0,0,1,0,0,0,0,0,0,179,81
KC,2024,5,NO,182,2,11,26,9,0,6,40,0,0,4,86,2,10,1,2,0,0,5,31,2,13,0,0,0,1,0,0,0,0,1,0,193,75
KC,2024,7,SF,212,0,27,58,16,0,2,11,1,5,2,23,3,21,1,10,2,50,6,92,0,0,2,0,0,0,0,0,0,0,0,0,239,90
KC,2024,8,LV,209,2,6,15,1,11,5,29,1,9,6,52,2,26,4,28,0,0,5,58,1,7,0,0,0,1,0,1,0,0,0,0,215,54
KC,2024,9,TB,200,2,20,24,30,21,3,10,4,22,4,48,2,33,1,1,1,9,8,77,0,0,0,0,1,0,0,1,0,1,0,0,220,86
KC,2024,10,DEN,215,2,-5,1,65,17,2,6,0,0,6,70,2,23,1,9,8,52,2,21,1,34,0,0,0,1,0,0,1,0,0,0,210,72
KC,2024,11,BUF,262,1,55,20,29,0,5,7,0,0,8,70,2,55,5,58,2,27,4,40,1,5,1,2,0,0,0,1,0,0,0,0,317,56
KC,2024,12,CAR,263,1,20,58,7,0,1,2,0,0,4,56,6,81,3,57,3,13,3,49,1,5,0,1,0,0,1,0,0,0,0,0,283,67
KC,2024,13,LV,340,2,0,39,64,11,2,14,2,1,6,97,1,58,1,25,0,0,10,140,1,5,0,0,0,0,1,0,0,1,0,0,340,118
KC,2024,14,LAC,213,1,24,36,34,0,0,0,0,0,5,48,6,78,1,4,3,10,2,19,4,54,0,1,0,1,0,0,0,0,0,0,237,70
KC,2024,15,CLE,164,0,14,84,41,0,2,20,0,0,11,108,2,-1,2,7,0,0,3,30,0,0,0,1,0,0,0,0,0,0,0,0,178,145
KC,2024,16,HOU,244,2,23,57,4,0,1,14,0,0,7,60,6,98,3,19,1,8,5,45,0,0,0,0,0,0,1,0,0,1,0,0,267,75
KC,2024,17,PIT,205,0,55,74,73,0,2,7,5,41,3,50,4,31,0,0,0,0,7,60,2,16,1,0,0,0,0,0,0,0,0,0,260,195
KC,2024,18,DEN,321,4,54,28,76,0,3,50,2,9,5,98,4,50,2,12,7,77,3,25,0,0,0,0,1,1,1,0,2,0,0,0,375,163
LAC,2024,1,LV,257,1,5,44,19,3,2,2,4,43,5,59,3,61,2,22,1,9,6,58,2,3,0,0,1,0,0,0,0,0,0,0,262,108
LAC,2024,2,CAR,84,0,6,64,20,0,4,12,3,5,3,15,2,20,1,1,0,0,3,23,2,8,0,0,0,0,0,0,0,0,0,0,90,101
LAC,2024,3,PIT,245,1,6,70,38,0,5,16,4,11,5,57,4,95,2,31,0,0,4,33,1,2,1,0,0,0,1,0,0,0,0,0,251,135
LAC,2024,4,KC,245,1,12,6,83,0,1,0,2,16,3,73,2,27,0,0,0,0,7,89,4,40,0,0,1,1,0,0,0,0,0,0,257,105
LAC,2024,6,DEN,216,2,61,23,21,5,3,13,2,17,4,53,1,8,2,31,4,78,2,11,1,5,0,0,0,1,0,1,0,0,0,0,277,74
LAC,2024,7,ARI,145,1,66,101,14,0,2,51,0,0,3,21,1,15,1,5,0,0,5,51,2,2,1,0,0,0,0,1,0,0,0,0,211,166
LAC,2024,8,NO,278,0,10,67,20,0,6,55,0,0,8,107,2,14,1,36,0,0,3,48,2,21,0,0,0,0,0,0,0,0,0,0,288,142
LAC,2024,9,CLE,235,1,27,5,47,0,1,2,1,-4,7,73,3,28,6,75,0,0,5,29,3,32,0,0,0,0,0,1,0,0,0,0,262,50
LAC,2024,10,TEN,175,2,41,44,47,0,4,19,3,4,5,84,3,31,2,23,0,0,1,14,0,0,0,0,0,2,0,0,0,0,0,0,216,114
LAC,2024,11,CIN,356,3,28,86,0,0,5,57,0,0,7,75,9,148,3,46,1,8,0,0,3,22,0,0,0,2,1,0,0,0,0,0,384,143
LAC,2024,12,BAL,177,2,15,140,55,0,0,0,2,7,5,62,0,0,2,43,1,15,5,44,1,6,1,0,1,0,0,1,0,1,0,0,192,202
LAC,2024,13,ATL,245,0,3,102,16,-5,6,33,1,6,9,86,3,20,4,95,0,0,0,0,1,5,0,1,0,0,0,0,0,0,0,0,248,157
LAC,2024,14,KC,210,1,17,16,58,5,1,13,3,22,5,41,4,32,2,31,0,0,5,45,4,26,0,0,0,0,1,0,0,0,0,0,227,109
LAC,2024,15,TB,288,4,25,117,81,0,2,-4,2,17,9,159,1,16,5,75,1,1,2,24,0,0,0,0,1,2,0,1,0,0,0,0,313,211
LAC,2024,16,DEN,263,2,25,24,58,3,7,29,4,32,5,50,2,25,2,21,3,62,3,21,3,23,0,0,2,0,0,1,0,0,0,0,288,143
LAC,2024,17,NE,115,1,32,1,63,0,0,0,0,0,4,46,4,28,2,22,0,0,0,0,3,19,0,0,0,1,0,0,0,0,0,0,147,64
LAC,2024,18,LV,225,2,13,20,6,0,4,11,1,-4,9,123,3,24,0,0,0,0,4,50,4,21,0,0,0,1,0,0,0,1,0,0,238,33
LAR,2024,1,DET,217,1,7,91,40,25,1,2,4,34,5,121,3,13,0,0,0,0,4,45,1,2,0,1,1,1,0,0,0,0,0,0,224,167
LAR,2024,2,ARI,266,3,53,122,56,0,1,2,1,7,4,130,2,11,2,31,0,0,6,67,1,18,0,1,0,2,0,0,0,0,1,0,319,187
LAR,2024,3,SF,292,3,41,77,19,0,2,11,1,5,11,175,5,48,1,12,0,0,2,41,0,0,0,0,0,3,0,0,0,0,0,0,333,112
LAR,2024,4,CHI,157,1,12,93,26,0,7,72,0,0,3,22,1,10,3,19,0,0,3,34,0,0,0,1,1,1,0,0,0,0,0,0,169,191
LAR,2024,5,GB,224,2,10,73,24,19,1,21,1,-9,2,20,4,78,2,14,1,12,4,88,0,0,0,1,0,0,0,0,0,2,0,0,234,109
LAR,2024,7,LV,206,0,2,92,13,15,3,31,1,14,3,36,2,13,0,0,0,0,10,93,2,19,0,0,0,0,0,0,0,0,0,0,208,150
LAR,2024,8,MIN,240,2,6,58,0,0,2,37,0,0,8,115,2,22,2,16,1,10,1,10,2,30,0,0,0,0,0,0,1,0,1,0,246,95
LAR,2024,9,SEA,363,3,16,83,8,0,3,24,2,25,7,180,3,63,0,0,2,44,4,27,0,0,0,0,0,2,1,0,0,0,0,0,379,140
LAR,2024,10,MIA,207,1,-1,37,3,28,5,15,2,34,3,16,3,57,2,17,1,17,3,45,1,6,0,0,0,1,0,0,1,0,0,0,206,89
LAR,2024,11,NE,282,2,27,73,25,0,4,16,1,2,4,59,4,33,5,70,1,4,6,63,4,35,0,0,0,0,0,1,1,0,0,0,309,116
LAR,2024,12,PHI,179,1,37,255,22,0,4,47,0,0,6,109,1,4,0,0,0,0,4,19,0,0,0,2,1,1,0,0,0,0,0,0,216,324
LAR,2024,13,NO,184,1,12,112,0,9,4,7,1,7,2,36,1,19,3,31,1,5,5,36,7,43,0,0,0,1,0,0,0,0,0,0,196,126
LAR,2024,14,BUF,342,3,82,20,0,1,2,9,2,55,5,106,6,95,4,57,2,15,1,5,0,0,3,0,1,1,0,1,0,0,0,0,424,84
LAR,2024,15,SF,142,0,3,57,0,3,4,18,0,0,2,31,3,16,1,16,0,0,4,61,0,0,0,0,0,0,0,0,0,0,0,0,145,75
LAR,2024,16,NYJ,256,1,6,52,17,0,5,38,1,5,6,54,7,68,2,20,0,0,5,59,2,12,0,0,0,0,1,0,0,0,0,0,262,112
LAR,2024,17,ARI,321,1,32,4,70,7,2,4,3,16,6,96,4,22,3,18,1,19,12,123,2,23,0,0,0,0,0,0,0,1,0,0,353,94
LAR,2024,18,SEA,223,4,14,59,49,4,0,32,0,0,4,9,3,53,2,28,1,4,5,63,5,34,0,0,0,0,1,0,1,1,1,0,237,140
LV,2024,1,LAC,144,1,6,135,26,9,3,4,1,2,5,39,3,38,2,15,0,0,2,33,1,13,0,1,0,1,0,0,0,0,0,0,150,167
LV,2024,2,BAL,247,1,45,84,22,0,1,12,2,10,7,91,3,40,1,13,0,0,2,26,5,55,0,1,0,1,0,0,0,0,0,0,292,128
LV,2024,3,CAR,319,3,-2,114,17,2,5,55,2,13,8,122,3,40,3,18,2,42,3,29,0,0,0,1,1,1,1,0,0,0,0,0,317,199
LV,2024,4,CLE,176,1,32,58,2,0,7,27,1,5,4,35,6,72,1,11,1,3,1,10,3,13,0,0,0,0,0,0,0,0,1,1,208,92
LV,2024,5,DEN,206,2,9,61,22,17,5,50,4,8,2,32,1,9,2,48,2,27,1,8,2,24,1,0,1,0,1,0,0,0,0,1,215,141
LV,2024,6,PIT,145,0,59,106,18,0,2,16,3,11,3,53,2,36,0,0,0,0,2,16,2,13,2,1,0,0,0,0,0,0,0,0,204,151
LV,2024,7,LAR,154,0,-2,76,11,30,0,0,0,0,6,51,1,9,4,57,0,0,2,32,1,5,0,2,0,0,0,0,0,0,0,1,152,87
LV,2024,8,KC,262,2,17,59,6,0,1,4,3,38,4,37,2,29,3,33,1,8,10,90,3,23,0,1,0,1,0,0,0,1,0,0,279,107
LV,2024,9,CIN,251,5,10,120,0,0,5,37,0,0,7,43,1,10,0,0,1,9,5,100,8,52,0,1,0,0,1,0,0,2,1,0,261,157
LV,2024,11,MIA,288,3,0,73,2,7,4,32,1,2,7,61,2,37,2,13,3,11,6,101,3,31,0,1,0,1,0,0,0,2,0,0,288,109
LV,2024,12,DEN,273,2,5,-2,62,-2,2,6,1,8,8,97,2,4,6,80,5,75,1,3,0,0,0,0,0,2,0,0,0,0,0,0,278,74
LV,2024,13,KC,306,1,4,15,44,0,2,0,2,20,5,54,4,90,1,6,1,10,7,68,4,58,0,0,0,0,0,1,0,0,0,0,310,79
LV,2024,14,TB,295,3,12,3,137,0,1,15,2,19,4,69,4,63,4,59,0,0,3,70,0,0,0,0,2,0,0,2,0,0,0,0,307,174
LV,2024,15,ATL,112,1,0,125,43,0,1,10,0,0,3,53,0,0,1,14,0,0,4,28,2,7,0,0,0,1,0,0,0,0,0,0,112,178
LV,2024,16,JAX,247,1,0,22,50,0,2,15,2,9,9,132,6,54,0,0,1,3,2,22,3,12,0,0,1,1,0,0,0,0,0,0,247,96
LV,2024,17,NO,218,1,46,12,23,0,1,12,3,26,0,0,3,17,3,27,1,23,6,66,3,47,0,0,0,0,0,0,0,0,1,0,264,73
LV,2024,18,LAC,346,2,42,63,33,-1,3,12,0,0,5,95,13,186,1,5,1,6,5,42,0,0,0,0,1,0,0,0,1,1,0,0,388,108
MIA,2024,1,JAX,162,1,8,44,73,3,2,15,0,0,4,47,1,30,3,62,1,3,1,5,0,0,0,1,0,1,0,0,0,0,0,0,170,132
MIA,2024,2,BUF,139,1,0,78,28,2,1,17,2,32,5,54,0,0,1,3,0,0,4,33,0,0,0,3,0,0,0,0,0,0,0,1,139,155
MIA,2024,3,SEA,289,1,-2,91,11,0,3,16,0,0,4,104,3,39,5,46,1,2,6,60,4,22,0,2,0,1,0,0,0,0,0,0,287,118
MIA,2024,4,TEN,110,0,5,88,39,10,2,20,2,0,1,5,2,31,2,31,1,13,1,5,1,5,0,1,1,0,0,0,0,0,0,0,115,147
MIA,2024,5,NE,160,0,10,89,52,0,4,3,1,4,6,59,1,13,2,34,1,6,2,32,1,9,0,1,0,0,0,0,0,0,0,0,170,148
MIA,2024,7,IND,129,0,56,36,51,12,1,13,0,0,3,63,1,3,2,30,2,15,0,0,1,5,0,0,1,0,0,0,0,0,0,0,185,100
MIA,2024,8,ARI,307,2,19,53,10,0,2,16,0,0,6,111,5,31,1,9,1,3,9,124,2,13,0,1,0,1,1,0,0,0,0,0,326,79
MIA,2024,9,BUF,235,3,7,44,43,0,5,25,2,70,6,50,1,21,5,30,0,0,4,32,2,7,0,0,1,0,0,1,0,0,1,0,242,182
MIA,2024,10,LAR,293,0,0,62,8,0,5,20,1,7,7,80,1,23,1,6,12,123,5,34,0,0,0,0,0,0,0,0,0,0,0,0,293,97
MIA,2024,11,LV,282,2,7,19,10,27,3,50,3,16,4,28,3,28,3,29,0,0,13,126,1,5,0,0,1,0,0,0,0,1,0,0,289,95
MIA,2024,12,NE,222,1,26,13,46,1,0,0,3,14,5,62,1,6,1,7,3,30,5,44,4,59,0,0,0,0,0,0,0,0,1,1,248,73
MIA,2024,13,GB,274,2,0,43,48,23,4,74,2,1,3,24,4,30,2,67,0,0,6,78,0,0,0,1,0,2,0,0,0,0,0,0,274,166
MIA,2024,14,NYJ,339,1,0,43,40,0,4,38,3,27,7,114,9,109,1,18,0,0,3,33,0,0,0,0,1,0,1,0,0,0,0,0,339,148
MIA,2024,15,HOU,131,2,4,23,35,15,5,33,0,0,4,17,2,26,2,17,3,25,2,13,0,0,0,0,0,2,0,0,0,0,0,0,135,91
MIA,2024,16,SF,313,2,26,6,24,25,1,20,1,1,4,51,7,96,4,37,0,0,8,106,1,2,0,0,0,0,1,0,0,0,1,0,339,51
MIA,2024,17,CLE,170,0,10,22,82,0,0,0,3,15,12,94,1,1,1,3,0,0,6,49,1,8,0,0,0,0,0,0,0,0,0,0,180,119
MIA,2024,18,NYJ,274,4,0,57,56,5,3,15,2,8,4,51,6,88,3,71,0,0,2,16,3,25,0,1,0,0,1,1,0,1,0,0,274,136
MIN,2024,1,NYG,186,0,15,37,8,14,4,15,2,14,6,44,5,66,3,26,0,0,1,18,1,3,0,0,0,0,0,0,0,0,0,0,201,74
MIN,2024,2,SF,319,1,12,100,0,-10,1,4,3,19,8,110,4,43,2,37,1,4,7,76,2,26,0,1,0,0,0,0,0,1,0,0,331,123
MIN,2024,3,HOU,294,1,12,21,5,0,1,8,4,28,4,86,10,94,5,62,2,18,2,11,0,0,0,1,0,0,0,0,0,0,0,0,306,62
MIN,2024,4,GB,389,4,6,51,27,2,4,27,0,0,7,139,5,78,4,39,3,40,6,53,3,13,0,0,0,1,2,0,0,1,0,0,395,105
MIN,2024,5,NYJ,244,2,0,23,13,0,3,14,1,15,13,101,4,34,2,25,0,0,6,55,0,0,0,0,0,1,1,0,0,0,0,0,244,65
MIN,2024,7,DET,280,2,-4,116,32,0,4,44,3,39,8,112,1,-4,3,39,2,25,1,25,0,0,0,2,0,1,0,1,0,0,0,0,276,231
MIN,2024,8,LAR,279,4,-4,97,9,5,5,19,1,9,1,18,5,51,2,35,8,112,2,17,1,18,0,1,0,0,1,2,0,0,0,0,275,134
MIN,2024,9,IND,179,0,-1,48,4,17,3,11,1,9,1,14,6,60,3,41,1,22,1,22,0,0,0,0,0,0,0,0,0,0,0,1,178,72
MIN,2024,10,JAX,111,0,8,4,44,0,0,0,1,-1,2,12,1,19,0,0,0,0,6,40,4,41,1,0,0,0,0,0,0,0,0,0,119,47
MIN,2024,11,TEN,295,1,18,15,0,0,2,14,2,8,4,58,2,34,2,117,1,33,2,19,2,12,0,0,0,0,0,1,0,0,0,0,313,37
MIN,2024,12,CHI,340,2,33,30,2,13,3,35,1,10,7,106,9,86,5,39,0,0,7,64,0,0,0,0,1,1,1,0,0,0,0,0,373,77
MIN,2024,13,ARI,260,1,48,68,32,6,3,13,1,3,5,60,5,55,2,1,0,0,12,96,3,32,0,0,0,1,0,0,0,0,0,0,308,116
MIN,2024,14,ATL,344,0,0,92,63,3,2,9,0,0,5,70,6,142,8,98,0,0,1,14,1,11,0,1,1,0,0,0,0,0,0,0,344,164
MIN,2024,15,CHI,196,1,3,79,31,0,1,10,8,46,6,82,2,39,1,5,0,0,1,14,0,0,0,0,0,1,0,0,0,0,0,0,199,166
MIN,2024,16,SEA,314,3,8,31,15,5,8,28,3,29,8,95,3,57,2,19,1,6,3,50,3,30,0,0,0,1,1,0,0,0,1,0,322,103
MIN,2024,17,GB,185,1,6,69,29,0,0,0,0,0,1,6,7,58,4,43,4,21,2,53,1,4,0,1,1,0,0,0,1,0,0,0,191,98
MIN,2024,18,DET,231,1,0,139,39,0,5,31,0,0,6,77,6,34,2,15,1,11,7,63,0,0,0,4,0,0,0,0,0,0,0,0,231,209
NE,2024,1,CIN,164,0,15,44,11,0,2,17,3,12,6,62,3,26,1,6,1,5,3,18,2,18,0,1,0,0,0,0,0,0,0,0,179,84
NE,2024,2,SEA,327,1,8,38,0,0,5,31,0,0,10,129,12,117,2,15,3,21,1,14,0,0,0,1,0,1,0,0,0,0,0,0,335,69
NE,2024,3,NYJ,281,2,18,54,61,0,4,29,3,13,5,33,3,48,3,34,2,16,5,93,2,15,0,1,0,1,1,0,0,0,0,0,299,157
NE,2024,4,SF,288,1,11,123,0,14,2,37,1,12,3,88,2,48,3,58,0,0,4,45,0,0,0,1,0,0,0,0,0,1,0,1,299,172
NE,2024,5,MIA,194,0,7,18,169,0,1,-1,2,18,6,69,4,46,0,0,0,0,5,62,0,0,0,0,1,0,0,0,0,0,0,0,201,204
NE,2024,6,HOU,192,3,7,102,83,0,2,30,1,1,6,77,7,57,0,0,0,0,4,27,0,0,0,2,1,1,1,0,0,0,0,0,199,216
NE,2024,7,JAX,193,1,13,118,38,2,0,0,3,32,5,89,1,24,1,13,0,0,5,35,0,0,0,2,0,1,0,0,0,0,0,1,206,188
NE,2024,8,NYJ,233,2,0,80,32,0,1,9,0,0,5,113,4,54,1,1,0,0,3,42,3,14,0,0,1,0,0,1,0,1,0,0,233,121
NE,2024,9,TEN,240,2,19,128,22,-2,3,26,0,0,5,73,0,0,5,50,1,8,3,38,3,45,0,0,0,0,0,1,0,0,1,0,259,176
NE,2024,10,CHI,120,0,15,59,-4,3,1,6,1,5,3,24,3,23,5,44,1,5,2,13,0,0,0,0,0,0,0,0,0,0,0,0,135,66
NE,2024,11,LAR,295,4,0,86,21,0,0,0,1,7,6,106,2,19,1,21,7,123,1,19,0,0,0,0,0,2,0,0,1,1,0,0,295,114
NE,2024,12,MIA,317,4,-2,32,33,2,3,24,1,-3,5,48,8,144,0,0,1,1,9,87,2,16,0,2,0,0,1,0,0,1,0,0,315,86
NE,2024,13,IND,109,2,48,96,0,0,1,7,0,0,5,42,2,16,0,0,0,0,0,0,4,44,1,1,0,0,1,0,0,0,0,0,157,103
NE,2024,15,ARI,232,0,10,110,37,6,5,28,0,0,2,32,2,9,3,60,1,3,9,87,3,13,0,2,0,0,0,0,0,0,0,0,242,175
NE,2024,16,BUF,154,1,30,100,42,0,3,26,1,17,2,22,1,10,2,25,1,17,4,15,2,22,0,2,0,0,0,0,0,0,0,0,184,185
NE,2024,17,LAC,281,3,20,76,54,-3,1,7,1,10,8,94,5,48,4,41,2,29,2,21,3,31,0,1,0,2,0,0,1,0,0,0,301,147
NE,2024,18,BUF,129,1,12,28,81,9,0,0,3,1,2,31,3,25,7,52,0,0,3,20,0,0,0,1,1,0,0,0,0,0,0,0,141,110
NO,2024,1,CAR,161,0,12,22,21,3,0,0,0,0,4,35,2,19,2,40,4,63,1,4,0,0,1,0,0,0,0,0,0,0,0,0,173,43
NO,2024,2,DAL,299,1,12,30,27,-1,4,29,3,22,4,90,6,82,2,19,3,14,6,43,0,0,0,0,0,1,0,0,0,0,0,0,311,108
NO,2024,3,PHI,311,0,25,147,0,0,4,9,2,12,7,79,1,11,2,8,3,22,10,170,0,0,0,2,0,0,0,0,0,0,0,0,336,168
NO,2024,4,ATL,238,0,0,28,60,0,4,46,2,20,6,64,3,56,6,52,0,0,0,0,0,0,0,0,0,0,0,0,0,0,0,1,238,154
NO,2024,5,KC,331,0,22,102,12,3,1,15,1,24,3,25,7,130,4,33,0,0,9,70,3,34,0,1,0,1,0,0,0,0,0,0,353,153
NO,2024,6,TB,325,4,29,81,136,31,2,24,3,65,11,125,2,34,3,23,1,39,2,15,0,0,0,1,2,2,0,0,0,1,0,1,354,306
NO,2024,7,DEN,164,0,73,88,64,0,3,23,0,0,5,50,2,12,1,20,2,18,3,41,0,0,0,2,0,0,0,0,0,0,0,1,237,175
NO,2024,8,LAC,279,2,49,57,16,0,4,11,0,0,6,111,2,72,0,0,3,44,5,41,0,0,0,1,0,2,0,0,0,0,0,0,328,84
NO,2024,9,CAR,171,1,9,72,-5,4,2,0,2,-5,4,33,0,0,2,36,2,20,4,87,0,0,0,2,0,1,0,0,0,0,0,0,180,62
NO,2024,10,ATL,306,0,0,116,59,6,3,28,0,0,8,97,5,96,3,30,0,0,4,55,0,0,0,2,0,0,0,0,0,0,0,0,306,203
NO,2024,11,CLE,395,2,8,10,55,-7,4,29,0,0,6,142,6,66,3,47,1,11,9,81,1,19,0,0,0,1,1,0,0,0,0,0,403,94
NO,2024,13,LAR,183,2,3,104,42,7,1,9,0,0,3,17,5,56,2,49,2,39,1,13,0,0,0,1,0,0,1,1,0,0,0,0,186,155
NO,2024,14,NYG,227,0,59,45,8,0,5,38,0,0,5,79,4,38,2,27,0,0,5,45,0,0,0,1,0,0,0,0,0,0,0,0,286,91
NO,2024,15,WAS,226,2,66,65,6,0,3,22,1,0,7,73,3,36,3,30,4,27,2,25,2,13,0,0,0,2,0,0,0,0,0,0,292,93
NO,2024,16,GB,216,1,0,69,75,42,4,38,2,6,3,76,3,13,2,20,0,0,3,63,0,0,0,1,2,0,1,0,0,0,0,0,216,188
NO,2024,17,LV,242,2,-1,32,121,5,1,6,3,32,5,61,2,24,1,28,0,0,7,77,1,14,0,0,0,1,1,0,0,0,0,0,241,191
NO,2024,18,TB,221,2,68,89,16,6,2,-5,0,0,9,89,5,74,1,11,0,0,2,16,2,36,0,1,0,0,1,0,0,1,0,0,289,100
NYG,2024,1,MIN,208,2,3,94,14,0,2,15,3,25,4,59,3,35,2,11,1,21,2,15,2,27,0,1,0,1,0,0,1,0,0,1,211,148
NYG,2024,2,WAS,226,0,44,133,38,0,1,3,3,47,6,22,3,14,2,17,3,56,4,62,1,5,0,0,0,0,0,0,0,0,0,0,270,221
NYG,2024,3,CLE,196,2,27,37,5,0,3,33,0,0,7,86,4,27,2,17,1,4,4,29,0,0,0,0,0,2,0,0,0,0,0,0,223,75
NYG,2024,4,DAL,221,2,-1,46,27,8,1,15,3,19,7,98,3,24,1,16,0,0,7,49,0,0,0,1,0,1,0,0,0,0,0,0,220,107
NYG,2024,5,SEA,284,1,72,11,19,0,3,19,7,57,4,55,4,31,4,75,1,3,3,24,2,20,0,0,0,0,1,0,0,0,0,1,356,106
NYG,2024,6,CIN,208,0,55,13,53,0,1,2,2,11,5,72,7,77,2,36,0,0,2,10,0,0,1,0,1,0,0,0,0,0,0,0,263,79
NYG,2024,7,PHI,114,1,22,176,71,0,2,11,1,11,1,-2,5,89,0,0,0,0,1,5,0,0,2,1,0,0,1,0,0,0,0,0,136,269
NYG,2024,8,PIT,278,1,7,114,46,0,3,17,2,13,4,74,3,54,4,62,0,0,2,19,2,39,0,0,0,0,1,0,0,0,0,1,285,190
NYG,2024,9,WAS,209,2,35,42,72,0,3,41,0,0,2,19,5,60,2,48,1,24,1,5,1,12,0,1,0,2,0,0,0,0,0,0,244,155
NYG,2024,10,CAR,126,1,30,153,5,0,4,16,0,0,3,40,3,41,2,18,0,0,2,8,1,3,0,1,0,0,0,0,0,1,0,0,156,174
NYG,2024,12,TB,294,0,29,88,40,0,6,64,2,17,5,68,5,16,1,11,3,62,1,30,1,26,1,1,2,0,0,0,0,0,0,0,323,209
NYG,2024,13,DAL,195,1,0,112,8,2,3,11,0,0,2,39,2,41,4,53,5,18,5,33,0,0,0,1,0,0,0,0,1,0,0,1,195,131
NYG,2024,14,NO,219,1,11,44,37,0,5,35,2,10,4,51,1,18,1,5,0,0,4,50,3,50,0,0,1,0,0,0,0,1,0,0,230,126
NYG,2024,15,BAL,290,5,64,67,39,0,0,0,5,61,6,53,3,80,1,26,2,29,2,24,2,17,0,0,1,0,2,0,1,1,0,0,354,167
NYG,2024,16,ATL,202,0,3,94,22,8,2,9,1,9,5,59,5,82,3,19,1,17,1,7,0,0,0,2,0,0,0,0,0,0,0,2,205,134
NYG,2024,17,IND,330,2,1,125,0,0,2,11,1,10,9,109,3,22,6,122,2,22,3,34,0,0,0,2,0,1,0,1,0,0,0,0,331,146
NYG,2024,18,PHI,269,2,1,14,32,4,2,9,4,35,7,94,3,24,4,35,0,0,4,55,3,17,0,0,0,0,0,1,0,0,1,0,270,90
NYJ,2024,1,SF,231,0,10,147,0,23,1,5,2,40,5,54,5,64,2,28,0,0,4,40,0,0,0,1,0,1,0,0,0,0,0,0,241,192
NYJ,2024,2,TEN,192,1,38,62,20,10,5,40,2,11,4,77,2,26,1,9,0,0,3,16,2,13,0,0,0,2,0,0,0,0,0,0,230,133
NYJ,2024,3,NE,120,0,12,23,34,9,0,0,3,8,7,69,2,13,0,0,1,2,2,9,1,19,0,0,0,0,0,0,0,0,0,0,132,65
NYJ,2024,4,DEN,60,1,3,77,46,0,2,3,4,-1,3,60,0,0,0,0,2,-2,0,0,1,0,0,0,0,1,0,0,0,0,0,0,63,125
NYJ,2024,5,MIN,203,0,11,29,42,0,1,24,3,20,6,92,3,36,0,0,0,0,2,31,0,0,0,0,1,0,0,0,0,0,0,1,214,115
NYJ,2024,6,BUF,215,2,18,97,34,0,3,55,0,0,2,19,3,26,1,8,3,44,6,51,1,12,1,0,0,0,0,1,0,0,1,0,233,186
NYJ,2024,7,PIT,264,2,3,102,44,0,0,0,2,15,5,111,1,36,2,15,0,0,2,51,4,36,1,1,0,1,0,1,0,0,0,0,267,161
NYJ,2024,8,NE,155,0,57,48,7,0,3,17,0,0,2,12,0,0,3,46,2,20,5,45,3,15,1,2,0,0,0,0,0,0,0,0,212,72
NYJ,2024,9,HOU,191,0,59,106,22,0,0,0,0,0,6,126,0,0,2,44,0,0,3,21,0,0,0,1,0,0,0,0,0,0,0,0,250,128
NYJ,2024,10,ARI,266,1,20,33,94,0,5,80,2,25,5,54,3,24,1,-1,0,0,4,71,2,13,2,1,0,1,0,0,0,0,0,0,286,232
NYJ,2024,11,IND,272,1,32,57,0,2,1,3,1,3,5,84,5,46,3,74,1,33,2,17,2,12,2,0,0,1,0,0,0,0,0,0,304,63
NYJ,2024,13,SEA,206,1,2,49,28,5,2,-3,2,13,4,74,4,66,3,16,0,0,3,26,2,14,0,0,1,0,0,0,0,0,1,1,208,87
NYJ,2024,14,MIA,331,2,3,24,11,6,6,45,3,13,10,115,9,99,1,1,0,0,3,44,1,14,0,1,0,1,0,0,0,1,0,0,334,93
NYJ,2024,15,JAX,294,2,29,65,42,0,4,20,0,0,10,105,3,54,0,0,3,42,11,73,0,0,0,0,0,2,0,0,0,0,0,0,323,127
NYJ,2024,16,LAR,110,1,-4,122,14,0,1,7,0,0,3,24,8,56,0,0,1,12,0,0,1,11,0,1,0,0,0,0,0,0,1,0,106,143
NYJ,2024,17,BUF,251,3,16,53,28,0,0,0,2,13,3,25,3,56,3,27,3,102,2,24,1,4,1,1,0,0,1,1,1,0,0,0,267,94
NYJ,2024,18,MIA,227,1,16,121,-8,6,0,0,2,21,2,20,4,44,4,48,4,38,9,56,0,0,0,1,0,0,0,0,0,1,0,0,243,134
PHI,2024,1,GB,260,2,0,84,46,33,2,20,2,2,4,50,4,138,3,13,0,0,2,37,0,0,0,0,0,0,2,1,0,0,0,0,260,152
PHI,2024,2,ATL,241,2,-1,97,53,3,4,25,1,12,3,42,3,88,6,54,0,0,3,20,0,0,0,0,0,0,1,1,0,0,0,0,240,187
PHI,2024,3,NO,142,1,3,87,-1,0,3,40,1,0,6,86,0,0,2,11,1,3,1,2,0,0,0,0,0,1,0,0,0,0,0,0,145,126
PHI,2024,4,TB,347,2,10,49,52,0,2,35,2,20,6,69,8,94,3,26,3,51,6,52,0,0,1,0,1,0,1,1,0,0,0,0,357,156
PHI,2024,6,CLE,168,0,17,14,74,-5,0,0,4,51,4,42,1,35,1,3,1,6,5,31,0,0,0,0,0,0,0,0,0,0,0,0,185,139
PHI,2024,7,NYG,105,0,33,18,25,0,1,3,4,16,6,23,4,41,1,11,0,0,1,11,0,0,0,0,0,0,0,0,0,0,0,0,138,62
PHI,2024,8,CIN,234,1,15,11,32,0,4,28,2,2,9,54,0,0,1,4,1,41,7,73,2,32,0,0,1,1,0,0,0,0,0,0,249,73
PHI,2024,9,JAX,169,0,8,22,30,0,0,0,2,6,2,22,3,41,1,10,2,40,5,45,1,5,2,0,0,0,0,0,0,0,0,1,177,58
PHI,2024,10,DAL,66,0,19,53,22,3,3,3,0,0,6,21,3,14,1,4,0,0,4,24,0,0,0,0,0,0,0,0,0,0,0,0,85,78
PHI,2024,11,WAS,191,1,18,63,12,0,1,9,9,90,1,10,1,4,1,10,1,4,6,47,2,17,0,1,0,0,0,0,0,1,0,0,209,174
PHI,2024,12,LAR,243,2,15,72,5,0,0,0,0,0,8,60,9,117,2,15,4,41,1,10,0,0,0,1,0,1,0,1,0,0,0,0,258,77
PHI,2024,13,BAL,237,2,79,82,6,-3,3,29,4,15,3,74,0,0,2,14,0,0,6,67,5,38,0,0,0,0,0,0,0,1,1,0,316,132
PHI,2024,14,CAR,191,1,29,92,-3,0,4,15,0,0,2,39,2,25,9,102,1,7,0,0,1,3,0,1,0,0,0,0,0,0,1,0,220,104
PHI,2024,15,PIT,128,1,21,14,21,0,1,7,2,2,5,65,1,0,1,15,1,17,3,22,0,0,0,0,0,0,0,0,0,1,0,0,149,44
PHI,2024,16,WAS,258,5,81,24,8,0,2,17,4,15,5,60,5,70,4,56,3,28,1,12,0,0,0,0,0,1,2,0,2,0,0,0,339,64
PHI,2024,17,DAL,148,1,3,104,2,18,1,4,1,1,3,30,1,16,4,52,3,27,3,18,0,0,0,0,0,1,0,0,0,0,0,0,151,111
PHI,2024,18,NYG,138,1,3,59,38,0,2,7,2,-1,5,64,10,43,0,0,0,0,2,9,1,16,0,0,0,1,0,0,0,0,0,0,141,103
PIT,2024,1,ATL,155,1,0,68,21,0,5,43,0,0,4,52,1,15,2,15,0,0,3,26,1,4,0,0,0,0,0,0,0,1,0,0,155,132
PIT,2024,2,DEN,246,0,25,17,22,0,5,48,2,3,1,26,4,93,4,50,1,10,3,16,0,0,0,0,0,0,0,0,0,0,0,0,271,90
PIT,2024,3,LAC,149,1,0,44,9,8,3,10,0,0,3,44,2,44,1,17,0,0,3,19,2,15,0,0,0,0,1,0,0,0,0,0,149,63
PIT,2024,4,IND,239,2,27,88,8,10,3,20,0,0,6,113,8,82,1,9,0,0,1,15,0,0,0,1,0,0,1,0,0,1,0,0,266,116
PIT,2024,5,DAL,352,2,3,87,23,-4,2,27,1,18,5,62,7,87,4,50,1,10,6,70,3,28,0,1,0,0,1,0,0,0,0,0,355,155
PIT,2024,6,LV,227,1,0,33,24,0,5,32,3,14,0,0,2,37,3,31,2,18,9,71,3,24,0,1,0,0,0,0,1,0,0,0,227,103
PIT,2024,7,NYJ,276,1,0,38,16,0,6,103,1,2,5,61,4,58,3,30,1,15,4,7,0,0,0,1,0,0,0,0,0,1,0,0,276,159
PIT,2024,8,NYG,264,0,1,145,11,0,2,5,3,15,7,71,5,30,4,108,0,0,3,35,0,0,0,1,0,0,0,0,0,0,0,0,265,176
PIT,2024,10,WAS,202,0,5,44,11,0,1,7,0,0,5,113,3,33,1,8,3,10,4,31,0,0,0,2,1,0,0,0,0,0,0,0,207,62
PIT,2024,11,BAL,207,1,46,65,13,0,0,0,5,33,2,39,0,0,2,30,1,8,4,75,2,22,0,1,0,1,0,0,0,0,0,0,253,111
PIT,2024,12,CLE,219,0,7,19,59,0,1,8,1,1,6,85,3,21,2,28,0,0,1,9,4,67,1,0,2,0,0,0,0,0,0,0,226,87
PIT,2024,13,CIN,309,3,9,70,14,0,3,30,0,0,6,86,5,69,3,35,0,0,5,53,6,36,0,1,0,1,1,1,0,0,0,1,318,114
PIT,2024,14,CLE,212,2,28,28,48,0,3,19,2,9,5,64,3,34,1,12,2,18,7,42,1,14,0,0,0,1,0,0,0,1,0,0,240,104
PIT,2024,15,PHI,290,2,45,65,20,1,2,9,3,40,8,110,11,109,0,0,0,0,1,22,0,0,1,0,0,1,1,0,0,0,0,0,335,134
PIT,2024,16,BAL,207,3,22,162,32,3,2,27,0,0,5,100,1,14,0,0,0,0,4,37,3,29,0,0,0,0,1,0,0,1,1,1,229,221
PIT,2024,17,KC,320,3,12,20,27,10,0,0,2,20,8,79,2,7,2,60,6,64,8,84,1,6,0,1,0,1,0,1,0,1,0,0,332,67
PIT,2024,18,CIN,277,1,-1,69,0,0,7,14,0,0,10,96,4,53,2,12,0,0,8,68,6,34,0,0,0,1,0,0,0,0,0,0,276,83
SEA,2024,1,DEN,138,0,35,27,37,0,5,1,2,3,4,38,5,45,8,39,0,0,2,12,0,0,1,0,0,0,0,0,0,0,0,0,173,68
SEA,2024,2,NE,149,1,6,81,98,0,2,9,1,7,1,7,2,12,0,0,0,0,8,109,1,5,0,1,0,0,1,0,0,0,0,0,155,195
SEA,2024,3,MIA,186,0,6,30,29,0,3,28,3,16,3,40,4,26,0,0,1,30,2,18,4,28,0,0,0,0,0,0,0,0,0,0,192,103
SEA,2024,4,DET,292,2,-2,40,78,0,1,40,0,0,6,45,2,80,2,52,1,9,4,53,2,13,1,1,2,1,1,0,0,0,0,0,290,158
SEA,2024,5,NYG,257,2,38,129,4,4,1,1,3,50,6,36,8,122,0,0,0,0,5,48,0,0,0,0,0,1,1,0,0,0,0,0,295,184
SEA,2024,6,SF,255,3,19,73,121,15,1,9,4,22,2,37,3,27,3,102,0,0,5,58,0,0,0,0,1,0,0,1,0,2,0,0,274,225
SEA,2024,7,ATL,246,1,-1,103,53,0,3,40,1,9,6,63,5,46,2,9,1,14,7,65,0,0,0,1,0,1,0,0,0,0,0,0,245,205
SEA,2024,8,BUF,283,2,22,111,29,2,3,22,0,0,1,3,9,107,5,70,0,0,4,31,2,50,0,2,0,0,0,1,0,1,0,0,305,162
SEA,2024,9,LAR,298,2,0,69,-1,0,1,26,0,0,11,104,1,16,6,94,4,49,1,5,1,4,0,0,0,0,0,2,0,0,0,1,298,94
SEA,2024,11,SF,159,1,40,13,79,-1,0,0,6,39,10,91,4,22,0,0,0,0,1,7,0,0,1,0,0,1,0,0,0,0,0,0,199,131
SEA,2024,12,ARI,285,0,9,8,32,0,5,41,0,0,3,47,2,54,1,5,0,0,12,133,1,5,0,0,0,0,0,0,0,0,0,0,294,81
SEA,2024,13,NYJ,185,2,6,60,15,8,0,0,5,44,5,41,5,66,1,-1,0,0,4,32,1,3,0,0,1,0,1,0,0,0,0,1,191,119
SEA,2024,14,ARI,259,2,16,90,15,0,4,32,5,19,4,49,2,57,1,5,1,13,7,70,1,14,0,1,0,0,1,0,0,0,0,0,275,156
SEA,2024,15,GB,229,2,4,94,15,27,4,42,1,9,5,34,3,40,2,14,3,56,2,34,0,0,0,1,0,0,2,0,0,0,0,0,233,160
SEA,2024,16,MIN,246,3,11,67,3,0,3,26,0,0,10,144,5,35,1,5,1,9,2,27,0,0,0,0,0,2,1,0,0,0,0,0,257,96
SEA,2024,17,CHI,122,0,37,53,13,0,4,28,6,54,5,25,1,15,0,0,0,0,0,0,0,0,0,0,0,0,0,0,0,0,0,0,159,148
SEA,2024,18,LAR,334,2,5,10,51,18,1,12,5,40,3,72,5,37,4,35,3,86,1,6,5,46,0,0,0,0,0,1,0,0,1,0,339,113
SF,2024,1,NYJ,203,2,6,54,8,0,5,39,1,9,6,60,6,89,0,0,0,0,1,6,0,0,0,1,0,0,2,0,0,0,0,0,209,110
SF,2024,2,MIN,268,2,32,32,82,0,5,36,0,0,4,133,3,54,1,17,2,16,2,12,0,0,0,0,0,1,1,0,0,0,0,0,300,150
SF,2024,3,LAR,221,1,0,89,9,0,2,27,0,0,1,32,3,20,4,93,3,28,3,21,0,0,0,3,0,0,0,0,0,0,0,0,221,125
SF,2024,4,NE,168,1,3,43,27,0,4,19,3,67,3,13,3,30,1,3,1,11,2,12,2,13,0,0,0,0,0,0,0,0,1,0,171,156
SF,2024,5,ARI,195,1,83,86,0,0,2,14,1,0,2,36,5,78,1,7,0,0,6,53,2,7,1,0,0,0,0,0,0,0,1,0,278,100
SF,2024,6,SEA,312,1,0,32,20,0,8,37,1,15,3,48,5,53,4,65,2,18,6,63,1,13,0,1,0,0,0,1,0,0,0,1,312,104
SF,2024,7,KC,154,0,39,78,24,43,2,5,1,22,3,19,1,8,1,17,0,0,4,17,4,66,1,2,0,0,0,1,0,0,0,0,193,129
SF,2024,8,DAL,243,2,-1,34,12,11,1,4,1,10,13,146,3,44,1,16,0,0,6,23,0,0,0,1,0,2,0,0,0,0,0,0,242,60
SF,2024,10,TB,116,1,3,73,31,3,3,14,6,39,1,7,0,0,1,11,2,10,5,35,0,0,0,1,1,0,0,0,0,0,0,0,119,157
SF,2024,11,SEA,221,0,29,54,3,8,2,5,2,2,10,110,7,70,2,19,0,0,2,15,0,0,1,1,0,0,0,0,0,0,0,0,250,64
SF,2024,12,GB,163,2,2,106,52,9,0,0,1,15,3,54,3,26,1,25,2,15,2,26,1,2,0,3,0,0,0,0,1,1,0,0,165,173
SF,2024,13,BUF,152,2,15,107,91,7,1,13,2,13,4,30,3,12,0,0,1,7,2,56,1,14,2,1,1,0,0,0,1,0,0,0,167,224
SF,2024,14,CHI,140,2,27,38,3,0,1,2,3,11,6,49,3,30,4,42,1,6,0,0,0,0,0,0,0,0,0,2,0,0,0,0,167,54
SF,2024,15,LAR,160,0,18,108,5,11,2,4,2,15,0,0,7,97,0,0,1,6,2,21,2,17,0,0,0,0,0,0,0,0,0,0,178,132
SF,2024,16,MIA,215,1,-1,120,47,0,6,70,2,15,3,29,3,28,1,6,0,0,6,62,1,5,0,1,0,1,0,0,0,0,0,0,214,252
SF,2024,17,DET,303,3,-3,117,40,-2,4,46,2,35,8,60,5,77,1,21,0,0,6,64,0,0,0,1,0,1,2,0,0,1,0,0,300,238
SF,2024,18,ARI,242,4,24,43,77,7,4,16,1,5,5,63,4,47,4,46,0,0,7,65,0,0,0,1,1,1,2,0,0,1,0,0,266,141
TB,2024,1,WAS,184,0,88,40,10,0,3,49,4,52,2,17,3,18,1,15,1,5,3,28,0,0,2,1,0,0,0,0,0,0,0,0,272,151
TB,2024,2,DET,307,0,5,84,35,15,7,22,5,52,11,119,5,79,3,27,2,12,2,13,0,0,0,0,1,0,0,0,0,0,0,0,312,193
TB,2024,3,DEN,216,0,47,12,77,0,4,29,1,7,7,68,2,36,6,37,3,20,1,13,1,6,1,0,1,0,0,0,0,0,0,0,263,125
TB,2024,4,PHI,158,1,20,84,9,0,2,32,0,0,2,11,4,17,0,0,1,6,7,62,2,30,1,0,0,0,1,0,0,0,0,1,178,125
TB,2024,5,ATL,509,4,0,61,12,0,3,16,3,13,12,154,9,105,6,66,2,67,7,88,0,0,0,0,0,1,2,0,1,0,0,0,509,102
TB,2024,6,NO,243,1,27,40,12,2,5,24,2,13,1,11,1,5,1,15,7,73,3,48,2,54,0,1,0,0,0,0,1,0,0,1,270,89
TB,2024,7,BAL,281,5,52,169,4,19,1,13,3,44,1,11,4,121,1,20,0,0,2,17,5,55,0,1,1,0,1,0,0,0,2,0,333,230
TB,2024,8,ATL,276,4,16,63,33,17,7,43,0,0,4,34,4,86,3,9,0,0,4,91,1,13,0,1,0,0,1,0,0,2,0,0,292,139
TB,2024,9,KC,291,3,9,106,19,-10,1,11,4,25,0,0,8,86,3,43,3,17,14,100,1,9,0,1,1,0,2,0,0,0,0,0,300,161
TB,2024,10,SF,353,2,17,5,39,14,0,0,6,68,7,93,5,62,4,73,0,0,3,57,0,0,0,0,0,0,0,1,0,1,0,0,370,112
TB,2024,12,NYG,192,0,32,42,2,0,4,28,4,14,6,64,5,47,0,0,0,0,3,39,0,0,0,0,1,0,0,0,0,0,0,0,224,86
TB,2024,13,CAR,298,1,17,43,18,0,0,0,3,23,4,53,5,40,8,99,1,6,5,77,0,0,1,0,0,0,0,1,0,0,0,0,315,84
TB,2024,14,LV,205,0,9,1,78,0,1,-3,2,11,7,67,2,7,1,6,0,0,3,49,7,68,1,0,0,0,0,0,0,0,0,0,214,87
TB,2024,15,LAC,199,2,0,23,9,0,0,0,2,13,5,58,5,45,2,10,2,16,5,50,1,7,0,0,0,1,1,0,0,0,0,0,199,45
TB,2024,16,DAL,292,1,-4,23,1,11,3,28,0,0,7,105,2,20,1,7,6,89,6,40,1,3,0,0,1,0,1,0,0,0,0,0,288,52
TB,2024,17,CAR,203,2,8,20,11,0,0,0,0,0,5,28,5,110,1,17,3,43,1,5,0,0,0,0,0,0,2,0,0,0,0,0,211,31
TB,2024,18,NO,240,1,11,15,38,0,1,7,4,27,3,33,2,16,3,22,1,13,6,80,6,42,0,0,0,0,1,0,0,0,0,0,251,87
TEN,2024,1,CHI,93,0,15,30,14,25,0,0,0,0,4,29,5,36,1,11,2,14,1,4,1,-1,0,0,0,0,0,0,0,0,0,2,108,44
TEN,2024,2,NYJ,176,2,1,62,33,5,7,52,2,23,4,57,2,11,1,19,1,4,1,10,0,0,0,1,2,0,0,0,0,0,0,0,177,170
TEN,2024,3,GB,202,1,73,43,53,19,1,5,2,35,4,50,1,18,0,0,2,67,2,24,1,3,1,0,1,0,0,0,0,0,0,1,275,136
TEN,2024,4,MIA,96,0,40,15,32,19,3,14,0,0,4,23,4,36,1,8,0,0,0,0,2,15,1,0,0,0,0,0,0,0,0,0,136,61
TEN,2024,6,IND,189,2,1,29,51,-1,0,0,4,14,3,35,7,66,2,9,0,0,4,41,2,24,0,0,0,1,1,0,0,0,0,0,190,94
TEN,2024,7,BUF,323,2,1,32,41,0,0,0,2,10,4,66,7,65,4,125,0,0,3,52,1,5,0,1,2,1,0,0,0,0,0,0,324,83
TEN,2024,8,DET,91,3,1,127,36,0,1,6,1,5,2,7,2,14,0,0,2,6,6,48,1,8,0,1,1,1,1,0,0,1,1,1,92,174
TEN,2024,9,NE,206,1,95,16,-1,0,5,38,2,9,7,35,0,0,2,18,4,41,7,56,2,9,0,2,0,0,0,0,0,0,0,0,301,62
TEN,2024,10,LAC,164,1,32,50,59,4,3,5,0,0,2,52,2,24,1,36,1,17,5,30,0,0,1,0,1,0,1,0,0,0,0,0,196,114
TEN,2024,11,MIN,246,2,18,39,25,0,1,4,2,11,6,81,3,61,0,0,2,29,3,34,3,26,1,0,1,0,1,0,0,0,0,0,264,79
TEN,2024,12,HOU,247,2,18,22,0,0,5,23,0,0,3,72,5,92,1,6,1,8,2,20,3,26,0,0,0,0,1,0,0,0,1,1,265,45
TEN,2024,13,WAS,206,3,34,103,126,4,1,6,0,0,8,73,3,27,3,14,6,48,3,35,1,3,1,1,1,2,0,0,0,1,0,0,240,235
TEN,2024,14,JAX,220,0,3,20,55,-7,4,50,1,7,8,86,2,15,3,8,0,0,4,33,1,21,0,0,1,0,0,0,0,0,0,0,223,132
TEN,2024,15,CIN,271,3,0,97,4,0,3,16,0,0,9,94,5,88,1,5,1,2,3,37,4,29,0,2,0,0,1,0,1,0,0,1,271,117
TEN,2024,16,IND,131,1,70,218,47,0,0,0,0,0,2,19,3,61,1,36,0,0,1,15,0,0,1,3,0,0,1,0,0,0,0,0,201,265
TEN,2024,17,JAX,174,2,22,49,33,18,1,26,2,11,7,91,3,31,1,4,1,11,0,0,0,0,0,0,0,1,1,0,0,0,0,0,196,119
TEN,2024,18,HOU,178,1,11,23,173,0,1,5,2,26,5,38,2,12,2,24,3,44,3,29,0,0,0,0,1,1,0,0,0,0,0,1,189,227
WAS,2024,1,TB,289,4,19,31,62,0,6,75,2,14,8,83,5,61,1,32,1,19,1,5,0,0,0,0,0,1,2,1,0,0,0,0,308,182
WAS,2024,2,NYG,178,2,32,95,2,0,1,0,0,0,10,127,2,18,3,33,0,0,0,0,0,0,0,1,0,1,1,0,0,0,0,0,210,97
WAS,2024,3,CIN,324,3,4,58,62,0,5,39,2,7,6,118,5,52,3,39,0,0,4,47,4,22,0,1,0,2,1,0,0,0,0,0,328,166
WAS,2024,4,ARI,142,1,3,104,74,0,1,9,1,0,5,45,4,38,3,38,0,0,2,12,0,0,0,1,0,1,0,0,0,0,0,0,145,187
WAS,2024,5,CLE,141,1,11,47,46,0,3,2,1,16,4,60,1,16,3,11,0,0,3,22,1,14,0,0,0,0,0,0,0,1,0,0,152,111
WAS,2024,6,BAL,323,1,40,132,2,2,0,0,1,2,9,132,4,71,1,25,0,0,2,27,3,66,0,2,0,0,0,0,0,0,1,0,363,136
WAS,2024,7,CAR,89,0,3,52,34,6,0,0,1,-6,1,17,2,3,1,10,0,0,6,61,2,4,0,1,0,0,0,0,0,0,0,0,92,80
WAS,2024,8,CHI,131,0,47,129,13,13,0,0,2,27,3,41,2,39,1,7,0,0,1,14,1,3,0,1,1,0,0,0,0,0,0,0,178,169
WAS,2024,9,NYG,174,2,54,66,33,11,1,3,0,0,9,59,3,10,3,49,0,0,3,51,1,2,1,0,0,0,0,0,0,1,1,0,228,102
WAS,2024,10,PIT,195,3,3,53,80,4,0,0,2,29,5,91,2,20,0,0,1,32,3,17,1,6,0,1,0,1,0,0,1,1,0,0,198,162
WAS,2024,11,PHI,221,0,39,146,43,0,2,52,1,6,4,29,5,65,1,8,0,0,5,61,0,0,1,2,0,0,0,0,0,0,0,0,260,247
WAS,2024,12,DAL,247,2,-2,86,6,1,3,12,1,10,10,67,2,22,1,8,2,49,3,55,2,24,0,0,0,0,1,0,0,1,0,2,245,114
WAS,2024,13,TEN,212,2,-3,35,3,0,4,33,0,0,2,45,3,37,3,61,1,0,3,27,2,9,0,0,0,0,0,2,0,0,0,0,209,71
WAS,2024,15,NO,184,1,7,12,46,4,4,58,0,0,2,64,0,0,1,8,2,24,2,12,4,39,0,1,0,0,0,0,0,0,1,0,191,116
WAS,2024,16,PHI,154,1,54,150,7,0,0,0,1,6,8,97,6,51,0,0,0,0,0,0,0,0,0,2,0,1,0,0,0,0,0,0,208,163
WAS,2024,17,ATL,223,1,3,90,19,14,3,8,0,0,7,106,2,37,1,13,1,9,4,44,1,6,0,2,0,0,0,0,0,1,0,0,226,117
WAS,2024,18,DAL,244,0,26,72,52,0,2,12,0,0,4,98,3,15,3,53,4,38,2,12,2,16,0,1,0,0,0,0,0,0,0,0,270,136
ARI,2025,1,NO,214,0,29,45,33,0,2,12,0,0,7,54,6,33,3,26,1,13,8,76,0,0,0,1,0,0,0,0,0,0,0,0,243,90
ARI,2025,2,CAR,328,3,2,38,9,0,5,39,2,12,6,100,7,48,1,-2,3,48,7,54,4,29,0,1,0,0,2,0,0,0,0,0,330,98
ARI,2025,3,SF,284,1,-1,52,22,0,10,88,1,1,8,117,4,38,1,9,1,10,2,21,0,0,0,0,1,0,0,0,0,0,0,0,283,163
ARI,2025,4,SEA,242,1,24,81,39,11,1,29,2,5,4,79,4,26,1,10,1,17,2,44,3,32,0,0,1,0,0,0,0,0,1,0,266,154
ARI,2025,5,TEN,265,0,-6,67,17,0,3,11,0,0,5,131,2,18,1,6,2,17,4,48,4,34,0,1,0,0,0,0,0,0,0,0,259,95
ARI,2025,6,IND,212,2,20,123,7,0,4,14,1,9,2,20,6,42,2,48,0,0,6,63,1,16,1,1,0,0,1,0,0,1,0,0,232,153
ARI,2025,7,GB,179,1,22,55,17,0,1,3,1,-2,6,72,4,37,1,5,0,0,5,58,1,6,0,2,0,0,0,0,0,1,0,0,201,73
ARI,2025,9,DAL,250,1,34,83,3,3,1,0,0,0,6,79,7,85,2,12,2,10,5,50,1,14,0,0,0,0,0,1,0,0,0,1,284,86
ARI,2025,10,SEA,178,1,-6,67,114,20,1,3,0,0,5,93,1,3,2,74,0,0,0,0,1,5,0,0,2,1,0,0,0,0,0,2,172,184
ARI,2025,11,SF,200,3,-10,81,24,0,5,40,2,26,4,54,1,0,1,13,0,0,6,67,0,0,0,3,0,0,0,0,0,2,0,0,190,171
ARI,2025,12,JAX,256,3,29,86,19,0,3,30,0,0,4,50,5,71,0,0,0,0,5,93,1,12,0,1,0,1,1,0,0,0,0,0,285,135
ARI,2025,13,TB,194,1,27,7,61,0,3,22,2,20,4,42,1,5,1,5,4,80,2,9,1,11,0,0,1,0,0,0,1,0,0,0,221,110
ARI,2025,14,LAR,281,3,-4,84,169,0,2,13,1,3,7,167,4,29,1,5,2,11,3,32,2,21,0,1,2,2,0,0,0,1,0,0,277,269
ARI,2025,15,HOU,260,3,10,30,103,0,1,8,5,49,3,85,1,4,1,16,0,0,8,76,3,22,0,0,0,2,0,0,0,1,0,1,270,190
ARI,2025,16,ATL,197,2,-3,76,79,0,7,92,1,-6,3,27,2,24,0,0,0,0,7,57,1,3,1,1,0,0,0,0,0,1,0,0,194,241
ARI,2025,17,CIN,329,2,4,101,15,0,3,40,2,17,7,60,4,59,4,41,2,26,2,47,3,39,0,2,1,2,0,0,0,0,0,0,333,173
ARI,2025,18,LAR,259,4,0,60,59,24,3,21,1,10,10,76,1,6,0,0,1,19,4,36,5,91,0,0,0,1,0,0,0,2,1,0,259,150
ATL,2025,1,TB,167,3,39,37,16,9,4,8,1,2,5,51,4,67,3,39,0,0,0,0,0,0,0,1,0,0,2,0,0,0,0,0,206,63
ATL,2025,2,MIN,158,0,25,30,23,0,2,8,0,0,3,81,3,31,2,26,0,0,1,12,0,0,0,0,0,0,0,0,0,0,0,0,183,61
ATL,2025,3,CAR,121,0,7,73,30,0,2,3,1,8,3,48,2,6,2,15,1,5,2,11,3,25,1,0,1,0,0,0,0,0,0,1,128,114
ATL,2025,4,WAS,156,2,20,47,62,18,2,10,1,0,6,72,2,18,2,21,1,14,2,21,0,0,0,0,0,1,0,1,0,0,0,0,176,119
ATL,2025,6,BUF,180,2,42,87,5,0,0,0,3,30,3,11,3,33,2,60,3,27,1,19,0,0,0,0,1,0,0,0,0,1,0,0,222,122
ATL,2025,7,SF,152,0,11,129,34,0,7,72,1,10,2,14,4,31,0,0,2,14,1,11,0,0,0,2,0,0,0,0,0,0,0,0,163,245
ATL,2025,8,MIA,205,4,0,67,74,0,5,24,3,20,5,99,4,36,1,18,1,2,2,6,0,0,0,1,1,1,1,0,0,0,0,0,205,185
ATL,2025,9,NE,259,2,20,55,35,0,4,32,1,9,3,38,0,0,4,100,2,9,4,51,1,20,0,0,1,1,0,1,0,0,0,0,279,131
ATL,2025,10,IND,255,1,53,244,4,22,3,42,1,8,2,19,4,84,1,3,0,0,8,99,0,0,0,3,0,0,1,0,0,0,0,0,308,298
ATL,2025,11,CAR,448,3,-1,45,23,0,5,55,1,7,8,130,4,83,4,52,2,17,4,22,3,82,0,0,0,2,1,0,0,0,0,0,447,130
ATL,2025,12,NO,243,0,22,11,18,11,2,4,5,43,9,70,3,37,3,22,1,14,6,46,1,7,0,0,0,0,0,0,0,0,0,1,265,76
ATL,2025,13,NYJ,172,1,44,68,0,-2,2,8,0,0,8,102,4,19,1,10,0,0,2,21,2,12,1,1,0,1,0,0,0,0,0,0,216,76
ATL,2025,14,SEA,249,3,23,29,46,31,1,-1,2,20,7,92,4,67,2,35,1,9,3,27,0,0,0,0,0,2,0,1,0,0,0,1,272,94
ATL,2025,15,TB,277,2,1,20,67,0,1,6,1,11,4,64,6,132,0,0,6,58,1,6,0,0,0,0,1,0,0,0,1,1,0,0,278,104
ATL,2025,16,ARI,203,1,5,65,62,0,0,0,0,0,2,52,1,14,2,19,0,0,4,27,7,91,0,0,0,1,0,0,0,0,0,0,208,127
ATL,2025,17,LAR,269,2,0,92,23,0,3,38,0,0,5,47,4,67,2,10,0,0,6,53,2,54,0,0,0,1,0,0,0,0,1,0,269,153
ATL,2025,18,NO,259,1,34,63,11,0,5,43,0,0,4,37,5,60,2,23,1,3,3,61,3,32,1,0,0,0,0,1,0,0,0,0,293,117
BAL,2025,1,BUF,394,2,30,44,26,8,5,58,1,-1,8,112,6,64,5,61,1,3,4,48,3,49,2,1,0,1,0,0,0,1,0,0,424,127
BAL,2025,2,CLE,218,2,8,6,92,9,3,13,8,33,4,51,2,22,1,6,1,5,5,48,4,40,0,1,0,0,1,0,0,0,0,0,226,144
BAL,2025,3,DET,202,1,6,67,151,0,5,32,1,13,7,77,2,43,1,4,0,0,4,33,0,0,0,2,2,1,0,0,0,0,0,0,208,263
BAL,2025,4,KC,270,4,2,34,44,38,1,13,5,40,3,38,1,11,4,36,5,83,5,48,1,1,0,0,1,1,1,1,0,0,0,0,272,131
BAL,2025,5,HOU,267,4,33,61,60,13,0,0,0,0,4,52,4,64,3,18,6,45,5,60,3,28,0,1,0,1,0,2,1,0,0,0,300,121
BAL,2025,6,LAR,181,1,1,50,23,0,2,37,0,0,2,28,4,39,3,23,1,7,4,40,1,7,0,1,0,0,0,0,0,1,0,0,182,110
BAL,2025,8,CHI,285,0,24,45,27,0,2,26,4,73,7,114,7,33,1,-1,1,2,3,38,0,0,0,1,0,0,0,0,0,0,0,0,309,171
BAL,2025,9,MIA,261,0,1,67,6,13,6,39,1,3,6,82,3,48,2,22,2,18,0,0,5,49,0,0,0,0,0,0,0,0,0,0,262,115
BAL,2025,10,MIN,248,1,48,25,47,0,1,6,3,22,4,37,3,35,5,124,2,16,2,8,0,0,0,0,1,0,0,1,0,0,0,0,296,100
BAL,2025,11,CLE,115,0,18,59,21,8,0,0,0,0,3,21,0,0,3,52,2,9,2,26,1,7,0,0,0,0,0,0,0,0,0,1,133,80
BAL,2025,12,NYJ,222,1,19,44,7,8,4,75,1,10,2,42,6,65,1,9,0,0,3,21,0,0,0,0,0,0,1,0,0,0,0,0,241,136
BAL,2025,13,CIN,261,2,8,78,39,0,7,35,2,15,7,110,1,29,2,22,0,0,1,3,4,47,0,0,0,0,1,0,0,0,1,0,269,167
BAL,2025,14,PIT,284,1,0,13,19,0,3,49,6,27,7,148,1,31,1,4,1,13,0,0,3,21,1,1,1,0,0,0,0,0,0,0,284,108
BAL,2025,15,CIN,225,0,5,53,42,0,7,37,1,1,10,132,0,0,1,16,0,0,1,11,5,28,0,0,0,0,0,0,0,0,0,0,230,133
BAL,2025,16,NE,380,2,25,3,51,0,1,9,2,27,9,138,7,69,1,16,3,52,6,35,2,34,0,0,1,0,0,0,1,1,0,0,405,90
BAL,2025,17,GB,296,1,60,3,16,0,1,0,2,19,3,62,5,113,1,7,6,87,1,8,0,0,2,0,0,0,1,0,0,0,0,0,356,38
BAL,2025,18,PIT,294,1,20,66,10,0,5,33,8,64,3,55,3,43,5,34,2,9,1,2,4,54,0,0,1,1,0,0,0,0,1,0,314,173
BUF,2025,1,BAL,209,2,70,169,-9,8,1,13,1,3,7,143,2,10,2,35,0,0,1,5,0,0,1,2,0,1,0,1,0,0,0,0,279,176
BUF,2025,2,NYJ,83,1,70,29,11,-10,2,9,1,6,4,50,0,0,1,8,0,0,1,5,1,5,0,0,0,0,0,0,0,1,0,0,153,55
BUF,2025,3,MIA,146,2,10,62,38,20,7,29,0,0,5,49,5,39,3,12,0,0,1,13,1,4,0,0,1,1,1,0,0,0,0,0,156,129
BUF,2025,4,NO,126,1,49,70,65,5,4,2,0,0,3,20,4,47,3,22,0,0,3,28,1,7,0,0,1,1,0,0,0,0,0,0,175,137
BUF,2025,5,NE,273,0,12,14,45,0,2,13,3,8,10,146,3,43,2,17,0,0,2,46,0,0,0,2,0,0,0,0,0,0,0,0,285,80
BUF,2025,6,ATL,250,1,6,170,32,0,6,68,1,6,10,158,0,0,0,0,0,0,3,18,0,0,0,1,1,1,0,0,0,0,0,0,256,276
BUF,2025,8,CAR,175,0,1,54,50,9,0,0,0,0,7,99,2,17,0,0,3,36,1,4,3,19,0,0,1,0,0,0,0,0,0,0,176,104
BUF,2025,9,KC,250,0,5,49,12,13,1,6,0,0,2,73,3,23,1,2,4,80,4,66,0,0,0,1,0,0,0,0,1,0,0,0,255,67
BUF,2025,10,MIA,173,2,-1,174,20,4,6,51,0,0,5,84,2,9,1,7,0,0,1,22,0,0,0,2,0,1,1,0,0,0,0,0,172,245
BUF,2025,11,TB,173,1,38,51,106,7,2,11,2,34,5,40,4,54,1,6,0,0,2,28,0,0,1,0,3,0,0,0,0,0,0,0,211,202
BUF,2025,12,HOU,153,2,4,74,16,14,1,-5,1,-1,3,55,4,38,5,54,1,4,1,8,0,0,0,0,0,0,1,1,0,0,0,0,157,84
BUF,2025,13,PIT,117,0,0,35,23,0,2,9,2,25,3,32,0,0,0,0,0,0,1,6,2,45,0,1,0,0,0,0,0,0,0,0,117,92
BUF,2025,14,CIN,284,4,0,23,31,8,3,12,1,7,5,44,6,92,2,17,0,0,1,15,7,97,0,2,0,0,2,0,0,0,1,0,284,73
BUF,2025,15,NE,155,0,43,148,50,5,2,13,3,27,3,26,4,41,0,0,1,30,1,18,0,0,2,2,0,0,0,0,0,0,0,0,198,238
BUF,2025,16,CLE,157,1,49,22,59,29,5,29,5,42,3,12,0,21,1,8,2,11,4,34,0,0,0,0,0,0,0,0,0,2,0,0,206,152
BUF,2025,17,PHI,110,1,5,68,9,0,0,0,1,2,5,68,2,25,0,0,1,4,3,8,1,3,0,0,0,0,0,0,0,1,0,0,115,79
BUF,2025,18,NYJ,60,1,7,42,18,2,1,4,1,2,0,0,3,20,5,24,1,10,0,0,0,0,0,0,1,0,0,0,0,0,0,0,67,66
CAR,2025,1,JAX,178,1,12,143,30,15,3,13,1,4,6,33,1,11,3,52,0,0,4,59,1,6,0,0,0,0,1,0,0,0,1,0,190,190
CAR,2025,2,ARI,220,1,34,34,14,0,1,18,4,30,2,27,1,11,1,11,0,0,6,78,2,45,0,1,0,0,1,0,0,0,0,1,254,96
CAR,2025,3,ATL,201,0,9,72,50,0,5,39,1,0,5,55,4,44,2,20,1,9,4,39,1,-5,0,0,0,0,0,0,0,0,0,0,210,161
CAR,2025,4,NE,203,2,9,38,59,-2,1,3,2,14,6,101,1,18,1,4,0,0,2,39,1,24,1,0,2,0,0,1,0,1,0,1,212,114
CAR,2025,5,MIA,256,3,5,16,-2,0,6,30,0,0,6,110,4,0,0,0,0,0,5,78,6,38,0,1,0,1,0,0,0,1,0,0,261,44
CAR,2025,6,DAL,261,3,-1,29,0,3,5,5,2,7,9,168,3,30,1,8,0,0,3,33,2,10,0,0,1,1,0,0,0,1,0,0,260,41
CAR,2025,7,NYJ,172,0,33,38,10,0,2,14,2,22,3,29,3,60,2,16,1,0,3,31,0,0,0,0,0,0,0,0,0,0,0,0,205,84
CAR,2025,8,BUF,185,1,7,216,22,0,0,0,0,0,6,88,3,30,1,14,0,0,1,23,3,30,2,2,0,1,0,0,0,0,0,0,192,238
CAR,2025,9,GB,273,0,1,87,16,0,4,13,3,25,7,91,2,9,2,58,3,23,2,20,3,34,0,1,0,0,0,0,0,0,0,0,274,141
CAR,2025,10,NO,282,2,-3,83,22,0,3,32,3,9,5,104,1,15,0,0,0,0,4,92,3,30,0,0,0,1,0,0,0,1,0,0,279,146
CAR,2025,11,ATL,223,0,11,104,10,0,4,39,2,6,7,119,3,34,0,0,1,11,2,14,0,0,0,2,1,0,0,0,0,0,0,0,234,159
CAR,2025,12,SF,193,1,16,89,40,2,7,53,1,4,5,41,2,6,1,8,0,0,6,78,1,3,0,1,0,1,0,0,0,0,0,0,209,186
CAR,2025,13,LAR,243,2,-1,72,81,0,0,0,0,0,6,72,4,58,0,0,3,82,4,27,1,4,0,1,1,0,2,0,0,0,0,0,242,153
CAR,2025,15,NO,272,1,32,28,23,-4,1,4,3,39,6,85,5,69,1,5,3,33,4,30,1,7,0,1,0,1,0,0,0,0,0,0,304,94
CAR,2025,16,TB,145,1,49,71,48,1,0,0,2,15,1,40,5,31,5,30,3,14,2,15,0,0,0,0,1,0,1,0,0,0,0,0,194,134
CAR,2025,17,SEA,147,1,2,51,110,0,2,6,2,12,9,72,1,8,1,6,0,0,3,43,0,0,0,0,2,0,0,0,0,1,0,0,149,179
CAR,2025,18,TB,203,1,31,85,19,5,1,13,2,18,1,8,2,34,1,8,2,28,7,94,0,0,0,0,0,0,0,0,0,1,0,0,234,135
CHI,2025,1,MIN,143,2,25,68,23,4,1,7,3,44,4,44,1,28,0,0,0,0,3,15,1,5,1,0,1,1,0,0,0,0,0,0,168,142
CHI,2025,2,DET,334,5,6,94,61,16,3,10,1,4,9,115,2,108,1,14,1,29,3,26,3,28,0,1,1,3,1,0,0,0,1,0,340,169
CHI,2025,3,DAL,292,1,0,76,41,4,5,16,3,12,5,68,3,24,2,64,2,21,13,82,1,5,0,0,0,1,0,0,0,0,0,0,292,145
CHI,2025,4,LV,117,2,31,138,62,9,2,17,1,11,4,30,2,13,0,0,0,0,5,46,0,0,0,3,0,0,0,0,0,0,0,0,148,228
CHI,2025,6,WAS,211,3,52,61,5,6,1,7,3,30,4,15,1,37,3,46,1,33,6,43,0,0,0,0,0,0,0,1,1,1,0,0,263,103
CHI,2025,7,NO,233,2,12,28,8,0,3,1,0,0,5,98,4,40,1,3,0,0,5,79,2,12,0,0,0,2,0,0,0,0,0,0,245,37
CHI,2025,8,BAL,186,1,53,71,45,8,0,0,0,0,7,63,2,51,1,14,1,6,3,34,3,18,0,2,0,0,0,0,0,0,1,0,239,116
CHI,2025,9,CIN,470,4,-1,37,6,4,8,75,0,0,6,111,7,121,5,66,1,27,2,28,2,42,0,0,0,0,2,1,0,1,0,1,469,118
CHI,2025,10,NYG,287,0,78,71,20,0,1,0,3,53,6,62,4,89,0,0,0,0,7,75,1,8,2,0,0,0,0,0,0,0,0,0,365,144
CHI,2025,11,MIN,150,1,0,45,70,0,0,0,3,11,5,61,2,20,1,16,1,6,3,39,1,-3,0,1,0,0,1,0,0,0,0,0,150,126
CHI,2025,12,PIT,171,1,7,68,92,12,0,0,6,30,5,22,4,36,0,0,1,21,3,21,5,41,0,1,0,1,0,0,0,0,1,0,178,190
CHI,2025,13,PHI,230,2,31,56,0,0,0,0,1,11,10,132,5,48,1,12,0,0,2,27,0,0,0,0,0,2,0,0,0,0,0,0,261,67
CHI,2025,14,GB,234,3,-1,86,10,22,2,6,1,6,0,0,4,89,0,0,5,76,2,22,3,35,0,1,0,0,2,0,1,0,0,0,233,108
CHI,2025,15,CLE,177,0,24,21,3,0,3,-4,2,4,2,22,2,89,1,8,1,10,7,48,0,0,0,0,0,0,0,0,0,0,0,0,201,24
CHI,2025,16,GB,198,1,51,36,86,19,2,12,0,0,5,84,2,17,2,12,3,35,3,38,0,0,0,0,0,1,0,0,0,0,0,0,249,134
CHI,2025,17,SF,303,3,28,140,22,10,4,41,3,20,2,42,5,85,1,25,2,30,7,60,0,0,2,1,1,1,0,0,0,1,0,0,331,223
CHI,2025,18,DET,331,1,0,80,42,0,3,33,1,13,11,139,6,74,3,52,1,18,2,2,0,0,0,1,0,0,0,0,0,0,0,0,331,168
CIN,2025,1,CLE,290,1,6,29,11,0,8,64,1,-3,5,66,5,52,1,6,1,5,7,63,3,37,0,0,1,0,1,0,0,0,0,0,296,101
CIN,2025,2,JAX,271,3,4,71,55,9,2,18,2,32,4,49,3,22,5,57,5,76,3,17,0,0,0,1,1,0,0,1,0,0,0,0,275,176
CIN,2025,3,MIN,202,2,4,116,49,0,0,0,1,20,5,75,3,37,0,0,1,9,5,49,1,12,0,2,0,0,0,0,0,1,1,2,206,185
CIN,2025,4,DEN,326,2,7,101,62,16,1,4,5,51,5,81,4,55,6,69,0,0,4,29,4,37,1,0,1,1,0,1,0,0,0,0,333,218
CIN,2025,5,DET,258,3,-2,54,65,1,2,33,1,6,8,100,1,9,1,12,0,0,5,92,2,9,0,1,1,0,0,1,0,1,1,0,256,158
CIN,2025,6,GB,259,1,26,93,12,22,5,57,1,-4,5,55,3,86,2,15,0,0,2,43,1,7,0,2,0,0,0,0,0,1,0,0,285,158
CIN,2025,7,PIT,249,4,6,127,14,0,4,31,2,1,3,50,2,17,1,9,0,0,3,28,8,113,0,0,0,0,0,0,0,1,3,0,255,173
CIN,2025,8,NYJ,244,1,31,133,65,25,2,14,6,53,3,64,1,5,1,23,3,31,5,34,1,24,0,2,0,1,0,0,0,1,0,0,275,265
CIN,2025,9,CHI,300,3,53,176,37,17,3,22,0,0,0,0,4,72,6,58,0,0,6,118,1,10,1,0,1,0,1,1,0,2,0,0,353,235
CIN,2025,11,PIT,243,2,7,62,39,0,2,5,7,81,5,49,1,5,1,17,0,0,0,0,5,86,0,0,2,0,0,0,0,0,0,2,250,187
CIN,2025,12,NE,294,1,22,66,5,14,3,15,1,5,2,20,2,30,1,37,3,33,7,115,3,39,0,0,0,0,0,0,0,1,0,1,316,91
CIN,2025,13,BAL,246,0,27,60,36,0,1,44,2,12,2,6,0,0,2,25,0,0,4,47,6,112,0,1,1,0,0,0,0,0,0,0,273,152
CIN,2025,14,BUF,251,3,78,80,25,0,2,31,2,14,2,16,2,16,1,16,2,21,4,41,7,96,1,0,0,1,0,0,0,1,1,1,329,150
CIN,2025,15,BAL,150,2,23,100,66,0,0,0,2,32,3,68,1,32,0,0,0,0,2,18,0,0,0,0,1,1,0,0,0,0,0,1,173,198
CIN,2025,16,MIA,260,0,5,81,34,9,3,9,2,27,5,72,1,23,1,11,2,32,3,40,3,46,0,1,1,0,1,0,0,0,0,0,265,151
CIN,2025,17,ARI,212,2,0,29,13,0,2,14,2,9,5,89,0,0,2,24,0,0,10,76,0,0,0,0,0,1,0,0,0,1,0,0,212,65
CIN,2025,18,CLE,111,0,26,32,33,27,2,12,2,20,2,17,1,13,1,23,2,20,0,0,1,6,0,0,0,0,0,0,0,0,0,2,137,97
CLE,2025,1,CIN,113,1,3,43,0,0,2,8,2,6,2,26,3,33,0,0,0,0,4,26,1,14,0,1,0,0,0,0,0,1,0,0,116,57
CLE,2025,2,BAL,225,4,9,23,7,4,0,0,3,18,7,75,2,15,2,64,4,51,1,2,0,0,0,0,0,0,0,1,3,0,0,1,234,48
CLE,2025,3,GB,183,1,18,30,25,8,5,44,0,0,2,21,2,25,4,52,0,0,3,29,2,12,0,0,0,0,0,0,0,0,1,0,201,99
CLE,2025,4,DET,168,2,-2,91,23,-3,2,6,0,0,7,70,2,40,2,13,0,0,3,39,0,0,0,1,0,2,0,0,0,0,0,1,166,120
CLE,2025,5,MIN,236,1,12,52,18,15,3,4,0,0,7,123,3,27,5,41,0,0,6,38,2,35,0,1,0,0,0,1,0,0,1,0,248,74
CLE,2025,6,PIT,235,2,1,52,37,0,2,11,6,14,4,95,1,12,0,0,0,0,3,18,5,85,0,0,0,1,0,0,0,0,1,0,236,114
CLE,2025,7,MIA,153,0,6,82,11,0,3,16,1,2,1,15,5,30,3,16,2,45,1,1,1,28,0,0,0,0,0,0,0,0,0,0,159,111
CLE,2025,8,NE,282,3,50,34,90,3,1,15,0,0,3,14,3,75,1,44,7,89,1,7,2,38,0,0,0,1,1,0,0,1,0,0,332,139
CLE,2025,10,NYJ,54,1,28,83,10,6,1,42,1,1,0,0,0,0,0,0,2,7,1,4,1,0,0,1,0,0,0,0,0,0,0,2,82,136
CLE,2025,11,BAL,193,0,10,103,31,5,2,19,3,38,3,78,1,11,0,0,0,0,3,32,2,15,0,1,0,0,0,0,0,1,0,0,203,191
CLE,2025,12,LV,285,1,8,50,2,0,8,58,3,18,3,28,4,62,1,14,0,0,6,55,5,50,0,1,0,0,0,0,0,0,0,0,293,128
CLE,2025,13,SF,168,1,6,53,26,6,4,21,2,27,4,39,0,0,2,14,0,0,4,67,0,0,1,1,0,1,0,0,0,0,0,0,174,127
CLE,2025,14,TEN,117,2,4,161,19,0,0,0,2,28,1,14,5,24,2,17,0,0,2,20,2,14,0,2,0,1,1,0,0,0,0,0,121,208
CLE,2025,15,CHI,242,2,13,98,33,0,1,-2,0,0,4,69,0,0,6,84,0,0,4,63,2,28,0,2,0,2,0,0,0,0,0,0,255,129
CLE,2025,16,BUF,130,0,17,117,30,0,1,17,2,20,4,34,1,2,0,0,1,21,0,0,3,36,0,2,1,0,0,0,0,0,0,0,147,184
CLE,2025,17,PIT,168,0,6,64,26,0,0,0,3,12,2,14,3,21,3,25,0,0,5,18,5,78,0,0,0,0,0,0,0,0,0,0,174,102
CLE,2025,18,CIN,236,3,19,72,42,9,4,18,3,10,8,96,6,67,2,10,0,0,2,13,4,22,0,1,0,1,1,0,0,0,0,0,255,142
DAL,2025,1,PHI,152,0,62,60,36,0,4,24,0,0,3,59,3,16,1,8,0,0,7,44,1,1,2,1,0,0,0,0,0,0,0,0,214,120
DAL,2025,2,NYG,450,3,20,15,49,0,4,36,3,10,9,167,8,142,2,61,0,0,4,34,0,0,0,0,1,2,1,0,0,0,0,0,470,110
DAL,2025,3,CHI,298,4,12,33,23,19,3,45,5,25,3,62,3,24,3,101,0,0,1,10,1,31,0,0,1,1,0,1,0,1,0,0,310,126
DAL,2025,4,GB,337,3,28,86,44,6,4,71,4,38,6,58,2,19,5,58,4,31,5,56,1,6,0,2,0,3,0,0,0,0,0,0,365,239
DAL,2025,5,NYJ,283,2,26,113,5,0,4,42,4,29,6,71,3,29,1,3,1,14,9,67,4,28,0,0,1,1,0,0,0,0,0,0,309,189
DAL,2025,6,CAR,199,3,5,183,17,11,4,56,0,0,3,29,1,7,2,11,2,36,4,39,1,21,0,1,0,2,0,0,0,0,0,0,204,256
DAL,2025,7,WAS,219,1,69,33,34,0,1,-1,2,23,3,60,2,59,0,0,4,36,3,37,1,5,1,0,1,0,0,0,0,1,0,0,288,89
DAL,2025,8,DEN,247,4,-2,111,52,18,2,10,1,5,4,67,6,89,0,0,2,40,4,36,0,0,0,0,3,0,2,0,1,0,0,0,245,178
DAL,2025,9,ARI,261,2,4,27,79,9,2,20,1,-1,7,96,3,61,0,0,0,0,5,55,3,30,1,0,0,1,0,0,0,1,0,0,265,125
DAL,2025,11,LV,238,1,14,7,6,0,6,27,2,7,4,47,3,33,1,19,0,0,7,72,4,33,0,0,0,1,0,0,0,0,0,0,252,47
DAL,2025,12,PHI,289,1,33,22,8,0,7,52,0,0,6,89,8,110,0,0,3,10,2,20,1,8,2,0,0,0,1,0,0,0,0,0,322,82
DAL,2025,13,KC,261,4,30,58,16,15,1,22,2,17,2,20,4,61,8,92,0,0,5,45,1,4,0,0,0,1,0,2,0,1,0,0,291,113
DAL,2025,14,DET,309,1,-2,43,60,8,7,77,1,13,6,92,7,96,2,20,0,0,1,4,1,7,0,3,1,0,0,1,0,0,0,0,307,193
DAL,2025,15,MIN,250,2,15,29,35,-2,0,0,3,31,2,22,2,66,3,47,0,0,4,66,1,18,1,0,1,0,0,2,0,0,0,0,265,95
DAL,2025,16,LAC,300,2,42,11,99,0,0,0,1,10,5,44,4,43,4,104,5,64,1,7,3,28,1,0,1,0,1,1,0,0,0,0,342,120
DAL,2025,17,WAS,198,0,10,105,-2,25,0,0,3,12,2,68,5,63,1,15,1,11,3,29,0,0,0,2,0,0,0,0,0,0,0,0,208,115
DAL,2025,18,NYG,230,2,32,103,26,0,8,56,0,0,4,34,0,0,8,102,0,0,2,38,0,0,0,1,1,0,0,0,0,1,0,0,262,185
DEN,2025,1,TEN,112,0,0,60,2,9,1,29,0,0,4,27,2,13,0,0,1,8,3,19,1,16,0,0,0,0,0,0,0,0,0,0,112,91
DEN,2025,2,IND,316,1,2,165,0,0,2,50,0,0,4,40,6,51,4,68,2,20,4,79,1,8,1,1,0,0,0,0,0,0,0,0,318,215
DEN,2025,3,LAC,300,1,6,70,28,2,6,59,0,0,7,65,6,89,4,41,0,0,5,46,0,0,0,1,0,1,0,0,0,0,0,0,306,157
DEN,2025,4,CIN,125,0,4,40,4,5,3,31,0,0,5,23,3,32,1,22,1,9,1,8,0,0,0,0,0,0,0,0,0,0,0,0,129,75
DEN,2025,5,PHI,280,2,3,30,12,0,3,58,1,4,5,43,8,114,1,24,0,0,3,19,2,18,0,1,0,0,0,0,0,1,0,0,283,104
DEN,2025,6,NYJ,45,0,31,59,2,0,0,0,2,5,3,13,3,25,0,0,0,0,1,2,0,0,0,0,0,0,0,0,0,0,0,0,76,66
DEN,2025,7,NYG,283,3,11,60,48,0,3,34,0,0,6,95,0,0,0,0,0,0,3,66,3,88,1,1,1,0,0,0,0,1,1,0,294,142
DEN,2025,8,DAL,246,1,31,41,34,2,1,8,0,0,7,78,7,74,2,47,2,5,0,0,3,34,0,2,0,0,0,1,0,0,0,0,277,83
DEN,2025,9,HOU,216,0,19,34,27,-3,0,0,1,2,7,75,3,30,4,26,1,4,6,77,1,2,0,0,0,0,0,0,0,0,0,0,235,63
DEN,2025,10,LV,143,0,7,60,4,7,3,3,1,11,2,28,5,44,1,4,0,0,1,31,3,22,0,1,0,0,0,0,0,0,0,0,150,78
DEN,2025,11,KC,276,1,3,59,0,0,1,3,2,8,4,40,3,25,6,38,1,61,9,91,3,10,0,1,0,0,0,0,0,1,0,0,279,70
DEN,2025,13,WAS,294,2,55,20,71,-3,0,0,2,0,5,64,7,96,0,0,1,5,10,106,3,23,0,0,1,0,1,0,1,0,0,0,349,91
DEN,2025,14,LV,213,2,10,30,0,0,2,8,1,2,2,24,3,41,6,50,1,25,4,46,2,17,0,0,0,0,0,0,1,1,0,0,223,40
DEN,2025,15,GB,276,1,29,73,13,0,2,19,1,6,2,36,3,29,1,6,8,110,4,52,3,18,0,2,0,0,0,0,0,0,0,0,305,111
DEN,2025,16,JAX,279,3,20,50,10,1,4,16,0,0,4,45,2,18,6,145,1,11,5,39,1,5,1,1,0,0,0,1,0,1,0,0,299,76
DEN,2025,17,KC,66,1,11,38,32,1,0,0,3,5,0,0,1,7,3,16,0,0,5,36,1,2,0,0,1,0,0,0,0,0,0,0,77,75
DEN,2025,18,LAC,136,0,69,12,32,0,1,-2,3,8,7,36,2,28,2,24,1,7,2,23,2,12,0,0,0,0,0,0,0,0,0,0,205,50
DET,2025,1,GB,188,2,4,66,5,0,1,4,1,2,3,45,2,68,2,30,3,17,2,16,2,6,0,1,0,1,0,0,0,1,0,0,192,77
DET,2025,2,CHI,234,2,34,63,28,9,3,6,1,8,7,128,5,46,2,12,1,5,2,29,0,0,0,1,0,2,0,0,0,0,0,0,268,105
DET,2025,3,BAL,288,3,35,50,0,0,1,7,3,45,2,13,5,63,1,13,1,34,6,91,2,22,0,1,0,0,1,0,0,2,0,0,323,102
DET,2025,4,CLE,184,0,-1,82,-3,0,4,33,1,4,3,48,1,6,3,58,0,0,2,24,2,11,0,1,0,0,0,0,0,0,0,0,183,116
DET,2025,5,CIN,251,3,31,27,27,0,7,21,2,2,6,110,3,22,5,82,0,0,2,15,1,-1,0,0,0,2,1,0,0,0,0,0,282,77
DET,2025,6,KC,257,3,32,51,23,6,1,0,4,32,4,45,3,57,2,20,0,0,6,78,2,25,1,0,0,2,0,1,0,0,0,0,289,106
DET,2025,7,TB,228,1,-1,38,4,0,4,6,1,2,4,58,7,25,0,0,5,72,7,65,0,0,0,0,0,0,0,0,1,0,0,0,227,50
DET,2025,9,MIN,143,2,12,36,78,16,1,1,2,20,6,47,2,48,1,16,0,0,2,11,0,0,1,0,0,1,0,0,0,1,0,0,155,135
DET,2025,10,WAS,213,2,22,30,41,0,0,0,1,4,4,29,1,41,1,17,3,58,4,54,2,10,0,0,1,1,0,0,0,0,1,0,235,75
DET,2025,11,PHI,135,0,31,83,34,0,1,7,0,0,1,8,7,49,2,43,0,0,2,24,1,4,1,0,0,0,0,0,0,0,0,0,166,124
DET,2025,12,NYG,366,2,13,62,47,0,3,68,0,0,9,156,1,23,2,42,0,0,3,77,0,0,1,0,0,1,0,1,0,0,0,0,379,177
DET,2025,13,GB,234,4,4,83,14,24,1,8,2,9,4,20,6,94,4,80,0,0,1,23,0,0,0,0,0,1,2,1,0,0,0,0,238,114
DET,2025,14,DAL,376,1,14,67,6,4,2,0,0,0,5,37,6,121,9,115,2,26,5,58,2,19,0,1,0,0,0,1,0,0,0,0,390,73
DET,2025,15,LAR,368,2,2,78,71,8,1,10,0,0,9,181,4,71,0,0,1,9,5,75,4,22,0,2,1,0,0,0,0,2,0,0,370,159
DET,2025,16,PIT,266,1,9,143,50,0,2,8,5,78,4,42,1,8,4,49,4,25,0,0,7,56,0,2,1,0,0,0,0,0,0,0,275,279
DET,2025,17,MIN,51,0,16,53,24,65,3,10,0,0,4,30,0,0,0,0,0,0,1,8,1,3,0,1,0,0,1,0,0,0,0,0,67,87
DET,2025,18,CHI,212,2,1,40,14,10,1,8,1,15,1,11,3,35,2,36,0,0,10,91,2,16,0,0,0,0,0,1,0,1,0,0,213,77
GB,2025,1,DET,225,1,-1,19,25,3,10,31,4,18,4,45,4,23,2,16,1,13,6,79,0,0,0,0,0,0,0,0,1,0,0,0,224,93
GB,2025,2,WAS,200,2,17,17,17,0,2,7,0,0,7,44,5,48,1,9,2,21,6,64,1,7,0,0,0,1,0,0,0,1,0,0,217,41
GB,2025,3,CLE,142,0,0,94,2,0,1,1,4,10,1,17,3,26,2,16,2,7,5,40,3,25,0,1,0,0,0,0,0,0,0,0,142,107
GB,2025,4,DAL,319,3,2,85,14,16,3,15,2,17,8,134,4,61,3,30,2,14,7,40,2,8,1,1,0,2,0,0,0,1,0,1,321,131
GB,2025,6,CIN,219,2,0,42,16,-3,2,7,2,16,10,94,5,62,1,5,0,0,4,27,5,8,0,0,0,1,0,0,0,0,1,0,219,81
GB,2025,7,ARI,279,2,26,11,57,0,2,25,3,7,2,58,3,40,2,67,2,5,10,74,1,3,0,0,0,0,0,0,0,2,0,0,305,100
GB,2025,8,PIT,219,2,0,62,31,0,2,11,2,4,5,55,4,28,4,74,2,17,2,17,3,13,0,0,0,1,0,1,0,0,0,0,219,108
GB,2025,9,CAR,102,0,9,130,17,7,2,11,0,0,4,46,1,22,1,8,2,10,0,0,1,5,0,2,0,0,0,0,0,0,0,0,111,158
GB,2025,10,PHI,183,1,27,60,24,0,3,41,2,17,4,69,2,13,0,0,0,0,4,43,0,0,0,0,0,1,0,0,0,0,0,0,210,142
GB,2025,11,NYG,201,0,10,88,44,0,4,51,1,3,4,36,2,18,5,57,0,0,3,36,0,0,1,0,2,0,0,0,0,0,0,0,211,186
GB,2025,12,MIN,87,0,10,42,41,0,0,0,3,16,4,48,0,0,0,0,0,0,4,19,1,4,0,0,0,0,0,0,0,0,0,0,97,99
GB,2025,13,DET,256,2,24,68,32,-5,3,18,2,16,0,0,7,144,2,35,4,36,1,3,1,4,0,0,1,0,1,1,0,0,0,0,280,134
GB,2025,14,CHI,186,2,15,63,57,3,3,19,1,0,1,-4,2,7,4,67,1,24,4,29,3,44,0,0,0,0,1,0,0,1,0,0,201,139
GB,2025,15,DEN,302,4,10,65,3,11,0,0,1,1,7,113,6,85,4,29,4,62,1,12,0,0,0,1,0,1,1,0,2,0,0,0,312,69
GB,2025,16,CHI,250,2,30,58,50,12,2,12,3,43,5,97,2,33,2,21,0,0,3,30,2,14,0,0,0,1,0,1,0,0,0,0,280,163
GB,2025,17,BAL,107,1,60,216,31,0,0,0,4,15,4,30,1,7,0,0,0,0,4,28,3,27,0,4,0,1,0,0,0,0,0,0,167,262
GB,2025,18,MIN,239,0,7,94,32,4,0,0,4,19,8,101,1,8,3,49,1,6,2,29,2,27,0,0,0,0,0,0,1,0,0,0,246,145
HOU,2025,1,LAR,245,1,-2,66,2,6,1,3,1,14,10,130,4,51,1,36,1,4,1,13,2,-6,0,1,0,0,0,0,0,1,0,0,243,85
HOU,2025,2,TB,215,2,33,71,65,0,6,50,2,1,5,56,4,29,4,34,1,20,3,25,0,0,0,0,1,0,1,0,1,0,0,0,248,187
HOU,2025,3,JAX,222,0,9,56,21,0,0,0,1,9,2,55,4,34,1,21,3,23,6,61,3,19,0,1,1,0,0,0,0,0,0,0,231,86
HOU,2025,4,TEN,108,0,22,64,0,-4,3,12,0,0,2,44,2,30,0,0,1,6,1,4,1,12,0,0,0,0,0,0,0,0,0,0,130,76
HOU,2025,5,BAL,179,0,0,33,11,0,0,0,2,14,5,72,0,0,2,46,0,0,2,22,3,25,0,1,0,0,0,0,0,0,0,0,179,58
HOU,2025,7,SEA,213,1,1,66,49,0,0,0,2,6,8,123,1,32,0,0,1,3,1,7,4,42,0,0,2,1,0,0,0,0,0,0,214,121
HOU,2025,8,SF,193,2,23,25,0,0,3,43,1,4,3,44,4,45,2,5,1,7,1,2,4,43,0,0,0,0,0,0,0,1,1,0,216,72
HOU,2025,9,DEN,173,2,36,61,7,-4,1,-2,7,57,4,27,1,30,2,20,1,16,0,0,2,25,0,0,1,0,1,0,0,0,0,0,209,123
HOU,2025,10,JAX,158,1,35,58,5,-4,2,19,2,11,3,41,3,33,0,0,2,33,1,21,0,0,0,1,0,0,1,0,0,0,0,1,193,93
HOU,2025,11,TEN,194,1,33,22,3,0,3,4,5,31,2,11,2,14,1,13,4,36,3,56,4,29,0,0,0,0,0,0,1,0,0,0,227,60
HOU,2025,12,BUF,253,0,20,116,7,0,3,13,4,47,8,110,2,21,1,-3,1,22,3,17,2,26,0,1,0,0,0,0,0,0,0,1,273,183
HOU,2025,13,IND,201,2,1,85,0,0,3,36,0,0,1,13,2,44,4,78,0,0,3,22,1,8,0,0,0,0,0,1,0,1,0,0,202,121
HOU,2025,14,KC,160,0,59,30,37,0,0,0,0,0,4,34,3,55,1,35,3,24,1,8,1,14,0,1,0,0,0,0,0,0,0,0,219,67
HOU,2025,15,ARI,249,3,6,-2,68,0,0,0,6,38,5,54,1,19,0,0,0,0,12,134,3,4,0,0,0,1,0,0,0,2,0,0,255,104
HOU,2025,16,LV,201,2,0,128,6,11,1,60,1,3,4,43,1,6,2,43,1,3,5,33,1,10,0,2,0,0,0,0,0,1,0,0,201,197
HOU,2025,17,LAC,236,1,37,29,1,7,8,31,0,0,1,17,1,31,5,98,1,8,3,32,2,19,0,1,0,0,0,0,0,1,0,0,273,61
HOU,2025,18,IND,270,2,21,26,34,-5,2,13,2,24,2,11,4,61,4,132,0,0,5,26,3,22,1,0,0,0,0,2,0,0,0,0,291,97
IND,2025,1,MIA,146,1,10,55,4,9,3,20,2,0,4,40,2,20,4,30,2,16,2,20,0,0,0,1,0,0,0,0,0,0,0,0,156,79
IND,2025,2,DEN,206,3,20,76,11,11,1,9,3,35,8,89,1,6,2,24,3,21,1,12,3,10,0,1,0,1,0,1,0,0,1,0,226,131
IND,2025,3,TEN,219,1,12,45,26,3,2,14,0,0,1,27,4,38,3,2,5,45,5,66,3,27,0,1,0,0,1,0,0,0,0,0,231,85
IND,2025,4,LAR,375,3,4,77,21,0,3,17,2,-5,13,170,4,56,1,7,1,88,2,25,3,17,0,0,0,1,1,0,1,0,0,0,379,110
IND,2025,5,LV,228,0,8,67,22,9,5,42,0,0,4,32,4,62,0,0,4,36,5,36,3,20,0,0,0,0,0,0,0,0,0,0,236,131
IND,2025,6,ARI,320,2,19,34,35,0,2,30,1,20,2,32,4,44,5,79,3,9,8,72,2,34,0,0,1,0,0,0,1,1,0,0,339,119
IND,2025,7,LAC,420,3,31,20,3,0,4,15,2,2,11,119,9,67,2,30,2,23,7,164,0,0,0,0,0,1,0,1,0,1,0,0,451,40
IND,2025,8,TEN,259,1,4,44,64,1,1,9,3,23,4,52,7,93,1,6,0,0,4,53,2,23,0,0,1,0,0,0,0,0,1,0,263,140
IND,2025,9,PIT,203,1,0,31,3,0,2,-2,5,44,2,6,5,56,1,4,0,0,3,25,7,70,0,2,0,0,0,0,0,0,1,0,203,76
IND,2025,10,ATL,177,1,-1,84,57,0,2,4,0,0,6,104,1,17,0,0,0,0,2,38,1,14,0,0,2,1,0,0,0,0,0,0,176,145
IND,2025,12,KC,352,0,30,104,13,0,3,26,5,40,1,10,4,59,8,141,1,8,4,43,3,25,0,1,0,0,0,0,0,0,0,0,382,183
IND,2025,13,HOU,276,0,0,64,34,7,1,3,0,0,5,98,5,65,2,39,0,0,7,55,2,16,0,0,1,1,0,0,0,0,0,0,276,101
IND,2025,14,JAX,247,2,15,74,5,9,1,8,2,8,4,39,3,87,5,78,0,0,3,27,0,0,0,2,0,1,0,1,0,0,0,0,262,95
IND,2025,15,SEA,271,0,5,17,31,-3,1,2,0,0,7,113,5,74,5,46,0,0,3,27,1,9,0,0,0,0,0,0,0,0,0,0,276,50
IND,2025,16,SF,295,5,8,117,20,0,6,29,0,0,5,71,3,27,2,23,1,23,7,115,1,7,0,2,0,1,0,1,0,1,0,1,303,166
IND,2025,17,JAX,263,0,26,76,24,-5,2,16,0,0,6,39,4,39,8,115,0,0,3,54,0,0,2,0,0,0,0,0,0,0,0,0,289,116
IND,2025,18,HOU,205,1,17,48,69,0,2,0,1,6,2,23,5,84,1,-3,1,13,4,73,1,9,1,0,0,1,0,0,0,0,0,1,222,123
JAX,2025,1,CAR,154,1,40,57,16,0,3,32,2,4,5,68,3,10,2,11,0,0,2,27,1,2,0,1,0,0,0,0,0,0,0,0,194,109
JAX,2025,2,CIN,317,3,1,47,0,0,2,18,0,0,14,165,3,56,1,12,1,13,3,28,4,25,1,0,0,1,1,0,1,0,0,0,318,65
JAX,2025,3,HOU,204,1,22,38,27,0,3,2,1,9,8,104,3,25,3,16,2,9,5,39,0,0,0,0,0,1,0,0,0,0,0,0,226,76
JAX,2025,4,SF,309,2,13,49,21,0,6,92,3,32,4,46,2,24,1,17,1,20,3,58,2,20,0,1,0,0,0,0,0,1,0,0,322,194
JAX,2025,5,KC,318,1,60,36,53,9,3,20,4,40,4,48,3,90,2,17,6,42,7,61,0,0,1,0,2,0,0,0,0,1,0,0,378,149
JAX,2025,6,SEA,295,2,2,34,24,0,1,3,1,13,8,162,2,40,0,0,0,0,3,71,1,6,0,0,0,1,1,0,0,0,0,0,297,74
JAX,2025,7,LAR,182,5,-2,54,37,0,2,11,1,6,5,35,2,9,2,15,1,5,3,19,5,82,0,0,0,3,0,0,1,0,1,0,180,108
JAX,2025,9,LV,284,4,9,42,0,0,5,47,1,14,4,23,3,38,0,0,0,0,12,127,4,35,0,1,0,0,0,0,0,3,0,0,293,103
JAX,2025,10,HOU,292,2,20,47,63,0,1,5,2,18,7,136,5,42,1,3,4,35,7,53,0,0,1,0,1,0,1,0,0,1,0,1,312,133
JAX,2025,11,LAC,118,0,22,13,7,0,2,-1,1,0,4,53,3,13,0,0,1,12,2,41,0,0,0,0,0,0,0,0,0,0,0,0,140,19
JAX,2025,12,ARI,315,1,20,12,28,-5,4,20,3,30,10,118,6,53,1,9,0,0,9,79,1,6,0,1,0,0,1,0,0,0,0,1,335,90
JAX,2025,13,TEN,141,0,7,60,-1,1,1,3,6,25,1,5,1,8,3,20,2,28,4,29,6,23,0,0,0,0,0,0,0,0,0,0,148,87
JAX,2025,14,IND,205,0,9,74,4,0,0,0,2,5,9,79,5,80,4,23,1,3,2,15,0,0,1,1,0,0,0,0,0,0,0,0,214,83
JAX,2025,15,NYJ,176,1,39,23,68,0,2,14,1,7,6,58,4,25,6,53,1,6,2,13,0,0,0,0,1,1,0,0,0,0,0,0,215,112
JAX,2025,16,DEN,352,1,11,50,37,3,4,71,1,2,6,86,4,66,3,26,6,51,2,36,2,14,0,1,0,1,0,0,0,0,0,0,363,160
JAX,2025,17,IND,147,1,-1,70,0,0,3,14,1,4,2,16,2,34,0,0,0,0,5,43,4,36,0,1,0,0,0,0,0,0,1,0,146,88
JAX,2025,18,TEN,124,0,11,48,18,0,3,17,7,9,3,50,3,27,1,5,0,0,2,2,1,14,1,0,0,0,0,0,0,0,0,0,135,92
KC,2025,1,LAC,318,3,32,48,5,3,2,13,1,5,7,68,6,74,5,79,1,11,2,50,1,18,0,0,0,1,0,2,0,0,0,0,350,71
KC,2025,2,PHI,101,0,15,88,19,0,2,6,0,0,4,53,5,27,1,4,1,0,1,6,1,5,1,1,0,0,0,0,0,0,0,0,116,113
KC,2025,3,NYG,160,0,30,60,40,0,6,61,2,7,2,13,1,26,4,30,0,0,1,10,2,13,0,1,0,0,0,0,0,0,0,0,190,168
KC,2025,4,BAL,199,1,48,42,76,0,2,16,5,41,7,74,1,24,0,0,1,14,7,30,0,0,0,0,2,0,0,0,0,0,0,0,247,175
KC,2025,5,JAX,221,1,54,49,6,0,3,9,1,5,4,80,3,64,2,16,2,15,1,22,2,10,2,0,0,0,0,1,0,0,0,1,275,69
KC,2025,6,DET,203,2,7,65,24,2,1,0,2,37,9,45,6,66,0,0,0,0,5,55,0,0,0,0,0,0,1,0,0,1,0,0,210,126
KC,2025,7,LV,75,0,1,21,3,0,1,13,2,3,5,33,0,0,2,13,0,0,1,10,1,3,0,0,0,0,0,0,0,0,0,0,76,40
KC,2025,8,WAS,213,1,28,25,6,1,0,0,5,64,3,11,1,0,3,54,3,24,4,16,2,44,0,0,0,0,0,1,0,0,0,0,241,95
KC,2025,9,BUF,273,1,19,114,8,0,1,11,2,12,7,43,2,17,1,28,2,13,6,101,2,48,2,0,1,0,0,0,0,1,0,0,292,145
KC,2025,11,DEN,295,0,8,30,19,2,3,20,3,9,4,84,4,59,0,0,5,82,4,33,1,8,0,0,1,0,0,0,0,0,0,0,303,78
KC,2025,12,IND,181,2,16,58,0,0,2,8,0,0,5,27,1,26,2,10,1,48,5,45,3,17,0,0,0,1,0,0,0,0,1,0,197,66
KC,2025,13,DAL,320,2,-2,59,47,33,3,21,0,0,6,88,7,112,3,34,2,28,5,36,1,1,0,1,1,0,1,0,0,0,0,0,318,127
KC,2025,14,HOU,203,1,5,68,8,1,2,8,0,0,4,121,3,34,0,0,3,18,3,22,0,0,0,1,1,0,0,0,0,0,0,0,208,84
KC,2025,15,LAC,210,1,0,33,61,0,1,15,1,4,5,36,2,20,3,49,3,25,4,61,0,0,0,0,0,0,0,0,1,0,0,0,210,113
KC,2025,16,TEN,228,2,9,102,53,0,0,0,5,53,3,58,3,40,2,24,0,0,6,44,2,9,0,0,1,0,1,0,0,1,0,0,237,208
KC,2025,17,DEN,182,1,42,43,43,0,5,33,0,0,4,40,4,17,3,10,4,37,4,21,2,24,1,1,0,0,0,0,0,0,0,0,224,119
KC,2025,18,LV,105,0,16,87,8,7,3,7,1,5,2,30,1,5,0,0,1,11,3,47,0,0,0,0,0,0,0,0,0,0,0,0,121,107
LAC,2025,1,KC,258,1,57,25,16,0,2,3,2,10,10,99,5,55,2,41,0,0,2,47,1,3,1,0,0,0,0,0,0,1,0,0,315,54
LAC,2025,2,LV,180,0,20,43,-2,7,3,1,4,32,6,68,3,12,1,20,0,0,5,38,2,9,0,0,0,0,0,0,0,0,0,0,200,74
LAC,2025,3,DEN,153,1,33,83,2,0,1,0,3,14,6,118,2,8,1,4,0,0,1,9,0,0,0,1,0,1,0,0,0,0,0,0,186,99
LAC,2025,4,NYG,119,1,54,79,28,0,2,11,0,0,2,20,3,14,3,44,0,0,3,17,1,13,1,0,0,0,0,0,0,1,0,0,173,118
LAC,2025,5,WAS,231,1,39,111,13,0,2,39,1,12,8,96,1,16,1,50,1,9,0,0,1,9,0,2,0,1,0,0,0,0,0,0,270,175
LAC,2025,6,MIA,205,1,4,128,4,1,4,22,2,23,6,95,4,22,0,0,0,0,2,12,4,39,0,2,0,0,0,0,0,1,0,0,209,177
LAC,2025,7,IND,288,2,7,94,19,0,3,38,1,8,7,58,5,98,1,8,1,3,4,69,1,6,0,3,0,1,0,0,0,1,0,0,295,159
LAC,2025,8,MIN,157,1,0,3,31,0,1,3,4,23,7,74,3,26,0,0,0,0,2,26,1,5,0,0,0,0,1,0,0,0,0,0,157,60
LAC,2025,9,TEN,145,0,6,56,26,0,1,12,3,36,3,46,1,5,1,21,0,0,2,10,1,15,0,0,0,0,0,0,0,0,0,2,151,130
LAC,2025,10,PIT,161,1,0,70,3,0,2,21,2,4,3,35,2,14,2,35,0,0,1,4,4,48,0,0,0,0,0,1,0,0,0,0,161,98
LAC,2025,11,JAX,153,1,9,73,110,0,0,0,0,0,5,64,2,20,0,0,4,33,2,25,1,11,1,2,1,0,0,0,1,0,0,0,162,183
LAC,2025,13,LV,165,2,-6,31,6,0,6,30,0,0,3,20,1,11,1,11,2,22,4,63,1,8,0,0,0,0,0,0,0,2,0,0,159,67
LAC,2025,14,PHI,240,0,8,122,4,0,0,0,1,3,6,100,4,37,1,3,1,19,8,78,0,0,0,1,0,0,0,0,0,0,0,0,248,129
LAC,2025,15,KC,211,0,15,12,22,0,1,8,0,0,7,51,2,35,2,47,0,0,7,70,0,0,1,0,0,0,0,0,0,0,0,0,226,42
LAC,2025,16,DAL,255,2,21,34,23,13,2,9,1,14,7,130,6,51,2,18,2,14,3,19,0,0,0,0,0,1,0,1,0,0,0,0,276,80
LAC,2025,17,HOU,244,2,0,71,37,10,1,4,0,0,3,57,2,88,2,1,5,75,3,19,0,0,0,0,0,0,1,0,1,0,0,0,244,112
LAC,2025,18,DEN,141,0,49,28,39,0,1,5,3,45,1,5,0,0,2,10,4,31,3,45,0,0,0,0,0,0,0,0,0,0,0,1,190,117
LAR,2025,1,HOU,188,0,32,60,17,5,0,0,2,17,3,25,2,32,2,30,3,34,3,28,4,22,0,0,0,0,0,0,0,0,0,0,220,94
LAR,2025,2,TEN,175,1,8,92,0,9,0,0,0,0,3,57,4,56,2,-1,4,19,4,35,2,9,0,0,0,0,1,0,0,0,0,0,183,92
LAR,2025,3,PHI,226,3,40,46,0,0,4,9,0,0,6,109,8,60,1,7,1,8,1,33,0,0,1,0,0,1,1,0,0,1,0,0,266,55
LAR,2025,4,IND,262,1,-1,76,0,7,5,20,1,0,5,41,4,24,3,96,1,11,5,70,0,0,0,0,0,1,0,0,0,1,0,0,261,96
LAR,2025,5,SF,342,2,5,57,11,1,8,82,3,21,10,142,3,39,1,9,0,0,7,41,1,8,0,1,0,0,0,0,0,1,0,0,347,171
LAR,2025,6,BAL,140,0,39,122,16,0,1,8,5,28,6,46,1,8,2,20,0,0,4,24,2,6,0,0,0,0,0,0,0,0,0,0,179,174
LAR,2025,7,JAX,296,1,18,44,22,10,1,11,1,4,3,31,8,101,4,52,3,72,2,16,1,9,0,0,0,0,1,0,0,0,0,0,314,81
LAR,2025,9,NO,176,1,2,14,11,0,1,3,1,1,3,57,5,68,2,16,0,0,3,31,0,0,0,0,0,0,0,0,0,1,0,0,178,29
LAR,2025,10,SF,319,3,3,30,41,0,8,66,3,12,6,71,1,19,3,34,1,18,9,84,2,15,0,0,1,1,0,0,0,1,1,0,322,149
LAR,2025,11,SEA,279,0,11,67,43,13,3,44,2,10,9,105,2,27,3,23,0,0,10,70,0,0,0,1,0,0,0,0,0,0,0,0,290,164
LAR,2025,12,TB,103,1,25,38,48,12,1,4,1,4,3,32,3,12,3,21,2,9,4,21,0,0,0,0,0,0,0,1,0,0,0,0,128,94
LAR,2025,13,CAR,206,3,23,58,83,0,2,21,3,45,1,43,1,1,4,74,0,0,1,2,3,20,0,0,1,1,0,1,0,0,0,1,229,207
LAR,2025,14,ARI,271,2,22,16,13,0,3,18,2,18,11,142,0,0,1,3,2,32,5,58,1,0,0,0,0,2,0,0,0,0,0,0,293,65
LAR,2025,15,DET,338,3,0,38,32,0,4,20,0,0,13,164,7,134,1,20,0,0,0,0,0,0,0,0,1,2,1,0,0,0,0,0,338,90
LAR,2025,16,SEA,270,2,7,100,32,31,3,64,4,22,8,96,0,0,3,39,0,0,4,49,0,0,0,1,1,1,0,0,0,1,0,1,277,218
LAR,2025,17,ATL,126,1,1,195,23,0,5,34,0,0,1,4,2,35,3,37,0,0,2,16,0,0,0,2,0,0,0,0,0,0,0,1,127,252
LAR,2025,18,ARI,243,2,19,18,42,0,3,21,3,43,5,99,0,0,0,0,0,0,7,65,5,43,0,0,0,1,0,0,0,0,1,0,262,124
LV,2025,1,NE,287,1,11,27,18,4,6,24,2,12,6,103,2,-2,6,57,2,15,4,66,1,10,0,0,0,0,1,0,0,0,0,0,298,81
LV,2025,2,LAC,242,2,31,24,28,-2,1,1,2,20,5,61,5,48,3,71,2,34,1,7,0,0,0,0,0,1,0,1,0,0,0,0,273,73
LV,2025,3,WAS,207,1,40,26,117,18,1,5,0,0,2,11,3,74,1,-2,5,81,3,38,0,0,1,1,1,0,0,0,1,0,0,1,247,148
LV,2025,4,CHI,212,1,13,38,18,0,4,22,0,0,4,69,4,38,5,41,2,-4,3,46,0,0,0,1,0,1,0,0,0,0,0,0,225,78
LV,2025,5,IND,221,2,2,66,28,0,3,20,0,0,5,39,6,54,0,0,2,55,4,44,0,0,0,3,1,1,0,0,0,1,0,0,223,114
LV,2025,6,TEN,222,1,0,34,31,0,2,13,4,19,1,18,3,27,1,0,6,83,6,46,3,16,0,0,0,0,0,0,0,0,1,0,222,97
LV,2025,7,KC,286,3,25,57,57,13,1,-3,5,42,2,14,1,39,3,35,10,77,3,54,1,28,0,1,0,1,0,0,2,0,0,0,311,153
LV,2025,9,JAX,220,0,24,84,39,4,5,31,2,-2,3,55,8,90,3,25,1,15,1,6,0,0,2,0,1,0,0,0,0,0,0,0,244,152
LV,2025,10,DEN,150,1,-2,77,9,0,1,7,3,22,5,40,3,24,1,43,0,0,2,12,1,2,0,0,0,1,0,0,0,0,0,0,148,115
LV,2025,11,DAL,268,4,-4,93,25,0,1,0,3,36,9,144,5,66,1,2,1,0,4,16,1,4,0,0,0,1,1,1,0,1,0,0,264,154
LV,2025,12,CLE,209,1,-1,47,20,-6,0,0,2,59,1,39,2,58,1,5,1,8,4,40,0,0,0,2,1,0,0,0,0,0,0,0,208,126
LV,2025,13,LAC,160,2,12,126,54,0,1,11,0,0,4,30,4,39,3,23,3,30,1,27,0,0,0,1,1,0,1,1,0,0,0,0,172,191
LV,2025,14,DEN,212,0,15,75,60,2,6,25,4,25,6,62,3,11,4,32,4,32,2,8,2,17,1,1,0,0,0,0,0,0,0,1,227,185
LV,2025,15,PHI,208,3,48,78,57,0,2,14,0,0,2,41,2,50,2,29,0,0,6,70,1,4,0,1,0,1,0,0,0,2,0,0,256,149
LV,2025,16,HOU,187,1,0,33,50,0,1,9,6,19,4,59,1,17,3,37,1,4,5,35,2,7,0,0,0,0,0,0,0,1,0,1,187,111
LV,2025,17,NYG,207,0,48,62,45,0,1,-5,4,25,11,113,2,36,1,8,1,19,2,11,0,0,2,0,1,0,0,0,0,0,0,1,255,127
LV,2025,18,KC,146,0,4,14,66,0,3,21,2,2,3,64,2,13,2,4,0,0,3,12,3,30,0,0,0,0,0,0,0,0,0,0,150,103
MIA,2025,1,IND,272,1,26,71,41,15,3,27,0,0,6,80,1,36,2,12,2,21,7,76,1,20,2,0,0,1,0,0,0,0,0,0,298,139
MIA,2025,2,NE,230,2,31,54,37,0,5,88,3,31,4,32,1,16,1,8,1,8,1,9,3,38,1,0,0,0,1,0,1,0,0,1,261,210
MIA,2025,3,BUF,213,3,25,108,13,11,3,10,1,8,3,20,4,45,1,5,4,54,5,66,1,5,0,1,0,0,1,0,0,1,1,0,238,139
MIA,2025,4,NYJ,226,1,81,81,35,0,5,30,2,18,6,82,0,0,1,8,0,0,5,65,1,23,1,0,0,1,0,0,0,0,0,0,307,164
MIA,2025,5,CAR,198,2,1,206,22,10,3,28,1,7,6,73,1,7,2,31,3,30,1,7,2,15,0,1,0,0,0,1,0,0,1,0,199,263
MIA,2025,6,LAC,264,2,2,124,14,0,3,14,1,9,4,27,7,100,4,27,1,1,7,68,2,18,0,1,0,0,1,0,0,0,0,0,266,161
MIA,2025,7,CLE,116,0,12,84,8,0,0,0,3,19,2,17,1,23,0,0,2,17,4,36,1,4,0,3,0,0,0,0,0,0,0,1,128,111
MIA,2025,8,ATL,173,0,2,25,18,0,3,23,2,10,1,11,1,25,3,31,2,14,9,59,0,0,0,0,1,0,0,0,0,0,0,0,175,76
MIA,2025,9,BAL,204,4,14,119,13,0,1,2,3,20,5,64,2,13,0,0,0,0,2,22,5,83,0,0,0,0,1,0,0,2,1,0,218,154
MIA,2025,10,BUF,306,2,35,53,0,-1,5,24,3,24,7,58,3,46,2,9,2,45,2,37,4,63,0,0,0,0,1,0,0,0,1,0,341,101
MIA,2025,11,WAS,213,1,49,28,92,3,1,5,3,22,7,74,1,13,2,28,1,25,4,42,1,4,0,0,0,1,0,0,0,0,0,0,262,147
MIA,2025,13,NO,239,2,18,47,15,-1,3,22,0,0,4,47,8,93,3,20,0,0,5,39,3,18,0,0,0,1,1,0,0,0,0,0,257,84
MIA,2025,14,NYJ,169,0,0,43,22,0,0,0,1,17,1,24,4,34,0,0,2,24,5,51,2,19,0,0,0,0,0,0,0,0,0,1,169,82
MIA,2025,15,PIT,224,2,0,33,84,0,3,15,7,46,3,55,0,0,1,7,1,19,2,12,6,70,0,0,0,1,0,0,1,1,1,0,224,178
MIA,2025,16,CIN,313,4,6,66,32,1,4,43,2,16,9,109,3,53,1,21,0,0,3,35,4,36,0,3,1,0,1,0,0,1,0,0,319,157
MIA,2025,17,TB,346,2,16,19,18,0,5,14,2,7,3,20,3,31,7,108,9,133,4,33,0,0,0,0,0,0,1,1,0,0,0,0,362,58
MIA,2025,18,NE,214,1,41,53,144,5,0,0,3,22,3,43,2,29,2,24,1,35,5,56,1,5,0,2,3,0,0,0,0,0,0,0,255,219
MIN,2025,1,CHI,210,1,58,53,8,0,3,12,4,79,6,37,4,42,1,-3,0,0,1,31,2,12,1,0,0,1,0,0,0,0,0,1,268,152
MIN,2025,2,ATL,135,0,-1,143,76,0,3,25,1,4,3,49,0,0,2,20,0,0,4,37,0,0,0,0,1,0,0,0,0,0,0,0,134,248
MIN,2025,3,CIN,140,1,3,3,38,9,4,17,0,0,5,50,1,15,0,0,0,0,5,26,4,32,0,0,0,0,0,0,0,0,1,0,143,58
MIN,2025,4,PIT,200,1,8,99,22,0,6,35,0,0,5,126,2,13,0,0,0,0,2,6,3,20,0,2,0,1,0,0,0,0,0,0,208,156
MIN,2025,5,CLE,190,2,5,110,14,11,1,18,3,26,2,15,2,29,1,22,0,0,6,67,4,13,0,0,0,0,0,0,0,1,1,0,195,168
MIN,2025,7,PHI,326,3,-10,44,11,0,1,-2,2,6,4,121,9,183,0,0,0,0,3,18,0,0,0,0,0,2,1,0,0,0,0,1,316,59
MIN,2025,8,LAC,227,3,62,117,28,0,1,10,0,0,4,44,6,88,2,8,0,0,5,77,0,0,0,1,0,0,1,1,0,1,0,0,289,155
MIN,2025,9,DET,284,2,0,25,40,0,3,3,2,10,9,97,4,66,0,0,0,0,6,97,1,11,0,0,1,0,1,0,0,1,0,0,284,78
MIN,2025,10,BAL,176,1,36,75,35,6,3,9,1,12,4,75,1,10,2,16,0,0,3,14,3,40,0,0,1,0,0,0,0,1,0,0,212,131
MIN,2025,11,CHI,193,0,26,90,21,3,0,0,1,14,2,41,1,18,3,27,0,0,3,40,6,53,0,0,1,0,0,0,0,0,0,0,219,125
MIN,2025,12,GB,146,0,18,107,21,0,2,18,1,5,2,23,2,32,5,49,0,0,1,7,2,12,0,2,0,0,0,0,0,0,0,0,164,151
MIN,2025,13,SEA,128,0,0,56,58,9,3,18,0,0,2,23,1,7,3,24,1,21,4,35,0,0,0,0,1,0,0,0,0,0,0,1,128,132
MIN,2025,14,WAS,108,0,23,32,52,0,0,0,1,2,4,27,3,41,1,19,0,0,1,11,1,8,0,0,0,0,0,0,0,0,0,0,131,86
MIN,2025,15,DAL,294,0,2,91,43,2,0,0,4,30,3,33,6,111,4,40,3,35,2,16,1,29,0,1,1,0,0,0,0,0,0,0,296,164
MIN,2025,16,NYG,33,0,7,71,47,3,2,7,1,-1,3,19,1,8,0,0,0,0,0,0,0,0,0,0,0,0,0,0,0,0,0,1,40,124
MIN,2025,17,DET,197,1,2,41,25,0,2,23,2,15,8,68,2,37,1,5,3,49,0,0,0,0,0,0,0,0,0,0,1,0,0,0,199,104
MIN,2025,18,GB,34,0,23,44,61,0,1,4,0,0,1,8,0,0,2,15,0,0,1,4,1,3,0,0,0,0,0,0,0,0,0,0,57,109
NE,2025,1,LV,362,1,10,38,8,0,2,2,0,0,8,97,2,45,2,54,1,23,5,103,4,38,0,1,0,0,0,1,0,0,0,0,372,48
NE,2025,2,MIA,315,2,0,30,8,23,8,92,3,18,6,109,5,68,1,2,3,26,0,0,0,0,0,1,0,0,1,0,0,0,0,1,315,148
NE,2025,3,PIT,139,2,1,47,16,0,5,34,1,10,3,32,3,34,0,0,0,0,3,23,1,6,0,0,1,1,1,0,0,0,0,0,140,107
NE,2025,4,CAR,208,2,3,49,65,12,3,20,1,-2,4,62,2,10,3,36,0,0,5,42,5,40,0,0,0,0,0,0,0,1,1,0,211,132
NE,2025,5,BUF,253,2,53,49,11,5,0,0,0,0,6,45,4,23,2,36,2,26,6,108,2,15,0,0,0,0,1,0,1,0,0,0,306,60
NE,2025,6,NO,227,0,20,31,21,0,5,45,1,11,6,98,4,28,1,21,0,0,2,15,1,9,0,0,0,0,0,0,0,0,1,0,247,108
NE,2025,7,TEN,255,1,0,18,22,-1,6,43,3,18,2,29,4,70,2,18,4,41,0,0,4,36,0,0,0,0,1,0,0,0,0,0,255,101
NE,2025,8,CLE,156,2,13,19,0,34,3,-2,6,28,0,0,0,0,2,31,0,0,6,62,4,37,0,0,0,0,0,0,0,1,1,0,169,45
NE,2025,9,ATL,221,3,19,46,6,0,8,50,0,0,9,118,1,15,0,0,0,0,4,38,0,0,0,0,0,3,0,0,0,0,0,0,240,102
NE,2025,10,TB,273,3,0,38,53,22,5,16,1,-2,6,115,3,20,4,42,0,0,9,82,0,0,0,0,0,1,0,2,0,0,0,0,273,105
NE,2025,11,NYJ,116,1,67,58,11,4,2,6,0,0,1,10,1,2,3,45,0,0,4,30,4,23,1,0,0,0,0,1,0,0,0,0,183,75
NE,2025,12,CIN,197,1,3,107,5,5,2,23,0,0,5,31,4,61,2,29,0,0,1,9,6,44,0,0,0,0,0,1,0,0,0,1,200,135
NE,2025,13,NYG,139,1,20,36,55,0,1,-3,3,34,7,34,2,41,1,4,0,0,3,29,0,0,0,0,1,0,1,0,0,0,0,0,159,122
NE,2025,15,BUF,193,3,48,107,13,0,2,4,4,28,5,65,1,16,0,0,0,0,3,34,4,46,0,3,0,0,0,0,0,0,2,0,241,152
NE,2025,16,BAL,166,0,9,128,13,18,0,0,2,2,7,84,0,0,4,41,0,0,2,21,1,18,0,2,0,1,0,0,0,0,0,0,175,143
NE,2025,17,NYJ,152,0,1,111,47,5,2,18,1,9,3,22,3,41,4,30,3,11,1,2,3,22,0,1,0,0,0,0,0,0,0,0,153,185
NE,2025,18,MIA,137,1,9,23,9,22,2,17,2,5,3,6,3,44,0,0,2,26,3,31,1,8,0,0,0,1,0,0,0,0,0,0,146,54
NO,2025,1,ARI,163,2,38,39,69,0,4,5,1,6,5,71,1,5,1,4,1,-2,6,61,2,13,0,1,0,1,0,0,0,0,0,0,201,119
NO,2025,2,SF,279,3,6,55,20,-4,6,52,2,4,5,89,4,56,3,32,0,0,4,31,2,15,0,1,0,1,0,0,0,0,1,0,285,131
NO,2025,3,SEA,233,2,2,38,47,0,1,12,2,15,5,96,2,31,3,32,1,12,1,23,1,12,0,2,0,1,0,1,0,0,0,1,235,112
NO,2025,4,BUF,209,2,45,117,3,0,3,18,0,0,3,45,5,69,2,25,1,9,1,28,1,15,1,1,0,0,1,0,0,1,0,0,254,138
NO,2025,5,NYG,202,2,55,59,20,2,6,45,1,4,5,30,3,31,1,7,0,0,6,33,4,52,0,0,0,0,0,0,0,2,0,0,257,128
NO,2025,6,NE,261,3,28,18,27,0,0,0,1,9,3,28,5,93,3,71,2,28,3,27,1,5,0,0,0,0,2,1,0,0,0,0,289,54
NO,2025,7,CHI,172,0,-2,124,92,8,1,14,2,13,2,31,3,43,2,9,1,22,1,16,3,24,0,1,1,0,0,0,0,0,0,0,170,243
NO,2025,8,TB,152,0,0,35,53,0,2,26,0,0,3,35,1,8,5,43,0,0,4,40,0,0,0,0,1,0,0,0,0,0,0,1,152,114
NO,2025,9,LAR,281,4,-4,114,58,3,0,0,0,0,7,95,5,60,2,12,0,0,3,13,7,101,0,1,0,1,2,0,0,1,0,0,277,172
NO,2025,10,CAR,124,0,6,53,14,0,3,10,1,1,5,60,0,0,3,21,0,0,5,32,0,0,0,1,0,0,0,0,0,0,0,0,130,78
NO,2025,12,ATL,199,2,5,70,44,0,2,37,1,5,3,74,2,16,3,18,0,0,2,25,3,24,0,0,0,1,1,0,0,0,0,0,204,156
NO,2025,13,MIA,157,0,4,134,26,0,0,0,0,0,3,40,4,30,1,16,0,0,2,47,2,24,0,1,0,0,0,0,0,0,0,1,161,160
NO,2025,14,TB,122,1,42,53,84,0,1,2,2,26,2,15,1,5,5,55,0,0,3,19,0,0,0,0,2,0,0,0,0,0,0,0,164,165
NO,2025,15,CAR,163,1,49,49,29,0,1,5,1,9,2,25,2,39,4,60,1,7,2,5,2,13,0,1,0,0,0,1,0,0,0,0,212,92
NO,2025,16,NYJ,188,0,2,54,8,0,2,9,4,52,3,43,1,4,4,25,1,7,2,14,5,34,0,0,0,0,0,0,0,0,0,0,190,123
NO,2025,17,TEN,251,2,10,85,6,7,2,10,1,-1,4,37,4,55,3,46,2,39,3,55,2,10,0,0,0,1,0,0,0,1,0,0,261,100
NO,2025,18,ATL,180,1,0,33,16,0,3,10,1,3,4,78,3,20,1,11,0,0,6,58,0,0,0,0,0,1,0,0,0,0,0,0,180,62
NYG,2025,1,WAS,233,1,68,82,51,19,0,0,3,31,7,77,2,27,2,27,2,45,3,26,0,0,0,1,0,1,0,0,0,1,0,0,301,164
NYG,2025,2,DAL,361,2,17,97,15,6,6,33,2,4,9,112,5,68,4,47,2,16,9,78,1,3,0,1,1,0,1,1,0,0,0,0,378,149
NYG,2025,3,KC,224,1,2,45,47,11,1,3,1,10,4,42,5,71,4,55,0,0,4,26,3,17,0,0,1,0,1,0,0,0,0,0,226,105
NYG,2025,4,LAC,203,1,24,128,0,0,5,37,0,0,8,98,5,37,1,11,1,1,2,16,1,3,0,1,0,1,0,0,0,0,0,0,227,165
NYG,2025,5,NO,225,1,21,27,41,0,4,28,1,8,7,59,4,114,1,5,2,13,2,17,0,0,0,0,0,0,1,0,0,0,0,1,246,104
NYG,2025,6,PHI,283,1,13,58,2,0,2,9,2,18,6,80,4,49,1,17,0,0,9,110,0,0,1,0,0,0,0,0,0,1,0,0,296,87
NYG,2025,7,DEN,279,2,48,81,0,13,1,-1,3,21,6,87,3,19,6,85,1,6,5,42,2,20,2,0,1,0,1,0,0,0,0,0,327,101
NYG,2025,8,PHI,179,4,20,150,106,0,4,24,0,0,6,84,1,40,1,3,0,0,3,28,0,0,0,2,0,0,1,0,0,2,0,0,199,280
NYG,2025,9,SF,235,2,3,106,53,0,5,67,1,12,4,41,2,34,0,0,2,40,4,32,1,9,0,2,1,1,0,0,0,0,0,0,238,238
NYG,2025,10,CHI,220,1,63,80,28,0,5,18,0,0,6,86,0,0,1,5,3,51,4,55,1,5,1,0,1,1,0,0,0,0,0,0,283,126
NYG,2025,11,GB,180,3,23,40,48,17,0,0,1,9,4,53,1,24,1,9,5,79,1,-1,2,7,0,0,1,0,0,0,2,0,1,0,203,97
NYG,2025,12,DET,279,2,0,219,18,0,11,45,3,19,9,149,0,0,2,37,0,0,3,29,0,0,0,3,0,1,0,0,0,0,0,0,279,301
NYG,2025,13,NE,282,2,12,67,40,0,3,19,3,40,3,26,3,23,3,33,5,68,4,73,0,0,0,0,0,0,0,0,2,0,0,1,294,166
NYG,2025,15,WAS,211,1,43,96,6,0,0,0,1,16,3,43,3,69,0,0,1,28,1,19,1,36,0,1,0,0,1,0,0,0,0,1,254,118
NYG,2025,16,MIN,160,0,17,5,92,0,1,6,3,16,6,85,2,26,0,0,1,6,1,2,2,19,1,0,0,0,0,0,0,0,0,0,177,119
NYG,2025,17,LV,192,1,1,60,2,0,2,13,0,0,5,49,2,9,2,12,2,20,9,89,0,0,0,0,0,0,1,0,0,0,0,0,193,75
NYG,2025,18,DAL,143,0,42,64,30,7,0,0,3,15,1,9,1,4,5,68,0,0,1,5,3,42,0,1,1,0,0,0,0,0,0,0,185,109
NYJ,2025,1,PIT,244,4,-1,37,17,0,2,22,3,4,4,83,4,70,1,22,0,0,5,15,3,28,0,1,0,0,1,1,0,1,0,0,243,80
NYJ,2025,2,BUF,180,0,56,132,30,6,1,3,0,0,3,26,2,47,1,12,1,31,4,37,3,24,0,2,0,0,0,0,1,0,0,0,236,165
NYJ,2025,3,TB,233,1,44,66,12,0,4,33,1,2,4,33,6,85,4,80,0,0,0,0,0,0,0,0,0,1,0,0,0,0,0,1,277,113
NYJ,2025,4,MIA,177,2,6,99,10,8,1,2,0,0,6,67,3,48,2,13,1,1,3,27,1,19,0,1,0,0,0,0,0,2,0,0,183,111
NYJ,2025,5,DAL,237,4,28,135,7,10,1,4,1,10,2,57,0,0,6,114,0,0,7,49,1,3,0,2,0,1,0,0,0,2,0,0,265,156
NYJ,2025,6,DEN,174,1,24,40,7,0,0,0,4,21,1,17,3,19,2,30,2,22,5,42,2,23,0,0,0,0,0,0,0,0,1,0,198,68
NYJ,2025,7,CAR,198,1,8,79,31,7,1,17,2,24,3,33,9,92,1,8,0,0,1,0,2,24,0,0,0,0,1,0,0,0,0,0,206,151
NYJ,2025,8,CIN,223,2,14,73,94,0,3,32,1,6,12,91,1,44,0,0,0,0,3,41,1,9,1,2,1,0,1,0,0,0,0,0,237,205
NYJ,2025,10,CLE,167,2,54,75,-3,32,2,10,1,3,6,78,2,11,0,0,0,0,4,44,2,21,0,0,0,1,0,0,0,0,1,0,221,85
NYJ,2025,11,NE,281,1,2,62,6,-5,5,31,0,0,9,105,4,64,3,36,0,0,4,45,0,0,0,3,0,0,0,0,0,0,0,0,283,99
NYJ,2025,12,BAL,153,0,11,64,10,11,2,24,1,9,5,58,2,13,0,0,1,30,1,9,1,10,0,2,0,0,0,0,0,0,0,0,164,107
NYJ,2025,13,ATL,234,1,0,142,20,5,5,51,2,35,2,25,2,15,1,3,2,23,7,82,0,0,0,1,1,0,1,0,0,0,0,0,234,248
NYJ,2025,14,MIA,127,1,-2,92,124,21,1,13,0,0,5,50,3,10,0,0,0,0,1,13,3,41,0,1,2,1,0,0,0,0,0,0,125,229
NYJ,2025,15,JAX,330,5,49,32,18,9,3,73,2,21,5,71,4,66,3,53,0,0,1,26,2,20,1,3,1,0,1,0,0,0,0,0,379,144
NYJ,2025,16,NO,308,1,8,19,3,12,3,17,0,0,10,148,4,29,2,18,0,0,8,89,6,45,0,0,0,2,0,0,0,0,0,0,316,39
NYJ,2025,17,NE,286,5,21,82,52,0,0,0,5,55,6,101,1,10,3,20,2,40,3,49,2,11,0,0,2,1,0,0,1,1,1,0,307,189
NYJ,2025,18,BUF,259,4,5,15,191,0,0,0,5,65,2,49,1,1,5,41,0,0,3,48,6,55,0,0,3,0,0,1,0,0,1,0,264,271
PHI,2025,1,DAL,188,0,3,54,53,9,2,10,1,-3,7,110,3,30,2,18,1,0,5,23,0,0,0,2,0,0,0,0,0,0,0,0,191,114
PHI,2025,2,KC,187,1,66,22,33,0,1,7,1,3,5,30,2,59,1,5,1,21,4,61,1,1,1,0,0,0,1,0,0,0,0,0,253,65
PHI,2025,3,LAR,196,2,0,94,53,13,2,18,0,0,11,112,3,56,2,7,0,0,0,0,1,3,0,1,0,0,1,0,0,0,0,0,196,165
PHI,2025,4,TB,289,2,13,63,17,11,5,102,4,29,4,101,2,14,3,26,1,8,3,9,0,0,0,1,0,1,0,0,0,0,0,0,302,211
PHI,2025,5,DEN,242,1,22,79,20,9,1,5,4,34,8,99,3,35,2,10,1,15,4,33,1,11,0,1,0,0,0,0,0,1,0,0,264,138
PHI,2025,6,NYG,195,1,58,98,16,0,2,12,0,0,6,84,4,55,3,17,0,0,2,27,0,0,1,3,0,1,0,0,0,0,0,0,253,126
PHI,2025,7,MIN,313,0,28,57,4,0,0,0,1,2,5,79,9,128,2,37,2,15,6,43,1,9,0,1,0,0,0,0,0,0,0,0,341,63
PHI,2025,8,NYG,193,1,17,12,39,0,1,18,3,42,3,48,2,26,1,18,0,0,3,20,1,21,1,1,0,0,0,0,0,0,0,0,210,111
PHI,2025,10,GB,176,0,28,74,2,0,5,33,1,2,1,5,4,38,2,45,4,30,3,23,0,0,0,1,0,0,0,0,0,0,0,0,204,111
PHI,2025,11,DET,255,1,-1,39,27,9,5,107,1,10,2,42,4,88,0,0,0,0,2,8,0,0,0,0,0,0,1,0,0,0,0,0,254,183
PHI,2025,12,DAL,354,2,9,87,24,4,2,14,1,7,9,146,4,75,1,48,0,0,5,60,1,4,1,0,0,1,0,0,0,0,1,0,363,132
PHI,2025,13,CHI,154,1,13,125,130,13,1,13,0,0,2,8,2,17,2,19,4,33,3,28,3,36,0,1,1,0,0,0,0,0,1,0,167,268
PHI,2025,14,LAC,139,1,66,44,56,3,1,60,2,11,1,12,3,22,2,8,1,18,1,7,1,1,0,0,1,0,0,0,0,0,0,0,205,171
PHI,2025,15,LV,64,0,7,35,4,0,4,7,1,2,0,0,2,10,2,17,0,0,6,28,0,0,0,0,0,0,0,0,0,0,0,0,71,48
PHI,2025,16,WAS,138,0,-1,25,66,0,0,0,3,15,3,35,3,53,2,30,0,0,0,0,1,5,0,1,1,0,0,0,0,0,0,0,137,106
PHI,2025,17,BUF,262,0,27,74,19,0,1,3,4,45,6,35,4,101,1,12,2,36,5,30,0,0,2,0,0,0,0,0,0,0,0,0,289,141
PHI,2025,18,WAS,131,1,45,29,68,1,0,0,2,26,2,20,4,57,2,12,0,0,2,13,2,3,1,0,1,0,0,0,0,1,0,0,176,123
PIT,2025,1,NYJ,218,1,48,107,27,0,2,38,0,0,7,95,2,18,2,31,0,0,2,16,1,20,2,0,1,1,0,0,0,0,0,0,266,172
PIT,2025,2,SEA,295,2,0,105,10,0,1,13,0,0,8,103,7,90,2,32,0,0,2,26,2,31,0,1,0,0,0,1,0,1,0,0,295,128
PIT,2025,3,NE,268,2,45,18,56,0,3,38,3,19,3,23,2,7,2,28,5,35,8,90,2,28,0,0,0,0,0,0,0,2,0,0,313,131
PIT,2025,4,MIN,350,2,12,57,1,0,3,15,6,43,10,126,1,2,4,114,2,11,4,39,0,0,0,0,1,0,1,0,0,0,0,0,362,116
PIT,2025,6,CLE,221,0,0,36,29,0,0,0,7,25,5,43,2,9,2,13,2,22,7,81,4,28,0,0,0,0,0,0,0,0,0,0,221,90
PIT,2025,7,CIN,342,3,3,108,31,0,2,-8,0,0,16,161,6,96,3,49,0,0,4,44,0,0,0,0,0,1,1,0,0,1,0,0,345,131
PIT,2025,8,GB,360,3,-1,33,61,1,3,12,3,26,3,44,3,4,1,8,7,114,7,143,2,9,0,1,0,0,0,1,0,2,0,0,359,132
PIT,2025,9,IND,342,1,4,45,6,0,2,12,2,10,9,115,6,57,6,115,1,7,5,26,0,0,1,0,0,0,1,0,0,0,0,0,346,73
PIT,2025,10,LAC,220,1,19,95,1,0,1,13,0,0,4,107,2,19,5,42,3,7,3,13,2,19,0,1,0,1,0,0,0,0,0,0,239,109
PIT,2025,11,CIN,199,1,-1,99,7,0,6,28,0,0,3,30,3,63,3,20,0,0,5,36,3,22,0,0,0,0,1,0,0,0,0,0,198,134
PIT,2025,12,CHI,239,3,21,15,48,15,1,14,0,0,3,53,5,64,1,6,3,46,4,49,2,7,0,0,1,0,2,0,0,1,0,0,260,77
PIT,2025,13,BUF,123,1,38,144,67,0,3,33,3,20,1,5,2,9,1,13,1,5,3,28,1,10,1,0,0,0,1,0,0,0,0,1,161,264
PIT,2025,14,BAL,219,1,43,94,78,2,1,8,2,11,8,124,2,23,0,0,0,0,1,9,5,44,1,0,0,0,0,0,0,0,1,0,262,191
PIT,2025,15,MIA,253,2,1,60,2,0,6,67,2,13,2,26,1,10,0,0,0,0,7,66,4,71,0,0,0,0,0,0,0,2,0,0,254,142
PIT,2025,16,DET,364,3,-1,2,14,0,10,66,0,0,4,54,5,70,4,62,4,52,4,40,3,20,0,1,0,0,0,1,1,0,0,0,363,82
PIT,2025,17,CLE,186,1,20,27,31,0,3,0,1,10,5,54,1,16,1,42,1,4,2,30,3,30,0,0,0,0,0,0,0,1,0,0,206,68
PIT,2025,18,BAL,238,3,9,126,2,0,0,0,1,8,4,138,0,0,2,46,0,0,2,14,2,32,0,0,0,2,0,1,0,0,0,0,247,136
SEA,2025,1,SF,277,2,17,69,33,0,9,73,3,36,4,108,2,16,0,0,0,0,4,25,4,19,0,0,0,0,0,0,0,1,1,0,294,211
SEA,2025,2,PIT,215,1,3,48,21,0,4,86,3,16,3,20,1,22,1,7,0,0,4,27,4,37,0,0,0,1,0,0,0,0,0,0,218,171
SEA,2025,3,NO,218,1,10,42,27,0,1,14,2,9,10,57,4,42,3,24,0,0,6,51,2,21,0,0,0,0,0,0,0,0,1,0,228,92
SEA,2025,4,ARI,200,2,41,35,9,4,5,19,2,13,6,66,3,15,4,35,0,0,7,52,0,0,0,0,1,1,0,0,0,0,0,0,241,76
SEA,2025,5,TB,379,2,15,41,3,-3,4,30,3,-4,7,163,4,24,3,26,4,59,4,81,0,0,0,2,0,1,1,0,0,0,0,0,394,70
SEA,2025,6,JAX,258,2,9,27,16,7,4,28,3,24,8,90,4,15,2,29,3,39,2,19,1,14,0,0,0,1,0,0,1,0,0,0,267,95
SEA,2025,7,HOU,229,1,25,16,15,0,1,-5,3,20,4,27,1,13,4,77,1,-1,9,98,0,0,0,0,1,0,0,0,0,0,0,0,254,46
SEA,2025,9,WAS,153,0,51,38,65,3,1,3,0,0,5,41,3,29,1,14,0,0,4,46,2,20,1,0,1,0,0,0,0,0,0,0,204,106
SEA,2025,10,ARI,258,2,31,28,68,2,1,5,3,40,3,33,4,34,0,0,0,0,9,127,2,19,0,0,0,1,0,0,1,1,0,0,289,141
SEA,2025,11,LAR,130,2,0,91,10,18,1,5,1,-5,7,75,1,1,1,9,1,8,1,23,2,14,0,1,0,0,1,0,0,0,1,0,130,101
SEA,2025,12,TEN,256,1,37,20,7,0,4,21,4,21,5,44,1,11,2,26,3,42,3,40,6,51,1,0,0,1,0,0,0,0,0,1,293,69
SEA,2025,13,MIN,126,0,-1,47,20,0,1,1,5,26,2,4,5,36,0,0,0,0,6,59,0,0,0,0,0,0,0,0,0,0,0,0,125,94
SEA,2025,14,ATL,162,0,0,86,34,0,2,8,2,33,1,6,0,0,3,21,1,4,6,90,0,0,0,0,0,0,0,0,0,0,0,0,162,161
SEA,2025,15,IND,120,1,0,87,15,0,3,14,5,32,3,26,3,13,1,16,0,0,3,19,0,0,0,0,0,0,1,0,0,0,0,0,120,148
SEA,2025,16,LAR,457,3,6,70,48,0,3,15,1,13,12,225,1,19,3,40,2,57,2,21,5,67,0,0,1,2,0,0,0,0,1,0,463,146
SEA,2025,17,CAR,54,0,27,59,12,0,3,4,3,6,1,5,1,3,2,16,2,9,1,6,1,5,1,0,0,0,0,0,0,0,0,0,81,81
SEA,2025,18,SF,127,0,21,23,9,0,6,34,1,5,4,35,0,0,3,24,0,0,5,29,0,0,0,0,0,0,0,0,0,0,0,0,148,71
SF,2025,1,SEA,150,0,15,20,47,0,3,4,0,0,9,124,2,15,0,0,0,0,1,0,1,7,0,0,1,0,0,0,0,0,0,0,165,71
SF,2025,2,NO,207,3,14,99,8,0,6,21,1,2,6,54,4,52,2,26,1,3,5,49,0,0,0,0,0,0,1,0,1,1,0,0,221,130
SF,2025,3,ARI,159,1,37,22,42,5,3,15,3,9,3,44,1,5,2,3,2,25,5,43,3,15,0,0,0,0,0,0,0,1,0,0,196,88
SF,2025,4,JAX,174,1,7,124,14,6,1,1,2,15,5,49,3,42,0,0,1,-1,6,45,3,23,0,1,0,0,0,0,0,0,1,1,181,154
SF,2025,5,LAR,389,3,0,65,13,0,8,66,0,0,10,85,5,88,2,72,2,33,2,24,1,21,0,2,0,1,0,0,0,0,0,0,389,144
SF,2025,6,TB,256,2,14,65,25,0,3,21,0,0,2,24,2,51,1,45,4,64,5,51,0,0,0,1,1,0,0,1,1,0,0,0,270,111
SF,2025,7,ATL,241,1,6,40,16,0,6,52,0,0,4,42,3,68,1,17,0,0,7,62,0,0,0,1,0,0,0,0,0,0,0,0,247,108
SF,2025,8,HOU,318,2,30,56,71,0,2,13,5,57,5,69,4,34,5,63,7,58,2,24,0,0,0,0,0,1,1,0,0,0,0,0,348,197
SF,2025,9,NYG,191,2,56,18,43,0,3,19,2,8,9,46,5,62,1,5,1,24,3,27,0,0,1,0,0,0,0,0,1,1,0,0,247,88
SF,2025,10,LAR,280,4,-3,73,56,0,2,11,0,0,5,64,6,77,1,14,0,0,3,33,7,81,0,2,0,1,1,0,0,0,2,0,277,140
SF,2025,11,ARI,452,2,-2,24,14,0,4,21,7,34,15,185,6,66,2,15,1,5,10,115,2,11,0,1,0,0,1,0,0,1,0,0,450,93
SF,2025,12,CAR,169,1,15,38,16,0,4,36,4,27,2,35,3,22,3,32,1,11,1,6,0,0,0,0,0,1,0,0,0,0,0,0,184,117
SF,2025,13,CLE,149,1,6,91,23,18,3,18,3,17,3,26,1,18,0,0,2,23,3,43,2,4,0,0,0,0,0,0,0,1,0,0,155,149
SF,2025,15,TEN,170,2,2,104,37,-7,1,8,2,2,1,17,4,17,1,43,1,1,4,33,4,49,0,1,0,0,0,0,1,0,1,0,172,151
SF,2025,16,IND,277,2,0,46,9,3,3,33,1,4,4,32,5,65,4,86,0,0,3,30,3,27,0,1,0,0,0,2,0,0,0,0,277,92
SF,2025,17,CHI,330,2,18,54,38,0,2,25,3,9,1,7,8,138,2,30,0,0,6,94,3,27,0,2,0,0,1,0,0,1,0,1,348,126
SF,2025,18,SEA,198,0,9,97,74,0,4,36,3,23,6,84,1,2,2,29,0,0,2,14,2,10,0,0,1,0,0,0,0,0,0,0,207,230
TB,2025,1,ATL,298,1,21,24,24,0,6,100,0,0,8,55,3,33,3,51,0,0,7,59,0,0,1,1,0,0,0,0,0,0,0,0,319,148
TB,2025,2,HOU,207,1,27,43,14,0,2,29,1,37,3,52,2,29,1,28,1,3,3,29,0,0,0,1,0,1,0,0,0,0,0,0,234,123
TB,2025,3,NYJ,197,2,48,21,30,0,4,31,2,17,10,84,2,32,2,2,2,13,4,18,0,0,0,0,0,1,0,0,1,0,0,0,245,99
TB,2025,4,PHI,130,2,62,43,-17,0,4,31,0,0,2,7,2,29,2,10,0,0,4,37,1,16,0,1,0,0,0,0,0,2,0,1,192,57
TB,2025,5,SEA,341,4,0,86,36,0,1,0,1,12,8,132,6,59,3,39,1,36,7,53,1,10,0,0,1,1,0,1,0,2,0,0,341,134
TB,2025,6,SF,347,0,13,54,0,0,7,57,4,17,5,142,1,7,2,44,2,22,6,58,0,0,0,1,0,0,0,0,0,0,0,0,360,128
TB,2025,7,DET,241,1,7,136,21,0,3,82,2,18,6,86,0,0,3,17,0,0,3,15,3,23,0,2,0,1,0,0,0,0,0,0,248,257
TB,2025,8,NO,264,0,24,21,0,-3,2,24,3,11,8,63,9,75,3,22,1,10,5,53,1,6,0,0,0,0,0,0,0,0,0,0,288,56
TB,2025,10,NE,270,2,13,147,6,0,1,3,0,0,5,46,6,106,2,34,1,72,1,9,0,0,0,2,0,1,0,0,1,0,0,0,283,156
TB,2025,11,BUF,317,3,40,48,9,0,3,66,2,61,1,-3,2,17,4,90,5,59,1,23,1,4,3,1,1,0,0,1,0,0,0,0,357,184
TB,2025,12,LAR,273,3,0,46,24,0,1,2,0,0,7,97,5,62,3,17,2,25,4,41,3,29,0,0,0,0,2,0,0,1,0,1,273,72
TB,2025,13,ARI,301,2,16,62,17,0,3,36,5,47,3,36,6,69,2,14,0,0,8,82,2,17,0,1,0,0,0,0,0,1,0,0,317,162
TB,2025,14,NO,144,0,55,70,15,0,1,14,1,6,3,30,3,40,0,0,0,0,4,38,1,16,2,1,0,0,0,0,0,0,0,0,199,105
TB,2025,15,ATL,373,3,0,93,18,0,8,82,0,0,3,35,6,78,0,0,0,0,11,166,2,12,0,1,0,0,0,0,0,3,0,0,373,193
TB,2025,16,CAR,191,2,20,29,27,25,4,14,1,7,6,73,1,12,3,47,0,0,2,9,4,29,0,0,0,1,0,0,0,1,0,0,211,77
TB,2025,17,MIA,172,2,5,83,56,8,3,29,0,0,0,0,1,4,1,8,1,63,1,0,6,74,0,0,0,0,0,0,1,0,1,0,177,168
TB,2025,18,CAR,266,2,-1,10,10,0,2,20,2,7,4,85,3,22,6,47,3,42,3,38,1,5,0,0,0,0,0,1,0,1,0,0,265,47
TEN,2025,1,DEN,176,1,18,63,70,0,2,5,4,19,6,61,4,44,3,12,1,3,3,21,2,11,0,1,0,1,0,0,0,0,0,0,194,157
TEN,2025,2,LAR,298,2,-6,66,44,45,2,14,0,0,6,106,8,91,2,42,0,0,4,37,1,8,0,0,1,1,1,0,0,0,1,0,292,124
TEN,2025,3,IND,228,1,26,102,9,0,3,16,0,0,6,73,2,34,4,67,0,0,3,38,0,0,0,3,0,1,0,0,0,0,0,1,254,127
TEN,2025,4,HOU,233,2,11,47,69,2,2,15,4,50,4,79,3,20,2,17,2,22,5,30,0,0,0,0,2,0,0,0,1,0,0,0,244,181
TEN,2025,5,ARI,220,0,25,51,92,0,5,22,1,13,4,98,2,16,2,12,2,8,5,41,2,10,1,1,1,0,0,0,0,0,0,0,245,178
TEN,2025,6,LV,174,1,-3,75,-4,0,2,11,0,0,4,39,5,70,0,0,0,0,5,50,1,4,0,1,0,0,0,0,0,1,0,0,171,82
TEN,2025,7,NE,234,2,60,88,23,4,2,0,0,0,7,69,2,55,3,17,2,49,4,33,2,11,0,1,0,0,1,0,0,0,1,1,294,111
TEN,2025,8,IND,272,3,4,153,7,0,2,21,1,3,8,95,3,39,2,69,1,-8,4,53,0,0,0,3,0,1,1,0,0,0,0,0,276,184
TEN,2025,9,LAC,250,2,57,30,44,0,0,0,0,0,2,41,4,56,4,53,3,20,5,68,1,12,1,0,0,0,0,1,1,0,0,0,307,74
TEN,2025,11,HOU,274,1,14,44,17,0,1,7,1,9,9,92,4,55,3,42,2,18,6,51,0,0,0,0,0,1,0,0,0,0,0,0,288,77
TEN,2025,12,SEA,244,2,-1,71,35,9,3,30,0,0,8,167,0,0,2,24,0,0,2,18,1,5,0,0,1,2,0,0,0,0,0,0,243,136
TEN,2025,13,JAX,229,2,22,28,17,3,1,13,1,2,6,90,2,28,1,26,1,11,3,45,1,14,0,0,1,1,0,0,0,1,0,0,251,60
TEN,2025,14,CLE,364,3,29,26,4,2,1,58,7,74,3,76,0,0,1,23,2,18,8,114,1,1,1,0,0,1,0,0,0,1,1,0,393,162
TEN,2025,15,SF,295,3,44,73,21,0,1,14,1,7,3,37,2,17,6,96,2,36,8,88,0,0,0,1,0,2,0,0,0,1,0,0,339,115
TEN,2025,16,KC,126,0,15,2,34,0,0,0,7,45,2,41,3,22,1,12,0,0,1,6,0,0,0,0,0,0,0,0,0,0,0,0,141,81
TEN,2025,17,NO,333,2,6,94,3,0,1,4,0,0,8,119,4,52,3,53,0,0,4,95,2,10,0,1,0,1,1,0,0,0,0,1,339,101
TEN,2025,18,JAX,271,3,9,32,23,0,1,6,0,0,5,44,5,87,3,49,2,12,6,52,2,21,0,0,1,0,1,0,0,1,1,1,280,61
WAS,2025,1,NYG,168,0,44,24,6,0,2,11,2,12,5,71,6,55,0,0,0,0,1,5,1,14,0,0,0,0,0,0,0,0,0,0,212,53
WAS,2025,2,GB,292,2,12,84,0,39,0,0,3,27,3,28,4,44,0,0,1,37,6,124,2,32,0,1,0,1,0,0,0,1,0,0,304,111
WAS,2025,3,LV,289,3,5,63,21,4,0,0,1,4,3,63,8,145,2,29,1,10,4,38,0,0,0,0,0,0,3,0,0,0,0,0,294,88
WAS,2025,4,ATL,313,2,2,75,51,0,4,106,0,0,8,110,1,15,1,-7,1,19,5,70,0,0,0,1,1,1,0,0,0,1,0,0,315,232
WAS,2025,5,LAC,210,1,71,44,31,9,6,26,2,3,5,58,4,40,5,39,0,0,1,14,2,30,0,0,0,0,0,1,0,0,0,0,281,104
WAS,2025,6,CHI,252,1,3,108,35,4,2,67,4,67,2,32,2,24,4,51,0,0,1,0,2,11,1,1,0,0,0,0,0,0,0,0,255,277
WAS,2025,7,DAL,264,3,7,116,29,0,1,2,2,8,4,82,5,110,1,16,1,17,7,29,0,0,0,1,0,0,1,0,0,2,0,1,271,155
WAS,2025,8,KC,299,3,30,58,48,12,0,0,1,2,0,0,5,53,2,29,9,93,6,99,2,23,0,0,2,0,0,0,1,1,0,0,329,108
WAS,2025,9,SEA,330,4,0,42,34,11,2,19,1,21,8,129,4,48,1,60,0,0,3,24,2,29,0,0,0,0,2,1,0,1,1,0,330,116
WAS,2025,10,DET,320,3,-1,142,75,10,3,30,1,0,5,58,6,119,4,49,1,11,5,53,0,0,0,3,0,1,1,0,0,0,0,0,319,247
WAS,2025,11,MIA,171,0,0,120,49,0,5,45,0,0,3,52,3,42,0,0,0,0,1,14,2,18,0,0,1,0,0,0,0,0,0,0,171,214
WAS,2025,13,DEN,321,1,16,35,27,9,3,27,5,35,2,21,5,62,2,8,3,42,6,79,3,47,0,2,0,0,1,0,0,0,0,0,337,124
WAS,2025,14,MIN,163,3,19,52,91,0,0,0,1,5,2,11,4,62,3,30,1,10,2,12,3,33,0,1,0,0,0,0,0,1,2,0,182,148
WAS,2025,15,NYG,246,2,63,70,13,0,3,27,1,1,5,54,4,53,1,4,0,0,3,72,3,35,0,2,0,1,0,0,0,0,0,0,309,111
WAS,2025,16,PHI,185,2,38,132,37,0,0,0,1,3,9,95,6,42,3,13,0,0,3,32,0,0,0,1,1,0,1,0,0,1,0,0,223,172
WAS,2025,17,DAL,307,2,24,54,133,0,0,0,1,14,4,78,5,46,1,86,4,31,1,6,3,46,0,1,0,0,0,1,0,1,0,0,331,201
WAS,2025,18,PHI,241,1,3,75,2,0,1,31,3,14,3,52,3,40,3,33,2,20,2,21,4,30,0,1,0,0,0,0,0,1,0,0,244,122
