league,event_id,kickoff,away,home,market,selection,point,source,player,stat,dec,american,fair,ev,kelly_quarter,sources,disp,exch,basis,model_p,ev_model,steam,conf,tier,liq,note,key
nhl,401892479,2026-10-10T23:30Z,TB,NYI,total,Under,4.5,POLY,,,3.5714,+257,0.415,0.4821,0.0469,2,0.0875,1,market,,,,5,C,2889,no @ 0.28,total|4.5
cfb,401856716,2026-10-10T16:00Z,TA&M,MIZ,prop,Yes,0.5,FD,KJ Edwards,anytime_td,7.0,+600,0.2119,0.4834,0.0201,0,,0,market,,,,0,C,,,prop|anytime_td|KJ Edwards|0.5
cfb,401866439,2026-10-10T19:30Z,KENT,WMU,moneyline,KENT,,BR,,,6.0,+500,0.1743,0.046,0.0023,6,0.0101,1,market,,,0.0029,83,A,,,moneyline|
nfl,401872992,2026-10-11T20:25Z,SF,SEA,prop,Under,1.5,POLY,Rashid Shaheed,receptions,2.6316,+163,0.4025,0.0593,0.0091,5,0.0134,1,market,0.3131,-0.1759,,79,A,1199,no @ 0.38,prop|receptions|Rashid Shaheed|1.5
cfb,401862796,2026-10-10T19:30Z,CLT,UNT,moneyline,CLT,,MGM,,,23.0,+2200,0.052,0.1952,0.0022,4,0.0077,0,market,,,0.0036,45,C,,,moneyline|
cfb,401862796,2026-10-10T19:30Z,CLT,UNT,moneyline,CLT,,FD,,,23.0,+2200,0.0519,0.1944,0.0022,4,0.0077,0,market,,,0.0036,45,C,,,moneyline|
cfb,401866437,2026-10-10T19:30Z,BUFF,TOL,moneyline,BUFF,,FD,,,12.0,+1100,0.0914,0.0968,0.0022,5,0.0063,0,market,,,0.0035,69,B,,,moneyline|
cfb,401856827,2026-10-11T02:15Z,KU,UTAH,moneyline,KU,,KAL,,,6.7373,+574,0.1541,0.038,0.0017,5,0.0089,1,market,,,0.0009,83,A,8015,yes 0.13/0.14,moneyline|
nfl,401872982,2026-10-11T17:00Z,CIN,MIA,moneyline,MIA,,POLY,,,3.8462,+285,0.2676,0.0293,0.0026,7,0.0068,1,market,,,-0.0006,85,A,165396,no @ 0.26,moneyline|
cfb,401862798,2026-10-10T23:00Z,UAB,MEM,moneyline,UAB,,BR,,,6.25,+525,0.1673,0.0459,0.0022,5,0.0102,1,market,,,-0.0081,79,A,,,moneyline|
nfl,401872988,2026-10-11T17:00Z,NYG,WSH,total,Over,42.5,POLY,,,2.0833,+108,0.489,0.0187,0.0043,5,0.0066,1,market,,,-0.0008,85,A,132236,yes 0.47/0.48,total|42.5
cfb,401856713,2026-10-10T20:15Z,TENN,ARK,moneyline,ARK,,KAL,,,5.5594,+456,0.1951,0.0844,0.0046,5,0.0063,0,market,,,0.0018,68,B,9026,yes 0.16/0.17,moneyline|
cfb,401856718,2026-10-10T19:30Z,MISS,VAN,moneyline,VAN,,MGM,,,4.2,+320,0.2458,0.0326,0.0025,6,0.0103,1,market,,,-0.0037,80,A,,,moneyline|
nfl,401872990,2026-10-11T17:00Z,CHI,GB,spread,CHI,-1.5,POLY,,,2.0408,+104,0.4955,0.0112,0.0027,6,0.007,1,market,,,-0.0004,85,A,133029,yes 0.48/0.49,spread|-1.5
cfb,401856718,2026-10-10T19:30Z,MISS,VAN,prop,Yes,0.5,FD,Johntay Cook II,anytime_td,9.0,+800,0.1501,0.3506,0.011,0,,0,market,,,,0,C,,,prop|anytime_td|Johntay Cook II|0.5
nfl,401872984,2026-10-11T17:00Z,HOU,TEN,moneyline,TEN,,POLY,,,4.3478,+335,0.2388,0.0383,0.0029,7,0.0136,1,market,,,-0.0011,78,A,220867,no @ 0.23,moneyline|
cfb,401856718,2026-10-10T19:30Z,MISS,VAN,total,Over,55.5,KAL,,,2.0515,+105,0.4994,0.0246,0.0059,5,0.0151,1,market,,,0.0072,80,A,3098,yes 0.46/0.47,total|55.5
nfl,401872992,2026-10-11T20:25Z,SF,SEA,moneyline,SF,,POLY,,,2.5641,+156,0.398,0.0206,0.0033,7,0.0088,1,market,,,-0.0048,81,A,265407,yes 0.38/0.39,moneyline|
cfb,401864518,2026-10-10T23:00Z,NDSU,UNLV,moneyline,UNLV,,ESPN,,,2.45,+145,0.4126,0.0108,0.0019,6,0.0107,1,market,,,0.0035,83,A,,,moneyline|
cfb,401866436,2026-10-10T16:00Z,SAC,BGSU,moneyline,SAC,,BR,,,3.65,+265,0.278,0.0147,0.0014,6,0.0092,1,market,,,-0.0032,82,A,,,moneyline|
nfl,401872985,2026-10-11T17:00Z,IND,PIT,total,Over,44.5,POLY,,,2.0833,+108,0.4855,0.0114,0.0026,6,0.0069,1,market,,,-0.0078,82,A,142269,yes 0.47/0.48,total|44.5
nfl,401872984,2026-10-11T17:00Z,HOU,TEN,moneyline,TEN,,DK,,,4.3,+330,0.2381,0.0237,0.0018,7,0.0136,1,market,,,-0.0011,78,A,,,moneyline|
nfl,401872991,2026-10-11T20:25Z,DET,ARI,moneyline,ARI,,POLY,,,3.2258,+223,0.3131,0.01,0.0011,7,0.0121,1,market,,,-0.0001,80,A,247097,no @ 0.31,moneyline|
cfb,401858258,2026-10-10T23:30Z,SYR,UVA,total,Over,50.5,ESPN,,,2.0,+100,0.5064,0.0129,0.0032,5,0.013,1,market,,,-0.0004,79,A,,,total|50.5
cfb,401858260,2026-10-10T16:00Z,WAKE,NCSU,moneyline,NCSU,,ESPN,,,2.65,+165,0.3963,0.0501,0.0076,5,0.0147,0,market,,,-0.0017,69,B,,,moneyline|
cfb,401864518,2026-10-10T23:00Z,NDSU,UNLV,total,Over,48.5,KAL,,,2.0515,+105,0.4933,0.0119,0.0028,5,0.0122,1,market,,,-0.0054,78,A,2342,yes 0.46/0.47,total|48.5
cfb,401858257,2026-10-10T19:30Z,STAN,ND,prop,Yes,0.5,DK,Cooper Flanagan,anytime_td,4.0,+300,0.3297,0.3187,0.0266,0,,0,market,,,,0,C,,,prop|anytime_td|Cooper Flanagan|0.5
nfl,401872992,2026-10-11T20:25Z,SF,SEA,prop,Over,2.5,POLY,AJ Barner,receptions,1.9608,-104,0.532,0.0431,0.0112,4,0.0163,1,market,0.5707,0.119,,68,B,1356,yes 0.48/0.51,prop|receptions|AJ Barner|2.5
nfl,401872986,2026-10-11T17:00Z,LV,NE,total,Under,44.5,POLY,,,2.1277,+113,0.4788,0.0187,0.0041,4,0.0073,1,market,,,-0.0074,74,A,100942,no @ 0.47,total|44.5
nfl,401872985,2026-10-11T17:00Z,IND,PIT,prop,Over,1.5,MGM,Daniel Jones,pass_td,2.95,+195,0.353,0.0414,0.0053,5,0.0162,0,market,0.376,0.1091,,68,B,,,prop|pass_td|Daniel Jones|1.5
cfb,401856823,2026-10-10T16:00Z,ARIZ,WVU,moneyline,WVU,,ESPN,,,2.5,+150,0.4065,0.0161,0.0027,5,0.009,0,market,,,-0.0042,73,A,,,moneyline|
nfl,401872989,2026-10-11T20:05Z,DEN,LAC,prop,Over,2.5,POLY,Evan Engram,receptions,2.2727,+127,0.4255,-0.0329,0.0,5,0.0092,1,market,0.5118,0.1632,,83,A,1628,yes 0.42/0.44,prop|receptions|Evan Engram|2.5
nfl,401872989,2026-10-11T20:05Z,DEN,LAC,prop,Over,2.5,ESPN,Evan Engram,receptions,2.25,+125,0.4284,-0.0361,0.0,5,0.0092,1,market,0.5118,0.1515,,83,A,,,prop|receptions|Evan Engram|2.5
nfl,401872989,2026-10-11T20:05Z,DEN,LAC,prop,Over,2.5,FD,Evan Engram,receptions,2.24,+124,0.4289,-0.0392,0.0,5,0.0092,1,market,0.5118,0.1464,,83,A,,,prop|receptions|Evan Engram|2.5
nfl,401872992,2026-10-11T20:25Z,SF,SEA,total,Under,45.5,POLY,,,2.1277,+113,0.4807,0.0227,0.005,3,0.01,1,market,,,0.0065,67,B,103130,no @ 0.47,total|45.5
nhl,401892480,2026-10-11T02:00Z,ANA,CGY,total,Under,5.5,POLY,,,2.439,+144,0.52,0.2683,0.0466,2,0.085,1,market,,,,5,C,3058,no @ 0.41,total|5.5
nfl,401872983,2026-10-11T17:00Z,CLE,NYJ,spread,CLE,2.5,POLY,,,2.0,+100,0.5054,0.0108,0.0027,3,0.0067,1,market,,,0.004,69,B,234699,no @ 0.50,spread|2.5
cfb,401858483,2026-10-10T20:15Z,MD,OSU,moneyline,MD,,FD,,,41.0,+4000,0.0288,0.1823,0.0011,2,0.0025,0,market,,,0.0038,26,C,,,moneyline|
nfl,401872989,2026-10-11T20:05Z,DEN,LAC,prop,Over,2.5,DK,Evan Engram,receptions,2.23,+123,0.4275,-0.0466,0.0,5,0.0092,1,market,0.5118,0.1413,,83,A,,,prop|receptions|Evan Engram|2.5
nfl,401872992,2026-10-11T20:25Z,SF,SEA,prop,Over,1.5,BR,Rashid Shaheed,receptions,1.5988,-167,0.605,-0.0327,0.0,5,0.0134,1,market,0.6869,0.0982,,79,A,,,prop|receptions|Rashid Shaheed|1.5
nfl,401872992,2026-10-11T20:25Z,SF,SEA,prop,Over,1.5,ESPN,Rashid Shaheed,receptions,1.5882,-170,0.608,-0.0344,0.0,5,0.0134,1,market,0.6869,0.0909,,79,A,,,prop|receptions|Rashid Shaheed|1.5
nfl,401872986,2026-10-11T17:00Z,LV,NE,prop,Over,1.5,BR,Kirk Cousins,pass_td,2.25,+125,0.4342,-0.023,0.0,5,0.0079,0,market,0.5374,0.2092,,76,A,,,prop|pass_td|Kirk Cousins|1.5
nfl,401872991,2026-10-11T20:25Z,DET,ARI,prop,Over,2.5,BR,Kendrick Bourne,receptions,2.28,+128,0.4471,0.0194,0.0038,4,0.0109,0,market,0.4918,0.1214,,65,B,,,prop|receptions|Kendrick Bourne|2.5
nfl,401872992,2026-10-11T20:25Z,SF,SEA,prop,Over,1.5,FD,Rashid Shaheed,receptions,1.5814,-172,0.6082,-0.0382,0.0,5,0.0134,1,market,0.6869,0.0862,,79,A,,,prop|receptions|Rashid Shaheed|1.5
nfl,401872990,2026-10-11T17:00Z,CHI,GB,prop,Over,1.5,BR,Jordan Love,pass_td,2.14,+114,0.4597,-0.0163,0.0,5,0.0108,0,market,0.4934,0.0559,,73,A,,,prop|pass_td|Jordan Love|1.5
nfl,401872992,2026-10-11T20:25Z,SF,SEA,prop,Over,1.5,DK,Rashid Shaheed,receptions,1.5814,-172,0.6068,-0.0404,0.0,5,0.0134,1,market,0.6869,0.0862,,79,A,,,prop|receptions|Rashid Shaheed|1.5
nfl,401872992,2026-10-11T20:25Z,SF,SEA,prop,Over,1.5,DK,Brock Purdy,pass_td,2.05,+105,0.4794,-0.0171,0.0,5,0.0109,0,market,0.5689,0.1663,,73,A,,,prop|pass_td|Brock Purdy|1.5
cfb,401856717,2026-10-10T19:30Z,TEX,OU,prop,Yes,0.5,FD,Mackenzie Alleyne,anytime_td,10.5,+950,0.1212,0.2721,0.0072,0,,0,market,,,,0,C,,,prop|anytime_td|Mackenzie Alleyne|0.5
nfl,401872984,2026-10-11T17:00Z,HOU,TEN,total,Over,38.5,POLY,,,2.1277,+113,0.485,0.0319,0.0071,3,0.0149,1,market,,,0.0035,60,B,148931,yes 0.46/0.47,total|38.5
nfl,401872990,2026-10-11T17:00Z,CHI,GB,total,Over,46.5,POLY,,,2.0833,+108,0.485,0.0104,0.0024,3,0.012,1,market,,,0.0064,65,B,75171,yes 0.47/0.48,total|46.5
nfl,401872992,2026-10-11T20:25Z,SF,SEA,prop,Over,14.5,DK,Kaelon Black,rush_yds,1.9091,-110,0.5038,-0.0382,0.0,5,0.0069,0,market,0.6946,0.326,,77,A,,,prop|rush_yds|Kaelon Black|14.5
nfl,401872994,2026-10-13T00:15Z,BUF,LAR,prop,Over,1.5,DK,Josh Allen,pass_td,1.9524,-105,0.4912,-0.0411,0.0,5,0.007,0,market,0.5442,0.0625,,77,A,,,prop|pass_td|Josh Allen|1.5
nfl,401872988,2026-10-11T17:00Z,NYG,WSH,prop,Over,1.5,DK,Jayden Daniels,pass_td,2.3,+130,0.4481,0.0306,0.0059,4,0.0166,0,market,,,,59,B,,,prop|pass_td|Jayden Daniels|1.5
nfl,401872991,2026-10-11T20:25Z,DET,ARI,prop,Over,2.5,BR,Jared Goff,pass_td,2.55,+155,0.3758,-0.0417,0.0,5,0.0068,0,market,0.4644,0.1842,,77,A,,,prop|pass_td|Jared Goff|2.5
nfl,401872985,2026-10-11T17:00Z,IND,PIT,prop,Over,1.5,DK,Aaron Rodgers,pass_td,1.9709,-103,0.4914,-0.0315,0.0,5,0.0095,0,market,0.5279,0.0404,,74,A,,,prop|pass_td|Aaron Rodgers|1.5
nfl,401872992,2026-10-11T20:25Z,SF,SEA,prop,Over,1.5,POLY,Rashid Shaheed,receptions,1.5873,-170,0.5975,-0.0516,0.0,5,0.0134,1,market,0.6869,0.0903,,79,A,1199,yes 0.62/0.63,prop|receptions|Rashid Shaheed|1.5
nfl,401872994,2026-10-13T00:15Z,BUF,LAR,prop,Over,1.5,BR,Josh Allen,pass_td,1.9434,-106,0.4918,-0.0443,0.0,5,0.007,0,market,0.5442,0.0576,,77,A,,,prop|pass_td|Josh Allen|1.5
nfl,401872991,2026-10-11T20:25Z,DET,ARI,prop,Over,2.5,FD,Jared Goff,pass_td,2.54,+154,0.3756,-0.046,0.0,5,0.0068,0,market,0.4644,0.1795,,77,A,,,prop|pass_td|Jared Goff|2.5
nfl,401872987,2026-10-11T17:00Z,MIN,NO,prop,Over,6.5,BR,Chris Olave,receptions,1.9615,-104,0.5157,0.0116,0.003,3,0.0041,0,market,0.4878,-0.0432,,62,B,,,prop|receptions|Chris Olave|6.5
nfl,401872992,2026-10-11T20:25Z,SF,SEA,prop,Over,14.5,BR,Kaelon Black,rush_yds,1.885,-113,0.5038,-0.0504,0.0,5,0.0069,0,market,0.6946,0.3093,,77,A,,,prop|rush_yds|Kaelon Black|14.5
nfl,401872983,2026-10-11T17:00Z,CLE,NYJ,prop,Over,1.5,BR,Geno Smith,pass_td,2.55,+155,0.3842,-0.0202,0.0,4,0.0073,0,market,0.4284,0.0925,,69,B,,,prop|pass_td|Geno Smith|1.5
nfl,401872985,2026-10-11T17:00Z,IND,PIT,prop,Over,1.5,MGM,Aaron Rodgers,pass_td,1.9524,-105,0.491,-0.0413,0.0,5,0.0095,0,market,0.5279,0.0306,,74,A,,,prop|pass_td|Aaron Rodgers|1.5
nfl,401872994,2026-10-13T00:15Z,BUF,LAR,prop,Over,2.5,BR,Kyren Williams,receptions,1.6993,-143,0.5741,-0.0244,0.0,4,0.0073,0,market,0.6559,0.1145,,69,B,,,prop|receptions|Kyren Williams|2.5
nfl,401872993,2026-10-12T00:20Z,BAL,ATL,prop,Over,2.5,DK,Kyle Pitts,receptions,2.16,+116,0.4738,0.0233,0.005,4,0.0189,0,market,,,,57,B,,,prop|receptions|Kyle Pitts|2.5
nfl,401872992,2026-10-11T20:25Z,SF,SEA,prop,Over,14.5,FD,Kaelon Black,rush_yds,1.8772,-114,0.5025,-0.0567,0.0,5,0.0069,0,market,0.6946,0.3038,,77,A,,,prop|rush_yds|Kaelon Black|14.5
nfl,401872986,2026-10-11T17:00Z,LV,NE,prop,Under,3.5,DK,Michael Mayer,receptions,1.9091,-110,0.5,-0.0454,0.0,4,0.0023,0,market,0.6045,0.154,,74,A,,,prop|receptions|Michael Mayer|3.5
cfb,401856716,2026-10-10T16:00Z,TA&M,MIZ,prop,Yes,0.5,FD,Shaun Terry II,anytime_td,12.0,+1100,0.1041,0.2498,0.0057,0,,0,market,,,,0,C,,,prop|anytime_td|Shaun Terry II|0.5
nfl,401872985,2026-10-11T17:00Z,IND,PIT,prop,Over,10.5,DK,Daniel Jones,rush_yds,1.9615,-104,0.5024,-0.0146,0.0,4,0.0097,0,market,0.5256,0.031,,66,B,,,prop|rush_yds|Daniel Jones|10.5
nhl,401892495,2026-10-13T23:45Z,VAN,NYI,moneyline,VAN,,POLY,,,3.0303,+203,0.35,0.0606,0.0075,2,0.0125,1,market,,,,47,C,2720,yes 0.32/0.33,moneyline|
nfl,401872986,2026-10-11T17:00Z,LV,NE,prop,Over,3.5,MGM,Tre Tucker,receptions,2.1,+110,0.4897,0.0284,0.0065,4,0.0207,0,market,0.5566,0.1689,,55,B,,,prop|receptions|Tre Tucker|3.5
nhl,401892476,2026-10-10T23:00Z,CAR,CHI,moneyline,CHI,,POLY,,,3.2258,+223,0.325,0.0484,0.0054,2,0.01,1,market,,,,50,B,7042,no @ 0.31,moneyline|
nfl,401872992,2026-10-11T20:25Z,SF,SEA,prop,Over,1.5,MGM,Brock Purdy,pass_td,2.0,+100,0.4781,-0.0438,0.0,5,0.0109,0,market,0.5689,0.1378,,73,A,,,prop|pass_td|Brock Purdy|1.5
nfl,401872991,2026-10-11T20:25Z,DET,ARI,prop,Over,3.5,BR,Jameson Williams,receptions,1.9091,-110,0.53,0.0118,0.0032,4,0.0174,0,market,0.527,0.0061,,59,B,,,prop|receptions|Jameson Williams|3.5
cfb,401862795,2026-10-10T16:00Z,TULN,ARMY,total,Under,47.5,KAL,,,2.0515,+105,0.493,0.0114,0.0027,3,0.0135,1,market,,,-0.0043,59,B,278,no @ 0.47,total|47.5
nfl,401872984,2026-10-11T17:00Z,HOU,TEN,prop,Over,1.5,DK,David Montgomery,receptions,2.14,+114,0.45,-0.037,0.0,4,0.0055,0,market,0.5823,0.2461,,71,A,,,prop|receptions|David Montgomery|1.5
nfl,401872986,2026-10-11T17:00Z,LV,NE,prop,Over,1.5,DK,Kirk Cousins,pass_td,2.19,+119,0.4305,-0.0572,0.0,5,0.0079,0,market,0.5374,0.177,,76,A,,,prop|pass_td|Kirk Cousins|1.5
nfl,401872990,2026-10-11T17:00Z,CHI,GB,prop,Under,3.5,ESPN,Colston Loveland,receptions,2.25,+125,0.4278,-0.0375,0.0,4,0.0051,0,market,0.4823,0.0852,,71,A,,,prop|receptions|Colston Loveland|3.5
nfl,401872990,2026-10-11T17:00Z,CHI,GB,prop,Under,4.5,DK,Tucker Kraft,receptions,1.8621,-116,0.5183,-0.0349,0.0,4,0.0058,0,market,0.6678,0.2434,,70,A,,,prop|receptions|Tucker Kraft|4.5
nfl,401872986,2026-10-11T17:00Z,LV,NE,prop,Under,6.5,DK,Brock Bowers,receptions,2.05,+105,0.4805,-0.015,0.0,4,0.0109,0,market,0.6872,0.4088,,65,B,,,prop|receptions|Brock Bowers|6.5
nfl,401872984,2026-10-11T17:00Z,HOU,TEN,total,Under,38.5,ESPN,,,1.9091,-110,0.53,0.0118,0.0033,3,0.0149,1,market,,,-0.0035,58,B,,,total|38.5
nfl,401872981,2026-10-11T13:30Z,PHI,JAX,prop,Over,0.5,DK,Jalen Hurts,pass_td,1.5076,-197,0.6418,-0.0324,0.0,4,0.0066,0,market,0.7048,0.0625,,69,B,,,prop|pass_td|Jalen Hurts|0.5
nfl,401872992,2026-10-11T20:25Z,SF,SEA,prop,Over,19.5,FD,Brock Purdy,rush_yds,1.8772,-114,0.5089,-0.0447,0.0,4,0.0041,0,market,0.5577,0.0469,,72,A,,,prop|rush_yds|Brock Purdy|19.5
nfl,401872993,2026-10-12T00:20Z,BAL,ATL,prop,Over,3.5,MGM,Mark Andrews,receptions,1.8696,-115,0.5409,0.0112,0.0032,4,0.0177,0,market,0.498,-0.069,,58,B,,,prop|receptions|Mark Andrews|3.5
nfl,401872994,2026-10-13T00:15Z,BUF,LAR,total,Under,52.5,POLY,,,2.2222,+122,0.455,0.0111,0.0023,2,0.005,1,market,,,0.0069,58,B,64331,no @ 0.45,total|52.5
nfl,401872994,2026-10-13T00:15Z,BUF,LAR,prop,Over,1.5,ESPN,Josh Allen,pass_td,1.9091,-110,0.4895,-0.0654,0.0,5,0.007,0,market,0.5442,0.039,,77,A,,,prop|pass_td|Josh Allen|1.5
nfl,401872991,2026-10-11T20:25Z,DET,ARI,prop,Over,2.5,MGM,Jared Goff,pass_td,2.5,+150,0.3737,-0.0657,0.0,5,0.0068,0,market,0.4644,0.1609,,77,A,,,prop|pass_td|Jared Goff|2.5
nfl,401872991,2026-10-11T20:25Z,DET,ARI,prop,Over,2.5,ESPN,Jared Goff,pass_td,2.5,+150,0.3737,-0.0657,0.0,5,0.0068,0,market,0.4644,0.1609,,77,A,,,prop|pass_td|Jared Goff|2.5
nfl,401872981,2026-10-11T13:30Z,PHI,JAX,prop,Over,1.5,BR,Trevor Lawrence,pass_td,2.05,+105,0.4885,0.0014,0.0003,4,0.0158,0,market,0.5442,0.1156,,60,B,,,prop|pass_td|Trevor Lawrence|1.5
nfl,401872983,2026-10-11T17:00Z,CLE,NYJ,prop,Under,69.5,ESPN,Garrett Wilson,rec_yds,1.9091,-110,0.4993,-0.0468,0.0,4,0.0042,0,market,0.6169,0.1778,,72,A,,,prop|rec_yds|Garrett Wilson|69.5
nfl,401872989,2026-10-11T20:05Z,DEN,LAC,prop,Under,3.5,ESPN,Courtland Sutton,receptions,1.7692,-130,0.5385,-0.0473,0.0,4,0.0045,0,market,0.6194,0.0959,,72,A,,,prop|receptions|Courtland Sutton|3.5
nfl,401872981,2026-10-11T13:30Z,PHI,JAX,prop,Over,9.5,FD,Bhayshul Tuten,rec_yds,1.8772,-114,0.5096,-0.0435,0.0,4,0.0046,0,market,0.6665,0.2512,,71,A,,,prop|rec_yds|Bhayshul Tuten|9.5
nfl,401872983,2026-10-11T17:00Z,CLE,NYJ,prop,Under,4.5,MGM,KC Concepcion,receptions,1.8,-125,0.5624,0.0124,0.0039,4,0.0186,0,market,,,,57,B,,,prop|receptions|KC Concepcion|4.5
nfl,401872992,2026-10-11T20:25Z,SF,SEA,prop,Under,35.5,DK,Christian McCaffrey,rec_yds,1.9174,-109,0.4987,-0.0439,0.0,4,0.0055,0,market,0.5635,0.0805,,71,A,,,prop|rec_yds|Christian McCaffrey|35.5
nfl,401872987,2026-10-11T17:00Z,MIN,NO,prop,Under,1.5,DK,Tyler Shough,pass_td,1.641,-156,0.624,0.024,0.0094,4,0.0216,0,market,0.5641,-0.0743,,54,B,,,prop|pass_td|Tyler Shough|1.5
nfl,401872985,2026-10-11T17:00Z,IND,PIT,prop,Under,5.5,MGM,Tyler Warren,receptions,1.8,-125,0.5488,-0.0122,0.0,4,0.0126,0,market,0.6683,0.203,,63,B,,,prop|receptions|Tyler Warren|5.5
nfl,401872981,2026-10-11T13:30Z,PHI,JAX,prop,Over,1.5,BR,Bhayshul Tuten,receptions,1.9524,-105,0.4997,-0.0245,0.0,3,0.0005,0,market,0.5931,0.158,,66,B,,,prop|receptions|Bhayshul Tuten|1.5
nfl,401872993,2026-10-12T00:20Z,BAL,ATL,spread,ATL,-4.5,POLY,,,2.2727,+127,0.445,0.0114,0.0022,2,0.005,1,market,,,0.0055,57,B,298276,yes 0.43/0.44,spread|4.5
nfl,401872983,2026-10-11T17:00Z,CLE,NYJ,spread,CLE,1.5,POLY,,,2.1277,+113,0.4807,0.0228,0.0051,2,0.008,1,market,,,0.004,54,B,195869,no @ 0.47,spread|1.5
nfl,401872983,2026-10-11T17:00Z,CLE,NYJ,total,Over,40.5,POLY,,,2.1277,+113,0.475,0.0107,0.0024,2,0.005,1,market,,,0.0039,57,B,94338,yes 0.46/0.47,total|40.5
nfl,401872992,2026-10-11T20:25Z,SF,SEA,prop,Over,1.5,MGM,Rashid Shaheed,receptions,1.5263,-190,0.6036,-0.0787,0.0,5,0.0134,1,market,0.6869,0.0484,,79,A,,,prop|receptions|Rashid Shaheed|1.5
nfl,401872991,2026-10-11T20:25Z,DET,ARI,prop,Under,2.5,MGM,Marvin Harrison Jr.,receptions,2.1,+110,0.4497,-0.0557,0.0,4,0.0032,0,market,0.5369,0.1276,,73,A,,,prop|receptions|Marvin Harrison Jr.|2.5
nhl,401892501,2026-10-14T01:45Z,CGY,ANA,moneyline,CGY,,POLY,,,2.7778,+178,0.37,0.0278,0.0039,2,0.0075,1,market,,,,52,B,2812,yes 0.35/0.36,moneyline|
nfl,401872992,2026-10-11T20:25Z,SF,SEA,prop,Under,4.5,MGM,Christian McCaffrey,receptions,1.9524,-105,0.4854,-0.0524,0.0,4,0.004,0,market,0.5874,0.1469,,72,A,,,prop|receptions|Christian McCaffrey|4.5
nfl,401872992,2026-10-11T20:25Z,SF,SEA,prop,Over,19.5,DK,Brock Purdy,rush_yds,1.8696,-115,0.5068,-0.0526,0.0,4,0.0041,0,market,0.5577,0.0427,,72,A,,,prop|rush_yds|Brock Purdy|19.5
nfl,401872984,2026-10-11T17:00Z,HOU,TEN,spread,HOU,-9.5,POLY,,,2.2222,+122,0.455,0.0111,0.0023,2,0.005,1,market,,,0.0019,56,B,126704,yes 0.44/0.45,spread|-9.5
nfl,401872991,2026-10-11T20:25Z,DET,ARI,spread,ARI,4.5,POLY,,,2.1277,+113,0.475,0.0107,0.0024,2,0.005,1,market,,,0.0015,56,B,178426,no @ 0.47,spread|-4.5
nfl,401872991,2026-10-11T20:25Z,DET,ARI,prop,Under,4.5,DK,Jahmyr Gibbs,receptions,2.03,+103,0.4738,-0.0382,0.0,4,0.0082,0,market,0.5758,0.1689,,68,B,,,prop|receptions|Jahmyr Gibbs|4.5
nfl,401872991,2026-10-11T20:25Z,DET,ARI,prop,Over,6.5,DK,Jacoby Brissett,rush_yds,1.9009,-111,0.5017,-0.0463,0.0,4,0.0057,0,market,0.7111,0.3518,,70,A,,,prop|rush_yds|Jacoby Brissett|6.5
cfb,401858255,2026-10-10T19:30Z,DUKE,GT,total,Over,43.5,ESPN,,,2.0,+100,0.5108,0.0217,0.0054,3,0.0154,0,market,,,0.006,53,B,,,total|43.5
nfl,401872992,2026-10-11T20:25Z,SF,SEA,prop,Under,35.5,MGM,Christian McCaffrey,rec_yds,1.9009,-111,0.4996,-0.0504,0.0,4,0.0055,0,market,0.5635,0.0712,,71,A,,,prop|rec_yds|Christian McCaffrey|35.5
nfl,401872983,2026-10-11T17:00Z,CLE,NYJ,prop,Under,59.5,ESPN,Quinshon Judkins,rush_yds,1.9091,-110,0.4994,-0.0466,0.0,4,0.0055,0,market,0.6323,0.2071,,70,A,,,prop|rush_yds|Quinshon Judkins|59.5
nfl,401872993,2026-10-12T00:20Z,BAL,ATL,prop,Over,3.5,MGM,Bijan Robinson,receptions,1.9091,-110,0.5307,0.0132,0.0036,4,0.0206,0,market,0.498,-0.0494,,55,B,,,prop|receptions|Bijan Robinson|3.5
nhl,401892474,2026-10-10T23:00Z,NSH,OTT,moneyline,NSH,,POLY,,,2.5641,+156,0.395,0.0128,0.002,2,0.005,1,market,,,,55,B,3242,yes 0.38/0.39,moneyline|
nfl,401872981,2026-10-11T13:30Z,PHI,JAX,prop,Over,9.5,DK,Bhayshul Tuten,rec_yds,1.8696,-115,0.5074,-0.0513,0.0,4,0.0046,0,market,0.6665,0.2461,,71,A,,,prop|rec_yds|Bhayshul Tuten|9.5
nfl,401872994,2026-10-13T00:15Z,BUF,LAR,prop,Over,1.5,FD,Josh Allen,pass_td,1.8929,-112,0.4885,-0.0753,0.0,5,0.007,0,market,0.5442,0.0301,,77,A,,,prop|pass_td|Josh Allen|1.5
nhl,401892471,2026-10-10T20:00Z,EDM,SJ,moneyline,SJ,,POLY,,,2.5,+150,0.405,0.0125,0.0021,2,0.005,1,market,,,,55,B,8043,no @ 0.40,moneyline|
nfl,401872983,2026-10-11T17:00Z,CLE,NYJ,prop,Under,69.5,DK,Garrett Wilson,rec_yds,1.9009,-111,0.4966,-0.056,0.0,4,0.0042,0,market,0.6169,0.1727,,72,A,,,prop|rec_yds|Garrett Wilson|69.5
nhl,401892469,2026-10-10T17:00Z,PHI,BOS,moneyline,PHI,,POLY,,,2.3256,+133,0.435,0.0116,0.0022,2,0.005,1,market,,,,55,B,7089,yes 0.42/0.43,moneyline|
nfl,401872991,2026-10-11T20:25Z,DET,ARI,prop,Under,2.5,ESPN,Marvin Harrison Jr.,receptions,2.1,+110,0.4474,-0.0606,0.0,4,0.0032,0,market,0.5369,0.1276,,73,A,,,prop|receptions|Marvin Harrison Jr.|2.5
nhl,401892502,2026-10-14T02:30Z,EDM,LA,moneyline,LA,,POLY,,,2.2727,+127,0.445,0.0114,0.0022,2,0.005,1,market,,,,55,B,2475,no @ 0.44,moneyline|
nfl,401872986,2026-10-11T17:00Z,LV,NE,prop,Under,3.5,FD,Michael Mayer,receptions,1.8772,-114,0.4983,-0.0647,0.0,4,0.0023,0,market,0.6045,0.1347,,74,A,,,prop|receptions|Michael Mayer|3.5
nfl,401872991,2026-10-11T20:25Z,DET,ARI,prop,Under,2.5,MGM,Isaac TeSlaa,receptions,1.625,-160,0.5952,-0.0328,0.0,4,0.0104,0,market,0.6621,0.0759,,66,B,,,prop|receptions|Isaac TeSlaa|2.5
nfl,401872991,2026-10-11T20:25Z,DET,ARI,prop,Under,4.5,FD,Jahmyr Gibbs,receptions,2.02,+102,0.4747,-0.041,0.0,4,0.0082,0,market,0.5758,0.1631,,68,B,,,prop|receptions|Jahmyr Gibbs|4.5
nhl,401892471,2026-10-10T20:00Z,EDM,SJ,total,Under,6.5,POLY,,,2.1739,+117,0.465,0.0109,0.0023,2,0.005,1,market,,,,55,B,2981,no @ 0.46,total|6.5
nfl,401872984,2026-10-11T17:00Z,HOU,TEN,prop,Over,1.5,FD,Tony Pollard,receptions,1.8197,-122,0.5246,-0.0454,0.0,4,0.0069,0,market,0.6486,0.1802,,69,B,,,prop|receptions|Tony Pollard|1.5
nfl,401872992,2026-10-11T20:25Z,SF,SEA,prop,Under,4.5,FD,Christian McCaffrey,receptions,1.9434,-106,0.485,-0.0575,0.0,4,0.004,0,market,0.5874,0.1416,,72,A,,,prop|receptions|Christian McCaffrey|4.5
nfl,401872984,2026-10-11T17:00Z,HOU,TEN,prop,Over,0.5,ESPN,Cam Ward,pass_td,1.625,-160,0.5898,-0.0416,0.0,4,0.008,0,market,0.6383,0.0372,,68,B,,,prop|pass_td|Cam Ward|0.5
nfl,401872990,2026-10-11T17:00Z,CHI,GB,prop,Under,4.5,MGM,Christian Watson,receptions,1.7407,-135,0.5575,-0.0296,0.0,4,0.0109,0,market,0.6695,0.1655,,65,B,,,prop|receptions|Christian Watson|4.5
nhl,401891805,2026-10-10T22:00Z,MIN,FLA,moneyline,FLA,,POLY,,,1.8182,-122,0.56,0.0182,0.0056,2,0.0075,1,market,,,,53,B,17032,no @ 0.55,moneyline|
nfl,401872990,2026-10-11T17:00Z,CHI,GB,prop,Under,3.5,DK,Colston Loveland,receptions,2.22,+122,0.4259,-0.0546,0.0,4,0.0051,0,market,0.4823,0.0707,,71,A,,,prop|receptions|Colston Loveland|3.5
nfl,401872991,2026-10-11T20:25Z,DET,ARI,prop,Over,2.5,ESPN,Kendrick Bourne,receptions,2.15,+115,0.4506,-0.0313,0.0,4,0.0109,0,market,0.4918,0.0574,,65,B,,,prop|receptions|Kendrick Bourne|2.5
nfl,401872984,2026-10-11T17:00Z,HOU,TEN,prop,Over,3.5,DK,Wan'Dale Robinson,receptions,1.7463,-134,0.5454,-0.0475,0.0,4,0.007,0,market,0.5909,0.0318,,69,B,,,prop|receptions|Wan'Dale Robinson|3.5
nhl,401892490,2026-10-13T22:30Z,BUF,MTL,moneyline,MTL,,POLY,,,1.9231,-108,0.545,0.0481,0.013,2,0.015,1,market,,,,45,C,2464,no @ 0.52,moneyline|
nfl,401872984,2026-10-11T17:00Z,HOU,TEN,total,Over,40.5,POLY,,,2.381,+138,0.425,0.0119,0.0022,2,0.0075,1,market,,,0.0035,54,B,57476,yes 0.40/0.42,total|40.5
nfl,401872986,2026-10-11T17:00Z,LV,NE,prop,Over,1.5,MGM,Kirk Cousins,pass_td,2.15,+115,0.4297,-0.0762,0.0,5,0.0079,0,market,0.5374,0.1555,,76,A,,,prop|pass_td|Kirk Cousins|1.5
nhl,401892504,2026-10-14T23:30Z,MTL,WSH,moneyline,WSH,,POLY,,,1.8519,-117,0.555,0.0278,0.0082,2,0.01,1,market,,,,50,B,2145,no @ 0.54,moneyline|
nfl,401872994,2026-10-13T00:15Z,BUF,LAR,prop,Over,4.5,ESPN,Davante Adams,receptions,2.1,+110,0.4703,-0.0123,0.0,4,0.016,0,market,0.5918,0.2427,,60,B,,,prop|receptions|Davante Adams|4.5
nfl,401872991,2026-10-11T20:25Z,DET,ARI,prop,Over,6.5,BR,Jacoby Brissett,rush_yds,1.885,-113,0.5027,-0.0524,0.0,4,0.0057,0,market,0.7111,0.3405,,70,A,,,prop|rush_yds|Jacoby Brissett|6.5
nfl,401872992,2026-10-11T20:25Z,SF,SEA,prop,Under,4.5,DK,Christian McCaffrey,receptions,1.9434,-106,0.4835,-0.0604,0.0,4,0.004,0,market,0.5874,0.1416,,72,A,,,prop|receptions|Christian McCaffrey|4.5
nfl,401872986,2026-10-11T17:00Z,LV,NE,prop,Under,3.5,MGM,Michael Mayer,receptions,1.8696,-115,0.4983,-0.0685,0.0,4,0.0023,0,market,0.6045,0.1302,,74,A,,,prop|receptions|Michael Mayer|3.5
nfl,401872986,2026-10-11T17:00Z,LV,NE,prop,Under,3.5,ESPN,Michael Mayer,receptions,1.8696,-115,0.4983,-0.0685,0.0,4,0.0023,0,market,0.6045,0.1302,,74,A,,,prop|receptions|Michael Mayer|3.5
nfl,401872989,2026-10-11T20:05Z,DEN,LAC,prop,Under,4.5,FD,Jaylen Waddle,receptions,1.9434,-106,0.5142,-0.0006,0.0,4,0.0187,0,market,0.5402,0.0497,,57,B,,,prop|receptions|Jaylen Waddle|4.5
nfl,401872984,2026-10-11T17:00Z,HOU,TEN,prop,Over,0.5,FD,Cam Ward,pass_td,1.6173,-162,0.5905,-0.045,0.0,4,0.008,0,market,0.6383,0.0323,,68,B,,,prop|pass_td|Cam Ward|0.5
nhl,401892492,2026-10-13T23:00Z,SEA,PHI,moneyline,PHI,,POLY,,,1.8868,-113,0.54,0.0189,0.0053,2,0.0075,1,market,,,,52,B,2725,no @ 0.53,moneyline|
nfl,401872991,2026-10-11T20:25Z,DET,ARI,prop,Under,7.5,DK,Trey McBride,receptions,2.09,+109,0.4567,-0.0455,0.0,4,0.0082,0,market,0.5866,0.2261,,68,B,,,prop|receptions|Trey McBride|7.5
nfl,401872984,2026-10-11T17:00Z,HOU,TEN,prop,Under,5.5,MGM,Nico Collins,receptions,1.9524,-105,0.4868,-0.0497,0.0,4,0.0073,0,market,0.5349,0.0444,,69,B,,,prop|receptions|Nico Collins|5.5
nfl,401872986,2026-10-11T17:00Z,LV,NE,prop,Over,1.5,ESPN,Kirk Cousins,pass_td,2.15,+115,0.4289,-0.0779,0.0,5,0.0079,0,market,0.5374,0.1555,,76,A,,,prop|pass_td|Kirk Cousins|1.5
nfl,401872994,2026-10-13T00:15Z,BUF,LAR,prop,Over,4.5,BR,Davante Adams,receptions,2.12,+112,0.4651,-0.0139,0.0,4,0.016,0,market,0.5918,0.2545,,60,B,,,prop|receptions|Davante Adams|4.5
nfl,401872991,2026-10-11T20:25Z,DET,ARI,prop,Under,2.5,DK,Marvin Harrison Jr.,receptions,2.09,+109,0.447,-0.0659,0.0,4,0.0032,0,market,0.5369,0.1222,,73,A,,,prop|receptions|Marvin Harrison Jr.|2.5
nfl,401872981,2026-10-11T13:30Z,PHI,JAX,prop,Over,1.5,DK,Josh Cameron,receptions,2.35,+135,0.4366,0.026,0.0048,3,0.0162,0,market,,,,50,B,,,prop|receptions|Josh Cameron|1.5
nfl,401872984,2026-10-11T17:00Z,HOU,TEN,prop,Over,1.5,FD,David Montgomery,receptions,2.1,+110,0.4485,-0.0582,0.0,4,0.0055,0,market,0.5823,0.2229,,71,A,,,prop|receptions|David Montgomery|1.5
nfl,401872994,2026-10-13T00:15Z,BUF,LAR,prop,Over,2.5,MGM,Kyren Williams,receptions,1.6452,-155,0.5767,-0.0512,0.0,4,0.0073,0,market,0.6559,0.079,,69,B,,,prop|receptions|Kyren Williams|2.5
nfl,401872992,2026-10-11T20:25Z,SF,SEA,prop,Over,14.5,MGM,Kaelon Black,rush_yds,1.8333,-120,0.5,-0.0834,0.0,5,0.0069,0,market,0.6946,0.2733,,77,A,,,prop|rush_yds|Kaelon Black|14.5
nfl,401872992,2026-10-11T20:25Z,SF,SEA,prop,Over,14.5,ESPN,Kaelon Black,rush_yds,1.8333,-120,0.5,-0.0834,0.0,5,0.0069,0,market,0.6946,0.2733,,77,A,,,prop|rush_yds|Kaelon Black|14.5
nhl,401892482,2026-10-11T21:00Z,SEA,WSH,moneyline,WSH,,POLY,,,1.6129,-163,0.63,0.0161,0.0066,2,0.0075,1,market,,,,52,B,4088,no @ 0.62,moneyline|
nfl,401872991,2026-10-11T20:25Z,DET,ARI,prop,Under,7.5,FD,Trey McBride,receptions,2.08,+108,0.4575,-0.0483,0.0,4,0.0082,0,market,0.5866,0.2202,,68,B,,,prop|receptions|Trey McBride|7.5
nfl,401872984,2026-10-11T17:00Z,HOU,TEN,prop,Under,5.5,ESPN,Nico Collins,receptions,1.9524,-105,0.4853,-0.0524,0.0,4,0.0073,0,market,0.5349,0.0444,,69,B,,,prop|receptions|Nico Collins|5.5
nfl,401872989,2026-10-11T20:05Z,DEN,LAC,prop,Under,3.5,MGM,Courtland Sutton,receptions,1.7407,-135,0.5371,-0.065,0.0,4,0.0045,0,market,0.6194,0.0782,,72,A,,,prop|receptions|Courtland Sutton|3.5
nfl,401872991,2026-10-11T20:25Z,DET,ARI,prop,Under,2.5,FD,Marvin Harrison Jr.,receptions,2.08,+108,0.4475,-0.0691,0.0,4,0.0032,0,market,0.5369,0.1168,,73,A,,,prop|receptions|Marvin Harrison Jr.|2.5
nfl,401872984,2026-10-11T17:00Z,HOU,TEN,prop,Over,1.5,ESPN,David Montgomery,receptions,2.1,+110,0.447,-0.0612,0.0,4,0.0055,0,market,0.5823,0.2229,,71,A,,,prop|receptions|David Montgomery|1.5
nhl,401892470,2026-10-10T19:30Z,VAN,NJ,moneyline,NJ,,POLY,,,1.5152,-194,0.675,0.0228,0.011,2,0.01,1,market,,,,50,B,8314,no @ 0.66,moneyline|
nfl,401872983,2026-10-11T17:00Z,CLE,NYJ,prop,Under,59.5,BR,Quinshon Judkins,rush_yds,1.8929,-112,0.498,-0.0573,0.0,4,0.0055,0,market,0.6323,0.1968,,70,A,,,prop|rush_yds|Quinshon Judkins|59.5
nfl,401872986,2026-10-11T17:00Z,LV,NE,prop,Over,1.5,FD,Kirk Cousins,pass_td,2.14,+114,0.4289,-0.0821,0.0,5,0.0079,0,market,0.5374,0.1501,,76,A,,,prop|pass_td|Kirk Cousins|1.5
cfb,401856825,2026-10-10T19:30Z,HOU,KSU,prop,Yes,0.5,FD,Makhi Hughes,anytime_td,2.1,+110,0.5818,0.2219,0.0504,0,,0,market,,,,0,C,,,prop|anytime_td|Makhi Hughes|0.5
nfl,401872994,2026-10-13T00:15Z,BUF,LAR,prop,Over,2.5,ESPN,Kyren Williams,receptions,1.6452,-155,0.5748,-0.0543,0.0,4,0.0073,0,market,0.6559,0.079,,69,B,,,prop|receptions|Kyren Williams|2.5
nhl,401892484,2026-10-11T23:00Z,CAR,PHI,moneyline,CAR,,POLY,,,1.6667,-150,0.62,0.0334,0.0125,2,0.0125,1,market,,,,47,C,4909,yes 0.59/0.60,moneyline|
nfl,401872990,2026-10-11T17:00Z,CHI,GB,prop,Under,3.5,FD,Colston Loveland,receptions,2.2,+120,0.426,-0.0629,0.0,4,0.0051,0,market,0.4823,0.0611,,71,A,,,prop|receptions|Colston Loveland|3.5
nfl,401872989,2026-10-11T20:05Z,DEN,LAC,prop,Over,2.5,MGM,Evan Engram,receptions,2.1,+110,0.4232,-0.1112,0.0,5,0.0092,1,market,0.5118,0.0748,,83,A,,,prop|receptions|Evan Engram|2.5
nfl,401872991,2026-10-11T20:25Z,DET,ARI,prop,Over,6.5,FD,Jacoby Brissett,rush_yds,1.8772,-114,0.501,-0.0595,0.0,4,0.0057,0,market,0.7111,0.3349,,70,A,,,prop|rush_yds|Jacoby Brissett|6.5
nhl,401892480,2026-10-11T02:00Z,ANA,CGY,moneyline,CGY,,POLY,,,2.2727,+127,0.445,0.0114,0.0022,2,0.0075,1,market,,,,52,B,6398,no @ 0.44,moneyline|
nfl,401872985,2026-10-11T17:00Z,IND,PIT,prop,Over,1.5,DK,Daniel Jones,pass_td,2.74,+174,0.3457,-0.0529,0.0,5,0.0162,0,market,0.376,0.0301,,68,B,,,prop|pass_td|Daniel Jones|1.5
nfl,401872983,2026-10-11T17:00Z,CLE,NYJ,prop,Under,69.5,FD,Garrett Wilson,rec_yds,1.8772,-114,0.4959,-0.0691,0.0,4,0.0042,0,market,0.6169,0.1581,,72,A,,,prop|rec_yds|Garrett Wilson|69.5
nfl,401872992,2026-10-11T20:25Z,SF,SEA,total,Over,47.5,POLY,,,2.1739,+117,0.465,0.0109,0.0023,2,0.005,1,market,,,-0.0065,52,B,105889,yes 0.45/0.46,total|47.5
nfl,401872994,2026-10-13T00:15Z,BUF,LAR,prop,Over,4.5,FD,Davante Adams,receptions,2.08,+108,0.4705,-0.0213,0.0,4,0.016,0,market,0.5918,0.2308,,60,B,,,prop|receptions|Davante Adams|4.5
nfl,401872992,2026-10-11T20:25Z,SF,SEA,prop,Over,1.5,ESPN,Brock Purdy,pass_td,1.9524,-105,0.4745,-0.0735,0.0,5,0.0109,0,market,0.5689,0.1108,,73,A,,,prop|pass_td|Brock Purdy|1.5
nfl,401872990,2026-10-11T17:00Z,CHI,GB,prop,Under,4.5,FD,Tucker Kraft,receptions,1.8197,-122,0.5156,-0.0617,0.0,4,0.0058,0,market,0.6678,0.2151,,70,A,,,prop|receptions|Tucker Kraft|4.5
nfl,401872989,2026-10-11T20:05Z,DEN,LAC,prop,Under,3.5,FD,Courtland Sutton,receptions,1.7353,-136,0.536,-0.0698,0.0,4,0.0045,0,market,0.6194,0.0749,,72,A,,,prop|receptions|Courtland Sutton|3.5
nfl,401872991,2026-10-11T20:25Z,DET,ARI,prop,Over,2.5,DK,Jared Goff,pass_td,2.45,+145,0.3711,-0.0909,0.0,5,0.0068,0,market,0.4644,0.1377,,77,A,,,prop|pass_td|Jared Goff|2.5
nfl,401872984,2026-10-11T17:00Z,HOU,TEN,prop,Over,1.5,MGM,Tony Pollard,receptions,1.8,-125,0.5225,-0.0594,0.0,4,0.0069,0,market,0.6486,0.1674,,69,B,,,prop|receptions|Tony Pollard|1.5
nfl,401872984,2026-10-11T17:00Z,HOU,TEN,prop,Over,1.5,ESPN,Tony Pollard,receptions,1.8,-125,0.5225,-0.0594,0.0,4,0.0069,0,market,0.6486,0.1674,,69,B,,,prop|receptions|Tony Pollard|1.5
nfl,401872991,2026-10-11T20:25Z,DET,ARI,prop,Under,2.5,DK,Isaac TeSlaa,receptions,1.6098,-164,0.5915,-0.0477,0.0,4,0.0104,0,market,0.6621,0.0658,,66,B,,,prop|receptions|Isaac TeSlaa|2.5
nfl,401872992,2026-10-11T20:25Z,SF,SEA,prop,Under,35.5,FD,Christian McCaffrey,rec_yds,1.8772,-114,0.4965,-0.0679,0.0,4,0.0055,0,market,0.5635,0.0579,,71,A,,,prop|rec_yds|Christian McCaffrey|35.5
nfl,401872986,2026-10-11T17:00Z,LV,NE,prop,Under,3.5,FD,Hunter Henry,receptions,2.06,+106,0.4716,-0.0285,0.0,4,0.0151,0,market,0.5383,0.1089,,61,B,,,prop|receptions|Hunter Henry|3.5
nfl,401872989,2026-10-11T20:05Z,DEN,LAC,prop,Under,3.5,DK,Courtland Sutton,receptions,1.7353,-136,0.5344,-0.0726,0.0,4,0.0045,0,market,0.6194,0.0749,,72,A,,,prop|receptions|Courtland Sutton|3.5
nfl,401872983,2026-10-11T17:00Z,CLE,NYJ,prop,Under,69.5,MGM,Garrett Wilson,rec_yds,1.8696,-115,0.4959,-0.0728,0.0,4,0.0042,0,market,0.6169,0.1534,,72,A,,,prop|rec_yds|Garrett Wilson|69.5
nfl,401872994,2026-10-13T00:15Z,BUF,LAR,prop,Over,2.5,FD,Kyren Williams,receptions,1.6329,-158,0.5749,-0.0612,0.0,4,0.0073,0,market,0.6559,0.0709,,69,B,,,prop|receptions|Kyren Williams|2.5
nfl,401872992,2026-10-11T20:25Z,SF,SEA,prop,Under,224.5,POLY,Sam Darnold,pass_yds,2.2222,+122,0.4797,0.0659,0.0135,2,0.0228,1,market,,,,37,C,29,no @ 0.45,prop|pass_yds|Sam Darnold|224.5
nfl,401872985,2026-10-11T17:00Z,IND,PIT,prop,Over,2.5,BR,Darnell Washington,receptions,2.3,+130,0.4216,-0.0303,0.0,3,0.0049,0,market,0.5762,0.3253,,61,B,,,prop|receptions|Darnell Washington|2.5
nfl,401872981,2026-10-11T13:30Z,PHI,JAX,prop,Over,9.5,ESPN,Bhayshul Tuten,rec_yds,1.8333,-120,0.5062,-0.072,0.0,4,0.0046,0,market,0.6665,0.2219,,71,A,,,prop|rec_yds|Bhayshul Tuten|9.5
nfl,401872991,2026-10-11T20:25Z,DET,ARI,prop,Over,2.5,FD,Kendrick Bourne,receptions,2.12,+112,0.449,-0.0482,0.0,4,0.0109,0,market,0.4918,0.0427,,65,B,,,prop|receptions|Kendrick Bourne|2.5
nfl,401872983,2026-10-11T17:00Z,CLE,NYJ,prop,Under,59.5,FD,Quinshon Judkins,rush_yds,1.8772,-114,0.496,-0.0689,0.0,4,0.0055,0,market,0.6323,0.1869,,70,A,,,prop|rush_yds|Quinshon Judkins|59.5
nfl,401872989,2026-10-11T20:05Z,DEN,LAC,prop,Under,19.5,POLY,RJ Harvey,rush_yds,2.1739,+117,0.5203,0.1311,0.0279,2,0.0461,1,market,0.4914,0.0683,,20,C,339,no @ 0.46,prop|rush_yds|RJ Harvey|19.5
nfl,401872981,2026-10-11T13:30Z,PHI,JAX,prop,Over,1.5,DK,Bhayshul Tuten,receptions,1.8929,-112,0.5,-0.0535,0.0,3,0.0005,0,market,0.5931,0.1227,,66,B,,,prop|receptions|Bhayshul Tuten|1.5
nfl,401872987,2026-10-11T17:00Z,MIN,NO,prop,Over,3.5,DK,Devaughn Vele,receptions,1.9009,-111,0.5294,0.0063,0.0017,3,0.0153,0,market,0.5762,0.0953,,51,B,,,prop|receptions|Devaughn Vele|3.5
nfl,401872986,2026-10-11T17:00Z,LV,NE,prop,Under,72.5,DK,Brock Bowers,rec_yds,1.9091,-110,0.4995,-0.0464,0.0,3,0.0018,0,market,0.6942,0.3253,,64,B,,,prop|rec_yds|Brock Bowers|72.5
nfl,401872991,2026-10-11T20:25Z,DET,ARI,prop,Over,2.5,DK,Kendrick Bourne,receptions,2.12,+112,0.4478,-0.0506,0.0,4,0.0109,0,market,0.4918,0.0427,,65,B,,,prop|receptions|Kendrick Bourne|2.5
nfl,401872989,2026-10-11T20:05Z,DEN,LAC,prop,Over,14.5,DK,Bo Nix,rush_yds,1.9346,-107,0.5051,-0.0229,0.0,3,0.0085,0,market,0.537,0.0389,,58,B,,,prop|rush_yds|Bo Nix|14.5
nfl,401872987,2026-10-11T17:00Z,MIN,NO,prop,Over,1.5,FD,Tyler Shough,pass_td,2.52,+152,0.3939,-0.0073,0.0,4,0.0216,0,market,0.4359,0.0985,,54,B,,,prop|pass_td|Tyler Shough|1.5
nfl,401872983,2026-10-11T17:00Z,CLE,NYJ,prop,Under,59.5,DK,Quinshon Judkins,rush_yds,1.8772,-114,0.4946,-0.0716,0.0,4,0.0055,0,market,0.6323,0.1869,,70,A,,,prop|rush_yds|Quinshon Judkins|59.5
nfl,401872992,2026-10-11T20:25Z,SF,SEA,prop,Under,4.5,ESPN,Christian McCaffrey,receptions,1.9091,-110,0.482,-0.0798,0.0,4,0.004,0,market,0.5874,0.1215,,72,A,,,prop|receptions|Christian McCaffrey|4.5
nfl,401872983,2026-10-11T17:00Z,CLE,NYJ,prop,Over,1.5,MGM,Geno Smith,pass_td,2.45,+145,0.3805,-0.0678,0.0,4,0.0073,0,market,0.4284,0.0497,,69,B,,,prop|pass_td|Geno Smith|1.5
nfl,401872991,2026-10-11T20:25Z,DET,ARI,prop,Under,7.5,MGM,Trey McBride,receptions,2.05,+105,0.4566,-0.064,0.0,4,0.0082,0,market,0.5866,0.2026,,68,B,,,prop|receptions|Trey McBride|7.5
nfl,401872982,2026-10-11T17:00Z,CIN,MIA,prop,Over,235.5,DK,Joe Burrow,pass_yds,1.9009,-111,0.4985,-0.0524,0.0,3,0.0013,0,market,0.6221,0.1826,,65,B,,,prop|pass_yds|Joe Burrow|235.5
nfl,401872984,2026-10-11T17:00Z,HOU,TEN,prop,Over,4.5,DK,Dalton Schultz,receptions,2.26,+126,0.4263,-0.0365,0.0,3,0.0045,0,market,0.4757,0.075,,61,B,,,prop|receptions|Dalton Schultz|4.5
nfl,401872986,2026-10-11T17:00Z,LV,NE,prop,Under,3.5,ESPN,Hunter Henry,receptions,2.05,+105,0.47,-0.0366,0.0,4,0.0151,0,market,0.5383,0.1035,,61,B,,,prop|receptions|Hunter Henry|3.5
nfl,401872981,2026-10-11T13:30Z,PHI,JAX,prop,Over,9.5,BR,Bhayshul Tuten,rec_yds,1.8264,-121,0.5055,-0.0768,0.0,4,0.0046,0,market,0.6665,0.2173,,71,A,,,prop|rec_yds|Bhayshul Tuten|9.5
nfl,401872992,2026-10-11T20:25Z,SF,SEA,prop,Under,4.5,DK,George Kittle,receptions,1.9901,-101,0.4919,-0.0211,0.0,3,0.0086,0,market,0.5313,0.0573,,57,B,,,prop|receptions|George Kittle|4.5
nfl,401872984,2026-10-11T17:00Z,HOU,TEN,prop,Under,5.5,FD,Nico Collins,receptions,1.9259,-108,0.4833,-0.0693,0.0,4,0.0073,0,market,0.5349,0.0302,,69,B,,,prop|receptions|Nico Collins|5.5
nfl,401872990,2026-10-11T17:00Z,CHI,GB,prop,Under,4.5,DK,Christian Watson,receptions,1.7143,-140,0.5522,-0.0534,0.0,4,0.0109,0,market,0.6695,0.1478,,65,B,,,prop|receptions|Christian Watson|4.5
nfl,401872992,2026-10-11T20:25Z,SF,SEA,prop,Over,19.5,DK,Rashid Shaheed,rec_yds,1.8772,-114,0.5255,-0.0136,0.0,3,0.0109,0,market,0.6472,0.2149,,55,B,,,prop|rec_yds|Rashid Shaheed|19.5
nfl,401872984,2026-10-11T17:00Z,HOU,TEN,prop,Over,2.5,DK,Gunnar Helm,receptions,1.9091,-110,0.5081,-0.03,0.0,3,0.007,0,market,0.5554,0.0604,,59,B,,,prop|receptions|Gunnar Helm|2.5
cfb,401869949,2026-10-10T23:30Z,JMU,GASO,total,Over,52.5,KAL,,,2.0515,+105,0.5,0.0257,0.0061,2,0.0178,1,market,,,0.0061,45,C,3684,yes 0.46/0.47,total|52.5
nfl,401872990,2026-10-11T17:00Z,CHI,GB,prop,Under,4.5,FD,Matthew Golden,receptions,1.8772,-114,0.5122,-0.0384,0.0,4,0.0147,0,market,0.6408,0.203,,61,B,,,prop|receptions|Matthew Golden|4.5
nfl,401872988,2026-10-11T17:00Z,NYG,WSH,prop,Over,1.5,DK,Darnell Mooney,receptions,1.8772,-114,0.5314,-0.0024,0.0,3,0.0139,0,market,0.6087,0.1427,,52,B,,,prop|receptions|Darnell Mooney|1.5
nfl,401872990,2026-10-11T17:00Z,CHI,GB,prop,Under,61.5,DK,Christian Watson,rec_yds,1.885,-113,0.5015,-0.0546,0.0,3,0.0013,0,market,0.5753,0.0845,,65,B,,,prop|rec_yds|Christian Watson|61.5
nfl,401872994,2026-10-13T00:15Z,BUF,LAR,prop,Under,49.5,ESPN,Dalton Kincaid,rec_yds,2.0,+100,0.5005,0.0011,0.0003,3,0.0147,0,market,0.5173,0.0346,,51,B,,,prop|rec_yds|Dalton Kincaid|49.5
nfl,401872984,2026-10-11T17:00Z,HOU,TEN,prop,Over,17.5,DK,Xavier Hutchinson,rec_yds,1.9259,-108,0.5051,-0.0273,0.0,3,0.0076,0,market,0.8004,0.5415,,58,B,,,prop|rec_yds|Xavier Hutchinson|17.5
nfl,401872990,2026-10-11T17:00Z,CHI,GB,prop,Under,4.5,MGM,Tucker Kraft,receptions,1.8,-125,0.5136,-0.0756,0.0,4,0.0058,0,market,0.6678,0.202,,70,A,,,prop|receptions|Tucker Kraft|4.5
nfl,401872990,2026-10-11T17:00Z,CHI,GB,prop,Under,4.5,ESPN,Tucker Kraft,receptions,1.8,-125,0.5136,-0.0756,0.0,4,0.0058,0,market,0.6678,0.202,,70,A,,,prop|receptions|Tucker Kraft|4.5
nfl,401872990,2026-10-11T17:00Z,CHI,GB,prop,Under,4.5,DK,Matthew Golden,receptions,1.8772,-114,0.5116,-0.0397,0.0,4,0.0147,0,market,0.6408,0.203,,61,B,,,prop|receptions|Matthew Golden|4.5
nfl,401872985,2026-10-11T17:00Z,IND,PIT,prop,Over,15.5,FD,Jonathan Taylor,rec_yds,1.8772,-114,0.5093,-0.044,0.0,3,0.0044,0,market,0.5598,0.0509,,62,B,,,prop|rec_yds|Jonathan Taylor|15.5
nfl,401872988,2026-10-11T17:00Z,NYG,WSH,prop,Under,4.5,DK,Isaiah Likely,receptions,1.8333,-120,0.5433,-0.004,0.0,3,0.0137,0,market,0.5719,0.0484,,52,B,,,prop|receptions|Isaiah Likely|4.5
nfl,401872985,2026-10-11T17:00Z,IND,PIT,prop,Under,3.5,DK,Pat Freiermuth,receptions,1.7692,-130,0.5652,-0.0001,0.0,3,0.0152,0,market,0.7418,0.3124,,51,B,,,prop|receptions|Pat Freiermuth|3.5
nfl,401872988,2026-10-11T17:00Z,NYG,WSH,prop,Under,5.5,DK,Malik Nabers,receptions,1.6803,-147,0.5737,-0.0361,0.0,3,0.006,0,market,0.6171,0.0368,,60,B,,,prop|receptions|Malik Nabers|5.5
nfl,401872986,2026-10-11T17:00Z,LV,NE,prop,Under,6.5,FD,Brock Bowers,receptions,1.9804,-102,0.4765,-0.0563,0.0,4,0.0109,0,market,0.6872,0.361,,65,B,,,prop|receptions|Brock Bowers|6.5
nfl,401872992,2026-10-11T20:25Z,SF,SEA,prop,Over,1.5,FD,Brock Purdy,pass_td,1.9259,-108,0.473,-0.0891,0.0,5,0.0109,0,market,0.5689,0.0957,,73,A,,,prop|pass_td|Brock Purdy|1.5
nhl,401892503,2026-10-14T03:00Z,BOS,SJ,moneyline,SJ,,POLY,,,2.2222,+122,0.505,0.1222,0.025,2,0.03,1,market,,,,20,C,2467,no @ 0.45,moneyline|
nfl,401872991,2026-10-11T20:25Z,DET,ARI,prop,Over,0.5,FD,Jared Goff,rush_yds,1.8772,-114,0.5104,-0.042,0.0,3,0.0049,0,market,0.8363,0.5698,,61,B,,,prop|rush_yds|Jared Goff|0.5
nfl,401872990,2026-10-11T17:00Z,CHI,GB,prop,Under,4.5,ESPN,Matthew Golden,receptions,1.8696,-115,0.5122,-0.0423,0.0,4,0.0147,0,market,0.6408,0.1981,,61,B,,,prop|receptions|Matthew Golden|4.5
nfl,401872981,2026-10-11T13:30Z,PHI,JAX,prop,Over,1.5,FD,Bhayshul Tuten,receptions,1.8772,-114,0.4995,-0.0624,0.0,3,0.0005,0,market,0.5931,0.1134,,66,B,,,prop|receptions|Bhayshul Tuten|1.5
nfl,401872984,2026-10-11T17:00Z,HOU,TEN,prop,Over,9.5,FD,C.J. Stroud,rush_yds,1.8772,-114,0.5101,-0.0424,0.0,3,0.0048,0,market,0.64,0.2015,,61,B,,,prop|rush_yds|C.J. Stroud|9.5
cfb,401856825,2026-10-10T19:30Z,HOU,KSU,prop,Yes,0.5,FD,Koby Young,anytime_td,4.7,+370,0.2556,0.2016,0.0136,0,,0,market,,,,0,C,,,prop|anytime_td|Koby Young|0.5
nfl,401872983,2026-10-11T17:00Z,CLE,NYJ,prop,Under,6.5,DK,Garrett Wilson,receptions,1.7246,-138,0.5737,-0.0106,0.0,3,0.0128,0,market,0.6959,0.2001,,53,B,,,prop|receptions|Garrett Wilson|6.5
nfl,401872993,2026-10-12T00:20Z,BAL,ATL,prop,Over,19.5,FD,Jahan Dotson,rec_yds,1.8772,-114,0.5057,-0.0506,0.0,3,0.0035,0,market,0.7679,0.4415,,63,B,,,prop|rec_yds|Jahan Dotson|19.5
nfl,401872990,2026-10-11T17:00Z,CHI,GB,prop,Over,13.5,FD,D'Andre Swift,rec_yds,1.8772,-114,0.5076,-0.0471,0.0,3,0.0041,0,market,0.6083,0.1419,,62,B,,,prop|rec_yds|D'Andre Swift|13.5
nfl,401872992,2026-10-11T20:25Z,SF,SEA,prop,Over,24.5,FD,AJ Barner,rec_yds,1.8772,-114,0.5076,-0.0471,0.0,3,0.0041,0,market,0.5907,0.1089,,62,B,,,prop|rec_yds|AJ Barner|24.5
nfl,401872992,2026-10-11T20:25Z,SF,SEA,prop,Over,25.5,FD,Cooper Kupp,rec_yds,1.8772,-114,0.5076,-0.0471,0.0,3,0.0041,0,market,0.5606,0.0524,,62,B,,,prop|rec_yds|Cooper Kupp|25.5
nfl,401872984,2026-10-11T17:00Z,HOU,TEN,prop,Over,1.5,ESPN,Xavier Hutchinson,receptions,1.6667,-150,0.5716,-0.0472,0.0,3,0.0039,0,market,0.7191,0.1985,,62,B,,,prop|receptions|Xavier Hutchinson|1.5
nfl,401872984,2026-10-11T17:00Z,HOU,TEN,prop,Over,1.5,FD,Elic Ayomanor,receptions,1.8772,-114,0.501,-0.0595,0.0,3,0.001,0,market,0.5818,0.0921,,65,B,,,prop|receptions|Elic Ayomanor|1.5
nfl,401872986,2026-10-11T17:00Z,LV,NE,prop,Under,3.5,DK,Hunter Henry,receptions,2.04,+104,0.4688,-0.0437,0.0,4,0.0151,0,market,0.5383,0.0981,,61,B,,,prop|receptions|Hunter Henry|3.5
nfl,401872981,2026-10-11T13:30Z,PHI,JAX,prop,Over,3.5,FD,Brenton Strange,receptions,2.12,+112,0.4623,-0.0199,0.0,3,0.0114,0,market,0.51,0.0812,,55,B,,,prop|receptions|Brenton Strange|3.5
nfl,401872992,2026-10-11T20:25Z,SF,SEA,prop,Over,53.5,DK,Christian McCaffrey,rush_yds,1.9091,-110,0.4964,-0.0522,0.0,3,0.0029,0,market,0.5776,0.1028,,63,B,,,prop|rush_yds|Christian McCaffrey|53.5
nfl,401872990,2026-10-11T17:00Z,CHI,GB,prop,Under,61.5,ESPN,Christian Watson,rec_yds,1.8696,-115,0.5026,-0.0604,0.0,3,0.0013,0,market,0.5753,0.0757,,65,B,,,prop|rec_yds|Christian Watson|61.5
nfl,401872990,2026-10-11T17:00Z,CHI,GB,prop,Under,49.5,ESPN,Tucker Kraft,rec_yds,1.9091,-110,0.5005,-0.0445,0.0,3,0.005,0,market,0.6732,0.2852,,61,B,,,prop|rec_yds|Tucker Kraft|49.5
nfl,401872994,2026-10-13T00:15Z,BUF,LAR,total,Under,55.5,ESPN,,,1.8696,-115,0.545,0.0189,0.0054,2,0.0174,1,market,,,0.0069,45,C,,,total|55.5
nfl,401872981,2026-10-11T13:30Z,PHI,JAX,prop,Under,26.5,ESPN,Jalen Hurts,rush_yds,1.9091,-110,0.5,-0.0454,0.0,3,0.0048,0,market,0.6585,0.2571,,61,B,,,prop|rush_yds|Jalen Hurts|26.5
nfl,401872984,2026-10-11T17:00Z,HOU,TEN,prop,Over,1.5,DK,Elic Ayomanor,receptions,1.8772,-114,0.5,-0.0614,0.0,3,0.001,0,market,0.5818,0.0921,,65,B,,,prop|receptions|Elic Ayomanor|1.5
nfl,401872989,2026-10-11T20:05Z,DEN,LAC,prop,Under,24.5,ESPN,Justin Herbert,rush_yds,1.9091,-110,0.5,-0.0454,0.0,3,0.0048,0,market,0.5704,0.0889,,61,B,,,prop|rush_yds|Justin Herbert|24.5
nfl,401872994,2026-10-13T00:15Z,BUF,LAR,prop,Under,244.5,ESPN,Josh Allen,pass_yds,1.9091,-110,0.5,-0.0454,0.0,3,0.0048,0,market,0.5607,0.0704,,61,B,,,prop|pass_yds|Josh Allen|244.5
nfl,401872986,2026-10-11T17:00Z,LV,NE,prop,Under,29.5,BR,Michael Mayer,rec_yds,1.885,-113,0.5,-0.0575,0.0,3,0.0024,0,market,0.5847,0.1022,,64,B,,,prop|rec_yds|Michael Mayer|29.5
nfl,401872983,2026-10-11T17:00Z,CLE,NYJ,prop,Over,1.5,DK,Geno Smith,pass_td,2.44,+144,0.3781,-0.0775,0.0,4,0.0073,0,market,0.4284,0.0454,,69,B,,,prop|pass_td|Geno Smith|1.5
nfl,401872994,2026-10-13T00:15Z,BUF,LAR,prop,Under,36.5,ESPN,Josh Allen,rush_yds,1.9091,-110,0.4979,-0.0495,0.0,3,0.0042,0,market,0.6395,0.2209,,62,B,,,prop|rush_yds|Josh Allen|36.5
nfl,401872992,2026-10-11T20:25Z,SF,SEA,prop,Over,53.5,MGM,Christian McCaffrey,rush_yds,1.9009,-111,0.4979,-0.0536,0.0,3,0.0029,0,market,0.5776,0.098,,63,B,,,prop|rush_yds|Christian McCaffrey|53.5
nfl,401872992,2026-10-11T20:25Z,SF,SEA,prop,Over,1.5,BR,Brock Purdy,pass_td,1.9174,-109,0.4727,-0.0936,0.0,5,0.0109,0,market,0.5689,0.0908,,73,A,,,prop|pass_td|Brock Purdy|1.5
nfl,401872992,2026-10-11T20:25Z,SF,SEA,prop,Under,35.5,BR,Christian McCaffrey,rec_yds,1.8475,-118,0.4949,-0.0857,0.0,4,0.0055,0,market,0.5635,0.0412,,71,A,,,prop|rec_yds|Christian McCaffrey|35.5
nfl,401872981,2026-10-11T13:30Z,PHI,JAX,prop,Under,4.5,ESPN,Parker Washington,receptions,2.0,+100,0.4751,-0.0499,0.0,3,0.0037,0,market,0.5656,0.1311,,62,B,,,prop|receptions|Parker Washington|4.5
nfl,401872994,2026-10-13T00:15Z,BUF,LAR,prop,Under,4.5,ESPN,Dalton Kincaid,receptions,1.7143,-140,0.5752,-0.0139,0.0,3,0.0133,0,market,0.7453,0.2777,,53,B,,,prop|receptions|Dalton Kincaid|4.5
nfl,401872981,2026-10-11T13:30Z,PHI,JAX,prop,Over,1.5,ESPN,Bhayshul Tuten,receptions,1.8696,-115,0.4995,-0.0662,0.0,3,0.0005,0,market,0.5931,0.1089,,66,B,,,prop|receptions|Bhayshul Tuten|1.5
nfl,401872986,2026-10-11T17:00Z,LV,NE,prop,Under,29.5,DK,Michael Mayer,rec_yds,1.8929,-112,0.4975,-0.0583,0.0,3,0.0024,0,market,0.5847,0.1068,,64,B,,,prop|rec_yds|Michael Mayer|29.5
nfl,401872988,2026-10-11T17:00Z,NYG,WSH,prop,Over,2.5,FD,Jameis Winston,rush_yds,1.9804,-102,0.4856,-0.0383,0.0,3,0.0075,0,market,0.786,0.5567,,59,B,,,prop|rush_yds|Jameis Winston|2.5
nfl,401872987,2026-10-11T17:00Z,MIN,NO,prop,Over,1.5,ESPN,Tyler Shough,pass_td,2.5,+150,0.3927,-0.0183,0.0,4,0.0216,0,market,0.4359,0.0897,,54,B,,,prop|pass_td|Tyler Shough|1.5
nfl,401872994,2026-10-13T00:15Z,BUF,LAR,prop,Over,69.5,MGM,Kyren Williams,rush_yds,1.8696,-115,0.5015,-0.0624,0.0,3,0.0014,0,market,0.5731,0.0714,,65,B,,,prop|rush_yds|Kyren Williams|69.5
nfl,401872994,2026-10-13T00:15Z,BUF,LAR,prop,Over,69.5,ESPN,Kyren Williams,rush_yds,1.8696,-115,0.5015,-0.0624,0.0,3,0.0014,0,market,0.5731,0.0714,,65,B,,,prop|rush_yds|Kyren Williams|69.5
nfl,401872984,2026-10-11T17:00Z,HOU,TEN,prop,Over,1.5,ESPN,Elic Ayomanor,receptions,1.8696,-115,0.501,-0.0633,0.0,3,0.001,0,market,0.5818,0.0877,,65,B,,,prop|receptions|Elic Ayomanor|1.5
nfl,401872982,2026-10-11T17:00Z,CIN,MIA,prop,Over,235.5,BR,Joe Burrow,pass_yds,1.8772,-114,0.499,-0.0634,0.0,3,0.0013,0,market,0.6221,0.1678,,65,B,,,prop|pass_yds|Joe Burrow|235.5
nfl,401872984,2026-10-11T17:00Z,HOU,TEN,prop,Over,1.5,MGM,David Montgomery,receptions,2.05,+105,0.445,-0.0877,0.0,4,0.0055,0,market,0.5823,0.1937,,71,A,,,prop|receptions|David Montgomery|1.5
nfl,401872985,2026-10-11T17:00Z,IND,PIT,prop,Over,2.5,ESPN,Darnell Washington,receptions,2.25,+125,0.4227,-0.0489,0.0,3,0.0049,0,market,0.5762,0.2965,,61,B,,,prop|receptions|Darnell Washington|2.5
nfl,401872990,2026-10-11T17:00Z,CHI,GB,prop,Over,2.5,ESPN,D'Andre Swift,receptions,2.5,+150,0.3851,-0.0374,0.0,3,0.0082,0,market,0.4192,0.0481,,58,B,,,prop|receptions|D'Andre Swift|2.5
nfl,401872989,2026-10-11T20:05Z,DEN,LAC,prop,Over,37.5,BR,Omarion Hampton,rush_yds,1.8929,-112,0.5,-0.0535,0.0,3,0.0038,0,market,0.6837,0.2942,,62,B,,,prop|rush_yds|Omarion Hampton|37.5
nhl,401892479,2026-10-10T23:30Z,TB,NYI,total,Over,6.5,POLY,,,2.2222,+122,0.46,0.0222,0.0045,2,0.0175,1,market,,,,43,C,2602,yes 0.40/0.45,total|6.5
nfl,401872982,2026-10-11T17:00Z,CIN,MIA,prop,Over,235.5,FD,Joe Burrow,pass_yds,1.8772,-114,0.4974,-0.0662,0.0,3,0.0013,0,market,0.6221,0.1678,,65,B,,,prop|pass_yds|Joe Burrow|235.5
nfl,401872994,2026-10-13T00:15Z,BUF,LAR,prop,Over,2.5,DK,Kyren Williams,receptions,1.6098,-164,0.5701,-0.0822,0.0,4,0.0073,0,market,0.6559,0.0558,,69,B,,,prop|receptions|Kyren Williams|2.5
nfl,401872990,2026-10-11T17:00Z,CHI,GB,prop,Under,3.5,MGM,Colston Loveland,receptions,2.15,+115,0.4231,-0.0904,0.0,4,0.0051,0,market,0.4823,0.037,,71,A,,,prop|receptions|Colston Loveland|3.5
nfl,401872985,2026-10-11T17:00Z,IND,PIT,prop,Over,2.5,FD,Darnell Washington,receptions,2.24,+124,0.4239,-0.0505,0.0,3,0.0049,0,market,0.5762,0.2907,,61,B,,,prop|receptions|Darnell Washington|2.5
nfl,401872991,2026-10-11T20:25Z,DET,ARI,prop,Under,4.5,FD,Sam LaPorta,receptions,2.28,+128,0.432,-0.0149,0.0,3,0.0136,0,market,0.4741,0.0809,,52,B,,,prop|receptions|Sam LaPorta|4.5
nfl,401872984,2026-10-11T17:00Z,HOU,TEN,prop,Over,1.5,DK,Tony Pollard,receptions,1.7692,-130,0.5183,-0.0831,0.0,4,0.0069,0,market,0.6486,0.1475,,69,B,,,prop|receptions|Tony Pollard|1.5
nfl,401872989,2026-10-11T20:05Z,DEN,LAC,prop,Over,19.5,ESPN,RJ Harvey,rush_yds,1.9524,-105,0.57,0.1129,0.0296,2,0.0461,1,market,0.5086,-0.007,,20,C,,,prop|rush_yds|RJ Harvey|19.5
nfl,401872994,2026-10-13T00:15Z,BUF,LAR,prop,Under,36.5,DK,Josh Allen,rush_yds,1.9091,-110,0.4949,-0.0551,0.0,3,0.0042,0,market,0.6395,0.2209,,62,B,,,prop|rush_yds|Josh Allen|36.5
nfl,401872991,2026-10-11T20:25Z,DET,ARI,prop,Over,6.5,ESPN,Jacoby Brissett,rush_yds,1.8333,-120,0.4976,-0.0877,0.0,4,0.0057,0,market,0.7111,0.3037,,70,A,,,prop|rush_yds|Jacoby Brissett|6.5
nfl,401872983,2026-10-11T17:00Z,CLE,NYJ,prop,Over,1.5,FD,Geno Smith,pass_td,2.42,+142,0.3784,-0.0842,0.0,4,0.0073,0,market,0.4284,0.0368,,69,B,,,prop|pass_td|Geno Smith|1.5
nfl,401872986,2026-10-11T17:00Z,LV,NE,prop,Under,72.5,BR,Brock Bowers,rec_yds,1.8772,-114,0.4979,-0.0654,0.0,3,0.0018,0,market,0.6942,0.3032,,64,B,,,prop|rec_yds|Brock Bowers|72.5
nhl,401892479,2026-10-10T23:30Z,TB,NYI,total,Under,5.5,POLY,,,2.0,+100,0.505,0.01,0.0025,2,0.015,1,market,,,,45,C,3007,no @ 0.50,total|5.5
nfl,401872986,2026-10-11T17:00Z,LV,NE,prop,Under,72.5,FD,Brock Bowers,rec_yds,1.8772,-114,0.4974,-0.0663,0.0,3,0.0018,0,market,0.6942,0.3032,,64,B,,,prop|rec_yds|Brock Bowers|72.5
nfl,401872989,2026-10-11T20:05Z,DEN,LAC,prop,Over,17.5,FD,Evan Engram,rec_yds,1.8772,-114,0.5123,-0.0384,0.0,3,0.0088,0,market,0.6407,0.2028,,57,B,,,prop|rec_yds|Evan Engram|17.5
nfl,401872990,2026-10-11T17:00Z,CHI,GB,prop,Under,61.5,BR,Christian Watson,rec_yds,1.8547,-117,0.501,-0.0707,0.0,3,0.0013,0,market,0.5753,0.0671,,65,B,,,prop|rec_yds|Christian Watson|61.5
nhl,401892474,2026-10-10T23:00Z,NSH,OTT,total,Over,5.5,POLY,,,1.8182,-122,0.61,0.1091,0.0333,2,0.04,1,market,,,,20,C,1145,yes 0.51/0.55,total|5.5
nfl,401872991,2026-10-11T20:25Z,DET,ARI,prop,Under,7.5,ESPN,Amon-Ra St. Brown,receptions,1.7407,-135,0.5498,-0.043,0.0,3,0.0076,0,market,0.6172,0.0743,,58,B,,,prop|receptions|Amon-Ra St. Brown|7.5
nfl,401872985,2026-10-11T17:00Z,IND,PIT,prop,Over,15.5,DK,Jonathan Taylor,rec_yds,1.8621,-116,0.5051,-0.0595,0.0,3,0.0044,0,market,0.5598,0.0424,,62,B,,,prop|rec_yds|Jonathan Taylor|15.5
nfl,401872991,2026-10-11T20:25Z,DET,ARI,prop,Under,7.5,DK,Amon-Ra St. Brown,receptions,1.7407,-135,0.5492,-0.0441,0.0,3,0.0076,0,market,0.6172,0.0743,,58,B,,,prop|receptions|Amon-Ra St. Brown|7.5
nfl,401872991,2026-10-11T20:25Z,DET,ARI,prop,Under,4.5,MGM,Jahmyr Gibbs,receptions,1.9524,-105,0.4689,-0.0846,0.0,4,0.0082,0,market,0.5758,0.1242,,68,B,,,prop|receptions|Jahmyr Gibbs|4.5
nfl,401872991,2026-10-11T20:25Z,DET,ARI,prop,Under,4.5,ESPN,Jahmyr Gibbs,receptions,1.9524,-105,0.4689,-0.0846,0.0,4,0.0082,0,market,0.5758,0.1242,,68,B,,,prop|receptions|Jahmyr Gibbs|4.5
nfl,401872994,2026-10-13T00:15Z,BUF,LAR,prop,Over,69.5,BR,Kyren Williams,rush_yds,1.8547,-117,0.5,-0.0726,0.0,3,0.0014,0,market,0.5731,0.0629,,65,B,,,prop|rush_yds|Kyren Williams|69.5
nfl,401872985,2026-10-11T17:00Z,IND,PIT,prop,Under,5.5,DK,Tyler Warren,receptions,1.7299,-137,0.5406,-0.0647,0.0,4,0.0126,0,market,0.6683,0.1561,,63,B,,,prop|receptions|Tyler Warren|5.5
nfl,401872993,2026-10-12T00:20Z,BAL,ATL,prop,Over,19.5,BR,Jahan Dotson,rec_yds,1.8547,-117,0.5042,-0.0648,0.0,3,0.0035,0,market,0.7679,0.4242,,63,B,,,prop|rec_yds|Jahan Dotson|19.5
nhl,401892498,2026-10-14T00:30Z,COL,DAL,moneyline,COL,,POLY,,,1.7857,-127,0.62,0.1071,0.0341,2,0.0325,1,market,,,,20,C,2659,yes 0.55/0.56,moneyline|
nfl,401872981,2026-10-11T13:30Z,PHI,JAX,prop,Under,4.5,FD,Parker Washington,receptions,1.9804,-102,0.4738,-0.0617,0.0,3,0.0037,0,market,0.5656,0.12,,62,B,,,prop|receptions|Parker Washington|4.5
nfl,401872986,2026-10-11T17:00Z,LV,NE,prop,Under,29.5,ESPN,Michael Mayer,rec_yds,1.8696,-115,0.4975,-0.0699,0.0,3,0.0024,0,market,0.5847,0.0932,,64,B,,,prop|rec_yds|Michael Mayer|29.5
nfl,401872993,2026-10-12T00:20Z,BAL,ATL,prop,Over,19.5,DK,Jahan Dotson,rec_yds,1.8621,-116,0.5015,-0.0661,0.0,3,0.0035,0,market,0.7679,0.4299,,63,B,,,prop|rec_yds|Jahan Dotson|19.5
nfl,401872993,2026-10-12T00:20Z,BAL,ATL,prop,Over,1.5,DK,Rashod Bateman,receptions,1.6536,-153,0.5816,-0.0382,0.0,3,0.0095,0,market,0.6887,0.1388,,56,B,,,prop|receptions|Rashod Bateman|1.5
nfl,401872989,2026-10-11T20:05Z,DEN,LAC,prop,Over,17.5,DK,Evan Engram,rec_yds,1.8772,-114,0.5102,-0.0423,0.0,3,0.0088,0,market,0.6407,0.2028,,57,B,,,prop|rec_yds|Evan Engram|17.5
nfl,401872993,2026-10-12T00:20Z,BAL,ATL,prop,Over,1.5,MGM,Jahan Dotson,receptions,1.7407,-135,0.5708,-0.0064,0.0,3,0.0182,0,market,0.6701,0.1664,,48,C,,,prop|receptions|Jahan Dotson|1.5
nfl,401872986,2026-10-11T17:00Z,LV,NE,prop,Under,6.5,ESPN,Brock Bowers,receptions,1.9524,-105,0.4739,-0.0747,0.0,4,0.0109,0,market,0.6872,0.3418,,65,B,,,prop|receptions|Brock Bowers|6.5
nfl,401872994,2026-10-13T00:15Z,BUF,LAR,total,Over,55.5,KAL,,,2.0947,+109,0.4892,0.0246,0.0056,2,0.0174,1,market,,,-0.0069,40,C,660,yes 0.45/0.46,total|55.5
nfl,401872990,2026-10-11T17:00Z,CHI,GB,prop,Over,2.5,FD,D'Andre Swift,receptions,2.48,+148,0.3841,-0.0474,0.0,3,0.0082,0,market,0.4192,0.0397,,58,B,,,prop|receptions|D'Andre Swift|2.5
nfl,401872984,2026-10-11T17:00Z,HOU,TEN,prop,Over,1.5,DK,Xavier Hutchinson,receptions,1.6494,-154,0.5675,-0.0639,0.0,3,0.0039,0,market,0.7191,0.186,,62,B,,,prop|receptions|Xavier Hutchinson|1.5
nfl,401872994,2026-10-13T00:15Z,BUF,LAR,prop,Over,19.5,FD,Kyren Williams,rec_yds,1.8772,-114,0.5178,-0.0279,0.0,3,0.0134,0,market,0.634,0.1901,,53,B,,,prop|rec_yds|Kyren Williams|19.5
nhl,401892494,2026-10-13T23:30Z,STL,OTT,moneyline,STL,,POLY,,,2.5,+150,0.465,0.1625,0.0271,2,0.035,1,market,,,,5,C,944,yes 0.39/0.40,moneyline|
nfl,401872990,2026-10-11T17:00Z,CHI,GB,prop,Over,21.5,DK,Jordan Love,completions,2.02,+102,0.51,0.0302,0.0074,2,0.022,1,market,0.3743,-0.2438,,38,C,,,prop|completions|Jordan Love|21.5
nfl,401872991,2026-10-11T20:25Z,DET,ARI,prop,Under,2.5,FD,Isaac TeSlaa,receptions,1.5618,-178,0.5877,-0.0821,0.0,4,0.0104,0,market,0.6621,0.0341,,66,B,,,prop|receptions|Isaac TeSlaa|2.5
cfb,401869949,2026-10-10T23:30Z,JMU,GASO,total,Under,52.5,ESPN,,,1.9091,-110,0.535,0.0214,0.0059,2,0.0178,1,market,,,-0.0061,40,C,,,total|52.5
nfl,401872990,2026-10-11T17:00Z,CHI,GB,prop,Over,13.5,BR,D'Andre Swift,rec_yds,1.8475,-118,0.5051,-0.0669,0.0,3,0.0041,0,market,0.6083,0.1239,,62,B,,,prop|rec_yds|D'Andre Swift|13.5
nfl,401872992,2026-10-11T20:25Z,SF,SEA,prop,Over,24.5,BR,AJ Barner,rec_yds,1.8475,-118,0.5051,-0.0669,0.0,3,0.0041,0,market,0.5907,0.0914,,62,B,,,prop|rec_yds|AJ Barner|24.5
nfl,401872992,2026-10-11T20:25Z,SF,SEA,prop,Over,25.5,BR,Cooper Kupp,rec_yds,1.8475,-118,0.5051,-0.0669,0.0,3,0.0041,0,market,0.5606,0.0358,,62,B,,,prop|rec_yds|Cooper Kupp|25.5
nfl,401872990,2026-10-11T17:00Z,CHI,GB,prop,Under,4.5,FD,Christian Watson,receptions,1.6757,-148,0.5495,-0.0792,0.0,4,0.0109,0,market,0.6695,0.122,,65,B,,,prop|receptions|Christian Watson|4.5
nfl,401872991,2026-10-11T20:25Z,DET,ARI,prop,Over,0.5,DK,Jared Goff,rush_yds,1.8547,-117,0.5051,-0.0632,0.0,3,0.0049,0,market,0.8363,0.551,,61,B,,,prop|rush_yds|Jared Goff|0.5
nfl,401872994,2026-10-13T00:15Z,BUF,LAR,prop,Under,244.5,DK,Josh Allen,pass_yds,1.8929,-112,0.4949,-0.0632,0.0,3,0.0048,0,market,0.5607,0.0613,,61,B,,,prop|pass_yds|Josh Allen|244.5
nfl,401872992,2026-10-11T20:25Z,SF,SEA,prop,Over,53.5,FD,Christian McCaffrey,rush_yds,1.8772,-114,0.4943,-0.072,0.0,3,0.0029,0,market,0.5776,0.0843,,63,B,,,prop|rush_yds|Christian McCaffrey|53.5
nhl,401892480,2026-10-11T02:00Z,ANA,CGY,total,Under,6.5,POLY,,,1.9231,-108,0.53,0.0192,0.0052,2,0.02,1,market,,,,40,C,2540,no @ 0.52,total|6.5
nfl,401872989,2026-10-11T20:05Z,DEN,LAC,prop,Over,37.5,FD,Omarion Hampton,rush_yds,1.8772,-114,0.496,-0.0689,0.0,3,0.0038,0,market,0.6837,0.2835,,62,B,,,prop|rush_yds|Omarion Hampton|37.5
cfb,401856714,2026-10-10T16:45Z,SC,FLA,prop,Yes,0.5,DK,Luke Harpring,anytime_td,5.75,+475,0.205,0.1785,0.0094,0,,0,market,,,,0,C,,,prop|anytime_td|Luke Harpring|0.5
nfl,401872981,2026-10-11T13:30Z,PHI,JAX,prop,Over,1.5,ESPN,Trevor Lawrence,pass_td,1.9524,-105,0.4807,-0.0616,0.0,4,0.0158,0,market,0.5442,0.0625,,60,B,,,prop|pass_td|Trevor Lawrence|1.5
nfl,401872988,2026-10-11T17:00Z,NYG,WSH,prop,Over,2.5,ESPN,Jameis Winston,rush_yds,1.9524,-105,0.4826,-0.0578,0.0,3,0.0075,0,market,0.786,0.5347,,59,B,,,prop|rush_yds|Jameis Winston|2.5
cfb,401856716,2026-10-10T16:00Z,TA&M,MIZ,prop,Yes,0.5,FD,Austin Simmons,anytime_td,6.0,+500,0.1963,0.1778,0.0089,0,,0,market,,,,0,C,,,prop|anytime_td|Austin Simmons|0.5
nfl,401872990,2026-10-11T17:00Z,CHI,GB,prop,Under,21.5,POLY,Jordan Love,completions,1.9231,-108,0.5331,0.0252,0.0068,2,0.022,1,market,0.6257,0.2032,,38,C,31,no @ 0.52,prop|completions|Jordan Love|21.5
nfl,401872981,2026-10-11T13:30Z,PHI,JAX,prop,Under,4.5,DK,Parker Washington,receptions,1.9709,-103,0.4706,-0.0724,0.0,3,0.0037,0,market,0.5656,0.1147,,62,B,,,prop|receptions|Parker Washington|4.5
nfl,401872985,2026-10-11T17:00Z,IND,PIT,prop,Under,5.5,ESPN,Tyler Warren,receptions,1.7143,-140,0.5387,-0.0765,0.0,4,0.0126,0,market,0.6683,0.1457,,63,B,,,prop|receptions|Tyler Warren|5.5
nfl,401872989,2026-10-11T20:05Z,DEN,LAC,prop,Over,37.5,ESPN,Omarion Hampton,rush_yds,1.8696,-115,0.496,-0.0727,0.0,3,0.0038,0,market,0.6837,0.2783,,62,B,,,prop|rush_yds|Omarion Hampton|37.5
nfl,401872984,2026-10-11T17:00Z,HOU,TEN,prop,Over,1.5,FD,Xavier Hutchinson,receptions,1.6329,-158,0.5674,-0.0734,0.0,3,0.0039,0,market,0.7191,0.1742,,62,B,,,prop|receptions|Xavier Hutchinson|1.5
nfl,401872990,2026-10-11T17:00Z,CHI,GB,prop,Under,49.5,FD,Tucker Kraft,rec_yds,1.8772,-114,0.4954,-0.07,0.0,3,0.005,0,market,0.6732,0.2638,,61,B,,,prop|rec_yds|Tucker Kraft|49.5
nfl,401872984,2026-10-11T17:00Z,HOU,TEN,prop,Over,4.5,FD,Dalton Schultz,receptions,2.2,+120,0.4225,-0.0705,0.0,3,0.0045,0,market,0.4757,0.0465,,61,B,,,prop|receptions|Dalton Schultz|4.5
nfl,401872991,2026-10-11T20:25Z,DET,ARI,prop,Under,7.5,ESPN,Trey McBride,receptions,2.0,+100,0.4507,-0.0986,0.0,4,0.0082,0,market,0.5866,0.1733,,68,B,,,prop|receptions|Trey McBride|7.5
nfl,401872990,2026-10-11T17:00Z,CHI,GB,prop,Under,4.5,ESPN,Christian Watson,receptions,1.6667,-150,0.5479,-0.0868,0.0,4,0.0109,0,market,0.6695,0.1159,,65,B,,,prop|receptions|Christian Watson|4.5
nfl,401872994,2026-10-13T00:15Z,BUF,LAR,prop,Under,36.5,FD,Josh Allen,rush_yds,1.8772,-114,0.4928,-0.0749,0.0,3,0.0042,0,market,0.6395,0.2005,,62,B,,,prop|rush_yds|Josh Allen|36.5
nfl,401872981,2026-10-11T13:30Z,PHI,JAX,prop,Under,26.5,FD,Jalen Hurts,rush_yds,1.8772,-114,0.4949,-0.0709,0.0,3,0.0048,0,market,0.6585,0.2361,,61,B,,,prop|rush_yds|Jalen Hurts|26.5
nfl,401872989,2026-10-11T20:05Z,DEN,LAC,prop,Under,24.5,FD,Justin Herbert,rush_yds,1.8772,-114,0.4949,-0.0709,0.0,3,0.0048,0,market,0.5704,0.0708,,61,B,,,prop|rush_yds|Justin Herbert|24.5
nfl,401872994,2026-10-13T00:15Z,BUF,LAR,prop,Under,244.5,FD,Josh Allen,pass_yds,1.8772,-114,0.4949,-0.0709,0.0,3,0.0048,0,market,0.5607,0.0525,,61,B,,,prop|pass_yds|Josh Allen|244.5
nfl,401872993,2026-10-12T00:20Z,BAL,ATL,prop,Over,1.5,FD,Rashod Bateman,receptions,1.6329,-158,0.5812,-0.051,0.0,3,0.0095,0,market,0.6887,0.1245,,56,B,,,prop|receptions|Rashod Bateman|1.5
nfl,401872987,2026-10-11T17:00Z,MIN,NO,prop,Yes,0.5,BR,Kendre Miller,anytime_td,4.9,+390,0.2393,0.1725,0.0111,0,,0,market,,,,0,C,,,prop|anytime_td|Kendre Miller|0.5
nfl,401872987,2026-10-11T17:00Z,MIN,NO,prop,Over,1.5,BR,Tyler Shough,pass_td,2.45,+145,0.3904,-0.0435,0.0,4,0.0216,0,market,0.4359,0.068,,54,B,,,prop|pass_td|Tyler Shough|1.5
nfl,401872984,2026-10-11T17:00Z,HOU,TEN,prop,Over,17.5,FD,Xavier Hutchinson,rec_yds,1.8772,-114,0.5009,-0.0598,0.0,3,0.0076,0,market,0.8004,0.5025,,58,B,,,prop|rec_yds|Xavier Hutchinson|17.5
cfb,401858487,2026-10-10T01:00Z,IOWA,WASH,prop,Yes,0.5,FD,Trey Cooley,anytime_td,5.8,+480,0.2021,0.172,0.009,0,,0,market,,,,0,C,,,prop|anytime_td|Trey Cooley|0.5
nfl,401872989,2026-10-11T20:05Z,DEN,LAC,prop,Under,39.5,MGM,Courtland Sutton,rec_yds,1.8696,-115,0.515,-0.0372,0.0,2,0.0076,1,market,0.5775,0.0796,,52,B,,,prop|rec_yds|Courtland Sutton|39.5
nfl,401872991,2026-10-11T20:25Z,DET,ARI,prop,Over,0.5,ESPN,Jared Goff,rush_yds,1.8333,-120,0.5053,-0.0737,0.0,3,0.0049,0,market,0.8363,0.5331,,61,B,,,prop|rush_yds|Jared Goff|0.5
nfl,401872984,2026-10-11T17:00Z,HOU,TEN,prop,Over,4.5,ESPN,Dalton Schultz,receptions,2.2,+120,0.421,-0.0739,0.0,3,0.0045,0,market,0.4757,0.0465,,61,B,,,prop|receptions|Dalton Schultz|4.5
nfl,401872984,2026-10-11T17:00Z,HOU,TEN,prop,Over,9.5,MGM,C.J. Stroud,rush_yds,1.8333,-120,0.5051,-0.074,0.0,3,0.0048,0,market,0.64,0.1734,,61,B,,,prop|rush_yds|C.J. Stroud|9.5
nfl,401872984,2026-10-11T17:00Z,HOU,TEN,prop,Over,9.5,ESPN,C.J. Stroud,rush_yds,1.8333,-120,0.5051,-0.074,0.0,3,0.0048,0,market,0.64,0.1734,,61,B,,,prop|rush_yds|C.J. Stroud|9.5
nfl,401872981,2026-10-11T13:30Z,PHI,JAX,prop,Under,26.5,BR,Jalen Hurts,rush_yds,1.8696,-115,0.4949,-0.0747,0.0,3,0.0048,0,market,0.6585,0.2311,,61,B,,,prop|rush_yds|Jalen Hurts|26.5
nfl,401872990,2026-10-11T17:00Z,CHI,GB,prop,Over,13.5,ESPN,D'Andre Swift,rec_yds,1.8333,-120,0.5025,-0.0787,0.0,3,0.0041,0,market,0.6083,0.1152,,62,B,,,prop|rec_yds|D'Andre Swift|13.5
nfl,401872990,2026-10-11T17:00Z,CHI,GB,prop,Under,49.5,BR,Tucker Kraft,rec_yds,1.8696,-115,0.4949,-0.0747,0.0,3,0.005,0,market,0.6732,0.2587,,61,B,,,prop|rec_yds|Tucker Kraft|49.5
nfl,401872989,2026-10-11T20:05Z,DEN,LAC,prop,Under,24.5,MGM,Justin Herbert,rush_yds,1.8696,-115,0.4949,-0.0747,0.0,3,0.0048,0,market,0.5704,0.0664,,61,B,,,prop|rush_yds|Justin Herbert|24.5
nfl,401872992,2026-10-11T20:25Z,SF,SEA,prop,Over,24.5,ESPN,AJ Barner,rec_yds,1.8333,-120,0.5025,-0.0787,0.0,3,0.0041,0,market,0.5907,0.083,,62,B,,,prop|rec_yds|AJ Barner|24.5
nfl,401872981,2026-10-11T13:30Z,PHI,JAX,prop,Yes,0.5,BR,Zach Ertz,anytime_td,10.5,+950,0.1094,0.149,0.0039,0,,0,market,0.1669,0.7524,,5,C,,,prop|anytime_td|Zach Ertz|0.5
nfl,401872992,2026-10-11T20:25Z,SF,SEA,prop,Over,224.5,ESPN,Sam Darnold,pass_yds,1.8,-125,0.565,0.017,0.0053,2,0.0228,1,market,,,,37,C,,,prop|pass_yds|Sam Darnold|224.5
nfl,401872985,2026-10-11T17:00Z,IND,PIT,prop,Under,5.5,FD,Tyler Warren,receptions,1.6944,-144,0.5385,-0.0875,0.0,4,0.0126,0,market,0.6683,0.1324,,63,B,,,prop|receptions|Tyler Warren|5.5
cfb,401858255,2026-10-10T19:30Z,DUKE,GT,prop,Yes,0.5,DK,Jaiven Plummer,anytime_td,11.0,+1000,0.104,0.1445,0.0036,0,,0,market,,,,5,C,,,prop|anytime_td|Jaiven Plummer|0.5
nfl,401872985,2026-10-11T17:00Z,IND,PIT,prop,Over,2.5,DK,Darnell Washington,receptions,2.2,+120,0.4182,-0.08,0.0,3,0.0049,0,market,0.5762,0.2677,,61,B,,,prop|receptions|Darnell Washington|2.5
nfl,401872994,2026-10-13T00:15Z,BUF,LAR,prop,Over,19.5,BR,Kyren Williams,rec_yds,1.8475,-118,0.5153,-0.048,0.0,3,0.0134,0,market,0.634,0.1712,,53,B,,,prop|rec_yds|Kyren Williams|19.5
nfl,401872981,2026-10-11T13:30Z,PHI,JAX,prop,Over,3.5,DK,Brenton Strange,receptions,2.07,+107,0.4554,-0.0573,0.0,3,0.0114,0,market,0.51,0.0557,,55,B,,,prop|receptions|Brenton Strange|3.5
cfb,401858483,2026-10-10T20:15Z,MD,OSU,prop,Yes,0.5,DK,Nate Roberts,anytime_td,3.75,+275,0.3099,0.1623,0.0148,0,,0,market,,,,0,C,,,prop|anytime_td|Nate Roberts|0.5
nhl,401892498,2026-10-14T00:30Z,COL,DAL,moneyline,DAL,,KAL,,,2.3423,+134,0.445,0.0423,0.0079,2,0.0325,1,market,,,,30,C,13,yes 0.37/0.41,moneyline|
nfl,401872991,2026-10-11T20:25Z,DET,ARI,prop,Under,4.5,DK,Sam LaPorta,receptions,2.24,+124,0.426,-0.0458,0.0,3,0.0136,0,market,0.4741,0.0619,,52,B,,,prop|receptions|Sam LaPorta|4.5
nfl,401872981,2026-10-11T13:30Z,PHI,JAX,prop,Over,1.5,FD,Trevor Lawrence,pass_td,1.9259,-108,0.4786,-0.0783,0.0,4,0.0158,0,market,0.5442,0.0481,,60,B,,,prop|pass_td|Trevor Lawrence|1.5
cfb,401858257,2026-10-10T19:30Z,STAN,ND,prop,Yes,0.5,MGM,Micah Gilbert,anytime_td,2.05,+105,0.5567,0.1412,0.0336,0,,0,market,,,,5,C,,,prop|anytime_td|Micah Gilbert|0.5
nfl,401872988,2026-10-11T17:00Z,NYG,WSH,prop,Over,1.5,BR,Darnell Mooney,receptions,1.8264,-121,0.5217,-0.0473,0.0,3,0.0139,0,market,0.6087,0.1118,,52,B,,,prop|receptions|Darnell Mooney|1.5
cfb,401858485,2026-10-10T23:30Z,USC,PSU,prop,Yes,0.5,DK,Ethan Feaster,anytime_td,10.0,+900,0.116,0.16,0.0044,0,,0,market,,,,0,C,,,prop|anytime_td|Ethan Feaster|0.5
nfl,401872986,2026-10-11T17:00Z,LV,NE,prop,Under,6.5,MGM,Brock Bowers,receptions,1.9091,-110,0.4705,-0.1017,0.0,4,0.0109,0,market,0.6872,0.312,,65,B,,,prop|receptions|Brock Bowers|6.5
nfl,401872990,2026-10-11T17:00Z,CHI,GB,prop,Over,3.5,DK,Rome Odunze,receptions,2.32,+132,0.4248,-0.0144,0.0,2,0.0092,0,market,0.4854,0.1261,,43,C,,,prop|receptions|Rome Odunze|3.5
nfl,401872988,2026-10-11T17:00Z,NYG,WSH,prop,Over,2.5,BR,Cam Skattebo,receptions,2.48,+148,0.3986,-0.0114,0.0,2,0.0099,0,market,0.4192,0.0397,,42,C,,,prop|receptions|Cam Skattebo|2.5
nfl,401872989,2026-10-11T20:05Z,DEN,LAC,prop,Under,26.5,DK,Justin Herbert,rush_yds,1.885,-113,0.503,-0.0518,0.0,2,0.0005,0,market,0.6209,0.1704,,52,B,,,prop|rush_yds|Justin Herbert|26.5
nfl,401872984,2026-10-11T17:00Z,HOU,TEN,prop,Over,8.5,DK,Tony Pollard,rec_yds,1.9346,-107,0.5,-0.0327,0.0,2,0.0053,0,market,0.5386,0.042,,47,C,,,prop|rec_yds|Tony Pollard|8.5
nfl,401872989,2026-10-11T20:05Z,DEN,LAC,prop,Under,26.5,DK,RJ Harvey,rec_yds,1.9259,-108,0.5,-0.0371,0.0,2,0.0042,0,market,0.5663,0.0906,,48,C,,,prop|rec_yds|RJ Harvey|26.5
nfl,401872992,2026-10-11T20:25Z,SF,SEA,prop,Over,24.5,DK,Cooper Kupp,rec_yds,1.9091,-110,0.5,-0.0454,0.0,2,0.0021,0,market,0.5746,0.0971,,50,B,,,prop|rec_yds|Cooper Kupp|24.5
nfl,401872984,2026-10-11T17:00Z,HOU,TEN,prop,Over,37.5,DK,Dalton Schultz,rec_yds,1.9009,-111,0.5,-0.0495,0.0,2,0.001,0,market,0.5799,0.1023,,51,B,,,prop|rec_yds|Dalton Schultz|37.5
nfl,401872984,2026-10-11T17:00Z,HOU,TEN,prop,Over,7.5,DK,David Montgomery,rec_yds,1.9009,-111,0.5,-0.0495,0.0,2,0.001,0,market,0.7179,0.3646,,51,B,,,prop|rec_yds|David Montgomery|7.5
nfl,401872985,2026-10-11T17:00Z,IND,PIT,prop,Under,213.5,DK,Daniel Jones,pass_yds,1.8929,-112,0.5,-0.0535,0.0,2,0.0,0,market,0.5482,0.0377,,52,B,,,prop|pass_yds|Daniel Jones|213.5
nfl,401872989,2026-10-11T20:05Z,DEN,LAC,prop,Over,51.5,DK,J.K. Dobbins,rush_yds,1.9009,-111,0.5,-0.0495,0.0,2,0.001,0,market,0.5503,0.0461,,51,B,,,prop|rush_yds|J.K. Dobbins|51.5
nfl,401872991,2026-10-11T20:25Z,DET,ARI,prop,Under,80.5,DK,Trey McBride,rec_yds,1.8929,-112,0.5,-0.0535,0.0,2,0.0,0,market,0.646,0.2229,,52,B,,,prop|rec_yds|Trey McBride|80.5
nfl,401872991,2026-10-11T20:25Z,DET,ARI,prop,Over,51.5,DK,Sam LaPorta,rec_yds,1.9009,-111,0.5,-0.0495,0.0,2,0.001,0,market,0.5748,0.0927,,51,B,,,prop|rec_yds|Sam LaPorta|51.5
nfl,401872993,2026-10-12T00:20Z,BAL,ATL,prop,Over,69.5,DK,Zay Flowers,rec_yds,1.8929,-112,0.5,-0.0535,0.0,2,0.0,0,market,0.5569,0.0541,,52,B,,,prop|rec_yds|Zay Flowers|69.5
nfl,401872993,2026-10-12T00:20Z,BAL,ATL,prop,Over,17.5,DK,Rashod Bateman,rec_yds,1.8929,-112,0.5,-0.0535,0.0,2,0.0,0,market,0.7592,0.4372,,52,B,,,prop|rec_yds|Rashod Bateman|17.5
nfl,401872993,2026-10-12T00:20Z,BAL,ATL,prop,Over,12.5,DK,Justice Hill,rush_yds,1.9524,-105,0.503,-0.0179,0.0,2,0.0089,0,market,0.5728,0.1183,,43,C,,,prop|rush_yds|Justice Hill|12.5
nfl,401872994,2026-10-13T00:15Z,BUF,LAR,prop,Under,4.5,DK,Dalton Kincaid,receptions,1.6623,-151,0.5668,-0.0579,0.0,3,0.0133,0,market,0.7453,0.2389,,53,B,,,prop|receptions|Dalton Kincaid|4.5
nfl,401872992,2026-10-11T20:25Z,SF,SEA,prop,Over,4.5,DK,Sam Darnold,rush_yds,1.8621,-116,0.5124,-0.046,0.0,2,0.002,0,market,0.7084,0.3191,,50,B,,,prop|rush_yds|Sam Darnold|4.5
nfl,401872988,2026-10-11T17:00Z,NYG,WSH,prop,Over,2.5,DK,Jameis Winston,rush_yds,1.9259,-108,0.4766,-0.0821,0.0,3,0.0075,0,market,0.786,0.5138,,59,B,,,prop|rush_yds|Jameis Winston|2.5
nfl,401872985,2026-10-11T17:00Z,IND,PIT,prop,Under,28.5,DK,Pat Freiermuth,rec_yds,1.9091,-110,0.5101,-0.0261,0.0,2,0.0072,0,market,0.6222,0.1878,,45,C,,,prop|rec_yds|Pat Freiermuth|28.5
nfl,401872981,2026-10-11T13:30Z,PHI,JAX,prop,Over,34.5,DK,Brenton Strange,rec_yds,1.9009,-111,0.5101,-0.0303,0.0,2,0.0061,0,market,0.6011,0.1427,,46,C,,,prop|rec_yds|Brenton Strange|34.5
nfl,401872991,2026-10-11T20:25Z,DET,ARI,prop,Over,79.5,DK,Amon-Ra St. Brown,rec_yds,1.9009,-111,0.5101,-0.0303,0.0,2,0.0061,0,market,0.551,0.0473,,46,C,,,prop|rec_yds|Amon-Ra St. Brown|79.5
nfl,401872991,2026-10-11T20:25Z,DET,ARI,prop,Under,269.5,DK,Jacoby Brissett,pass_yds,1.885,-113,0.5101,-0.0384,0.0,2,0.004,0,market,0.6711,0.265,,48,C,,,prop|pass_yds|Jacoby Brissett|269.5
nfl,401872984,2026-10-11T17:00Z,HOU,TEN,prop,Over,49.5,DK,Tony Pollard,rush_yds,1.9174,-109,0.5306,0.0174,0.0047,2,0.0185,0,market,0.5137,-0.015,,34,C,,,prop|rush_yds|Tony Pollard|49.5
nfl,401872987,2026-10-11T17:00Z,MIN,NO,prop,Over,35.5,DK,Devaughn Vele,rec_yds,1.9009,-111,0.5203,-0.0109,0.0,2,0.0112,0,market,0.6154,0.1698,,41,C,,,prop|rec_yds|Devaughn Vele|35.5
nfl,401872990,2026-10-11T17:00Z,CHI,GB,prop,Over,60.5,DK,D'Andre Swift,rush_yds,1.9091,-110,0.497,-0.0512,0.0,2,0.0006,0,market,0.5757,0.099,,51,B,,,prop|rush_yds|D'Andre Swift|60.5
cfb,401858254,2026-10-09T23:00Z,FSU,LOU,prop,Yes,0.5,FD,Lawayne McCoy,anytime_td,3.1,+210,0.3654,0.1328,0.0158,0,,0,market,,,,5,C,,,prop|anytime_td|Lawayne McCoy|0.5
nfl,401872993,2026-10-12T00:20Z,BAL,ATL,prop,Over,18.5,DK,Michael Penix Jr.,completions,2.02,+102,0.5071,0.0244,0.006,2,0.0201,0,market,,,,32,C,,,prop|completions|Michael Penix Jr.|18.5
nfl,401872991,2026-10-11T20:25Z,DET,ARI,prop,Over,53.5,DK,Jameson Williams,rec_yds,1.9009,-111,0.503,-0.0438,0.0,2,0.0026,0,market,0.6039,0.1479,,49,C,,,prop|rec_yds|Jameson Williams|53.5
nfl,401872994,2026-10-13T00:15Z,BUF,LAR,prop,Under,283.5,DK,Matthew Stafford,pass_yds,1.8929,-112,0.503,-0.0478,0.0,2,0.0015,0,market,0.5585,0.0571,,50,B,,,prop|pass_yds|Matthew Stafford|283.5
nfl,401872993,2026-10-12T00:20Z,BAL,ATL,prop,Under,5.5,ESPN,Drake London,receptions,2.1,+110,0.4533,-0.048,0.0,2,0.0019,0,market,0.5642,0.1847,,50,B,,,prop|receptions|Drake London|5.5
nfl,401872992,2026-10-11T20:25Z,SF,SEA,prop,Over,14.5,DK,Christian McCaffrey,rush_att,1.9901,-101,0.5347,0.064,0.0162,2,0.0303,0,market,0.4859,-0.033,,22,C,,,prop|rush_att|Christian McCaffrey|14.5
nfl,401872984,2026-10-11T17:00Z,HOU,TEN,prop,Over,0.5,DK,Calvin Ridley,receptions,1.5747,-174,0.6017,-0.0524,0.0,2,0.001,0,market,0.7241,0.1402,,51,B,,,prop|receptions|Calvin Ridley|0.5
nfl,401872983,2026-10-11T17:00Z,CLE,NYJ,prop,Under,24.5,ESPN,Deshaun Watson,rush_yds,2.05,+105,0.4894,0.0034,0.0008,2,0.0151,0,market,0.5613,0.1506,,37,C,,,prop|rush_yds|Deshaun Watson|24.5
nfl,401872992,2026-10-11T20:25Z,SF,SEA,prop,Over,19.5,MGM,Rashid Shaheed,rec_yds,1.8,-125,0.5174,-0.0687,0.0,3,0.0109,0,market,0.6472,0.165,,55,B,,,prop|rec_yds|Rashid Shaheed|19.5
cfb,401856716,2026-10-10T16:00Z,TA&M,MIZ,prop,Yes,0.5,FD,Donovan Olugbode,anytime_td,2.75,+175,0.4112,0.1307,0.0187,0,,0,market,,,,5,C,,,prop|anytime_td|Donovan Olugbode|0.5
cfb,401856716,2026-10-10T16:00Z,TA&M,MIZ,prop,Yes,0.5,FD,Brett Norfleet,anytime_td,5.2,+420,0.2174,0.1305,0.0078,0,,0,market,,,,5,C,,,prop|anytime_td|Brett Norfleet|0.5
nhl,401892481,2026-10-11T02:00Z,LA,VGK,total,Over,4.5,POLY,,,1.2346,-426,0.825,0.0185,0.0198,2,0.0275,1,market,,,,33,C,3352,yes 0.73/0.81,total|4.5
nhl,401892494,2026-10-13T23:30Z,STL,OTT,moneyline,OTT,,KAL,,,1.7031,-142,0.605,0.0304,0.0108,2,0.035,1,market,,,,30,C,0,yes 0.50/0.57,moneyline|
nfl,401872985,2026-10-11T17:00Z,IND,PIT,prop,Under,4.5,ESPN,Josh Downs,receptions,2.15,+115,0.4415,-0.0509,0.0,2,0.0024,0,market,0.5435,0.1685,,50,B,,,prop|receptions|Josh Downs|4.5
nfl,401872984,2026-10-11T17:00Z,HOU,TEN,prop,Under,49.5,ESPN,Tony Pollard,rush_yds,2.0,+100,0.5063,0.0127,0.0032,2,0.0185,0,market,0.4863,-0.0275,,34,C,,,prop|rush_yds|Tony Pollard|49.5
nfl,401872990,2026-10-11T17:00Z,CHI,GB,prop,Over,3.5,BR,Rome Odunze,receptions,2.35,+135,0.4156,-0.0234,0.0,2,0.0092,0,market,0.4854,0.1407,,43,C,,,prop|receptions|Rome Odunze|3.5
nfl,401872994,2026-10-13T00:15Z,BUF,LAR,prop,Under,32.5,DK,Josh Allen,pass_att,1.8403,-119,0.5347,-0.0161,0.0,2,0.0111,0,market,0.5648,0.0394,,41,C,,,prop|pass_att|Josh Allen|32.5
nhl,401892498,2026-10-14T00:30Z,COL,DAL,moneyline,DAL,,POLY,,,2.7027,+170,0.38,0.027,0.004,2,0.0325,1,market,,,,30,C,2683,yes 0.36/0.37,moneyline|
nfl,401872984,2026-10-11T17:00Z,HOU,TEN,prop,Under,190.5,FD,Cam Ward,pass_yds,1.8772,-114,0.5,-0.0614,0.0,2,0.0,0,market,0.5753,0.0799,,52,B,,,prop|pass_yds|Cam Ward|190.5
nfl,401872987,2026-10-11T17:00Z,MIN,NO,prop,Over,36.5,FD,Devaughn Vele,rec_yds,1.8772,-114,0.5,-0.0614,0.0,2,0.0,0,market,0.6021,0.1302,,52,B,,,prop|rec_yds|Devaughn Vele|36.5
nfl,401872991,2026-10-11T20:25Z,DET,ARI,prop,Under,80.5,FD,Trey McBride,rec_yds,1.8772,-114,0.5,-0.0614,0.0,2,0.0,0,market,0.646,0.2128,,52,B,,,prop|rec_yds|Trey McBride|80.5
nfl,401872991,2026-10-11T20:25Z,DET,ARI,prop,Over,280.5,FD,Jared Goff,pass_yds,1.8772,-114,0.5,-0.0614,0.0,2,0.0,0,market,0.5529,0.0379,,52,B,,,prop|pass_yds|Jared Goff|280.5
nfl,401872991,2026-10-11T20:25Z,DET,ARI,prop,Over,51.5,FD,Jameson Williams,rec_yds,1.8772,-114,0.5,-0.0614,0.0,2,0.0,0,market,0.6219,0.1674,,52,B,,,prop|rec_yds|Jameson Williams|51.5
nfl,401872993,2026-10-12T00:20Z,BAL,ATL,prop,Over,17.5,FD,Rashod Bateman,rec_yds,1.8772,-114,0.5,-0.0614,0.0,2,0.0,0,market,0.7592,0.4253,,52,B,,,prop|rec_yds|Rashod Bateman|17.5
nfl,401872981,2026-10-11T13:30Z,PHI,JAX,prop,Over,41.5,DK,Jakobi Meyers,rec_yds,1.885,-113,0.5,-0.0575,0.0,2,0.001,0,market,0.5602,0.056,,51,B,,,prop|rec_yds|Jakobi Meyers|41.5
nfl,401872981,2026-10-11T13:30Z,PHI,JAX,prop,Over,41.5,FD,Jakobi Meyers,rec_yds,1.8772,-114,0.5021,-0.0575,0.0,2,0.001,0,market,0.5602,0.0516,,51,B,,,prop|rec_yds|Jakobi Meyers|41.5
nfl,401872990,2026-10-11T17:00Z,CHI,GB,prop,Under,236.5,DK,Jordan Love,pass_yds,1.885,-113,0.5,-0.0575,0.0,2,0.001,0,market,0.5876,0.1076,,51,B,,,prop|pass_yds|Jordan Love|236.5
nfl,401872990,2026-10-11T17:00Z,CHI,GB,prop,Over,28.5,FD,Kalif Raymond,rec_yds,1.8772,-114,0.5042,-0.0535,0.0,2,0.0021,0,market,0.601,0.1281,,50,B,,,prop|rec_yds|Kalif Raymond|28.5
nfl,401872984,2026-10-11T17:00Z,HOU,TEN,prop,Under,27.5,FD,Woody Marks,rush_yds,1.8772,-114,0.5042,-0.0535,0.0,2,0.0021,0,market,0.5639,0.0586,,50,B,,,prop|rush_yds|Woody Marks|27.5
nfl,401872985,2026-10-11T17:00Z,IND,PIT,prop,Under,58.5,DK,Josh Downs,rec_yds,1.885,-113,0.5,-0.0575,0.0,2,0.001,0,market,0.5758,0.0855,,51,B,,,prop|rec_yds|Josh Downs|58.5
nfl,401872985,2026-10-11T17:00Z,IND,PIT,prop,Under,58.5,FD,Josh Downs,rec_yds,1.8772,-114,0.5021,-0.0575,0.0,2,0.001,0,market,0.5758,0.081,,51,B,,,prop|rec_yds|Josh Downs|58.5
nfl,401872989,2026-10-11T20:05Z,DEN,LAC,prop,Under,220.5,DK,Bo Nix,pass_yds,1.885,-113,0.5,-0.0575,0.0,2,0.001,0,market,0.5527,0.0419,,51,B,,,prop|pass_yds|Bo Nix|220.5
nfl,401872993,2026-10-12T00:20Z,BAL,ATL,prop,Over,26.5,FD,Bijan Robinson,rec_yds,1.8772,-114,0.5063,-0.0495,0.0,2,0.0032,0,market,0.5656,0.0618,,49,C,,,prop|rec_yds|Bijan Robinson|26.5
nfl,401872994,2026-10-13T00:15Z,BUF,LAR,prop,Over,68.5,FD,Kyren Williams,rush_yds,1.8772,-114,0.5063,-0.0495,0.0,2,0.0032,0,market,0.58,0.0889,,49,C,,,prop|rush_yds|Kyren Williams|68.5
nfl,401872984,2026-10-11T17:00Z,HOU,TEN,prop,Over,17.5,FD,Gunnar Helm,rec_yds,1.8772,-114,0.5084,-0.0456,0.0,2,0.0042,0,market,0.5539,0.0398,,48,C,,,prop|rec_yds|Gunnar Helm|17.5
nfl,401872993,2026-10-12T00:20Z,BAL,ATL,prop,Under,35.5,FD,Brian Robinson Jr.,rush_yds,1.8772,-114,0.5084,-0.0456,0.0,2,0.0042,0,market,0.5748,0.0791,,48,C,,,prop|rush_yds|Brian Robinson Jr.|35.5
nfl,401872989,2026-10-11T20:05Z,DEN,LAC,prop,Over,10.5,DK,Omarion Hampton,rush_att,1.8403,-119,0.5446,0.0022,0.0007,2,0.016,0,market,0.7556,0.3905,,36,C,,,prop|rush_att|Omarion Hampton|10.5
nfl,401872989,2026-10-11T20:05Z,DEN,LAC,prop,Under,3.5,FD,RJ Harvey,receptions,2.3,+130,0.4165,-0.0421,0.0,2,0.005,0,market,0.5686,0.3077,,47,C,,,prop|receptions|RJ Harvey|3.5
nfl,401872981,2026-10-11T13:30Z,PHI,JAX,prop,Over,13.5,FD,Trevor Lawrence,rush_yds,1.8772,-114,0.5101,-0.0424,0.0,2,0.0051,0,market,0.5817,0.092,,47,C,,,prop|rush_yds|Trevor Lawrence|13.5
nfl,401872986,2026-10-11T17:00Z,LV,NE,prop,Over,51.5,FD,Romeo Doubs,rec_yds,1.8772,-114,0.5101,-0.0424,0.0,2,0.0051,0,market,0.5589,0.0492,,47,C,,,prop|rec_yds|Romeo Doubs|51.5
nfl,401872993,2026-10-12T00:20Z,BAL,ATL,prop,Over,11.5,FD,Justice Hill,rush_yds,1.8772,-114,0.5101,-0.0424,0.0,2,0.0051,0,market,0.5995,0.1255,,47,C,,,prop|rush_yds|Justice Hill|11.5
nfl,401872994,2026-10-13T00:15Z,BUF,LAR,prop,Over,62.5,FD,Davante Adams,rec_yds,1.8772,-114,0.5101,-0.0424,0.0,2,0.0051,0,market,0.7084,0.3297,,47,C,,,prop|rec_yds|Davante Adams|62.5
nfl,401872994,2026-10-13T00:15Z,BUF,LAR,prop,Over,31.5,FD,Blake Corum,rush_yds,1.8772,-114,0.5101,-0.0424,0.0,2,0.0051,0,market,0.6091,0.1434,,47,C,,,prop|rush_yds|Blake Corum|31.5
cfb,401856716,2026-10-10T16:00Z,TA&M,MIZ,prop,Yes,0.5,FD,Caleb Goodie Sr.,anytime_td,10.0,+900,0.1125,0.125,0.0035,0,,0,market,,,,5,C,,,prop|anytime_td|Caleb Goodie Sr.|0.5
nfl,401872989,2026-10-11T20:05Z,DEN,LAC,prop,Under,31.5,DK,Keaton Mitchell,rush_yds,1.9009,-111,0.495,-0.0591,0.0,2,0.0015,0,market,0.7483,0.4225,,51,B,,,prop|rush_yds|Keaton Mitchell|31.5
nfl,401872986,2026-10-11T17:00Z,LV,NE,prop,Over,3.5,BR,Tre Tucker,receptions,1.9346,-107,0.4779,-0.0754,0.0,4,0.0207,0,market,0.5566,0.0768,,55,B,,,prop|receptions|Tre Tucker|3.5
nfl,401872988,2026-10-11T17:00Z,NYG,WSH,prop,Under,55.5,FD,Jacory Croskey-Merritt,rush_yds,1.8772,-114,0.5031,-0.0555,0.0,2,0.0016,0,market,0.5611,0.0532,,50,B,,,prop|rush_yds|Jacory Croskey-Merritt|55.5
nfl,401872992,2026-10-11T20:25Z,SF,SEA,prop,Over,5.5,MGM,Sam Darnold,rush_yds,1.9524,-105,0.4797,-0.0635,0.0,2,0.0,0,market,0.6697,0.3076,,52,B,,,prop|rush_yds|Sam Darnold|5.5
nfl,401872992,2026-10-11T20:25Z,SF,SEA,prop,Over,5.5,ESPN,Sam Darnold,rush_yds,1.9524,-105,0.4797,-0.0635,0.0,2,0.0,0,market,0.6697,0.3076,,52,B,,,prop|rush_yds|Sam Darnold|5.5
nfl,401872986,2026-10-11T17:00Z,LV,NE,prop,Under,233.5,FD,Kirk Cousins,pass_yds,1.8772,-114,0.503,-0.0557,0.0,2,0.0015,0,market,0.61,0.1451,,50,B,,,prop|pass_yds|Kirk Cousins|233.5
nfl,401872991,2026-10-11T20:25Z,DET,ARI,prop,Under,79.5,ESPN,Trey McBride,rec_yds,1.9524,-105,0.5,-0.0238,0.0,2,0.0102,0,market,0.6372,0.2441,,42,C,,,prop|rec_yds|Trey McBride|79.5
nfl,401872986,2026-10-11T17:00Z,LV,NE,prop,Over,3.5,DK,Tre Tucker,receptions,1.9434,-106,0.4754,-0.0761,0.0,4,0.0207,0,market,0.5566,0.0817,,55,B,,,prop|receptions|Tre Tucker|3.5
nfl,401872983,2026-10-11T17:00Z,CLE,NYJ,prop,Under,20.5,MGM,Geno Smith,completions,1.8,-125,0.5331,-0.0404,0.0,2,0.0064,0,market,0.5752,0.0354,,46,C,,,prop|completions|Geno Smith|20.5
nfl,401872990,2026-10-11T17:00Z,CHI,GB,prop,Over,29.5,BR,Kalif Raymond,rec_yds,1.8696,-115,0.5,-0.0652,0.0,2,0.0,0,market,0.5837,0.0913,,52,B,,,prop|rec_yds|Kalif Raymond|29.5
nfl,401872990,2026-10-11T17:00Z,CHI,GB,prop,Over,29.5,ESPN,Kalif Raymond,rec_yds,1.8696,-115,0.5,-0.0652,0.0,2,0.0,0,market,0.5837,0.0913,,52,B,,,prop|rec_yds|Kalif Raymond|29.5
nfl,401872984,2026-10-11T17:00Z,HOU,TEN,prop,Under,190.5,MGM,Cam Ward,pass_yds,1.8696,-115,0.5,-0.0652,0.0,2,0.0,0,market,0.5753,0.0755,,52,B,,,prop|pass_yds|Cam Ward|190.5
nfl,401872986,2026-10-11T17:00Z,LV,NE,prop,Under,73.5,MGM,Brock Bowers,rec_yds,1.8696,-115,0.5,-0.0652,0.0,2,0.0,0,market,0.704,0.3161,,52,B,,,prop|rec_yds|Brock Bowers|73.5
nfl,401872986,2026-10-11T17:00Z,LV,NE,prop,Under,73.5,ESPN,Brock Bowers,rec_yds,1.8696,-115,0.5,-0.0652,0.0,2,0.0,0,market,0.704,0.3161,,52,B,,,prop|rec_yds|Brock Bowers|73.5
nfl,401872987,2026-10-11T17:00Z,MIN,NO,prop,Over,36.5,BR,Devaughn Vele,rec_yds,1.8696,-115,0.5,-0.0652,0.0,2,0.0,0,market,0.6021,0.1256,,52,B,,,prop|rec_yds|Devaughn Vele|36.5
nfl,401872985,2026-10-11T17:00Z,IND,PIT,prop,Under,214.5,MGM,Daniel Jones,pass_yds,1.8696,-115,0.5,-0.0652,0.0,2,0.0,0,market,0.554,0.0357,,52,B,,,prop|pass_yds|Daniel Jones|214.5
nfl,401872985,2026-10-11T17:00Z,IND,PIT,prop,Under,214.5,ESPN,Daniel Jones,pass_yds,1.8696,-115,0.5,-0.0652,0.0,2,0.0,0,market,0.554,0.0357,,52,B,,,prop|pass_yds|Daniel Jones|214.5
nfl,401872991,2026-10-11T20:25Z,DET,ARI,prop,Over,280.5,MGM,Jared Goff,pass_yds,1.8696,-115,0.5,-0.0652,0.0,2,0.0,0,market,0.5529,0.0336,,52,B,,,prop|pass_yds|Jared Goff|280.5
nfl,401872991,2026-10-11T20:25Z,DET,ARI,prop,Over,51.5,MGM,Jameson Williams,rec_yds,1.8696,-115,0.5,-0.0652,0.0,2,0.0,0,market,0.6219,0.1627,,52,B,,,prop|rec_yds|Jameson Williams|51.5
nfl,401872991,2026-10-11T20:25Z,DET,ARI,prop,Under,91.5,MGM,Jahmyr Gibbs,rush_yds,1.8696,-115,0.5,-0.0652,0.0,2,0.0,0,market,0.5552,0.0379,,52,B,,,prop|rush_yds|Jahmyr Gibbs|91.5
nfl,401872991,2026-10-11T20:25Z,DET,ARI,prop,Under,91.5,ESPN,Jahmyr Gibbs,rush_yds,1.8696,-115,0.5,-0.0652,0.0,2,0.0,0,market,0.5552,0.0379,,52,B,,,prop|rush_yds|Jahmyr Gibbs|91.5
nfl,401872992,2026-10-11T20:25Z,SF,SEA,prop,Under,226.5,BR,Brock Purdy,pass_yds,1.8696,-115,0.5,-0.0652,0.0,2,0.0,0,market,0.5935,0.1097,,52,B,,,prop|pass_yds|Brock Purdy|226.5
nfl,401872992,2026-10-11T20:25Z,SF,SEA,prop,Under,226.5,MGM,Brock Purdy,pass_yds,1.8696,-115,0.5,-0.0652,0.0,2,0.0,0,market,0.5935,0.1097,,52,B,,,prop|pass_yds|Brock Purdy|226.5
nfl,401872993,2026-10-12T00:20Z,BAL,ATL,prop,Over,69.5,ESPN,Zay Flowers,rec_yds,1.8696,-115,0.5,-0.0652,0.0,2,0.0,0,market,0.5569,0.0411,,52,B,,,prop|rec_yds|Zay Flowers|69.5
nfl,401872990,2026-10-11T17:00Z,CHI,GB,prop,Under,236.5,BR,Jordan Love,pass_yds,1.8696,-115,0.5021,-0.0613,0.0,2,0.001,0,market,0.5876,0.0985,,51,B,,,prop|pass_yds|Jordan Love|236.5
nfl,401872989,2026-10-11T20:05Z,DEN,LAC,prop,Under,220.5,MGM,Bo Nix,pass_yds,1.8696,-115,0.5021,-0.0613,0.0,2,0.001,0,market,0.5527,0.0334,,51,B,,,prop|pass_yds|Bo Nix|220.5
nfl,401872989,2026-10-11T20:05Z,DEN,LAC,prop,Over,38.5,MGM,Omarion Hampton,rush_yds,1.8696,-115,0.5063,-0.0533,0.0,2,0.0032,0,market,0.6747,0.2615,,49,C,,,prop|rush_yds|Omarion Hampton|38.5
nfl,401872986,2026-10-11T17:00Z,LV,NE,prop,Under,33.5,MGM,Kirk Cousins,pass_att,1.9091,-110,0.4979,-0.0494,0.0,2,0.004,0,market,0.5694,0.0871,,48,C,,,prop|pass_att|Kirk Cousins|33.5
nfl,401872986,2026-10-11T17:00Z,LV,NE,prop,Under,19.5,MGM,Drake Maye,completions,1.9091,-110,0.5,-0.0454,0.0,2,0.0051,0,market,0.5583,0.0659,,47,C,,,prop|completions|Drake Maye|19.5
nfl,401872989,2026-10-11T20:05Z,DEN,LAC,prop,Under,31.5,BR,Keaton Mitchell,rush_yds,1.885,-113,0.4979,-0.0614,0.0,2,0.0015,0,market,0.7483,0.4106,,51,B,,,prop|rush_yds|Keaton Mitchell|31.5
nfl,401872982,2026-10-11T17:00Z,CIN,MIA,prop,Under,21.5,BR,Jaylen Wright,rush_yds,1.885,-113,0.5,-0.0575,0.0,2,0.002,0,market,0.615,0.1592,,50,B,,,prop|rush_yds|Jaylen Wright|21.5
nfl,401872984,2026-10-11T17:00Z,HOU,TEN,prop,Over,18.5,ESPN,Gunnar Helm,rec_yds,1.9524,-105,0.4909,-0.0415,0.0,2,0.0056,0,market,0.5329,0.0405,,46,C,,,prop|rec_yds|Gunnar Helm|18.5
nfl,401872985,2026-10-11T17:00Z,IND,PIT,prop,Under,49.5,ESPN,Tyler Warren,rec_yds,1.9524,-105,0.5071,-0.0099,0.0,2,0.0137,0,market,0.7333,0.4316,,38,C,,,prop|rec_yds|Tyler Warren|49.5
nfl,401872993,2026-10-12T00:20Z,BAL,ATL,prop,Under,18.5,MGM,Michael Penix Jr.,completions,1.9009,-111,0.5331,0.0134,0.0037,2,0.0201,0,market,,,,32,C,,,prop|completions|Michael Penix Jr.|18.5
nfl,401872993,2026-10-12T00:20Z,BAL,ATL,prop,Over,27.5,ESPN,Bijan Robinson,rec_yds,1.9091,-110,0.4909,-0.0627,0.0,2,0.0005,0,market,0.5523,0.0543,,51,B,,,prop|rec_yds|Bijan Robinson|27.5
nfl,401872984,2026-10-11T17:00Z,HOU,TEN,prop,Over,17.5,ESPN,Xavier Hutchinson,rec_yds,1.8333,-120,0.4958,-0.0911,0.0,3,0.0076,0,market,0.8004,0.4674,,58,B,,,prop|rec_yds|Xavier Hutchinson|17.5
nfl,401872986,2026-10-11T17:00Z,LV,NE,prop,Over,52.5,DK,Romeo Doubs,rec_yds,1.8929,-112,0.497,-0.0593,0.0,2,0.0015,0,market,0.5483,0.038,,50,B,,,prop|rec_yds|Romeo Doubs|52.5
nfl,401872991,2026-10-11T20:25Z,DET,ARI,prop,Over,25.5,DK,Isaac TeSlaa,rec_yds,1.8929,-112,0.497,-0.0593,0.0,2,0.0015,0,market,0.684,0.2948,,50,B,,,prop|rec_yds|Isaac TeSlaa|25.5
nfl,401872994,2026-10-13T00:15Z,BUF,LAR,prop,Over,63.5,DK,Davante Adams,rec_yds,1.8929,-112,0.497,-0.0593,0.0,2,0.0015,0,market,0.703,0.3307,,50,B,,,prop|rec_yds|Davante Adams|63.5
nfl,401872988,2026-10-11T17:00Z,NYG,WSH,prop,Under,56.5,ESPN,Jacory Croskey-Merritt,rush_yds,1.8696,-115,0.505,-0.0558,0.0,2,0.0025,0,market,0.5722,0.0698,,49,C,,,prop|rush_yds|Jacory Croskey-Merritt|56.5
nfl,401872994,2026-10-13T00:15Z,BUF,LAR,prop,Over,20.5,BR,Josh Allen,completions,2.04,+104,0.5,0.02,0.0048,1,,0,market,0.3503,-0.2853,,30,C,,,prop|completions|Josh Allen|20.5
nfl,401872992,2026-10-11T20:25Z,SF,SEA,prop,Under,14.5,MGM,Christian McCaffrey,rush_att,2.0,+100,0.5259,0.0519,0.013,2,0.0303,0,market,0.5141,0.0282,,22,C,,,prop|rush_att|Christian McCaffrey|14.5
cfb,401856714,2026-10-10T16:45Z,SC,FLA,prop,Yes,0.5,DK,Vernell Brown III,anytime_td,2.5,+150,0.4319,0.0798,0.0133,0,,0,market,,,,15,C,,,prop|anytime_td|Vernell Brown III|0.5
nfl,401872992,2026-10-11T20:25Z,SF,SEA,prop,Under,20.5,MGM,Brock Purdy,completions,2.0,+100,0.4938,-0.0124,0.0,2,0.0142,0,market,0.5733,0.1466,,38,C,,,prop|completions|Brock Purdy|20.5
nfl,401872994,2026-10-13T00:15Z,BUF,LAR,prop,Under,23.5,MGM,Matthew Stafford,completions,1.8333,-120,0.5125,-0.0604,0.0,2,0.0017,0,market,0.6503,0.1922,,50,B,,,prop|completions|Matthew Stafford|23.5
nfl,401872989,2026-10-11T20:05Z,DEN,LAC,prop,Under,26.5,BR,Justin Herbert,rush_yds,1.8547,-117,0.5021,-0.0688,0.0,2,0.0005,0,market,0.6209,0.1516,,52,B,,,prop|rush_yds|Justin Herbert|26.5
nfl,401872990,2026-10-11T17:00Z,CHI,GB,prop,Over,2.5,FD,Rome Odunze,receptions,1.5495,-182,0.6113,-0.0529,0.0,2,0.0038,0,market,0.6867,0.064,,48,C,,,prop|receptions|Rome Odunze|2.5
cfb,401856716,2026-10-10T16:00Z,TA&M,MIZ,prop,Yes,0.5,FD,Naeshaun Montgomery,anytime_td,6.5,+550,0.1721,0.119,0.0054,0,,0,market,,,,5,C,,,prop|anytime_td|Naeshaun Montgomery|0.5
cfb,401856825,2026-10-10T19:30Z,HOU,KSU,prop,Yes,0.5,FD,Conner Weigman,anytime_td,1.5714,-175,0.6866,0.0789,0.0345,0,,0,market,,,,15,C,,,prop|anytime_td|Conner Weigman|0.5
nfl,401872984,2026-10-11T17:00Z,HOU,TEN,prop,Over,37.5,FD,Dalton Schultz,rec_yds,1.8772,-114,0.4979,-0.0653,0.0,2,0.001,0,market,0.5799,0.0886,,51,B,,,prop|rec_yds|Dalton Schultz|37.5
nfl,401872984,2026-10-11T17:00Z,HOU,TEN,prop,Over,7.5,FD,David Montgomery,rec_yds,1.8772,-114,0.4979,-0.0653,0.0,2,0.001,0,market,0.7179,0.3476,,51,B,,,prop|rec_yds|David Montgomery|7.5
nfl,401872989,2026-10-11T20:05Z,DEN,LAC,prop,Over,51.5,FD,J.K. Dobbins,rush_yds,1.8772,-114,0.4979,-0.0653,0.0,2,0.001,0,market,0.5503,0.0331,,51,B,,,prop|rush_yds|J.K. Dobbins|51.5
nfl,401872990,2026-10-11T17:00Z,CHI,GB,prop,Over,28.5,DK,Kalif Raymond,rec_yds,1.8772,-114,0.5,-0.0614,0.0,2,0.0021,0,market,0.601,0.1281,,50,B,,,prop|rec_yds|Kalif Raymond|28.5
nfl,401872984,2026-10-11T17:00Z,HOU,TEN,prop,Under,27.5,DK,Woody Marks,rush_yds,1.8772,-114,0.5,-0.0614,0.0,2,0.0021,0,market,0.5639,0.0586,,50,B,,,prop|rush_yds|Woody Marks|27.5
nfl,401872987,2026-10-11T17:00Z,MIN,NO,prop,Under,238.5,BR,Tyler Shough,pass_yds,1.8772,-114,0.5,-0.0614,0.0,2,0.0015,0,market,0.6159,0.1562,,50,B,,,prop|pass_yds|Tyler Shough|238.5
nfl,401872985,2026-10-11T17:00Z,IND,PIT,prop,Under,88.5,BR,Jonathan Taylor,rush_yds,1.8772,-114,0.5,-0.0614,0.0,2,0.0015,0,market,0.5884,0.1045,,50,B,,,prop|rush_yds|Jonathan Taylor|88.5
nfl,401872985,2026-10-11T17:00Z,IND,PIT,prop,Over,224.5,BR,Aaron Rodgers,pass_yds,1.8772,-114,0.5,-0.0614,0.0,2,0.0015,0,market,0.6215,0.1667,,50,B,,,prop|pass_yds|Aaron Rodgers|224.5
nfl,401872988,2026-10-11T17:00Z,NYG,WSH,prop,Under,55.5,DK,Jacory Croskey-Merritt,rush_yds,1.8772,-114,0.5,-0.0614,0.0,2,0.0016,0,market,0.5611,0.0532,,50,B,,,prop|rush_yds|Jacory Croskey-Merritt|55.5
nfl,401872988,2026-10-11T17:00Z,NYG,WSH,prop,Over,18.5,BR,Darnell Mooney,rec_yds,1.8772,-114,0.5,-0.0614,0.0,2,0.0015,0,market,0.5806,0.0899,,50,B,,,prop|rec_yds|Darnell Mooney|18.5
nfl,401872988,2026-10-11T17:00Z,NYG,WSH,prop,Over,12.5,BR,Cam Skattebo,rec_yds,1.8772,-114,0.5,-0.0614,0.0,2,0.0015,0,market,0.6107,0.1465,,50,B,,,prop|rec_yds|Cam Skattebo|12.5
nfl,401872991,2026-10-11T20:25Z,DET,ARI,prop,Over,25.5,BR,Isaac TeSlaa,rec_yds,1.8772,-114,0.5,-0.0614,0.0,2,0.0015,0,market,0.684,0.284,,50,B,,,prop|rec_yds|Isaac TeSlaa|25.5
nfl,401872994,2026-10-13T00:15Z,BUF,LAR,prop,Over,63.5,BR,Davante Adams,rec_yds,1.8772,-114,0.5,-0.0614,0.0,2,0.0015,0,market,0.703,0.3197,,50,B,,,prop|rec_yds|Davante Adams|63.5
nfl,401872994,2026-10-13T00:15Z,BUF,LAR,prop,Over,4.5,MGM,Davante Adams,receptions,1.9524,-105,0.4603,-0.1014,0.0,4,0.016,0,market,0.5918,0.1553,,60,B,,,prop|receptions|Davante Adams|4.5
nfl,401872986,2026-10-11T17:00Z,LV,NE,prop,Over,42.5,BR,Tre Tucker,rec_yds,1.885,-113,0.5,-0.0575,0.0,2,0.0025,0,market,0.5668,0.0685,,49,C,,,prop|rec_yds|Tre Tucker|42.5
nfl,401872989,2026-10-11T20:05Z,DEN,LAC,prop,Under,27.5,BR,RJ Harvey,rec_yds,1.885,-113,0.5,-0.0575,0.0,2,0.0025,0,market,0.5844,0.1016,,49,C,,,prop|rec_yds|RJ Harvey|27.5
nfl,401872989,2026-10-11T20:05Z,DEN,LAC,prop,Under,4.5,ESPN,RJ Harvey,receptions,1.6667,-150,0.5894,-0.0177,0.0,2,0.013,0,market,0.7673,0.2788,,39,C,,,prop|receptions|RJ Harvey|4.5
cfb,401858481,2026-10-10T16:00Z,IU,NEB,prop,Yes,0.5,FD,Shazz Preston,anytime_td,6.0,+500,0.1796,0.0775,0.0039,0,,0,market,,,,15,C,,,prop|anytime_td|Shazz Preston|0.5
nfl,401872984,2026-10-11T17:00Z,HOU,TEN,prop,Over,0.5,ESPN,Calvin Ridley,receptions,1.5556,-180,0.5998,-0.067,0.0,2,0.001,0,market,0.7241,0.1264,,51,B,,,prop|receptions|Calvin Ridley|0.5
nfl,401872994,2026-10-13T00:15Z,BUF,LAR,prop,Under,23.5,DK,Matthew Stafford,completions,1.8403,-119,0.5091,-0.0632,0.0,2,0.0017,0,market,0.6503,0.1968,,50,B,,,prop|completions|Matthew Stafford|23.5
nfl,401872994,2026-10-13T00:15Z,BUF,LAR,prop,Over,4.5,DK,Davante Adams,receptions,1.9524,-105,0.4594,-0.1032,0.0,4,0.016,0,market,0.5918,0.1553,,60,B,,,prop|receptions|Davante Adams|4.5
nfl,401872988,2026-10-11T17:00Z,NYG,WSH,prop,Over,17.5,BR,Jayden Daniels,completions,1.9091,-110,0.5323,0.0162,0.0044,1,,0,market,,,,30,C,,,prop|completions|Jayden Daniels|17.5
nfl,401872993,2026-10-12T00:20Z,BAL,ATL,prop,Over,27.5,MGM,Bijan Robinson,rec_yds,1.9009,-111,0.4899,-0.0688,0.0,2,0.0005,0,market,0.5523,0.0498,,51,B,,,prop|rec_yds|Bijan Robinson|27.5
nfl,401872991,2026-10-11T20:25Z,DET,ARI,prop,Over,51.5,MGM,Sam LaPorta,rec_yds,1.8696,-115,0.4979,-0.0691,0.0,2,0.001,0,market,0.5748,0.0747,,51,B,,,prop|rec_yds|Sam LaPorta|51.5
nfl,401872993,2026-10-12T00:20Z,BAL,ATL,prop,Under,5.5,DK,Drake London,receptions,2.08,+108,0.4495,-0.0651,0.0,2,0.0019,0,market,0.5642,0.1734,,50,B,,,prop|receptions|Drake London|5.5
nfl,401872983,2026-10-11T17:00Z,CLE,NYJ,prop,Under,6.5,ESPN,Garrett Wilson,receptions,1.6452,-155,0.5609,-0.0772,0.0,3,0.0128,0,market,0.6959,0.1449,,53,B,,,prop|receptions|Garrett Wilson|6.5
nfl,401872990,2026-10-11T17:00Z,CHI,GB,prop,Over,60.5,BR,D'Andre Swift,rush_yds,1.8772,-114,0.4958,-0.0693,0.0,2,0.0006,0,market,0.5757,0.0807,,51,B,,,prop|rush_yds|D'Andre Swift|60.5
cfb,401856825,2026-10-10T19:30Z,HOU,KSU,prop,Yes,0.5,FD,Patrick Overmyer,anytime_td,2.7,+170,0.398,0.0745,0.011,0,,0,market,,,,15,C,,,prop|anytime_td|Patrick Overmyer|0.5
cfb,401856717,2026-10-10T19:30Z,TEX,OU,prop,Yes,0.5,FD,Lloyd Avant,anytime_td,4.0,+300,0.2685,0.0741,0.0062,0,,0,market,,,,15,C,,,prop|anytime_td|Lloyd Avant|0.5
nhl,401892503,2026-10-14T03:00Z,BOS,SJ,moneyline,BOS,,KAL,,,1.8267,-121,0.555,0.0138,0.0042,2,0.03,1,market,,,,30,C,36,yes 0.44/0.53,moneyline|
nfl,401872985,2026-10-11T17:00Z,IND,PIT,prop,Under,224.5,POLY,Daniel Jones,pass_yds,1.8182,-122,0.54,-0.0182,0.0,1,,1,market,0.6108,0.1105,,38,C,29,no @ 0.55,prop|pass_yds|Daniel Jones|224.5
nfl,401872985,2026-10-11T17:00Z,IND,PIT,prop,Under,88.5,FD,Jonathan Taylor,rush_yds,1.8772,-114,0.497,-0.0671,0.0,2,0.0015,0,market,0.5884,0.1045,,50,B,,,prop|rush_yds|Jonathan Taylor|88.5
nfl,401872988,2026-10-11T17:00Z,NYG,WSH,prop,Over,18.5,FD,Darnell Mooney,rec_yds,1.8772,-114,0.497,-0.0671,0.0,2,0.0015,0,market,0.5806,0.0899,,50,B,,,prop|rec_yds|Darnell Mooney|18.5
nfl,401872988,2026-10-11T17:00Z,NYG,WSH,prop,Over,12.5,FD,Cam Skattebo,rec_yds,1.8772,-114,0.497,-0.0671,0.0,2,0.0015,0,market,0.6107,0.1465,,50,B,,,prop|rec_yds|Cam Skattebo|12.5
cfb,401856718,2026-10-10T19:30Z,MISS,VAN,prop,Yes,0.5,FD,Luke Hasz,anytime_td,8.5,+750,0.1262,0.0723,0.0024,0,,0,market,,,,15,C,,,prop|anytime_td|Luke Hasz|0.5
nfl,401872992,2026-10-11T20:25Z,SF,SEA,prop,Over,4.5,FD,Sam Darnold,rush_yds,1.8333,-120,0.5084,-0.0679,0.0,2,0.002,0,market,0.7084,0.2987,,50,B,,,prop|rush_yds|Sam Darnold|4.5
nfl,401872989,2026-10-11T20:05Z,DEN,LAC,prop,Over,17.5,ESPN,Evan Engram,rec_yds,1.8,-125,0.5021,-0.0962,0.0,3,0.0088,0,market,0.6407,0.1533,,57,B,,,prop|rec_yds|Evan Engram|17.5
nfl,401872985,2026-10-11T17:00Z,IND,PIT,prop,Yes,0.5,BR,Germie Bernard,anytime_td,10.0,+900,0.1112,0.1115,0.0031,0,,0,market,,,,5,C,,,prop|anytime_td|Germie Bernard|0.5
nfl,401872993,2026-10-12T00:20Z,BAL,ATL,prop,Over,1.5,ESPN,Rashod Bateman,receptions,1.5882,-170,0.5713,-0.0926,0.0,3,0.0095,0,market,0.6887,0.0938,,56,B,,,prop|receptions|Rashod Bateman|1.5
nfl,401872982,2026-10-11T17:00Z,CIN,MIA,prop,Under,21.5,FD,Jaylen Wright,rush_yds,1.8772,-114,0.4959,-0.069,0.0,2,0.002,0,market,0.615,0.1544,,50,B,,,prop|rush_yds|Jaylen Wright|21.5
nfl,401872989,2026-10-11T20:05Z,DEN,LAC,prop,Over,38.5,DK,Omarion Hampton,rush_yds,1.8696,-115,0.5,-0.0652,0.0,2,0.0032,0,market,0.6747,0.2615,,49,C,,,prop|rush_yds|Omarion Hampton|38.5
nfl,401872993,2026-10-12T00:20Z,BAL,ATL,prop,Over,26.5,DK,Bijan Robinson,rec_yds,1.8696,-115,0.5,-0.0652,0.0,2,0.0032,0,market,0.5656,0.0575,,49,C,,,prop|rec_yds|Bijan Robinson|26.5
nfl,401872994,2026-10-13T00:15Z,BUF,LAR,prop,Over,68.5,DK,Kyren Williams,rush_yds,1.8696,-115,0.5,-0.0652,0.0,2,0.0032,0,market,0.58,0.0845,,49,C,,,prop|rush_yds|Kyren Williams|68.5
cfb,401856718,2026-10-10T19:30Z,MISS,VAN,prop,Yes,0.5,DK,Tristen Brown,anytime_td,7.0,+600,0.153,0.0707,0.0029,0,,0,market,,,,15,C,,,prop|anytime_td|Tristen Brown|0.5
cfb,401858483,2026-10-10T20:15Z,MD,OSU,prop,Yes,0.5,MGM,Julian Sayin,anytime_td,3.4,+240,0.3149,0.0705,0.0073,0,,0,market,,,,15,C,,,prop|anytime_td|Julian Sayin|0.5
nfl,401872993,2026-10-12T00:20Z,BAL,ATL,prop,Yes,0.5,FD,Olamide Zaccheaus,anytime_td,11.0,+1000,0.1009,0.1103,0.0028,0,,0,market,0.1195,0.3145,,5,C,,,prop|anytime_td|Olamide Zaccheaus|0.5
cfb,401858483,2026-10-10T20:15Z,MD,OSU,prop,Yes,0.5,FD,Isaiah West,anytime_td,3.6,+260,0.3084,0.1102,0.0106,0,,0,market,,,,5,C,,,prop|anytime_td|Isaiah West|0.5
cfb,401858254,2026-10-09T23:00Z,FSU,LOU,prop,Yes,0.5,DK,Jaleel Skinner,anytime_td,3.1,+210,0.3451,0.0698,0.0083,0,,0,market,,,,15,C,,,prop|anytime_td|Jaleel Skinner|0.5
cfb,401856718,2026-10-10T19:30Z,MISS,VAN,prop,Yes,0.5,FD,JT Lindsey,anytime_td,3.3,+230,0.3362,0.1095,0.0119,0,,0,market,,,,5,C,,,prop|anytime_td|JT Lindsey|0.5
nfl,401872987,2026-10-11T17:00Z,MIN,NO,prop,Under,238.5,ESPN,Tyler Shough,pass_yds,1.8696,-115,0.497,-0.0709,0.0,2,0.0015,0,market,0.6159,0.1516,,50,B,,,prop|pass_yds|Tyler Shough|238.5
nfl,401872985,2026-10-11T17:00Z,IND,PIT,prop,Over,224.5,ESPN,Aaron Rodgers,pass_yds,1.8696,-115,0.497,-0.0709,0.0,2,0.0015,0,market,0.6215,0.162,,50,B,,,prop|pass_yds|Aaron Rodgers|224.5
nfl,401872993,2026-10-12T00:20Z,BAL,ATL,prop,Under,6.5,MGM,Drake London,receptions,1.6452,-155,0.5936,-0.0235,0.0,2,0.0135,0,market,0.6959,0.1449,,38,C,,,prop|receptions|Drake London|6.5
nfl,401872993,2026-10-12T00:20Z,BAL,ATL,prop,Over,1.5,BR,Jahan Dotson,receptions,1.6757,-148,0.5588,-0.0637,0.0,3,0.0182,0,market,0.6701,0.1229,,48,C,,,prop|receptions|Jahan Dotson|1.5
nfl,401872986,2026-10-11T17:00Z,LV,NE,prop,Under,233.5,BR,Kirk Cousins,pass_yds,1.8547,-117,0.5,-0.0726,0.0,2,0.0015,0,market,0.61,0.1314,,50,B,,,prop|pass_yds|Kirk Cousins|233.5
nfl,401872994,2026-10-13T00:15Z,BUF,LAR,prop,Under,283.5,BR,Matthew Stafford,pass_yds,1.8547,-117,0.5,-0.0726,0.0,2,0.0015,0,market,0.5585,0.0358,,50,B,,,prop|pass_yds|Matthew Stafford|283.5
nfl,401872992,2026-10-11T20:25Z,SF,SEA,prop,Over,24.5,MGM,Cooper Kupp,rec_yds,1.8696,-115,0.4958,-0.0731,0.0,2,0.0021,0,market,0.5746,0.0744,,50,B,,,prop|rec_yds|Cooper Kupp|24.5
cfb,401856716,2026-10-10T16:00Z,TA&M,MIZ,prop,Yes,0.5,FD,Cayden Lee,anytime_td,2.55,+155,0.4183,0.0667,0.0108,0,,0,market,,,,15,C,,,prop|anytime_td|Cayden Lee|0.5
nfl,401872992,2026-10-11T20:25Z,SF,SEA,prop,Over,19.5,ESPN,Rashid Shaheed,rec_yds,1.7692,-130,0.5123,-0.0937,0.0,3,0.0109,0,market,0.6472,0.145,,55,B,,,prop|rec_yds|Rashid Shaheed|19.5
nfl,401872985,2026-10-11T17:00Z,IND,PIT,prop,Under,4.5,FD,Josh Downs,receptions,2.12,+112,0.4367,-0.0743,0.0,2,0.0024,0,market,0.5435,0.1522,,50,B,,,prop|receptions|Josh Downs|4.5
cfb,401856825,2026-10-10T19:30Z,HOU,KSU,prop,Yes,0.5,FD,Amare Thomas,anytime_td,2.6,+160,0.4097,0.0652,0.0102,0,,0,market,,,,15,C,,,prop|anytime_td|Amare Thomas|0.5
nfl,401872986,2026-10-11T17:00Z,LV,NE,prop,Over,42.5,FD,Tre Tucker,rec_yds,1.8772,-114,0.495,-0.0709,0.0,2,0.0025,0,market,0.5668,0.0641,,49,C,,,prop|rec_yds|Tre Tucker|42.5
nfl,401872986,2026-10-11T17:00Z,LV,NE,prop,Over,3.5,ESPN,Tre Tucker,receptions,1.9091,-110,0.4739,-0.0952,0.0,4,0.0207,0,market,0.5566,0.0626,,55,B,,,prop|receptions|Tre Tucker|3.5
nfl,401872993,2026-10-12T00:20Z,BAL,ATL,prop,Over,1.5,DK,Jahan Dotson,receptions,1.6757,-148,0.5566,-0.0673,0.0,3,0.0182,0,market,0.6701,0.1229,,48,C,,,prop|receptions|Jahan Dotson|1.5
cfb,401856714,2026-10-10T16:45Z,SC,FLA,prop,Yes,0.5,FD,Aaron Philo,anytime_td,2.55,+155,0.417,0.0633,0.0102,0,,0,market,,,,15,C,,,prop|anytime_td|Aaron Philo|0.5
nfl,401872982,2026-10-11T17:00Z,CIN,MIA,prop,Over,249.5,POLY,Joe Burrow,pass_yds,1.9231,-108,0.505,-0.0288,0.0,1,,1,market,0.5458,0.0496,,38,C,28,yes 0.49/0.52,prop|pass_yds|Joe Burrow|249.5
nfl,401872984,2026-10-11T17:00Z,HOU,TEN,prop,Over,17.5,DK,Gunnar Helm,rec_yds,1.8621,-116,0.5,-0.0689,0.0,2,0.0042,0,market,0.5539,0.0314,,48,C,,,prop|rec_yds|Gunnar Helm|17.5
nfl,401872993,2026-10-12T00:20Z,BAL,ATL,prop,Under,35.5,DK,Brian Robinson Jr.,rush_yds,1.8621,-116,0.5,-0.0689,0.0,2,0.0042,0,market,0.5748,0.0704,,48,C,,,prop|rush_yds|Brian Robinson Jr.|35.5
nfl,401872988,2026-10-11T17:00Z,NYG,WSH,prop,Over,1.5,ESPN,Darnell Mooney,receptions,1.7692,-130,0.5172,-0.085,0.0,3,0.0139,0,market,0.6087,0.077,,52,B,,,prop|receptions|Darnell Mooney|1.5
cfb,401858485,2026-10-10T23:30Z,USC,PSU,prop,Yes,0.5,DK,Waymond Jordan,anytime_td,2.4,+140,0.4595,0.1028,0.0184,0,,0,market,,,,5,C,,,prop|anytime_td|Waymond Jordan|0.5
nfl,401872989,2026-10-11T20:05Z,DEN,LAC,prop,Under,27.5,MGM,RJ Harvey,rec_yds,1.8696,-115,0.495,-0.0746,0.0,2,0.0025,0,market,0.5844,0.0926,,49,C,,,prop|rec_yds|RJ Harvey|27.5
cfb,401858257,2026-10-10T19:30Z,STAN,ND,prop,Yes,0.5,FD,Nolan James Jr.,anytime_td,1.6061,-165,0.6607,0.0612,0.0252,0,,0,market,,,,15,C,,,prop|anytime_td|Nolan James Jr.|0.5
nfl,401872983,2026-10-11T17:00Z,CLE,NYJ,prop,Under,6.5,FD,Garrett Wilson,receptions,1.625,-160,0.5594,-0.091,0.0,3,0.0128,0,market,0.6959,0.1308,,53,B,,,prop|receptions|Garrett Wilson|6.5
nfl,401872985,2026-10-11T17:00Z,IND,PIT,prop,Under,3.5,ESPN,Pat Freiermuth,receptions,1.6667,-150,0.5501,-0.0832,0.0,3,0.0152,0,market,0.7418,0.2364,,51,B,,,prop|receptions|Pat Freiermuth|3.5
cfb,401858483,2026-10-10T20:15Z,MD,OSU,prop,Yes,0.5,FD,Bo Jackson,anytime_td,1.6061,-165,0.6604,0.0607,0.025,0,,0,market,,,,15,C,,,prop|anytime_td|Bo Jackson|0.5
nfl,401872991,2026-10-11T20:25Z,DET,ARI,prop,Over,35.5,POLY,Jared Goff,pass_att,2.0833,+108,0.465,-0.0313,0.0,1,,1,market,0.5124,0.0674,,38,C,1514,yes 0.45/0.48,prop|pass_att|Jared Goff|35.5
cfb,401858487,2026-10-10T01:00Z,IOWA,WASH,prop,Yes,0.5,FD,Rashid Williams,anytime_td,6.5,+550,0.1693,0.1006,0.0046,0,,0,market,,,,5,C,,,prop|anytime_td|Rashid Williams|0.5
nfl,401872992,2026-10-11T20:25Z,SF,SEA,prop,Over,19.5,POLY,AJ Barner,rec_yds,1.5873,-170,0.61,-0.0317,0.0,1,,1,market,0.6552,0.04,,38,C,29,yes 0.59/0.63,prop|rec_yds|AJ Barner|19.5
cfb,401856712,2026-10-10T23:30Z,UGA,ALA,prop,Yes,0.5,MGM,Kaleb Edwards,anytime_td,6.5,+550,0.1692,0.1,0.0045,0,,0,market,,,,5,C,,,prop|anytime_td|Kaleb Edwards|0.5
nfl,401872988,2026-10-11T17:00Z,NYG,WSH,prop,Under,56.5,BR,Jacory Croskey-Merritt,rush_yds,1.8475,-118,0.5,-0.0763,0.0,2,0.0025,0,market,0.5722,0.0572,,49,C,,,prop|rush_yds|Jacory Croskey-Merritt|56.5
nfl,401872991,2026-10-11T20:25Z,DET,ARI,prop,Over,53.5,BR,Jameson Williams,rec_yds,1.8547,-117,0.4979,-0.0765,0.0,2,0.0026,0,market,0.6039,0.12,,49,C,,,prop|rec_yds|Jameson Williams|53.5
cfb,401858481,2026-10-10T16:00Z,IU,NEB,prop,Yes,0.5,FD,Isaiah Mozee,anytime_td,6.5,+550,0.163,0.0593,0.0027,0,,0,market,,,,15,C,,,prop|anytime_td|Isaiah Mozee|0.5
nfl,401872986,2026-10-11T17:00Z,LV,NE,prop,Under,33.5,DK,Kirk Cousins,pass_att,1.8929,-112,0.4899,-0.0728,0.0,2,0.004,0,market,0.5694,0.0778,,48,C,,,prop|pass_att|Kirk Cousins|33.5
cfb,401858257,2026-10-10T19:30Z,STAN,ND,prop,Yes,0.5,FD,Aneyas Williams,anytime_td,1.7692,-130,0.6211,0.0989,0.0321,0,,0,market,,,,5,C,,,prop|anytime_td|Aneyas Williams|0.5
cfb,401858481,2026-10-10T16:00Z,IU,NEB,prop,Yes,0.5,FD,Nyziah Hunter,anytime_td,7.5,+650,0.1411,0.0586,0.0023,0,,0,market,,,,15,C,,,prop|anytime_td|Nyziah Hunter|0.5
cfb,401856714,2026-10-10T16:45Z,SC,FLA,prop,Yes,0.5,FD,Vernell Brown III,anytime_td,2.45,+145,0.4319,0.0582,0.01,0,,0,market,,,,15,C,,,prop|anytime_td|Vernell Brown III|0.5
cfb,401858484,2026-10-10T19:30Z,UCLA,ORE,prop,Yes,0.5,FD,Nico Iamaleava,anytime_td,3.3,+230,0.3205,0.0575,0.0063,0,,0,market,,,,15,C,,,prop|anytime_td|Nico Iamaleava|0.5
cfb,401858485,2026-10-10T23:30Z,USC,PSU,prop,Yes,0.5,FD,Waymond Jordan,anytime_td,2.3,+130,0.4595,0.0569,0.0109,0,,0,market,,,,15,C,,,prop|anytime_td|Waymond Jordan|0.5
cfb,401856827,2026-10-11T02:15Z,KU,UTAH,prop,Yes,0.5,FD,Nahzae Cox,anytime_td,6.5,+550,0.1625,0.0561,0.0026,0,,0,market,,,,15,C,,,prop|anytime_td|Nahzae Cox|0.5
nfl,401872990,2026-10-11T17:00Z,CHI,GB,prop,Under,4.5,MGM,Matthew Golden,receptions,1.7407,-135,0.5007,-0.1284,0.0,4,0.0147,0,market,0.6408,0.1155,,61,B,,,prop|receptions|Matthew Golden|4.5
cfb,401856714,2026-10-10T16:45Z,SC,FLA,prop,Yes,0.5,DK,Dallas Wilson,anytime_td,2.5,+150,0.4223,0.0556,0.0093,0,,0,market,,,,15,C,,,prop|anytime_td|Dallas Wilson|0.5
nfl,401872988,2026-10-11T17:00Z,NYG,WSH,prop,Over,1.5,FD,Darnell Mooney,receptions,1.7576,-132,0.5163,-0.0925,0.0,3,0.0139,0,market,0.6087,0.0699,,52,B,,,prop|receptions|Darnell Mooney|1.5
cfb,401856718,2026-10-10T19:30Z,MISS,VAN,prop,Yes,0.5,FD,Caleb Cunningham,anytime_td,6.5,+550,0.1685,0.095,0.0043,0,,0,market,,,,5,C,,,prop|anytime_td|Caleb Cunningham|0.5
nfl,401872989,2026-10-11T20:05Z,DEN,LAC,prop,Under,26.5,FD,RJ Harvey,rec_yds,1.8772,-114,0.4916,-0.0772,0.0,2,0.0042,0,market,0.5663,0.063,,48,C,,,prop|rec_yds|RJ Harvey|26.5
nfl,401872986,2026-10-11T17:00Z,LV,NE,prop,Over,3.5,FD,Tre Tucker,receptions,1.8929,-112,0.4726,-0.1054,0.0,4,0.0207,0,market,0.5566,0.0536,,55,B,,,prop|receptions|Tre Tucker|3.5
nfl,401872991,2026-10-11T20:25Z,DET,ARI,prop,Yes,0.5,MGM,Brock Wright,anytime_td,8.0,+700,0.1318,0.0542,0.0019,0,,0,market,0.1315,0.052,,15,C,,,prop|anytime_td|Brock Wright|0.5
nfl,401872990,2026-10-11T17:00Z,CHI,GB,prop,Over,2.5,ESPN,Rome Odunze,receptions,1.5263,-190,0.6037,-0.0786,0.0,2,0.0038,0,market,0.6867,0.0481,,48,C,,,prop|receptions|Rome Odunze|2.5
cfb,401858483,2026-10-10T20:15Z,MD,OSU,prop,Yes,0.5,DK,Brandon Inniss,anytime_td,3.1,+210,0.3527,0.0934,0.0111,0,,0,market,,,,5,C,,,prop|anytime_td|Brandon Inniss|0.5
cfb,401856716,2026-10-10T16:00Z,TA&M,MIZ,prop,Yes,0.5,FD,Jamal Roberts,anytime_td,1.3571,-280,0.7762,0.0533,0.0373,0,,0,market,,,,15,C,,,prop|anytime_td|Jamal Roberts|0.5
cfb,401858481,2026-10-10T16:00Z,IU,NEB,prop,Yes,0.5,FD,Tyler Morris,anytime_td,7.5,+650,0.1404,0.0531,0.002,0,,0,market,,,,15,C,,,prop|anytime_td|Tyler Morris|0.5
cfb,401856714,2026-10-10T16:45Z,SC,FLA,prop,Yes,0.5,DK,TJ Abrams,anytime_td,7.0,+600,0.1561,0.0927,0.0039,0,,0,market,,,,5,C,,,prop|anytime_td|TJ Abrams|0.5
nfl,401872991,2026-10-11T20:25Z,DET,ARI,prop,Under,269.5,ESPN,Jacoby Brissett,pass_yds,1.8333,-120,0.5021,-0.0795,0.0,2,0.004,0,market,0.6711,0.2303,,48,C,,,prop|pass_yds|Jacoby Brissett|269.5
cfb,401856714,2026-10-10T16:45Z,SC,FLA,prop,Yes,0.5,DK,Eric Singleton Jr.,anytime_td,4.5,+350,0.2428,0.0925,0.0066,0,,0,market,,,,5,C,,,prop|anytime_td|Eric Singleton Jr.|0.5
cfb,401858254,2026-10-09T23:00Z,FSU,LOU,prop,Yes,0.5,BR,Lawayne McCoy,anytime_td,2.88,+188,0.3654,0.0524,0.007,0,,0,market,,,,15,C,,,prop|anytime_td|Lawayne McCoy|0.5
nfl,401872986,2026-10-11T17:00Z,LV,NE,prop,Under,19.5,DK,Drake Maye,completions,1.885,-113,0.4899,-0.0766,0.0,2,0.0051,0,market,0.5583,0.0524,,47,C,,,prop|completions|Drake Maye|19.5
cfb,401858256,2026-10-10T16:00Z,UNC,PITT,prop,Yes,0.5,DK,Ja'Kyrian Turner,anytime_td,2.3,+130,0.4571,0.0512,0.0099,0,,0,market,,,,15,C,,,prop|anytime_td|Ja'Kyrian Turner|0.5
cfb,401856827,2026-10-11T02:15Z,KU,UTAH,prop,Yes,0.5,FD,Creed Whittemore,anytime_td,4.0,+300,0.2627,0.0507,0.0042,0,,0,market,,,,15,C,,,prop|anytime_td|Creed Whittemore|0.5
cfb,401856826,2026-10-10T02:15Z,ISU,BYU,prop,Yes,0.5,MGM,Legend Glasker,anytime_td,2.75,+175,0.3966,0.0905,0.0129,0,,0,market,,,,5,C,,,prop|anytime_td|Legend Glasker|0.5
cfb,401858257,2026-10-10T19:30Z,STAN,ND,prop,Yes,0.5,DK,Jaden Greathouse,anytime_td,2.15,+115,0.4884,0.05,0.0109,0,,0,market,,,,15,C,,,prop|anytime_td|Jaden Greathouse|0.5
cfb,401856827,2026-10-11T02:15Z,KU,UTAH,prop,Yes,0.5,DK,Devon Dampier,anytime_td,2.1,+110,0.5184,0.0886,0.0201,0,,0,market,,,,5,C,,,prop|anytime_td|Devon Dampier|0.5
nfl,401872985,2026-10-11T17:00Z,IND,PIT,prop,Under,3.5,FD,Pat Freiermuth,receptions,1.6494,-154,0.5482,-0.0958,0.0,3,0.0152,0,market,0.7418,0.2235,,51,B,,,prop|receptions|Pat Freiermuth|3.5
nfl,401872994,2026-10-13T00:15Z,BUF,LAR,prop,Under,4.5,FD,Dalton Kincaid,receptions,1.6024,-166,0.559,-0.1043,0.0,3,0.0133,0,market,0.7453,0.1943,,53,B,,,prop|receptions|Dalton Kincaid|4.5
cfb,401858257,2026-10-10T19:30Z,STAN,ND,prop,Yes,0.5,FD,CJ Carr,anytime_td,2.9,+190,0.3611,0.0472,0.0062,0,,0,market,,,,15,C,,,prop|anytime_td|CJ Carr|0.5
nfl,401872994,2026-10-13T00:15Z,BUF,LAR,prop,Over,39.5,POLY,Keon Coleman,rec_yds,1.8182,-122,0.525,-0.0454,0.0,1,,1,market,0.5829,0.0599,,38,C,28,yes 0.50/0.55,prop|rec_yds|Keon Coleman|39.5
cfb,401856716,2026-10-10T16:00Z,TA&M,MIZ,prop,Yes,0.5,DK,Aaron Gregory,anytime_td,7.0,+600,0.1494,0.0457,0.0019,0,,0,market,,,,15,C,,,prop|anytime_td|Aaron Gregory|0.5
cfb,401856714,2026-10-10T16:45Z,SC,FLA,prop,Yes,0.5,FD,Luke Harpring,anytime_td,5.1,+410,0.205,0.0453,0.0028,0,,0,market,,,,15,C,,,prop|anytime_td|Luke Harpring|0.5
nfl,401872991,2026-10-11T20:25Z,DET,ARI,prop,Yes,0.5,DK,Sione Vaki,anytime_td,8.0,+700,0.1306,0.0448,0.0016,0,,0,market,0.1345,0.076,,15,C,,,prop|anytime_td|Sione Vaki|0.5
nfl,401872991,2026-10-11T20:25Z,DET,ARI,prop,Yes,0.5,FD,Sione Vaki,anytime_td,8.0,+700,0.1306,0.0448,0.0016,0,,0,market,0.1345,0.076,,15,C,,,prop|anytime_td|Sione Vaki|0.5
cfb,401858483,2026-10-10T20:15Z,MD,OSU,prop,Yes,0.5,FD,Nate Roberts,anytime_td,3.5,+250,0.3099,0.0848,0.0085,0,,0,market,,,,5,C,,,prop|anytime_td|Nate Roberts|0.5
nfl,401872981,2026-10-11T13:30Z,PHI,JAX,prop,Over,13.5,ESPN,Trevor Lawrence,rush_yds,1.8333,-120,0.5,-0.0834,0.0,2,0.0051,0,market,0.5817,0.0665,,47,C,,,prop|rush_yds|Trevor Lawrence|13.5
nfl,401872993,2026-10-12T00:20Z,BAL,ATL,prop,Over,11.5,ESPN,Justice Hill,rush_yds,1.8333,-120,0.5,-0.0834,0.0,2,0.0051,0,market,0.5995,0.0992,,47,C,,,prop|rush_yds|Justice Hill|11.5
nfl,401872994,2026-10-13T00:15Z,BUF,LAR,prop,Over,62.5,ESPN,Davante Adams,rec_yds,1.8333,-120,0.5,-0.0834,0.0,2,0.0051,0,market,0.7084,0.2986,,47,C,,,prop|rec_yds|Davante Adams|62.5
nfl,401872994,2026-10-13T00:15Z,BUF,LAR,prop,Over,31.5,ESPN,Blake Corum,rush_yds,1.8333,-120,0.5,-0.0834,0.0,2,0.0051,0,market,0.6091,0.1167,,47,C,,,prop|rush_yds|Blake Corum|31.5
cfb,401858483,2026-10-10T20:15Z,MD,OSU,prop,Yes,0.5,MGM,Devin McCuin,anytime_td,2.2,+120,0.493,0.0845,0.0176,0,,0,market,,,,5,C,,,prop|anytime_td|Devin McCuin|0.5
nfl,401872993,2026-10-12T00:20Z,BAL,ATL,prop,Yes,0.5,MGM,Austin Hooper,anytime_td,10.0,+900,0.1044,0.0443,0.0012,0,,0,market,,,,15,C,,,prop|anytime_td|Austin Hooper|0.5
cfb,401856714,2026-10-10T16:45Z,SC,FLA,prop,Yes,0.5,FD,Duke Clark,anytime_td,2.35,+135,0.4614,0.0843,0.0156,0,,0,market,,,,5,C,,,prop|anytime_td|Duke Clark|0.5
cfb,401858485,2026-10-10T23:30Z,USC,PSU,prop,Yes,0.5,MGM,Zacharyus Williams,anytime_td,2.85,+185,0.3659,0.0428,0.0058,0,,0,market,,,,15,C,,,prop|anytime_td|Zacharyus Williams|0.5
nfl,401872989,2026-10-11T20:05Z,DEN,LAC,prop,Under,3.5,MGM,RJ Harvey,receptions,2.25,+125,0.4064,-0.0855,0.0,2,0.005,0,market,0.5686,0.2793,,47,C,,,prop|receptions|RJ Harvey|3.5
cfb,401858254,2026-10-09T23:00Z,FSU,LOU,prop,Yes,0.5,FD,Ashton Daniels,anytime_td,1.625,-160,0.6415,0.0424,0.017,0,,0,market,,,,15,C,,,prop|anytime_td|Ashton Daniels|0.5
nfl,401872994,2026-10-13T00:15Z,BUF,LAR,prop,Over,19.5,ESPN,Kyren Williams,rec_yds,1.7692,-130,0.5025,-0.1109,0.0,3,0.0134,0,market,0.634,0.1216,,53,B,,,prop|rec_yds|Kyren Williams|19.5
nfl,401872989,2026-10-11T20:05Z,DEN,LAC,prop,Under,39.5,POLY,Courtland Sutton,rec_yds,1.7857,-127,0.5,-0.1071,0.0,2,0.0076,1,market,0.5775,0.0312,,52,B,29,no @ 0.56,prop|rec_yds|Courtland Sutton|39.5
cfb,401856717,2026-10-10T19:30Z,TEX,OU,prop,Yes,0.5,DK,Jonathan Hatton Jr.,anytime_td,8.5,+750,0.1224,0.0408,0.0014,0,,0,market,,,,15,C,,,prop|anytime_td|Jonathan Hatton Jr.|0.5
cfb,401856717,2026-10-10T19:30Z,TEX,OU,prop,Yes,0.5,FD,Raleek Brown,anytime_td,2.65,+165,0.3926,0.0405,0.0061,0,,0,market,,,,15,C,,,prop|anytime_td|Raleek Brown|0.5
nfl,401872989,2026-10-11T20:05Z,DEN,LAC,prop,Yes,0.5,DK,Marvin Mims Jr.,anytime_td,9.0,+800,0.1155,0.0394,0.0012,0,,0,market,,,,15,C,,,prop|anytime_td|Marvin Mims Jr.|0.5
nfl,401872989,2026-10-11T20:05Z,DEN,LAC,prop,Yes,0.5,FD,Marvin Mims Jr.,anytime_td,9.0,+800,0.1155,0.0394,0.0012,0,,0,market,,,,15,C,,,prop|anytime_td|Marvin Mims Jr.|0.5
cfb,401856714,2026-10-10T16:45Z,SC,FLA,prop,Yes,0.5,DK,Bailey Stockton,anytime_td,4.1,+310,0.2533,0.0386,0.0031,0,,0,market,,,,15,C,,,prop|anytime_td|Bailey Stockton|0.5
cfb,401856718,2026-10-10T19:30Z,MISS,VAN,prop,Yes,0.5,FD,Caleb Odom,anytime_td,4.1,+310,0.2533,0.0384,0.0031,0,,0,market,,,,15,C,,,prop|anytime_td|Caleb Odom|0.5
cfb,401858254,2026-10-09T23:00Z,FSU,LOU,prop,Yes,0.5,BR,Keyjuan Brown,anytime_td,1.9346,-107,0.5365,0.0379,0.0101,0,,0,market,,,,15,C,,,prop|anytime_td|Keyjuan Brown|0.5
nfl,401872982,2026-10-11T17:00Z,CIN,MIA,prop,Yes,0.5,FD,Malik Willis,anytime_td,4.3,+330,0.2413,0.0376,0.0028,0,,0,market,0.19,-0.183,,15,C,,,prop|anytime_td|Malik Willis|0.5
cfb,401858487,2026-10-10T01:00Z,IOWA,WASH,prop,Yes,0.5,FD,Dezmen Roebuck,anytime_td,4.0,+300,0.2594,0.0376,0.0031,0,,0,market,,,,15,C,,,prop|anytime_td|Dezmen Roebuck|0.5
nfl,401872981,2026-10-11T13:30Z,PHI,JAX,prop,Over,34.5,ESPN,Brenton Strange,rec_yds,1.8333,-120,0.4979,-0.0872,0.0,2,0.0061,0,market,0.6011,0.1021,,46,C,,,prop|rec_yds|Brenton Strange|34.5
cfb,401856827,2026-10-11T02:15Z,KU,UTAH,prop,Yes,0.5,FD,Devon Dampier,anytime_td,2.0,+100,0.5184,0.0367,0.0092,0,,0,market,,,,15,C,,,prop|anytime_td|Devon Dampier|0.5
cfb,401858254,2026-10-09T23:00Z,FSU,LOU,prop,Yes,0.5,FD,Micahi Danzy,anytime_td,3.9,+290,0.2658,0.0366,0.0032,0,,0,market,,,,15,C,,,prop|anytime_td|Micahi Danzy|0.5
cfb,401858483,2026-10-10T20:15Z,MD,OSU,prop,Yes,0.5,FD,Ja'Kobi Jackson,anytime_td,1.6061,-165,0.6446,0.0354,0.0146,0,,0,market,,,,15,C,,,prop|anytime_td|Ja'Kobi Jackson|0.5
cfb,401856716,2026-10-10T16:00Z,TA&M,MIZ,prop,Yes,0.5,FD,Mario Craver,anytime_td,3.2,+220,0.3234,0.0348,0.004,0,,0,market,,,,15,C,,,prop|anytime_td|Mario Craver|0.5
cfb,401856717,2026-10-10T19:30Z,TEX,OU,prop,Yes,0.5,FD,Isaiah Sategna III,anytime_td,3.5,+250,0.2953,0.0336,0.0034,0,,0,market,,,,15,C,,,prop|anytime_td|Isaiah Sategna III|0.5
cfb,401858485,2026-10-10T23:30Z,USC,PSU,prop,Yes,0.5,DK,Jayden Maiava,anytime_td,4.2,+320,0.2459,0.0327,0.0026,0,,0,market,,,,15,C,,,prop|anytime_td|Jayden Maiava|0.5
cfb,401856825,2026-10-10T19:30Z,HOU,KSU,prop,Yes,0.5,FD,Brandon White,anytime_td,4.5,+350,0.2294,0.0322,0.0023,0,,0,market,,,,15,C,,,prop|anytime_td|Brandon White|0.5
cfb,401856717,2026-10-10T19:30Z,TEX,OU,prop,Yes,0.5,FD,Cam Coleman,anytime_td,3.1,+210,0.3326,0.0311,0.0037,0,,0,market,,,,15,C,,,prop|anytime_td|Cam Coleman|0.5
cfb,401858254,2026-10-09T23:00Z,FSU,LOU,prop,Yes,0.5,BR,Ashton Daniels,anytime_td,1.6061,-165,0.6415,0.0303,0.0125,0,,0,market,,,,15,C,,,prop|anytime_td|Ashton Daniels|0.5
cfb,401858254,2026-10-09T23:00Z,FSU,LOU,prop,Yes,0.5,MGM,Tre Richardson,anytime_td,2.55,+155,0.4035,0.029,0.0047,0,,0,market,,,,15,C,,,prop|anytime_td|Tre Richardson|0.5
nfl,401872985,2026-10-11T17:00Z,IND,PIT,prop,Under,28.5,ESPN,Pat Freiermuth,rec_yds,1.8333,-120,0.4958,-0.0911,0.0,2,0.0072,0,market,0.6222,0.1406,,45,C,,,prop|rec_yds|Pat Freiermuth|28.5
cfb,401858254,2026-10-09T23:00Z,FSU,LOU,prop,Yes,0.5,FD,Ousmane Kromah,anytime_td,1.6061,-165,0.6404,0.0286,0.0118,0,,0,market,,,,15,C,,,prop|anytime_td|Ousmane Kromah|0.5
cfb,401858483,2026-10-10T20:15Z,MD,OSU,prop,Yes,0.5,DK,Bo Jackson,anytime_td,1.5556,-180,0.6604,0.0274,0.0123,0,,0,market,,,,15,C,,,prop|anytime_td|Bo Jackson|0.5
cfb,401858483,2026-10-10T20:15Z,MD,OSU,prop,Yes,0.5,DK,Bo Jackson,anytime_td,1.5556,-180,0.6604,0.0274,0.0123,0,,0,market,,,,15,C,,,prop|anytime_td|Bo Jackson|0.5
cfb,401858485,2026-10-10T23:30Z,USC,PSU,prop,Yes,0.5,DK,Mark Bowman,anytime_td,3.8,+280,0.2702,0.0268,0.0024,0,,0,market,,,,15,C,,,prop|anytime_td|Mark Bowman|0.5
cfb,401856716,2026-10-10T16:00Z,TA&M,MIZ,prop,Yes,0.5,DK,Ashton Bethel-Roman,anytime_td,10.0,+900,0.1024,0.0243,0.0007,0,,0,market,,,,15,C,,,prop|anytime_td|Ashton Bethel-Roman|0.5
cfb,401858254,2026-10-09T23:00Z,FSU,LOU,prop,Yes,0.5,BR,Micahi Danzy,anytime_td,3.85,+285,0.2658,0.0233,0.002,0,,0,market,,,,15,C,,,prop|anytime_td|Micahi Danzy|0.5
cfb,401856716,2026-10-10T16:00Z,TA&M,MIZ,prop,Yes,0.5,FD,Marcel Reed,anytime_td,2.9,+190,0.3523,0.0217,0.0028,0,,0,market,,,,15,C,,,prop|anytime_td|Marcel Reed|0.5
cfb,401856714,2026-10-10T16:45Z,SC,FLA,prop,Yes,0.5,MGM,Aaron Philo,anytime_td,2.45,+145,0.417,0.0216,0.0037,0,,0,market,,,,15,C,,,prop|anytime_td|Aaron Philo|0.5
nfl,401872982,2026-10-11T17:00Z,CIN,MIA,prop,Yes,0.5,DK,Samaje Perine,anytime_td,5.0,+400,0.2041,0.0208,0.0013,0,,0,market,0.1526,-0.237,,15,C,,,prop|anytime_td|Samaje Perine|0.5
nfl,401872982,2026-10-11T17:00Z,CIN,MIA,prop,Yes,0.5,DK,Chase Brown,anytime_td,1.6897,-145,0.6036,0.0199,0.0072,0,,0,market,0.4723,-0.202,,15,C,,,prop|anytime_td|Chase Brown|0.5
nfl,401872993,2026-10-12T00:20Z,BAL,ATL,prop,Over,1.5,FD,Jahan Dotson,receptions,1.6173,-162,0.5489,-0.1123,0.0,3,0.0182,0,market,0.6701,0.0837,,48,C,,,prop|receptions|Jahan Dotson|1.5
cfb,401858257,2026-10-10T19:30Z,STAN,ND,prop,Yes,0.5,FD,Jonaz Walton,anytime_td,1.625,-160,0.627,0.0188,0.0075,0,,0,market,,,,15,C,,,prop|anytime_td|Jonaz Walton|0.5
nfl,401872991,2026-10-11T20:25Z,DET,ARI,prop,Yes,0.5,DK,Isaac TeSlaa,anytime_td,5.25,+425,0.1939,0.0181,0.0011,0,,0,market,0.1689,-0.1133,,15,C,,,prop|anytime_td|Isaac TeSlaa|0.5
cfb,401858254,2026-10-09T23:00Z,FSU,LOU,prop,Yes,0.5,BR,Jaleel Skinner,anytime_td,2.95,+195,0.3451,0.018,0.0023,0,,0,market,,,,15,C,,,prop|anytime_td|Jaleel Skinner|0.5
nfl,401872989,2026-10-11T20:05Z,DEN,LAC,prop,Yes,0.5,FD,Troy Franklin,anytime_td,8.5,+750,0.1197,0.0177,0.0006,0,,0,market,,,,15,C,,,prop|anytime_td|Troy Franklin|0.5
cfb,401858257,2026-10-10T19:30Z,STAN,ND,prop,Yes,0.5,DK,Jordan Faison,anytime_td,1.4545,-220,0.6996,0.0176,0.0097,0,,0,market,,,,15,C,,,prop|anytime_td|Jordan Faison|0.5
cfb,401856827,2026-10-11T02:15Z,KU,UTAH,prop,Yes,0.5,FD,Cam Pickett,anytime_td,5.3,+430,0.1915,0.0151,0.0009,0,,0,market,,,,15,C,,,prop|anytime_td|Cam Pickett|0.5
nfl,401872982,2026-10-11T17:00Z,CIN,MIA,prop,Yes,0.5,FD,Jaylen Wright,anytime_td,3.5,+250,0.2899,0.0147,0.0015,0,,0,market,0.115,-0.5975,,15,C,,,prop|anytime_td|Jaylen Wright|0.5
cfb,401858485,2026-10-10T23:30Z,USC,PSU,prop,Yes,0.5,FD,Tanook Hines,anytime_td,3.3,+230,0.3073,0.0142,0.0015,0,,0,market,,,,15,C,,,prop|anytime_td|Tanook Hines|0.5
cfb,401856825,2026-10-10T19:30Z,HOU,KSU,prop,Yes,0.5,DK,Jaron Tibbs,anytime_td,3.85,+285,0.2633,0.0139,0.0012,0,,0,market,,,,15,C,,,prop|anytime_td|Jaron Tibbs|0.5
cfb,401856714,2026-10-10T16:45Z,SC,FLA,prop,Yes,0.5,FD,Dallas Wilson,anytime_td,2.4,+140,0.4223,0.0134,0.0024,0,,0,market,,,,15,C,,,prop|anytime_td|Dallas Wilson|0.5
cfb,401858254,2026-10-09T23:00Z,FSU,LOU,prop,Yes,0.5,MGM,TreyShun Hurry,anytime_td,3.5,+250,0.2892,0.0123,0.0012,0,,0,market,,,,15,C,,,prop|anytime_td|TreyShun Hurry|0.5
nfl,401872993,2026-10-12T00:20Z,BAL,ATL,prop,Over,12.5,BR,Justice Hill,rush_yds,1.8547,-117,0.4852,-0.1001,0.0,2,0.0089,0,market,0.5728,0.0623,,43,C,,,prop|rush_yds|Justice Hill|12.5
cfb,401856827,2026-10-11T02:15Z,KU,UTAH,prop,Yes,0.5,FD,Nik McMillan,anytime_td,4.5,+350,0.2246,0.0109,0.0008,0,,0,market,,,,15,C,,,prop|anytime_td|Nik McMillan|0.5
nfl,401872984,2026-10-11T17:00Z,HOU,TEN,prop,Yes,0.5,FD,Tyjae Spears,anytime_td,7.5,+650,0.1347,0.0104,0.0004,0,,0,market,0.0847,-0.3648,,15,C,,,prop|anytime_td|Tyjae Spears|0.5
nfl,401872982,2026-10-11T17:00Z,CIN,MIA,prop,Yes,0.5,FD,Ollie Gordon II,anytime_td,2.55,+155,0.3961,0.0101,0.0016,0,,0,market,,,,15,C,,,prop|anytime_td|Ollie Gordon II|0.5
cfb,401858484,2026-10-10T19:30Z,UCLA,ORE,prop,Yes,0.5,DK,Brayden Loftin,anytime_td,7.5,+650,0.1347,0.0101,0.0004,0,,0,market,,,,15,C,,,prop|anytime_td|Brayden Loftin|0.5
nfl,401872990,2026-10-11T17:00Z,CHI,GB,prop,Over,14.5,DK,D'Andre Swift,rec_yds,1.9346,-107,0.4894,-0.0531,0.0,1,,0,market,0.5858,0.1332,,30,C,,,prop|rec_yds|D'Andre Swift|14.5
nfl,401872981,2026-10-11T13:30Z,PHI,JAX,prop,Under,25.5,DK,Jalen Hurts,rush_yds,1.9259,-108,0.4916,-0.0533,0.0,1,,0,market,0.6328,0.2187,,30,C,,,prop|rush_yds|Jalen Hurts|25.5
nfl,401872990,2026-10-11T17:00Z,CHI,GB,prop,Under,50.5,DK,Tucker Kraft,rec_yds,1.8696,-115,0.5063,-0.0533,0.0,1,,0,market,0.6875,0.2853,,30,C,,,prop|rec_yds|Tucker Kraft|50.5
nfl,401872982,2026-10-11T17:00Z,CIN,MIA,prop,Under,22.5,DK,Jaylen Wright,rush_yds,1.8696,-115,0.5063,-0.0533,0.0,1,,0,market,0.6385,0.1937,,30,C,,,prop|rush_yds|Jaylen Wright|22.5
nfl,401872985,2026-10-11T17:00Z,IND,PIT,prop,Under,48.5,DK,Tyler Warren,rec_yds,1.8696,-115,0.5063,-0.0533,0.0,1,,0,market,0.7188,0.3439,,30,C,,,prop|rec_yds|Tyler Warren|48.5
nfl,401872988,2026-10-11T17:00Z,NYG,WSH,prop,Over,17.5,DK,Darnell Mooney,rec_yds,1.8621,-116,0.5084,-0.0533,0.0,1,,0,market,0.5986,0.1147,,30,C,,,prop|rec_yds|Darnell Mooney|17.5
nfl,401872988,2026-10-11T17:00Z,NYG,WSH,prop,Over,13.5,DK,Cam Skattebo,rec_yds,1.9259,-108,0.4916,-0.0533,0.0,1,,0,market,0.5866,0.1298,,30,C,,,prop|rec_yds|Cam Skattebo|13.5
nfl,401872990,2026-10-11T17:00Z,CHI,GB,prop,Under,53.5,DK,Kyle Monangai,rush_yds,1.8929,-112,0.5,-0.0535,0.0,1,,0,market,0.5481,0.0375,,30,C,,,prop|rush_yds|Kyle Monangai|53.5
nfl,401872984,2026-10-11T17:00Z,HOU,TEN,prop,Under,191.5,DK,Cam Ward,pass_yds,1.8929,-112,0.5,-0.0535,0.0,1,,0,market,0.5784,0.0949,,30,C,,,prop|pass_yds|Cam Ward|191.5
nfl,401872984,2026-10-11T17:00Z,HOU,TEN,prop,Over,10.5,DK,C.J. Stroud,rush_yds,1.9174,-109,0.4937,-0.0535,0.0,1,,0,market,0.6128,0.1749,,30,C,,,prop|rush_yds|C.J. Stroud|10.5
nfl,401872986,2026-10-11T17:00Z,LV,NE,prop,Under,231.5,DK,Kirk Cousins,pass_yds,1.8929,-112,0.5,-0.0535,0.0,1,,0,market,0.5992,0.1343,,30,C,,,prop|pass_yds|Kirk Cousins|231.5
nfl,401872986,2026-10-11T17:00Z,LV,NE,prop,Over,41.5,DK,Tre Tucker,rec_yds,1.9091,-110,0.4958,-0.0535,0.0,1,,0,market,0.5793,0.106,,30,C,,,prop|rec_yds|Tre Tucker|41.5
nfl,401872987,2026-10-11T17:00Z,MIN,NO,prop,Under,239.5,DK,Tyler Shough,pass_yds,1.8929,-112,0.5,-0.0535,0.0,1,,0,market,0.6212,0.1758,,30,C,,,prop|pass_yds|Tyler Shough|239.5
nfl,401872985,2026-10-11T17:00Z,IND,PIT,prop,Under,85.5,DK,Jonathan Taylor,rush_yds,1.8929,-112,0.5,-0.0535,0.0,1,,0,market,0.5666,0.0725,,30,C,,,prop|rush_yds|Jonathan Taylor|85.5
nfl,401872991,2026-10-11T20:25Z,DET,ARI,prop,Over,278.5,DK,Jared Goff,pass_yds,1.8929,-112,0.5,-0.0535,0.0,1,,0,market,0.5627,0.065,,30,C,,,prop|pass_yds|Jared Goff|278.5
nfl,401872991,2026-10-11T20:25Z,DET,ARI,prop,Under,92.5,DK,Jahmyr Gibbs,rush_yds,1.8929,-112,0.5,-0.0535,0.0,1,,0,market,0.5619,0.0636,,30,C,,,prop|rush_yds|Jahmyr Gibbs|92.5
nfl,401872992,2026-10-11T20:25Z,SF,SEA,prop,Under,219.5,DK,Brock Purdy,pass_yds,1.9009,-111,0.4979,-0.0535,0.0,1,,0,market,0.5545,0.054,,30,C,,,prop|pass_yds|Brock Purdy|219.5
nfl,401872992,2026-10-11T20:25Z,SF,SEA,prop,Over,47.5,DK,Mike Evans,rec_yds,1.8772,-114,0.5042,-0.0535,0.0,1,,0,market,0.5557,0.0432,,30,C,,,prop|rec_yds|Mike Evans|47.5
nfl,401872992,2026-10-11T20:25Z,SF,SEA,prop,Over,23.5,DK,AJ Barner,rec_yds,1.9091,-110,0.4958,-0.0535,0.0,1,,0,market,0.6039,0.1529,,30,C,,,prop|rec_yds|AJ Barner|23.5
nfl,401872994,2026-10-13T00:15Z,BUF,LAR,prop,Over,20.5,DK,Kyren Williams,rec_yds,1.9091,-110,0.4958,-0.0535,0.0,1,,0,market,0.62,0.1836,,30,C,,,prop|rec_yds|Kyren Williams|20.5
nfl,401872994,2026-10-13T00:15Z,BUF,LAR,prop,Over,32.5,DK,Blake Corum,rush_yds,1.8929,-112,0.5,-0.0535,0.0,1,,0,market,0.5951,0.1265,,30,C,,,prop|rush_yds|Blake Corum|32.5
nfl,401872984,2026-10-11T17:00Z,HOU,TEN,prop,Over,17.5,DK,Jaylin Noel,rec_yds,1.885,-113,0.5021,-0.0536,0.0,1,,0,market,0.6549,0.2345,,30,C,,,prop|rec_yds|Jaylin Noel|17.5
nfl,401872985,2026-10-11T17:00Z,IND,PIT,prop,Over,223.5,DK,Aaron Rodgers,pass_yds,1.885,-113,0.5021,-0.0536,0.0,1,,0,market,0.6271,0.1821,,30,C,,,prop|pass_yds|Aaron Rodgers|223.5
nfl,401872990,2026-10-11T17:00Z,CHI,GB,prop,Over,3.5,MGM,Rome Odunze,receptions,2.2,+120,0.4064,-0.106,0.0,2,0.0092,0,market,0.4854,0.0679,,43,C,,,prop|receptions|Rome Odunze|3.5
nfl,401872991,2026-10-11T20:25Z,DET,ARI,prop,Under,79.5,BR,Trey McBride,rec_yds,1.8696,-115,0.4797,-0.1032,0.0,2,0.0102,0,market,0.6372,0.1914,,42,C,,,prop|rec_yds|Trey McBride|79.5
nfl,401872992,2026-10-11T20:25Z,SF,SEA,prop,Under,19.5,DK,Sam Darnold,completions,1.9804,-102,0.477,-0.0553,0.0,1,,0,market,0.5398,0.0691,,30,C,,,prop|completions|Sam Darnold|19.5
nfl,401872989,2026-10-11T20:05Z,DEN,LAC,prop,Under,4.5,DK,Bo Nix,rush_att,1.7576,-132,0.5372,-0.0558,0.0,1,,0,market,0.5896,0.0363,,30,C,,,prop|rush_att|Bo Nix|4.5
nfl,401872990,2026-10-11T17:00Z,CHI,GB,prop,Over,13.5,DK,D'Andre Swift,rush_att,1.8197,-122,0.5187,-0.0561,0.0,1,,0,market,0.6386,0.162,,30,C,,,prop|rush_att|D'Andre Swift|13.5
nfl,401872982,2026-10-11T17:00Z,CIN,MIA,prop,Under,19.5,ESPN,Jaylen Wright,rush_yds,2.1,+110,0.4495,-0.0561,0.0,1,,0,market,0.5668,0.1902,,30,C,,,prop|rush_yds|Jaylen Wright|19.5
nfl,401872984,2026-10-11T17:00Z,HOU,TEN,prop,Over,31.5,DK,C.J. Stroud,pass_att,1.8264,-121,0.5167,-0.0564,0.0,1,,0,market,0.5797,0.0588,,30,C,,,prop|pass_att|C.J. Stroud|31.5
nfl,401872985,2026-10-11T17:00Z,IND,PIT,prop,Under,5.5,DK,Josh Downs,receptions,1.6623,-151,0.5674,-0.0568,0.0,1,,0,market,0.7017,0.1665,,30,C,,,prop|receptions|Josh Downs|5.5
nfl,401872981,2026-10-11T13:30Z,PHI,JAX,prop,Under,31.5,DK,Jalen Hurts,pass_att,1.8403,-119,0.5125,-0.0569,0.0,1,,0,market,0.56,0.0305,,30,C,,,prop|pass_att|Jalen Hurts|31.5
nfl,401872981,2026-10-11T13:30Z,PHI,JAX,prop,Under,5.5,DK,Jalen Hurts,rush_att,2.18,+118,0.4326,-0.0569,0.0,1,,0,market,0.5826,0.2701,,30,C,,,prop|rush_att|Jalen Hurts|5.5
nfl,401872983,2026-10-11T17:00Z,CLE,NYJ,prop,Under,15.5,DK,Quinshon Judkins,rush_att,2.02,+102,0.4669,-0.0569,0.0,1,,0,market,0.5314,0.0734,,30,C,,,prop|rush_att|Quinshon Judkins|15.5
nfl,401872982,2026-10-11T17:00Z,CIN,MIA,prop,Over,33.5,DK,Joe Burrow,pass_att,1.9804,-102,0.4761,-0.057,0.0,1,,0,market,0.5928,0.174,,30,C,,,prop|pass_att|Joe Burrow|33.5
nfl,401872989,2026-10-11T20:05Z,DEN,LAC,prop,Under,21.5,DK,Bo Nix,completions,1.8475,-118,0.5104,-0.057,0.0,1,,0,market,0.6056,0.1189,,30,C,,,prop|completions|Bo Nix|21.5
nfl,401872987,2026-10-11T17:00Z,MIN,NO,prop,Under,37.5,DK,Tyler Shough,pass_att,1.8,-125,0.5239,-0.0571,0.0,1,,0,market,0.6283,0.1309,,30,C,,,prop|pass_att|Tyler Shough|37.5
nfl,401872992,2026-10-11T20:25Z,SF,SEA,prop,Under,32.5,DK,Brock Purdy,pass_att,1.8547,-117,0.5083,-0.0572,0.0,1,,0,market,0.5874,0.0895,,30,C,,,prop|pass_att|Brock Purdy|32.5
nfl,401872982,2026-10-11T17:00Z,CIN,MIA,prop,Over,23.5,DK,Joe Burrow,completions,1.9174,-109,0.4917,-0.0573,0.0,1,,0,market,0.5582,0.0703,,30,C,,,prop|completions|Joe Burrow|23.5
nfl,401872984,2026-10-11T17:00Z,HOU,TEN,prop,Under,32.5,DK,Cam Ward,pass_att,1.8696,-115,0.5041,-0.0574,0.0,1,,0,market,0.6332,0.1839,,30,C,,,prop|pass_att|Cam Ward|32.5
nfl,401872987,2026-10-11T17:00Z,MIN,NO,prop,Under,23.5,DK,Tyler Shough,completions,1.8065,-124,0.5218,-0.0574,0.0,1,,0,market,0.6018,0.0872,,30,C,,,prop|completions|Tyler Shough|23.5
nfl,401872985,2026-10-11T17:00Z,IND,PIT,prop,Over,34.5,DK,Aaron Rodgers,pass_att,1.8696,-115,0.5041,-0.0574,0.0,1,,0,market,0.5571,0.0416,,30,C,,,prop|pass_att|Aaron Rodgers|34.5
nfl,401872985,2026-10-11T17:00Z,IND,PIT,prop,Over,21.5,DK,Aaron Rodgers,completions,1.8696,-115,0.5041,-0.0574,0.0,1,,0,market,0.556,0.0394,,30,C,,,prop|completions|Aaron Rodgers|21.5
nfl,401872989,2026-10-11T20:05Z,DEN,LAC,prop,Under,33.5,DK,Bo Nix,pass_att,1.8621,-116,0.5062,-0.0574,0.0,1,,0,market,0.5842,0.0879,,30,C,,,prop|pass_att|Bo Nix|33.5
nfl,401872991,2026-10-11T20:25Z,DET,ARI,prop,Over,34.5,DK,Jared Goff,pass_att,1.8696,-115,0.5041,-0.0574,0.0,1,,0,market,0.5548,0.0372,,30,C,,,prop|pass_att|Jared Goff|34.5
nfl,401872991,2026-10-11T20:25Z,DET,ARI,prop,Under,25.5,DK,Jared Goff,completions,1.8065,-124,0.5218,-0.0574,0.0,1,,0,market,0.6195,0.1191,,30,C,,,prop|completions|Jared Goff|25.5
nfl,401872991,2026-10-11T20:25Z,DET,ARI,prop,Under,37.5,DK,Jacoby Brissett,pass_att,1.9709,-103,0.4782,-0.0575,0.0,1,,0,market,0.5299,0.0444,,30,C,,,prop|pass_att|Jacoby Brissett|37.5
nfl,401872991,2026-10-11T20:25Z,DET,ARI,prop,Under,19.5,DK,Jahmyr Gibbs,rush_att,1.885,-113,0.5,-0.0575,0.0,1,,0,market,0.6411,0.2085,,30,C,,,prop|rush_att|Jahmyr Gibbs|19.5
nfl,401872994,2026-10-13T00:15Z,BUF,LAR,prop,Under,37.5,DK,Matthew Stafford,pass_att,1.8929,-112,0.4979,-0.0575,0.0,1,,0,market,0.6066,0.1483,,30,C,,,prop|pass_att|Matthew Stafford|37.5
nfl,401872994,2026-10-13T00:15Z,BUF,LAR,prop,Under,20.5,DK,Josh Allen,completions,1.885,-113,0.5,-0.0575,0.0,1,,0,market,0.6497,0.2246,,30,C,,,prop|completions|Josh Allen|20.5
nfl,401872993,2026-10-12T00:20Z,BAL,ATL,prop,Under,9.5,DK,Brian Robinson Jr.,rush_att,1.7092,-141,0.5513,-0.0577,0.0,1,,0,market,0.6463,0.1046,,30,C,,,prop|rush_att|Brian Robinson Jr.|9.5
nfl,401872986,2026-10-11T17:00Z,LV,NE,prop,Under,21.5,DK,Kirk Cousins,completions,2.0,+100,0.4711,-0.0578,0.0,1,,0,market,0.6395,0.279,,30,C,,,prop|completions|Kirk Cousins|21.5
nfl,401872994,2026-10-13T00:15Z,BUF,LAR,prop,Under,15.5,DK,Kyren Williams,rush_att,1.7812,-128,0.5289,-0.0579,0.0,1,,0,market,0.584,0.0402,,30,C,,,prop|rush_att|Kyren Williams|15.5
nfl,401872981,2026-10-11T13:30Z,PHI,JAX,prop,Under,18.5,DK,Trevor Lawrence,completions,2.06,+106,0.4572,-0.0582,0.0,1,,0,market,0.5187,0.0686,,30,C,,,prop|completions|Trevor Lawrence|18.5
nfl,401872982,2026-10-11T17:00Z,CIN,MIA,prop,Under,16.5,DK,Chase Brown,rush_att,1.9434,-106,0.4845,-0.0584,0.0,1,,0,market,0.6562,0.2754,,30,C,,,prop|rush_att|Chase Brown|16.5
nfl,401872994,2026-10-13T00:15Z,BUF,LAR,prop,Under,7.5,DK,Josh Allen,rush_att,1.9434,-106,0.4845,-0.0584,0.0,1,,0,market,0.5773,0.1219,,30,C,,,prop|rush_att|Josh Allen|7.5
nfl,401872987,2026-10-11T17:00Z,MIN,NO,prop,Over,35.5,ESPN,Devaughn Vele,rec_yds,1.8,-125,0.4979,-0.1037,0.0,2,0.0112,0,market,0.6154,0.1077,,41,C,,,prop|rec_yds|Devaughn Vele|35.5
nfl,401872982,2026-10-11T17:00Z,CIN,MIA,prop,Yes,0.5,DK,Joe Burrow,anytime_td,9.0,+800,0.1111,-0.0001,0.0,0,,0,market,0.1873,0.6857,,15,C,,,prop|anytime_td|Joe Burrow|0.5
nfl,401872982,2026-10-11T17:00Z,CIN,MIA,prop,Yes,0.5,FD,Joe Burrow,anytime_td,9.0,+800,0.1111,-0.0001,0.0,0,,0,market,0.1873,0.6857,,15,C,,,prop|anytime_td|Joe Burrow|0.5
nfl,401872991,2026-10-11T20:25Z,DET,ARI,prop,Under,5.5,ESPN,Sam LaPorta,receptions,1.6667,-150,0.5633,-0.0611,0.0,1,,0,market,0.6246,0.041,,30,C,,,prop|receptions|Sam LaPorta|5.5
nfl,401872981,2026-10-11T13:30Z,PHI,JAX,prop,Over,44.5,ESPN,Jakobi Meyers,rec_yds,2.0,+100,0.4694,-0.0612,0.0,1,,0,market,0.5208,0.0417,,30,C,,,prop|rec_yds|Jakobi Meyers|44.5
nfl,401872990,2026-10-11T17:00Z,CHI,GB,prop,Over,64.5,ESPN,D'Andre Swift,rush_yds,2.0,+100,0.4694,-0.0612,0.0,1,,0,market,0.5436,0.0872,,30,C,,,prop|rush_yds|D'Andre Swift|64.5
nfl,401872989,2026-10-11T20:05Z,DEN,LAC,prop,Over,54.5,ESPN,J.K. Dobbins,rush_yds,2.0,+100,0.4694,-0.0612,0.0,1,,0,market,0.5204,0.0407,,30,C,,,prop|rush_yds|J.K. Dobbins|54.5
nfl,401872991,2026-10-11T20:25Z,DET,ARI,prop,Over,27.5,ESPN,Isaac TeSlaa,rec_yds,2.0,+100,0.4694,-0.0612,0.0,1,,0,market,0.6543,0.3086,,30,C,,,prop|rec_yds|Isaac TeSlaa|27.5
nfl,401872993,2026-10-12T00:20Z,BAL,ATL,prop,Over,19.5,ESPN,Rashod Bateman,rec_yds,2.0,+100,0.4694,-0.0612,0.0,1,,0,market,0.7292,0.4584,,30,C,,,prop|rec_yds|Rashod Bateman|19.5
nfl,401872989,2026-10-11T20:05Z,DEN,LAC,prop,Under,4.5,DK,RJ Harvey,receptions,1.6024,-166,0.5633,-0.0973,0.0,2,0.013,0,market,0.7673,0.2295,,39,C,,,prop|receptions|RJ Harvey|4.5
nfl,401872989,2026-10-11T20:05Z,DEN,LAC,prop,Under,34.5,ESPN,Keaton Mitchell,rush_yds,1.7692,-130,0.5306,-0.0613,0.0,1,,0,market,0.8074,0.4285,,30,C,,,prop|rush_yds|Keaton Mitchell|34.5
nfl,401872981,2026-10-11T13:30Z,PHI,JAX,prop,Over,33.5,FD,Brenton Strange,rec_yds,1.8772,-114,0.5,-0.0614,0.0,1,,0,market,0.6152,0.1549,,30,C,,,prop|rec_yds|Brenton Strange|33.5
nfl,401872990,2026-10-11T17:00Z,CHI,GB,prop,Under,233.5,FD,Jordan Love,pass_yds,1.8772,-114,0.5,-0.0614,0.0,1,,0,market,0.5717,0.0731,,30,C,,,prop|pass_yds|Jordan Love|233.5
nfl,401872990,2026-10-11T17:00Z,CHI,GB,prop,Over,35.5,FD,Colston Loveland,rec_yds,1.8772,-114,0.5,-0.0614,0.0,1,,0,market,0.5501,0.0327,,30,C,,,prop|rec_yds|Colston Loveland|35.5
nfl,401872990,2026-10-11T17:00Z,CHI,GB,prop,Under,60.5,FD,Christian Watson,rec_yds,1.8772,-114,0.5,-0.0614,0.0,1,,0,market,0.5644,0.0595,,30,C,,,prop|rec_yds|Christian Watson|60.5
nfl,401872990,2026-10-11T17:00Z,CHI,GB,prop,Over,6.5,FD,Jordan Love,rush_yds,1.8772,-114,0.5,-0.0614,0.0,1,,0,market,0.5973,0.1213,,30,C,,,prop|rush_yds|Jordan Love|6.5
nfl,401872990,2026-10-11T17:00Z,CHI,GB,prop,Over,61.5,FD,D'Andre Swift,rush_yds,1.8772,-114,0.5,-0.0614,0.0,1,,0,market,0.5677,0.0657,,30,C,,,prop|rush_yds|D'Andre Swift|61.5
nfl,401872984,2026-10-11T17:00Z,HOU,TEN,prop,Over,6.5,FD,Woody Marks,rec_yds,1.8772,-114,0.5,-0.0614,0.0,1,,0,market,0.598,0.1225,,30,C,,,prop|rec_yds|Woody Marks|6.5
nfl,401872984,2026-10-11T17:00Z,HOU,TEN,prop,Over,18.5,FD,Jaylin Noel,rec_yds,1.8772,-114,0.5,-0.0614,0.0,1,,0,market,0.6409,0.203,,30,C,,,prop|rec_yds|Jaylin Noel|18.5
nfl,401872982,2026-10-11T17:00Z,CIN,MIA,prop,Under,67.5,FD,Chase Brown,rush_yds,1.8772,-114,0.5,-0.0614,0.0,1,,0,market,0.5497,0.0318,,30,C,,,prop|rush_yds|Chase Brown|67.5
nfl,401872986,2026-10-11T17:00Z,LV,NE,prop,Under,28.5,FD,Michael Mayer,rec_yds,1.8772,-114,0.5,-0.0614,0.0,1,,0,market,0.5678,0.0658,,30,C,,,prop|rec_yds|Michael Mayer|28.5
nfl,401872986,2026-10-11T17:00Z,LV,NE,prop,Under,31.5,FD,Drake Maye,rush_yds,1.8772,-114,0.5,-0.0614,0.0,1,,0,market,0.5854,0.0989,,30,C,,,prop|rush_yds|Drake Maye|31.5
nfl,401872987,2026-10-11T17:00Z,MIN,NO,prop,Under,237.5,FD,Tyler Shough,pass_yds,1.8772,-114,0.5,-0.0614,0.0,1,,0,market,0.6107,0.1464,,30,C,,,prop|pass_yds|Tyler Shough|237.5
nfl,401872983,2026-10-11T17:00Z,CLE,NYJ,prop,Under,26.5,FD,Deshaun Watson,rush_yds,1.8772,-114,0.5,-0.0614,0.0,1,,0,market,0.6113,0.1475,,30,C,,,prop|rush_yds|Deshaun Watson|26.5
nfl,401872985,2026-10-11T17:00Z,IND,PIT,prop,Over,222.5,FD,Aaron Rodgers,pass_yds,1.8772,-114,0.5,-0.0614,0.0,1,,0,market,0.6326,0.1876,,30,C,,,prop|pass_yds|Aaron Rodgers|222.5
nfl,401872985,2026-10-11T17:00Z,IND,PIT,prop,Under,50.5,FD,Tyler Warren,rec_yds,1.8772,-114,0.5,-0.0614,0.0,1,,0,market,0.7473,0.4029,,30,C,,,prop|rec_yds|Tyler Warren|50.5
nfl,401872985,2026-10-11T17:00Z,IND,PIT,prop,Under,27.5,FD,Pat Freiermuth,rec_yds,1.8772,-114,0.5,-0.0614,0.0,1,,0,market,0.6037,0.1333,,30,C,,,prop|rec_yds|Pat Freiermuth|27.5
nfl,401872989,2026-10-11T20:05Z,DEN,LAC,prop,Under,223.5,FD,Bo Nix,pass_yds,1.8772,-114,0.5,-0.0614,0.0,1,,0,market,0.5695,0.069,,30,C,,,prop|pass_yds|Bo Nix|223.5
nfl,401872989,2026-10-11T20:05Z,DEN,LAC,prop,Under,32.5,FD,Keaton Mitchell,rush_yds,1.8772,-114,0.5,-0.0614,0.0,1,,0,market,0.769,0.4436,,30,C,,,prop|rush_yds|Keaton Mitchell|32.5
nfl,401872991,2026-10-11T20:25Z,DET,ARI,prop,Under,266.5,FD,Jacoby Brissett,pass_yds,1.8772,-114,0.5,-0.0614,0.0,1,,0,market,0.6546,0.2289,,30,C,,,prop|pass_yds|Jacoby Brissett|266.5
nfl,401872991,2026-10-11T20:25Z,DET,ARI,prop,Over,52.5,FD,Sam LaPorta,rec_yds,1.8772,-114,0.5,-0.0614,0.0,1,,0,market,0.5646,0.0599,,30,C,,,prop|rec_yds|Sam LaPorta|52.5
nfl,401872991,2026-10-11T20:25Z,DET,ARI,prop,Over,24.5,FD,Isaac TeSlaa,rec_yds,1.8772,-114,0.5,-0.0614,0.0,1,,0,market,0.6985,0.3112,,30,C,,,prop|rec_yds|Isaac TeSlaa|24.5
nfl,401872991,2026-10-11T20:25Z,DET,ARI,prop,Under,11.5,FD,Tyler Allgeier,rec_yds,1.8772,-114,0.5,-0.0614,0.0,1,,0,market,0.7154,0.343,,30,C,,,prop|rec_yds|Tyler Allgeier|11.5
nfl,401872991,2026-10-11T20:25Z,DET,ARI,prop,Over,78.5,FD,Amon-Ra St. Brown,rec_yds,1.8772,-114,0.5,-0.0614,0.0,1,,0,market,0.5579,0.0473,,30,C,,,prop|rec_yds|Amon-Ra St. Brown|78.5
nfl,401872992,2026-10-11T20:25Z,SF,SEA,prop,Under,222.5,FD,Brock Purdy,pass_yds,1.8772,-114,0.5,-0.0614,0.0,1,,0,market,0.5713,0.0725,,30,C,,,prop|pass_yds|Brock Purdy|222.5
nfl,401872992,2026-10-11T20:25Z,SF,SEA,prop,Over,20.5,FD,Rashid Shaheed,rec_yds,1.8772,-114,0.5,-0.0614,0.0,1,,0,market,0.6341,0.1903,,30,C,,,prop|rec_yds|Rashid Shaheed|20.5
nfl,401872993,2026-10-12T00:20Z,BAL,ATL,prop,Over,68.5,FD,Zay Flowers,rec_yds,1.8772,-114,0.5,-0.0614,0.0,1,,0,market,0.5647,0.0601,,30,C,,,prop|rec_yds|Zay Flowers|68.5
nfl,401872986,2026-10-11T17:00Z,LV,NE,prop,Over,0.5,FD,Kirk Cousins,rush_yds,1.9804,-102,0.4736,-0.0622,0.0,1,,0,market,0.8282,0.6401,,30,C,,,prop|rush_yds|Kirk Cousins|0.5
nfl,401872993,2026-10-12T00:20Z,BAL,ATL,prop,Over,2.5,MGM,Rashod Bateman,receptions,2.5,+150,0.375,-0.0625,0.0,1,,0,market,0.4918,0.2296,,30,C,,,prop|receptions|Rashod Bateman|2.5
nfl,401872990,2026-10-11T17:00Z,CHI,GB,prop,Under,20.5,MGM,Jordan Love,completions,1.9009,-111,0.4929,-0.0631,0.0,1,,0,market,0.5603,0.0651,,30,C,,,prop|completions|Jordan Love|20.5
nfl,401872983,2026-10-11T17:00Z,CLE,NYJ,prop,Under,58.5,MGM,Quinshon Judkins,rush_yds,1.8475,-118,0.5071,-0.0631,0.0,1,,0,market,0.6211,0.1475,,30,C,,,prop|rush_yds|Quinshon Judkins|58.5
nfl,401872984,2026-10-11T17:00Z,HOU,TEN,prop,Over,7.5,MGM,Tony Pollard,rec_yds,1.8,-125,0.5203,-0.0634,0.0,1,,0,market,0.5765,0.0377,,30,C,,,prop|rec_yds|Tony Pollard|7.5
nfl,401872984,2026-10-11T17:00Z,HOU,TEN,prop,Under,29.5,ESPN,Woody Marks,rush_yds,1.8,-125,0.5203,-0.0634,0.0,1,,0,market,0.6087,0.0956,,30,C,,,prop|rush_yds|Woody Marks|29.5
nfl,401872982,2026-10-11T17:00Z,CIN,MIA,prop,Over,234.5,ESPN,Joe Burrow,pass_yds,1.8,-125,0.5203,-0.0634,0.0,1,,0,market,0.6274,0.1294,,30,C,,,prop|pass_yds|Joe Burrow|234.5
nfl,401872989,2026-10-11T20:05Z,DEN,LAC,prop,Under,29.5,ESPN,RJ Harvey,rec_yds,1.8,-125,0.5203,-0.0634,0.0,1,,0,market,0.6202,0.1163,,30,C,,,prop|rec_yds|RJ Harvey|29.5
nfl,401872984,2026-10-11T17:00Z,HOU,TEN,prop,Under,189.5,ESPN,Cam Ward,pass_yds,1.9524,-105,0.4797,-0.0635,0.0,1,,0,market,0.5721,0.117,,30,C,,,prop|pass_yds|Cam Ward|189.5
nfl,401872984,2026-10-11T17:00Z,HOU,TEN,prop,Over,39.5,ESPN,Dalton Schultz,rec_yds,1.9524,-105,0.4797,-0.0635,0.0,1,,0,market,0.5522,0.0781,,30,C,,,prop|rec_yds|Dalton Schultz|39.5
nfl,401872984,2026-10-11T17:00Z,HOU,TEN,prop,Over,19.5,ESPN,Jaylin Noel,rec_yds,1.9524,-105,0.4797,-0.0635,0.0,1,,0,market,0.6266,0.2234,,30,C,,,prop|rec_yds|Jaylin Noel|19.5
nfl,401872986,2026-10-11T17:00Z,LV,NE,prop,Over,44.5,ESPN,Tre Tucker,rec_yds,1.9524,-105,0.4797,-0.0635,0.0,1,,0,market,0.5416,0.0575,,30,C,,,prop|rec_yds|Tre Tucker|44.5
nfl,401872991,2026-10-11T20:25Z,DET,ARI,prop,Over,54.5,ESPN,Sam LaPorta,rec_yds,1.9524,-105,0.4797,-0.0635,0.0,1,,0,market,0.5442,0.0624,,30,C,,,prop|rec_yds|Sam LaPorta|54.5
nfl,401872993,2026-10-12T00:20Z,BAL,ATL,prop,Under,34.5,ESPN,Brian Robinson Jr.,rush_yds,1.9524,-105,0.4797,-0.0635,0.0,1,,0,market,0.557,0.0875,,30,C,,,prop|rush_yds|Brian Robinson Jr.|34.5
nfl,401872984,2026-10-11T17:00Z,HOU,TEN,prop,Over,4.5,ESPN,Woody Marks,rec_yds,1.5556,-180,0.6017,-0.0639,0.0,1,,0,market,0.6745,0.0492,,30,C,,,prop|rec_yds|Woody Marks|4.5
nfl,401872984,2026-10-11T17:00Z,HOU,TEN,prop,Over,8.5,MGM,David Montgomery,rec_yds,1.8333,-120,0.5101,-0.0647,0.0,1,,0,market,0.6957,0.2754,,30,C,,,prop|rec_yds|David Montgomery|8.5
nfl,401872984,2026-10-11T17:00Z,HOU,TEN,prop,Under,28.5,MGM,Woody Marks,rush_yds,1.8333,-120,0.5101,-0.0647,0.0,1,,0,market,0.5864,0.0751,,30,C,,,prop|rush_yds|Woody Marks|28.5
nfl,401872983,2026-10-11T17:00Z,CLE,NYJ,prop,Under,16.5,MGM,Quinshon Judkins,rush_att,1.8333,-120,0.5101,-0.0647,0.0,1,,0,market,0.5973,0.0949,,30,C,,,prop|rush_att|Quinshon Judkins|16.5
nfl,401872985,2026-10-11T17:00Z,IND,PIT,prop,Under,89.5,ESPN,Jonathan Taylor,rush_yds,1.8333,-120,0.5101,-0.0647,0.0,1,,0,market,0.5956,0.0919,,30,C,,,prop|rush_yds|Jonathan Taylor|89.5
nfl,401872989,2026-10-11T20:05Z,DEN,LAC,prop,Over,13.5,MGM,Bo Nix,rush_yds,1.8333,-120,0.5101,-0.0647,0.0,1,,0,market,0.5629,0.0319,,30,C,,,prop|rush_yds|Bo Nix|13.5
nfl,401872985,2026-10-11T17:00Z,IND,PIT,prop,Over,226.5,MGM,Aaron Rodgers,pass_yds,1.9091,-110,0.4899,-0.0648,0.0,1,,0,market,0.6103,0.1651,,30,C,,,prop|pass_yds|Aaron Rodgers|226.5
nfl,401872985,2026-10-11T17:00Z,IND,PIT,prop,Under,59.5,ESPN,Josh Downs,rec_yds,1.9091,-110,0.4899,-0.0648,0.0,1,,0,market,0.5873,0.1212,,30,C,,,prop|rec_yds|Josh Downs|59.5
nfl,401872989,2026-10-11T20:05Z,DEN,LAC,prop,Under,204.5,ESPN,Justin Herbert,pass_yds,1.9091,-110,0.4899,-0.0648,0.0,1,,0,market,0.5477,0.0456,,30,C,,,prop|pass_yds|Justin Herbert|204.5
nfl,401872993,2026-10-12T00:20Z,BAL,ATL,prop,Over,21.5,MGM,Rashod Bateman,rec_yds,1.9091,-110,0.4899,-0.0648,0.0,1,,0,market,0.6974,0.3313,,30,C,,,prop|rec_yds|Rashod Bateman|21.5
nfl,401872994,2026-10-13T00:15Z,BUF,LAR,prop,Over,21.5,MGM,Kyren Williams,rec_yds,1.9091,-110,0.4899,-0.0648,0.0,1,,0,market,0.6058,0.1566,,30,C,,,prop|rec_yds|Kyren Williams|21.5
nfl,401872990,2026-10-11T17:00Z,CHI,GB,prop,Under,235.5,MGM,Jordan Love,pass_yds,1.8696,-115,0.5,-0.0652,0.0,1,,0,market,0.5823,0.0886,,30,C,,,prop|pass_yds|Jordan Love|235.5
nfl,401872990,2026-10-11T17:00Z,CHI,GB,prop,Under,47.5,MGM,Tucker Kraft,rec_yds,1.8696,-115,0.5,-0.0652,0.0,1,,0,market,0.644,0.204,,30,C,,,prop|rec_yds|Tucker Kraft|47.5
nfl,401872990,2026-10-11T17:00Z,CHI,GB,prop,Over,30.5,MGM,Kalif Raymond,rec_yds,1.8696,-115,0.5,-0.0652,0.0,1,,0,market,0.5663,0.0587,,30,C,,,prop|rec_yds|Kalif Raymond|30.5
nfl,401872990,2026-10-11T17:00Z,CHI,GB,prop,Under,234.5,ESPN,Jordan Love,pass_yds,1.8696,-115,0.5,-0.0652,0.0,1,,0,market,0.577,0.0787,,30,C,,,prop|pass_yds|Jordan Love|234.5
nfl,401872984,2026-10-11T17:00Z,HOU,TEN,prop,Over,24.5,MGM,Kayshon Boutte,rec_yds,1.8696,-115,0.5,-0.0652,0.0,1,,0,market,0.5599,0.0467,,30,C,,,prop|rec_yds|Kayshon Boutte|24.5
nfl,401872986,2026-10-11T17:00Z,LV,NE,prop,Under,228.5,MGM,Kirk Cousins,pass_yds,1.8696,-115,0.5,-0.0652,0.0,1,,0,market,0.5829,0.0899,,30,C,,,prop|pass_yds|Kirk Cousins|228.5
nfl,401872986,2026-10-11T17:00Z,LV,NE,prop,Over,50.5,MGM,Romeo Doubs,rec_yds,1.8696,-115,0.5,-0.0652,0.0,1,,0,market,0.5694,0.0646,,30,C,,,prop|rec_yds|Romeo Doubs|50.5
nfl,401872986,2026-10-11T17:00Z,LV,NE,prop,Over,39.5,MGM,Tre Tucker,rec_yds,1.8696,-115,0.5,-0.0652,0.0,1,,0,market,0.6041,0.1294,,30,C,,,prop|rec_yds|Tre Tucker|39.5
nfl,401872986,2026-10-11T17:00Z,LV,NE,prop,Under,234.5,ESPN,Kirk Cousins,pass_yds,1.8696,-115,0.5,-0.0652,0.0,1,,0,market,0.6154,0.1505,,30,C,,,prop|pass_yds|Kirk Cousins|234.5
nfl,401872985,2026-10-11T17:00Z,IND,PIT,prop,Under,60.5,BR,Josh Downs,rec_yds,1.8696,-115,0.5,-0.0652,0.0,1,,0,market,0.5987,0.1192,,30,C,,,prop|rec_yds|Josh Downs|60.5
nfl,401872985,2026-10-11T17:00Z,IND,PIT,prop,Under,86.5,MGM,Jonathan Taylor,rush_yds,1.8696,-115,0.5,-0.0652,0.0,1,,0,market,0.5739,0.0729,,30,C,,,prop|rush_yds|Jonathan Taylor|86.5
nfl,401872988,2026-10-11T17:00Z,NYG,WSH,prop,Over,19.5,ESPN,Darnell Mooney,rec_yds,1.8696,-115,0.5,-0.0652,0.0,1,,0,market,0.5624,0.0514,,30,C,,,prop|rec_yds|Darnell Mooney|19.5
nfl,401872989,2026-10-11T20:05Z,DEN,LAC,prop,Under,28.5,MGM,Keaton Mitchell,rush_yds,1.8696,-115,0.5,-0.0652,0.0,1,,0,market,0.6809,0.2729,,30,C,,,prop|rush_yds|Keaton Mitchell|28.5
nfl,401872989,2026-10-11T20:05Z,DEN,LAC,prop,Under,224.5,ESPN,Bo Nix,pass_yds,1.8696,-115,0.5,-0.0652,0.0,1,,0,market,0.575,0.0751,,30,C,,,prop|pass_yds|Bo Nix|224.5
nfl,401872991,2026-10-11T20:25Z,DET,ARI,prop,Under,272.5,MGM,Jacoby Brissett,pass_yds,1.8696,-115,0.5,-0.0652,0.0,1,,0,market,0.6872,0.2848,,30,C,,,prop|pass_yds|Jacoby Brissett|272.5
nfl,401872991,2026-10-11T20:25Z,DET,ARI,prop,Under,82.5,MGM,Trey McBride,rec_yds,1.8696,-115,0.5,-0.0652,0.0,1,,0,market,0.6634,0.2403,,30,C,,,prop|rec_yds|Trey McBride|82.5
nfl,401872991,2026-10-11T20:25Z,DET,ARI,prop,Over,52.5,ESPN,Jameson Williams,rec_yds,1.8696,-115,0.5,-0.0652,0.0,1,,0,market,0.6129,0.1459,,30,C,,,prop|rec_yds|Jameson Williams|52.5
nfl,401872992,2026-10-11T20:25Z,SF,SEA,prop,Over,25.5,MGM,AJ Barner,rec_yds,1.8696,-115,0.5,-0.0652,0.0,1,,0,market,0.5775,0.0797,,30,C,,,prop|rec_yds|AJ Barner|25.5
nfl,401872992,2026-10-11T20:25Z,SF,SEA,prop,Under,56.5,MGM,George Kittle,rec_yds,1.8696,-115,0.5,-0.0652,0.0,1,,0,market,0.5524,0.0328,,30,C,,,prop|rec_yds|George Kittle|56.5
nfl,401872992,2026-10-11T20:25Z,SF,SEA,prop,Under,224.5,ESPN,Brock Purdy,pass_yds,1.8696,-115,0.5,-0.0652,0.0,1,,0,market,0.5825,0.089,,30,C,,,prop|pass_yds|Brock Purdy|224.5
nfl,401872992,2026-10-11T20:25Z,SF,SEA,prop,Over,54.5,ESPN,Christian McCaffrey,rush_yds,1.8696,-115,0.5,-0.0652,0.0,1,,0,market,0.5686,0.0631,,30,C,,,prop|rush_yds|Christian McCaffrey|54.5
nfl,401872993,2026-10-12T00:20Z,BAL,ATL,prop,Over,67.5,MGM,Zay Flowers,rec_yds,1.8696,-115,0.5,-0.0652,0.0,1,,0,market,0.5725,0.0704,,30,C,,,prop|rec_yds|Zay Flowers|67.5
nfl,401872993,2026-10-12T00:20Z,BAL,ATL,prop,Over,18.5,MGM,Jahan Dotson,rec_yds,1.8696,-115,0.5,-0.0652,0.0,1,,0,market,0.7801,0.4585,,30,C,,,prop|rec_yds|Jahan Dotson|18.5
nfl,401872994,2026-10-13T00:15Z,BUF,LAR,prop,Under,245.5,BR,Josh Allen,pass_yds,1.8696,-115,0.5,-0.0652,0.0,1,,0,market,0.5667,0.0596,,30,C,,,prop|pass_yds|Josh Allen|245.5
nfl,401872994,2026-10-13T00:15Z,BUF,LAR,prop,Under,284.5,MGM,Matthew Stafford,pass_yds,1.8696,-115,0.5,-0.0652,0.0,1,,0,market,0.5637,0.0539,,30,C,,,prop|pass_yds|Matthew Stafford|284.5
nfl,401872994,2026-10-13T00:15Z,BUF,LAR,prop,Over,61.5,MGM,Davante Adams,rec_yds,1.8696,-115,0.5,-0.0652,0.0,1,,0,market,0.7137,0.3343,,30,C,,,prop|rec_yds|Davante Adams|61.5
nfl,401872994,2026-10-13T00:15Z,BUF,LAR,prop,Under,38.5,MGM,Josh Allen,rush_yds,1.8696,-115,0.5,-0.0652,0.0,1,,0,market,0.6753,0.2626,,30,C,,,prop|rush_yds|Josh Allen|38.5
nfl,401872991,2026-10-11T20:25Z,DET,ARI,prop,Under,6.5,FD,Amon-Ra St. Brown,receptions,2.2,+120,0.4248,-0.0654,0.0,1,,0,market,0.5078,0.1171,,30,C,,,prop|receptions|Amon-Ra St. Brown|6.5
nfl,401872991,2026-10-11T20:25Z,DET,ARI,prop,Under,2.5,FD,Tyler Allgeier,receptions,1.4762,-210,0.6324,-0.0664,0.0,1,,0,market,0.8374,0.2362,,30,C,,,prop|receptions|Tyler Allgeier|2.5
nfl,401872989,2026-10-11T20:05Z,DEN,LAC,prop,Over,17.5,BR,RJ Harvey,rush_yds,1.9091,-110,0.4889,-0.0666,0.0,1,,0,market,0.5656,0.0797,,30,C,,,prop|rush_yds|RJ Harvey|17.5
nfl,401872984,2026-10-11T17:00Z,HOU,TEN,prop,Over,38.5,MGM,Dalton Schultz,rec_yds,1.8333,-120,0.5091,-0.0668,0.0,1,,0,market,0.5661,0.0378,,30,C,,,prop|rec_yds|Dalton Schultz|38.5
nfl,401872984,2026-10-11T17:00Z,HOU,TEN,prop,Over,16.5,MGM,Jaylin Noel,rec_yds,1.8333,-120,0.5091,-0.0668,0.0,1,,0,market,0.6688,0.226,,30,C,,,prop|rec_yds|Jaylin Noel|16.5
nfl,401872984,2026-10-11T17:00Z,HOU,TEN,prop,Over,15.5,MGM,Xavier Hutchinson,rec_yds,1.8333,-120,0.5091,-0.0668,0.0,1,,0,market,0.8214,0.5059,,30,C,,,prop|rec_yds|Xavier Hutchinson|15.5
nfl,401872986,2026-10-11T17:00Z,LV,NE,prop,Under,31.5,MGM,Michael Mayer,rec_yds,1.9009,-111,0.4909,-0.0668,0.0,1,,0,market,0.6181,0.1749,,30,C,,,prop|rec_yds|Michael Mayer|31.5
nfl,401872985,2026-10-11T17:00Z,IND,PIT,prop,Over,9.5,MGM,Daniel Jones,rush_yds,1.9009,-111,0.4909,-0.0668,0.0,1,,0,market,0.5626,0.0694,,30,C,,,prop|rush_yds|Daniel Jones|9.5
nfl,401872989,2026-10-11T20:05Z,DEN,LAC,prop,Over,19.5,MGM,Evan Engram,rec_yds,1.8333,-120,0.5091,-0.0668,0.0,1,,0,market,0.6104,0.119,,30,C,,,prop|rec_yds|Evan Engram|19.5
nfl,401872991,2026-10-11T20:25Z,DET,ARI,prop,Over,26.5,MGM,Isaac TeSlaa,rec_yds,1.8333,-120,0.5091,-0.0668,0.0,1,,0,market,0.6693,0.227,,30,C,,,prop|rec_yds|Isaac TeSlaa|26.5
nfl,401872981,2026-10-11T13:30Z,PHI,JAX,prop,Over,35.5,BR,Brenton Strange,rec_yds,1.8475,-118,0.505,-0.0669,0.0,1,,0,market,0.5869,0.0843,,30,C,,,prop|rec_yds|Brenton Strange|35.5
nfl,401872982,2026-10-11T17:00Z,CIN,MIA,prop,Under,68.5,BR,Chase Brown,rush_yds,1.8475,-118,0.505,-0.0669,0.0,1,,0,market,0.5587,0.0322,,30,C,,,prop|rush_yds|Chase Brown|68.5
nfl,401872992,2026-10-11T20:25Z,SF,SEA,prop,Over,18.5,BR,Rashid Shaheed,rec_yds,1.8475,-118,0.505,-0.0669,0.0,1,,0,market,0.6602,0.2196,,30,C,,,prop|rec_yds|Rashid Shaheed|18.5
nfl,401872993,2026-10-12T00:20Z,BAL,ATL,prop,Over,66.5,BR,Zay Flowers,rec_yds,1.8475,-118,0.505,-0.0669,0.0,1,,0,market,0.5803,0.0721,,30,C,,,prop|rec_yds|Zay Flowers|66.5
nfl,401872981,2026-10-11T13:30Z,PHI,JAX,prop,Over,12.5,BR,Trevor Lawrence,rush_yds,1.885,-113,0.495,-0.067,0.0,1,,0,market,0.6057,0.1417,,30,C,,,prop|rush_yds|Trevor Lawrence|12.5
nfl,401872985,2026-10-11T17:00Z,IND,PIT,prop,Under,53.5,BR,Tyler Warren,rec_yds,1.885,-113,0.495,-0.067,0.0,1,,0,market,0.787,0.4836,,30,C,,,prop|rec_yds|Tyler Warren|53.5
nfl,401872989,2026-10-11T20:05Z,DEN,LAC,prop,Over,50.5,BR,J.K. Dobbins,rush_yds,1.885,-113,0.495,-0.067,0.0,1,,0,market,0.5603,0.0561,,30,C,,,prop|rush_yds|J.K. Dobbins|50.5
nfl,401872991,2026-10-11T20:25Z,DET,ARI,prop,Under,271.5,BR,Jacoby Brissett,pass_yds,1.8547,-117,0.503,-0.067,0.0,1,,0,market,0.6819,0.2647,,30,C,,,prop|pass_yds|Jacoby Brissett|271.5
nfl,401872992,2026-10-11T20:25Z,SF,SEA,prop,Under,58.5,BR,George Kittle,rec_yds,1.8547,-117,0.503,-0.067,0.0,1,,0,market,0.5755,0.0674,,30,C,,,prop|rec_yds|George Kittle|58.5
nfl,401872992,2026-10-11T20:25Z,SF,SEA,prop,Over,18.5,BR,Brock Purdy,rush_yds,1.8547,-117,0.503,-0.067,0.0,1,,0,market,0.5834,0.082,,30,C,,,prop|rush_yds|Brock Purdy|18.5
nfl,401872993,2026-10-12T00:20Z,BAL,ATL,prop,Under,37.5,BR,Brian Robinson Jr.,rush_yds,1.885,-113,0.495,-0.067,0.0,1,,0,market,0.61,0.1499,,30,C,,,prop|rush_yds|Brian Robinson Jr.|37.5
nfl,401872983,2026-10-11T17:00Z,CLE,NYJ,prop,Under,68.5,BR,Garrett Wilson,rec_yds,1.8772,-114,0.497,-0.0671,0.0,1,,0,market,0.6069,0.1393,,30,C,,,prop|rec_yds|Garrett Wilson|68.5
nfl,401872985,2026-10-11T17:00Z,IND,PIT,prop,Under,217.5,BR,Daniel Jones,pass_yds,1.8772,-114,0.497,-0.0671,0.0,1,,0,market,0.5712,0.0722,,30,C,,,prop|pass_yds|Daniel Jones|217.5
nfl,401872985,2026-10-11T17:00Z,IND,PIT,prop,Under,26.5,BR,Pat Freiermuth,rec_yds,1.8772,-114,0.497,-0.0671,0.0,1,,0,market,0.5851,0.0983,,30,C,,,prop|rec_yds|Pat Freiermuth|26.5
nfl,401872986,2026-10-11T17:00Z,LV,NE,prop,Under,20.5,MGM,Kirk Cousins,completions,2.15,+115,0.4335,-0.068,0.0,1,,0,market,0.5739,0.2338,,30,C,,,prop|completions|Kirk Cousins|20.5
nfl,401872994,2026-10-13T00:15Z,BUF,LAR,prop,Under,3.5,MGM,Dalton Kincaid,receptions,2.15,+115,0.4335,-0.068,0.0,1,,0,market,0.5456,0.173,,30,C,,,prop|receptions|Dalton Kincaid|3.5
nfl,401872983,2026-10-11T17:00Z,CLE,NYJ,prop,Under,25.5,BR,Deshaun Watson,rush_yds,1.8929,-112,0.492,-0.0687,0.0,1,,0,market,0.5864,0.1101,,30,C,,,prop|rush_yds|Deshaun Watson|25.5
nfl,401872992,2026-10-11T20:25Z,SF,SEA,prop,Over,52.5,BR,Christian McCaffrey,rush_yds,1.8929,-112,0.492,-0.0687,0.0,1,,0,market,0.5866,0.1103,,30,C,,,prop|rush_yds|Christian McCaffrey|52.5
nfl,401872994,2026-10-13T00:15Z,BUF,LAR,prop,Over,33.5,BR,Blake Corum,rush_yds,1.8929,-112,0.492,-0.0687,0.0,1,,0,market,0.581,0.0997,,30,C,,,prop|rush_yds|Blake Corum|33.5
nfl,401872994,2026-10-13T00:15Z,BUF,LAR,prop,Under,37.5,BR,Josh Allen,rush_yds,1.8333,-120,0.508,-0.0687,0.0,1,,0,market,0.6576,0.2056,,30,C,,,prop|rush_yds|Josh Allen|37.5
nfl,401872994,2026-10-13T00:15Z,BUF,LAR,prop,Under,36.5,MGM,Matthew Stafford,pass_att,2.0,+100,0.4653,-0.0693,0.0,1,,0,market,0.564,0.1279,,30,C,,,prop|pass_att|Matthew Stafford|36.5
nfl,401872983,2026-10-11T17:00Z,CLE,NYJ,prop,Under,5.5,MGM,Garrett Wilson,receptions,2.1,+110,0.4425,-0.0708,0.0,1,,0,market,0.5622,0.1807,,30,C,,,prop|receptions|Garrett Wilson|5.5
nfl,401872982,2026-10-11T17:00Z,CIN,MIA,prop,Over,23.5,BR,Joe Burrow,completions,1.885,-113,0.4917,-0.0732,0.0,1,,0,market,0.5582,0.0522,,30,C,,,prop|completions|Joe Burrow|23.5
nfl,401872991,2026-10-11T20:25Z,DET,ARI,prop,Yes,0.5,DK,Jacoby Brissett,anytime_td,7.0,+600,0.1407,-0.015,0.0,0,,0,market,0.1745,0.2215,,15,C,,,prop|anytime_td|Jacoby Brissett|0.5
nfl,401872993,2026-10-12T00:20Z,BAL,ATL,prop,Under,6.5,FD,Drake London,receptions,1.5747,-174,0.5665,-0.1079,0.0,2,0.0135,0,market,0.6959,0.0958,,38,C,,,prop|receptions|Drake London|6.5
nfl,401872992,2026-10-11T20:25Z,SF,SEA,prop,Under,20.5,DK,Brock Purdy,completions,1.9091,-110,0.4653,-0.1116,0.0,2,0.0142,0,market,0.5733,0.0945,,38,C,,,prop|completions|Brock Purdy|20.5
nfl,401872992,2026-10-11T20:25Z,SF,SEA,prop,Yes,0.5,FD,Brock Purdy,anytime_td,7.0,+600,0.1398,-0.0213,0.0,0,,0,market,0.2163,0.5141,,15,C,,,prop|anytime_td|Brock Purdy|0.5
nfl,401872985,2026-10-11T17:00Z,IND,PIT,prop,Under,49.5,MGM,Tyler Warren,rec_yds,1.8475,-118,0.4797,-0.1138,0.0,2,0.0137,0,market,0.7333,0.3547,,38,C,,,prop|rec_yds|Tyler Warren|49.5
nfl,401872983,2026-10-11T17:00Z,CLE,NYJ,prop,Under,24.5,DK,Deshaun Watson,rush_yds,1.9346,-107,0.4592,-0.1116,0.0,2,0.0151,0,market,0.5613,0.0858,,37,C,,,prop|rush_yds|Deshaun Watson|24.5
nfl,401872989,2026-10-11T20:05Z,DEN,LAC,prop,Over,10.5,MGM,Omarion Hampton,rush_att,1.7143,-140,0.5125,-0.1214,0.0,2,0.016,0,market,0.7556,0.2953,,36,C,,,prop|rush_att|Omarion Hampton|10.5
nfl,401872991,2026-10-11T20:25Z,DET,ARI,prop,Yes,0.5,DK,Sam LaPorta,anytime_td,2.75,+175,0.349,-0.0402,0.0,0,,0,market,0.3895,0.0711,,15,C,,,prop|anytime_td|Sam LaPorta|0.5
nfl,401872990,2026-10-11T17:00Z,CHI,GB,prop,Under,21.5,DK,Jordan Love,completions,1.7692,-130,0.49,-0.1331,0.0,2,0.022,1,market,0.6257,0.1069,,38,C,,,prop|completions|Jordan Love|21.5
nfl,401872993,2026-10-12T00:20Z,BAL,ATL,prop,Yes,0.5,MGM,Olamide Zaccheaus,anytime_td,9.5,+850,0.1009,-0.0411,0.0,0,,0,market,0.1195,0.1352,,15,C,,,prop|anytime_td|Olamide Zaccheaus|0.5
nfl,401872993,2026-10-12T00:20Z,BAL,ATL,prop,Yes,0.5,DK,Brian Robinson Jr.,anytime_td,3.35,+235,0.2784,-0.0673,0.0,0,,0,market,0.3421,0.146,,15,C,,,prop|anytime_td|Brian Robinson Jr.|0.5
nfl,401872985,2026-10-11T17:00Z,IND,PIT,prop,Yes,0.5,MGM,Daniel Jones,anytime_td,7.0,+600,0.133,-0.0693,0.0,0,,0,market,0.1976,0.3832,,15,C,,,prop|anytime_td|Daniel Jones|0.5
nfl,401872991,2026-10-11T20:25Z,DET,ARI,prop,Yes,0.5,FD,Sam LaPorta,anytime_td,2.65,+165,0.349,-0.0751,0.0,0,,0,market,0.3895,0.0322,,15,C,,,prop|anytime_td|Sam LaPorta|0.5
nfl,401872993,2026-10-12T00:20Z,BAL,ATL,prop,Yes,0.5,MGM,Brian Robinson Jr.,anytime_td,3.3,+230,0.2784,-0.0812,0.0,0,,0,market,0.3421,0.1289,,15,C,,,prop|anytime_td|Brian Robinson Jr.|0.5
nfl,401872989,2026-10-11T20:05Z,DEN,LAC,prop,Yes,0.5,DK,Bo Nix,anytime_td,5.25,+425,0.1748,-0.0823,0.0,0,,0,market,0.2166,0.1371,,15,C,,,prop|anytime_td|Bo Nix|0.5
nfl,401872992,2026-10-11T20:25Z,SF,SEA,prop,Yes,0.5,DK,Brock Purdy,anytime_td,6.5,+550,0.1398,-0.0912,0.0,0,,0,market,0.2163,0.406,,15,C,,,prop|anytime_td|Brock Purdy|0.5
nfl,401872993,2026-10-12T00:20Z,BAL,ATL,prop,Yes,0.5,DK,Olamide Zaccheaus,anytime_td,9.0,+800,0.1009,-0.0916,0.0,0,,0,market,0.1195,0.0755,,15,C,,,prop|anytime_td|Olamide Zaccheaus|0.5
nfl,401872993,2026-10-12T00:20Z,BAL,ATL,prop,Yes,0.5,DK,Jahan Dotson,anytime_td,6.0,+500,0.1495,-0.103,0.0,0,,0,market,0.2745,0.647,,15,C,,,prop|anytime_td|Jahan Dotson|0.5
nfl,401872993,2026-10-12T00:20Z,BAL,ATL,prop,Yes,0.5,FD,Jahan Dotson,anytime_td,6.0,+500,0.1495,-0.103,0.0,0,,0,market,0.2745,0.647,,15,C,,,prop|anytime_td|Jahan Dotson|0.5
nfl,401872993,2026-10-12T00:20Z,BAL,ATL,prop,Yes,0.5,BR,Jahan Dotson,anytime_td,6.0,+500,0.1495,-0.103,0.0,0,,0,market,0.2745,0.647,,15,C,,,prop|anytime_td|Jahan Dotson|0.5
nfl,401872993,2026-10-12T00:20Z,BAL,ATL,prop,Yes,0.5,MGM,Jahan Dotson,anytime_td,6.0,+500,0.1495,-0.103,0.0,0,,0,market,0.2745,0.647,,15,C,,,prop|anytime_td|Jahan Dotson|0.5
nfl,401872992,2026-10-11T20:25Z,SF,SEA,prop,Yes,0.5,MGM,Mike Evans,anytime_td,3.3,+230,0.2715,-0.1041,0.0,0,,0,market,0.3505,0.1566,,15,C,,,prop|anytime_td|Mike Evans|0.5
nfl,401872992,2026-10-11T20:25Z,SF,SEA,prop,Yes,0.5,FD,Jaxon Smith-Njigba,anytime_td,2.05,+105,0.4362,-0.1057,0.0,0,,0,market,0.5385,0.1039,,15,C,,,prop|anytime_td|Jaxon Smith-Njigba|0.5
nfl,401872993,2026-10-12T00:20Z,BAL,ATL,prop,Yes,0.5,FD,Brian Robinson Jr.,anytime_td,3.2,+220,0.2784,-0.109,0.0,0,,0,market,0.3421,0.0947,,15,C,,,prop|anytime_td|Brian Robinson Jr.|0.5
nfl,401872984,2026-10-11T17:00Z,HOU,TEN,prop,Yes,0.5,MGM,Xavier Hutchinson,anytime_td,6.75,+575,0.1313,-0.1135,0.0,0,,0,market,0.1927,0.3007,,15,C,,,prop|anytime_td|Xavier Hutchinson|0.5
nfl,401872984,2026-10-11T17:00Z,HOU,TEN,prop,Yes,0.5,FD,Nico Collins,anytime_td,2.45,+145,0.3582,-0.1224,0.0,0,,0,market,0.458,0.1221,,15,C,,,prop|anytime_td|Nico Collins|0.5
nfl,401872992,2026-10-11T20:25Z,SF,SEA,prop,Yes,0.5,MGM,AJ Barner,anytime_td,3.9,+290,0.2235,-0.1282,0.0,0,,0,market,0.2695,0.0511,,15,C,,,prop|anytime_td|AJ Barner|0.5
nfl,401872984,2026-10-11T17:00Z,HOU,TEN,prop,Yes,0.5,DK,Cam Ward,anytime_td,8.0,+700,0.109,-0.1283,0.0,0,,0,market,0.16,0.28,,15,C,,,prop|anytime_td|Cam Ward|0.5
nfl,401872984,2026-10-11T17:00Z,HOU,TEN,prop,Yes,0.5,FD,Cam Ward,anytime_td,8.0,+700,0.109,-0.1283,0.0,0,,0,market,0.16,0.28,,15,C,,,prop|anytime_td|Cam Ward|0.5
nfl,401872986,2026-10-11T17:00Z,LV,NE,prop,Yes,0.5,DK,Mike Washington Jr.,anytime_td,7.0,+600,0.1227,-0.1412,0.0,0,,0,market,0.171,0.197,,15,C,,,prop|anytime_td|Mike Washington Jr.|0.5
nfl,401872991,2026-10-11T20:25Z,DET,ARI,prop,Yes,0.5,BR,Jacoby Brissett,anytime_td,6.1,+510,0.1407,-0.1417,0.0,0,,0,market,0.1745,0.0644,,15,C,,,prop|anytime_td|Jacoby Brissett|0.5
nfl,401872989,2026-10-11T20:05Z,DEN,LAC,prop,Yes,0.5,FD,Bo Nix,anytime_td,4.9,+390,0.1748,-0.1434,0.0,0,,0,market,0.2166,0.0613,,15,C,,,prop|anytime_td|Bo Nix|0.5
nfl,401872991,2026-10-11T20:25Z,DET,ARI,prop,Yes,0.5,FD,Michael Wilson,anytime_td,2.7,+170,0.3168,-0.1447,0.0,0,,0,market,0.3912,0.0562,,15,C,,,prop|anytime_td|Michael Wilson|0.5
nfl,401872984,2026-10-11T17:00Z,HOU,TEN,prop,Yes,0.5,FD,Xavier Hutchinson,anytime_td,6.5,+550,0.1313,-0.1464,0.0,0,,0,market,0.1927,0.2526,,15,C,,,prop|anytime_td|Xavier Hutchinson|0.5
nfl,401872992,2026-10-11T20:25Z,SF,SEA,prop,Yes,0.5,DK,Jaxon Smith-Njigba,anytime_td,1.9524,-105,0.4362,-0.1483,0.0,0,,0,market,0.5385,0.0514,,15,C,,,prop|anytime_td|Jaxon Smith-Njigba|0.5
nfl,401872993,2026-10-12T00:20Z,BAL,ATL,prop,Yes,0.5,DK,Zay Flowers,anytime_td,3.0,+200,0.2838,-0.1485,0.0,0,,0,market,0.3552,0.0656,,15,C,,,prop|anytime_td|Zay Flowers|0.5
nfl,401872993,2026-10-12T00:20Z,BAL,ATL,prop,Yes,0.5,FD,Zay Flowers,anytime_td,3.0,+200,0.2838,-0.1485,0.0,0,,0,market,0.3552,0.0656,,15,C,,,prop|anytime_td|Zay Flowers|0.5
nfl,401872989,2026-10-11T20:05Z,DEN,LAC,prop,Yes,0.5,FD,Evan Engram,anytime_td,6.0,+500,0.1416,-0.1504,0.0,0,,0,market,0.1825,0.095,,15,C,,,prop|anytime_td|Evan Engram|0.5
nfl,401872989,2026-10-11T20:05Z,DEN,LAC,prop,Yes,0.5,MGM,Evan Engram,anytime_td,6.0,+500,0.1416,-0.1504,0.0,0,,0,market,0.1825,0.095,,15,C,,,prop|anytime_td|Evan Engram|0.5
nfl,401872993,2026-10-12T00:20Z,BAL,ATL,prop,Yes,0.5,BR,Brian Robinson Jr.,anytime_td,3.05,+205,0.2784,-0.1508,0.0,0,,0,market,0.3421,0.0434,,15,C,,,prop|anytime_td|Brian Robinson Jr.|0.5
nfl,401872992,2026-10-11T20:25Z,SF,SEA,prop,Yes,0.5,DK,George Kittle,anytime_td,2.85,+185,0.2974,-0.1523,0.0,0,,0,market,0.4109,0.1711,,15,C,,,prop|anytime_td|George Kittle|0.5
nfl,401872991,2026-10-11T20:25Z,DET,ARI,prop,Yes,0.5,FD,Jacoby Brissett,anytime_td,6.0,+500,0.1407,-0.1557,0.0,0,,0,market,0.1745,0.047,,15,C,,,prop|anytime_td|Jacoby Brissett|0.5
nfl,401872984,2026-10-11T17:00Z,HOU,TEN,prop,Yes,0.5,MGM,Nico Collins,anytime_td,2.35,+135,0.3582,-0.1582,0.0,0,,0,market,0.458,0.0763,,15,C,,,prop|anytime_td|Nico Collins|0.5
nfl,401872989,2026-10-11T20:05Z,DEN,LAC,prop,Yes,0.5,BR,Bo Nix,anytime_td,4.8,+380,0.1748,-0.1609,0.0,0,,0,market,0.2166,0.0397,,15,C,,,prop|anytime_td|Bo Nix|0.5
nfl,401872990,2026-10-11T17:00Z,CHI,GB,prop,Yes,0.5,MGM,Cole Kmet,anytime_td,6.75,+575,0.1237,-0.1653,0.0,0,,0,market,0.1564,0.0557,,15,C,,,prop|anytime_td|Cole Kmet|0.5
nfl,401872992,2026-10-11T20:25Z,SF,SEA,prop,Yes,0.5,FD,George Kittle,anytime_td,2.8,+180,0.2974,-0.1672,0.0,0,,0,market,0.4109,0.1505,,15,C,,,prop|anytime_td|George Kittle|0.5
nfl,401872986,2026-10-11T17:00Z,LV,NE,prop,Yes,0.5,MGM,Mike Washington Jr.,anytime_td,6.75,+575,0.1227,-0.1718,0.0,0,,0,market,0.171,0.1542,,15,C,,,prop|anytime_td|Mike Washington Jr.|0.5
cfb,401858483,2026-10-10T20:15Z,MD,OSU,prop,Yes,0.5,DK,Malik Washington,anytime_td,7.5,+650,0.1093,-0.1803,0.0,0,,0,market,0.2117,0.5877,,15,C,,,prop|anytime_td|Malik Washington|0.5
nfl,401872981,2026-10-11T13:30Z,PHI,JAX,prop,Yes,0.5,BR,Brenton Strange,anytime_td,4.2,+320,0.195,-0.1812,0.0,0,,0,market,0.2629,0.1042,,15,C,,,prop|anytime_td|Brenton Strange|0.5
nfl,401872992,2026-10-11T20:25Z,SF,SEA,prop,Yes,0.5,MGM,George Kittle,anytime_td,2.75,+175,0.2974,-0.182,0.0,0,,0,market,0.4109,0.13,,15,C,,,prop|anytime_td|George Kittle|0.5
nfl,401872984,2026-10-11T17:00Z,HOU,TEN,prop,Yes,0.5,MGM,Cam Ward,anytime_td,7.5,+650,0.109,-0.1828,0.0,0,,0,market,0.16,0.2,,15,C,,,prop|anytime_td|Cam Ward|0.5
nfl,401872992,2026-10-11T20:25Z,SF,SEA,prop,Yes,0.5,FD,Mike Evans,anytime_td,3.0,+200,0.2715,-0.1856,0.0,0,,0,market,0.3505,0.0515,,15,C,,,prop|anytime_td|Mike Evans|0.5
nfl,401872989,2026-10-11T20:05Z,DEN,LAC,prop,Yes,0.5,DK,Evan Engram,anytime_td,5.75,+475,0.1416,-0.1858,0.0,0,,0,market,0.1825,0.0494,,15,C,,,prop|anytime_td|Evan Engram|0.5
nfl,401872989,2026-10-11T20:05Z,DEN,LAC,prop,Yes,0.5,BR,Evan Engram,anytime_td,5.75,+475,0.1416,-0.1858,0.0,0,,0,market,0.1825,0.0494,,15,C,,,prop|anytime_td|Evan Engram|0.5
nfl,401872981,2026-10-11T13:30Z,PHI,JAX,prop,Yes,0.5,DK,Jakobi Meyers,anytime_td,3.85,+285,0.2103,-0.1903,0.0,0,,0,market,0.2818,0.0849,,15,C,,,prop|anytime_td|Jakobi Meyers|0.5
nfl,401872984,2026-10-11T17:00Z,HOU,TEN,prop,Yes,0.5,DK,Nico Collins,anytime_td,2.25,+125,0.3582,-0.194,0.0,0,,0,market,0.458,0.0305,,15,C,,,prop|anytime_td|Nico Collins|0.5
nfl,401872994,2026-10-13T00:15Z,BUF,LAR,prop,Yes,0.5,MGM,Tyler Higbee,anytime_td,3.1,+210,0.2598,-0.1947,0.0,0,,0,market,0.3387,0.05,,15,C,,,prop|anytime_td|Tyler Higbee|0.5
nfl,401872992,2026-10-11T20:25Z,SF,SEA,prop,Yes,0.5,BR,Brock Purdy,anytime_td,5.75,+475,0.1398,-0.1961,0.0,0,,0,market,0.2163,0.2437,,15,C,,,prop|anytime_td|Brock Purdy|0.5
nfl,401872992,2026-10-11T20:25Z,SF,SEA,prop,Yes,0.5,DK,Mike Evans,anytime_td,2.95,+195,0.2715,-0.1991,0.0,0,,0,market,0.3505,0.034,,15,C,,,prop|anytime_td|Mike Evans|0.5
nfl,401872981,2026-10-11T13:30Z,PHI,JAX,prop,Yes,0.5,DK,Brenton Strange,anytime_td,4.1,+310,0.195,-0.2007,0.0,0,,0,market,0.2629,0.0779,,15,C,,,prop|anytime_td|Brenton Strange|0.5
nfl,401872981,2026-10-11T13:30Z,PHI,JAX,prop,Yes,0.5,FD,Jakobi Meyers,anytime_td,3.8,+280,0.2103,-0.2008,0.0,0,,0,market,0.2818,0.0708,,15,C,,,prop|anytime_td|Jakobi Meyers|0.5
nfl,401872985,2026-10-11T17:00Z,IND,PIT,prop,Yes,0.5,FD,Daniel Jones,anytime_td,6.0,+500,0.133,-0.2022,0.0,0,,0,market,0.1976,0.1856,,15,C,,,prop|anytime_td|Daniel Jones|0.5
nfl,401872994,2026-10-13T00:15Z,BUF,LAR,prop,Yes,0.5,DK,Tyler Higbee,anytime_td,3.05,+205,0.2598,-0.2077,0.0,0,,0,market,0.3387,0.033,,15,C,,,prop|anytime_td|Tyler Higbee|0.5
nfl,401872981,2026-10-11T13:30Z,PHI,JAX,prop,Yes,0.5,BR,Jakobi Meyers,anytime_td,3.75,+275,0.2103,-0.2114,0.0,0,,0,market,0.2818,0.0568,,15,C,,,prop|anytime_td|Jakobi Meyers|0.5
nfl,401872992,2026-10-11T20:25Z,SF,SEA,prop,Yes,0.5,BR,George Kittle,anytime_td,2.65,+165,0.2974,-0.2118,0.0,0,,0,market,0.4109,0.0889,,15,C,,,prop|anytime_td|George Kittle|0.5
nfl,401872994,2026-10-13T00:15Z,BUF,LAR,prop,Yes,0.5,BR,Dawson Knox,anytime_td,7.5,+650,0.1051,-0.2118,0.0,0,,0,market,0.2154,0.6155,,15,C,,,prop|anytime_td|Dawson Knox|0.5
nfl,401872984,2026-10-11T17:00Z,HOU,TEN,prop,Yes,0.5,DK,Xavier Hutchinson,anytime_td,6.0,+500,0.1313,-0.212,0.0,0,,0,market,0.1927,0.1562,,15,C,,,prop|anytime_td|Xavier Hutchinson|0.5
nfl,401872994,2026-10-13T00:15Z,BUF,LAR,prop,Yes,0.5,FD,Davante Adams,anytime_td,2.0,+100,0.3924,-0.2152,0.0,0,,0,market,0.5286,0.0572,,15,C,,,prop|anytime_td|Davante Adams|0.5
nfl,401872994,2026-10-13T00:15Z,BUF,LAR,prop,Yes,0.5,BR,Davante Adams,anytime_td,2.0,+100,0.3924,-0.2152,0.0,0,,0,market,0.5286,0.0572,,15,C,,,prop|anytime_td|Davante Adams|0.5
nfl,401872981,2026-10-11T13:30Z,PHI,JAX,prop,Yes,0.5,FD,Brenton Strange,anytime_td,4.0,+300,0.195,-0.2202,0.0,0,,0,market,0.2629,0.0516,,15,C,,,prop|anytime_td|Brenton Strange|0.5
nfl,401872994,2026-10-13T00:15Z,BUF,LAR,prop,Yes,0.5,DK,Davante Adams,anytime_td,1.9524,-105,0.3924,-0.2338,0.0,0,,0,market,0.5286,0.032,,15,C,,,prop|anytime_td|Davante Adams|0.5
nfl,401872994,2026-10-13T00:15Z,BUF,LAR,prop,Yes,0.5,MGM,Davante Adams,anytime_td,1.9524,-105,0.3924,-0.2338,0.0,0,,0,market,0.5286,0.032,,15,C,,,prop|anytime_td|Davante Adams|0.5
nfl,401872981,2026-10-11T13:30Z,PHI,JAX,prop,Yes,0.5,DK,Zach Ertz,anytime_td,7.0,+600,0.1094,-0.234,0.0,0,,0,market,0.1669,0.1683,,15,C,,,prop|anytime_td|Zach Ertz|0.5
cfb,401858483,2026-10-10T20:15Z,MD,OSU,prop,Yes,0.5,FD,Malik Washington,anytime_td,7.0,+600,0.1093,-0.2349,0.0,0,,0,market,0.2117,0.4819,,15,C,,,prop|anytime_td|Malik Washington|0.5
cfb,401858483,2026-10-10T20:15Z,MD,OSU,prop,Yes,0.5,MGM,Malik Washington,anytime_td,7.0,+600,0.1093,-0.2349,0.0,0,,0,market,0.2117,0.4819,,15,C,,,prop|anytime_td|Malik Washington|0.5
nfl,401872985,2026-10-11T17:00Z,IND,PIT,prop,Yes,0.5,BR,Daniel Jones,anytime_td,5.75,+475,0.133,-0.2355,0.0,0,,0,market,0.1976,0.1362,,15,C,,,prop|anytime_td|Daniel Jones|0.5
nfl,401872994,2026-10-13T00:15Z,BUF,LAR,prop,Yes,0.5,BR,Ty Johnson,anytime_td,6.4,+540,0.1194,-0.2355,0.0,0,,0,market,0.188,0.2032,,15,C,,,prop|anytime_td|Ty Johnson|0.5
nfl,401872987,2026-10-11T17:00Z,MIN,NO,prop,Yes,0.5,BR,Alvin Kamara,anytime_td,2.6,+160,0.2906,-0.2444,0.0,0,,0,market,0.4335,0.1271,,15,C,,,prop|anytime_td|Alvin Kamara|0.5
nfl,401872986,2026-10-11T17:00Z,LV,NE,prop,Yes,0.5,BR,Efton Chism III,anytime_td,7.0,+600,0.1051,-0.2643,0.0,0,,0,market,0.1748,0.2236,,15,C,,,prop|anytime_td|Efton Chism III|0.5
nfl,401872994,2026-10-13T00:15Z,BUF,LAR,prop,Yes,0.5,DK,Dawson Knox,anytime_td,7.0,+600,0.1051,-0.2643,0.0,0,,0,market,0.2154,0.5078,,15,C,,,prop|anytime_td|Dawson Knox|0.5
nfl,401872994,2026-10-13T00:15Z,BUF,LAR,prop,Yes,0.5,DK,Josh Allen,anytime_td,1.8333,-120,0.3997,-0.2673,0.0,0,,0,market,0.5914,0.0842,,15,C,,,prop|anytime_td|Josh Allen|0.5
nfl,401872985,2026-10-11T17:00Z,IND,PIT,prop,Yes,0.5,DK,Daniel Jones,anytime_td,5.5,+450,0.133,-0.2687,0.0,0,,0,market,0.1976,0.0868,,15,C,,,prop|anytime_td|Daniel Jones|0.5
nfl,401872988,2026-10-11T17:00Z,NYG,WSH,prop,Yes,0.5,DK,Stefon Diggs,anytime_td,2.9,+190,0.2517,-0.27,0.0,0,,0,market,0.391,0.1339,,15,C,,,prop|anytime_td|Stefon Diggs|0.5
nfl,401872989,2026-10-11T20:05Z,DEN,LAC,prop,Yes,0.5,DK,Omarion Hampton,anytime_td,2.65,+165,0.2734,-0.2755,0.0,0,,0,market,0.4429,0.1737,,15,C,,,prop|anytime_td|Omarion Hampton|0.5
nfl,401872989,2026-10-11T20:05Z,DEN,LAC,prop,Yes,0.5,FD,Omarion Hampton,anytime_td,2.65,+165,0.2734,-0.2755,0.0,0,,0,market,0.4429,0.1737,,15,C,,,prop|anytime_td|Omarion Hampton|0.5
nfl,401872989,2026-10-11T20:05Z,DEN,LAC,prop,Yes,0.5,MGM,Omarion Hampton,anytime_td,2.65,+165,0.2734,-0.2755,0.0,0,,0,market,0.4429,0.1737,,15,C,,,prop|anytime_td|Omarion Hampton|0.5
nfl,401872987,2026-10-11T17:00Z,MIN,NO,prop,Yes,0.5,DK,Devaughn Vele,anytime_td,4.5,+350,0.1607,-0.2768,0.0,0,,0,market,0.2677,0.2046,,15,C,,,prop|anytime_td|Devaughn Vele|0.5
nfl,401872987,2026-10-11T17:00Z,MIN,NO,prop,Yes,0.5,FD,Devaughn Vele,anytime_td,4.5,+350,0.1607,-0.2768,0.0,0,,0,market,0.2677,0.2046,,15,C,,,prop|anytime_td|Devaughn Vele|0.5
nfl,401872994,2026-10-13T00:15Z,BUF,LAR,prop,Yes,0.5,FD,Josh Allen,anytime_td,1.8,-125,0.3997,-0.2806,0.0,0,,0,market,0.5914,0.0645,,15,C,,,prop|anytime_td|Josh Allen|0.5
nfl,401872994,2026-10-13T00:15Z,BUF,LAR,prop,Yes,0.5,MGM,Josh Allen,anytime_td,1.8,-125,0.3997,-0.2806,0.0,0,,0,market,0.5914,0.0645,,15,C,,,prop|anytime_td|Josh Allen|0.5
nfl,401872994,2026-10-13T00:15Z,BUF,LAR,prop,Yes,0.5,DK,Ty Johnson,anytime_td,6.0,+500,0.1194,-0.2833,0.0,0,,0,market,0.188,0.128,,15,C,,,prop|anytime_td|Ty Johnson|0.5
nfl,401872994,2026-10-13T00:15Z,BUF,LAR,prop,Yes,0.5,FD,Ty Johnson,anytime_td,6.0,+500,0.1194,-0.2833,0.0,0,,0,market,0.188,0.128,,15,C,,,prop|anytime_td|Ty Johnson|0.5
nfl,401872981,2026-10-11T13:30Z,PHI,JAX,prop,Yes,0.5,FD,Zach Ertz,anytime_td,6.5,+550,0.1094,-0.2887,0.0,0,,0,market,0.1669,0.0848,,15,C,,,prop|anytime_td|Zach Ertz|0.5
nfl,401872994,2026-10-13T00:15Z,BUF,LAR,prop,Yes,0.5,BR,Josh Allen,anytime_td,1.7752,-129,0.3997,-0.2905,0.0,0,,0,market,0.5914,0.0499,,15,C,,,prop|anytime_td|Josh Allen|0.5
nfl,401872987,2026-10-11T17:00Z,MIN,NO,prop,Yes,0.5,BR,Juwan Johnson,anytime_td,4.1,+310,0.173,-0.2908,0.0,0,,0,market,0.2739,0.123,,15,C,,,prop|anytime_td|Juwan Johnson|0.5
nfl,401872987,2026-10-11T17:00Z,MIN,NO,prop,Yes,0.5,DK,Juwan Johnson,anytime_td,4.0,+300,0.173,-0.3081,0.0,0,,0,market,0.2739,0.0956,,15,C,,,prop|anytime_td|Juwan Johnson|0.5
nfl,401872987,2026-10-11T17:00Z,MIN,NO,prop,Yes,0.5,FD,Juwan Johnson,anytime_td,4.0,+300,0.173,-0.3081,0.0,0,,0,market,0.2739,0.0956,,15,C,,,prop|anytime_td|Juwan Johnson|0.5
nfl,401872994,2026-10-13T00:15Z,BUF,LAR,prop,Yes,0.5,MGM,Ty Johnson,anytime_td,5.75,+475,0.1194,-0.3132,0.0,0,,0,market,0.188,0.081,,15,C,,,prop|anytime_td|Ty Johnson|0.5
nfl,401872986,2026-10-11T17:00Z,LV,NE,prop,Yes,0.5,DK,Efton Chism III,anytime_td,6.5,+550,0.1051,-0.3169,0.0,0,,0,market,0.1748,0.1362,,15,C,,,prop|anytime_td|Efton Chism III|0.5
nfl,401872994,2026-10-13T00:15Z,BUF,LAR,prop,Yes,0.5,FD,Dawson Knox,anytime_td,6.5,+550,0.1051,-0.3169,0.0,0,,0,market,0.2154,0.4001,,15,C,,,prop|anytime_td|Dawson Knox|0.5
nfl,401872994,2026-10-13T00:15Z,BUF,LAR,prop,Yes,0.5,MGM,Dawson Knox,anytime_td,6.5,+550,0.1051,-0.3169,0.0,0,,0,market,0.2154,0.4001,,15,C,,,prop|anytime_td|Dawson Knox|0.5
nfl,401872988,2026-10-11T17:00Z,NYG,WSH,prop,Yes,0.5,BR,Stefon Diggs,anytime_td,2.7,+170,0.2517,-0.3204,0.0,0,,0,market,0.391,0.0557,,15,C,,,prop|anytime_td|Stefon Diggs|0.5
nfl,401872987,2026-10-11T17:00Z,MIN,NO,prop,Yes,0.5,MGM,Devaughn Vele,anytime_td,4.2,+320,0.1607,-0.325,0.0,0,,0,market,0.2677,0.1243,,15,C,,,prop|anytime_td|Devaughn Vele|0.5
nfl,401872989,2026-10-11T20:05Z,DEN,LAC,prop,Yes,0.5,BR,Omarion Hampton,anytime_td,2.45,+145,0.2734,-0.3302,0.0,0,,0,market,0.4429,0.0851,,15,C,,,prop|anytime_td|Omarion Hampton|0.5
nfl,401872988,2026-10-11T17:00Z,NYG,WSH,prop,Yes,0.5,FD,Stefon Diggs,anytime_td,2.65,+165,0.2517,-0.333,0.0,0,,0,market,0.391,0.0361,,15,C,,,prop|anytime_td|Stefon Diggs|0.5
nfl,401872988,2026-10-11T17:00Z,NYG,WSH,prop,Yes,0.5,MGM,Stefon Diggs,anytime_td,2.65,+165,0.2517,-0.333,0.0,0,,0,market,0.391,0.0361,,15,C,,,prop|anytime_td|Stefon Diggs|0.5
nfl,401872986,2026-10-11T17:00Z,LV,NE,prop,Yes,0.5,FD,Romeo Doubs,anytime_td,2.8,+180,0.2338,-0.3454,0.0,0,,0,market,0.4059,0.1365,,15,C,,,prop|anytime_td|Romeo Doubs|0.5
nfl,401872986,2026-10-11T17:00Z,LV,NE,prop,Yes,0.5,DK,Romeo Doubs,anytime_td,2.75,+175,0.2338,-0.3571,0.0,0,,0,market,0.4059,0.1162,,15,C,,,prop|anytime_td|Romeo Doubs|0.5
nfl,401872986,2026-10-11T17:00Z,LV,NE,prop,Yes,0.5,MGM,Romeo Doubs,anytime_td,2.75,+175,0.2338,-0.3571,0.0,0,,0,market,0.4059,0.1162,,15,C,,,prop|anytime_td|Romeo Doubs|0.5
nfl,401872986,2026-10-11T17:00Z,LV,NE,prop,Yes,0.5,BR,Romeo Doubs,anytime_td,2.7,+170,0.2338,-0.3687,0.0,0,,0,market,0.4059,0.0959,,15,C,,,prop|anytime_td|Romeo Doubs|0.5
nfl,401872986,2026-10-11T17:00Z,LV,NE,prop,Yes,0.5,FD,Efton Chism III,anytime_td,6.0,+500,0.1051,-0.3694,0.0,0,,0,market,0.1748,0.0488,,15,C,,,prop|anytime_td|Efton Chism III|0.5
nfl,401872987,2026-10-11T17:00Z,MIN,NO,prop,Yes,0.5,BR,Devaughn Vele,anytime_td,3.9,+290,0.1607,-0.3732,0.0,0,,0,market,0.2677,0.044,,15,C,,,prop|anytime_td|Devaughn Vele|0.5
