season,week,player,team,opp,slot,market,base,actual,ratio,dvp,psi,scheme,env,role
2025,2,Jayden Daniels,WAS,GB,QB1,pass_yds,208.9,200,0.957,16.0,24.2,106.0,0.077,
2025,2,Jayden Daniels,WAS,GB,QB1,pass_td,1.8,2,1.111,22.5,24.2,106.0,0.077,
2025,2,Austin Ekeler,WAS,GB,RB1,rush_yds,26.9,17,0.632,23.0,15.1,97.0,0.077,
2025,2,Austin Ekeler,WAS,GB,RB1,rec_yds,27.7,7,0.253,12.0,15.1,97.0,0.077,
2025,2,Austin Ekeler,WAS,GB,RB1,td,0.3,0,0.0,17.5,15.1,97.0,0.077,
2025,2,Zach Ertz,WAS,GB,TE1,rec_yds,35.6,64,1.798,6.0,14.83,102.0,0.077,
2025,2,Zach Ertz,WAS,GB,TE1,td,0.8,1,1.25,31.5,14.83,102.0,0.077,
2025,2,Terry McLaurin,WAS,GB,WR2,rec_yds,55.2,48,0.87,19.5,22.17,107.0,0.077,
2025,2,Terry McLaurin,WAS,GB,WR2,td,0.7,0,0.0,29.0,22.17,107.0,0.077,
2025,2,Deebo Samuel,WAS,GB,WR1,rec_yds,41.8,44,1.053,32.0,27.17,100.0,0.077,
2025,2,Deebo Samuel,WAS,GB,WR1,td,0.4,1,2.5,27.5,27.17,100.0,0.077,
2025,2,Noah Brown,WAS,GB,WR3,rec_yds,39.6,9,0.227,6.0,3.83,105.0,0.077,
2025,2,Jordan Love,GB,WAS,QB1,pass_yds,194.5,292,1.501,29.0,24.6,102.0,0.276,
2025,2,Jordan Love,GB,WAS,QB1,pass_td,1.4,2,1.429,25.5,24.6,102.0,0.276,
2025,2,Josh Jacobs,GB,WAS,RB1,rush_yds,69.9,84,1.202,7.0,15.7,100.0,0.276,
2025,2,Josh Jacobs,GB,WAS,RB1,rush_att,18.1,23,1.271,7.0,15.7,100.0,0.276,
2025,2,Josh Jacobs,GB,WAS,RB1,rec_yds,22.2,0,0.0,23.0,15.7,100.0,0.276,
2025,2,Josh Jacobs,GB,WAS,RB1,td,1.4,1,0.714,5.5,15.7,100.0,0.276,
2025,2,Tucker Kraft,GB,WAS,TE1,rec_yds,36.3,124,3.416,32.0,24.67,105.0,0.276,
2025,2,Tucker Kraft,GB,WAS,TE1,td,0.4,1,2.5,10.0,24.67,105.0,0.276,
2025,2,Dontayvion Wicks,GB,WAS,WR2,rec_yds,28.3,44,1.555,30.0,23.0,104.0,0.276,
2025,2,Romeo Doubs,GB,WAS,WR1,rec_yds,51.9,28,0.539,3.0,11.5,95.0,0.276,
2025,2,Romeo Doubs,GB,WAS,WR1,td,0.2,1,5.0,23.5,11.5,95.0,0.276,
2025,2,Josh Allen,BUF,NYJ,QB1,pass_yds,275.3,148,0.538,28.0,20.0,101.0,0.28700000000000003,
2025,2,Josh Allen,BUF,NYJ,QB1,pass_td,1.8,0,0.0,19.0,20.0,101.0,0.28700000000000003,
2025,2,James Cook,BUF,NYJ,RB1,rush_yds,60.1,132,2.196,9.0,18.1,102.0,0.28700000000000003,
2025,2,James Cook,BUF,NYJ,RB1,rush_att,12.4,21,1.694,9.0,18.1,102.0,0.28700000000000003,
2025,2,James Cook,BUF,NYJ,RB1,rec_yds,20.4,3,0.147,21.0,18.1,102.0,0.28700000000000003,
2025,2,James Cook,BUF,NYJ,RB1,td,1.2,2,1.667,13.0,18.1,102.0,0.28700000000000003,
2025,2,Ray Davis,BUF,NYJ,RB2,rush_yds,20.4,24,1.176,20.0,21.7,99.0,0.28700000000000003,
2025,2,Ray Davis,BUF,NYJ,RB2,td,0.4,0,0.0,29.0,21.7,99.0,0.28700000000000003,
2025,2,Josh Palmer,BUF,NYJ,WR2,rec_yds,40.0,47,1.175,21.5,24.0,99.0,0.28700000000000003,
2025,2,Dalton Kincaid,BUF,NYJ,TE1,rec_yds,37.8,37,0.979,22.0,17.67,99.0,0.28700000000000003,
2025,2,Dalton Kincaid,BUF,NYJ,TE1,td,0.3,0,0.0,17.5,17.67,99.0,0.28700000000000003,
2025,2,Keon Coleman,BUF,NYJ,WR1,rec_yds,60.5,26,0.43,15.0,16.0,100.0,0.28700000000000003,
2025,2,Keon Coleman,BUF,NYJ,WR1,td,0.4,0,0.0,5.5,16.0,100.0,0.28700000000000003,
2025,2,Khalil Shakir,BUF,NYJ,WR3,rec_yds,52.8,12,0.227,27.5,20.67,96.0,0.28700000000000003,
2025,2,Khalil Shakir,BUF,NYJ,WR3,td,0.2,0,0.0,5.5,20.67,96.0,0.28700000000000003,
2025,2,Justin Fields,NYJ,BUF,QB1,pass_yds,126.9,27,0.213,11.0,11.0,86.0,-0.132,
2025,2,Justin Fields,NYJ,BUF,QB1,pass_td,0.6,0,0.0,4.5,11.0,86.0,-0.132,
2025,2,Breece Hall,NYJ,BUF,RB1,rush_yds,66.2,29,0.438,2.0,6.3,97.0,-0.132,
2025,2,Breece Hall,NYJ,BUF,RB1,rush_att,13.6,10,0.735,2.0,6.3,97.0,-0.132,
2025,2,Breece Hall,NYJ,BUF,RB1,rec_yds,24.3,9,0.37,7.0,6.3,97.0,-0.132,
2025,2,Breece Hall,NYJ,BUF,RB1,td,0.4,0,0.0,5.5,6.3,97.0,-0.132,
2025,2,Braelon Allen,NYJ,BUF,RB2,td,0.2,0,0.0,20.5,13.4,97.0,-0.132,
2025,2,Garrett Wilson,NYJ,BUF,WR1,rec_yds,63.1,50,0.792,2.0,10.17,93.0,-0.132,
2025,2,Garrett Wilson,NYJ,BUF,WR1,td,0.4,0,0.0,17.0,10.17,93.0,-0.132,
2025,2,Tyler Johnson,NYJ,BUF,WR2,rec_yds,23.4,0,0.0,4.0,4.17,96.0,-0.132,
2025,2,Caleb Williams,CHI,DET,QB1,pass_yds,217.6,207,0.951,5.0,10.9,101.0,0.087,
2025,2,Caleb Williams,CHI,DET,QB1,pass_td,1.3,2,1.538,29.0,10.9,101.0,0.087,
2025,2,D'Andre Swift,CHI,DET,RB1,rush_yds,50.1,63,1.257,28.0,22.7,102.0,0.087,
2025,2,D'Andre Swift,CHI,DET,RB1,rush_att,14.6,12,0.822,28.0,22.7,102.0,0.087,
2025,2,D'Andre Swift,CHI,DET,RB1,td,0.2,1,5.0,21.5,22.7,102.0,0.087,
2025,2,Olamide Zaccheaus,CHI,DET,WR2,rec_yds,36.6,12,0.328,8.0,14.83,99.0,0.087,
2025,2,Olamide Zaccheaus,CHI,DET,WR2,td,0.3,0,0.0,24.0,14.83,99.0,0.087,
2025,2,Rome Odunze,CHI,DET,WR1,rec_yds,39.4,128,3.249,7.0,9.17,100.0,0.087,
2025,2,Rome Odunze,CHI,DET,WR1,td,0.4,2,5.0,17.0,9.17,100.0,0.087,
2025,2,D.J. Moore,CHI,DET,WR3,rec_yds,70.4,46,0.653,1.0,6.5,96.0,0.087,
2025,2,D.J. Moore,CHI,DET,WR3,td,0.3,0,0.0,17.5,6.5,96.0,0.087,
2025,2,Cole Kmet,CHI,DET,TE1,rec_yds,24.7,29,1.174,27.0,23.83,99.0,0.087,
2025,2,Jared Goff,DET,CHI,QB1,pass_yds,299.9,334,1.114,25.0,26.8,101.0,0.10799999999999998,
2025,2,Jared Goff,DET,CHI,QB1,pass_td,2.3,5,2.174,31.0,26.8,101.0,0.10799999999999998,
2025,2,Jahmyr Gibbs,DET,CHI,RB1,rush_yds,72.3,94,1.3,5.0,13.1,102.0,0.10799999999999998,
2025,2,Jahmyr Gibbs,DET,CHI,RB1,rush_att,14.6,12,0.822,5.0,13.1,102.0,0.10799999999999998,
2025,2,Jahmyr Gibbs,DET,CHI,RB1,rec_yds,37.7,10,0.265,20.0,13.1,102.0,0.10799999999999998,
2025,2,Jahmyr Gibbs,DET,CHI,RB1,td,1.2,1,0.833,13.0,13.1,102.0,0.10799999999999998,
2025,2,David Montgomery,DET,CHI,RB2,rush_yds,44.3,57,1.287,4.0,6.0,99.0,0.10799999999999998,
2025,2,David Montgomery,DET,CHI,RB2,rush_att,12.3,11,0.894,4.0,6.0,99.0,0.10799999999999998,
2025,2,David Montgomery,DET,CHI,RB2,td,0.6,1,1.667,3.0,6.0,99.0,0.10799999999999998,
2025,2,Kalif Raymond,DET,CHI,WR3,rec_yds,22.0,14,0.636,32.0,25.0,96.0,0.10799999999999998,
2025,2,Kalif Raymond,DET,CHI,WR3,td,0.2,0,0.0,11.0,25.0,96.0,0.10799999999999998,
2025,2,Amon-Ra St. Brown,DET,CHI,WR1,rec_yds,82.9,115,1.387,28.0,25.67,100.0,0.10799999999999998,
2025,2,Amon-Ra St. Brown,DET,CHI,WR1,td,0.5,3,6.0,17.0,25.67,100.0,0.10799999999999998,
2025,2,Jameson Williams,DET,CHI,WR2,rec_yds,63.3,108,1.706,6.0,21.0,99.0,0.10799999999999998,
2025,2,Jameson Williams,DET,CHI,WR2,td,0.5,1,2.0,29.0,21.0,99.0,0.10799999999999998,
2025,2,Sam LaPorta,DET,CHI,TE1,rec_yds,58.4,26,0.445,13.0,15.17,99.0,0.10799999999999998,
2025,2,Sam LaPorta,DET,CHI,TE1,td,0.5,0,0.0,10.0,15.17,99.0,0.10799999999999998,
2025,2,Trevor Lawrence,JAX,CIN,QB1,pass_yds,201.9,271,1.342,8.0,7.4,102.0,0.161,
2025,2,Trevor Lawrence,JAX,CIN,QB1,pass_td,1.2,3,2.5,4.5,7.4,102.0,0.161,
2025,2,Travis Etienne,JAX,CIN,RB1,rush_yds,59.0,71,1.203,17.0,14.6,100.0,0.161,
2025,2,Travis Etienne,JAX,CIN,RB1,rush_att,12.3,14,1.138,17.0,14.6,100.0,0.161,
2025,2,Dyami Brown,JAX,CIN,WR3,rec_yds,27.8,57,2.05,27.5,25.5,118.0,0.161,
2025,2,Brian Thomas,JAX,CIN,WR1,rec_yds,70.9,49,0.691,19.0,24.17,95.0,0.161,
2025,2,Brian Thomas,JAX,CIN,WR1,td,0.7,0,0.0,23.5,24.17,95.0,0.161,
2025,2,Brenton Strange,JAX,CIN,TE1,rec_yds,33.9,17,0.501,7.0,3.33,105.0,0.161,
2025,2,Joe Burrow,CIN,JAX,QB1,pass_yds,290.0,76,0.262,3.0,9.4,106.0,-0.069,
2025,2,Joe Burrow,CIN,JAX,QB1,pass_td,2.5,1,0.4,6.5,9.4,106.0,-0.069,
2025,2,Chase Brown,CIN,JAX,RB1,rush_yds,71.7,47,0.656,6.0,8.2,97.0,-0.069,
2025,2,Chase Brown,CIN,JAX,RB1,rush_att,19.3,16,0.829,6.0,8.2,97.0,-0.069,
2025,2,Chase Brown,CIN,JAX,RB1,rec_yds,31.5,18,0.571,6.0,8.2,97.0,-0.069,
2025,2,Chase Brown,CIN,JAX,RB1,td,0.8,0,0.0,7.0,8.2,97.0,-0.069,
2025,2,Ja'Marr Chase,CIN,JAX,WR1,rec_yds,104.3,165,1.582,11.0,13.17,100.0,-0.069,
2025,2,Ja'Marr Chase,CIN,JAX,WR1,td,1.0,1,1.0,17.0,13.17,100.0,-0.069,
2025,2,Tee Higgins,CIN,JAX,WR2,rec_yds,71.8,56,0.78,2.0,10.0,107.0,-0.069,
2025,2,Tee Higgins,CIN,JAX,WR2,td,0.8,1,1.25,19.5,10.0,107.0,-0.069,
2025,2,Noah Fant,CIN,JAX,TE1,rec_yds,35.4,28,0.791,14.0,11.83,102.0,-0.069,
2025,2,Noah Fant,CIN,JAX,TE1,td,0.3,0,0.0,3.0,11.83,102.0,-0.069,
2025,2,Andrei Iosivas,CIN,JAX,WR3,rec_yds,35.0,12,0.343,22.0,17.33,105.0,-0.069,
2025,2,Andrei Iosivas,CIN,JAX,WR3,td,0.25,0,0.0,11.0,17.33,105.0,-0.069,
2025,2,Joe Flacco,CLE,BAL,QB1,pass_yds,260.11,199,0.765,1.0,7.9,106.0,-0.154,
2025,2,Joe Flacco,CLE,BAL,QB1,pass_td,1.56,1,0.643,8.5,7.9,106.0,-0.154,
2025,2,Jerome Ford,CLE,BAL,RB2,rush_yds,31.7,31,0.978,21.0,15.4,106.0,-0.154,
2025,2,Jerome Ford,CLE,BAL,RB2,td,0.2,0,0.0,5.5,15.4,106.0,-0.154,
2025,2,Jerry Jeudy,CLE,BAL,WR1,rec_yds,94.3,51,0.541,1.0,2.0,100.0,-0.154,
2025,2,Jerry Jeudy,CLE,BAL,WR1,td,0.3,0,0.0,4.0,2.0,100.0,-0.154,
2025,2,Cedric Tillman,CLE,BAL,WR2,rec_yds,44.0,22,0.5,25.0,17.83,107.0,-0.154,
2025,2,Cedric Tillman,CLE,BAL,WR2,td,0.5,1,2.0,13.0,17.83,107.0,-0.154,
2025,2,Lamar Jackson,BAL,CLE,QB1,pass_yds,221.1,225,1.018,27.0,22.1,101.0,-0.04800000000000001,
2025,2,Lamar Jackson,BAL,CLE,QB1,pass_td,2.5,4,1.6,16.0,22.1,101.0,-0.04800000000000001,
2025,2,Derrick Henry,BAL,CLE,RB1,rush_yds,120.7,23,0.191,26.0,25.2,102.0,-0.04800000000000001,
2025,2,Derrick Henry,BAL,CLE,RB1,rush_att,19.3,11,0.57,26.0,25.2,102.0,-0.04800000000000001,
2025,2,Derrick Henry,BAL,CLE,RB1,td,0.9,0,0.0,8.0,25.2,102.0,-0.04800000000000001,
2025,2,Justice Hill,BAL,CLE,RB2,td,0.2,0,0.0,25.0,21.1,99.0,-0.04800000000000001,
2025,2,Zay Flowers,BAL,CLE,WR1,rec_yds,69.1,75,1.085,21.0,25.17,100.0,-0.04800000000000001,
2025,2,Zay Flowers,BAL,CLE,WR1,td,0.3,0,0.0,23.5,25.17,100.0,-0.04800000000000001,
2025,2,Mark Andrews,BAL,CLE,TE1,rec_yds,39.4,2,0.051,29.0,21.67,99.0,-0.04800000000000001,
2025,2,Mark Andrews,BAL,CLE,TE1,td,0.7,0,0.0,5.5,21.67,99.0,-0.04800000000000001,
2025,2,DeAndre Hopkins,BAL,CLE,WR3,rec_yds,39.2,64,1.633,31.0,24.33,96.0,-0.04800000000000001,
2025,2,DeAndre Hopkins,BAL,CLE,WR3,td,0.4,1,2.5,11.0,24.33,96.0,-0.04800000000000001,
2025,2,Rashod Bateman,BAL,CLE,WR2,rec_yds,35.4,15,0.424,3.0,5.5,99.0,-0.04800000000000001,
2025,2,Rashod Bateman,BAL,CLE,WR2,td,0.6,0,0.0,3.0,5.5,99.0,-0.04800000000000001,
2025,2,Russell Wilson,NYG,DAL,QB1,pass_yds,208.1,450,2.162,20.0,9.4,106.0,0.20600000000000002,
2025,2,Russell Wilson,NYG,DAL,QB1,pass_td,1.0,3,3.0,16.0,9.4,106.0,0.20600000000000002,
2025,2,Tyrone Tracy Jr.,NYG,DAL,RB1,rush_yds,44.5,15,0.337,15.5,10.7,97.0,0.20600000000000002,
2025,2,Tyrone Tracy Jr.,NYG,DAL,RB1,rush_att,12.3,5,0.407,15.5,10.7,97.0,0.20600000000000002,
2025,2,Tyrone Tracy Jr.,NYG,DAL,RB1,td,0.4,0,0.0,3.0,10.7,97.0,0.20600000000000002,
2025,2,Malik Nabers,NYG,DAL,WR1,rec_yds,78.9,167,2.117,27.0,23.33,100.0,0.20600000000000002,
2025,2,Malik Nabers,NYG,DAL,WR1,td,0.4,2,5.0,17.0,23.33,100.0,0.20600000000000002,
2025,2,Wan'Dale Robinson,NYG,DAL,WR2,rec_yds,46.6,142,3.047,7.0,8.67,107.0,0.20600000000000002,
2025,2,Theo Johnson,NYG,DAL,TE1,rec_yds,31.0,34,1.097,18.0,14.67,102.0,0.20600000000000002,
2025,2,Dak Prescott,DAL,NYG,QB1,pass_yds,235.4,361,1.534,21.0,14.8,101.0,0.21100000000000002,
2025,2,Dak Prescott,DAL,NYG,QB1,pass_td,1.1,2,1.818,22.5,14.8,101.0,0.21100000000000002,
2025,2,Javonte Williams,DAL,NYG,RB1,rush_yds,23.4,97,4.145,3.0,13.2,102.0,0.21100000000000002,
2025,2,Javonte Williams,DAL,NYG,RB1,td,0.6,1,1.667,9.5,13.2,102.0,0.21100000000000002,
2025,2,Miles Sanders,DAL,NYG,RB2,rush_yds,25.2,15,0.595,11.0,7.1,99.0,0.21100000000000002,
2025,2,Miles Sanders,DAL,NYG,RB2,td,0.2,1,5.0,15.5,7.1,99.0,0.21100000000000002,
2025,2,KaVontae Turpin,DAL,NYG,WR3,rec_yds,27.5,47,1.709,5.0,12.17,96.0,0.21100000000000002,
2025,2,CeeDee Lamb,DAL,NYG,WR1,rec_yds,80.1,112,1.398,24.0,17.83,100.0,0.21100000000000002,
2025,2,CeeDee Lamb,DAL,NYG,WR1,td,0.2,0,0.0,9.5,17.83,100.0,0.21100000000000002,
2025,2,Jake Ferguson,DAL,NYG,TE1,rec_yds,27.7,78,2.816,30.0,22.83,99.0,0.21100000000000002,
2025,2,George Pickens,DAL,NYG,WR2,rec_yds,59.7,68,1.139,19.5,18.17,99.0,0.21100000000000002,
2025,2,George Pickens,DAL,NYG,WR2,td,0.3,1,3.333,19.5,18.17,99.0,0.21100000000000002,
2025,2,Drake Maye,NE,MIA,QB1,pass_yds,208.0,230,1.106,17.0,22.6,86.0,0.243,
2025,2,Drake Maye,NE,MIA,QB1,pass_td,1.1,2,1.818,25.5,22.6,86.0,0.243,
2025,2,Rhamondre Stevenson,NE,MIA,RB1,rush_yds,40.9,54,1.32,29.0,17.9,97.0,0.243,
2025,2,Rhamondre Stevenson,NE,MIA,RB1,rush_att,11.7,11,0.94,29.0,17.9,97.0,0.243,
2025,2,Rhamondre Stevenson,NE,MIA,RB1,td,0.3,0,0.0,17.5,17.9,97.0,0.243,
2025,2,Stefon Diggs,NE,MIA,WR1,rec_yds,61.0,32,0.525,23.0,17.0,93.0,0.243,
2025,2,Stefon Diggs,NE,MIA,WR1,td,0.4,0,0.0,9.5,17.0,93.0,0.243,
2025,2,Kayshon Boutte,NE,MIA,WR2,rec_yds,59.2,16,0.27,31.0,29.0,96.0,0.243,
2025,2,Kayshon Boutte,NE,MIA,WR2,td,0.2,1,5.0,24.0,29.0,96.0,0.243,
2025,2,Hunter Henry,NE,MIA,TE1,rec_yds,44.8,9,0.201,4.0,11.5,89.0,0.243,
2025,2,DeMario Douglas,NE,MIA,WR3,rec_yds,31.1,8,0.257,12.0,15.5,91.0,0.243,
2025,2,DeMario Douglas,NE,MIA,WR3,td,0.4,0,0.0,24.0,15.5,91.0,0.243,
2025,2,Tua Tagovailoa,MIA,NE,QB1,pass_yds,237.8,315,1.325,14.0,21.5,102.0,-0.063,
2025,2,Tua Tagovailoa,MIA,NE,QB1,pass_td,1.8,2,1.111,12.0,21.5,102.0,-0.063,
2025,2,De'Von Achane,MIA,NE,RB1,rush_yds,56.0,30,0.536,8.0,16.3,100.0,-0.063,
2025,2,De'Von Achane,MIA,NE,RB1,rush_att,11.2,11,0.982,8.0,16.3,100.0,-0.063,
2025,2,De'Von Achane,MIA,NE,RB1,rec_yds,31.5,92,2.921,29.0,16.3,100.0,-0.063,
2025,2,De'Von Achane,MIA,NE,RB1,td,0.9,1,1.111,1.0,16.3,100.0,-0.063,
2025,2,Malik Washington,MIA,NE,WR3,rec_yds,22.9,2,0.087,11.0,11.67,118.0,-0.063,
2025,2,Tyreek Hill,MIA,NE,WR1,rec_yds,57.7,109,1.889,13.0,15.0,95.0,-0.063,
2025,2,Tyreek Hill,MIA,NE,WR1,td,0.4,0,0.0,17.0,15.0,95.0,-0.063,
2025,2,Jaylen Waddle,MIA,NE,WR2,rec_yds,49.0,68,1.388,17.0,18.83,104.0,-0.063,
2025,2,Jaylen Waddle,MIA,NE,WR2,td,0.2,1,5.0,24.0,18.83,104.0,-0.063,
2025,2,Mac Jones,SF,NO,QB1,pass_yds,205.5,279,1.358,6.0,15.1,106.0,0.041999999999999996,
2025,2,Mac Jones,SF,NO,QB1,pass_td,1.0,3,3.0,27.0,15.1,106.0,0.041999999999999996,
2025,2,Christian McCaffrey,SF,NO,RB1,rush_yds,56.67,55,0.971,15.5,12.1,97.0,0.041999999999999996,
2025,2,Christian McCaffrey,SF,NO,RB1,rush_att,15.67,13,0.83,15.5,12.1,97.0,0.041999999999999996,
2025,2,Christian McCaffrey,SF,NO,RB1,rec_yds,48.67,52,1.068,22.0,12.1,97.0,0.041999999999999996,
2025,2,Brian Robinson Jr.,SF,NO,RB2,rush_yds,46.9,20,0.426,3.0,17.7,106.0,0.041999999999999996,
2025,2,Brian Robinson Jr.,SF,NO,RB2,rush_att,12.0,6,0.5,3.0,17.7,106.0,0.041999999999999996,
2025,2,Brian Robinson Jr.,SF,NO,RB2,td,0.2,0,0.0,20.5,17.7,106.0,0.041999999999999996,
2025,2,Jauan Jennings,SF,NO,WR1,rec_yds,51.0,89,1.745,6.0,5.33,100.0,0.041999999999999996,
2025,2,Jauan Jennings,SF,NO,WR1,td,0.3,1,3.333,2.0,5.33,100.0,0.041999999999999996,
2025,2,Kendrick Bourne,SF,NO,WR3,rec_yds,34.5,32,0.928,16.0,20.67,105.0,0.041999999999999996,
2025,2,Ricky Pearsall,SF,NO,WR2,rec_yds,55.7,56,1.005,14.0,19.83,107.0,0.041999999999999996,
2025,2,Ricky Pearsall,SF,NO,WR2,td,0.3,0,0.0,19.5,19.83,107.0,0.041999999999999996,
2025,2,Spencer Rattler,NO,SF,QB1,pass_yds,193.89,207,1.068,30.0,23.1,106.0,-0.012999999999999998,
2025,2,Alvin Kamara,NO,SF,RB1,rush_yds,61.2,99,1.618,14.0,10.0,97.0,-0.012999999999999998,
2025,2,Alvin Kamara,NO,SF,RB1,rush_att,14.6,21,1.438,14.0,10.0,97.0,-0.012999999999999998,
2025,2,Alvin Kamara,NO,SF,RB1,rec_yds,32.9,21,0.638,18.0,10.0,97.0,-0.012999999999999998,
2025,2,Alvin Kamara,NO,SF,RB1,td,0.3,0,0.0,3.0,10.0,97.0,-0.012999999999999998,
2025,2,Kendre Miller,NO,SF,RB2,rush_yds,24.5,8,0.327,12.0,13.1,106.0,-0.012999999999999998,
2025,2,Chris Olave,NO,SF,WR1,rec_yds,50.8,54,1.063,25.0,25.5,100.0,-0.012999999999999998,
2025,2,Rashid Shaheed,NO,SF,WR2,rec_yds,51.88,52,1.002,18.0,12.33,107.0,-0.012999999999999998,
2025,2,Rashid Shaheed,NO,SF,WR2,td,0.38,1,2.667,8.5,12.33,107.0,-0.012999999999999998,
2025,2,Juwan Johnson,NO,SF,TE1,rec_yds,47.5,49,1.032,25.0,23.33,102.0,-0.012999999999999998,
2025,2,Juwan Johnson,NO,SF,TE1,td,0.2,1,5.0,24.5,23.33,102.0,-0.012999999999999998,
2025,2,Brandin Cooks,NO,SF,WR3,rec_yds,25.2,26,1.032,24.0,21.67,105.0,-0.012999999999999998,
2025,2,Brandin Cooks,NO,SF,WR3,td,0.2,0,0.0,11.0,21.67,105.0,-0.012999999999999998,
2025,2,Matthew Stafford,LAR,TEN,QB1,pass_yds,228.3,298,1.305,32.0,18.9,95.0,0.253,
2025,2,Matthew Stafford,LAR,TEN,QB1,pass_td,1.3,2,1.538,16.0,18.9,95.0,0.253,
2025,2,Kyren Williams,LAR,TEN,RB1,rush_yds,82.9,66,0.796,22.0,20.5,96.0,0.253,
2025,2,Kyren Williams,LAR,TEN,RB1,rush_att,19.1,17,0.89,22.0,20.5,96.0,0.253,
2025,2,Kyren Williams,LAR,TEN,RB1,td,0.8,0,0.0,9.5,20.5,96.0,0.253,
2025,2,Puka Nacua,LAR,TEN,WR2,rec_yds,109.8,91,0.829,23.0,16.0,95.0,0.253,
2025,2,Puka Nacua,LAR,TEN,WR2,td,0.4,1,2.5,5.5,16.0,95.0,0.253,
2025,2,Davante Adams,LAR,TEN,WR1,rec_yds,78.1,106,1.357,31.0,20.83,107.0,0.253,
2025,2,Davante Adams,LAR,TEN,WR1,td,0.6,1,1.667,9.5,20.83,107.0,0.253,
2025,2,Jordan Whittington,LAR,TEN,WR3,rec_yds,36.62,42,1.147,29.0,29.5,98.0,0.253,
2025,2,Tyler Higbee,LAR,TEN,TE1,rec_yds,22.0,37,1.682,31.0,29.33,103.0,0.253,
2025,2,Tyler Higbee,LAR,TEN,TE1,td,0.67,0,0.0,28.5,29.33,103.0,0.253,
2025,2,Tony Pollard,TEN,LAR,RB1,rush_yds,57.7,92,1.594,4.0,15.8,96.0,-0.215,
2025,2,Tony Pollard,TEN,LAR,RB1,rush_att,15.4,20,1.299,4.0,15.8,96.0,-0.215,
2025,2,Tony Pollard,TEN,LAR,RB1,td,0.2,0,0.0,31.0,15.8,96.0,-0.215,
2025,2,Calvin Ridley,TEN,LAR,WR1,rec_yds,58.8,57,0.969,10.0,13.67,107.0,-0.215,
2025,2,Chig Okonkwo,TEN,LAR,TE1,rec_yds,35.8,35,0.978,5.0,9.33,103.0,-0.215,
2025,2,Sam Darnold,SEA,PIT,QB1,pass_yds,247.8,295,1.19,9.0,14.0,102.0,0.062,
2025,2,Sam Darnold,SEA,PIT,QB1,pass_td,1.8,2,1.111,22.5,14.0,102.0,0.062,
2025,2,Kenneth Walker III,SEA,PIT,RB1,rush_yds,41.1,105,2.555,10.0,13.4,100.0,0.062,
2025,2,Kenneth Walker III,SEA,PIT,RB1,rush_att,13.6,13,0.956,10.0,13.4,100.0,0.062,
2025,2,Kenneth Walker III,SEA,PIT,RB1,rec_yds,20.8,13,0.625,5.0,13.4,100.0,0.062,
2025,2,Kenneth Walker III,SEA,PIT,RB1,td,0.4,1,2.5,21.5,13.4,100.0,0.062,
2025,2,Zach Charbonnet,SEA,PIT,RB2,rush_yds,45.0,10,0.222,26.0,22.4,97.0,0.062,
2025,2,Zach Charbonnet,SEA,PIT,RB2,td,0.6,0,0.0,15.5,22.4,97.0,0.062,
2025,2,AJ Barner,SEA,PIT,TE1,td,0.3,1,3.333,5.5,9.67,105.0,0.062,
2025,2,Jaxon Smith-Njigba,SEA,PIT,WR1,rec_yds,81.0,103,1.272,5.0,12.33,95.0,0.062,
2025,2,Jaxon Smith-Njigba,SEA,PIT,WR1,td,0.3,0,0.0,17.0,12.33,95.0,0.062,
2025,2,Cooper Kupp,SEA,PIT,WR2,rec_yds,43.8,90,2.055,16.0,12.5,104.0,0.062,
2025,2,Cooper Kupp,SEA,PIT,WR2,td,0.4,0,0.0,13.0,12.5,104.0,0.062,
2025,2,Aaron Rodgers,PIT,SEA,QB1,pass_yds,227.8,203,0.891,12.5,18.3,86.0,-0.083,
2025,2,Aaron Rodgers,PIT,SEA,QB1,pass_td,2.1,1,0.476,12.0,18.3,86.0,-0.083,
2025,2,Jaylen Warren,PIT,SEA,RB1,rush_yds,36.8,48,1.304,18.0,11.1,97.0,-0.083,
2025,2,Jaylen Warren,PIT,SEA,RB1,rec_yds,25.8,86,3.333,2.0,11.1,97.0,-0.083,
2025,2,Jaylen Warren,PIT,SEA,RB1,td,0.3,0,0.0,27.5,11.1,97.0,-0.083,
2025,2,Kenneth Gainwell,PIT,SEA,RB2,rush_yds,20.4,20,0.98,6.0,7.9,97.0,-0.083,
2025,2,Jonnu Smith,PIT,SEA,TE1,rec_yds,56.7,27,0.476,11.0,10.67,89.0,-0.083,
2025,2,Jonnu Smith,PIT,SEA,TE1,td,0.9,0,0.0,10.0,10.67,89.0,-0.083,
2025,2,Calvin Austin III,PIT,SEA,WR2,rec_yds,41.1,22,0.535,9.0,6.5,96.0,-0.083,
2025,2,Calvin Austin III,PIT,SEA,WR2,td,0.4,0,0.0,5.5,6.5,96.0,-0.083,
2025,2,D.K. Metcalf,PIT,SEA,WR1,rec_yds,59.0,20,0.339,26.0,25.17,93.0,-0.083,
2025,2,D.K. Metcalf,PIT,SEA,WR1,td,0.2,1,5.0,27.5,25.17,93.0,-0.083,
2025,2,Bryce Young,CAR,ARI,QB1,pass_yds,201.7,328,1.626,19.0,19.3,95.0,0.06,
2025,2,Bryce Young,CAR,ARI,QB1,pass_td,1.4,3,2.143,32.0,19.3,95.0,0.06,
2025,2,Chuba Hubbard,CAR,ARI,RB1,rush_yds,77.2,38,0.492,13.0,8.8,96.0,0.06,
2025,2,Chuba Hubbard,CAR,ARI,RB1,rush_att,17.9,10,0.559,13.0,8.8,96.0,0.06,
2025,2,Chuba Hubbard,CAR,ARI,RB1,td,0.9,1,1.111,13.0,8.8,96.0,0.06,
2025,2,Rico Dowdle,CAR,ARI,RB2,rush_yds,72.9,9,0.123,8.0,14.1,103.0,0.06,
2025,2,Rico Dowdle,CAR,ARI,RB2,rush_att,15.8,6,0.38,8.0,14.1,103.0,0.06,
2025,2,Rico Dowdle,CAR,ARI,RB2,td,0.2,0,0.0,10.5,14.1,103.0,0.06,
2025,2,Ja'Tavion Sanders,CAR,ARI,TE1,rec_yds,24.5,54,2.204,23.0,24.33,103.0,0.06,
2025,2,Xavier Legette,CAR,ARI,WR3,rec_yds,30.6,-2,-0.065,25.0,22.5,98.0,0.06,
2025,2,Kyler Murray,ARI,CAR,QB1,pass_yds,238.5,220,0.922,18.0,12.0,106.0,0.045,
2025,2,Kyler Murray,ARI,CAR,QB1,pass_td,1.4,1,0.714,2.0,12.0,106.0,0.045,
2025,2,James Conner,ARI,CAR,RB1,rush_yds,61.5,34,0.553,1.0,9.8,97.0,0.045,
2025,2,James Conner,ARI,CAR,RB1,rush_att,13.1,11,0.84,1.0,9.8,97.0,0.045,
2025,2,James Conner,ARI,CAR,RB1,rec_yds,26.9,18,0.669,13.0,9.8,97.0,0.045,
2025,2,James Conner,ARI,CAR,RB1,td,0.7,1,1.429,13.0,9.8,97.0,0.045,
2025,2,Trey Benson,ARI,CAR,RB2,rush_yds,34.8,14,0.402,2.0,6.6,106.0,0.045,
2025,2,Trey McBride,ARI,CAR,TE1,rec_yds,78.7,78,0.991,17.0,20.17,102.0,0.045,
2025,2,Trey McBride,ARI,CAR,TE1,td,0.2,0,0.0,17.5,20.17,102.0,0.045,
2025,2,Marvin Harrison Jr.,ARI,CAR,WR1,rec_yds,58.2,27,0.464,4.0,4.67,100.0,0.045,
2025,2,Marvin Harrison Jr.,ARI,CAR,WR1,td,0.5,0,0.0,2.0,4.67,100.0,0.045,
2025,2,Greg Dortch,ARI,CAR,WR3,td,0.2,0,0.0,30.0,16.17,105.0,0.045,
2025,2,Michael Wilson,ARI,CAR,WR2,rec_yds,27.5,11,0.4,32.0,21.17,107.0,0.045,
2025,2,Bo Nix,DEN,IND,QB1,pass_yds,237.4,206,0.868,15.0,16.1,102.0,0.053,
2025,2,Bo Nix,DEN,IND,QB1,pass_td,2.3,3,1.304,12.0,16.1,102.0,0.053,
2025,2,J.K. Dobbins,DEN,IND,RB1,rush_yds,59.3,76,1.282,12.0,13.8,100.0,0.053,
2025,2,J.K. Dobbins,DEN,IND,RB1,rush_att,14.6,14,0.959,12.0,13.8,100.0,0.053,
2025,2,J.K. Dobbins,DEN,IND,RB1,td,0.8,1,1.25,21.5,13.8,100.0,0.053,
2025,2,Troy Franklin,DEN,IND,WR1,rec_yds,21.6,89,4.12,12.0,23.33,95.0,0.053,
2025,2,Marvin Mims,DEN,IND,WR3,rec_yds,47.1,24,0.51,21.0,10.67,118.0,0.053,
2025,2,Marvin Mims,DEN,IND,WR3,td,0.6,1,1.667,3.5,10.67,118.0,0.053,
2025,2,Evan Engram,DEN,IND,TE1,rec_yds,40.2,12,0.299,16.0,15.67,105.0,0.053,
2025,2,Courtland Sutton,DEN,IND,WR2,rec_yds,70.4,6,0.085,15.0,18.67,104.0,0.053,
2025,2,Courtland Sutton,DEN,IND,WR2,td,0.8,0,0.0,19.5,18.67,104.0,0.053,
2025,2,Daniel Jones,IND,DEN,QB1,pass_yds,225.0,316,1.404,22.0,24.6,101.0,0.020000000000000004,
2025,2,Daniel Jones,IND,DEN,QB1,pass_td,0.8,1,1.25,29.0,24.6,101.0,0.020000000000000004,
2025,2,Jonathan Taylor,IND,DEN,RB1,rush_yds,107.1,165,1.541,25.0,22.3,102.0,0.020000000000000004,
2025,2,Jonathan Taylor,IND,DEN,RB1,rush_att,23.4,25,1.068,25.0,22.3,102.0,0.020000000000000004,
2025,2,Jonathan Taylor,IND,DEN,RB1,td,0.7,1,1.429,27.5,22.3,102.0,0.020000000000000004,
2025,2,Alec Pierce,IND,DEN,WR3,rec_yds,50.2,68,1.355,8.0,14.17,96.0,0.020000000000000004,
2025,2,Alec Pierce,IND,DEN,WR3,td,0.4,0,0.0,24.0,14.17,96.0,0.020000000000000004,
2025,2,Josh Downs,IND,DEN,WR2,rec_yds,47.6,51,1.071,26.0,23.5,99.0,0.020000000000000004,
2025,2,Josh Downs,IND,DEN,WR2,td,0.2,0,0.0,29.0,23.5,99.0,0.020000000000000004,
2025,2,Michael Pittman Jr.,IND,DEN,WR1,rec_yds,61.6,40,0.649,17.0,22.0,100.0,0.020000000000000004,
2025,2,Michael Pittman Jr.,IND,DEN,WR1,td,0.3,0,0.0,30.5,22.0,100.0,0.020000000000000004,
2025,2,Jalen Hurts,PHI,KC,QB1,pass_yds,166.3,101,0.607,7.0,9.2,95.0,0.026000000000000002,
2025,2,Jalen Hurts,PHI,KC,QB1,pass_td,1.0,0,0.0,8.5,9.2,95.0,0.026000000000000002,
2025,2,Saquon Barkley,PHI,KC,RB1,rush_yds,120.0,88,0.733,31.5,28.6,96.0,0.026000000000000002,
2025,2,Saquon Barkley,PHI,KC,RB1,rush_att,22.4,22,0.982,31.5,28.6,96.0,0.026000000000000002,
2025,2,Saquon Barkley,PHI,KC,RB1,td,0.9,1,1.111,27.5,28.6,96.0,0.026000000000000002,
2025,2,DeVonta Smith,PHI,KC,WR1,rec_yds,56.4,53,0.94,20.0,12.5,107.0,0.026000000000000002,
2025,2,DeVonta Smith,PHI,KC,WR1,td,0.6,0,0.0,9.5,12.5,107.0,0.026000000000000002,
2025,2,A.J. Brown,PHI,KC,WR2,rec_yds,65.1,27,0.415,11.0,12.17,95.0,0.026000000000000002,
2025,2,A.J. Brown,PHI,KC,WR2,td,0.4,0,0.0,13.0,12.17,95.0,0.026000000000000002,
2025,2,Grant Calcaterra,PHI,KC,TE1,rec_yds,21.25,6,0.282,1.0,7.5,103.0,0.026000000000000002,
2025,2,Jahan Dotson,PHI,KC,WR3,rec_yds,29.9,4,0.134,17.0,10.5,98.0,0.026000000000000002,
2025,2,Patrick Mahomes,KC,PHI,QB1,pass_yds,250.2,187,0.747,31.0,26.6,101.0,-0.007000000000000006,
2025,2,Patrick Mahomes,KC,PHI,QB1,pass_td,1.7,1,0.588,29.0,26.6,101.0,-0.007000000000000006,
2025,2,Kareem Hunt,KC,PHI,RB2,rush_yds,34.6,31,0.896,19.0,19.0,99.0,-0.007000000000000006,
2025,2,Kareem Hunt,KC,PHI,RB2,td,0.2,0,0.0,29.0,19.0,99.0,-0.007000000000000006,
2025,2,Isiah Pacheco,KC,PHI,RB1,rush_yds,40.0,22,0.55,24.0,27.9,102.0,-0.007000000000000006,
2025,2,Isiah Pacheco,KC,PHI,RB1,rush_att,10.33,10,0.968,24.0,27.9,102.0,-0.007000000000000006,
2025,2,Travis Kelce,KC,PHI,TE1,rec_yds,48.2,61,1.266,28.0,23.17,99.0,-0.007000000000000006,
2025,2,Travis Kelce,KC,PHI,TE1,td,0.4,0,0.0,24.5,23.17,99.0,-0.007000000000000006,
2025,2,Tyquan Thornton,KC,PHI,WR2,rec_yds,21.5,59,2.744,21.5,19.33,99.0,-0.007000000000000006,
2025,2,Marquise Brown,KC,PHI,WR1,rec_yds,72.25,30,0.415,30.0,27.5,100.0,-0.007000000000000006,
2025,2,Michael Penix,ATL,MIN,QB1,pass_yds,195.86,135,0.689,4.0,15.6,86.0,-0.093,
2025,2,Michael Penix,ATL,MIN,QB1,pass_td,0.71,0,0.0,19.0,15.6,86.0,-0.093,
2025,2,Bijan Robinson,ATL,MIN,RB1,rush_yds,87.2,143,1.64,21.0,21.5,97.0,-0.093,
2025,2,Bijan Robinson,ATL,MIN,RB1,rush_att,19.3,22,1.14,21.0,21.5,97.0,-0.093,
2025,2,Bijan Robinson,ATL,MIN,RB1,rec_yds,32.8,25,0.762,27.0,21.5,97.0,-0.093,
2025,2,Bijan Robinson,ATL,MIN,RB1,td,1.2,0,0.0,17.5,21.5,97.0,-0.093,
2025,2,Tyler Allgeier,ATL,MIN,RB2,rush_yds,32.2,76,2.36,31.0,25.9,97.0,-0.093,
2025,2,Drake London,ATL,MIN,WR1,rec_yds,82.9,49,0.591,18.0,14.33,93.0,-0.093,
2025,2,Drake London,ATL,MIN,WR1,td,0.3,0,0.0,17.0,14.33,93.0,-0.093,
2025,2,Kyle Pitts,ATL,MIN,TE1,rec_yds,29.0,37,1.276,12.0,18.83,89.0,-0.093,
2025,2,Darnell Mooney,ATL,MIN,WR3,rec_yds,61.5,20,0.325,2.0,5.0,91.0,-0.093,
2025,2,Ray-Ray McCloud,ATL,MIN,WR2,rec_yds,48.3,0,0.0,1.0,3.5,96.0,-0.093,
2025,2,Jordan Mason,MIN,ATL,RB1,rush_yds,47.8,30,0.628,20.0,14.7,100.0,-0.085,
2025,2,Aaron Jones,MIN,ATL,RB2,rush_yds,53.1,23,0.433,25.0,19.9,97.0,-0.085,
2025,2,Aaron Jones,MIN,ATL,RB2,rush_att,12.9,5,0.388,25.0,19.9,97.0,-0.085,
2025,2,Aaron Jones,MIN,ATL,RB2,td,0.6,0,0.0,25.0,19.9,97.0,-0.085,
2025,2,Justin Jefferson,MIN,ATL,WR1,rec_yds,79.0,81,1.025,9.0,9.83,95.0,-0.085,
2025,2,Justin Jefferson,MIN,ATL,WR1,td,0.7,0,0.0,17.0,9.83,95.0,-0.085,
2025,2,Jalen Nailor,MIN,ATL,WR2,rec_yds,23.4,31,1.325,12.0,5.0,104.0,-0.085,
2025,2,Jalen Nailor,MIN,ATL,WR2,td,0.2,0,0.0,1.0,5.0,104.0,-0.085,
2025,2,Adam Thielen,MIN,ATL,WR3,rec_yds,54.6,26,0.476,26.0,25.33,118.0,-0.085,
2025,2,Adam Thielen,MIN,ATL,WR3,td,0.5,0,0.0,24.0,25.33,118.0,-0.085,
2025,2,T.J. Hockenson,MIN,ATL,TE1,rec_yds,38.6,12,0.311,21.0,20.83,105.0,-0.085,
2025,2,Baker Mayfield,TB,HOU,QB1,pass_yds,244.5,215,0.879,26.0,18.1,102.0,-0.107,
2025,2,Baker Mayfield,TB,HOU,QB1,pass_td,2.4,2,0.833,3.0,18.1,102.0,-0.107,
2025,2,Bucky Irving,TB,HOU,RB1,rush_yds,77.7,71,0.914,11.0,21.3,100.0,-0.107,
2025,2,Bucky Irving,TB,HOU,RB1,rush_att,15.2,17,1.118,11.0,21.3,100.0,-0.107,
2025,2,Bucky Irving,TB,HOU,RB1,rec_yds,23.4,50,2.137,26.0,21.3,100.0,-0.107,
2025,2,Bucky Irving,TB,HOU,RB1,td,0.7,0,0.0,21.5,21.3,100.0,-0.107,
2025,2,Rachaad White,TB,HOU,RB2,rush_yds,38.5,65,1.688,32.0,27.2,97.0,-0.107,
2025,2,Rachaad White,TB,HOU,RB2,td,0.6,1,1.667,29.0,27.2,97.0,-0.107,
2025,2,Mike Evans,TB,HOU,WR1,rec_yds,79.6,56,0.704,14.0,12.17,95.0,-0.107,
2025,2,Mike Evans,TB,HOU,WR1,td,0.6,0,0.0,9.5,12.17,95.0,-0.107,
2025,2,Sterling Shepard,TB,HOU,WR3,rec_yds,30.1,34,1.13,4.0,12.0,118.0,-0.107,
2025,2,Cade Otton,TB,HOU,TE1,rec_yds,43.7,25,0.572,26.0,19.17,105.0,-0.107,
2025,2,Cade Otton,TB,HOU,TE1,td,0.3,0,0.0,1.0,19.17,105.0,-0.107,
2025,2,C.J. Stroud,HOU,TB,QB1,pass_yds,196.4,207,1.054,2.0,7.1,106.0,0.0009999999999999992,
2025,2,C.J. Stroud,HOU,TB,QB1,pass_td,0.9,1,1.111,12.0,7.1,106.0,0.0009999999999999992,
2025,2,Nick Chubb,HOU,TB,RB1,rush_yds,45.2,43,0.951,30.0,19.4,97.0,0.0009999999999999992,
2025,2,Nick Chubb,HOU,TB,RB1,rush_att,12.8,12,0.938,30.0,19.4,97.0,0.0009999999999999992,
2025,2,Nick Chubb,HOU,TB,RB1,td,0.4,1,2.5,27.5,19.4,97.0,0.0009999999999999992,
2025,2,Nico Collins,HOU,TB,WR1,rec_yds,56.7,52,0.917,29.0,25.33,100.0,0.0009999999999999992,
2025,2,Nico Collins,HOU,TB,WR1,td,0.5,1,2.0,32.0,25.33,100.0,0.0009999999999999992,
2025,2,Dalton Schultz,HOU,TB,TE1,rec_yds,34.4,29,0.843,2.0,9.83,102.0,0.0009999999999999992,
2025,2,Dalton Schultz,HOU,TB,TE1,td,0.2,0,0.0,24.5,9.83,102.0,0.0009999999999999992,
2025,2,Justin Herbert,LAC,LV,QB1,pass_yds,261.7,242,0.925,10.0,15.3,106.0,0.013000000000000001,
2025,2,Justin Herbert,LAC,LV,QB1,pass_td,1.8,2,1.111,6.5,15.3,106.0,0.013000000000000001,
2025,2,Najee Harris,LAC,LV,RB2,rush_yds,40.8,28,0.686,16.0,17.2,106.0,0.013000000000000001,
2025,2,Najee Harris,LAC,LV,RB2,rush_att,10.8,8,0.741,16.0,17.2,106.0,0.013000000000000001,
2025,2,Najee Harris,LAC,LV,RB2,td,0.3,0,0.0,10.5,17.2,106.0,0.013000000000000001,
2025,2,Keenan Allen,LAC,LV,WR1,rec_yds,63.9,61,0.955,16.0,14.17,100.0,0.013000000000000001,
2025,2,Keenan Allen,LAC,LV,WR1,td,0.7,1,1.429,9.5,14.17,100.0,0.013000000000000001,
2025,2,Ladd McConkey,LAC,LV,WR2,rec_yds,85.7,48,0.56,24.0,23.17,107.0,0.013000000000000001,
2025,2,Ladd McConkey,LAC,LV,WR2,td,0.3,0,0.0,19.5,23.17,107.0,0.013000000000000001,
2025,2,Will Dissly,LAC,LV,TE1,rec_yds,28.4,7,0.246,9.0,9.83,102.0,0.013000000000000001,
2025,2,Will Dissly,LAC,LV,TE1,td,0.2,0,0.0,5.5,9.83,102.0,0.013000000000000001,
2025,2,Quentin Johnston,LAC,LV,WR3,rec_yds,56.3,71,1.261,14.0,12.33,105.0,0.013000000000000001,
2025,2,Quentin Johnston,LAC,LV,WR3,td,0.7,1,1.429,17.5,12.33,105.0,0.013000000000000001,
2025,2,Geno Smith,LV,LAC,QB1,pass_yds,248.4,180,0.725,24.0,15.2,95.0,-0.268,
2025,2,Geno Smith,LV,LAC,QB1,pass_td,1.2,0,0.0,19.0,15.2,95.0,-0.268,
2025,2,Tre Tucker,LV,LAC,WR2,rec_yds,39.0,12,0.308,27.0,28.83,95.0,-0.268,
2025,2,Tre Tucker,LV,LAC,WR2,td,0.4,0,0.0,29.0,28.83,95.0,-0.268,
2025,2,Jakobi Meyers,LV,LAC,WR1,rec_yds,79.1,68,0.86,8.0,5.17,107.0,-0.268,
2025,2,Jakobi Meyers,LV,LAC,WR1,td,0.2,0,0.0,5.5,5.17,107.0,-0.268,
2025,2,Brock Bowers,LV,LAC,TE1,rec_yds,82.0,38,0.463,19.5,20.67,103.0,-0.268,
2025,2,Brock Bowers,LV,LAC,TE1,td,0.3,0,0.0,17.5,20.67,103.0,-0.268,
2025,3,Tua Tagovailoa,MIA,BUF,QB1,pass_yds,250.67,146,0.582,23.0,15.0,86.0,-0.03,0.09499999999999997
2025,3,Tua Tagovailoa,MIA,BUF,QB1,pass_td,1.83,2,1.091,10.0,15.0,86.0,-0.03,0.09499999999999997
2025,3,De'Von Achane,MIA,BUF,RB1,rush_yds,51.67,62,1.2,5.0,8.0,97.0,-0.03,0.09999999999999998
2025,3,De'Von Achane,MIA,BUF,RB1,rush_att,11.17,12,1.075,5.0,8.0,97.0,-0.03,0.09999999999999998
2025,3,De'Von Achane,MIA,BUF,RB1,rec_yds,41.58,29,0.697,9.0,8.0,97.0,-0.03,0.09999999999999998
2025,3,De'Von Achane,MIA,BUF,RB1,td,0.92,0,0.0,6.5,8.0,97.0,-0.03,0.09999999999999998
2025,3,Tyreek Hill,MIA,BUF,WR1,rec_yds,66.25,49,0.74,8.0,14.83,93.0,-0.03,0.10999999999999999
2025,3,Tyreek Hill,MIA,BUF,WR1,td,0.33,1,3.0,21.0,14.83,93.0,-0.03,0.10999999999999999
2025,3,Jaylen Waddle,MIA,BUF,WR2,rec_yds,52.17,39,0.748,8.0,8.67,96.0,-0.03,0.08499999999999996
2025,3,Jaylen Waddle,MIA,BUF,WR2,td,0.33,1,3.0,9.5,8.67,96.0,-0.03,0.08499999999999996
2025,3,Josh Allen,BUF,MIA,QB1,pass_yds,254.08,213,0.838,17.0,20.6,86.0,0.226,-0.06500000000000006
2025,3,Josh Allen,BUF,MIA,QB1,pass_td,1.5,3,2.0,24.5,20.6,86.0,0.226,-0.06500000000000006
2025,3,James Cook,BUF,MIA,RB1,rush_yds,72.08,108,1.498,28.0,14.5,97.0,0.226,-0.04500000000000004
2025,3,James Cook,BUF,MIA,RB1,rush_att,13.83,19,1.373,28.0,14.5,97.0,0.226,-0.04500000000000004
2025,3,James Cook,BUF,MIA,RB1,td,1.33,1,0.75,20.5,14.5,97.0,0.226,-0.04500000000000004
2025,3,Dalton Kincaid,BUF,MIA,TE1,rec_yds,37.67,66,1.752,7.0,13.83,89.0,0.226,-0.015000000000000013
2025,3,Dalton Kincaid,BUF,MIA,TE1,td,0.25,1,4.0,29.5,13.83,89.0,0.226,-0.015000000000000013
2025,3,Khalil Shakir,BUF,MIA,WR2,rec_yds,46.0,45,0.978,31.0,27.33,96.0,0.226,-0.10999999999999999
2025,3,Khalil Shakir,BUF,MIA,WR2,td,0.17,1,6.0,19.0,27.33,96.0,0.226,-0.10999999999999999
2025,3,Keon Coleman,BUF,MIA,WR1,rec_yds,54.75,20,0.365,28.0,22.33,93.0,0.226,-0.18500000000000005
2025,3,Keon Coleman,BUF,MIA,WR1,td,0.33,0,0.0,15.0,22.33,93.0,0.226,-0.18500000000000005
2025,3,Josh Palmer,BUF,MIA,WR3,rec_yds,41.17,5,0.121,14.0,18.17,91.0,0.226,-0.05499999999999994
2025,3,Michael Penix,ATL,CAR,QB1,pass_yds,182.33,172,0.943,21.5,12.7,106.0,0.052,0.0
2025,3,Bijan Robinson,ATL,CAR,RB1,rush_yds,96.5,72,0.746,1.0,10.3,97.0,0.052,-0.08999999999999997
2025,3,Bijan Robinson,ATL,CAR,RB1,rush_att,19.75,13,0.658,1.0,10.3,97.0,0.052,-0.08999999999999997
2025,3,Bijan Robinson,ATL,CAR,RB1,rec_yds,31.5,39,1.238,13.0,10.3,97.0,0.052,-0.08999999999999997
2025,3,Bijan Robinson,ATL,CAR,RB1,td,1.0,0,0.0,12.0,10.3,97.0,0.052,-0.08999999999999997
2025,3,Tyler Allgeier,ATL,CAR,RB2,rush_yds,39.5,4,0.101,4.0,6.0,106.0,0.052,0.03999999999999998
2025,3,Tyler Allgeier,ATL,CAR,RB2,td,0.25,0,0.0,3.5,6.0,106.0,0.052,0.03999999999999998
2025,3,Drake London,ATL,CAR,WR1,rec_yds,77.25,55,0.712,13.0,10.67,100.0,0.052,-0.015000000000000013
2025,3,Drake London,ATL,CAR,WR1,td,0.25,0,0.0,3.5,10.67,100.0,0.052,-0.015000000000000013
2025,3,Darnell Mooney,ATL,CAR,WR2,rec_yds,53.2,44,0.827,32.0,22.17,107.0,0.052,
2025,3,Kyle Pitts,ATL,CAR,TE1,rec_yds,30.33,39,1.286,13.0,18.83,102.0,0.052,0.010000000000000009
2025,3,Ray-Ray McCloud,ATL,CAR,WR3,rec_yds,40.25,20,0.497,12.0,18.33,105.0,0.052,-0.24499999999999997
2025,3,Bryce Young,CAR,ATL,QB1,pass_yds,222.75,121,0.543,26.0,14.4,102.0,-0.018000000000000002,0.0
2025,3,Bryce Young,CAR,ATL,QB1,pass_td,1.67,0,0.0,1.0,14.4,102.0,-0.018000000000000002,0.0
2025,3,Chuba Hubbard,CAR,ATL,RB1,rush_yds,70.67,73,1.033,23.0,17.9,100.0,-0.018000000000000002,0.03499999999999992
2025,3,Chuba Hubbard,CAR,ATL,RB1,rush_att,16.58,17,1.025,23.0,17.9,100.0,-0.018000000000000002,0.03499999999999992
2025,3,Chuba Hubbard,CAR,ATL,RB1,td,0.92,0,0.0,20.5,17.9,100.0,-0.018000000000000002,0.03499999999999992
2025,3,Rico Dowdle,CAR,ATL,RB2,rush_yds,62.25,30,0.482,25.0,23.1,97.0,-0.018000000000000002,-0.025000000000000022
2025,3,Rico Dowdle,CAR,ATL,RB2,rush_att,14.17,10,0.706,25.0,23.1,97.0,-0.018000000000000002,-0.025000000000000022
2025,3,Rico Dowdle,CAR,ATL,RB2,td,0.17,1,6.0,27.5,23.1,97.0,-0.018000000000000002,-0.025000000000000022
2025,3,Tetairoa McMillan,CAR,ATL,WR1,rec_yds,84.0,48,0.571,7.0,11.33,95.0,-0.018000000000000002,0.010000000000000009
2025,3,Brycen Tremayne,CAR,ATL,WR3,rec_yds,31.33,15,0.479,27.0,26.17,118.0,-0.018000000000000002,
2025,3,Ja'Tavion Sanders,CAR,ATL,TE1,rec_yds,29.42,11,0.374,25.0,24.0,105.0,-0.018000000000000002,0.025000000000000022
2025,3,Hunter Renfrow,CAR,ATL,WR2,rec_yds,29.5,6,0.203,16.0,6.67,104.0,-0.018000000000000002,0.07499999999999996
2025,3,Hunter Renfrow,CAR,ATL,WR2,td,1.0,0,0.0,1.0,6.67,104.0,-0.018000000000000002,0.07499999999999996
2025,3,Jake Browning,CIN,MIN,QB1,pass_yds,120.5,140,1.162,9.0,20.6,86.0,-0.07400000000000001,
2025,3,Jake Browning,CIN,MIN,QB1,pass_td,1.0,1,1.0,28.0,20.6,86.0,-0.07400000000000001,
2025,3,Ja'Marr Chase,CIN,MIN,WR1,rec_yds,114.42,50,0.437,22.0,18.33,93.0,-0.07400000000000001,0.04499999999999993
2025,3,Ja'Marr Chase,CIN,MIN,WR1,td,1.0,0,0.0,21.0,18.33,93.0,-0.07400000000000001,0.04499999999999993
2025,3,Chase Brown,CIN,MIN,RB1,rush_yds,67.58,3,0.044,14.0,18.3,97.0,-0.07400000000000001,-0.020000000000000018
2025,3,Chase Brown,CIN,MIN,RB1,rush_att,18.75,10,0.533,14.0,18.3,97.0,-0.07400000000000001,-0.020000000000000018
2025,3,Chase Brown,CIN,MIN,RB1,rec_yds,29.25,17,0.581,25.0,18.3,97.0,-0.07400000000000001,-0.020000000000000018
2025,3,Chase Brown,CIN,MIN,RB1,td,0.67,0,0.0,20.5,18.3,97.0,-0.07400000000000001,-0.020000000000000018
2025,3,Noah Fant,CIN,MIN,TE1,rec_yds,34.17,26,0.761,11.0,18.17,89.0,-0.07400000000000001,-0.125
2025,3,Noah Fant,CIN,MIN,TE1,td,0.25,0,0.0,29.5,18.17,89.0,-0.07400000000000001,-0.125
2025,3,Tee Higgins,CIN,MIN,WR2,rec_yds,69.17,15,0.217,4.0,6.5,96.0,-0.07400000000000001,0.039999999999999925
2025,3,Tee Higgins,CIN,MIN,WR2,td,0.83,0,0.0,14.5,6.5,96.0,-0.07400000000000001,0.039999999999999925
2025,3,Jordan Mason,MIN,CIN,RB1,rush_yds,44.83,116,2.587,17.0,14.8,100.0,0.03,0.029999999999999916
2025,3,Justin Jefferson,MIN,CIN,WR1,rec_yds,79.33,75,0.945,23.0,26.83,95.0,0.03,0.010000000000000009
2025,3,Justin Jefferson,MIN,CIN,WR1,td,0.58,0,0.0,26.5,26.83,95.0,0.03,0.010000000000000009
2025,3,T.J. Hockenson,MIN,CIN,TE1,rec_yds,34.17,49,1.434,8.0,3.83,105.0,0.03,-0.040000000000000036
2025,3,Jalen Nailor,MIN,CIN,WR2,rec_yds,24.67,37,1.5,30.0,26.0,104.0,0.03,0.06000000000000005
2025,3,Jalen Nailor,MIN,CIN,WR2,td,0.17,0,0.0,19.0,26.0,104.0,0.03,0.06000000000000005
2025,3,Adam Thielen,MIN,CIN,WR3,rec_yds,49.83,0,0.0,17.0,15.17,118.0,0.03,0.1200000000000001
2025,3,Adam Thielen,MIN,CIN,WR3,td,0.42,0,0.0,20.5,15.17,118.0,0.03,0.1200000000000001
2025,3,Jordan Love,GB,CLE,QB1,pass_yds,210.75,183,0.868,27.0,20.9,101.0,0.03899999999999999,0.0
2025,3,Jordan Love,GB,CLE,QB1,pass_td,1.5,1,0.667,6.0,20.9,101.0,0.03899999999999999,0.0
2025,3,Josh Jacobs,GB,CLE,RB1,rush_yds,72.25,30,0.415,29.0,27.2,102.0,0.03899999999999999,-0.050000000000000044
2025,3,Josh Jacobs,GB,CLE,RB1,rush_att,18.92,16,0.846,29.0,27.2,102.0,0.03899999999999999,-0.050000000000000044
2025,3,Josh Jacobs,GB,CLE,RB1,td,1.33,0,0.0,12.0,27.2,102.0,0.03899999999999999,-0.050000000000000044
2025,3,Emanuel Wilson,GB,CLE,RB2,rush_yds,25.6,25,0.977,16.0,21.9,99.0,0.03899999999999999,
2025,3,Emanuel Wilson,GB,CLE,RB2,td,0.3,0,0.0,27.5,21.9,99.0,0.03899999999999999,
2025,3,Tucker Kraft,GB,CLE,TE1,rec_yds,50.92,29,0.57,32.0,23.67,99.0,0.03899999999999999,-0.0050000000000000044
2025,3,Tucker Kraft,GB,CLE,TE1,td,0.5,0,0.0,7.0,23.67,99.0,0.03899999999999999,-0.0050000000000000044
2025,3,Romeo Doubs,GB,CLE,WR2,rec_yds,47.92,25,0.522,6.0,9.67,99.0,0.03899999999999999,0.015000000000000013
2025,3,Romeo Doubs,GB,CLE,WR2,td,0.33,0,0.0,5.5,9.67,99.0,0.03899999999999999,0.015000000000000013
2025,3,Dontayvion Wicks,GB,CLE,WR1,rec_yds,30.92,21,0.679,19.0,24.5,100.0,0.03899999999999999,0.040000000000000036
2025,3,Joe Flacco,CLE,GB,QB1,pass_yds,249.0,142,0.57,20.0,24.8,106.0,-0.134,-0.04999999999999993
2025,3,Joe Flacco,CLE,GB,QB1,pass_td,1.45,0,0.0,21.5,24.8,106.0,-0.134,-0.04999999999999993
2025,3,Dylan Sampson,CLE,GB,RB2,td,0.5,0,0.0,22.5,15.6,106.0,-0.134,-0.1
2025,3,David Njoku,CLE,GB,TE1,rec_yds,47.5,40,0.842,2.0,10.33,102.0,-0.134,-0.010000000000000009
2025,3,David Njoku,CLE,GB,TE1,td,0.42,0,0.0,26.0,10.33,102.0,-0.134,-0.010000000000000009
2025,3,Cedric Tillman,CLE,GB,WR2,rec_yds,40.33,26,0.645,21.0,22.33,107.0,-0.134,0.03499999999999992
2025,3,Cedric Tillman,CLE,GB,WR2,td,0.58,0,0.0,30.5,22.33,107.0,-0.134,0.03499999999999992
2025,3,Jerry Jeudy,CLE,GB,WR1,rec_yds,87.08,17,0.195,31.0,23.67,100.0,-0.134,0.0
2025,3,Jerry Jeudy,CLE,GB,WR1,td,0.25,0,0.0,21.0,23.67,100.0,-0.134,0.0
2025,3,Daniel Jones,IND,TEN,QB1,pass_yds,240.17,228,0.949,31.0,19.3,95.0,0.184,0.0
2025,3,Daniel Jones,IND,TEN,QB1,pass_td,0.83,1,1.2,13.0,19.3,95.0,0.184,0.0
2025,3,Jonathan Taylor,IND,TEN,RB1,rush_yds,116.75,102,0.874,21.0,21.4,96.0,0.184,0.10999999999999999
2025,3,Jonathan Taylor,IND,TEN,RB1,rush_att,23.67,17,0.718,21.0,21.4,96.0,0.184,0.10999999999999999
2025,3,Jonathan Taylor,IND,TEN,RB1,td,0.75,3,4.0,15.0,21.4,96.0,0.184,0.10999999999999999
2025,3,DJ Giddens,IND,TEN,RB2,rush_yds,20.5,3,0.146,1.0,12.9,103.0,0.184,-0.09
2025,3,Michael Pittman Jr.,IND,TEN,WR1,rec_yds,58.0,73,1.259,27.0,18.67,107.0,0.184,0.0050000000000000044
2025,3,Michael Pittman Jr.,IND,TEN,WR1,td,0.25,1,4.0,8.0,18.67,107.0,0.184,0.0050000000000000044
2025,3,Alec Pierce,IND,TEN,WR3,rec_yds,53.17,67,1.26,25.0,28.0,98.0,0.184,0.05500000000000005
2025,3,Alec Pierce,IND,TEN,WR3,td,0.33,0,0.0,32.0,28.0,98.0,0.184,0.05500000000000005
2025,3,Tyler Warren,IND,TEN,TE1,rec_yds,77.5,38,0.49,30.0,29.0,103.0,0.184,0.09999999999999998
2025,3,Josh Downs,IND,TEN,WR2,rec_yds,48.17,34,0.706,12.0,7.5,95.0,0.184,0.04500000000000004
2025,3,Josh Downs,IND,TEN,WR2,td,0.17,0,0.0,3.5,7.5,95.0,0.184,0.04500000000000004
2025,3,Cam Ward,TEN,IND,QB1,pass_yds,143.5,219,1.526,19.0,16.9,102.0,-0.132,0.0
2025,3,Tony Pollard,TEN,IND,RB1,rush_yds,63.42,45,0.71,12.0,14.7,100.0,-0.132,0.0
2025,3,Tony Pollard,TEN,IND,RB1,rush_att,16.17,16,0.99,12.0,14.7,100.0,-0.132,0.0
2025,3,Tony Pollard,TEN,IND,RB1,td,0.17,1,6.0,17.0,14.7,100.0,-0.132,0.0
2025,3,Chig Okonkwo,TEN,IND,TE1,rec_yds,35.67,66,1.85,19.0,18.67,105.0,-0.132,-0.06000000000000005
2025,3,Elic Ayomanor,TEN,IND,WR2,rec_yds,34.5,38,1.101,23.0,24.67,104.0,-0.132,-0.030000000000000027
2025,3,Elic Ayomanor,TEN,IND,WR2,td,0.5,1,2.0,24.5,24.67,104.0,-0.132,-0.030000000000000027
2025,3,Calvin Ridley,TEN,IND,WR1,rec_yds,58.5,27,0.462,9.5,19.0,95.0,-0.132,-0.04500000000000004
2025,3,C.J. Stroud,HOU,JAX,QB1,pass_yds,198.17,204,1.029,2.0,7.1,106.0,-0.092,0.0
2025,3,C.J. Stroud,HOU,JAX,QB1,pass_td,0.92,1,1.091,4.5,7.1,106.0,-0.092,0.0
2025,3,Nick Chubb,HOU,JAX,RB1,rush_yds,44.83,38,0.848,8.0,9.7,97.0,-0.092,0.010000000000000009
2025,3,Nick Chubb,HOU,JAX,RB1,rush_att,12.67,9,0.711,8.0,9.7,97.0,-0.092,0.010000000000000009
2025,3,Nick Chubb,HOU,JAX,RB1,td,0.5,0,0.0,8.5,9.7,97.0,-0.092,0.010000000000000009
2025,3,Nico Collins,HOU,JAX,WR1,rec_yds,55.92,104,1.86,2.0,5.0,100.0,-0.092,0.030000000000000027
2025,3,Nico Collins,HOU,JAX,WR1,td,0.58,1,1.714,11.0,5.0,100.0,-0.092,0.030000000000000027
2025,3,Dalton Schultz,HOU,JAX,TE1,rec_yds,33.5,39,1.164,15.0,13.83,102.0,-0.092,0.025000000000000022
2025,3,Dalton Schultz,HOU,JAX,TE1,td,0.17,0,0.0,4.5,13.83,102.0,-0.092,0.025000000000000022
2025,3,Christian Kirk,HOU,JAX,WR2,rec_yds,47.38,25,0.528,3.0,11.0,107.0,-0.092,
2025,3,Trevor Lawrence,JAX,HOU,QB1,pass_yds,213.42,222,1.04,24.0,17.9,102.0,-0.07200000000000001,0.0
2025,3,Trevor Lawrence,JAX,HOU,QB1,pass_td,1.5,0,0.0,4.5,17.9,102.0,-0.07200000000000001,0.0
2025,3,Travis Etienne,JAX,HOU,RB1,rush_yds,61.0,56,0.918,13.0,17.3,100.0,-0.07200000000000001,0.025000000000000022
2025,3,Travis Etienne,JAX,HOU,RB1,rush_att,12.58,16,1.272,13.0,17.3,100.0,-0.07200000000000001,0.025000000000000022
2025,3,Travis Etienne,JAX,HOU,RB1,td,0.17,1,6.0,23.0,17.3,100.0,-0.07200000000000001,0.025000000000000022
2025,3,Bhayshul Tuten,JAX,HOU,RB2,rush_yds,26.5,21,0.792,27.0,24.1,97.0,-0.07200000000000001,0.095
2025,3,Bhayshul Tuten,JAX,HOU,RB2,td,0.5,1,2.0,22.5,24.1,97.0,-0.07200000000000001,0.095
2025,3,Brenton Strange,JAX,HOU,TE1,rec_yds,31.08,61,1.962,29.0,20.17,105.0,-0.07200000000000001,0.05500000000000005
2025,3,Brian Thomas,JAX,HOU,WR1,rec_yds,67.25,55,0.818,15.0,14.67,95.0,-0.07200000000000001,0.040000000000000036
2025,3,Brian Thomas,JAX,HOU,WR1,td,0.58,0,0.0,15.0,14.67,95.0,-0.07200000000000001,0.040000000000000036
2025,3,Parker Washington,JAX,HOU,WR2,rec_yds,47.5,34,0.716,14.0,15.17,104.0,-0.07200000000000001,
2025,3,Parker Washington,JAX,HOU,WR2,td,0.3,0,0.0,9.5,15.17,104.0,-0.07200000000000001,
2025,3,Travis Hunter,JAX,HOU,WR3,rec_yds,27.5,21,0.764,4.0,10.0,118.0,-0.07200000000000001,-0.025000000000000022
2025,3,Aaron Rodgers,PIT,NE,QB1,pass_yds,223.67,139,0.621,10.0,19.5,102.0,-0.013000000000000001,-0.025000000000000022
2025,3,Aaron Rodgers,PIT,NE,QB1,pass_td,1.92,2,1.043,12.0,19.5,102.0,-0.013000000000000001,-0.025000000000000022
2025,3,Jaylen Warren,PIT,NE,RB1,rush_yds,38.67,47,1.216,11.0,11.1,100.0,-0.013000000000000001,0.06499999999999995
2025,3,Jaylen Warren,PIT,NE,RB1,rec_yds,35.83,34,0.949,11.0,11.1,100.0,-0.013000000000000001,0.06499999999999995
2025,3,Jaylen Warren,PIT,NE,RB1,td,0.25,0,0.0,1.0,11.1,100.0,-0.013000000000000001,0.06499999999999995
2025,3,Kenneth Gainwell,PIT,NE,RB2,rush_yds,20.33,16,0.787,7.0,18.8,97.0,-0.013000000000000001,-0.06
2025,3,Calvin Austin III,PIT,NE,WR2,rec_yds,37.92,34,0.897,10.0,13.83,104.0,-0.013000000000000001,0.05999999999999994
2025,3,Calvin Austin III,PIT,NE,WR2,td,0.33,1,3.0,19.0,13.83,104.0,-0.013000000000000001,0.05999999999999994
2025,3,D.K. Metcalf,PIT,NE,WR1,rec_yds,52.5,32,0.61,6.0,13.0,95.0,-0.013000000000000001,-0.025000000000000022
2025,3,D.K. Metcalf,PIT,NE,WR1,td,0.33,1,3.0,21.0,13.0,95.0,-0.013000000000000001,-0.025000000000000022
2025,3,Jonnu Smith,PIT,NE,TE1,rec_yds,51.75,23,0.444,10.0,15.67,105.0,-0.013000000000000001,-0.050000000000000044
2025,3,Jonnu Smith,PIT,NE,TE1,td,0.75,0,0.0,19.5,15.67,105.0,-0.013000000000000001,-0.050000000000000044
2025,3,Drake Maye,NE,PIT,QB1,pass_yds,211.67,268,1.266,7.0,13.8,102.0,0.18,0.0
2025,3,Drake Maye,NE,PIT,QB1,pass_td,1.25,2,1.6,21.5,13.8,102.0,0.18,0.0
2025,3,Rhamondre Stevenson,NE,PIT,RB1,rush_yds,43.08,18,0.418,9.0,14.4,100.0,0.18,0.0
2025,3,Rhamondre Stevenson,NE,PIT,RB1,rush_att,11.58,4,0.345,9.0,14.4,100.0,0.18,0.0
2025,3,Rhamondre Stevenson,NE,PIT,RB1,rec_yds,25.58,38,1.485,7.0,14.4,100.0,0.18,0.0
2025,3,Rhamondre Stevenson,NE,PIT,RB1,td,0.25,0,0.0,17.0,14.4,100.0,0.18,0.0
2025,3,Hunter Henry,NE,PIT,TE1,rec_yds,38.83,90,2.318,17.0,10.17,105.0,0.18,-0.040000000000000036
2025,3,Kayshon Boutte,NE,PIT,WR3,rec_yds,52.0,28,0.538,9.0,14.0,118.0,0.18,-0.050000000000000044
2025,3,Kayshon Boutte,NE,PIT,WR3,td,0.33,0,0.0,13.5,14.0,118.0,0.18,-0.050000000000000044
2025,3,Stefon Diggs,NE,PIT,WR1,rec_yds,56.17,23,0.409,4.0,10.83,95.0,0.18,0.05500000000000005
2025,3,Stefon Diggs,NE,PIT,WR1,td,0.33,0,0.0,21.0,10.83,95.0,0.18,0.05500000000000005
2025,3,DeMario Douglas,NE,PIT,WR2,rec_yds,27.25,7,0.257,7.0,10.33,104.0,0.18,-0.19
2025,3,DeMario Douglas,NE,PIT,WR2,td,0.33,0,0.0,19.0,10.33,104.0,0.18,-0.19
2025,3,Tyrod Taylor,NYJ,TB,QB1,pass_yds,57.75,197,3.411,3.0,8.6,106.0,-0.111,
2025,3,Tyrod Taylor,NYJ,TB,QB1,pass_td,1.25,2,1.6,16.0,8.6,106.0,-0.111,
2025,3,Braelon Allen,NYJ,TB,RB2,td,0.17,0,0.0,11.5,12.9,106.0,-0.111,-0.06
2025,3,Breece Hall,NYJ,TB,RB1,rush_yds,60.0,21,0.35,30.0,19.5,97.0,-0.111,0.030000000000000027
2025,3,Breece Hall,NYJ,TB,RB1,rush_att,13.0,9,0.692,30.0,19.5,97.0,-0.111,0.030000000000000027
2025,3,Breece Hall,NYJ,TB,RB1,rec_yds,21.75,31,1.425,3.0,19.5,97.0,-0.111,0.030000000000000027
2025,3,Breece Hall,NYJ,TB,RB1,td,0.33,0,0.0,26.0,19.5,97.0,-0.111,0.030000000000000027
2025,3,Garrett Wilson,NYJ,TB,WR1,rec_yds,60.92,84,1.379,30.0,27.67,100.0,-0.111,-0.030000000000000027
2025,3,Garrett Wilson,NYJ,TB,WR1,td,0.33,1,3.0,32.0,27.67,100.0,-0.111,-0.030000000000000027
2025,3,Baker Mayfield,TB,NYJ,QB1,pass_yds,239.58,233,0.973,28.0,21.2,101.0,0.149,0.0
2025,3,Baker Mayfield,TB,NYJ,QB1,pass_td,2.33,1,0.429,28.0,21.2,101.0,0.149,0.0
2025,3,Bucky Irving,TB,NYJ,RB1,rush_yds,76.58,66,0.862,7.0,17.1,102.0,0.149,-0.025000000000000022
2025,3,Bucky Irving,TB,NYJ,RB1,rush_att,15.5,25,1.613,7.0,17.1,102.0,0.149,-0.025000000000000022
2025,3,Bucky Irving,TB,NYJ,RB1,rec_yds,27.83,33,1.186,26.0,17.1,102.0,0.149,-0.025000000000000022
2025,3,Bucky Irving,TB,NYJ,RB1,td,0.58,0,0.0,6.5,17.1,102.0,0.149,-0.025000000000000022
2025,3,Rachaad White,TB,NYJ,RB2,rush_yds,42.92,12,0.28,20.0,22.3,99.0,0.149,0.034999999999999976
2025,3,Rachaad White,TB,NYJ,RB2,td,0.67,0,0.0,30.0,22.3,99.0,0.149,0.034999999999999976
2025,3,Emeka Egbuka,TB,NYJ,WR2,rec_yds,48.0,85,1.771,22.0,25.5,99.0,0.149,-0.0050000000000000044
2025,3,Emeka Egbuka,TB,NYJ,WR2,td,1.5,0,0.0,30.5,25.5,99.0,0.149,-0.0050000000000000044
2025,3,Sterling Shepard,TB,NYJ,WR3,rec_yds,30.75,80,2.602,29.0,21.83,96.0,0.149,0.05499999999999994
2025,3,Mike Evans,TB,NYJ,WR1,rec_yds,75.67,33,0.436,20.0,20.33,100.0,0.149,-0.020000000000000018
2025,3,Mike Evans,TB,NYJ,WR1,td,0.5,1,2.0,11.0,20.33,100.0,0.149,-0.020000000000000018
2025,3,Matthew Stafford,LAR,PHI,QB1,pass_yds,239.92,196,0.817,32.0,23.9,101.0,0.09899999999999999,0.0
2025,3,Matthew Stafford,LAR,PHI,QB1,pass_td,1.42,2,1.412,31.5,23.9,101.0,0.09899999999999999,0.0
2025,3,Kyren Williams,LAR,PHI,RB1,rush_yds,80.08,94,1.174,24.0,28.8,102.0,0.09899999999999999,-0.06000000000000005
2025,3,Kyren Williams,LAR,PHI,RB1,rush_att,18.75,20,1.067,24.0,28.8,102.0,0.09899999999999999,-0.06000000000000005
2025,3,Kyren Williams,LAR,PHI,RB1,td,0.67,1,1.5,29.5,28.8,102.0,0.09899999999999999,-0.06000000000000005
2025,3,Blake Corum,LAR,PHI,RB2,td,0.17,0,0.0,30.0,20.7,99.0,0.09899999999999999,0.065
2025,3,Jordan Whittington,LAR,PHI,WR3,rec_yds,37.7,7,0.186,22.0,15.17,96.0,0.09899999999999999,0.06999999999999995
2025,3,Puka Nacua,LAR,PHI,WR1,rec_yds,106.67,112,1.05,32.0,29.17,100.0,0.09899999999999999,0.030000000000000027
2025,3,Puka Nacua,LAR,PHI,WR1,td,0.5,0,0.0,29.5,29.17,100.0,0.09899999999999999,0.030000000000000027
2025,3,Davante Adams,LAR,PHI,WR2,rec_yds,82.75,56,0.677,15.0,17.0,99.0,0.09899999999999999,-0.050000000000000044
2025,3,Davante Adams,LAR,PHI,WR2,td,0.67,1,1.5,9.5,17.0,99.0,0.09899999999999999,-0.050000000000000044
2025,3,Tyler Higbee,LAR,PHI,TE1,rec_yds,28.0,0,0.0,27.0,22.83,99.0,0.09899999999999999,
2025,3,Tyler Higbee,LAR,PHI,TE1,td,0.4,0,0.0,26.0,22.83,99.0,0.09899999999999999,
2025,3,Jalen Hurts,PHI,LAR,QB1,pass_yds,155.42,226,1.454,18.0,18.4,95.0,-0.034,0.0
2025,3,Jalen Hurts,PHI,LAR,QB1,pass_td,0.83,3,3.6,16.0,18.4,95.0,-0.034,0.0
2025,3,Saquon Barkley,PHI,LAR,RB1,rush_yds,114.67,46,0.401,3.0,18.7,96.0,-0.034,0.019999999999999907
2025,3,Saquon Barkley,PHI,LAR,RB1,rush_att,22.33,18,0.806,3.0,18.7,96.0,-0.034,0.019999999999999907
2025,3,Saquon Barkley,PHI,LAR,RB1,td,0.92,0,0.0,31.0,18.7,96.0,-0.034,0.019999999999999907
2025,3,A.J. Brown,PHI,LAR,WR1,rec_yds,58.75,109,1.855,11.0,15.5,107.0,-0.034,0.050000000000000044
2025,3,A.J. Brown,PHI,LAR,WR1,td,0.33,1,3.0,3.5,15.5,107.0,-0.034,0.050000000000000044
2025,3,DeVonta Smith,PHI,LAR,WR2,rec_yds,55.83,60,1.075,26.0,25.17,95.0,-0.034,-0.07000000000000006
2025,3,DeVonta Smith,PHI,LAR,WR2,td,0.5,1,2.0,24.5,25.17,95.0,-0.034,-0.07000000000000006
2025,3,Dallas Goedert,PHI,LAR,TE1,rec_yds,51.5,33,0.641,5.0,9.83,103.0,-0.034,
2025,3,Dallas Goedert,PHI,LAR,TE1,td,0.2,1,5.0,19.5,9.83,103.0,-0.034,
2025,3,Jahan Dotson,PHI,LAR,WR3,rec_yds,25.58,7,0.274,28.0,25.33,98.0,-0.034,-0.04500000000000004
2025,3,Geno Smith,LV,WAS,QB1,pass_yds,237.0,289,1.219,29.0,25.3,102.0,-0.04000000000000001,0.0
2025,3,Geno Smith,LV,WAS,QB1,pass_td,1.0,3,3.0,24.5,25.3,102.0,-0.04000000000000001,0.0
2025,3,Ashton Jeanty,LV,WAS,RB1,rush_yds,40.5,63,1.556,6.0,16.5,100.0,-0.04000000000000001,-0.1499999999999999
2025,3,Ashton Jeanty,LV,WAS,RB1,rush_att,15.0,17,1.133,6.0,16.5,100.0,-0.04000000000000001,-0.1499999999999999
2025,3,Ashton Jeanty,LV,WAS,RB1,td,0.5,0,0.0,3.0,16.5,100.0,-0.04000000000000001,-0.1499999999999999
2025,3,Tre Tucker,LV,WAS,WR2,rec_yds,34.5,145,4.203,28.0,23.33,104.0,-0.04000000000000001,0.0050000000000000044
2025,3,Tre Tucker,LV,WAS,WR2,td,0.33,3,9.0,24.5,23.33,104.0,-0.04000000000000001,0.0050000000000000044
2025,3,Jakobi Meyers,LV,WAS,WR1,rec_yds,77.25,63,0.816,12.0,13.0,95.0,-0.04000000000000001,-0.0050000000000000044
2025,3,Jakobi Meyers,LV,WAS,WR1,td,0.17,0,0.0,15.0,13.0,95.0,-0.04000000000000001,-0.0050000000000000044
2025,3,Brock Bowers,LV,WAS,TE1,rec_yds,74.67,38,0.509,18.0,17.67,105.0,-0.04000000000000001,0.13
2025,3,Brock Bowers,LV,WAS,TE1,td,0.25,0,0.0,4.5,17.67,105.0,-0.04000000000000001,0.13
2025,3,Dont'e Thornton,LV,WAS,WR3,rec_yds,32.5,29,0.892,26.0,25.33,118.0,-0.04000000000000001,0.10499999999999998
2025,3,Marcus Mariota,WAS,LV,QB1,pass_yds,121.33,207,1.706,12.0,14.9,106.0,0.062,
2025,3,Marcus Mariota,WAS,LV,QB1,pass_td,1.33,1,0.75,7.5,14.9,106.0,0.062,
2025,3,Chris Rodriguez,WAS,LV,RB2,rush_yds,28.83,39,1.353,15.0,16.9,106.0,0.062,
2025,3,Chris Rodriguez,WAS,LV,RB2,td,0.33,0,0.0,11.5,16.9,106.0,0.062,
2025,3,Jacory Croskey-Merritt,WAS,LV,RB1,rush_yds,49.5,26,0.525,22.0,21.7,97.0,0.062,-0.05500000000000002
2025,3,Jacory Croskey-Merritt,WAS,LV,RB1,td,0.5,1,2.0,26.0,21.7,97.0,0.062,-0.05500000000000002
2025,3,Deebo Samuel,WAS,LV,WR1,rec_yds,42.17,11,0.261,16.0,13.83,100.0,0.062,0.05500000000000005
2025,3,Deebo Samuel,WAS,LV,WR1,td,0.5,0,0.0,8.0,13.83,100.0,0.062,0.05500000000000005
2025,3,Terry McLaurin,WAS,LV,WR2,rec_yds,54.0,74,1.37,24.0,23.0,107.0,0.062,0.05999999999999994
2025,3,Terry McLaurin,WAS,LV,WR2,td,0.58,0,0.0,24.5,23.0,107.0,0.062,0.05999999999999994
2025,3,Zach Ertz,WAS,LV,TE1,rec_yds,40.33,38,0.942,9.0,12.0,102.0,0.062,0.13
2025,3,Zach Ertz,WAS,LV,TE1,td,0.83,0,0.0,7.0,12.0,102.0,0.062,0.13
2025,3,Bo Nix,DEN,LAC,QB1,pass_yds,232.17,153,0.659,25.0,18.7,95.0,-0.039,0.0
2025,3,Bo Nix,DEN,LAC,QB1,pass_td,2.42,1,0.414,28.0,18.7,95.0,-0.039,0.0
2025,3,J.K. Dobbins,DEN,LAC,RB1,rush_yds,62.08,83,1.337,27.0,24.0,96.0,-0.039,-0.03999999999999998
2025,3,J.K. Dobbins,DEN,LAC,RB1,rush_att,14.5,11,0.759,27.0,24.0,96.0,-0.039,-0.03999999999999998
2025,3,J.K. Dobbins,DEN,LAC,RB1,td,0.83,1,1.2,32.0,24.0,96.0,-0.039,-0.03999999999999998
2025,3,RJ Harvey,DEN,LAC,RB2,rush_yds,39.0,2,0.051,10.0,14.0,103.0,-0.039,0.020000000000000018
2025,3,Courtland Sutton,DEN,LAC,WR1,rec_yds,59.67,118,1.978,9.5,7.83,107.0,-0.039,-0.08499999999999996
2025,3,Courtland Sutton,DEN,LAC,WR1,td,0.67,1,1.5,11.0,7.83,107.0,-0.039,-0.08499999999999996
2025,3,Troy Franklin,DEN,LAC,WR2,rec_yds,32.83,8,0.244,29.0,29.5,95.0,-0.039,0.12
2025,3,Troy Franklin,DEN,LAC,WR2,td,0.25,0,0.0,30.5,29.5,95.0,-0.039,0.12
2025,3,Marvin Mims,DEN,LAC,WR3,rec_yds,43.25,4,0.092,6.0,10.0,98.0,-0.039,-0.08500000000000002
2025,3,Marvin Mims,DEN,LAC,WR3,td,0.67,0,0.0,4.5,10.0,98.0,-0.039,-0.08500000000000002
2025,3,Justin Herbert,LAC,DEN,QB1,pass_yds,258.42,300,1.161,14.0,20.5,101.0,-0.075,0.0
2025,3,Justin Herbert,LAC,DEN,QB1,pass_td,1.83,1,0.545,31.5,20.5,101.0,-0.075,0.0
2025,3,Omarion Hampton,LAC,DEN,RB1,rush_yds,36.0,70,1.944,15.0,18.3,102.0,-0.075,-0.08999999999999997
2025,3,Omarion Hampton,LAC,DEN,RB1,rush_att,11.5,19,1.652,15.0,18.3,102.0,-0.075,-0.08999999999999997
2025,3,Najee Harris,LAC,DEN,RB2,rush_yds,38.67,28,0.724,29.0,16.7,99.0,-0.075,0.08000000000000002
2025,3,Najee Harris,LAC,DEN,RB2,rush_att,10.33,6,0.581,29.0,16.7,99.0,-0.075,0.08000000000000002
2025,3,Najee Harris,LAC,DEN,RB2,td,0.25,0,0.0,11.5,16.7,99.0,-0.075,0.08000000000000002
2025,3,Quentin Johnston,LAC,DEN,WR2,rec_yds,58.75,89,1.515,25.0,21.33,99.0,-0.075,-0.030000000000000027
2025,3,Quentin Johnston,LAC,DEN,WR2,td,0.75,0,0.0,30.5,21.33,99.0,-0.075,-0.030000000000000027
2025,3,Keenan Allen,LAC,DEN,WR1,rec_yds,63.42,65,1.025,21.0,25.33,100.0,-0.075,-0.03499999999999992
2025,3,Keenan Allen,LAC,DEN,WR1,td,0.75,1,1.333,31.0,25.33,100.0,-0.075,-0.03499999999999992
2025,3,Ladd McConkey,LAC,DEN,WR3,rec_yds,79.42,41,0.516,5.0,12.33,96.0,-0.075,-0.05499999999999994
2025,3,Ladd McConkey,LAC,DEN,WR3,td,0.25,0,0.0,26.0,12.33,96.0,-0.075,-0.05499999999999994
2025,3,Spencer Rattler,NO,SEA,QB1,pass_yds,196.27,218,1.111,16.0,21.0,86.0,-0.19,0.0
2025,3,Spencer Rattler,NO,SEA,QB1,pass_td,0.91,1,1.1,16.0,21.0,86.0,-0.19,0.0
2025,3,Alvin Kamara,NO,SEA,RB1,rush_yds,67.5,42,0.622,19.0,11.8,97.0,-0.19,0.03500000000000003
2025,3,Alvin Kamara,NO,SEA,RB1,rush_att,15.67,18,1.149,19.0,11.8,97.0,-0.19,0.03500000000000003
2025,3,Alvin Kamara,NO,SEA,RB1,rec_yds,30.92,14,0.453,1.0,11.8,97.0,-0.19,0.03500000000000003
2025,3,Alvin Kamara,NO,SEA,RB1,td,0.25,0,0.0,29.5,11.8,97.0,-0.19,0.03500000000000003
2025,3,Kendre Miller,NO,SEA,RB2,rush_yds,21.2,27,1.274,6.0,7.9,97.0,-0.19,0.0
2025,3,Chris Olave,NO,SEA,WR1,rec_yds,51.33,57,1.11,29.0,25.67,93.0,-0.19,0.07499999999999996
2025,3,Juwan Johnson,NO,SEA,TE1,rec_yds,47.75,51,1.068,12.0,11.17,89.0,-0.19,-0.015000000000000013
2025,3,Juwan Johnson,NO,SEA,TE1,td,0.33,0,0.0,11.5,11.17,89.0,-0.19,-0.015000000000000013
2025,3,Rashid Shaheed,NO,SEA,WR2,rec_yds,51.9,42,0.809,20.0,14.0,96.0,-0.19,-0.07499999999999996
2025,3,Rashid Shaheed,NO,SEA,WR2,td,0.5,0,0.0,9.5,14.0,96.0,-0.19,-0.07499999999999996
2025,3,Brandin Cooks,NO,SEA,WR3,rec_yds,25.33,24,0.947,20.0,16.67,91.0,-0.19,-0.039999999999999925
2025,3,Brandin Cooks,NO,SEA,WR3,td,0.17,0,0.0,7.0,16.67,91.0,-0.19,-0.039999999999999925
2025,3,Sam Darnold,SEA,NO,QB1,pass_yds,255.67,218,0.853,6.0,14.6,106.0,-0.009000000000000001,0.0
2025,3,Sam Darnold,SEA,NO,QB1,pass_td,1.83,2,1.091,21.5,14.6,106.0,-0.009000000000000001,0.0
2025,3,Kenneth Walker III,SEA,NO,RB1,rush_yds,51.75,38,0.734,16.0,8.1,97.0,-0.009000000000000001,-0.025000000000000022
2025,3,Kenneth Walker III,SEA,NO,RB1,rush_att,13.5,16,1.185,16.0,8.1,97.0,-0.009000000000000001,-0.025000000000000022
2025,3,Kenneth Walker III,SEA,NO,RB1,td,0.5,2,4.0,2.0,8.1,97.0,-0.009000000000000001,-0.025000000000000022
2025,3,Jaxon Smith-Njigba,SEA,NO,WR1,rec_yds,84.67,96,1.134,5.0,4.5,100.0,-0.009000000000000001,-0.05999999999999994
2025,3,Jaxon Smith-Njigba,SEA,NO,WR1,td,0.25,1,4.0,1.0,4.5,100.0,-0.009000000000000001,-0.05999999999999994
2025,3,Cooper Kupp,SEA,NO,WR2,rec_yds,51.5,31,0.602,9.0,18.83,107.0,-0.009000000000000001,-0.09499999999999997
2025,3,Cooper Kupp,SEA,NO,WR2,td,0.33,0,0.0,24.5,18.83,107.0,-0.009000000000000001,-0.09499999999999997
2025,3,AJ Barner,SEA,NO,TE1,td,0.42,0,0.0,29.5,12.83,102.0,-0.009000000000000001,0.020000000000000018
2025,3,Dak Prescott,DAL,CHI,QB1,pass_yds,256.33,251,0.979,15.0,21.4,101.0,0.147,0.0
2025,3,Dak Prescott,DAL,CHI,QB1,pass_td,1.25,1,0.8,16.0,21.4,101.0,0.147,0.0
2025,3,Javonte Williams,DAL,CHI,RB1,rush_yds,35.67,76,2.131,4.0,13.4,102.0,0.147,-0.025000000000000022
2025,3,Javonte Williams,DAL,CHI,RB1,td,0.67,0,0.0,12.0,13.4,102.0,0.147,-0.025000000000000022
2025,3,Miles Sanders,DAL,CHI,RB2,rush_yds,23.5,41,1.745,2.0,6.3,99.0,0.147,0.01999999999999999
2025,3,Miles Sanders,DAL,CHI,RB2,td,0.33,0,0.0,2.0,6.3,99.0,0.147,0.01999999999999999
2025,3,KaVontae Turpin,DAL,CHI,WR3,rec_yds,30.75,64,2.081,32.0,25.83,96.0,0.147,-0.15
2025,3,KaVontae Turpin,DAL,CHI,WR3,td,0.25,0,0.0,13.5,25.83,96.0,0.147,-0.15
2025,3,Jake Ferguson,DAL,CHI,TE1,rec_yds,36.08,82,2.273,16.0,17.17,99.0,0.147,-0.020000000000000018
2025,3,George Pickens,DAL,CHI,WR1,rec_yds,61.08,68,1.113,25.0,18.67,100.0,0.147,-0.015000000000000013
2025,3,George Pickens,DAL,CHI,WR1,td,0.42,1,2.4,2.0,18.67,100.0,0.147,-0.015000000000000013
2025,3,Jalen Tolbert,DAL,CHI,WR2,rec_yds,22.92,24,1.047,2.0,18.5,99.0,0.147,0.10499999999999998
2025,3,Jalen Tolbert,DAL,CHI,WR2,td,0.33,0,0.0,24.5,18.5,99.0,0.147,0.10499999999999998
2025,3,Caleb Williams,CHI,DAL,QB1,pass_yds,215.83,298,1.381,4.0,3.8,106.0,0.238,-0.07999999999999996
2025,3,Caleb Williams,CHI,DAL,QB1,pass_td,1.42,4,2.824,10.0,3.8,106.0,0.238,-0.07999999999999996
2025,3,D'Andre Swift,CHI,DAL,RB1,rush_yds,52.25,33,0.632,20.0,11.6,97.0,0.238,-0.12
2025,3,D'Andre Swift,CHI,DAL,RB1,rush_att,14.17,13,0.918,20.0,11.6,97.0,0.238,-0.12
2025,3,D'Andre Swift,CHI,DAL,RB1,td,0.33,0,0.0,4.5,11.6,97.0,0.238,-0.12
2025,3,Olamide Zaccheaus,CHI,DAL,WR2,rec_yds,32.5,24,0.738,1.0,4.17,107.0,0.238,-0.0050000000000000044
2025,3,Olamide Zaccheaus,CHI,DAL,WR2,td,0.25,0,0.0,9.5,4.17,107.0,0.238,-0.0050000000000000044
2025,3,D.J. Moore,CHI,DAL,WR3,rec_yds,66.33,21,0.317,10.0,16.83,105.0,0.238,0.020000000000000018
2025,3,D.J. Moore,CHI,DAL,WR3,td,0.25,1,4.0,26.0,16.83,105.0,0.238,0.020000000000000018
2025,3,Rome Odunze,CHI,DAL,WR1,rec_yds,54.17,62,1.145,14.0,12.33,100.0,0.238,0.030000000000000027
2025,3,Rome Odunze,CHI,DAL,WR1,td,0.67,1,1.5,5.5,12.33,100.0,0.238,0.030000000000000027
2025,3,Cole Kmet,CHI,DAL,TE1,rec_yds,25.42,10,0.393,21.0,16.0,102.0,0.238,0.0
2025,3,Kyler Murray,ARI,SF,QB1,pass_yds,235.42,159,0.675,30.0,22.6,106.0,0.051000000000000004,-0.010000000000000009
2025,3,Kyler Murray,ARI,SF,QB1,pass_td,1.33,1,0.75,16.0,22.6,106.0,0.051000000000000004,-0.010000000000000009
2025,3,Trey Benson,ARI,SF,RB2,rush_yds,31.33,42,1.34,14.0,14.8,106.0,0.051000000000000004,0.05499999999999999
2025,3,James Conner,ARI,SF,RB1,rush_yds,56.92,22,0.387,10.0,9.2,97.0,0.051000000000000004,-0.050000000000000044
2025,3,James Conner,ARI,SF,RB1,rush_att,12.75,9,0.706,10.0,9.2,97.0,0.051000000000000004,-0.050000000000000044
2025,3,James Conner,ARI,SF,RB1,rec_yds,25.42,15,0.59,19.0,9.2,97.0,0.051000000000000004,-0.050000000000000044
2025,3,James Conner,ARI,SF,RB1,td,0.75,0,0.0,4.5,9.2,97.0,0.051000000000000004,-0.050000000000000044
2025,3,Greg Dortch,ARI,SF,WR3,td,0.17,0,0.0,13.5,21.83,105.0,0.051000000000000004,0.015000000000000013
2025,3,Marvin Harrison Jr.,ARI,SF,WR1,rec_yds,53.0,44,0.83,26.0,26.5,100.0,0.051000000000000004,0.020000000000000018
2025,3,Marvin Harrison Jr.,ARI,SF,WR1,td,0.42,0,0.0,29.5,26.5,100.0,0.051000000000000004,0.020000000000000018
2025,3,Trey McBride,ARI,SF,TE1,rec_yds,78.58,43,0.547,26.0,17.67,102.0,0.051000000000000004,-0.029999999999999916
2025,3,Trey McBride,ARI,SF,TE1,td,0.17,1,6.0,11.5,17.67,102.0,0.051000000000000004,-0.029999999999999916
2025,3,Michael Wilson,ARI,SF,WR2,rec_yds,24.75,5,0.202,19.0,12.33,107.0,0.051000000000000004,0.010000000000000009
2025,3,Michael Wilson,ARI,SF,WR2,td,0.25,0,0.0,5.5,12.33,107.0,0.051000000000000004,0.010000000000000009
2025,3,Mac Jones,SF,ARI,QB1,pass_yds,220.2,284,1.29,13.0,16.5,95.0,0.177,
2025,3,Mac Jones,SF,ARI,QB1,pass_td,1.4,1,0.714,28.0,16.5,95.0,0.177,
2025,3,Christian McCaffrey,SF,ARI,RB1,rush_yds,56.25,52,0.924,18.0,9.2,96.0,0.177,0.0050000000000000044
2025,3,Christian McCaffrey,SF,ARI,RB1,rush_att,15.0,17,1.133,18.0,9.2,96.0,0.177,0.0050000000000000044
2025,3,Christian McCaffrey,SF,ARI,RB1,rec_yds,49.5,88,1.778,6.0,9.2,96.0,0.177,0.0050000000000000044
2025,3,Christian McCaffrey,SF,ARI,RB1,td,0.25,0,0.0,12.0,9.2,96.0,0.177,0.0050000000000000044
2025,3,Brian Robinson Jr.,SF,ARI,RB2,rush_yds,42.42,22,0.519,8.0,14.4,103.0,0.177,-0.004999999999999977
2025,3,Brian Robinson Jr.,SF,ARI,RB2,rush_att,11.0,2,0.182,8.0,14.4,103.0,0.177,-0.004999999999999977
2025,3,Brian Robinson Jr.,SF,ARI,RB2,td,0.17,0,0.0,11.5,14.4,103.0,0.177,-0.004999999999999977
2025,3,Ricky Pearsall,SF,ARI,WR1,rec_yds,55.75,117,2.099,17.0,16.17,107.0,0.177,0.025000000000000022
2025,3,Ricky Pearsall,SF,ARI,WR1,td,0.25,0,0.0,26.5,16.17,107.0,0.177,0.025000000000000022
2025,3,Kendrick Bourne,SF,ARI,WR2,rec_yds,34.0,38,1.118,11.0,9.83,95.0,0.177,
2025,3,Jake Tonges,SF,ARI,TE1,rec_yds,23.0,21,0.913,22.0,22.17,103.0,0.177,0.19999999999999996
2025,3,Jake Tonges,SF,ARI,TE1,td,0.5,0,0.0,32.0,22.17,103.0,0.177,0.19999999999999996
2025,3,Marquez Valdes-Scantling,SF,ARI,WR3,rec_yds,38.5,9,0.234,30.0,25.33,98.0,0.177,
2025,3,Marquez Valdes-Scantling,SF,ARI,WR3,td,0.4,0,0.0,20.5,25.33,98.0,0.177,
2025,3,Patrick Mahomes,KC,NYG,QB1,pass_yds,239.67,224,0.935,11.0,12.3,101.0,0.14300000000000002,0.0
2025,3,Patrick Mahomes,KC,NYG,QB1,pass_td,1.58,1,0.632,21.5,12.3,101.0,0.14300000000000002,0.0
2025,3,Isiah Pacheco,KC,NYG,RB1,rush_yds,36.73,45,1.225,2.0,11.1,102.0,0.14300000000000002,0.03500000000000003
2025,3,Isiah Pacheco,KC,NYG,RB1,rush_att,10.27,10,0.973,2.0,11.1,102.0,0.14300000000000002,0.03500000000000003
2025,3,Kareem Hunt,KC,NYG,RB2,rush_yds,34.0,34,1.0,12.0,5.6,99.0,0.14300000000000002,0.010000000000000009
2025,3,Kareem Hunt,KC,NYG,RB2,td,0.17,1,6.0,6.5,5.6,99.0,0.14300000000000002,0.010000000000000009
2025,3,Tyquan Thornton,KC,NYG,WR2,rec_yds,30.88,71,2.3,13.0,13.33,99.0,0.14300000000000002,0.015000000000000013
2025,3,Tyquan Thornton,KC,NYG,WR2,td,0.25,1,4.0,14.5,13.33,99.0,0.14300000000000002,0.015000000000000013
2025,3,Marquise Brown,KC,NYG,WR1,rec_yds,58.17,42,0.722,18.0,14.33,100.0,0.14300000000000002,-0.09000000000000008
2025,3,Travis Kelce,KC,NYG,TE1,rec_yds,50.33,26,0.517,24.0,18.5,99.0,0.14300000000000002,-0.03499999999999992
2025,3,Travis Kelce,KC,NYG,TE1,td,0.33,0,0.0,11.5,18.5,99.0,0.14300000000000002,-0.03499999999999992
2025,3,Russell Wilson,NYG,KC,QB1,pass_yds,248.42,160,0.644,21.5,14.0,95.0,0.037,-0.020000000000000018
2025,3,Russell Wilson,NYG,KC,QB1,pass_td,1.33,0,0.0,19.0,14.0,95.0,0.037,-0.020000000000000018
2025,3,Cam Skattebo,NYG,KC,RB1,rush_yds,21.0,60,2.857,31.0,29.0,96.0,0.037,0.2
2025,3,Cam Skattebo,NYG,KC,RB1,td,0.5,1,2.0,26.0,29.0,96.0,0.037,0.2
2025,3,Tyrone Tracy Jr.,NYG,KC,RB2,rush_yds,39.58,29,0.733,19.0,28.6,103.0,0.037,-0.15999999999999998
2025,3,Tyrone Tracy Jr.,NYG,KC,RB2,rush_att,11.08,7,0.632,19.0,28.6,103.0,0.037,-0.15999999999999998
2025,3,Tyrone Tracy Jr.,NYG,KC,RB2,td,0.33,0,0.0,30.0,28.6,103.0,0.037,-0.15999999999999998
2025,3,Darius Slayton,NYG,KC,WR3,rec_yds,22.92,30,1.309,19.0,12.83,98.0,0.037,0.010000000000000009
2025,3,Wan'Dale Robinson,NYG,KC,WR2,rec_yds,62.5,26,0.416,17.0,15.33,95.0,0.037,-0.030000000000000027
2025,3,Wan'Dale Robinson,NYG,KC,WR2,td,0.25,0,0.0,19.0,15.33,95.0,0.037,-0.030000000000000027
2025,3,Malik Nabers,NYG,KC,WR1,rec_yds,93.58,13,0.139,24.0,16.0,107.0,0.037,0.025000000000000022
2025,3,Malik Nabers,NYG,KC,WR1,td,0.67,0,0.0,15.0,16.0,107.0,0.037,0.025000000000000022
2025,3,Theo Johnson,NYG,KC,TE1,rec_yds,31.5,10,0.317,1.0,9.17,103.0,0.037,0.029999999999999916
2025,3,Jared Goff,DET,BAL,QB1,pass_yds,305.58,202,0.661,1.0,8.2,106.0,0.095,-0.025000000000000022
2025,3,Jared Goff,DET,BAL,QB1,pass_td,2.75,1,0.364,10.0,8.2,106.0,0.095,-0.025000000000000022
2025,3,David Montgomery,DET,BAL,RB2,rush_yds,46.42,151,3.253,13.0,11.0,106.0,0.095,0.010000000000000009
2025,3,David Montgomery,DET,BAL,RB2,rush_att,12.08,12,0.993,13.0,11.0,106.0,0.095,0.010000000000000009
2025,3,David Montgomery,DET,BAL,RB2,td,0.67,2,3.0,6.5,11.0,106.0,0.095,0.010000000000000009
2025,3,Jahmyr Gibbs,DET,BAL,RB1,rush_yds,75.92,67,0.883,32.0,19.6,97.0,0.095,-0.050000000000000044
2025,3,Jahmyr Gibbs,DET,BAL,RB1,rush_att,14.17,22,1.553,32.0,19.6,97.0,0.095,-0.050000000000000044
2025,3,Jahmyr Gibbs,DET,BAL,RB1,rec_yds,33.08,32,0.967,5.0,19.6,97.0,0.095,-0.050000000000000044
2025,3,Jahmyr Gibbs,DET,BAL,RB1,td,1.17,2,1.714,26.0,19.6,97.0,0.095,-0.050000000000000044
2025,3,Amon-Ra St. Brown,DET,BAL,WR1,rec_yds,88.25,77,0.873,1.0,3.33,100.0,0.095,-0.04500000000000004
2025,3,Amon-Ra St. Brown,DET,BAL,WR1,td,0.92,1,1.091,8.0,3.33,100.0,0.095,-0.04500000000000004
2025,3,Jameson Williams,DET,BAL,WR2,rec_yds,70.75,43,0.608,27.0,19.0,107.0,0.095,-0.04500000000000004
2025,3,Jameson Williams,DET,BAL,WR2,td,0.58,0,0.0,9.5,19.0,107.0,0.095,-0.04500000000000004
2025,3,Sam LaPorta,DET,BAL,TE1,rec_yds,53.0,33,0.623,6.0,8.5,102.0,0.095,-0.030000000000000027
2025,3,Sam LaPorta,DET,BAL,TE1,td,0.42,0,0.0,11.5,8.5,102.0,0.095,-0.030000000000000027
2025,3,Kalif Raymond,DET,BAL,WR3,rec_yds,20.67,4,0.194,15.0,19.33,105.0,0.095,-0.06000000000000005
2025,3,Kalif Raymond,DET,BAL,WR3,td,0.17,0,0.0,26.0,19.33,105.0,0.095,-0.06000000000000005
2025,3,Lamar Jackson,BAL,DET,QB1,pass_yds,221.75,288,1.299,5.0,10.5,101.0,0.048,-0.025000000000000022
2025,3,Lamar Jackson,BAL,DET,QB1,pass_td,2.75,3,1.091,28.0,10.5,101.0,0.048,-0.025000000000000022
2025,3,Derrick Henry,BAL,DET,RB1,rush_yds,104.42,50,0.479,26.0,22.3,102.0,0.048,0.020000000000000018
2025,3,Derrick Henry,BAL,DET,RB1,rush_att,17.92,12,0.67,26.0,22.3,102.0,0.048,0.020000000000000018
2025,3,Derrick Henry,BAL,DET,RB1,td,0.75,1,1.333,17.0,22.3,102.0,0.048,0.020000000000000018
2025,3,Mark Andrews,BAL,DET,TE1,rec_yds,33.17,91,2.744,28.0,25.5,99.0,0.048,0.025000000000000022
2025,3,Mark Andrews,BAL,DET,TE1,td,0.58,2,3.429,19.5,25.5,99.0,0.048,0.025000000000000022
2025,3,Rashod Bateman,BAL,DET,WR2,rec_yds,32.0,63,1.969,18.0,21.67,99.0,0.048,-0.06999999999999995
2025,3,Rashod Bateman,BAL,DET,WR2,td,0.5,1,2.0,28.0,21.67,99.0,0.048,-0.06999999999999995
2025,3,Justice Hill,BAL,DET,RB2,td,0.17,0,0.0,11.5,25.3,99.0,0.048,-0.030000000000000027
2025,3,DeAndre Hopkins,BAL,DET,WR3,rec_yds,43.33,13,0.3,1.0,7.5,96.0,0.048,-0.08500000000000002
2025,3,DeAndre Hopkins,BAL,DET,WR3,td,0.5,0,0.0,20.5,7.5,96.0,0.048,-0.08500000000000002
2025,3,Zay Flowers,BAL,DET,WR1,rec_yds,70.08,13,0.185,3.0,4.17,100.0,0.048,-0.05499999999999994
2025,3,Zay Flowers,BAL,DET,WR1,td,0.25,0,0.0,5.5,4.17,100.0,0.048,-0.05499999999999994
2025,4,Sam Darnold,SEA,ARI,QB1,pass_yds,250.29,242,0.967,8.0,15.7,95.0,0.126,-0.21333333333333337
2025,4,Sam Darnold,SEA,ARI,QB1,pass_td,1.86,1,0.538,29.0,15.7,95.0,0.126,-0.21333333333333337
2025,4,Kenneth Walker III,SEA,ARI,RB1,rush_yds,49.79,81,1.627,16.0,7.6,96.0,0.126,0.10333333333333333
2025,4,Kenneth Walker III,SEA,ARI,RB1,rush_att,13.86,19,1.371,16.0,7.6,96.0,0.126,0.10333333333333333
2025,4,Kenneth Walker III,SEA,ARI,RB1,td,0.71,0,0.0,14.5,7.6,96.0,0.126,0.10333333333333333
2025,4,Zach Charbonnet,SEA,ARI,RB2,rush_yds,39.17,39,0.996,10.0,13.9,103.0,0.126,-0.014999999999999902
2025,4,Zach Charbonnet,SEA,ARI,RB2,rush_att,10.67,12,1.125,10.0,13.9,103.0,0.126,-0.014999999999999902
2025,4,Zach Charbonnet,SEA,ARI,RB2,td,0.5,1,2.0,7.5,13.9,103.0,0.126,-0.014999999999999902
2025,4,Jaxon Smith-Njigba,SEA,ARI,WR1,rec_yds,86.29,79,0.916,10.0,13.67,107.0,0.126,-0.1466666666666666
2025,4,Jaxon Smith-Njigba,SEA,ARI,WR1,td,0.36,0,0.0,27.0,13.67,107.0,0.126,-0.1466666666666666
2025,4,Cooper Kupp,SEA,ARI,WR2,rec_yds,48.57,26,0.535,14.0,12.0,95.0,0.126,-0.16333333333333322
2025,4,Cooper Kupp,SEA,ARI,WR2,td,0.29,0,0.0,19.0,12.0,95.0,0.126,-0.16333333333333322
2025,4,Tory Horton,SEA,ARI,WR3,rec_yds,32.0,10,0.312,30.0,26.33,98.0,0.126,0.044999999999999984
2025,4,Tory Horton,SEA,ARI,WR3,td,1.0,0,0.0,22.0,26.33,98.0,0.126,0.044999999999999984
2025,4,Kyler Murray,ARI,SEA,QB1,pass_yds,224.5,200,0.891,16.0,21.6,86.0,-0.126,0.00666666666666671
2025,4,Kyler Murray,ARI,SEA,QB1,pass_td,1.29,2,1.556,20.0,21.6,86.0,-0.126,0.00666666666666671
2025,4,Trey Benson,ARI,SEA,RB1,rush_yds,32.86,35,1.065,20.0,12.7,97.0,-0.126,0.15000000000000002
2025,4,Marvin Harrison Jr.,ARI,SEA,WR1,rec_yds,51.71,66,1.276,31.0,22.33,93.0,-0.126,-0.07333333333333336
2025,4,Marvin Harrison Jr.,ARI,SEA,WR1,td,0.36,1,2.8,22.0,22.33,93.0,-0.126,-0.07333333333333336
2025,4,Trey McBride,ARI,SEA,TE1,rec_yds,73.5,52,0.707,12.0,11.67,89.0,-0.126,-0.039999999999999925
2025,4,Trey McBride,ARI,SEA,TE1,td,0.29,0,0.0,14.0,11.67,89.0,-0.126,-0.039999999999999925
2025,4,Michael Wilson,ARI,SEA,WR2,rec_yds,21.93,15,0.684,19.0,14.67,96.0,-0.126,0.04000000000000015
2025,4,Michael Wilson,ARI,SEA,WR2,td,0.21,0,0.0,13.5,14.67,96.0,-0.126,0.04000000000000015
2025,4,Carson Wentz,MIN,PIT,QB1,pass_yds,116.0,350,3.017,6.0,12.3,102.0,-0.07100000000000001,
2025,4,Carson Wentz,MIN,PIT,QB1,pass_td,1.0,2,2.0,20.0,12.3,102.0,-0.07100000000000001,
2025,4,Jordan Mason,MIN,PIT,RB1,rush_yds,55.0,57,1.036,11.5,15.3,100.0,-0.07100000000000001,0.019999999999999907
2025,4,Jordan Mason,MIN,PIT,RB1,rush_att,10.14,16,1.577,11.5,15.3,100.0,-0.07100000000000001,0.019999999999999907
2025,4,Jordan Mason,MIN,PIT,RB1,td,0.29,0,0.0,21.5,15.3,100.0,-0.07100000000000001,0.019999999999999907
2025,4,Justin Jefferson,MIN,PIT,WR1,rec_yds,78.71,126,1.601,7.0,13.17,95.0,-0.07100000000000001,-0.1266666666666667
2025,4,Justin Jefferson,MIN,PIT,WR1,td,0.5,0,0.0,22.0,13.17,95.0,-0.07100000000000001,-0.1266666666666667
2025,4,Jordan Addison,MIN,PIT,WR3,rec_yds,72.12,114,1.581,7.0,12.67,118.0,-0.07100000000000001,
2025,4,Jordan Addison,MIN,PIT,WR3,td,0.88,0,0.0,14.0,12.67,118.0,-0.07100000000000001,
2025,4,T.J. Hockenson,MIN,PIT,TE1,rec_yds,36.29,39,1.075,11.0,5.67,105.0,-0.07100000000000001,-0.053333333333333344
2025,4,Jalen Nailor,MIN,PIT,WR2,rec_yds,26.43,2,0.076,12.5,14.67,104.0,-0.07100000000000001,-0.07333333333333336
2025,4,Aaron Rodgers,PIT,MIN,QB1,pass_yds,211.57,200,0.945,14.0,23.2,86.0,-0.05700000000000001,0.016666666666666607
2025,4,Aaron Rodgers,PIT,MIN,QB1,pass_td,1.93,1,0.519,29.0,23.2,86.0,-0.05700000000000001,0.016666666666666607
2025,4,Kenneth Gainwell,PIT,MIN,RB1,td,0.21,2,9.333,25.0,20.4,97.0,-0.05700000000000001,-0.14666666666666667
2025,4,D.K. Metcalf,PIT,MIN,WR1,rec_yds,49.57,126,2.542,20.0,17.5,93.0,-0.05700000000000001,-0.023333333333333428
2025,4,D.K. Metcalf,PIT,MIN,WR1,td,0.43,1,2.333,22.0,17.5,93.0,-0.05700000000000001,-0.023333333333333428
2025,4,Calvin Austin III,PIT,MIN,WR2,rec_yds,37.36,13,0.348,4.0,8.0,96.0,-0.05700000000000001,-0.09333333333333349
2025,4,Calvin Austin III,PIT,MIN,WR2,td,0.43,0,0.0,19.0,8.0,96.0,-0.05700000000000001,-0.09333333333333349
2025,4,Jonnu Smith,PIT,MIN,TE1,rec_yds,47.64,6,0.126,16.0,19.67,89.0,-0.05700000000000001,0.1466666666666665
2025,4,Jonnu Smith,PIT,MIN,TE1,td,0.64,0,0.0,30.0,19.67,89.0,-0.05700000000000001,0.1466666666666665
2025,4,Ben Skowronek,PIT,MIN,WR3,td,0.33,0,0.0,14.0,6.17,91.0,-0.05700000000000001,
2025,4,Marcus Mariota,WAS,ATL,QB1,pass_yds,155.6,156,1.003,29.0,14.7,102.0,0.043000000000000003,
2025,4,Marcus Mariota,WAS,ATL,QB1,pass_td,1.2,2,1.667,3.0,14.7,102.0,0.043000000000000003,
2025,4,Chris Rodriguez,WAS,ATL,RB2,rush_yds,31.38,59,1.88,26.0,21.7,97.0,0.043000000000000003,
2025,4,Chris Rodriguez,WAS,ATL,RB2,td,0.25,0,0.0,20.0,21.7,97.0,0.043000000000000003,
2025,4,Jacory Croskey-Merritt,WAS,ATL,RB1,rush_yds,41.67,47,1.128,21.0,19.1,100.0,0.043000000000000003,0.08333333333333331
2025,4,Jacory Croskey-Merritt,WAS,ATL,RB1,td,0.67,0,0.0,25.0,19.1,100.0,0.043000000000000003,0.08333333333333331
2025,4,Deebo Samuel,WAS,ATL,WR1,rec_yds,37.71,72,1.909,8.0,12.83,95.0,0.043000000000000003,-0.26333333333333336
2025,4,Deebo Samuel,WAS,ATL,WR1,td,0.43,1,2.333,22.0,12.83,95.0,0.043000000000000003,-0.26333333333333336
2025,4,Luke McCaffrey,WAS,ATL,WR3,td,0.17,1,6.0,27.5,26.83,118.0,0.043000000000000003,0.065
2025,4,Zach Ertz,WAS,ATL,TE1,rec_yds,40.0,21,0.525,28.0,26.5,105.0,0.043000000000000003,-0.16666666666666663
2025,4,Zach Ertz,WAS,ATL,TE1,td,0.71,0,0.0,21.0,26.5,105.0,0.043000000000000003,-0.16666666666666663
2025,4,Michael Penix,ATL,WAS,QB1,pass_yds,180.45,313,1.735,25.0,22.8,102.0,0.144,-0.15333333333333332
2025,4,Bijan Robinson,ATL,WAS,RB1,rush_yds,93.0,75,0.806,6.0,18.1,100.0,0.144,0.039999999999999925
2025,4,Bijan Robinson,ATL,WAS,RB1,rush_att,18.79,17,0.905,6.0,18.1,100.0,0.144,0.039999999999999925
2025,4,Bijan Robinson,ATL,WAS,RB1,rec_yds,32.57,106,3.254,28.0,18.1,100.0,0.144,0.039999999999999925
2025,4,Bijan Robinson,ATL,WAS,RB1,td,0.86,1,1.167,4.5,18.1,100.0,0.144,0.039999999999999925
2025,4,Tyler Allgeier,ATL,WAS,RB2,rush_yds,34.43,51,1.481,19.0,26.6,97.0,0.144,-0.13333333333333336
2025,4,Tyler Allgeier,ATL,WAS,RB2,td,0.21,1,4.667,32.0,26.6,97.0,0.144,-0.13333333333333336
2025,4,Drake London,ATL,WAS,WR1,rec_yds,74.07,110,1.485,12.0,15.83,95.0,0.144,-0.0033333333333332993
2025,4,Drake London,ATL,WAS,WR1,td,0.21,1,4.667,17.0,15.83,95.0,0.144,-0.0033333333333332993
2025,4,Kyle Pitts,ATL,WAS,TE1,rec_yds,31.57,70,2.217,19.0,18.83,105.0,0.144,0.020000000000000018
2025,4,Darnell Mooney,ATL,WAS,WR2,rec_yds,51.67,15,0.29,10.0,6.5,104.0,0.144,0.015000000000000013
2025,4,Ray-Ray McCloud,ATL,WAS,WR3,rec_yds,37.36,-7,-0.187,22.0,25.0,118.0,0.144,0.15000000000000002
2025,4,Spencer Rattler,NO,BUF,QB1,pass_yds,199.62,126,0.631,24.0,16.5,86.0,-0.087,-0.026666666666666727
2025,4,Spencer Rattler,NO,BUF,QB1,pass_td,0.92,1,1.083,6.5,16.5,86.0,-0.087,-0.026666666666666727
2025,4,Chris Olave,NO,BUF,WR1,rec_yds,52.14,20,0.384,9.0,12.17,93.0,-0.087,-0.050000000000000044
2025,4,Alvin Kamara,NO,BUF,RB1,rush_yds,63.86,70,1.096,5.0,6.7,97.0,-0.087,-0.05666666666666653
2025,4,Alvin Kamara,NO,BUF,RB1,rush_att,16.0,15,0.938,5.0,6.7,97.0,-0.087,-0.05666666666666653
2025,4,Alvin Kamara,NO,BUF,RB1,rec_yds,28.5,2,0.07,10.0,6.7,97.0,-0.087,-0.05666666666666653
2025,4,Alvin Kamara,NO,BUF,RB1,td,0.21,0,0.0,8.5,6.7,97.0,-0.087,-0.05666666666666653
2025,4,Kendre Miller,NO,BUF,RB2,rush_yds,22.17,65,2.932,28.0,13.1,97.0,-0.087,0.07999999999999999
2025,4,Rashid Shaheed,NO,BUF,WR2,rec_yds,50.25,47,0.935,9.0,7.0,96.0,-0.087,-0.023333333333333317
2025,4,Rashid Shaheed,NO,BUF,WR2,td,0.42,0,0.0,5.5,7.0,96.0,-0.087,-0.023333333333333317
2025,4,Juwan Johnson,NO,BUF,TE1,rec_yds,48.21,28,0.581,31.0,24.67,89.0,-0.087,-0.050000000000000044
2025,4,Juwan Johnson,NO,BUF,TE1,td,0.29,0,0.0,14.0,24.67,89.0,-0.087,-0.050000000000000044
2025,4,Brandin Cooks,NO,BUF,WR3,rec_yds,25.14,22,0.875,31.0,22.5,91.0,-0.087,-0.013333333333333308
2025,4,Josh Allen,BUF,NO,QB1,pass_yds,248.21,209,0.842,7.0,14.9,106.0,0.09200000000000001,0.043333333333333335
2025,4,Josh Allen,BUF,NO,QB1,pass_td,1.71,2,1.167,20.0,14.9,106.0,0.09200000000000001,0.043333333333333335
2025,4,James Cook,BUF,NO,RB1,rush_yds,77.21,117,1.515,18.0,9.4,97.0,0.09200000000000001,0.10333333333333328
2025,4,James Cook,BUF,NO,RB1,rush_att,14.57,22,1.51,18.0,9.4,97.0,0.09200000000000001,0.10333333333333328
2025,4,James Cook,BUF,NO,RB1,td,1.29,1,0.778,1.0,9.4,97.0,0.09200000000000001,0.10333333333333328
2025,4,Ray Davis,BUF,NO,RB2,td,0.29,0,0.0,25.0,16.6,106.0,0.09200000000000001,-0.08333333333333334
2025,4,Khalil Shakir,BUF,NO,WR2,rec_yds,45.86,69,1.505,16.0,23.0,107.0,0.09200000000000001,0.06666666666666665
2025,4,Khalil Shakir,BUF,NO,WR2,td,0.29,1,3.5,27.0,23.0,107.0,0.09200000000000001,0.06666666666666665
2025,4,Keon Coleman,BUF,NO,WR1,rec_yds,49.79,45,0.904,3.0,3.5,100.0,0.09200000000000001,0.036666666666666625
2025,4,Keon Coleman,BUF,NO,WR1,td,0.29,0,0.0,1.0,3.5,100.0,0.09200000000000001,0.036666666666666625
2025,4,Dalton Kincaid,BUF,NO,TE1,rec_yds,41.71,28,0.671,4.0,14.33,102.0,0.09200000000000001,0.036666666666666736
2025,4,Dalton Kincaid,BUF,NO,TE1,td,0.36,1,2.8,30.0,14.33,102.0,0.09200000000000001,0.036666666666666736
2025,4,Josh Palmer,BUF,NO,WR3,rec_yds,36.0,25,0.694,13.0,14.67,105.0,0.09200000000000001,-0.08999999999999991
2025,4,Bryce Young,CAR,NE,QB1,pass_yds,208.21,150,0.72,15.0,21.5,102.0,-0.068,-0.013333333333333308
2025,4,Bryce Young,CAR,NE,QB1,pass_td,1.43,1,0.7,10.0,21.5,102.0,-0.068,-0.013333333333333308
2025,4,Chuba Hubbard,CAR,NE,RB1,rush_yds,71.0,49,0.69,11.5,9.8,100.0,-0.068,-0.056666666666666754
2025,4,Chuba Hubbard,CAR,NE,RB1,rush_att,16.64,10,0.601,11.5,9.8,100.0,-0.068,-0.056666666666666754
2025,4,Chuba Hubbard,CAR,NE,RB1,td,0.79,0,0.0,2.0,9.8,100.0,-0.068,-0.056666666666666754
2025,4,Rico Dowdle,CAR,NE,RB2,rush_yds,57.64,32,0.555,11.0,18.0,97.0,-0.068,0.0566666666666667
2025,4,Rico Dowdle,CAR,NE,RB2,rush_att,13.57,9,0.663,11.0,18.0,97.0,-0.068,0.0566666666666667
2025,4,Rico Dowdle,CAR,NE,RB2,td,0.29,0,0.0,14.0,18.0,97.0,-0.068,0.0566666666666667
2025,4,Tetairoa McMillan,CAR,NE,WR1,rec_yds,72.0,62,0.861,11.0,14.33,95.0,-0.068,0.040000000000000036
2025,4,Brycen Tremayne,CAR,NE,WR3,rec_yds,24.8,36,1.452,19.0,18.5,118.0,-0.068,0.05000000000000002
2025,4,Hunter Renfrow,CAR,NE,WR2,rec_yds,21.67,10,0.462,15.0,14.0,104.0,-0.068,-0.2966666666666668
2025,4,Hunter Renfrow,CAR,NE,WR2,td,0.67,0,0.0,13.5,14.0,104.0,-0.068,-0.2966666666666668
2025,4,Drake Maye,NE,CAR,QB1,pass_yds,219.71,203,0.924,20.0,14.0,106.0,0.217,0.0
2025,4,Drake Maye,NE,CAR,QB1,pass_td,1.36,2,1.474,4.5,14.0,106.0,0.217,0.0
2025,4,Rhamondre Stevenson,NE,CAR,RB1,rush_yds,39.5,38,0.962,1.0,9.8,97.0,0.217,-0.19333333333333336
2025,4,Rhamondre Stevenson,NE,CAR,RB1,rush_att,10.5,9,0.857,1.0,9.8,97.0,0.217,-0.19333333333333336
2025,4,Rhamondre Stevenson,NE,CAR,RB1,rec_yds,27.36,3,0.11,11.0,9.8,97.0,0.217,-0.19333333333333336
2025,4,Rhamondre Stevenson,NE,CAR,RB1,td,0.21,0,0.0,14.5,9.8,97.0,0.217,-0.19333333333333336
2025,4,TreVeyon Henderson,NE,CAR,RB2,rush_yds,21.67,32,1.477,3.0,6.1,106.0,0.217,0.08333333333333337
2025,4,Stefon Diggs,NE,CAR,WR1,rec_yds,51.43,101,1.964,15.0,11.67,100.0,0.217,0.04333333333333339
2025,4,Stefon Diggs,NE,CAR,WR1,td,0.29,0,0.0,6.0,11.67,100.0,0.217,0.04333333333333339
2025,4,Hunter Henry,NE,CAR,TE1,rec_yds,46.14,39,0.845,14.0,19.0,102.0,0.217,-0.05333333333333323
2025,4,Hunter Henry,NE,CAR,TE1,td,0.36,1,2.8,21.0,19.0,102.0,0.217,-0.05333333333333323
2025,4,Kayshon Boutte,NE,CAR,WR2,rec_yds,48.57,18,0.371,32.0,21.83,107.0,0.217,-0.006666666666666599
2025,4,Kayshon Boutte,NE,CAR,WR2,td,0.29,0,0.0,5.5,21.83,107.0,0.217,-0.006666666666666599
2025,4,Mack Hollins,NE,CAR,WR3,rec_yds,24.5,4,0.163,12.0,18.67,105.0,0.217,0.010000000000000009
2025,4,Mack Hollins,NE,CAR,WR3,td,0.29,1,3.5,31.0,18.67,105.0,0.217,0.010000000000000009
2025,4,Joe Flacco,CLE,DET,QB1,pass_yds,232.54,184,0.791,5.0,8.5,101.0,-0.16599999999999998,0.033333333333333326
2025,4,Joe Flacco,CLE,DET,QB1,pass_td,1.23,0,0.0,23.0,8.5,101.0,-0.16599999999999998,0.033333333333333326
2025,4,Quinshon Judkins,CLE,DET,RB1,rush_yds,77.5,82,1.058,28.0,23.1,102.0,-0.16599999999999998,0.14
2025,4,Quinshon Judkins,CLE,DET,RB1,rush_att,14.0,21,1.5,28.0,23.1,102.0,-0.16599999999999998,0.14
2025,4,Quinshon Judkins,CLE,DET,RB1,td,0.5,1,2.0,14.5,23.1,102.0,-0.16599999999999998,0.14
2025,4,Harold Fannin,CLE,DET,TE1,rec_yds,45.33,24,0.529,20.0,16.5,99.0,-0.16599999999999998,-0.023333333333333428
2025,4,Jerry Jeudy,CLE,DET,WR1,rec_yds,77.07,48,0.623,6.0,6.83,100.0,-0.16599999999999998,-0.033333333333333326
2025,4,Jerry Jeudy,CLE,DET,WR1,td,0.21,0,0.0,9.5,6.83,100.0,-0.16599999999999998,-0.033333333333333326
2025,4,Cedric Tillman,CLE,DET,WR2,rec_yds,38.29,6,0.157,11.0,16.83,99.0,-0.16599999999999998,-0.11666666666666681
2025,4,Cedric Tillman,CLE,DET,WR2,td,0.5,0,0.0,23.5,16.83,99.0,-0.16599999999999998,-0.11666666666666681
2025,4,Dylan Sampson,CLE,DET,RB2,td,0.33,0,0.0,14.0,22.6,99.0,-0.16599999999999998,-0.16666666666666669
2025,4,Jared Goff,DET,CLE,QB1,pass_yds,290.79,168,0.578,27.5,21.7,101.0,-0.013000000000000012,0.016666666666666607
2025,4,Jared Goff,DET,CLE,QB1,pass_td,2.5,2,0.8,6.5,21.7,101.0,-0.013000000000000012,0.016666666666666607
2025,4,Jahmyr Gibbs,DET,CLE,RB1,rush_yds,74.64,91,1.219,29.0,26.9,102.0,-0.013000000000000012,0.05333333333333323
2025,4,Jahmyr Gibbs,DET,CLE,RB1,rush_att,15.29,15,0.981,29.0,26.9,102.0,-0.013000000000000012,0.05333333333333323
2025,4,Jahmyr Gibbs,DET,CLE,RB1,rec_yds,32.93,6,0.182,29.0,26.9,102.0,-0.013000000000000012,0.05333333333333323
2025,4,Jahmyr Gibbs,DET,CLE,RB1,td,1.29,1,0.778,14.5,26.9,102.0,-0.013000000000000012,0.05333333333333323
2025,4,David Montgomery,DET,CLE,RB2,rush_yds,61.36,12,0.196,18.0,23.2,99.0,-0.013000000000000012,-0.006666666666666654
2025,4,David Montgomery,DET,CLE,RB2,rush_att,12.07,9,0.746,18.0,23.2,99.0,-0.013000000000000012,-0.006666666666666654
2025,4,David Montgomery,DET,CLE,RB2,td,0.86,0,0.0,28.0,23.2,99.0,-0.013000000000000012,-0.006666666666666654
2025,4,Amon-Ra St. Brown,DET,CLE,WR1,rec_yds,86.64,70,0.808,25.0,28.0,100.0,-0.013000000000000012,-0.030000000000000027
2025,4,Amon-Ra St. Brown,DET,CLE,WR1,td,0.93,2,2.154,27.0,28.0,100.0,-0.013000000000000012,-0.030000000000000027
2025,4,Sam LaPorta,DET,CLE,TE1,rec_yds,50.14,39,0.778,32.0,24.67,99.0,-0.013000000000000012,-0.026666666666666727
2025,4,Sam LaPorta,DET,CLE,TE1,td,0.36,0,0.0,10.0,24.67,99.0,-0.013000000000000012,-0.026666666666666727
2025,4,Jameson Williams,DET,CLE,WR2,rec_yds,66.79,40,0.599,6.0,12.5,99.0,-0.013000000000000012,-0.010000000000000009
2025,4,Jameson Williams,DET,CLE,WR2,td,0.5,0,0.0,9.0,12.5,99.0,-0.013000000000000012,-0.010000000000000009
2025,4,Cam Ward,TEN,HOU,QB1,pass_yds,168.67,108,0.64,22.0,19.5,102.0,-0.257,0.0
2025,4,Cam Ward,TEN,HOU,QB1,pass_td,0.67,0,0.0,10.0,19.5,102.0,-0.257,0.0
2025,4,Tony Pollard,TEN,HOU,RB1,rush_yds,60.79,64,1.053,10.0,19.8,100.0,-0.257,0.01333333333333342
2025,4,Tony Pollard,TEN,HOU,RB1,rush_att,16.14,14,0.867,10.0,19.8,100.0,-0.257,0.01333333333333342
2025,4,Tony Pollard,TEN,HOU,RB1,td,0.29,0,0.0,21.5,19.8,100.0,-0.257,0.01333333333333342
2025,4,Elic Ayomanor,TEN,HOU,WR1,rec_yds,35.67,44,1.234,16.0,18.17,95.0,-0.257,-0.013333333333333308
2025,4,Elic Ayomanor,TEN,HOU,WR1,td,0.67,0,0.0,17.0,18.17,95.0,-0.257,-0.013333333333333308
2025,4,Calvin Ridley,TEN,HOU,WR2,rec_yds,54.0,30,0.556,20.5,18.33,104.0,-0.257,-0.023333333333333428
2025,4,Chig Okonkwo,TEN,HOU,TE1,rec_yds,40.0,4,0.1,26.0,18.67,105.0,-0.257,-0.10666666666666669
2025,4,C.J. Stroud,HOU,TEN,QB1,pass_yds,199.0,233,1.171,30.0,19.5,95.0,0.092,0.0
2025,4,C.J. Stroud,HOU,TEN,QB1,pass_td,0.93,2,2.154,16.0,19.5,95.0,0.092,0.0
2025,4,Nick Chubb,HOU,TEN,RB1,rush_yds,43.86,47,1.072,17.0,18.2,96.0,0.092,0.0
2025,4,Nick Chubb,HOU,TEN,RB1,rush_att,12.14,13,1.071,17.0,18.2,96.0,0.092,0.0
2025,4,Nick Chubb,HOU,TEN,RB1,td,0.43,0,0.0,3.0,18.2,96.0,0.092,0.0
2025,4,Nico Collins,HOU,TEN,WR1,rec_yds,62.79,79,1.258,24.0,16.17,107.0,0.092,-0.00666666666666671
2025,4,Nico Collins,HOU,TEN,WR1,td,0.64,0,0.0,6.0,16.17,107.0,0.092,-0.00666666666666671
2025,4,Dalton Schultz,HOU,TEN,TE1,rec_yds,34.29,30,0.875,29.0,29.0,103.0,0.092,0.15000000000000002
2025,4,Christian Kirk,HOU,TEN,WR2,rec_yds,42.9,20,0.466,17.0,11.33,95.0,0.092,
2025,4,Justin Herbert,LAC,NYG,QB1,pass_yds,264.36,203,0.768,11.0,14.2,101.0,0.085,0.0
2025,4,Justin Herbert,LAC,NYG,QB1,pass_td,1.71,1,0.583,24.0,14.2,101.0,0.085,0.0
2025,4,Omarion Hampton,LAC,NYG,RB1,rush_yds,47.33,128,2.704,2.0,13.5,102.0,0.085,0.053333333333333344
2025,4,Omarion Hampton,LAC,NYG,RB1,rush_att,14.0,12,0.857,2.0,13.5,102.0,0.085,0.053333333333333344
2025,4,Omarion Hampton,LAC,NYG,RB1,rec_yds,24.33,37,1.521,26.0,13.5,102.0,0.085,0.053333333333333344
2025,4,Omarion Hampton,LAC,NYG,RB1,td,0.33,1,3.0,10.5,13.5,102.0,0.085,0.053333333333333344
2025,4,Quentin Johnston,LAC,NYG,WR1,rec_yds,63.07,98,1.554,19.0,16.0,100.0,0.085,0.05333333333333323
2025,4,Quentin Johnston,LAC,NYG,WR1,td,0.64,1,1.556,17.0,16.0,100.0,0.085,0.05333333333333323
2025,4,Keenan Allen,LAC,NYG,WR2,rec_yds,63.64,37,0.581,7.0,8.33,99.0,0.085,0.043333333333333446
2025,4,Keenan Allen,LAC,NYG,WR2,td,0.79,0,0.0,9.0,8.33,99.0,0.085,0.043333333333333446
2025,4,Ladd McConkey,LAC,NYG,WR3,rec_yds,73.93,11,0.149,3.0,6.5,96.0,0.085,0.09000000000000008
2025,4,Ladd McConkey,LAC,NYG,WR3,td,0.21,0,0.0,14.0,6.5,96.0,0.085,0.09000000000000008
2025,4,Russell Wilson,NYG,LAC,QB1,pass_yds,235.79,8,0.034,26.0,19.1,95.0,-0.032,-0.02000000000000013
2025,4,Russell Wilson,NYG,LAC,QB1,pass_td,1.14,0,0.0,29.0,19.1,95.0,-0.032,-0.02000000000000013
2025,4,Cam Skattebo,NYG,LAC,RB1,rush_yds,34.0,79,2.324,27.0,26.2,96.0,-0.032,0.18
2025,4,Cam Skattebo,NYG,LAC,RB1,rec_yds,29.0,11,0.379,31.0,26.2,96.0,-0.032,0.18
2025,4,Cam Skattebo,NYG,LAC,RB1,td,0.67,0,0.0,32.0,26.2,96.0,-0.032,0.18
2025,4,Darius Slayton,NYG,LAC,WR3,rec_yds,23.93,44,1.839,6.0,10.33,98.0,-0.032,-0.1466666666666666
2025,4,Malik Nabers,NYG,LAC,WR1,rec_yds,82.07,20,0.244,4.0,5.5,107.0,-0.032,-0.030000000000000027
2025,4,Malik Nabers,NYG,LAC,WR1,td,0.57,0,0.0,9.5,5.5,107.0,-0.032,-0.030000000000000027
2025,4,Theo Johnson,NYG,LAC,TE1,rec_yds,28.43,17,0.598,23.0,23.33,103.0,-0.032,0.033333333333333326
2025,4,Wan'Dale Robinson,NYG,LAC,WR2,rec_yds,57.29,14,0.244,31.0,30.83,95.0,-0.032,0.026666666666666727
2025,4,Wan'Dale Robinson,NYG,LAC,WR2,td,0.21,0,0.0,30.5,30.83,95.0,-0.032,0.026666666666666727
2025,4,Jalen Hurts,PHI,TB,QB1,pass_yds,165.5,130,0.785,3.0,6.8,106.0,0.046,0.0
2025,4,Jalen Hurts,PHI,TB,QB1,pass_td,1.14,2,1.75,14.0,6.8,106.0,0.046,0.0
2025,4,Saquon Barkley,PHI,TB,RB1,rush_yds,104.86,43,0.41,31.0,20.0,97.0,0.046,0.08666666666666656
2025,4,Saquon Barkley,PHI,TB,RB1,rush_att,21.71,19,0.875,31.0,20.0,97.0,0.046,0.08666666666666656
2025,4,Saquon Barkley,PHI,TB,RB1,td,0.79,1,1.273,28.5,20.0,97.0,0.046,0.08666666666666656
2025,4,Dallas Goedert,PHI,TB,TE1,rec_yds,48.42,37,0.764,6.0,12.17,102.0,0.046,0.040000000000000036
2025,4,Dallas Goedert,PHI,TB,TE1,td,0.33,2,6.0,27.0,12.17,102.0,0.046,0.040000000000000036
2025,4,DeVonta Smith,PHI,TB,WR2,rec_yds,56.43,29,0.514,5.0,5.67,107.0,0.046,0.09333333333333327
2025,4,DeVonta Smith,PHI,TB,WR2,td,0.57,0,0.0,2.0,5.67,107.0,0.046,0.09333333333333327
2025,4,A.J. Brown,PHI,TB,WR1,rec_yds,65.93,7,0.106,29.0,22.17,100.0,0.046,0.00666666666666671
2025,4,A.J. Brown,PHI,TB,WR1,td,0.43,0,0.0,31.0,22.17,100.0,0.046,0.00666666666666671
2025,4,Baker Mayfield,TB,PHI,QB1,pass_yds,238.64,289,1.211,32.0,24.9,101.0,-0.048,0.0
2025,4,Baker Mayfield,TB,PHI,QB1,pass_td,2.14,2,0.933,29.0,24.9,101.0,-0.048,0.0
2025,4,Bucky Irving,TB,PHI,RB1,rush_yds,75.07,63,0.839,23.0,28.3,102.0,-0.048,0.0033333333333332993
2025,4,Bucky Irving,TB,PHI,RB1,rush_att,16.86,15,0.89,23.0,28.3,102.0,-0.048,0.0033333333333332993
2025,4,Bucky Irving,TB,PHI,RB1,rec_yds,28.57,102,3.57,32.0,28.3,102.0,-0.048,0.0033333333333332993
2025,4,Bucky Irving,TB,PHI,RB1,td,0.5,1,2.0,28.5,28.3,102.0,-0.048,0.0033333333333332993
2025,4,Rachaad White,TB,PHI,RB2,rush_yds,38.5,17,0.442,14.0,20.3,99.0,-0.048,0.003333333333333355
2025,4,Rachaad White,TB,PHI,RB2,td,0.57,0,0.0,30.0,20.3,99.0,-0.048,0.003333333333333355
2025,4,Sterling Shepard,TB,PHI,WR2,rec_yds,37.79,14,0.371,12.5,15.0,99.0,-0.048,-0.05666666666666664
2025,4,Emeka Egbuka,TB,PHI,WR1,rec_yds,60.33,101,1.674,28.0,22.5,100.0,-0.048,-0.19000000000000006
2025,4,Emeka Egbuka,TB,PHI,WR1,td,1.0,1,1.0,31.0,22.5,100.0,-0.048,-0.19000000000000006
2025,4,Chris Godwin,TB,PHI,WR3,rec_yds,82.29,26,0.316,26.0,17.17,96.0,-0.048,
2025,4,Chris Godwin,TB,PHI,WR3,td,0.71,0,0.0,14.0,17.17,96.0,-0.048,
2025,4,Cade Otton,TB,PHI,TE1,rec_yds,40.58,9,0.222,30.0,26.83,99.0,-0.048,0.025000000000000022
2025,4,Cade Otton,TB,PHI,TE1,td,0.25,0,0.0,27.0,26.83,99.0,-0.048,0.025000000000000022
2025,4,Daniel Jones,IND,LAR,QB1,pass_yds,238.43,262,1.099,17.0,13.5,95.0,0.012999999999999998,-0.07999999999999996
2025,4,Daniel Jones,IND,LAR,QB1,pass_td,0.86,1,1.167,10.0,13.5,95.0,0.012999999999999998,-0.07999999999999996
2025,4,Jonathan Taylor,IND,LAR,RB1,rush_yds,114.64,76,0.663,4.0,20.7,96.0,0.012999999999999998,-0.020000000000000018
2025,4,Jonathan Taylor,IND,LAR,RB1,rush_att,22.71,17,0.748,4.0,20.7,96.0,0.012999999999999998,-0.020000000000000018
2025,4,Jonathan Taylor,IND,LAR,RB1,td,1.07,0,0.0,31.0,20.7,96.0,0.012999999999999998,-0.020000000000000018
2025,4,Tyler Warren,IND,LAR,TE1,rec_yds,64.33,70,1.088,5.0,8.0,103.0,0.012999999999999998,-0.10000000000000009
2025,4,Michael Pittman Jr.,IND,LAR,WR1,rec_yds,60.14,41,0.682,5.0,12.33,107.0,0.012999999999999998,-0.009999999999999898
2025,4,Michael Pittman Jr.,IND,LAR,WR1,td,0.36,1,2.8,3.0,12.33,107.0,0.012999999999999998,-0.009999999999999898
2025,4,Josh Downs,IND,LAR,WR2,rec_yds,46.14,24,0.52,24.0,18.83,95.0,0.012999999999999998,-0.016666666666666607
2025,4,Tyler Goodson,IND,LAR,RB2,td,0.2,0,0.0,25.0,26.6,103.0,0.012999999999999998,
2025,4,Matthew Stafford,LAR,IND,QB1,pass_yds,233.64,375,1.605,18.0,18.0,102.0,0.16499999999999998,0.0
2025,4,Matthew Stafford,LAR,IND,QB1,pass_td,1.5,3,2.0,10.0,18.0,102.0,0.16499999999999998,0.0
2025,4,Kyren Williams,LAR,IND,RB1,rush_yds,82.07,77,0.938,13.0,14.8,100.0,0.16499999999999998,-1.1102230246251565e-16
2025,4,Kyren Williams,LAR,IND,RB1,rush_att,18.93,13,0.687,13.0,14.8,100.0,0.16499999999999998,-1.1102230246251565e-16
2025,4,Kyren Williams,LAR,IND,RB1,td,0.71,0,0.0,14.5,14.8,100.0,0.16499999999999998,-1.1102230246251565e-16
2025,4,Blake Corum,LAR,IND,RB2,rush_yds,23.21,21,0.905,12.0,11.1,97.0,0.16499999999999998,0.003333333333333327
2025,4,Puka Nacua,LAR,IND,WR1,rec_yds,107.43,170,1.582,14.0,22.67,95.0,0.16499999999999998,0.16666666666666674
2025,4,Puka Nacua,LAR,IND,WR1,td,0.43,1,2.333,27.0,22.67,95.0,0.16499999999999998,0.16666666666666674
2025,4,Davante Adams,LAR,IND,WR2,rec_yds,78.93,56,0.71,26.0,23.33,104.0,0.16499999999999998,0.006666666666666599
2025,4,Davante Adams,LAR,IND,WR2,td,0.71,1,1.4,19.0,23.33,104.0,0.16499999999999998,0.006666666666666599
2025,4,Tyler Higbee,LAR,IND,TE1,rec_yds,20.0,25,1.25,18.0,18.17,105.0,0.16499999999999998,-0.09999999999999998
2025,4,Tyler Higbee,LAR,IND,TE1,td,0.29,0,0.0,21.0,18.17,105.0,0.16499999999999998,-0.09999999999999998
2025,4,Jordan Whittington,LAR,IND,WR3,rec_yds,32.58,7,0.215,24.5,10.5,118.0,0.16499999999999998,-0.046666666666666745
2025,4,Trevor Lawrence,JAX,SF,QB1,pass_yds,214.64,174,0.811,31.0,23.7,106.0,0.10300000000000001,0.0
2025,4,Trevor Lawrence,JAX,SF,QB1,pass_td,1.29,1,0.778,20.0,23.7,106.0,0.10300000000000001,0.0
2025,4,Travis Etienne,JAX,SF,RB1,rush_yds,60.29,124,2.057,14.0,10.3,97.0,0.10300000000000001,-0.06333333333333335
2025,4,Travis Etienne,JAX,SF,RB1,rush_att,13.07,19,1.454,14.0,10.3,97.0,0.10300000000000001,-0.06333333333333335
2025,4,Travis Etienne,JAX,SF,RB1,td,0.29,1,3.5,6.5,10.3,97.0,0.10300000000000001,-0.06333333333333335
2025,4,Bhayshul Tuten,JAX,SF,RB2,rush_yds,24.67,14,0.568,13.0,15.2,106.0,0.10300000000000001,0.010000000000000009
2025,4,Bhayshul Tuten,JAX,SF,RB2,td,0.67,0,0.0,20.0,15.2,106.0,0.10300000000000001,0.010000000000000009
2025,4,Brian Thomas,JAX,SF,WR1,rec_yds,65.5,49,0.748,27.0,27.5,100.0,0.10300000000000001,-0.05999999999999994
2025,4,Brian Thomas,JAX,SF,WR1,td,0.5,0,0.0,31.0,27.5,100.0,0.10300000000000001,-0.05999999999999994
2025,4,Brenton Strange,JAX,SF,TE1,rec_yds,35.36,45,1.273,21.5,14.17,102.0,0.10300000000000001,-0.010000000000000009
2025,4,Travis Hunter,JAX,SF,WR2,rec_yds,25.33,42,1.658,27.0,18.67,107.0,0.10300000000000001,-0.05666666666666664
2025,4,Parker Washington,JAX,SF,WR3,rec_yds,45.25,0,0.0,28.0,24.0,105.0,0.10300000000000001,0.235
2025,4,Parker Washington,JAX,SF,WR3,td,0.25,0,0.0,14.0,24.0,105.0,0.10300000000000001,0.235
2025,4,Brock Purdy,SF,JAX,QB1,pass_yds,257.7,309,1.199,2.0,7.9,106.0,0.009999999999999995,
2025,4,Brock Purdy,SF,JAX,QB1,pass_td,1.5,2,1.333,4.5,7.9,106.0,0.009999999999999995,
2025,4,Christian McCaffrey,SF,JAX,RB1,rush_yds,55.4,49,0.884,8.0,11.1,97.0,0.009999999999999995,0.09666666666666668
2025,4,Christian McCaffrey,SF,JAX,RB1,rush_att,15.4,17,1.104,8.0,11.1,97.0,0.009999999999999995,0.09666666666666668
2025,4,Christian McCaffrey,SF,JAX,RB1,rec_yds,57.2,92,1.608,12.0,11.1,97.0,0.009999999999999995,0.09666666666666668
2025,4,Christian McCaffrey,SF,JAX,RB1,td,0.2,1,5.0,10.5,11.1,97.0,0.009999999999999995,0.09666666666666668
2025,4,Brian Robinson Jr.,SF,JAX,RB2,rush_yds,39.5,21,0.532,21.0,11.0,106.0,0.009999999999999995,-0.09666666666666665
2025,4,Jake Tonges,SF,JAX,TE1,rec_yds,22.33,58,2.597,17.0,13.67,102.0,0.009999999999999995,0.06666666666666654
2025,4,Jake Tonges,SF,JAX,TE1,td,0.33,1,3.0,7.0,13.67,102.0,0.009999999999999995,0.06666666666666654
2025,4,Ricky Pearsall,SF,JAX,WR1,rec_yds,64.5,46,0.713,2.0,4.5,100.0,0.009999999999999995,0.06999999999999995
2025,4,Ricky Pearsall,SF,JAX,WR1,td,0.21,0,0.0,9.5,4.5,100.0,0.009999999999999995,0.06999999999999995
2025,4,Jauan Jennings,SF,JAX,WR2,rec_yds,57.33,24,0.419,3.0,12.67,107.0,0.009999999999999995,0.10499999999999998
2025,4,Jauan Jennings,SF,JAX,WR2,td,0.42,0,0.0,19.0,12.67,107.0,0.009999999999999995,0.10499999999999998
2025,4,Kendrick Bourne,SF,JAX,WR3,rec_yds,34.67,17,0.49,23.0,18.0,105.0,0.009999999999999995,0.11499999999999999
2025,4,Caleb Williams,CHI,LV,QB1,pass_yds,227.57,212,0.932,13.0,13.7,106.0,0.104,0.053333333333333344
2025,4,Caleb Williams,CHI,LV,QB1,pass_td,1.79,1,0.56,10.0,13.7,106.0,0.104,0.053333333333333344
2025,4,D'Andre Swift,CHI,LV,RB1,rush_yds,49.5,38,0.768,25.0,23.7,97.0,0.104,-0.05333333333333323
2025,4,D'Andre Swift,CHI,LV,RB1,rush_att,14.0,14,1.0,25.0,23.7,97.0,0.104,-0.05333333333333323
2025,4,D'Andre Swift,CHI,LV,RB1,rec_yds,20.14,22,1.092,27.0,23.7,97.0,0.104,-0.05333333333333323
2025,4,D'Andre Swift,CHI,LV,RB1,td,0.29,1,3.5,25.0,23.7,97.0,0.104,-0.05333333333333323
2025,4,Rome Odunze,CHI,LV,WR1,rec_yds,55.29,69,1.248,21.0,18.67,100.0,0.104,-0.046666666666666634
2025,4,Rome Odunze,CHI,LV,WR1,td,0.71,1,1.4,12.0,18.67,100.0,0.104,-0.046666666666666634
2025,4,Cole Kmet,CHI,LV,TE1,rec_yds,23.21,46,1.982,9.0,13.33,102.0,0.104,0.020000000000000018
2025,4,Cole Kmet,CHI,LV,TE1,td,0.21,0,0.0,10.0,13.33,102.0,0.104,0.020000000000000018
2025,4,Olamide Zaccheaus,CHI,LV,WR2,rec_yds,31.29,41,1.311,20.5,23.33,107.0,0.104,0.08999999999999997
2025,4,Olamide Zaccheaus,CHI,LV,WR2,td,0.21,0,0.0,27.0,23.33,107.0,0.104,0.08999999999999997
2025,4,D.J. Moore,CHI,LV,WR3,rec_yds,59.86,38,0.635,8.0,7.33,105.0,0.104,0.026666666666666616
2025,4,D.J. Moore,CHI,LV,WR3,td,0.36,0,0.0,7.0,7.33,105.0,0.104,0.026666666666666616
2025,4,Geno Smith,LV,CHI,QB1,pass_yds,244.43,117,0.479,12.0,20.4,101.0,-0.156,0.0
2025,4,Geno Smith,LV,CHI,QB1,pass_td,1.29,2,1.556,20.0,20.4,101.0,-0.156,0.0
2025,4,Ashton Jeanty,LV,CHI,RB1,rush_yds,48.0,138,2.875,3.0,13.3,102.0,-0.156,-0.06666666666666665
2025,4,Ashton Jeanty,LV,CHI,RB1,rush_att,15.67,21,1.34,3.0,13.3,102.0,-0.156,-0.06666666666666665
2025,4,Ashton Jeanty,LV,CHI,RB1,td,0.33,3,9.0,14.5,13.3,102.0,-0.156,-0.06666666666666665
2025,4,Tre Tucker,LV,CHI,WR2,rec_yds,50.29,13,0.259,2.0,19.5,99.0,-0.156,0.023333333333333317
2025,4,Tre Tucker,LV,CHI,WR2,td,0.71,0,0.0,27.0,19.5,99.0,-0.156,0.023333333333333317
2025,4,Brock Bowers,LV,CHI,TE1,rec_yds,69.43,46,0.663,10.0,11.0,99.0,-0.156,0.1266666666666667
2025,4,Brock Bowers,LV,CHI,TE1,td,0.21,0,0.0,14.0,11.0,99.0,-0.156,0.1266666666666667
2025,4,Jakobi Meyers,LV,CHI,WR1,rec_yds,75.21,30,0.399,22.0,17.33,100.0,-0.156,0.0033333333333332993
2025,4,Dont'e Thornton,LV,CHI,WR3,rec_yds,31.33,0,0.0,32.0,26.0,96.0,-0.156,-0.07666666666666666
2025,4,Lamar Jackson,BAL,KC,QB1,pass_yds,231.21,147,0.636,21.0,14.7,95.0,0.03,0.016666666666666607
2025,4,Lamar Jackson,BAL,KC,QB1,pass_td,2.79,1,0.359,25.0,14.7,95.0,0.03,0.016666666666666607
2025,4,Derrick Henry,BAL,KC,RB1,rush_yds,96.64,42,0.435,30.0,24.3,96.0,0.03,-0.06666666666666665
2025,4,Derrick Henry,BAL,KC,RB1,rush_att,17.07,8,0.469,30.0,24.3,96.0,0.03,-0.06666666666666665
2025,4,Derrick Henry,BAL,KC,RB1,td,0.79,0,0.0,25.0,24.3,96.0,0.03,-0.06666666666666665
2025,4,Zay Flowers,BAL,KC,WR1,rec_yds,61.93,74,1.195,26.0,20.5,107.0,0.03,0.010000000000000009
2025,4,Zay Flowers,BAL,KC,WR1,td,0.21,0,0.0,17.0,20.5,107.0,0.03,0.010000000000000009
2025,4,Mark Andrews,BAL,KC,TE1,rec_yds,41.43,30,0.724,2.0,11.67,103.0,0.03,0.023333333333333317
2025,4,Mark Andrews,BAL,KC,TE1,td,0.79,0,0.0,21.0,11.67,103.0,0.03,0.023333333333333317
2025,4,Rashod Bateman,BAL,KC,WR2,rec_yds,36.43,24,0.659,22.0,21.33,95.0,0.03,-0.040000000000000036
2025,4,Rashod Bateman,BAL,KC,WR2,td,0.57,0,0.0,23.5,21.33,95.0,0.03,-0.040000000000000036
2025,4,DeAndre Hopkins,BAL,KC,WR3,rec_yds,39.0,0,0.0,20.0,11.33,98.0,0.03,-0.010000000000000009
2025,4,DeAndre Hopkins,BAL,KC,WR3,td,0.43,0,0.0,2.5,11.33,98.0,0.03,-0.010000000000000009
2025,4,Patrick Mahomes,KC,BAL,QB1,pass_yds,237.43,270,1.137,1.0,9.4,106.0,0.066,0.0
2025,4,Patrick Mahomes,KC,BAL,QB1,pass_td,1.5,4,2.667,13.0,9.4,106.0,0.066,0.0
2025,4,Isiah Pacheco,KC,BAL,RB2,rush_yds,38.0,35,0.921,5.0,6.8,106.0,0.066,0.01000000000000012
2025,4,Isiah Pacheco,KC,BAL,RB2,rush_att,10.23,7,0.684,5.0,6.8,106.0,0.066,0.01000000000000012
2025,4,Kareem Hunt,KC,BAL,RB1,rush_yds,34.0,34,1.0,32.0,16.2,97.0,0.066,0.033333333333333326
2025,4,Kareem Hunt,KC,BAL,RB1,td,0.29,0,0.0,19.0,16.2,97.0,0.066,0.033333333333333326
2025,4,Travis Kelce,KC,BAL,TE1,rec_yds,46.86,48,1.024,7.0,10.0,102.0,0.066,-0.043333333333333224
2025,4,Travis Kelce,KC,BAL,TE1,td,0.29,0,0.0,14.0,10.0,102.0,0.066,-0.043333333333333224
2025,4,Marquise Brown,KC,BAL,WR1,rec_yds,54.12,38,0.702,1.0,2.67,100.0,0.066,-0.10666666666666669
2025,4,JuJu Smith-Schuster,KC,BAL,WR3,rec_yds,22.43,36,1.605,18.0,21.5,105.0,0.066,-0.040000000000000036
2025,4,Tyquan Thornton,KC,BAL,WR2,rec_yds,38.9,11,0.283,28.0,21.83,107.0,0.066,0.01666666666666672
2025,4,Tyquan Thornton,KC,BAL,WR2,td,0.4,1,2.5,13.5,21.83,107.0,0.066,0.01666666666666672
2025,4,Jordan Love,GB,DAL,QB1,pass_yds,206.79,337,1.63,4.0,1.7,106.0,0.28600000000000003,0.0
2025,4,Jordan Love,GB,DAL,QB1,pass_td,1.43,3,2.1,1.5,1.7,106.0,0.28600000000000003,0.0
2025,4,Josh Jacobs,GB,DAL,RB1,rush_yds,66.21,86,1.299,22.0,12.2,97.0,0.28600000000000003,-0.1133333333333334
2025,4,Josh Jacobs,GB,DAL,RB1,rush_att,18.5,22,1.189,22.0,12.2,97.0,0.28600000000000003,-0.1133333333333334
2025,4,Josh Jacobs,GB,DAL,RB1,rec_yds,22.14,71,3.206,3.0,12.2,97.0,0.28600000000000003,-0.1133333333333334
2025,4,Josh Jacobs,GB,DAL,RB1,td,1.14,2,1.75,6.5,12.2,97.0,0.28600000000000003,-0.1133333333333334
2025,4,Emanuel Wilson,GB,DAL,RB2,rush_yds,25.5,44,1.725,15.0,18.5,106.0,0.28600000000000003,0.095
2025,4,Emanuel Wilson,GB,DAL,RB2,td,0.25,0,0.0,25.0,18.5,106.0,0.28600000000000003,0.095
2025,4,Matthew Golden,GB,DAL,WR3,rec_yds,22.67,58,2.559,9.0,10.67,105.0,0.28600000000000003,0.1166666666666667
2025,4,Romeo Doubs,GB,DAL,WR1,rec_yds,44.64,58,1.299,13.0,12.83,100.0,0.28600000000000003,0.1100000000000001
2025,4,Romeo Doubs,GB,DAL,WR1,td,0.29,3,10.5,4.0,12.83,100.0,0.28600000000000003,0.1100000000000001
2025,4,Tucker Kraft,GB,DAL,TE1,rec_yds,47.79,56,1.172,24.0,17.33,102.0,0.28600000000000003,-0.023333333333333317
2025,4,Tucker Kraft,GB,DAL,TE1,td,0.43,0,0.0,4.5,17.33,102.0,0.28600000000000003,-0.023333333333333317
2025,4,Dontayvion Wicks,GB,DAL,WR2,rec_yds,29.5,19,0.644,1.0,5.5,107.0,0.28600000000000003,0.12
2025,4,Dak Prescott,DAL,GB,QB1,pass_yds,255.57,319,1.248,23.0,27.5,106.0,0.154,-0.09333333333333327
2025,4,Dak Prescott,DAL,GB,QB1,pass_td,1.21,3,2.471,26.0,27.5,106.0,0.154,-0.09333333333333327
2025,4,Javonte Williams,DAL,GB,RB1,rush_yds,41.43,85,2.052,24.0,19.3,97.0,0.154,-0.10333333333333339
2025,4,Javonte Williams,DAL,GB,RB1,td,0.57,1,1.75,19.0,19.3,97.0,0.154,-0.10333333333333339
2025,4,Miles Sanders,DAL,GB,RB2,rush_yds,26.0,8,0.308,30.0,17.0,106.0,0.154,0.10666666666666663
2025,4,Miles Sanders,DAL,GB,RB2,td,0.29,0,0.0,25.0,17.0,106.0,0.154,0.10666666666666663
2025,4,KaVontae Turpin,DAL,GB,WR3,rec_yds,35.5,30,0.845,10.0,7.17,105.0,0.154,0.23333333333333334
2025,4,KaVontae Turpin,DAL,GB,WR3,td,0.21,0,0.0,2.5,7.17,105.0,0.154,0.23333333333333334
2025,4,George Pickens,DAL,GB,WR1,rec_yds,62.07,134,2.159,32.0,26.67,100.0,0.154,-0.05666666666666664
2025,4,George Pickens,DAL,GB,WR1,td,0.5,2,4.0,22.0,26.67,100.0,0.154,-0.05666666666666664
2025,4,Jalen Tolbert,DAL,GB,WR2,rec_yds,23.07,61,2.644,23.0,23.17,107.0,0.154,0.22333333333333327
2025,4,Jalen Tolbert,DAL,GB,WR2,td,0.29,0,0.0,30.5,23.17,107.0,0.154,0.22333333333333327
2025,4,Jake Ferguson,DAL,GB,TE1,rec_yds,42.64,40,0.938,1.0,10.0,102.0,0.154,-0.12
2025,4,Justin Fields,NYJ,MIA,QB1,pass_yds,110.25,226,2.05,19.0,17.7,86.0,-0.038000000000000006,-0.19000000000000006
2025,4,Breece Hall,NYJ,MIA,RB1,rush_yds,54.43,81,1.488,26.0,13.4,97.0,-0.038000000000000006,-0.039999999999999925
2025,4,Breece Hall,NYJ,MIA,RB1,rush_att,12.43,14,1.126,26.0,13.4,97.0,-0.038000000000000006,-0.039999999999999925
2025,4,Breece Hall,NYJ,MIA,RB1,rec_yds,23.07,30,1.3,4.0,13.4,97.0,-0.038000000000000006,-0.039999999999999925
2025,4,Breece Hall,NYJ,MIA,RB1,td,0.29,0,0.0,19.0,13.4,97.0,-0.038000000000000006,-0.039999999999999925
2025,4,Garrett Wilson,NYJ,MIA,WR1,rec_yds,64.21,82,1.277,30.0,23.83,93.0,-0.038000000000000006,0.020000000000000018
2025,4,Garrett Wilson,NYJ,MIA,WR1,td,0.43,1,2.333,17.0,23.83,93.0,-0.038000000000000006,0.020000000000000018
2025,4,Allen Lazard,NYJ,MIA,WR3,rec_yds,35.0,8,0.229,16.0,20.17,91.0,-0.038000000000000006,
2025,4,Allen Lazard,NYJ,MIA,WR3,td,0.5,0,0.0,27.5,20.17,91.0,-0.038000000000000006,
2025,4,Josh Reynolds,NYJ,MIA,WR2,rec_yds,23.0,0,0.0,30.0,25.17,96.0,-0.038000000000000006,
2025,4,Tua Tagovailoa,MIA,NYJ,QB1,pass_yds,235.71,177,0.751,27.5,19.7,101.0,0.125,0.06333333333333335
2025,4,Tua Tagovailoa,MIA,NYJ,QB1,pass_td,1.86,2,1.077,29.0,19.7,101.0,0.125,0.06333333333333335
2025,4,De'Von Achane,MIA,NYJ,RB1,rush_yds,53.14,99,1.863,7.0,15.8,102.0,0.125,-0.040000000000000036
2025,4,De'Von Achane,MIA,NYJ,RB1,rush_att,11.29,20,1.772,7.0,15.8,102.0,0.125,-0.040000000000000036
2025,4,De'Von Achane,MIA,NYJ,RB1,rec_yds,39.79,2,0.05,17.5,15.8,102.0,0.125,-0.040000000000000036
2025,4,De'Von Achane,MIA,NYJ,RB1,td,0.79,1,1.273,8.5,15.8,102.0,0.125,-0.040000000000000036
2025,4,Ollie Gordon,MIA,NYJ,RB2,td,0.33,0,0.0,30.0,22.6,99.0,0.125,0.043333333333333335
2025,4,Tyreek Hill,MIA,NYJ,WR1,rec_yds,63.79,67,1.05,23.0,21.0,100.0,0.125,0.09333333333333327
2025,4,Tyreek Hill,MIA,NYJ,WR1,td,0.43,0,0.0,9.5,21.0,100.0,0.125,0.09333333333333327
2025,4,Jaylen Waddle,MIA,NYJ,WR2,rec_yds,50.29,48,0.955,8.0,19.0,99.0,0.125,0.09000000000000008
2025,4,Jaylen Waddle,MIA,NYJ,WR2,td,0.43,0,0.0,30.5,19.0,99.0,0.125,0.09000000000000008
2025,4,Jake Browning,CIN,DEN,QB1,pass_yds,127.0,125,0.984,10.0,19.2,101.0,-0.049,0.125
2025,4,Jake Browning,CIN,DEN,QB1,pass_td,1.0,0,0.0,32.0,19.2,101.0,-0.049,0.125
2025,4,Chase Brown,CIN,DEN,RB1,rush_yds,58.36,40,0.685,15.0,14.9,102.0,-0.049,-0.11999999999999988
2025,4,Chase Brown,CIN,DEN,RB1,rush_att,17.5,10,0.571,15.0,14.9,102.0,-0.049,-0.11999999999999988
2025,4,Chase Brown,CIN,DEN,RB1,rec_yds,27.5,31,1.127,7.0,14.9,102.0,-0.049,-0.11999999999999988
2025,4,Chase Brown,CIN,DEN,RB1,td,0.57,0,0.0,25.0,14.9,102.0,-0.049,-0.11999999999999988
2025,4,Andrei Iosivas,CIN,DEN,WR3,rec_yds,30.4,22,0.724,4.0,11.83,96.0,-0.049,
2025,4,Andrei Iosivas,CIN,DEN,WR3,td,0.2,0,0.0,27.5,11.83,96.0,-0.049,
2025,4,Tee Higgins,CIN,DEN,WR2,rec_yds,61.43,32,0.521,18.0,17.67,99.0,-0.049,-0.00666666666666671
2025,4,Tee Higgins,CIN,DEN,WR2,td,0.71,0,0.0,30.5,17.67,99.0,-0.049,-0.00666666666666671
2025,4,Ja'Marr Chase,CIN,DEN,WR1,rec_yds,105.21,23,0.219,18.0,20.33,100.0,-0.049,-0.036666666666666625
2025,4,Ja'Marr Chase,CIN,DEN,WR1,td,0.86,0,0.0,27.0,20.33,100.0,-0.049,-0.036666666666666625
2025,4,Mike Gesicki,CIN,DEN,TE1,rec_yds,27.71,8,0.289,15.0,14.0,99.0,-0.049,-0.07666666666666672
2025,4,Bo Nix,DEN,CIN,QB1,pass_yds,220.86,326,1.476,9.0,9.5,102.0,0.161,0.0
2025,4,Bo Nix,DEN,CIN,QB1,pass_td,2.21,2,0.903,1.5,9.5,102.0,0.161,0.0
2025,4,J.K. Dobbins,DEN,CIN,RB1,rush_yds,65.07,101,1.552,9.0,13.1,100.0,0.161,0.1200000000000001
2025,4,J.K. Dobbins,DEN,CIN,RB1,rush_att,14.0,16,1.143,9.0,13.1,100.0,0.161,0.1200000000000001
2025,4,J.K. Dobbins,DEN,CIN,RB1,td,0.86,0,0.0,4.5,13.1,100.0,0.161,0.1200000000000001
2025,4,RJ Harvey,DEN,CIN,RB2,rush_yds,26.67,58,2.175,20.0,10.5,97.0,0.161,-0.013333333333333308
2025,4,Marvin Mims,DEN,CIN,WR3,rec_yds,37.64,69,1.833,24.5,20.17,118.0,0.161,-0.003333333333333355
2025,4,Marvin Mims,DEN,CIN,WR3,td,0.57,1,1.75,22.0,20.17,118.0,0.161,-0.003333333333333355
2025,4,Courtland Sutton,DEN,CIN,WR1,rec_yds,68.0,81,1.191,17.0,24.83,95.0,0.161,-0.036666666666666625
2025,4,Courtland Sutton,DEN,CIN,WR1,td,0.71,1,1.4,27.0,24.83,95.0,0.161,-0.036666666666666625
2025,4,Troy Franklin,DEN,CIN,WR2,rec_yds,29.29,55,1.878,29.0,27.33,104.0,0.161,0.053333333333333344
2025,4,Troy Franklin,DEN,CIN,WR2,td,0.21,0,0.0,23.5,27.33,104.0,0.161,0.053333333333333344
2025,4,Evan Engram,DEN,CIN,TE1,rec_yds,35.5,29,0.817,8.0,3.67,105.0,0.161,0.044999999999999984
2025,5,Mac Jones,SF,LAR,QB1,pass_yds,230.83,342,1.482,14.0,14.4,95.0,0.022999999999999993,0.0
2025,5,Mac Jones,SF,LAR,QB1,pass_td,1.33,2,1.5,12.0,14.4,95.0,0.022999999999999993,0.0
2025,5,Christian McCaffrey,SF,LAR,RB1,rush_yds,54.33,57,1.049,4.0,19.2,96.0,0.022999999999999993,0.02749999999999997
2025,5,Christian McCaffrey,SF,LAR,RB1,rush_att,15.67,22,1.404,4.0,19.2,96.0,0.022999999999999993,0.02749999999999997
2025,5,Christian McCaffrey,SF,LAR,RB1,rec_yds,63.0,82,1.302,21.0,19.2,96.0,0.022999999999999993,0.02749999999999997
2025,5,Christian McCaffrey,SF,LAR,RB1,td,0.33,1,3.0,31.0,19.2,96.0,0.022999999999999993,0.02749999999999997
2025,5,Brian Robinson Jr.,SF,LAR,RB2,rush_yds,37.19,12,0.323,31.0,27.1,103.0,0.022999999999999993,-0.027499999999999997
2025,5,Kendrick Bourne,SF,LAR,WR1,rec_yds,32.14,142,4.418,8.5,13.83,107.0,0.022999999999999993,0.043333333333333446
2025,5,Jake Tonges,SF,LAR,TE1,rec_yds,31.25,41,1.312,2.5,6.17,103.0,0.022999999999999993,0.04249999999999998
2025,5,Jake Tonges,SF,LAR,TE1,td,0.5,1,2.0,7.5,6.17,103.0,0.022999999999999993,0.04249999999999998
2025,5,Demarcus Robinson,SF,LAR,WR2,td,0.2,0,0.0,21.0,18.83,95.0,0.022999999999999993,
2025,5,Marquez Valdes-Scantling,SF,LAR,WR3,rec_yds,33.58,9,0.268,14.5,22.5,98.0,0.022999999999999993,0.065
2025,5,Marquez Valdes-Scantling,SF,LAR,WR3,td,0.33,0,0.0,29.5,22.5,98.0,0.022999999999999993,0.065
2025,5,Matthew Stafford,LAR,SF,QB1,pass_yds,251.31,389,1.548,32.0,25.2,106.0,0.215,0.0
2025,5,Matthew Stafford,LAR,SF,QB1,pass_td,1.69,3,1.778,22.5,25.2,106.0,0.215,0.0
2025,5,Kyren Williams,LAR,SF,RB1,rush_yds,81.44,65,0.798,9.0,11.6,97.0,0.215,-0.06000000000000005
2025,5,Kyren Williams,LAR,SF,RB1,rush_att,18.19,14,0.77,9.0,11.6,97.0,0.215,-0.06000000000000005
2025,5,Kyren Williams,LAR,SF,RB1,td,0.62,2,3.2,6.5,11.6,97.0,0.215,-0.06000000000000005
2025,5,Blake Corum,LAR,SF,RB2,rush_yds,22.94,13,0.567,15.0,16.0,106.0,0.215,0.03999999999999998
2025,5,Davante Adams,LAR,SF,WR2,rec_yds,76.06,88,1.157,25.0,18.17,107.0,0.215,-0.01750000000000007
2025,5,Davante Adams,LAR,SF,WR2,td,0.75,0,0.0,10.5,18.17,107.0,0.215,-0.01750000000000007
2025,5,Puka Nacua,LAR,SF,WR1,rec_yds,115.25,85,0.738,29.0,28.67,100.0,0.215,0.050000000000000044
2025,5,Puka Nacua,LAR,SF,WR1,td,0.5,1,2.0,31.5,28.67,100.0,0.215,0.050000000000000044
2025,5,Tutu Atwell,LAR,SF,WR3,rec_yds,23.75,72,3.032,29.0,25.33,105.0,0.215,-0.09749999999999998
2025,5,Davis Allen,LAR,SF,TE1,td,0.29,0,0.0,10.5,15.17,102.0,0.215,-0.07250000000000006
2025,5,Carson Wentz,MIN,CLE,QB1,pass_yds,194.0,236,1.216,26.0,22.7,101.0,-0.179,0.09999999999999998
2025,5,Carson Wentz,MIN,CLE,QB1,pass_td,1.33,1,0.75,8.0,22.7,101.0,-0.179,0.09999999999999998
2025,5,Jordan Mason,MIN,CLE,RB1,rush_yds,55.25,52,0.941,29.0,27.3,102.0,-0.179,0.029999999999999916
2025,5,Jordan Mason,MIN,CLE,RB1,rush_att,10.88,13,1.195,29.0,27.3,102.0,-0.179,0.029999999999999916
2025,5,Jordan Mason,MIN,CLE,RB1,td,0.25,1,4.0,13.0,27.3,102.0,-0.179,0.029999999999999916
2025,5,Zavier Scott,MIN,CLE,RB2,td,0.5,0,0.0,29.5,25.5,99.0,-0.179,0.04999999999999999
2025,5,Jalen Nailor,MIN,CLE,WR2,rec_yds,23.38,27,1.155,4.0,13.17,99.0,-0.179,-0.20499999999999996
2025,5,Jalen Nailor,MIN,CLE,WR2,td,0.25,0,0.0,10.5,13.17,99.0,-0.179,-0.20499999999999996
2025,5,Justin Jefferson,MIN,CLE,WR1,rec_yds,84.62,123,1.453,23.0,22.67,100.0,-0.179,0.05499999999999994
2025,5,Justin Jefferson,MIN,CLE,WR1,td,0.44,0,0.0,16.5,22.67,100.0,-0.179,0.05499999999999994
2025,5,Jordan Addison,MIN,CLE,WR3,rec_yds,80.5,41,0.509,19.0,17.5,96.0,-0.179,
2025,5,Jordan Addison,MIN,CLE,WR3,td,0.7,1,1.429,4.5,17.5,96.0,-0.179,
2025,5,T.J. Hockenson,MIN,CLE,TE1,rec_yds,36.62,38,1.038,32.0,26.0,99.0,-0.179,0.14749999999999996
2025,5,Quinshon Judkins,CLE,MIN,RB1,rush_yds,79.0,110,1.392,16.0,15.0,97.0,-0.262,0.11333333333333334
2025,5,Quinshon Judkins,CLE,MIN,RB1,rush_att,16.33,23,1.408,16.0,15.0,97.0,-0.262,0.11333333333333334
2025,5,Quinshon Judkins,CLE,MIN,RB1,td,0.67,0,0.0,15.5,15.0,97.0,-0.262,0.11333333333333334
2025,5,Jerome Ford,CLE,MIN,RB2,rush_yds,23.56,18,0.764,24.0,25.7,97.0,-0.262,-0.14249999999999996
2025,5,David Njoku,CLE,MIN,TE1,rec_yds,42.0,67,1.595,19.0,21.17,89.0,-0.262,0.025000000000000022
2025,5,David Njoku,CLE,MIN,TE1,td,0.31,1,3.2,30.5,21.17,89.0,-0.262,0.025000000000000022
2025,5,Isaiah Bond,CLE,MIN,WR2,rec_yds,21.25,29,1.365,10.0,11.0,96.0,-0.262,0.08500000000000002
2025,5,Jerry Jeudy,CLE,MIN,WR1,rec_yds,73.44,15,0.204,15.0,16.33,93.0,-0.262,-0.03249999999999997
2025,5,Jerry Jeudy,CLE,MIN,WR1,td,0.19,0,0.0,20.5,16.33,93.0,-0.262,-0.03249999999999997
2025,5,Tua Tagovailoa,MIA,CAR,QB1,pass_yds,228.38,256,1.121,21.0,12.9,106.0,0.038,0.04749999999999999
2025,5,Tua Tagovailoa,MIA,CAR,QB1,pass_td,1.88,3,1.6,6.0,12.9,106.0,0.038,0.04749999999999999
2025,5,De'Von Achane,MIA,CAR,RB1,rush_yds,58.88,16,0.272,1.0,12.0,97.0,0.038,-0.03750000000000009
2025,5,De'Von Achane,MIA,CAR,RB1,rush_att,12.38,10,0.808,1.0,12.0,97.0,0.038,-0.03750000000000009
2025,5,De'Von Achane,MIA,CAR,RB1,rec_yds,35.06,30,0.856,14.0,12.0,97.0,0.038,-0.03750000000000009
2025,5,De'Von Achane,MIA,CAR,RB1,td,0.81,1,1.231,18.0,12.0,97.0,0.038,-0.03750000000000009
2025,5,Jaylen Waddle,MIA,CAR,WR1,rec_yds,50.0,110,2.2,11.0,10.5,100.0,0.038,0.09000000000000008
2025,5,Jaylen Waddle,MIA,CAR,WR1,td,0.38,1,2.667,7.0,10.5,100.0,0.038,0.09000000000000008
2025,5,Ollie Gordon,MIA,CAR,RB2,td,0.25,0,0.0,2.5,5.1,106.0,0.038,0.04000000000000001
2025,5,Bryce Young,CAR,MIA,QB1,pass_yds,200.94,198,0.985,20.0,15.3,86.0,0.059,-0.13749999999999996
2025,5,Bryce Young,CAR,MIA,QB1,pass_td,1.38,2,1.455,21.0,15.3,86.0,0.059,-0.13749999999999996
2025,5,Rico Dowdle,CAR,MIA,RB1,rush_yds,54.44,206,3.784,23.0,13.3,97.0,0.059,0.03500000000000003
2025,5,Rico Dowdle,CAR,MIA,RB1,rush_att,13.0,23,1.769,23.0,13.3,97.0,0.059,0.03500000000000003
2025,5,Rico Dowdle,CAR,MIA,RB1,td,0.25,1,4.0,21.0,13.3,97.0,0.059,0.03500000000000003
2025,5,Tetairoa McMillan,CAR,MIA,WR1,rec_yds,69.5,73,1.05,28.0,22.83,93.0,0.059,0.05999999999999994
2025,5,Xavier Legette,CAR,MIA,WR3,rec_yds,25.17,31,1.232,22.0,24.33,91.0,0.059,0.010000000000000009
2025,5,Hunter Renfrow,CAR,MIA,WR2,td,0.5,0,0.0,15.5,26.17,96.0,0.059,-0.07250000000000001
2025,5,Tommy Tremble,CAR,MIA,TE1,rec_yds,21.38,7,0.327,1.0,9.83,89.0,0.059,0.20500000000000007
2025,5,Tommy Tremble,CAR,MIA,TE1,td,0.25,0,0.0,25.5,9.83,89.0,0.059,0.20500000000000007
2025,5,Geno Smith,LV,IND,QB1,pass_yds,228.5,228,0.998,10.0,14.5,102.0,-0.176,0.0
2025,5,Geno Smith,LV,IND,QB1,pass_td,1.38,0,0.0,6.0,14.5,102.0,-0.176,0.0
2025,5,Ashton Jeanty,LV,IND,RB1,rush_yds,70.5,67,0.95,11.0,16.8,100.0,-0.176,0.13
2025,5,Ashton Jeanty,LV,IND,RB1,rush_att,17.0,14,0.824,11.0,16.8,100.0,-0.176,0.13
2025,5,Ashton Jeanty,LV,IND,RB1,td,1.0,0,0.0,18.0,16.8,100.0,-0.176,0.13
2025,5,Raheem Mostert,LV,IND,RB2,rush_yds,24.4,22,0.902,13.0,13.3,97.0,-0.176,
2025,5,Tre Tucker,LV,IND,WR2,rec_yds,45.62,62,1.359,21.0,18.17,104.0,-0.176,0.04749999999999999
2025,5,Tre Tucker,LV,IND,WR2,td,0.62,0,0.0,10.5,18.17,104.0,-0.176,0.04749999999999999
2025,5,Jakobi Meyers,LV,IND,WR1,rec_yds,69.56,32,0.46,3.0,12.33,95.0,-0.176,0.03249999999999997
2025,5,Dont'e Thornton,LV,IND,WR3,rec_yds,23.5,0,0.0,27.0,13.17,118.0,-0.176,-0.050000000000000044
2025,5,Daniel Jones,IND,LV,QB1,pass_yds,241.38,212,0.878,12.0,14.5,106.0,0.108,0.030000000000000027
2025,5,Daniel Jones,IND,LV,QB1,pass_td,0.88,2,2.286,12.0,14.5,106.0,0.108,0.030000000000000027
2025,5,Tyler Warren,IND,LV,TE1,rec_yds,65.75,44,0.669,9.0,14.67,102.0,0.108,0.0824999999999999
2025,5,Tyler Warren,IND,LV,TE1,td,0.25,1,4.0,14.0,14.67,102.0,0.108,0.0824999999999999
2025,5,Jonathan Taylor,IND,LV,RB1,rush_yds,109.81,66,0.601,27.0,23.5,97.0,0.108,0.04499999999999993
2025,5,Jonathan Taylor,IND,LV,RB1,rush_att,22.0,17,0.773,27.0,23.5,97.0,0.108,0.04499999999999993
2025,5,Jonathan Taylor,IND,LV,RB1,td,0.94,3,3.2,21.0,23.5,97.0,0.108,0.04499999999999993
2025,5,Josh Downs,IND,LV,WR2,rec_yds,43.38,54,1.245,14.0,19.0,107.0,0.108,0.07000000000000006
2025,5,Michael Pittman Jr.,IND,LV,WR1,rec_yds,57.75,39,0.675,20.0,17.5,100.0,0.108,0.08250000000000002
2025,5,Michael Pittman Jr.,IND,LV,WR1,td,0.44,1,2.286,7.0,17.5,100.0,0.108,0.08250000000000002
2025,5,Adonai Mitchell,IND,LV,WR3,rec_yds,27.88,0,0.0,9.0,6.83,105.0,0.108,0.485
2025,5,Dak Prescott,DAL,NYJ,QB1,pass_yds,263.5,237,0.899,25.0,19.0,101.0,0.258,0.03500000000000003
2025,5,Dak Prescott,DAL,NYJ,QB1,pass_td,1.44,4,2.783,26.5,19.0,101.0,0.258,0.03500000000000003
2025,5,Javonte Williams,DAL,NYJ,RB1,rush_yds,46.88,135,2.88,5.0,17.8,102.0,0.258,0.08000000000000007
2025,5,Javonte Williams,DAL,NYJ,RB1,rush_att,10.19,16,1.571,5.0,17.8,102.0,0.258,0.08000000000000007
2025,5,Javonte Williams,DAL,NYJ,RB1,td,0.62,2,3.2,8.5,17.8,102.0,0.258,0.08000000000000007
2025,5,George Pickens,DAL,NYJ,WR1,rec_yds,71.06,57,0.802,22.0,20.67,100.0,0.258,0.01750000000000007
2025,5,George Pickens,DAL,NYJ,WR1,td,0.69,1,1.455,11.5,20.67,100.0,0.258,0.01750000000000007
2025,5,Jake Ferguson,DAL,NYJ,TE1,rec_yds,42.31,49,1.158,26.0,17.5,99.0,0.258,0.06750000000000012
2025,5,Jalen Tolbert,DAL,NYJ,WR2,rec_yds,27.81,0,0.0,5.5,17.83,99.0,0.258,0.11499999999999999
2025,5,Jalen Tolbert,DAL,NYJ,WR2,td,0.25,0,0.0,30.5,17.83,99.0,0.258,0.11499999999999999
2025,5,Justin Fields,NYJ,DAL,QB1,pass_yds,126.79,283,2.232,3.0,1.4,106.0,0.038000000000000006,0.1266666666666666
2025,5,Breece Hall,NYJ,DAL,RB1,rush_yds,57.75,113,1.957,20.0,8.8,97.0,0.038000000000000006,0.030000000000000027
2025,5,Breece Hall,NYJ,DAL,RB1,rush_att,12.62,14,1.109,20.0,8.8,97.0,0.038000000000000006,0.030000000000000027
2025,5,Breece Hall,NYJ,DAL,RB1,rec_yds,23.94,42,1.755,1.0,8.8,97.0,0.038000000000000006,0.030000000000000027
2025,5,Breece Hall,NYJ,DAL,RB1,td,0.25,0,0.0,2.5,8.8,97.0,0.038000000000000006,0.030000000000000027
2025,5,Garrett Wilson,NYJ,DAL,WR1,rec_yds,66.44,71,1.069,14.0,11.33,100.0,0.038000000000000006,0.0
2025,5,Garrett Wilson,NYJ,DAL,WR1,td,0.5,1,2.0,1.0,11.33,100.0,0.038000000000000006,0.0
2025,5,Mason Taylor,NYJ,DAL,TE1,rec_yds,27.0,67,2.481,20.0,16.17,102.0,0.038000000000000006,0.022500000000000075
2025,5,Allen Lazard,NYJ,DAL,WR3,rec_yds,30.5,3,0.098,7.0,8.5,105.0,0.038000000000000006,0.09000000000000002
2025,5,Allen Lazard,NYJ,DAL,WR3,td,0.42,0,0.0,16.0,8.5,105.0,0.038000000000000006,0.09000000000000002
2025,5,Bo Nix,DEN,PHI,QB1,pass_yds,234.0,242,1.034,31.0,24.3,101.0,-0.013000000000000005,0.0
2025,5,Bo Nix,DEN,PHI,QB1,pass_td,2.19,1,0.457,26.5,24.3,101.0,-0.013000000000000005,0.0
2025,5,J.K. Dobbins,DEN,PHI,RB1,rush_yds,69.56,79,1.136,25.0,23.2,102.0,-0.013000000000000005,-0.08249999999999996
2025,5,J.K. Dobbins,DEN,PHI,RB1,rush_att,14.25,20,1.404,25.0,23.2,102.0,-0.013000000000000005,-0.08249999999999996
2025,5,J.K. Dobbins,DEN,PHI,RB1,td,0.75,1,1.333,27.0,23.2,102.0,-0.013000000000000005,-0.08249999999999996
2025,5,RJ Harvey,DEN,PHI,RB2,rush_yds,34.5,12,0.348,17.5,18.8,99.0,-0.013000000000000005,0.08000000000000002
2025,5,RJ Harvey,DEN,PHI,RB2,td,0.25,0,0.0,31.5,18.8,99.0,-0.013000000000000005,0.08000000000000002
2025,5,Marvin Mims,DEN,PHI,WR3,rec_yds,41.56,10,0.241,24.0,16.67,96.0,-0.013000000000000005,-0.03249999999999997
2025,5,Marvin Mims,DEN,PHI,WR3,td,0.62,0,0.0,16.0,16.67,96.0,-0.013000000000000005,-0.03249999999999997
2025,5,Courtland Sutton,DEN,PHI,WR1,rec_yds,69.62,99,1.422,24.0,21.67,100.0,-0.013000000000000005,0.0024999999999999467
2025,5,Courtland Sutton,DEN,PHI,WR1,td,0.75,0,0.0,27.5,21.67,100.0,-0.013000000000000005,0.0024999999999999467
2025,5,Troy Franklin,DEN,PHI,WR2,rec_yds,32.5,35,1.077,16.0,16.67,99.0,-0.013000000000000005,-0.11750000000000005
2025,5,Troy Franklin,DEN,PHI,WR2,td,0.19,0,0.0,6.0,16.67,99.0,-0.013000000000000005,-0.11750000000000005
2025,5,Evan Engram,DEN,PHI,TE1,rec_yds,34.57,33,0.955,30.0,27.67,99.0,-0.013000000000000005,0.030000000000000027
2025,5,Jalen Hurts,PHI,DEN,QB1,pass_yds,161.06,280,1.738,16.0,22.5,101.0,-0.026999999999999996,0.0
2025,5,Jalen Hurts,PHI,DEN,QB1,pass_td,1.25,2,1.6,32.0,22.5,101.0,-0.026999999999999996,0.0
2025,5,Saquon Barkley,PHI,DEN,RB1,rush_yds,97.12,30,0.309,18.0,17.1,102.0,-0.026999999999999996,-0.010000000000000009
2025,5,Saquon Barkley,PHI,DEN,RB1,rush_att,21.38,6,0.281,18.0,17.1,102.0,-0.026999999999999996,-0.010000000000000009
2025,5,Saquon Barkley,PHI,DEN,RB1,td,0.81,1,1.231,27.0,17.1,102.0,-0.026999999999999996,-0.010000000000000009
2025,5,DeVonta Smith,PHI,DEN,WR2,rec_yds,53.0,114,2.151,15.0,16.83,99.0,-0.026999999999999996,0.03249999999999997
2025,5,DeVonta Smith,PHI,DEN,WR2,td,0.5,0,0.0,30.5,16.83,99.0,-0.026999999999999996,0.03249999999999997
2025,5,A.J. Brown,PHI,DEN,WR1,rec_yds,58.56,43,0.734,25.0,24.17,100.0,-0.026999999999999996,0.02749999999999997
2025,5,A.J. Brown,PHI,DEN,WR1,td,0.38,0,0.0,29.5,24.17,100.0,-0.026999999999999996,0.02749999999999997
2025,5,Jahan Dotson,PHI,DEN,WR3,rec_yds,22.93,24,1.047,5.0,13.5,96.0,-0.026999999999999996,0.2433333333333333
2025,5,Dallas Goedert,PHI,DEN,TE1,rec_yds,46.79,19,0.406,17.0,17.83,99.0,-0.026999999999999996,-0.08000000000000007
2025,5,Dallas Goedert,PHI,DEN,TE1,td,0.57,1,1.75,25.5,17.83,99.0,-0.026999999999999996,-0.08000000000000007
2025,5,C.J. Stroud,HOU,BAL,QB1,pass_yds,203.25,244,1.2,1.0,7.8,106.0,0.011,0.0
2025,5,C.J. Stroud,HOU,BAL,QB1,pass_td,1.06,4,3.765,3.5,7.8,106.0,0.011,0.0
2025,5,Nick Chubb,HOU,BAL,RB1,rush_yds,44.25,61,1.379,32.0,17.9,97.0,0.011,-0.07500000000000001
2025,5,Nick Chubb,HOU,BAL,RB1,rush_att,12.25,11,0.898,32.0,17.9,97.0,0.011,-0.07500000000000001
2025,5,Nick Chubb,HOU,BAL,RB1,td,0.38,1,2.667,21.0,17.9,97.0,0.011,-0.07500000000000001
2025,5,Woody Marks,HOU,BAL,RB2,rush_yds,28.25,24,0.85,4.0,5.6,106.0,0.011,0.20500000000000007
2025,5,Woody Marks,HOU,BAL,RB2,td,0.5,0,0.0,2.5,5.6,106.0,0.011,0.20500000000000007
2025,5,Nico Collins,HOU,BAL,WR1,rec_yds,64.81,52,0.802,1.0,2.33,100.0,0.011,-0.0050000000000000044
2025,5,Nico Collins,HOU,BAL,WR1,td,0.56,1,1.778,5.0,2.33,100.0,0.011,-0.0050000000000000044
2025,5,Christian Kirk,HOU,BAL,WR2,rec_yds,39.08,64,1.638,29.0,20.67,107.0,0.011,-0.030000000000000027
2025,5,Dalton Schultz,HOU,BAL,TE1,rec_yds,33.75,60,1.778,5.0,11.0,102.0,0.011,0.15749999999999997
2025,5,Cooper Rush,BAL,HOU,QB1,pass_yds,148.42,179,1.206,24.0,21.7,102.0,-0.07200000000000001,0.12
2025,5,Cooper Rush,BAL,HOU,QB1,pass_td,0.92,0,0.0,18.0,21.7,102.0,-0.07200000000000001,0.12
2025,5,Derrick Henry,BAL,HOU,RB1,rush_yds,89.81,33,0.367,12.0,21.7,100.0,-0.07200000000000001,-0.13249999999999995
2025,5,Derrick Henry,BAL,HOU,RB1,rush_att,15.94,15,0.941,12.0,21.7,100.0,-0.07200000000000001,-0.13249999999999995
2025,5,Derrick Henry,BAL,HOU,RB1,td,0.69,1,1.455,23.5,21.7,100.0,-0.07200000000000001,-0.13249999999999995
2025,5,Justice Hill,BAL,HOU,RB2,td,0.38,0,0.0,16.5,25.5,97.0,-0.07200000000000001,0.09749999999999992
2025,5,Zay Flowers,BAL,HOU,WR1,rec_yds,63.44,72,1.135,19.0,23.5,95.0,-0.07200000000000001,0.015000000000000013
2025,5,Zay Flowers,BAL,HOU,WR1,td,0.19,0,0.0,24.5,23.5,95.0,-0.07200000000000001,0.015000000000000013
2025,5,DeAndre Hopkins,BAL,HOU,WR3,rec_yds,34.12,46,1.348,8.0,15.83,118.0,-0.07200000000000001,0.05249999999999999
2025,5,DeAndre Hopkins,BAL,HOU,WR3,td,0.38,0,0.0,16.0,15.83,118.0,-0.07200000000000001,0.05249999999999999
2025,5,Mark Andrews,BAL,HOU,TE1,rec_yds,40.0,22,0.55,27.0,20.33,105.0,-0.07200000000000001,-0.1775
2025,5,Mark Andrews,BAL,HOU,TE1,td,0.69,0,0.0,4.0,20.33,105.0,-0.07200000000000001,-0.1775
2025,5,Rashod Bateman,BAL,HOU,WR2,rec_yds,34.88,0,0.0,19.0,19.17,104.0,-0.07200000000000001,0.1200000000000001
2025,5,Rashod Bateman,BAL,HOU,WR2,td,0.5,0,0.0,15.5,19.17,104.0,-0.07200000000000001,0.1200000000000001
2025,5,Jaxson Dart,NYG,NO,QB1,pass_yds,37.0,202,5.459,9.0,13.9,106.0,-0.0040000000000000036,0.6166666666666667
2025,5,Cam Skattebo,NYG,NO,RB1,rush_yds,45.25,59,1.304,13.0,9.7,97.0,-0.0040000000000000036,0.255
2025,5,Cam Skattebo,NYG,NO,RB1,rush_att,12.0,15,1.25,13.0,9.7,97.0,-0.0040000000000000036,0.255
2025,5,Cam Skattebo,NYG,NO,RB1,rec_yds,24.5,45,1.837,15.0,9.7,97.0,-0.0040000000000000036,0.255
2025,5,Cam Skattebo,NYG,NO,RB1,td,0.5,0,0.0,1.0,9.7,97.0,-0.0040000000000000036,0.255
2025,5,Wan'Dale Robinson,NYG,NO,WR1,rec_yds,51.88,30,0.578,5.0,7.0,100.0,-0.0040000000000000036,0.16999999999999993
2025,5,Wan'Dale Robinson,NYG,NO,WR1,td,0.19,0,0.0,2.5,7.0,100.0,-0.0040000000000000036,0.16999999999999993
2025,5,Theo Johnson,NYG,NO,TE1,rec_yds,27.0,33,1.222,7.0,14.83,102.0,-0.0040000000000000036,-0.09499999999999997
2025,5,Theo Johnson,NYG,NO,TE1,td,0.19,2,10.667,25.5,14.83,102.0,-0.0040000000000000036,-0.09499999999999997
2025,5,Darius Slayton,NYG,NO,WR2,rec_yds,26.44,31,1.173,7.5,16.5,107.0,-0.0040000000000000036,-0.02749999999999997
2025,5,Spencer Rattler,NO,NYG,QB1,pass_yds,189.8,225,1.185,11.0,14.5,101.0,0.021000000000000005,0.010000000000000009
2025,5,Spencer Rattler,NO,NYG,QB1,pass_td,0.93,1,1.071,24.0,14.5,101.0,0.021000000000000005,0.010000000000000009
2025,5,Kendre Miller,NO,NYG,RB2,rush_yds,28.29,41,1.449,14.0,7.7,99.0,0.021000000000000005,0.08999999999999997
2025,5,Kendre Miller,NO,NYG,RB2,td,0.21,0,0.0,7.0,7.7,99.0,0.021000000000000005,0.08999999999999997
2025,5,Alvin Kamara,NO,NYG,RB1,rush_yds,64.62,27,0.418,2.0,11.1,102.0,0.021000000000000005,-0.04999999999999993
2025,5,Alvin Kamara,NO,NYG,RB1,rush_att,15.88,8,0.504,2.0,11.1,102.0,0.021000000000000005,-0.04999999999999993
2025,5,Alvin Kamara,NO,NYG,RB1,rec_yds,25.19,28,1.112,19.0,11.1,102.0,0.021000000000000005,-0.04999999999999993
2025,5,Alvin Kamara,NO,NYG,RB1,td,0.19,0,0.0,10.5,11.1,102.0,0.021000000000000005,-0.04999999999999993
2025,5,Rashid Shaheed,NO,NYG,WR2,rec_yds,49.79,114,2.29,7.5,7.67,99.0,0.021000000000000005,-0.0475000000000001
2025,5,Rashid Shaheed,NO,NYG,WR2,td,0.36,1,2.8,10.5,7.67,99.0,0.021000000000000005,-0.0475000000000001
2025,5,Chris Olave,NO,NYG,WR1,rec_yds,48.12,59,1.226,17.0,13.17,100.0,0.021000000000000005,-0.03750000000000009
2025,5,Chris Olave,NO,NYG,WR1,td,0.19,0,0.0,16.5,13.17,100.0,0.021000000000000005,-0.03750000000000009
2025,5,Juwan Johnson,NO,NYG,TE1,rec_yds,45.69,17,0.372,25.0,21.83,99.0,0.021000000000000005,-0.03749999999999998
2025,5,Juwan Johnson,NO,NYG,TE1,td,0.25,0,0.0,19.5,21.83,99.0,0.021000000000000005,-0.03749999999999998
2025,5,Brandin Cooks,NO,NYG,WR3,rec_yds,24.75,5,0.202,3.5,7.33,96.0,0.021000000000000005,0.14000000000000012
2025,5,Cam Ward,TEN,ARI,QB1,pass_yds,153.5,265,1.726,8.0,16.7,95.0,-0.061,0.0
2025,5,Tony Pollard,TEN,ARI,RB1,rush_yds,61.19,67,1.095,17.0,8.4,96.0,-0.061,-0.02749999999999997
2025,5,Tony Pollard,TEN,ARI,RB1,rush_att,15.88,14,0.882,17.0,8.4,96.0,-0.061,-0.02749999999999997
2025,5,Tony Pollard,TEN,ARI,RB1,td,0.25,1,4.0,18.0,8.4,96.0,-0.061,-0.02749999999999997
2025,5,Calvin Ridley,TEN,ARI,WR1,rec_yds,51.0,131,2.569,10.0,14.17,107.0,-0.061,-0.265
2025,5,Chig Okonkwo,TEN,ARI,TE1,rec_yds,35.5,48,1.352,23.0,24.0,103.0,-0.061,-0.050000000000000044
2025,5,Elic Ayomanor,TEN,ARI,WR2,rec_yds,37.75,18,0.477,12.0,11.33,95.0,-0.061,0.050000000000000044
2025,5,Elic Ayomanor,TEN,ARI,WR2,td,0.5,0,0.0,21.0,11.33,95.0,-0.061,0.050000000000000044
2025,5,Kyler Murray,ARI,TEN,QB1,pass_yds,221.44,220,0.994,30.0,19.6,95.0,0.089,0.0050000000000000044
2025,5,Kyler Murray,ARI,TEN,QB1,pass_td,1.38,0,0.0,14.5,19.6,95.0,0.089,0.0050000000000000044
2025,5,Emari Demercado,ARI,TEN,RB2,td,0.25,0,0.0,1.0,10.5,103.0,0.089,0.14
2025,5,Michael Carter,ARI,TEN,RB1,rush_yds,26.6,51,1.917,19.0,19.1,96.0,0.089,
2025,5,Michael Carter,ARI,TEN,RB1,td,0.2,1,5.0,6.5,19.1,96.0,0.089,
2025,5,Marvin Harrison Jr.,ARI,TEN,WR1,rec_yds,53.5,98,1.832,21.0,16.5,107.0,0.089,0.09499999999999997
2025,5,Marvin Harrison Jr.,ARI,TEN,WR1,td,0.44,0,0.0,7.0,16.5,107.0,0.089,0.09499999999999997
2025,5,Trey McBride,ARI,TEN,TE1,rec_yds,70.81,41,0.579,28.5,28.0,103.0,0.089,0.030000000000000027
2025,5,Trey McBride,ARI,TEN,TE1,td,0.25,0,0.0,30.5,28.0,103.0,0.089,0.030000000000000027
2025,5,Michael Wilson,ARI,TEN,WR2,rec_yds,21.06,16,0.76,18.0,11.17,95.0,0.089,0.20250000000000012
2025,5,Michael Wilson,ARI,TEN,WR2,td,0.19,0,0.0,6.0,11.17,95.0,0.089,0.20250000000000012
2025,5,Baker Mayfield,TB,SEA,QB1,pass_yds,244.94,379,1.547,17.0,20.9,86.0,-0.109,0.0
2025,5,Baker Mayfield,TB,SEA,QB1,pass_td,2.12,2,0.941,18.0,20.9,86.0,-0.109,0.0
2025,5,Rachaad White,TB,SEA,RB1,rush_yds,35.81,41,1.145,22.0,12.8,97.0,-0.109,0.10749999999999998
2025,5,Rachaad White,TB,SEA,RB1,td,0.5,2,4.0,30.0,12.8,97.0,-0.109,0.10749999999999998
2025,5,Emeka Egbuka,TB,SEA,WR1,rec_yds,70.5,163,2.312,30.0,21.33,93.0,-0.109,0.04499999999999993
2025,5,Emeka Egbuka,TB,SEA,WR1,td,1.0,1,1.0,20.5,21.33,93.0,-0.109,0.04499999999999993
2025,5,Cade Otton,TB,SEA,TE1,rec_yds,36.07,81,2.246,12.0,12.17,89.0,-0.109,0.04999999999999993
2025,5,Cade Otton,TB,SEA,TE1,td,0.21,0,0.0,19.5,12.17,89.0,-0.109,0.04999999999999993
2025,5,Chris Godwin,TB,SEA,WR3,rec_yds,69.78,26,0.373,20.0,14.17,91.0,-0.109,
2025,5,Chris Godwin,TB,SEA,WR3,td,0.56,0,0.0,7.5,14.17,91.0,-0.109,
2025,5,Sterling Shepard,TB,SEA,WR2,rec_yds,34.81,24,0.689,23.0,16.0,96.0,-0.109,-0.03500000000000003
2025,5,Sam Darnold,SEA,TB,QB1,pass_yds,249.25,341,1.368,7.0,6.7,106.0,0.052,0.07999999999999996
2025,5,Sam Darnold,SEA,TB,QB1,pass_td,1.75,4,2.286,12.0,6.7,106.0,0.052,0.07999999999999996
2025,5,Kenneth Walker III,SEA,TB,RB1,rush_yds,53.69,86,1.602,31.0,20.3,97.0,0.052,0.05499999999999999
2025,5,Kenneth Walker III,SEA,TB,RB1,rush_att,14.5,10,0.69,31.0,20.3,97.0,0.052,0.05499999999999999
2025,5,Kenneth Walker III,SEA,TB,RB1,td,0.62,0,0.0,27.0,20.3,97.0,0.052,0.05499999999999999
2025,5,Zach Charbonnet,SEA,TB,RB2,rush_yds,39.14,36,0.92,27.0,16.1,106.0,0.052,-0.06333333333333335
2025,5,Zach Charbonnet,SEA,TB,RB2,rush_att,10.86,9,0.829,27.0,16.1,106.0,0.052,-0.06333333333333335
2025,5,Zach Charbonnet,SEA,TB,RB2,td,0.57,1,1.75,16.5,16.1,106.0,0.052,-0.06333333333333335
2025,5,Jaxon Smith-Njigba,SEA,TB,WR1,rec_yds,85.38,132,1.546,32.0,26.83,100.0,0.052,0.12250000000000005
2025,5,Jaxon Smith-Njigba,SEA,TB,WR1,td,0.31,1,3.2,31.5,26.83,100.0,0.052,0.12250000000000005
2025,5,Cooper Kupp,SEA,TB,WR2,rec_yds,45.75,59,1.29,5.5,6.83,107.0,0.052,0.02750000000000008
2025,5,Cooper Kupp,SEA,TB,WR2,td,0.25,0,0.0,2.0,6.83,107.0,0.052,0.02750000000000008
2025,5,AJ Barner,SEA,TB,TE1,td,0.44,2,4.571,10.5,6.83,102.0,0.052,0.07499999999999996
2025,5,Tory Horton,SEA,TB,WR3,rec_yds,24.67,39,1.581,12.0,16.5,105.0,0.052,-0.0566666666666667
2025,5,Tory Horton,SEA,TB,WR3,td,0.67,1,1.5,29.5,16.5,105.0,0.052,-0.0566666666666667
2025,5,Jared Goff,DET,CIN,QB1,pass_yds,275.44,258,0.937,5.0,7.1,102.0,0.196,-0.040000000000000036
2025,5,Jared Goff,DET,CIN,QB1,pass_td,2.44,3,1.231,2.0,7.1,102.0,0.196,-0.040000000000000036
2025,5,David Montgomery,DET,CIN,RB2,rush_yds,55.19,65,1.178,16.0,6.5,97.0,0.196,-0.034999999999999976
2025,5,David Montgomery,DET,CIN,RB2,rush_att,11.69,18,1.54,16.0,6.5,97.0,0.196,-0.034999999999999976
2025,5,David Montgomery,DET,CIN,RB2,td,0.75,1,1.333,4.0,6.5,97.0,0.196,-0.034999999999999976
2025,5,Jahmyr Gibbs,DET,CIN,RB1,rush_yds,76.69,54,0.704,8.0,15.0,100.0,0.196,-0.012500000000000067
2025,5,Jahmyr Gibbs,DET,CIN,RB1,rush_att,15.25,12,0.787,8.0,15.0,100.0,0.196,-0.012500000000000067
2025,5,Jahmyr Gibbs,DET,CIN,RB1,rec_yds,29.56,33,1.116,28.0,15.0,100.0,0.196,-0.012500000000000067
2025,5,Jahmyr Gibbs,DET,CIN,RB1,td,1.25,1,0.8,8.5,15.0,100.0,0.196,-0.012500000000000067
2025,5,Jameson Williams,DET,CIN,WR2,rec_yds,63.44,9,0.142,28.0,26.33,104.0,0.196,-0.0525000000000001
2025,5,Jameson Williams,DET,CIN,WR2,td,0.44,0,0.0,25.0,26.33,104.0,0.196,-0.0525000000000001
2025,5,Amon-Ra St. Brown,DET,CIN,WR1,rec_yds,84.56,100,1.183,18.0,24.83,95.0,0.196,0.015000000000000013
2025,5,Amon-Ra St. Brown,DET,CIN,WR1,td,1.06,0,0.0,24.5,24.83,95.0,0.196,0.015000000000000013
2025,5,Sam LaPorta,DET,CIN,TE1,rec_yds,48.75,92,1.887,8.0,4.0,105.0,0.196,0.04749999999999999
2025,5,Sam LaPorta,DET,CIN,TE1,td,0.31,1,3.2,2.0,4.0,105.0,0.196,0.04749999999999999
2025,5,Isaac TeSlaa,DET,CIN,WR3,td,0.33,1,3.0,7.5,9.83,118.0,0.196,0.030000000000000027
2025,5,Jake Browning,CIN,DET,QB1,pass_yds,126.5,251,1.984,6.0,11.4,101.0,0.022,0.1166666666666667
2025,5,Jake Browning,CIN,DET,QB1,pass_td,0.75,3,4.0,26.5,11.4,101.0,0.022,0.1166666666666667
2025,5,Chase Brown,CIN,DET,RB1,rush_yds,56.06,27,0.482,28.0,23.0,102.0,0.022,0.04500000000000004
2025,5,Chase Brown,CIN,DET,RB1,rush_att,16.56,8,0.483,28.0,23.0,102.0,0.022,0.04500000000000004
2025,5,Chase Brown,CIN,DET,RB1,rec_yds,27.94,21,0.752,16.0,23.0,102.0,0.022,0.04500000000000004
2025,5,Chase Brown,CIN,DET,RB1,td,0.5,0,0.0,13.0,23.0,102.0,0.022,0.04500000000000004
2025,5,Ja'Marr Chase,CIN,DET,WR1,rec_yds,94.94,110,1.159,12.0,10.33,100.0,0.022,0.04749999999999999
2025,5,Ja'Marr Chase,CIN,DET,WR1,td,0.75,2,2.667,11.5,10.33,100.0,0.022,0.04749999999999999
2025,5,Andrei Iosivas,CIN,DET,WR3,rec_yds,29.0,82,2.828,1.0,9.0,96.0,0.022,0.030000000000000027
2025,5,Andrei Iosivas,CIN,DET,WR3,td,0.17,0,0.0,25.0,9.0,96.0,0.022,0.030000000000000027
2025,5,Tee Higgins,CIN,DET,WR2,rec_yds,57.75,22,0.381,17.0,20.67,99.0,0.022,0.0024999999999999467
2025,5,Tee Higgins,CIN,DET,WR2,td,0.62,1,1.6,25.0,20.67,99.0,0.022,0.0024999999999999467
2025,5,Mike Gesicki,CIN,DET,TE1,rec_yds,25.25,15,0.594,21.0,18.67,99.0,0.022,0.1375
2025,5,Jayden Daniels,WAS,LAC,QB1,pass_yds,207.42,231,1.114,28.0,18.1,95.0,-0.041999999999999996,0.0
2025,5,Jayden Daniels,WAS,LAC,QB1,pass_td,1.83,1,0.545,30.0,18.1,95.0,-0.041999999999999996,0.0
2025,5,Jacory Croskey-Merritt,WAS,LAC,RB1,rush_yds,43.0,111,2.581,26.0,26.7,96.0,-0.041999999999999996,0.024999999999999967
2025,5,Jacory Croskey-Merritt,WAS,LAC,RB1,td,0.5,2,4.0,32.0,26.7,96.0,-0.041999999999999996,0.024999999999999967
2025,5,Chris Rodriguez,WAS,LAC,RB2,rush_yds,36.9,7,0.19,17.5,17.6,103.0,-0.041999999999999996,-0.015000000000000013
2025,5,Chris Rodriguez,WAS,LAC,RB2,td,0.2,0,0.0,16.5,17.6,103.0,-0.041999999999999996,-0.015000000000000013
2025,5,Deebo Samuel,WAS,LAC,WR1,rec_yds,42.0,96,2.286,7.0,7.5,107.0,-0.041999999999999996,0.125
2025,5,Deebo Samuel,WAS,LAC,WR1,td,0.5,1,2.0,11.5,7.5,107.0,-0.041999999999999996,0.125
2025,5,Luke McCaffrey,WAS,LAC,WR3,td,0.29,0,0.0,4.5,9.5,98.0,-0.041999999999999996,0.04999999999999999
2025,5,Zach Ertz,WAS,LAC,TE1,rec_yds,37.62,0,0.0,24.0,21.33,103.0,-0.041999999999999996,-0.057499999999999996
2025,5,Zach Ertz,WAS,LAC,TE1,td,0.62,0,0.0,14.0,21.33,103.0,-0.041999999999999996,-0.057499999999999996
2025,5,Justin Herbert,LAC,WAS,QB1,pass_yds,256.69,166,0.647,22.0,21.7,102.0,0.137,0.0
2025,5,Justin Herbert,LAC,WAS,QB1,pass_td,1.62,1,0.615,14.5,21.7,102.0,0.137,0.0
2025,5,Omarion Hampton,LAC,WAS,RB1,rush_yds,67.5,44,0.652,7.0,13.5,100.0,0.137,0.11499999999999999
2025,5,Omarion Hampton,LAC,WAS,RB1,rush_att,13.5,12,0.889,7.0,13.5,100.0,0.137,0.11499999999999999
2025,5,Omarion Hampton,LAC,WAS,RB1,rec_yds,27.5,26,0.945,11.0,13.5,100.0,0.137,0.11499999999999999
2025,5,Omarion Hampton,LAC,WAS,RB1,td,0.5,0,0.0,4.5,13.5,100.0,0.137,0.11499999999999999
2025,5,Hassan Haskins,LAC,WAS,RB2,td,0.38,0,0.0,29.5,25.1,97.0,0.137,
2025,5,Quentin Johnston,LAC,WAS,WR2,rec_yds,67.44,40,0.593,11.0,7.83,104.0,0.137,0.07750000000000001
2025,5,Quentin Johnston,LAC,WAS,WR2,td,0.69,0,0.0,3.0,7.83,104.0,0.137,0.07750000000000001
2025,5,Keenan Allen,LAC,WAS,WR1,rec_yds,60.31,58,0.962,6.0,10.67,95.0,0.137,0.13000000000000012
2025,5,Keenan Allen,LAC,WAS,WR1,td,0.69,0,0.0,16.5,10.67,95.0,0.137,0.13000000000000012
2025,5,Ladd McConkey,LAC,WAS,WR3,rec_yds,66.06,39,0.59,28.0,27.67,118.0,0.137,0.06000000000000005
2025,5,Ladd McConkey,LAC,WAS,WR3,td,0.19,1,5.333,25.0,27.67,118.0,0.137,0.06000000000000005
2025,5,Oronde Gadsden II,LAC,WAS,TE1,rec_yds,31.0,14,0.452,16.0,15.83,105.0,0.137,0.10999999999999999
2025,5,Drake Maye,NE,BUF,QB1,pass_yds,217.62,273,1.254,27.0,17.9,86.0,0.149,-0.08999999999999997
2025,5,Drake Maye,NE,BUF,QB1,pass_td,1.44,0,0.0,10.0,17.9,86.0,0.149,-0.08999999999999997
2025,5,TreVeyon Henderson,NE,BUF,RB2,rush_yds,24.25,24,0.99,23.0,12.9,97.0,0.149,-0.04999999999999999
2025,5,TreVeyon Henderson,NE,BUF,RB2,td,0.25,0,0.0,8.5,12.9,97.0,0.149,-0.04999999999999999
2025,5,Rhamondre Stevenson,NE,BUF,RB1,rush_yds,39.31,14,0.356,6.0,8.5,97.0,0.149,0.012499999999999956
2025,5,Rhamondre Stevenson,NE,BUF,RB1,rush_att,10.31,7,0.679,6.0,8.5,97.0,0.149,0.012499999999999956
2025,5,Rhamondre Stevenson,NE,BUF,RB1,rec_yds,24.31,13,0.535,12.0,8.5,97.0,0.149,0.012499999999999956
2025,5,Rhamondre Stevenson,NE,BUF,RB1,td,0.19,2,10.667,13.0,8.5,97.0,0.149,0.012499999999999956
2025,5,Stefon Diggs,NE,BUF,WR1,rec_yds,57.62,146,2.534,16.0,16.33,93.0,0.149,0.10750000000000004
2025,5,Stefon Diggs,NE,BUF,WR1,td,0.25,0,0.0,11.5,16.33,93.0,0.149,0.10750000000000004
2025,5,Hunter Henry,NE,BUF,TE1,rec_yds,45.25,46,1.017,31.0,26.5,89.0,0.149,-0.0774999999999999
2025,5,Hunter Henry,NE,BUF,TE1,td,0.44,0,0.0,19.5,26.5,89.0,0.149,-0.0774999999999999
2025,5,Kayshon Boutte,NE,BUF,WR2,rec_yds,44.75,43,0.961,9.0,6.67,96.0,0.149,-0.057499999999999996
2025,5,Kayshon Boutte,NE,BUF,WR2,td,0.25,0,0.0,6.0,6.67,96.0,0.149,-0.057499999999999996
2025,5,DeMario Douglas,NE,BUF,WR3,rec_yds,24.36,17,0.698,30.0,21.83,91.0,0.149,-0.033333333333333326
2025,5,DeMario Douglas,NE,BUF,WR3,td,0.29,0,0.0,16.0,21.83,91.0,0.149,-0.033333333333333326
2025,5,Josh Allen,BUF,NE,QB1,pass_yds,243.31,253,1.04,15.0,21.9,102.0,0.099,0.03249999999999997
2025,5,Josh Allen,BUF,NE,QB1,pass_td,1.75,2,1.143,9.0,21.9,102.0,0.099,0.03249999999999997
2025,5,James Cook,BUF,NE,RB1,rush_yds,82.19,49,0.596,15.0,11.5,100.0,0.099,0.12249999999999994
2025,5,James Cook,BUF,NE,RB1,rush_att,15.5,15,0.968,15.0,11.5,100.0,0.099,0.12249999999999994
2025,5,James Cook,BUF,NE,RB1,td,1.25,0,0.0,2.5,11.5,100.0,0.099,0.12249999999999994
2025,5,Khalil Shakir,BUF,NE,WR1,rec_yds,48.75,45,0.923,13.0,18.33,95.0,0.099,-0.0774999999999999
2025,5,Khalil Shakir,BUF,NE,WR1,td,0.38,0,0.0,20.5,18.33,95.0,0.099,-0.0774999999999999
2025,5,Dalton Kincaid,BUF,NE,TE1,rec_yds,40.0,108,2.7,14.0,14.33,105.0,0.099,-0.10750000000000004
2025,5,Dalton Kincaid,BUF,NE,TE1,td,0.44,0,0.0,14.0,14.33,105.0,0.099,-0.10750000000000004
2025,5,Josh Palmer,BUF,NE,WR3,rec_yds,34.62,36,1.04,17.0,17.5,118.0,0.099,-0.20249999999999996
2025,5,Keon Coleman,BUF,NE,WR2,rec_yds,49.19,23,0.468,20.0,17.0,104.0,0.099,0.012499999999999956
2025,5,Keon Coleman,BUF,NE,WR2,td,0.25,1,4.0,15.5,17.0,104.0,0.099,0.012499999999999956
2025,5,Patrick Mahomes,KC,JAX,QB1,pass_yds,241.5,318,1.317,2.0,8.3,106.0,-0.037000000000000005,-0.05999999999999994
2025,5,Patrick Mahomes,KC,JAX,QB1,pass_td,1.81,1,0.552,6.0,8.3,106.0,-0.037000000000000005,-0.05999999999999994
2025,5,Kareem Hunt,KC,JAX,RB2,rush_yds,34.0,49,1.441,22.0,10.4,106.0,-0.037000000000000005,0.025000000000000022
2025,5,Kareem Hunt,KC,JAX,RB2,rush_att,10.06,7,0.696,22.0,10.4,106.0,-0.037000000000000005,0.025000000000000022
2025,5,Kareem Hunt,KC,JAX,RB2,td,0.25,2,8.0,11.0,10.4,106.0,-0.037000000000000005,0.025000000000000022
2025,5,Isiah Pacheco,KC,JAX,RB1,rush_yds,37.6,36,0.957,10.0,8.8,97.0,-0.037000000000000005,-0.135
2025,5,Isiah Pacheco,KC,JAX,RB1,td,0.2,0,0.0,10.5,8.8,97.0,-0.037000000000000005,-0.135
2025,5,Tyquan Thornton,KC,JAX,WR2,rec_yds,34.25,90,2.628,2.5,13.67,107.0,-0.037000000000000005,-0.30249999999999994
2025,5,Tyquan Thornton,KC,JAX,WR2,td,0.5,0,0.0,21.0,13.67,107.0,-0.037000000000000005,-0.30249999999999994
2025,5,Travis Kelce,KC,JAX,TE1,rec_yds,47.0,61,1.298,13.0,11.33,102.0,-0.037000000000000005,-0.09249999999999992
2025,5,Travis Kelce,KC,JAX,TE1,td,0.25,1,4.0,4.0,11.33,102.0,-0.037000000000000005,-0.09249999999999992
2025,5,Marquise Brown,KC,JAX,WR1,rec_yds,50.9,48,0.943,2.0,5.17,100.0,-0.037000000000000005,-0.20000000000000007
2025,5,Marquise Brown,KC,JAX,WR1,td,0.2,0,0.0,11.5,5.17,100.0,-0.037000000000000005,-0.20000000000000007
2025,5,JuJu Smith-Schuster,KC,JAX,WR3,rec_yds,24.12,17,0.705,25.0,20.83,105.0,-0.037000000000000005,0.03750000000000009
2025,5,JuJu Smith-Schuster,KC,JAX,WR3,td,0.19,0,0.0,16.0,20.83,105.0,-0.037000000000000005,0.03750000000000009
2025,5,Trevor Lawrence,JAX,KC,QB1,pass_yds,209.56,221,1.055,23.0,15.6,95.0,0.03,0.0
2025,5,Trevor Lawrence,JAX,KC,QB1,pass_td,1.25,1,0.8,26.5,15.6,95.0,0.03,0.0
2025,5,Travis Etienne,JAX,KC,RB1,rush_yds,68.25,49,0.718,30.0,25.3,96.0,0.03,-0.0025000000000000577
2025,5,Travis Etienne,JAX,KC,RB1,rush_att,13.81,12,0.869,30.0,25.3,96.0,0.03,-0.0025000000000000577
2025,5,Travis Etienne,JAX,KC,RB1,td,0.38,0,0.0,27.0,25.3,96.0,0.03,-0.0025000000000000577
2025,5,Bhayshul Tuten,JAX,KC,RB2,rush_yds,22.0,6,0.273,11.0,19.8,103.0,0.03,0.06
2025,5,Bhayshul Tuten,JAX,KC,RB2,td,0.5,0,0.0,16.5,19.8,103.0,0.03,0.06
2025,5,Brian Thomas,JAX,KC,WR1,rec_yds,63.44,80,1.261,26.0,21.33,107.0,0.03,-0.05999999999999994
2025,5,Brian Thomas,JAX,KC,WR1,td,0.44,0,0.0,24.5,21.33,107.0,0.03,-0.05999999999999994
2025,5,Travis Hunter,JAX,KC,WR2,rec_yds,29.5,64,2.169,24.0,24.0,95.0,0.03,-0.020000000000000018
2025,5,Brenton Strange,JAX,KC,TE1,rec_yds,36.56,22,0.602,4.0,12.67,103.0,0.03,-0.07499999999999996
2025,5,Parker Washington,JAX,KC,WR3,rec_yds,38.79,16,0.413,23.0,14.0,98.0,0.03,0.25
2025,5,Parker Washington,JAX,KC,WR3,td,0.21,1,4.667,2.5,14.0,98.0,0.03,0.25
2025,6,Jalen Hurts,PHI,NYG,QB1,pass_yds,174.28,283,1.624,13.0,15.8,101.0,0.133,0.0
2025,6,Jalen Hurts,PHI,NYG,QB1,pass_td,1.33,1,0.75,26.0,15.8,101.0,0.133,0.0
2025,6,Saquon Barkley,PHI,NYG,RB1,rush_yds,89.67,58,0.647,4.0,11.5,102.0,0.133,-0.10400000000000009
2025,6,Saquon Barkley,PHI,NYG,RB1,rush_att,19.67,12,0.61,4.0,11.5,102.0,0.133,-0.10400000000000009
2025,6,Saquon Barkley,PHI,NYG,RB1,rec_yds,21.56,9,0.418,20.0,11.5,102.0,0.133,-0.10400000000000009
2025,6,Saquon Barkley,PHI,NYG,RB1,td,0.83,0,0.0,13.5,11.5,102.0,0.133,-0.10400000000000009
2025,6,Dallas Goedert,PHI,NYG,TE1,rec_yds,43.31,110,2.54,26.0,24.33,99.0,0.133,-0.030000000000000027
2025,6,Dallas Goedert,PHI,NYG,TE1,td,0.62,1,1.6,23.0,24.33,99.0,0.133,-0.030000000000000027
2025,6,A.J. Brown,PHI,NYG,WR1,rec_yds,56.83,80,1.408,17.5,13.67,100.0,0.133,-0.0020000000000000018
2025,6,A.J. Brown,PHI,NYG,WR1,td,0.33,0,0.0,17.5,13.67,100.0,0.133,-0.0020000000000000018
2025,6,DeVonta Smith,PHI,NYG,WR2,rec_yds,59.78,49,0.82,2.0,3.0,99.0,0.133,0.08199999999999996
2025,6,DeVonta Smith,PHI,NYG,WR2,td,0.44,0,0.0,3.5,3.0,99.0,0.133,0.08199999999999996
2025,6,Jahan Dotson,PHI,NYG,WR3,rec_yds,23.06,17,0.737,6.0,9.83,96.0,0.133,0.13749999999999996
2025,6,Russell Wilson,NYG,PHI,QB1,pass_yds,207.31,0,0.0,32.0,25.0,101.0,-0.006000000000000005,-0.705
2025,6,Russell Wilson,NYG,PHI,QB1,pass_td,1.0,0,0.0,28.0,25.0,101.0,-0.006000000000000005,-0.705
2025,6,Cam Skattebo,NYG,PHI,RB1,rush_yds,48.0,98,2.042,23.0,23.9,102.0,-0.006000000000000005,0.14800000000000002
2025,6,Cam Skattebo,NYG,PHI,RB1,rush_att,12.6,19,1.508,23.0,23.9,102.0,-0.006000000000000005,0.14800000000000002
2025,6,Cam Skattebo,NYG,PHI,RB1,rec_yds,28.6,12,0.42,19.0,23.9,102.0,-0.006000000000000005,0.14800000000000002
2025,6,Cam Skattebo,NYG,PHI,RB1,td,0.4,3,7.5,24.5,23.9,102.0,-0.006000000000000005,0.14800000000000002
2025,6,Tyrone Tracy Jr.,NYG,PHI,RB2,rush_yds,38.07,6,0.158,18.0,17.4,99.0,-0.006000000000000005,-0.2733333333333333
2025,6,Tyrone Tracy Jr.,NYG,PHI,RB2,rush_att,10.5,4,0.381,18.0,17.4,99.0,-0.006000000000000005,-0.2733333333333333
2025,6,Tyrone Tracy Jr.,NYG,PHI,RB2,td,0.29,0,0.0,31.5,17.4,99.0,-0.006000000000000005,-0.2733333333333333
2025,6,Wan'Dale Robinson,NYG,PHI,WR1,rec_yds,49.44,84,1.699,22.0,19.5,100.0,-0.006000000000000005,0.11999999999999988
2025,6,Wan'Dale Robinson,NYG,PHI,WR1,td,0.17,1,6.0,29.0,19.5,100.0,-0.006000000000000005,0.11999999999999988
2025,6,Theo Johnson,NYG,PHI,TE1,rec_yds,27.67,27,0.976,31.0,26.0,99.0,-0.006000000000000005,0.020000000000000018
2025,6,Theo Johnson,NYG,PHI,TE1,td,0.39,0,0.0,23.0,26.0,99.0,-0.006000000000000005,0.020000000000000018
2025,6,Bo Nix,DEN,NYJ,QB1,pass_yds,234.89,174,0.741,25.0,17.1,101.0,0.184,0.0
2025,6,Bo Nix,DEN,NYJ,QB1,pass_td,2.06,1,0.486,17.5,17.1,101.0,0.184,0.0
2025,6,J.K. Dobbins,DEN,NYJ,RB1,rush_yds,70.61,40,0.566,3.0,16.6,102.0,0.184,0.006000000000000005
2025,6,J.K. Dobbins,DEN,NYJ,RB1,rush_att,14.89,14,0.94,3.0,16.6,102.0,0.184,0.006000000000000005
2025,6,J.K. Dobbins,DEN,NYJ,RB1,td,0.78,0,0.0,3.0,16.6,102.0,0.184,0.006000000000000005
2025,6,Evan Engram,DEN,NYJ,TE1,rec_yds,34.38,42,1.222,24.0,14.83,99.0,0.184,0.007500000000000007
2025,6,Evan Engram,DEN,NYJ,TE1,td,0.19,0,0.0,2.5,14.83,99.0,0.184,0.007500000000000007
2025,6,RJ Harvey,DEN,NYJ,RB2,rush_yds,30.0,4,0.133,25.0,24.7,99.0,0.184,-0.10399999999999993
2025,6,RJ Harvey,DEN,NYJ,RB2,td,0.2,0,0.0,31.5,24.7,99.0,0.184,-0.10399999999999993
2025,6,Troy Franklin,DEN,NYJ,WR2,rec_yds,32.78,19,0.58,15.0,23.33,99.0,0.184,-0.08599999999999997
2025,6,Troy Franklin,DEN,NYJ,WR2,td,0.17,0,0.0,31.0,23.33,99.0,0.184,-0.08599999999999997
2025,6,Courtland Sutton,DEN,NYJ,WR1,rec_yds,72.89,17,0.233,24.0,21.83,100.0,0.184,0.08199999999999996
2025,6,Courtland Sutton,DEN,NYJ,WR1,td,0.67,0,0.0,9.5,21.83,100.0,0.184,0.08199999999999996
2025,6,Marvin Mims,DEN,NYJ,WR3,rec_yds,38.06,30,0.788,8.0,11.83,96.0,0.184,-0.057999999999999996
2025,6,Marvin Mims,DEN,NYJ,WR3,td,0.56,0,0.0,9.5,11.83,96.0,0.184,-0.057999999999999996
2025,6,Justin Fields,NYJ,DEN,QB1,pass_yds,146.31,45,0.308,14.0,22.1,101.0,-0.184,0.09499999999999997
2025,6,Justin Fields,NYJ,DEN,QB1,pass_td,0.75,0,0.0,31.5,22.1,101.0,-0.184,0.09499999999999997
2025,6,Breece Hall,NYJ,DEN,RB1,rush_yds,63.89,59,0.923,20.0,16.6,102.0,-0.184,0.016000000000000014
2025,6,Breece Hall,NYJ,DEN,RB1,rush_att,12.78,22,1.722,20.0,16.6,102.0,-0.184,0.016000000000000014
2025,6,Breece Hall,NYJ,DEN,RB1,rec_yds,25.94,0,0.0,4.0,16.6,102.0,-0.184,0.016000000000000014
2025,6,Breece Hall,NYJ,DEN,RB1,td,0.22,0,0.0,24.5,16.6,102.0,-0.184,0.016000000000000014
2025,6,Josh Reynolds,NYJ,DEN,WR2,rec_yds,20.57,25,1.215,5.0,12.33,99.0,-0.184,-0.053333333333333344
2025,6,Garrett Wilson,NYJ,DEN,WR1,rec_yds,66.94,13,0.194,28.0,26.33,100.0,-0.184,-0.03199999999999992
2025,6,Garrett Wilson,NYJ,DEN,WR1,td,0.56,0,0.0,31.5,26.33,100.0,-0.184,-0.03199999999999992
2025,6,Mason Taylor,NYJ,DEN,TE1,rec_yds,35.0,2,0.057,20.0,16.17,99.0,-0.184,0.04200000000000004
2025,6,Tyler Johnson,NYJ,DEN,WR3,rec_yds,21.29,0,0.0,5.0,14.17,96.0,-0.184,-0.026666666666666616
2025,6,Dak Prescott,DAL,CAR,QB1,pass_yds,260.56,261,1.002,20.0,13.3,106.0,0.17099999999999999,0.028000000000000136
2025,6,Dak Prescott,DAL,CAR,QB1,pass_td,1.72,3,1.742,4.0,13.3,106.0,0.17099999999999999,0.028000000000000136
2025,6,Javonte Williams,DAL,CAR,RB1,rush_yds,56.67,29,0.512,1.0,10.5,97.0,0.17099999999999999,0.040000000000000036
2025,6,Javonte Williams,DAL,CAR,RB1,rush_att,10.83,13,1.2,1.0,10.5,97.0,0.17099999999999999,0.040000000000000036
2025,6,Javonte Williams,DAL,CAR,RB1,td,0.78,0,0.0,17.0,10.5,97.0,0.17099999999999999,0.040000000000000036
2025,6,Ryan Flournoy,DAL,CAR,WR2,rec_yds,30.77,30,0.975,32.0,22.67,107.0,0.17099999999999999,0.1966666666666666
2025,6,George Pickens,DAL,CAR,WR1,rec_yds,69.5,168,2.417,6.0,9.0,100.0,0.17099999999999999,-0.08199999999999985
2025,6,George Pickens,DAL,CAR,WR1,td,0.72,1,1.385,7.5,9.0,100.0,0.17099999999999999,-0.08199999999999985
2025,6,Jake Ferguson,DAL,CAR,TE1,rec_yds,43.06,33,0.766,13.0,15.33,102.0,0.17099999999999999,-0.1299999999999999
2025,6,Jake Ferguson,DAL,CAR,TE1,td,0.33,1,3.0,11.0,15.33,102.0,0.17099999999999999,-0.1299999999999999
2025,6,Jalen Tolbert,DAL,CAR,WR3,rec_yds,24.72,8,0.324,21.0,24.0,105.0,0.17099999999999999,0.05999999999999994
2025,6,Jalen Tolbert,DAL,CAR,WR3,td,0.22,0,0.0,27.5,24.0,105.0,0.17099999999999999,0.05999999999999994
2025,6,Bryce Young,CAR,DAL,QB1,pass_yds,200.61,199,0.992,3.0,1.6,106.0,0.135,0.04200000000000004
2025,6,Bryce Young,CAR,DAL,QB1,pass_td,1.44,3,2.077,2.0,1.6,106.0,0.135,0.04200000000000004
2025,6,Rico Dowdle,CAR,DAL,RB1,rush_yds,71.28,183,2.567,17.0,8.2,97.0,0.135,0.25200000000000006
2025,6,Rico Dowdle,CAR,DAL,RB1,rush_att,14.11,30,2.126,17.0,8.2,97.0,0.135,0.25200000000000006
2025,6,Rico Dowdle,CAR,DAL,RB1,td,0.33,1,3.0,6.0,8.2,97.0,0.135,0.25200000000000006
2025,6,Tommy Tremble,CAR,DAL,TE1,td,0.22,0,0.0,11.0,14.0,102.0,0.135,0.17200000000000015
2025,6,Tetairoa McMillan,CAR,DAL,WR1,rec_yds,70.2,29,0.413,14.0,11.5,100.0,0.135,0.016000000000000014
2025,6,Xavier Legette,CAR,DAL,WR3,rec_yds,26.0,11,0.423,9.0,10.83,105.0,0.135,0.0
2025,6,Xavier Legette,CAR,DAL,WR3,td,0.21,0,0.0,20.0,10.83,105.0,0.135,0.0
2025,6,Hunter Renfrow,CAR,DAL,WR2,td,0.4,0,0.0,17.5,8.0,107.0,0.135,-0.10600000000000004
2025,6,Dillon Gabriel,CLE,PIT,QB1,pass_yds,69.67,221,3.172,4.0,12.3,102.0,-0.154,0.6199999999999999
2025,6,Dillon Gabriel,CLE,PIT,QB1,pass_td,1.0,0,0.0,20.5,12.3,102.0,-0.154,0.6199999999999999
2025,6,Quinshon Judkins,CLE,PIT,RB1,rush_yds,86.75,36,0.415,14.0,17.8,100.0,-0.154,0.07000000000000006
2025,6,Quinshon Judkins,CLE,PIT,RB1,rush_att,18.0,12,0.667,14.0,17.8,100.0,-0.154,0.07000000000000006
2025,6,Quinshon Judkins,CLE,PIT,RB1,td,0.5,0,0.0,26.0,17.8,100.0,-0.154,0.07000000000000006
2025,6,Jerome Ford,CLE,PIT,RB2,rush_yds,22.94,17,0.741,26.0,18.6,97.0,-0.154,-0.03400000000000003
2025,6,Harold Fannin,CLE,PIT,TE1,rec_yds,34.6,81,2.341,15.0,8.0,105.0,-0.154,0.06399999999999995
2025,6,Harold Fannin,CLE,PIT,TE1,td,0.2,0,0.0,1.0,8.0,105.0,-0.154,0.06399999999999995
2025,6,Jerry Jeudy,CLE,PIT,WR1,rec_yds,66.94,43,0.642,4.0,12.0,95.0,-0.154,0.038000000000000145
2025,6,Jerry Jeudy,CLE,PIT,WR1,td,0.17,0,0.0,27.0,12.0,95.0,-0.154,0.038000000000000145
2025,6,Isaiah Bond,CLE,PIT,WR2,rec_yds,22.8,9,0.395,19.0,15.5,104.0,-0.154,0.08399999999999991
2025,6,Aaron Rodgers,PIT,CLE,QB1,pass_yds,210.12,235,1.118,26.0,22.7,101.0,-0.05700000000000001,0.012499999999999956
2025,6,Aaron Rodgers,PIT,CLE,QB1,pass_td,1.81,2,1.103,9.0,22.7,101.0,-0.05700000000000001,0.012499999999999956
2025,6,Jaylen Warren,PIT,CLE,RB1,rush_yds,39.86,52,1.305,29.0,27.0,102.0,-0.05700000000000001,0.19000000000000006
2025,6,Jaylen Warren,PIT,CLE,RB1,rush_att,10.79,11,1.02,29.0,27.0,102.0,-0.05700000000000001,0.19000000000000006
2025,6,Jaylen Warren,PIT,CLE,RB1,rec_yds,35.57,11,0.309,32.0,27.0,102.0,-0.05700000000000001,0.19000000000000006
2025,6,Jaylen Warren,PIT,CLE,RB1,td,0.21,0,0.0,12.0,27.0,102.0,-0.05700000000000001,0.19000000000000006
2025,6,Kenneth Gainwell,PIT,CLE,RB2,rush_yds,29.62,22,0.743,21.0,26.9,99.0,-0.05700000000000001,0.2725
2025,6,Kenneth Gainwell,PIT,CLE,RB2,td,0.44,0,0.0,29.5,26.9,99.0,-0.05700000000000001,0.2725
2025,6,Jonnu Smith,PIT,CLE,TE1,rec_yds,42.44,18,0.424,32.0,25.33,99.0,-0.05700000000000001,-0.32500000000000007
2025,6,Jonnu Smith,PIT,CLE,TE1,td,0.56,0,0.0,16.5,25.33,99.0,-0.05700000000000001,-0.32500000000000007
2025,6,D.K. Metcalf,PIT,CLE,WR1,rec_yds,59.12,95,1.607,17.5,21.17,100.0,-0.05700000000000001,-0.09250000000000003
2025,6,D.K. Metcalf,PIT,CLE,WR1,td,0.5,1,2.0,17.5,21.17,100.0,-0.05700000000000001,-0.09250000000000003
2025,6,Jacoby Brissett,ARI,IND,QB1,pass_yds,75.09,320,4.262,11.0,16.0,102.0,0.0010000000000000009,0.010000000000000002
2025,6,Michael Carter,ARI,IND,RB1,rush_yds,33.57,34,1.013,12.0,16.0,100.0,0.0010000000000000009,0.255
2025,6,Michael Carter,ARI,IND,RB1,rush_att,10.43,9,0.863,12.0,16.0,100.0,0.0010000000000000009,0.255
2025,6,Michael Carter,ARI,IND,RB1,td,0.43,0,0.0,22.5,16.0,100.0,0.0010000000000000009,0.255
2025,6,Trey McBride,ARI,IND,TE1,rec_yds,67.5,72,1.067,19.0,22.17,105.0,0.0010000000000000009,-0.02400000000000002
2025,6,Trey McBride,ARI,IND,TE1,td,0.22,1,4.5,28.5,22.17,105.0,0.0010000000000000009,-0.02400000000000002
2025,6,Michael Wilson,ARI,IND,WR2,rec_yds,20.5,44,2.146,14.0,15.5,104.0,0.0010000000000000009,-0.061999999999999944
2025,6,Michael Wilson,ARI,IND,WR2,td,0.17,0,0.0,13.0,15.5,104.0,0.0010000000000000009,-0.061999999999999944
2025,6,Marvin Harrison Jr.,ARI,IND,WR1,rec_yds,58.44,32,0.548,9.0,16.33,95.0,0.0010000000000000009,-0.11599999999999999
2025,6,Marvin Harrison Jr.,ARI,IND,WR1,td,0.39,0,0.0,24.5,16.33,95.0,0.0010000000000000009,-0.11599999999999999
2025,6,Daniel Jones,IND,ARI,QB1,pass_yds,238.11,212,0.89,8.0,17.8,95.0,0.16699999999999998,-0.06399999999999995
2025,6,Daniel Jones,IND,ARI,QB1,pass_td,1.0,2,2.0,31.5,17.8,95.0,0.16699999999999998,-0.06399999999999995
2025,6,Jonathan Taylor,IND,ARI,RB1,rush_yds,104.94,123,1.172,16.0,9.2,96.0,0.16699999999999998,-0.06800000000000006
2025,6,Jonathan Taylor,IND,ARI,RB1,rush_att,21.44,21,0.979,16.0,9.2,96.0,0.16699999999999998,-0.06800000000000006
2025,6,Jonathan Taylor,IND,ARI,RB1,td,1.17,1,0.857,17.0,9.2,96.0,0.16699999999999998,-0.06800000000000006
2025,6,Ameer Abdullah,IND,ARI,RB2,rush_yds,25.4,7,0.276,10.0,15.9,103.0,0.16699999999999998,
2025,6,Ameer Abdullah,IND,ARI,RB2,td,0.6,0,0.0,7.5,15.9,103.0,0.16699999999999998,
2025,6,Tyler Warren,IND,ARI,TE1,rec_yds,61.4,63,1.026,21.0,24.33,103.0,0.16699999999999998,-0.07800000000000007
2025,6,Tyler Warren,IND,ARI,TE1,td,0.4,1,2.5,32.0,24.33,103.0,0.16699999999999998,-0.07800000000000007
2025,6,Alec Pierce,IND,ARI,WR3,rec_yds,55.14,48,0.87,31.0,29.5,98.0,0.16699999999999998,-0.20333333333333325
2025,6,Alec Pierce,IND,ARI,WR3,td,0.29,0,0.0,27.5,29.5,98.0,0.16699999999999998,-0.20333333333333325
2025,6,Josh Downs,IND,ARI,WR2,rec_yds,44.56,42,0.943,20.0,14.67,95.0,0.16699999999999998,-0.039999999999999925
2025,6,Michael Pittman Jr.,IND,ARI,WR1,rec_yds,55.67,20,0.359,5.0,13.5,107.0,0.16699999999999998,-0.02200000000000002
2025,6,Michael Pittman Jr.,IND,ARI,WR1,td,0.5,0,0.0,31.5,13.5,107.0,0.16699999999999998,-0.02200000000000002
2025,6,Sam Darnold,SEA,JAX,QB1,pass_yds,259.44,295,1.137,1.0,5.8,106.0,-0.041,0.06400000000000006
2025,6,Sam Darnold,SEA,JAX,QB1,pass_td,2.0,2,1.0,7.5,5.8,106.0,-0.041,0.06400000000000006
2025,6,Kenneth Walker III,SEA,JAX,RB1,rush_yds,57.28,34,0.594,15.0,10.7,97.0,-0.041,-0.004000000000000059
2025,6,Kenneth Walker III,SEA,JAX,RB1,rush_att,14.0,10,0.714,15.0,10.7,97.0,-0.041,-0.004000000000000059
2025,6,Kenneth Walker III,SEA,JAX,RB1,td,0.56,0,0.0,13.5,10.7,97.0,-0.041,-0.004000000000000059
2025,6,Zach Charbonnet,SEA,JAX,RB2,rush_yds,38.75,24,0.619,20.0,7.9,106.0,-0.041,0.020000000000000018
2025,6,Zach Charbonnet,SEA,JAX,RB2,rush_att,10.62,12,1.129,20.0,7.9,106.0,-0.041,0.020000000000000018
2025,6,Zach Charbonnet,SEA,JAX,RB2,td,0.62,0,0.0,5.0,7.9,106.0,-0.041,0.020000000000000018
2025,6,Jaxon Smith-Njigba,SEA,JAX,WR1,rec_yds,90.56,162,1.789,2.0,6.0,100.0,-0.041,0.17800000000000005
2025,6,Jaxon Smith-Njigba,SEA,JAX,WR1,td,0.39,1,2.571,14.0,6.0,100.0,-0.041,0.17800000000000005
2025,6,AJ Barner,SEA,JAX,TE1,rec_yds,22.67,71,3.132,14.0,11.33,102.0,-0.041,0.01200000000000001
2025,6,AJ Barner,SEA,JAX,TE1,td,0.61,0,0.0,4.5,11.33,102.0,-0.041,0.01200000000000001
2025,6,Cooper Kupp,SEA,JAX,WR2,rec_yds,47.22,40,0.847,1.0,13.67,107.0,-0.041,0.14200000000000002
2025,6,Cooper Kupp,SEA,JAX,WR2,td,0.22,1,4.5,22.0,13.67,107.0,-0.041,0.14200000000000002
2025,6,Tory Horton,SEA,JAX,WR3,rec_yds,28.25,0,0.0,26.0,22.33,105.0,-0.041,0.05499999999999999
2025,6,Tory Horton,SEA,JAX,WR3,td,0.75,0,0.0,20.0,22.33,105.0,-0.041,0.05499999999999999
2025,6,Trevor Lawrence,JAX,SEA,QB1,pass_yds,210.83,258,1.224,9.0,17.3,86.0,-0.07400000000000001,0.0
2025,6,Trevor Lawrence,JAX,SEA,QB1,pass_td,1.22,2,1.636,14.0,17.3,86.0,-0.07400000000000001,0.0
2025,6,Travis Etienne,JAX,SEA,RB1,rush_yds,66.11,27,0.408,26.0,14.3,97.0,-0.07400000000000001,-0.010000000000000009
2025,6,Travis Etienne,JAX,SEA,RB1,rush_att,13.61,12,0.882,26.0,14.3,97.0,-0.07400000000000001,-0.010000000000000009
2025,6,Travis Etienne,JAX,SEA,RB1,td,0.33,0,0.0,29.0,14.3,97.0,-0.07400000000000001,-0.010000000000000009
2025,6,Bhayshul Tuten,JAX,SEA,RB2,td,0.4,0,0.0,17.5,10.0,97.0,-0.07400000000000001,0.023999999999999994
2025,6,Brian Thomas,JAX,SEA,WR1,rec_yds,65.28,90,1.379,21.0,15.33,93.0,-0.07400000000000001,0.06400000000000006
2025,6,Brian Thomas,JAX,SEA,WR1,td,0.39,1,2.571,14.0,15.33,93.0,-0.07400000000000001,0.06400000000000006
2025,6,Parker Washington,JAX,SEA,WR3,rec_yds,35.94,29,0.807,19.5,14.17,91.0,-0.07400000000000001,-0.2549999999999999
2025,6,Parker Washington,JAX,SEA,WR3,td,0.31,0,0.0,9.5,14.17,91.0,-0.07400000000000001,-0.2549999999999999
2025,6,Hunter Long,JAX,SEA,TE1,td,0.27,0,0.0,23.0,12.67,89.0,-0.07400000000000001,0.2975
2025,6,Travis Hunter,JAX,SEA,WR2,rec_yds,36.4,15,0.412,24.0,14.0,96.0,-0.07400000000000001,0.07199999999999995
2025,6,Justin Herbert,LAC,MIA,QB1,pass_yds,246.61,264,1.071,21.0,16.7,86.0,0.071,-0.07199999999999995
2025,6,Justin Herbert,LAC,MIA,QB1,pass_td,1.56,2,1.286,17.5,16.7,86.0,0.071,-0.07199999999999995
2025,6,Hassan Haskins,LAC,MIA,RB2,td,0.3,0,0.0,24.0,13.8,97.0,0.071,
2025,6,Ladd McConkey,LAC,MIA,WR2,rec_yds,63.06,100,1.586,31.0,26.83,96.0,0.071,-0.05600000000000005
2025,6,Ladd McConkey,LAC,MIA,WR2,td,0.28,1,3.6,17.5,26.83,96.0,0.071,-0.05600000000000005
2025,6,Oronde Gadsden II,LAC,MIA,TE1,rec_yds,25.33,68,2.684,6.0,13.67,89.0,0.071,0.11333333333333334
2025,6,Keenan Allen,LAC,MIA,WR1,rec_yds,60.06,27,0.45,29.0,23.67,93.0,0.071,-0.05599999999999994
2025,6,Keenan Allen,LAC,MIA,WR1,td,0.61,0,0.0,17.5,23.67,93.0,0.071,-0.05599999999999994
2025,6,Tua Tagovailoa,MIA,LAC,QB1,pass_yds,231.44,205,0.886,28.0,18.7,95.0,-0.098,0.03799999999999992
2025,6,Tua Tagovailoa,MIA,LAC,QB1,pass_td,2.0,1,0.5,30.0,18.7,95.0,-0.098,0.03799999999999992
2025,6,Jaylen Waddle,MIA,LAC,WR1,rec_yds,56.67,95,1.676,7.0,6.5,107.0,-0.098,0.06400000000000006
2025,6,Jaylen Waddle,MIA,LAC,WR1,td,0.44,0,0.0,9.5,6.5,107.0,-0.098,0.06400000000000006
2025,6,De'Von Achane,MIA,LAC,RB1,rush_yds,54.11,128,2.366,22.0,26.2,96.0,-0.098,0.05799999999999994
2025,6,De'Von Achane,MIA,LAC,RB1,rush_att,12.11,16,1.321,22.0,26.2,96.0,-0.098,0.05799999999999994
2025,6,De'Von Achane,MIA,LAC,RB1,rec_yds,34.5,22,0.638,30.0,26.2,96.0,-0.098,0.05799999999999994
2025,6,De'Von Achane,MIA,LAC,RB1,td,0.83,2,2.4,32.0,26.2,96.0,-0.098,0.05799999999999994
2025,6,Ollie Gordon,MIA,LAC,RB2,td,0.2,0,0.0,17.5,17.5,103.0,-0.098,0.02400000000000002
2025,6,Darren Waller,MIA,LAC,TE1,rec_yds,52.5,12,0.229,29.0,25.0,103.0,-0.098,0.14999999999999997
2025,6,Darren Waller,MIA,LAC,TE1,td,1.5,1,0.667,16.5,25.0,103.0,-0.098,0.14999999999999997
2025,6,Nick Westbrook-Ikhine,MIA,LAC,WR3,rec_yds,29.29,0,0.0,4.0,10.67,98.0,-0.098,0.0733333333333333
2025,6,Nick Westbrook-Ikhine,MIA,LAC,WR3,td,0.36,0,0.0,7.0,10.67,98.0,-0.098,0.0733333333333333
2025,6,Drake Maye,NE,NO,QB1,pass_yds,223.78,261,1.166,12.0,13.3,106.0,0.109,0.02400000000000002
2025,6,Drake Maye,NE,NO,QB1,pass_td,1.28,3,2.348,14.0,13.3,106.0,0.109,0.02400000000000002
2025,6,TreVeyon Henderson,NE,NO,RB2,rush_yds,24.2,27,1.116,5.0,20.3,106.0,0.109,0.11199999999999999
2025,6,TreVeyon Henderson,NE,NO,RB2,td,0.2,0,0.0,27.5,20.3,106.0,0.109,0.11199999999999999
2025,6,Rhamondre Stevenson,NE,NO,RB1,rush_yds,36.5,18,0.493,13.0,7.9,97.0,0.109,-0.030000000000000027
2025,6,Rhamondre Stevenson,NE,NO,RB1,rec_yds,23.06,0,0.0,12.0,7.9,97.0,0.109,-0.030000000000000027
2025,6,Rhamondre Stevenson,NE,NO,RB1,td,0.39,0,0.0,1.0,7.9,97.0,0.109,-0.030000000000000027
2025,6,Kayshon Boutte,NE,NO,WR2,rec_yds,44.56,93,2.087,8.5,17.17,107.0,0.109,-0.10199999999999998
2025,6,Kayshon Boutte,NE,NO,WR2,td,0.22,2,9.0,22.0,17.17,107.0,0.109,-0.10199999999999998
2025,6,DeMario Douglas,NE,NO,WR3,rec_yds,23.44,71,3.029,14.0,18.33,105.0,0.109,-0.10749999999999998
2025,6,DeMario Douglas,NE,NO,WR3,td,0.25,1,4.0,27.5,18.33,105.0,0.109,-0.10749999999999998
2025,6,Stefon Diggs,NE,NO,WR1,rec_yds,67.44,28,0.415,13.0,10.83,100.0,0.109,-0.018000000000000016
2025,6,Stefon Diggs,NE,NO,WR1,td,0.22,0,0.0,4.0,10.83,100.0,0.109,-0.018000000000000016
2025,6,Hunter Henry,NE,NO,TE1,rec_yds,45.33,27,0.596,8.0,9.67,102.0,0.109,0.026000000000000023
2025,6,Hunter Henry,NE,NO,TE1,td,0.39,0,0.0,11.0,9.67,102.0,0.109,0.026000000000000023
2025,6,Spencer Rattler,NO,NE,QB1,pass_yds,193.94,227,1.17,16.0,20.2,102.0,-0.12,-0.04000000000000015
2025,6,Spencer Rattler,NO,NE,QB1,pass_td,0.94,0,0.0,7.5,20.2,102.0,-0.12,-0.04000000000000015
2025,6,Alvin Kamara,NO,NE,RB1,rush_yds,60.44,31,0.513,19.0,15.7,100.0,-0.12,-0.17599999999999993
2025,6,Alvin Kamara,NO,NE,RB1,rush_att,15.0,10,0.667,19.0,15.7,100.0,-0.12,-0.17599999999999993
2025,6,Alvin Kamara,NO,NE,RB1,rec_yds,25.5,45,1.765,13.0,15.7,100.0,-0.12,-0.17599999999999993
2025,6,Alvin Kamara,NO,NE,RB1,td,0.17,0,0.0,6.0,15.7,100.0,-0.12,-0.17599999999999993
2025,6,Kendre Miller,NO,NE,RB2,rush_yds,29.88,21,0.703,8.0,20.7,97.0,-0.12,0.136
2025,6,Kendre Miller,NO,NE,RB2,td,0.19,0,0.0,17.5,20.7,97.0,-0.12,0.136
2025,6,Chris Olave,NO,NE,WR1,rec_yds,49.33,98,1.986,16.0,19.5,95.0,-0.12,-0.1260000000000001
2025,6,Chris Olave,NO,NE,WR1,td,0.17,0,0.0,21.5,19.5,95.0,-0.12,-0.1260000000000001
2025,6,Rashid Shaheed,NO,NE,WR2,rec_yds,57.81,28,0.484,22.0,15.33,104.0,-0.12,-0.061999999999999944
2025,6,Rashid Shaheed,NO,NE,WR2,td,0.44,0,0.0,8.0,15.33,104.0,-0.12,-0.061999999999999944
2025,6,Brandin Cooks,NO,NE,WR3,rec_yds,22.56,21,0.931,13.0,17.0,118.0,-0.12,-0.24799999999999994
2025,6,Juwan Johnson,NO,NE,TE1,rec_yds,42.5,15,0.353,9.0,13.67,105.0,-0.12,-0.06999999999999995
2025,6,Juwan Johnson,NO,NE,TE1,td,0.22,0,0.0,16.5,13.67,105.0,-0.12,-0.06999999999999995
2025,6,Matthew Stafford,LAR,BAL,QB1,pass_yds,266.61,181,0.679,2.0,7.8,106.0,0.172,0.0
2025,6,Matthew Stafford,LAR,BAL,QB1,pass_td,1.83,1,0.545,2.0,7.8,106.0,0.172,0.0
2025,6,Kyren Williams,LAR,BAL,RB1,rush_yds,79.61,50,0.628,32.0,19.7,97.0,0.172,0.1359999999999999
2025,6,Kyren Williams,LAR,BAL,RB1,rush_att,17.72,13,0.734,32.0,19.7,97.0,0.172,0.1359999999999999
2025,6,Kyren Williams,LAR,BAL,RB1,td,0.78,1,1.286,20.0,19.7,97.0,0.172,0.1359999999999999
2025,6,Blake Corum,LAR,BAL,RB2,rush_yds,21.83,23,1.053,3.0,6.2,106.0,0.172,-0.12800000000000003
2025,6,Tyler Higbee,LAR,BAL,TE1,rec_yds,21.11,40,1.895,4.0,11.17,102.0,0.172,-0.06666666666666665
2025,6,Tyler Higbee,LAR,BAL,TE1,td,0.22,1,4.5,23.0,11.17,102.0,0.172,-0.06666666666666665
2025,6,Davante Adams,LAR,BAL,WR2,rec_yds,77.39,39,0.504,28.0,20.33,107.0,0.172,0.0019999999999998908
2025,6,Davante Adams,LAR,BAL,WR2,td,0.67,0,0.0,8.0,20.33,107.0,0.172,0.0019999999999998908
2025,6,Puka Nacua,LAR,BAL,WR1,rec_yds,111.89,28,0.25,1.0,2.0,100.0,0.172,0.136
2025,6,Puka Nacua,LAR,BAL,WR1,td,0.56,0,0.0,4.0,2.0,100.0,0.172,0.136
2025,6,Jordan Whittington,LAR,BAL,WR3,rec_yds,29.44,23,0.781,16.0,10.0,105.0,0.172,-0.16800000000000004
2025,6,Cooper Rush,BAL,LAR,QB1,pass_yds,152.79,72,0.471,10.0,13.2,95.0,-0.030000000000000006,0.5533333333333335
2025,6,Cooper Rush,BAL,LAR,QB1,pass_td,0.79,0,0.0,11.0,13.2,95.0,-0.030000000000000006,0.5533333333333335
2025,6,Derrick Henry,BAL,LAR,RB1,rush_yds,83.5,122,1.461,5.0,14.4,96.0,-0.030000000000000006,0.1100000000000001
2025,6,Derrick Henry,BAL,LAR,RB1,rush_att,15.83,24,1.516,5.0,14.4,96.0,-0.030000000000000006,0.1100000000000001
2025,6,Derrick Henry,BAL,LAR,RB1,td,0.72,0,0.0,31.0,14.4,96.0,-0.030000000000000006,0.1100000000000001
2025,6,Justice Hill,BAL,LAR,RB2,td,0.33,0,0.0,27.5,25.3,103.0,-0.030000000000000006,-0.14600000000000002
2025,6,Mark Andrews,BAL,LAR,TE1,rec_yds,38.0,24,0.632,2.0,4.0,103.0,-0.030000000000000006,-0.1180000000000001
2025,6,Mark Andrews,BAL,LAR,TE1,td,0.61,0,0.0,6.0,4.0,103.0,-0.030000000000000006,-0.1180000000000001
2025,6,Zay Flowers,BAL,LAR,WR1,rec_yds,64.39,46,0.714,3.0,10.5,107.0,-0.030000000000000006,-0.01200000000000001
2025,6,Zay Flowers,BAL,LAR,WR1,td,0.17,0,0.0,4.0,10.5,107.0,-0.030000000000000006,-0.01200000000000001
2025,6,DeAndre Hopkins,BAL,LAR,WR3,rec_yds,35.44,20,0.564,18.0,24.83,98.0,-0.030000000000000006,-0.014000000000000012
2025,6,DeAndre Hopkins,BAL,LAR,WR3,td,0.33,0,0.0,30.5,24.83,98.0,-0.030000000000000006,-0.014000000000000012
2025,6,Rashod Bateman,BAL,LAR,WR2,rec_yds,31.0,8,0.258,25.0,20.33,95.0,-0.030000000000000006,0.10400000000000009
2025,6,Rashod Bateman,BAL,LAR,WR2,td,0.44,0,0.0,22.0,20.33,95.0,-0.030000000000000006,0.10400000000000009
2025,6,Cam Ward,TEN,LV,QB1,pass_yds,175.8,222,1.263,15.0,15.8,106.0,-0.12,0.0
2025,6,Tony Pollard,TEN,LV,RB1,rush_yds,61.83,34,0.55,27.0,21.2,97.0,-0.12,-0.1259999999999999
2025,6,Tony Pollard,TEN,LV,RB1,rush_att,15.67,10,0.638,27.0,21.2,97.0,-0.12,-0.1259999999999999
2025,6,Tony Pollard,TEN,LV,RB1,td,0.33,0,0.0,11.0,21.2,97.0,-0.12,-0.1259999999999999
2025,6,Tyjae Spears,TEN,LV,RB2,rush_yds,25.3,31,1.225,7.0,17.9,106.0,-0.12,
2025,6,Tyjae Spears,TEN,LV,RB2,td,0.4,0,0.0,7.5,17.9,106.0,-0.12,
2025,6,Chig Okonkwo,TEN,LV,TE1,rec_yds,36.89,46,1.247,11.0,14.33,102.0,-0.12,-0.09599999999999997
2025,6,Elic Ayomanor,TEN,LV,WR2,rec_yds,33.8,27,0.799,12.0,16.67,107.0,-0.12,-0.040000000000000036
2025,6,Elic Ayomanor,TEN,LV,WR2,td,0.4,0,0.0,28.0,16.67,107.0,-0.12,-0.040000000000000036
2025,6,Calvin Ridley,TEN,LV,WR1,rec_yds,59.89,18,0.301,26.0,20.17,100.0,-0.12,-0.11599999999999999
2025,6,Geno Smith,LV,TEN,QB1,pass_yds,228.44,174,0.762,31.0,20.3,95.0,-0.08800000000000001,0.0
2025,6,Geno Smith,LV,TEN,QB1,pass_td,1.22,1,0.818,22.5,20.3,95.0,-0.08800000000000001,0.0
2025,6,Ashton Jeanty,LV,TEN,RB1,rush_yds,69.8,75,1.074,21.0,18.5,96.0,-0.08800000000000001,-0.1439999999999999
2025,6,Ashton Jeanty,LV,TEN,RB1,rush_att,16.4,23,1.402,21.0,18.5,96.0,-0.08800000000000001,-0.1439999999999999
2025,6,Ashton Jeanty,LV,TEN,RB1,td,0.8,1,1.25,6.0,18.5,96.0,-0.08800000000000001,-0.1439999999999999
2025,6,Tre Tucker,LV,TEN,WR2,rec_yds,47.44,70,1.475,23.0,15.67,95.0,-0.08800000000000001,-0.04200000000000004
2025,6,Tre Tucker,LV,TEN,WR2,td,0.56,0,0.0,8.0,15.67,95.0,-0.08800000000000001,-0.04200000000000004
2025,6,Jakobi Meyers,LV,TEN,WR1,rec_yds,65.39,39,0.596,20.0,19.0,107.0,-0.08800000000000001,-0.05399999999999994
2025,6,Jack Bech,LV,TEN,WR3,rec_yds,20.0,0,0.0,22.0,26.67,98.0,-0.08800000000000001,0.25333333333333335
2025,6,Raheem Mostert,LV,TEN,RB2,rush_yds,24.0,-4,-0.167,1.0,9.6,103.0,-0.08800000000000001,0.15999999999999998
2025,6,Joe Flacco,CIN,GB,QB1,pass_yds,226.07,219,0.969,18.5,23.8,106.0,0.05399999999999999,-0.0050000000000000044
2025,6,Joe Flacco,CIN,GB,QB1,pass_td,1.07,2,1.875,24.0,23.8,106.0,0.05399999999999999,-0.0050000000000000044
2025,6,Chase Brown,CIN,GB,RB1,rush_yds,52.83,42,0.795,24.0,19.4,97.0,0.05399999999999999,-0.12399999999999989
2025,6,Chase Brown,CIN,GB,RB1,rush_att,15.61,9,0.577,24.0,19.4,97.0,0.05399999999999999,-0.12399999999999989
2025,6,Chase Brown,CIN,GB,RB1,rec_yds,27.17,7,0.258,24.0,19.4,97.0,0.05399999999999999,-0.12399999999999989
2025,6,Chase Brown,CIN,GB,RB1,td,0.44,0,0.0,15.0,19.4,97.0,0.05399999999999999,-0.12399999999999989
2025,6,Tee Higgins,CIN,GB,WR2,rec_yds,53.78,62,1.153,16.0,19.17,107.0,0.05399999999999999,0.11399999999999988
2025,6,Tee Higgins,CIN,GB,WR2,td,0.67,0,0.0,29.0,19.17,107.0,0.05399999999999999,0.11399999999999988
2025,6,Noah Fant,CIN,GB,TE1,rec_yds,33.0,27,0.818,1.0,7.17,102.0,0.05399999999999999,-0.03666666666666668
2025,6,Noah Fant,CIN,GB,TE1,td,0.21,0,0.0,19.5,7.17,102.0,0.05399999999999999,-0.03666666666666668
2025,6,Andrei Iosivas,CIN,GB,WR3,rec_yds,36.57,5,0.137,10.0,6.67,105.0,0.05399999999999999,0.0
2025,6,Ja'Marr Chase,CIN,GB,WR1,rec_yds,96.61,94,0.973,32.0,22.0,100.0,0.05399999999999999,0.006000000000000005
2025,6,Ja'Marr Chase,CIN,GB,WR1,td,0.89,1,1.125,12.0,22.0,100.0,0.05399999999999999,0.006000000000000005
2025,6,Jordan Love,GB,CIN,QB1,pass_yds,223.06,259,1.161,6.0,8.3,102.0,0.248,0.0
2025,6,Jordan Love,GB,CIN,QB1,pass_td,1.62,1,0.615,2.0,8.3,102.0,0.248,0.0
2025,6,Josh Jacobs,GB,CIN,RB1,rush_yds,68.69,93,1.354,8.0,14.4,100.0,0.248,-0.09250000000000003
2025,6,Josh Jacobs,GB,CIN,RB1,rush_att,18.94,18,0.95,8.0,14.4,100.0,0.248,-0.09250000000000003
2025,6,Josh Jacobs,GB,CIN,RB1,rec_yds,28.25,57,2.018,23.0,14.4,100.0,0.248,-0.09250000000000003
2025,6,Josh Jacobs,GB,CIN,RB1,td,1.25,2,1.6,9.0,14.4,100.0,0.248,-0.09250000000000003
2025,6,Matthew Golden,GB,CIN,WR2,rec_yds,31.5,86,2.73,29.0,27.83,104.0,0.248,-0.0024999999999999467
2025,6,Emanuel Wilson,GB,CIN,RB2,rush_yds,28.14,11,0.391,9.0,5.0,97.0,0.248,0.10999999999999996
2025,6,Emanuel Wilson,GB,CIN,RB2,td,0.21,0,0.0,3.0,5.0,97.0,0.248,0.10999999999999996
2025,6,Romeo Doubs,GB,CIN,WR1,rec_yds,46.31,55,1.188,15.0,22.67,95.0,0.248,0.09000000000000008
2025,6,Romeo Doubs,GB,CIN,WR1,td,0.62,0,0.0,24.5,22.67,95.0,0.248,0.09000000000000008
2025,6,Tucker Kraft,GB,CIN,TE1,rec_yds,48.81,43,0.881,3.0,2.5,105.0,0.248,0.03499999999999992
2025,6,Tucker Kraft,GB,CIN,TE1,td,0.38,1,2.667,2.5,2.5,105.0,0.248,0.03499999999999992
2025,6,Dontayvion Wicks,GB,CIN,WR3,rec_yds,28.19,15,0.532,17.0,10.0,118.0,0.248,0.15749999999999997
2025,6,Mac Jones,SF,TB,QB1,pass_yds,246.71,347,1.406,5.0,5.6,106.0,0.103,0.0
2025,6,Mac Jones,SF,TB,QB1,pass_td,1.43,0,0.0,6.0,5.6,106.0,0.103,0.0
2025,6,Christian McCaffrey,SF,TB,RB1,rush_yds,54.71,54,0.987,30.0,21.6,97.0,0.103,0.04600000000000004
2025,6,Christian McCaffrey,SF,TB,RB1,rush_att,16.57,17,1.026,30.0,21.6,97.0,0.103,0.04600000000000004
2025,6,Christian McCaffrey,SF,TB,RB1,rec_yds,65.71,57,0.867,7.0,21.6,97.0,0.103,0.04600000000000004
2025,6,Christian McCaffrey,SF,TB,RB1,td,0.43,1,2.333,29.0,21.6,97.0,0.103,0.04600000000000004
2025,6,Kendrick Bourne,SF,TB,WR1,rec_yds,45.88,142,3.095,30.0,23.33,100.0,0.103,0.13750000000000007
2025,6,Jake Tonges,SF,TB,TE1,rec_yds,33.2,58,1.747,5.0,4.17,102.0,0.103,0.07399999999999995
2025,6,Jake Tonges,SF,TB,TE1,td,0.6,0,0.0,4.5,4.17,102.0,0.103,0.07399999999999995
2025,6,Demarcus Robinson,SF,TB,WR3,rec_yds,22.75,44,1.934,12.0,11.33,105.0,0.103,0.235
2025,6,Demarcus Robinson,SF,TB,WR3,td,0.17,0,0.0,20.0,11.33,105.0,0.103,0.235
2025,6,Brian Robinson Jr.,SF,TB,RB2,rush_yds,34.39,0,0.0,27.0,15.0,106.0,0.103,-0.02999999999999997
2025,6,Jauan Jennings,SF,TB,WR2,rec_yds,52.57,7,0.133,6.0,5.33,107.0,0.103,-0.023333333333333317
2025,6,Jauan Jennings,SF,TB,WR2,td,0.36,0,0.0,2.0,5.33,107.0,0.103,-0.023333333333333317
2025,6,Baker Mayfield,TB,SF,QB1,pass_yds,259.83,256,0.985,29.0,23.4,106.0,0.068,0.0
2025,6,Baker Mayfield,TB,SF,QB1,pass_td,2.11,2,0.947,14.0,23.4,106.0,0.068,0.0
2025,6,Rachaad White,TB,SF,RB1,rush_yds,36.39,65,1.786,9.0,8.0,97.0,0.068,0.39000000000000007
2025,6,Rachaad White,TB,SF,RB1,td,0.67,1,1.5,2.0,8.0,97.0,0.068,0.39000000000000007
2025,6,Cade Otton,TB,SF,TE1,rec_yds,41.69,51,1.223,22.0,17.67,102.0,0.068,0.007500000000000062
2025,6,Cade Otton,TB,SF,TE1,td,0.19,0,0.0,14.0,17.67,102.0,0.068,0.007500000000000062
2025,6,Sterling Shepard,TB,SF,WR2,rec_yds,33.61,51,1.517,11.0,13.33,107.0,0.068,-0.19600000000000012
2025,6,Emeka Egbuka,TB,SF,WR1,rec_yds,89.0,24,0.27,27.0,24.33,100.0,0.068,0.0039999999999998925
2025,6,Emeka Egbuka,TB,SF,WR1,td,1.0,0,0.0,29.0,24.33,100.0,0.068,0.0039999999999998925
2025,6,Jared Goff,DET,KC,QB1,pass_yds,273.5,203,0.742,23.0,14.2,95.0,0.06499999999999999,0.0239999999999998
2025,6,Jared Goff,DET,KC,QB1,pass_td,2.5,2,0.8,28.0,14.2,95.0,0.06499999999999999,0.0239999999999998
2025,6,Jahmyr Gibbs,DET,KC,RB1,rush_yds,74.17,65,0.876,31.0,27.1,96.0,0.06499999999999999,-0.09000000000000008
2025,6,Jahmyr Gibbs,DET,KC,RB1,rush_att,14.89,17,1.142,31.0,27.1,96.0,0.06499999999999999,-0.09000000000000008
2025,6,Jahmyr Gibbs,DET,KC,RB1,rec_yds,29.94,0,0.0,22.0,27.1,96.0,0.06499999999999999,-0.09000000000000008
2025,6,Jahmyr Gibbs,DET,KC,RB1,td,1.22,0,0.0,29.0,27.1,96.0,0.06499999999999999,-0.09000000000000008
2025,6,David Montgomery,DET,KC,RB2,rush_yds,56.28,24,0.426,13.5,20.7,103.0,0.06499999999999999,0.132
2025,6,David Montgomery,DET,KC,RB2,rush_att,12.39,4,0.323,13.5,20.7,103.0,0.06499999999999999,0.132
2025,6,David Montgomery,DET,KC,RB2,td,0.78,0,0.0,17.5,20.7,103.0,0.06499999999999999,0.132
2025,6,Amon-Ra St. Brown,DET,KC,WR1,rec_yds,86.28,45,0.522,25.0,22.5,107.0,0.06499999999999999,-0.05999999999999983
2025,6,Amon-Ra St. Brown,DET,KC,WR1,td,0.94,0,0.0,24.5,22.5,107.0,0.06499999999999999,-0.05999999999999983
2025,6,Jameson Williams,DET,KC,WR2,rec_yds,57.39,66,1.15,17.0,21.5,95.0,0.06499999999999999,-0.06600000000000017
2025,6,Jameson Williams,DET,KC,WR2,td,0.39,1,2.571,25.5,21.5,95.0,0.06499999999999999,-0.06600000000000017
2025,6,Sam LaPorta,DET,KC,TE1,rec_yds,53.56,55,1.027,7.0,15.5,103.0,0.06499999999999999,0.04599999999999982
2025,6,Sam LaPorta,DET,KC,TE1,td,0.39,1,2.571,28.5,15.5,103.0,0.06499999999999999,0.04599999999999982
2025,6,Patrick Mahomes,KC,DET,QB1,pass_yds,250.0,257,1.028,7.0,11.6,101.0,0.05399999999999999,0.016000000000000014
2025,6,Patrick Mahomes,KC,DET,QB1,pass_td,1.72,3,1.742,22.5,11.6,101.0,0.05399999999999999,0.016000000000000014
2025,6,Isiah Pacheco,KC,DET,RB1,rush_yds,37.41,51,1.363,28.0,22.2,102.0,0.05399999999999999,0.09199999999999997
2025,6,Isiah Pacheco,KC,DET,RB1,td,0.18,0,0.0,17.0,22.2,102.0,0.05399999999999999,0.09199999999999997
2025,6,Kareem Hunt,KC,DET,RB2,rush_yds,35.67,23,0.645,31.0,23.5,99.0,0.05399999999999999,-0.068
2025,6,Kareem Hunt,KC,DET,RB2,td,0.44,0,0.0,17.5,23.5,99.0,0.05399999999999999,-0.068
2025,6,Xavier Worthy,KC,DET,WR3,rec_yds,46.64,20,0.429,1.0,9.83,96.0,0.05399999999999999,0.3
2025,6,Xavier Worthy,KC,DET,WR3,td,0.29,1,3.5,27.5,9.83,96.0,0.05399999999999999,0.3
2025,6,Travis Kelce,KC,DET,TE1,rec_yds,48.56,78,1.606,23.0,20.0,99.0,0.05399999999999999,0.038000000000000145
2025,6,Travis Kelce,KC,DET,TE1,td,0.33,0,0.0,11.0,20.0,99.0,0.05399999999999999,0.038000000000000145
2025,6,JuJu Smith-Schuster,KC,DET,WR2,rec_yds,23.33,57,2.443,21.0,19.33,99.0,0.05399999999999999,-0.06599999999999995
2025,6,JuJu Smith-Schuster,KC,DET,WR2,td,0.17,0,0.0,17.5,19.33,99.0,0.05399999999999999,-0.06599999999999995
2025,6,Marquise Brown,KC,DET,WR1,rec_yds,50.42,45,0.893,8.0,7.17,100.0,0.05399999999999999,-0.16000000000000003
2025,6,Marquise Brown,KC,DET,WR1,td,0.17,2,12.0,6.0,7.17,100.0,0.05399999999999999,-0.16000000000000003
2025,6,Josh Allen,BUF,ATL,QB1,pass_yds,244.39,180,0.737,30.0,16.2,102.0,0.14900000000000002,0.026000000000000023
2025,6,Josh Allen,BUF,ATL,QB1,pass_td,1.78,2,1.125,5.0,16.2,102.0,0.14900000000000002,0.026000000000000023
2025,6,James Cook,BUF,ATL,RB1,rush_yds,78.5,87,1.108,25.0,22.2,100.0,0.14900000000000002,0.08999999999999986
2025,6,James Cook,BUF,ATL,RB1,rush_att,15.44,17,1.101,25.0,22.2,100.0,0.14900000000000002,0.08999999999999986
2025,6,James Cook,BUF,ATL,RB1,td,1.11,0,0.0,27.0,22.2,100.0,0.14900000000000002,0.08999999999999986
2025,6,Josh Palmer,BUF,ATL,WR3,rec_yds,34.78,60,1.725,28.0,23.0,118.0,0.14900000000000002,0.04600000000000004
2025,6,Khalil Shakir,BUF,ATL,WR2,rec_yds,48.33,33,0.683,27.0,11.67,104.0,0.14900000000000002,0.018000000000000127
2025,6,Khalil Shakir,BUF,ATL,WR2,td,0.33,0,0.0,1.0,11.67,104.0,0.14900000000000002,0.018000000000000127
2025,6,Dawson Knox,BUF,ATL,TE1,rec_yds,20.12,19,0.944,27.0,28.33,105.0,0.14900000000000002,0.040000000000000036
2025,6,Keon Coleman,BUF,ATL,WR1,rec_yds,46.28,11,0.238,12.0,13.67,95.0,0.14900000000000002,-0.07800000000000007
2025,6,Keon Coleman,BUF,ATL,WR1,td,0.33,0,0.0,20.0,13.67,95.0,0.14900000000000002,-0.07800000000000007
2025,6,Michael Penix,ATL,BUF,QB1,pass_yds,200.85,250,1.245,24.0,18.9,86.0,-0.016,0.057499999999999996
2025,6,Michael Penix,ATL,BUF,QB1,pass_td,0.69,1,1.444,17.5,18.9,86.0,-0.016,0.057499999999999996
2025,6,Bijan Robinson,ATL,BUF,RB1,rush_yds,90.75,170,1.873,7.0,10.0,97.0,-0.016,-0.0525000000000001
2025,6,Bijan Robinson,ATL,BUF,RB1,rush_att,18.56,19,1.024,7.0,10.0,97.0,-0.016,-0.0525000000000001
2025,6,Bijan Robinson,ATL,BUF,RB1,rec_yds,41.75,68,1.629,16.0,10.0,97.0,-0.016,-0.0525000000000001
2025,6,Bijan Robinson,ATL,BUF,RB1,td,0.88,1,1.143,9.0,10.0,97.0,-0.016,-0.0525000000000001
2025,6,Tyler Allgeier,ATL,BUF,RB2,rush_yds,36.5,32,0.877,22.0,13.4,97.0,-0.016,0.07250000000000001
2025,6,Tyler Allgeier,ATL,BUF,RB2,td,0.31,1,3.2,10.5,13.4,97.0,-0.016,0.07250000000000001
2025,6,Drake London,ATL,BUF,WR1,rec_yds,78.56,158,2.011,10.0,11.67,93.0,-0.016,-0.010000000000000009
2025,6,Drake London,ATL,BUF,WR1,td,0.31,1,3.2,14.0,11.67,93.0,-0.016,-0.010000000000000009
2025,6,Kyle Pitts,ATL,BUF,TE1,rec_yds,36.38,18,0.495,30.0,27.5,89.0,-0.016,-0.04499999999999993
2025,6,Kyle Pitts,ATL,BUF,TE1,td,0.19,0,0.0,23.0,27.5,89.0,-0.016,-0.04499999999999993
2025,6,Caleb Williams,CHI,WAS,QB1,pass_yds,225.62,252,1.117,22.0,19.9,102.0,0.22799999999999998,0.040000000000000036
2025,6,Caleb Williams,CHI,WAS,QB1,pass_td,1.69,1,0.593,17.5,19.9,102.0,0.22799999999999998,0.040000000000000036
2025,6,D'Andre Swift,CHI,WAS,RB1,rush_yds,48.06,108,2.247,6.0,13.8,100.0,0.22799999999999998,-0.0024999999999999467
2025,6,D'Andre Swift,CHI,WAS,RB1,rush_att,14.0,14,1.0,6.0,13.8,100.0,0.22799999999999998,-0.0024999999999999467
2025,6,D'Andre Swift,CHI,WAS,RB1,rec_yds,20.38,67,3.288,11.0,13.8,100.0,0.22799999999999998,-0.0024999999999999467
2025,6,D'Andre Swift,CHI,WAS,RB1,td,0.38,1,2.667,9.0,13.8,100.0,0.22799999999999998,-0.0024999999999999467
2025,6,D.J. Moore,CHI,WAS,WR3,rec_yds,57.12,42,0.735,25.0,21.17,118.0,0.22799999999999998,-0.08499999999999996
2025,6,D.J. Moore,CHI,WAS,WR3,td,0.31,0,0.0,9.5,21.17,118.0,0.22799999999999998,-0.08499999999999996
2025,6,Olamide Zaccheaus,CHI,WAS,WR2,rec_yds,32.5,24,0.738,13.0,8.83,104.0,0.22799999999999998,0.08250000000000002
2025,6,Olamide Zaccheaus,CHI,WAS,WR2,td,0.19,0,0.0,3.5,8.83,104.0,0.22799999999999998,0.08250000000000002
2025,6,Rome Odunze,CHI,WAS,WR1,rec_yds,57.0,32,0.561,11.0,14.0,95.0,0.22799999999999998,-0.1399999999999999
2025,6,Rome Odunze,CHI,WAS,WR1,td,0.75,0,0.0,17.5,14.0,95.0,0.22799999999999998,-0.1399999999999999
2025,6,Cole Kmet,CHI,WAS,TE1,rec_yds,26.06,0,0.0,18.0,17.67,105.0,0.22799999999999998,0.0675
2025,6,Cole Kmet,CHI,WAS,TE1,td,0.19,0,0.0,7.5,17.67,105.0,0.22799999999999998,0.0675
2025,6,Jayden Daniels,WAS,CHI,QB1,pass_yds,210.79,211,1.001,18.5,22.5,101.0,0.07,0.0
2025,6,Jayden Daniels,WAS,CHI,QB1,pass_td,1.71,3,1.75,20.5,22.5,101.0,0.07,0.0
2025,6,Jacory Croskey-Merritt,WAS,CHI,RB1,rush_yds,56.6,61,1.078,2.0,11.8,102.0,0.07,0.11599999999999999
2025,6,Jacory Croskey-Merritt,WAS,CHI,RB1,td,0.8,0,0.0,4.0,11.8,102.0,0.07,0.11599999999999999
2025,6,Jeremy McNichols,WAS,CHI,RB2,rush_yds,20.12,5,0.248,2.0,6.0,99.0,0.07,-0.007500000000000007
2025,6,Jeremy McNichols,WAS,CHI,RB2,td,0.19,0,0.0,6.0,6.0,99.0,0.07,-0.007500000000000007
2025,6,Zach Ertz,WAS,CHI,TE1,rec_yds,33.44,43,1.286,12.0,13.5,99.0,0.07,-0.10999999999999999
2025,6,Zach Ertz,WAS,CHI,TE1,td,0.56,1,1.8,19.5,13.5,99.0,0.07,-0.10999999999999999
2025,6,Deebo Samuel,WAS,CHI,WR1,rec_yds,48.0,15,0.312,31.0,21.33,100.0,0.07,0.03600000000000003
2025,6,Deebo Samuel,WAS,CHI,WR1,td,0.56,0,0.0,2.0,21.33,100.0,0.07,0.03600000000000003
2025,7,Aaron Rodgers,PIT,CIN,QB1,pass_yds,212.89,249,1.17,6.0,8.7,102.0,0.152,-0.030000000000000138
2025,7,Aaron Rodgers,PIT,CIN,QB1,pass_td,1.83,4,2.182,3.5,8.7,102.0,0.152,-0.030000000000000138
2025,7,Jaylen Warren,PIT,CIN,RB1,rush_yds,41.38,127,3.069,10.0,11.5,100.0,0.152,-0.06000000000000005
2025,7,Jaylen Warren,PIT,CIN,RB1,rush_att,10.81,16,1.48,10.0,11.5,100.0,0.152,-0.06000000000000005
2025,7,Jaylen Warren,PIT,CIN,RB1,rec_yds,32.5,31,0.954,15.0,11.5,100.0,0.152,-0.06000000000000005
2025,7,Jaylen Warren,PIT,CIN,RB1,td,0.19,0,0.0,3.0,11.5,100.0,0.152,-0.06000000000000005
2025,7,Kenneth Gainwell,PIT,CIN,RB2,rush_yds,28.78,14,0.486,9.5,6.5,97.0,0.152,-0.126
2025,7,Kenneth Gainwell,PIT,CIN,RB2,td,0.39,0,0.0,3.5,6.5,97.0,0.152,-0.126
2025,7,D.K. Metcalf,PIT,CIN,WR1,rec_yds,63.11,50,0.792,15.0,22.67,95.0,0.152,-0.04200000000000015
2025,7,D.K. Metcalf,PIT,CIN,WR1,td,0.56,0,0.0,26.0,22.67,95.0,0.152,-0.04200000000000015
2025,7,Jonnu Smith,PIT,CIN,TE1,rec_yds,39.72,28,0.705,3.0,2.33,105.0,0.152,0.09199999999999986
2025,7,Jonnu Smith,PIT,CIN,TE1,td,0.5,1,2.0,1.0,2.33,105.0,0.152,0.09199999999999986
2025,7,Joe Flacco,CIN,PIT,QB1,pass_yds,225.24,342,1.518,5.0,14.5,102.0,0.034,0.028000000000000136
2025,7,Joe Flacco,CIN,PIT,QB1,pass_td,1.18,3,2.55,24.5,14.5,102.0,0.034,0.028000000000000136
2025,7,Chase Brown,CIN,PIT,RB1,rush_yds,51.75,108,2.087,17.0,20.0,100.0,0.034,-0.09499999999999986
2025,7,Chase Brown,CIN,PIT,RB1,rush_att,14.95,11,0.736,17.0,20.0,100.0,0.034,-0.09499999999999986
2025,7,Chase Brown,CIN,PIT,RB1,rec_yds,25.15,-8,-0.318,12.0,20.0,100.0,0.034,-0.09499999999999986
2025,7,Chase Brown,CIN,PIT,RB1,td,0.4,0,0.0,27.0,20.0,100.0,0.034,-0.09499999999999986
2025,7,Ja'Marr Chase,CIN,PIT,WR1,rec_yds,96.35,161,1.671,7.0,13.33,95.0,0.034,0.07166666666666666
2025,7,Ja'Marr Chase,CIN,PIT,WR1,td,0.9,1,1.111,28.0,13.33,95.0,0.034,0.07166666666666666
2025,7,Tee Higgins,CIN,PIT,WR2,rec_yds,54.6,96,1.758,23.0,19.17,104.0,0.034,-0.046666666666666634
2025,7,Tee Higgins,CIN,PIT,WR2,td,0.6,1,1.667,19.5,19.17,104.0,0.034,-0.046666666666666634
2025,7,Andrei Iosivas,CIN,PIT,WR3,rec_yds,32.62,49,1.502,2.0,10.83,118.0,0.034,0.05249999999999999
2025,7,Noah Fant,CIN,PIT,TE1,rec_yds,32.25,44,1.364,8.0,5.0,105.0,0.034,0.09999999999999998
2025,7,Noah Fant,CIN,PIT,TE1,td,0.19,1,5.333,2.0,5.0,105.0,0.034,0.09999999999999998
2025,7,Matthew Stafford,LAR,JAX,QB1,pass_yds,258.05,182,0.705,1.0,6.4,106.0,0.06899999999999999,0.0
2025,7,Matthew Stafford,LAR,JAX,QB1,pass_td,1.75,5,2.857,6.0,6.4,106.0,0.06899999999999999,0.0
2025,7,Kyren Williams,LAR,JAX,RB1,rush_yds,76.65,54,0.705,18.0,13.3,97.0,0.06899999999999999,-0.02000000000000013
2025,7,Kyren Williams,LAR,JAX,RB1,rush_att,17.25,12,0.696,18.0,13.3,97.0,0.06899999999999999,-0.02000000000000013
2025,7,Kyren Williams,LAR,JAX,RB1,td,0.8,0,0.0,16.5,13.3,97.0,0.06899999999999999,-0.02000000000000013
2025,7,Blake Corum,LAR,JAX,RB2,rush_yds,21.95,37,1.686,20.0,8.3,106.0,0.06899999999999999,0.010000000000000009
2025,7,Davante Adams,LAR,JAX,WR1,rec_yds,73.55,35,0.476,1.0,4.67,100.0,0.06899999999999999,-0.04833333333333334
2025,7,Davante Adams,LAR,JAX,WR1,td,0.6,3,5.0,12.0,4.67,100.0,0.06899999999999999,-0.04833333333333334
2025,7,Tyler Higbee,LAR,JAX,TE1,rec_yds,24.55,19,0.774,10.0,10.67,102.0,0.06899999999999999,0.03249999999999997
2025,7,Tyler Higbee,LAR,JAX,TE1,td,0.36,0,0.0,4.5,10.67,102.0,0.06899999999999999,0.03249999999999997
2025,7,Jordan Whittington,LAR,JAX,WR2,rec_yds,28.72,9,0.313,1.0,12.83,107.0,0.06899999999999999,0.29333333333333333
2025,7,Trevor Lawrence,JAX,LAR,QB1,pass_yds,215.55,296,1.373,14.0,15.9,95.0,-0.030000000000000006,0.0
2025,7,Trevor Lawrence,JAX,LAR,QB1,pass_td,1.3,1,0.769,18.0,15.9,95.0,-0.030000000000000006,0.0
2025,7,Travis Etienne,JAX,LAR,RB1,rush_yds,62.2,44,0.707,3.0,15.0,96.0,-0.030000000000000006,0.016666666666666607
2025,7,Travis Etienne,JAX,LAR,RB1,rush_att,13.45,8,0.595,3.0,15.0,96.0,-0.030000000000000006,0.016666666666666607
2025,7,Travis Etienne,JAX,LAR,RB1,td,0.3,0,0.0,32.0,15.0,96.0,-0.030000000000000006,0.016666666666666607
2025,7,Bhayshul Tuten,JAX,LAR,RB2,td,0.33,0,0.0,27.5,23.5,103.0,-0.030000000000000006,-0.0383333333333333
2025,7,Parker Washington,JAX,LAR,WR3,rec_yds,35.17,52,1.479,19.0,23.83,98.0,-0.030000000000000006,-0.1479999999999999
2025,7,Parker Washington,JAX,LAR,WR3,td,0.28,0,0.0,30.5,23.83,98.0,-0.030000000000000006,-0.1479999999999999
2025,7,Travis Hunter,JAX,LAR,WR2,rec_yds,32.83,101,3.076,29.0,24.0,95.0,-0.030000000000000006,0.15166666666666662
2025,7,Brian Thomas,JAX,LAR,WR1,rec_yds,67.75,31,0.458,6.0,10.17,107.0,-0.030000000000000006,-0.05499999999999994
2025,7,Brian Thomas,JAX,LAR,WR1,td,0.45,0,0.0,5.5,10.17,107.0,-0.030000000000000006,-0.05499999999999994
2025,7,Hunter Long,JAX,LAR,TE1,td,0.24,0,0.0,6.5,6.17,103.0,-0.030000000000000006,0.3980000000000001
2025,7,Spencer Rattler,NO,CHI,QB1,pass_yds,197.42,233,1.18,20.0,19.7,101.0,-0.043000000000000003,-1.1102230246251565e-16
2025,7,Spencer Rattler,NO,CHI,QB1,pass_td,0.84,2,2.375,11.0,19.7,101.0,-0.043000000000000003,-1.1102230246251565e-16
2025,7,Alvin Kamara,NO,CHI,RB1,rush_yds,57.5,28,0.487,2.0,12.8,102.0,-0.043000000000000003,-0.09666666666666668
2025,7,Alvin Kamara,NO,CHI,RB1,rush_att,14.5,11,0.759,2.0,12.8,102.0,-0.043000000000000003,-0.09666666666666668
2025,7,Alvin Kamara,NO,CHI,RB1,rec_yds,27.45,1,0.036,26.0,12.8,102.0,-0.043000000000000003,-0.09666666666666668
2025,7,Alvin Kamara,NO,CHI,RB1,td,0.15,0,0.0,9.0,12.8,102.0,-0.043000000000000003,-0.09666666666666668
2025,7,Kendre Miller,NO,CHI,RB2,rush_yds,28.89,7,0.242,2.0,5.0,99.0,-0.043000000000000003,0.11333333333333334
2025,7,Kendre Miller,NO,CHI,RB2,td,0.17,0,0.0,6.0,5.0,99.0,-0.043000000000000003,0.11333333333333334
2025,7,Chris Olave,NO,CHI,WR1,rec_yds,54.2,98,1.808,32.0,22.0,100.0,-0.043000000000000003,0.020000000000000018
2025,7,Chris Olave,NO,CHI,WR1,td,0.15,2,13.333,3.0,22.0,100.0,-0.043000000000000003,0.020000000000000018
2025,7,Juwan Johnson,NO,CHI,TE1,rec_yds,39.75,79,1.987,14.0,12.0,99.0,-0.043000000000000003,-0.17499999999999993
2025,7,Juwan Johnson,NO,CHI,TE1,td,0.2,0,0.0,15.0,12.0,99.0,-0.043000000000000003,-0.17499999999999993
2025,7,Rashid Shaheed,NO,CHI,WR2,rec_yds,54.5,40,0.734,3.0,20.33,99.0,-0.043000000000000003,-0.1016666666666668
2025,7,Rashid Shaheed,NO,CHI,WR2,td,0.39,0,0.0,27.0,20.33,99.0,-0.043000000000000003,-0.1016666666666668
2025,7,Brandin Cooks,NO,CHI,WR3,rec_yds,22.4,3,0.134,32.0,23.67,96.0,-0.043000000000000003,-0.04833333333333334
2025,7,Caleb Williams,CHI,NO,QB1,pass_yds,228.56,172,0.753,11.0,12.5,106.0,0.027999999999999997,0.03200000000000003
2025,7,Caleb Williams,CHI,NO,QB1,pass_td,1.61,0,0.0,9.0,12.5,106.0,0.027999999999999997,0.03200000000000003
2025,7,D'Andre Swift,CHI,NO,RB1,rush_yds,54.72,124,2.266,19.0,12.2,97.0,0.027999999999999997,-0.08199999999999996
2025,7,D'Andre Swift,CHI,NO,RB1,rush_att,14.0,19,1.357,19.0,12.2,97.0,0.027999999999999997,-0.08199999999999996
2025,7,D'Andre Swift,CHI,NO,RB1,rec_yds,25.56,14,0.548,17.0,12.2,97.0,0.027999999999999997,-0.08199999999999996
2025,7,D'Andre Swift,CHI,NO,RB1,td,0.44,1,2.25,1.5,12.2,97.0,0.027999999999999997,-0.08199999999999996
2025,7,D.J. Moore,CHI,NO,WR2,rec_yds,55.44,43,0.776,4.0,8.67,107.0,0.027999999999999997,0.07599999999999985
2025,7,D.J. Moore,CHI,NO,WR2,td,0.28,0,0.0,4.0,8.67,107.0,0.027999999999999997,0.07599999999999985
2025,7,Rome Odunze,CHI,NO,WR1,rec_yds,54.22,31,0.572,13.0,12.0,100.0,0.027999999999999997,0.05600000000000005
2025,7,Rome Odunze,CHI,NO,WR1,td,0.67,0,0.0,5.5,12.0,100.0,0.027999999999999997,0.05600000000000005
2025,7,Cole Kmet,CHI,NO,TE1,rec_yds,23.17,16,0.691,9.0,10.67,102.0,0.027999999999999997,-0.32999999999999996
2025,7,Cole Kmet,CHI,NO,TE1,td,0.17,0,0.0,12.0,10.67,102.0,0.027999999999999997,-0.32999999999999996
2025,7,Olamide Zaccheaus,CHI,NO,WR3,rec_yds,31.56,9,0.285,9.0,10.83,105.0,0.027999999999999997,0.258
2025,7,Olamide Zaccheaus,CHI,NO,WR3,td,0.17,0,0.0,12.5,10.83,105.0,0.027999999999999997,0.258
2025,7,Jalen Hurts,PHI,MIN,QB1,pass_yds,185.15,326,1.761,16.0,24.5,86.0,-0.052000000000000005,0.0
2025,7,Jalen Hurts,PHI,MIN,QB1,pass_td,1.3,3,2.308,28.0,24.5,86.0,-0.052000000000000005,0.0
2025,7,Saquon Barkley,PHI,MIN,RB1,rush_yds,86.5,44,0.509,13.0,16.1,97.0,-0.052000000000000005,-0.011666666666666603
2025,7,Saquon Barkley,PHI,MIN,RB1,rush_att,18.9,18,0.952,13.0,16.1,97.0,-0.052000000000000005,-0.011666666666666603
2025,7,Saquon Barkley,PHI,MIN,RB1,rec_yds,20.3,-2,-0.099,20.0,16.1,97.0,-0.052000000000000005,-0.011666666666666603
2025,7,Saquon Barkley,PHI,MIN,RB1,td,0.75,0,0.0,19.5,16.1,97.0,-0.052000000000000005,-0.011666666666666603
2025,7,DeVonta Smith,PHI,MIN,WR2,rec_yds,58.7,183,3.118,8.0,12.0,96.0,-0.052000000000000005,0.05166666666666664
2025,7,DeVonta Smith,PHI,MIN,WR2,td,0.4,1,2.5,24.0,12.0,96.0,-0.052000000000000005,0.05166666666666664
2025,7,A.J. Brown,PHI,MIN,WR1,rec_yds,59.15,121,2.046,23.0,21.17,93.0,-0.052000000000000005,0.023333333333333317
2025,7,A.J. Brown,PHI,MIN,WR1,td,0.3,2,6.667,20.5,21.17,93.0,-0.052000000000000005,0.023333333333333317
2025,7,Dallas Goedert,PHI,MIN,TE1,rec_yds,50.72,18,0.355,17.0,19.67,89.0,-0.052000000000000005,0.05600000000000005
2025,7,Dallas Goedert,PHI,MIN,TE1,td,0.67,0,0.0,29.0,19.67,89.0,-0.052000000000000005,0.05600000000000005
2025,7,Carson Wentz,MIN,PHI,QB1,pass_yds,204.5,313,1.531,32.0,22.8,101.0,-0.14400000000000002,0.05333333333333323
2025,7,Carson Wentz,MIN,PHI,QB1,pass_td,1.25,0,0.0,29.0,22.8,101.0,-0.14400000000000002,0.05333333333333323
2025,7,Jordan Mason,MIN,PHI,RB1,rush_yds,54.89,57,1.038,22.0,20.9,102.0,-0.14400000000000002,0.05599999999999994
2025,7,Jordan Mason,MIN,PHI,RB1,rush_att,11.11,15,1.35,22.0,20.9,102.0,-0.14400000000000002,0.05599999999999994
2025,7,Jordan Mason,MIN,PHI,RB1,td,0.33,1,3.0,11.5,20.9,102.0,-0.14400000000000002,0.05599999999999994
2025,7,Zavier Scott,MIN,PHI,RB2,td,0.33,0,0.0,31.5,17.7,99.0,-0.14400000000000002,-0.07333333333333333
2025,7,Jordan Addison,MIN,PHI,WR2,rec_yds,73.92,128,1.732,15.0,16.5,99.0,-0.14400000000000002,-0.10499999999999998
2025,7,Jordan Addison,MIN,PHI,WR2,td,0.75,0,0.0,9.5,16.5,99.0,-0.14400000000000002,-0.10499999999999998
2025,7,Justin Jefferson,MIN,PHI,WR1,rec_yds,88.89,79,0.889,20.0,17.33,100.0,-0.14400000000000002,0.04399999999999993
2025,7,Justin Jefferson,MIN,PHI,WR1,td,0.39,0,0.0,22.5,17.33,100.0,-0.14400000000000002,0.04399999999999993
2025,7,T.J. Hockenson,MIN,PHI,TE1,rec_yds,36.78,43,1.169,30.5,27.67,99.0,-0.14400000000000002,0.05399999999999994
2025,7,Jalen Nailor,MIN,PHI,WR3,rec_yds,23.78,37,1.556,27.0,18.17,96.0,-0.14400000000000002,-0.1479999999999999
2025,7,Jalen Nailor,MIN,PHI,WR3,td,0.22,0,0.0,23.5,18.17,96.0,-0.14400000000000002,-0.1479999999999999
2025,7,Bryce Young,CAR,NYJ,QB1,pass_yds,200.45,138,0.688,28.0,18.6,101.0,0.12,0.03500000000000003
2025,7,Bryce Young,CAR,NYJ,QB1,pass_td,1.6,1,0.625,20.0,18.6,101.0,0.12,0.03500000000000003
2025,7,Rico Dowdle,CAR,NYJ,RB1,rush_yds,82.45,79,0.958,6.0,18.8,102.0,0.12,0.38500000000000006
2025,7,Rico Dowdle,CAR,NYJ,RB1,rush_att,15.7,17,1.083,6.0,18.8,102.0,0.12,0.38500000000000006
2025,7,Rico Dowdle,CAR,NYJ,RB1,td,0.4,0,0.0,7.0,18.8,102.0,0.12,0.38500000000000006
2025,7,Chuba Hubbard,CAR,NYJ,RB2,rush_yds,68.25,31,0.454,26.0,24.4,99.0,0.12,-0.125
2025,7,Chuba Hubbard,CAR,NYJ,RB2,rush_att,15.81,14,0.885,26.0,24.4,99.0,0.12,-0.125
2025,7,Chuba Hubbard,CAR,NYJ,RB2,td,0.69,0,0.0,31.5,24.4,99.0,0.12,-0.125
2025,7,Jimmy Horn,CAR,NYJ,WR3,rec_yds,28.5,8,0.281,8.0,12.5,96.0,0.12,-0.03
2025,7,Xavier Legette,CAR,NYJ,WR2,rec_yds,24.12,92,3.813,20.0,25.0,99.0,0.12,-0.04500000000000004
2025,7,Xavier Legette,CAR,NYJ,WR2,td,0.19,1,5.333,31.0,25.0,99.0,0.12,-0.04500000000000004
2025,7,Tetairoa McMillan,CAR,NYJ,WR1,rec_yds,63.33,33,0.521,27.0,23.67,100.0,0.12,0.03833333333333344
2025,7,Tetairoa McMillan,CAR,NYJ,WR1,td,0.33,0,0.0,12.0,23.67,100.0,0.12,0.03833333333333344
2025,7,Tommy Tremble,CAR,NYJ,TE1,rec_yds,21.7,0,0.0,25.0,14.67,99.0,0.12,0.1183333333333334
2025,7,Tommy Tremble,CAR,NYJ,TE1,td,0.2,0,0.0,3.0,14.67,99.0,0.12,0.1183333333333334
2025,7,Justin Fields,NYJ,CAR,QB1,pass_yds,135.06,46,0.341,17.0,12.7,106.0,-0.064,0.07599999999999996
2025,7,Justin Fields,NYJ,CAR,QB1,pass_td,0.67,0,0.0,2.0,12.7,106.0,-0.064,0.07599999999999996
2025,7,Breece Hall,NYJ,CAR,RB1,rush_yds,63.4,38,0.599,1.0,10.9,97.0,-0.064,0.1133333333333334
2025,7,Breece Hall,NYJ,CAR,RB1,rush_att,13.7,11,0.803,1.0,10.9,97.0,-0.064,0.1133333333333334
2025,7,Breece Hall,NYJ,CAR,RB1,rec_yds,23.35,14,0.6,18.0,10.9,97.0,-0.064,0.1133333333333334
2025,7,Breece Hall,NYJ,CAR,RB1,td,0.2,0,0.0,21.5,10.9,97.0,-0.064,0.1133333333333334
2025,7,Mason Taylor,NYJ,CAR,TE1,rec_yds,29.5,31,1.051,15.0,15.17,102.0,-0.064,0.13500000000000012
2025,7,Josh Reynolds,NYJ,CAR,WR1,rec_yds,21.12,29,1.373,3.0,5.33,100.0,-0.064,0.06500000000000006
2025,7,Allen Lazard,NYJ,CAR,WR3,rec_yds,26.57,16,0.602,24.0,24.83,105.0,-0.064,-0.006666666666666654
2025,7,Allen Lazard,NYJ,CAR,WR3,td,0.36,0,0.0,28.5,24.83,105.0,-0.064,-0.006666666666666654
2025,7,Tua Tagovailoa,MIA,CLE,QB1,pass_yds,228.8,100,0.437,25.0,22.1,101.0,-0.10700000000000001,0.006666666666666599
2025,7,Tua Tagovailoa,MIA,CLE,QB1,pass_td,1.9,0,0.0,7.0,22.1,101.0,-0.10700000000000001,0.006666666666666599
2025,7,De'Von Achane,MIA,CLE,RB1,rush_yds,61.5,82,1.333,29.0,27.1,102.0,-0.10700000000000001,0.03166666666666662
2025,7,De'Von Achane,MIA,CLE,RB1,rush_att,12.5,13,1.04,29.0,27.1,102.0,-0.10700000000000001,0.03166666666666662
2025,7,De'Von Achane,MIA,CLE,RB1,rec_yds,33.25,16,0.481,32.0,27.1,102.0,-0.10700000000000001,0.03166666666666662
2025,7,De'Von Achane,MIA,CLE,RB1,td,0.95,0,0.0,13.5,27.1,102.0,-0.10700000000000001,0.03166666666666662
2025,7,Ollie Gordon,MIA,CLE,RB2,td,0.17,0,0.0,29.5,24.5,99.0,-0.10700000000000001,-0.004999999999999977
2025,7,Nick Westbrook-Ikhine,MIA,CLE,WR3,rec_yds,25.62,16,0.624,20.0,17.17,96.0,-0.10700000000000001,0.17500000000000004
2025,7,Nick Westbrook-Ikhine,MIA,CLE,WR3,td,0.31,0,0.0,3.0,17.17,96.0,-0.10700000000000001,0.17500000000000004
2025,7,Jaylen Waddle,MIA,CLE,WR1,rec_yds,60.5,15,0.248,14.0,19.5,100.0,-0.10700000000000001,-0.03833333333333333
2025,7,Jaylen Waddle,MIA,CLE,WR1,td,0.4,0,0.0,15.5,19.5,100.0,-0.10700000000000001,-0.03833333333333333
2025,7,Dillon Gabriel,CLE,MIA,QB1,pass_yds,107.5,116,1.079,18.0,15.7,86.0,-0.091,0.46499999999999997
2025,7,Dillon Gabriel,CLE,MIA,QB1,pass_td,0.75,0,0.0,16.5,15.7,86.0,-0.091,0.46499999999999997
2025,7,Quinshon Judkins,CLE,MIA,RB1,rush_yds,76.6,84,1.097,8.0,8.1,97.0,-0.091,-0.07199999999999995
2025,7,Quinshon Judkins,CLE,MIA,RB1,rush_att,16.8,25,1.488,8.0,8.1,97.0,-0.091,-0.07199999999999995
2025,7,Quinshon Judkins,CLE,MIA,RB1,td,0.4,3,7.5,16.5,8.1,97.0,-0.091,-0.07199999999999995
2025,7,Harold Fannin,CLE,MIA,TE1,rec_yds,42.33,36,0.85,1.0,11.83,89.0,-0.091,0.06166666666666665
2025,7,Harold Fannin,CLE,MIA,TE1,td,0.17,0,0.0,30.5,11.83,89.0,-0.091,0.06166666666666665
2025,7,Jerry Jeudy,CLE,MIA,WR1,rec_yds,64.55,17,0.263,30.0,24.33,93.0,-0.091,0.023333333333333428
2025,7,Jerry Jeudy,CLE,MIA,WR1,td,0.15,0,0.0,18.0,24.33,93.0,-0.091,0.023333333333333428
2025,7,Jerome Ford,CLE,MIA,RB2,rush_yds,22.35,0,0.0,7.0,15.7,97.0,-0.091,-0.0033333333333332993
2025,7,Geno Smith,LV,KC,QB1,pass_yds,223.0,67,0.3,23.0,14.0,95.0,-0.199,0.0
2025,7,Geno Smith,LV,KC,QB1,pass_td,1.2,0,0.0,26.0,14.0,95.0,-0.199,0.0
2025,7,Ashton Jeanty,LV,KC,RB1,rush_yds,70.67,21,0.297,31.0,27.8,96.0,-0.199,0.08833333333333337
2025,7,Ashton Jeanty,LV,KC,RB1,rush_att,17.5,6,0.343,31.0,27.8,96.0,-0.199,0.08833333333333337
2025,7,Ashton Jeanty,LV,KC,RB1,td,0.83,0,0.0,30.0,27.8,96.0,-0.199,0.08833333333333337
2025,7,Tre Tucker,LV,KC,WR1,rec_yds,49.7,33,0.664,25.0,20.67,107.0,-0.199,-0.0016666666666667052
2025,7,Tre Tucker,LV,KC,WR1,td,0.5,0,0.0,26.0,20.67,107.0,-0.199,-0.0016666666666667052
2025,7,Michael Mayer,LV,KC,TE1,rec_yds,20.56,10,0.486,7.0,13.0,103.0,-0.199,0.4275
2025,7,Raheem Mostert,LV,KC,RB2,rush_yds,20.0,0,0.0,13.0,20.3,103.0,-0.199,-0.06666666666666668
2025,7,Patrick Mahomes,KC,LV,QB1,pass_yds,250.7,286,1.141,13.0,16.4,106.0,0.071,0.013333333333333308
2025,7,Patrick Mahomes,KC,LV,QB1,pass_td,1.85,3,1.622,13.5,16.4,106.0,0.071,0.013333333333333308
2025,7,Isiah Pacheco,KC,LV,RB1,rush_yds,38.84,57,1.467,27.0,21.4,97.0,0.071,0.20166666666666666
2025,7,Isiah Pacheco,KC,LV,RB1,td,0.16,1,6.333,11.5,21.4,97.0,0.071,0.20166666666666666
2025,7,Kareem Hunt,KC,LV,RB2,rush_yds,34.4,18,0.523,6.0,17.1,106.0,0.071,-0.08166666666666667
2025,7,Kareem Hunt,KC,LV,RB2,td,0.4,0,0.0,8.0,17.1,106.0,0.071,-0.08166666666666667
2025,7,Travis Kelce,KC,LV,TE1,rec_yds,51.5,54,1.049,11.0,15.0,102.0,0.071,-0.05166666666666664
2025,7,Travis Kelce,KC,LV,TE1,td,0.3,0,0.0,12.0,15.0,102.0,0.071,-0.05166666666666664
2025,7,Tyquan Thornton,KC,LV,WR2,rec_yds,42.21,39,0.924,16.0,17.83,107.0,0.071,-0.15399999999999997
2025,7,Tyquan Thornton,KC,LV,WR2,td,0.43,0,0.0,28.0,17.83,107.0,0.071,-0.15399999999999997
2025,7,JuJu Smith-Schuster,KC,LV,WR3,rec_yds,26.7,35,1.311,13.0,12.5,105.0,0.071,-0.08833333333333337
2025,7,JuJu Smith-Schuster,KC,LV,WR3,td,0.15,0,0.0,12.5,12.5,105.0,0.071,-0.08833333333333337
2025,7,Marquise Brown,KC,LV,WR1,rec_yds,49.64,14,0.282,28.0,22.33,100.0,0.071,-0.13333333333333341
2025,7,Marquise Brown,KC,LV,WR1,td,0.43,1,2.333,9.0,22.33,100.0,0.071,-0.13333333333333341
2025,7,Drake Maye,NE,TEN,QB1,pass_yds,227.5,222,0.976,31.0,21.6,95.0,0.261,0.020000000000000018
2025,7,Drake Maye,NE,TEN,QB1,pass_td,1.45,2,1.379,23.0,21.6,95.0,0.261,0.020000000000000018
2025,7,Rhamondre Stevenson,NE,TEN,RB1,rush_yds,34.65,88,2.54,20.0,18.7,96.0,0.261,0.14166666666666672
2025,7,Rhamondre Stevenson,NE,TEN,RB1,rush_att,10.25,18,1.756,20.0,18.7,96.0,0.261,0.14166666666666672
2025,7,Rhamondre Stevenson,NE,TEN,RB1,rec_yds,20.75,0,0.0,31.0,18.7,96.0,0.261,0.14166666666666672
2025,7,Rhamondre Stevenson,NE,TEN,RB1,td,0.35,1,2.857,4.5,18.7,96.0,0.261,0.14166666666666672
2025,7,TreVeyon Henderson,NE,TEN,RB2,rush_yds,24.67,5,0.203,1.0,12.0,103.0,0.261,-0.0733333333333333
2025,7,TreVeyon Henderson,NE,TEN,RB2,td,0.17,0,0.0,1.0,12.0,103.0,0.261,-0.0733333333333333
2025,7,Stefon Diggs,NE,TEN,WR1,rec_yds,63.5,69,1.087,24.0,21.83,107.0,0.261,0.06000000000000005
2025,7,Stefon Diggs,NE,TEN,WR1,td,0.2,0,0.0,15.5,21.83,107.0,0.261,0.06000000000000005
2025,7,Kayshon Boutte,NE,TEN,WR2,rec_yds,49.4,55,1.113,17.0,12.0,95.0,0.261,-0.043333333333333335
2025,7,Kayshon Boutte,NE,TEN,WR2,td,0.4,1,2.5,9.5,12.0,95.0,0.261,-0.043333333333333335
2025,7,Hunter Henry,NE,TEN,TE1,rec_yds,43.5,33,0.759,26.0,26.5,103.0,0.261,-0.011666666666666714
2025,7,Hunter Henry,NE,TEN,TE1,td,0.35,0,0.0,30.5,26.5,103.0,0.261,-0.011666666666666714
2025,7,DeMario Douglas,NE,TEN,WR3,rec_yds,28.72,17,0.592,26.0,28.83,98.0,0.261,-0.10999999999999999
2025,7,DeMario Douglas,NE,TEN,WR3,td,0.33,0,0.0,32.0,28.83,98.0,0.261,-0.10999999999999999
2025,7,Cam Ward,TEN,NE,QB1,pass_yds,183.5,255,1.39,15.0,21.0,102.0,-0.189,0.0
2025,7,Tyjae Spears,TEN,NE,RB2,rush_yds,26.25,22,0.838,8.0,21.4,97.0,-0.189,0.16999999999999998
2025,7,Tyjae Spears,TEN,NE,RB2,td,0.33,0,0.0,20.0,21.4,97.0,-0.189,0.16999999999999998
2025,7,Tony Pollard,TEN,NE,RB1,rush_yds,59.05,18,0.305,21.0,15.2,100.0,-0.189,-0.3549999999999998
2025,7,Tony Pollard,TEN,NE,RB1,rush_att,15.1,6,0.397,21.0,15.2,100.0,-0.189,-0.3549999999999998
2025,7,Tony Pollard,TEN,NE,RB1,td,0.3,0,0.0,10.0,15.2,100.0,-0.189,-0.3549999999999998
2025,7,Elic Ayomanor,TEN,NE,WR1,rec_yds,32.67,29,0.888,11.0,16.5,95.0,-0.189,0.14166666666666683
2025,7,Elic Ayomanor,TEN,NE,WR1,td,0.33,0,0.0,22.5,16.5,95.0,-0.189,0.14166666666666683
2025,7,Chig Okonkwo,TEN,NE,TE1,rec_yds,37.8,0,0.0,12.5,18.5,105.0,-0.189,-0.13000000000000012
2025,7,Daniel Jones,IND,LAC,QB1,pass_yds,235.5,288,1.223,29.0,19.6,95.0,0.0040000000000000036,0.03833333333333344
2025,7,Daniel Jones,IND,LAC,QB1,pass_td,1.1,2,1.818,30.5,19.6,95.0,0.0040000000000000036,0.03833333333333344
2025,7,Jonathan Taylor,IND,LAC,RB1,rush_yds,106.75,94,0.881,15.0,22.6,96.0,0.0040000000000000036,0.09333333333333338
2025,7,Jonathan Taylor,IND,LAC,RB1,rush_att,21.4,16,0.748,15.0,22.6,96.0,0.0040000000000000036,0.09333333333333338
2025,7,Jonathan Taylor,IND,LAC,RB1,td,1.15,3,2.609,30.0,22.6,96.0,0.0040000000000000036,0.09333333333333338
2025,7,Ameer Abdullah,IND,LAC,RB2,rush_yds,22.33,19,0.851,22.0,17.7,103.0,0.0040000000000000036,-0.015
2025,7,Ameer Abdullah,IND,LAC,RB2,td,0.5,0,0.0,20.0,17.7,103.0,0.0040000000000000036,-0.015
2025,7,Alec Pierce,IND,LAC,WR2,rec_yds,54.25,98,1.806,31.0,30.67,95.0,0.0040000000000000036,0.050000000000000044
2025,7,Alec Pierce,IND,LAC,WR2,td,0.25,0,0.0,31.0,30.67,95.0,0.0040000000000000036,0.050000000000000044
2025,7,Tyler Warren,IND,LAC,TE1,rec_yds,61.67,69,1.119,30.5,24.17,103.0,0.0040000000000000036,0.07666666666666666
2025,7,Tyler Warren,IND,LAC,TE1,td,0.5,1,2.0,12.0,24.17,103.0,0.0040000000000000036,0.07666666666666666
2025,7,Michael Pittman Jr.,IND,LAC,WR1,rec_yds,52.1,58,1.113,5.0,6.33,107.0,0.0040000000000000036,0.00666666666666671
2025,7,Michael Pittman Jr.,IND,LAC,WR1,td,0.45,1,2.222,12.0,6.33,107.0,0.0040000000000000036,0.00666666666666671
2025,7,Adonai Mitchell,IND,LAC,WR3,rec_yds,24.78,8,0.323,6.0,13.0,98.0,0.0040000000000000036,-0.252
2025,7,Justin Herbert,LAC,IND,QB1,pass_yds,248.35,420,1.691,8.0,14.8,102.0,0.0010000000000000009,0.015000000000000013
2025,7,Justin Herbert,LAC,IND,QB1,pass_td,1.6,3,1.875,9.0,14.8,102.0,0.0010000000000000009,0.015000000000000013
2025,7,Kimani Vidal,LAC,IND,RB1,rush_yds,35.67,20,0.561,14.0,16.8,100.0,0.0010000000000000009,0.23000000000000004
2025,7,Kimani Vidal,LAC,IND,RB1,td,0.17,0,0.0,24.0,16.8,100.0,0.0010000000000000009,0.23000000000000004
2025,7,Hassan Haskins,LAC,IND,RB2,td,0.25,0,0.0,10.5,12.7,97.0,0.0010000000000000009,0.04999999999999999
2025,7,Oronde Gadsden II,LAC,IND,TE1,rec_yds,36.0,164,4.556,16.0,16.67,105.0,0.0010000000000000009,0.22750000000000004
2025,7,Keenan Allen,LAC,IND,WR1,rec_yds,56.75,119,2.097,10.0,19.0,95.0,0.0010000000000000009,-0.06333333333333324
2025,7,Keenan Allen,LAC,IND,WR1,td,0.55,1,1.818,26.0,19.0,95.0,0.0010000000000000009,-0.06333333333333324
2025,7,Ladd McConkey,LAC,IND,WR2,rec_yds,66.75,67,1.004,12.0,16.0,104.0,0.0010000000000000009,-0.13
2025,7,Ladd McConkey,LAC,IND,WR2,td,0.35,0,0.0,16.0,16.0,104.0,0.0010000000000000009,-0.13
2025,7,Quentin Johnston,LAC,IND,WR3,rec_yds,64.39,30,0.466,23.0,11.0,118.0,0.0010000000000000009,-0.018000000000000127
2025,7,Quentin Johnston,LAC,IND,WR3,td,0.61,1,1.636,3.0,11.0,118.0,0.0010000000000000009,-0.018000000000000127
2025,7,Jaxson Dart,NYG,DEN,QB1,pass_yds,101.6,283,2.785,22.0,25.7,101.0,-0.016,0.3639999999999999
2025,7,Jaxson Dart,NYG,DEN,QB1,pass_td,0.8,3,3.75,32.0,25.7,101.0,-0.016,0.3639999999999999
2025,7,Cam Skattebo,NYG,DEN,RB1,rush_yds,56.33,60,1.065,23.0,19.8,102.0,-0.016,0.14833333333333332
2025,7,Cam Skattebo,NYG,DEN,RB1,rush_att,13.67,16,1.171,23.0,19.8,102.0,-0.016,0.14833333333333332
2025,7,Cam Skattebo,NYG,DEN,RB1,rec_yds,25.83,34,1.316,6.0,19.8,102.0,-0.016,0.14833333333333332
2025,7,Cam Skattebo,NYG,DEN,RB1,td,0.83,1,1.2,25.5,19.8,102.0,-0.016,0.14833333333333332
2025,7,Tyrone Tracy Jr.,NYG,DEN,RB2,rush_yds,34.06,46,1.35,30.0,22.6,99.0,-0.016,-0.10749999999999998
2025,7,Tyrone Tracy Jr.,NYG,DEN,RB2,td,0.25,1,4.0,20.0,22.6,99.0,-0.016,-0.10749999999999998
2025,7,Wan'Dale Robinson,NYG,DEN,WR1,rec_yds,52.9,95,1.796,31.0,28.5,100.0,-0.016,0.11666666666666659
2025,7,Wan'Dale Robinson,NYG,DEN,WR1,td,0.25,0,0.0,31.5,28.5,100.0,-0.016,0.11666666666666659
2025,7,Theo Johnson,NYG,DEN,TE1,rec_yds,27.6,66,2.391,24.0,21.83,99.0,-0.016,0.08333333333333348
2025,7,Theo Johnson,NYG,DEN,TE1,td,0.35,1,2.857,22.0,21.83,99.0,-0.016,0.08333333333333348
2025,7,Lil'Jordan Humphrey,NYG,DEN,WR2,rec_yds,26.0,0,0.0,6.0,12.67,99.0,-0.016,
2025,7,Bo Nix,DEN,NYG,QB1,pass_yds,228.8,279,1.219,12.0,14.6,101.0,0.137,0.0
2025,7,Bo Nix,DEN,NYG,QB1,pass_td,1.95,2,1.026,27.0,14.6,101.0,0.137,0.0
2025,7,J.K. Dobbins,DEN,NYG,RB1,rush_yds,67.55,81,1.199,5.0,13.4,102.0,0.137,-0.020000000000000018
2025,7,J.K. Dobbins,DEN,NYG,RB1,rush_att,14.8,14,0.946,5.0,13.4,102.0,0.137,-0.020000000000000018
2025,7,J.K. Dobbins,DEN,NYG,RB1,td,0.7,0,0.0,16.5,13.4,102.0,0.137,-0.020000000000000018
2025,7,Marvin Mims,DEN,NYG,WR3,rec_yds,37.25,85,2.282,5.0,11.83,96.0,0.137,-0.0566666666666667
2025,7,Marvin Mims,DEN,NYG,WR3,td,0.5,0,0.0,23.5,11.83,96.0,0.137,-0.0566666666666667
2025,7,Courtland Sutton,DEN,NYG,WR1,rec_yds,67.3,87,1.293,17.0,13.67,100.0,0.137,-0.05666666666666653
2025,7,Courtland Sutton,DEN,NYG,WR1,td,0.6,0,0.0,18.0,13.67,100.0,0.137,-0.05666666666666653
2025,7,Evan Engram,DEN,NYG,TE1,rec_yds,35.22,42,1.192,21.0,19.17,99.0,0.137,0.05399999999999994
2025,7,Evan Engram,DEN,NYG,TE1,td,0.17,0,0.0,17.0,19.17,99.0,0.137,0.05399999999999994
2025,7,Troy Franklin,DEN,NYG,WR2,rec_yds,31.4,19,0.605,2.0,3.0,99.0,0.137,-0.08000000000000007
2025,7,Troy Franklin,DEN,NYG,WR2,td,0.15,1,6.667,4.0,3.0,99.0,0.137,-0.08000000000000007
2025,7,RJ Harvey,DEN,NYG,RB2,rush_yds,25.67,0,0.0,15.0,9.5,99.0,0.137,-0.019999999999999962
2025,7,RJ Harvey,DEN,NYG,RB2,td,0.17,1,6.0,10.5,9.5,99.0,0.137,-0.019999999999999962
2025,7,Jordan Love,GB,ARI,QB1,pass_yds,227.06,179,0.788,9.0,16.7,95.0,0.211,0.0
2025,7,Jordan Love,GB,ARI,QB1,pass_td,1.56,1,0.643,30.5,16.7,95.0,0.211,0.0
2025,7,Josh Jacobs,GB,ARI,RB1,rush_yds,71.39,55,0.77,12.0,7.6,96.0,0.211,0.038000000000000034
2025,7,Josh Jacobs,GB,ARI,RB1,rush_att,18.83,13,0.69,12.0,7.6,96.0,0.211,0.038000000000000034
2025,7,Josh Jacobs,GB,ARI,RB1,rec_yds,31.44,3,0.095,3.0,7.6,96.0,0.211,0.038000000000000034
2025,7,Josh Jacobs,GB,ARI,RB1,td,1.33,2,1.5,13.5,7.6,96.0,0.211,0.038000000000000034
2025,7,Emanuel Wilson,GB,ARI,RB2,rush_yds,26.0,17,0.654,12.0,16.9,103.0,0.211,-0.007500000000000007
2025,7,Emanuel Wilson,GB,ARI,RB2,td,0.19,0,0.0,8.0,16.9,103.0,0.211,-0.007500000000000007
2025,7,Romeo Doubs,GB,ARI,WR1,rec_yds,47.28,72,1.523,8.0,16.33,107.0,0.211,0.03200000000000003
2025,7,Romeo Doubs,GB,ARI,WR1,td,0.56,0,0.0,31.5,16.33,107.0,0.211,0.03200000000000003
2025,7,Tucker Kraft,GB,ARI,TE1,rec_yds,48.17,58,1.204,19.0,22.83,103.0,0.211,0.0040000000000000036
2025,7,Tucker Kraft,GB,ARI,TE1,td,0.44,1,2.25,32.0,22.83,103.0,0.211,0.0040000000000000036
2025,7,Matthew Golden,GB,ARI,WR2,rec_yds,42.4,37,0.873,21.0,13.0,95.0,0.211,0.07800000000000007
2025,7,Dontayvion Wicks,GB,ARI,WR3,rec_yds,26.72,5,0.187,30.0,29.5,98.0,0.211,-0.21800000000000003
2025,7,Jacoby Brissett,ARI,GB,QB1,pass_yds,112.77,279,2.474,19.0,24.5,106.0,0.027999999999999997,0.6466666666666667
2025,7,Zonovan Knight,ARI,GB,RB2,rush_yds,22.5,57,2.533,28.0,17.2,106.0,0.027999999999999997,0.175
2025,7,Zonovan Knight,ARI,GB,RB2,td,1.0,0,0.0,26.0,17.2,106.0,0.027999999999999997,0.175
2025,7,Michael Carter,ARI,GB,RB1,rush_yds,33.67,11,0.327,25.0,21.2,97.0,0.027999999999999997,0.08333333333333337
2025,7,Michael Carter,ARI,GB,RB1,rush_att,10.11,7,0.692,25.0,21.2,97.0,0.027999999999999997,0.08333333333333337
2025,7,Michael Carter,ARI,GB,RB1,td,0.33,0,0.0,19.5,21.2,97.0,0.027999999999999997,0.08333333333333337
2025,7,Trey McBride,ARI,GB,TE1,rec_yds,67.95,74,1.089,4.0,10.33,102.0,0.027999999999999997,-0.020000000000000018
2025,7,Trey McBride,ARI,GB,TE1,td,0.3,2,6.667,25.0,10.33,102.0,0.027999999999999997,-0.020000000000000018
2025,7,Zay Jones,ARI,GB,WR3,rec_yds,22.57,67,2.968,12.0,9.0,105.0,0.027999999999999997,0.2250000000000001
2025,7,Marvin Harrison Jr.,ARI,GB,WR1,rec_yds,55.8,58,1.039,26.0,15.33,100.0,0.027999999999999997,-0.5383333333333334
2025,7,Marvin Harrison Jr.,ARI,GB,WR1,td,0.35,0,0.0,8.0,15.33,100.0,0.027999999999999997,-0.5383333333333334
2025,7,Michael Wilson,ARI,GB,WR2,rec_yds,22.85,40,1.751,9.0,14.67,107.0,0.027999999999999997,-0.0016666666666665941
2025,7,Michael Wilson,ARI,GB,WR2,td,0.15,0,0.0,29.0,14.67,107.0,0.027999999999999997,-0.0016666666666665941
2025,7,Jayden Daniels,WAS,DAL,QB1,pass_yds,210.81,156,0.74,4.0,1.8,106.0,0.196,0.0
2025,7,Jayden Daniels,WAS,DAL,QB1,pass_td,1.88,1,0.533,1.0,1.8,106.0,0.196,0.0
2025,7,Jacory Croskey-Merritt,WAS,DAL,RB1,rush_yds,57.33,33,0.576,9.0,5.1,97.0,0.196,0.255
2025,7,Jacory Croskey-Merritt,WAS,DAL,RB1,rush_att,10.0,13,1.3,9.0,5.1,97.0,0.196,0.255
2025,7,Jacory Croskey-Merritt,WAS,DAL,RB1,td,0.67,0,0.0,4.5,5.1,97.0,0.196,0.255
2025,7,Jeremy McNichols,WAS,DAL,RB2,td,0.17,0,0.0,20.0,12.9,106.0,0.196,0.04999999999999999
2025,7,Chris Moore,WAS,DAL,WR2,rec_yds,21.0,59,2.81,5.0,11.5,107.0,0.196,0.118
2025,7,Chris Moore,WAS,DAL,WR2,td,0.2,0,0.0,22.0,11.5,107.0,0.196,0.118
2025,7,Zach Ertz,WAS,DAL,TE1,rec_yds,34.4,37,1.076,18.0,14.83,102.0,0.196,-0.03333333333333344
2025,7,Zach Ertz,WAS,DAL,TE1,td,0.6,1,1.667,12.0,14.83,102.0,0.196,-0.03333333333333344
2025,7,Luke McCaffrey,WAS,DAL,WR3,rec_yds,23.78,0,0.0,11.0,12.5,105.0,0.196,0.03400000000000003
2025,7,Luke McCaffrey,WAS,DAL,WR3,td,0.33,0,0.0,23.5,12.5,105.0,0.196,0.03400000000000003
2025,7,Dak Prescott,DAL,WAS,QB1,pass_yds,260.6,264,1.013,21.0,19.4,102.0,0.263,0.023333333333333428
2025,7,Dak Prescott,DAL,WAS,QB1,pass_td,1.85,3,1.622,20.0,19.4,102.0,0.263,0.023333333333333428
2025,7,Javonte Williams,DAL,WAS,RB1,rush_yds,53.9,116,2.152,7.0,11.9,100.0,0.263,0.09999999999999998
2025,7,Javonte Williams,DAL,WAS,RB1,rush_att,11.05,19,1.719,7.0,11.9,100.0,0.263,0.09999999999999998
2025,7,Javonte Williams,DAL,WAS,RB1,td,0.7,1,1.429,7.0,11.9,100.0,0.263,0.09999999999999998
2025,7,CeeDee Lamb,DAL,WAS,WR2,rec_yds,85.42,110,1.288,18.0,11.67,104.0,0.263,0.0
2025,7,CeeDee Lamb,DAL,WAS,WR2,td,0.17,1,6.0,4.0,11.67,104.0,0.263,0.0
2025,7,George Pickens,DAL,WAS,WR1,rec_yds,79.35,82,1.033,12.0,15.83,95.0,0.263,-0.018333333333333313
2025,7,George Pickens,DAL,WAS,WR1,td,0.75,0,0.0,18.0,15.83,95.0,0.263,-0.018333333333333313
2025,7,Jake Ferguson,DAL,WAS,TE1,rec_yds,42.05,29,0.69,23.0,21.0,105.0,0.263,-0.008333333333333193
2025,7,Jake Ferguson,DAL,WAS,TE1,td,0.4,2,5.0,9.0,21.0,105.0,0.263,-0.008333333333333193
2025,7,Jalen Tolbert,DAL,WAS,WR3,rec_yds,23.05,16,0.694,25.0,21.5,118.0,0.263,0.16666666666666674
2025,7,Jalen Tolbert,DAL,WAS,WR3,td,0.2,0,0.0,12.5,21.5,118.0,0.263,0.16666666666666674
2025,7,Michael Penix,ATL,SF,QB1,pass_yds,207.4,241,1.162,26.0,22.8,106.0,0.058,0.04600000000000004
2025,7,Michael Penix,ATL,SF,QB1,pass_td,0.73,1,1.364,13.5,22.8,106.0,0.058,0.04600000000000004
2025,7,Bijan Robinson,ATL,SF,RB1,rush_yds,99.56,40,0.402,11.0,8.3,97.0,0.058,-0.0020000000000000018
2025,7,Bijan Robinson,ATL,SF,RB1,rush_att,18.61,14,0.752,11.0,8.3,97.0,0.058,-0.0020000000000000018
2025,7,Bijan Robinson,ATL,SF,RB1,rec_yds,44.67,52,1.164,14.0,8.3,97.0,0.058,-0.0020000000000000018
2025,7,Bijan Robinson,ATL,SF,RB1,td,0.89,1,1.125,1.5,8.3,97.0,0.058,-0.0020000000000000018
2025,7,Tyler Allgeier,ATL,SF,RB2,rush_yds,36.0,16,0.444,16.0,17.9,106.0,0.058,0.04999999999999999
2025,7,Tyler Allgeier,ATL,SF,RB2,td,0.39,0,0.0,15.0,17.9,106.0,0.058,0.04999999999999999
2025,7,Darnell Mooney,ATL,SF,WR2,rec_yds,46.43,68,1.465,10.0,14.67,107.0,0.058,-0.2833333333333334
2025,7,Kyle Pitts,ATL,SF,TE1,rec_yds,34.33,62,1.806,22.0,17.83,102.0,0.058,0.11600000000000021
2025,7,Kyle Pitts,ATL,SF,TE1,td,0.17,0,0.0,17.0,17.83,102.0,0.058,0.11600000000000021
2025,7,Drake London,ATL,SF,WR1,rec_yds,87.39,42,0.481,29.0,27.17,100.0,0.058,0.08799999999999997
2025,7,Drake London,ATL,SF,WR1,td,0.39,0,0.0,29.5,27.17,100.0,0.058,0.08799999999999997
2025,7,Mac Jones,SF,ATL,QB1,pass_yds,259.25,152,0.586,30.0,16.0,102.0,0.09899999999999999,0.0
2025,7,Mac Jones,SF,ATL,QB1,pass_td,1.25,0,0.0,5.0,16.0,102.0,0.09899999999999999,0.0
2025,7,Christian McCaffrey,SF,ATL,RB1,rush_yds,54.62,129,2.362,24.0,23.9,100.0,0.09899999999999999,0.08000000000000007
2025,7,Christian McCaffrey,SF,ATL,RB1,rush_att,16.62,24,1.444,24.0,23.9,100.0,0.09899999999999999,0.08000000000000007
2025,7,Christian McCaffrey,SF,ATL,RB1,rec_yds,64.62,72,1.114,27.5,23.9,100.0,0.09899999999999999,0.08000000000000007
2025,7,Christian McCaffrey,SF,ATL,RB1,td,0.5,2,4.0,28.0,23.9,100.0,0.09899999999999999,0.08000000000000007
2025,7,Brian Robinson Jr.,SF,ATL,RB2,rush_yds,30.95,36,1.163,23.0,19.7,97.0,0.09899999999999999,-0.08333333333333331
2025,7,Jauan Jennings,SF,ATL,WR2,rec_yds,46.88,31,0.661,25.0,10.33,104.0,0.09899999999999999,0.012500000000000067
2025,7,Jauan Jennings,SF,ATL,WR2,td,0.31,0,0.0,1.0,10.33,104.0,0.09899999999999999,0.012500000000000067
2025,7,Kendrick Bourne,SF,ATL,WR1,rec_yds,56.56,14,0.248,16.0,17.17,95.0,0.09899999999999999,0.10199999999999998
2025,7,Demarcus Robinson,SF,ATL,WR3,rec_yds,25.79,0,0.0,22.0,21.83,118.0,0.09899999999999999,-0.2833333333333333
2025,7,Baker Mayfield,TB,DET,QB1,pass_yds,259.45,228,0.879,7.0,7.9,101.0,0.013,0.0
2025,7,Baker Mayfield,TB,DET,QB1,pass_td,2.1,1,0.476,16.5,7.9,101.0,0.013,0.0
2025,7,Rachaad White,TB,DET,RB1,rush_yds,39.25,38,0.968,28.0,25.2,102.0,0.013,0.30000000000000004
2025,7,Rachaad White,TB,DET,RB1,td,0.7,0,0.0,21.5,25.2,102.0,0.013,0.30000000000000004
2025,7,Sean Tucker,TB,DET,RB2,td,0.21,0,0.0,20.0,22.8,99.0,0.013,0.07333333333333336
2025,7,Cade Otton,TB,DET,TE1,rec_yds,42.72,65,1.521,20.0,19.17,99.0,0.013,0.06999999999999995
2025,7,Cade Otton,TB,DET,TE1,td,0.17,0,0.0,12.0,19.17,99.0,0.013,0.06999999999999995
2025,7,Emeka Egbuka,TB,DET,WR1,rec_yds,78.17,58,0.742,9.0,8.17,100.0,0.013,-0.2633333333333334
2025,7,Emeka Egbuka,TB,DET,WR1,td,0.83,0,0.0,2.0,8.17,100.0,0.013,-0.2633333333333334
2025,7,Sterling Shepard,TB,DET,WR2,rec_yds,35.35,25,0.707,19.0,20.83,99.0,0.013,-0.09666666666666679
2025,7,Mike Evans,TB,DET,WR3,rec_yds,69.57,0,0.0,1.0,4.83,96.0,0.013,-0.05999999999999994
2025,7,Mike Evans,TB,DET,WR3,td,0.57,0,0.0,12.5,4.83,96.0,0.013,-0.05999999999999994
2025,7,Jared Goff,DET,TB,QB1,pass_yds,266.45,241,0.904,3.0,5.8,106.0,0.08499999999999999,0.019999999999999907
2025,7,Jared Goff,DET,TB,QB1,pass_td,2.45,1,0.408,9.0,5.8,106.0,0.08499999999999999,0.019999999999999907
2025,7,Jahmyr Gibbs,DET,TB,RB1,rush_yds,73.25,136,1.857,30.0,18.1,97.0,0.08499999999999999,0.06666666666666654
2025,7,Jahmyr Gibbs,DET,TB,RB1,rush_att,15.1,17,1.126,30.0,18.1,97.0,0.08499999999999999,0.06666666666666654
2025,7,Jahmyr Gibbs,DET,TB,RB1,rec_yds,26.95,82,3.043,4.0,18.1,97.0,0.08499999999999999,0.06666666666666654
2025,7,Jahmyr Gibbs,DET,TB,RB1,td,1.1,2,1.818,25.5,18.1,97.0,0.08499999999999999,0.06666666666666654
2025,7,David Montgomery,DET,TB,RB2,rush_yds,53.05,21,0.396,27.0,14.6,106.0,0.08499999999999999,-0.0733333333333333
2025,7,David Montgomery,DET,TB,RB2,rush_att,11.55,13,1.126,27.0,14.6,106.0,0.08499999999999999,-0.0733333333333333
2025,7,David Montgomery,DET,TB,RB2,td,0.7,0,0.0,12.0,14.6,106.0,0.08499999999999999,-0.0733333333333333
2025,7,Amon-Ra St. Brown,DET,TB,WR1,rec_yds,82.15,86,1.047,22.0,21.67,100.0,0.08499999999999999,0.01666666666666683
2025,7,Amon-Ra St. Brown,DET,TB,WR1,td,0.85,1,1.176,29.5,21.67,100.0,0.08499999999999999,0.01666666666666683
2025,7,Sam LaPorta,DET,TB,TE1,rec_yds,53.7,15,0.279,2.0,2.5,102.0,0.08499999999999999,0.05499999999999983
2025,7,Sam LaPorta,DET,TB,TE1,td,0.45,0,0.0,4.5,2.5,102.0,0.08499999999999999,0.05499999999999983
2025,7,Jameson Williams,DET,TB,WR2,rec_yds,58.25,0,0.0,7.0,6.67,107.0,0.08499999999999999,-0.030000000000000027
2025,7,Jameson Williams,DET,TB,WR2,td,0.45,0,0.0,2.0,6.67,107.0,0.08499999999999999,-0.030000000000000027
2025,7,C.J. Stroud,HOU,SEA,QB1,pass_yds,207.78,229,1.102,10.0,18.2,86.0,-0.123,-0.15999999999999992
2025,7,C.J. Stroud,HOU,SEA,QB1,pass_td,1.39,1,0.72,13.5,18.2,86.0,-0.123,-0.15999999999999992
2025,7,Nick Chubb,HOU,SEA,RB1,rush_yds,46.11,16,0.347,26.0,14.8,97.0,-0.123,-0.12399999999999994
2025,7,Nick Chubb,HOU,SEA,RB1,rush_att,12.11,5,0.413,26.0,14.8,97.0,-0.123,-0.12399999999999994
2025,7,Nick Chubb,HOU,SEA,RB1,td,0.44,0,0.0,30.0,14.8,97.0,-0.123,-0.12399999999999994
2025,7,Woody Marks,HOU,SEA,RB2,rush_yds,27.4,15,0.547,11.0,10.4,97.0,-0.123,0.028000000000000025
2025,7,Woody Marks,HOU,SEA,RB2,td,0.4,1,2.5,20.0,10.4,97.0,-0.123,0.028000000000000025
2025,7,Dalton Schultz,HOU,SEA,TE1,rec_yds,36.67,98,2.673,12.5,16.17,89.0,-0.123,-0.08199999999999996
2025,7,Jaylin Noel,HOU,SEA,WR3,td,0.25,0,0.0,12.5,14.33,91.0,-0.123,0.0625
2025,7,Nico Collins,HOU,SEA,WR1,rec_yds,63.39,27,0.426,18.0,12.5,93.0,-0.123,-0.2360000000000001
2025,7,Nico Collins,HOU,SEA,WR1,td,0.61,0,0.0,12.0,12.5,93.0,-0.123,-0.2360000000000001
2025,7,Xavier Hutchinson,HOU,SEA,WR2,td,0.22,0,0.0,9.5,14.67,96.0,-0.123,0.026000000000000023
2025,7,Sam Darnold,SEA,HOU,QB1,pass_yds,263.0,213,0.81,27.0,24.8,102.0,-0.07,0.053333333333333344
2025,7,Sam Darnold,SEA,HOU,QB1,pass_td,2.0,1,0.5,24.5,24.8,102.0,-0.07,0.053333333333333344
2025,7,Cooper Kupp,SEA,HOU,WR2,rec_yds,46.5,32,0.688,24.0,23.5,104.0,-0.07,-0.03166666666666662
2025,7,Cooper Kupp,SEA,HOU,WR2,td,0.3,0,0.0,19.5,23.5,104.0,-0.07,-0.03166666666666662
2025,7,Kenneth Walker III,SEA,HOU,RB1,rush_yds,54.95,66,1.201,16.0,24.5,100.0,-0.07,-0.07833333333333342
2025,7,Kenneth Walker III,SEA,HOU,RB1,rush_att,13.6,17,1.25,16.0,24.5,100.0,-0.07,-0.07833333333333342
2025,7,Kenneth Walker III,SEA,HOU,RB1,td,0.5,0,0.0,23.0,24.5,100.0,-0.07,-0.07833333333333342
2025,7,Zach Charbonnet,SEA,HOU,RB2,rush_yds,37.11,49,1.32,29.0,26.0,97.0,-0.07,0.04799999999999993
2025,7,Zach Charbonnet,SEA,HOU,RB2,rush_att,10.78,12,1.113,29.0,26.0,97.0,-0.07,0.04799999999999993
2025,7,Zach Charbonnet,SEA,HOU,RB2,td,0.56,2,3.6,16.0,26.0,97.0,-0.07,0.04799999999999993
2025,7,AJ Barner,SEA,HOU,TE1,rec_yds,27.5,7,0.255,27.0,21.33,105.0,-0.07,-0.00666666666666671
2025,7,AJ Barner,SEA,HOU,TE1,td,0.55,0,0.0,8.0,21.33,105.0,-0.07,-0.00666666666666671
2025,7,Jaxon Smith-Njigba,SEA,HOU,WR1,rec_yds,97.7,123,1.259,21.0,24.33,95.0,-0.07,0.08166666666666667
2025,7,Jaxon Smith-Njigba,SEA,HOU,WR1,td,0.45,1,2.222,24.0,24.33,95.0,-0.07,0.08166666666666667
2025,7,Tory Horton,SEA,HOU,WR3,rec_yds,22.6,0,0.0,4.0,13.83,118.0,-0.07,0.01200000000000001
2025,7,Tory Horton,SEA,HOU,WR3,td,0.6,0,0.0,17.5,13.83,118.0,-0.07,0.01200000000000001
2025,8,Carson Wentz,MIN,LAC,QB1,pass_yds,226.2,144,0.637,25.0,18.2,95.0,-0.16999999999999998,0.05499999999999994
2025,8,Carson Wentz,MIN,LAC,QB1,pass_td,1.0,1,1.0,28.5,18.2,95.0,-0.16999999999999998,0.05499999999999994
2025,8,Zavier Scott,MIN,LAC,RB2,td,0.25,0,0.0,22.0,17.8,103.0,-0.16999999999999998,-0.1225
2025,8,Jordan Mason,MIN,LAC,RB1,rush_yds,55.1,3,0.054,16.0,18.8,96.0,-0.16999999999999998,0.1383333333333333
2025,8,Jordan Mason,MIN,LAC,RB1,rush_att,11.5,4,0.348,16.0,18.8,96.0,-0.16999999999999998,0.1383333333333333
2025,8,Jordan Mason,MIN,LAC,RB1,td,0.4,0,0.0,18.5,18.8,96.0,-0.16999999999999998,0.1383333333333333
2025,8,Justin Jefferson,MIN,LAC,WR1,rec_yds,87.9,74,0.842,6.0,6.33,107.0,-0.16999999999999998,0.02833333333333321
2025,8,Justin Jefferson,MIN,LAC,WR1,td,0.35,0,0.0,10.0,6.33,107.0,-0.16999999999999998,0.02833333333333321
2025,8,Jordan Addison,MIN,LAC,WR2,rec_yds,81.64,26,0.318,30.0,29.5,95.0,-0.16999999999999998,0.050000000000000044
2025,8,Jordan Addison,MIN,LAC,WR2,td,0.64,1,1.556,31.5,29.5,95.0,-0.16999999999999998,0.050000000000000044
2025,8,T.J. Hockenson,MIN,LAC,TE1,rec_yds,37.4,26,0.695,26.0,20.83,103.0,-0.16999999999999998,0.02833333333333321
2025,8,Jalen Nailor,MIN,LAC,WR3,rec_yds,25.1,0,0.0,7.0,14.17,98.0,-0.16999999999999998,-0.17333333333333334
2025,8,Jalen Nailor,MIN,LAC,WR3,td,0.2,0,0.0,8.5,14.17,98.0,-0.16999999999999998,-0.17333333333333334
2025,8,Justin Herbert,LAC,MIN,QB1,pass_yds,263.95,227,0.86,15.0,23.1,86.0,-0.1,0.01285714285714279
2025,8,Justin Herbert,LAC,MIN,QB1,pass_td,1.73,3,1.737,25.0,23.1,86.0,-0.1,0.01285714285714279
2025,8,Kimani Vidal,LAC,MIN,RB1,rush_yds,33.43,117,3.5,14.5,19.4,97.0,-0.1,0.1333333333333333
2025,8,Ladd McConkey,LAC,MIN,WR2,rec_yds,66.77,88,1.318,1.0,5.67,96.0,-0.1,0.05142857142857149
2025,8,Ladd McConkey,LAC,MIN,WR2,td,0.32,1,3.143,15.0,5.67,96.0,-0.1,0.05142857142857149
2025,8,Oronde Gadsden II,LAC,MIN,TE1,rec_yds,61.6,77,1.25,19.0,21.33,89.0,-0.1,0.2300000000000001
2025,8,Oronde Gadsden II,LAC,MIN,TE1,td,0.2,1,5.0,30.0,21.33,89.0,-0.1,0.2300000000000001
2025,8,Keenan Allen,LAC,MIN,WR1,rec_yds,62.41,44,0.705,14.0,16.0,93.0,-0.1,0.014285714285714346
2025,8,Keenan Allen,LAC,MIN,WR1,td,0.59,0,0.0,12.0,16.0,93.0,-0.1,0.014285714285714346
2025,8,Tua Tagovailoa,MIA,ATL,QB1,pass_yds,217.09,205,0.944,32.0,17.8,102.0,-0.013,-0.14857142857142858
2025,8,Tua Tagovailoa,MIA,ATL,QB1,pass_td,1.73,4,2.316,7.0,17.8,102.0,-0.013,-0.14857142857142858
2025,8,De'Von Achane,MIA,ATL,RB1,rush_yds,63.36,67,1.057,17.0,16.6,100.0,-0.013,-0.22999999999999998
2025,8,De'Von Achane,MIA,ATL,RB1,rush_att,12.55,18,1.435,17.0,16.6,100.0,-0.013,-0.22999999999999998
2025,8,De'Von Achane,MIA,ATL,RB1,rec_yds,31.68,24,0.758,17.0,16.6,100.0,-0.013,-0.22999999999999998
2025,8,De'Von Achane,MIA,ATL,RB1,td,0.86,1,1.158,22.0,16.6,100.0,-0.013,-0.22999999999999998
2025,8,Jaylen Waddle,MIA,ATL,WR1,rec_yds,56.36,99,1.756,24.0,21.5,95.0,-0.013,-0.04999999999999993
2025,8,Jaylen Waddle,MIA,ATL,WR1,td,0.36,1,2.75,23.5,21.5,95.0,-0.013,-0.04999999999999993
2025,8,Nick Westbrook-Ikhine,MIA,ATL,WR3,rec_yds,24.56,18,0.733,26.0,24.33,118.0,-0.013,0.244
2025,8,Nick Westbrook-Ikhine,MIA,ATL,WR3,td,0.28,0,0.0,18.0,24.33,118.0,-0.013,0.244
2025,8,Kirk Cousins,ATL,MIA,QB1,pass_yds,196.8,173,0.879,22.0,19.1,86.0,0.07799999999999999,
2025,8,Kirk Cousins,ATL,MIA,QB1,pass_td,0.9,0,0.0,23.0,19.1,86.0,0.07799999999999999,
2025,8,Bijan Robinson,ATL,MIA,RB1,rush_yds,93.6,25,0.267,9.0,7.8,97.0,0.07799999999999999,0.11499999999999999
2025,8,Bijan Robinson,ATL,MIA,RB1,rush_att,18.15,9,0.496,9.0,7.8,97.0,0.07799999999999999,0.11499999999999999
2025,8,Bijan Robinson,ATL,MIA,RB1,rec_yds,45.4,23,0.507,6.0,7.8,97.0,0.07799999999999999,0.11499999999999999
2025,8,Bijan Robinson,ATL,MIA,RB1,td,0.9,0,0.0,7.5,7.8,97.0,0.07799999999999999,0.11499999999999999
2025,8,Tyler Allgeier,ATL,MIA,RB2,rush_yds,34.0,4,0.118,7.0,13.9,97.0,0.07799999999999999,-0.024999999999999994
2025,8,Tyler Allgeier,ATL,MIA,RB2,td,0.35,1,2.857,26.0,13.9,97.0,0.07799999999999999,-0.024999999999999994
2025,8,Kyle Pitts,ATL,MIA,TE1,rec_yds,37.1,59,1.59,2.0,12.5,89.0,0.07799999999999999,0.0050000000000000044
2025,8,Kyle Pitts,ATL,MIA,TE1,td,0.15,0,0.0,31.5,12.5,89.0,0.07799999999999999,0.0050000000000000044
2025,8,Darnell Mooney,ATL,MIA,WR1,rec_yds,49.12,11,0.224,32.0,26.5,93.0,0.07799999999999999,0.0724999999999999
2025,8,Josh Allen,BUF,CAR,QB1,pass_yds,237.95,163,0.685,21.0,14.7,106.0,0.2,0.021666666666666612
2025,8,Josh Allen,BUF,CAR,QB1,pass_td,1.8,1,0.556,5.0,14.7,106.0,0.2,0.021666666666666612
2025,8,James Cook,BUF,CAR,RB1,rush_yds,79.35,216,2.722,1.0,12.0,97.0,0.2,-0.08333333333333337
2025,8,James Cook,BUF,CAR,RB1,rush_att,15.6,19,1.218,1.0,12.0,97.0,0.2,-0.08333333333333337
2025,8,James Cook,BUF,CAR,RB1,td,1.0,2,2.0,24.5,12.0,97.0,0.2,-0.08333333333333337
2025,8,Ray Davis,BUF,CAR,RB2,td,0.3,0,0.0,2.0,5.8,106.0,0.2,-0.07166666666666668
2025,8,Khalil Shakir,BUF,CAR,WR1,rec_yds,46.8,88,1.88,5.0,8.0,100.0,0.2,-0.010000000000000009
2025,8,Khalil Shakir,BUF,CAR,WR1,td,0.3,1,3.333,7.5,8.0,100.0,0.2,-0.010000000000000009
2025,8,Keon Coleman,BUF,CAR,WR2,rec_yds,42.75,30,0.702,32.0,24.17,107.0,0.2,0.1349999999999999
2025,8,Keon Coleman,BUF,CAR,WR2,td,0.3,0,0.0,12.5,24.17,107.0,0.2,0.1349999999999999
2025,8,Dalton Kincaid,BUF,CAR,TE1,rec_yds,47.56,23,0.484,15.0,16.5,102.0,0.2,0.04999999999999999
2025,8,Dalton Kincaid,BUF,CAR,TE1,td,0.39,0,0.0,8.5,16.5,102.0,0.2,0.04999999999999999
2025,8,Elijah Moore,BUF,CAR,WR3,rec_yds,23.17,14,0.604,23.0,24.17,105.0,0.2,-0.016000000000000014
2025,8,Elijah Moore,BUF,CAR,WR3,td,0.17,0,0.0,28.5,24.17,105.0,0.2,-0.016000000000000014
2025,8,Andy Dalton,CAR,BUF,QB1,pass_yds,102.08,175,1.714,23.0,18.8,86.0,-0.035,0.13666666666666666
2025,8,Andy Dalton,CAR,BUF,QB1,pass_td,0.75,0,0.0,21.0,18.8,86.0,-0.035,0.13666666666666666
2025,8,Rico Dowdle,CAR,BUF,RB1,rush_yds,82.14,54,0.657,2.0,5.4,97.0,-0.035,-0.029999999999999916
2025,8,Rico Dowdle,CAR,BUF,RB1,rush_att,15.82,8,0.506,2.0,5.4,97.0,-0.035,-0.029999999999999916
2025,8,Rico Dowdle,CAR,BUF,RB1,td,0.36,0,0.0,6.0,5.4,97.0,-0.035,-0.029999999999999916
2025,8,Chuba Hubbard,CAR,BUF,RB2,rush_yds,64.11,34,0.53,19.0,11.9,97.0,-0.035,-0.07599999999999996
2025,8,Chuba Hubbard,CAR,BUF,RB2,rush_att,15.61,12,0.769,19.0,11.9,97.0,-0.035,-0.07599999999999996
2025,8,Chuba Hubbard,CAR,BUF,RB2,td,0.61,1,1.636,8.0,11.9,97.0,-0.035,-0.07599999999999996
2025,8,Jimmy Horn,CAR,BUF,WR3,rec_yds,21.67,0,0.0,31.0,23.67,91.0,-0.035,-0.01999999999999999
2025,8,Tetairoa McMillan,CAR,BUF,WR1,rec_yds,59.0,99,1.678,4.0,7.0,93.0,-0.035,-0.018571428571428572
2025,8,Tetairoa McMillan,CAR,BUF,WR1,td,0.29,0,0.0,12.0,7.0,93.0,-0.035,-0.018571428571428572
2025,8,Xavier Legette,CAR,BUF,WR2,rec_yds,31.67,17,0.537,16.0,12.67,96.0,-0.035,0.020000000000000018
2025,8,Xavier Legette,CAR,BUF,WR2,td,0.28,0,0.0,9.0,12.67,96.0,-0.035,0.020000000000000018
2025,8,Tommy Tremble,CAR,BUF,TE1,td,0.18,0,0.0,26.0,28.0,89.0,-0.035,0.04142857142857159
2025,8,Caleb Williams,CHI,BAL,QB1,pass_yds,222.9,285,1.279,3.0,9.0,106.0,0.099,0.026666666666666727
2025,8,Caleb Williams,CHI,BAL,QB1,pass_td,1.45,0,0.0,4.0,9.0,106.0,0.099,0.026666666666666727
2025,8,D'Andre Swift,CHI,BAL,RB1,rush_yds,61.65,45,0.73,32.0,18.6,97.0,0.099,-0.08499999999999996
2025,8,D'Andre Swift,CHI,BAL,RB1,rush_att,14.5,11,0.759,32.0,18.6,97.0,0.099,-0.08499999999999996
2025,8,D'Andre Swift,CHI,BAL,RB1,rec_yds,24.4,26,1.066,7.0,18.6,97.0,0.099,-0.08499999999999996
2025,8,D'Andre Swift,CHI,BAL,RB1,td,0.5,1,2.0,15.0,18.6,97.0,0.099,-0.08499999999999996
2025,8,Kyle Monangai,CHI,BAL,RB2,rush_yds,27.0,24,0.889,2.0,6.6,106.0,0.099,0.1333333333333333
2025,8,Kyle Monangai,CHI,BAL,RB2,td,0.17,0,0.0,3.0,6.6,106.0,0.099,0.1333333333333333
2025,8,D.J. Moore,CHI,BAL,WR2,rec_yds,54.2,73,1.347,27.0,20.33,107.0,0.099,0.004999999999999893
2025,8,D.J. Moore,CHI,BAL,WR2,td,0.25,0,0.0,9.0,20.33,107.0,0.099,0.004999999999999893
2025,8,Rome Odunze,CHI,BAL,WR1,rec_yds,51.9,114,2.197,1.0,3.33,100.0,0.099,0.021666666666666612
2025,8,Rome Odunze,CHI,BAL,WR1,td,0.6,0,0.0,5.0,3.33,100.0,0.099,0.021666666666666612
2025,8,Olamide Zaccheaus,CHI,BAL,WR3,rec_yds,29.3,33,1.126,17.0,9.0,105.0,0.099,-0.05166666666666664
2025,8,Olamide Zaccheaus,CHI,BAL,WR3,td,0.15,0,0.0,3.0,9.0,105.0,0.099,-0.05166666666666664
2025,8,Tyler Huntley,BAL,CHI,QB1,pass_yds,137.86,186,1.349,18.0,19.1,101.0,0.073,
2025,8,Derrick Henry,BAL,CHI,RB1,rush_yds,87.35,71,0.813,6.0,14.2,102.0,0.073,-0.04166666666666663
2025,8,Derrick Henry,BAL,CHI,RB1,rush_att,16.65,21,1.261,6.0,14.2,102.0,0.073,-0.04166666666666663
2025,8,Derrick Henry,BAL,CHI,RB1,td,0.65,2,3.077,11.0,14.2,102.0,0.073,-0.04166666666666663
2025,8,Zay Flowers,BAL,CHI,WR1,rec_yds,62.55,63,1.007,27.0,19.33,100.0,0.073,0.04833333333333334
2025,8,Zay Flowers,BAL,CHI,WR1,td,0.15,0,0.0,2.0,19.33,100.0,0.073,0.04833333333333334
2025,8,Justice Hill,BAL,CHI,RB2,td,0.3,0,0.0,8.0,7.3,99.0,0.073,0.0033333333333332993
2025,8,Rashod Bateman,BAL,CHI,WR2,rec_yds,28.7,51,1.777,4.0,20.5,99.0,0.073,-0.12166666666666659
2025,8,Rashod Bateman,BAL,CHI,WR2,td,0.4,0,0.0,27.0,20.5,99.0,0.073,-0.12166666666666659
2025,8,Mark Andrews,BAL,CHI,TE1,rec_yds,36.6,34,0.929,8.0,11.17,99.0,0.073,0.06833333333333325
2025,8,Mark Andrews,BAL,CHI,TE1,td,0.55,0,0.0,18.5,11.17,99.0,0.073,0.06833333333333325
2025,8,DeAndre Hopkins,BAL,CHI,WR3,rec_yds,33.9,14,0.413,32.0,23.67,96.0,0.073,0.046666666666666634
2025,8,DeAndre Hopkins,BAL,CHI,WR3,td,0.3,0,0.0,7.0,23.67,96.0,0.073,0.046666666666666634
2025,8,Mac Jones,SF,HOU,QB1,pass_yds,247.33,193,0.78,26.0,24.9,102.0,-0.019000000000000003,0.0
2025,8,Mac Jones,SF,HOU,QB1,pass_td,1.11,2,1.8,26.0,24.9,102.0,-0.019000000000000003,0.0
2025,8,Christian McCaffrey,SF,HOU,RB1,rush_yds,62.89,25,0.398,18.0,26.2,100.0,-0.019000000000000003,-0.08571428571428563
2025,8,Christian McCaffrey,SF,HOU,RB1,rush_att,17.44,8,0.459,18.0,26.2,100.0,-0.019000000000000003,-0.08571428571428563
2025,8,Christian McCaffrey,SF,HOU,RB1,rec_yds,65.44,43,0.657,29.0,26.2,100.0,-0.019000000000000003,-0.08571428571428563
2025,8,Christian McCaffrey,SF,HOU,RB1,td,0.67,0,0.0,27.0,26.2,100.0,-0.019000000000000003,-0.08571428571428563
2025,8,Jauan Jennings,SF,HOU,WR2,rec_yds,45.11,45,0.998,25.0,25.83,104.0,-0.019000000000000003,0.07399999999999995
2025,8,Jauan Jennings,SF,HOU,WR2,td,0.28,0,0.0,22.0,25.83,104.0,-0.019000000000000003,0.07399999999999995
2025,8,Kendrick Bourne,SF,HOU,WR1,rec_yds,52.3,44,0.841,12.0,16.67,95.0,-0.019000000000000003,0.06833333333333325
2025,8,Demarcus Robinson,SF,HOU,WR3,rec_yds,22.56,5,0.222,6.0,16.67,118.0,-0.019000000000000003,-0.09999999999999998
2025,8,Kyle Juszczyk,SF,HOU,RB2,td,0.18,0,0.0,8.0,24.2,97.0,-0.019000000000000003,0.19714285714285712
2025,8,Jake Tonges,SF,HOU,TE1,rec_yds,37.33,2,0.054,30.5,24.33,105.0,-0.019000000000000003,0.1449999999999999
2025,8,Jake Tonges,SF,HOU,TE1,td,0.5,1,2.0,11.5,24.33,105.0,-0.019000000000000003,0.1449999999999999
2025,8,C.J. Stroud,HOU,SF,QB1,pass_yds,209.9,318,1.515,24.0,22.9,106.0,0.054000000000000006,0.033333333333333326
2025,8,C.J. Stroud,HOU,SF,QB1,pass_td,1.35,2,1.481,14.5,22.9,106.0,0.054000000000000006,0.033333333333333326
2025,8,Woody Marks,HOU,SF,RB2,rush_yds,25.33,62,2.447,16.0,19.2,106.0,0.054000000000000006,0.22333333333333333
2025,8,Woody Marks,HOU,SF,RB2,td,0.5,0,0.0,19.0,19.2,106.0,0.054000000000000006,0.22333333333333333
2025,8,Nick Chubb,HOU,SF,RB1,rush_yds,43.1,56,1.299,12.0,7.9,97.0,0.054000000000000006,-0.1783333333333333
2025,8,Nick Chubb,HOU,SF,RB1,rush_att,11.4,17,1.491,12.0,7.9,97.0,0.054000000000000006,-0.1783333333333333
2025,8,Nick Chubb,HOU,SF,RB1,td,0.4,0,0.0,1.5,7.9,97.0,0.054000000000000006,-0.1783333333333333
2025,8,Xavier Hutchinson,HOU,SF,WR1,td,0.2,1,5.0,30.0,27.83,100.0,0.054000000000000006,0.1133333333333334
2025,8,Jaylin Noel,HOU,SF,WR3,td,0.2,0,0.0,8.5,19.17,105.0,0.054000000000000006,0.15400000000000003
2025,8,Jayden Higgins,HOU,SF,WR2,rec_yds,20.17,34,1.686,9.0,16.0,107.0,0.054000000000000006,0.14166666666666672
2025,8,Jayden Higgins,HOU,SF,WR2,td,0.17,1,6.0,18.5,16.0,107.0,0.054000000000000006,0.14166666666666672
2025,8,Dalton Schultz,HOU,SF,TE1,rec_yds,42.8,24,0.561,21.0,17.5,102.0,0.054000000000000006,0.06500000000000006
2025,8,Justin Fields,NYJ,CIN,QB1,pass_yds,126.15,244,1.934,7.0,9.6,102.0,0.0,-0.38666666666666666
2025,8,Justin Fields,NYJ,CIN,QB1,pass_td,0.6,1,1.667,1.0,9.6,102.0,0.0,-0.38666666666666666
2025,8,Breece Hall,NYJ,CIN,RB1,rush_yds,61.09,133,2.177,8.0,9.8,100.0,0.0,-0.07428571428571418
2025,8,Breece Hall,NYJ,CIN,RB1,rush_att,13.45,18,1.338,8.0,9.8,100.0,0.0,-0.07428571428571418
2025,8,Breece Hall,NYJ,CIN,RB1,rec_yds,22.5,14,0.622,13.0,9.8,100.0,0.0,-0.07428571428571418
2025,8,Breece Hall,NYJ,CIN,RB1,td,0.18,2,11.0,4.5,9.8,100.0,0.0,-0.07428571428571418
2025,8,Tyler Johnson,NYJ,CIN,WR1,rec_yds,23.22,64,2.756,18.0,24.83,95.0,0.0,-0.2739999999999999
2025,8,Mason Taylor,NYJ,CIN,TE1,rec_yds,29.71,34,1.144,5.0,4.0,105.0,0.0,0.09000000000000019
2025,8,Allen Lazard,NYJ,CIN,WR2,rec_yds,25.25,5,0.198,28.0,27.67,104.0,0.0,0.16750000000000004
2025,8,Allen Lazard,NYJ,CIN,WR2,td,0.31,0,0.0,26.0,27.67,104.0,0.0,0.16750000000000004
2025,8,Joe Flacco,CIN,NYJ,QB1,pass_yds,237.53,223,0.939,30.0,20.1,101.0,0.158,0.023333333333333428
2025,8,Joe Flacco,CIN,NYJ,QB1,pass_td,1.37,2,1.462,23.0,20.1,101.0,0.158,0.023333333333333428
2025,8,Chase Brown,CIN,NYJ,RB1,rush_yds,56.86,73,1.284,4.0,18.1,102.0,0.158,-0.004285714285714226
2025,8,Chase Brown,CIN,NYJ,RB1,rush_att,14.59,12,0.822,4.0,18.1,102.0,0.158,-0.004285714285714226
2025,8,Chase Brown,CIN,NYJ,RB1,rec_yds,22.14,32,1.446,30.0,18.1,102.0,0.158,-0.004285714285714226
2025,8,Chase Brown,CIN,NYJ,RB1,td,0.36,2,5.5,9.5,18.1,102.0,0.158,-0.004285714285714226
2025,8,Ja'Marr Chase,CIN,NYJ,WR1,rec_yds,102.23,91,0.89,29.0,25.17,100.0,0.158,0.052857142857142825
2025,8,Ja'Marr Chase,CIN,NYJ,WR1,td,0.91,0,0.0,14.5,25.17,100.0,0.158,0.052857142857142825
2025,8,Tee Higgins,CIN,NYJ,WR2,rec_yds,58.36,44,0.754,11.0,18.0,99.0,0.158,0.020000000000000018
2025,8,Tee Higgins,CIN,NYJ,WR2,td,0.64,1,1.571,28.5,18.0,99.0,0.158,0.020000000000000018
2025,8,Noah Fant,CIN,NYJ,TE1,rec_yds,33.56,41,1.222,27.0,17.0,99.0,0.158,0.23199999999999998
2025,8,Noah Fant,CIN,NYJ,TE1,td,0.28,0,0.0,4.0,17.0,99.0,0.158,0.23199999999999998
2025,8,Andrei Iosivas,CIN,NYJ,WR3,rec_yds,34.44,0,0.0,8.0,13.17,96.0,0.158,-0.15000000000000002
2025,8,Dillon Gabriel,CLE,NE,QB1,pass_yds,109.2,156,1.429,16.0,21.6,102.0,-0.218,0.33199999999999996
2025,8,Dillon Gabriel,CLE,NE,QB1,pass_td,0.6,2,3.333,14.5,21.6,102.0,-0.218,0.33199999999999996
2025,8,Quinshon Judkins,CLE,NE,RB1,rush_yds,77.83,19,0.244,24.0,14.4,100.0,-0.218,0.14833333333333343
2025,8,Quinshon Judkins,CLE,NE,RB1,rush_att,18.17,9,0.495,24.0,14.4,100.0,-0.218,0.14833333333333343
2025,8,Quinshon Judkins,CLE,NE,RB1,td,0.83,0,0.0,13.0,14.4,100.0,-0.218,0.14833333333333343
2025,8,Harold Fannin,CLE,NE,TE1,rec_yds,41.43,62,1.497,16.0,21.33,105.0,-0.218,0.06999999999999984
2025,8,Jerry Jeudy,CLE,NE,WR1,rec_yds,60.23,0,0.0,15.0,20.67,95.0,-0.218,-0.1599999999999998
2025,8,Isaiah Bond,CLE,NE,WR2,rec_yds,20.5,0,0.0,20.0,12.17,104.0,-0.218,0.31999999999999995
2025,8,Drake Maye,NE,CLE,QB1,pass_yds,227.0,282,1.242,28.5,24.7,101.0,0.072,-0.11142857142857143
2025,8,Drake Maye,NE,CLE,QB1,pass_td,1.5,3,2.0,11.5,24.7,101.0,0.072,-0.11142857142857143
2025,8,TreVeyon Henderson,NE,CLE,RB2,rush_yds,21.86,75,3.431,20.0,25.5,99.0,0.072,-0.19999999999999996
2025,8,Rhamondre Stevenson,NE,CLE,RB1,rush_yds,39.5,34,0.861,28.0,27.0,102.0,0.072,0.14714285714285713
2025,8,Rhamondre Stevenson,NE,CLE,RB1,rush_att,10.95,14,1.278,28.0,27.0,102.0,0.072,0.14714285714285713
2025,8,Rhamondre Stevenson,NE,CLE,RB1,td,0.41,0,0.0,16.0,27.0,102.0,0.072,0.14714285714285713
2025,8,DeMario Douglas,NE,CLE,WR3,rec_yds,27.55,44,1.597,20.0,16.17,96.0,0.072,-0.10833333333333336
2025,8,DeMario Douglas,NE,CLE,WR3,td,0.3,0,0.0,4.0,16.17,96.0,0.072,-0.10833333333333336
2025,8,Kayshon Boutte,NE,CLE,WR2,rec_yds,49.91,75,1.503,18.0,20.83,99.0,0.072,-0.0028571428571428914
2025,8,Kayshon Boutte,NE,CLE,WR2,td,0.45,1,2.2,18.5,20.83,99.0,0.072,-0.0028571428571428914
2025,8,Stefon Diggs,NE,CLE,WR1,rec_yds,64.0,14,0.219,21.0,22.5,100.0,0.072,0.008571428571428674
2025,8,Stefon Diggs,NE,CLE,WR1,td,0.18,1,5.5,16.5,22.5,100.0,0.072,0.008571428571428674
2025,8,Hunter Henry,NE,CLE,TE1,rec_yds,42.55,7,0.165,32.0,28.67,99.0,0.072,-0.13857142857142846
2025,8,Hunter Henry,NE,CLE,TE1,td,0.32,1,3.143,24.0,28.67,99.0,0.072,-0.13857142857142846
2025,8,Jaxson Dart,NYG,PHI,QB1,pass_yds,131.83,193,1.464,28.5,21.2,101.0,-0.006000000000000005,0.32833333333333325
2025,8,Jaxson Dart,NYG,PHI,QB1,pass_td,1.17,1,0.857,31.0,21.2,101.0,-0.006000000000000005,0.32833333333333325
2025,8,Tyrone Tracy Jr.,NYG,PHI,RB2,rush_yds,35.39,39,1.102,21.0,20.1,99.0,-0.006000000000000005,-0.03799999999999998
2025,8,Tyrone Tracy Jr.,NYG,PHI,RB2,td,0.33,0,0.0,31.5,20.1,99.0,-0.006000000000000005,-0.03799999999999998
2025,8,Cam Skattebo,NYG,PHI,RB1,rush_yds,56.86,12,0.211,22.0,22.4,102.0,-0.006000000000000005,0.03285714285714281
2025,8,Cam Skattebo,NYG,PHI,RB1,rush_att,14.0,3,0.214,22.0,22.4,102.0,-0.006000000000000005,0.03285714285714281
2025,8,Cam Skattebo,NYG,PHI,RB1,rec_yds,27.0,18,0.667,20.0,22.4,102.0,-0.006000000000000005,0.03285714285714281
2025,8,Cam Skattebo,NYG,PHI,RB1,td,0.86,1,1.167,13.0,22.4,102.0,-0.006000000000000005,0.03285714285714281
2025,8,Wan'Dale Robinson,NYG,PHI,WR1,rec_yds,56.73,48,0.846,17.0,17.17,100.0,-0.006000000000000005,0.0485714285714286
2025,8,Wan'Dale Robinson,NYG,PHI,WR1,td,0.23,0,0.0,26.0,17.17,100.0,-0.006000000000000005,0.0485714285714286
2025,8,Darius Slayton,NYG,PHI,WR2,rec_yds,26.94,26,0.965,6.0,12.17,99.0,-0.006000000000000005,-0.118
2025,8,Theo Johnson,NYG,PHI,TE1,rec_yds,31.09,20,0.643,28.0,27.0,99.0,-0.006000000000000005,0.05428571428571438
2025,8,Theo Johnson,NYG,PHI,TE1,td,0.41,0,0.0,28.0,27.0,99.0,-0.006000000000000005,0.05428571428571438
2025,8,Jalen Hurts,PHI,NYG,QB1,pass_yds,197.95,179,0.904,9.0,10.5,101.0,0.133,0.0
2025,8,Jalen Hurts,PHI,NYG,QB1,pass_td,1.45,4,2.75,27.0,10.5,101.0,0.133,0.0
2025,8,Saquon Barkley,PHI,NYG,RB1,rush_yds,82.64,150,1.815,3.0,15.0,102.0,0.133,-0.0357142857142857
2025,8,Saquon Barkley,PHI,NYG,RB1,rush_att,18.82,14,0.744,3.0,15.0,102.0,0.133,-0.0357142857142857
2025,8,Saquon Barkley,PHI,NYG,RB1,td,0.68,2,2.933,18.5,15.0,102.0,0.133,-0.0357142857142857
2025,8,Tank Bigsby,PHI,NYG,RB2,rush_yds,26.58,104,3.912,18.0,8.4,99.0,0.133,-0.06499999999999999
2025,8,Tank Bigsby,PHI,NYG,RB2,td,0.25,0,0.0,5.5,8.4,99.0,0.133,-0.06499999999999999
2025,8,DeVonta Smith,PHI,NYG,WR1,rec_yds,70.0,84,1.2,13.0,13.17,100.0,0.133,-0.024285714285714244
2025,8,DeVonta Smith,PHI,NYG,WR1,td,0.45,0,0.0,20.5,13.17,100.0,0.133,-0.024285714285714244
2025,8,Jahan Dotson,PHI,NYG,WR2,rec_yds,22.39,40,1.787,3.0,3.0,99.0,0.133,0.134
2025,8,Dallas Goedert,PHI,NYG,TE1,rec_yds,47.45,28,0.59,22.0,19.67,99.0,0.133,0.12166666666666659
2025,8,Dallas Goedert,PHI,NYG,TE1,td,0.6,2,3.333,20.5,19.67,99.0,0.133,0.12166666666666659
2025,8,Baker Mayfield,TB,NO,QB1,pass_yds,256.59,152,0.592,14.0,14.8,106.0,-0.046,-0.008571428571428563
2025,8,Baker Mayfield,TB,NO,QB1,pass_td,2.0,0,0.0,14.5,14.8,106.0,-0.046,-0.008571428571428563
2025,8,Sean Tucker,TB,NO,RB2,td,0.19,1,5.333,22.0,18.6,106.0,-0.046,-0.04249999999999998
2025,8,Rachaad White,TB,NO,RB1,rush_yds,39.14,35,0.894,13.0,10.8,97.0,-0.046,0.36857142857142866
2025,8,Rachaad White,TB,NO,RB1,td,0.64,0,0.0,1.5,10.8,97.0,-0.046,0.36857142857142866
2025,8,Tez Johnson,TB,NO,WR3,rec_yds,28.33,43,1.518,12.0,12.17,105.0,-0.046,0.26166666666666677
2025,8,Tez Johnson,TB,NO,WR3,td,0.33,0,0.0,12.5,12.17,105.0,-0.046,0.26166666666666677
2025,8,Cade Otton,TB,NO,TE1,rec_yds,44.95,40,0.89,13.5,14.0,102.0,-0.046,0.033333333333333326
2025,8,Cade Otton,TB,NO,TE1,td,0.15,0,0.0,15.0,14.0,102.0,-0.046,0.033333333333333326
2025,8,Emeka Egbuka,TB,NO,WR1,rec_yds,75.29,35,0.465,19.0,17.17,100.0,-0.046,-0.037142857142857255
2025,8,Emeka Egbuka,TB,NO,WR1,td,0.71,0,0.0,7.5,17.17,100.0,-0.046,-0.037142857142857255
2025,8,Sterling Shepard,TB,NO,WR2,rec_yds,34.41,8,0.232,7.0,11.5,107.0,-0.046,0.04571428571428571
2025,8,Spencer Rattler,NO,TB,QB1,pass_yds,200.81,136,0.677,4.0,6.9,106.0,-0.066,0.017142857142857015
2025,8,Spencer Rattler,NO,TB,QB1,pass_td,0.95,0,0.0,10.0,6.9,106.0,-0.066,0.017142857142857015
2025,8,Alvin Kamara,NO,TB,RB1,rush_yds,54.82,21,0.383,27.0,14.5,97.0,-0.066,0.10571428571428576
2025,8,Alvin Kamara,NO,TB,RB1,rush_att,14.18,6,0.423,27.0,14.5,97.0,-0.066,0.10571428571428576
2025,8,Alvin Kamara,NO,TB,RB1,rec_yds,25.05,24,0.958,2.0,14.5,97.0,-0.066,0.10571428571428576
2025,8,Rashid Shaheed,NO,TB,WR2,rec_yds,53.05,75,1.414,19.0,15.33,107.0,-0.066,0.04999999999999993
2025,8,Rashid Shaheed,NO,TB,WR2,td,0.35,0,0.0,5.0,15.33,107.0,-0.066,0.04999999999999993
2025,8,Juwan Johnson,NO,TB,TE1,rec_yds,43.32,53,1.224,7.0,4.83,102.0,-0.066,-0.15000000000000002
2025,8,Juwan Johnson,NO,TB,TE1,td,0.18,0,0.0,5.5,4.83,102.0,-0.066,-0.15000000000000002
2025,8,Brandin Cooks,NO,TB,WR3,rec_yds,20.64,22,1.066,10.0,12.33,105.0,-0.066,0.009999999999999898
2025,8,Chris Olave,NO,TB,WR1,rec_yds,58.18,63,1.083,16.0,17.83,100.0,-0.066,-0.017142857142857126
2025,8,Chris Olave,NO,TB,WR1,td,0.32,0,0.0,26.0,17.83,100.0,-0.066,-0.017142857142857126
2025,8,Cam Ward,TEN,IND,QB1,pass_yds,193.71,259,1.337,5.0,12.1,102.0,-0.132,0.0
2025,8,Tyjae Spears,TEN,IND,RB2,rush_yds,25.64,59,2.301,13.0,14.9,97.0,-0.132,0.006666666666666654
2025,8,Tyjae Spears,TEN,IND,RB2,td,0.29,1,3.5,12.0,14.9,97.0,-0.132,0.006666666666666654
2025,8,Tony Pollard,TEN,IND,RB1,rush_yds,55.32,44,0.795,21.0,18.5,100.0,-0.132,-0.18428571428571427
2025,8,Tony Pollard,TEN,IND,RB1,rush_att,14.27,11,0.771,21.0,18.5,100.0,-0.132,-0.18428571428571427
2025,8,Tony Pollard,TEN,IND,RB1,td,0.27,0,0.0,28.0,18.5,100.0,-0.132,-0.18428571428571427
2025,8,Chig Okonkwo,TEN,IND,TE1,rec_yds,34.36,53,1.542,3.0,9.33,105.0,-0.132,-0.08571428571428574
2025,8,Elic Ayomanor,TEN,IND,WR1,rec_yds,32.14,52,1.618,7.0,13.0,95.0,-0.132,0.14714285714285713
2025,8,Elic Ayomanor,TEN,IND,WR1,td,0.29,0,0.0,20.5,13.0,95.0,-0.132,0.14714285714285713
2025,8,Van Jefferson,TEN,IND,WR3,rec_yds,23.17,6,0.259,19.0,8.5,118.0,-0.132,0.33599999999999997
2025,8,Daniel Jones,IND,TEN,QB1,pass_yds,240.27,272,1.132,31.0,20.7,95.0,0.184,0.03285714285714292
2025,8,Daniel Jones,IND,TEN,QB1,pass_td,1.18,3,2.538,23.0,20.7,95.0,0.184,0.03285714285714292
2025,8,Jonathan Taylor,IND,TEN,RB1,rush_yds,105.59,153,1.449,19.0,18.2,96.0,0.184,0.037142857142857144
2025,8,Jonathan Taylor,IND,TEN,RB1,rush_att,20.91,12,0.574,19.0,18.2,96.0,0.184,0.037142857142857144
2025,8,Jonathan Taylor,IND,TEN,RB1,td,1.32,3,2.276,3.0,18.2,96.0,0.184,0.037142857142857144
2025,8,Ameer Abdullah,IND,TEN,RB2,rush_yds,21.86,5,0.229,1.0,13.2,103.0,0.184,0.009999999999999995
2025,8,Ameer Abdullah,IND,TEN,RB2,td,0.43,0,0.0,1.0,13.2,103.0,0.184,0.009999999999999995
2025,8,Michael Pittman Jr.,IND,TEN,WR1,rec_yds,52.64,95,1.805,23.0,19.33,107.0,0.184,0.02285714285714291
2025,8,Michael Pittman Jr.,IND,TEN,WR1,td,0.5,1,2.0,16.5,19.33,107.0,0.184,0.02285714285714291
2025,8,Alec Pierce,IND,TEN,WR3,rec_yds,59.11,69,1.167,25.0,27.17,98.0,0.184,0.08799999999999997
2025,8,Alec Pierce,IND,TEN,WR3,td,0.22,0,0.0,32.0,27.17,98.0,0.184,0.08799999999999997
2025,8,Tyler Warren,IND,TEN,TE1,rec_yds,62.71,53,0.845,25.0,26.33,103.0,0.184,0.09999999999999998
2025,8,Tyler Warren,IND,TEN,TE1,td,0.57,0,0.0,31.5,26.33,103.0,0.184,0.09999999999999998
2025,8,Josh Downs,IND,TEN,WR2,rec_yds,44.3,39,0.88,14.0,11.83,95.0,0.184,-0.025000000000000022
2025,8,Josh Downs,IND,TEN,WR2,td,0.2,1,5.0,5.0,11.83,95.0,0.184,-0.025000000000000022
2025,8,Dak Prescott,DAL,DEN,QB1,pass_yds,260.91,188,0.721,20.0,23.1,101.0,0.051000000000000004,0.02000000000000013
2025,8,Dak Prescott,DAL,DEN,QB1,pass_td,1.95,0,0.0,31.0,23.1,101.0,0.051000000000000004,0.02000000000000013
2025,8,Javonte Williams,DAL,DEN,RB1,rush_yds,59.55,41,0.689,23.0,19.4,102.0,0.051000000000000004,-0.05142857142857138
2025,8,Javonte Williams,DAL,DEN,RB1,rush_att,11.77,13,1.104,23.0,19.4,102.0,0.051000000000000004,-0.05142857142857138
2025,8,Javonte Williams,DAL,DEN,RB1,td,0.73,2,2.75,26.0,19.4,102.0,0.051000000000000004,-0.05142857142857138
2025,8,CeeDee Lamb,DAL,DEN,WR2,rec_yds,88.93,74,0.832,13.0,16.0,99.0,0.051000000000000004,-0.09333333333333338
2025,8,CeeDee Lamb,DAL,DEN,WR2,td,0.29,0,0.0,31.5,16.0,99.0,0.051000000000000004,-0.09333333333333338
2025,8,George Pickens,DAL,DEN,WR1,rec_yds,79.59,78,0.98,26.0,24.5,100.0,0.051000000000000004,-0.01571428571428568
2025,8,George Pickens,DAL,DEN,WR1,td,0.68,0,0.0,31.5,24.5,100.0,0.051000000000000004,-0.01571428571428568
2025,8,Jalen Tolbert,DAL,DEN,WR3,rec_yds,22.41,47,2.097,9.0,18.17,96.0,0.051000000000000004,-0.2171428571428572
2025,8,Jalen Tolbert,DAL,DEN,WR3,td,0.18,1,5.5,30.5,18.17,96.0,0.051000000000000004,-0.2171428571428572
2025,8,Jake Ferguson,DAL,DEN,TE1,rec_yds,40.86,0,0.0,23.0,19.0,99.0,0.051000000000000004,-0.01571428571428557
2025,8,Jake Ferguson,DAL,DEN,TE1,td,0.55,0,0.0,15.0,19.0,99.0,0.051000000000000004,-0.01571428571428557
2025,8,Bo Nix,DEN,DAL,QB1,pass_yds,233.36,247,1.058,6.0,2.2,106.0,0.199,0.0
2025,8,Bo Nix,DEN,DAL,QB1,pass_td,1.95,4,2.047,2.0,2.2,106.0,0.199,0.0
2025,8,J.K. Dobbins,DEN,DAL,RB1,rush_yds,68.77,111,1.614,10.0,6.4,97.0,0.199,-0.0257142857142858
2025,8,J.K. Dobbins,DEN,DAL,RB1,rush_att,14.73,15,1.019,10.0,6.4,97.0,0.199,-0.0257142857142858
2025,8,J.K. Dobbins,DEN,DAL,RB1,td,0.64,0,0.0,7.5,6.4,97.0,0.199,-0.0257142857142858
2025,8,RJ Harvey,DEN,DAL,RB2,rush_yds,22.0,46,2.091,14.0,10.7,106.0,0.199,-0.042857142857142816
2025,8,RJ Harvey,DEN,DAL,RB2,td,0.29,3,10.5,14.5,10.7,106.0,0.199,-0.042857142857142816
2025,8,Marvin Mims,DEN,DAL,WR3,rec_yds,41.59,0,0.0,14.0,16.67,105.0,0.199,0.10571428571428576
2025,8,Marvin Mims,DEN,DAL,WR3,td,0.45,0,0.0,24.0,16.67,105.0,0.199,0.10571428571428576
2025,8,Troy Franklin,DEN,DAL,WR2,rec_yds,30.27,89,2.94,5.0,13.5,107.0,0.199,-0.03428571428571425
2025,8,Troy Franklin,DEN,DAL,WR2,td,0.23,2,8.8,24.0,13.5,107.0,0.199,-0.03428571428571425
2025,8,Courtland Sutton,DEN,DAL,WR1,rec_yds,69.09,67,0.97,20.0,15.67,100.0,0.199,0.0714285714285714
2025,8,Courtland Sutton,DEN,DAL,WR1,td,0.55,0,0.0,1.0,15.67,100.0,0.199,0.0714285714285714
2025,8,Evan Engram,DEN,DAL,TE1,rec_yds,35.9,36,1.003,20.0,15.0,102.0,0.199,0.12000000000000005
2025,8,Evan Engram,DEN,DAL,TE1,td,0.15,0,0.0,8.5,15.0,102.0,0.199,0.12000000000000005
2025,8,Jordan Love,GB,PIT,QB1,pass_yds,222.25,360,1.62,2.0,13.1,102.0,0.147,0.0
2025,8,Jordan Love,GB,PIT,QB1,pass_td,1.5,3,2.0,18.5,13.1,102.0,0.147,0.0
2025,8,Emanuel Wilson,GB,PIT,RB2,rush_yds,25.0,61,2.44,24.0,18.1,97.0,0.147,0.122
2025,8,Emanuel Wilson,GB,PIT,RB2,td,0.17,0,0.0,17.5,18.1,97.0,0.147,0.122
2025,8,Josh Jacobs,GB,PIT,RB1,rush_yds,69.75,33,0.473,14.5,20.9,100.0,0.147,-0.16833333333333333
2025,8,Josh Jacobs,GB,PIT,RB1,rush_att,18.25,13,0.712,14.5,20.9,100.0,0.147,-0.16833333333333333
2025,8,Josh Jacobs,GB,PIT,RB1,rec_yds,28.6,12,0.42,15.0,20.9,100.0,0.147,-0.16833333333333333
2025,8,Josh Jacobs,GB,PIT,RB1,td,1.4,1,0.714,29.0,20.9,100.0,0.147,-0.16833333333333333
2025,8,Tucker Kraft,GB,PIT,TE1,rec_yds,49.15,143,2.909,10.0,5.67,105.0,0.147,-0.021666666666666612
2025,8,Tucker Kraft,GB,PIT,TE1,td,0.5,2,4.0,2.0,5.67,105.0,0.147,-0.021666666666666612
2025,8,Romeo Doubs,GB,PIT,WR1,rec_yds,49.75,44,0.884,3.0,9.17,95.0,0.147,0.06000000000000005
2025,8,Romeo Doubs,GB,PIT,WR1,td,0.5,0,0.0,23.5,9.17,95.0,0.147,0.06000000000000005
2025,8,Matthew Golden,GB,PIT,WR2,rec_yds,41.5,4,0.096,15.0,10.83,104.0,0.147,0.09833333333333338
2025,8,Aaron Rodgers,PIT,GB,QB1,pass_yds,216.5,219,1.012,17.0,22.6,106.0,0.071,0.016666666666666607
2025,8,Aaron Rodgers,PIT,GB,QB1,pass_td,2.05,2,0.976,18.5,22.6,106.0,0.071,0.016666666666666607
2025,8,Jaylen Warren,PIT,GB,RB1,rush_yds,50.89,62,1.218,26.0,21.5,97.0,0.071,0.04799999999999993
2025,8,Jaylen Warren,PIT,GB,RB1,rush_att,11.39,13,1.141,26.0,21.5,97.0,0.071,0.04799999999999993
2025,8,Jaylen Warren,PIT,GB,RB1,rec_yds,32.33,11,0.34,23.0,21.5,97.0,0.071,0.04799999999999993
2025,8,Jaylen Warren,PIT,GB,RB1,td,0.17,0,0.0,22.0,21.5,97.0,0.071,0.04799999999999993
2025,8,Kenneth Gainwell,PIT,GB,RB2,rush_yds,27.3,31,1.136,27.0,17.2,106.0,0.071,-0.06333333333333335
2025,8,Kenneth Gainwell,PIT,GB,RB2,td,0.35,0,0.0,27.0,17.2,106.0,0.071,-0.06333333333333335
2025,8,D.K. Metcalf,PIT,GB,WR1,rec_yds,61.8,55,0.89,25.0,17.33,100.0,0.071,0.08999999999999997
2025,8,D.K. Metcalf,PIT,GB,WR1,td,0.5,1,2.0,12.0,17.33,100.0,0.071,0.08999999999999997
2025,8,Calvin Austin III,PIT,GB,WR2,rec_yds,34.31,28,0.816,12.0,16.83,107.0,0.071,-0.22750000000000004
2025,8,Calvin Austin III,PIT,GB,WR2,td,0.38,0,0.0,30.0,16.83,107.0,0.071,-0.22750000000000004
2025,8,Jonnu Smith,PIT,GB,TE1,rec_yds,38.55,17,0.441,1.0,4.5,102.0,0.071,0.08499999999999985
2025,8,Jonnu Smith,PIT,GB,TE1,td,0.55,0,0.0,11.5,4.5,102.0,0.071,0.08499999999999985
2025,8,Marcus Mariota,WAS,KC,QB1,pass_yds,135.11,213,1.576,27.0,17.4,95.0,0.027000000000000003,-0.46
2025,8,Marcus Mariota,WAS,KC,QB1,pass_td,1.11,1,0.9,28.5,17.4,95.0,0.027000000000000003,-0.46
2025,8,Jacory Croskey-Merritt,WAS,KC,RB1,rush_yds,53.86,25,0.464,31.0,28.9,96.0,0.027000000000000003,0.07285714285714284
2025,8,Jacory Croskey-Merritt,WAS,KC,RB1,rush_att,10.43,9,0.863,31.0,28.9,96.0,0.027000000000000003,0.07285714285714284
2025,8,Jacory Croskey-Merritt,WAS,KC,RB1,td,0.57,0,0.0,30.5,28.9,96.0,0.027000000000000003,0.07285714285714284
2025,8,Jeremy McNichols,WAS,KC,RB2,td,0.15,0,0.0,22.0,21.6,103.0,0.027000000000000003,0.07500000000000001
2025,8,Deebo Samuel,WAS,KC,WR1,rec_yds,44.7,11,0.246,28.0,22.67,107.0,0.027000000000000003,-0.019999999999999907
2025,8,Deebo Samuel,WAS,KC,WR1,td,0.5,0,0.0,28.5,22.67,107.0,0.027000000000000003,-0.019999999999999907
2025,8,Terry McLaurin,WAS,KC,WR3,rec_yds,56.86,54,0.95,28.0,16.33,98.0,0.027000000000000003,-0.16666666666666674
2025,8,Terry McLaurin,WAS,KC,WR3,td,0.5,1,2.0,2.0,16.33,98.0,0.027000000000000003,-0.16666666666666674
2025,8,Zach Ertz,WAS,KC,TE1,rec_yds,34.64,16,0.462,12.0,16.0,103.0,0.027000000000000003,0.03142857142857136
2025,8,Zach Ertz,WAS,KC,TE1,td,0.64,0,0.0,24.0,16.0,103.0,0.027000000000000003,0.03142857142857136
2025,8,Jaylin Lane,WAS,KC,WR2,rec_yds,20.29,0,0.0,22.0,23.17,95.0,0.027000000000000003,0.2685714285714285
2025,8,Patrick Mahomes,KC,WAS,QB1,pass_yds,253.91,299,1.178,19.0,16.9,102.0,0.195,-0.15999999999999992
2025,8,Patrick Mahomes,KC,WAS,QB1,pass_td,1.95,3,1.535,11.5,16.9,102.0,0.195,-0.15999999999999992
2025,8,Isiah Pacheco,KC,WAS,RB1,rush_yds,40.57,58,1.43,5.0,11.7,100.0,0.195,-0.0071428571428571175
2025,8,Isiah Pacheco,KC,WAS,RB1,rush_att,10.24,12,1.172,5.0,11.7,100.0,0.195,-0.0071428571428571175
2025,8,Isiah Pacheco,KC,WAS,RB1,td,0.24,0,0.0,4.5,11.7,100.0,0.195,-0.0071428571428571175
2025,8,Kareem Hunt,KC,WAS,RB2,rush_yds,32.91,40,1.215,12.0,22.4,97.0,0.195,-0.16428571428571426
2025,8,Kareem Hunt,KC,WAS,RB2,td,0.36,2,5.5,29.5,22.4,97.0,0.195,-0.16428571428571426
2025,8,Travis Kelce,KC,WAS,TE1,rec_yds,51.73,99,1.914,24.0,18.0,105.0,0.195,-0.11285714285714288
2025,8,Travis Kelce,KC,WAS,TE1,td,0.27,1,3.667,3.0,18.0,105.0,0.195,-0.11285714285714288
2025,8,Xavier Worthy,KC,WAS,WR2,rec_yds,42.39,53,1.25,8.0,6.83,104.0,0.195,0.04399999999999993
2025,8,Xavier Worthy,KC,WAS,WR2,td,0.33,0,0.0,2.5,6.83,104.0,0.195,0.04399999999999993
2025,8,JuJu Smith-Schuster,KC,WAS,WR3,rec_yds,27.45,29,1.056,24.0,21.5,118.0,0.195,-0.2985714285714286
2025,8,Marquise Brown,KC,WAS,WR1,rec_yds,45.19,0,0.0,11.0,16.67,95.0,0.195,-0.2771428571428571
2025,8,Marquise Brown,KC,WAS,WR1,td,0.5,0,0.0,20.5,16.67,95.0,0.195,-0.2771428571428571
2025,9,Lamar Jackson,BAL,MIA,QB1,pass_yds,220.69,204,0.924,23.0,22.0,86.0,0.123,-0.22000000000000008
2025,9,Lamar Jackson,BAL,MIA,QB1,pass_td,2.56,4,1.561,27.0,22.0,86.0,0.123,-0.22000000000000008
2025,9,Derrick Henry,BAL,MIA,RB1,rush_yds,85.86,119,1.386,10.0,8.4,97.0,0.123,0.04142857142857148
2025,9,Derrick Henry,BAL,MIA,RB1,rush_att,17.05,19,1.115,10.0,8.4,97.0,0.123,0.04142857142857148
2025,9,Derrick Henry,BAL,MIA,RB1,td,0.77,0,0.0,11.0,8.4,97.0,0.123,0.04142857142857148
2025,9,Mark Andrews,BAL,MIA,TE1,rec_yds,36.36,22,0.605,2.0,11.83,89.0,0.123,-0.09571428571428575
2025,9,Mark Andrews,BAL,MIA,TE1,td,0.5,2,4.0,31.5,11.83,89.0,0.123,-0.09571428571428575
2025,9,Justice Hill,BAL,MIA,RB2,td,0.27,0,0.0,21.0,15.1,97.0,0.123,-0.11714285714285716
2025,9,Zay Flowers,BAL,MIA,WR1,rec_yds,62.59,64,1.023,32.0,28.0,93.0,0.123,0.07571428571428562
2025,9,Rashod Bateman,BAL,MIA,WR2,rec_yds,30.73,13,0.423,31.0,26.67,96.0,0.123,0.09285714285714286
2025,9,Rashod Bateman,BAL,MIA,WR2,td,0.36,1,2.75,17.0,26.67,96.0,0.123,0.09285714285714286
2025,9,DeAndre Hopkins,BAL,MIA,WR3,rec_yds,32.09,0,0.0,21.0,20.5,91.0,0.123,0.07428571428571423
2025,9,DeAndre Hopkins,BAL,MIA,WR3,td,0.27,0,0.0,25.0,20.5,91.0,0.123,0.07428571428571423
2025,9,Tua Tagovailoa,MIA,BAL,QB1,pass_yds,216.08,261,1.208,3.0,10.0,106.0,0.0010000000000000009,-0.03375000000000006
2025,9,Tua Tagovailoa,MIA,BAL,QB1,pass_td,1.92,0,0.0,5.0,10.0,106.0,0.0010000000000000009,-0.03375000000000006
2025,9,De'Von Achane,MIA,BAL,RB1,rush_yds,63.67,67,1.052,32.0,19.2,97.0,0.0010000000000000009,-0.09625000000000006
2025,9,De'Von Achane,MIA,BAL,RB1,rush_att,13.0,14,1.077,32.0,19.2,97.0,0.0010000000000000009,-0.09625000000000006
2025,9,De'Von Achane,MIA,BAL,RB1,rec_yds,31.04,39,1.256,7.0,19.2,97.0,0.0010000000000000009,-0.09625000000000006
2025,9,De'Von Achane,MIA,BAL,RB1,td,0.88,0,0.0,16.0,19.2,97.0,0.0010000000000000009,-0.09625000000000006
2025,9,Ollie Gordon,MIA,BAL,RB2,td,0.25,0,0.0,4.0,8.0,106.0,0.0010000000000000009,0.05499999999999999
2025,9,Jaylen Waddle,MIA,BAL,WR1,rec_yds,59.92,82,1.369,1.0,4.0,100.0,0.0010000000000000009,-0.026249999999999996
2025,9,Jaylen Waddle,MIA,BAL,WR1,td,0.42,0,0.0,7.0,4.0,100.0,0.0010000000000000009,-0.026249999999999996
2025,9,Nick Westbrook-Ikhine,MIA,BAL,WR3,rec_yds,23.9,22,0.921,17.0,7.67,105.0,0.0010000000000000009,0.11166666666666669
2025,9,Nick Westbrook-Ikhine,MIA,BAL,WR3,td,0.25,0,0.0,4.0,7.67,105.0,0.0010000000000000009,0.11166666666666669
2025,9,Michael Penix,ATL,NE,QB1,pass_yds,211.35,221,1.046,18.0,22.4,102.0,-0.049,0.03833333333333344
2025,9,Michael Penix,ATL,NE,QB1,pass_td,0.76,3,3.923,13.5,22.4,102.0,-0.049,0.03833333333333344
2025,9,Bijan Robinson,ATL,NE,RB1,rush_yds,87.36,46,0.527,24.0,15.7,100.0,-0.049,-0.14142857142857135
2025,9,Bijan Robinson,ATL,NE,RB1,rush_att,17.32,12,0.693,24.0,15.7,100.0,-0.049,-0.14142857142857135
2025,9,Bijan Robinson,ATL,NE,RB1,rec_yds,43.36,50,1.153,9.0,15.7,100.0,-0.049,-0.14142857142857135
2025,9,Bijan Robinson,ATL,NE,RB1,td,0.82,0,0.0,14.5,15.7,100.0,-0.049,-0.14142857142857135
2025,9,Tyler Allgeier,ATL,NE,RB2,rush_yds,31.27,6,0.192,15.0,22.4,97.0,-0.049,0.12428571428571428
2025,9,Tyler Allgeier,ATL,NE,RB2,td,0.41,0,0.0,25.0,22.4,97.0,-0.049,0.12428571428571428
2025,9,Drake London,ATL,NE,WR1,rec_yds,82.85,118,1.424,23.0,25.83,95.0,-0.049,0.08166666666666655
2025,9,Drake London,ATL,NE,WR1,td,0.35,3,8.571,27.5,25.83,95.0,-0.049,0.08166666666666655
2025,9,Kyle Pitts,ATL,NE,TE1,rec_yds,39.09,38,0.972,15.0,17.83,105.0,-0.049,0.09000000000000008
2025,9,Darnell Mooney,ATL,NE,WR2,rec_yds,44.89,15,0.334,24.0,17.0,104.0,-0.049,0.11399999999999999
2025,9,Drake Maye,NE,ATL,QB1,pass_yds,231.58,259,1.118,32.0,18.0,102.0,0.166,0.03374999999999995
2025,9,Drake Maye,NE,ATL,QB1,pass_td,1.62,2,1.231,4.0,18.0,102.0,0.166,0.03374999999999995
2025,9,TreVeyon Henderson,NE,ATL,RB1,rush_yds,28.5,55,1.93,16.0,14.2,100.0,0.166,-0.11374999999999999
2025,9,DeMario Douglas,NE,ATL,WR3,rec_yds,29.05,100,3.443,27.0,25.17,118.0,0.166,-0.11000000000000001
2025,9,DeMario Douglas,NE,ATL,WR3,td,0.27,1,3.667,19.5,25.17,118.0,0.166,-0.11000000000000001
2025,9,Hunter Henry,NE,ATL,TE1,rec_yds,39.58,51,1.288,30.0,28.83,105.0,0.166,-0.05125000000000002
2025,9,Hunter Henry,NE,ATL,TE1,td,0.38,0,0.0,24.5,28.83,105.0,0.166,-0.05125000000000002
2025,9,Stefon Diggs,NE,ATL,WR1,rec_yds,59.83,38,0.635,16.0,17.33,95.0,0.166,-0.018749999999999933
2025,9,Stefon Diggs,NE,ATL,WR1,td,0.25,1,4.0,18.0,17.33,95.0,0.166,-0.018749999999999933
2025,9,Kayshon Boutte,NE,ATL,WR2,rec_yds,52.0,0,0.0,27.0,11.0,104.0,0.166,0.023749999999999938
2025,9,Kayshon Boutte,NE,ATL,WR2,td,0.5,0,0.0,1.0,11.0,104.0,0.166,0.023749999999999938
2025,9,Caleb Williams,CHI,CIN,QB1,pass_yds,228.55,280,1.225,7.0,9.4,102.0,0.2,0.02285714285714291
2025,9,Caleb Williams,CHI,CIN,QB1,pass_td,1.32,3,2.276,2.0,9.4,102.0,0.2,0.02285714285714291
2025,9,D.J. Moore,CHI,CIN,WR3,rec_yds,55.91,72,1.288,22.0,13.67,118.0,0.2,-0.021428571428571463
2025,9,D.J. Moore,CHI,CIN,WR3,td,0.23,1,4.4,6.0,13.67,118.0,0.2,-0.021428571428571463
2025,9,Kyle Monangai,CHI,CIN,RB1,rush_yds,26.57,176,6.624,3.0,7.8,100.0,0.2,0.12285714285714283
2025,9,Olamide Zaccheaus,CHI,CIN,WR2,rec_yds,29.64,58,1.957,29.0,29.0,104.0,0.2,0.024285714285714355
2025,9,Rome Odunze,CHI,CIN,WR1,rec_yds,57.55,0,0.0,14.5,21.67,95.0,0.2,0.018571428571428572
2025,9,Rome Odunze,CHI,CIN,WR1,td,0.55,0,0.0,22.0,21.67,95.0,0.2,0.018571428571428572
2025,9,Joe Flacco,CIN,CHI,QB1,pass_yds,236.14,470,1.99,20.0,18.7,101.0,0.047,0.02000000000000013
2025,9,Joe Flacco,CIN,CHI,QB1,pass_td,1.43,4,2.8,11.5,18.7,101.0,0.047,0.02000000000000013
2025,9,Chase Brown,CIN,CHI,RB1,rush_yds,58.21,37,0.636,5.0,14.4,102.0,0.047,-0.08250000000000002
2025,9,Chase Brown,CIN,CHI,RB1,rush_att,14.38,11,0.765,5.0,14.4,102.0,0.047,-0.08250000000000002
2025,9,Chase Brown,CIN,CHI,RB1,rec_yds,22.96,75,3.267,30.0,14.4,102.0,0.047,-0.08250000000000002
2025,9,Chase Brown,CIN,CHI,RB1,td,0.5,0,0.0,6.0,14.4,102.0,0.047,-0.08250000000000002
2025,9,Andrei Iosivas,CIN,CHI,WR3,rec_yds,31.0,66,2.129,32.0,24.0,96.0,0.047,-0.04166666666666663
2025,9,Tee Higgins,CIN,CHI,WR2,rec_yds,57.17,121,2.117,4.0,20.83,99.0,0.047,0.026249999999999996
2025,9,Tee Higgins,CIN,CHI,WR2,td,0.67,2,3.0,28.5,20.83,99.0,0.047,0.026249999999999996
2025,9,Ja'Marr Chase,CIN,CHI,WR1,rec_yds,101.29,111,1.096,26.0,18.0,100.0,0.047,0.03750000000000009
2025,9,Ja'Marr Chase,CIN,CHI,WR1,td,0.83,0,0.0,3.0,18.0,100.0,0.047,0.03750000000000009
2025,9,Noah Fant,CIN,CHI,TE1,rec_yds,34.3,28,0.816,10.0,12.83,99.0,0.047,0.018333333333333313
2025,9,Noah Fant,CIN,CHI,TE1,td,0.25,1,4.0,21.5,12.83,99.0,0.047,0.018333333333333313
2025,9,J.J. McCarthy,MIN,DET,QB1,pass_yds,150.5,143,0.95,8.0,10.1,101.0,-0.083,0.0
2025,9,J.J. McCarthy,MIN,DET,QB1,pass_td,1.0,2,2.0,20.5,10.1,101.0,-0.083,0.0
2025,9,Aaron Jones,MIN,DET,RB2,rush_yds,43.36,78,1.799,31.0,24.5,99.0,-0.083,0.04333333333333339
2025,9,Aaron Jones,MIN,DET,RB2,rush_att,10.64,9,0.846,31.0,24.5,99.0,-0.083,0.04333333333333339
2025,9,Aaron Jones,MIN,DET,RB2,td,0.43,0,0.0,23.0,24.5,99.0,-0.083,0.04333333333333339
2025,9,Jordan Mason,MIN,DET,RB1,rush_yds,50.36,36,0.715,30.0,24.6,102.0,-0.083,-0.24142857142857155
2025,9,Jordan Mason,MIN,DET,RB1,rush_att,10.82,10,0.924,30.0,24.6,102.0,-0.083,-0.24142857142857155
2025,9,Jordan Mason,MIN,DET,RB1,td,0.36,0,0.0,23.0,24.6,102.0,-0.083,-0.24142857142857155
2025,9,Jordan Addison,MIN,DET,WR2,rec_yds,74.69,48,0.643,21.0,19.17,99.0,-0.083,-0.015000000000000013
2025,9,Jordan Addison,MIN,DET,WR2,td,0.69,0,0.0,23.5,19.17,99.0,-0.083,-0.015000000000000013
2025,9,Justin Jefferson,MIN,DET,WR1,rec_yds,86.64,47,0.542,10.0,8.67,100.0,-0.083,-0.07000000000000006
2025,9,Justin Jefferson,MIN,DET,WR1,td,0.32,1,3.143,3.0,8.67,100.0,-0.083,-0.07000000000000006
2025,9,Jalen Nailor,MIN,DET,WR3,rec_yds,22.82,16,0.701,1.0,5.0,96.0,-0.083,-0.06285714285714283
2025,9,Jalen Nailor,MIN,DET,WR3,td,0.18,0,0.0,13.0,5.0,96.0,-0.083,-0.06285714285714283
2025,9,T.J. Hockenson,MIN,DET,TE1,rec_yds,36.36,11,0.302,20.0,19.17,99.0,-0.083,0.01571428571428557
2025,9,Jared Goff,DET,MIN,QB1,pass_yds,264.14,284,1.075,14.0,21.5,86.0,-0.013000000000000012,0.017142857142857015
2025,9,Jared Goff,DET,MIN,QB1,pass_td,2.32,2,0.863,20.5,21.5,86.0,-0.013000000000000012,0.017142857142857015
2025,9,David Montgomery,DET,MIN,RB2,rush_yds,50.14,40,0.798,26.0,26.2,97.0,-0.013000000000000012,0.0485714285714286
2025,9,David Montgomery,DET,MIN,RB2,rush_att,11.68,11,0.942,26.0,26.2,97.0,-0.013000000000000012,0.0485714285714286
2025,9,David Montgomery,DET,MIN,RB2,td,0.64,1,1.571,27.0,26.2,97.0,-0.013000000000000012,0.0485714285714286
2025,9,Jahmyr Gibbs,DET,MIN,RB1,rush_yds,78.95,25,0.317,11.0,18.5,97.0,-0.013000000000000012,-0.05428571428571438
2025,9,Jahmyr Gibbs,DET,MIN,RB1,rush_att,15.27,9,0.589,11.0,18.5,97.0,-0.013000000000000012,-0.05428571428571438
2025,9,Jahmyr Gibbs,DET,MIN,RB1,rec_yds,31.95,3,0.094,25.0,18.5,97.0,-0.013000000000000012,-0.05428571428571438
2025,9,Jahmyr Gibbs,DET,MIN,RB1,td,1.18,0,0.0,20.0,18.5,97.0,-0.013000000000000012,-0.05428571428571438
2025,9,Sam LaPorta,DET,MIN,TE1,rec_yds,50.18,97,1.933,17.0,18.17,89.0,-0.013000000000000012,0.055714285714285605
2025,9,Sam LaPorta,DET,MIN,TE1,td,0.41,1,2.444,24.5,18.17,89.0,-0.013000000000000012,0.055714285714285605
2025,9,Amon-Ra St. Brown,DET,MIN,WR1,rec_yds,82.5,97,1.176,13.0,16.33,93.0,-0.013000000000000012,0.03142857142857158
2025,9,Amon-Ra St. Brown,DET,MIN,WR1,td,0.86,0,0.0,15.0,16.33,93.0,-0.013000000000000012,0.03142857142857158
2025,9,Jameson Williams,DET,MIN,WR2,rec_yds,52.95,66,1.246,1.0,3.33,96.0,-0.013000000000000012,-0.02571428571428569
2025,9,Jameson Williams,DET,MIN,WR2,td,0.41,1,2.444,8.0,3.33,96.0,-0.013000000000000012,-0.02571428571428569
2025,9,Bryce Young,CAR,GB,QB1,pass_yds,194.77,102,0.524,17.0,22.1,106.0,0.015999999999999997,-0.23571428571428588
2025,9,Bryce Young,CAR,GB,QB1,pass_td,1.55,0,0.0,15.5,22.1,106.0,0.015999999999999997,-0.23571428571428588
2025,9,Rico Dowdle,CAR,GB,RB1,rush_yds,79.79,130,1.629,25.0,22.2,97.0,0.015999999999999997,-0.11375000000000002
2025,9,Rico Dowdle,CAR,GB,RB1,rush_att,15.17,25,1.648,25.0,22.2,97.0,0.015999999999999997,-0.11375000000000002
2025,9,Rico Dowdle,CAR,GB,RB1,td,0.33,2,6.0,26.0,22.2,97.0,0.015999999999999997,-0.11375000000000002
2025,9,Chuba Hubbard,CAR,GB,RB2,rush_yds,61.1,17,0.278,27.0,17.7,106.0,0.015999999999999997,-0.03833333333333333
2025,9,Chuba Hubbard,CAR,GB,RB2,rush_att,15.25,5,0.328,27.0,17.7,106.0,0.015999999999999997,-0.03833333333333333
2025,9,Chuba Hubbard,CAR,GB,RB2,td,0.65,0,0.0,28.5,17.7,106.0,0.015999999999999997,-0.03833333333333333
2025,9,Tetairoa McMillan,CAR,GB,WR1,rec_yds,64.0,46,0.719,28.0,18.0,100.0,0.015999999999999997,0.036250000000000115
2025,9,Tetairoa McMillan,CAR,GB,WR1,td,0.25,0,0.0,9.0,18.0,100.0,0.015999999999999997,0.036250000000000115
2025,9,Xavier Legette,CAR,GB,WR2,rec_yds,30.2,22,0.728,15.0,18.67,107.0,0.015999999999999997,0.09166666666666667
2025,9,Xavier Legette,CAR,GB,WR2,td,0.25,0,0.0,31.0,18.67,107.0,0.015999999999999997,0.09166666666666667
2025,9,Brycen Tremayne,CAR,GB,WR3,rec_yds,23.78,8,0.336,4.0,4.33,105.0,0.015999999999999997,-0.1375
2025,9,Tommy Tremble,CAR,GB,TE1,td,0.17,0,0.0,13.0,6.0,102.0,0.015999999999999997,-0.13874999999999998
2025,9,Jordan Love,GB,CAR,QB1,pass_yds,234.77,273,1.163,21.0,13.6,106.0,0.184,0.0
2025,9,Jordan Love,GB,CAR,QB1,pass_td,1.64,0,0.0,6.0,13.6,106.0,0.184,0.0
2025,9,Josh Jacobs,GB,CAR,RB1,rush_yds,66.41,87,1.31,1.0,11.6,97.0,0.184,-0.16142857142857148
2025,9,Josh Jacobs,GB,CAR,RB1,rush_att,17.77,17,0.957,1.0,11.6,97.0,0.184,-0.16142857142857148
2025,9,Josh Jacobs,GB,CAR,RB1,rec_yds,27.09,13,0.48,19.0,11.6,97.0,0.184,-0.16142857142857148
2025,9,Josh Jacobs,GB,CAR,RB1,td,1.36,1,0.733,17.0,11.6,97.0,0.184,-0.16142857142857148
2025,9,Emanuel Wilson,GB,CAR,RB2,rush_yds,28.6,16,0.559,6.0,8.4,106.0,0.184,0.16833333333333333
2025,9,Emanuel Wilson,GB,CAR,RB2,td,0.15,0,0.0,2.0,8.4,106.0,0.184,0.16833333333333333
2025,9,Romeo Doubs,GB,CAR,WR1,rec_yds,49.23,91,1.849,4.0,6.33,100.0,0.184,-0.02571428571428558
2025,9,Romeo Doubs,GB,CAR,WR1,td,0.45,0,0.0,5.0,6.33,100.0,0.184,-0.02571428571428558
2025,9,Christian Watson,GB,CAR,WR3,rec_yds,59.4,58,0.976,25.0,25.67,105.0,0.184,
2025,9,Tucker Kraft,GB,CAR,TE1,rec_yds,57.68,20,0.347,16.0,18.0,102.0,0.184,0.0071428571428572285
2025,9,Tucker Kraft,GB,CAR,TE1,td,0.64,0,0.0,11.0,18.0,102.0,0.184,0.0071428571428572285
2025,9,Matthew Golden,GB,CAR,WR2,rec_yds,36.14,9,0.249,32.0,25.67,107.0,0.184,0.024285714285714466
2025,9,Daniel Jones,IND,PIT,QB1,pass_yds,242.92,342,1.408,1.0,11.6,102.0,0.10300000000000001,-0.0675
2025,9,Daniel Jones,IND,PIT,QB1,pass_td,1.33,1,0.75,11.5,11.6,102.0,0.10300000000000001,-0.0675
2025,9,Jonathan Taylor,IND,PIT,RB1,rush_yds,109.54,45,0.411,17.0,20.9,100.0,0.10300000000000001,-0.07250000000000001
2025,9,Jonathan Taylor,IND,PIT,RB1,rush_att,20.17,14,0.694,17.0,20.9,100.0,0.10300000000000001,-0.07250000000000001
2025,9,Jonathan Taylor,IND,PIT,RB1,td,1.46,0,0.0,27.5,20.9,100.0,0.10300000000000001,-0.07250000000000001
2025,9,Ameer Abdullah,IND,PIT,RB2,td,0.38,0,0.0,19.0,17.6,97.0,0.10300000000000001,0.09
2025,9,Michael Pittman Jr.,IND,PIT,WR1,rec_yds,56.17,115,2.047,5.0,10.33,95.0,0.10300000000000001,-0.050000000000000044
2025,9,Michael Pittman Jr.,IND,PIT,WR1,td,0.54,0,0.0,25.0,10.33,95.0,0.10300000000000001,-0.050000000000000044
2025,9,Alec Pierce,IND,PIT,WR3,rec_yds,60.1,115,1.913,2.0,7.17,118.0,0.10300000000000001,0.023333333333333317
2025,9,Alec Pierce,IND,PIT,WR3,td,0.2,0,0.0,8.0,7.17,118.0,0.10300000000000001,0.023333333333333317
2025,9,Josh Downs,IND,PIT,WR2,rec_yds,43.82,57,1.301,22.0,15.83,104.0,0.10300000000000001,0.08999999999999997
2025,9,Josh Downs,IND,PIT,WR2,td,0.27,1,3.667,13.5,15.83,104.0,0.10300000000000001,0.08999999999999997
2025,9,Tyler Warren,IND,PIT,TE1,rec_yds,61.5,26,0.423,1.0,2.0,105.0,0.10300000000000001,-0.07000000000000006
2025,9,Tyler Warren,IND,PIT,TE1,td,0.5,0,0.0,1.0,2.0,105.0,0.10300000000000001,-0.07000000000000006
2025,9,Aaron Rodgers,PIT,IND,QB1,pass_yds,216.73,203,0.937,5.0,12.7,102.0,0.044,0.014285714285714235
2025,9,Aaron Rodgers,PIT,IND,QB1,pass_td,2.05,1,0.489,7.0,12.7,102.0,0.044,0.014285714285714235
2025,9,Jaylen Warren,PIT,IND,RB1,rush_yds,52.0,31,0.596,21.0,20.2,100.0,0.044,0.014999999999999902
2025,9,Jaylen Warren,PIT,IND,RB1,rush_att,11.55,16,1.385,21.0,20.2,100.0,0.044,0.014999999999999902
2025,9,Jaylen Warren,PIT,IND,RB1,rec_yds,30.2,-2,-0.066,18.0,20.2,100.0,0.044,0.014999999999999902
2025,9,Jaylen Warren,PIT,IND,RB1,td,0.15,2,13.333,29.0,20.2,100.0,0.044,0.014999999999999902
2025,9,Calvin Austin III,PIT,IND,WR2,rec_yds,33.61,56,1.666,6.0,10.67,104.0,0.044,0.03399999999999992
2025,9,Calvin Austin III,PIT,IND,WR2,td,0.33,0,0.0,22.0,10.67,104.0,0.044,0.03399999999999992
2025,9,Jonnu Smith,PIT,IND,TE1,rec_yds,36.59,25,0.683,3.0,10.33,105.0,0.044,-0.0128571428571429
2025,9,Jonnu Smith,PIT,IND,TE1,td,0.5,0,0.0,18.0,10.33,105.0,0.044,-0.0128571428571429
2025,9,D.K. Metcalf,PIT,IND,WR1,rec_yds,61.18,6,0.098,7.0,13.5,95.0,0.044,0.04285714285714293
2025,9,D.K. Metcalf,PIT,IND,WR1,td,0.55,0,0.0,22.0,13.5,95.0,0.044,0.04285714285714293
2025,9,Roman Wilson,PIT,IND,WR3,rec_yds,27.5,4,0.145,24.0,12.0,118.0,0.044,0.050000000000000044
2025,9,Roman Wilson,PIT,IND,WR3,td,0.25,0,0.0,2.0,12.0,118.0,0.044,0.050000000000000044
2025,9,Kenneth Gainwell,PIT,IND,RB2,rush_yds,27.64,-1,-0.036,10.0,13.4,97.0,0.044,-0.06285714285714289
2025,9,Kenneth Gainwell,PIT,IND,RB2,td,0.32,0,0.0,8.5,13.4,97.0,0.044,-0.06285714285714289
2025,9,Bo Nix,DEN,HOU,QB1,pass_yds,234.5,173,0.738,29.0,26.4,102.0,-0.07200000000000001,-0.05249999999999999
2025,9,Bo Nix,DEN,HOU,QB1,pass_td,2.12,2,0.941,25.0,26.4,102.0,-0.07200000000000001,-0.05249999999999999
2025,9,J.K. Dobbins,DEN,HOU,RB1,rush_yds,72.29,61,0.844,20.0,25.5,100.0,-0.07200000000000001,0.003750000000000031
2025,9,J.K. Dobbins,DEN,HOU,RB1,rush_att,14.75,15,1.017,20.0,25.5,100.0,-0.07200000000000001,0.003750000000000031
2025,9,J.K. Dobbins,DEN,HOU,RB1,td,0.58,0,0.0,27.5,25.5,100.0,-0.07200000000000001,0.003750000000000031
2025,9,RJ Harvey,DEN,HOU,RB2,rush_yds,25.0,5,0.2,29.0,25.1,97.0,-0.07200000000000001,-0.019999999999999962
2025,9,RJ Harvey,DEN,HOU,RB2,td,0.62,1,1.6,11.5,25.1,97.0,-0.07200000000000001,-0.019999999999999962
2025,9,Courtland Sutton,DEN,HOU,WR2,rec_yds,68.92,30,0.435,25.0,25.83,104.0,-0.07200000000000001,-0.025000000000000022
2025,9,Courtland Sutton,DEN,HOU,WR2,td,0.5,1,2.0,23.5,25.83,104.0,-0.07200000000000001,-0.025000000000000022
2025,9,Pat Bryant,DEN,HOU,WR3,td,0.2,0,0.0,19.5,17.17,118.0,-0.07200000000000001,0.1160000000000001
2025,9,Evan Engram,DEN,HOU,TE1,rec_yds,35.91,0,0.0,31.0,22.5,105.0,-0.07200000000000001,-0.008571428571428619
2025,9,Troy Franklin,DEN,HOU,WR1,rec_yds,35.17,27,0.768,12.0,17.67,95.0,-0.07200000000000001,-0.02124999999999999
2025,9,Troy Franklin,DEN,HOU,WR1,td,0.38,0,0.0,19.0,17.67,95.0,-0.07200000000000001,-0.02124999999999999
2025,9,C.J. Stroud,HOU,DEN,QB1,pass_yds,219.73,79,0.36,19.0,22.6,101.0,-0.072,0.02857142857142858
2025,9,C.J. Stroud,HOU,DEN,QB1,pass_td,1.41,0,0.0,31.5,22.6,101.0,-0.072,0.02857142857142858
2025,9,Nick Chubb,HOU,DEN,RB1,rush_yds,44.27,34,0.768,22.0,18.8,102.0,-0.072,0.010000000000000009
2025,9,Nick Chubb,HOU,DEN,RB1,rush_att,11.91,11,0.924,22.0,18.8,102.0,-0.072,0.010000000000000009
2025,9,Nick Chubb,HOU,DEN,RB1,td,0.36,0,0.0,18.0,18.8,102.0,-0.072,0.010000000000000009
2025,9,Woody Marks,HOU,DEN,RB2,rush_yds,30.57,27,0.883,28.0,24.0,99.0,-0.072,-0.005714285714285672
2025,9,Woody Marks,HOU,DEN,RB2,td,0.43,0,0.0,17.0,24.0,99.0,-0.072,-0.005714285714285672
2025,9,Dalton Schultz,HOU,DEN,TE1,rec_yds,41.09,77,1.874,24.5,22.17,99.0,-0.072,-0.06428571428571428
2025,9,Nico Collins,HOU,DEN,WR1,rec_yds,59.75,75,1.255,25.0,24.33,100.0,-0.072,-0.2466666666666667
2025,9,Nico Collins,HOU,DEN,WR1,td,0.55,0,0.0,32.0,24.33,100.0,-0.072,-0.2466666666666667
2025,9,Xavier Hutchinson,HOU,DEN,WR2,rec_yds,20.73,30,1.447,10.0,15.0,99.0,-0.072,0.037142857142857144
2025,9,Xavier Hutchinson,HOU,DEN,WR2,td,0.27,0,0.0,32.0,15.0,99.0,-0.072,0.037142857142857144
2025,9,Christian Kirk,HOU,DEN,WR3,rec_yds,42.64,26,0.61,6.0,15.5,96.0,-0.072,-0.09999999999999998
2025,9,Mac Jones,SF,NYG,QB1,pass_yds,241.9,235,0.971,11.0,9.3,101.0,0.19,0.0
2025,9,Mac Jones,SF,NYG,QB1,pass_td,1.2,2,1.667,18.5,9.3,101.0,0.19,0.0
2025,9,Christian McCaffrey,SF,NYG,RB1,rush_yds,59.1,106,1.794,2.0,11.7,102.0,0.19,0.1087499999999999
2025,9,Christian McCaffrey,SF,NYG,RB1,rush_att,16.5,28,1.697,2.0,11.7,102.0,0.19,0.1087499999999999
2025,9,Christian McCaffrey,SF,NYG,RB1,rec_yds,63.2,67,1.06,21.0,11.7,102.0,0.19,0.1087499999999999
2025,9,Christian McCaffrey,SF,NYG,RB1,td,0.6,2,3.333,14.5,11.7,102.0,0.19,0.1087499999999999
2025,9,Brian Robinson Jr.,SF,NYG,RB2,rush_yds,31.41,53,1.687,8.0,7.3,99.0,0.19,0.08285714285714288
2025,9,Jauan Jennings,SF,NYG,WR1,rec_yds,45.1,41,0.909,11.0,13.0,100.0,0.19,0.06166666666666676
2025,9,Jauan Jennings,SF,NYG,WR1,td,0.25,1,4.0,22.0,13.0,100.0,0.19,0.06166666666666676
2025,9,Kendrick Bourne,SF,NYG,WR2,rec_yds,51.55,34,0.66,5.0,6.0,99.0,0.19,0.06714285714285706
2025,9,Demarcus Robinson,SF,NYG,WR3,rec_yds,20.61,0,0.0,3.0,10.67,96.0,0.19,0.09599999999999997
2025,9,George Kittle,SF,NYG,TE1,rec_yds,52.79,32,0.606,23.0,15.83,99.0,0.19,0.23666666666666658
2025,9,George Kittle,SF,NYG,TE1,td,0.43,0,0.0,7.5,15.83,99.0,0.19,0.23666666666666658
2025,9,Jaxson Dart,NYG,SF,QB1,pass_yds,140.57,191,1.359,22.0,21.1,106.0,0.11,0.28142857142857136
2025,9,Jaxson Dart,NYG,SF,QB1,pass_td,1.14,2,1.75,13.5,21.1,106.0,0.11,0.28142857142857136
2025,9,Tyrone Tracy Jr.,NYG,SF,RB1,rush_yds,35.75,18,0.503,14.0,8.3,97.0,0.11,0.1933333333333334
2025,9,Tyrone Tracy Jr.,NYG,SF,RB1,td,0.3,0,0.0,3.5,8.3,97.0,0.11,0.1933333333333334
2025,9,Darius Slayton,NYG,SF,WR2,rec_yds,26.85,62,2.309,11.0,13.0,107.0,0.11,-0.1150000000000001
2025,9,Wan'Dale Robinson,NYG,SF,WR1,rec_yds,56.0,46,0.821,29.0,25.17,100.0,0.11,0.10375000000000001
2025,9,Wan'Dale Robinson,NYG,SF,WR1,td,0.21,0,0.0,27.5,25.17,100.0,0.11,0.10375000000000001
2025,9,Theo Johnson,NYG,SF,TE1,rec_yds,30.17,27,0.895,22.0,18.67,102.0,0.11,0.135
2025,9,Theo Johnson,NYG,SF,TE1,td,0.38,1,2.667,23.0,18.67,102.0,0.11,0.135
2025,9,Ray-Ray McCloud,NYG,SF,WR3,rec_yds,31.81,5,0.157,14.0,18.17,105.0,0.11,-0.15000000000000002
2025,9,Justin Herbert,LAC,TEN,QB1,pass_yds,260.88,250,0.958,30.0,20.0,95.0,0.089,0.011249999999999982
2025,9,Justin Herbert,LAC,TEN,QB1,pass_td,1.83,2,1.091,17.0,20.0,95.0,0.089,0.011249999999999982
2025,9,Kimani Vidal,LAC,TEN,RB1,rush_yds,43.88,30,0.684,12.0,15.8,96.0,0.089,0.17500000000000004
2025,9,Kimani Vidal,LAC,TEN,RB1,td,0.25,0,0.0,1.0,15.8,96.0,0.089,0.17500000000000004
2025,9,Oronde Gadsden II,LAC,TEN,TE1,rec_yds,64.17,68,1.06,24.5,26.0,103.0,0.089,0.17500000000000004
2025,9,Oronde Gadsden II,LAC,TEN,TE1,td,0.33,0,0.0,31.5,26.0,103.0,0.089,0.17500000000000004
2025,9,Ladd McConkey,LAC,TEN,WR2,rec_yds,68.54,56,0.817,16.0,11.33,95.0,0.089,-0.21750000000000003
2025,9,Ladd McConkey,LAC,TEN,WR2,td,0.38,0,0.0,3.0,11.33,95.0,0.089,-0.21750000000000003
2025,9,Quentin Johnston,LAC,TEN,WR3,rec_yds,60.95,53,0.87,18.0,24.0,98.0,0.089,0.043333333333333335
2025,9,Quentin Johnston,LAC,TEN,WR3,td,0.65,1,1.538,32.0,24.0,98.0,0.089,0.043333333333333335
2025,9,Keenan Allen,LAC,TEN,WR1,rec_yds,60.88,41,0.674,18.0,15.17,107.0,0.089,-0.3287500000000001
2025,9,Keenan Allen,LAC,TEN,WR1,td,0.54,0,0.0,12.5,15.17,107.0,0.089,-0.3287500000000001
2025,9,Cam Ward,TEN,LAC,QB1,pass_yds,201.88,145,0.718,27.0,19.8,95.0,-0.22399999999999998,0.0
2025,9,Cam Ward,TEN,LAC,QB1,pass_td,0.62,0,0.0,28.5,19.8,95.0,-0.22399999999999998,0.0
2025,9,Tony Pollard,TEN,LAC,RB1,rush_yds,54.38,56,1.03,18.0,21.7,96.0,-0.22399999999999998,-0.2575
2025,9,Tony Pollard,TEN,LAC,RB1,rush_att,14.0,10,0.714,18.0,21.7,96.0,-0.22399999999999998,-0.2575
2025,9,Tony Pollard,TEN,LAC,RB1,td,0.25,0,0.0,24.5,21.7,96.0,-0.22399999999999998,-0.2575
2025,9,Tyjae Spears,TEN,LAC,RB2,rush_yds,29.81,26,0.872,24.0,18.6,103.0,-0.22399999999999998,0.07250000000000001
2025,9,Tyjae Spears,TEN,LAC,RB2,td,0.38,0,0.0,25.0,18.6,103.0,-0.22399999999999998,0.07250000000000001
2025,9,Elic Ayomanor,TEN,LAC,WR1,rec_yds,34.62,46,1.329,6.0,6.67,107.0,-0.22399999999999998,0.11124999999999996
2025,9,Elic Ayomanor,TEN,LAC,WR1,td,0.25,0,0.0,11.0,6.67,107.0,-0.22399999999999998,0.11124999999999996
2025,9,Van Jefferson,TEN,LAC,WR3,rec_yds,21.45,21,0.979,11.0,16.5,98.0,-0.22399999999999998,0.22999999999999998
2025,9,Chig Okonkwo,TEN,LAC,TE1,rec_yds,35.92,10,0.278,27.0,22.0,103.0,-0.22399999999999998,-0.057499999999999996
2025,9,Chimere Dike,TEN,LAC,WR2,rec_yds,23.62,5,0.212,30.0,29.0,95.0,-0.22399999999999998,0.4
2025,9,Trevor Lawrence,JAX,LV,QB1,pass_yds,222.86,220,0.987,13.0,14.8,106.0,0.065,0.0
2025,9,Trevor Lawrence,JAX,LV,QB1,pass_td,1.27,0,0.0,8.0,14.8,106.0,0.065,0.0
2025,9,Travis Etienne,JAX,LV,RB1,rush_yds,60.55,84,1.387,26.0,23.0,97.0,0.065,-0.04571428571428571
2025,9,Travis Etienne,JAX,LV,RB1,rush_att,12.95,22,1.698,26.0,23.0,97.0,0.065,-0.04571428571428571
2025,9,Travis Etienne,JAX,LV,RB1,td,0.27,0,0.0,13.0,23.0,97.0,0.065,-0.04571428571428571
2025,9,Bhayshul Tuten,JAX,LV,RB2,td,0.29,1,3.5,11.5,15.1,106.0,0.065,0.09571428571428572
2025,9,Dyami Brown,JAX,LV,WR3,rec_yds,28.1,25,0.89,13.0,11.33,105.0,0.065,-0.2733333333333334
2025,9,Parker Washington,JAX,LV,WR2,rec_yds,36.85,90,2.442,17.0,20.67,107.0,0.065,0.3350000000000001
2025,9,Parker Washington,JAX,LV,WR2,td,0.25,0,0.0,28.5,20.67,107.0,0.065,0.3350000000000001
2025,9,Brian Thomas,JAX,LV,WR1,rec_yds,64.41,55,0.854,31.0,23.33,100.0,0.065,-0.16714285714285715
2025,9,Brian Thomas,JAX,LV,WR1,td,0.41,0,0.0,7.0,23.33,100.0,0.065,-0.16714285714285715
2025,9,Hunter Long,JAX,LV,TE1,td,0.21,0,0.0,14.5,14.83,102.0,0.065,0.16499999999999998
2025,9,Geno Smith,LV,JAX,QB1,pass_yds,208.82,284,1.36,2.0,6.7,106.0,-0.272,-0.1200000000000001
2025,9,Geno Smith,LV,JAX,QB1,pass_td,1.09,4,3.667,3.0,6.7,106.0,-0.272,-0.1200000000000001
2025,9,Ashton Jeanty,LV,JAX,RB1,rush_yds,63.57,42,0.661,19.0,14.7,97.0,-0.272,-0.06142857142857139
2025,9,Ashton Jeanty,LV,JAX,RB1,rush_att,15.86,13,0.82,19.0,14.7,97.0,-0.272,-0.06142857142857139
2025,9,Ashton Jeanty,LV,JAX,RB1,td,0.71,1,1.4,20.0,14.7,97.0,-0.272,-0.06142857142857139
2025,9,Brock Bowers,LV,JAX,TE1,rec_yds,66.5,127,1.91,13.0,12.17,102.0,-0.272,0.050000000000000044
2025,9,Brock Bowers,LV,JAX,TE1,td,0.19,3,16.0,5.5,12.17,102.0,-0.272,0.050000000000000044
2025,9,Tre Tucker,LV,JAX,WR2,rec_yds,48.18,38,0.789,3.0,15.67,107.0,-0.272,-0.027142857142857135
2025,9,Tre Tucker,LV,JAX,WR2,td,0.45,0,0.0,20.0,15.67,107.0,-0.272,-0.027142857142857135
2025,9,Jakobi Meyers,LV,JAX,WR1,rec_yds,62.75,23,0.367,2.5,2.5,100.0,-0.272,-0.02833333333333332
2025,9,Tyler Shough,NO,LAR,QB1,pass_yds,64.0,176,2.75,12.0,16.0,95.0,-0.14600000000000002,0.25
2025,9,Alvin Kamara,NO,LAR,RB1,rush_yds,52.0,14,0.269,7.0,16.0,96.0,-0.14600000000000002,-0.19625000000000004
2025,9,Alvin Kamara,NO,LAR,RB1,rush_att,13.5,6,0.444,7.0,16.0,96.0,-0.14600000000000002,-0.19625000000000004
2025,9,Alvin Kamara,NO,LAR,RB1,rec_yds,24.96,3,0.12,13.0,16.0,96.0,-0.14600000000000002,-0.19625000000000004
2025,9,Rashid Shaheed,NO,LAR,WR2,rec_yds,55.05,68,1.235,18.0,15.33,95.0,-0.14600000000000002,0.05249999999999999
2025,9,Rashid Shaheed,NO,LAR,WR2,td,0.32,0,0.0,20.0,15.33,95.0,-0.14600000000000002,0.05249999999999999
2025,9,Chris Olave,NO,LAR,WR1,rec_yds,58.58,57,0.973,8.5,11.83,107.0,-0.14600000000000002,0.06375000000000008
2025,9,Chris Olave,NO,LAR,WR1,td,0.29,0,0.0,7.0,11.83,107.0,-0.14600000000000002,0.06375000000000008
2025,9,Juwan Johnson,NO,LAR,TE1,rec_yds,44.12,31,0.703,9.0,8.67,103.0,-0.14600000000000002,-0.08750000000000002
2025,9,Juwan Johnson,NO,LAR,TE1,td,0.17,1,6.0,9.0,8.67,103.0,-0.14600000000000002,-0.08750000000000002
2025,9,Brandin Cooks,NO,LAR,WR3,rec_yds,20.75,16,0.771,15.0,21.17,98.0,-0.14600000000000002,-0.07000000000000006
2025,9,Matthew Stafford,LAR,NO,QB1,pass_yds,251.14,281,1.119,16.0,17.6,106.0,0.10099999999999999,-0.034285714285714364
2025,9,Matthew Stafford,LAR,NO,QB1,pass_td,2.05,4,1.956,24.0,17.6,106.0,0.10099999999999999,-0.034285714285714364
2025,9,Kyren Williams,LAR,NO,RB1,rush_yds,74.59,114,1.528,15.0,10.9,97.0,0.10099999999999999,-0.1457142857142858
2025,9,Kyren Williams,LAR,NO,RB1,rush_att,16.77,25,1.491,15.0,10.9,97.0,0.10099999999999999,-0.1457142857142858
2025,9,Kyren Williams,LAR,NO,RB1,td,0.73,1,1.375,3.5,10.9,97.0,0.10099999999999999,-0.1457142857142858
2025,9,Blake Corum,LAR,NO,RB2,rush_yds,23.32,58,2.487,2.0,18.1,106.0,0.10099999999999999,0.10285714285714287
2025,9,Puka Nacua,LAR,NO,WR1,rec_yds,103.5,95,0.918,21.0,18.33,100.0,0.10099999999999999,-0.2366666666666667
2025,9,Puka Nacua,LAR,NO,WR1,td,0.5,1,2.0,10.0,18.33,100.0,0.10099999999999999,-0.2366666666666667
2025,9,Davante Adams,LAR,NO,WR2,rec_yds,70.05,60,0.857,9.0,14.0,107.0,0.10099999999999999,-0.21285714285714286
2025,9,Davante Adams,LAR,NO,WR2,td,0.82,2,2.444,10.0,14.0,107.0,0.10099999999999999,-0.21285714285714286
2025,9,Tyler Higbee,LAR,NO,TE1,rec_yds,23.69,13,0.549,14.0,15.33,102.0,0.10099999999999999,-0.20600000000000007
2025,9,Tyler Higbee,LAR,NO,TE1,td,0.31,1,3.25,18.0,15.33,102.0,0.10099999999999999,-0.20600000000000007
2025,9,Patrick Mahomes,KC,BUF,QB1,pass_yds,257.67,250,0.97,24.0,21.0,86.0,0.034999999999999996,0.03500000000000003
2025,9,Patrick Mahomes,KC,BUF,QB1,pass_td,2.04,0,0.0,26.0,21.0,86.0,0.034999999999999996,0.03500000000000003
2025,9,Kareem Hunt,KC,BUF,RB1,rush_yds,33.5,49,1.463,6.0,7.0,97.0,0.034999999999999996,-0.030000000000000027
2025,9,Kareem Hunt,KC,BUF,RB1,td,0.5,1,2.0,8.5,7.0,97.0,0.034999999999999996,-0.030000000000000027
2025,9,Xavier Worthy,KC,BUF,WR2,rec_yds,43.45,23,0.529,19.0,16.33,96.0,0.034999999999999996,0.245
2025,9,Xavier Worthy,KC,BUF,WR2,td,0.3,0,0.0,13.5,16.33,96.0,0.034999999999999996,0.245
2025,9,Marquise Brown,KC,BUF,WR1,rec_yds,40.17,73,1.817,2.5,7.5,93.0,0.034999999999999996,-0.1987500000000001
2025,9,Marquise Brown,KC,BUF,WR1,td,0.44,0,0.0,15.0,7.5,93.0,0.034999999999999996,-0.1987500000000001
2025,9,Travis Kelce,KC,BUF,TE1,rec_yds,55.67,66,1.186,29.0,28.67,89.0,0.034999999999999996,0.09375
2025,9,Travis Kelce,KC,BUF,TE1,td,0.33,0,0.0,28.0,28.67,89.0,0.034999999999999996,0.09375
2025,9,JuJu Smith-Schuster,KC,BUF,WR3,rec_yds,27.58,2,0.073,31.0,25.83,91.0,0.034999999999999996,-0.31375000000000003
2025,9,Josh Allen,BUF,KC,QB1,pass_yds,231.14,273,1.181,26.0,16.5,95.0,0.133,-0.12714285714285722
2025,9,Josh Allen,BUF,KC,QB1,pass_td,1.73,1,0.579,28.5,16.5,95.0,0.133,-0.12714285714285722
2025,9,James Cook,BUF,KC,RB1,rush_yds,91.77,114,1.242,31.0,29.8,96.0,0.133,-0.14857142857142874
2025,9,James Cook,BUF,KC,RB1,rush_att,15.91,27,1.697,31.0,29.8,96.0,0.133,-0.14857142857142874
2025,9,James Cook,BUF,KC,RB1,td,1.09,0,0.0,31.0,29.8,96.0,0.133,-0.14857142857142874
2025,9,Dalton Kincaid,BUF,KC,TE1,rec_yds,45.1,101,2.239,12.0,16.67,103.0,0.133,-0.22500000000000006
2025,9,Dalton Kincaid,BUF,KC,TE1,td,0.35,1,2.857,26.0,16.67,103.0,0.133,-0.22500000000000006
2025,9,Khalil Shakir,BUF,KC,WR1,rec_yds,50.55,43,0.851,30.0,24.67,107.0,0.133,-0.11142857142857143
2025,9,Khalil Shakir,BUF,KC,WR1,td,0.36,0,0.0,30.0,24.67,107.0,0.133,-0.11142857142857143
2025,9,Elijah Moore,BUF,KC,WR3,rec_yds,22.25,28,1.258,26.0,14.83,98.0,0.133,0.16166666666666668
2025,9,Elijah Moore,BUF,KC,WR3,td,0.15,0,0.0,1.0,14.83,98.0,0.133,0.16166666666666668
2025,9,Keon Coleman,BUF,KC,WR2,rec_yds,41.59,17,0.409,26.0,25.67,95.0,0.133,0.004285714285714226
2025,9,Keon Coleman,BUF,KC,WR2,td,0.27,0,0.0,25.0,25.67,95.0,0.133,0.004285714285714226
2025,9,Sam Darnold,SEA,WAS,QB1,pass_yds,258.45,330,1.277,15.0,15.4,102.0,0.191,0.04571428571428571
2025,9,Sam Darnold,SEA,WAS,QB1,pass_td,1.91,4,2.095,9.5,15.4,102.0,0.191,0.04571428571428571
2025,9,Kenneth Walker III,SEA,WAS,RB1,rush_yds,55.95,42,0.751,8.0,13.0,100.0,0.191,0.009999999999999953
2025,9,Kenneth Walker III,SEA,WAS,RB1,rush_att,13.91,11,0.791,8.0,13.0,100.0,0.191,0.009999999999999953
2025,9,Kenneth Walker III,SEA,WAS,RB1,td,0.45,0,0.0,7.0,13.0,100.0,0.191,0.009999999999999953
2025,9,Zach Charbonnet,SEA,WAS,RB2,rush_yds,38.3,25,0.653,14.0,21.3,97.0,0.191,-0.03500000000000003
2025,9,Zach Charbonnet,SEA,WAS,RB2,rush_att,10.9,8,0.734,14.0,21.3,97.0,0.191,-0.03500000000000003
2025,9,Zach Charbonnet,SEA,WAS,RB2,td,0.7,0,0.0,21.0,21.3,97.0,0.191,-0.03500000000000003
2025,9,Jaxon Smith-Njigba,SEA,WAS,WR1,rec_yds,100.0,129,1.29,17.0,21.67,95.0,0.191,0.12142857142857144
2025,9,Jaxon Smith-Njigba,SEA,WAS,WR1,td,0.5,0,0.0,22.0,21.67,95.0,0.191,0.12142857142857144
2025,9,AJ Barner,SEA,WAS,TE1,rec_yds,25.64,24,0.936,19.0,16.0,105.0,0.191,0.06285714285714272
2025,9,AJ Barner,SEA,WAS,TE1,td,0.5,1,2.0,3.0,16.0,105.0,0.191,0.06285714285714272
2025,9,Tory Horton,SEA,WAS,WR2,td,0.5,2,4.0,4.0,6.17,104.0,0.191,-0.03999999999999998
2025,9,Jayden Daniels,WAS,SEA,QB1,pass_yds,204.72,153,0.747,9.0,17.3,86.0,-0.077,-0.248
2025,9,Jayden Daniels,WAS,SEA,QB1,pass_td,1.78,0,0.0,15.5,17.3,86.0,-0.077,-0.248
2025,9,Chris Rodriguez,WAS,SEA,RB2,rush_yds,25.69,65,2.53,17.0,10.8,97.0,-0.077,-0.18999999999999997
2025,9,Chris Rodriguez,WAS,SEA,RB2,td,0.25,1,4.0,15.0,10.8,97.0,-0.077,-0.18999999999999997
2025,9,Jacory Croskey-Merritt,WAS,SEA,RB1,rush_yds,50.25,38,0.756,27.0,15.9,97.0,-0.077,0.13374999999999992
2025,9,Jacory Croskey-Merritt,WAS,SEA,RB1,rush_att,10.25,12,1.171,27.0,15.9,97.0,-0.077,0.13374999999999992
2025,9,Jacory Croskey-Merritt,WAS,SEA,RB1,td,0.5,0,0.0,30.0,15.9,97.0,-0.077,0.13374999999999992
2025,9,Deebo Samuel,WAS,SEA,WR1,rec_yds,41.64,41,0.985,22.0,15.33,93.0,-0.077,0.0
2025,9,Deebo Samuel,WAS,SEA,WR1,td,0.45,0,0.0,15.0,15.33,93.0,-0.077,0.0
2025,9,Zach Ertz,WAS,SEA,TE1,rec_yds,33.08,46,1.39,6.0,13.0,89.0,-0.077,-0.016249999999999987
2025,9,Zach Ertz,WAS,SEA,TE1,td,0.58,0,0.0,28.0,13.0,89.0,-0.077,-0.016249999999999987
2025,9,Jacoby Brissett,ARI,DAL,QB1,pass_yds,134.93,261,1.934,6.0,2.0,106.0,0.14700000000000002,0.485
2025,9,Jacoby Brissett,ARI,DAL,QB1,pass_td,0.67,2,3.0,1.0,2.0,106.0,0.14700000000000002,0.485
2025,9,Emari Demercado,ARI,DAL,RB2,rush_yds,20.38,79,3.877,13.0,8.9,106.0,0.14700000000000002,-0.165
2025,9,Emari Demercado,ARI,DAL,RB2,td,0.19,0,0.0,3.0,8.9,106.0,0.14700000000000002,-0.165
2025,9,Zonovan Knight,ARI,DAL,RB1,rush_yds,34.0,27,0.794,9.0,7.2,97.0,0.14700000000000002,0.07666666666666666
2025,9,Zonovan Knight,ARI,DAL,RB1,td,0.67,0,0.0,11.0,7.2,97.0,0.14700000000000002,0.07666666666666666
2025,9,Greg Dortch,ARI,DAL,WR3,td,0.18,0,0.0,25.0,19.33,105.0,0.14700000000000002,-0.16857142857142857
2025,9,Marvin Harrison Jr.,ARI,DAL,WR1,rec_yds,56.0,96,1.714,19.0,14.33,100.0,0.14700000000000002,0.07857142857142851
2025,9,Marvin Harrison Jr.,ARI,DAL,WR1,td,0.32,1,3.143,1.0,14.33,100.0,0.14700000000000002,0.07857142857142851
2025,9,Michael Wilson,ARI,DAL,WR2,rec_yds,24.41,61,2.499,2.0,4.83,107.0,0.14700000000000002,0.0585714285714285
2025,9,Trey McBride,ARI,DAL,TE1,rec_yds,68.5,55,0.803,21.0,16.0,102.0,0.14700000000000002,-0.04285714285714293
2025,9,Trey McBride,ARI,DAL,TE1,td,0.45,1,2.2,11.0,16.0,102.0,0.14700000000000002,-0.04285714285714293
2025,9,Dak Prescott,DAL,ARI,QB1,pass_yds,254.83,250,0.981,10.0,17.6,95.0,0.198,-0.08750000000000002
2025,9,Dak Prescott,DAL,ARI,QB1,pass_td,1.79,1,0.558,30.0,17.6,95.0,0.198,-0.08750000000000002
2025,9,Javonte Williams,DAL,ARI,RB1,rush_yds,58.0,83,1.431,13.0,7.7,96.0,0.198,-0.018750000000000044
2025,9,Javonte Williams,DAL,ARI,RB1,rush_att,11.88,15,1.263,13.0,7.7,96.0,0.198,-0.018750000000000044
2025,9,Javonte Williams,DAL,ARI,RB1,td,0.83,0,0.0,8.5,7.7,96.0,0.198,-0.018750000000000044
2025,9,CeeDee Lamb,DAL,ARI,WR2,rec_yds,87.06,85,0.976,20.0,14.0,95.0,0.198,-0.11499999999999999
2025,9,CeeDee Lamb,DAL,ARI,WR2,td,0.25,0,0.0,20.0,14.0,95.0,0.198,-0.11499999999999999
2025,9,George Pickens,DAL,ARI,WR1,rec_yds,79.46,79,0.994,8.5,15.83,107.0,0.198,-0.04875000000000007
2025,9,George Pickens,DAL,ARI,WR1,td,0.62,0,0.0,31.0,15.83,107.0,0.198,-0.04875000000000007
2025,9,Jake Ferguson,DAL,ARI,TE1,rec_yds,37.46,50,1.335,18.0,20.33,103.0,0.198,-0.07500000000000007
2025,9,Jake Ferguson,DAL,ARI,TE1,td,0.5,0,0.0,28.0,20.33,103.0,0.198,-0.07500000000000007
2025,9,Ryan Flournoy,DAL,ARI,WR3,rec_yds,27.88,12,0.43,30.0,30.0,98.0,0.198,0.006000000000000005
2025,10,Geno Smith,LV,DEN,QB1,pass_yds,215.08,143,0.665,19.0,23.0,101.0,-0.252,0.01750000000000007
2025,10,Geno Smith,LV,DEN,QB1,pass_td,1.33,0,0.0,32.0,23.0,101.0,-0.252,0.01750000000000007
2025,10,Ashton Jeanty,LV,DEN,RB1,rush_yds,60.88,60,0.986,23.0,20.6,102.0,-0.252,0.19125000000000003
2025,10,Ashton Jeanty,LV,DEN,RB1,rush_att,15.5,19,1.226,23.0,20.6,102.0,-0.252,0.19125000000000003
2025,10,Ashton Jeanty,LV,DEN,RB1,td,0.75,1,1.333,21.0,20.6,102.0,-0.252,0.19125000000000003
2025,10,Tre Tucker,LV,DEN,WR1,rec_yds,47.33,28,0.592,26.0,24.0,100.0,-0.252,0.0462499999999999
2025,10,Tre Tucker,LV,DEN,WR1,td,0.42,0,0.0,32.0,24.0,100.0,-0.252,0.0462499999999999
2025,10,Brock Bowers,LV,DEN,TE1,rec_yds,73.22,31,0.423,22.0,22.17,99.0,-0.252,0.07200000000000006
2025,10,Brock Bowers,LV,DEN,TE1,td,0.5,0,0.0,23.0,22.17,99.0,-0.252,0.07200000000000006
2025,10,Bo Nix,DEN,LV,QB1,pass_yds,229.77,150,0.653,14.0,14.8,106.0,0.065,0.00666666666666671
2025,10,Bo Nix,DEN,LV,QB1,pass_td,2.12,1,0.473,14.5,14.8,106.0,0.065,0.00666666666666671
2025,10,Courtland Sutton,DEN,LV,WR2,rec_yds,65.92,24,0.364,11.0,16.0,107.0,0.065,0.04888888888888898
2025,10,Courtland Sutton,DEN,LV,WR2,td,0.54,0,0.0,29.0,16.0,107.0,0.065,0.04888888888888898
2025,10,J.K. Dobbins,DEN,LV,RB1,rush_yds,71.42,77,1.078,25.0,20.0,97.0,0.065,-0.04999999999999999
2025,10,J.K. Dobbins,DEN,LV,RB1,rush_att,14.77,18,1.219,25.0,20.0,97.0,0.065,-0.04999999999999999
2025,10,J.K. Dobbins,DEN,LV,RB1,td,0.54,0,0.0,14.0,20.0,97.0,0.065,-0.04999999999999999
2025,10,RJ Harvey,DEN,LV,RB2,rush_yds,22.78,9,0.395,5.0,14.0,106.0,0.065,0.026666666666666727
2025,10,RJ Harvey,DEN,LV,RB2,td,0.67,0,0.0,8.0,14.0,106.0,0.065,0.026666666666666727
2025,10,Pat Bryant,DEN,LV,WR3,td,0.17,0,0.0,16.0,12.33,105.0,0.065,0.10500000000000004
2025,10,Troy Franklin,DEN,LV,WR1,rec_yds,34.54,40,1.158,30.0,23.33,100.0,0.065,0.1233333333333334
2025,10,Troy Franklin,DEN,LV,WR1,td,0.35,1,2.889,8.0,23.33,100.0,0.065,0.1233333333333334
2025,10,Evan Engram,DEN,LV,TE1,rec_yds,32.92,12,0.365,14.0,18.67,102.0,0.065,0.0625
2025,10,Michael Penix,ATL,IND,QB1,pass_yds,212.37,177,0.833,6.0,14.7,102.0,0.008,0.03285714285714292
2025,10,Michael Penix,ATL,IND,QB1,pass_td,1.0,1,1.0,10.0,14.7,102.0,0.008,0.03285714285714292
2025,10,Bijan Robinson,ATL,IND,RB1,rush_yds,83.92,84,1.001,21.0,19.7,100.0,0.008,0.19124999999999992
2025,10,Bijan Robinson,ATL,IND,RB1,rush_att,16.88,17,1.007,21.0,19.7,100.0,0.008,0.19124999999999992
2025,10,Bijan Robinson,ATL,IND,RB1,rec_yds,43.92,4,0.091,19.0,19.7,100.0,0.008,0.19124999999999992
2025,10,Bijan Robinson,ATL,IND,RB1,td,0.75,0,0.0,25.0,19.7,100.0,0.008,0.19124999999999992
2025,10,Tyler Allgeier,ATL,IND,RB2,rush_yds,29.17,57,1.954,15.0,12.2,97.0,0.008,0.02124999999999999
2025,10,Tyler Allgeier,ATL,IND,RB2,td,0.38,2,5.333,12.0,12.2,97.0,0.008,0.02124999999999999
2025,10,Drake London,ATL,IND,WR1,rec_yds,86.05,104,1.209,11.0,17.17,95.0,0.008,0.06999999999999984
2025,10,Drake London,ATL,IND,WR1,td,0.59,1,1.692,23.5,17.17,95.0,0.008,0.06999999999999984
2025,10,Kyle Pitts,ATL,IND,TE1,rec_yds,39.0,38,0.974,6.0,13.0,105.0,0.008,0.10499999999999998
2025,10,Darnell Mooney,ATL,IND,WR2,rec_yds,41.9,17,0.406,5.0,10.67,104.0,0.008,0.17833333333333334
2025,10,Daniel Jones,IND,ATL,QB1,pass_yds,250.54,255,1.018,32.0,18.2,102.0,0.089,0.0377777777777778
2025,10,Daniel Jones,IND,ATL,QB1,pass_td,1.31,1,0.765,4.0,18.2,102.0,0.089,0.0377777777777778
2025,10,Jonathan Taylor,IND,ATL,RB1,rush_yds,104.58,244,2.333,15.0,13.8,100.0,0.089,-0.028888888888888853
2025,10,Jonathan Taylor,IND,ATL,RB1,rush_att,19.69,32,1.625,15.0,13.8,100.0,0.089,-0.028888888888888853
2025,10,Jonathan Taylor,IND,ATL,RB1,td,1.35,3,2.229,23.0,13.8,100.0,0.089,-0.028888888888888853
2025,10,Tyler Warren,IND,ATL,TE1,rec_yds,57.56,99,1.72,30.0,29.33,105.0,0.089,0.03555555555555556
2025,10,Tyler Warren,IND,ATL,TE1,td,0.44,0,0.0,27.0,29.33,105.0,0.089,0.03555555555555556
2025,10,Alec Pierce,IND,ATL,WR2,rec_yds,65.09,84,1.291,29.0,14.33,104.0,0.089,0.10571428571428565
2025,10,Alec Pierce,IND,ATL,WR2,td,0.18,1,5.5,2.0,14.33,104.0,0.089,0.10571428571428565
2025,10,Michael Pittman Jr.,IND,ATL,WR1,rec_yds,60.69,19,0.313,20.0,20.33,95.0,0.089,0.03555555555555545
2025,10,Michael Pittman Jr.,IND,ATL,WR1,td,0.5,0,0.0,17.0,20.33,95.0,0.089,0.03555555555555545
2025,10,Ameer Abdullah,IND,ATL,RB2,td,0.33,0,0.0,10.5,14.5,97.0,0.089,-0.032
2025,10,Josh Downs,IND,ATL,WR3,rec_yds,44.92,3,0.067,15.0,16.33,118.0,0.089,0.1050000000000001
2025,10,Josh Downs,IND,ATL,WR3,td,0.33,0,0.0,10.0,16.33,118.0,0.089,0.1050000000000001
2025,10,Josh Allen,BUF,MIA,QB1,pass_yds,234.62,306,1.304,23.0,21.7,86.0,0.226,0.03749999999999998
2025,10,Josh Allen,BUF,MIA,QB1,pass_td,1.67,2,1.2,20.0,21.7,86.0,0.226,0.03749999999999998
2025,10,James Cook,BUF,MIA,RB1,rush_yds,93.62,53,0.566,8.0,9.9,97.0,0.226,0.15000000000000002
2025,10,James Cook,BUF,MIA,RB1,rush_att,16.83,13,0.772,8.0,9.9,97.0,0.226,0.15000000000000002
2025,10,James Cook,BUF,MIA,RB1,td,1.0,0,0.0,12.5,9.9,97.0,0.226,0.15000000000000002
2025,10,Khalil Shakir,BUF,MIA,WR1,rec_yds,49.92,58,1.162,32.0,28.17,93.0,0.226,0.016249999999999987
2025,10,Khalil Shakir,BUF,MIA,WR1,td,0.33,0,0.0,23.5,28.17,93.0,0.226,0.016249999999999987
2025,10,Keon Coleman,BUF,MIA,WR2,rec_yds,39.54,46,1.163,30.0,24.0,96.0,0.226,-0.039999999999999925
2025,10,Keon Coleman,BUF,MIA,WR2,td,0.25,1,4.0,10.0,24.0,96.0,0.226,-0.039999999999999925
2025,10,Dalton Kincaid,BUF,MIA,TE1,rec_yds,50.18,37,0.737,4.0,10.33,89.0,0.226,-0.08142857142857152
2025,10,Dalton Kincaid,BUF,MIA,TE1,td,0.41,0,0.0,23.0,10.33,89.0,0.226,-0.08142857142857152
2025,10,Elijah Moore,BUF,MIA,WR3,rec_yds,22.77,9,0.395,25.5,23.83,91.0,0.226,-0.03285714285714281
2025,10,Ray Davis,BUF,MIA,RB2,td,0.27,0,0.0,23.0,15.2,97.0,0.226,0.10999999999999999
2025,10,Tua Tagovailoa,MIA,BUF,QB1,pass_yds,219.54,173,0.788,24.0,21.7,86.0,-0.03,0.05888888888888877
2025,10,Tua Tagovailoa,MIA,BUF,QB1,pass_td,1.77,2,1.13,27.0,21.7,86.0,-0.03,0.05888888888888877
2025,10,De'Von Achane,MIA,BUF,RB1,rush_yds,63.92,174,2.722,5.0,7.8,97.0,-0.03,0.12777777777777766
2025,10,De'Von Achane,MIA,BUF,RB1,rush_att,13.08,22,1.682,5.0,7.8,97.0,-0.03,0.12777777777777766
2025,10,De'Von Achane,MIA,BUF,RB1,rec_yds,31.65,51,1.611,12.0,7.8,97.0,-0.03,0.12777777777777766
2025,10,De'Von Achane,MIA,BUF,RB1,td,0.81,2,2.476,6.5,7.8,97.0,-0.03,0.12777777777777766
2025,10,Malik Washington,MIA,BUF,WR2,rec_yds,21.35,9,0.422,23.0,19.0,96.0,-0.03,0.1233333333333333
2025,10,Jaylen Waddle,MIA,BUF,WR1,rec_yds,61.62,84,1.363,3.0,8.67,93.0,-0.03,-0.005555555555555536
2025,10,Jaylen Waddle,MIA,BUF,WR1,td,0.38,1,2.6,17.0,8.67,93.0,-0.03,-0.005555555555555536
2025,10,Greg Dulcich,MIA,BUF,TE1,rec_yds,25.2,22,0.873,28.0,28.5,89.0,-0.03,
2025,10,Nick Westbrook-Ikhine,MIA,BUF,WR3,rec_yds,23.73,7,0.295,32.0,27.33,91.0,-0.03,0.11285714285714288
2025,10,Nick Westbrook-Ikhine,MIA,BUF,WR3,td,0.23,0,0.0,22.0,27.33,91.0,-0.03,0.11285714285714288
2025,10,Ollie Gordon,MIA,BUF,RB2,td,0.22,0,0.0,8.0,15.7,97.0,-0.03,-0.04000000000000001
2025,10,Jaxson Dart,NYG,CHI,QB1,pass_yds,146.88,242,1.648,9.0,15.1,101.0,0.07999999999999999,0.24625000000000008
2025,10,Jaxson Dart,NYG,CHI,QB1,pass_td,1.25,0,0.0,6.0,15.1,101.0,0.07999999999999999,0.24625000000000008
2025,10,Tyrone Tracy Jr.,NYG,CHI,RB1,rush_yds,34.14,71,2.08,6.0,11.8,102.0,0.07999999999999999,0.0028571428571428914
2025,10,Tyrone Tracy Jr.,NYG,CHI,RB1,td,0.27,0,0.0,6.5,11.8,102.0,0.07999999999999999,0.0028571428571428914
2025,10,Darius Slayton,NYG,CHI,WR2,rec_yds,30.05,89,2.962,2.0,16.5,99.0,0.07999999999999999,0.03857142857142859
2025,10,Theo Johnson,NYG,CHI,TE1,rec_yds,29.92,75,2.506,12.0,11.83,99.0,0.07999999999999999,0.013333333333333308
2025,10,Theo Johnson,NYG,CHI,TE1,td,0.42,0,0.0,15.5,11.83,99.0,0.07999999999999999,0.013333333333333308
2025,10,Wan'Dale Robinson,NYG,CHI,WR1,rec_yds,55.23,62,1.123,24.0,17.83,100.0,0.07999999999999999,0.10999999999999999
2025,10,Wan'Dale Robinson,NYG,CHI,WR1,td,0.19,0,0.0,3.5,17.83,100.0,0.07999999999999999,0.10999999999999999
2025,10,Caleb Williams,CHI,NYG,QB1,pass_yds,232.83,220,0.945,12.0,10.1,101.0,0.176,0.020000000000000018
2025,10,Caleb Williams,CHI,NYG,QB1,pass_td,1.46,1,0.686,19.0,10.1,101.0,0.176,0.020000000000000018
2025,10,D'Andre Swift,CHI,NYG,RB1,rush_yds,60.14,80,1.33,3.0,7.8,102.0,0.176,-0.11571428571428577
2025,10,D'Andre Swift,CHI,NYG,RB1,rush_att,14.18,13,0.917,3.0,7.8,102.0,0.176,-0.11571428571428577
2025,10,D'Andre Swift,CHI,NYG,RB1,rec_yds,24.55,18,0.733,15.0,7.8,102.0,0.176,-0.11571428571428577
2025,10,D'Andre Swift,CHI,NYG,RB1,td,0.55,0,0.0,8.0,7.8,102.0,0.176,-0.11571428571428577
2025,10,Kyle Monangai,CHI,NYG,RB2,rush_yds,45.25,28,0.619,7.5,6.6,99.0,0.176,0.3525
2025,10,Rome Odunze,CHI,NYG,WR1,rec_yds,52.75,86,1.63,13.0,13.67,100.0,0.176,0.06875000000000009
2025,10,Rome Odunze,CHI,NYG,WR1,td,0.5,1,2.0,20.0,13.67,100.0,0.176,0.06875000000000009
2025,10,Colston Loveland,CHI,NYG,TE1,rec_yds,33.43,55,1.645,24.0,17.33,99.0,0.176,0.25142857142857145
2025,10,Colston Loveland,CHI,NYG,TE1,td,0.29,0,0.0,10.0,17.33,99.0,0.176,0.25142857142857145
2025,10,Olamide Zaccheaus,CHI,NYG,WR2,rec_yds,32.0,5,0.156,6.0,6.83,99.0,0.176,0.05625000000000002
2025,10,Olamide Zaccheaus,CHI,NYG,WR2,td,0.21,0,0.0,3.5,6.83,99.0,0.176,0.05625000000000002
2025,10,D.J. Moore,CHI,NYG,WR3,rec_yds,57.25,0,0.0,3.0,12.0,96.0,0.176,-0.010000000000000009
2025,10,D.J. Moore,CHI,NYG,WR3,td,0.29,0,0.0,27.0,12.0,96.0,0.176,-0.010000000000000009
2025,10,Dillon Gabriel,CLE,NYJ,QB1,pass_yds,117.0,167,1.427,28.0,19.5,101.0,-0.03,0.31833333333333336
2025,10,Dillon Gabriel,CLE,NYJ,QB1,pass_td,0.83,2,2.4,22.0,19.5,101.0,-0.03,0.31833333333333336
2025,10,Quinshon Judkins,CLE,NYJ,RB1,rush_yds,69.43,75,1.08,4.0,16.2,102.0,-0.03,-0.14714285714285713
2025,10,Quinshon Judkins,CLE,NYJ,RB1,rush_att,16.86,22,1.305,4.0,16.2,102.0,-0.03,-0.14714285714285713
2025,10,Quinshon Judkins,CLE,NYJ,RB1,td,0.71,0,0.0,4.0,16.2,102.0,-0.03,-0.14714285714285713
2025,10,Jerry Jeudy,CLE,NYJ,WR1,rec_yds,55.21,78,1.413,27.0,24.0,100.0,-0.03,-0.008750000000000036
2025,10,Harold Fannin,CLE,NYJ,TE1,rec_yds,44.0,44,1.0,26.0,17.17,99.0,-0.03,-0.008750000000000036
2025,10,Harold Fannin,CLE,NYJ,TE1,td,0.25,0,0.0,5.5,17.17,99.0,-0.03,-0.008750000000000036
2025,10,Cedric Tillman,CLE,NYJ,WR2,rec_yds,34.25,11,0.321,12.0,19.83,99.0,-0.03,-0.47750000000000015
2025,10,Cedric Tillman,CLE,NYJ,WR2,td,0.44,0,0.0,28.0,19.83,99.0,-0.03,-0.47750000000000015
2025,10,Justin Fields,NYJ,CLE,QB1,pass_yds,136.86,54,0.395,26.0,21.9,101.0,-0.20900000000000002,0.13142857142857145
2025,10,Justin Fields,NYJ,CLE,QB1,pass_td,0.64,1,1.571,7.5,21.9,101.0,-0.20900000000000002,0.13142857142857145
2025,10,Breece Hall,NYJ,CLE,RB1,rush_yds,67.08,83,1.237,27.0,27.6,102.0,-0.20900000000000002,-0.04749999999999999
2025,10,Breece Hall,NYJ,CLE,RB1,rush_att,13.83,21,1.518,27.0,27.6,102.0,-0.20900000000000002,-0.04749999999999999
2025,10,Breece Hall,NYJ,CLE,RB1,rec_yds,21.79,42,1.927,32.0,27.6,102.0,-0.20900000000000002,-0.04749999999999999
2025,10,Breece Hall,NYJ,CLE,RB1,td,0.33,1,3.0,20.0,27.6,102.0,-0.20900000000000002,-0.04749999999999999
2025,10,Mason Taylor,NYJ,CLE,TE1,rec_yds,30.25,4,0.132,32.0,27.0,99.0,-0.20900000000000002,-0.07000000000000006
2025,10,Garrett Wilson,NYJ,CLE,WR1,rec_yds,61.55,0,0.0,25.0,22.67,100.0,-0.20900000000000002,-0.10999999999999988
2025,10,Garrett Wilson,NYJ,CLE,WR1,td,0.5,0,0.0,13.0,22.67,100.0,-0.20900000000000002,-0.10999999999999988
2025,10,Tyler Johnson,NYJ,CLE,WR2,rec_yds,27.3,0,0.0,14.0,17.0,99.0,-0.20900000000000002,0.21333333333333349
2025,10,Tyler Johnson,NYJ,CLE,WR2,td,0.15,0,0.0,12.0,17.0,99.0,-0.20900000000000002,0.21333333333333349
2025,10,Trevor Lawrence,JAX,HOU,QB1,pass_yds,222.62,158,0.71,30.0,26.2,102.0,-0.07200000000000001,0.0
2025,10,Trevor Lawrence,JAX,HOU,QB1,pass_td,1.17,1,0.857,24.5,26.2,102.0,-0.07200000000000001,0.0
2025,10,Travis Etienne,JAX,HOU,RB1,rush_yds,62.5,58,0.928,19.0,26.3,100.0,-0.07200000000000001,-0.022500000000000075
2025,10,Travis Etienne,JAX,HOU,RB1,rush_att,13.71,16,1.167,19.0,26.3,100.0,-0.07200000000000001,-0.022500000000000075
2025,10,Travis Etienne,JAX,HOU,RB1,td,0.25,1,4.0,28.5,26.3,100.0,-0.07200000000000001,-0.022500000000000075
2025,10,Bhayshul Tuten,JAX,HOU,RB2,td,0.38,0,0.0,8.0,20.9,97.0,-0.07200000000000001,0.048750000000000016
2025,10,Jakobi Meyers,JAX,HOU,WR1,rec_yds,59.14,41,0.693,19.0,22.0,95.0,-0.07200000000000001,-0.03285714285714281
2025,10,Dyami Brown,JAX,HOU,WR3,rec_yds,27.82,0,0.0,9.0,17.83,118.0,-0.07200000000000001,0.022857142857142798
2025,10,Parker Washington,JAX,HOU,WR2,rec_yds,41.68,33,0.792,24.0,23.67,104.0,-0.07200000000000001,0.28714285714285726
2025,10,Parker Washington,JAX,HOU,WR2,td,0.23,1,4.4,16.0,23.67,104.0,-0.07200000000000001,0.28714285714285726
2025,10,Davis Mills,HOU,JAX,QB1,pass_yds,66.5,292,4.391,2.0,7.3,106.0,-0.092,0.24
2025,10,Woody Marks,HOU,JAX,RB2,rush_yds,30.12,63,2.091,24.0,11.0,106.0,-0.092,0.065
2025,10,Woody Marks,HOU,JAX,RB2,td,0.38,1,2.667,10.5,11.0,106.0,-0.092,0.065
2025,10,Nick Chubb,HOU,JAX,RB1,rush_yds,43.42,47,1.083,20.0,12.7,97.0,-0.092,-0.06125000000000003
2025,10,Nick Chubb,HOU,JAX,RB1,rush_att,11.83,5,0.423,20.0,12.7,97.0,-0.092,-0.06125000000000003
2025,10,Nick Chubb,HOU,JAX,RB1,td,0.33,0,0.0,18.0,12.7,97.0,-0.092,-0.06125000000000003
2025,10,Nico Collins,HOU,JAX,WR1,rec_yds,61.14,136,2.225,5.0,3.5,100.0,-0.092,0.02857142857142858
2025,10,Nico Collins,HOU,JAX,WR1,td,0.5,0,0.0,3.5,3.5,100.0,-0.092,0.02857142857142858
2025,10,Dalton Schultz,HOU,JAX,TE1,rec_yds,44.08,53,1.202,3.0,4.67,102.0,-0.092,0.10125000000000006
2025,10,Jayden Higgins,HOU,JAX,WR2,td,0.25,1,4.0,21.5,16.5,107.0,-0.092,-0.04874999999999996
2025,10,Christian Kirk,HOU,JAX,WR3,rec_yds,40.56,3,0.074,29.0,25.67,105.0,-0.092,-0.022499999999999964
2025,10,Lamar Jackson,BAL,MIN,QB1,pass_yds,218.83,176,0.804,11.0,20.8,86.0,-0.04800000000000001,0.07199999999999984
2025,10,Lamar Jackson,BAL,MIN,QB1,pass_td,2.72,1,0.367,17.5,20.8,86.0,-0.04800000000000001,0.07199999999999984
2025,10,Derrick Henry,BAL,MIN,RB1,rush_yds,88.62,75,0.846,13.0,20.3,97.0,-0.04800000000000001,0.08875
2025,10,Derrick Henry,BAL,MIN,RB1,rush_att,17.21,20,1.162,13.0,20.3,97.0,-0.04800000000000001,0.08875
2025,10,Derrick Henry,BAL,MIN,RB1,td,0.71,0,0.0,23.0,20.3,97.0,-0.04800000000000001,0.08875
2025,10,Zay Flowers,BAL,MIN,WR1,rec_yds,62.71,75,1.196,12.0,15.0,93.0,-0.04800000000000001,-0.04749999999999999
2025,10,Justice Hill,BAL,MIN,RB2,td,0.25,1,4.0,20.5,25.5,97.0,-0.04800000000000001,-0.19874999999999998
2025,10,DeAndre Hopkins,BAL,MIN,WR3,rec_yds,29.42,16,0.544,6.0,10.0,91.0,-0.04800000000000001,0.02124999999999999
2025,10,DeAndre Hopkins,BAL,MIN,WR3,td,0.25,0,0.0,10.0,10.0,91.0,-0.04800000000000001,0.02124999999999999
2025,10,Mark Andrews,BAL,MIN,TE1,rec_yds,35.17,14,0.398,13.0,14.67,89.0,-0.04800000000000001,-0.17125
2025,10,Mark Andrews,BAL,MIN,TE1,td,0.62,1,1.6,19.0,14.67,89.0,-0.04800000000000001,-0.17125
2025,10,Rashod Bateman,BAL,MIN,WR2,rec_yds,29.25,10,0.342,1.0,2.67,96.0,-0.04800000000000001,0.011249999999999982
2025,10,Rashod Bateman,BAL,MIN,WR2,td,0.42,0,0.0,6.0,2.67,96.0,-0.04800000000000001,0.011249999999999982
2025,10,J.J. McCarthy,MIN,BAL,QB1,pass_yds,148.0,248,1.676,3.0,11.2,106.0,-0.07100000000000001,0.0
2025,10,J.J. McCarthy,MIN,BAL,QB1,pass_td,1.33,1,0.75,7.5,11.2,106.0,-0.07100000000000001,0.0
2025,10,Aaron Jones,MIN,BAL,RB2,rush_yds,47.69,47,0.986,3.0,8.8,106.0,-0.07100000000000001,-0.04999999999999999
2025,10,Aaron Jones,MIN,BAL,RB2,rush_att,10.44,9,0.862,3.0,8.8,106.0,-0.07100000000000001,-0.04999999999999999
2025,10,Aaron Jones,MIN,BAL,RB2,td,0.38,1,2.667,5.0,8.8,106.0,-0.07100000000000001,-0.04999999999999999
2025,10,Jordan Mason,MIN,BAL,RB1,rush_yds,49.17,25,0.508,32.0,16.3,97.0,-0.07100000000000001,0.007499999999999951
2025,10,Jordan Mason,MIN,BAL,RB1,rush_att,10.75,4,0.372,32.0,16.3,97.0,-0.07100000000000001,0.007499999999999951
2025,10,Jordan Mason,MIN,BAL,RB1,td,0.33,0,0.0,18.0,16.3,97.0,-0.07100000000000001,0.007499999999999951
2025,10,Jalen Nailor,MIN,BAL,WR3,rec_yds,22.25,124,5.573,18.0,8.67,105.0,-0.07100000000000001,-0.19499999999999995
2025,10,Jalen Nailor,MIN,BAL,WR3,td,0.17,1,6.0,6.0,8.67,105.0,-0.07100000000000001,-0.19499999999999995
2025,10,Justin Jefferson,MIN,BAL,WR1,rec_yds,83.33,37,0.444,1.0,4.33,100.0,-0.07100000000000001,-1.1102230246251565e-16
2025,10,Justin Jefferson,MIN,BAL,WR1,td,0.38,0,0.0,8.0,4.33,100.0,-0.07100000000000001,-1.1102230246251565e-16
2025,10,Jordan Addison,MIN,BAL,WR2,rec_yds,71.72,35,0.488,22.0,20.0,107.0,-0.07100000000000001,0.03600000000000003
2025,10,Jordan Addison,MIN,BAL,WR2,td,0.61,0,0.0,16.0,20.0,107.0,-0.07100000000000001,0.03600000000000003
2025,10,T.J. Hockenson,MIN,BAL,TE1,rec_yds,34.25,8,0.234,11.0,16.67,102.0,-0.07100000000000001,-0.029999999999999916
2025,10,T.J. Hockenson,MIN,BAL,TE1,td,0.17,0,0.0,26.0,16.67,102.0,-0.07100000000000001,-0.029999999999999916
2025,10,Tyler Shough,NO,CAR,QB1,pass_yds,101.33,282,2.783,20.0,14.4,106.0,-0.019000000000000003,0.4066666666666667
2025,10,Alvin Kamara,NO,CAR,RB1,rush_yds,49.08,83,1.691,1.0,11.1,97.0,-0.019000000000000003,-0.10333333333333339
2025,10,Alvin Kamara,NO,CAR,RB1,rush_att,12.92,22,1.702,1.0,11.1,97.0,-0.019000000000000003,-0.10333333333333339
2025,10,Alvin Kamara,NO,CAR,RB1,rec_yds,23.27,32,1.375,21.0,11.1,97.0,-0.019000000000000003,-0.10333333333333339
2025,10,Chris Olave,NO,CAR,WR1,rec_yds,58.46,104,1.779,4.0,6.17,100.0,-0.019000000000000003,0.012222222222222245
2025,10,Chris Olave,NO,CAR,WR1,td,0.27,1,3.714,5.5,6.17,100.0,-0.019000000000000003,0.012222222222222245
2025,10,Juwan Johnson,NO,CAR,TE1,rec_yds,43.12,92,2.134,18.0,19.33,102.0,-0.019000000000000003,-0.12222222222222223
2025,10,Juwan Johnson,NO,CAR,TE1,td,0.23,1,4.333,13.0,19.33,102.0,-0.019000000000000003,-0.12222222222222223
2025,10,Devaughn Vele,NO,CAR,WR2,rec_yds,23.56,15,0.637,32.0,26.67,107.0,-0.019000000000000003,0.14500000000000002
2025,10,Devaughn Vele,NO,CAR,WR2,td,0.31,0,0.0,19.0,26.67,107.0,-0.019000000000000003,0.14500000000000002
2025,10,Bryce Young,CAR,NO,QB1,pass_yds,187.04,124,0.663,16.0,16.3,106.0,-0.075,0.06499999999999995
2025,10,Bryce Young,CAR,NO,QB1,pass_td,1.42,0,0.0,12.5,16.3,106.0,-0.075,0.06499999999999995
2025,10,Rico Dowdle,CAR,NO,RB1,rush_yds,83.65,53,0.634,12.0,11.8,97.0,-0.075,0.2188888888888889
2025,10,Rico Dowdle,CAR,NO,RB1,rush_att,15.92,18,1.13,12.0,11.8,97.0,-0.075,0.2188888888888889
2025,10,Rico Dowdle,CAR,NO,RB1,td,0.46,1,2.167,2.0,11.8,97.0,-0.075,0.2188888888888889
2025,10,Chuba Hubbard,CAR,NO,RB2,rush_yds,57.09,14,0.245,1.0,18.0,106.0,-0.075,-0.33285714285714285
2025,10,Chuba Hubbard,CAR,NO,RB2,rush_att,14.32,3,0.21,1.0,18.0,106.0,-0.075,-0.33285714285714285
2025,10,Chuba Hubbard,CAR,NO,RB2,td,0.59,0,0.0,18.0,18.0,106.0,-0.075,-0.33285714285714285
2025,10,Tetairoa McMillan,CAR,NO,WR1,rec_yds,62.0,60,0.968,17.0,14.83,100.0,-0.075,-0.0477777777777777
2025,10,Tetairoa McMillan,CAR,NO,WR1,td,0.22,0,0.0,5.5,14.83,100.0,-0.075,-0.0477777777777777
2025,10,Ja'Tavion Sanders,CAR,NO,TE1,rec_yds,21.15,32,1.513,16.0,15.33,102.0,-0.075,-0.04500000000000004
2025,10,Jalen Coker,CAR,NO,WR3,rec_yds,33.57,21,0.626,8.0,10.67,105.0,-0.075,0.09666666666666668
2025,10,Xavier Legette,CAR,NO,WR2,rec_yds,29.45,0,0.0,9.0,11.17,107.0,-0.075,-0.21285714285714274
2025,10,Xavier Legette,CAR,NO,WR2,td,0.23,0,0.0,3.5,11.17,107.0,-0.075,-0.21285714285714274
2025,10,Drake Maye,NE,TB,QB1,pass_yds,233.69,270,1.155,4.0,9.7,106.0,0.17,0.029999999999999916
2025,10,Drake Maye,NE,TB,QB1,pass_td,1.65,2,1.209,21.0,9.7,106.0,0.17,0.029999999999999916
2025,10,TreVeyon Henderson,NE,TB,RB1,rush_yds,31.44,147,4.675,29.0,16.0,97.0,0.17,0.3788888888888889
2025,10,Terrell Jennings,NE,TB,RB2,rush_yds,21.12,5,0.237,31.0,14.6,106.0,0.17,0.09666666666666665
2025,10,Terrell Jennings,NE,TB,RB2,td,0.25,0,0.0,16.0,14.6,106.0,0.17,0.09666666666666665
2025,10,Mack Hollins,NE,TB,WR2,rec_yds,29.21,106,3.629,15.0,10.5,107.0,0.17,0.020000000000000018
2025,10,Mack Hollins,NE,TB,WR2,td,0.25,0,0.0,7.5,10.5,107.0,0.17,0.020000000000000018
2025,10,Stefon Diggs,NE,TB,WR1,rec_yds,58.15,46,0.791,16.0,16.33,100.0,0.17,0.06333333333333335
2025,10,Stefon Diggs,NE,TB,WR1,td,0.31,1,3.25,27.0,16.33,100.0,0.17,0.06333333333333335
2025,10,DeMario Douglas,NE,TB,WR3,rec_yds,34.96,34,0.973,7.0,10.67,105.0,0.17,-0.07
2025,10,DeMario Douglas,NE,TB,WR3,td,0.33,0,0.0,22.0,10.67,105.0,0.17,-0.07
2025,10,Hunter Henry,NE,TB,TE1,rec_yds,40.46,9,0.222,7.0,5.5,102.0,0.17,-0.05444444444444452
2025,10,Hunter Henry,NE,TB,TE1,td,0.35,0,0.0,8.5,5.5,102.0,0.17,-0.05444444444444452
2025,10,Baker Mayfield,TB,NE,QB1,pass_yds,247.88,273,1.101,18.0,21.8,102.0,-0.039,-0.025000000000000022
2025,10,Baker Mayfield,TB,NE,QB1,pass_td,1.83,3,1.636,10.0,21.8,102.0,-0.039,-0.025000000000000022
2025,10,Sean Tucker,TB,NE,RB2,td,0.28,0,0.0,26.5,23.9,97.0,-0.039,0.15800000000000003
2025,10,Rachaad White,TB,NE,RB1,rush_yds,38.79,38,0.98,26.0,15.6,100.0,-0.039,0.016249999999999987
2025,10,Rachaad White,TB,NE,RB1,td,0.58,0,0.0,16.0,15.6,100.0,-0.039,0.016249999999999987
2025,10,Sterling Shepard,TB,NE,WR2,rec_yds,32.21,20,0.621,25.0,19.33,104.0,-0.039,-0.16125000000000006
2025,10,Emeka Egbuka,TB,NE,WR1,rec_yds,70.25,115,1.637,15.0,16.17,95.0,-0.039,0.08125000000000004
2025,10,Emeka Egbuka,TB,NE,WR1,td,0.62,1,1.6,11.5,16.17,95.0,-0.039,0.08125000000000004
2025,10,Cade Otton,TB,NE,TE1,rec_yds,44.5,82,1.843,15.0,19.0,105.0,-0.039,0.02857142857142858
2025,10,Tez Johnson,TB,NE,WR3,rec_yds,30.43,42,1.38,23.0,23.5,118.0,-0.039,0.25
2025,10,Tez Johnson,TB,NE,WR3,td,0.29,2,7.0,27.0,23.5,118.0,-0.039,0.25
2025,10,Jacoby Brissett,ARI,SEA,QB1,pass_yds,149.76,258,1.723,15.0,18.9,86.0,-0.126,0.388
2025,10,Jacoby Brissett,ARI,SEA,QB1,pass_td,0.82,2,2.429,24.5,18.9,86.0,-0.126,0.388
2025,10,Zonovan Knight,ARI,SEA,RB1,rush_yds,32.25,28,0.868,28.0,16.7,97.0,-0.126,0.14749999999999996
2025,10,Zonovan Knight,ARI,SEA,RB1,td,0.5,0,0.0,30.0,16.7,97.0,-0.126,0.14749999999999996
2025,10,Michael Carter,ARI,SEA,RB2,rush_yds,29.55,4,0.135,10.0,9.6,97.0,-0.126,0.010000000000000009
2025,10,Michael Carter,ARI,SEA,RB2,td,0.27,0,0.0,14.0,9.6,97.0,-0.126,0.010000000000000009
2025,10,Trey McBride,ARI,SEA,TE1,rec_yds,67.38,127,1.885,5.0,13.5,89.0,-0.126,-0.028749999999999942
2025,10,Trey McBride,ARI,SEA,TE1,td,0.5,1,2.0,29.5,13.5,89.0,-0.126,-0.028749999999999942
2025,10,Michael Wilson,ARI,SEA,WR2,rec_yds,27.46,34,1.238,28.0,20.0,96.0,-0.126,-0.036250000000000004
2025,10,Marvin Harrison Jr.,ARI,SEA,WR1,rec_yds,59.33,33,0.556,22.0,16.33,93.0,-0.126,-0.053750000000000075
2025,10,Marvin Harrison Jr.,ARI,SEA,WR1,td,0.38,1,2.667,17.0,16.33,93.0,-0.126,-0.053750000000000075
2025,10,Zay Jones,ARI,SEA,WR3,rec_yds,28.12,0,0.0,12.0,13.0,91.0,-0.126,-0.019999999999999907
2025,10,Sam Darnold,SEA,ARI,QB1,pass_yds,264.42,178,0.673,10.0,17.6,95.0,0.126,-0.012500000000000067
2025,10,Sam Darnold,SEA,ARI,QB1,pass_td,2.08,1,0.48,29.5,17.6,95.0,0.126,-0.012500000000000067
2025,10,Zach Charbonnet,SEA,ARI,RB2,rush_yds,37.09,83,2.238,18.0,21.2,103.0,0.126,-0.16714285714285726
2025,10,Zach Charbonnet,SEA,ARI,RB2,rush_att,10.64,14,1.316,18.0,21.2,103.0,0.126,-0.16714285714285726
2025,10,Zach Charbonnet,SEA,ARI,RB2,td,0.64,1,1.571,14.0,21.2,103.0,0.126,-0.16714285714285726
2025,10,Kenneth Walker III,SEA,ARI,RB1,rush_yds,54.79,67,1.223,11.0,8.4,96.0,0.126,0.12249999999999994
2025,10,Kenneth Walker III,SEA,ARI,RB1,rush_att,13.67,14,1.024,11.0,8.4,96.0,0.126,0.12249999999999994
2025,10,Kenneth Walker III,SEA,ARI,RB1,td,0.42,0,0.0,11.0,8.4,96.0,0.126,0.12249999999999994
2025,10,Rashid Shaheed,SEA,ARI,WR2,rec_yds,56.12,3,0.053,16.0,13.17,95.0,0.126,0.09111111111111103
2025,10,Rashid Shaheed,SEA,ARI,WR2,td,0.29,0,0.0,21.5,13.17,95.0,0.126,0.09111111111111103
2025,10,AJ Barner,SEA,ARI,TE1,rec_yds,25.5,0,0.0,17.0,20.17,103.0,0.126,0.03749999999999998
2025,10,AJ Barner,SEA,ARI,TE1,td,0.54,0,0.0,29.5,20.17,103.0,0.126,0.03749999999999998
2025,10,Jaxon Smith-Njigba,SEA,ARI,WR1,rec_yds,102.42,93,0.908,7.0,14.67,107.0,0.126,-0.07750000000000001
2025,10,Jaxon Smith-Njigba,SEA,ARI,WR1,td,0.46,1,2.182,31.0,14.67,107.0,0.126,-0.07750000000000001
2025,10,Cooper Kupp,SEA,ARI,WR3,rec_yds,45.18,74,1.638,30.0,25.33,98.0,0.126,0.0071428571428572285
2025,10,Cooper Kupp,SEA,ARI,WR3,td,0.27,0,0.0,16.0,25.33,98.0,0.126,0.0071428571428572285
2025,10,Jared Goff,DET,WAS,QB1,pass_yds,265.79,320,1.204,13.0,13.7,102.0,0.22399999999999998,0.015000000000000013
2025,10,Jared Goff,DET,WAS,QB1,pass_td,2.29,3,1.309,5.0,13.7,102.0,0.22399999999999998,0.015000000000000013
2025,10,Jahmyr Gibbs,DET,WAS,RB1,rush_yds,74.46,142,1.907,7.0,13.2,100.0,0.22399999999999998,0.039999999999999925
2025,10,Jahmyr Gibbs,DET,WAS,RB1,rush_att,14.75,15,1.017,7.0,13.2,100.0,0.22399999999999998,0.039999999999999925
2025,10,Jahmyr Gibbs,DET,WAS,RB1,rec_yds,29.54,30,1.016,11.0,13.2,100.0,0.22399999999999998,0.039999999999999925
2025,10,Jahmyr Gibbs,DET,WAS,RB1,td,1.08,3,2.769,10.0,13.2,100.0,0.22399999999999998,0.039999999999999925
2025,10,David Montgomery,DET,WAS,RB2,rush_yds,49.29,71,1.44,12.0,20.6,97.0,0.22399999999999998,-0.010000000000000009
2025,10,David Montgomery,DET,WAS,RB2,rush_att,11.62,15,1.29,12.0,20.6,97.0,0.22399999999999998,-0.010000000000000009
2025,10,David Montgomery,DET,WAS,RB2,td,0.67,0,0.0,23.0,20.6,97.0,0.22399999999999998,-0.010000000000000009
2025,10,Jameson Williams,DET,WAS,WR2,rec_yds,54.04,119,2.202,7.0,5.0,104.0,0.22399999999999998,0.030000000000000027
2025,10,Jameson Williams,DET,WAS,WR2,td,0.46,1,2.182,1.0,5.0,104.0,0.22399999999999998,0.030000000000000027
2025,10,Amon-Ra St. Brown,DET,WAS,WR1,rec_yds,83.71,58,0.693,10.0,18.5,95.0,0.22399999999999998,0.0625
2025,10,Amon-Ra St. Brown,DET,WAS,WR1,td,0.79,1,1.263,23.5,18.5,95.0,0.22399999999999998,0.0625
2025,10,Sam LaPorta,DET,WAS,TE1,rec_yds,54.08,53,0.98,20.0,16.67,105.0,0.22399999999999998,0.07499999999999996
2025,10,Sam LaPorta,DET,WAS,TE1,td,0.46,0,0.0,4.0,16.67,105.0,0.22399999999999998,0.07499999999999996
2025,10,Marcus Mariota,WAS,DET,QB1,pass_yds,149.27,213,1.427,8.0,9.6,101.0,0.045,0.1725
2025,10,Marcus Mariota,WAS,DET,QB1,pass_td,1.09,2,1.833,17.5,9.6,101.0,0.045,0.1725
2025,10,Jacory Croskey-Merritt,WAS,DET,RB1,rush_yds,48.89,30,0.614,30.0,26.9,102.0,0.045,0.021111111111111136
2025,10,Jacory Croskey-Merritt,WAS,DET,RB1,rush_att,10.44,11,1.053,30.0,26.9,102.0,0.045,0.021111111111111136
2025,10,Jacory Croskey-Merritt,WAS,DET,RB1,td,0.44,0,0.0,27.0,26.9,102.0,0.045,0.021111111111111136
2025,10,Chris Rodriguez,WAS,DET,RB2,rush_yds,30.06,16,0.532,29.0,24.4,99.0,0.045,0.0916666666666667
2025,10,Chris Rodriguez,WAS,DET,RB2,td,0.33,1,3.0,25.0,24.4,99.0,0.045,0.0916666666666667
2025,10,Zach Ertz,WAS,DET,TE1,rec_yds,34.08,54,1.585,21.0,18.83,99.0,0.045,-0.005555555555555536
2025,10,Zach Ertz,WAS,DET,TE1,td,0.54,0,0.0,11.0,18.83,99.0,0.045,-0.005555555555555536
2025,10,Deebo Samuel,WAS,DET,WR1,rec_yds,41.58,29,0.697,9.0,7.83,100.0,0.045,-0.05249999999999988
2025,10,Deebo Samuel,WAS,DET,WR1,td,0.42,1,2.4,2.0,7.83,100.0,0.045,-0.05249999999999988
2025,10,Robbie Chosen,WAS,DET,WR3,rec_yds,25.67,17,0.662,1.0,6.0,96.0,0.045,
2025,10,Matthew Stafford,LAR,SF,QB1,pass_yds,253.62,280,1.104,22.0,18.7,106.0,0.215,0.0050000000000000044
2025,10,Matthew Stafford,LAR,SF,QB1,pass_td,2.21,4,1.811,12.5,18.7,106.0,0.215,0.0050000000000000044
2025,10,Kyren Williams,LAR,SF,RB1,rush_yds,77.88,73,0.937,16.0,8.6,97.0,0.215,-0.04875000000000007
2025,10,Kyren Williams,LAR,SF,RB1,rush_att,17.46,14,0.802,16.0,8.6,97.0,0.215,-0.04875000000000007
2025,10,Kyren Williams,LAR,SF,RB1,td,0.75,2,2.667,5.0,8.6,97.0,0.215,-0.04875000000000007
2025,10,Blake Corum,LAR,SF,RB2,rush_yds,26.21,56,2.137,11.0,15.6,106.0,0.215,0.037500000000000006
2025,10,Davante Adams,LAR,SF,WR2,rec_yds,69.21,77,1.113,10.0,12.17,107.0,0.215,-0.1775000000000001
2025,10,Davante Adams,LAR,SF,WR2,td,0.92,1,1.091,13.0,12.17,107.0,0.215,-0.1775000000000001
2025,10,Puka Nacua,LAR,SF,WR1,rec_yds,102.73,64,0.623,29.0,24.33,100.0,0.215,-0.22000000000000008
2025,10,Puka Nacua,LAR,SF,WR1,td,0.55,1,1.833,29.0,24.33,100.0,0.215,-0.22000000000000008
2025,10,Tyler Higbee,LAR,SF,TE1,rec_yds,22.27,33,1.482,25.0,19.17,102.0,0.215,-0.046666666666666745
2025,10,Tyler Higbee,LAR,SF,TE1,td,0.4,0,0.0,17.0,19.17,102.0,0.215,-0.046666666666666745
2025,10,Mac Jones,SF,LAR,QB1,pass_yds,241.27,319,1.322,17.0,18.9,95.0,0.022999999999999993,-0.017142857142857237
2025,10,Mac Jones,SF,LAR,QB1,pass_td,1.27,3,2.357,24.5,18.9,95.0,0.022999999999999993,-0.017142857142857237
2025,10,Brian Robinson Jr.,SF,LAR,RB2,rush_yds,33.21,41,1.235,32.0,26.5,103.0,0.022999999999999993,-0.023749999999999993
2025,10,Brian Robinson Jr.,SF,LAR,RB2,td,0.17,1,6.0,29.0,26.5,103.0,0.022999999999999993,-0.023749999999999993
2025,10,Christian McCaffrey,SF,LAR,RB1,rush_yds,63.36,30,0.473,9.0,19.6,96.0,0.022999999999999993,0.007777777777777661
2025,10,Christian McCaffrey,SF,LAR,RB1,rush_att,17.55,12,0.684,9.0,19.6,96.0,0.022999999999999993,0.007777777777777661
2025,10,Christian McCaffrey,SF,LAR,RB1,rec_yds,63.55,66,1.039,16.0,19.6,96.0,0.022999999999999993,0.007777777777777661
2025,10,Christian McCaffrey,SF,LAR,RB1,td,0.73,0,0.0,32.0,19.6,96.0,0.022999999999999993,0.007777777777777661
2025,10,George Kittle,SF,LAR,TE1,rec_yds,50.19,84,1.674,10.0,7.83,103.0,0.022999999999999993,0.14749999999999996
2025,10,George Kittle,SF,LAR,TE1,td,0.38,1,2.667,5.5,7.83,103.0,0.022999999999999993,0.14749999999999996
2025,10,Jauan Jennings,SF,LAR,WR1,rec_yds,44.73,71,1.587,8.0,14.0,107.0,0.022999999999999993,0.0014285714285715567
2025,10,Jauan Jennings,SF,LAR,WR1,td,0.32,1,3.143,8.0,14.0,107.0,0.022999999999999993,0.0014285714285715567
2025,10,Kendrick Bourne,SF,LAR,WR2,rec_yds,50.08,19,0.379,18.0,14.83,95.0,0.022999999999999993,0.006249999999999978
2025,10,Aaron Rodgers,PIT,LAC,QB1,pass_yds,215.58,161,0.747,31.0,22.8,95.0,-0.048,0.012499999999999956
2025,10,Aaron Rodgers,PIT,LAC,QB1,pass_td,1.96,1,0.511,31.0,22.8,95.0,-0.048,0.012499999999999956
2025,10,Jaylen Warren,PIT,LAC,RB1,rush_yds,50.09,70,1.397,18.0,22.6,96.0,-0.048,-0.03857142857142859
2025,10,Jaylen Warren,PIT,LAC,RB1,rush_att,11.95,14,1.171,18.0,22.6,96.0,-0.048,-0.03857142857142859
2025,10,Jaylen Warren,PIT,LAC,RB1,rec_yds,27.27,21,0.77,25.0,22.6,96.0,-0.048,-0.03857142857142859
2025,10,Jaylen Warren,PIT,LAC,RB1,td,0.32,0,0.0,26.0,22.6,96.0,-0.048,-0.03857142857142859
2025,10,Roman Wilson,PIT,LAC,WR3,rec_yds,22.8,35,1.535,10.0,17.17,98.0,-0.048,0.04799999999999999
2025,10,Roman Wilson,PIT,LAC,WR3,td,0.2,1,5.0,12.5,17.17,98.0,-0.048,0.04799999999999999
2025,10,D.K. Metcalf,PIT,LAC,WR1,rec_yds,56.58,35,0.619,6.0,6.83,107.0,-0.048,-0.0675
2025,10,D.K. Metcalf,PIT,LAC,WR1,td,0.5,0,0.0,11.5,6.83,107.0,-0.048,-0.0675
2025,10,Calvin Austin III,PIT,LAC,WR2,rec_yds,35.85,14,0.391,31.0,30.33,95.0,-0.048,-0.15500000000000014
2025,10,Calvin Austin III,PIT,LAC,WR2,td,0.3,0,0.0,30.0,30.33,95.0,-0.048,-0.15500000000000014
2025,10,Kenneth Gainwell,PIT,LAC,RB2,rush_yds,25.25,0,0.0,22.0,16.8,103.0,-0.048,-0.06374999999999997
2025,10,Kenneth Gainwell,PIT,LAC,RB2,td,0.29,0,0.0,26.5,16.8,103.0,-0.048,-0.06374999999999997
2025,10,Jonnu Smith,PIT,LAC,TE1,rec_yds,35.62,4,0.112,27.0,23.0,103.0,-0.048,-0.18624999999999992
2025,10,Jonnu Smith,PIT,LAC,TE1,td,0.46,0,0.0,13.0,23.0,103.0,-0.048,-0.18624999999999992
2025,10,Justin Herbert,LAC,PIT,QB1,pass_yds,260.04,220,0.846,1.0,11.4,102.0,0.008,0.010000000000000009
2025,10,Justin Herbert,LAC,PIT,QB1,pass_td,1.85,1,0.542,14.5,11.4,102.0,0.008,0.010000000000000009
2025,10,Kimani Vidal,LAC,PIT,RB1,rush_yds,42.33,95,2.244,17.0,21.1,100.0,0.008,0.12400000000000011
2025,10,Kimani Vidal,LAC,PIT,RB1,td,0.22,1,4.5,28.5,21.1,100.0,0.008,0.12400000000000011
2025,10,Jaret Patterson,LAC,PIT,RB2,rush_yds,37.0,1,0.027,25.0,18.3,97.0,0.008,0.03500000000000003
2025,10,Jaret Patterson,LAC,PIT,RB2,rush_att,10.0,1,0.1,25.0,18.3,97.0,0.008,0.03500000000000003
2025,10,Ladd McConkey,LAC,PIT,WR1,rec_yds,67.58,107,1.583,2.0,10.0,95.0,0.008,-0.09555555555555562
2025,10,Ladd McConkey,LAC,PIT,WR1,td,0.35,1,2.889,27.0,10.0,95.0,0.008,-0.09555555555555562
2025,10,Quentin Johnston,LAC,PIT,WR3,rec_yds,60.23,42,0.697,2.0,5.33,118.0,0.008,-0.1428571428571428
2025,10,Quentin Johnston,LAC,PIT,WR3,td,0.68,0,0.0,10.0,5.33,118.0,0.008,-0.1428571428571428
2025,10,Keenan Allen,LAC,PIT,WR2,rec_yds,59.35,19,0.32,20.0,11.17,104.0,0.008,-0.1855555555555557
2025,10,Keenan Allen,LAC,PIT,WR2,td,0.5,0,0.0,7.5,11.17,104.0,0.008,-0.1855555555555557
2025,10,Oronde Gadsden II,LAC,PIT,TE1,rec_yds,64.71,13,0.201,2.0,2.0,105.0,0.008,0.1757142857142857
2025,10,Oronde Gadsden II,LAC,PIT,TE1,td,0.29,0,0.0,2.0,2.0,105.0,0.008,0.1757142857142857
2025,10,Jalen Hurts,PHI,GB,QB1,pass_yds,196.38,183,0.932,21.0,25.8,106.0,0.076,-0.061249999999999916
2025,10,Jalen Hurts,PHI,GB,QB1,pass_td,1.67,1,0.6,24.5,25.8,106.0,0.076,-0.061249999999999916
2025,10,Saquon Barkley,PHI,GB,RB1,rush_yds,88.25,60,0.68,22.0,20.5,97.0,0.076,-0.19750000000000012
2025,10,Saquon Barkley,PHI,GB,RB1,rush_att,18.42,22,1.195,22.0,20.5,97.0,0.076,-0.19750000000000012
2025,10,Saquon Barkley,PHI,GB,RB1,td,0.79,0,0.0,18.0,20.5,97.0,0.076,-0.19750000000000012
2025,10,Tank Bigsby,PHI,GB,RB2,rush_yds,37.64,7,0.186,27.0,18.0,106.0,0.076,0.08333333333333334
2025,10,Tank Bigsby,PHI,GB,RB2,td,0.21,0,0.0,29.0,18.0,106.0,0.076,0.08333333333333334
2025,10,DeVonta Smith,PHI,GB,WR1,rec_yds,71.17,69,0.97,28.0,18.67,100.0,0.076,-0.003750000000000031
2025,10,DeVonta Smith,PHI,GB,WR1,td,0.42,1,2.4,10.0,18.67,100.0,0.076,-0.003750000000000031
2025,10,Dallas Goedert,PHI,GB,TE1,rec_yds,45.68,43,0.941,9.0,9.17,102.0,0.076,-0.19571428571428573
2025,10,Dallas Goedert,PHI,GB,TE1,td,0.73,0,0.0,15.5,9.17,102.0,0.076,-0.19571428571428573
2025,10,A.J. Brown,PHI,GB,WR2,rec_yds,64.77,13,0.201,19.0,21.67,107.0,0.076,-0.014285714285714235
2025,10,A.J. Brown,PHI,GB,WR2,td,0.45,0,0.0,31.0,21.67,107.0,0.076,-0.014285714285714235
2025,10,Jahan Dotson,PHI,GB,WR3,rec_yds,24.15,0,0.0,4.0,5.0,105.0,0.076,0.07833333333333325
2025,10,Jordan Love,GB,PHI,QB1,pass_yds,237.96,176,0.74,29.0,20.4,101.0,0.074,0.0
2025,10,Jordan Love,GB,PHI,QB1,pass_td,1.5,0,0.0,29.5,20.4,101.0,0.074,0.0
2025,10,Josh Jacobs,GB,PHI,RB1,rush_yds,68.12,74,1.086,24.0,22.2,102.0,0.074,-0.09750000000000003
2025,10,Josh Jacobs,GB,PHI,RB1,rush_att,17.71,21,1.186,24.0,22.2,102.0,0.074,-0.09750000000000003
2025,10,Josh Jacobs,GB,PHI,RB1,rec_yds,25.92,33,1.273,22.0,22.2,102.0,0.074,-0.09750000000000003
2025,10,Josh Jacobs,GB,PHI,RB1,td,1.33,1,0.75,9.0,22.2,102.0,0.074,-0.09750000000000003
2025,10,Emanuel Wilson,GB,PHI,RB2,rush_yds,27.45,2,0.073,20.0,18.5,99.0,0.074,0.05857142857142855
2025,10,Christian Watson,GB,PHI,WR3,rec_yds,59.17,45,0.761,28.0,20.0,96.0,0.074,0.04999999999999993
2025,10,Dontayvion Wicks,GB,PHI,WR2,rec_yds,24.55,38,1.548,8.0,14.5,99.0,0.074,-0.24
2025,10,Romeo Doubs,GB,PHI,WR1,rec_yds,52.71,5,0.095,18.0,19.17,100.0,0.074,0.08250000000000002
2025,10,Romeo Doubs,GB,PHI,WR1,td,0.42,0,0.0,27.0,19.17,100.0,0.074,0.08250000000000002
2025,11,Justin Fields,NYJ,NE,QB1,pass_yds,129.96,116,0.893,16.0,20.9,102.0,-0.165,0.11499999999999999
2025,11,Justin Fields,NYJ,NE,QB1,pass_td,0.67,1,1.5,6.5,20.9,102.0,-0.165,0.11499999999999999
2025,11,Breece Hall,NYJ,NE,RB1,rush_yds,68.31,58,0.849,27.0,15.9,100.0,-0.165,0.09111111111111103
2025,11,Breece Hall,NYJ,NE,RB1,rush_att,14.38,14,0.973,27.0,15.9,100.0,-0.165,0.09111111111111103
2025,11,Breece Hall,NYJ,NE,RB1,rec_yds,23.35,6,0.257,6.0,15.9,100.0,-0.165,0.09111111111111103
2025,11,Breece Hall,NYJ,NE,RB1,td,0.38,0,0.0,19.5,15.9,100.0,-0.165,0.09111111111111103
2025,11,Mason Taylor,NYJ,NE,TE1,rec_yds,27.33,30,1.098,12.0,16.17,105.0,-0.165,-0.04444444444444451
2025,11,Drake Maye,NE,NYJ,QB1,pass_yds,236.29,281,1.189,27.0,18.5,101.0,0.304,0.026999999999999913
2025,11,Drake Maye,NE,NYJ,QB1,pass_td,1.68,1,0.596,22.5,18.5,101.0,0.304,0.026999999999999913
2025,11,TreVeyon Henderson,NE,NYJ,RB1,rush_yds,43.0,62,1.442,6.0,17.5,102.0,0.304,0.422
2025,11,TreVeyon Henderson,NE,NYJ,RB1,td,0.3,3,10.0,7.0,17.5,102.0,0.304,0.422
2025,11,Stefon Diggs,NE,NYJ,WR1,rec_yds,57.29,105,1.833,25.0,22.0,100.0,0.304,0.04800000000000004
2025,11,Stefon Diggs,NE,NYJ,WR1,td,0.36,0,0.0,13.0,22.0,100.0,0.304,0.04800000000000004
2025,11,Mack Hollins,NE,NYJ,WR2,rec_yds,35.12,64,1.823,15.0,21.0,99.0,0.304,0.16000000000000003
2025,11,Mack Hollins,NE,NYJ,WR2,td,0.23,0,0.0,28.0,21.0,99.0,0.304,0.16000000000000003
2025,11,Hunter Henry,NE,NYJ,TE1,rec_yds,38.21,45,1.178,27.0,17.83,99.0,0.304,0.05900000000000005
2025,11,Hunter Henry,NE,NYJ,TE1,td,0.32,0,0.0,6.5,17.83,99.0,0.304,0.05900000000000005
2025,11,DeMario Douglas,NE,NYJ,WR3,rec_yds,34.88,36,1.032,16.5,19.33,96.0,0.304,-0.08888888888888888
2025,11,DeMario Douglas,NE,NYJ,WR3,td,0.31,0,0.0,17.0,19.33,96.0,0.304,-0.08888888888888888
2025,11,Marcus Mariota,WAS,MIA,QB1,pass_yds,159.08,213,1.339,20.0,19.4,86.0,0.12,0.08999999999999997
2025,11,Marcus Mariota,WAS,MIA,QB1,pass_td,1.23,1,0.812,19.0,19.4,86.0,0.12,0.08999999999999997
2025,11,Chris Rodriguez,WAS,MIA,RB2,rush_yds,28.65,79,2.757,17.0,15.2,97.0,0.12,0.07
2025,11,Chris Rodriguez,WAS,MIA,RB2,td,0.4,0,0.0,24.0,15.2,97.0,0.12,0.07
2025,11,Jacory Croskey-Merritt,WAS,MIA,RB1,rush_yds,47.0,28,0.596,9.0,9.6,97.0,0.12,0.0009999999999999454
2025,11,Jacory Croskey-Merritt,WAS,MIA,RB1,rush_att,10.5,9,0.857,9.0,9.6,97.0,0.12,0.0009999999999999454
2025,11,Jacory Croskey-Merritt,WAS,MIA,RB1,td,0.4,0,0.0,14.0,9.6,97.0,0.12,0.0009999999999999454
2025,11,Deebo Samuel,WAS,MIA,WR1,rec_yds,40.62,74,1.822,32.0,29.67,93.0,0.12,0.04222222222222227
2025,11,Deebo Samuel,WAS,MIA,WR1,td,0.46,1,2.167,28.0,29.67,93.0,0.12,0.04222222222222227
2025,11,Zach Ertz,WAS,MIA,TE1,rec_yds,35.5,42,1.183,6.0,12.17,89.0,0.12,0.15700000000000014
2025,11,Zach Ertz,WAS,MIA,TE1,td,0.5,0,0.0,23.5,12.17,89.0,0.12,0.15700000000000014
2025,11,Chris Moore,WAS,MIA,WR3,rec_yds,27.33,28,1.024,27.0,25.0,91.0,0.12,0.19000000000000006
2025,11,Chris Moore,WAS,MIA,WR3,td,0.17,0,0.0,28.0,25.0,91.0,0.12,0.19000000000000006
2025,11,Jaylin Lane,WAS,MIA,WR2,rec_yds,21.2,13,0.613,30.0,22.67,96.0,0.12,-0.14899999999999997
2025,11,Tua Tagovailoa,MIA,WAS,QB1,pass_yds,216.21,171,0.791,9.0,13.9,102.0,0.13,0.052999999999999936
2025,11,Tua Tagovailoa,MIA,WAS,QB1,pass_td,1.79,0,0.0,4.0,13.9,102.0,0.13,0.052999999999999936
2025,11,De'Von Achane,MIA,WAS,RB1,rush_yds,71.79,120,1.672,5.0,11.6,100.0,0.13,0.09699999999999998
2025,11,De'Von Achane,MIA,WAS,RB1,rush_att,13.71,21,1.531,5.0,11.6,100.0,0.13,0.09699999999999998
2025,11,De'Von Achane,MIA,WAS,RB1,rec_yds,33.04,45,1.362,12.0,11.6,100.0,0.13,0.09699999999999998
2025,11,De'Von Achane,MIA,WAS,RB1,td,0.89,0,0.0,4.0,11.6,100.0,0.13,0.09699999999999998
2025,11,Ollie Gordon,MIA,WAS,RB2,td,0.2,1,5.0,24.0,19.8,97.0,0.13,-0.16200000000000003
2025,11,Jaylen Waddle,MIA,WAS,WR1,rec_yds,63.21,52,0.823,12.0,18.67,95.0,0.13,0.02199999999999991
2025,11,Jaylen Waddle,MIA,WAS,WR1,td,0.43,0,0.0,21.5,18.67,95.0,0.13,0.02199999999999991
2025,11,Malik Washington,MIA,WAS,WR2,rec_yds,20.46,42,2.052,4.0,3.0,104.0,0.13,-0.11400000000000005
2025,11,Bryce Young,CAR,ATL,QB1,pass_yds,182.19,448,2.459,28.0,16.4,102.0,-0.018000000000000002,0.057777777777777706
2025,11,Bryce Young,CAR,ATL,QB1,pass_td,1.31,3,2.294,5.0,16.4,102.0,-0.018000000000000002,0.057777777777777706
2025,11,Rico Dowdle,CAR,ATL,RB1,rush_yds,81.46,45,0.552,7.0,8.7,100.0,-0.018000000000000002,0.26
2025,11,Rico Dowdle,CAR,ATL,RB1,rush_att,16.07,19,1.182,7.0,8.7,100.0,-0.018000000000000002,0.26
2025,11,Rico Dowdle,CAR,ATL,RB1,td,0.5,0,0.0,11.5,8.7,100.0,-0.018000000000000002,0.26
2025,11,Chuba Hubbard,CAR,ATL,RB2,rush_yds,53.5,21,0.393,19.0,15.0,97.0,-0.018000000000000002,-0.30000000000000004
2025,11,Chuba Hubbard,CAR,ATL,RB2,rush_att,13.38,4,0.299,19.0,15.0,97.0,-0.018000000000000002,-0.30000000000000004
2025,11,Chuba Hubbard,CAR,ATL,RB2,td,0.54,0,0.0,13.0,15.0,97.0,-0.018000000000000002,-0.30000000000000004
2025,11,Tetairoa McMillan,CAR,ATL,WR1,rec_yds,61.8,130,2.104,23.0,22.83,95.0,-0.018000000000000002,0.02000000000000013
2025,11,Tetairoa McMillan,CAR,ATL,WR1,td,0.2,2,10.0,19.5,22.83,95.0,-0.018000000000000002,0.02000000000000013
2025,11,Xavier Legette,CAR,ATL,WR2,rec_yds,27.0,83,3.074,24.0,12.67,104.0,-0.018000000000000002,-0.05500000000000005
2025,11,Xavier Legette,CAR,ATL,WR2,td,0.21,1,4.8,2.0,12.67,104.0,-0.018000000000000002,-0.05500000000000005
2025,11,Jalen Coker,CAR,ATL,WR3,rec_yds,32.0,52,1.625,19.0,17.67,118.0,-0.018000000000000002,0.14
2025,11,Ja'Tavion Sanders,CAR,ATL,TE1,rec_yds,22.14,22,0.994,26.0,27.33,105.0,-0.018000000000000002,-0.15857142857142859
2025,11,Michael Penix,ATL,CAR,QB1,pass_yds,209.0,175,0.837,18.0,14.2,106.0,0.052,0.028750000000000053
2025,11,Michael Penix,ATL,CAR,QB1,pass_td,1.0,0,0.0,8.0,14.2,106.0,0.052,0.028750000000000053
2025,11,Bijan Robinson,ATL,CAR,RB1,rush_yds,83.92,104,1.239,1.0,10.6,97.0,0.052,0.08111111111111102
2025,11,Bijan Robinson,ATL,CAR,RB1,rush_att,16.88,23,1.362,1.0,10.6,97.0,0.052,0.08111111111111102
2025,11,Bijan Robinson,ATL,CAR,RB1,rec_yds,40.85,39,0.955,18.0,10.6,97.0,0.052,0.08111111111111102
2025,11,Bijan Robinson,ATL,CAR,RB1,td,0.69,2,2.889,17.0,10.6,97.0,0.052,0.08111111111111102
2025,11,Tyler Allgeier,ATL,CAR,RB2,rush_yds,31.31,10,0.319,7.0,7.8,106.0,0.052,0.08111111111111108
2025,11,Tyler Allgeier,ATL,CAR,RB2,td,0.5,1,2.0,5.0,7.8,106.0,0.052,0.08111111111111108
2025,11,Drake London,ATL,CAR,WR1,rec_yds,87.54,119,1.359,4.0,6.0,100.0,0.052,0.06125000000000003
2025,11,Drake London,ATL,CAR,WR1,td,0.62,0,0.0,5.0,6.0,100.0,0.052,0.06125000000000003
2025,11,Darnell Mooney,ATL,CAR,WR2,rec_yds,39.64,34,0.858,32.0,27.67,107.0,0.052,0.06714285714285717
2025,11,Kyle Pitts,ATL,CAR,TE1,rec_yds,38.92,14,0.36,14.0,16.33,102.0,0.052,0.06666666666666676
2025,11,KhaDarel Hodge,ATL,CAR,WR3,rec_yds,21.44,0,0.0,24.0,25.67,105.0,0.052,0.275
2025,11,Baker Mayfield,TB,BUF,QB1,pass_yds,249.81,173,0.693,25.0,23.6,86.0,-0.006,0.004444444444444362
2025,11,Baker Mayfield,TB,BUF,QB1,pass_td,1.92,1,0.52,27.0,23.6,86.0,-0.006,0.004444444444444362
2025,11,Sean Tucker,TB,BUF,RB2,rush_yds,21.15,106,5.012,20.0,16.4,97.0,-0.006,0.11500000000000002
2025,11,Sean Tucker,TB,BUF,RB2,td,0.25,3,12.0,11.0,16.4,97.0,-0.006,0.11500000000000002
2025,11,Rachaad White,TB,BUF,RB1,rush_yds,38.73,51,1.317,4.0,6.1,97.0,-0.006,0.16555555555555546
2025,11,Rachaad White,TB,BUF,RB1,td,0.54,0,0.0,5.5,6.1,97.0,-0.006,0.16555555555555546
2025,11,Sterling Shepard,TB,BUF,WR2,rec_yds,31.27,54,1.727,23.0,17.33,96.0,-0.006,0.06999999999999995
2025,11,Emeka Egbuka,TB,BUF,WR1,rec_yds,75.22,40,0.532,5.0,8.33,93.0,-0.006,0.0722222222222223
2025,11,Emeka Egbuka,TB,BUF,WR1,td,0.67,0,0.0,13.0,8.33,93.0,-0.006,0.0722222222222223
2025,11,Cade Otton,TB,BUF,TE1,rec_yds,47.62,28,0.588,28.0,29.0,89.0,-0.006,0.02499999999999991
2025,11,Tez Johnson,TB,BUF,WR3,rec_yds,31.88,6,0.188,32.0,27.67,91.0,-0.006,0.32375
2025,11,Tez Johnson,TB,BUF,WR3,td,0.5,0,0.0,23.5,27.67,91.0,-0.006,0.32375
2025,11,Josh Allen,BUF,TB,QB1,pass_yds,240.12,317,1.32,4.0,9.6,106.0,0.15300000000000002,-0.0022222222222222365
2025,11,Josh Allen,BUF,TB,QB1,pass_td,1.69,3,1.773,16.5,9.6,106.0,0.15300000000000002,-0.0022222222222222365
2025,11,James Cook,BUF,TB,RB1,rush_yds,90.5,48,0.53,26.0,13.9,97.0,0.15300000000000002,-0.09777777777777774
2025,11,James Cook,BUF,TB,RB1,rush_att,16.54,16,0.967,26.0,13.9,97.0,0.15300000000000002,-0.09777777777777774
2025,11,James Cook,BUF,TB,RB1,td,0.92,1,1.083,15.5,13.9,97.0,0.15300000000000002,-0.09777777777777774
2025,11,Dawson Knox,BUF,TB,TE1,rec_yds,21.83,23,1.053,11.0,8.67,102.0,0.15300000000000002,0.12
2025,11,Josh Palmer,BUF,TB,WR2,rec_yds,37.3,17,0.456,7.0,8.0,107.0,0.15300000000000002,-0.295
2025,11,Khalil Shakir,BUF,TB,WR1,rec_yds,50.54,-3,-0.059,17.0,15.83,100.0,0.15300000000000002,0.05888888888888888
2025,11,Khalil Shakir,BUF,TB,WR1,td,0.31,0,0.0,23.5,15.83,100.0,0.15300000000000002,0.05888888888888888
2025,11,Caleb Williams,CHI,MIN,QB1,pass_yds,231.85,193,0.832,15.0,22.3,86.0,-0.009000000000000008,0.01777777777777778
2025,11,Caleb Williams,CHI,MIN,QB1,pass_td,1.42,0,0.0,22.5,22.3,86.0,-0.009000000000000008,0.01777777777777778
2025,11,D'Andre Swift,CHI,MIN,RB1,rush_yds,61.79,90,1.457,13.0,20.6,97.0,-0.009000000000000008,0.012500000000000067
2025,11,D'Andre Swift,CHI,MIN,RB1,rush_att,14.08,21,1.491,13.0,20.6,97.0,-0.009000000000000008,0.012500000000000067
2025,11,D'Andre Swift,CHI,MIN,RB1,rec_yds,24.0,0,0.0,29.0,20.6,97.0,-0.009000000000000008,0.012500000000000067
2025,11,D'Andre Swift,CHI,MIN,RB1,td,0.5,0,0.0,25.0,20.6,97.0,-0.009000000000000008,0.012500000000000067
2025,11,Kyle Monangai,CHI,MIN,RB2,rush_yds,43.33,23,0.531,25.0,24.0,97.0,-0.009000000000000008,-0.006666666666666654
2025,11,Kyle Monangai,CHI,MIN,RB2,td,0.22,1,4.5,16.0,24.0,97.0,-0.009000000000000008,-0.006666666666666654
2025,11,D.J. Moore,CHI,MIN,WR2,rec_yds,52.85,18,0.341,2.0,3.33,96.0,-0.009000000000000008,-0.21333333333333337
2025,11,D.J. Moore,CHI,MIN,WR2,td,0.27,0,0.0,7.0,3.33,96.0,-0.009000000000000008,-0.21333333333333337
2025,11,Rome Odunze,CHI,MIN,WR1,rec_yds,55.31,41,0.741,13.0,16.33,93.0,-0.009000000000000008,-0.13444444444444426
2025,11,Rome Odunze,CHI,MIN,WR1,td,0.54,0,0.0,19.5,16.33,93.0,-0.009000000000000008,-0.13444444444444426
2025,11,Colston Loveland,CHI,MIN,TE1,rec_yds,36.12,40,1.107,15.0,13.17,89.0,-0.009000000000000008,0.053749999999999964
2025,11,Colston Loveland,CHI,MIN,TE1,td,0.25,0,0.0,12.5,13.17,89.0,-0.009000000000000008,0.053749999999999964
2025,11,Luther Burden,CHI,MIN,WR3,rec_yds,27.75,27,0.973,9.0,11.67,91.0,-0.009000000000000008,0.21625
2025,11,J.J. McCarthy,MIN,CHI,QB1,pass_yds,173.0,150,0.867,8.0,11.0,101.0,-0.058,0.0
2025,11,J.J. McCarthy,MIN,CHI,QB1,pass_td,1.25,1,0.8,9.0,11.0,101.0,-0.058,0.0
2025,11,Aaron Jones,MIN,CHI,RB2,rush_yds,47.61,70,1.47,4.0,9.3,99.0,-0.058,0.19199999999999995
2025,11,Aaron Jones,MIN,CHI,RB2,rush_att,10.28,16,1.557,4.0,9.3,99.0,-0.058,0.19199999999999995
2025,11,Aaron Jones,MIN,CHI,RB2,td,0.44,0,0.0,14.5,9.3,99.0,-0.058,0.19199999999999995
2025,11,Jordan Mason,MIN,CHI,RB1,rush_yds,47.31,45,0.951,8.0,13.4,102.0,-0.058,-0.3044444444444445
2025,11,Jordan Mason,MIN,CHI,RB1,rush_att,10.23,6,0.586,8.0,13.4,102.0,-0.058,-0.3044444444444445
2025,11,Jordan Mason,MIN,CHI,RB1,td,0.31,1,3.25,9.0,13.4,102.0,-0.058,-0.3044444444444445
2025,11,Justin Jefferson,MIN,CHI,WR1,rec_yds,79.77,61,0.765,21.0,16.33,100.0,-0.058,0.04444444444444429
2025,11,Justin Jefferson,MIN,CHI,WR1,td,0.35,0,0.0,3.5,16.33,100.0,-0.058,0.04444444444444429
2025,11,T.J. Hockenson,MIN,CHI,TE1,rec_yds,32.23,39,1.21,9.0,11.33,99.0,-0.058,0.09777777777777785
2025,11,T.J. Hockenson,MIN,CHI,TE1,td,0.15,0,0.0,16.5,11.33,99.0,-0.058,0.09777777777777785
2025,11,Jordan Addison,MIN,CHI,WR2,rec_yds,68.05,20,0.294,1.0,16.0,99.0,-0.058,0.05499999999999994
2025,11,Jordan Addison,MIN,CHI,WR2,td,0.55,1,1.818,22.0,16.0,99.0,-0.058,0.05499999999999994
2025,11,Jalen Nailor,MIN,CHI,WR3,rec_yds,30.08,16,0.532,31.0,23.17,96.0,-0.058,-0.039999999999999925
2025,11,Jalen Nailor,MIN,CHI,WR3,td,0.23,0,0.0,6.5,23.17,96.0,-0.058,-0.039999999999999925
2025,11,Joe Flacco,CIN,PIT,QB1,pass_yds,256.48,199,0.776,1.0,12.4,102.0,0.034,0.01750000000000007
2025,11,Joe Flacco,CIN,PIT,QB1,pass_td,1.65,1,0.605,16.5,12.4,102.0,0.034,0.01750000000000007
2025,11,Chase Brown,CIN,PIT,RB1,rush_yds,56.58,99,1.75,16.0,21.6,100.0,0.034,0.29999999999999993
2025,11,Chase Brown,CIN,PIT,RB1,rush_att,14.12,18,1.275,16.0,21.6,100.0,0.034,0.29999999999999993
2025,11,Chase Brown,CIN,PIT,RB1,rec_yds,26.96,28,1.039,17.0,21.6,100.0,0.034,0.29999999999999993
2025,11,Chase Brown,CIN,PIT,RB1,td,0.46,0,0.0,28.0,21.6,100.0,0.034,0.29999999999999993
2025,11,Tee Higgins,CIN,PIT,WR2,rec_yds,62.08,63,1.015,20.0,13.33,104.0,0.034,-0.030000000000000138
2025,11,Tee Higgins,CIN,PIT,WR2,td,0.77,1,1.3,11.0,13.33,104.0,0.034,-0.030000000000000138
2025,11,Noah Fant,CIN,PIT,TE1,rec_yds,33.73,36,1.067,4.0,3.33,105.0,0.034,0.007142857142857173
2025,11,Noah Fant,CIN,PIT,TE1,td,0.32,0,0.0,3.0,3.33,105.0,0.034,0.007142857142857173
2025,11,Ja'Marr Chase,CIN,PIT,WR1,rec_yds,102.04,30,0.294,1.0,8.5,95.0,0.034,0.04222222222222227
2025,11,Ja'Marr Chase,CIN,PIT,WR1,td,0.77,0,0.0,23.5,8.5,95.0,0.034,0.04222222222222227
2025,11,Andrei Iosivas,CIN,PIT,WR3,rec_yds,34.18,20,0.585,2.0,5.67,118.0,0.034,-0.0014285714285714457
2025,11,Andrei Iosivas,CIN,PIT,WR3,td,0.18,0,0.0,12.0,5.67,118.0,0.034,-0.0014285714285714457
2025,11,Aaron Rodgers,PIT,CIN,QB1,pass_yds,211.38,116,0.549,6.0,6.9,102.0,0.152,0.011111111111111072
2025,11,Aaron Rodgers,PIT,CIN,QB1,pass_td,1.88,1,0.531,3.0,6.9,102.0,0.152,0.011111111111111072
2025,11,Jaylen Warren,PIT,CIN,RB1,rush_yds,51.75,62,1.198,2.0,8.1,100.0,0.152,-0.12125000000000002
2025,11,Jaylen Warren,PIT,CIN,RB1,rush_att,12.12,10,0.825,2.0,8.1,100.0,0.152,-0.12125000000000002
2025,11,Jaylen Warren,PIT,CIN,RB1,rec_yds,26.75,5,0.187,15.0,8.1,100.0,0.152,-0.12125000000000002
2025,11,Jaylen Warren,PIT,CIN,RB1,td,0.29,0,0.0,5.5,8.1,100.0,0.152,-0.12125000000000002
2025,11,Kenneth Gainwell,PIT,CIN,RB2,rush_yds,23.31,24,1.03,13.0,4.3,97.0,0.152,0.07666666666666672
2025,11,Kenneth Gainwell,PIT,CIN,RB2,td,0.27,2,7.429,2.5,4.3,97.0,0.152,0.07666666666666672
2025,11,D.K. Metcalf,PIT,CIN,WR1,rec_yds,54.92,49,0.892,20.0,25.83,95.0,0.152,0.028888888888888964
2025,11,D.K. Metcalf,PIT,CIN,WR1,td,0.46,0,0.0,26.5,25.83,95.0,0.152,0.028888888888888964
2025,11,Roman Wilson,PIT,CIN,WR3,rec_yds,24.83,17,0.685,16.5,9.0,118.0,0.152,-0.06
2025,11,Roman Wilson,PIT,CIN,WR3,td,0.33,0,0.0,4.5,9.0,118.0,0.152,-0.06
2025,11,Calvin Austin III,PIT,CIN,WR2,rec_yds,33.86,5,0.148,28.0,27.33,104.0,0.152,0.012857142857142678
2025,11,Calvin Austin III,PIT,CIN,WR2,td,0.27,0,0.0,26.0,27.33,104.0,0.152,0.012857142857142678
2025,11,Jonnu Smith,PIT,CIN,TE1,rec_yds,33.19,0,0.0,2.0,2.0,105.0,0.152,0.07444444444444454
2025,11,Jonnu Smith,PIT,CIN,TE1,td,0.42,0,0.0,1.0,2.0,105.0,0.152,0.07444444444444454
2025,11,Jordan Love,GB,NYG,QB1,pass_yds,233.19,174,0.746,13.0,9.7,101.0,0.224,0.0
2025,11,Jordan Love,GB,NYG,QB1,pass_td,1.38,2,1.444,20.5,9.7,101.0,0.224,0.0
2025,11,Emanuel Wilson,GB,NYG,RB2,rush_yds,25.33,40,1.579,10.0,8.4,99.0,0.224,-0.04500000000000001
2025,11,Josh Jacobs,GB,NYG,RB1,rush_yds,68.58,40,0.583,3.0,7.8,102.0,0.224,0.05555555555555558
2025,11,Josh Jacobs,GB,NYG,RB1,rush_att,17.96,7,0.39,3.0,7.8,102.0,0.224,0.05555555555555558
2025,11,Josh Jacobs,GB,NYG,RB1,rec_yds,26.46,0,0.0,16.0,7.8,102.0,0.224,0.05555555555555558
2025,11,Josh Jacobs,GB,NYG,RB1,td,1.31,0,0.0,10.0,7.8,102.0,0.224,0.05555555555555558
2025,11,Romeo Doubs,GB,NYG,WR1,rec_yds,49.04,53,1.081,11.0,11.33,100.0,0.224,-0.19333333333333336
2025,11,Romeo Doubs,GB,NYG,WR1,td,0.38,0,0.0,18.0,11.33,100.0,0.224,-0.19333333333333336
2025,11,Matthew Golden,GB,NYG,WR2,rec_yds,32.75,24,0.733,10.0,9.5,99.0,0.224,-0.23250000000000004
2025,11,Dontayvion Wicks,GB,NYG,WR3,rec_yds,25.77,9,0.349,4.0,13.67,96.0,0.224,0.12
2025,11,Jameis Winston,NYG,GB,QB1,pass_yds,263.12,201,0.764,23.0,27.1,106.0,0.087,
2025,11,Jameis Winston,NYG,GB,QB1,pass_td,1.62,0,0.0,25.5,27.1,106.0,0.087,
2025,11,Tyrone Tracy Jr.,NYG,GB,RB1,rush_yds,37.21,88,2.365,22.0,20.8,97.0,0.087,0.20375000000000004
2025,11,Tyrone Tracy Jr.,NYG,GB,RB1,td,0.25,0,0.0,22.0,20.8,97.0,0.087,0.20375000000000004
2025,11,Wan'Dale Robinson,NYG,GB,WR1,rec_yds,55.71,36,0.646,27.0,17.83,100.0,0.087,0.08999999999999997
2025,11,Wan'Dale Robinson,NYG,GB,WR1,td,0.18,0,0.0,8.0,17.83,100.0,0.087,0.08999999999999997
2025,11,Theo Johnson,NYG,GB,TE1,rec_yds,33.14,36,1.086,10.0,9.83,102.0,0.087,0.11099999999999999
2025,11,Theo Johnson,NYG,GB,TE1,td,0.39,0,0.0,16.5,9.83,102.0,0.087,0.11099999999999999
2025,11,Davis Mills,HOU,TEN,QB1,pass_yds,111.6,274,2.455,26.0,15.1,95.0,0.092,0.3733333333333333
2025,11,Woody Marks,HOU,TEN,RB1,rush_yds,33.78,44,1.303,15.0,17.4,96.0,0.092,0.34222222222222226
2025,11,Woody Marks,HOU,TEN,RB1,rec_yds,20.33,7,0.344,32.0,17.4,96.0,0.092,0.34222222222222226
2025,11,Woody Marks,HOU,TEN,RB1,td,0.44,0,0.0,1.0,17.4,96.0,0.092,0.34222222222222226
2025,11,Nick Chubb,HOU,TEN,RB2,rush_yds,43.69,17,0.389,1.0,13.7,103.0,0.092,-0.2588888888888889
2025,11,Nick Chubb,HOU,TEN,RB2,rush_att,11.31,3,0.265,1.0,13.7,103.0,0.092,-0.2588888888888889
2025,11,Nick Chubb,HOU,TEN,RB2,td,0.31,0,0.0,1.0,13.7,103.0,0.092,-0.2588888888888889
2025,11,Nico Collins,HOU,TEN,WR1,rec_yds,67.38,92,1.365,18.0,17.67,107.0,0.092,0.11249999999999993
2025,11,Nico Collins,HOU,TEN,WR1,td,0.46,1,2.182,16.5,17.67,107.0,0.092,0.11249999999999993
2025,11,Jayden Higgins,HOU,TEN,WR2,rec_yds,22.33,55,2.463,14.0,10.83,95.0,0.092,0.036666666666666625
2025,11,Jayden Higgins,HOU,TEN,WR2,td,0.33,0,0.0,5.0,10.83,95.0,0.092,0.036666666666666625
2025,11,Dalton Schultz,HOU,TEN,TE1,rec_yds,44.77,51,1.139,24.0,25.67,103.0,0.092,0.0722222222222223
2025,11,Dalton Schultz,HOU,TEN,TE1,td,0.15,0,0.0,32.0,25.67,103.0,0.092,0.0722222222222223
2025,11,Xavier Hutchinson,HOU,TEN,WR3,rec_yds,21.5,42,1.953,12.0,20.67,98.0,0.092,-0.03749999999999998
2025,11,Xavier Hutchinson,HOU,TEN,WR3,td,0.25,0,0.0,31.5,20.67,98.0,0.092,-0.03749999999999998
2025,11,Cam Ward,TEN,HOU,QB1,pass_yds,195.56,194,0.992,30.0,25.9,102.0,-0.257,0.0
2025,11,Tony Pollard,TEN,HOU,RB1,rush_yds,54.5,22,0.404,19.0,25.6,100.0,-0.257,-0.08666666666666667
2025,11,Tony Pollard,TEN,HOU,RB1,rush_att,13.69,10,0.73,19.0,25.6,100.0,-0.257,-0.08666666666666667
2025,11,Tony Pollard,TEN,HOU,RB1,td,0.23,0,0.0,28.0,25.6,100.0,-0.257,-0.08666666666666667
2025,11,Tyjae Spears,TEN,HOU,RB2,rush_yds,29.39,3,0.102,30.0,21.4,97.0,-0.257,0.0019999999999999463
2025,11,Tyjae Spears,TEN,HOU,RB2,td,0.33,0,0.0,11.0,21.4,97.0,-0.257,0.0019999999999999463
2025,11,Chig Okonkwo,TEN,HOU,TE1,rec_yds,33.92,56,1.651,31.0,24.17,105.0,-0.257,0.0022222222222223476
2025,11,Chimere Dike,TEN,HOU,WR2,rec_yds,21.56,14,0.649,25.0,22.0,104.0,-0.257,0.33777777777777773
2025,11,Calvin Ridley,TEN,HOU,WR3,rec_yds,55.7,13,0.233,14.0,20.67,118.0,-0.257,-0.5633333333333335
2025,11,Elic Ayomanor,TEN,HOU,WR1,rec_yds,35.89,11,0.307,19.0,24.17,95.0,-0.257,-0.1677777777777777
2025,11,Elic Ayomanor,TEN,HOU,WR1,td,0.22,0,0.0,26.5,24.17,95.0,-0.257,-0.1677777777777777
2025,11,Justin Herbert,LAC,JAX,QB1,pass_yds,257.18,81,0.315,2.0,5.9,106.0,-0.095,0.009000000000000008
2025,11,Justin Herbert,LAC,JAX,QB1,pass_td,1.79,0,0.0,2.0,5.9,106.0,-0.095,0.009000000000000008
2025,11,Kimani Vidal,LAC,JAX,RB1,rush_yds,47.6,13,0.273,20.0,14.6,97.0,-0.095,0.27833333333333343
2025,11,Kimani Vidal,LAC,JAX,RB1,rush_att,11.05,5,0.452,20.0,14.6,97.0,-0.095,0.27833333333333343
2025,11,Kimani Vidal,LAC,JAX,RB1,td,0.3,0,0.0,22.0,14.6,97.0,-0.095,0.27833333333333343
2025,11,Keenan Allen,LAC,JAX,WR1,rec_yds,56.46,53,0.939,3.0,2.83,100.0,-0.095,-0.041000000000000036
2025,11,Keenan Allen,LAC,JAX,WR1,td,0.46,0,0.0,3.5,2.83,100.0,-0.095,-0.041000000000000036
2025,11,Oronde Gadsden II,LAC,JAX,TE1,rec_yds,58.25,41,0.704,3.0,4.5,102.0,-0.095,-0.09124999999999994
2025,11,Oronde Gadsden II,LAC,JAX,TE1,td,0.25,0,0.0,2.0,4.5,102.0,-0.095,-0.09124999999999994
2025,11,Ladd McConkey,LAC,JAX,WR2,rec_yds,70.39,13,0.185,5.0,13.5,107.0,-0.095,-0.06800000000000006
2025,11,Ladd McConkey,LAC,JAX,WR2,td,0.39,0,0.0,15.5,13.5,107.0,-0.095,-0.06800000000000006
2025,11,Quentin Johnston,LAC,JAX,WR3,rec_yds,58.71,0,0.0,30.0,26.5,105.0,-0.095,-0.0025000000000000577
2025,11,Quentin Johnston,LAC,JAX,WR3,td,0.62,0,0.0,23.5,26.5,105.0,-0.095,-0.0025000000000000577
2025,11,Trevor Lawrence,JAX,LAC,QB1,pass_yds,217.65,153,0.703,32.0,24.2,95.0,-0.039,0.0
2025,11,Trevor Lawrence,JAX,LAC,QB1,pass_td,1.15,1,0.867,30.0,24.2,95.0,-0.039,0.0
2025,11,Bhayshul Tuten,JAX,LAC,RB2,td,0.33,1,3.0,27.5,18.1,103.0,-0.039,0.061111111111111144
2025,11,Travis Etienne,JAX,LAC,RB1,rush_yds,62.15,73,1.175,18.0,22.4,96.0,-0.039,-0.028888888888888964
2025,11,Travis Etienne,JAX,LAC,RB1,rush_att,13.88,19,1.368,18.0,22.4,96.0,-0.039,-0.028888888888888964
2025,11,Travis Etienne,JAX,LAC,RB1,td,0.31,2,6.5,26.0,22.4,96.0,-0.039,-0.028888888888888964
2025,11,Jakobi Meyers,JAX,LAC,WR1,rec_yds,57.62,64,1.111,8.5,9.17,107.0,-0.039,-0.42250000000000004
2025,11,Parker Washington,JAX,LAC,WR2,rec_yds,40.96,20,0.488,31.0,30.0,95.0,-0.039,0.24250000000000005
2025,11,Parker Washington,JAX,LAC,WR2,td,0.29,0,0.0,30.0,30.0,95.0,-0.039,0.24250000000000005
2025,11,Dyami Brown,JAX,LAC,WR3,rec_yds,25.5,0,0.0,8.0,15.17,98.0,-0.039,-0.18125000000000002
2025,11,Christian McCaffrey,SF,ARI,RB1,rush_yds,60.58,81,1.337,12.0,9.4,96.0,0.177,-0.06500000000000006
2025,11,Christian McCaffrey,SF,ARI,RB1,rush_att,17.08,13,0.761,12.0,9.4,96.0,0.177,-0.06500000000000006
2025,11,Christian McCaffrey,SF,ARI,RB1,rec_yds,63.75,40,0.627,7.0,9.4,96.0,0.177,-0.06500000000000006
2025,11,Christian McCaffrey,SF,ARI,RB1,td,0.67,3,4.5,13.0,9.4,96.0,0.177,-0.06500000000000006
2025,11,Brian Robinson Jr.,SF,ARI,RB2,rush_yds,33.81,24,0.71,11.0,18.5,103.0,0.177,0.04999999999999999
2025,11,Brian Robinson Jr.,SF,ARI,RB2,td,0.23,0,0.0,7.5,18.5,103.0,0.177,0.04999999999999999
2025,11,George Kittle,SF,ARI,TE1,rec_yds,53.94,67,1.242,21.0,23.33,103.0,0.177,0.15000000000000002
2025,11,George Kittle,SF,ARI,TE1,td,0.44,2,4.5,30.0,23.33,103.0,0.177,0.15000000000000002
2025,11,Jauan Jennings,SF,ARI,WR1,rec_yds,46.92,54,1.151,6.0,14.5,107.0,0.177,0.11499999999999999
2025,11,Jauan Jennings,SF,ARI,WR1,td,0.38,0,0.0,30.5,14.5,107.0,0.177,0.11499999999999999
2025,11,Ricky Pearsall,SF,ARI,WR2,rec_yds,62.19,0,0.0,18.0,14.0,95.0,0.177,-0.255
2025,11,Ricky Pearsall,SF,ARI,WR2,td,0.19,0,0.0,22.0,14.0,95.0,0.177,-0.255
2025,11,Mac Jones,SF,ARI,QB1,pass_yds,247.75,0,0.0,14.0,19.0,95.0,0.177,0.0024999999999999467
2025,11,Mac Jones,SF,ARI,QB1,pass_td,1.42,0,0.0,29.0,19.0,95.0,0.177,0.0024999999999999467
2025,11,Jacoby Brissett,ARI,SF,QB1,pass_yds,161.16,452,2.805,22.0,18.3,106.0,0.051000000000000004,0.29000000000000004
2025,11,Jacoby Brissett,ARI,SF,QB1,pass_td,0.95,2,2.111,6.5,18.3,106.0,0.051000000000000004,0.29000000000000004
2025,11,Zonovan Knight,ARI,SF,RB1,rush_yds,31.4,24,0.764,17.0,9.5,97.0,0.051000000000000004,0.030000000000000027
2025,11,Zonovan Knight,ARI,SF,RB1,td,0.4,1,2.5,2.5,9.5,97.0,0.051000000000000004,0.030000000000000027
2025,11,Michael Carter,ARI,SF,RB2,rush_yds,25.62,6,0.234,12.0,17.2,106.0,0.051000000000000004,-0.2
2025,11,Michael Carter,ARI,SF,RB2,td,0.23,0,0.0,24.0,17.2,106.0,0.051000000000000004,-0.2
2025,11,Michael Wilson,ARI,SF,WR1,rec_yds,27.96,185,6.616,29.0,22.67,100.0,0.051000000000000004,0.14555555555555566
2025,11,Trey McBride,ARI,SF,TE1,rec_yds,71.96,115,1.598,25.0,20.0,102.0,0.051000000000000004,-0.061111111111111116
2025,11,Trey McBride,ARI,SF,TE1,td,0.54,1,1.857,18.0,20.0,102.0,0.051000000000000004,-0.061111111111111116
2025,11,Greg Dortch,ARI,SF,WR2,td,0.23,1,4.333,8.0,8.0,107.0,0.051000000000000004,0.12222222222222223
2025,11,Sam Darnold,SEA,LAR,QB1,pass_yds,257.77,279,1.082,11.0,16.1,95.0,-0.028000000000000004,-0.046666666666666634
2025,11,Sam Darnold,SEA,LAR,QB1,pass_td,2.0,0,0.0,16.5,16.1,95.0,-0.028000000000000004,-0.046666666666666634
2025,11,Kenneth Walker III,SEA,LAR,RB1,rush_yds,55.73,67,1.202,10.0,15.6,96.0,-0.028000000000000004,-0.00666666666666671
2025,11,Kenneth Walker III,SEA,LAR,RB1,rush_att,13.69,16,1.169,10.0,15.6,96.0,-0.028000000000000004,-0.00666666666666671
2025,11,Kenneth Walker III,SEA,LAR,RB1,td,0.38,1,2.6,32.0,15.6,96.0,-0.028000000000000004,-0.00666666666666671
2025,11,Zach Charbonnet,SEA,LAR,RB2,rush_yds,40.92,37,0.904,32.0,24.4,103.0,-0.028000000000000004,-0.12875000000000003
2025,11,Zach Charbonnet,SEA,LAR,RB2,rush_att,10.92,11,1.008,32.0,24.4,103.0,-0.028000000000000004,-0.12875000000000003
2025,11,Zach Charbonnet,SEA,LAR,RB2,td,0.67,0,0.0,26.0,24.4,103.0,-0.028000000000000004,-0.12875000000000003
2025,11,Jaxon Smith-Njigba,SEA,LAR,WR1,rec_yds,101.69,105,1.033,7.0,12.67,107.0,-0.028000000000000004,-0.29111111111111115
2025,11,Jaxon Smith-Njigba,SEA,LAR,WR1,td,0.5,0,0.0,6.5,12.67,107.0,-0.028000000000000004,-0.29111111111111115
2025,11,Rashid Shaheed,SEA,LAR,WR2,rec_yds,52.04,27,0.519,16.0,16.33,95.0,-0.028000000000000004,-0.35900000000000004
2025,11,Rashid Shaheed,SEA,LAR,WR2,td,0.27,0,0.0,22.0,16.33,95.0,-0.028000000000000004,-0.35900000000000004
2025,11,AJ Barner,SEA,LAR,TE1,rec_yds,23.54,70,2.974,5.0,5.17,103.0,-0.028000000000000004,-0.3844444444444445
2025,11,AJ Barner,SEA,LAR,TE1,td,0.5,0,0.0,5.0,5.17,103.0,-0.028000000000000004,-0.3844444444444445
2025,11,Cooper Kupp,SEA,LAR,WR3,rec_yds,47.58,23,0.483,15.0,19.83,98.0,-0.028000000000000004,-0.18624999999999992
2025,11,Cooper Kupp,SEA,LAR,WR3,td,0.25,0,0.0,31.5,19.83,98.0,-0.028000000000000004,-0.18624999999999992
2025,11,Matthew Stafford,LAR,SEA,QB1,pass_yds,255.65,130,0.509,12.0,17.8,86.0,0.03799999999999999,0.004444444444444362
2025,11,Matthew Stafford,LAR,SEA,QB1,pass_td,2.35,2,0.852,24.0,17.8,86.0,0.03799999999999999,0.004444444444444362
2025,11,Kyren Williams,LAR,SEA,RB1,rush_yds,77.5,91,1.174,29.0,17.7,97.0,0.03799999999999999,-0.1411111111111112
2025,11,Kyren Williams,LAR,SEA,RB1,rush_att,17.19,12,0.698,29.0,17.7,97.0,0.03799999999999999,-0.1411111111111112
2025,11,Kyren Williams,LAR,SEA,RB1,td,0.85,1,1.182,30.5,17.7,97.0,0.03799999999999999,-0.1411111111111112
2025,11,Puka Nacua,LAR,SEA,WR1,rec_yds,99.5,75,0.754,24.0,16.0,93.0,0.03799999999999999,-0.16625
2025,11,Puka Nacua,LAR,SEA,WR1,td,0.58,0,0.0,13.0,16.0,93.0,0.03799999999999999,-0.16625
2025,11,Blake Corum,LAR,SEA,RB2,rush_yds,28.5,10,0.351,6.0,8.5,97.0,0.03799999999999999,0.13111111111111112
2025,11,Tyler Higbee,LAR,SEA,TE1,rec_yds,23.53,23,0.977,1.0,9.5,89.0,0.03799999999999999,-0.02285714285714291
2025,11,Tyler Higbee,LAR,SEA,TE1,td,0.35,0,0.0,26.5,9.5,89.0,0.03799999999999999,-0.02285714285714291
2025,11,Jordan Whittington,LAR,SEA,WR3,rec_yds,26.75,9,0.336,18.0,15.33,91.0,0.03799999999999999,-0.02285714285714291
2025,11,Davante Adams,LAR,SEA,WR2,rec_yds,69.81,1,0.014,29.0,20.17,96.0,0.03799999999999999,-0.23777777777777787
2025,11,Davante Adams,LAR,SEA,WR2,td,0.92,1,1.083,18.0,20.17,96.0,0.03799999999999999,-0.23777777777777787
2025,11,Lamar Jackson,BAL,CLE,QB1,pass_yds,214.55,193,0.9,31.0,24.3,101.0,-0.04800000000000001,0.05999999999999994
2025,11,Lamar Jackson,BAL,CLE,QB1,pass_td,2.55,0,0.0,10.5,24.3,101.0,-0.04800000000000001,0.05999999999999994
2025,11,Derrick Henry,BAL,CLE,RB1,rush_yds,87.58,103,1.176,28.0,27.6,102.0,-0.04800000000000001,0.10555555555555562
2025,11,Derrick Henry,BAL,CLE,RB1,rush_att,17.42,18,1.033,28.0,27.6,102.0,-0.04800000000000001,0.10555555555555562
2025,11,Derrick Henry,BAL,CLE,RB1,td,0.65,1,1.529,18.0,27.6,102.0,-0.04800000000000001,0.10555555555555562
2025,11,Mark Andrews,BAL,CLE,TE1,rec_yds,33.54,32,0.954,32.0,27.67,99.0,-0.04800000000000001,-0.036666666666666625
2025,11,Mark Andrews,BAL,CLE,TE1,td,0.65,1,1.529,20.0,27.67,99.0,-0.04800000000000001,-0.036666666666666625
2025,11,Keaton Mitchell,BAL,CLE,RB2,rush_yds,21.6,31,1.435,16.0,26.2,99.0,-0.04800000000000001,-0.042499999999999996
2025,11,Zay Flowers,BAL,CLE,WR1,rec_yds,63.65,78,1.225,28.0,25.5,100.0,-0.04800000000000001,-0.033333333333333326
2025,11,DeAndre Hopkins,BAL,CLE,WR2,rec_yds,28.38,11,0.388,17.0,19.83,99.0,-0.04800000000000001,-0.025555555555555554
2025,11,DeAndre Hopkins,BAL,CLE,WR2,td,0.23,0,0.0,15.5,19.83,99.0,-0.04800000000000001,-0.025555555555555554
2025,11,Tylan Wallace,BAL,CLE,WR3,td,0.19,0,0.0,6.5,19.0,96.0,-0.04800000000000001,-0.305
2025,11,Dillon Gabriel,CLE,BAL,QB1,pass_yds,124.14,68,0.548,3.0,11.3,106.0,-0.154,0.2728571428571429
2025,11,Dillon Gabriel,CLE,BAL,QB1,pass_td,1.0,0,0.0,10.5,11.3,106.0,-0.154,0.2728571428571429
2025,11,Quinshon Judkins,CLE,BAL,RB1,rush_yds,70.12,59,0.841,32.0,18.8,97.0,-0.154,0.03749999999999998
2025,11,Quinshon Judkins,CLE,BAL,RB1,rush_att,17.5,17,0.971,32.0,18.8,97.0,-0.154,0.03749999999999998
2025,11,Quinshon Judkins,CLE,BAL,RB1,td,0.62,0,0.0,22.0,18.8,97.0,-0.154,0.03749999999999998
2025,11,Cedric Tillman,CLE,BAL,WR3,rec_yds,31.67,52,1.642,3.0,2.33,105.0,-0.154,0.025999999999999912
2025,11,Cedric Tillman,CLE,BAL,WR3,td,0.39,0,0.0,2.0,2.33,105.0,-0.154,0.025999999999999912
2025,11,Harold Fannin,CLE,BAL,TE1,rec_yds,44.0,26,0.591,13.0,18.5,102.0,-0.154,-0.0788888888888889
2025,11,Harold Fannin,CLE,BAL,TE1,td,0.22,0,0.0,26.5,18.5,102.0,-0.154,-0.0788888888888889
2025,11,Jerry Jeudy,CLE,BAL,WR1,rec_yds,56.96,21,0.369,2.0,5.33,100.0,-0.154,0.10777777777777775
2025,11,Jerry Jeudy,CLE,BAL,WR1,td,0.19,0,0.0,11.0,5.33,100.0,-0.154,0.10777777777777775
2025,11,Patrick Mahomes,KC,DEN,QB1,pass_yds,257.08,276,1.074,21.0,24.6,101.0,-0.017,0.0311111111111112
2025,11,Patrick Mahomes,KC,DEN,QB1,pass_td,1.88,1,0.531,32.0,24.6,101.0,-0.017,0.0311111111111112
2025,11,Kareem Hunt,KC,DEN,RB1,rush_yds,34.69,59,1.701,24.0,20.7,102.0,-0.017,0.38222222222222224
2025,11,Kareem Hunt,KC,DEN,RB1,td,0.54,1,1.857,19.5,20.7,102.0,-0.017,0.38222222222222224
2025,11,Travis Kelce,KC,DEN,TE1,rec_yds,56.46,91,1.612,23.0,22.83,99.0,-0.017,0.1544444444444445
2025,11,Travis Kelce,KC,DEN,TE1,td,0.31,1,3.25,23.5,22.83,99.0,-0.017,0.1544444444444445
2025,11,Marquise Brown,KC,DEN,WR1,rec_yds,43.45,40,0.921,26.0,24.33,100.0,-0.017,-0.1322222222222223
2025,11,Marquise Brown,KC,DEN,WR1,td,0.4,0,0.0,32.0,24.33,100.0,-0.017,-0.1322222222222223
2025,11,Rashee Rice,KC,DEN,WR3,rec_yds,79.78,38,0.476,6.0,15.33,96.0,-0.017,0.1233333333333333
2025,11,Rashee Rice,KC,DEN,WR3,td,1.11,0,0.0,28.0,15.33,96.0,-0.017,0.1233333333333333
2025,11,Xavier Worthy,KC,DEN,WR2,rec_yds,41.59,25,0.601,11.0,15.33,99.0,-0.017,0.2014285714285715
2025,11,Xavier Worthy,KC,DEN,WR2,td,0.27,0,0.0,32.0,15.33,99.0,-0.017,0.2014285714285715
2025,11,Bo Nix,DEN,KC,QB1,pass_yds,224.07,295,1.317,24.0,15.6,95.0,0.03,0.006000000000000005
2025,11,Bo Nix,DEN,KC,QB1,pass_td,2.04,0,0.0,28.0,15.6,95.0,0.03,0.006000000000000005
2025,11,RJ Harvey,DEN,KC,RB1,rush_yds,21.4,30,1.402,31.0,29.9,96.0,0.03,-0.011999999999999955
2025,11,RJ Harvey,DEN,KC,RB1,td,0.6,0,0.0,30.5,29.9,96.0,0.03,-0.011999999999999955
2025,11,Marvin Mims,DEN,KC,WR3,rec_yds,38.12,0,0.0,26.0,15.17,98.0,0.03,-0.10875000000000001
2025,11,Marvin Mims,DEN,KC,WR3,td,0.42,0,0.0,1.0,15.17,98.0,0.03,-0.10875000000000001
2025,11,Troy Franklin,DEN,KC,WR1,rec_yds,34.93,84,2.405,30.0,23.5,107.0,0.03,0.06599999999999995
2025,11,Troy Franklin,DEN,KC,WR1,td,0.39,0,0.0,30.5,23.5,107.0,0.03,0.06599999999999995
2025,11,Courtland Sutton,DEN,KC,WR2,rec_yds,62.93,59,0.938,26.0,26.0,95.0,0.03,-0.0009999999999998899
2025,11,Courtland Sutton,DEN,KC,WR2,td,0.5,0,0.0,26.0,26.0,95.0,0.03,-0.0009999999999998899
2025,11,Evan Engram,DEN,KC,TE1,rec_yds,31.31,33,1.054,8.0,12.67,103.0,0.03,-0.00666666666666671
2025,11,Jared Goff,DET,PHI,QB1,pass_yds,269.96,255,0.945,29.0,20.3,101.0,0.021999999999999992,-0.10222222222222221
2025,11,Jared Goff,DET,PHI,QB1,pass_td,2.35,1,0.426,31.0,20.3,101.0,0.021999999999999992,-0.10222222222222221
2025,11,Jahmyr Gibbs,DET,PHI,RB1,rush_yds,79.65,39,0.49,23.0,21.0,102.0,0.021999999999999992,-0.1066666666666668
2025,11,Jahmyr Gibbs,DET,PHI,RB1,rush_att,14.77,12,0.812,23.0,21.0,102.0,0.021999999999999992,-0.1066666666666668
2025,11,Jahmyr Gibbs,DET,PHI,RB1,rec_yds,29.58,107,3.618,19.0,21.0,102.0,0.021999999999999992,-0.1066666666666668
2025,11,Jahmyr Gibbs,DET,PHI,RB1,td,1.23,0,0.0,8.0,21.0,102.0,0.021999999999999992,-0.1066666666666668
2025,11,David Montgomery,DET,PHI,RB2,rush_yds,50.96,27,0.53,22.0,20.0,99.0,0.021999999999999992,0.13333333333333336
2025,11,David Montgomery,DET,PHI,RB2,rush_att,11.88,6,0.505,22.0,20.0,99.0,0.021999999999999992,0.13333333333333336
2025,11,David Montgomery,DET,PHI,RB2,td,0.62,0,0.0,32.0,20.0,99.0,0.021999999999999992,0.13333333333333336
2025,11,Jameson Williams,DET,PHI,WR2,rec_yds,59.04,88,1.491,9.0,14.5,99.0,0.021999999999999992,-0.008888888888888946
2025,11,Jameson Williams,DET,PHI,WR2,td,0.5,1,2.0,18.0,14.5,99.0,0.021999999999999992,-0.008888888888888946
2025,11,Amon-Ra St. Brown,DET,PHI,WR1,rec_yds,81.73,42,0.514,22.0,22.5,100.0,0.021999999999999992,-0.10444444444444434
2025,11,Amon-Ra St. Brown,DET,PHI,WR1,td,0.81,0,0.0,29.0,22.5,100.0,0.021999999999999992,-0.10444444444444434
2025,11,Brock Wright,DET,PHI,TE1,td,0.33,0,0.0,30.0,27.83,99.0,0.021999999999999992,-0.15800000000000003
2025,11,Isaac TeSlaa,DET,PHI,WR3,td,0.33,0,0.0,23.5,18.67,96.0,0.021999999999999992,0.07333333333333333
2025,11,Jalen Hurts,PHI,DET,QB1,pass_yds,195.35,135,0.691,10.0,9.7,101.0,0.044,0.007777777777777772
2025,11,Jalen Hurts,PHI,DET,QB1,pass_td,1.62,0,0.0,13.5,9.7,101.0,0.044,0.007777777777777772
2025,11,Saquon Barkley,PHI,DET,RB1,rush_yds,86.08,83,0.964,30.0,28.3,102.0,0.044,-0.07777777777777795
2025,11,Saquon Barkley,PHI,DET,RB1,rush_att,18.69,26,1.391,30.0,28.3,102.0,0.044,-0.07777777777777795
2025,11,Saquon Barkley,PHI,DET,RB1,rec_yds,20.46,7,0.342,27.5,28.3,102.0,0.044,-0.07777777777777795
2025,11,Saquon Barkley,PHI,DET,RB1,td,0.73,0,0.0,28.0,28.3,102.0,0.044,-0.07777777777777795
2025,11,Tank Bigsby,PHI,DET,RB2,rush_yds,33.81,34,1.006,28.0,23.4,99.0,0.044,-0.04250000000000001
2025,11,Tank Bigsby,PHI,DET,RB2,td,0.19,0,0.0,18.0,23.4,99.0,0.044,-0.04250000000000001
2025,11,A.J. Brown,PHI,DET,WR2,rec_yds,60.46,49,0.81,19.0,21.67,99.0,0.044,-0.135
2025,11,A.J. Brown,PHI,DET,WR2,td,0.42,0,0.0,26.0,21.67,99.0,0.044,-0.135
2025,11,Jahan Dotson,PHI,DET,WR3,rec_yds,21.95,43,1.959,1.0,6.33,96.0,0.044,-0.2842857142857143
2025,11,Dallas Goedert,PHI,DET,TE1,rec_yds,45.46,24,0.528,20.0,18.5,99.0,0.044,0.029999999999999916
2025,11,Dallas Goedert,PHI,DET,TE1,td,0.67,0,0.0,12.5,18.5,99.0,0.044,0.029999999999999916
2025,11,DeVonta Smith,PHI,DET,WR1,rec_yds,71.0,8,0.113,14.0,9.33,100.0,0.044,0.014444444444444482
2025,11,DeVonta Smith,PHI,DET,WR1,td,0.46,0,0.0,2.0,9.33,100.0,0.044,0.014444444444444482
2025,11,Dak Prescott,DAL,LV,QB1,pass_yds,254.46,268,1.053,17.0,16.6,106.0,0.139,0.028888888888888853
2025,11,Dak Prescott,DAL,LV,QB1,pass_td,1.73,4,2.311,16.5,16.6,106.0,0.139,0.028888888888888853
2025,11,Javonte Williams,DAL,LV,RB1,rush_yds,59.92,93,1.552,25.0,21.5,97.0,0.139,0.11666666666666659
2025,11,Javonte Williams,DAL,LV,RB1,rush_att,12.12,22,1.816,25.0,21.5,97.0,0.139,0.11666666666666659
2025,11,Javonte Williams,DAL,LV,RB1,td,0.77,0,0.0,15.5,21.5,97.0,0.139,0.11666666666666659
2025,11,George Pickens,DAL,LV,WR1,rec_yds,79.42,144,1.813,31.0,22.5,100.0,0.139,0.054444444444444406
2025,11,George Pickens,DAL,LV,WR1,td,0.58,1,1.733,6.5,22.5,100.0,0.139,0.054444444444444406
2025,11,CeeDee Lamb,DAL,LV,WR2,rec_yds,86.83,66,0.76,12.0,16.17,107.0,0.139,0.03600000000000003
2025,11,CeeDee Lamb,DAL,LV,WR2,td,0.22,1,4.5,29.0,16.17,107.0,0.139,0.03600000000000003
2025,11,Jake Ferguson,DAL,LV,TE1,rec_yds,38.42,16,0.416,16.0,20.17,102.0,0.139,0.2088888888888888
2025,11,Jake Ferguson,DAL,LV,TE1,td,0.46,1,2.167,20.0,20.17,102.0,0.139,0.2088888888888888
2025,11,Ryan Flournoy,DAL,LV,WR3,rec_yds,26.21,2,0.076,10.0,11.5,105.0,0.139,0.18000000000000005
2025,11,Geno Smith,LV,DAL,QB1,pass_yds,209.54,238,1.136,5.0,2.0,106.0,-0.03,-0.011111111111111183
2025,11,Geno Smith,LV,DAL,QB1,pass_td,1.23,1,0.812,1.0,2.0,106.0,-0.03,-0.011111111111111183
2025,11,Ashton Jeanty,LV,DAL,RB1,rush_yds,60.78,7,0.115,11.0,8.3,97.0,-0.03,0.13444444444444448
2025,11,Ashton Jeanty,LV,DAL,RB1,rush_att,15.89,6,0.378,11.0,8.3,97.0,-0.03,0.13444444444444448
2025,11,Ashton Jeanty,LV,DAL,RB1,td,0.78,0,0.0,11.5,8.3,97.0,-0.03,0.13444444444444448
2025,11,Brock Bowers,LV,DAL,TE1,rec_yds,69.0,72,1.043,18.0,12.83,102.0,-0.03,0.07666666666666666
2025,11,Brock Bowers,LV,DAL,TE1,td,0.45,0,0.0,6.5,12.83,102.0,-0.03,0.07666666666666666
2025,11,Tre Tucker,LV,DAL,WR1,rec_yds,45.85,47,1.025,15.0,12.33,100.0,-0.03,0.06777777777777771
2025,11,Tre Tucker,LV,DAL,WR1,td,0.38,1,2.6,1.0,12.33,100.0,-0.03,0.06777777777777771
2025,12,Josh Allen,BUF,HOU,QB1,pass_yds,245.61,253,1.03,30.0,25.8,102.0,0.031000000000000014,0.03400000000000003
2025,12,Josh Allen,BUF,HOU,QB1,pass_td,1.79,0,0.0,25.0,25.8,102.0,0.031000000000000014,0.03400000000000003
2025,12,James Cook,BUF,HOU,RB1,rush_yds,87.46,116,1.326,21.0,26.5,100.0,0.031000000000000014,0.05600000000000005
2025,12,James Cook,BUF,HOU,RB1,rush_att,16.5,17,1.03,21.0,26.5,100.0,0.031000000000000014,0.05600000000000005
2025,12,James Cook,BUF,HOU,RB1,td,0.93,1,1.077,28.0,26.5,100.0,0.031000000000000014,0.05600000000000005
2025,12,Ty Johnson,BUF,HOU,RB2,td,0.18,0,0.0,11.5,20.4,97.0,0.031000000000000014,0.032999999999999974
2025,12,Khalil Shakir,BUF,HOU,WR1,rec_yds,46.71,110,2.355,25.0,27.5,95.0,0.031000000000000014,-0.05499999999999994
2025,12,Khalil Shakir,BUF,HOU,WR1,td,0.29,0,0.0,27.5,27.5,95.0,0.031000000000000014,-0.05499999999999994
2025,12,Josh Palmer,BUF,HOU,WR2,rec_yds,35.45,21,0.592,26.0,23.17,104.0,0.031000000000000014,0.08142857142857146
2025,12,Dawson Knox,BUF,HOU,TE1,rec_yds,21.92,17,0.775,31.0,24.17,105.0,0.031000000000000014,0.18666666666666665
2025,12,Elijah Moore,BUF,HOU,WR3,rec_yds,21.62,-3,-0.139,17.0,21.67,118.0,0.031000000000000014,0.0675
2025,12,Davis Mills,HOU,BUF,QB1,pass_yds,138.67,153,1.103,27.5,23.1,86.0,-0.02,0.28
2025,12,Woody Marks,HOU,BUF,RB1,rush_yds,34.8,74,2.126,5.0,7.0,97.0,-0.02,0.182
2025,12,Woody Marks,HOU,BUF,RB1,td,0.4,0,0.0,7.0,7.0,97.0,-0.02,0.182
2025,12,Nick Chubb,HOU,BUF,RB2,rush_yds,41.79,16,0.383,15.0,13.0,97.0,-0.02,-0.11599999999999999
2025,12,Nick Chubb,HOU,BUF,RB2,rush_att,10.71,6,0.56,15.0,13.0,97.0,-0.02,-0.11599999999999999
2025,12,Nick Chubb,HOU,BUF,RB2,td,0.29,0,0.0,3.0,13.0,97.0,-0.02,-0.11599999999999999
2025,12,Nico Collins,HOU,BUF,WR1,rec_yds,69.27,55,0.794,4.0,8.67,93.0,-0.02,0.05555555555555547
2025,12,Nico Collins,HOU,BUF,WR1,td,0.5,0,0.0,15.0,8.67,93.0,-0.02,0.05555555555555547
2025,12,Christian Kirk,HOU,BUF,WR3,rec_yds,33.35,54,1.619,32.0,27.33,91.0,-0.02,-0.03500000000000003
2025,12,Jayden Higgins,HOU,BUF,WR2,rec_yds,25.6,38,1.484,22.0,17.0,96.0,-0.02,0.06899999999999995
2025,12,Jayden Higgins,HOU,BUF,WR2,td,0.3,1,3.333,12.5,17.0,96.0,-0.02,0.06899999999999995
2025,12,Dalton Schultz,HOU,BUF,TE1,rec_yds,45.21,8,0.177,28.0,29.17,89.0,-0.02,-0.006999999999999895
2025,12,Mason Rudolph,PIT,CHI,QB1,pass_yds,129.14,171,1.324,10.0,12.8,101.0,0.064,0.2533333333333333
2025,12,Mason Rudolph,PIT,CHI,QB1,pass_td,0.79,1,1.273,10.0,12.8,101.0,0.064,0.2533333333333333
2025,12,Kenneth Gainwell,PIT,CHI,RB2,rush_yds,23.36,92,3.939,3.0,9.8,99.0,0.064,0.16799999999999998
2025,12,Kenneth Gainwell,PIT,CHI,RB2,td,0.39,0,0.0,16.5,9.8,99.0,0.064,0.16799999999999998
2025,12,Jaylen Warren,PIT,CHI,RB1,rush_yds,52.54,68,1.294,8.0,14.3,102.0,0.064,-0.2677777777777778
2025,12,Jaylen Warren,PIT,CHI,RB1,rush_att,11.96,18,1.505,8.0,14.3,102.0,0.064,-0.2677777777777778
2025,12,Jaylen Warren,PIT,CHI,RB1,rec_yds,25.08,0,0.0,24.0,14.3,102.0,0.064,-0.2677777777777778
2025,12,Jaylen Warren,PIT,CHI,RB1,td,0.27,1,3.714,9.0,14.3,102.0,0.064,-0.2677777777777778
2025,12,D.K. Metcalf,PIT,CHI,WR1,rec_yds,54.5,22,0.404,21.0,16.67,100.0,0.064,-0.027999999999999914
2025,12,D.K. Metcalf,PIT,CHI,WR1,td,0.43,1,2.333,4.5,16.67,100.0,0.064,-0.027999999999999914
2025,12,Jonnu Smith,PIT,CHI,TE1,rec_yds,30.82,21,0.681,8.5,12.33,99.0,0.064,-0.04999999999999993
2025,12,Jonnu Smith,PIT,CHI,TE1,td,0.39,0,0.0,21.0,12.33,99.0,0.064,-0.04999999999999993
2025,12,Calvin Austin III,PIT,CHI,WR2,rec_yds,31.46,36,1.144,1.0,14.5,99.0,0.064,-0.3737500000000001
2025,12,Calvin Austin III,PIT,CHI,WR2,td,0.25,0,0.0,18.0,14.5,99.0,0.064,-0.3737500000000001
2025,12,Roman Wilson,PIT,CHI,WR3,rec_yds,23.71,0,0.0,30.0,23.17,96.0,0.064,0.13714285714285712
2025,12,Roman Wilson,PIT,CHI,WR3,td,0.29,0,0.0,7.5,23.17,96.0,0.064,0.13714285714285712
2025,12,Caleb Williams,CHI,PIT,QB1,pass_yds,229.07,239,1.043,1.0,13.8,102.0,0.099,0.016000000000000014
2025,12,Caleb Williams,CHI,PIT,QB1,pass_td,1.32,3,2.27,19.0,13.8,102.0,0.099,0.016000000000000014
2025,12,Kyle Monangai,CHI,PIT,RB2,rush_yds,41.3,48,1.162,28.0,22.6,97.0,0.099,-0.015000000000000013
2025,12,Kyle Monangai,CHI,PIT,RB2,td,0.3,1,3.333,25.0,22.6,97.0,0.099,-0.015000000000000013
2025,12,D'Andre Swift,CHI,PIT,RB1,rush_yds,63.96,15,0.235,13.0,20.5,100.0,0.099,-0.033333333333333326
2025,12,D'Andre Swift,CHI,PIT,RB1,rush_att,14.62,8,0.547,13.0,20.5,100.0,0.099,-0.033333333333333326
2025,12,D'Andre Swift,CHI,PIT,RB1,rec_yds,22.15,14,0.632,19.0,20.5,100.0,0.099,-0.033333333333333326
2025,12,D'Andre Swift,CHI,PIT,RB1,td,0.46,0,0.0,28.0,20.5,100.0,0.099,-0.033333333333333326
2025,12,D.J. Moore,CHI,PIT,WR2,rec_yds,50.36,64,1.271,17.0,11.17,104.0,0.099,-0.02100000000000002
2025,12,D.J. Moore,CHI,PIT,WR2,td,0.25,2,8.0,6.5,11.17,104.0,0.099,-0.02100000000000002
2025,12,Rome Odunze,CHI,PIT,WR1,rec_yds,54.29,53,0.976,3.0,9.5,95.0,0.099,-0.1389999999999998
2025,12,Rome Odunze,CHI,PIT,WR1,td,0.5,0,0.0,24.5,9.5,95.0,0.099,-0.1389999999999998
2025,12,Colston Loveland,CHI,PIT,TE1,rec_yds,36.56,49,1.34,5.0,3.33,105.0,0.099,0.16333333333333333
2025,12,Colston Loveland,CHI,PIT,TE1,td,0.22,1,4.5,3.0,3.33,105.0,0.099,0.16333333333333333
2025,12,Olamide Zaccheaus,CHI,PIT,WR3,rec_yds,29.92,6,0.201,2.0,6.17,118.0,0.099,-0.012222222222222245
2025,12,Olamide Zaccheaus,CHI,PIT,WR3,td,0.19,0,0.0,13.5,6.17,118.0,0.099,-0.012222222222222245
2025,12,Drake Maye,NE,CIN,QB1,pass_yds,239.27,294,1.229,6.0,7.1,102.0,0.281,0.024545454545454537
2025,12,Drake Maye,NE,CIN,QB1,pass_td,1.63,1,0.612,1.5,7.1,102.0,0.281,0.024545454545454537
2025,12,TreVeyon Henderson,NE,CIN,RB1,rush_yds,44.73,66,1.476,2.0,8.6,100.0,0.281,0.42000000000000004
2025,12,TreVeyon Henderson,NE,CIN,RB1,td,0.55,0,0.0,7.0,8.6,100.0,0.281,0.42000000000000004
2025,12,DeMario Douglas,NE,CIN,WR3,rec_yds,34.96,37,1.058,18.0,10.5,118.0,0.281,-0.01699999999999996
2025,12,DeMario Douglas,NE,CIN,WR3,td,0.29,0,0.0,5.5,10.5,118.0,0.281,-0.01699999999999996
2025,12,Rhamondre Stevenson,NE,CIN,RB2,rush_yds,39.04,5,0.128,8.0,2.5,97.0,0.281,0.12
2025,12,Rhamondre Stevenson,NE,CIN,RB2,rush_att,11.21,6,0.535,8.0,2.5,97.0,0.281,0.12
2025,12,Rhamondre Stevenson,NE,CIN,RB2,td,0.38,0,0.0,1.5,2.5,97.0,0.281,0.12
2025,12,Hunter Henry,NE,CIN,TE1,rec_yds,38.67,115,2.974,4.0,3.67,105.0,0.281,0.1172727272727273
2025,12,Hunter Henry,NE,CIN,TE1,td,0.3,1,3.333,1.0,3.67,105.0,0.281,0.1172727272727273
2025,12,Mack Hollins,NE,CIN,WR2,rec_yds,37.18,30,0.807,28.0,27.33,104.0,0.281,0.19800000000000006
2025,12,Mack Hollins,NE,CIN,WR2,td,0.21,0,0.0,26.0,27.33,104.0,0.281,0.19800000000000006
2025,12,Stefon Diggs,NE,CIN,WR1,rec_yds,60.47,20,0.331,22.0,26.83,95.0,0.281,0.13454545454545452
2025,12,Stefon Diggs,NE,CIN,WR1,td,0.33,0,0.0,27.5,26.83,95.0,0.281,0.13454545454545452
2025,12,Joe Flacco,CIN,NE,QB1,pass_yds,251.88,183,0.727,20.0,21.0,102.0,-0.030000000000000002,0.015555555555555656
2025,12,Joe Flacco,CIN,NE,QB1,pass_td,1.6,1,0.625,7.0,21.0,102.0,-0.030000000000000002,0.015555555555555656
2025,12,Chase Brown,CIN,NE,RB1,rush_yds,59.61,107,1.795,28.0,18.1,100.0,-0.030000000000000002,0.1439999999999999
2025,12,Chase Brown,CIN,NE,RB1,rush_att,14.39,19,1.32,28.0,18.1,100.0,-0.030000000000000002,0.1439999999999999
2025,12,Chase Brown,CIN,NE,RB1,rec_yds,27.04,23,0.851,11.0,18.1,100.0,-0.030000000000000002,0.1439999999999999
2025,12,Chase Brown,CIN,NE,RB1,td,0.43,0,0.0,20.5,18.1,100.0,-0.030000000000000002,0.1439999999999999
2025,12,Andrei Iosivas,CIN,NE,WR2,rec_yds,33.0,61,1.848,27.0,22.0,104.0,-0.030000000000000002,-0.08875
2025,12,Andrei Iosivas,CIN,NE,WR2,td,0.17,0,0.0,16.0,22.0,104.0,-0.030000000000000002,-0.08875
2025,12,Tee Higgins,CIN,NE,WR1,rec_yds,62.14,31,0.499,13.0,17.33,95.0,-0.030000000000000002,0.06300000000000006
2025,12,Tee Higgins,CIN,NE,WR1,td,0.79,0,0.0,11.0,17.33,95.0,-0.030000000000000002,0.06300000000000006
2025,12,Mitchell Tinsley,CIN,NE,WR3,td,0.25,1,4.0,4.0,11.5,118.0,-0.030000000000000002,0.08499999999999999
2025,12,Noah Fant,CIN,NE,TE1,rec_yds,33.92,9,0.265,12.0,17.17,105.0,-0.030000000000000002,0.023749999999999993
2025,12,Noah Fant,CIN,NE,TE1,td,0.29,0,0.0,25.5,17.17,105.0,-0.030000000000000002,0.023749999999999993
2025,12,Daniel Jones,IND,KC,QB1,pass_yds,250.86,181,0.722,25.0,16.3,95.0,0.073,0.03400000000000003
2025,12,Daniel Jones,IND,KC,QB1,pass_td,1.29,2,1.556,29.0,16.3,95.0,0.073,0.03400000000000003
2025,12,Jonathan Taylor,IND,KC,RB1,rush_yds,114.54,58,0.506,31.0,29.1,96.0,0.073,0.08200000000000007
2025,12,Jonathan Taylor,IND,KC,RB1,rush_att,20.57,16,0.778,31.0,29.1,96.0,0.073,0.08200000000000007
2025,12,Jonathan Taylor,IND,KC,RB1,td,1.46,0,0.0,31.0,29.1,96.0,0.073,0.08200000000000007
2025,12,Tyler Warren,IND,KC,TE1,rec_yds,61.7,45,0.729,8.5,14.67,103.0,0.073,0.05899999999999994
2025,12,Tyler Warren,IND,KC,TE1,td,0.4,0,0.0,23.5,14.67,103.0,0.073,0.05899999999999994
2025,12,Michael Pittman Jr.,IND,KC,WR1,rec_yds,57.71,27,0.468,31.0,24.33,107.0,0.073,-0.030999999999999917
2025,12,Michael Pittman Jr.,IND,KC,WR1,td,0.46,1,2.154,30.5,24.33,107.0,0.073,-0.030999999999999917
2025,12,Alec Pierce,IND,KC,WR2,rec_yds,66.67,26,0.39,24.0,24.83,95.0,0.073,0.12749999999999995
2025,12,Alec Pierce,IND,KC,WR2,td,0.25,0,0.0,26.0,24.83,95.0,0.073,0.12749999999999995
2025,12,Josh Downs,IND,KC,WR3,rec_yds,41.69,10,0.24,27.0,16.33,98.0,0.073,-0.08444444444444443
2025,12,Josh Downs,IND,KC,WR3,td,0.31,0,0.0,1.0,16.33,98.0,0.073,-0.08444444444444443
2025,12,Ameer Abdullah,IND,KC,RB2,td,0.3,0,0.0,16.5,17.9,103.0,0.073,-0.026666666666666672
2025,12,Patrick Mahomes,KC,IND,QB1,pass_yds,258.43,352,1.362,7.0,15.4,102.0,0.059,0.028000000000000136
2025,12,Patrick Mahomes,KC,IND,QB1,pass_td,1.82,0,0.0,10.0,15.4,102.0,0.059,0.028000000000000136
2025,12,Kareem Hunt,KC,IND,RB1,rush_yds,36.43,104,2.855,20.0,20.1,100.0,0.059,0.36200000000000004
2025,12,Kareem Hunt,KC,IND,RB1,td,0.57,1,1.75,25.0,20.1,100.0,0.059,0.36200000000000004
2025,12,Travis Kelce,KC,IND,TE1,rec_yds,58.93,43,0.73,7.0,14.5,105.0,0.059,0.02200000000000002
2025,12,Travis Kelce,KC,IND,TE1,td,0.36,0,0.0,23.5,14.5,105.0,0.059,0.02200000000000002
2025,12,Rashee Rice,KC,IND,WR3,rec_yds,72.18,141,1.953,29.0,15.33,118.0,0.059,0.0475000000000001
2025,12,Rashee Rice,KC,IND,WR3,td,0.91,0,0.0,2.5,15.33,118.0,0.059,0.0475000000000001
2025,12,Xavier Worthy,KC,IND,WR2,rec_yds,40.21,59,1.467,8.0,11.67,104.0,0.059,0.11499999999999999
2025,12,Xavier Worthy,KC,IND,WR2,td,0.25,0,0.0,23.0,11.67,104.0,0.059,0.11499999999999999
2025,12,Marquise Brown,KC,IND,WR1,rec_yds,43.14,10,0.232,8.0,14.33,95.0,0.059,-0.11900000000000005
2025,12,Marquise Brown,KC,IND,WR1,td,0.36,0,0.0,21.0,14.33,95.0,0.059,-0.11900000000000005
2025,12,Jameis Winston,NYG,DET,QB1,pass_yds,250.7,366,1.46,11.0,10.7,101.0,0.05499999999999999,
2025,12,Jameis Winston,NYG,DET,QB1,pass_td,1.3,2,1.538,21.5,10.7,101.0,0.05499999999999999,
2025,12,Tyrone Tracy Jr.,NYG,DET,RB1,rush_yds,41.12,62,1.508,30.0,28.5,102.0,0.05499999999999999,0.03888888888888886
2025,12,Tyrone Tracy Jr.,NYG,DET,RB1,rush_att,10.35,20,1.933,30.0,28.5,102.0,0.05499999999999999,0.03888888888888886
2025,12,Tyrone Tracy Jr.,NYG,DET,RB1,td,0.23,0,0.0,28.0,28.5,102.0,0.05499999999999999,0.03888888888888886
2025,12,Devin Singletary,NYG,DET,RB2,td,0.2,0,0.0,21.0,24.8,99.0,0.05499999999999999,0.24909090909090906
2025,12,Wan'Dale Robinson,NYG,DET,WR1,rec_yds,54.4,156,2.868,18.0,12.33,100.0,0.05499999999999999,0.0636363636363636
2025,12,Wan'Dale Robinson,NYG,DET,WR1,td,0.17,1,6.0,2.0,12.33,100.0,0.05499999999999999,0.0636363636363636
2025,12,Theo Johnson,NYG,DET,TE1,rec_yds,33.33,77,2.31,23.0,20.67,99.0,0.05499999999999999,0.055454545454545534
2025,12,Theo Johnson,NYG,DET,TE1,td,0.37,0,0.0,15.0,20.67,99.0,0.05499999999999999,0.055454545454545534
2025,12,Isaiah Hodgins,NYG,DET,WR3,rec_yds,31.5,42,1.333,1.0,7.0,96.0,0.05499999999999999,
2025,12,Darius Slayton,NYG,DET,WR2,rec_yds,34.96,23,0.658,16.0,18.67,99.0,0.05499999999999999,-0.2025
2025,12,Jared Goff,DET,NYG,QB1,pass_yds,268.89,279,1.038,12.0,7.9,101.0,0.172,0.025000000000000022
2025,12,Jared Goff,DET,NYG,QB1,pass_td,2.25,2,0.889,12.5,7.9,101.0,0.172,0.025000000000000022
2025,12,Jahmyr Gibbs,DET,NYG,RB1,rush_yds,76.75,219,2.853,3.0,9.9,102.0,0.172,0.11099999999999988
2025,12,Jahmyr Gibbs,DET,NYG,RB1,rush_att,14.57,15,1.029,3.0,9.9,102.0,0.172,0.11099999999999988
2025,12,Jahmyr Gibbs,DET,NYG,RB1,rec_yds,35.11,45,1.282,20.0,9.9,102.0,0.172,0.11099999999999988
2025,12,Jahmyr Gibbs,DET,NYG,RB1,td,1.14,3,2.625,12.0,9.9,102.0,0.172,0.11099999999999988
2025,12,David Montgomery,DET,NYG,RB2,rush_yds,49.25,18,0.365,7.0,8.3,99.0,0.172,-0.014999999999999958
2025,12,David Montgomery,DET,NYG,RB2,rush_att,11.46,5,0.436,7.0,8.3,99.0,0.172,-0.014999999999999958
2025,12,David Montgomery,DET,NYG,RB2,td,0.57,0,0.0,4.5,8.3,99.0,0.172,-0.014999999999999958
2025,12,Amon-Ra St. Brown,DET,NYG,WR1,rec_yds,78.89,149,1.889,10.0,12.33,100.0,0.172,0.08599999999999997
2025,12,Amon-Ra St. Brown,DET,NYG,WR1,td,0.75,1,1.333,19.0,12.33,100.0,0.172,0.08599999999999997
2025,12,Brock Wright,DET,NYG,TE1,td,0.3,0,0.0,11.5,19.5,99.0,0.172,0.23499999999999988
2025,12,Jameson Williams,DET,NYG,WR2,rec_yds,61.11,0,0.0,11.0,11.83,99.0,0.172,0.06400000000000006
2025,12,Jameson Williams,DET,NYG,WR2,td,0.54,0,0.0,4.5,11.83,99.0,0.172,0.06400000000000006
2025,12,J.J. McCarthy,MIN,GB,QB1,pass_yds,168.4,87,0.517,24.0,26.7,106.0,-0.051000000000000004,0.0
2025,12,J.J. McCarthy,MIN,GB,QB1,pass_td,1.2,0,0.0,26.0,26.7,106.0,-0.051000000000000004,0.0
2025,12,Jordan Mason,MIN,GB,RB1,rush_yds,47.14,42,0.891,19.0,18.6,97.0,-0.051000000000000004,-0.355
2025,12,Jordan Mason,MIN,GB,RB1,td,0.36,0,0.0,23.0,18.6,97.0,-0.051000000000000004,-0.355
2025,12,Aaron Jones,MIN,GB,RB2,rush_yds,49.85,41,0.822,26.0,15.8,106.0,-0.051000000000000004,0.1266666666666667
2025,12,Aaron Jones,MIN,GB,RB2,rush_att,10.85,9,0.829,26.0,15.8,106.0,-0.051000000000000004,0.1266666666666667
2025,12,Aaron Jones,MIN,GB,RB2,td,0.4,0,0.0,21.0,15.8,106.0,-0.051000000000000004,0.1266666666666667
2025,12,Justin Jefferson,MIN,GB,WR1,rec_yds,78.43,48,0.612,30.0,19.17,100.0,-0.051000000000000004,0.039999999999999813
2025,12,Justin Jefferson,MIN,GB,WR1,td,0.32,0,0.0,9.5,19.17,100.0,-0.051000000000000004,0.039999999999999813
2025,12,T.J. Hockenson,MIN,GB,TE1,rec_yds,32.71,19,0.581,10.0,11.67,102.0,-0.051000000000000004,-0.010999999999999899
2025,12,Jordan Addison,MIN,GB,WR2,rec_yds,63.68,0,0.0,23.0,24.17,107.0,-0.051000000000000004,0.055714285714285716
2025,12,Jordan Addison,MIN,GB,WR2,td,0.59,0,0.0,31.0,24.17,107.0,-0.051000000000000004,0.055714285714285716
2025,12,Jalen Nailor,MIN,GB,WR3,rec_yds,29.07,0,0.0,5.0,5.5,105.0,-0.051000000000000004,-0.10799999999999998
2025,12,Jalen Nailor,MIN,GB,WR3,td,0.21,0,0.0,5.5,5.5,105.0,-0.051000000000000004,-0.10799999999999998
2025,12,Jordan Love,GB,MIN,QB1,pass_yds,228.96,139,0.607,16.0,23.0,86.0,0.03899999999999999,-0.11699999999999988
2025,12,Jordan Love,GB,MIN,QB1,pass_td,1.43,0,0.0,24.0,23.0,86.0,0.03899999999999999,-0.11699999999999988
2025,12,Emanuel Wilson,GB,MIN,RB1,rush_yds,26.46,107,4.044,12.0,22.4,97.0,0.03899999999999999,0.4044444444444444
2025,12,Emanuel Wilson,GB,MIN,RB1,td,0.19,2,10.4,26.0,22.4,97.0,0.03899999999999999,0.4044444444444444
2025,12,Christian Watson,GB,MIN,WR3,rec_yds,55.75,49,0.879,8.0,11.5,91.0,0.03899999999999999,0.07499999999999996
2025,12,Christian Watson,GB,MIN,WR3,td,0.25,0,0.0,13.5,11.5,91.0,0.03899999999999999,0.07499999999999996
2025,12,Dontayvion Wicks,GB,MIN,WR2,rec_yds,24.38,32,1.313,2.0,4.33,96.0,0.03899999999999999,0.026249999999999996
2025,12,Romeo Doubs,GB,MIN,WR1,rec_yds,49.32,23,0.466,12.0,17.67,93.0,0.03899999999999999,-0.04800000000000004
2025,12,Romeo Doubs,GB,MIN,WR1,td,0.36,0,0.0,20.0,17.67,93.0,0.03899999999999999,-0.04800000000000004
2025,12,Tyrod Taylor,NYJ,BAL,QB1,pass_yds,109.62,222,2.025,5.0,12.8,106.0,-0.101,-0.09999999999999998
2025,12,Tyrod Taylor,NYJ,BAL,QB1,pass_td,1.12,1,0.889,15.0,12.8,106.0,-0.101,-0.09999999999999998
2025,12,Breece Hall,NYJ,BAL,RB1,rush_yds,67.57,44,0.651,32.0,21.7,97.0,-0.101,0.09099999999999997
2025,12,Breece Hall,NYJ,BAL,RB1,rush_att,14.36,16,1.114,32.0,21.7,97.0,-0.101,0.09099999999999997
2025,12,Breece Hall,NYJ,BAL,RB1,rec_yds,22.11,75,3.393,9.0,21.7,97.0,-0.101,0.09099999999999997
2025,12,Breece Hall,NYJ,BAL,RB1,td,0.36,0,0.0,23.0,21.7,97.0,-0.101,0.09099999999999997
2025,12,John Metchie,NYJ,BAL,WR2,td,0.17,1,6.0,20.0,23.67,107.0,-0.101,0.576
2025,12,Mason Taylor,NYJ,BAL,TE1,rec_yds,27.6,21,0.761,14.0,19.83,102.0,-0.101,-0.06700000000000017
2025,12,Allen Lazard,NYJ,BAL,WR3,rec_yds,23.0,9,0.391,3.0,2.5,105.0,-0.101,0.31
2025,12,Allen Lazard,NYJ,BAL,WR3,td,0.28,0,0.0,2.5,2.5,105.0,-0.101,0.31
2025,12,Lamar Jackson,BAL,NYJ,QB1,pass_yds,212.59,153,0.72,27.5,18.7,101.0,0.184,0.05142857142857138
2025,12,Lamar Jackson,BAL,NYJ,QB1,pass_td,2.32,0,0.0,21.5,18.7,101.0,0.184,0.05142857142857138
2025,12,Derrick Henry,BAL,NYJ,RB1,rush_yds,88.68,64,0.722,6.0,15.1,102.0,0.184,-0.02200000000000002
2025,12,Derrick Henry,BAL,NYJ,RB1,rush_att,17.46,21,1.202,6.0,15.1,102.0,0.184,-0.02200000000000002
2025,12,Derrick Henry,BAL,NYJ,RB1,td,0.68,2,2.947,1.0,15.1,102.0,0.184,-0.02200000000000002
2025,12,Zay Flowers,BAL,NYJ,WR1,rec_yds,64.68,58,0.897,20.0,18.67,100.0,0.184,0.02400000000000002
2025,12,Keaton Mitchell,BAL,NYJ,RB2,rush_yds,23.17,10,0.432,25.0,24.3,99.0,0.184,0.11800000000000002
2025,12,Mark Andrews,BAL,NYJ,TE1,rec_yds,33.43,9,0.269,26.0,17.83,99.0,0.184,-0.051000000000000045
2025,12,Mark Andrews,BAL,NYJ,TE1,td,0.68,0,0.0,6.5,17.83,99.0,0.184,-0.051000000000000045
2025,12,DeAndre Hopkins,BAL,NYJ,WR2,rec_yds,27.14,13,0.479,14.0,20.33,99.0,0.184,0.3549999999999999
2025,12,DeAndre Hopkins,BAL,NYJ,WR2,td,0.21,0,0.0,28.5,20.33,99.0,0.184,0.3549999999999999
2025,12,Tylan Wallace,BAL,NYJ,WR3,td,0.17,0,0.0,19.0,18.0,96.0,0.184,0.035999999999999976
2025,12,Sam Darnold,SEA,TEN,QB1,pass_yds,259.29,244,0.941,26.0,16.1,95.0,0.143,0.04800000000000004
2025,12,Sam Darnold,SEA,TEN,QB1,pass_td,1.86,2,1.077,15.0,16.1,95.0,0.143,0.04800000000000004
2025,12,Kenneth Walker III,SEA,TEN,RB1,rush_yds,56.54,71,1.256,16.0,18.9,96.0,0.143,0.056999999999999995
2025,12,Kenneth Walker III,SEA,TEN,RB1,rush_att,13.86,11,0.794,16.0,18.9,96.0,0.143,0.056999999999999995
2025,12,Kenneth Walker III,SEA,TEN,RB1,td,0.43,0,0.0,3.5,18.9,96.0,0.143,0.056999999999999995
2025,12,Zach Charbonnet,SEA,TEN,RB2,rush_yds,40.62,35,0.862,1.0,14.3,103.0,0.143,-0.061111111111111116
2025,12,Zach Charbonnet,SEA,TEN,RB2,rush_att,10.92,6,0.549,1.0,14.3,103.0,0.143,-0.061111111111111116
2025,12,Zach Charbonnet,SEA,TEN,RB2,td,0.62,1,1.625,1.5,14.3,103.0,0.143,-0.061111111111111116
2025,12,Rashid Shaheed,SEA,TEN,WR2,rec_yds,50.25,0,0.0,12.0,10.33,95.0,0.143,-0.14454545454545453
2025,12,Rashid Shaheed,SEA,TEN,WR2,td,0.25,0,0.0,6.5,10.33,95.0,0.143,-0.14454545454545453
2025,12,Jaxon Smith-Njigba,SEA,TEN,WR1,rec_yds,101.93,167,1.638,15.0,13.5,107.0,0.143,0.10699999999999987
2025,12,Jaxon Smith-Njigba,SEA,TEN,WR1,td,0.46,2,4.308,12.5,13.5,107.0,0.143,0.10699999999999987
2025,12,Cooper Kupp,SEA,TEN,WR3,rec_yds,45.69,24,0.525,9.5,19.17,98.0,0.143,0.08333333333333348
2025,12,Cooper Kupp,SEA,TEN,WR3,td,0.23,0,0.0,31.5,19.17,98.0,0.143,0.08333333333333348
2025,12,AJ Barner,SEA,TEN,TE1,rec_yds,26.86,18,0.67,24.0,25.33,103.0,0.143,0.10399999999999998
2025,12,AJ Barner,SEA,TEN,TE1,td,0.46,0,0.0,32.0,25.33,103.0,0.143,0.10399999999999998
2025,12,Cam Ward,TEN,SEA,QB1,pass_yds,195.4,256,1.31,17.0,18.9,86.0,-0.259,0.0
2025,12,Cam Ward,TEN,SEA,QB1,pass_td,0.6,1,1.667,19.0,18.9,86.0,-0.259,0.0
2025,12,Tony Pollard,TEN,SEA,RB1,rush_yds,52.18,20,0.383,29.0,18.9,97.0,-0.259,-0.19500000000000006
2025,12,Tony Pollard,TEN,SEA,RB1,rush_att,13.43,11,0.819,29.0,18.9,97.0,-0.259,-0.19500000000000006
2025,12,Tony Pollard,TEN,SEA,RB1,td,0.21,0,0.0,30.0,18.9,97.0,-0.259,-0.19500000000000006
2025,12,Tyjae Spears,TEN,SEA,RB2,rush_yds,26.75,4,0.15,9.0,9.9,97.0,-0.259,0.0683333333333333
2025,12,Tyjae Spears,TEN,SEA,RB2,td,0.3,0,0.0,16.5,9.9,97.0,-0.259,0.0683333333333333
2025,12,Chimere Dike,TEN,SEA,WR1,rec_yds,20.8,44,2.115,23.0,16.0,93.0,-0.259,-0.236
2025,12,Chig Okonkwo,TEN,SEA,TE1,rec_yds,35.5,40,1.127,1.0,10.5,89.0,-0.259,0.002000000000000113
2025,12,Van Jefferson,TEN,SEA,WR2,rec_yds,21.46,11,0.513,29.0,19.33,96.0,-0.259,0.28125
2025,12,Quinshon Judkins,CLE,LV,RB1,rush_yds,68.89,47,0.682,22.0,22.6,97.0,-0.149,0.10444444444444445
2025,12,Quinshon Judkins,CLE,LV,RB1,rush_att,17.44,16,0.917,22.0,22.6,97.0,-0.149,0.10444444444444445
2025,12,Quinshon Judkins,CLE,LV,RB1,td,0.56,2,3.6,19.0,22.6,97.0,-0.149,0.10444444444444445
2025,12,Harold Fannin,CLE,LV,TE1,rec_yds,42.2,40,0.948,19.0,19.0,102.0,-0.149,-0.008000000000000118
2025,12,Harold Fannin,CLE,LV,TE1,td,0.2,0,0.0,15.0,19.0,102.0,-0.149,-0.008000000000000118
2025,12,Jerry Jeudy,CLE,LV,WR1,rec_yds,54.39,39,0.717,28.0,20.0,100.0,-0.149,-0.029000000000000026
2025,12,Jerry Jeudy,CLE,LV,WR1,td,0.18,0,0.0,3.0,20.0,100.0,-0.149,-0.029000000000000026
2025,12,Cedric Tillman,CLE,LV,WR3,rec_yds,33.7,5,0.148,15.0,11.33,105.0,-0.149,0.06333333333333324
2025,12,Cedric Tillman,CLE,LV,WR3,td,0.35,0,0.0,10.0,11.33,105.0,-0.149,0.06333333333333324
2025,12,Geno Smith,LV,CLE,QB1,pass_yds,211.57,285,1.347,31.0,25.4,101.0,-0.277,0.017000000000000015
2025,12,Geno Smith,LV,CLE,QB1,pass_td,1.21,1,0.824,15.0,25.4,101.0,-0.277,0.017000000000000015
2025,12,Ashton Jeanty,LV,CLE,RB1,rush_yds,55.4,50,0.903,26.0,26.1,102.0,-0.277,-0.0050000000000000044
2025,12,Ashton Jeanty,LV,CLE,RB1,rush_att,14.9,17,1.141,26.0,26.1,102.0,-0.277,-0.0050000000000000044
2025,12,Ashton Jeanty,LV,CLE,RB1,td,0.7,1,1.429,16.0,26.1,102.0,-0.277,-0.0050000000000000044
2025,12,Brock Bowers,LV,CLE,TE1,rec_yds,69.27,55,0.794,32.0,26.0,99.0,-0.277,0.18571428571428583
2025,12,Brock Bowers,LV,CLE,TE1,td,0.41,0,0.0,15.0,26.0,99.0,-0.277,0.18571428571428583
2025,12,Tre Tucker,LV,CLE,WR1,rec_yds,45.93,28,0.61,27.0,25.67,100.0,-0.277,0.03399999999999981
2025,12,Tre Tucker,LV,CLE,WR1,td,0.43,0,0.0,18.0,25.67,100.0,-0.277,0.03399999999999981
2025,12,Trevor Lawrence,JAX,ARI,QB1,pass_yds,213.04,256,1.202,14.0,20.4,95.0,0.124,-0.09900000000000009
2025,12,Trevor Lawrence,JAX,ARI,QB1,pass_td,1.14,3,2.625,28.0,20.4,95.0,0.124,-0.09900000000000009
2025,12,Travis Etienne,JAX,ARI,RB1,rush_yds,62.93,86,1.367,11.0,6.6,96.0,0.124,-0.08900000000000008
2025,12,Travis Etienne,JAX,ARI,RB1,rush_att,14.25,15,1.053,11.0,6.6,96.0,0.124,-0.08900000000000008
2025,12,Travis Etienne,JAX,ARI,RB1,td,0.43,1,2.333,7.0,6.6,96.0,0.124,-0.08900000000000008
2025,12,Bhayshul Tuten,JAX,ARI,RB2,rush_yds,23.8,17,0.714,11.0,17.4,103.0,0.124,0.10000000000000003
2025,12,Bhayshul Tuten,JAX,ARI,RB2,td,0.4,0,0.0,8.5,17.4,103.0,0.124,0.10000000000000003
2025,12,Brenton Strange,JAX,ARI,TE1,rec_yds,34.94,93,2.661,21.0,19.67,103.0,0.124,-0.348
2025,12,Parker Washington,JAX,ARI,WR2,rec_yds,39.35,71,1.804,21.0,15.67,95.0,0.124,0.11777777777777787
2025,12,Parker Washington,JAX,ARI,WR2,td,0.27,1,3.714,23.0,15.67,95.0,0.124,0.11777777777777787
2025,12,Jakobi Meyers,JAX,ARI,WR1,rec_yds,58.12,50,0.86,7.0,15.5,107.0,0.124,-0.188888888888889
2025,12,Tim Patrick,JAX,ARI,WR3,td,0.32,0,0.0,19.0,24.83,98.0,0.124,0.3214285714285714
2025,12,Jacoby Brissett,ARI,JAX,QB1,pass_yds,188.86,317,1.679,3.0,7.0,106.0,-0.095,0.2828571428571429
2025,12,Jacoby Brissett,ARI,JAX,QB1,pass_td,1.05,1,0.955,3.0,7.0,106.0,-0.095,0.2828571428571429
2025,12,Michael Carter,ARI,JAX,RB2,rush_yds,23.0,28,1.217,21.0,10.8,106.0,-0.095,0.09166666666666667
2025,12,Michael Carter,ARI,JAX,RB2,td,0.2,0,0.0,10.0,10.8,106.0,-0.095,0.09166666666666667
2025,12,Zonovan Knight,ARI,JAX,RB1,rush_yds,30.17,12,0.398,24.0,17.3,97.0,-0.095,-0.01666666666666672
2025,12,Zonovan Knight,ARI,JAX,RB1,td,0.5,1,2.0,23.0,17.3,97.0,-0.095,-0.01666666666666672
2025,12,Michael Wilson,ARI,JAX,WR1,rec_yds,39.18,118,3.012,2.0,2.83,100.0,-0.095,0.040999999999999925
2025,12,Trey McBride,ARI,JAX,TE1,rec_yds,75.04,79,1.053,3.0,4.67,102.0,-0.095,-0.010000000000000009
2025,12,Trey McBride,ARI,JAX,TE1,td,0.57,0,0.0,2.0,4.67,102.0,-0.095,-0.010000000000000009
2025,12,Greg Dortch,ARI,JAX,WR2,td,0.29,1,3.5,18.0,15.33,107.0,-0.095,0.353
2025,12,Kirk Cousins,ATL,NO,QB1,pass_yds,172.14,199,1.156,19.0,19.0,106.0,-0.056,-0.15666666666666662
2025,12,Kirk Cousins,ATL,NO,QB1,pass_td,0.64,2,3.111,19.0,19.0,106.0,-0.056,-0.15666666666666662
2025,12,Bijan Robinson,ATL,NO,RB1,rush_yds,85.36,70,0.82,14.0,13.3,97.0,-0.056,0.06399999999999995
2025,12,Bijan Robinson,ATL,NO,RB1,rush_att,17.32,14,0.808,14.0,13.3,97.0,-0.056,0.06399999999999995
2025,12,Bijan Robinson,ATL,NO,RB1,rec_yds,40.71,37,0.909,21.0,13.3,97.0,-0.056,0.06399999999999995
2025,12,Bijan Robinson,ATL,NO,RB1,td,0.79,0,0.0,3.5,13.3,97.0,-0.056,0.06399999999999995
2025,12,Tyler Allgeier,ATL,NO,RB2,rush_yds,29.79,44,1.477,2.0,18.9,106.0,-0.056,-0.07100000000000004
2025,12,Tyler Allgeier,ATL,NO,RB2,td,0.54,0,0.0,21.0,18.9,106.0,-0.056,-0.07100000000000004
2025,12,Darnell Mooney,ATL,NO,WR1,rec_yds,39.17,74,1.889,16.0,14.83,100.0,-0.056,0.07625000000000004
2025,12,Kyle Pitts,ATL,NO,TE1,rec_yds,37.14,25,0.673,16.0,15.67,102.0,-0.056,-0.02100000000000002
2025,12,Tyler Shough,NO,ATL,QB1,pass_yds,146.5,243,1.659,23.0,14.5,102.0,-0.07,0.245
2025,12,Tyler Shough,NO,ATL,QB1,pass_td,0.75,0,0.0,4.0,14.5,102.0,-0.07,0.245
2025,12,Alvin Kamara,NO,ATL,RB1,rush_yds,51.5,11,0.214,7.0,7.4,100.0,-0.07,-0.05700000000000005
2025,12,Alvin Kamara,NO,ATL,RB1,rush_att,13.57,3,0.221,7.0,7.4,100.0,-0.07,-0.05700000000000005
2025,12,Alvin Kamara,NO,ATL,RB1,rec_yds,23.89,4,0.167,4.0,7.4,100.0,-0.07,-0.05700000000000005
2025,12,Chris Olave,NO,ATL,WR1,rec_yds,61.71,70,1.134,17.0,15.83,95.0,-0.07,-0.29499999999999993
2025,12,Chris Olave,NO,ATL,WR1,td,0.32,0,0.0,9.5,15.83,95.0,-0.07,-0.29499999999999993
2025,12,Juwan Johnson,NO,ATL,TE1,rec_yds,46.61,46,0.987,27.0,28.0,105.0,-0.07,-0.29900000000000004
2025,12,Juwan Johnson,NO,ATL,TE1,td,0.29,0,0.0,29.0,28.0,105.0,-0.07,-0.29900000000000004
2025,12,Devaughn Vele,NO,ATL,WR2,rec_yds,22.61,37,1.636,19.0,10.33,104.0,-0.07,0.40399999999999997
2025,12,Devaughn Vele,NO,ATL,WR2,td,0.28,0,0.0,1.0,10.33,104.0,-0.07,0.40399999999999997
2025,12,Jalen Hurts,PHI,DAL,QB1,pass_yds,191.04,289,1.513,4.0,1.9,106.0,0.195,0.007000000000000006
2025,12,Jalen Hurts,PHI,DAL,QB1,pass_td,1.5,1,0.667,1.5,1.9,106.0,0.195,0.007000000000000006
2025,12,Saquon Barkley,PHI,DAL,RB1,rush_yds,85.86,22,0.256,15.0,9.0,97.0,0.195,0.029000000000000026
2025,12,Saquon Barkley,PHI,DAL,RB1,rush_att,19.21,10,0.52,15.0,9.0,97.0,0.195,0.029000000000000026
2025,12,Saquon Barkley,PHI,DAL,RB1,td,0.68,0,0.0,14.0,9.0,97.0,0.195,0.029000000000000026
2025,12,Tank Bigsby,PHI,DAL,RB2,rush_yds,33.83,8,0.236,13.0,13.2,106.0,0.195,-0.05
2025,12,Tank Bigsby,PHI,DAL,RB2,td,0.17,0,0.0,8.5,13.2,106.0,0.195,-0.05
2025,12,A.J. Brown,PHI,DAL,WR2,rec_yds,59.58,110,1.846,3.0,8.17,107.0,0.195,0.01333333333333342
2025,12,A.J. Brown,PHI,DAL,WR2,td,0.38,1,2.6,12.5,8.17,107.0,0.195,0.01333333333333342
2025,12,DeVonta Smith,PHI,DAL,WR1,rec_yds,66.5,89,1.338,14.0,13.17,100.0,0.195,0.05799999999999983
2025,12,DeVonta Smith,PHI,DAL,WR1,td,0.43,0,0.0,1.0,13.17,100.0,0.195,0.05799999999999983
2025,12,Dallas Goedert,PHI,DAL,TE1,rec_yds,43.81,20,0.457,17.0,11.5,102.0,0.195,0.06222222222222218
2025,12,Dallas Goedert,PHI,DAL,TE1,td,0.62,0,0.0,6.5,11.5,102.0,0.195,0.06222222222222218
2025,12,Jahan Dotson,PHI,DAL,WR3,rec_yds,23.71,0,0.0,22.0,21.67,105.0,0.195,-0.23125
2025,12,Dak Prescott,DAL,PHI,QB1,pass_yds,255.43,354,1.386,29.0,21.3,101.0,0.061,0.026000000000000023
2025,12,Dak Prescott,DAL,PHI,QB1,pass_td,1.89,2,1.057,31.0,21.3,101.0,0.061,0.026000000000000023
2025,12,Javonte Williams,DAL,PHI,RB1,rush_yds,62.29,87,1.397,25.0,18.6,102.0,0.061,0.02400000000000002
2025,12,Javonte Williams,DAL,PHI,RB1,rush_att,12.82,20,1.56,25.0,18.6,102.0,0.061,0.02400000000000002
2025,12,Javonte Williams,DAL,PHI,RB1,td,0.71,0,0.0,10.0,18.6,102.0,0.061,0.02400000000000002
2025,12,KaVontae Turpin,DAL,PHI,WR3,rec_yds,25.29,48,1.898,26.0,20.5,96.0,0.061,-0.05124999999999996
2025,12,Jake Ferguson,DAL,PHI,TE1,rec_yds,36.82,60,1.629,30.0,28.5,99.0,0.061,-0.05500000000000005
2025,12,Jake Ferguson,DAL,PHI,TE1,td,0.5,0,0.0,30.5,28.5,99.0,0.061,-0.05500000000000005
2025,12,George Pickens,DAL,PHI,WR1,rec_yds,84.04,146,1.737,26.0,25.33,100.0,0.061,-0.16700000000000004
2025,12,George Pickens,DAL,PHI,WR1,td,0.61,1,1.647,29.0,25.33,100.0,0.061,-0.16700000000000004
2025,12,CeeDee Lamb,DAL,PHI,WR2,rec_yds,84.75,75,0.885,6.0,11.17,99.0,0.061,-0.09499999999999986
2025,12,CeeDee Lamb,DAL,PHI,WR2,td,0.3,0,0.0,12.5,11.17,99.0,0.061,-0.09499999999999986
2025,12,Baker Mayfield,TB,LAR,QB1,pass_yds,244.32,41,0.168,8.0,16.5,95.0,-0.065,-0.0050000000000001155
2025,12,Baker Mayfield,TB,LAR,QB1,pass_td,1.86,1,0.538,23.0,16.5,95.0,-0.065,-0.0050000000000001155
2025,12,Sean Tucker,TB,LAR,RB2,rush_yds,28.86,42,1.455,30.0,24.1,103.0,-0.065,0.20142857142857143
2025,12,Sean Tucker,TB,LAR,RB2,td,0.5,0,0.0,28.0,24.1,103.0,-0.065,0.20142857142857143
2025,12,Rachaad White,TB,LAR,RB1,rush_yds,39.61,38,0.959,10.0,14.5,96.0,-0.065,0.041000000000000036
2025,12,Rachaad White,TB,LAR,RB1,td,0.5,0,0.0,32.0,14.5,96.0,-0.065,0.041000000000000036
2025,12,Tez Johnson,TB,LAR,WR3,rec_yds,29.0,21,0.724,16.0,19.67,98.0,-0.065,0.2877777777777778
2025,12,Tez Johnson,TB,LAR,WR3,td,0.44,1,2.25,31.5,19.67,98.0,-0.065,0.2877777777777778
2025,12,Emeka Egbuka,TB,LAR,WR1,rec_yds,71.7,32,0.446,6.0,9.5,107.0,-0.065,0.119
2025,12,Emeka Egbuka,TB,LAR,WR1,td,0.6,0,0.0,7.5,9.5,107.0,-0.065,0.119
2025,12,Cade Otton,TB,LAR,TE1,rec_yds,46.12,21,0.455,2.0,2.67,103.0,-0.065,0.022222222222222032
2025,12,Sterling Shepard,TB,LAR,WR2,rec_yds,32.89,12,0.365,18.0,17.83,95.0,-0.065,0.07199999999999995
2025,12,Matthew Stafford,LAR,TB,QB1,pass_yds,246.68,273,1.107,2.0,4.1,106.0,0.162,0.0039999999999998925
2025,12,Matthew Stafford,LAR,TB,QB1,pass_td,2.32,3,1.292,10.0,4.1,106.0,0.162,0.0039999999999998925
2025,12,Kyren Williams,LAR,TB,RB1,rush_yds,78.46,46,0.586,27.0,13.0,97.0,0.162,-0.028000000000000025
2025,12,Kyren Williams,LAR,TB,RB1,rush_att,16.82,12,0.713,27.0,13.0,97.0,0.162,-0.028000000000000025
2025,12,Kyren Williams,LAR,TB,RB1,td,0.86,0,0.0,14.0,13.0,97.0,0.162,-0.028000000000000025
2025,12,Blake Corum,LAR,TB,RB2,rush_yds,27.18,24,0.883,31.0,13.9,106.0,0.162,0.045999999999999985
2025,12,Puka Nacua,LAR,TB,WR1,rec_yds,97.62,97,0.994,24.0,20.0,100.0,0.162,-0.014444444444444371
2025,12,Puka Nacua,LAR,TB,WR1,td,0.54,0,0.0,24.5,20.0,100.0,0.162,-0.014444444444444371
2025,12,Davante Adams,LAR,TB,WR2,rec_yds,64.89,62,0.955,9.0,9.83,107.0,0.162,0.10099999999999987
2025,12,Davante Adams,LAR,TB,WR2,td,0.93,2,2.154,12.5,9.83,107.0,0.162,0.10099999999999987
2025,12,Colby Parkinson,LAR,TB,TE1,td,0.23,1,4.4,9.5,9.33,102.0,0.162,0.2014285714285714
2025,12,Jordan Whittington,LAR,TB,WR3,rec_yds,25.14,17,0.676,4.0,7.17,105.0,0.162,-0.11625000000000008
2025,12,Bryce Young,CAR,SF,QB1,pass_yds,201.18,169,0.84,13.0,14.9,106.0,0.03900000000000001,0.051999999999999935
2025,12,Bryce Young,CAR,SF,QB1,pass_td,1.43,1,0.7,6.0,14.9,106.0,0.03900000000000001,0.051999999999999935
2025,12,Rico Dowdle,CAR,SF,RB1,rush_yds,79.03,38,0.481,18.0,9.6,97.0,0.03900000000000001,0.26363636363636356
2025,12,Rico Dowdle,CAR,SF,RB1,rush_att,16.27,6,0.369,18.0,9.6,97.0,0.03900000000000001,0.26363636363636356
2025,12,Rico Dowdle,CAR,SF,RB1,td,0.47,0,0.0,2.0,9.6,97.0,0.03900000000000001,0.26363636363636356
2025,12,Chuba Hubbard,CAR,SF,RB2,rush_yds,51.0,16,0.314,14.0,15.6,106.0,0.03900000000000001,-0.2844444444444445
2025,12,Chuba Hubbard,CAR,SF,RB2,rush_att,12.65,3,0.237,14.0,15.6,106.0,0.03900000000000001,-0.2844444444444445
2025,12,Chuba Hubbard,CAR,SF,RB2,td,0.5,0,0.0,26.5,15.6,106.0,0.03900000000000001,-0.2844444444444445
2025,12,Tetairoa McMillan,CAR,SF,WR1,rec_yds,68.0,35,0.515,19.0,16.33,100.0,0.03900000000000001,-0.027272727272727115
2025,12,Tetairoa McMillan,CAR,SF,WR1,td,0.36,1,2.75,26.0,16.33,100.0,0.03900000000000001,-0.027272727272727115
2025,12,Jalen Coker,CAR,SF,WR3,rec_yds,34.22,32,0.935,21.0,22.5,105.0,0.03900000000000001,0.05600000000000005
2025,12,Xavier Legette,CAR,SF,WR2,rec_yds,31.31,22,0.703,5.0,5.17,107.0,0.03900000000000001,-0.18222222222222217
2025,12,Xavier Legette,CAR,SF,WR2,td,0.27,0,0.0,4.5,5.17,107.0,0.03900000000000001,-0.18222222222222217
2025,12,Ja'Tavion Sanders,CAR,SF,TE1,rec_yds,22.12,6,0.271,18.0,13.17,102.0,0.03900000000000001,-0.03374999999999995
2025,12,Brock Purdy,SF,CAR,QB1,pass_yds,256.79,193,0.752,18.0,15.7,106.0,0.15,-0.06000000000000005
2025,12,Brock Purdy,SF,CAR,QB1,pass_td,1.79,1,0.56,12.5,15.7,106.0,0.15,-0.06000000000000005
2025,12,Christian McCaffrey,SF,CAR,RB1,rush_yds,62.15,89,1.432,1.0,8.2,97.0,0.15,-0.1227272727272728
2025,12,Christian McCaffrey,SF,CAR,RB1,rush_att,16.77,24,1.431,1.0,8.2,97.0,0.15,-0.1227272727272728
2025,12,Christian McCaffrey,SF,CAR,RB1,rec_yds,61.92,53,0.856,17.0,8.2,97.0,0.15,-0.1227272727272728
2025,12,Christian McCaffrey,SF,CAR,RB1,td,0.85,1,1.182,11.0,8.2,97.0,0.15,-0.1227272727272728
2025,12,Brian Robinson Jr.,SF,CAR,RB2,rush_yds,33.11,40,1.208,10.0,8.7,106.0,0.15,0.10799999999999998
2025,12,Brian Robinson Jr.,SF,CAR,RB2,td,0.21,0,0.0,4.5,8.7,106.0,0.15,0.10799999999999998
2025,12,Ricky Pearsall,SF,CAR,WR2,rec_yds,55.28,6,0.109,32.0,27.33,107.0,0.15,-0.051999999999999935
2025,12,Ricky Pearsall,SF,CAR,WR2,td,0.17,0,0.0,21.0,27.33,107.0,0.15,-0.051999999999999935
2025,12,George Kittle,SF,CAR,TE1,rec_yds,55.25,78,1.412,15.0,16.67,102.0,0.15,0.09999999999999998
2025,12,George Kittle,SF,CAR,TE1,td,0.6,0,0.0,8.0,16.67,102.0,0.15,0.09999999999999998
2025,12,Jauan Jennings,SF,CAR,WR1,rec_yds,47.46,41,0.864,1.0,4.33,100.0,0.15,-0.04888888888888898
2025,12,Jauan Jennings,SF,CAR,WR1,td,0.35,1,2.889,6.0,4.33,100.0,0.15,-0.04888888888888898
2025,13,Jordan Love,GB,DET,QB1,pass_yds,222.97,234,1.049,8.0,8.5,101.0,0.135,-0.06999999999999995
2025,13,Jordan Love,GB,DET,QB1,pass_td,1.33,4,3.0,18.5,8.5,101.0,0.135,-0.06999999999999995
2025,13,Josh Jacobs,GB,DET,RB1,rush_yds,66.54,83,1.247,29.0,26.7,102.0,0.135,-0.41800000000000004
2025,13,Josh Jacobs,GB,DET,RB1,rush_att,17.18,17,0.99,29.0,26.7,102.0,0.135,-0.41800000000000004
2025,13,Josh Jacobs,GB,DET,RB1,rec_yds,24.57,8,0.326,23.0,26.7,102.0,0.135,-0.41800000000000004
2025,13,Josh Jacobs,GB,DET,RB1,td,1.21,0,0.0,28.5,26.7,102.0,0.135,-0.41800000000000004
2025,13,Emanuel Wilson,GB,DET,RB2,rush_yds,32.21,14,0.435,27.0,25.3,99.0,0.135,0.22900000000000004
2025,13,Emanuel Wilson,GB,DET,RB2,td,0.32,0,0.0,23.0,25.3,99.0,0.135,0.22900000000000004
2025,13,Dontayvion Wicks,GB,DET,WR2,rec_yds,24.96,94,3.766,19.0,20.33,99.0,0.135,-0.04777777777777781
2025,13,Christian Watson,GB,DET,WR3,rec_yds,55.0,80,1.455,1.0,4.33,96.0,0.135,0.027999999999999914
2025,13,Christian Watson,GB,DET,WR3,td,0.22,1,4.5,11.0,4.33,96.0,0.135,0.027999999999999914
2025,13,Romeo Doubs,GB,DET,WR1,rec_yds,47.57,20,0.42,11.0,9.0,100.0,0.135,-0.07090909090909092
2025,13,Romeo Doubs,GB,DET,WR1,td,0.33,1,3.0,2.0,9.0,100.0,0.135,-0.07090909090909092
2025,13,Jared Goff,DET,GB,QB1,pass_yds,269.57,256,0.95,27.0,28.4,106.0,0.11499999999999999,0.022727272727272707
2025,13,Jared Goff,DET,GB,QB1,pass_td,2.23,2,0.896,28.0,28.4,106.0,0.11499999999999999,0.022727272727272707
2025,13,David Montgomery,DET,GB,RB2,rush_yds,47.17,32,0.678,23.0,16.7,106.0,0.11499999999999999,-0.05909090909090903
2025,13,David Montgomery,DET,GB,RB2,rush_att,11.03,8,0.725,23.0,16.7,106.0,0.11499999999999999,-0.05909090909090903
2025,13,David Montgomery,DET,GB,RB2,td,0.53,1,1.875,23.0,16.7,106.0,0.11499999999999999,-0.05909090909090903
2025,13,Jahmyr Gibbs,DET,GB,RB1,rush_yds,86.23,68,0.789,21.0,21.5,97.0,0.11499999999999999,0.10999999999999988
2025,13,Jahmyr Gibbs,DET,GB,RB1,rush_att,14.6,20,1.37,21.0,21.5,97.0,0.11499999999999999,0.10999999999999988
2025,13,Jahmyr Gibbs,DET,GB,RB1,rec_yds,35.77,18,0.503,21.0,21.5,97.0,0.11499999999999999,0.10999999999999988
2025,13,Jahmyr Gibbs,DET,GB,RB1,td,1.27,0,0.0,25.5,21.5,97.0,0.11499999999999999,0.10999999999999988
2025,13,Isaac TeSlaa,DET,GB,WR3,td,0.25,1,4.0,5.5,6.5,105.0,0.11499999999999999,0.15375
2025,13,Amon-Ra St. Brown,DET,GB,WR1,rec_yds,83.57,0,0.0,30.0,20.83,100.0,0.11499999999999999,0.07818181818181813
2025,13,Amon-Ra St. Brown,DET,GB,WR1,td,0.77,0,0.0,11.0,20.83,100.0,0.11499999999999999,0.07818181818181813
2025,13,Jameson Williams,DET,GB,WR2,rec_yds,57.03,144,2.525,25.0,25.83,107.0,0.11499999999999999,0.0763636363636363
2025,13,Jameson Williams,DET,GB,WR2,td,0.5,1,2.0,31.5,25.83,107.0,0.11499999999999999,0.0763636363636363
2025,13,Patrick Mahomes,KC,DAL,QB1,pass_yds,264.67,261,0.986,4.0,1.7,106.0,0.20500000000000002,0.025454545454545507
2025,13,Patrick Mahomes,KC,DAL,QB1,pass_td,1.7,4,2.353,1.5,1.7,106.0,0.20500000000000002,0.025454545454545507
2025,13,Kareem Hunt,KC,DAL,RB1,rush_yds,40.93,58,1.417,16.0,9.6,97.0,0.20500000000000002,0.24727272727272726
2025,13,Kareem Hunt,KC,DAL,RB1,rush_att,10.7,14,1.308,16.0,9.6,97.0,0.20500000000000002,0.24727272727272726
2025,13,Kareem Hunt,KC,DAL,RB1,td,0.6,0,0.0,17.0,9.6,97.0,0.20500000000000002,0.24727272727272726
2025,13,Isiah Pacheco,KC,DAL,RB2,rush_yds,42.09,16,0.38,14.0,14.2,106.0,0.20500000000000002,0.011249999999999871
2025,13,Isiah Pacheco,KC,DAL,RB2,rush_att,10.39,3,0.289,14.0,14.2,106.0,0.20500000000000002,0.011249999999999871
2025,13,Isiah Pacheco,KC,DAL,RB2,td,0.22,0,0.0,9.0,14.2,106.0,0.20500000000000002,0.011249999999999871
2025,13,Xavier Worthy,KC,DAL,WR2,rec_yds,41.65,61,1.464,1.0,4.5,107.0,0.20500000000000002,0.11111111111111116
2025,13,Xavier Worthy,KC,DAL,WR2,td,0.23,0,0.0,9.5,4.5,107.0,0.20500000000000002,0.11111111111111116
2025,13,Rashee Rice,KC,DAL,WR3,rec_yds,82.77,92,1.112,24.0,23.67,105.0,0.20500000000000002,-0.07399999999999995
2025,13,Rashee Rice,KC,DAL,WR3,td,0.77,2,2.6,26.0,23.67,105.0,0.20500000000000002,-0.07399999999999995
2025,13,Travis Kelce,KC,DAL,TE1,rec_yds,57.87,45,0.778,19.0,13.17,102.0,0.20500000000000002,0.10181818181818181
2025,13,Travis Kelce,KC,DAL,TE1,td,0.33,1,3.0,7.5,13.17,102.0,0.20500000000000002,0.10181818181818181
2025,13,Marquise Brown,KC,DAL,WR1,rec_yds,40.38,20,0.495,14.0,11.67,100.0,0.20500000000000002,-0.1809090909090909
2025,13,Marquise Brown,KC,DAL,WR1,td,0.33,1,3.0,1.0,11.67,100.0,0.20500000000000002,-0.1809090909090909
2025,13,Dak Prescott,DAL,KC,QB1,pass_yds,262.0,320,1.221,24.0,16.2,95.0,0.104,0.023636363636363567
2025,13,Dak Prescott,DAL,KC,QB1,pass_td,1.9,2,1.053,29.0,16.2,95.0,0.104,0.023636363636363567
2025,13,Javonte Williams,DAL,KC,RB1,rush_yds,63.93,59,0.923,31.0,30.0,96.0,0.104,0.021818181818181848
2025,13,Javonte Williams,DAL,KC,RB1,rush_att,13.3,17,1.278,31.0,30.0,96.0,0.104,0.021818181818181848
2025,13,Javonte Williams,DAL,KC,RB1,td,0.67,1,1.5,31.0,30.0,96.0,0.104,0.021818181818181848
2025,13,CeeDee Lamb,DAL,KC,WR2,rec_yds,83.86,112,1.336,24.0,25.33,95.0,0.104,0.021428571428571574
2025,13,CeeDee Lamb,DAL,KC,WR2,td,0.27,1,3.667,26.0,25.33,95.0,0.104,0.021428571428571574
2025,13,George Pickens,DAL,KC,WR1,rec_yds,88.17,88,0.998,31.0,24.5,107.0,0.104,-0.051818181818181874
2025,13,George Pickens,DAL,KC,WR1,td,0.63,0,0.0,29.5,24.5,107.0,0.104,-0.051818181818181874
2025,13,Jake Ferguson,DAL,KC,TE1,rec_yds,38.37,36,0.938,8.0,14.0,103.0,0.104,0.004545454545454408
2025,13,Jake Ferguson,DAL,KC,TE1,td,0.47,0,0.0,24.0,14.0,103.0,0.104,0.004545454545454408
2025,13,Ryan Flournoy,DAL,KC,WR3,rec_yds,21.83,34,1.558,28.0,16.67,98.0,0.104,-0.027500000000000024
2025,13,Ryan Flournoy,DAL,KC,WR3,td,0.17,0,0.0,2.0,16.67,98.0,0.104,-0.027500000000000024
2025,13,Joe Burrow,CIN,BAL,QB1,pass_yds,254.33,261,1.026,7.0,14.2,106.0,0.034,-0.35000000000000003
2025,13,Joe Burrow,CIN,BAL,QB1,pass_td,2.25,2,0.889,18.5,14.2,106.0,0.034,-0.35000000000000003
2025,13,Chase Brown,CIN,BAL,RB1,rush_yds,62.77,78,1.243,32.0,20.3,97.0,0.034,0.19454545454545458
2025,13,Chase Brown,CIN,BAL,RB1,rush_att,14.7,15,1.02,32.0,20.3,97.0,0.034,0.19454545454545458
2025,13,Chase Brown,CIN,BAL,RB1,rec_yds,26.77,35,1.308,3.0,20.3,97.0,0.034,0.19454545454545458
2025,13,Chase Brown,CIN,BAL,RB1,td,0.4,0,0.0,25.5,20.3,97.0,0.034,0.19454545454545458
2025,13,Ja'Marr Chase,CIN,BAL,WR1,rec_yds,96.89,110,1.135,5.0,8.67,100.0,0.034,0.020000000000000018
2025,13,Ja'Marr Chase,CIN,BAL,WR1,td,0.71,0,0.0,14.0,8.67,100.0,0.034,0.020000000000000018
2025,13,Andrei Iosivas,CIN,BAL,WR2,rec_yds,35.15,29,0.825,22.0,19.17,107.0,0.034,0.0011111111111110628
2025,13,Andrei Iosivas,CIN,BAL,WR2,td,0.15,1,6.5,15.5,19.17,107.0,0.034,0.0011111111111110628
2025,13,Mitchell Tinsley,CIN,BAL,WR3,td,0.4,0,0.0,3.5,2.83,105.0,0.034,0.46
2025,13,Noah Fant,CIN,BAL,TE1,rec_yds,32.0,3,0.094,15.0,20.5,102.0,0.034,-0.15666666666666662
2025,13,Noah Fant,CIN,BAL,TE1,td,0.27,0,0.0,27.5,20.5,102.0,0.034,-0.15666666666666662
2025,13,Lamar Jackson,BAL,CIN,QB1,pass_yds,207.62,246,1.185,6.0,6.8,102.0,0.161,0.04500000000000004
2025,13,Lamar Jackson,BAL,CIN,QB1,pass_td,2.12,0,0.0,1.5,6.8,102.0,0.161,0.04500000000000004
2025,13,Derrick Henry,BAL,CIN,RB1,rush_yds,87.03,60,0.689,3.0,9.8,100.0,0.161,-0.0018181818181817189
2025,13,Derrick Henry,BAL,CIN,RB1,rush_att,17.7,10,0.565,3.0,9.8,100.0,0.161,-0.0018181818181817189
2025,13,Derrick Henry,BAL,CIN,RB1,td,0.77,1,1.304,9.0,9.8,100.0,0.161,-0.0018181818181817189
2025,13,Keaton Mitchell,BAL,CIN,RB2,rush_yds,21.29,19,0.893,11.0,4.0,97.0,0.161,0.04000000000000001
2025,13,Mark Andrews,BAL,CIN,TE1,rec_yds,31.8,47,1.478,1.0,2.5,105.0,0.161,0.008181818181818179
2025,13,Mark Andrews,BAL,CIN,TE1,td,0.63,0,0.0,1.0,2.5,105.0,0.161,0.008181818181818179
2025,13,DeAndre Hopkins,BAL,CIN,WR3,rec_yds,26.2,25,0.954,15.0,10.5,118.0,0.161,0.1863636363636364
2025,13,DeAndre Hopkins,BAL,CIN,WR3,td,0.2,0,0.0,5.5,10.5,118.0,0.161,0.1863636363636364
2025,13,Zay Flowers,BAL,CIN,WR1,rec_yds,64.23,6,0.093,26.0,28.83,95.0,0.161,-0.023636363636363678
2025,13,Rashod Bateman,BAL,CIN,WR2,rec_yds,27.77,0,0.0,28.0,27.5,104.0,0.161,-0.0788888888888889
2025,13,Rashod Bateman,BAL,CIN,WR2,td,0.38,0,0.0,26.0,27.5,104.0,0.161,-0.0788888888888889
2025,13,Caleb Williams,CHI,PHI,QB1,pass_yds,229.73,154,0.67,25.0,19.3,101.0,0.025999999999999995,0.014545454545454528
2025,13,Caleb Williams,CHI,PHI,QB1,pass_td,1.43,1,0.698,30.5,19.3,101.0,0.025999999999999995,0.014545454545454528
2025,13,Kyle Monangai,CHI,PHI,RB2,rush_yds,41.91,130,3.102,22.0,20.5,99.0,0.025999999999999995,0.14090909090909087
2025,13,Kyle Monangai,CHI,PHI,RB2,td,0.36,1,2.75,32.0,20.5,99.0,0.025999999999999995,0.14090909090909087
2025,13,D'Andre Swift,CHI,PHI,RB1,rush_yds,60.46,125,2.067,22.0,18.6,102.0,0.025999999999999995,-0.13799999999999996
2025,13,D'Andre Swift,CHI,PHI,RB1,rush_att,14.14,18,1.273,22.0,18.6,102.0,0.025999999999999995,-0.13799999999999996
2025,13,D'Andre Swift,CHI,PHI,RB1,rec_yds,21.57,13,0.603,7.0,18.6,102.0,0.025999999999999995,-0.13799999999999996
2025,13,D'Andre Swift,CHI,PHI,RB1,td,0.43,1,2.333,12.5,18.6,102.0,0.025999999999999995,-0.13799999999999996
2025,13,D.J. Moore,CHI,PHI,WR2,rec_yds,51.27,17,0.332,5.0,11.17,99.0,0.025999999999999995,-0.05545454545454542
2025,13,D.J. Moore,CHI,PHI,WR2,td,0.37,0,0.0,15.5,11.17,99.0,0.025999999999999995,-0.05545454545454542
2025,13,Colston Loveland,CHI,PHI,TE1,rec_yds,37.8,28,0.741,28.0,27.5,99.0,0.025999999999999995,0.05699999999999994
2025,13,Colston Loveland,CHI,PHI,TE1,td,0.3,0,0.0,30.5,27.5,99.0,0.025999999999999995,0.05699999999999994
2025,13,Olamide Zaccheaus,CHI,PHI,WR3,rec_yds,28.21,19,0.673,23.0,21.0,96.0,0.025999999999999995,-0.20899999999999996
2025,13,Olamide Zaccheaus,CHI,PHI,WR3,td,0.18,0,0.0,26.0,21.0,96.0,0.025999999999999995,-0.20899999999999996
2025,13,Rome Odunze,CHI,PHI,WR1,rec_yds,54.2,8,0.148,17.0,19.5,100.0,0.025999999999999995,-0.10818181818181793
2025,13,Rome Odunze,CHI,PHI,WR1,td,0.47,0,0.0,26.0,19.5,100.0,0.025999999999999995,-0.10818181818181793
2025,13,Jalen Hurts,PHI,CHI,QB1,pass_yds,197.57,230,1.164,11.0,13.7,101.0,0.069,0.006363636363636349
2025,13,Jalen Hurts,PHI,CHI,QB1,pass_td,1.47,2,1.364,11.5,13.7,101.0,0.069,0.006363636363636349
2025,13,Saquon Barkley,PHI,CHI,RB1,rush_yds,81.6,56,0.686,7.0,14.8,102.0,0.069,0.044545454545454444
2025,13,Saquon Barkley,PHI,CHI,RB1,rush_att,18.6,13,0.699,7.0,14.8,102.0,0.069,0.044545454545454444
2025,13,Saquon Barkley,PHI,CHI,RB1,rec_yds,21.67,0,0.0,27.0,14.8,102.0,0.069,0.044545454545454444
2025,13,Saquon Barkley,PHI,CHI,RB1,td,0.63,0,0.0,9.0,14.8,102.0,0.069,0.044545454545454444
2025,13,A.J. Brown,PHI,CHI,WR1,rec_yds,63.18,132,2.089,25.0,17.0,100.0,0.069,0.02100000000000002
2025,13,A.J. Brown,PHI,CHI,WR1,td,0.43,2,4.667,3.0,17.0,100.0,0.069,0.02100000000000002
2025,13,DeVonta Smith,PHI,CHI,WR2,rec_yds,68.0,48,0.706,2.0,15.33,99.0,0.069,0.034545454545454435
2025,13,DeVonta Smith,PHI,CHI,WR2,td,0.4,0,0.0,20.0,15.33,99.0,0.069,0.034545454545454435
2025,13,Dallas Goedert,PHI,CHI,TE1,rec_yds,42.11,27,0.641,9.0,13.0,99.0,0.069,0.07399999999999995
2025,13,Dallas Goedert,PHI,CHI,TE1,td,0.57,0,0.0,21.0,13.0,99.0,0.069,0.07399999999999995
2025,13,Jahan Dotson,PHI,CHI,WR3,rec_yds,21.88,12,0.548,32.0,24.0,96.0,0.069,-0.010000000000000009
2025,13,Kirk Cousins,ATL,NYJ,QB1,pass_yds,175.5,234,1.333,28.5,20.0,101.0,0.13899999999999998,0.34750000000000003
2025,13,Kirk Cousins,ATL,NYJ,QB1,pass_td,0.81,1,1.231,23.0,20.0,101.0,0.13899999999999998,0.34750000000000003
2025,13,Bijan Robinson,ATL,NYJ,RB1,rush_yds,84.33,142,1.684,6.0,15.8,102.0,0.13899999999999998,-0.1145454545454545
2025,13,Bijan Robinson,ATL,NYJ,RB1,rush_att,17.1,23,1.345,6.0,15.8,102.0,0.13899999999999998,-0.1145454545454545
2025,13,Bijan Robinson,ATL,NYJ,RB1,rec_yds,40.47,51,1.26,25.0,15.8,102.0,0.13899999999999998,-0.1145454545454545
2025,13,Bijan Robinson,ATL,NYJ,RB1,td,0.73,1,1.364,1.0,15.8,102.0,0.13899999999999998,-0.1145454545454545
2025,13,Tyler Allgeier,ATL,NYJ,RB2,rush_yds,30.73,20,0.651,28.0,24.9,99.0,0.13899999999999998,0.09909090909090906
2025,13,Tyler Allgeier,ATL,NYJ,RB2,td,0.5,1,2.0,30.0,24.9,99.0,0.13899999999999998,0.09909090909090906
2025,13,Kyle Pitts,ATL,NYJ,TE1,rec_yds,36.33,82,2.257,27.0,18.83,99.0,0.13899999999999998,0.09000000000000008
2025,13,Darnell Mooney,ATL,NYJ,WR1,rec_yds,41.85,25,0.597,22.0,20.17,100.0,0.13899999999999998,-0.16333333333333333
2025,13,David Sills V,ATL,NYJ,WR2,td,0.17,1,6.0,28.5,20.17,99.0,0.13899999999999998,0.08166666666666667
2025,13,Tyrod Taylor,NYJ,ATL,QB1,pass_yds,132.1,172,1.302,23.0,14.1,102.0,-0.115,0.27
2025,13,Tyrod Taylor,NYJ,ATL,QB1,pass_td,1.1,1,0.909,4.5,14.1,102.0,-0.115,0.27
2025,13,Breece Hall,NYJ,ATL,RB1,rush_yds,66.0,68,1.03,11.0,9.9,100.0,-0.115,0.07363636363636361
2025,13,Breece Hall,NYJ,ATL,RB1,rush_att,14.47,19,1.313,11.0,9.9,100.0,-0.115,0.07363636363636361
2025,13,Breece Hall,NYJ,ATL,RB1,rec_yds,25.63,8,0.312,8.0,9.9,100.0,-0.115,0.07363636363636361
2025,13,Breece Hall,NYJ,ATL,RB1,td,0.33,1,3.0,17.0,9.9,100.0,-0.115,0.07363636363636361
2025,13,Adonai Mitchell,NYJ,ATL,WR1,rec_yds,20.71,102,4.924,16.0,14.17,95.0,-0.115,0.5149999999999999
2025,13,Mason Taylor,NYJ,ATL,TE1,rec_yds,27.0,21,0.778,26.0,27.67,105.0,-0.115,0.05727272727272703
2025,13,Allen Lazard,NYJ,ATL,WR3,rec_yds,21.6,10,0.463,13.0,15.5,118.0,-0.115,-0.050000000000000044
2025,13,Allen Lazard,NYJ,ATL,WR3,td,0.25,0,0.0,15.0,15.5,118.0,-0.115,-0.050000000000000044
2025,13,John Metchie,NYJ,ATL,WR2,rec_yds,24.0,19,0.792,20.0,10.83,104.0,-0.115,0.5133333333333333
2025,13,John Metchie,NYJ,ATL,WR2,td,0.25,0,0.0,1.5,10.83,104.0,-0.115,0.5133333333333333
2025,13,Christian McCaffrey,SF,CLE,RB1,rush_yds,64.07,53,0.827,26.0,23.4,102.0,0.0049999999999999906,-0.0025000000000000577
2025,13,Christian McCaffrey,SF,CLE,RB1,rush_att,17.29,20,1.157,26.0,23.4,102.0,0.0049999999999999906,-0.0025000000000000577
2025,13,Christian McCaffrey,SF,CLE,RB1,rec_yds,61.29,21,0.343,24.0,23.4,102.0,0.0049999999999999906,-0.0025000000000000577
2025,13,Christian McCaffrey,SF,CLE,RB1,td,0.86,1,1.167,14.0,23.4,102.0,0.0049999999999999906,-0.0025000000000000577
2025,13,Brian Robinson Jr.,SF,CLE,RB2,rush_yds,33.57,26,0.775,18.0,24.2,99.0,0.0049999999999999906,-0.010909090909090896
2025,13,Brian Robinson Jr.,SF,CLE,RB2,td,0.2,0,0.0,31.0,24.2,99.0,0.0049999999999999906,-0.010909090909090896
2025,13,Mac Jones,SF,CLE,QB1,pass_yds,228.69,0,0.0,30.0,26.0,101.0,0.0049999999999999906,-0.8066666666666668
2025,13,Mac Jones,SF,CLE,QB1,pass_td,1.31,0,0.0,18.5,26.0,101.0,0.0049999999999999906,-0.8066666666666668
2025,13,George Kittle,SF,CLE,TE1,rec_yds,57.32,67,1.169,32.0,25.67,99.0,0.0049999999999999906,0.12
2025,13,George Kittle,SF,CLE,TE1,td,0.55,0,0.0,16.0,25.67,99.0,0.0049999999999999906,0.12
2025,13,Jauan Jennings,SF,CLE,WR1,rec_yds,47.0,39,0.83,29.0,26.67,100.0,0.0049999999999999906,0.09100000000000008
2025,13,Jauan Jennings,SF,CLE,WR1,td,0.39,1,2.545,19.0,26.67,100.0,0.0049999999999999906,0.09100000000000008
2025,13,Ricky Pearsall,SF,CLE,WR3,rec_yds,50.35,14,0.278,26.0,21.33,96.0,0.0049999999999999906,-0.03499999999999992
2025,13,Ricky Pearsall,SF,CLE,WR3,td,0.15,0,0.0,8.0,21.33,96.0,0.0049999999999999906,-0.03499999999999992
2025,13,Kendrick Bourne,SF,CLE,WR2,rec_yds,47.69,0,0.0,17.0,21.33,99.0,0.0049999999999999906,-0.03888888888888886
2025,13,Dillon Gabriel,CLE,SF,QB1,pass_yds,117.12,0,0.0,16.0,16.4,106.0,-0.11099999999999999,-0.20750000000000002
2025,13,Dillon Gabriel,CLE,SF,QB1,pass_td,0.88,0,0.0,6.0,16.4,106.0,-0.11099999999999999,-0.20750000000000002
2025,13,Quinshon Judkins,CLE,SF,RB1,rush_yds,66.7,91,1.364,20.0,9.8,97.0,-0.11099999999999999,-0.0050000000000000044
2025,13,Quinshon Judkins,CLE,SF,RB1,rush_att,17.3,23,1.329,20.0,9.8,97.0,-0.11099999999999999,-0.0050000000000000044
2025,13,Quinshon Judkins,CLE,SF,RB1,td,0.7,0,0.0,2.0,9.8,97.0,-0.11099999999999999,-0.0050000000000000044
2025,13,Dylan Sampson,CLE,SF,RB2,td,0.18,0,0.0,27.0,15.2,106.0,-0.11099999999999999,0.13818181818181818
2025,13,Isaiah Bond,CLE,SF,WR2,rec_yds,20.11,18,0.895,6.0,6.83,107.0,-0.11099999999999999,-0.21555555555555556
2025,13,Harold Fannin,CLE,SF,TE1,rec_yds,42.0,43,1.024,22.0,14.83,102.0,-0.11099999999999999,0.14727272727272722
2025,13,Harold Fannin,CLE,SF,TE1,td,0.18,1,5.5,11.5,14.83,102.0,-0.11099999999999999,0.14727272727272722
2025,13,Jerry Jeudy,CLE,SF,WR1,rec_yds,53.37,26,0.487,23.0,16.67,100.0,-0.11099999999999999,-0.1809090909090909
2025,13,Jerry Jeudy,CLE,SF,WR1,td,0.17,0,0.0,21.0,16.67,100.0,-0.11099999999999999,-0.1809090909090909
2025,13,Cedric Tillman,CLE,SF,WR3,rec_yds,31.09,0,0.0,21.0,21.67,105.0,-0.11099999999999999,-0.16000000000000014
2025,13,Cedric Tillman,CLE,SF,WR3,td,0.32,0,0.0,18.0,21.67,105.0,-0.11099999999999999,-0.16000000000000014
2025,13,C.J. Stroud,HOU,IND,QB1,pass_yds,208.0,276,1.327,5.0,15.6,102.0,0.004,-0.5700000000000001
2025,13,C.J. Stroud,HOU,IND,QB1,pass_td,1.29,0,0.0,15.5,15.6,102.0,0.004,-0.5700000000000001
2025,13,Woody Marks,HOU,IND,RB1,rush_yds,38.36,64,1.668,18.0,18.4,100.0,0.004,0.19272727272727264
2025,13,Woody Marks,HOU,IND,RB1,rush_att,10.45,19,1.817,18.0,18.4,100.0,0.004,0.19272727272727264
2025,13,Woody Marks,HOU,IND,RB1,td,0.36,0,0.0,23.0,18.4,100.0,0.004,0.19272727272727264
2025,13,Nick Chubb,HOU,IND,RB2,rush_yds,40.07,34,0.849,16.0,9.8,97.0,0.004,-0.14181818181818182
2025,13,Nick Chubb,HOU,IND,RB2,rush_att,10.4,9,0.865,16.0,9.8,97.0,0.004,-0.14181818181818182
2025,13,Nick Chubb,HOU,IND,RB2,td,0.27,1,3.75,6.5,9.8,97.0,0.004,-0.14181818181818182
2025,13,Nico Collins,HOU,IND,WR1,rec_yds,68.25,98,1.436,13.0,18.33,95.0,0.004,-0.031000000000000028
2025,13,Nico Collins,HOU,IND,WR1,td,0.46,1,2.154,23.0,18.33,95.0,0.004,-0.031000000000000028
2025,13,Jayden Higgins,HOU,IND,WR2,rec_yds,26.73,65,2.432,7.0,11.67,104.0,0.004,0.035454545454545405
2025,13,Jayden Higgins,HOU,IND,WR2,td,0.36,0,0.0,23.5,11.67,104.0,0.004,0.035454545454545405
2025,13,Dalton Schultz,HOU,IND,TE1,rec_yds,42.73,55,1.287,7.0,14.33,105.0,0.004,0.10272727272727289
2025,13,Xavier Hutchinson,HOU,IND,WR3,rec_yds,21.43,39,1.82,11.0,6.83,118.0,0.004,-0.263
2025,13,Xavier Hutchinson,HOU,IND,WR3,td,0.21,0,0.0,3.5,6.83,118.0,0.004,-0.263
2025,13,Daniel Jones,IND,HOU,QB1,pass_yds,246.2,201,0.816,31.0,25.6,102.0,-0.028999999999999998,0.030909090909090886
2025,13,Daniel Jones,IND,HOU,QB1,pass_td,1.33,2,1.5,27.0,25.6,102.0,-0.028999999999999998,0.030909090909090886
2025,13,Jonathan Taylor,IND,HOU,RB1,rush_yds,110.77,85,0.767,19.0,26.4,100.0,-0.028999999999999998,0.06545454545454554
2025,13,Jonathan Taylor,IND,HOU,RB1,rush_att,20.27,21,1.036,19.0,26.4,100.0,-0.028999999999999998,0.06545454545454554
2025,13,Jonathan Taylor,IND,HOU,RB1,td,1.37,0,0.0,27.0,26.4,100.0,-0.028999999999999998,0.06545454545454554
2025,13,Alec Pierce,IND,HOU,WR3,rec_yds,63.54,78,1.228,22.0,24.33,118.0,-0.028999999999999998,0.12222222222222223
2025,13,Alec Pierce,IND,HOU,WR3,td,0.23,1,4.333,26.0,24.33,118.0,-0.028999999999999998,0.12222222222222223
2025,13,Josh Downs,IND,HOU,WR2,rec_yds,39.43,44,1.116,27.0,24.5,104.0,-0.028999999999999998,-0.11199999999999993
2025,13,Josh Downs,IND,HOU,WR2,td,0.29,0,0.0,15.5,24.5,104.0,-0.028999999999999998,-0.11199999999999993
2025,13,Tyler Warren,IND,HOU,TE1,rec_yds,60.18,22,0.366,31.0,24.33,105.0,-0.028999999999999998,0.035454545454545405
2025,13,Tyler Warren,IND,HOU,TE1,td,0.36,1,2.75,10.0,24.33,105.0,-0.028999999999999998,0.035454545454545405
2025,13,Michael Pittman Jr.,IND,HOU,WR1,rec_yds,55.67,13,0.234,20.0,26.17,95.0,-0.028999999999999998,-0.01909090909090916
2025,13,Michael Pittman Jr.,IND,HOU,WR1,td,0.5,0,0.0,29.5,26.17,95.0,-0.028999999999999998,-0.01909090909090916
2025,13,Jacoby Brissett,ARI,TB,QB1,pass_yds,200.0,301,1.505,2.0,4.0,106.0,-0.002,0.22999999999999998
2025,13,Jacoby Brissett,ARI,TB,QB1,pass_td,1.04,2,1.917,7.0,4.0,106.0,-0.002,0.22999999999999998
2025,13,Zonovan Knight,ARI,TB,RB1,rush_yds,27.57,62,2.249,27.0,15.0,97.0,-0.002,0.011428571428571455
2025,13,Zonovan Knight,ARI,TB,RB1,td,0.57,1,1.75,17.0,15.0,97.0,-0.002,0.011428571428571455
2025,13,Michael Carter,ARI,TB,RB2,rush_yds,23.59,17,0.721,31.0,16.0,106.0,-0.002,0.19857142857142857
2025,13,Michael Carter,ARI,TB,RB2,td,0.18,0,0.0,16.5,16.0,106.0,-0.002,0.19857142857142857
2025,13,Trey McBride,ARI,TB,TE1,rec_yds,75.3,82,1.089,10.0,8.0,102.0,-0.002,-0.0181818181818183
2025,13,Trey McBride,ARI,TB,TE1,td,0.53,1,1.875,6.0,8.0,102.0,-0.002,-0.0181818181818183
2025,13,Marvin Harrison Jr.,ARI,TB,WR2,rec_yds,57.31,69,1.204,9.0,7.0,107.0,-0.002,0.12111111111111106
2025,13,Marvin Harrison Jr.,ARI,TB,WR2,td,0.42,0,0.0,5.0,7.0,107.0,-0.002,0.12111111111111106
2025,13,Michael Wilson,ARI,TB,WR1,rec_yds,44.43,36,0.81,21.0,19.0,100.0,-0.002,0.037272727272727235
2025,13,Greg Dortch,ARI,TB,WR3,td,0.33,0,0.0,15.0,7.33,105.0,-0.002,0.29363636363636364
2025,13,Baker Mayfield,TB,ARI,QB1,pass_yds,230.77,194,0.841,12.0,18.5,95.0,0.089,-0.3954545454545455
2025,13,Baker Mayfield,TB,ARI,QB1,pass_td,1.8,1,0.556,25.0,18.5,95.0,0.089,-0.3954545454545455
2025,13,Bucky Irving,TB,ARI,RB2,rush_yds,73.56,61,0.829,10.0,18.0,103.0,0.089,-0.09499999999999997
2025,13,Bucky Irving,TB,ARI,RB2,rush_att,16.62,17,1.023,10.0,18.0,103.0,0.089,-0.09499999999999997
2025,13,Bucky Irving,TB,ARI,RB2,td,0.56,1,1.778,9.0,18.0,103.0,0.089,-0.09499999999999997
2025,13,Rachaad White,TB,ARI,RB1,rush_yds,39.5,7,0.177,9.0,6.2,96.0,0.089,0.037272727272727346
2025,13,Rachaad White,TB,ARI,RB1,td,0.47,0,0.0,5.5,6.2,96.0,0.089,0.037272727272727346
2025,13,Emeka Egbuka,TB,ARI,WR1,rec_yds,68.09,42,0.617,7.0,15.5,107.0,0.089,0.07181818181818189
2025,13,Emeka Egbuka,TB,ARI,WR1,td,0.55,0,0.0,29.5,15.5,107.0,0.089,0.07181818181818189
2025,13,Cade Otton,TB,ARI,TE1,rec_yds,44.32,9,0.203,13.0,16.0,103.0,0.089,-0.07900000000000007
2025,13,Sterling Shepard,TB,ARI,WR2,rec_yds,31.5,5,0.159,18.0,13.33,95.0,0.089,0.0018181818181817189
2025,13,Tez Johnson,TB,ARI,WR3,rec_yds,28.2,5,0.177,29.0,26.83,98.0,0.089,0.2859999999999999
2025,13,Tez Johnson,TB,ARI,WR3,td,0.5,0,0.0,20.5,26.83,98.0,0.089,0.2859999999999999
2025,13,Trevor Lawrence,JAX,TEN,QB1,pass_yds,215.9,229,1.061,26.0,16.5,95.0,0.141,0.009999999999999898
2025,13,Trevor Lawrence,JAX,TEN,QB1,pass_td,1.27,2,1.579,13.0,16.5,95.0,0.141,0.009999999999999898
2025,13,Travis Etienne,JAX,TEN,RB1,rush_yds,64.47,28,0.434,14.0,18.5,96.0,0.141,0.06454545454545446
2025,13,Travis Etienne,JAX,TEN,RB1,rush_att,14.3,12,0.839,14.0,18.5,96.0,0.141,0.06454545454545446
2025,13,Travis Etienne,JAX,TEN,RB1,td,0.47,0,0.0,3.5,18.5,96.0,0.141,0.06454545454545446
2025,13,Bhayshul Tuten,JAX,TEN,RB2,rush_yds,23.18,17,0.733,3.0,14.5,103.0,0.141,-0.009090909090909066
2025,13,Bhayshul Tuten,JAX,TEN,RB2,td,0.36,1,2.75,1.0,14.5,103.0,0.141,-0.009090909090909066
2025,13,Jakobi Meyers,JAX,TEN,WR1,rec_yds,57.54,90,1.564,8.0,8.0,107.0,0.141,0.0009999999999998899
2025,13,Brenton Strange,JAX,TEN,TE1,rec_yds,40.75,45,1.104,24.0,25.33,103.0,0.141,-0.015000000000000013
2025,13,Brian Thomas,JAX,TEN,WR2,rec_yds,63.62,28,0.44,16.0,14.17,95.0,0.141,-0.15499999999999992
2025,13,Brian Thomas,JAX,TEN,WR2,td,0.38,0,0.0,9.5,14.17,95.0,0.141,-0.15499999999999992
2025,13,Parker Washington,JAX,TEN,WR3,rec_yds,41.61,26,0.625,9.0,19.17,98.0,0.141,0.17800000000000005
2025,13,Parker Washington,JAX,TEN,WR3,td,0.32,0,0.0,32.0,19.17,98.0,0.141,0.17800000000000005
2025,13,Cam Ward,TEN,JAX,QB1,pass_yds,200.91,141,0.702,3.0,6.9,106.0,-0.22799999999999998,0.0
2025,13,Cam Ward,TEN,JAX,QB1,pass_td,0.64,0,0.0,3.0,6.9,106.0,-0.22799999999999998,0.0
2025,13,Tony Pollard,TEN,JAX,RB1,rush_yds,50.03,60,1.199,28.0,17.1,97.0,-0.22799999999999998,-0.15909090909090906
2025,13,Tony Pollard,TEN,JAX,RB1,rush_att,13.27,10,0.754,28.0,17.1,97.0,-0.22799999999999998,-0.15909090909090906
2025,13,Tony Pollard,TEN,JAX,RB1,td,0.2,0,0.0,21.0,17.1,97.0,-0.22799999999999998,-0.15909090909090906
2025,13,Chimere Dike,TEN,JAX,WR2,rec_yds,22.91,8,0.349,8.0,11.5,107.0,-0.22799999999999998,0.26727272727272733
2025,13,Chimere Dike,TEN,JAX,WR2,td,0.18,0,0.0,12.5,11.5,107.0,-0.22799999999999998,0.26727272727272733
2025,13,Chig Okonkwo,TEN,JAX,TE1,rec_yds,35.8,29,0.81,3.0,3.17,102.0,-0.22799999999999998,-0.043636363636363584
2025,13,Van Jefferson,TEN,JAX,WR3,rec_yds,20.65,20,0.968,30.0,28.17,105.0,-0.22799999999999998,0.24111111111111105
2025,13,Elic Ayomanor,TEN,JAX,WR1,rec_yds,33.4,5,0.15,1.0,3.33,100.0,-0.22799999999999998,0.038000000000000034
2025,13,Elic Ayomanor,TEN,JAX,WR1,td,0.2,0,0.0,8.0,3.33,100.0,-0.22799999999999998,0.038000000000000034
2025,13,Tyjae Spears,TEN,JAX,RB2,rush_yds,24.68,-1,-0.041,20.0,10.8,106.0,-0.22799999999999998,-0.027142857142857246
2025,13,Tyjae Spears,TEN,JAX,RB2,td,0.27,0,0.0,11.0,10.8,106.0,-0.22799999999999998,-0.027142857142857246
2025,13,Tyler Shough,NO,MIA,QB1,pass_yds,165.8,239,1.441,22.0,18.8,86.0,0.006999999999999992,0.29999999999999993
2025,13,Tyler Shough,NO,MIA,QB1,pass_td,0.6,2,3.333,18.5,18.8,86.0,0.006999999999999992,0.29999999999999993
2025,13,Devaughn Vele,NO,MIA,WR2,rec_yds,24.05,93,3.867,30.0,23.83,96.0,0.006999999999999992,0.3533333333333333
2025,13,Devaughn Vele,NO,MIA,WR2,td,0.25,1,4.0,9.5,23.83,96.0,0.006999999999999992,0.3533333333333333
2025,13,Chris Olave,NO,MIA,WR1,rec_yds,62.27,47,0.755,32.0,27.0,93.0,0.006999999999999992,-0.03181818181818186
2025,13,Chris Olave,NO,MIA,WR1,td,0.3,1,3.333,23.0,27.0,93.0,0.006999999999999992,-0.03181818181818186
2025,13,Juwan Johnson,NO,MIA,TE1,rec_yds,46.57,39,0.838,6.0,12.33,89.0,0.006999999999999992,-0.017272727272727217
2025,13,Juwan Johnson,NO,MIA,TE1,td,0.27,0,0.0,24.0,12.33,89.0,0.006999999999999992,-0.017272727272727217
2025,13,Tua Tagovailoa,MIA,NO,QB1,pass_yds,213.2,157,0.736,19.0,18.5,106.0,-0.07,0.048181818181818103
2025,13,Tua Tagovailoa,MIA,NO,QB1,pass_td,1.67,0,0.0,15.5,18.5,106.0,-0.07,0.048181818181818103
2025,13,De'Von Achane,MIA,NO,RB1,rush_yds,75.0,134,1.787,13.0,12.6,97.0,-0.07,0.006363636363636349
2025,13,De'Von Achane,MIA,NO,RB1,rush_att,14.2,22,1.549,13.0,12.6,97.0,-0.07,0.006363636363636349
2025,13,De'Von Achane,MIA,NO,RB1,rec_yds,33.83,0,0.0,19.0,12.6,97.0,-0.07,0.006363636363636349
2025,13,De'Von Achane,MIA,NO,RB1,td,0.83,1,1.2,3.5,12.6,97.0,-0.07,0.006363636363636349
2025,13,Ollie Gordon,MIA,NO,RB2,td,0.27,0,0.0,23.0,18.8,106.0,-0.07,0.1527272727272727
2025,13,Darren Waller,MIA,NO,TE1,rec_yds,39.0,47,1.205,17.0,16.5,102.0,-0.07,0.15333333333333332
2025,13,Darren Waller,MIA,NO,TE1,td,1.33,0,0.0,16.0,16.5,102.0,-0.07,0.15333333333333332
2025,13,Jaylen Waddle,MIA,NO,WR1,rec_yds,62.47,40,0.64,15.0,15.17,100.0,-0.07,0.029090909090909056
2025,13,Jaylen Waddle,MIA,NO,WR1,td,0.4,0,0.0,6.0,15.17,100.0,-0.07,0.029090909090909056
2025,13,Malik Washington,MIA,NO,WR2,rec_yds,21.9,30,1.37,13.0,14.0,107.0,-0.07,-0.05818181818181822
2025,13,Matthew Stafford,LAR,CAR,QB1,pass_yds,248.43,243,0.978,18.0,16.0,106.0,0.209,0.0036363636363635488
2025,13,Matthew Stafford,LAR,CAR,QB1,pass_td,2.37,2,0.845,14.0,16.0,106.0,0.209,0.0036363636363635488
2025,13,Blake Corum,LAR,CAR,RB2,rush_yds,26.97,81,3.004,8.0,9.5,106.0,0.209,0.06909090909090909
2025,13,Kyren Williams,LAR,CAR,RB1,rush_yds,76.3,72,0.944,1.0,7.2,97.0,0.209,-0.052727272727272734
2025,13,Kyren Williams,LAR,CAR,RB1,rush_att,16.5,13,0.788,1.0,7.2,97.0,0.209,-0.052727272727272734
2025,13,Kyren Williams,LAR,CAR,RB1,td,0.8,1,1.25,11.0,7.2,97.0,0.209,-0.052727272727272734
2025,13,Puka Nacua,LAR,CAR,WR1,rec_yds,97.57,72,0.738,2.0,3.67,100.0,0.209,0.12199999999999989
2025,13,Puka Nacua,LAR,CAR,WR1,td,0.5,0,0.0,4.0,3.67,100.0,0.209,0.12199999999999989
2025,13,Davante Adams,LAR,CAR,WR2,rec_yds,64.7,58,0.896,32.0,28.0,107.0,0.209,0.009999999999999898
2025,13,Davante Adams,LAR,CAR,WR2,td,1.0,2,2.0,22.0,28.0,107.0,0.209,0.009999999999999898
2025,13,Colby Parkinson,LAR,CAR,TE1,td,0.29,0,0.0,9.0,15.67,102.0,0.209,0.11499999999999999
2025,13,Jordan Whittington,LAR,CAR,WR3,rec_yds,24.46,0,0.0,27.0,28.33,105.0,0.209,0.0033333333333331883
2025,13,Bryce Young,CAR,LAR,QB1,pass_yds,199.03,206,1.035,13.0,18.1,95.0,-0.094,0.047272727272727244
2025,13,Bryce Young,CAR,LAR,QB1,pass_td,1.4,3,2.143,22.0,18.1,95.0,-0.094,0.047272727272727244
2025,13,Chuba Hubbard,CAR,LAR,RB2,rush_yds,48.5,83,1.711,29.0,24.5,103.0,-0.094,-0.11200000000000004
2025,13,Chuba Hubbard,CAR,LAR,RB2,rush_att,11.96,17,1.421,29.0,24.5,103.0,-0.094,-0.11200000000000004
2025,13,Chuba Hubbard,CAR,LAR,RB2,td,0.46,1,2.154,28.0,24.5,103.0,-0.094,-0.11200000000000004
2025,13,Rico Dowdle,CAR,LAR,RB1,rush_yds,76.47,58,0.758,12.0,16.6,96.0,-0.094,0.08583333333333332
2025,13,Rico Dowdle,CAR,LAR,RB1,rush_att,15.62,18,1.152,12.0,16.6,96.0,-0.094,0.08583333333333332
2025,13,Rico Dowdle,CAR,LAR,RB1,td,0.44,0,0.0,32.0,16.6,96.0,-0.094,0.08583333333333332
2025,13,Jalen Coker,CAR,LAR,WR3,rec_yds,34.0,74,2.176,16.0,17.33,98.0,-0.094,0.17166666666666663
2025,13,Tetairoa McMillan,CAR,LAR,WR1,rec_yds,65.25,43,0.659,9.0,12.0,107.0,-0.094,0.02083333333333348
2025,13,Tetairoa McMillan,CAR,LAR,WR1,td,0.42,1,2.4,9.0,12.0,107.0,-0.094,0.02083333333333348
2025,13,Xavier Legette,CAR,LAR,WR2,rec_yds,30.64,1,0.033,21.0,18.83,95.0,-0.094,-0.05599999999999994
2025,13,Xavier Legette,CAR,LAR,WR2,td,0.25,0,0.0,23.5,18.83,95.0,-0.094,-0.05599999999999994
2025,13,Jordan Mason,MIN,SEA,RB1,rush_yds,46.8,47,1.004,30.0,19.4,97.0,-0.20500000000000002,-0.22272727272727272
2025,13,Jordan Mason,MIN,SEA,RB1,td,0.33,0,0.0,30.0,19.4,97.0,-0.20500000000000002,-0.22272727272727272
2025,13,Aaron Jones,MIN,SEA,RB2,rush_yds,49.05,3,0.061,12.0,11.2,97.0,-0.20500000000000002,0.10000000000000009
2025,13,Aaron Jones,MIN,SEA,RB2,rush_att,10.68,6,0.562,12.0,11.2,97.0,-0.20500000000000002,0.10000000000000009
2025,13,Aaron Jones,MIN,SEA,RB2,td,0.36,0,0.0,16.5,11.2,97.0,-0.20500000000000002,0.10000000000000009
2025,13,T.J. Hockenson,MIN,SEA,TE1,rec_yds,31.8,59,1.855,2.0,11.0,89.0,-0.20500000000000002,-0.11909090909090891
2025,13,Jordan Addison,MIN,SEA,WR2,rec_yds,58.38,36,0.617,29.0,21.17,96.0,-0.20500000000000002,0.06624999999999992
2025,13,Jordan Addison,MIN,SEA,WR2,td,0.54,0,0.0,15.5,21.17,96.0,-0.20500000000000002,0.06624999999999992
2025,13,Justin Jefferson,MIN,SEA,WR1,rec_yds,76.4,4,0.052,24.0,15.0,93.0,-0.20500000000000002,0.036363636363636265
2025,13,Justin Jefferson,MIN,SEA,WR1,td,0.3,0,0.0,11.0,15.0,93.0,-0.20500000000000002,0.036363636363636265
2025,13,Jalen Nailor,MIN,SEA,WR3,rec_yds,27.13,0,0.0,20.0,18.5,91.0,-0.20500000000000002,-0.23454545454545445
2025,13,Jalen Nailor,MIN,SEA,WR3,td,0.2,0,0.0,20.5,18.5,91.0,-0.20500000000000002,-0.23454545454545445
2025,13,Sam Darnold,SEA,MIN,QB1,pass_yds,258.27,128,0.496,17.0,23.8,86.0,-0.046000000000000006,0.043636363636363695
2025,13,Sam Darnold,SEA,MIN,QB1,pass_td,1.87,0,0.0,25.0,23.8,86.0,-0.046000000000000006,0.043636363636363695
2025,13,Kenneth Walker III,SEA,MIN,RB1,rush_yds,57.5,56,0.974,8.0,20.1,97.0,-0.046000000000000006,0.1518181818181818
2025,13,Kenneth Walker III,SEA,MIN,RB1,rush_att,13.67,13,0.951,8.0,20.1,97.0,-0.046000000000000006,0.1518181818181818
2025,13,Kenneth Walker III,SEA,MIN,RB1,td,0.4,0,0.0,21.0,20.1,97.0,-0.046000000000000006,0.1518181818181818
2025,13,Zach Charbonnet,SEA,MIN,RB2,rush_yds,40.21,52,1.293,25.0,23.1,97.0,-0.046000000000000006,-0.16299999999999998
2025,13,Zach Charbonnet,SEA,MIN,RB2,rush_att,10.57,14,1.324,25.0,23.1,97.0,-0.046000000000000006,-0.16299999999999998
2025,13,Zach Charbonnet,SEA,MIN,RB2,td,0.64,1,1.556,13.5,23.1,97.0,-0.046000000000000006,-0.16299999999999998
2025,13,Rashid Shaheed,SEA,MIN,WR2,rec_yds,46.9,7,0.149,3.0,6.67,96.0,-0.046000000000000006,-0.11416666666666664
2025,13,Rashid Shaheed,SEA,MIN,WR2,td,0.23,0,0.0,12.5,6.67,96.0,-0.046000000000000006,-0.11416666666666664
2025,13,AJ Barner,SEA,MIN,TE1,rec_yds,26.27,35,1.332,16.0,16.17,89.0,-0.046000000000000006,0.02181818181818196
2025,13,AJ Barner,SEA,MIN,TE1,td,0.43,0,0.0,16.0,16.17,89.0,-0.046000000000000006,0.02181818181818196
2025,13,Cooper Kupp,SEA,MIN,WR3,rec_yds,44.14,24,0.544,8.0,10.33,91.0,-0.046000000000000006,0.039000000000000146
2025,13,Cooper Kupp,SEA,MIN,WR3,td,0.21,0,0.0,15.0,10.33,91.0,-0.046000000000000006,0.039000000000000146
2025,13,Jaxon Smith-Njigba,SEA,MIN,WR1,rec_yds,106.27,23,0.216,18.0,22.0,93.0,-0.046000000000000006,0.060909090909091024
2025,13,Jaxon Smith-Njigba,SEA,MIN,WR1,td,0.57,0,0.0,20.0,22.0,93.0,-0.046000000000000006,0.060909090909091024
2025,13,Josh Allen,BUF,PIT,QB1,pass_yds,246.1,123,0.5,1.0,12.3,102.0,0.163,0.030909090909090886
2025,13,Josh Allen,BUF,PIT,QB1,pass_td,1.67,1,0.6,11.5,12.3,102.0,0.163,0.030909090909090886
2025,13,James Cook,BUF,PIT,RB1,rush_yds,89.37,144,1.611,15.0,21.7,100.0,0.163,-0.049090909090909074
2025,13,James Cook,BUF,PIT,RB1,rush_att,16.53,32,1.935,15.0,21.7,100.0,0.163,-0.049090909090909074
2025,13,James Cook,BUF,PIT,RB1,td,0.93,0,0.0,28.5,21.7,100.0,0.163,-0.049090909090909074
2025,13,Ty Johnson,BUF,PIT,RB2,td,0.17,0,0.0,19.5,22.3,97.0,0.163,0.05727272727272725
2025,13,Dawson Knox,BUF,PIT,TE1,rec_yds,21.57,28,1.298,4.0,2.67,105.0,0.163,0.249
2025,13,Brandin Cooks,BUF,PIT,WR3,rec_yds,20.38,13,0.638,2.0,7.0,118.0,0.163,-0.10666666666666658
2025,13,Keon Coleman,BUF,PIT,WR2,rec_yds,40.04,9,0.225,12.0,8.0,104.0,0.163,-0.0888888888888889
2025,13,Keon Coleman,BUF,PIT,WR2,td,0.31,1,3.25,3.0,8.0,104.0,0.163,-0.0888888888888889
2025,13,Khalil Shakir,BUF,PIT,WR1,rec_yds,50.93,5,0.098,3.0,10.33,95.0,0.163,0.06818181818181823
2025,13,Khalil Shakir,BUF,PIT,WR1,td,0.27,0,0.0,26.0,10.33,95.0,0.163,0.06818181818181823
2025,13,Aaron Rodgers,PIT,BUF,QB1,pass_yds,204.57,117,0.572,28.5,23.7,86.0,0.02,-0.3770000000000001
2025,13,Aaron Rodgers,PIT,BUF,QB1,pass_td,1.82,0,0.0,25.0,23.7,86.0,0.02,-0.3770000000000001
2025,13,Jaylen Warren,PIT,BUF,RB1,rush_yds,53.64,35,0.652,5.0,8.8,97.0,0.02,-0.04300000000000004
2025,13,Jaylen Warren,PIT,BUF,RB1,rush_att,12.39,10,0.807,5.0,8.8,97.0,0.02,-0.04300000000000004
2025,13,Jaylen Warren,PIT,BUF,RB1,rec_yds,23.29,9,0.387,16.0,8.8,97.0,0.02,-0.04300000000000004
2025,13,Jaylen Warren,PIT,BUF,RB1,td,0.32,1,3.111,9.0,8.8,97.0,0.02,-0.04300000000000004
2025,13,Kenneth Gainwell,PIT,BUF,RB2,rush_yds,27.93,20,0.716,15.0,13.6,97.0,0.02,0.04363636363636364
2025,13,Kenneth Gainwell,PIT,BUF,RB2,td,0.37,0,0.0,3.0,13.6,97.0,0.02,0.04363636363636364
2025,13,D.K. Metcalf,PIT,BUF,WR1,rec_yds,52.33,32,0.611,4.0,10.33,93.0,0.02,-0.034545454545454435
2025,13,D.K. Metcalf,PIT,BUF,WR1,td,0.47,0,0.0,17.0,10.33,93.0,0.02,-0.034545454545454435
2025,13,Jonnu Smith,PIT,BUF,TE1,rec_yds,30.17,6,0.199,30.0,30.5,89.0,0.02,-0.09090909090909094
2025,13,Jonnu Smith,PIT,BUF,TE1,td,0.37,0,0.0,30.5,30.5,89.0,0.02,-0.09090909090909094
2025,13,Roman Wilson,PIT,BUF,WR3,rec_yds,20.75,0,0.0,31.0,22.67,91.0,0.02,-0.13374999999999998
2025,13,Roman Wilson,PIT,BUF,WR3,td,0.25,0,0.0,15.0,22.67,91.0,0.02,-0.13374999999999998
2025,13,Calvin Austin III,PIT,BUF,WR2,rec_yds,31.81,0,0.0,23.0,15.83,96.0,0.02,-0.18111111111111117
2025,13,Calvin Austin III,PIT,BUF,WR2,td,0.23,0,0.0,9.5,15.83,96.0,0.02,-0.18111111111111117
2025,13,Geno Smith,LV,LAC,QB1,pass_yds,216.47,165,0.762,32.0,22.6,95.0,-0.268,0.015454545454545499
2025,13,Geno Smith,LV,LAC,QB1,pass_td,1.2,2,1.667,30.5,22.6,95.0,-0.268,0.015454545454545499
2025,13,Ashton Jeanty,LV,LAC,RB1,rush_yds,54.91,31,0.565,17.0,20.8,96.0,-0.268,0.06818181818181823
2025,13,Ashton Jeanty,LV,LAC,RB1,rush_att,15.09,15,0.994,17.0,20.8,96.0,-0.268,0.06818181818181823
2025,13,Ashton Jeanty,LV,LAC,RB1,rec_yds,20.09,30,1.493,26.0,20.8,96.0,-0.268,0.06818181818181823
2025,13,Ashton Jeanty,LV,LAC,RB1,td,0.73,0,0.0,21.0,20.8,96.0,-0.268,0.06818181818181823
2025,13,Brock Bowers,LV,LAC,TE1,rec_yds,68.08,63,0.925,29.0,25.0,103.0,-0.268,0.15374999999999994
2025,13,Brock Bowers,LV,LAC,TE1,td,0.38,2,5.333,16.0,25.0,103.0,-0.268,0.15374999999999994
2025,13,Tre Tucker,LV,LAC,WR1,rec_yds,44.73,20,0.447,10.0,10.0,107.0,-0.268,0.012727272727272587
2025,13,Tre Tucker,LV,LAC,WR1,td,0.4,0,0.0,17.0,10.0,107.0,-0.268,0.012727272727272587
2025,13,Justin Herbert,LAC,LV,QB1,pass_yds,245.43,151,0.615,15.0,16.3,106.0,0.013000000000000001,-0.2372727272727273
2025,13,Justin Herbert,LAC,LV,QB1,pass_td,1.67,2,1.2,9.0,16.3,106.0,0.013000000000000001,-0.2372727272727273
2025,13,Kimani Vidal,LAC,LV,RB1,rush_yds,44.45,126,2.834,23.0,21.7,97.0,0.013000000000000001,-0.11285714285714277
2025,13,Kimani Vidal,LAC,LV,RB1,rush_att,10.5,25,2.381,23.0,21.7,97.0,0.013000000000000001,-0.11285714285714277
2025,13,Kimani Vidal,LAC,LV,RB1,td,0.27,1,3.667,12.5,21.7,97.0,0.013000000000000001,-0.11285714285714277
2025,13,Jaret Patterson,LAC,LV,RB2,rush_yds,25.0,54,2.16,6.0,10.9,106.0,0.013000000000000001,-0.13
2025,13,Ladd McConkey,LAC,LV,WR2,rec_yds,66.57,39,0.586,10.0,16.17,107.0,0.013000000000000001,-0.14363636363636367
2025,13,Ladd McConkey,LAC,LV,WR2,td,0.37,1,2.727,28.5,16.17,107.0,0.013000000000000001,-0.14363636363636367
2025,13,Keenan Allen,LAC,LV,WR1,rec_yds,56.23,30,0.533,28.0,21.33,100.0,0.013000000000000001,0.1809090909090908
2025,13,Keenan Allen,LAC,LV,WR1,td,0.43,0,0.0,6.0,21.33,100.0,0.013000000000000001,0.1809090909090908
2025,13,Oronde Gadsden II,LAC,LV,TE1,rec_yds,56.33,27,0.479,18.0,19.0,102.0,0.013000000000000001,0.23888888888888893
2025,13,Oronde Gadsden II,LAC,LV,TE1,td,0.22,0,0.0,16.0,19.0,102.0,0.013000000000000001,0.23888888888888893
2025,13,Quentin Johnston,LAC,LV,WR3,rec_yds,54.19,23,0.424,17.0,13.67,105.0,0.013000000000000001,0.06888888888888889
2025,13,Quentin Johnston,LAC,LV,WR3,td,0.58,1,1.733,11.0,13.67,105.0,0.013000000000000001,0.06888888888888889
2025,13,Bo Nix,DEN,WAS,QB1,pass_yds,228.8,321,1.403,9.0,14.2,102.0,0.189,0.00545454545454549
2025,13,Bo Nix,DEN,WAS,QB1,pass_td,1.9,1,0.526,4.5,14.2,102.0,0.189,0.00545454545454549
2025,13,RJ Harvey,DEN,WAS,RB1,rush_yds,22.18,35,1.578,4.0,9.7,100.0,0.189,0.2890909090909091
2025,13,RJ Harvey,DEN,WAS,RB1,td,0.55,2,3.667,5.5,9.7,100.0,0.189,0.2890909090909091
2025,13,Marvin Mims,DEN,WAS,WR3,rec_yds,35.19,8,0.227,19.0,17.67,118.0,0.189,-0.14999999999999997
2025,13,Marvin Mims,DEN,WAS,WR3,td,0.38,0,0.0,11.0,17.67,118.0,0.189,-0.14999999999999997
2025,13,Evan Engram,DEN,WAS,TE1,rec_yds,31.43,79,2.514,23.0,18.0,105.0,0.189,-0.04200000000000004
2025,13,Courtland Sutton,DEN,WAS,WR2,rec_yds,62.67,62,0.989,4.0,3.83,104.0,0.189,0.044545454545454666
2025,13,Courtland Sutton,DEN,WAS,WR2,td,0.47,1,2.143,1.5,3.83,104.0,0.189,0.044545454545454666
2025,13,Troy Franklin,DEN,WAS,WR1,rec_yds,38.2,21,0.55,12.0,19.83,95.0,0.189,-0.012727272727272698
2025,13,Troy Franklin,DEN,WAS,WR1,td,0.37,0,0.0,23.0,19.83,95.0,0.189,-0.012727272727272698
2025,13,Marcus Mariota,WAS,DEN,QB1,pass_yds,166.27,294,1.768,20.0,25.1,101.0,-0.025999999999999995,0.11666666666666659
2025,13,Marcus Mariota,WAS,DEN,QB1,pass_td,1.2,2,1.667,32.0,25.1,101.0,-0.025999999999999995,0.11666666666666659
2025,13,Chris Rodriguez,WAS,DEN,RB2,rush_yds,33.23,41,1.234,30.0,26.6,99.0,-0.025999999999999995,0.16625
2025,13,Chris Rodriguez,WAS,DEN,RB2,td,0.36,1,2.75,23.0,26.6,99.0,-0.025999999999999995,0.16625
2025,13,Jacory Croskey-Merritt,WAS,DEN,RB1,rush_yds,45.27,20,0.442,24.0,21.6,102.0,-0.025999999999999995,-0.15363636363636363
2025,13,Jacory Croskey-Merritt,WAS,DEN,RB1,rush_att,10.36,4,0.386,24.0,21.6,102.0,-0.025999999999999995,-0.15363636363636363
2025,13,Jacory Croskey-Merritt,WAS,DEN,RB1,td,0.36,0,0.0,17.0,21.6,102.0,-0.025999999999999995,-0.15363636363636363
2025,13,Zach Ertz,WAS,DEN,TE1,rec_yds,35.93,106,2.95,21.0,18.33,99.0,-0.025999999999999995,0.08818181818181825
2025,13,Zach Ertz,WAS,DEN,TE1,td,0.47,0,0.0,16.0,18.33,99.0,-0.025999999999999995,0.08818181818181825
2025,13,Terry McLaurin,WAS,DEN,WR2,rec_yds,56.5,96,1.699,11.0,14.5,99.0,-0.025999999999999995,-0.22250000000000014
2025,13,Terry McLaurin,WAS,DEN,WR2,td,0.56,1,1.778,31.5,14.5,99.0,-0.025999999999999995,-0.22250000000000014
2025,13,Jaylin Lane,WAS,DEN,WR3,rec_yds,20.45,0,0.0,7.0,13.33,96.0,-0.025999999999999995,-0.25363636363636366
2025,13,Deebo Samuel,WAS,DEN,WR1,rec_yds,43.0,64,1.488,27.0,25.33,100.0,-0.025999999999999995,0.01100000000000001
2025,13,Deebo Samuel,WAS,DEN,WR1,td,0.5,0,0.0,32.0,25.33,100.0,-0.025999999999999995,0.01100000000000001
2025,13,Jaxson Dart,NYG,NE,QB1,pass_yds,157.44,139,0.883,21.0,21.8,102.0,0.0029999999999999957,-0.03888888888888886
2025,13,Jaxson Dart,NYG,NE,QB1,pass_td,1.11,1,0.9,8.0,21.8,102.0,0.0029999999999999957,-0.03888888888888886
2025,13,Devin Singletary,NYG,NE,RB2,td,0.19,1,5.333,29.0,26.4,97.0,0.0029999999999999957,0.05416666666666664
2025,13,Tyrone Tracy Jr.,NYG,NE,RB1,rush_yds,42.61,36,0.845,25.0,17.8,100.0,0.0029999999999999957,0.21499999999999997
2025,13,Tyrone Tracy Jr.,NYG,NE,RB1,rush_att,11.04,10,0.906,25.0,17.8,100.0,0.0029999999999999957,0.21499999999999997
2025,13,Tyrone Tracy Jr.,NYG,NE,RB1,rec_yds,20.71,-3,-0.145,9.0,17.8,100.0,0.0029999999999999957,0.21499999999999997
2025,13,Tyrone Tracy Jr.,NYG,NE,RB1,td,0.21,0,0.0,24.0,17.8,100.0,0.0029999999999999957,0.21499999999999997
2025,13,Darius Slayton,NYG,NE,WR2,rec_yds,34.04,41,1.205,26.0,22.17,104.0,0.0029999999999999957,-0.1711111111111111
2025,13,Wan'Dale Robinson,NYG,NE,WR1,rec_yds,60.75,34,0.56,19.0,19.67,95.0,0.0029999999999999957,-0.07000000000000006
2025,13,Wan'Dale Robinson,NYG,NE,WR1,td,0.22,0,0.0,13.0,19.67,95.0,0.0029999999999999957,-0.07000000000000006
2025,13,Theo Johnson,NYG,NE,TE1,rec_yds,36.06,29,0.804,14.0,18.33,105.0,0.0029999999999999957,-0.0774999999999999
2025,13,Theo Johnson,NYG,NE,TE1,td,0.34,0,0.0,26.0,18.33,105.0,0.0029999999999999957,-0.0774999999999999
2025,13,Isaiah Hodgins,NYG,NE,WR3,rec_yds,35.0,4,0.114,14.0,10.5,118.0,0.0029999999999999957,-0.06500000000000006
2025,13,Isaiah Hodgins,NYG,NE,WR3,td,0.33,0,0.0,1.0,10.5,118.0,0.0029999999999999957,-0.06500000000000006
2025,13,Drake Maye,NE,NYG,QB1,pass_yds,242.69,282,1.162,10.0,7.4,101.0,0.257,0.022499999999999964
2025,13,Drake Maye,NE,NYG,QB1,pass_td,1.59,2,1.255,10.0,7.4,101.0,0.257,0.022499999999999964
2025,13,TreVeyon Henderson,NE,NYG,RB1,rush_yds,46.5,67,1.441,2.0,6.4,102.0,0.257,0.1741666666666667
2025,13,TreVeyon Henderson,NE,NYG,RB1,td,0.5,0,0.0,7.0,6.4,102.0,0.257,0.1741666666666667
2025,13,Rhamondre Stevenson,NE,NYG,RB2,rush_yds,36.42,40,1.098,7.0,7.9,99.0,0.257,-0.2755555555555555
2025,13,Rhamondre Stevenson,NE,NYG,RB2,rush_att,10.81,12,1.11,7.0,7.9,99.0,0.257,-0.2755555555555555
2025,13,Rhamondre Stevenson,NE,NYG,RB2,td,0.35,0,0.0,4.5,7.9,99.0,0.257,-0.2755555555555555
2025,13,Hunter Henry,NE,NYG,TE1,rec_yds,43.44,73,1.681,25.0,19.17,99.0,0.257,-0.029999999999999916
2025,13,Hunter Henry,NE,NYG,TE1,td,0.34,0,0.0,11.5,19.17,99.0,0.257,-0.029999999999999916
2025,13,DeMario Douglas,NE,NYG,WR3,rec_yds,35.1,33,0.94,6.0,16.0,96.0,0.257,-0.1154545454545454
2025,13,DeMario Douglas,NE,NYG,WR3,td,0.27,0,0.0,30.0,16.0,96.0,0.257,-0.1154545454545454
2025,13,Stefon Diggs,NE,NYG,WR1,rec_yds,57.94,26,0.449,6.0,8.33,100.0,0.257,-0.06916666666666671
2025,13,Stefon Diggs,NE,NYG,WR1,td,0.31,0,0.0,15.0,8.33,100.0,0.257,-0.06916666666666671
2025,13,Mack Hollins,NE,NYG,WR2,rec_yds,36.7,23,0.627,15.0,14.67,99.0,0.257,0.1890909090909091
2025,13,Mack Hollins,NE,NYG,WR2,td,0.2,0,0.0,6.5,14.67,99.0,0.257,0.1890909090909091
2025,14,Dak Prescott,DAL,DET,QB1,pass_yds,265.62,376,1.416,9.0,7.6,101.0,0.122,0.021666666666666612
2025,14,Dak Prescott,DAL,DET,QB1,pass_td,1.91,1,0.525,9.0,7.6,101.0,0.122,0.021666666666666612
2025,14,Javonte Williams,DAL,DET,RB1,rush_yds,63.62,67,1.053,29.0,27.0,102.0,0.122,0.02000000000000013
2025,14,Javonte Williams,DAL,DET,RB1,rush_att,13.53,17,1.256,29.0,27.0,102.0,0.122,0.02000000000000013
2025,14,Javonte Williams,DAL,DET,RB1,td,0.69,1,1.455,28.5,27.0,102.0,0.122,0.02000000000000013
2025,14,Malik Davis,DAL,DET,RB2,td,0.2,0,0.0,24.5,26.6,99.0,0.122,0.010000000000000009
2025,14,CeeDee Lamb,DAL,DET,WR2,rec_yds,86.21,121,1.404,12.0,14.17,99.0,0.122,-0.016249999999999876
2025,14,CeeDee Lamb,DAL,DET,WR2,td,0.33,0,0.0,18.5,14.17,99.0,0.122,-0.016249999999999876
2025,14,Ryan Flournoy,DAL,DET,WR3,rec_yds,22.8,115,5.044,1.0,3.0,96.0,0.122,-0.08666666666666667
2025,14,Ryan Flournoy,DAL,DET,WR3,td,0.16,1,6.25,7.0,3.0,96.0,0.122,-0.08666666666666667
2025,14,Jake Ferguson,DAL,DET,TE1,rec_yds,38.22,58,1.518,22.0,21.83,99.0,0.122,0.022499999999999964
2025,14,Jake Ferguson,DAL,DET,TE1,td,0.44,0,0.0,16.5,21.83,99.0,0.122,0.022499999999999964
2025,14,George Pickens,DAL,DET,WR1,rec_yds,88.16,37,0.42,13.0,10.0,100.0,0.122,-0.08416666666666672
2025,14,George Pickens,DAL,DET,WR1,td,0.59,0,0.0,2.0,10.0,100.0,0.122,-0.08416666666666672
2025,14,Jared Goff,DET,DAL,QB1,pass_yds,268.72,309,1.15,2.0,1.4,106.0,0.23399999999999999,0.02083333333333337
2025,14,Jared Goff,DET,DAL,QB1,pass_td,2.22,1,0.451,1.0,1.4,106.0,0.23399999999999999,0.02083333333333337
2025,14,David Montgomery,DET,DAL,RB2,rush_yds,46.22,60,1.298,17.0,14.9,106.0,0.23399999999999999,-0.01749999999999996
2025,14,David Montgomery,DET,DAL,RB2,rush_att,10.84,6,0.553,17.0,14.9,106.0,0.23399999999999999,-0.01749999999999996
2025,14,David Montgomery,DET,DAL,RB2,td,0.56,1,1.778,10.0,14.9,106.0,0.23399999999999999,-0.01749999999999996
2025,14,Jahmyr Gibbs,DET,DAL,RB1,rush_yds,85.09,43,0.505,15.5,9.7,97.0,0.23399999999999999,0.06416666666666648
2025,14,Jahmyr Gibbs,DET,DAL,RB1,rush_att,14.94,12,0.803,15.5,9.7,97.0,0.23399999999999999,0.06416666666666648
2025,14,Jahmyr Gibbs,DET,DAL,RB1,rec_yds,34.66,77,2.222,1.0,9.7,97.0,0.23399999999999999,0.06416666666666648
2025,14,Jahmyr Gibbs,DET,DAL,RB1,td,1.19,3,2.526,18.0,9.7,97.0,0.23399999999999999,0.06416666666666648
2025,14,Jameson Williams,DET,DAL,WR2,rec_yds,62.47,96,1.537,1.0,5.33,107.0,0.23399999999999999,0.04249999999999998
2025,14,Jameson Williams,DET,DAL,WR2,td,0.53,0,0.0,10.5,5.33,107.0,0.23399999999999999,0.04249999999999998
2025,14,Amon-Ra St. Brown,DET,DAL,WR1,rec_yds,78.34,92,1.174,15.0,12.5,100.0,0.23399999999999999,-0.7625000000000002
2025,14,Amon-Ra St. Brown,DET,DAL,WR1,td,0.72,0,0.0,1.0,12.5,100.0,0.23399999999999999,-0.7625000000000002
2025,14,Isaac TeSlaa,DET,DAL,WR3,td,0.33,1,3.0,10.5,13.67,105.0,0.23399999999999999,0.5900000000000001
2025,14,Sam Darnold,SEA,ATL,QB1,pass_yds,250.12,249,0.996,24.0,13.0,102.0,0.048,0.0033333333333332993
2025,14,Sam Darnold,SEA,ATL,QB1,pass_td,1.75,3,1.714,4.5,13.0,102.0,0.048,0.0033333333333332993
2025,14,Zach Charbonnet,SEA,ATL,RB2,rush_yds,41.0,46,1.122,25.0,16.2,97.0,0.048,-0.07545454545454539
2025,14,Zach Charbonnet,SEA,ATL,RB2,rush_att,10.8,7,0.648,25.0,16.2,97.0,0.048,-0.07545454545454539
2025,14,Zach Charbonnet,SEA,ATL,RB2,td,0.67,0,0.0,15.0,16.2,97.0,0.048,-0.07545454545454539
2025,14,Kenneth Walker III,SEA,ATL,RB1,rush_yds,57.41,29,0.505,10.0,10.3,100.0,0.048,0.07500000000000001
2025,14,Kenneth Walker III,SEA,ATL,RB1,rush_att,13.62,10,0.734,10.0,10.3,100.0,0.048,0.07500000000000001
2025,14,Kenneth Walker III,SEA,ATL,RB1,td,0.38,0,0.0,15.5,10.3,100.0,0.048,0.07500000000000001
2025,14,Rashid Shaheed,SEA,ATL,WR2,rec_yds,44.41,67,1.509,20.0,11.33,104.0,0.048,-0.1792307692307693
2025,14,Rashid Shaheed,SEA,ATL,WR2,td,0.22,0,0.0,3.0,11.33,104.0,0.048,-0.1792307692307693
2025,14,Cooper Kupp,SEA,ATL,WR3,rec_yds,42.8,35,0.818,16.0,18.0,118.0,0.048,0.026363636363636478
2025,14,Cooper Kupp,SEA,ATL,WR3,td,0.2,1,5.0,17.0,18.0,118.0,0.048,0.026363636363636478
2025,14,AJ Barner,SEA,ATL,TE1,rec_yds,26.81,27,1.007,27.0,28.17,105.0,0.048,0.07500000000000007
2025,14,AJ Barner,SEA,ATL,TE1,td,0.41,0,0.0,29.5,28.17,105.0,0.048,0.07500000000000007
2025,14,Jaxon Smith-Njigba,SEA,ATL,WR1,rec_yds,101.06,92,0.91,12.0,11.17,95.0,0.048,0.08333333333333326
2025,14,Jaxon Smith-Njigba,SEA,ATL,WR1,td,0.53,2,3.765,9.5,11.17,95.0,0.048,0.08333333333333326
2025,14,Kirk Cousins,ATL,SEA,QB1,pass_yds,182.0,162,0.89,17.0,18.5,86.0,-0.119,0.278
2025,14,Kirk Cousins,ATL,SEA,QB1,pass_td,0.83,0,0.0,22.0,18.5,86.0,-0.119,0.278
2025,14,Bijan Robinson,ATL,SEA,RB1,rush_yds,87.94,86,0.978,30.0,21.5,97.0,-0.119,0.08750000000000013
2025,14,Bijan Robinson,ATL,SEA,RB1,rush_att,17.47,20,1.145,30.0,21.5,97.0,-0.119,0.08750000000000013
2025,14,Bijan Robinson,ATL,SEA,RB1,rec_yds,41.12,8,0.195,9.0,21.5,97.0,-0.119,0.08750000000000013
2025,14,Bijan Robinson,ATL,SEA,RB1,td,0.75,0,0.0,30.5,21.5,97.0,-0.119,0.08750000000000013
2025,14,Tyler Allgeier,ATL,SEA,RB2,rush_yds,30.06,34,1.131,13.0,12.0,97.0,-0.119,-0.03750000000000003
2025,14,Tyler Allgeier,ATL,SEA,RB2,td,0.53,0,0.0,18.0,12.0,97.0,-0.119,-0.03750000000000003
2025,14,Kyle Pitts,ATL,SEA,TE1,rec_yds,39.19,90,2.297,2.0,10.33,89.0,-0.119,0.04583333333333339
2025,14,Darnell Mooney,ATL,SEA,WR1,rec_yds,40.64,6,0.148,26.0,17.17,93.0,-0.119,0.12299999999999989
2025,14,David Sills V,ATL,SEA,WR2,td,0.29,0,0.0,18.5,21.17,96.0,-0.119,0.18999999999999995
2025,14,Joe Burrow,CIN,BUF,QB1,pass_yds,255.29,284,1.112,31.0,25.7,86.0,0.002999999999999999,0.2333333333333334
2025,14,Joe Burrow,CIN,BUF,QB1,pass_td,2.21,4,1.806,27.5,25.7,86.0,0.002999999999999999,0.2333333333333334
2025,14,Chase Brown,CIN,BUF,RB1,rush_yds,63.72,23,0.361,6.0,8.4,97.0,0.002999999999999999,-0.08750000000000002
2025,14,Chase Brown,CIN,BUF,RB1,rush_att,14.72,12,0.815,6.0,8.4,97.0,0.002999999999999999,-0.08750000000000002
2025,14,Chase Brown,CIN,BUF,RB1,rec_yds,27.28,12,0.44,16.0,8.4,97.0,0.002999999999999999,-0.08750000000000002
2025,14,Chase Brown,CIN,BUF,RB1,td,0.38,2,5.333,7.0,8.4,97.0,0.002999999999999999,-0.08750000000000002
2025,14,Ja'Marr Chase,CIN,BUF,WR1,rec_yds,97.77,44,0.45,4.0,11.33,93.0,0.002999999999999999,0.036363636363636376
2025,14,Ja'Marr Chase,CIN,BUF,WR1,td,0.67,0,0.0,18.0,11.33,93.0,0.002999999999999999,0.036363636363636376
2025,14,Tee Higgins,CIN,BUF,WR2,rec_yds,60.07,92,1.532,25.0,18.17,96.0,0.002999999999999999,-0.0790909090909091
2025,14,Tee Higgins,CIN,BUF,WR2,td,0.73,2,2.727,10.5,18.17,96.0,0.002999999999999999,-0.0790909090909091
2025,14,Andrei Iosivas,CIN,BUF,WR3,rec_yds,34.71,17,0.49,32.0,24.33,91.0,0.002999999999999999,0.09999999999999987
2025,14,Andrei Iosivas,CIN,BUF,WR3,td,0.21,0,0.0,17.0,24.33,91.0,0.002999999999999999,0.09999999999999987
2025,14,Noah Fant,CIN,BUF,TE1,rec_yds,29.93,15,0.501,31.0,31.17,89.0,0.002999999999999999,-0.014999999999999958
2025,14,Noah Fant,CIN,BUF,TE1,td,0.25,0,0.0,31.5,31.17,89.0,0.002999999999999999,-0.014999999999999958
2025,14,Josh Allen,BUF,CIN,QB1,pass_yds,238.41,251,1.053,6.0,6.2,102.0,0.264,0.02833333333333332
2025,14,Josh Allen,BUF,CIN,QB1,pass_td,1.62,3,1.846,2.0,6.2,102.0,0.264,0.02833333333333332
2025,14,James Cook,BUF,CIN,RB1,rush_yds,92.78,80,0.862,3.0,9.3,100.0,0.264,0.010000000000000009
2025,14,James Cook,BUF,CIN,RB1,rush_att,17.5,18,1.029,3.0,9.3,100.0,0.264,0.010000000000000009
2025,14,James Cook,BUF,CIN,RB1,td,0.88,0,0.0,7.0,9.3,100.0,0.264,0.010000000000000009
2025,14,Ty Johnson,BUF,CIN,RB2,td,0.16,0,0.0,2.0,4.1,97.0,0.264,-0.020833333333333315
2025,14,Dalton Kincaid,BUF,CIN,TE1,rec_yds,49.08,41,0.835,1.0,3.0,105.0,0.264,-0.15000000000000002
2025,14,Dalton Kincaid,BUF,CIN,TE1,td,0.38,1,2.667,1.0,3.0,105.0,0.264,-0.15000000000000002
2025,14,Khalil Shakir,BUF,CIN,WR1,rec_yds,48.06,16,0.333,27.0,29.17,95.0,0.264,-0.10250000000000004
2025,14,Khalil Shakir,BUF,CIN,WR1,td,0.25,1,4.0,29.5,29.17,95.0,0.264,-0.10250000000000004
2025,14,Tyrell Shavers,BUF,CIN,WR3,rec_yds,27.53,16,0.581,14.0,11.5,118.0,0.264,0.1642857142857143
2025,14,Tyrell Shavers,BUF,CIN,WR3,td,0.2,0,0.0,7.0,11.5,118.0,0.264,0.1642857142857143
2025,14,Keon Coleman,BUF,CIN,WR2,rec_yds,37.82,16,0.423,30.0,30.0,104.0,0.264,-0.23300000000000004
2025,14,Keon Coleman,BUF,CIN,WR2,td,0.36,0,0.0,29.0,30.0,104.0,0.264,-0.23300000000000004
2025,14,Cam Ward,TEN,CLE,QB1,pass_yds,195.92,117,0.597,30.0,25.5,101.0,-0.23299999999999998,0.0
2025,14,Tony Pollard,TEN,CLE,RB1,rush_yds,50.66,161,3.178,27.0,23.0,102.0,-0.23299999999999998,-0.1916666666666667
2025,14,Tony Pollard,TEN,CLE,RB1,rush_att,13.06,25,1.914,27.0,23.0,102.0,-0.23299999999999998,-0.1916666666666667
2025,14,Tony Pollard,TEN,CLE,RB1,td,0.19,2,10.667,14.0,23.0,102.0,-0.23299999999999998,-0.1916666666666667
2025,14,Tyjae Spears,TEN,CLE,RB2,rush_yds,22.54,19,0.843,20.0,24.9,99.0,-0.23299999999999998,0.011249999999999982
2025,14,Tyjae Spears,TEN,CLE,RB2,td,0.25,0,0.0,32.0,24.9,99.0,-0.23299999999999998,0.011249999999999982
2025,14,Chimere Dike,TEN,CLE,WR2,rec_yds,21.67,24,1.108,22.0,24.0,99.0,-0.23299999999999998,0.20833333333333337
2025,14,Chimere Dike,TEN,CLE,WR2,td,0.17,1,6.0,22.0,24.0,99.0,-0.23299999999999998,0.20833333333333337
2025,14,Chig Okonkwo,TEN,CLE,TE1,rec_yds,35.38,20,0.565,30.0,25.17,99.0,-0.23299999999999998,-0.05833333333333335
2025,14,Van Jefferson,TEN,CLE,WR3,rec_yds,20.61,17,0.825,26.0,21.17,96.0,-0.23299999999999998,0.07299999999999995
2025,14,Elic Ayomanor,TEN,CLE,WR1,rec_yds,30.82,14,0.454,29.0,25.17,100.0,-0.23299999999999998,0.03454545454545466
2025,14,Elic Ayomanor,TEN,CLE,WR1,td,0.18,1,5.5,14.5,25.17,100.0,-0.23299999999999998,0.03454545454545466
2025,14,Shedeur Sanders,CLE,TEN,QB1,pass_yds,135.0,364,2.696,25.0,15.4,95.0,-0.073,0.17666666666666664
2025,14,Shedeur Sanders,CLE,TEN,QB1,pass_td,0.67,3,4.5,13.0,15.4,95.0,-0.073,0.17666666666666664
2025,14,Quinshon Judkins,CLE,TEN,RB1,rush_yds,68.91,26,0.377,15.5,19.9,96.0,-0.073,0.09545454545454546
2025,14,Quinshon Judkins,CLE,TEN,RB1,rush_att,17.82,14,0.786,15.5,19.9,96.0,-0.073,0.09545454545454546
2025,14,Quinshon Judkins,CLE,TEN,RB1,td,0.64,0,0.0,5.0,19.9,96.0,-0.073,0.09545454545454546
2025,14,Dylan Sampson,CLE,TEN,RB2,td,0.17,0,0.0,1.0,15.6,103.0,-0.073,-0.0383333333333333
2025,14,Harold Fannin,CLE,TEN,TE1,rec_yds,42.08,114,2.709,25.0,25.17,103.0,-0.073,0.15333333333333332
2025,14,Harold Fannin,CLE,TEN,TE1,td,0.25,1,4.0,29.5,25.17,103.0,-0.073,0.15333333333333332
2025,14,Jerry Jeudy,CLE,TEN,WR1,rec_yds,51.66,76,1.471,6.0,5.67,107.0,-0.073,0.008333333333333304
2025,14,Jerry Jeudy,CLE,TEN,WR1,td,0.16,1,6.4,4.0,5.67,107.0,-0.073,0.008333333333333304
2025,14,Cedric Tillman,CLE,TEN,WR3,rec_yds,28.5,23,0.807,10.5,20.17,98.0,-0.073,-0.05249999999999999
2025,14,Cedric Tillman,CLE,TEN,WR3,td,0.29,0,0.0,32.0,20.17,98.0,-0.073,-0.05249999999999999
2025,14,Daniel Jones,IND,JAX,QB1,pass_yds,243.38,60,0.247,5.0,7.4,106.0,0.0,0.02833333333333332
2025,14,Daniel Jones,IND,JAX,QB1,pass_td,1.38,0,0.0,3.0,7.4,106.0,0.0,0.02833333333333332
2025,14,Jonathan Taylor,IND,JAX,RB1,rush_yds,109.16,74,0.678,28.0,19.4,97.0,0.0,0.1333333333333333
2025,14,Jonathan Taylor,IND,JAX,RB1,rush_att,20.31,21,1.034,28.0,19.4,97.0,0.0,0.1333333333333333
2025,14,Jonathan Taylor,IND,JAX,RB1,rec_yds,20.12,0,0.0,12.0,19.4,97.0,0.0,0.1333333333333333
2025,14,Jonathan Taylor,IND,JAX,RB1,td,1.28,1,0.78,21.0,19.4,97.0,0.0,0.1333333333333333
2025,14,Ameer Abdullah,IND,JAX,RB2,td,0.27,0,0.0,11.5,12.4,106.0,0.0,-0.005714285714285713
2025,14,Tyler Warren,IND,JAX,TE1,rec_yds,57.0,15,0.263,3.0,3.67,102.0,0.0,0.04166666666666674
2025,14,Tyler Warren,IND,JAX,TE1,td,0.42,0,0.0,3.0,3.67,102.0,0.0,0.04166666666666674
2025,14,Alec Pierce,IND,JAX,WR2,rec_yds,64.57,80,1.239,11.0,14.5,107.0,0.0,0.10999999999999999
2025,14,Alec Pierce,IND,JAX,WR2,td,0.29,0,0.0,15.5,14.5,107.0,0.0,0.10999999999999999
2025,14,Michael Pittman Jr.,IND,JAX,WR1,rec_yds,53.0,79,1.491,3.0,4.5,100.0,0.0,-0.008333333333333415
2025,14,Michael Pittman Jr.,IND,JAX,WR1,td,0.47,0,0.0,9.5,4.5,100.0,0.0,-0.008333333333333415
2025,14,Josh Downs,IND,JAX,WR3,rec_yds,39.73,23,0.579,30.0,27.83,105.0,0.0,0.025454545454545507
2025,14,Josh Downs,IND,JAX,WR3,td,0.27,0,0.0,27.5,27.83,105.0,0.0,0.025454545454545507
2025,14,Trevor Lawrence,JAX,IND,QB1,pass_yds,216.72,244,1.126,4.0,17.2,102.0,0.053,-0.036666666666666736
2025,14,Trevor Lawrence,JAX,IND,QB1,pass_td,1.31,2,1.524,20.5,17.2,102.0,0.053,-0.036666666666666736
2025,14,Travis Etienne,JAX,IND,RB1,rush_yds,62.19,74,1.19,18.0,20.4,100.0,0.053,-0.08750000000000013
2025,14,Travis Etienne,JAX,IND,RB1,rush_att,14.16,20,1.413,18.0,20.4,100.0,0.053,-0.08750000000000013
2025,14,Travis Etienne,JAX,IND,RB1,td,0.44,2,4.571,24.0,20.4,100.0,0.053,-0.08750000000000013
2025,14,Jakobi Meyers,JAX,IND,WR1,rec_yds,59.7,39,0.653,10.0,16.33,95.0,0.053,0.07363636363636361
2025,14,Jakobi Meyers,JAX,IND,WR1,td,0.2,1,5.0,20.5,16.33,95.0,0.053,0.07363636363636361
2025,14,Bhayshul Tuten,JAX,IND,RB2,rush_yds,22.67,5,0.221,15.0,11.5,97.0,0.053,0.065
2025,14,Bhayshul Tuten,JAX,IND,RB2,td,0.42,0,0.0,5.0,11.5,97.0,0.053,0.065
2025,14,Brian Thomas,JAX,IND,WR2,rec_yds,60.88,87,1.429,6.0,11.67,104.0,0.053,-0.04888888888888887
2025,14,Brian Thomas,JAX,IND,WR2,td,0.35,0,0.0,26.5,11.67,104.0,0.053,-0.04888888888888887
2025,14,Tim Patrick,JAX,IND,WR3,td,0.27,1,3.714,4.5,7.0,118.0,0.053,-0.15555555555555556
2025,14,Brenton Strange,JAX,IND,TE1,rec_yds,41.14,27,0.656,4.0,12.67,105.0,0.053,0.09857142857142864
2025,14,Tua Tagovailoa,MIA,NYJ,QB1,pass_yds,209.69,127,0.606,28.0,20.0,101.0,0.125,0.044166666666666576
2025,14,Tua Tagovailoa,MIA,NYJ,QB1,pass_td,1.56,1,0.64,23.0,20.0,101.0,0.125,0.044166666666666576
2025,14,De'Von Achane,MIA,NYJ,RB1,rush_yds,78.69,92,1.169,4.0,13.6,102.0,0.125,-0.05833333333333346
2025,14,De'Von Achane,MIA,NYJ,RB1,rush_att,14.69,7,0.477,4.0,13.6,102.0,0.125,-0.05833333333333346
2025,14,De'Von Achane,MIA,NYJ,RB1,rec_yds,31.72,13,0.41,22.0,13.6,102.0,0.125,-0.05833333333333346
2025,14,De'Von Achane,MIA,NYJ,RB1,td,0.84,1,1.185,1.0,13.6,102.0,0.125,-0.05833333333333346
2025,14,Jaylen Waddle,MIA,NYJ,WR1,rec_yds,61.06,50,0.819,23.0,21.33,100.0,0.125,0.10000000000000009
2025,14,Jaylen Waddle,MIA,NYJ,WR1,td,0.38,1,2.667,18.0,21.33,100.0,0.125,0.10000000000000009
2025,14,Ollie Gordon,MIA,NYJ,RB2,td,0.25,1,4.0,30.0,23.6,99.0,0.125,0.03
2025,14,Darren Waller,MIA,NYJ,TE1,rec_yds,41.0,13,0.317,26.0,18.5,99.0,0.125,-0.027500000000000024
2025,14,Darren Waller,MIA,NYJ,TE1,td,1.0,0,0.0,11.0,18.5,99.0,0.125,-0.027500000000000024
2025,14,Malik Washington,MIA,NYJ,WR2,rec_yds,22.41,10,0.446,18.5,21.83,99.0,0.125,0.03833333333333333
2025,14,Tyrod Taylor,NYJ,MIA,QB1,pass_yds,138.75,6,0.043,21.0,18.5,86.0,-0.038000000000000006,0.21599999999999997
2025,14,Tyrod Taylor,NYJ,MIA,QB1,pass_td,1.08,0,0.0,16.5,18.5,86.0,-0.038000000000000006,0.21599999999999997
2025,14,Breece Hall,NYJ,MIA,RB1,rush_yds,66.12,43,0.65,11.0,11.4,97.0,-0.038000000000000006,0.22333333333333338
2025,14,Breece Hall,NYJ,MIA,RB1,rush_att,14.75,14,0.949,11.0,11.4,97.0,-0.038000000000000006,0.22333333333333338
2025,14,Breece Hall,NYJ,MIA,RB1,rec_yds,24.53,0,0.0,7.0,11.4,97.0,-0.038000000000000006,0.22333333333333338
2025,14,Breece Hall,NYJ,MIA,RB1,td,0.38,0,0.0,18.0,11.4,97.0,-0.038000000000000006,0.22333333333333338
2025,14,Mason Taylor,NYJ,MIA,TE1,rec_yds,26.5,51,1.925,6.0,11.67,89.0,-0.038000000000000006,0.0066666666666663765
2025,14,John Metchie,NYJ,MIA,WR2,rec_yds,23.55,34,1.444,28.0,21.83,96.0,-0.038000000000000006,0.5342857142857143
2025,14,John Metchie,NYJ,MIA,WR2,td,0.23,0,0.0,5.5,21.83,96.0,-0.038000000000000006,0.5342857142857143
2025,14,Adonai Mitchell,NYJ,MIA,WR1,rec_yds,26.13,24,0.918,32.0,25.5,93.0,-0.038000000000000006,0.47727272727272724
2025,14,Allen Lazard,NYJ,MIA,WR3,rec_yds,20.55,0,0.0,25.0,22.83,91.0,-0.038000000000000006,-0.1457142857142858
2025,14,Allen Lazard,NYJ,MIA,WR3,td,0.23,0,0.0,27.5,22.83,91.0,-0.038000000000000006,-0.1457142857142858
2025,14,Marcus Mariota,WAS,MIN,QB1,pass_yds,181.29,30,0.165,20.0,26.4,86.0,-0.051000000000000004,0.10857142857142854
2025,14,Marcus Mariota,WAS,MIN,QB1,pass_td,1.29,0,0.0,27.5,26.4,86.0,-0.051000000000000004,0.10857142857142854
2025,14,Chris Rodriguez,WAS,MIN,RB2,rush_yds,33.88,52,1.535,21.0,22.6,97.0,-0.051000000000000004,0.11222222222222217
2025,14,Chris Rodriguez,WAS,MIN,RB2,td,0.42,0,0.0,11.5,22.6,97.0,-0.051000000000000004,0.11222222222222217
2025,14,Jacory Croskey-Merritt,WAS,MIN,RB1,rush_yds,43.17,32,0.741,9.0,19.6,97.0,-0.051000000000000004,-0.25999999999999995
2025,14,Jacory Croskey-Merritt,WAS,MIN,RB1,td,0.33,0,0.0,21.0,19.6,97.0,-0.051000000000000004,-0.25999999999999995
2025,14,Terry McLaurin,WAS,MIN,WR2,rec_yds,60.89,41,0.673,4.0,8.83,96.0,-0.051000000000000004,-0.14600000000000002
2025,14,Terry McLaurin,WAS,MIN,WR2,td,0.61,0,0.0,15.5,8.83,96.0,-0.051000000000000004,-0.14600000000000002
2025,14,Deebo Samuel,WAS,MIN,WR1,rec_yds,44.4,27,0.608,19.0,23.0,93.0,-0.051000000000000004,-0.035454545454545516
2025,14,Deebo Samuel,WAS,MIN,WR1,td,0.47,0,0.0,22.0,23.0,93.0,-0.051000000000000004,-0.035454545454545516
2025,14,Noah Brown,WAS,MIN,WR3,rec_yds,34.5,19,0.551,7.0,10.33,91.0,-0.051000000000000004,-0.03999999999999998
2025,14,Zach Ertz,WAS,MIN,TE1,rec_yds,40.31,11,0.273,15.0,15.67,89.0,-0.051000000000000004,0.007500000000000062
2025,14,Zach Ertz,WAS,MIN,TE1,td,0.44,0,0.0,16.5,15.67,89.0,-0.051000000000000004,0.007500000000000062
2025,14,J.J. McCarthy,MIN,WAS,QB1,pass_yds,154.83,163,1.053,8.0,14.0,102.0,0.057999999999999996,0.0
2025,14,J.J. McCarthy,MIN,WAS,QB1,pass_td,1.0,3,3.0,4.5,14.0,102.0,0.057999999999999996,0.0
2025,14,Aaron Jones,MIN,WAS,RB2,rush_yds,45.21,76,1.681,7.0,17.8,97.0,0.057999999999999996,-0.16625
2025,14,Aaron Jones,MIN,WAS,RB2,rush_att,10.29,14,1.36,7.0,17.8,97.0,0.057999999999999996,-0.16625
2025,14,Aaron Jones,MIN,WAS,RB2,td,0.33,0,0.0,21.5,17.8,97.0,0.057999999999999996,-0.16625
2025,14,Jordan Mason,MIN,WAS,RB1,rush_yds,46.81,52,1.111,5.0,8.8,100.0,0.057999999999999996,-0.18583333333333335
2025,14,Jordan Mason,MIN,WAS,RB1,td,0.31,1,3.2,2.0,8.8,100.0,0.057999999999999996,-0.18583333333333335
2025,14,Jordan Addison,MIN,WAS,WR2,rec_yds,56.65,62,1.094,3.0,2.83,104.0,0.057999999999999996,0.005555555555555536
2025,14,Jordan Addison,MIN,WAS,WR2,td,0.5,0,0.0,1.0,2.83,104.0,0.057999999999999996,0.005555555555555536
2025,14,Jalen Nailor,MIN,WAS,WR3,rec_yds,25.44,30,1.179,20.0,18.5,118.0,0.057999999999999996,0.0050000000000000044
2025,14,Jalen Nailor,MIN,WAS,WR3,td,0.19,0,0.0,13.0,18.5,118.0,0.057999999999999996,0.0050000000000000044
2025,14,T.J. Hockenson,MIN,WAS,TE1,rec_yds,33.5,12,0.358,19.0,15.5,105.0,0.057999999999999996,-0.008333333333333193
2025,14,Justin Jefferson,MIN,WAS,WR1,rec_yds,71.88,11,0.153,14.0,21.5,95.0,0.057999999999999996,-0.0033333333333335213
2025,14,Justin Jefferson,MIN,WAS,WR1,td,0.28,0,0.0,24.0,21.5,95.0,0.057999999999999996,-0.0033333333333335213
2025,14,Tyler Shough,NO,TB,QB1,pass_yds,178.0,144,0.809,1.0,3.4,106.0,-0.066,0.2833333333333333
2025,14,Tyler Shough,NO,TB,QB1,pass_td,0.83,0,0.0,6.0,3.4,106.0,-0.066,0.2833333333333333
2025,14,Devaughn Vele,NO,TB,WR2,rec_yds,30.32,40,1.319,7.0,5.0,107.0,-0.066,0.29428571428571426
2025,14,Devaughn Vele,NO,TB,WR2,td,0.32,0,0.0,5.5,5.0,107.0,-0.066,0.29428571428571426
2025,14,Juwan Johnson,NO,TB,TE1,rec_yds,46.09,38,0.824,7.0,5.67,102.0,-0.066,-0.07083333333333341
2025,14,Juwan Johnson,NO,TB,TE1,td,0.25,0,0.0,5.0,5.67,102.0,-0.066,-0.07083333333333341
2025,14,Chris Olave,NO,TB,WR1,rec_yds,61.31,30,0.489,21.0,19.67,100.0,-0.066,0.044166666666666576
2025,14,Chris Olave,NO,TB,WR1,td,0.34,0,0.0,26.0,19.67,100.0,-0.066,0.044166666666666576
2025,14,Baker Mayfield,TB,NO,QB1,pass_yds,228.47,122,0.534,19.0,20.6,106.0,-0.046,0.040833333333333166
2025,14,Baker Mayfield,TB,NO,QB1,pass_td,1.75,1,0.571,20.5,20.6,106.0,-0.046,0.040833333333333166
2025,14,Bucky Irving,TB,NO,RB2,rush_yds,72.17,55,0.762,1.0,19.3,106.0,-0.046,-0.1479999999999999
2025,14,Bucky Irving,TB,NO,RB2,rush_att,16.67,15,0.9,1.0,19.3,106.0,-0.046,-0.1479999999999999
2025,14,Bucky Irving,TB,NO,RB2,td,0.61,1,1.636,24.5,19.3,106.0,-0.046,-0.1479999999999999
2025,14,Rachaad White,TB,NO,RB1,rush_yds,37.47,53,1.415,8.0,12.0,97.0,-0.046,-0.16749999999999998
2025,14,Rachaad White,TB,NO,RB1,td,0.44,0,0.0,3.0,12.0,97.0,-0.046,-0.16749999999999998
2025,14,Chris Godwin,TB,NO,WR3,rec_yds,56.93,55,0.966,13.0,13.83,105.0,-0.046,0.010000000000000009
2025,14,Chris Godwin,TB,NO,WR3,td,0.33,0,0.0,23.5,13.83,105.0,-0.046,0.010000000000000009
2025,14,Cade Otton,TB,NO,TE1,rec_yds,41.97,19,0.453,17.0,17.33,102.0,-0.046,0.028181818181818086
2025,14,Emeka Egbuka,TB,NO,WR1,rec_yds,65.92,15,0.228,16.0,16.0,100.0,-0.046,0.020000000000000018
2025,14,Emeka Egbuka,TB,NO,WR1,td,0.5,0,0.0,7.0,16.0,100.0,-0.046,0.020000000000000018
2025,14,Sterling Shepard,TB,NO,WR2,rec_yds,29.84,5,0.168,14.0,13.67,107.0,-0.046,-0.3008333333333334
2025,14,Aaron Rodgers,PIT,BAL,QB1,pass_yds,198.73,284,1.429,7.0,14.1,106.0,0.051000000000000004,-0.0972727272727274
2025,14,Aaron Rodgers,PIT,BAL,QB1,pass_td,1.7,1,0.588,16.5,14.1,106.0,0.051000000000000004,-0.0972727272727274
2025,14,Kenneth Gainwell,PIT,BAL,RB2,rush_yds,27.44,15,0.547,4.0,10.6,106.0,0.051000000000000004,-0.04249999999999998
2025,14,Kenneth Gainwell,PIT,BAL,RB2,td,0.34,1,2.909,9.0,10.6,106.0,0.051000000000000004,-0.04249999999999998
2025,14,Jaylen Warren,PIT,BAL,RB1,rush_yds,52.4,13,0.248,32.0,18.2,97.0,0.051000000000000004,0.015454545454545499
2025,14,Jaylen Warren,PIT,BAL,RB1,rush_att,12.23,8,0.654,32.0,18.2,97.0,0.051000000000000004,0.015454545454545499
2025,14,Jaylen Warren,PIT,BAL,RB1,rec_yds,22.33,49,2.194,3.0,18.2,97.0,0.051000000000000004,0.015454545454545499
2025,14,Jaylen Warren,PIT,BAL,RB1,td,0.37,1,2.727,25.5,18.2,97.0,0.051000000000000004,0.015454545454545499
2025,14,D.K. Metcalf,PIT,BAL,WR1,rec_yds,51.06,148,2.898,2.0,7.5,100.0,0.051000000000000004,-0.022499999999999853
2025,14,D.K. Metcalf,PIT,BAL,WR1,td,0.44,0,0.0,14.5,7.5,100.0,0.051000000000000004,-0.022499999999999853
2025,14,Calvin Austin III,PIT,BAL,WR2,rec_yds,29.54,31,1.05,23.0,19.5,107.0,0.051000000000000004,-0.13600000000000012
2025,14,Calvin Austin III,PIT,BAL,WR2,td,0.21,0,0.0,10.5,19.5,107.0,0.051000000000000004,-0.13600000000000012
2025,14,Adam Thielen,PIT,BAL,WR3,rec_yds,26.31,4,0.152,3.0,3.17,105.0,0.051000000000000004,-0.2644444444444444
2025,14,Adam Thielen,PIT,BAL,WR3,td,0.19,0,0.0,4.5,3.17,105.0,0.051000000000000004,-0.2644444444444444
2025,14,Jonnu Smith,PIT,BAL,TE1,rec_yds,28.66,0,0.0,21.0,23.5,102.0,0.051000000000000004,-0.046666666666666634
2025,14,Jonnu Smith,PIT,BAL,TE1,td,0.34,0,0.0,27.5,23.5,102.0,0.051000000000000004,-0.046666666666666634
2025,14,Lamar Jackson,BAL,PIT,QB1,pass_yds,210.58,219,1.04,3.0,12.0,102.0,0.06,0.039999999999999925
2025,14,Lamar Jackson,BAL,PIT,QB1,pass_td,1.96,1,0.51,15.0,12.0,102.0,0.06,0.039999999999999925
2025,14,Derrick Henry,BAL,PIT,RB1,rush_yds,85.34,94,1.101,12.0,19.3,100.0,0.06,-0.14833333333333332
2025,14,Derrick Henry,BAL,PIT,RB1,rush_att,17.22,25,1.452,12.0,19.3,100.0,0.06,-0.14833333333333332
2025,14,Derrick Henry,BAL,PIT,RB1,td,0.78,0,0.0,28.5,19.3,100.0,0.06,-0.14833333333333332
2025,14,Keaton Mitchell,BAL,PIT,RB2,rush_yds,21.0,76,3.619,23.0,20.3,97.0,0.06,-0.0171428571428571
2025,14,Zay Flowers,BAL,PIT,WR1,rec_yds,60.59,124,2.046,5.0,11.0,95.0,0.06,0.07916666666666672
2025,14,Rashod Bateman,BAL,PIT,WR2,rec_yds,25.79,23,0.892,18.5,9.83,104.0,0.06,0.03700000000000003
2025,14,Rashod Bateman,BAL,PIT,WR2,td,0.36,0,0.0,2.0,9.83,104.0,0.06,0.03700000000000003
2025,14,Mark Andrews,BAL,PIT,TE1,rec_yds,32.75,9,0.275,5.0,3.33,105.0,0.06,0.01666666666666672
2025,14,Mark Andrews,BAL,PIT,TE1,td,0.59,0,0.0,2.0,3.33,105.0,0.06,0.01666666666666672
2025,14,DeAndre Hopkins,BAL,PIT,WR3,rec_yds,26.12,0,0.0,2.0,7.67,118.0,0.06,0.024166666666666614
2025,14,DeAndre Hopkins,BAL,PIT,WR3,td,0.19,0,0.0,17.0,7.67,118.0,0.06,0.024166666666666614
2025,14,Bo Nix,DEN,LV,QB1,pass_yds,234.56,212,0.904,14.0,16.7,106.0,0.065,0.0050000000000000044
2025,14,Bo Nix,DEN,LV,QB1,pass_td,1.84,0,0.0,8.0,16.7,106.0,0.065,0.0050000000000000044
2025,14,RJ Harvey,DEN,LV,RB1,rush_yds,23.25,75,3.226,21.5,21.5,97.0,0.065,0.13666666666666666
2025,14,RJ Harvey,DEN,LV,RB1,td,0.67,1,1.5,12.5,21.5,97.0,0.065,0.13666666666666666
2025,14,Courtland Sutton,DEN,LV,WR1,rec_yds,62.62,62,0.99,29.0,22.0,100.0,0.065,-0.05999999999999994
2025,14,Courtland Sutton,DEN,LV,WR1,td,0.5,0,0.0,7.0,22.0,100.0,0.065,-0.05999999999999994
2025,14,Pat Bryant,DEN,LV,WR3,rec_yds,30.33,32,1.055,19.0,12.67,105.0,0.065,0.19555555555555548
2025,14,Troy Franklin,DEN,LV,WR2,rec_yds,37.12,11,0.296,10.0,14.83,107.0,0.065,-0.13083333333333336
2025,14,Troy Franklin,DEN,LV,WR2,td,0.34,0,0.0,26.5,14.83,107.0,0.065,-0.13083333333333336
2025,14,Evan Engram,DEN,LV,TE1,rec_yds,34.6,8,0.231,20.0,20.83,102.0,0.065,0.08909090909090905
2025,14,Geno Smith,LV,DEN,QB1,pass_yds,213.25,116,0.544,15.0,21.1,101.0,-0.252,0.01416666666666666
2025,14,Geno Smith,LV,DEN,QB1,pass_td,1.25,1,0.8,32.0,21.1,101.0,-0.252,0.01416666666666666
2025,14,Ashton Jeanty,LV,DEN,RB1,rush_yds,52.92,30,0.567,25.0,22.5,102.0,-0.252,0.19999999999999984
2025,14,Ashton Jeanty,LV,DEN,RB1,rush_att,15.08,10,0.663,25.0,22.5,102.0,-0.252,0.19999999999999984
2025,14,Ashton Jeanty,LV,DEN,RB1,rec_yds,20.92,8,0.382,14.0,22.5,102.0,-0.252,0.19999999999999984
2025,14,Ashton Jeanty,LV,DEN,RB1,td,0.67,0,0.0,18.0,22.5,102.0,-0.252,0.19999999999999984
2025,14,Brock Bowers,LV,DEN,TE1,rec_yds,67.69,46,0.68,11.0,13.17,99.0,-0.252,0.1544444444444445
2025,14,Brock Bowers,LV,DEN,TE1,td,0.5,1,2.0,16.5,13.17,99.0,-0.252,0.1544444444444445
2025,14,Tre Tucker,LV,DEN,WR1,rec_yds,43.19,24,0.556,25.0,24.67,100.0,-0.252,0.02083333333333337
2025,14,Tre Tucker,LV,DEN,WR1,td,0.38,0,0.0,32.0,24.67,100.0,-0.252,0.02083333333333337
2025,14,Caleb Williams,CHI,GB,QB1,pass_yds,225.0,186,0.827,26.0,27.3,106.0,0.119,0.013333333333333308
2025,14,Caleb Williams,CHI,GB,QB1,pass_td,1.41,2,1.422,26.0,27.3,106.0,0.119,0.013333333333333308
2025,14,D'Andre Swift,CHI,GB,RB1,rush_yds,64.77,63,0.973,23.0,21.7,97.0,0.119,-0.052727272727272734
2025,14,D'Andre Swift,CHI,GB,RB1,rush_att,14.4,13,0.903,23.0,21.7,97.0,0.119,-0.052727272727272734
2025,14,D'Andre Swift,CHI,GB,RB1,rec_yds,21.0,19,0.905,20.0,21.7,97.0,0.119,-0.052727272727272734
2025,14,D'Andre Swift,CHI,GB,RB1,td,0.47,0,0.0,25.5,21.7,97.0,0.119,-0.052727272727272734
2025,14,Kyle Monangai,CHI,GB,RB2,rush_yds,49.25,57,1.157,26.0,15.8,106.0,0.119,0.046666666666666634
2025,14,Kyle Monangai,CHI,GB,RB2,rush_att,10.08,14,1.388,26.0,15.8,106.0,0.119,0.046666666666666634
2025,14,Kyle Monangai,CHI,GB,RB2,td,0.42,0,0.0,18.0,15.8,106.0,0.119,0.046666666666666634
2025,14,Luther Burden,CHI,GB,WR3,rec_yds,29.82,67,2.247,5.0,5.67,105.0,0.119,0.17818181818181822
2025,14,Colston Loveland,CHI,GB,TE1,rec_yds,36.91,29,0.786,13.0,14.0,102.0,0.119,-0.0027272727272728003
2025,14,Colston Loveland,CHI,GB,TE1,td,0.27,1,3.667,21.0,14.0,102.0,0.119,-0.0027272727272728003
2025,14,Olamide Zaccheaus,CHI,GB,WR2,rec_yds,27.6,7,0.254,13.0,19.67,107.0,0.119,-0.25363636363636366
2025,14,Olamide Zaccheaus,CHI,GB,WR2,td,0.17,1,6.0,31.0,19.67,107.0,0.119,-0.25363636363636366
2025,14,D.J. Moore,CHI,GB,WR1,rec_yds,49.12,-4,-0.081,31.0,23.0,100.0,0.119,0.07750000000000001
2025,14,D.J. Moore,CHI,GB,WR1,td,0.34,0,0.0,11.5,23.0,100.0,0.119,0.07750000000000001
2025,14,Jordan Love,GB,CHI,QB1,pass_yds,223.66,234,1.046,11.0,13.5,101.0,0.16,0.018333333333333424
2025,14,Jordan Love,GB,CHI,QB1,pass_td,1.5,3,2.0,12.0,13.5,101.0,0.16,0.018333333333333424
2025,14,Josh Jacobs,GB,CHI,RB1,rush_yds,67.63,86,1.272,7.0,16.4,102.0,0.16,-0.089090909090909
2025,14,Josh Jacobs,GB,CHI,RB1,rush_att,17.17,20,1.165,7.0,16.4,102.0,0.16,-0.089090909090909
2025,14,Josh Jacobs,GB,CHI,RB1,rec_yds,23.47,6,0.256,30.0,16.4,102.0,0.16,-0.089090909090909
2025,14,Josh Jacobs,GB,CHI,RB1,td,1.13,1,0.882,11.0,16.4,102.0,0.16,-0.089090909090909
2025,14,Emanuel Wilson,GB,CHI,RB2,rush_yds,31.0,10,0.323,3.0,8.0,99.0,0.16,-0.12818181818181817
2025,14,Emanuel Wilson,GB,CHI,RB2,td,0.3,0,0.0,18.0,8.0,99.0,0.16,-0.12818181818181817
2025,14,Christian Watson,GB,CHI,WR2,rec_yds,57.5,89,1.548,2.0,14.83,99.0,0.16,0.014999999999999791
2025,14,Christian Watson,GB,CHI,WR2,td,0.3,2,6.667,22.0,14.83,99.0,0.16,0.014999999999999791
2025,14,Romeo Doubs,GB,CHI,WR1,rec_yds,45.84,0,0.0,17.0,12.0,100.0,0.16,0.03583333333333327
2025,14,Romeo Doubs,GB,CHI,WR1,td,0.38,0,0.0,3.0,12.0,100.0,0.16,0.03583333333333327
2025,14,Matthew Golden,GB,CHI,WR3,rec_yds,31.78,0,0.0,31.0,24.5,96.0,0.16,-0.22444444444444445
2025,14,Matthew Stafford,LAR,ARI,QB1,pass_yds,248.09,281,1.133,12.0,17.8,95.0,0.236,0.0033333333333332993
2025,14,Matthew Stafford,LAR,ARI,QB1,pass_td,2.34,3,1.28,25.0,17.8,95.0,0.236,0.0033333333333332993
2025,14,Blake Corum,LAR,ARI,RB2,rush_yds,30.34,128,4.218,9.0,16.9,103.0,0.236,0.054166666666666696
2025,14,Kyren Williams,LAR,ARI,RB1,rush_yds,76.03,84,1.105,14.0,7.4,96.0,0.236,-0.03916666666666657
2025,14,Kyren Williams,LAR,ARI,RB1,rush_att,16.28,13,0.798,14.0,7.4,96.0,0.236,-0.03916666666666657
2025,14,Kyren Williams,LAR,ARI,RB1,td,0.81,1,1.231,7.0,7.4,96.0,0.236,-0.03916666666666657
2025,14,Puka Nacua,LAR,ARI,WR1,rec_yds,95.87,167,1.742,7.0,15.33,107.0,0.236,0.029090909090908945
2025,14,Puka Nacua,LAR,ARI,WR1,td,0.47,2,4.286,29.5,15.33,107.0,0.236,0.029090909090908945
2025,14,Colby Parkinson,LAR,ARI,TE1,td,0.27,1,3.714,21.0,17.5,103.0,0.236,0.14666666666666672
2025,14,Davante Adams,LAR,ARI,WR2,rec_yds,64.28,29,0.451,21.0,16.33,95.0,0.236,-0.009166666666666767
2025,14,Davante Adams,LAR,ARI,WR2,td,1.06,0,0.0,22.0,16.33,95.0,0.236,-0.009166666666666767
2025,14,Jordan Whittington,LAR,ARI,WR3,rec_yds,22.58,5,0.221,29.0,27.83,98.0,0.236,-0.2310000000000001
2025,14,Jacoby Brissett,ARI,LAR,QB1,pass_yds,208.08,271,1.302,13.0,16.9,95.0,-0.082,0.2222222222222222
2025,14,Jacoby Brissett,ARI,LAR,QB1,pass_td,1.12,2,1.786,18.0,16.9,95.0,-0.082,0.2222222222222222
2025,14,Zonovan Knight,ARI,LAR,RB1,rush_yds,31.88,16,0.502,13.0,15.3,96.0,-0.082,0.044999999999999984
2025,14,Zonovan Knight,ARI,LAR,RB1,td,0.62,0,0.0,32.0,15.3,96.0,-0.082,0.044999999999999984
2025,14,Michael Carter,ARI,LAR,RB2,rush_yds,22.89,13,0.568,27.0,21.6,103.0,-0.082,0.13875000000000004
2025,14,Michael Carter,ARI,LAR,RB2,td,0.16,0,0.0,24.5,21.6,103.0,-0.082,0.13875000000000004
2025,14,Michael Wilson,ARI,LAR,WR1,rec_yds,43.91,142,3.234,9.0,12.5,107.0,-0.082,0.13500000000000012
2025,14,Trey McBride,ARI,LAR,TE1,rec_yds,75.72,58,0.766,9.0,5.83,103.0,-0.082,-0.007500000000000062
2025,14,Trey McBride,ARI,LAR,TE1,td,0.56,0,0.0,7.0,5.83,103.0,-0.082,-0.007500000000000062
2025,14,C.J. Stroud,HOU,KC,QB1,pass_yds,213.23,203,0.952,22.0,14.8,95.0,-0.019,0.09777777777777763
2025,14,C.J. Stroud,HOU,KC,QB1,pass_td,1.19,1,0.839,29.0,14.8,95.0,-0.019,0.09777777777777763
2025,14,Woody Marks,HOU,KC,RB1,rush_yds,40.5,68,1.679,31.0,29.7,96.0,-0.019,0.03916666666666668
2025,14,Woody Marks,HOU,KC,RB1,rush_att,11.17,26,2.328,31.0,29.7,96.0,-0.019,0.03916666666666668
2025,14,Woody Marks,HOU,KC,RB1,td,0.33,1,3.0,30.5,29.7,96.0,-0.019,0.03916666666666668
2025,14,Nick Chubb,HOU,KC,RB2,rush_yds,39.69,3,0.076,24.0,20.6,103.0,-0.019,-0.020000000000000018
2025,14,Nick Chubb,HOU,KC,RB2,rush_att,10.31,1,0.097,24.0,20.6,103.0,-0.019,-0.020000000000000018
2025,14,Nick Chubb,HOU,KC,RB2,td,0.31,0,0.0,13.5,20.6,103.0,-0.019,-0.020000000000000018
2025,14,Nico Collins,HOU,KC,WR1,rec_yds,70.23,121,1.723,29.0,22.67,107.0,-0.019,-0.028181818181818197
2025,14,Nico Collins,HOU,KC,WR1,td,0.5,0,0.0,29.5,22.67,107.0,-0.019,-0.028181818181818197
2025,14,Jayden Higgins,HOU,KC,WR2,rec_yds,29.92,34,1.136,15.0,20.33,95.0,-0.019,0.03249999999999997
2025,14,Jayden Higgins,HOU,KC,WR2,td,0.33,0,0.0,24.0,20.33,95.0,-0.019,0.03249999999999997
2025,14,Dalton Schultz,HOU,KC,TE1,rec_yds,43.5,22,0.506,8.0,14.0,103.0,-0.019,0.011666666666666603
2025,14,Xavier Hutchinson,HOU,KC,WR3,rec_yds,22.6,0,0.0,27.0,16.5,98.0,-0.019,-0.06636363636363629
2025,14,Xavier Hutchinson,HOU,KC,WR3,td,0.2,0,0.0,2.5,16.5,98.0,-0.019,-0.06636363636363629
2025,14,Patrick Mahomes,KC,HOU,QB1,pass_yds,264.44,160,0.605,29.0,24.7,102.0,-0.066,0.023333333333333428
2025,14,Patrick Mahomes,KC,HOU,QB1,pass_td,1.84,0,0.0,24.0,24.7,102.0,-0.066,0.023333333333333428
2025,14,Kareem Hunt,KC,HOU,RB1,rush_yds,42.0,30,0.714,17.0,25.1,100.0,-0.066,0.16250000000000003
2025,14,Kareem Hunt,KC,HOU,RB1,rush_att,10.91,12,1.1,17.0,25.1,100.0,-0.066,0.16250000000000003
2025,14,Kareem Hunt,KC,HOU,RB1,td,0.56,1,1.778,27.0,25.1,100.0,-0.066,0.16250000000000003
2025,14,Isiah Pacheco,KC,HOU,RB2,rush_yds,40.0,30,0.75,32.0,19.5,97.0,-0.066,-0.23888888888888898
2025,14,Isiah Pacheco,KC,HOU,RB2,td,0.2,0,0.0,13.5,19.5,97.0,-0.066,-0.23888888888888898
2025,14,Xavier Worthy,KC,HOU,WR2,rec_yds,43.04,55,1.278,27.0,25.0,104.0,-0.066,0.19900000000000007
2025,14,Xavier Worthy,KC,HOU,WR2,td,0.21,0,0.0,18.5,25.0,104.0,-0.066,0.19900000000000007
2025,14,Marquise Brown,KC,HOU,WR3,rec_yds,38.81,35,0.902,12.0,17.17,118.0,-0.066,-0.08333333333333331
2025,14,Marquise Brown,KC,HOU,WR3,td,0.38,0,0.0,17.0,17.17,118.0,-0.066,-0.08333333333333331
2025,14,Rashee Rice,KC,HOU,WR1,rec_yds,84.0,34,0.405,22.0,26.83,95.0,-0.066,0.16333333333333344
2025,14,Rashee Rice,KC,HOU,WR1,td,0.93,0,0.0,29.5,26.83,95.0,-0.066,0.16333333333333344
2025,14,Travis Kelce,KC,HOU,TE1,rec_yds,57.06,8,0.14,32.0,24.33,105.0,-0.066,0.12083333333333335
2025,14,Travis Kelce,KC,HOU,TE1,td,0.38,0,0.0,9.0,24.33,105.0,-0.066,0.12083333333333335
2025,14,Jalen Hurts,PHI,LAC,QB1,pass_yds,199.59,240,1.202,32.0,23.3,95.0,-0.043,0.005833333333333357
2025,14,Jalen Hurts,PHI,LAC,QB1,pass_td,1.5,0,0.0,30.0,23.3,95.0,-0.043,0.005833333333333357
2025,14,Saquon Barkley,PHI,LAC,RB1,rush_yds,80.0,122,1.525,21.5,22.4,96.0,-0.043,0.13250000000000006
2025,14,Saquon Barkley,PHI,LAC,RB1,rush_att,18.25,20,1.096,21.5,22.4,96.0,-0.043,0.13250000000000006
2025,14,Saquon Barkley,PHI,LAC,RB1,rec_yds,20.31,0,0.0,26.0,22.4,96.0,-0.043,0.13250000000000006
2025,14,Saquon Barkley,PHI,LAC,RB1,td,0.59,1,1.684,21.0,22.4,96.0,-0.043,0.13250000000000006
2025,14,Tank Bigsby,PHI,LAC,RB2,rush_yds,31.25,4,0.128,19.0,18.6,103.0,-0.043,-0.09166666666666669
2025,14,Tank Bigsby,PHI,LAC,RB2,td,0.15,0,0.0,24.5,18.6,103.0,-0.043,-0.09166666666666669
2025,14,A.J. Brown,PHI,LAC,WR1,rec_yds,67.77,100,1.476,11.0,11.0,107.0,-0.043,0.037272727272727346
2025,14,A.J. Brown,PHI,LAC,WR1,td,0.53,0,0.0,18.0,11.0,107.0,-0.043,0.037272727272727346
2025,14,Dallas Goedert,PHI,LAC,TE1,rec_yds,41.1,78,1.898,28.0,21.67,103.0,-0.043,0.039999999999999925
2025,14,Dallas Goedert,PHI,LAC,TE1,td,0.53,0,0.0,7.0,21.67,103.0,-0.043,0.039999999999999925
2025,14,DeVonta Smith,PHI,LAC,WR2,rec_yds,66.75,37,0.554,31.0,30.5,95.0,-0.043,0.022499999999999964
2025,14,DeVonta Smith,PHI,LAC,WR2,td,0.38,0,0.0,31.0,30.5,95.0,-0.043,0.022499999999999964
2025,14,Jahan Dotson,PHI,LAC,WR3,rec_yds,21.18,3,0.142,15.0,18.17,98.0,-0.043,0.03599999999999992
2025,14,Justin Herbert,LAC,PHI,QB1,pass_yds,239.53,139,0.58,27.0,19.8,101.0,-0.065,-0.10750000000000004
2025,14,Justin Herbert,LAC,PHI,QB1,pass_td,1.69,1,0.593,31.0,19.8,101.0,-0.065,-0.10750000000000004
2025,14,Omarion Hampton,LAC,PHI,RB2,rush_yds,62.8,56,0.892,12.0,17.4,99.0,-0.065,-0.15600000000000003
2025,14,Omarion Hampton,LAC,PHI,RB2,rush_att,13.2,13,0.985,12.0,17.4,99.0,-0.065,-0.15600000000000003
2025,14,Omarion Hampton,LAC,PHI,RB2,td,0.4,1,2.5,31.0,17.4,99.0,-0.065,-0.15600000000000003
2025,14,Kimani Vidal,LAC,PHI,RB1,rush_yds,51.25,44,0.859,20.0,17.1,102.0,-0.065,0.11125000000000007
2025,14,Kimani Vidal,LAC,PHI,RB1,rush_att,11.71,14,1.196,20.0,17.1,102.0,-0.065,0.11125000000000007
2025,14,Kimani Vidal,LAC,PHI,RB1,td,0.33,0,0.0,12.5,17.1,102.0,-0.065,0.11125000000000007
2025,14,Keenan Allen,LAC,PHI,WR2,rec_yds,54.59,22,0.403,5.0,12.17,99.0,-0.065,0.02833333333333332
2025,14,Keenan Allen,LAC,PHI,WR2,td,0.41,0,0.0,18.5,12.17,99.0,-0.065,0.02833333333333332
2025,14,Ladd McConkey,LAC,PHI,WR1,rec_yds,64.84,12,0.185,20.0,21.5,100.0,-0.065,-0.0033333333333332993
2025,14,Ladd McConkey,LAC,PHI,WR1,td,0.41,0,0.0,26.0,21.5,100.0,-0.065,-0.0033333333333332993
2025,14,Quentin Johnston,LAC,PHI,WR3,rec_yds,51.96,8,0.154,24.0,22.17,96.0,-0.065,-0.14500000000000002
2025,14,Quentin Johnston,LAC,PHI,WR3,td,0.61,0,0.0,27.5,22.17,96.0,-0.065,-0.14500000000000002
2025,14,Oronde Gadsden II,LAC,PHI,TE1,rec_yds,53.4,7,0.131,29.0,28.0,99.0,-0.065,0.052999999999999936
2025,14,Oronde Gadsden II,LAC,PHI,TE1,td,0.2,0,0.0,31.5,28.0,99.0,-0.065,0.052999999999999936
2025,15,Kirk Cousins,ATL,TB,QB1,pass_yds,180.0,373,2.072,2.0,4.2,106.0,0.004999999999999999,0.2316666666666668
2025,15,Kirk Cousins,ATL,TB,QB1,pass_td,0.75,3,4.0,10.0,4.2,106.0,0.004999999999999999,0.2316666666666668
2025,15,Bijan Robinson,ATL,TB,RB1,rush_yds,87.82,93,1.059,25.0,14.7,97.0,0.004999999999999999,-0.1038461538461537
2025,15,Bijan Robinson,ATL,TB,RB1,rush_att,17.62,19,1.078,25.0,14.7,97.0,0.004999999999999999,-0.1038461538461537
2025,15,Bijan Robinson,ATL,TB,RB1,rec_yds,39.18,82,2.093,2.0,14.7,97.0,0.004999999999999999,-0.1038461538461537
2025,15,Bijan Robinson,ATL,TB,RB1,td,0.71,1,1.417,15.5,14.7,97.0,0.004999999999999999,-0.1038461538461537
2025,15,Tyler Allgeier,ATL,TB,RB2,rush_yds,30.29,18,0.594,31.0,15.5,106.0,0.004999999999999999,0.0946153846153846
2025,15,Tyler Allgeier,ATL,TB,RB2,td,0.5,0,0.0,19.5,15.5,106.0,0.004999999999999999,0.0946153846153846
2025,15,Kyle Pitts,ATL,TB,TE1,rec_yds,42.18,166,3.936,7.0,5.33,102.0,0.004999999999999999,0.051538461538461644
2025,15,David Sills V,ATL,TB,WR2,td,0.25,0,0.0,6.5,5.67,107.0,0.004999999999999999,0.2537499999999999
2025,15,Darnell Mooney,ATL,TB,WR1,rec_yds,38.33,35,0.913,21.0,20.83,100.0,0.004999999999999999,-0.06090909090909091
2025,15,Baker Mayfield,TB,ATL,QB1,pass_yds,222.21,277,1.247,21.0,12.1,102.0,0.011,0.03769230769230758
2025,15,Baker Mayfield,TB,ATL,QB1,pass_td,1.71,2,1.172,3.5,12.1,102.0,0.011,0.03769230769230758
2025,15,Bucky Irving,TB,ATL,RB2,rush_yds,70.45,60,0.852,25.0,16.6,97.0,0.011,-0.14833333333333332
2025,15,Bucky Irving,TB,ATL,RB2,rush_att,16.5,16,0.97,25.0,16.6,97.0,0.011,-0.14833333333333332
2025,15,Bucky Irving,TB,ATL,RB2,td,0.65,0,0.0,16.0,16.6,97.0,0.011,-0.14833333333333332
2025,15,Rachaad White,TB,ATL,RB1,rush_yds,38.38,20,0.521,12.0,12.6,100.0,0.011,-0.05307692307692302
2025,15,Rachaad White,TB,ATL,RB1,td,0.41,0,0.0,17.0,12.6,100.0,0.011,-0.05307692307692302
2025,15,Mike Evans,TB,ATL,WR2,rec_yds,60.88,132,2.168,15.0,9.5,104.0,0.011,-0.435
2025,15,Mike Evans,TB,ATL,WR2,td,0.5,0,0.0,3.0,9.5,104.0,0.011,-0.435
2025,15,Emeka Egbuka,TB,ATL,WR1,rec_yds,62.0,64,1.032,11.0,8.67,95.0,0.011,0.04615384615384621
2025,15,Emeka Egbuka,TB,ATL,WR1,td,0.46,0,0.0,6.0,8.67,95.0,0.011,0.04615384615384621
2025,15,Tez Johnson,TB,ATL,WR3,rec_yds,26.09,0,0.0,14.0,15.0,118.0,0.011,-0.003636363636363771
2025,15,Tez Johnson,TB,ATL,WR3,td,0.45,0,0.0,11.5,15.0,118.0,0.011,-0.003636363636363771
2025,15,Josh Allen,BUF,NE,QB1,pass_yds,239.15,193,0.807,23.0,22.6,102.0,0.099,0.026153846153846194
2025,15,Josh Allen,BUF,NE,QB1,pass_td,1.71,3,1.759,10.0,22.6,102.0,0.099,0.026153846153846194
2025,15,James Cook,BUF,NE,RB1,rush_yds,92.03,107,1.163,27.0,19.0,100.0,0.099,0.1384615384615384
2025,15,James Cook,BUF,NE,RB1,rush_att,17.53,22,1.255,27.0,19.0,100.0,0.099,0.1384615384615384
2025,15,James Cook,BUF,NE,RB1,td,0.82,3,3.643,24.0,19.0,100.0,0.099,0.1384615384615384
2025,15,Khalil Shakir,BUF,NE,WR1,rec_yds,46.18,65,1.408,16.0,16.5,95.0,0.099,-0.08538461538461539
2025,15,Khalil Shakir,BUF,NE,WR1,td,0.29,0,0.0,13.5,16.5,95.0,0.099,-0.08538461538461539
2025,15,Dalton Kincaid,BUF,NE,TE1,rec_yds,48.46,34,0.702,13.0,18.17,105.0,0.099,-0.062222222222222234
2025,15,Dalton Kincaid,BUF,NE,TE1,td,0.42,0,0.0,25.0,18.17,105.0,0.099,-0.062222222222222234
2025,15,Josh Palmer,BUF,NE,WR2,rec_yds,34.25,16,0.467,26.0,21.0,104.0,0.099,0.07125000000000004
2025,15,Drake Maye,NE,BUF,QB1,pass_yds,245.0,155,0.633,28.0,23.9,86.0,0.149,0.020769230769230762
2025,15,Drake Maye,NE,BUF,QB1,pass_td,1.62,0,0.0,22.5,23.9,86.0,0.149,0.020769230769230762
2025,15,TreVeyon Henderson,NE,BUF,RB1,rush_yds,48.08,148,3.078,6.0,8.6,97.0,0.149,0.013076923076923042
2025,15,TreVeyon Henderson,NE,BUF,RB1,td,0.46,2,4.333,3.0,8.6,97.0,0.149,0.013076923076923042
2025,15,Rhamondre Stevenson,NE,BUF,RB2,rush_yds,36.68,50,1.363,16.0,14.8,97.0,0.149,-0.0050000000000000044
2025,15,Rhamondre Stevenson,NE,BUF,RB2,rush_att,10.89,6,0.551,16.0,14.8,97.0,0.149,-0.0050000000000000044
2025,15,Rhamondre Stevenson,NE,BUF,RB2,td,0.32,0,0.0,5.0,14.8,97.0,0.149,-0.0050000000000000044
2025,15,DeMario Douglas,NE,BUF,WR3,rec_yds,34.97,0,0.0,31.0,24.5,91.0,0.149,0.050000000000000044
2025,15,DeMario Douglas,NE,BUF,WR3,td,0.25,0,0.0,18.0,24.5,91.0,0.149,0.050000000000000044
2025,15,Mack Hollins,NE,BUF,WR2,rec_yds,35.84,41,1.144,19.0,12.67,96.0,0.149,0.07250000000000012
2025,15,Mack Hollins,NE,BUF,WR2,td,0.19,0,0.0,4.0,12.67,96.0,0.149,0.07250000000000012
2025,15,Stefon Diggs,NE,BUF,WR1,rec_yds,56.06,26,0.464,6.0,12.33,93.0,0.149,-0.06384615384615389
2025,15,Stefon Diggs,NE,BUF,WR1,td,0.29,0,0.0,19.5,12.33,93.0,0.149,-0.06384615384615389
2025,15,Hunter Henry,NE,BUF,TE1,rec_yds,45.18,18,0.398,31.0,31.17,89.0,0.149,-0.06461538461538463
2025,15,Hunter Henry,NE,BUF,TE1,td,0.32,0,0.0,31.5,31.17,89.0,0.149,-0.06461538461538463
2025,15,Shedeur Sanders,CLE,CHI,QB1,pass_yds,192.25,177,0.921,12.0,13.3,101.0,-0.141,0.13250000000000006
2025,15,Shedeur Sanders,CLE,CHI,QB1,pass_td,1.25,0,0.0,6.5,13.3,101.0,-0.141,0.13250000000000006
2025,15,Quinshon Judkins,CLE,CHI,RB1,rush_yds,65.33,21,0.321,7.0,16.6,102.0,-0.141,-0.04083333333333333
2025,15,Quinshon Judkins,CLE,CHI,RB1,rush_att,17.5,12,0.686,7.0,16.6,102.0,-0.141,-0.04083333333333333
2025,15,Quinshon Judkins,CLE,CHI,RB1,td,0.58,0,0.0,10.5,16.6,102.0,-0.141,-0.04083333333333333
2025,15,Harold Fannin,CLE,CHI,TE1,rec_yds,47.62,48,1.008,10.0,14.67,99.0,-0.141,0.12307692307692297
2025,15,Harold Fannin,CLE,CHI,TE1,td,0.31,0,0.0,22.0,14.67,99.0,-0.141,0.12307692307692297
2025,15,Jerry Jeudy,CLE,CHI,WR1,rec_yds,53.09,22,0.414,19.0,13.5,100.0,-0.141,0.0446153846153845
2025,15,Jerry Jeudy,CLE,CHI,WR1,td,0.21,0,0.0,3.0,13.5,100.0,-0.141,0.0446153846153845
2025,15,Caleb Williams,CHI,CLE,QB1,pass_yds,222.71,242,1.087,31.0,26.1,101.0,-0.009000000000000008,0.012307692307692353
2025,15,Caleb Williams,CHI,CLE,QB1,pass_td,1.44,2,1.388,17.5,26.1,101.0,-0.009000000000000008,0.012307692307692353
2025,15,D'Andre Swift,CHI,CLE,RB1,rush_yds,64.66,98,1.516,23.0,22.0,102.0,-0.009000000000000008,-0.011666666666666714
2025,15,D'Andre Swift,CHI,CLE,RB1,rush_att,14.31,18,1.258,23.0,22.0,102.0,-0.009000000000000008,-0.011666666666666714
2025,15,D'Andre Swift,CHI,CLE,RB1,rec_yds,20.88,-2,-0.096,25.0,22.0,102.0,-0.009000000000000008,-0.011666666666666714
2025,15,D'Andre Swift,CHI,CLE,RB1,td,0.44,2,4.571,10.5,22.0,102.0,-0.009000000000000008,-0.011666666666666714
2025,15,Kyle Monangai,CHI,CLE,RB2,rush_yds,49.85,33,0.662,21.0,23.3,99.0,-0.009000000000000008,0.006153846153846065
2025,15,Kyle Monangai,CHI,CLE,RB2,rush_att,10.38,11,1.059,21.0,23.3,99.0,-0.009000000000000008,0.006153846153846065
2025,15,Kyle Monangai,CHI,CLE,RB2,td,0.38,0,0.0,32.0,23.3,99.0,-0.009000000000000008,0.006153846153846065
2025,15,Luther Burden,CHI,CLE,WR3,rec_yds,32.92,84,2.552,25.0,21.0,96.0,-0.009000000000000008,0.3466666666666667
2025,15,D.J. Moore,CHI,CLE,WR1,rec_yds,46.0,69,1.5,30.0,24.33,100.0,-0.009000000000000008,-0.002307692307692344
2025,15,D.J. Moore,CHI,CLE,WR1,td,0.32,2,6.182,11.0,24.33,100.0,-0.009000000000000008,-0.002307692307692344
2025,15,Olamide Zaccheaus,CHI,CLE,WR2,rec_yds,26.31,0,0.0,24.0,22.67,99.0,-0.009000000000000008,0.235
2025,15,Olamide Zaccheaus,CHI,CLE,WR2,td,0.22,0,0.0,17.0,22.67,99.0,-0.009000000000000008,0.235
2025,15,Colston Loveland,CHI,CLE,TE1,rec_yds,36.25,63,1.738,30.0,26.33,99.0,-0.009000000000000008,-0.0025000000000000577
2025,15,Colston Loveland,CHI,CLE,TE1,td,0.33,0,0.0,19.0,26.33,99.0,-0.009000000000000008,-0.0025000000000000577
2025,15,Lamar Jackson,BAL,CIN,QB1,pass_yds,211.18,150,0.71,5.5,5.2,102.0,0.161,0.03599999999999992
2025,15,Lamar Jackson,BAL,CIN,QB1,pass_td,1.89,2,1.057,2.0,5.2,102.0,0.161,0.03599999999999992
2025,15,Derrick Henry,BAL,CIN,RB1,rush_yds,85.85,100,1.165,3.0,8.9,100.0,0.161,-0.007692307692307665
2025,15,Derrick Henry,BAL,CIN,RB1,rush_att,17.68,11,0.622,3.0,8.9,100.0,0.161,-0.007692307692307665
2025,15,Derrick Henry,BAL,CIN,RB1,td,0.74,0,0.0,10.5,8.9,100.0,0.161,-0.007692307692307665
2025,15,Keaton Mitchell,BAL,CIN,RB2,rush_yds,27.11,66,2.434,11.5,4.1,97.0,0.161,0.0025000000000000022
2025,15,Zay Flowers,BAL,CIN,WR1,rec_yds,64.32,68,1.057,29.0,28.5,95.0,0.161,0.04538461538461547
2025,15,DeAndre Hopkins,BAL,CIN,WR2,rec_yds,24.59,32,1.301,29.0,30.0,104.0,0.161,-0.18076923076923082
2025,15,DeAndre Hopkins,BAL,CIN,WR2,td,0.18,0,0.0,29.0,30.0,104.0,0.161,-0.18076923076923082
2025,15,Mark Andrews,BAL,CIN,TE1,rec_yds,31.35,18,0.574,2.0,2.67,105.0,0.161,0.015384615384615441
2025,15,Mark Andrews,BAL,CIN,TE1,td,0.56,0,0.0,1.0,2.67,105.0,0.161,0.015384615384615441
2025,15,Joe Burrow,CIN,BAL,QB1,pass_yds,258.88,225,0.869,5.5,14.1,106.0,0.034,0.17500000000000004
2025,15,Joe Burrow,CIN,BAL,QB1,pass_td,2.44,0,0.0,17.5,14.1,106.0,0.034,0.17500000000000004
2025,15,Chase Brown,CIN,BAL,RB1,rush_yds,61.32,53,0.864,32.0,18.0,97.0,0.034,-0.016153846153846074
2025,15,Chase Brown,CIN,BAL,RB1,rush_att,14.56,13,0.893,32.0,18.0,97.0,0.034,-0.016153846153846074
2025,15,Chase Brown,CIN,BAL,RB1,rec_yds,26.38,37,1.402,3.0,18.0,97.0,0.034,-0.016153846153846074
2025,15,Chase Brown,CIN,BAL,RB1,td,0.47,0,0.0,24.0,18.0,97.0,0.034,-0.016153846153846074
2025,15,Samaje Perine,CIN,BAL,RB2,rush_yds,20.46,42,2.052,6.0,10.0,106.0,0.034,0.03699999999999998
2025,15,Ja'Marr Chase,CIN,BAL,WR1,rec_yds,94.41,132,1.398,1.0,7.33,100.0,0.034,0.04249999999999998
2025,15,Ja'Marr Chase,CIN,BAL,WR1,td,0.62,0,0.0,17.0,7.33,100.0,0.034,0.04249999999999998
2025,15,Mitchell Tinsley,CIN,BAL,WR3,td,0.33,0,0.0,6.5,4.83,105.0,0.034,0.32500000000000007
2025,15,Mike Gesicki,CIN,BAL,TE1,rec_yds,29.75,11,0.37,24.0,24.83,102.0,0.034,0.004999999999999949
2025,15,Andrei Iosivas,CIN,BAL,WR2,rec_yds,33.53,0,0.0,23.0,20.67,107.0,0.034,-0.17272727272727273
2025,15,Andrei Iosivas,CIN,BAL,WR2,td,0.2,0,0.0,13.0,20.67,107.0,0.034,-0.17272727272727273
2025,15,Jacoby Brissett,ARI,HOU,QB1,pass_yds,212.74,249,1.17,30.0,24.8,102.0,-0.124,0.19999999999999996
2025,15,Jacoby Brissett,ARI,HOU,QB1,pass_td,1.19,3,2.531,27.0,24.8,102.0,-0.124,0.19999999999999996
2025,15,Michael Carter,ARI,HOU,RB2,rush_yds,21.95,56,2.551,32.0,21.0,97.0,-0.124,0.13222222222222224
2025,15,Trey McBride,ARI,HOU,TE1,rec_yds,74.68,134,1.794,32.0,24.5,105.0,-0.124,0.06692307692307675
2025,15,Trey McBride,ARI,HOU,TE1,td,0.53,2,3.778,9.5,24.5,105.0,-0.124,0.06692307692307675
2025,15,Michael Wilson,ARI,HOU,WR1,rec_yds,49.68,54,1.087,25.0,27.83,95.0,-0.124,-0.004615384615384466
2025,15,Michael Wilson,ARI,HOU,WR1,td,0.21,1,4.857,30.5,27.83,95.0,-0.124,-0.004615384615384466
2025,15,Zonovan Knight,ARI,HOU,RB1,rush_yds,30.11,-2,-0.066,21.0,26.2,100.0,-0.124,0.03111111111111109
2025,15,Zonovan Knight,ARI,HOU,RB1,td,0.56,0,0.0,26.0,26.2,100.0,-0.124,0.03111111111111109
2025,15,C.J. Stroud,HOU,ARI,QB1,pass_yds,212.5,260,1.224,11.0,18.4,95.0,0.075,0.08799999999999986
2025,15,C.J. Stroud,HOU,ARI,QB1,pass_td,1.18,3,2.545,22.5,18.4,95.0,0.075,0.08799999999999986
2025,15,Woody Marks,HOU,ARI,RB1,rush_yds,42.62,30,0.704,11.0,5.9,96.0,0.075,0.3407692307692307
2025,15,Woody Marks,HOU,ARI,RB1,rush_att,12.31,7,0.569,11.0,5.9,96.0,0.075,0.3407692307692307
2025,15,Woody Marks,HOU,ARI,RB1,td,0.38,0,0.0,6.0,5.9,96.0,0.075,0.3407692307692307
2025,15,Nico Collins,HOU,ARI,WR1,rec_yds,73.41,85,1.158,5.0,11.17,107.0,0.075,0.029166666666666674
2025,15,Nico Collins,HOU,ARI,WR1,td,0.47,2,4.267,21.5,11.17,107.0,0.075,0.029166666666666674
2025,15,Dalton Schultz,HOU,ARI,TE1,rec_yds,42.24,76,1.799,16.0,15.83,103.0,0.075,0.02923076923076917
2025,15,Xavier Hutchinson,HOU,ARI,WR3,rec_yds,21.19,16,0.755,29.0,27.83,98.0,0.075,-0.19833333333333336
2025,15,Xavier Hutchinson,HOU,ARI,WR3,td,0.19,0,0.0,23.5,27.83,98.0,0.075,-0.19833333333333336
2025,15,Jayden Higgins,HOU,ARI,WR2,rec_yds,30.23,4,0.132,22.0,17.0,95.0,0.075,0.048461538461538445
2025,15,Jayden Higgins,HOU,ARI,WR2,td,0.31,0,0.0,23.0,17.0,95.0,0.075,0.048461538461538445
2025,15,Breece Hall,NYJ,JAX,RB1,rush_yds,64.76,23,0.355,26.0,20.1,97.0,-0.20400000000000001,0.0953846153846154
2025,15,Breece Hall,NYJ,JAX,RB1,rush_att,14.71,12,0.816,26.0,20.1,97.0,-0.20400000000000001,0.0953846153846154
2025,15,Breece Hall,NYJ,JAX,RB1,rec_yds,23.09,14,0.606,14.0,20.1,97.0,-0.20400000000000001,0.0953846153846154
2025,15,Breece Hall,NYJ,JAX,RB1,td,0.35,0,0.0,20.5,20.1,97.0,-0.20400000000000001,0.0953846153846154
2025,15,John Metchie,NYJ,JAX,WR2,rec_yds,24.42,25,1.024,9.0,13.17,107.0,-0.20400000000000001,0.4674999999999999
2025,15,John Metchie,NYJ,JAX,WR2,td,0.21,0,0.0,17.0,13.17,107.0,-0.20400000000000001,0.4674999999999999
2025,15,Adonai Mitchell,NYJ,JAX,WR1,rec_yds,26.0,58,2.231,3.0,4.67,100.0,-0.20400000000000001,0.48333333333333334
2025,15,Trevor Lawrence,JAX,NYJ,QB1,pass_yds,218.32,330,1.512,29.0,22.0,101.0,0.184,-0.0707692307692307
2025,15,Trevor Lawrence,JAX,NYJ,QB1,pass_td,1.35,5,3.696,24.0,22.0,101.0,0.184,-0.0707692307692307
2025,15,Travis Etienne,JAX,NYJ,RB1,rush_yds,62.88,32,0.509,4.0,13.2,102.0,0.184,0.13153846153846138
2025,15,Travis Etienne,JAX,NYJ,RB1,rush_att,14.5,12,0.828,4.0,13.2,102.0,0.184,0.13153846153846138
2025,15,Travis Etienne,JAX,NYJ,RB1,td,0.53,3,5.667,1.0,13.2,102.0,0.184,0.13153846153846138
2025,15,Bhayshul Tuten,JAX,NYJ,RB2,rush_yds,21.31,7,0.329,20.0,19.9,99.0,0.184,-0.17999999999999997
2025,15,Bhayshul Tuten,JAX,NYJ,RB2,td,0.38,1,2.6,19.5,19.9,99.0,0.184,-0.17999999999999997
2025,15,Brian Thomas,JAX,NYJ,WR2,rec_yds,62.75,66,1.052,20.0,21.83,99.0,0.184,0.028000000000000025
2025,15,Brian Thomas,JAX,NYJ,WR2,td,0.32,1,3.111,26.5,21.83,99.0,0.184,0.028000000000000025
2025,15,Jakobi Meyers,JAX,NYJ,WR1,rec_yds,58.41,71,1.216,22.0,19.33,100.0,0.184,-0.015000000000000124
2025,15,Jakobi Meyers,JAX,NYJ,WR1,td,0.25,0,0.0,13.5,19.33,100.0,0.184,-0.015000000000000124
2025,15,Parker Washington,JAX,NYJ,WR3,rec_yds,40.57,53,1.306,23.0,24.33,96.0,0.184,-0.25636363636363624
2025,15,Parker Washington,JAX,NYJ,WR3,td,0.3,0,0.0,23.5,24.33,96.0,0.184,-0.25636363636363624
2025,15,Brenton Strange,JAX,NYJ,TE1,rec_yds,39.96,26,0.651,26.0,19.67,99.0,0.184,0.05125000000000002
2025,15,Justin Herbert,LAC,KC,QB1,pass_yds,233.62,210,0.899,20.0,15.1,95.0,-0.022,0.03923076923076918
2025,15,Justin Herbert,LAC,KC,QB1,pass_td,1.65,1,0.607,28.5,15.1,95.0,-0.022,0.03923076923076918
2025,15,Omarion Hampton,LAC,KC,RB2,rush_yds,61.67,61,0.989,26.5,21.8,103.0,-0.022,-0.35500000000000004
2025,15,Omarion Hampton,LAC,KC,RB2,rush_att,13.17,15,1.139,26.5,21.8,103.0,-0.022,-0.35500000000000004
2025,15,Omarion Hampton,LAC,KC,RB2,td,0.5,0,0.0,11.0,21.8,103.0,-0.022,-0.35500000000000004
2025,15,Kimani Vidal,LAC,KC,RB1,rush_yds,50.69,33,0.651,31.0,29.6,96.0,-0.022,0.036666666666666736
2025,15,Kimani Vidal,LAC,KC,RB1,rush_att,11.88,12,1.01,31.0,29.6,96.0,-0.022,0.036666666666666736
2025,15,Kimani Vidal,LAC,KC,RB1,td,0.31,0,0.0,30.0,29.6,96.0,-0.022,0.036666666666666736
2025,15,Oronde Gadsden II,LAC,KC,TE1,rec_yds,49.18,61,1.24,9.0,14.5,103.0,-0.022,-0.024545454545454537
2025,15,Oronde Gadsden II,LAC,KC,TE1,td,0.18,0,0.0,25.0,14.5,103.0,-0.022,-0.024545454545454537
2025,15,Keenan Allen,LAC,KC,WR1,rec_yds,52.68,36,0.683,24.0,22.0,107.0,-0.022,-0.0015384615384615996
2025,15,Keenan Allen,LAC,KC,WR1,td,0.38,0,0.0,30.5,22.0,107.0,-0.022,-0.0015384615384615996
2025,15,Ladd McConkey,LAC,KC,WR2,rec_yds,61.74,20,0.324,14.0,19.67,95.0,-0.022,0.08923076923076922
2025,15,Ladd McConkey,LAC,KC,WR2,td,0.38,0,0.0,24.0,19.67,95.0,-0.022,0.08923076923076922
2025,15,Patrick Mahomes,KC,LAC,QB1,pass_yds,258.29,189,0.732,32.0,24.4,95.0,-0.033,0.021538461538461617
2025,15,Patrick Mahomes,KC,LAC,QB1,pass_td,1.74,0,0.0,31.0,24.4,95.0,-0.033,0.021538461538461617
2025,15,Isiah Pacheco,KC,LAC,RB2,rush_yds,39.26,21,0.535,22.0,20.9,103.0,-0.033,-0.188
2025,15,Isiah Pacheco,KC,LAC,RB2,td,0.19,0,0.0,26.5,20.9,103.0,-0.033,-0.188
2025,15,Kareem Hunt,KC,LAC,RB1,rush_yds,41.29,12,0.291,15.0,21.3,96.0,-0.033,0.10384615384615387
2025,15,Kareem Hunt,KC,LAC,RB1,rush_att,10.97,6,0.547,15.0,21.3,96.0,-0.033,0.10384615384615387
2025,15,Kareem Hunt,KC,LAC,RB1,td,0.59,0,0.0,20.5,21.3,96.0,-0.033,0.10384615384615387
2025,15,Travis Kelce,KC,LAC,TE1,rec_yds,54.18,70,1.292,27.0,21.0,103.0,-0.033,0.11153846153846148
2025,15,Travis Kelce,KC,LAC,TE1,td,0.35,0,0.0,7.0,21.0,103.0,-0.033,0.11153846153846148
2025,15,Rashee Rice,KC,LAC,WR1,rec_yds,78.12,51,0.653,10.0,11.17,107.0,-0.033,0.04571428571428582
2025,15,Rashee Rice,KC,LAC,WR1,td,0.82,0,0.0,19.5,11.17,107.0,-0.033,0.04571428571428582
2025,15,Tyquan Thornton,KC,LAC,WR3,rec_yds,34.54,47,1.361,19.0,20.17,98.0,-0.033,-0.137
2025,15,Tyquan Thornton,KC,LAC,WR3,td,0.25,0,0.0,11.5,20.17,98.0,-0.033,-0.137
2025,15,Xavier Worthy,KC,LAC,WR2,rec_yds,43.83,35,0.798,31.0,30.5,95.0,-0.033,0.08090909090909093
2025,15,Xavier Worthy,KC,LAC,WR2,td,0.2,0,0.0,31.5,30.5,95.0,-0.033,0.08090909090909093
2025,15,Marcus Mariota,WAS,NYG,QB1,pass_yds,165.37,211,1.276,10.0,7.8,101.0,0.134,-0.56125
2025,15,Marcus Mariota,WAS,NYG,QB1,pass_td,1.16,1,0.864,10.0,7.8,101.0,0.134,-0.56125
2025,15,Jacory Croskey-Merritt,WAS,NYG,RB1,rush_yds,42.31,96,2.269,2.0,6.3,102.0,0.134,-0.19384615384615383
2025,15,Jacory Croskey-Merritt,WAS,NYG,RB1,td,0.31,1,3.25,7.5,6.3,102.0,0.134,-0.19384615384615383
2025,15,Terry McLaurin,WAS,NYG,WR2,rec_yds,58.9,69,1.171,13.0,14.83,99.0,0.134,-0.030000000000000027
2025,15,Terry McLaurin,WAS,NYG,WR2,td,0.55,1,1.818,9.0,14.83,99.0,0.134,-0.030000000000000027
2025,15,Deebo Samuel,WAS,NYG,WR1,rec_yds,43.31,43,0.993,9.0,10.67,100.0,0.134,-0.1974999999999999
2025,15,Deebo Samuel,WAS,NYG,WR1,td,0.44,0,0.0,17.0,10.67,100.0,0.134,-0.1974999999999999
2025,15,Jaxson Dart,NYG,WAS,QB1,pass_yds,155.6,246,1.581,9.0,13.6,102.0,0.196,0.2260000000000001
2025,15,Jaxson Dart,NYG,WAS,QB1,pass_td,1.1,2,1.818,3.5,13.6,102.0,0.196,0.2260000000000001
2025,15,Tyrone Tracy Jr.,NYG,WAS,RB1,rush_yds,42.17,70,1.66,5.0,9.2,100.0,0.196,-0.004545454545454575
2025,15,Tyrone Tracy Jr.,NYG,WAS,RB1,rush_att,10.97,15,1.368,5.0,9.2,100.0,0.196,-0.004545454545454575
2025,15,Tyrone Tracy Jr.,NYG,WAS,RB1,td,0.2,2,10.0,2.0,9.2,100.0,0.196,-0.004545454545454575
2025,15,Devin Singletary,NYG,WAS,RB2,rush_yds,22.53,13,0.577,5.0,18.1,97.0,0.196,0.24384615384615388
2025,15,Devin Singletary,NYG,WAS,RB2,td,0.24,0,0.0,23.5,18.1,97.0,0.196,0.24384615384615388
2025,15,Theo Johnson,NYG,WAS,TE1,rec_yds,35.65,72,2.02,21.0,16.33,105.0,0.196,0.030000000000000027
2025,15,Theo Johnson,NYG,WAS,TE1,td,0.32,0,0.0,3.5,16.33,105.0,0.196,0.030000000000000027
2025,15,Wan'Dale Robinson,NYG,WAS,WR1,rec_yds,59.18,54,0.913,15.0,22.5,95.0,0.196,0.0923076923076922
2025,15,Wan'Dale Robinson,NYG,WAS,WR1,td,0.21,1,4.857,25.5,22.5,95.0,0.196,0.0923076923076922
2025,15,Darius Slayton,NYG,WAS,WR2,rec_yds,34.54,53,1.535,3.0,2.33,104.0,0.196,-0.03699999999999992
2025,15,Isaiah Hodgins,NYG,WAS,WR3,rec_yds,27.25,4,0.147,20.0,18.5,118.0,0.196,0.10999999999999988
2025,15,Isaiah Hodgins,NYG,WAS,WR3,td,0.25,0,0.0,14.0,18.5,118.0,0.196,0.10999999999999988
2025,15,Kenny Pickett,LV,PHI,QB1,pass_yds,45.55,64,1.405,27.0,19.6,101.0,-0.242,0.11666666666666667
2025,15,Ashton Jeanty,LV,PHI,RB1,rush_yds,51.15,35,0.684,22.0,16.9,102.0,-0.242,-0.055384615384615477
2025,15,Ashton Jeanty,LV,PHI,RB1,rush_att,14.69,9,0.613,22.0,16.9,102.0,-0.242,-0.055384615384615477
2025,15,Ashton Jeanty,LV,PHI,RB1,td,0.62,0,0.0,15.5,16.9,102.0,-0.242,-0.055384615384615477
2025,15,Brock Bowers,LV,PHI,TE1,rec_yds,66.14,28,0.423,29.0,29.0,99.0,-0.242,0.15700000000000003
2025,15,Brock Bowers,LV,PHI,TE1,td,0.54,0,0.0,31.5,29.0,99.0,-0.242,0.15700000000000003
2025,15,Tre Tucker,LV,PHI,WR1,rec_yds,42.06,0,0.0,23.0,24.5,100.0,-0.242,0.0007692307692307443
2025,15,Tre Tucker,LV,PHI,WR1,td,0.35,0,0.0,28.0,24.5,100.0,-0.242,0.0007692307692307443
2025,15,Jalen Hurts,PHI,LV,QB1,pass_yds,201.97,175,0.866,15.0,17.7,106.0,0.061,0.005384615384615432
2025,15,Jalen Hurts,PHI,LV,QB1,pass_td,1.41,3,2.125,13.5,17.7,106.0,0.061,0.005384615384615432
2025,15,Saquon Barkley,PHI,LV,RB1,rush_yds,82.47,78,0.946,19.0,19.6,97.0,0.061,0.02076923076923065
2025,15,Saquon Barkley,PHI,LV,RB1,rush_att,18.35,22,1.199,19.0,19.6,97.0,0.061,0.02076923076923065
2025,15,Saquon Barkley,PHI,LV,RB1,td,0.62,1,1.619,13.5,19.6,97.0,0.061,0.02076923076923065
2025,15,Tank Bigsby,PHI,LV,RB2,rush_yds,28.77,57,1.981,7.0,9.7,106.0,0.061,-0.035714285714285726
2025,15,Dallas Goedert,PHI,LV,TE1,rec_yds,43.41,70,1.613,23.0,22.83,102.0,0.061,0.07333333333333325
2025,15,Dallas Goedert,PHI,LV,TE1,td,0.5,2,4.0,19.0,22.83,102.0,0.061,0.07333333333333325
2025,15,DeVonta Smith,PHI,LV,WR2,rec_yds,65.0,50,0.769,12.0,15.5,107.0,0.061,0.048461538461538445
2025,15,DeVonta Smith,PHI,LV,WR2,td,0.35,0,0.0,26.5,15.5,107.0,0.061,0.048461538461538445
2025,15,A.J. Brown,PHI,LV,WR1,rec_yds,69.78,41,0.588,26.0,21.5,100.0,0.061,0.043333333333333335
2025,15,A.J. Brown,PHI,LV,WR1,td,0.5,1,2.0,8.5,21.5,100.0,0.061,0.043333333333333335
2025,15,Bryce Young,CAR,NO,QB1,pass_yds,199.47,163,0.817,24.0,21.6,106.0,-0.075,0.043333333333333335
2025,15,Bryce Young,CAR,NO,QB1,pass_td,1.5,1,0.667,21.0,21.6,106.0,-0.075,0.043333333333333335
2025,15,Rico Dowdle,CAR,NO,RB1,rush_yds,75.38,49,0.65,8.0,12.9,97.0,-0.075,-0.13307692307692315
2025,15,Rico Dowdle,CAR,NO,RB1,rush_att,15.76,16,1.015,8.0,12.9,97.0,-0.075,-0.13307692307692315
2025,15,Rico Dowdle,CAR,NO,RB1,td,0.41,1,2.429,4.5,12.9,97.0,-0.075,-0.13307692307692315
2025,15,Chuba Hubbard,CAR,NO,RB2,rush_yds,50.8,29,0.571,1.0,17.4,106.0,-0.075,0.11636363636363634
2025,15,Chuba Hubbard,CAR,NO,RB2,rush_att,12.3,8,0.65,1.0,17.4,106.0,-0.075,0.11636363636363634
2025,15,Chuba Hubbard,CAR,NO,RB2,td,0.5,0,0.0,14.5,17.4,106.0,-0.075,0.11636363636363634
2025,15,Jalen Coker,CAR,NO,WR3,rec_yds,37.64,60,1.594,10.0,12.17,105.0,-0.075,-0.09285714285714286
2025,15,Jalen Coker,CAR,NO,WR3,td,0.18,1,5.5,23.5,12.17,105.0,-0.075,-0.09285714285714286
2025,15,Xavier Legette,CAR,NO,WR2,rec_yds,28.67,39,1.36,17.0,15.67,107.0,-0.075,-0.05090909090909079
2025,15,Xavier Legette,CAR,NO,WR2,td,0.23,0,0.0,5.0,15.67,107.0,-0.075,-0.05090909090909079
2025,15,Tetairoa McMillan,CAR,NO,WR1,rec_yds,63.54,25,0.393,17.0,16.67,100.0,-0.075,-0.14692307692307682
2025,15,Tetairoa McMillan,CAR,NO,WR1,td,0.46,0,0.0,8.5,16.67,100.0,-0.075,-0.14692307692307682
2025,15,Ja'Tavion Sanders,CAR,NO,TE1,rec_yds,20.88,5,0.239,18.0,18.5,102.0,-0.075,0.04999999999999993
2025,15,Spencer Rattler,NO,CAR,QB1,pass_yds,195.17,0,0.0,14.0,15.6,106.0,-0.019000000000000003,-0.45749999999999996
2025,15,Spencer Rattler,NO,CAR,QB1,pass_td,0.87,0,0.0,13.5,15.6,106.0,-0.019000000000000003,-0.45749999999999996
2025,15,Devin Neal,NO,CAR,RB1,rush_yds,22.25,28,1.258,1.0,7.5,97.0,-0.019000000000000003,0.25
2025,15,Chris Olave,NO,CAR,WR1,rec_yds,59.47,85,1.429,2.0,4.33,100.0,-0.019000000000000003,0.08692307692307688
2025,15,Chris Olave,NO,CAR,WR1,td,0.32,1,3.091,7.0,4.33,100.0,-0.019000000000000003,0.08692307692307688
2025,15,Devaughn Vele,NO,CAR,WR2,rec_yds,31.12,69,2.217,32.0,24.33,107.0,-0.019000000000000003,0.30125
2025,15,Devaughn Vele,NO,CAR,WR2,td,0.29,0,0.0,13.0,24.33,107.0,-0.019000000000000003,0.30125
2025,15,Juwan Johnson,NO,CAR,TE1,rec_yds,45.62,30,0.658,12.0,15.67,102.0,-0.019000000000000003,-0.24076923076923074
2025,15,Juwan Johnson,NO,CAR,TE1,td,0.24,0,0.0,12.0,15.67,102.0,-0.019000000000000003,-0.24076923076923074
2025,15,Jonathan Taylor,IND,SEA,RB1,rush_yds,107.09,87,0.812,30.0,20.8,97.0,-0.031,-0.09846153846153849
2025,15,Jonathan Taylor,IND,SEA,RB1,rush_att,20.35,25,1.228,30.0,20.8,97.0,-0.031,-0.09846153846153849
2025,15,Jonathan Taylor,IND,SEA,RB1,td,1.26,0,0.0,31.0,20.8,97.0,-0.031,-0.09846153846153849
2025,15,Ameer Abdullah,IND,SEA,RB2,td,0.25,0,0.0,19.5,11.5,97.0,-0.031,0.13499999999999998
2025,15,Michael Pittman Jr.,IND,SEA,WR1,rec_yds,54.53,26,0.477,28.0,19.17,93.0,-0.031,0.029230769230769282
2025,15,Michael Pittman Jr.,IND,SEA,WR1,td,0.44,0,0.0,13.5,19.17,93.0,-0.031,0.029230769230769282
2025,15,Tyler Warren,IND,SEA,TE1,rec_yds,53.77,19,0.353,1.0,10.17,89.0,-0.031,0.09384615384615391
2025,15,Tyler Warren,IND,SEA,TE1,td,0.38,0,0.0,28.5,10.17,89.0,-0.031,0.09384615384615391
2025,15,Alec Pierce,IND,SEA,WR3,rec_yds,65.6,16,0.244,21.0,20.17,91.0,-0.031,-0.018181818181818188
2025,15,Alec Pierce,IND,SEA,WR3,td,0.27,0,0.0,23.5,20.17,91.0,-0.031,-0.018181818181818188
2025,15,Josh Downs,IND,SEA,WR2,rec_yds,38.69,13,0.336,30.0,23.5,96.0,-0.031,0.10583333333333345
2025,15,Josh Downs,IND,SEA,WR2,td,0.25,1,4.0,20.5,23.5,96.0,-0.031,0.10583333333333345
2025,15,Sam Darnold,SEA,IND,QB1,pass_yds,250.06,271,1.084,3.0,16.5,102.0,0.055,-0.07999999999999996
2025,15,Sam Darnold,SEA,IND,QB1,pass_td,1.82,0,0.0,19.0,16.5,102.0,0.055,-0.07999999999999996
2025,15,Zach Charbonnet,SEA,IND,RB2,rush_yds,41.31,31,0.75,17.0,12.0,97.0,0.055,-0.050833333333333286
2025,15,Zach Charbonnet,SEA,IND,RB2,rush_att,10.56,8,0.757,17.0,12.0,97.0,0.055,-0.050833333333333286
2025,15,Zach Charbonnet,SEA,IND,RB2,td,0.62,0,0.0,7.0,12.0,97.0,0.055,-0.050833333333333286
2025,15,Kenneth Walker III,SEA,IND,RB1,rush_yds,55.74,17,0.305,16.0,18.4,100.0,0.055,0.041538461538461524
2025,15,Kenneth Walker III,SEA,IND,RB1,rush_att,13.41,9,0.671,16.0,18.4,100.0,0.055,0.041538461538461524
2025,15,Kenneth Walker III,SEA,IND,RB1,td,0.35,0,0.0,18.0,18.4,100.0,0.055,0.041538461538461524
2025,15,Jaxon Smith-Njigba,SEA,IND,WR1,rec_yds,100.53,113,1.124,12.0,15.33,95.0,0.055,-0.015384615384615441
2025,15,Jaxon Smith-Njigba,SEA,IND,WR1,td,0.62,0,0.0,17.0,15.33,95.0,0.055,-0.015384615384615441
2025,15,Cooper Kupp,SEA,IND,WR3,rec_yds,42.31,46,1.087,4.0,3.17,118.0,0.055,-0.039999999999999925
2025,15,Cooper Kupp,SEA,IND,WR3,td,0.25,0,0.0,1.5,3.17,118.0,0.055,-0.039999999999999925
2025,15,AJ Barner,SEA,IND,TE1,rec_yds,26.82,27,1.007,5.0,13.17,105.0,0.055,-0.09692307692307678
2025,15,AJ Barner,SEA,IND,TE1,td,0.38,0,0.0,25.0,13.17,105.0,0.055,-0.09692307692307678
2025,15,Rashid Shaheed,SEA,IND,WR2,rec_yds,45.74,74,1.618,4.0,11.67,104.0,0.055,-0.13857142857142857
2025,15,Rashid Shaheed,SEA,IND,WR2,td,0.21,0,0.0,26.5,11.67,104.0,0.055,-0.13857142857142857
2025,15,Jordan Love,GB,DEN,QB1,pass_yds,224.26,276,1.231,16.0,21.8,101.0,0.064,0.01692307692307693
2025,15,Jordan Love,GB,DEN,QB1,pass_td,1.59,1,0.63,31.0,21.8,101.0,0.064,0.01692307692307693
2025,15,Josh Jacobs,GB,DEN,RB1,rush_yds,68.78,73,1.061,28.0,23.8,102.0,0.064,0.08333333333333337
2025,15,Josh Jacobs,GB,DEN,RB1,rush_att,17.34,12,0.692,28.0,23.8,102.0,0.064,0.08333333333333337
2025,15,Josh Jacobs,GB,DEN,RB1,rec_yds,22.38,19,0.849,16.0,23.8,102.0,0.064,0.08333333333333337
2025,15,Josh Jacobs,GB,DEN,RB1,td,1.12,2,1.778,20.5,23.8,102.0,0.064,0.08333333333333337
2025,15,Emanuel Wilson,GB,DEN,RB2,rush_yds,29.69,3,0.101,30.0,26.7,99.0,0.064,-0.15416666666666665
2025,15,Emanuel Wilson,GB,DEN,RB2,td,0.28,0,0.0,19.5,26.7,99.0,0.064,-0.15416666666666665
2025,15,Romeo Doubs,GB,DEN,WR1,rec_yds,43.15,36,0.834,27.0,25.83,100.0,0.064,0.005384615384615321
2025,15,Romeo Doubs,GB,DEN,WR1,td,0.35,0,0.0,32.0,25.83,100.0,0.064,0.005384615384615321
2025,15,Christian Watson,GB,DEN,WR2,rec_yds,60.36,29,0.48,11.0,14.5,99.0,0.064,0.09857142857142842
2025,15,Christian Watson,GB,DEN,WR2,td,0.45,0,0.0,31.5,14.5,99.0,0.064,0.09857142857142842
2025,15,Dontayvion Wicks,GB,DEN,WR3,rec_yds,29.89,6,0.201,8.0,14.0,96.0,0.064,-0.03400000000000003
2025,15,Dontayvion Wicks,GB,DEN,WR3,td,0.18,0,0.0,28.0,14.0,96.0,0.064,-0.03400000000000003
2025,15,Bo Nix,DEN,GB,QB1,pass_yds,233.24,302,1.295,26.0,27.0,106.0,0.07999999999999999,0.004615384615384688
2025,15,Bo Nix,DEN,GB,QB1,pass_td,1.74,4,2.305,25.5,27.0,106.0,0.07999999999999999,0.004615384615384688
2025,15,RJ Harvey,DEN,GB,RB1,rush_yds,27.23,65,2.387,24.0,21.0,97.0,0.07999999999999999,0.32000000000000006
2025,15,RJ Harvey,DEN,GB,RB1,td,0.69,1,1.444,27.0,21.0,97.0,0.07999999999999999,0.32000000000000006
2025,15,Marvin Mims,DEN,GB,WR3,rec_yds,31.37,29,0.925,3.0,5.0,105.0,0.07999999999999999,-0.10363636363636358
2025,15,Marvin Mims,DEN,GB,WR3,td,0.33,0,0.0,4.0,5.0,105.0,0.07999999999999999,-0.10363636363636358
2025,15,Troy Franklin,DEN,GB,WR2,rec_yds,35.59,85,2.388,16.0,20.67,107.0,0.07999999999999999,-0.3700000000000001
2025,15,Troy Franklin,DEN,GB,WR2,td,0.32,1,3.091,30.0,20.67,107.0,0.07999999999999999,-0.3700000000000001
2025,15,Courtland Sutton,DEN,GB,WR1,rec_yds,62.59,113,1.805,32.0,24.83,100.0,0.07999999999999999,-0.20307692307692304
2025,15,Courtland Sutton,DEN,GB,WR1,td,0.47,1,2.125,13.5,24.83,100.0,0.07999999999999999,-0.20307692307692304
2025,15,Evan Engram,DEN,GB,TE1,rec_yds,32.94,12,0.364,14.0,12.33,102.0,0.07999999999999999,-0.08333333333333343
2025,15,Jared Goff,DET,LAR,QB1,pass_yds,271.09,338,1.247,13.0,15.7,95.0,0.0049999999999999906,0.019230769230769273
2025,15,Jared Goff,DET,LAR,QB1,pass_td,2.15,3,1.397,15.5,15.7,95.0,0.0049999999999999906,0.019230769230769273
2025,15,Jahmyr Gibbs,DET,LAR,RB1,rush_yds,82.62,38,0.46,14.0,16.4,96.0,0.0049999999999999906,0.04999999999999982
2025,15,Jahmyr Gibbs,DET,LAR,RB1,rush_att,14.76,13,0.88,14.0,16.4,96.0,0.0049999999999999906,0.04999999999999982
2025,15,Jahmyr Gibbs,DET,LAR,RB1,rec_yds,37.15,20,0.538,7.0,16.4,96.0,0.0049999999999999906,0.04999999999999982
2025,15,Jahmyr Gibbs,DET,LAR,RB1,td,1.29,0,0.0,32.0,16.4,96.0,0.0049999999999999906,0.04999999999999982
2025,15,David Montgomery,DET,LAR,RB2,rush_yds,47.03,32,0.68,28.0,22.0,103.0,0.0049999999999999906,-0.0807692307692307
2025,15,David Montgomery,DET,LAR,RB2,rush_att,10.56,7,0.663,28.0,22.0,103.0,0.0049999999999999906,-0.0807692307692307
2025,15,David Montgomery,DET,LAR,RB2,td,0.59,1,1.7,26.5,22.0,103.0,0.0049999999999999906,-0.0807692307692307
2025,15,Amon-Ra St. Brown,DET,LAR,WR1,rec_yds,79.15,164,2.072,7.0,8.83,107.0,0.0049999999999999906,0.08999999999999997
2025,15,Amon-Ra St. Brown,DET,LAR,WR1,td,0.68,2,2.957,4.5,8.83,107.0,0.0049999999999999906,0.08999999999999997
2025,15,Jameson Williams,DET,LAR,WR2,rec_yds,64.44,134,2.079,27.0,23.83,95.0,0.0049999999999999906,0.020769230769230873
2025,15,Jameson Williams,DET,LAR,WR2,td,0.5,1,2.0,26.5,23.83,95.0,0.0049999999999999906,0.020769230769230873
2025,15,Kalif Raymond,DET,LAR,WR3,rec_yds,20.33,20,0.984,13.0,14.0,98.0,0.0049999999999999906,-0.10875000000000001
2025,15,Matthew Stafford,LAR,DET,QB1,pass_yds,250.03,368,1.472,8.0,8.1,101.0,0.16,-0.15384615384615397
2025,15,Matthew Stafford,LAR,DET,QB1,pass_td,2.38,2,0.84,12.0,8.1,101.0,0.16,-0.15384615384615397
2025,15,Kyren Williams,LAR,DET,RB1,rush_yds,76.5,78,1.02,29.0,27.0,102.0,0.16,-0.18384615384615377
2025,15,Kyren Williams,LAR,DET,RB1,rush_att,16.09,15,0.932,29.0,27.0,102.0,0.16,-0.18384615384615377
2025,15,Kyren Williams,LAR,DET,RB1,td,0.82,2,2.429,28.0,27.0,102.0,0.16,-0.18384615384615377
2025,15,Blake Corum,LAR,DET,RB2,rush_yds,36.09,71,1.967,29.0,27.9,99.0,0.16,0.031538461538461515
2025,15,Blake Corum,LAR,DET,RB2,td,0.24,1,4.25,26.5,27.9,99.0,0.16,0.031538461538461515
2025,15,Puka Nacua,LAR,DET,WR1,rec_yds,100.31,181,1.804,14.0,9.83,100.0,0.16,-0.2391666666666667
2025,15,Puka Nacua,LAR,DET,WR1,td,0.56,0,0.0,2.0,9.83,100.0,0.16,-0.2391666666666667
2025,15,Colby Parkinson,LAR,DET,TE1,td,0.32,2,6.222,19.0,20.17,99.0,0.16,0.1499999999999999
2025,15,Davante Adams,LAR,DET,WR2,rec_yds,62.21,71,1.141,8.0,12.5,99.0,0.16,-0.30384615384615393
2025,15,Davante Adams,LAR,DET,WR2,td,1.0,0,0.0,20.5,12.5,99.0,0.16,-0.30384615384615393
2025,15,Jordan Whittington,LAR,DET,WR3,rec_yds,21.32,0,0.0,1.0,2.0,96.0,0.16,-0.37363636363636366
2025,15,Cam Ward,TEN,SF,QB1,pass_yds,189.85,170,0.895,17.0,17.1,106.0,-0.08199999999999999,0.0
2025,15,Cam Ward,TEN,SF,QB1,pass_td,0.69,2,2.889,6.5,17.1,106.0,-0.08199999999999999,0.0
2025,15,Tony Pollard,TEN,SF,RB1,rush_yds,57.15,104,1.82,18.0,8.9,97.0,-0.08199999999999999,-0.056923076923076965
2025,15,Tony Pollard,TEN,SF,RB1,rush_att,13.76,14,1.017,18.0,8.9,97.0,-0.08199999999999999,-0.056923076923076965
2025,15,Tony Pollard,TEN,SF,RB1,td,0.29,1,3.4,4.5,8.9,97.0,-0.08199999999999999,-0.056923076923076965
2025,15,Tyjae Spears,TEN,SF,RB2,rush_yds,22.27,34,1.527,15.0,14.5,106.0,-0.08199999999999999,-0.034444444444444444
2025,15,Tyjae Spears,TEN,SF,RB2,td,0.23,0,0.0,29.5,14.5,106.0,-0.08199999999999999,-0.034444444444444444
2025,15,Van Jefferson,TEN,SF,WR3,rec_yds,20.37,43,2.111,22.0,22.67,105.0,-0.08199999999999999,0.048181818181818215
2025,15,Chig Okonkwo,TEN,SF,TE1,rec_yds,34.47,33,0.957,20.0,14.17,102.0,-0.08199999999999999,-0.17384615384615387
2025,15,Elic Ayomanor,TEN,SF,WR1,rec_yds,29.42,17,0.578,20.0,17.17,100.0,-0.08199999999999999,-0.01416666666666655
2025,15,Elic Ayomanor,TEN,SF,WR1,td,0.25,0,0.0,23.5,17.17,100.0,-0.08199999999999999,-0.01416666666666655
2025,15,Chimere Dike,TEN,SF,WR2,rec_yds,21.85,17,0.778,10.0,9.83,107.0,-0.08199999999999999,0.10923076923076924
2025,15,Chimere Dike,TEN,SF,WR2,td,0.23,0,0.0,9.0,9.83,107.0,-0.08199999999999999,0.10923076923076924
2025,15,Brock Purdy,SF,TEN,QB1,pass_yds,239.83,295,1.23,19.0,11.2,95.0,0.194,-0.030000000000000027
2025,15,Brock Purdy,SF,TEN,QB1,pass_td,1.61,3,1.862,8.0,11.2,95.0,0.194,-0.030000000000000027
2025,15,Christian McCaffrey,SF,TEN,RB1,rush_yds,63.33,73,1.153,20.0,20.1,96.0,0.194,-0.03923076923076929
2025,15,Christian McCaffrey,SF,TEN,RB1,rush_att,17.47,22,1.26,20.0,20.1,96.0,0.194,-0.03923076923076929
2025,15,Christian McCaffrey,SF,TEN,RB1,rec_yds,58.6,14,0.239,26.0,20.1,96.0,0.194,-0.03923076923076929
2025,15,Christian McCaffrey,SF,TEN,RB1,td,0.87,1,1.154,7.5,20.1,96.0,0.194,-0.03923076923076929
2025,15,Brian Robinson Jr.,SF,TEN,RB2,rush_yds,33.09,21,0.635,3.0,13.4,103.0,0.194,0.026666666666666644
2025,15,Brian Robinson Jr.,SF,TEN,RB2,td,0.19,0,0.0,1.0,13.4,103.0,0.194,0.026666666666666644
2025,15,Ricky Pearsall,SF,TEN,WR3,rec_yds,47.05,96,2.041,12.0,20.67,98.0,0.194,0.06428571428571428
2025,15,George Kittle,SF,TEN,TE1,rec_yds,58.12,88,1.514,15.0,18.33,103.0,0.194,0.06999999999999995
2025,15,George Kittle,SF,TEN,TE1,td,0.5,1,2.0,25.0,18.33,103.0,0.194,0.06999999999999995
2025,15,Jauan Jennings,SF,TEN,WR1,rec_yds,46.47,37,0.796,8.0,7.5,107.0,0.194,0.0009090909090909705
2025,15,Jauan Jennings,SF,TEN,WR1,td,0.43,2,4.615,4.5,7.5,107.0,0.194,0.0009090909090909705
2025,15,Kendrick Bourne,SF,TEN,WR2,rec_yds,44.29,17,0.384,21.0,18.83,95.0,0.194,-0.3409999999999999
2025,15,J.J. McCarthy,MIN,DAL,QB1,pass_yds,156.0,250,1.603,1.0,1.0,106.0,0.068,0.0
2025,15,J.J. McCarthy,MIN,DAL,QB1,pass_td,1.29,2,1.556,1.0,1.0,106.0,0.068,0.0
2025,15,Aaron Jones,MIN,DAL,RB2,rush_yds,47.58,34,0.715,11.5,13.2,106.0,0.068,-0.07666666666666672
2025,15,Aaron Jones,MIN,DAL,RB2,rush_att,10.58,12,1.135,11.5,13.2,106.0,0.068,-0.07666666666666672
2025,15,Aaron Jones,MIN,DAL,RB2,td,0.31,0,0.0,9.5,13.2,106.0,0.068,-0.07666666666666672
2025,15,Jordan Mason,MIN,DAL,RB1,rush_yds,47.12,29,0.615,17.0,8.2,97.0,0.068,-0.16230769230769232
2025,15,Jordan Mason,MIN,DAL,RB1,td,0.35,0,0.0,13.5,8.2,97.0,0.068,-0.16230769230769232
2025,15,Jordan Addison,MIN,DAL,WR2,rec_yds,57.04,66,1.157,1.0,5.33,107.0,0.068,-0.21999999999999997
2025,15,Jordan Addison,MIN,DAL,WR2,td,0.46,0,0.0,13.0,5.33,107.0,0.068,-0.21999999999999997
2025,15,T.J. Hockenson,MIN,DAL,TE1,rec_yds,32.24,66,2.047,22.0,14.33,102.0,0.068,-0.21999999999999986
2025,15,T.J. Hockenson,MIN,DAL,TE1,td,0.18,0,0.0,7.0,14.33,102.0,0.068,-0.21999999999999986
2025,15,Justin Jefferson,MIN,DAL,WR1,rec_yds,68.29,22,0.322,13.0,11.67,100.0,0.068,-0.150769230769231
2025,15,Justin Jefferson,MIN,DAL,WR1,td,0.26,0,0.0,1.0,11.67,100.0,0.068,-0.150769230769231
2025,15,Jalen Nailor,MIN,DAL,WR3,rec_yds,25.71,47,1.828,18.0,12.5,105.0,0.068,-0.09692307692307689
2025,15,Jalen Nailor,MIN,DAL,WR3,td,0.18,2,11.333,6.5,12.5,105.0,0.068,-0.09692307692307689
2025,15,Dak Prescott,DAL,MIN,QB1,pass_yds,272.12,294,1.08,25.0,27.9,86.0,0.025999999999999995,0.020000000000000018
2025,15,Dak Prescott,DAL,MIN,QB1,pass_td,1.85,0,0.0,28.5,27.9,86.0,0.025999999999999995,0.020000000000000018
2025,15,Javonte Williams,DAL,MIN,RB1,rush_yds,63.82,91,1.426,10.0,22.0,97.0,0.025999999999999995,0.027692307692307683
2025,15,Javonte Williams,DAL,MIN,RB1,rush_att,13.74,15,1.092,10.0,22.0,97.0,0.025999999999999995,0.027692307692307683
2025,15,Javonte Williams,DAL,MIN,RB1,td,0.71,1,1.417,24.0,22.0,97.0,0.025999999999999995,0.027692307692307683
2025,15,Malik Davis,DAL,MIN,RB2,td,0.17,1,6.0,12.5,24.3,97.0,0.025999999999999995,-0.01666666666666665
2025,15,CeeDee Lamb,DAL,MIN,WR2,rec_yds,88.88,111,1.249,5.0,9.67,96.0,0.025999999999999995,-0.32555555555555543
2025,15,CeeDee Lamb,DAL,MIN,WR2,td,0.31,0,0.0,17.0,9.67,96.0,0.025999999999999995,-0.32555555555555543
2025,15,Ryan Flournoy,DAL,MIN,WR3,rec_yds,29.63,40,1.35,9.0,12.33,91.0,0.025999999999999995,0.16499999999999998
2025,15,Ryan Flournoy,DAL,MIN,WR3,td,0.22,0,0.0,18.0,12.33,91.0,0.025999999999999995,0.16499999999999998
2025,15,George Pickens,DAL,MIN,WR1,rec_yds,85.15,33,0.388,18.0,22.0,93.0,0.025999999999999995,0.014615384615384586
2025,15,George Pickens,DAL,MIN,WR1,td,0.56,0,0.0,23.5,22.0,93.0,0.025999999999999995,0.014615384615384586
2025,15,Jake Ferguson,DAL,MIN,TE1,rec_yds,39.38,16,0.406,19.0,18.83,89.0,0.025999999999999995,0.10384615384615381
2025,15,Jake Ferguson,DAL,MIN,TE1,td,0.41,0,0.0,19.0,18.83,89.0,0.025999999999999995,0.10384615384615381
2025,15,Tua Tagovailoa,MIA,PIT,QB1,pass_yds,204.82,253,1.235,4.0,10.5,102.0,0.0010000000000000009,-0.0607692307692308
2025,15,Tua Tagovailoa,MIA,PIT,QB1,pass_td,1.53,2,1.308,15.5,10.5,102.0,0.0010000000000000009,-0.0607692307692308
2025,15,De'Von Achane,MIA,PIT,RB1,rush_yds,79.47,60,0.755,9.0,18.4,100.0,0.0010000000000000009,-0.4138461538461539
2025,15,De'Von Achane,MIA,PIT,RB1,rush_att,14.24,12,0.843,9.0,18.4,100.0,0.0010000000000000009,-0.4138461538461539
2025,15,De'Von Achane,MIA,PIT,RB1,rec_yds,30.62,67,2.188,19.0,18.4,100.0,0.0010000000000000009,-0.4138461538461539
2025,15,De'Von Achane,MIA,PIT,RB1,td,0.85,0,0.0,29.0,18.4,100.0,0.0010000000000000009,-0.4138461538461539
2025,15,Darren Waller,MIA,PIT,TE1,rec_yds,35.4,66,1.864,8.0,5.67,105.0,0.0010000000000000009,-0.10199999999999998
2025,15,Darren Waller,MIA,PIT,TE1,td,0.8,2,2.5,2.0,5.67,105.0,0.0010000000000000009,-0.10199999999999998
2025,15,Jaylen Waddle,MIA,PIT,WR1,rec_yds,60.41,26,0.43,4.0,11.33,95.0,0.0010000000000000009,-0.036923076923076836
2025,15,Jaylen Waddle,MIA,PIT,WR1,td,0.41,0,0.0,28.0,11.33,95.0,0.0010000000000000009,-0.036923076923076836
2025,15,Malik Washington,MIA,PIT,WR2,rec_yds,21.68,10,0.461,18.0,10.67,104.0,0.0010000000000000009,-0.038461538461538436
2025,15,Nick Westbrook-Ikhine,MIA,PIT,WR3,rec_yds,22.33,0,0.0,2.0,9.0,118.0,0.0010000000000000009,-0.07625000000000004
2025,15,Nick Westbrook-Ikhine,MIA,PIT,WR3,td,0.21,0,0.0,18.0,9.0,118.0,0.0010000000000000009,-0.07625000000000004
2025,15,Ollie Gordon,MIA,PIT,RB2,td,0.31,0,0.0,23.5,19.1,97.0,0.0010000000000000009,0.009230769230769209
2025,15,Aaron Rodgers,PIT,MIA,QB1,pass_yds,204.06,224,1.098,22.0,19.9,86.0,0.11399999999999999,0.057499999999999996
2025,15,Aaron Rodgers,PIT,MIA,QB1,pass_td,1.66,2,1.208,20.0,19.9,86.0,0.11399999999999999,0.057499999999999996
2025,15,Kenneth Gainwell,PIT,MIA,RB2,rush_yds,26.71,80,2.996,14.0,16.9,97.0,0.11399999999999999,0.016153846153846185
2025,15,Kenneth Gainwell,PIT,MIA,RB2,td,0.38,0,0.0,29.5,16.9,97.0,0.11399999999999999,0.016153846153846185
2025,15,Jaylen Warren,PIT,MIA,RB1,rush_yds,49.94,33,0.661,13.0,13.9,97.0,0.11399999999999999,-0.04083333333333339
2025,15,Jaylen Warren,PIT,MIA,RB1,rush_att,11.97,12,1.003,13.0,13.9,97.0,0.11399999999999999,-0.04083333333333339
2025,15,Jaylen Warren,PIT,MIA,RB1,rec_yds,24.0,15,0.625,11.0,13.9,97.0,0.11399999999999999,-0.04083333333333339
2025,15,Jaylen Warren,PIT,MIA,RB1,td,0.41,0,0.0,20.5,13.9,97.0,0.11399999999999999,-0.04083333333333339
2025,15,Jonnu Smith,PIT,MIA,TE1,rec_yds,26.97,12,0.445,4.0,10.67,89.0,0.11399999999999999,-0.05230769230769228
2025,15,Jonnu Smith,PIT,MIA,TE1,td,0.32,1,3.091,25.0,10.67,89.0,0.11399999999999999,-0.05230769230769228
2025,15,D.K. Metcalf,PIT,MIA,WR1,rec_yds,56.76,55,0.969,31.0,26.17,93.0,0.11399999999999999,-0.048461538461538334
2025,15,D.K. Metcalf,PIT,MIA,WR1,td,0.41,1,2.429,21.5,26.17,93.0,0.11399999999999999,-0.048461538461538334
2025,15,Adam Thielen,PIT,MIA,WR3,rec_yds,24.71,7,0.283,26.0,24.5,91.0,0.11399999999999999,0.131
2025,15,Adam Thielen,PIT,MIA,WR3,td,0.18,0,0.0,28.0,24.5,91.0,0.11399999999999999,0.131
2025,15,Calvin Austin III,PIT,MIA,WR2,rec_yds,29.63,0,0.0,28.0,21.83,96.0,0.11399999999999999,-0.2872727272727273
2025,15,Calvin Austin III,PIT,MIA,WR2,td,0.2,0,0.0,6.5,21.83,96.0,0.11399999999999999,-0.2872727272727273
2025,16,Matthew Stafford,LAR,SEA,QB1,pass_yds,256.58,457,1.781,23.0,23.2,86.0,0.03799999999999999,0.014999999999999902
2025,16,Matthew Stafford,LAR,SEA,QB1,pass_td,2.36,3,1.271,27.0,23.2,86.0,0.03799999999999999,0.014999999999999902
2025,16,Kyren Williams,LAR,SEA,RB1,rush_yds,76.58,70,0.914,30.0,20.4,97.0,0.03799999999999999,-0.14285714285714268
2025,16,Kyren Williams,LAR,SEA,RB1,rush_att,16.03,23,1.435,30.0,20.4,97.0,0.03799999999999999,-0.14285714285714268
2025,16,Kyren Williams,LAR,SEA,RB1,td,0.89,0,0.0,31.0,20.4,97.0,0.03799999999999999,-0.14285714285714268
2025,16,Blake Corum,LAR,SEA,RB2,rush_yds,38.03,48,1.262,16.0,12.0,97.0,0.03799999999999999,0.1685714285714286
2025,16,Blake Corum,LAR,SEA,RB2,td,0.28,1,3.6,21.0,12.0,97.0,0.03799999999999999,0.1685714285714286
2025,16,Puka Nacua,LAR,SEA,WR1,rec_yds,105.06,225,2.142,31.0,21.0,93.0,0.03799999999999999,-0.10999999999999999
2025,16,Puka Nacua,LAR,SEA,WR1,td,0.53,2,3.778,15.0,21.0,93.0,0.03799999999999999,-0.10999999999999999
2025,16,Konata Mumpfield,LAR,SEA,WR3,td,0.17,0,0.0,24.0,21.83,91.0,0.03799999999999999,0.04666666666666669
2025,16,Colby Parkinson,LAR,SEA,TE1,rec_yds,22.53,21,0.932,1.0,10.83,89.0,0.03799999999999999,0.2909090909090908
2025,16,Colby Parkinson,LAR,SEA,TE1,td,0.43,0,0.0,29.5,10.83,89.0,0.03799999999999999,0.2909090909090908
2025,16,Sam Darnold,SEA,LAR,QB1,pass_yds,251.22,270,1.075,10.0,15.3,95.0,-0.028000000000000004,0.046428571428571486
2025,16,Sam Darnold,SEA,LAR,QB1,pass_td,1.72,2,1.161,13.0,15.3,95.0,-0.028000000000000004,0.046428571428571486
2025,16,Kenneth Walker III,SEA,LAR,RB1,rush_yds,53.58,100,1.866,15.0,16.6,96.0,-0.028000000000000004,-0.054285714285714326
2025,16,Kenneth Walker III,SEA,LAR,RB1,rush_att,13.17,11,0.835,15.0,16.6,96.0,-0.028000000000000004,-0.054285714285714326
2025,16,Kenneth Walker III,SEA,LAR,RB1,td,0.33,1,3.0,32.0,16.6,96.0,-0.028000000000000004,-0.054285714285714326
2025,16,Zach Charbonnet,SEA,LAR,RB2,rush_yds,40.71,32,0.786,29.0,22.1,103.0,-0.028000000000000004,0.08230769230769241
2025,16,Zach Charbonnet,SEA,LAR,RB2,rush_att,10.41,9,0.864,29.0,22.1,103.0,-0.028000000000000004,0.08230769230769241
2025,16,Zach Charbonnet,SEA,LAR,RB2,td,0.59,1,1.7,21.0,22.1,103.0,-0.028000000000000004,0.08230769230769241
2025,16,Rashid Shaheed,SEA,LAR,WR2,rec_yds,47.31,0,0.0,19.0,19.5,95.0,-0.028000000000000004,0.029333333333333433
2025,16,Rashid Shaheed,SEA,LAR,WR2,td,0.19,0,0.0,24.0,19.5,95.0,-0.028000000000000004,0.029333333333333433
2025,16,AJ Barner,SEA,LAR,TE1,rec_yds,26.83,49,1.826,9.0,7.5,103.0,-0.028000000000000004,0.05857142857142861
2025,16,AJ Barner,SEA,LAR,TE1,td,0.36,1,2.769,9.0,7.5,103.0,-0.028000000000000004,0.05857142857142861
2025,16,Jaxon Smith-Njigba,SEA,LAR,WR1,rec_yds,101.22,96,0.948,3.0,4.0,107.0,-0.028000000000000004,0.17142857142857149
2025,16,Jaxon Smith-Njigba,SEA,LAR,WR1,td,0.58,1,1.714,2.5,4.0,107.0,-0.028000000000000004,0.17142857142857149
2025,16,Cooper Kupp,SEA,LAR,WR3,rec_yds,42.53,39,0.917,12.0,14.33,98.0,-0.028000000000000004,0.01846153846153864
2025,16,Cooper Kupp,SEA,LAR,WR3,td,0.24,0,0.0,19.0,14.33,98.0,-0.028000000000000004,0.01846153846153864
2025,16,Jalen Hurts,PHI,WAS,QB1,pass_yds,200.47,185,0.923,9.0,12.8,102.0,0.185,-0.2271428571428571
2025,16,Jalen Hurts,PHI,WAS,QB1,pass_td,1.5,2,1.333,3.5,12.8,102.0,0.185,-0.2271428571428571
2025,16,Saquon Barkley,PHI,WAS,RB1,rush_yds,82.22,132,1.605,6.0,9.3,100.0,0.185,-0.21285714285714297
2025,16,Saquon Barkley,PHI,WAS,RB1,rush_att,18.56,21,1.132,6.0,9.3,100.0,0.185,-0.21285714285714297
2025,16,Saquon Barkley,PHI,WAS,RB1,td,0.64,1,1.565,2.0,9.3,100.0,0.185,-0.21285714285714297
2025,16,Tank Bigsby,PHI,WAS,RB2,rush_yds,31.12,37,1.189,7.0,19.4,97.0,0.185,0.22250000000000003
2025,16,A.J. Brown,PHI,WAS,WR1,rec_yds,68.09,95,1.395,16.0,21.33,95.0,0.185,-0.1907692307692308
2025,16,A.J. Brown,PHI,WAS,WR1,td,0.53,0,0.0,23.5,21.33,95.0,0.185,-0.1907692307692308
2025,16,DeVonta Smith,PHI,WAS,WR2,rec_yds,64.17,42,0.655,3.0,3.0,104.0,0.185,-0.3728571428571429
2025,16,DeVonta Smith,PHI,WAS,WR2,td,0.33,1,3.0,1.0,3.0,104.0,0.185,-0.3728571428571429
2025,16,Dallas Goedert,PHI,WAS,TE1,rec_yds,44.97,32,0.712,17.0,16.17,105.0,0.185,-0.10769230769230775
2025,16,Dallas Goedert,PHI,WAS,TE1,td,0.59,1,1.7,4.5,16.17,105.0,0.185,-0.10769230769230775
2025,16,Marcus Mariota,WAS,PHI,QB1,pass_yds,169.71,95,0.56,31.0,21.6,101.0,-0.016,0.1677777777777778
2025,16,Marcus Mariota,WAS,PHI,QB1,pass_td,1.14,0,0.0,31.5,21.6,101.0,-0.016,0.1677777777777778
2025,16,Chris Rodriguez,WAS,PHI,RB2,rush_yds,35.27,63,1.786,15.0,19.3,99.0,-0.016,0.10999999999999999
2025,16,Chris Rodriguez,WAS,PHI,RB2,td,0.38,1,2.6,31.0,19.3,99.0,-0.016,0.10999999999999999
2025,16,Jacory Croskey-Merritt,WAS,PHI,RB1,rush_yds,46.14,25,0.542,23.0,17.9,102.0,-0.016,0.12642857142857145
2025,16,Jacory Croskey-Merritt,WAS,PHI,RB1,rush_att,10.21,8,0.783,23.0,17.9,102.0,-0.016,0.12642857142857145
2025,16,Jacory Croskey-Merritt,WAS,PHI,RB1,td,0.36,1,2.8,17.0,17.9,102.0,-0.016,0.12642857142857145
2025,16,Terry McLaurin,WAS,PHI,WR2,rec_yds,59.82,53,0.886,9.0,15.67,99.0,-0.016,0.08571428571428563
2025,16,Terry McLaurin,WAS,PHI,WR2,td,0.59,0,0.0,21.0,15.67,99.0,-0.016,0.08571428571428563
2025,16,Deebo Samuel,WAS,PHI,WR1,rec_yds,43.29,35,0.808,25.0,26.17,100.0,-0.016,-0.09923076923076912
2025,16,Deebo Samuel,WAS,PHI,WR1,td,0.41,0,0.0,29.0,26.17,100.0,-0.016,-0.09923076923076912
2025,16,Jordan Love,GB,CHI,QB1,pass_yds,227.14,77,0.339,13.0,15.2,101.0,0.16,0.01571428571428579
2025,16,Jordan Love,GB,CHI,QB1,pass_td,1.56,0,0.0,13.0,15.2,101.0,0.16,0.01571428571428579
2025,16,Emanuel Wilson,GB,CHI,RB2,rush_yds,28.12,82,2.916,5.0,10.8,99.0,0.16,-0.09615384615384615
2025,16,Emanuel Wilson,GB,CHI,RB2,td,0.26,0,0.0,21.0,10.8,99.0,0.16,-0.09615384615384615
2025,16,Josh Jacobs,GB,CHI,RB1,rush_yds,69.03,36,0.522,7.0,17.7,102.0,0.16,-0.07999999999999996
2025,16,Josh Jacobs,GB,CHI,RB1,rush_att,17.03,12,0.705,7.0,17.7,102.0,0.16,-0.07999999999999996
2025,16,Josh Jacobs,GB,CHI,RB1,rec_yds,22.18,12,0.541,32.0,17.7,102.0,0.16,-0.07999999999999996
2025,16,Josh Jacobs,GB,CHI,RB1,td,1.18,0,0.0,12.5,17.7,102.0,0.16,-0.07999999999999996
2025,16,Romeo Doubs,GB,CHI,WR1,rec_yds,42.75,84,1.965,22.0,15.83,100.0,0.16,-0.04142857142857148
2025,16,Romeo Doubs,GB,CHI,WR1,td,0.33,1,3.0,5.0,15.83,100.0,0.16,-0.04142857142857148
2025,16,Christian Watson,GB,CHI,WR2,rec_yds,57.75,17,0.294,2.0,10.17,99.0,0.16,-0.28125000000000006
2025,16,Christian Watson,GB,CHI,WR2,td,0.42,0,0.0,9.5,10.17,99.0,0.16,-0.28125000000000006
2025,16,Dontayvion Wicks,GB,CHI,WR3,rec_yds,28.3,12,0.424,32.0,25.17,96.0,0.16,-0.09454545454545454
2025,16,Dontayvion Wicks,GB,CHI,WR3,td,0.17,0,0.0,11.5,25.17,96.0,0.16,-0.09454545454545454
2025,16,Caleb Williams,CHI,GB,QB1,pass_yds,223.78,250,1.117,25.0,25.9,106.0,0.119,0.011428571428571455
2025,16,Caleb Williams,CHI,GB,QB1,pass_td,1.47,2,1.358,21.0,25.9,106.0,0.119,0.011428571428571455
2025,16,D'Andre Swift,CHI,GB,RB1,rush_yds,66.62,58,0.871,22.0,22.1,97.0,0.119,-0.020000000000000018
2025,16,D'Andre Swift,CHI,GB,RB1,rush_att,14.53,13,0.895,22.0,22.1,97.0,0.119,-0.020000000000000018
2025,16,D'Andre Swift,CHI,GB,RB1,td,0.53,0,0.0,26.5,22.1,97.0,0.119,-0.020000000000000018
2025,16,Kyle Monangai,CHI,GB,RB2,rush_yds,48.64,50,1.028,27.0,18.3,106.0,0.119,0.014999999999999902
2025,16,Kyle Monangai,CHI,GB,RB2,rush_att,10.43,9,0.863,27.0,18.3,106.0,0.119,0.014999999999999902
2025,16,Kyle Monangai,CHI,GB,RB2,td,0.36,0,0.0,21.0,18.3,106.0,0.119,0.014999999999999902
2025,16,D.J. Moore,CHI,GB,WR1,rec_yds,47.28,97,2.052,30.0,21.67,100.0,0.119,0.04428571428571426
2025,16,D.J. Moore,CHI,GB,WR1,td,0.42,1,2.4,12.0,21.67,100.0,0.119,0.04428571428571426
2025,16,Olamide Zaccheaus,CHI,GB,WR2,rec_yds,24.76,33,1.333,14.0,18.33,107.0,0.119,0.24461538461538457
2025,16,Olamide Zaccheaus,CHI,GB,WR2,td,0.21,0,0.0,28.0,18.33,107.0,0.119,0.24461538461538457
2025,16,Colston Loveland,CHI,GB,TE1,rec_yds,38.31,30,0.783,18.0,14.83,102.0,0.119,0.05307692307692302
2025,16,Colston Loveland,CHI,GB,TE1,td,0.31,0,0.0,17.5,14.83,102.0,0.119,0.05307692307692302
2025,16,Josh Allen,BUF,CLE,QB1,pass_yds,236.58,130,0.549,30.0,25.7,101.0,0.05500000000000001,0.024285714285714244
2025,16,Josh Allen,BUF,CLE,QB1,pass_td,1.78,0,0.0,17.5,25.7,101.0,0.05500000000000001,0.024285714285714244
2025,16,James Cook,BUF,CLE,RB1,rush_yds,92.86,117,1.26,18.0,19.9,102.0,0.05500000000000001,0.05428571428571427
2025,16,James Cook,BUF,CLE,RB1,rush_att,17.78,16,0.9,18.0,19.9,102.0,0.05500000000000001,0.05428571428571427
2025,16,James Cook,BUF,CLE,RB1,td,0.94,2,2.118,6.0,19.9,102.0,0.05500000000000001,0.05428571428571427
2025,16,Khalil Shakir,BUF,CLE,WR1,rec_yds,47.22,34,0.72,29.0,23.17,100.0,0.05500000000000001,0.09714285714285709
2025,16,Khalil Shakir,BUF,CLE,WR1,td,0.28,0,0.0,8.5,23.17,100.0,0.05500000000000001,0.09714285714285709
2025,16,Josh Palmer,BUF,CLE,WR2,rec_yds,32.85,2,0.061,25.0,23.67,99.0,0.05500000000000001,-0.08777777777777773
2025,16,Dalton Kincaid,BUF,CLE,TE1,rec_yds,47.43,0,0.0,30.0,27.0,99.0,0.05500000000000001,-0.038000000000000034
2025,16,Dalton Kincaid,BUF,CLE,TE1,td,0.39,0,0.0,21.0,27.0,99.0,0.05500000000000001,-0.038000000000000034
2025,16,Dillon Gabriel,CLE,BUF,QB1,pass_yds,104.11,0,0.0,29.0,23.1,86.0,-0.185,-0.6022222222222222
2025,16,Dillon Gabriel,CLE,BUF,QB1,pass_td,0.78,0,0.0,26.0,23.1,86.0,-0.185,-0.6022222222222222
2025,16,Quinshon Judkins,CLE,BUF,RB1,rush_yds,61.92,22,0.355,5.0,8.4,97.0,-0.185,0.1561538461538462
2025,16,Quinshon Judkins,CLE,BUF,RB1,rush_att,17.08,8,0.468,5.0,8.4,97.0,-0.185,0.1561538461538462
2025,16,Quinshon Judkins,CLE,BUF,RB1,td,0.54,0,0.0,3.0,8.4,97.0,-0.185,0.1561538461538462
2025,16,Harold Fannin,CLE,BUF,TE1,rec_yds,47.64,34,0.714,32.0,31.83,89.0,-0.185,0.16999999999999982
2025,16,Harold Fannin,CLE,BUF,TE1,td,0.29,2,7.0,31.5,31.83,89.0,-0.185,0.16999999999999982
2025,16,Jerry Jeudy,CLE,BUF,WR1,rec_yds,51.36,12,0.234,7.0,14.17,93.0,-0.185,0.11571428571428566
2025,16,Jerry Jeudy,CLE,BUF,WR1,td,0.19,0,0.0,21.5,14.17,93.0,-0.185,0.11571428571428566
2025,16,Cedric Tillman,CLE,BUF,WR3,rec_yds,28.08,8,0.285,31.0,25.33,91.0,-0.185,-0.03777777777777769
2025,16,Cedric Tillman,CLE,BUF,WR3,td,0.27,0,0.0,19.0,25.33,91.0,-0.185,-0.03777777777777769
2025,16,Isaiah Bond,CLE,BUF,WR2,rec_yds,24.0,21,0.875,20.0,13.17,96.0,-0.185,0.18000000000000005
2025,16,Baker Mayfield,TB,CAR,QB1,pass_yds,225.25,145,0.644,14.0,15.8,106.0,0.062,0.03499999999999992
2025,16,Baker Mayfield,TB,CAR,QB1,pass_td,1.72,1,0.581,15.5,15.8,106.0,0.062,0.03499999999999992
2025,16,Bucky Irving,TB,CAR,RB1,rush_yds,69.5,71,1.022,2.0,8.9,97.0,0.062,-0.0842857142857143
2025,16,Bucky Irving,TB,CAR,RB1,rush_att,16.45,19,1.155,2.0,8.9,97.0,0.062,-0.0842857142857143
2025,16,Bucky Irving,TB,CAR,RB1,rec_yds,32.64,0,0.0,19.0,8.9,97.0,0.062,-0.0842857142857143
2025,16,Bucky Irving,TB,CAR,RB1,td,0.59,0,0.0,9.5,8.9,97.0,0.062,-0.0842857142857143
2025,16,Rachaad White,TB,CAR,RB2,rush_yds,37.36,45,1.204,8.0,8.6,106.0,0.062,-0.11428571428571427
2025,16,Rachaad White,TB,CAR,RB2,td,0.39,0,0.0,4.0,8.6,106.0,0.062,-0.11428571428571427
2025,16,Emeka Egbuka,TB,CAR,WR1,rec_yds,62.14,40,0.644,2.0,4.0,100.0,0.062,-0.18000000000000005
2025,16,Emeka Egbuka,TB,CAR,WR1,td,0.43,0,0.0,6.0,4.0,100.0,0.062,-0.18000000000000005
2025,16,Mike Evans,TB,CAR,WR2,rec_yds,68.78,31,0.451,30.0,23.17,107.0,0.062,-0.06799999999999995
2025,16,Mike Evans,TB,CAR,WR2,td,0.44,1,2.25,13.5,23.17,107.0,0.062,-0.06799999999999995
2025,16,Chris Godwin,TB,CAR,WR3,rec_yds,52.84,30,0.568,28.0,29.67,105.0,0.062,0.2516666666666666
2025,16,Chris Godwin,TB,CAR,WR3,td,0.37,0,0.0,31.0,29.67,105.0,0.062,0.2516666666666666
2025,16,Cade Otton,TB,CAR,TE1,rec_yds,40.53,15,0.37,13.0,17.67,102.0,0.062,-0.12083333333333346
2025,16,Bryce Young,CAR,TB,QB1,pass_yds,197.32,191,0.968,1.0,3.7,106.0,-0.014,0.039999999999999925
2025,16,Bryce Young,CAR,TB,QB1,pass_td,1.47,2,1.36,7.5,3.7,106.0,-0.014,0.039999999999999925
2025,16,Rico Dowdle,CAR,TB,RB1,rush_yds,73.92,29,0.392,26.0,13.5,97.0,-0.014,0.043571428571428594
2025,16,Rico Dowdle,CAR,TB,RB1,rush_att,15.78,9,0.57,26.0,13.5,97.0,-0.014,0.043571428571428594
2025,16,Rico Dowdle,CAR,TB,RB1,td,0.44,0,0.0,14.5,13.5,97.0,-0.014,0.043571428571428594
2025,16,Chuba Hubbard,CAR,TB,RB2,rush_yds,49.44,27,0.546,32.0,16.3,106.0,-0.014,-0.04916666666666669
2025,16,Chuba Hubbard,CAR,TB,RB2,rush_att,12.03,6,0.499,32.0,16.3,106.0,-0.014,-0.04916666666666669
2025,16,Chuba Hubbard,CAR,TB,RB2,td,0.47,0,0.0,21.0,16.3,106.0,-0.014,-0.04916666666666669
2025,16,Tetairoa McMillan,CAR,TB,WR1,rec_yds,60.79,73,1.201,21.0,21.67,100.0,-0.014,-0.03428571428571425
2025,16,Tetairoa McMillan,CAR,TB,WR1,td,0.43,1,2.333,29.0,21.67,100.0,-0.014,-0.03428571428571425
2025,16,Jalen Coker,CAR,TB,WR3,rec_yds,39.5,47,1.19,11.0,12.0,105.0,-0.014,0.03249999999999997
2025,16,Jalen Coker,CAR,TB,WR3,td,0.25,0,0.0,19.0,12.0,105.0,-0.014,0.03249999999999997
2025,16,Xavier Legette,CAR,TB,WR2,rec_yds,29.31,12,0.409,6.0,5.17,107.0,-0.014,0.01749999999999996
2025,16,Xavier Legette,CAR,TB,WR2,td,0.22,0,0.0,7.5,5.17,107.0,-0.014,0.01749999999999996
2025,16,Joe Flacco,CIN,MIA,QB1,pass_yds,246.78,4,0.016,21.0,20.0,86.0,0.09699999999999999,-0.0040000000000000036
2025,16,Joe Flacco,CIN,MIA,QB1,pass_td,1.56,0,0.0,19.5,20.0,86.0,0.09699999999999999,-0.0040000000000000036
2025,16,Chase Brown,CIN,MIA,RB1,rush_yds,60.86,66,1.084,12.0,13.7,97.0,0.09699999999999999,-0.06142857142857139
2025,16,Chase Brown,CIN,MIA,RB1,rush_att,14.47,12,0.829,12.0,13.7,97.0,0.09699999999999999,-0.06142857142857139
2025,16,Chase Brown,CIN,MIA,RB1,rec_yds,26.97,43,1.594,11.0,13.7,97.0,0.09699999999999999,-0.06142857142857139
2025,16,Chase Brown,CIN,MIA,RB1,td,0.44,3,6.75,22.5,13.7,97.0,0.09699999999999999,-0.06142857142857139
2025,16,Samaje Perine,CIN,MIA,RB2,rush_yds,21.9,25,1.142,9.0,12.6,97.0,0.09699999999999999,0.10636363636363633
2025,16,Ja'Marr Chase,CIN,MIA,WR1,rec_yds,96.62,109,1.128,32.0,26.17,93.0,0.09699999999999999,0.011538461538461497
2025,16,Ja'Marr Chase,CIN,MIA,WR1,td,0.59,0,0.0,18.5,26.17,93.0,0.09699999999999999,0.011538461538461497
2025,16,Tee Higgins,CIN,MIA,WR2,rec_yds,62.06,53,0.854,28.0,22.17,96.0,0.09699999999999999,-0.10916666666666675
2025,16,Tee Higgins,CIN,MIA,WR2,td,0.81,1,1.231,7.5,22.17,96.0,0.09699999999999999,-0.10916666666666675
2025,16,Mike Gesicki,CIN,MIA,TE1,rec_yds,28.31,35,1.236,7.0,10.83,89.0,0.09699999999999999,0.13777777777777772
2025,16,Andrei Iosivas,CIN,MIA,WR3,rec_yds,31.44,21,0.668,27.0,25.33,91.0,0.09699999999999999,0.061666666666666536
2025,16,Andrei Iosivas,CIN,MIA,WR3,td,0.19,0,0.0,28.0,25.33,91.0,0.09699999999999999,0.061666666666666536
2025,16,De'Von Achane,MIA,CIN,RB1,rush_yds,78.39,81,1.033,3.0,10.1,100.0,0.10200000000000001,0.042857142857142816
2025,16,De'Von Achane,MIA,CIN,RB1,rush_att,14.11,15,1.063,3.0,10.1,100.0,0.10200000000000001,0.042857142857142816
2025,16,De'Von Achane,MIA,CIN,RB1,rec_yds,32.64,9,0.276,15.0,10.1,100.0,0.10200000000000001,0.042857142857142816
2025,16,De'Von Achane,MIA,CIN,RB1,td,0.81,1,1.241,12.5,10.1,100.0,0.10200000000000001,0.042857142857142816
2025,16,Malik Washington,MIA,CIN,WR2,rec_yds,21.03,23,1.094,29.0,30.33,104.0,0.10200000000000001,0.0014285714285714457
2025,16,Jaylen Waddle,MIA,CIN,WR1,rec_yds,58.5,72,1.231,28.0,27.5,95.0,0.10200000000000001,0.021428571428571463
2025,16,Jaylen Waddle,MIA,CIN,WR1,td,0.39,0,0.0,23.5,27.5,95.0,0.10200000000000001,0.021428571428571463
2025,16,Darren Waller,MIA,CIN,TE1,rec_yds,40.5,40,0.988,3.0,3.33,105.0,0.10200000000000001,0.0566666666666667
2025,16,Darren Waller,MIA,CIN,TE1,td,1.0,0,0.0,1.0,3.33,105.0,0.10200000000000001,0.0566666666666667
2025,16,Ollie Gordon,MIA,CIN,RB2,td,0.29,0,0.0,1.5,3.1,97.0,0.10200000000000001,-0.11214285714285718
2025,16,Justin Herbert,LAC,DAL,QB1,pass_yds,232.31,300,1.291,2.0,1.4,106.0,0.14700000000000002,0.036428571428571366
2025,16,Justin Herbert,LAC,DAL,QB1,pass_td,1.61,2,1.241,1.0,1.4,106.0,0.14700000000000002,0.036428571428571366
2025,16,Omarion Hampton,LAC,DAL,RB2,rush_yds,61.57,85,1.381,12.0,11.6,106.0,0.14700000000000002,-0.26142857142857157
2025,16,Omarion Hampton,LAC,DAL,RB2,rush_att,13.43,16,1.191,12.0,11.6,106.0,0.14700000000000002,-0.26142857142857157
2025,16,Omarion Hampton,LAC,DAL,RB2,td,0.43,1,2.333,5.5,11.6,106.0,0.14700000000000002,-0.26142857142857157
2025,16,Kimani Vidal,LAC,DAL,RB1,rush_yds,49.43,11,0.223,20.0,9.3,97.0,0.14700000000000002,-0.0119999999999999
2025,16,Kimani Vidal,LAC,DAL,RB1,rush_att,11.89,5,0.42,20.0,9.3,97.0,0.14700000000000002,-0.0119999999999999
2025,16,Kimani Vidal,LAC,DAL,RB1,td,0.29,0,0.0,14.5,9.3,97.0,0.14700000000000002,-0.0119999999999999
2025,16,Quentin Johnston,LAC,DAL,WR3,rec_yds,49.03,104,2.121,13.0,8.33,105.0,0.14700000000000002,-0.050000000000000044
2025,16,Quentin Johnston,LAC,DAL,WR3,td,0.57,1,1.765,1.0,8.33,105.0,0.14700000000000002,-0.050000000000000044
2025,16,Keenan Allen,LAC,DAL,WR1,rec_yds,51.75,44,0.85,14.0,12.33,100.0,0.14700000000000002,-0.14071428571428574
2025,16,Keenan Allen,LAC,DAL,WR1,td,0.36,0,0.0,1.0,12.33,100.0,0.14700000000000002,-0.14071428571428574
2025,16,Ladd McConkey,LAC,DAL,WR2,rec_yds,59.42,43,0.724,1.0,5.83,107.0,0.14700000000000002,-0.02857142857142858
2025,16,Ladd McConkey,LAC,DAL,WR2,td,0.36,1,2.769,13.5,5.83,107.0,0.14700000000000002,-0.02857142857142858
2025,16,Oronde Gadsden II,LAC,DAL,TE1,rec_yds,50.17,7,0.14,19.0,14.67,102.0,0.14700000000000002,-0.11416666666666664
2025,16,Oronde Gadsden II,LAC,DAL,TE1,td,0.17,0,0.0,9.0,14.67,102.0,0.14700000000000002,-0.11416666666666664
2025,16,Dak Prescott,DAL,LAC,QB1,pass_yds,273.33,244,0.893,32.0,23.8,95.0,0.035,0.018571428571428572
2025,16,Dak Prescott,DAL,LAC,QB1,pass_td,1.75,2,1.143,31.5,23.8,95.0,0.035,0.018571428571428572
2025,16,Javonte Williams,DAL,LAC,RB1,rush_yds,65.33,34,0.52,19.0,23.4,96.0,0.035,-0.43857142857142856
2025,16,Javonte Williams,DAL,LAC,RB1,rush_att,13.81,9,0.652,19.0,23.4,96.0,0.035,-0.43857142857142856
2025,16,Javonte Williams,DAL,LAC,RB1,td,0.72,0,0.0,22.5,23.4,96.0,0.035,-0.43857142857142856
2025,16,Malik Davis,DAL,LAC,RB2,td,0.29,0,0.0,27.5,23.8,103.0,0.035,0.3542857142857143
2025,16,George Pickens,DAL,LAC,WR1,rec_yds,82.25,130,1.581,11.0,11.83,107.0,0.035,0.03214285714285714
2025,16,George Pickens,DAL,LAC,WR1,td,0.53,1,1.895,21.5,11.83,107.0,0.035,0.03214285714285714
2025,16,CeeDee Lamb,DAL,LAC,WR2,rec_yds,90.46,51,0.564,32.0,30.83,95.0,0.035,0.06700000000000006
2025,16,CeeDee Lamb,DAL,LAC,WR2,td,0.29,0,0.0,31.5,30.83,95.0,0.035,0.06700000000000006
2025,16,Jake Ferguson,DAL,LAC,TE1,rec_yds,38.08,19,0.499,26.0,21.0,103.0,0.035,0.012857142857142678
2025,16,Jake Ferguson,DAL,LAC,TE1,td,0.39,0,0.0,9.0,21.0,103.0,0.035,0.012857142857142678
2025,16,Ryan Flournoy,DAL,LAC,WR3,rec_yds,30.34,18,0.593,15.0,18.33,98.0,0.035,0.14090909090909093
2025,16,Ryan Flournoy,DAL,LAC,WR3,td,0.21,1,4.833,11.5,18.33,98.0,0.035,0.14090909090909093
2025,16,Isiah Pacheco,KC,TEN,RB2,rush_yds,38.0,34,0.895,3.0,13.5,103.0,0.147,-0.05272727272727279
2025,16,Isiah Pacheco,KC,TEN,RB2,td,0.17,0,0.0,1.5,13.5,103.0,0.147,-0.05272727272727279
2025,16,Kareem Hunt,KC,TEN,RB1,rush_yds,39.67,2,0.05,17.0,19.4,96.0,0.147,0.0035714285714286143
2025,16,Kareem Hunt,KC,TEN,RB1,rush_att,10.69,3,0.281,17.0,19.4,96.0,0.147,0.0035714285714286143
2025,16,Kareem Hunt,KC,TEN,RB1,td,0.56,0,0.0,7.5,19.4,96.0,0.147,0.0035714285714286143
2025,16,Xavier Worthy,KC,TEN,WR1,rec_yds,43.28,41,0.947,8.0,7.5,107.0,0.147,-0.01749999999999996
2025,16,Xavier Worthy,KC,TEN,WR1,td,0.19,0,0.0,2.5,7.5,107.0,0.147,-0.01749999999999996
2025,16,Marquise Brown,KC,TEN,WR2,rec_yds,38.54,22,0.571,22.0,19.5,95.0,0.147,-0.16923076923076924
2025,16,Marquise Brown,KC,TEN,WR2,td,0.36,0,0.0,13.5,19.5,95.0,0.147,-0.16923076923076924
2025,16,JuJu Smith-Schuster,KC,TEN,WR3,rec_yds,20.35,12,0.59,5.0,16.67,98.0,0.147,-0.010000000000000009
2025,16,Travis Kelce,KC,TEN,TE1,rec_yds,55.06,6,0.109,12.0,15.33,103.0,0.147,0.16857142857142848
2025,16,Travis Kelce,KC,TEN,TE1,td,0.33,0,0.0,21.0,15.33,103.0,0.147,0.16857142857142848
2025,16,Cam Ward,TEN,KC,QB1,pass_yds,188.43,228,1.21,22.0,16.3,95.0,-0.155,0.0
2025,16,Cam Ward,TEN,KC,QB1,pass_td,0.79,2,2.545,28.0,16.3,95.0,-0.155,0.0
2025,16,Tony Pollard,TEN,KC,RB1,rush_yds,59.75,102,1.707,31.0,29.6,96.0,-0.155,-0.10857142857142854
2025,16,Tony Pollard,TEN,KC,RB1,rush_att,13.78,21,1.524,31.0,29.6,96.0,-0.155,-0.10857142857142854
2025,16,Tony Pollard,TEN,KC,RB1,td,0.33,0,0.0,30.0,29.6,96.0,-0.155,-0.10857142857142854
2025,16,Tyjae Spears,TEN,KC,RB2,rush_yds,23.11,52,2.25,26.0,22.1,103.0,-0.155,-0.030999999999999972
2025,16,Tyjae Spears,TEN,KC,RB2,td,0.21,1,4.667,13.0,22.1,103.0,-0.155,-0.030999999999999972
2025,16,Elic Ayomanor,TEN,KC,WR1,rec_yds,28.46,58,2.038,23.0,21.67,107.0,-0.155,-0.0038461538461538325
2025,16,Elic Ayomanor,TEN,KC,WR1,td,0.23,0,0.0,31.0,21.67,107.0,-0.155,-0.0038461538461538325
2025,16,Chig Okonkwo,TEN,KC,TE1,rec_yds,34.39,44,1.279,8.0,14.83,103.0,-0.155,-0.07785714285714296
2025,16,Chimere Dike,TEN,KC,WR2,rec_yds,21.5,40,1.86,17.0,21.67,95.0,-0.155,0.12928571428571423
2025,16,Chimere Dike,TEN,KC,WR2,td,0.21,1,4.667,26.0,21.67,95.0,-0.155,0.12928571428571423
2025,16,Van Jefferson,TEN,KC,WR3,rec_yds,21.78,24,1.102,26.0,16.83,98.0,-0.155,-0.09333333333333338
2025,16,J.J. McCarthy,MIN,NYG,QB1,pass_yds,167.75,108,0.644,11.0,8.3,101.0,0.006000000000000005,0.0
2025,16,J.J. McCarthy,MIN,NYG,QB1,pass_td,1.38,0,0.0,13.0,8.3,101.0,0.006000000000000005,0.0
2025,16,Aaron Jones,MIN,NYG,RB2,rush_yds,46.61,85,1.824,11.0,8.7,99.0,0.006000000000000005,0.04799999999999993
2025,16,Aaron Jones,MIN,NYG,RB2,rush_att,10.68,21,1.967,11.0,8.7,99.0,0.006000000000000005,0.04799999999999993
2025,16,Aaron Jones,MIN,NYG,RB2,td,0.29,0,0.0,8.0,8.7,99.0,0.006000000000000005,0.04799999999999993
2025,16,Jordan Mason,MIN,NYG,RB1,rush_yds,46.11,5,0.108,1.0,7.5,102.0,0.006000000000000005,-0.09500000000000003
2025,16,Jordan Mason,MIN,NYG,RB1,td,0.33,0,0.0,7.5,7.5,102.0,0.006000000000000005,-0.09500000000000003
2025,16,Justin Jefferson,MIN,NYG,WR1,rec_yds,65.72,85,1.293,12.0,12.33,100.0,0.006000000000000005,0.00857142857142823
2025,16,Justin Jefferson,MIN,NYG,WR1,td,0.25,0,0.0,18.5,12.33,100.0,0.006000000000000005,0.00857142857142823
2025,16,Jordan Addison,MIN,NYG,WR2,rec_yds,57.63,26,0.451,15.0,13.83,99.0,0.006000000000000005,-0.2272727272727273
2025,16,Jordan Addison,MIN,NYG,WR2,td,0.43,0,0.0,5.5,13.83,99.0,0.006000000000000005,-0.2272727272727273
2025,16,T.J. Hockenson,MIN,NYG,TE1,rec_yds,34.11,2,0.059,25.0,20.83,99.0,0.006000000000000005,0.018571428571428683
2025,16,T.J. Hockenson,MIN,NYG,TE1,td,0.17,0,0.0,17.5,20.83,99.0,0.006000000000000005,0.018571428571428683
2025,16,Jalen Nailor,MIN,NYG,WR3,rec_yds,26.89,0,0.0,9.0,17.0,96.0,0.006000000000000005,-0.15499999999999992
2025,16,Jalen Nailor,MIN,NYG,WR3,td,0.28,0,0.0,28.0,17.0,96.0,0.006000000000000005,-0.15499999999999992
2025,16,Jaxson Dart,NYG,MIN,QB1,pass_yds,163.82,33,0.201,20.0,27.0,86.0,-0.04100000000000001,0.17818181818181822
2025,16,Jaxson Dart,NYG,MIN,QB1,pass_td,1.18,0,0.0,29.0,27.0,86.0,-0.04100000000000001,0.17818181818181822
2025,16,Tyrone Tracy Jr.,NYG,MIN,RB1,rush_yds,43.91,71,1.617,8.0,20.8,97.0,-0.04100000000000001,0.2433333333333333
2025,16,Tyrone Tracy Jr.,NYG,MIN,RB1,rush_att,11.22,16,1.426,8.0,20.8,97.0,-0.04100000000000001,0.2433333333333333
2025,16,Tyrone Tracy Jr.,NYG,MIN,RB1,td,0.31,0,0.0,22.5,20.8,97.0,-0.04100000000000001,0.2433333333333333
2025,16,Devin Singletary,NYG,MIN,RB2,rush_yds,22.0,47,2.136,20.5,22.0,97.0,-0.04100000000000001,-0.0242857142857143
2025,16,Devin Singletary,NYG,MIN,RB2,td,0.22,0,0.0,11.5,22.0,97.0,-0.04100000000000001,-0.0242857142857143
2025,16,Wan'Dale Robinson,NYG,MIN,WR1,rec_yds,58.89,19,0.323,19.0,23.83,93.0,-0.04100000000000001,0.0764285714285714
2025,16,Wan'Dale Robinson,NYG,MIN,WR1,td,0.25,0,0.0,25.5,23.83,93.0,-0.04100000000000001,0.0764285714285714
2025,16,Darius Slayton,NYG,MIN,WR2,rec_yds,35.77,8,0.224,4.0,9.33,96.0,-0.04100000000000001,0.0663636363636364
2025,16,Theo Johnson,NYG,MIN,TE1,rec_yds,37.67,0,0.0,22.0,20.5,89.0,-0.04100000000000001,0.009285714285714342
2025,16,Theo Johnson,NYG,MIN,TE1,td,0.31,0,0.0,21.0,20.5,89.0,-0.04100000000000001,0.009285714285714342
2025,16,Brady Cook,NYJ,NO,QB1,pass_yds,169.5,188,1.109,26.0,21.7,106.0,-0.172,0.050000000000000044
2025,16,Breece Hall,NYJ,NO,RB1,rush_yds,62.44,54,0.865,10.0,13.3,97.0,-0.172,-0.11571428571428566
2025,16,Breece Hall,NYJ,NO,RB1,rush_att,14.56,16,1.099,10.0,13.3,97.0,-0.172,-0.11571428571428566
2025,16,Breece Hall,NYJ,NO,RB1,rec_yds,22.58,9,0.399,22.0,13.3,97.0,-0.172,-0.11571428571428566
2025,16,Breece Hall,NYJ,NO,RB1,td,0.33,0,0.0,4.5,13.3,97.0,-0.172,-0.11571428571428566
2025,16,Adonai Mitchell,NYJ,NO,WR1,rec_yds,27.88,43,1.542,17.0,19.0,100.0,-0.172,0.3353846153846154
2025,16,John Metchie,NYJ,NO,WR2,rec_yds,24.46,4,0.164,18.0,16.0,107.0,-0.172,0.21111111111111103
2025,16,John Metchie,NYJ,NO,WR2,td,0.19,0,0.0,5.5,16.0,107.0,-0.172,0.21111111111111103
2025,16,Tyler Shough,NO,NYJ,QB1,pass_yds,185.5,308,1.66,27.0,18.0,101.0,0.06799999999999999,0.21125000000000005
2025,16,Tyler Shough,NO,NYJ,QB1,pass_td,0.75,1,1.333,17.5,18.0,101.0,0.06799999999999999,0.21125000000000005
2025,16,Audric Estime,NO,NYJ,RB1,rush_yds,21.58,19,0.88,4.0,11.4,102.0,0.06799999999999999,0.09499999999999997
2025,16,Audric Estime,NO,NYJ,RB1,td,0.17,0,0.0,1.0,11.4,102.0,0.06799999999999999,0.09499999999999997
2025,16,Chris Olave,NO,NYJ,WR1,rec_yds,60.89,148,2.431,18.0,17.33,100.0,0.06799999999999999,-0.0028571428571428914
2025,16,Chris Olave,NO,NYJ,WR1,td,0.36,2,5.538,15.0,17.33,100.0,0.06799999999999999,-0.0028571428571428914
2025,16,Juwan Johnson,NO,NYJ,TE1,rec_yds,44.75,89,1.989,27.0,21.0,99.0,0.06799999999999999,-0.14928571428571424
2025,16,Juwan Johnson,NO,NYJ,TE1,td,0.22,0,0.0,15.0,21.0,99.0,0.06799999999999999,-0.14928571428571424
2025,16,Kirk Cousins,ATL,ARI,QB1,pass_yds,197.55,197,0.997,12.0,18.0,95.0,0.07899999999999999,0.19857142857142862
2025,16,Kirk Cousins,ATL,ARI,QB1,pass_td,0.95,2,2.095,19.5,18.0,95.0,0.07899999999999999,0.19857142857142862
2025,16,Tyler Allgeier,ATL,ARI,RB2,rush_yds,29.61,79,2.668,1.0,12.7,103.0,0.07899999999999999,-0.11642857142857146
2025,16,Tyler Allgeier,ATL,ARI,RB2,td,0.47,0,0.0,3.0,12.7,103.0,0.07899999999999999,-0.11642857142857146
2025,16,Bijan Robinson,ATL,ARI,RB1,rush_yds,88.11,76,0.863,11.0,6.5,96.0,0.07899999999999999,0.11714285714285722
2025,16,Bijan Robinson,ATL,ARI,RB1,rush_att,17.69,16,0.904,11.0,6.5,96.0,0.07899999999999999,0.11714285714285722
2025,16,Bijan Robinson,ATL,ARI,RB1,rec_yds,41.56,92,2.214,5.0,6.5,96.0,0.07899999999999999,0.11714285714285722
2025,16,Bijan Robinson,ATL,ARI,RB1,td,0.72,1,1.385,9.5,6.5,96.0,0.07899999999999999,0.11714285714285722
2025,16,Kyle Pitts,ATL,ARI,TE1,rec_yds,49.06,57,1.162,14.0,13.83,103.0,0.07899999999999999,0.08499999999999996
2025,16,Kyle Pitts,ATL,ARI,TE1,td,0.25,1,4.0,12.5,13.83,103.0,0.07899999999999999,0.08499999999999996
2025,16,Drake London,ATL,ARI,WR1,rec_yds,89.96,27,0.3,5.0,9.17,107.0,0.07899999999999999,0.0011111111111111738
2025,16,Drake London,ATL,ARI,WR1,td,0.58,0,0.0,13.0,9.17,107.0,0.07899999999999999,0.0011111111111111738
2025,16,Darnell Mooney,ATL,ARI,WR2,rec_yds,38.12,24,0.63,23.0,18.33,95.0,0.07899999999999999,0.08166666666666667
2025,16,David Sills V,ATL,ARI,WR3,td,0.22,0,0.0,24.0,28.33,98.0,0.07899999999999999,0.2255555555555555
2025,16,Jacoby Brissett,ARI,ATL,QB1,pass_yds,215.24,203,0.943,19.0,12.5,102.0,-0.006,0.18181818181818177
2025,16,Jacoby Brissett,ARI,ATL,QB1,pass_td,1.31,1,0.763,3.5,12.5,102.0,-0.006,0.18181818181818177
2025,16,Michael Carter,ARI,ATL,RB1,rush_yds,24.91,65,2.609,13.0,13.9,100.0,-0.006,0.36200000000000004
2025,16,Michael Carter,ARI,ATL,RB1,rec_yds,22.65,0,0.0,16.5,13.9,100.0,-0.006,0.36200000000000004
2025,16,Emari Demercado,ARI,ATL,RB2,rush_yds,26.25,30,1.143,19.0,15.9,97.0,-0.006,-0.13125000000000003
2025,16,Michael Wilson,ARI,ATL,WR1,rec_yds,49.92,52,1.042,13.0,9.83,95.0,-0.006,0.0514285714285716
2025,16,Michael Wilson,ARI,ATL,WR1,td,0.25,1,4.0,7.0,9.83,95.0,-0.006,0.0514285714285716
2025,16,Trey McBride,ARI,ATL,TE1,rec_yds,77.97,27,0.346,28.0,27.83,105.0,-0.006,0.01571428571428557
2025,16,Trey McBride,ARI,ATL,TE1,td,0.61,0,0.0,26.5,27.83,105.0,-0.006,0.01571428571428557
2025,16,Marvin Harrison Jr.,ARI,ATL,WR2,rec_yds,58.14,14,0.241,12.0,7.33,104.0,-0.006,-0.16100000000000014
2025,16,Marvin Harrison Jr.,ARI,ATL,WR2,td,0.39,0,0.0,3.0,7.33,104.0,-0.006,-0.16100000000000014
2025,16,Trevor Lawrence,JAX,DEN,QB1,pass_yds,224.53,279,1.243,15.0,21.4,101.0,-0.023,-0.10285714285714276
2025,16,Trevor Lawrence,JAX,DEN,QB1,pass_td,1.56,3,1.929,30.0,21.4,101.0,-0.023,-0.10285714285714276
2025,16,Travis Etienne,JAX,DEN,RB1,rush_yds,61.17,50,0.817,27.0,22.9,102.0,-0.023,0.019999999999999907
2025,16,Travis Etienne,JAX,DEN,RB1,rush_att,14.36,16,1.114,27.0,22.9,102.0,-0.023,0.019999999999999907
2025,16,Travis Etienne,JAX,DEN,RB1,td,0.67,1,1.5,17.0,22.9,102.0,-0.023,0.019999999999999907
2025,16,Jakobi Meyers,JAX,DEN,WR1,rec_yds,59.15,45,0.761,27.0,26.5,100.0,-0.023,0.023076923076923106
2025,16,Jakobi Meyers,JAX,DEN,WR1,td,0.24,0,0.0,32.0,26.5,100.0,-0.023,0.023076923076923106
2025,16,Parker Washington,JAX,DEN,WR3,rec_yds,41.34,145,3.507,10.0,15.17,96.0,-0.023,-0.17083333333333323
2025,16,Parker Washington,JAX,DEN,WR3,td,0.28,1,3.556,28.0,15.17,96.0,-0.023,-0.17083333333333323
2025,16,Brenton Strange,JAX,DEN,TE1,rec_yds,38.88,39,1.003,10.0,12.0,99.0,-0.023,0.06333333333333324
2025,16,Brian Thomas,JAX,DEN,WR2,rec_yds,62.97,18,0.286,10.0,14.17,99.0,-0.023,-0.029090909090908945
2025,16,Brian Thomas,JAX,DEN,WR2,td,0.37,0,0.0,31.5,14.17,99.0,-0.023,-0.029090909090908945
2025,16,Bo Nix,DEN,JAX,QB1,pass_yds,237.06,352,1.485,7.0,9.2,106.0,-0.043000000000000003,0.004285714285714337
2025,16,Bo Nix,DEN,JAX,QB1,pass_td,1.86,1,0.537,7.5,9.2,106.0,-0.043000000000000003,0.004285714285714337
2025,16,RJ Harvey,DEN,JAX,RB1,rush_yds,29.93,50,1.671,28.0,20.9,97.0,-0.043000000000000003,0.2971428571428572
2025,16,RJ Harvey,DEN,JAX,RB1,td,0.71,1,1.4,22.5,20.9,97.0,-0.043000000000000003,0.2971428571428572
2025,16,Marvin Mims,DEN,JAX,WR3,rec_yds,31.22,26,0.833,29.0,24.83,105.0,-0.043000000000000003,-0.05833333333333324
2025,16,Marvin Mims,DEN,JAX,WR3,td,0.31,0,0.0,28.0,24.83,105.0,-0.043000000000000003,-0.05833333333333324
2025,16,Courtland Sutton,DEN,JAX,WR1,rec_yds,65.39,86,1.315,4.0,5.0,100.0,-0.043000000000000003,0.02499999999999991
2025,16,Courtland Sutton,DEN,JAX,WR1,td,0.5,1,2.0,10.0,5.0,100.0,-0.043000000000000003,0.02499999999999991
2025,16,Troy Franklin,DEN,JAX,WR2,rec_yds,38.33,66,1.722,8.0,13.0,107.0,-0.043000000000000003,-0.12071428571428577
2025,16,Troy Franklin,DEN,JAX,WR2,td,0.36,0,0.0,18.0,13.0,107.0,-0.043000000000000003,-0.12071428571428577
2025,16,Evan Engram,DEN,JAX,TE1,rec_yds,31.71,36,1.135,5.0,5.5,102.0,-0.043000000000000003,-0.15076923076923088
2025,16,Aaron Rodgers,PIT,DET,QB1,pass_yds,205.24,266,1.296,5.0,7.1,101.0,0.039,0.05307692307692302
2025,16,Aaron Rodgers,PIT,DET,QB1,pass_td,1.68,1,0.596,11.0,7.1,101.0,0.039,0.05307692307692302
2025,16,Jaylen Warren,PIT,DET,RB1,rush_yds,48.94,143,2.922,29.0,26.2,102.0,0.039,-0.08384615384615385
2025,16,Jaylen Warren,PIT,DET,RB1,rush_att,11.97,14,1.17,29.0,26.2,102.0,0.039,-0.08384615384615385
2025,16,Jaylen Warren,PIT,DET,RB1,rec_yds,23.47,8,0.341,23.0,26.2,102.0,0.039,-0.08384615384615385
2025,16,Jaylen Warren,PIT,DET,RB1,td,0.38,2,5.231,25.0,26.2,102.0,0.039,-0.08384615384615385
2025,16,Kenneth Gainwell,PIT,DET,RB2,rush_yds,29.67,50,1.685,28.0,27.4,99.0,0.039,0.05214285714285721
2025,16,Kenneth Gainwell,PIT,DET,RB2,td,0.36,1,2.769,21.0,27.4,99.0,0.039,0.05214285714285721
2025,16,Jonnu Smith,PIT,DET,TE1,rec_yds,26.14,0,0.0,15.0,15.67,99.0,0.039,-0.2621428571428572
2025,16,Jonnu Smith,PIT,DET,TE1,td,0.36,0,0.0,9.0,15.67,99.0,0.039,-0.2621428571428572
2025,16,Adam Thielen,PIT,DET,WR3,rec_yds,23.53,49,2.082,1.0,2.33,96.0,0.039,0.21000000000000002
2025,16,Adam Thielen,PIT,DET,WR3,td,0.17,0,0.0,5.0,2.33,96.0,0.039,0.21000000000000002
2025,16,D.K. Metcalf,PIT,DET,WR1,rec_yds,56.67,42,0.741,9.0,7.0,100.0,0.039,-0.08214285714285696
2025,16,D.K. Metcalf,PIT,DET,WR1,td,0.44,0,0.0,4.0,7.0,100.0,0.039,-0.08214285714285696
2025,16,Calvin Austin III,PIT,DET,WR2,rec_yds,27.78,8,0.288,7.0,12.33,99.0,0.039,-0.29999999999999993
2025,16,Calvin Austin III,PIT,DET,WR2,td,0.19,0,0.0,21.0,12.33,99.0,0.039,-0.29999999999999993
2025,16,Jared Goff,DET,PIT,QB1,pass_yds,274.81,364,1.325,4.0,11.8,102.0,0.095,0.017857142857142905
2025,16,Jared Goff,DET,PIT,QB1,pass_td,2.19,3,1.367,15.5,11.8,102.0,0.095,0.017857142857142905
2025,16,David Montgomery,DET,PIT,RB2,rush_yds,46.19,14,0.303,24.0,20.5,97.0,0.095,-0.10285714285714281
2025,16,David Montgomery,DET,PIT,RB2,rush_att,10.36,4,0.386,24.0,20.5,97.0,0.095,-0.10285714285714281
2025,16,David Montgomery,DET,PIT,RB2,td,0.61,0,0.0,25.5,20.5,97.0,0.095,-0.10285714285714281
2025,16,Jahmyr Gibbs,DET,PIT,RB1,rush_yds,80.14,2,0.025,9.0,14.8,100.0,0.095,0.1578571428571427
2025,16,Jahmyr Gibbs,DET,PIT,RB1,rush_att,14.67,7,0.477,9.0,14.8,100.0,0.095,0.1578571428571427
2025,16,Jahmyr Gibbs,DET,PIT,RB1,rec_yds,36.19,66,1.823,8.0,14.8,100.0,0.095,0.1578571428571427
2025,16,Jahmyr Gibbs,DET,PIT,RB1,td,1.22,1,0.818,29.0,14.8,100.0,0.095,0.1578571428571427
2025,16,Jameson Williams,DET,PIT,WR2,rec_yds,68.31,70,1.025,21.0,12.0,104.0,0.095,0.010000000000000009
2025,16,Jameson Williams,DET,PIT,WR2,td,0.53,0,0.0,2.0,12.0,104.0,0.095,0.010000000000000009
2025,16,Kalif Raymond,DET,PIT,WR3,rec_yds,20.31,62,3.053,2.0,10.33,118.0,0.095,-0.3011111111111111
2025,16,Amon-Ra St. Brown,DET,PIT,WR1,rec_yds,83.86,54,0.644,6.0,13.33,95.0,0.095,0.11142857142857132
2025,16,Amon-Ra St. Brown,DET,PIT,WR1,td,0.75,0,0.0,29.0,13.33,95.0,0.095,0.11142857142857132
2025,16,Geno Smith,LV,HOU,QB1,pass_yds,207.53,201,0.969,28.0,24.2,102.0,-0.301,-0.226923076923077
2025,16,Geno Smith,LV,HOU,QB1,pass_td,1.24,2,1.619,25.0,24.2,102.0,-0.301,-0.226923076923077
2025,16,Ashton Jeanty,LV,HOU,RB1,rush_yds,50.0,128,2.56,24.0,28.2,100.0,-0.301,-0.04214285714285726
2025,16,Ashton Jeanty,LV,HOU,RB1,rush_att,14.29,24,1.68,24.0,28.2,100.0,-0.301,-0.04214285714285726
2025,16,Ashton Jeanty,LV,HOU,RB1,td,0.57,2,3.5,28.0,28.2,100.0,-0.301,-0.04214285714285726
2025,16,Tre Tucker,LV,HOU,WR1,rec_yds,39.72,43,1.083,20.0,24.33,95.0,-0.301,-0.008571428571428452
2025,16,Tre Tucker,LV,HOU,WR1,td,0.33,0,0.0,27.0,24.33,95.0,-0.301,-0.008571428571428452
2025,16,Brock Bowers,LV,HOU,TE1,rec_yds,63.6,33,0.519,29.0,22.0,105.0,-0.301,0.051818181818181874
2025,16,Brock Bowers,LV,HOU,TE1,td,0.5,1,2.0,6.0,22.0,105.0,-0.301,0.051818181818181874
2025,16,C.J. Stroud,HOU,LV,QB1,pass_yds,215.67,187,0.867,16.0,15.9,106.0,0.016,0.07999999999999996
2025,16,C.J. Stroud,HOU,LV,QB1,pass_td,1.3,1,0.769,10.0,15.9,106.0,0.016,0.07999999999999996
2025,16,Nick Chubb,HOU,LV,RB1,rush_yds,37.53,33,0.879,16.0,17.6,97.0,0.016,-0.23076923076923084
2025,16,Nick Chubb,HOU,LV,RB1,td,0.29,0,0.0,11.0,17.6,97.0,0.016,-0.23076923076923084
2025,16,Nico Collins,HOU,LV,WR1,rec_yds,74.09,59,0.796,26.0,21.5,100.0,0.016,-0.04692307692307707
2025,16,Nico Collins,HOU,LV,WR1,td,0.56,0,0.0,8.5,21.5,100.0,0.016,-0.04692307692307707
2025,16,Christian Kirk,HOU,LV,WR3,rec_yds,32.79,37,1.128,16.0,11.17,105.0,0.016,-0.13375000000000004
2025,16,Dalton Schultz,HOU,LV,TE1,rec_yds,44.11,35,0.793,20.0,17.33,102.0,0.016,0.07357142857142851
2025,16,Dalton Schultz,HOU,LV,TE1,td,0.17,1,6.0,9.0,17.33,102.0,0.016,0.07357142857142851
2025,16,Jayden Higgins,HOU,LV,WR2,rec_yds,28.36,17,0.599,13.0,17.33,107.0,0.016,0.15642857142857147
2025,16,Jayden Higgins,HOU,LV,WR2,td,0.29,0,0.0,28.0,17.33,107.0,0.016,0.15642857142857147
2025,16,Drake Maye,NE,BAL,QB1,pass_yds,240.0,380,1.583,6.0,15.9,106.0,0.18,0.01928571428571424
2025,16,Drake Maye,NE,BAL,QB1,pass_td,1.53,2,1.309,22.0,15.9,106.0,0.18,0.01928571428571424
2025,16,Rhamondre Stevenson,NE,BAL,RB2,rush_yds,37.57,51,1.358,6.0,10.4,106.0,0.18,0.07727272727272738
2025,16,Rhamondre Stevenson,NE,BAL,RB2,rush_att,10.57,8,0.757,6.0,10.4,106.0,0.18,0.07727272727272738
2025,16,Rhamondre Stevenson,NE,BAL,RB2,td,0.3,1,3.333,8.0,10.4,106.0,0.18,0.07727272727272738
2025,16,TreVeyon Henderson,NE,BAL,RB1,rush_yds,55.21,3,0.054,32.0,17.5,97.0,0.18,0.002857142857142836
2025,16,TreVeyon Henderson,NE,BAL,RB1,rush_att,10.21,5,0.49,32.0,17.5,97.0,0.18,0.002857142857142836
2025,16,TreVeyon Henderson,NE,BAL,RB1,td,0.57,0,0.0,26.5,17.5,97.0,0.18,0.002857142857142836
2025,16,Stefon Diggs,NE,BAL,WR1,rec_yds,54.39,138,2.537,1.0,7.17,100.0,0.18,-0.0407142857142857
2025,16,Stefon Diggs,NE,BAL,WR1,td,0.28,0,0.0,18.5,7.17,100.0,0.18,-0.0407142857142857
2025,16,Mack Hollins,NE,BAL,WR2,rec_yds,36.15,69,1.909,24.0,21.5,107.0,0.18,0.10384615384615403
2025,16,Mack Hollins,NE,BAL,WR2,td,0.18,0,0.0,13.5,21.5,107.0,0.18,0.10384615384615403
2025,16,Hunter Henry,NE,BAL,TE1,rec_yds,43.67,35,0.802,24.0,26.5,102.0,0.18,0.05142857142857149
2025,16,Hunter Henry,NE,BAL,TE1,td,0.31,1,3.273,29.5,26.5,102.0,0.18,0.05142857142857149
2025,16,Kayshon Boutte,NE,BAL,WR3,rec_yds,44.0,16,0.364,8.0,6.33,105.0,0.18,0.0591666666666667
2025,16,Kayshon Boutte,NE,BAL,WR3,td,0.44,0,0.0,7.0,6.33,105.0,0.18,0.0591666666666667
2025,16,Lamar Jackson,BAL,NE,QB1,pass_yds,207.1,101,0.488,24.0,21.3,102.0,-0.0040000000000000036,-0.07636363636363652
2025,16,Lamar Jackson,BAL,NE,QB1,pass_td,1.9,0,0.0,7.5,21.3,102.0,-0.0040000000000000036,-0.07636363636363652
2025,16,Derrick Henry,BAL,NE,RB1,rush_yds,86.64,128,1.477,25.0,17.0,100.0,-0.0040000000000000036,-0.16500000000000004
2025,16,Derrick Henry,BAL,NE,RB1,rush_att,17.31,18,1.04,25.0,17.0,100.0,-0.0040000000000000036,-0.16500000000000004
2025,16,Derrick Henry,BAL,NE,RB1,td,0.69,2,2.88,17.0,17.0,100.0,-0.0040000000000000036,-0.16500000000000004
2025,16,Zay Flowers,BAL,NE,WR1,rec_yds,64.53,84,1.302,15.0,16.0,95.0,-0.0040000000000000036,-0.08785714285714274
2025,16,Keaton Mitchell,BAL,NE,RB2,rush_yds,31.0,13,0.419,18.0,24.9,97.0,-0.0040000000000000036,0.21555555555555558
2025,16,Mark Andrews,BAL,NE,TE1,rec_yds,30.61,21,0.686,16.0,19.83,105.0,-0.0040000000000000036,-0.2364285714285715
2025,16,Mark Andrews,BAL,NE,TE1,td,0.53,0,0.0,26.5,19.83,105.0,-0.0040000000000000036,-0.2364285714285715
2025,16,DeAndre Hopkins,BAL,NE,WR3,rec_yds,25.0,41,1.64,21.0,14.33,118.0,-0.0040000000000000036,-0.01928571428571435
2025,16,DeAndre Hopkins,BAL,NE,WR3,td,0.17,0,0.0,2.5,14.33,118.0,-0.0040000000000000036,-0.01928571428571435
2025,16,Rashod Bateman,BAL,NE,WR2,rec_yds,25.6,0,0.0,27.0,21.67,104.0,-0.0040000000000000036,0.15181818181818185
2025,16,Rashod Bateman,BAL,NE,WR2,td,0.33,0,0.0,13.5,21.67,104.0,-0.0040000000000000036,0.15181818181818185
2025,16,Christian McCaffrey,SF,IND,RB1,rush_yds,63.94,117,1.83,21.0,21.2,100.0,0.106,0.009999999999999898
2025,16,Christian McCaffrey,SF,IND,RB1,rush_att,17.75,21,1.183,21.0,21.2,100.0,0.106,0.009999999999999898
2025,16,Christian McCaffrey,SF,IND,RB1,rec_yds,55.81,29,0.52,24.0,21.2,100.0,0.106,0.009999999999999898
2025,16,Christian McCaffrey,SF,IND,RB1,td,0.88,2,2.286,20.0,21.2,100.0,0.106,0.009999999999999898
2025,16,Brian Robinson Jr.,SF,IND,RB2,rush_yds,32.38,20,0.618,17.0,14.5,97.0,0.106,-0.021538461538461562
2025,16,Brian Robinson Jr.,SF,IND,RB2,td,0.18,0,0.0,8.0,14.5,97.0,0.106,-0.021538461538461562
2025,16,George Kittle,SF,IND,TE1,rec_yds,60.42,115,1.903,6.0,14.83,105.0,0.106,0.14222222222222214
2025,16,George Kittle,SF,IND,TE1,td,0.54,1,1.857,26.5,14.83,105.0,0.106,0.14222222222222214
2025,16,Jauan Jennings,SF,IND,WR1,rec_yds,45.88,71,1.548,10.0,14.83,95.0,0.106,0.0008333333333333526
2025,16,Jauan Jennings,SF,IND,WR1,td,0.53,1,1.882,18.5,14.83,95.0,0.106,0.0008333333333333526
2025,16,Kendrick Bourne,SF,IND,WR2,rec_yds,42.47,27,0.636,5.0,12.33,104.0,0.106,-0.21000000000000002
2025,16,Mac Jones,SF,IND,QB1,pass_yds,212.36,0,0.0,3.0,17.6,102.0,0.106,-0.7530000000000001
2025,16,Mac Jones,SF,IND,QB1,pass_td,1.21,0,0.0,23.5,17.6,102.0,0.106,-0.7530000000000001
2025,16,Jonathan Taylor,IND,SF,RB1,rush_yds,105.97,46,0.434,14.0,8.1,97.0,0.14600000000000002,0.010714285714285676
2025,16,Jonathan Taylor,IND,SF,RB1,rush_att,20.61,16,0.776,14.0,8.1,97.0,0.14600000000000002,0.010714285714285676
2025,16,Jonathan Taylor,IND,SF,RB1,td,1.19,1,0.837,4.5,8.1,97.0,0.14600000000000002,0.010714285714285676
2025,16,Josh Downs,IND,SF,WR2,rec_yds,37.18,65,1.748,11.0,10.17,107.0,0.14600000000000002,0.1530769230769231
2025,16,Josh Downs,IND,SF,WR2,td,0.29,0,0.0,9.5,10.17,107.0,0.14600000000000002,0.1530769230769231
2025,16,Alec Pierce,IND,SF,WR3,rec_yds,62.5,86,1.376,19.0,22.17,105.0,0.14600000000000002,0.13916666666666666
2025,16,Alec Pierce,IND,SF,WR3,td,0.25,2,8.0,19.0,22.17,105.0,0.14600000000000002,0.13916666666666666
2025,16,Michael Pittman Jr.,IND,SF,WR1,rec_yds,52.94,32,0.604,24.0,20.83,100.0,0.14600000000000002,0.08285714285714296
2025,16,Michael Pittman Jr.,IND,SF,WR1,td,0.42,0,0.0,25.5,20.83,100.0,0.14600000000000002,0.08285714285714296
2025,16,Tyler Warren,IND,SF,TE1,rec_yds,51.29,30,0.585,21.0,15.83,102.0,0.14600000000000002,-0.015000000000000013
2025,16,Tyler Warren,IND,SF,TE1,td,0.36,0,0.0,12.5,15.83,102.0,0.14600000000000002,-0.015000000000000013
2025,16,Ameer Abdullah,IND,SF,RB2,td,0.23,0,0.0,29.5,14.3,106.0,0.14600000000000002,0.11111111111111112
2025,17,Dak Prescott,DAL,WAS,QB1,pass_yds,271.79,307,1.13,10.0,12.5,102.0,0.263,-0.06666666666666665
2025,17,Dak Prescott,DAL,WAS,QB1,pass_td,1.76,2,1.134,3.0,12.5,102.0,0.263,-0.06666666666666665
2025,17,Malik Davis,DAL,WAS,RB2,td,0.25,0,0.0,21.0,19.1,97.0,0.263,0.14375000000000002
2025,17,Javonte Williams,DAL,WAS,RB1,rush_yds,63.68,54,0.848,4.0,10.3,100.0,0.263,-0.14800000000000002
2025,17,Javonte Williams,DAL,WAS,RB1,rush_att,13.55,13,0.959,4.0,10.3,100.0,0.263,-0.14800000000000002
2025,17,Javonte Williams,DAL,WAS,RB1,td,0.68,1,1.462,2.0,10.3,100.0,0.263,-0.14800000000000002
2025,17,KaVontae Turpin,DAL,WAS,WR3,rec_yds,25.26,86,3.404,23.0,20.17,118.0,0.263,-0.07384615384615378
2025,17,George Pickens,DAL,WAS,WR1,rec_yds,84.76,78,0.92,15.0,19.83,95.0,0.263,0.048666666666666636
2025,17,George Pickens,DAL,WAS,WR1,td,0.55,0,0.0,23.5,19.83,95.0,0.263,0.048666666666666636
2025,17,CeeDee Lamb,DAL,WAS,WR2,rec_yds,87.83,46,0.524,3.0,1.67,104.0,0.263,0.060909090909091024
2025,17,CeeDee Lamb,DAL,WAS,WR2,td,0.27,0,0.0,1.0,1.67,104.0,0.263,0.060909090909091024
2025,17,Jake Ferguson,DAL,WAS,TE1,rec_yds,37.08,6,0.162,16.0,15.0,105.0,0.263,-0.006666666666666821
2025,17,Jake Ferguson,DAL,WAS,TE1,td,0.37,1,2.714,4.0,15.0,105.0,0.263,-0.006666666666666821
2025,17,Jacory Croskey-Merritt,WAS,DAL,RB1,rush_yds,44.73,105,2.347,24.0,11.3,97.0,0.196,-0.18066666666666664
2025,17,Jacory Croskey-Merritt,WAS,DAL,RB1,rush_att,10.07,11,1.093,24.0,11.3,97.0,0.196,-0.18066666666666664
2025,17,Jacory Croskey-Merritt,WAS,DAL,RB1,td,0.4,2,5.0,17.0,11.3,97.0,0.196,-0.18066666666666664
2025,17,Deebo Samuel,WAS,DAL,WR1,rec_yds,42.83,68,1.588,17.0,13.5,100.0,0.196,0.09357142857142864
2025,17,Deebo Samuel,WAS,DAL,WR1,td,0.39,0,0.0,1.0,13.5,100.0,0.196,0.09357142857142864
2025,17,Terry McLaurin,WAS,DAL,WR2,rec_yds,59.25,63,1.063,1.0,4.17,107.0,0.196,0.1449999999999999
2025,17,Terry McLaurin,WAS,DAL,WR2,td,0.54,0,0.0,9.0,4.17,107.0,0.196,0.1449999999999999
2025,17,Ben Sinnott,WAS,DAL,TE1,td,0.19,0,0.0,11.5,15.83,102.0,0.196,0.3316666666666666
2025,17,Chris Moore,WAS,DAL,WR3,rec_yds,27.43,15,0.547,6.0,5.67,105.0,0.196,0.1885714285714285
2025,17,Jared Goff,DET,MIN,QB1,pass_yds,279.5,197,0.705,27.0,29.1,86.0,-0.013000000000000012,0.01666666666666672
2025,17,Jared Goff,DET,MIN,QB1,pass_td,2.24,1,0.447,30.5,29.1,86.0,-0.013000000000000012,0.01666666666666672
2025,17,Jahmyr Gibbs,DET,MIN,RB1,rush_yds,76.03,41,0.539,7.0,21.4,97.0,-0.013000000000000012,0.19399999999999984
2025,17,Jahmyr Gibbs,DET,MIN,RB1,rush_att,14.26,17,1.192,7.0,21.4,97.0,-0.013000000000000012,0.19399999999999984
2025,17,Jahmyr Gibbs,DET,MIN,RB1,rec_yds,37.76,23,0.609,32.0,21.4,97.0,-0.013000000000000012,0.19399999999999984
2025,17,Jahmyr Gibbs,DET,MIN,RB1,td,1.21,0,0.0,25.5,21.4,97.0,-0.013000000000000012,0.19399999999999984
2025,17,David Montgomery,DET,MIN,RB2,rush_yds,44.5,25,0.562,19.0,22.1,97.0,-0.013000000000000012,-0.1893333333333333
2025,17,David Montgomery,DET,MIN,RB2,rush_att,10.03,10,0.997,19.0,22.1,97.0,-0.013000000000000012,-0.1893333333333333
2025,17,David Montgomery,DET,MIN,RB2,td,0.58,0,0.0,12.5,22.1,97.0,-0.013000000000000012,-0.1893333333333333
2025,17,Amon-Ra St. Brown,DET,MIN,WR1,rec_yds,82.29,68,0.826,24.0,26.0,93.0,-0.013000000000000012,0.12266666666666659
2025,17,Amon-Ra St. Brown,DET,MIN,WR1,td,0.71,0,0.0,26.0,26.0,93.0,-0.013000000000000012,0.12266666666666659
2025,17,Jameson Williams,DET,MIN,WR2,rec_yds,68.39,37,0.541,5.0,10.0,96.0,-0.013000000000000012,0.046666666666666745
2025,17,Jameson Williams,DET,MIN,WR2,td,0.5,0,0.0,18.0,10.0,96.0,-0.013000000000000012,0.046666666666666745
2025,17,Kalif Raymond,DET,MIN,WR3,rec_yds,23.29,5,0.215,11.0,14.17,91.0,-0.013000000000000012,-0.19
2025,17,Max Brosmer,MIN,DET,QB1,pass_yds,44.0,51,1.159,7.0,9.1,101.0,-0.083,0.11599999999999999
2025,17,Jordan Addison,MIN,DET,WR2,rec_yds,55.66,0,0.0,8.0,13.17,99.0,-0.083,-0.1808333333333334
2025,17,Jordan Addison,MIN,DET,WR2,td,0.41,1,2.462,21.5,13.17,99.0,-0.083,-0.1808333333333334
2025,17,Aaron Jones,MIN,DET,RB1,rush_yds,49.17,53,1.078,26.0,25.0,102.0,-0.083,0.09818181818181815
2025,17,Aaron Jones,MIN,DET,RB1,rush_att,11.37,18,1.584,26.0,25.0,102.0,-0.083,0.09818181818181815
2025,17,Aaron Jones,MIN,DET,RB1,td,0.27,1,3.75,21.0,25.0,102.0,-0.083,0.09818181818181815
2025,17,Justin Jefferson,MIN,DET,WR1,rec_yds,66.74,30,0.45,11.0,7.83,100.0,-0.083,-0.0013333333333336306
2025,17,Justin Jefferson,MIN,DET,WR1,td,0.24,0,0.0,4.5,7.83,100.0,-0.083,-0.0013333333333336306
2025,17,Josh Oliver,MIN,DET,TE1,td,0.36,0,0.0,11.5,18.67,99.0,-0.083,0.052000000000000046
2025,17,Jalen Nailor,MIN,DET,WR3,rec_yds,25.47,0,0.0,1.0,2.5,96.0,-0.083,-0.041999999999999815
2025,17,Jalen Nailor,MIN,DET,WR3,td,0.26,0,0.0,5.5,2.5,96.0,-0.083,-0.041999999999999815
2025,17,Bo Nix,DEN,KC,QB1,pass_yds,243.11,182,0.749,22.0,16.6,95.0,0.03,0.0040000000000000036
2025,17,Bo Nix,DEN,KC,QB1,pass_td,1.82,1,0.551,28.0,16.6,95.0,0.03,0.0040000000000000036
2025,17,RJ Harvey,DEN,KC,RB1,rush_yds,31.27,43,1.375,31.0,29.8,96.0,0.03,0.19333333333333336
2025,17,RJ Harvey,DEN,KC,RB1,rec_yds,21.2,33,1.557,29.0,29.8,96.0,0.03,0.19333333333333336
2025,17,RJ Harvey,DEN,KC,RB1,td,0.73,1,1.364,30.0,29.8,96.0,0.03,0.19333333333333336
2025,17,Jaleel McLaughlin,DEN,KC,RB2,rush_yds,25.5,40,1.569,22.0,19.3,103.0,0.03,0.009999999999999981
2025,17,Courtland Sutton,DEN,KC,WR1,rec_yds,66.47,40,0.602,23.0,21.83,107.0,0.03,0.07933333333333326
2025,17,Courtland Sutton,DEN,KC,WR1,td,0.53,0,0.0,31.0,21.83,107.0,0.03,0.07933333333333326
2025,17,Evan Engram,DEN,KC,TE1,rec_yds,31.94,21,0.657,7.0,12.5,103.0,0.03,0.008571428571428452
2025,17,Troy Franklin,DEN,KC,WR2,rec_yds,39.79,17,0.427,16.0,19.17,95.0,0.03,0.017999999999999905
2025,17,Troy Franklin,DEN,KC,WR2,td,0.34,0,0.0,21.5,19.17,95.0,0.03,0.017999999999999905
2025,17,Marvin Mims,DEN,KC,WR3,rec_yds,30.91,10,0.324,26.0,17.17,98.0,0.03,-0.04461538461538456
2025,17,Marvin Mims,DEN,KC,WR3,td,0.29,0,0.0,5.5,17.17,98.0,0.03,-0.04461538461538456
2025,17,Chris Oladokun,KC,DEN,QB1,pass_yds,74.0,66,0.892,13.0,19.4,101.0,-0.017,
2025,17,Kareem Hunt,KC,DEN,RB1,rush_yds,37.68,38,1.008,28.0,22.8,102.0,-0.017,-0.22999999999999998
2025,17,Kareem Hunt,KC,DEN,RB1,rush_att,10.29,7,0.68,28.0,22.8,102.0,-0.017,-0.22999999999999998
2025,17,Kareem Hunt,KC,DEN,RB1,td,0.53,0,0.0,17.0,22.8,102.0,-0.017,-0.22999999999999998
2025,17,Isiah Pacheco,KC,DEN,RB2,rush_yds,37.74,32,0.848,30.0,29.1,99.0,-0.017,0.1991666666666666
2025,17,Isiah Pacheco,KC,DEN,RB2,td,0.16,0,0.0,23.5,29.1,99.0,-0.017,0.1991666666666666
2025,17,Xavier Worthy,KC,DEN,WR1,rec_yds,43.15,0,0.0,30.0,28.17,100.0,-0.017,0.14076923076923076
2025,17,Xavier Worthy,KC,DEN,WR1,td,0.18,0,0.0,32.0,28.17,100.0,-0.017,0.14076923076923076
2025,17,Travis Kelce,KC,DEN,TE1,rec_yds,52.47,36,0.686,10.0,11.0,99.0,-0.017,-0.029333333333333322
2025,17,Travis Kelce,KC,DEN,TE1,td,0.32,0,0.0,11.5,11.0,99.0,-0.017,-0.029333333333333322
2025,17,Marquise Brown,KC,DEN,WR2,rec_yds,37.43,7,0.187,11.0,15.0,99.0,-0.017,0.01928571428571424
2025,17,Marquise Brown,KC,DEN,WR2,td,0.33,0,0.0,31.5,15.0,99.0,-0.017,0.01928571428571424
2025,17,C.J. Stroud,HOU,LAC,QB1,pass_yds,213.88,244,1.141,29.0,23.2,95.0,-0.088,0.07333333333333325
2025,17,C.J. Stroud,HOU,LAC,QB1,pass_td,1.28,2,1.561,30.5,23.2,95.0,-0.088,0.07333333333333325
2025,17,Woody Marks,HOU,LAC,RB1,rush_yds,41.71,71,1.702,21.0,24.4,96.0,-0.088,-0.28714285714285726
2025,17,Woody Marks,HOU,LAC,RB1,rush_att,11.93,19,1.593,21.0,24.4,96.0,-0.088,-0.28714285714285726
2025,17,Woody Marks,HOU,LAC,RB1,td,0.36,0,0.0,25.5,24.4,96.0,-0.088,-0.28714285714285726
2025,17,Nick Chubb,HOU,LAC,RB2,rush_yds,37.28,1,0.027,24.0,24.2,103.0,-0.088,-0.01928571428571435
2025,17,Nick Chubb,HOU,LAC,RB2,td,0.28,0,0.0,29.0,24.2,103.0,-0.088,-0.01928571428571435
2025,17,Jayden Higgins,HOU,LAC,WR2,rec_yds,27.6,88,3.188,31.0,29.83,95.0,-0.088,-0.02199999999999991
2025,17,Jayden Higgins,HOU,LAC,WR2,td,0.27,1,3.75,31.5,29.83,95.0,-0.088,-0.02199999999999991
2025,17,Nico Collins,HOU,LAC,WR1,rec_yds,73.25,57,0.778,7.0,9.33,107.0,-0.088,0.021428571428571352
2025,17,Nico Collins,HOU,LAC,WR1,td,0.53,0,0.0,18.0,9.33,107.0,-0.088,0.021428571428571352
2025,17,Dalton Schultz,HOU,LAC,TE1,rec_yds,43.63,19,0.435,27.0,22.17,103.0,-0.088,-0.006000000000000116
2025,17,Dalton Schultz,HOU,LAC,TE1,td,0.21,0,0.0,11.5,22.17,103.0,-0.088,-0.006000000000000116
2025,17,Christian Kirk,HOU,LAC,WR3,rec_yds,33.12,1,0.03,17.0,18.33,98.0,-0.088,0.11222222222222222
2025,17,Justin Herbert,LAC,HOU,QB1,pass_yds,235.87,236,1.001,28.0,24.9,102.0,-0.124,0.03400000000000003
2025,17,Justin Herbert,LAC,HOU,QB1,pass_td,1.63,1,0.613,24.5,24.9,102.0,-0.124,0.03400000000000003
2025,17,Omarion Hampton,LAC,HOU,RB1,rush_yds,64.5,29,0.45,18.0,25.2,100.0,-0.124,-0.0625
2025,17,Omarion Hampton,LAC,HOU,RB1,rush_att,13.75,14,1.018,18.0,25.2,100.0,-0.124,-0.0625
2025,17,Omarion Hampton,LAC,HOU,RB1,rec_yds,20.12,31,1.54,23.0,25.2,100.0,-0.124,-0.0625
2025,17,Omarion Hampton,LAC,HOU,RB1,td,0.5,1,2.0,24.0,25.2,100.0,-0.124,-0.0625
2025,17,Jaret Patterson,LAC,HOU,RB2,rush_yds,32.25,1,0.031,31.0,19.7,97.0,-0.124,0.03
2025,17,Jaret Patterson,LAC,HOU,RB2,td,0.25,0,0.0,17.5,19.7,97.0,-0.124,0.03
2025,17,Quentin Johnston,LAC,HOU,WR3,rec_yds,52.47,98,1.868,15.0,20.5,118.0,-0.124,-0.21083333333333343
2025,17,Quentin Johnston,LAC,HOU,WR3,td,0.59,0,0.0,20.5,20.5,118.0,-0.124,-0.21083333333333343
2025,17,Oronde Gadsden II,LAC,HOU,TE1,rec_yds,46.85,32,0.683,29.0,21.5,105.0,-0.124,-0.04076923076923078
2025,17,Oronde Gadsden II,LAC,HOU,TE1,td,0.15,1,6.5,5.5,21.5,105.0,-0.124,-0.04076923076923078
2025,17,Ladd McConkey,LAC,HOU,WR2,rec_yds,58.55,31,0.529,26.0,26.17,104.0,-0.124,-0.01733333333333331
2025,17,Ladd McConkey,LAC,HOU,WR2,td,0.39,0,0.0,21.5,26.17,104.0,-0.124,-0.01733333333333331
2025,17,Keenan Allen,LAC,HOU,WR1,rec_yds,51.34,17,0.331,22.0,25.33,95.0,-0.124,-0.08466666666666667
2025,17,Keenan Allen,LAC,HOU,WR1,td,0.34,0,0.0,28.0,25.33,95.0,-0.124,-0.08466666666666667
2025,17,Tyler Huntley,BAL,GB,QB1,pass_yds,112.85,107,0.948,23.0,25.3,106.0,0.07999999999999999,0.03750000000000003
2025,17,Derrick Henry,BAL,GB,RB1,rush_yds,88.82,216,2.432,22.0,22.7,97.0,0.07999999999999999,-0.08866666666666673
2025,17,Derrick Henry,BAL,GB,RB1,rush_att,17.34,36,2.076,22.0,22.7,97.0,0.07999999999999999,-0.08866666666666673
2025,17,Derrick Henry,BAL,GB,RB1,td,0.76,4,5.241,27.5,22.7,97.0,0.07999999999999999,-0.08866666666666673
2025,17,Keaton Mitchell,BAL,GB,RB2,rush_yds,29.36,31,1.056,25.0,16.8,106.0,0.07999999999999999,0.15799999999999997
2025,17,Zay Flowers,BAL,GB,WR1,rec_yds,65.55,30,0.458,29.0,22.0,100.0,0.07999999999999999,0.020666666666666722
2025,17,Zay Flowers,BAL,GB,WR1,td,0.18,1,5.429,12.0,22.0,100.0,0.07999999999999999,0.020666666666666722
2025,17,Mark Andrews,BAL,GB,TE1,rec_yds,30.11,28,0.93,17.0,15.67,102.0,0.07999999999999999,-0.1926666666666667
2025,17,Mark Andrews,BAL,GB,TE1,td,0.5,0,0.0,18.5,15.67,102.0,0.07999999999999999,-0.1926666666666667
2025,17,Rashod Bateman,BAL,GB,WR2,rec_yds,24.0,7,0.292,14.0,19.0,107.0,0.07999999999999999,-0.01666666666666672
2025,17,Rashod Bateman,BAL,GB,WR2,td,0.31,0,0.0,29.0,19.0,107.0,0.07999999999999999,-0.01666666666666672
2025,17,DeAndre Hopkins,BAL,GB,WR3,rec_yds,25.84,0,0.0,4.0,4.67,105.0,0.07999999999999999,0.019333333333333258
2025,17,DeAndre Hopkins,BAL,GB,WR3,td,0.16,0,0.0,3.0,4.67,105.0,0.07999999999999999,0.019333333333333258
2025,17,Malik Willis,GB,BAL,QB1,pass_yds,68.17,288,4.225,5.0,15.3,106.0,0.147,0.35333333333333333
2025,17,Emanuel Wilson,GB,BAL,RB2,rush_yds,31.11,16,0.514,6.0,10.2,106.0,0.147,0.15214285714285714
2025,17,Emanuel Wilson,GB,BAL,RB2,td,0.25,0,0.0,6.0,10.2,106.0,0.147,0.15214285714285714
2025,17,Josh Jacobs,GB,BAL,RB1,rush_yds,67.19,3,0.045,32.0,18.6,97.0,0.147,-0.22285714285714286
2025,17,Josh Jacobs,GB,BAL,RB1,rush_att,16.75,4,0.239,32.0,18.6,97.0,0.147,-0.22285714285714286
2025,17,Josh Jacobs,GB,BAL,RB1,rec_yds,21.61,0,0.0,3.0,18.6,97.0,0.147,-0.22285714285714286
2025,17,Josh Jacobs,GB,BAL,RB1,td,1.11,0,0.0,27.5,18.6,97.0,0.147,-0.22285714285714286
2025,17,Christian Watson,GB,BAL,WR2,rec_yds,54.62,113,2.069,22.0,20.33,107.0,0.147,-0.06333333333333335
2025,17,Christian Watson,GB,BAL,WR2,td,0.38,1,2.6,14.5,20.33,107.0,0.147,-0.06333333333333335
2025,17,Romeo Doubs,GB,BAL,WR1,rec_yds,44.92,62,1.38,1.0,7.67,100.0,0.147,-0.16933333333333334
2025,17,Romeo Doubs,GB,BAL,WR1,td,0.37,0,0.0,20.0,7.67,100.0,0.147,-0.16933333333333334
2025,17,Josh Whyle,GB,BAL,TE1,td,0.19,0,0.0,27.0,24.17,102.0,0.147,-0.0050000000000000044
2025,17,Dontayvion Wicks,GB,BAL,WR3,rec_yds,27.28,7,0.257,10.0,7.67,105.0,0.147,-0.08666666666666673
2025,17,Dontayvion Wicks,GB,BAL,WR3,td,0.16,0,0.0,8.0,7.67,105.0,0.147,-0.08666666666666673
2025,17,Sam Darnold,SEA,CAR,QB1,pass_yds,252.21,147,0.583,17.0,16.4,106.0,0.099,0.043333333333333335
2025,17,Sam Darnold,SEA,CAR,QB1,pass_td,1.74,1,0.576,17.5,16.4,106.0,0.099,0.043333333333333335
2025,17,Zach Charbonnet,SEA,CAR,RB2,rush_yds,40.22,110,2.735,8.0,8.8,106.0,0.099,0.08571428571428585
2025,17,Zach Charbonnet,SEA,CAR,RB2,rush_att,10.33,18,1.742,8.0,8.8,106.0,0.099,0.08571428571428585
2025,17,Zach Charbonnet,SEA,CAR,RB2,td,0.61,2,3.273,3.0,8.8,106.0,0.099,0.08571428571428585
2025,17,Kenneth Walker III,SEA,CAR,RB1,rush_yds,56.03,51,0.91,1.0,9.6,97.0,0.099,-0.032000000000000084
2025,17,Kenneth Walker III,SEA,CAR,RB1,rush_att,13.05,15,1.149,1.0,9.6,97.0,0.099,-0.032000000000000084
2025,17,Kenneth Walker III,SEA,CAR,RB1,td,0.37,0,0.0,10.5,9.6,97.0,0.099,-0.032000000000000084
2025,17,Jaxon Smith-Njigba,SEA,CAR,WR1,rec_yds,100.95,72,0.713,2.0,5.33,100.0,0.099,0.19733333333333325
2025,17,Jaxon Smith-Njigba,SEA,CAR,WR1,td,0.61,0,0.0,7.0,5.33,100.0,0.099,0.19733333333333325
2025,17,AJ Barner,SEA,CAR,TE1,rec_yds,28.0,43,1.536,14.0,18.0,102.0,0.099,0.15733333333333344
2025,17,AJ Barner,SEA,CAR,TE1,td,0.39,1,2.533,16.0,18.0,102.0,0.099,0.15733333333333344
2025,17,Rashid Shaheed,SEA,CAR,WR2,rec_yds,44.82,8,0.179,30.0,21.17,107.0,0.099,-0.10375000000000001
2025,17,Rashid Shaheed,SEA,CAR,WR2,td,0.18,0,0.0,9.0,21.17,107.0,0.099,-0.10375000000000001
2025,17,Cooper Kupp,SEA,CAR,WR3,rec_yds,42.33,6,0.142,28.0,28.33,105.0,0.099,0.1842857142857145
2025,17,Cooper Kupp,SEA,CAR,WR3,td,0.22,0,0.0,31.0,28.33,105.0,0.099,0.1842857142857145
2025,17,Bryce Young,CAR,SEA,QB1,pass_yds,196.97,54,0.274,15.0,20.2,86.0,-0.138,0.037142857142857144
2025,17,Bryce Young,CAR,SEA,QB1,pass_td,1.5,0,0.0,24.5,20.2,86.0,-0.138,0.037142857142857144
2025,17,Rico Dowdle,CAR,SEA,RB1,rush_yds,71.55,59,0.825,30.0,21.1,97.0,-0.138,0.012666666666666604
2025,17,Rico Dowdle,CAR,SEA,RB1,rush_att,15.42,12,0.778,30.0,21.1,97.0,-0.138,0.012666666666666604
2025,17,Rico Dowdle,CAR,SEA,RB1,td,0.42,0,0.0,31.0,21.1,97.0,-0.138,0.012666666666666604
2025,17,Chuba Hubbard,CAR,SEA,RB2,rush_yds,48.12,12,0.249,15.0,11.3,97.0,-0.138,-0.05461538461538462
2025,17,Chuba Hubbard,CAR,SEA,RB2,rush_att,11.68,4,0.343,15.0,11.3,97.0,-0.138,-0.05461538461538462
2025,17,Chuba Hubbard,CAR,SEA,RB2,td,0.44,0,0.0,17.5,11.3,97.0,-0.138,-0.05461538461538462
2025,17,Jalen Coker,CAR,SEA,WR3,rec_yds,40.08,16,0.399,21.0,20.67,91.0,-0.138,0.1444444444444445
2025,17,Jalen Coker,CAR,SEA,WR3,td,0.23,0,0.0,25.0,20.67,91.0,-0.138,0.1444444444444445
2025,17,Tetairoa McMillan,CAR,SEA,WR1,rec_yds,61.6,5,0.081,18.0,13.0,93.0,-0.138,-0.0039999999999998925
2025,17,Tetairoa McMillan,CAR,SEA,WR1,td,0.47,0,0.0,12.0,13.0,93.0,-0.138,-0.0039999999999998925
2025,17,Xavier Legette,CAR,SEA,WR2,rec_yds,28.29,3,0.106,32.0,22.83,96.0,-0.138,-0.06692307692307697
2025,17,Xavier Legette,CAR,SEA,WR2,td,0.21,0,0.0,14.5,22.83,96.0,-0.138,-0.06692307692307697
2025,17,Jacoby Brissett,ARI,CIN,QB1,pass_yds,214.45,212,0.989,8.0,6.6,102.0,0.109,0.16666666666666663
2025,17,Jacoby Brissett,ARI,CIN,QB1,pass_td,1.29,2,1.55,2.0,6.6,102.0,0.109,0.16666666666666663
2025,17,Michael Carter,ARI,CIN,RB1,rush_yds,28.12,29,1.031,3.0,9.9,100.0,0.109,0.08363636363636368
2025,17,Michael Carter,ARI,CIN,RB1,rec_yds,20.84,14,0.672,17.0,9.9,100.0,0.109,0.08363636363636368
2025,17,Emari Demercado,ARI,CIN,RB2,rush_yds,26.54,11,0.414,12.0,3.5,97.0,0.109,0.07
2025,17,Michael Wilson,ARI,CIN,WR1,rec_yds,50.03,89,1.779,28.0,27.5,95.0,0.109,0.05733333333333346
2025,17,Michael Wilson,ARI,CIN,WR1,td,0.29,1,3.455,23.5,27.5,95.0,0.109,0.05733333333333346
2025,17,Trey McBride,ARI,CIN,TE1,rec_yds,75.29,76,1.009,2.0,3.0,105.0,0.109,0.051999999999999935
2025,17,Trey McBride,ARI,CIN,TE1,td,0.58,1,1.727,1.0,3.0,105.0,0.109,0.051999999999999935
2025,17,Marvin Harrison Jr.,ARI,CIN,WR2,rec_yds,55.2,0,0.0,29.0,29.33,104.0,0.109,-0.2372727272727273
2025,17,Marvin Harrison Jr.,ARI,CIN,WR2,td,0.37,0,0.0,27.0,29.33,104.0,0.109,-0.2372727272727273
2025,17,Joe Flacco,CIN,ARI,QB1,pass_yds,230.03,24,0.104,11.0,17.7,95.0,0.09799999999999999,-0.8036363636363636
2025,17,Joe Flacco,CIN,ARI,QB1,pass_td,1.45,0,0.0,19.5,17.7,95.0,0.09799999999999999,-0.8036363636363636
2025,17,Chase Brown,CIN,ARI,RB1,rush_yds,61.13,101,1.652,10.0,5.3,96.0,0.09799999999999999,-0.06666666666666654
2025,17,Chase Brown,CIN,ARI,RB1,rush_att,14.34,22,1.534,10.0,5.3,96.0,0.09799999999999999,-0.06666666666666654
2025,17,Chase Brown,CIN,ARI,RB1,rec_yds,27.82,40,1.438,4.0,5.3,96.0,0.09799999999999999,-0.06666666666666654
2025,17,Chase Brown,CIN,ARI,RB1,td,0.58,2,3.455,7.0,5.3,96.0,0.09799999999999999,-0.06666666666666654
2025,17,Samaje Perine,CIN,ARI,RB2,rush_yds,22.09,5,0.226,1.0,13.4,103.0,0.09799999999999999,0.04250000000000004
2025,17,Ja'Marr Chase,CIN,ARI,WR1,rec_yds,97.31,60,0.617,6.0,10.83,107.0,0.09799999999999999,-0.08214285714285718
2025,17,Ja'Marr Chase,CIN,ARI,WR1,td,0.56,2,3.6,16.5,10.83,107.0,0.09799999999999999,-0.08214285714285718
2025,17,Tee Higgins,CIN,ARI,WR2,rec_yds,61.53,59,0.959,24.0,19.0,95.0,0.09799999999999999,-0.2023076923076923
2025,17,Tee Higgins,CIN,ARI,WR2,td,0.82,0,0.0,25.0,19.0,95.0,0.09799999999999999,-0.2023076923076923
2025,17,Mike Gesicki,CIN,ARI,TE1,rec_yds,28.79,47,1.633,12.0,11.33,103.0,0.09799999999999999,0.04299999999999998
2025,17,Andrei Iosivas,CIN,ARI,WR3,rec_yds,30.82,41,1.33,30.0,28.67,98.0,0.09799999999999999,-0.29384615384615387
2025,17,Andrei Iosivas,CIN,ARI,WR3,td,0.18,0,0.0,25.0,28.67,98.0,0.09799999999999999,-0.29384615384615387
2025,17,Aaron Rodgers,PIT,CLE,QB1,pass_yds,208.61,168,0.805,32.0,27.3,101.0,-0.05700000000000001,0.049285714285714266
2025,17,Aaron Rodgers,PIT,CLE,QB1,pass_td,1.64,0,0.0,22.5,27.3,101.0,-0.05700000000000001,0.049285714285714266
2025,17,Jaylen Warren,PIT,CLE,RB1,rush_yds,54.17,64,1.182,15.0,18.8,102.0,-0.05700000000000001,-0.040714285714285814
2025,17,Jaylen Warren,PIT,CLE,RB1,rush_att,12.08,12,0.993,15.0,18.8,102.0,-0.05700000000000001,-0.040714285714285814
2025,17,Jaylen Warren,PIT,CLE,RB1,rec_yds,22.61,0,0.0,26.0,18.8,102.0,-0.05700000000000001,-0.040714285714285814
2025,17,Jaylen Warren,PIT,CLE,RB1,td,0.47,0,0.0,3.5,18.8,102.0,-0.05700000000000001,-0.040714285714285814
2025,17,Kenneth Gainwell,PIT,CLE,RB2,rush_yds,30.74,26,0.846,20.0,24.1,99.0,-0.05700000000000001,0.06733333333333341
2025,17,Kenneth Gainwell,PIT,CLE,RB2,td,0.39,0,0.0,32.0,24.1,99.0,-0.05700000000000001,0.06733333333333341
2025,17,Jonnu Smith,PIT,CLE,TE1,rec_yds,24.76,18,0.727,30.0,27.83,99.0,-0.05700000000000001,-0.16066666666666662
2025,17,Jonnu Smith,PIT,CLE,TE1,td,0.34,0,0.0,22.5,27.83,99.0,-0.05700000000000001,-0.16066666666666662
2025,17,Marquez Valdes-Scantling,PIT,CLE,WR2,rec_yds,23.41,21,0.897,25.0,24.0,99.0,-0.05700000000000001,0.022857142857142798
2025,17,Marquez Valdes-Scantling,PIT,CLE,WR2,td,0.27,0,0.0,18.0,24.0,99.0,-0.05700000000000001,0.022857142857142798
2025,17,Adam Thielen,PIT,CLE,WR1,rec_yds,25.12,14,0.557,32.0,24.5,100.0,-0.05700000000000001,0.05500000000000005
2025,17,Adam Thielen,PIT,CLE,WR1,td,0.16,0,0.0,9.5,24.5,100.0,-0.05700000000000001,0.05500000000000005
2025,17,Shedeur Sanders,CLE,PIT,QB1,pass_yds,183.83,186,1.012,3.0,10.1,102.0,-0.154,0.09166666666666667
2025,17,Shedeur Sanders,CLE,PIT,QB1,pass_td,1.0,1,1.0,10.5,10.1,102.0,-0.154,0.09166666666666667
2025,17,Dylan Sampson,CLE,PIT,RB1,td,0.15,0,0.0,29.0,14.0,100.0,-0.154,0.14000000000000004
2025,17,Raheim Sanders,CLE,PIT,RB2,rush_yds,22.5,21,0.933,26.0,22.2,97.0,-0.154,0.13
2025,17,Raheim Sanders,CLE,PIT,RB2,td,0.5,0,0.0,26.5,22.2,97.0,-0.154,0.13
2025,17,Jerry Jeudy,CLE,PIT,WR1,rec_yds,49.29,54,1.096,5.0,13.17,95.0,-0.154,-0.10666666666666669
2025,17,Jerry Jeudy,CLE,PIT,WR1,td,0.18,0,0.0,29.5,13.17,95.0,-0.154,-0.10666666666666669
2025,17,Cedric Tillman,CLE,PIT,WR3,rec_yds,26.64,42,1.576,2.0,7.83,118.0,-0.154,-0.18699999999999994
2025,17,Cedric Tillman,CLE,PIT,WR3,td,0.25,0,0.0,13.5,7.83,118.0,-0.154,-0.18699999999999994
2025,17,Harold Fannin,CLE,PIT,TE1,rec_yds,46.73,30,0.642,5.0,3.33,105.0,-0.154,0.06533333333333324
2025,17,Harold Fannin,CLE,PIT,TE1,td,0.4,1,2.5,2.0,3.33,105.0,-0.154,0.06533333333333324
2025,17,Isaiah Bond,CLE,PIT,WR2,rec_yds,23.77,16,0.673,18.0,10.33,104.0,-0.154,-0.01846153846153853
2025,17,Trevor Lawrence,JAX,IND,QB1,pass_yds,227.39,263,1.157,4.0,16.6,102.0,0.053,0.02533333333333343
2025,17,Trevor Lawrence,JAX,IND,QB1,pass_td,1.63,0,0.0,15.5,16.6,102.0,0.053,0.02533333333333343
2025,17,Travis Etienne,JAX,IND,RB1,rush_yds,60.58,76,1.255,17.0,19.6,100.0,0.053,0.10266666666666657
2025,17,Travis Etienne,JAX,IND,RB1,rush_att,14.45,17,1.177,17.0,19.6,100.0,0.053,0.10266666666666657
2025,17,Travis Etienne,JAX,IND,RB1,td,0.68,0,0.0,20.0,19.6,100.0,0.053,0.10266666666666657
2025,17,Brenton Strange,JAX,IND,TE1,rec_yds,38.89,54,1.388,4.0,11.5,105.0,0.053,-0.015000000000000124
2025,17,Brian Thomas,JAX,IND,WR2,rec_yds,60.16,39,0.648,4.0,12.33,104.0,0.053,-0.06333333333333335
2025,17,Brian Thomas,JAX,IND,WR2,td,0.34,0,0.0,29.0,12.33,104.0,0.053,-0.06333333333333335
2025,17,Jakobi Meyers,JAX,IND,WR1,rec_yds,58.36,39,0.668,8.0,14.0,95.0,0.053,0.012142857142857233
2025,17,Jakobi Meyers,JAX,IND,WR1,td,0.22,0,0.0,16.5,14.0,95.0,0.053,0.012142857142857233
2025,17,Parker Washington,JAX,IND,WR3,rec_yds,47.44,115,2.424,5.0,3.33,118.0,0.053,-0.05615384615384611
2025,17,Parker Washington,JAX,IND,WR3,td,0.32,0,0.0,2.0,3.33,118.0,0.053,-0.05615384615384611
2025,17,Philip Rivers,IND,JAX,QB1,pass_yds,198.5,147,0.741,6.0,8.4,106.0,0.0,-0.03500000000000003
2025,17,Philip Rivers,IND,JAX,QB1,pass_td,1.5,1,0.667,7.0,8.4,106.0,0.0,-0.03500000000000003
2025,17,Jonathan Taylor,IND,JAX,RB1,rush_yds,102.82,70,0.681,29.0,19.5,97.0,0.0,0.03799999999999992
2025,17,Jonathan Taylor,IND,JAX,RB1,rush_att,20.37,21,1.031,29.0,19.5,97.0,0.0,0.03799999999999992
2025,17,Jonathan Taylor,IND,JAX,RB1,td,1.18,1,0.844,22.5,19.5,97.0,0.0,0.03799999999999992
2025,17,Tyler Warren,IND,JAX,TE1,rec_yds,49.87,43,0.862,6.0,6.5,102.0,0.0,0.04200000000000004
2025,17,Tyler Warren,IND,JAX,TE1,td,0.33,0,0.0,5.5,6.5,102.0,0.0,0.04200000000000004
2025,17,Josh Downs,IND,JAX,WR2,rec_yds,38.72,34,0.878,7.0,12.67,107.0,0.0,0.19785714285714295
2025,17,Josh Downs,IND,JAX,WR2,td,0.28,0,0.0,18.0,12.67,107.0,0.0,0.19785714285714295
2025,17,Michael Pittman Jr.,IND,JAX,WR1,rec_yds,51.84,16,0.309,4.0,4.33,100.0,0.0,0.07733333333333348
2025,17,Michael Pittman Jr.,IND,JAX,WR1,td,0.39,0,0.0,8.0,4.33,100.0,0.0,0.07733333333333348
2025,17,Ameer Abdullah,IND,JAX,RB2,td,0.21,0,0.0,12.5,13.7,106.0,0.0,-0.04400000000000001
2025,17,Alec Pierce,IND,JAX,WR3,rec_yds,63.88,0,0.0,29.0,24.5,105.0,0.0,0.10076923076923072
2025,17,Alec Pierce,IND,JAX,WR3,td,0.35,0,0.0,28.5,24.5,105.0,0.0,0.10076923076923072
2025,17,Baker Mayfield,TB,MIA,QB1,pass_yds,221.03,346,1.565,19.0,18.5,86.0,0.088,0.03266666666666651
2025,17,Baker Mayfield,TB,MIA,QB1,pass_td,1.68,2,1.188,13.5,18.5,86.0,0.088,0.03266666666666651
2025,17,Bucky Irving,TB,MIA,RB1,rush_yds,69.62,19,0.273,12.0,11.5,97.0,0.088,-0.003750000000000031
2025,17,Bucky Irving,TB,MIA,RB1,rush_att,16.67,9,0.54,12.0,11.5,97.0,0.088,-0.003750000000000031
2025,17,Bucky Irving,TB,MIA,RB1,rec_yds,29.92,14,0.468,9.0,11.5,97.0,0.088,-0.003750000000000031
2025,17,Bucky Irving,TB,MIA,RB1,td,0.54,0,0.0,17.0,11.5,97.0,0.088,-0.003750000000000031
2025,17,Rachaad White,TB,MIA,RB2,rush_yds,37.76,10,0.265,11.0,11.6,97.0,0.088,-0.1346666666666666
2025,17,Rachaad White,TB,MIA,RB2,td,0.37,0,0.0,26.5,11.6,97.0,0.088,-0.1346666666666666
2025,17,Chris Godwin,TB,MIA,WR3,rec_yds,50.67,108,2.132,27.0,26.0,91.0,0.088,-0.0585714285714285
2025,17,Chris Godwin,TB,MIA,WR3,td,0.33,1,3.0,28.5,26.0,91.0,0.088,-0.0585714285714285
2025,17,Cade Otton,TB,MIA,TE1,rec_yds,39.03,33,0.846,8.0,9.67,89.0,0.088,0.008461538461538298
2025,17,Mike Evans,TB,MIA,WR2,rec_yds,65.0,31,0.477,27.0,20.5,96.0,0.088,0.03500000000000003
2025,17,Mike Evans,TB,MIA,WR2,td,0.5,1,2.0,4.5,20.5,96.0,0.088,0.03500000000000003
2025,17,Emeka Egbuka,TB,MIA,WR1,rec_yds,60.67,20,0.33,31.0,25.0,93.0,0.088,-0.2426666666666667
2025,17,Emeka Egbuka,TB,MIA,WR1,td,0.4,0,0.0,20.0,25.0,93.0,0.088,-0.2426666666666667
2025,17,Quinn Ewers,MIA,TB,QB1,pass_yds,156.5,172,1.099,1.0,3.3,106.0,-0.009,0.395
2025,17,De'Von Achane,MIA,TB,RB1,rush_yds,78.53,83,1.057,27.0,13.4,97.0,-0.009,-0.04400000000000015
2025,17,De'Von Achane,MIA,TB,RB1,rush_att,14.16,18,1.271,27.0,13.4,97.0,-0.009,-0.04400000000000015
2025,17,De'Von Achane,MIA,TB,RB1,rec_yds,31.39,29,0.924,1.0,13.4,97.0,-0.009,-0.04400000000000015
2025,17,De'Von Achane,MIA,TB,RB1,td,0.82,0,0.0,17.0,13.4,97.0,-0.009,-0.04400000000000015
2025,17,Jaylen Wright,MIA,TB,RB2,rush_yds,22.5,56,2.489,32.0,17.3,106.0,-0.009,0.11285714285714285
2025,17,Jaylen Wright,MIA,TB,RB2,td,0.18,0,0.0,23.5,17.3,106.0,-0.009,0.11285714285714285
2025,17,Jaylen Waddle,MIA,TB,WR1,rec_yds,59.21,0,0.0,21.0,20.33,100.0,-0.009,-0.10133333333333328
2025,17,Jaylen Waddle,MIA,TB,WR1,td,0.37,0,0.0,26.0,20.33,100.0,-0.009,-0.10133333333333328
2025,17,Malik Washington,MIA,TB,WR2,rec_yds,21.13,4,0.189,6.0,6.67,107.0,-0.009,-0.026666666666666616
2025,17,Malik Washington,MIA,TB,WR2,td,0.16,0,0.0,9.0,6.67,107.0,-0.009,-0.026666666666666616
2025,17,Darren Waller,MIA,TB,TE1,rec_yds,40.43,0,0.0,3.0,2.33,102.0,-0.009,0.005714285714285727
2025,17,Darren Waller,MIA,TB,TE1,td,0.86,0,0.0,3.0,2.33,102.0,-0.009,0.005714285714285727
2025,17,Tyler Shough,NO,TEN,QB1,pass_yds,199.11,333,1.672,20.0,11.4,95.0,0.024999999999999994,0.17000000000000004
2025,17,Tyler Shough,NO,TEN,QB1,pass_td,0.78,2,2.571,8.0,11.4,95.0,0.024999999999999994,0.17000000000000004
2025,17,Audric Estime,NO,TEN,RB1,rush_yds,21.21,94,4.431,23.0,21.9,96.0,0.024999999999999994,0.21000000000000002
2025,17,Chris Olave,NO,TEN,WR1,rec_yds,65.47,119,1.818,10.0,9.5,107.0,0.024999999999999994,-0.058666666666666645
2025,17,Chris Olave,NO,TEN,WR1,td,0.45,1,2.235,3.0,9.5,107.0,0.024999999999999994,-0.058666666666666645
2025,17,Juwan Johnson,NO,TEN,TE1,rec_yds,47.08,95,2.018,13.0,16.83,103.0,0.024999999999999994,-0.10199999999999998
2025,17,Juwan Johnson,NO,TEN,TE1,td,0.21,0,0.0,22.5,16.83,103.0,0.024999999999999994,-0.10199999999999998
2025,17,Cam Ward,TEN,NO,QB1,pass_yds,191.07,251,1.314,26.0,22.6,106.0,-0.196,0.0
2025,17,Cam Ward,TEN,NO,QB1,pass_td,0.87,2,2.308,26.0,22.6,106.0,-0.196,0.0
2025,17,Tony Pollard,TEN,NO,RB1,rush_yds,61.97,85,1.372,9.0,13.6,97.0,-0.196,-0.08266666666666667
2025,17,Tony Pollard,TEN,NO,RB1,rush_att,14.16,18,1.271,9.0,13.6,97.0,-0.196,-0.08266666666666667
2025,17,Tony Pollard,TEN,NO,RB1,td,0.32,0,0.0,6.0,13.6,97.0,-0.196,-0.08266666666666667
2025,17,Chimere Dike,TEN,NO,WR2,rec_yds,22.73,55,2.419,20.0,17.5,107.0,-0.196,0.018000000000000016
2025,17,Chimere Dike,TEN,NO,WR2,td,0.27,0,0.0,6.5,17.5,107.0,-0.196,0.018000000000000016
2025,17,Tyjae Spears,TEN,NO,RB2,rush_yds,25.03,2,0.08,2.0,17.3,106.0,-0.196,0.017272727272727273
2025,17,Tyjae Spears,TEN,NO,RB2,td,0.27,0,0.0,17.5,17.3,106.0,-0.196,0.017272727272727273
2025,17,Chig Okonkwo,TEN,NO,TE1,rec_yds,34.89,55,1.576,22.0,21.17,102.0,-0.196,-0.1846666666666666
2025,17,Van Jefferson,TEN,NO,WR3,rec_yds,21.91,46,2.099,8.0,8.83,105.0,-0.196,0.006153846153846176
2025,17,Elic Ayomanor,TEN,NO,WR1,rec_yds,30.57,37,1.21,20.0,21.0,100.0,-0.196,-0.23571428571428565
2025,17,Elic Ayomanor,TEN,NO,WR1,td,0.21,1,4.667,14.0,21.0,100.0,-0.196,-0.23571428571428565
2025,17,Drake Maye,NE,NYJ,QB1,pass_yds,247.37,256,1.035,25.0,18.3,101.0,0.304,0.018000000000000016
2025,17,Drake Maye,NE,NYJ,QB1,pass_td,1.55,5,3.22,19.5,18.3,101.0,0.304,0.018000000000000016
2025,17,TreVeyon Henderson,NE,NYJ,RB1,rush_yds,51.73,82,1.585,5.0,11.3,102.0,0.304,-0.268
2025,17,TreVeyon Henderson,NE,NYJ,RB1,td,0.53,0,0.0,1.0,11.3,102.0,0.304,-0.268
2025,17,Rhamondre Stevenson,NE,NYJ,RB2,rush_yds,38.41,47,1.224,27.0,22.0,99.0,0.304,0.22666666666666668
2025,17,Rhamondre Stevenson,NE,NYJ,RB2,rush_att,10.41,8,0.769,27.0,22.0,99.0,0.304,0.22666666666666668
2025,17,Rhamondre Stevenson,NE,NYJ,RB2,td,0.34,2,5.818,17.5,22.0,99.0,0.304,0.22666666666666668
2025,17,Stefon Diggs,NE,NYJ,WR1,rec_yds,58.79,101,1.718,14.0,14.5,100.0,0.304,0.04599999999999993
2025,17,Stefon Diggs,NE,NYJ,WR1,td,0.26,1,3.8,12.0,14.5,100.0,0.304,0.04599999999999993
2025,17,Hunter Henry,NE,NYJ,TE1,rec_yds,43.21,49,1.134,25.0,19.5,99.0,0.304,-0.007999999999999896
2025,17,Hunter Henry,NE,NYJ,TE1,td,0.34,1,2.923,16.0,19.5,99.0,0.304,-0.007999999999999896
2025,17,Kyle Williams,NE,NYJ,WR3,td,0.27,0,0.0,25.0,23.67,96.0,0.304,0.0827272727272727
2025,17,DeMario Douglas,NE,NYJ,WR2,rec_yds,31.42,10,0.318,17.0,19.33,99.0,0.304,-0.09499999999999997
2025,17,DeMario Douglas,NE,NYJ,WR2,td,0.22,0,0.0,25.0,19.33,99.0,0.304,-0.09499999999999997
2025,17,Brady Cook,NYJ,NE,QB1,pass_yds,175.67,152,0.865,24.0,22.3,102.0,-0.165,0.033333333333333326
2025,17,Breece Hall,NYJ,NE,RB1,rush_yds,62.0,111,1.79,19.5,16.9,100.0,-0.165,-0.014666666666666717
2025,17,Breece Hall,NYJ,NE,RB1,rush_att,14.63,14,0.957,19.5,16.9,100.0,-0.165,-0.014666666666666717
2025,17,Breece Hall,NYJ,NE,RB1,rec_yds,21.87,18,0.823,16.0,16.9,100.0,-0.165,-0.014666666666666717
2025,17,Breece Hall,NYJ,NE,RB1,td,0.32,1,3.167,12.5,16.9,100.0,-0.165,-0.014666666666666717
2025,17,John Metchie,NYJ,NE,WR2,rec_yds,23.0,41,1.783,28.0,23.5,104.0,-0.165,0.29799999999999993
2025,17,John Metchie,NYJ,NE,WR2,td,0.18,0,0.0,14.5,23.5,104.0,-0.165,0.29799999999999993
2025,17,Adonai Mitchell,NYJ,NE,WR1,rec_yds,28.72,22,0.766,16.0,16.67,95.0,-0.165,0.3764285714285714
2025,17,Jaxson Dart,NYG,LV,QB1,pass_yds,152.92,207,1.354,18.0,17.2,106.0,0.072,0.1908333333333334
2025,17,Jaxson Dart,NYG,LV,QB1,pass_td,1.08,0,0.0,10.5,17.2,106.0,0.072,0.1908333333333334
2025,17,Tyrone Tracy Jr.,NYG,LV,RB1,rush_yds,45.5,62,1.363,19.5,18.8,97.0,0.072,0.0953846153846154
2025,17,Tyrone Tracy Jr.,NYG,LV,RB1,rush_att,11.5,14,1.217,19.5,18.8,97.0,0.072,0.0953846153846154
2025,17,Tyrone Tracy Jr.,NYG,LV,RB1,td,0.29,0,0.0,12.5,18.8,97.0,0.072,0.0953846153846154
2025,17,Devin Singletary,NYG,LV,RB2,rush_yds,23.32,45,1.93,5.0,8.5,106.0,0.072,0.10799999999999998
2025,17,Devin Singletary,NYG,LV,RB2,td,0.21,1,4.75,10.5,8.5,106.0,0.072,0.10799999999999998
2025,17,Wan'Dale Robinson,NYG,LV,WR1,rec_yds,56.79,113,1.99,26.0,21.83,100.0,0.072,0.061999999999999944
2025,17,Wan'Dale Robinson,NYG,LV,WR1,td,0.24,0,0.0,9.5,21.83,100.0,0.072,0.061999999999999944
2025,17,Darius Slayton,NYG,LV,WR2,rec_yds,34.03,36,1.058,13.0,18.0,107.0,0.072,-0.012499999999999845
2025,17,Daniel Bellinger,NYG,LV,TE1,rec_yds,22.19,11,0.496,19.0,15.5,102.0,0.072,-0.186
2025,17,Isaiah Hodgins,NYG,LV,WR3,rec_yds,22.6,8,0.354,16.0,11.83,105.0,0.072,0.0674999999999999
2025,17,Isaiah Hodgins,NYG,LV,WR3,td,0.2,0,0.0,10.5,11.83,105.0,0.072,0.0674999999999999
2025,17,Geno Smith,LV,NYG,QB1,pass_yds,207.17,176,0.85,12.0,8.9,101.0,-0.092,0.030714285714285694
2025,17,Geno Smith,LV,NYG,QB1,pass_td,1.28,1,0.783,17.5,8.9,101.0,-0.092,0.030714285714285694
2025,17,Ashton Jeanty,LV,NYG,RB1,rush_yds,55.2,60,1.087,2.0,7.8,102.0,-0.092,0.16600000000000004
2025,17,Ashton Jeanty,LV,NYG,RB1,rush_att,14.93,16,1.071,2.0,7.8,102.0,-0.092,0.16600000000000004
2025,17,Ashton Jeanty,LV,NYG,RB1,rec_yds,21.73,13,0.598,19.5,7.8,102.0,-0.092,0.16600000000000004
2025,17,Ashton Jeanty,LV,NYG,RB1,td,0.67,0,0.0,8.5,7.8,102.0,-0.092,0.16600000000000004
2025,17,Tre Tucker,LV,NYG,WR1,rec_yds,39.89,49,1.228,9.0,11.67,100.0,-0.092,0.05733333333333346
2025,17,Tre Tucker,LV,NYG,WR1,td,0.32,0,0.0,20.0,11.67,100.0,-0.092,0.05733333333333346
2025,17,Jalen Hurts,PHI,BUF,QB1,pass_yds,199.66,110,0.551,30.0,22.2,86.0,0.025,-0.03466666666666662
2025,17,Jalen Hurts,PHI,BUF,QB1,pass_td,1.53,1,0.655,27.0,22.2,86.0,0.025,-0.03466666666666662
2025,17,Saquon Barkley,PHI,BUF,RB1,rush_yds,84.84,68,0.801,6.0,6.9,97.0,0.025,-0.01200000000000001
2025,17,Saquon Barkley,PHI,BUF,RB1,rush_att,18.68,19,1.017,6.0,6.9,97.0,0.025,-0.01200000000000001
2025,17,Saquon Barkley,PHI,BUF,RB1,td,0.66,0,0.0,3.5,6.9,97.0,0.025,-0.01200000000000001
2025,17,Tank Bigsby,PHI,BUF,RB2,rush_yds,31.58,7,0.222,14.0,11.6,97.0,0.025,-0.05111111111111109
2025,17,Tank Bigsby,PHI,BUF,RB2,td,0.19,0,0.0,7.0,11.6,97.0,0.025,-0.05111111111111109
2025,17,A.J. Brown,PHI,BUF,WR1,rec_yds,69.58,68,0.977,12.0,16.5,93.0,0.025,-0.03785714285714281
2025,17,A.J. Brown,PHI,BUF,WR1,td,0.5,0,0.0,22.0,16.5,93.0,0.025,-0.03785714285714281
2025,17,DeVonta Smith,PHI,BUF,WR2,rec_yds,63.0,25,0.397,19.0,13.67,96.0,0.025,-0.03066666666666662
2025,17,DeVonta Smith,PHI,BUF,WR2,td,0.37,0,0.0,4.5,13.67,96.0,0.025,-0.03066666666666662
2025,17,Dallas Goedert,PHI,BUF,TE1,rec_yds,44.25,8,0.181,32.0,30.33,89.0,0.025,0.020714285714285685
2025,17,Dallas Goedert,PHI,BUF,TE1,td,0.61,1,1.636,27.0,30.33,89.0,0.025,0.020714285714285685
2025,17,Josh Allen,BUF,PHI,QB1,pass_yds,230.97,262,1.134,31.0,22.3,101.0,0.09000000000000001,0.022666666666666613
2025,17,Josh Allen,BUF,PHI,QB1,pass_td,1.68,0,0.0,32.0,22.3,101.0,0.09000000000000001,0.022666666666666613
2025,17,James Cook,BUF,PHI,RB1,rush_yds,94.13,74,0.786,25.0,19.3,102.0,0.09000000000000001,-0.052000000000000046
2025,17,James Cook,BUF,PHI,RB1,rush_att,17.68,20,1.131,25.0,19.3,102.0,0.09000000000000001,-0.052000000000000046
2025,17,James Cook,BUF,PHI,RB1,td,1.0,0,0.0,17.0,19.3,102.0,0.09000000000000001,-0.052000000000000046
2025,17,Ty Johnson,BUF,PHI,RB2,td,0.18,0,0.0,29.0,18.6,99.0,0.09000000000000001,0.03199999999999997
2025,17,Khalil Shakir,BUF,PHI,WR1,rec_yds,46.53,35,0.752,27.0,27.83,100.0,0.09000000000000001,-0.10533333333333339
2025,17,Khalil Shakir,BUF,PHI,WR1,td,0.26,0,0.0,29.5,27.83,100.0,0.09000000000000001,-0.10533333333333339
2025,17,Dawson Knox,BUF,PHI,TE1,rec_yds,26.11,30,1.149,31.0,29.83,99.0,0.09000000000000001,0.05857142857142872
2025,17,Dawson Knox,BUF,PHI,TE1,td,0.17,0,0.0,32.0,29.83,99.0,0.09000000000000001,0.05857142857142872
2025,17,Josh Palmer,BUF,PHI,WR3,rec_yds,30.64,12,0.392,25.0,22.33,96.0,0.09000000000000001,0.25399999999999995
2025,17,Caleb Williams,CHI,SF,QB1,pass_yds,225.16,330,1.466,16.0,18.4,106.0,0.14200000000000002,0.010666666666666713
2025,17,Caleb Williams,CHI,SF,QB1,pass_td,1.5,2,1.333,5.5,18.4,106.0,0.14200000000000002,0.010666666666666713
2025,17,D'Andre Swift,CHI,SF,RB1,rush_yds,66.14,54,0.816,16.0,8.9,97.0,0.14200000000000002,-0.027857142857142914
2025,17,D'Andre Swift,CHI,SF,RB1,rush_att,14.44,9,0.623,16.0,8.9,97.0,0.14200000000000002,-0.027857142857142914
2025,17,D'Andre Swift,CHI,SF,RB1,td,0.5,2,4.0,5.0,8.9,97.0,0.14200000000000002,-0.027857142857142914
2025,17,Kyle Monangai,CHI,SF,RB2,rush_yds,48.73,38,0.78,16.0,15.9,106.0,0.14200000000000002,0.041999999999999926
2025,17,Kyle Monangai,CHI,SF,RB2,rush_att,10.33,8,0.774,16.0,15.9,106.0,0.14200000000000002,0.041999999999999926
2025,17,Kyle Monangai,CHI,SF,RB2,td,0.33,0,0.0,31.0,15.9,106.0,0.14200000000000002,0.041999999999999926
2025,17,Luther Burden,CHI,SF,WR2,rec_yds,36.85,138,3.745,10.0,9.17,107.0,0.14200000000000002,0.024615384615384706
2025,17,Colston Loveland,CHI,SF,TE1,rec_yds,37.71,94,2.492,21.0,16.33,102.0,0.14200000000000002,0.21642857142857141
2025,17,Colston Loveland,CHI,SF,TE1,td,0.29,1,3.5,14.0,16.33,102.0,0.14200000000000002,0.21642857142857141
2025,17,D.J. Moore,CHI,SF,WR1,rec_yds,49.89,7,0.14,25.0,21.33,100.0,0.14200000000000002,0.10666666666666658
2025,17,D.J. Moore,CHI,SF,WR1,td,0.45,0,0.0,26.0,21.33,100.0,0.14200000000000002,0.10666666666666658
2025,17,Brock Purdy,SF,CHI,QB1,pass_yds,249.86,303,1.213,14.0,15.2,101.0,0.126,-0.021428571428571463
2025,17,Brock Purdy,SF,CHI,QB1,pass_td,2.05,3,1.467,15.5,15.2,101.0,0.126,-0.021428571428571463
2025,17,Christian McCaffrey,SF,CHI,RB1,rush_yds,67.06,140,2.088,8.0,17.6,102.0,0.126,-0.028000000000000025
2025,17,Christian McCaffrey,SF,CHI,RB1,rush_att,17.94,23,1.282,8.0,17.6,102.0,0.126,-0.028000000000000025
2025,17,Christian McCaffrey,SF,CHI,RB1,rec_yds,54.24,41,0.756,31.0,17.6,102.0,0.126,-0.028000000000000025
2025,17,Christian McCaffrey,SF,CHI,RB1,td,0.94,1,1.062,14.0,17.6,102.0,0.126,-0.028000000000000025
2025,17,Brian Robinson Jr.,SF,CHI,RB2,rush_yds,31.69,22,0.694,3.0,12.1,99.0,0.126,-0.029285714285714304
2025,17,Brian Robinson Jr.,SF,CHI,RB2,td,0.17,0,0.0,23.5,12.1,99.0,0.126,-0.029285714285714304
2025,17,Ricky Pearsall,SF,CHI,WR2,rec_yds,51.12,85,1.663,2.0,10.83,99.0,0.126,-0.1975
2025,17,Jake Tonges,SF,CHI,TE1,rec_yds,29.12,60,2.06,11.0,16.0,99.0,0.126,-0.31625000000000003
2025,17,Jake Tonges,SF,CHI,TE1,td,0.5,1,2.0,27.0,16.0,99.0,0.126,-0.31625000000000003
2025,17,Jauan Jennings,SF,CHI,WR1,rec_yds,47.35,42,0.887,19.0,14.5,100.0,0.126,0.009999999999999898
2025,17,Jauan Jennings,SF,CHI,WR1,td,0.56,1,1.789,4.5,14.5,100.0,0.126,0.009999999999999898
2025,17,Kendrick Bourne,SF,CHI,WR3,rec_yds,41.5,25,0.602,31.0,25.5,96.0,0.126,0.036666666666666625
2025,17,Matthew Stafford,LAR,ATL,QB1,pass_yds,267.13,269,1.007,21.0,13.1,102.0,0.158,0.013999999999999901
2025,17,Matthew Stafford,LAR,ATL,QB1,pass_td,2.39,2,0.835,4.0,13.1,102.0,0.158,0.013999999999999901
2025,17,Kyren Williams,LAR,ATL,RB1,rush_yds,76.24,92,1.207,14.0,15.7,100.0,0.158,0.02533333333333332
2025,17,Kyren Williams,LAR,ATL,RB1,rush_att,16.39,13,0.793,14.0,15.7,100.0,0.158,0.02533333333333332
2025,17,Kyren Williams,LAR,ATL,RB1,td,0.84,0,0.0,22.5,15.7,100.0,0.158,0.02533333333333332
2025,17,Blake Corum,LAR,ATL,RB2,rush_yds,38.55,18,0.467,17.0,16.6,97.0,0.158,-0.001333333333333353
2025,17,Blake Corum,LAR,ATL,RB2,td,0.32,0,0.0,14.0,16.6,97.0,0.158,-0.001333333333333353
2025,17,Xavier Smith,LAR,ATL,WR2,rec_yds,24.53,67,2.732,12.0,8.0,104.0,0.158,-0.03375
2025,17,Colby Parkinson,LAR,ATL,TE1,rec_yds,22.44,53,2.362,28.0,28.83,105.0,0.158,0.2666666666666666
2025,17,Colby Parkinson,LAR,ATL,TE1,td,0.41,0,0.0,29.5,28.83,105.0,0.158,0.2666666666666666
2025,17,Puka Nacua,LAR,ATL,WR1,rec_yds,111.72,47,0.421,13.0,10.17,95.0,0.158,0.1021428571428572
2025,17,Puka Nacua,LAR,ATL,WR1,td,0.61,1,1.636,6.0,10.17,95.0,0.158,0.1021428571428572
2025,17,Kirk Cousins,ATL,LAR,QB1,pass_yds,197.5,126,0.638,9.0,14.4,95.0,-0.07500000000000001,0.17375000000000007
2025,17,Kirk Cousins,ATL,LAR,QB1,pass_td,1.04,1,0.96,10.5,14.4,95.0,-0.07500000000000001,0.17375000000000007
2025,17,Bijan Robinson,ATL,LAR,RB1,rush_yds,87.47,195,2.229,13.0,15.1,96.0,-0.07500000000000001,-0.07733333333333325
2025,17,Bijan Robinson,ATL,LAR,RB1,rush_att,17.61,22,1.25,13.0,15.1,96.0,-0.07500000000000001,-0.07733333333333325
2025,17,Bijan Robinson,ATL,LAR,RB1,rec_yds,44.21,34,0.769,5.0,15.1,96.0,-0.07500000000000001,-0.07733333333333325
2025,17,Bijan Robinson,ATL,LAR,RB1,td,0.74,2,2.714,32.0,15.1,96.0,-0.07500000000000001,-0.07733333333333325
2025,17,Tyler Allgeier,ATL,LAR,RB2,rush_yds,32.21,23,0.714,29.0,20.9,103.0,-0.07500000000000001,0.10599999999999993
2025,17,Tyler Allgeier,ATL,LAR,RB2,td,0.45,0,0.0,17.5,20.9,103.0,-0.07500000000000001,0.10599999999999993
2025,17,David Sills V,ATL,LAR,WR3,td,0.2,0,0.0,20.5,14.83,98.0,-0.07500000000000001,-0.26499999999999996
2025,17,Darnell Mooney,ATL,LAR,WR2,rec_yds,37.29,35,0.938,21.0,21.17,95.0,-0.07500000000000001,-0.12769230769230777
2025,17,Kyle Pitts,ATL,LAR,TE1,rec_yds,49.47,16,0.323,9.0,6.83,103.0,-0.07500000000000001,-0.004666666666666597
2025,17,Kyle Pitts,ATL,LAR,TE1,td,0.29,0,0.0,7.5,6.83,103.0,-0.07500000000000001,-0.004666666666666597
2025,17,Drake London,ATL,LAR,WR1,rec_yds,85.46,4,0.047,3.0,3.0,107.0,-0.07500000000000001,-0.20599999999999996
2025,17,Drake London,ATL,LAR,WR1,td,0.54,0,0.0,2.0,3.0,107.0,-0.07500000000000001,-0.20599999999999996
2025,18,Bryce Young,CAR,TB,QB1,pass_yds,189.45,266,1.404,4.0,4.3,106.0,-0.014,0.03466666666666662
2025,18,Bryce Young,CAR,TB,QB1,pass_td,1.42,2,1.407,5.5,4.3,106.0,-0.014,0.03466666666666662
2025,18,Rico Dowdle,CAR,TB,RB1,rush_yds,70.92,10,0.141,27.0,13.3,97.0,-0.014,0.07750000000000001
2025,18,Rico Dowdle,CAR,TB,RB1,rush_att,15.25,7,0.459,27.0,13.3,97.0,-0.014,0.07750000000000001
2025,18,Rico Dowdle,CAR,TB,RB1,td,0.4,0,0.0,18.0,13.3,97.0,-0.014,0.07750000000000001
2025,18,Chuba Hubbard,CAR,TB,RB2,rush_yds,46.11,10,0.217,31.0,17.5,106.0,-0.014,-0.07857142857142857
2025,18,Chuba Hubbard,CAR,TB,RB2,rush_att,11.25,5,0.444,31.0,17.5,106.0,-0.014,-0.07857142857142857
2025,18,Chuba Hubbard,CAR,TB,RB2,td,0.42,0,0.0,24.5,17.5,106.0,-0.014,-0.07857142857142857
2025,18,Tetairoa McMillan,CAR,TB,WR1,rec_yds,58.06,85,1.464,25.0,23.17,100.0,-0.014,-0.04125000000000012
2025,18,Tetairoa McMillan,CAR,TB,WR1,td,0.44,0,0.0,26.0,23.17,100.0,-0.014,-0.04125000000000012
2025,18,Jalen Coker,CAR,TB,WR3,rec_yds,38.36,47,1.225,10.0,12.33,105.0,-0.014,0.04899999999999993
2025,18,Jalen Coker,CAR,TB,WR3,td,0.21,1,4.667,21.0,12.33,105.0,-0.014,0.04899999999999993
2025,18,Xavier Legette,CAR,TB,WR2,rec_yds,26.89,22,0.818,9.0,8.67,107.0,-0.014,-0.15500000000000003
2025,18,Xavier Legette,CAR,TB,WR2,td,0.19,0,0.0,11.0,8.67,107.0,-0.014,-0.15500000000000003
2025,18,Baker Mayfield,TB,CAR,QB1,pass_yds,227.28,203,0.893,20.0,18.4,106.0,0.062,0.030624999999999902
2025,18,Baker Mayfield,TB,CAR,QB1,pass_td,1.7,1,0.588,19.0,18.4,106.0,0.062,0.030624999999999902
2025,18,Bucky Irving,TB,CAR,RB1,rush_yds,65.73,85,1.293,1.0,10.0,97.0,0.062,-0.07444444444444442
2025,18,Bucky Irving,TB,CAR,RB1,rush_att,16.08,26,1.617,1.0,10.0,97.0,0.062,-0.07444444444444442
2025,18,Bucky Irving,TB,CAR,RB1,rec_yds,28.69,13,0.453,20.0,10.0,97.0,0.062,-0.07444444444444442
2025,18,Bucky Irving,TB,CAR,RB1,td,0.5,0,0.0,13.0,10.0,97.0,0.062,-0.07444444444444442
2025,18,Rachaad White,TB,CAR,RB2,rush_yds,36.38,23,0.632,4.0,6.7,106.0,0.062,-0.04187500000000011
2025,18,Rachaad White,TB,CAR,RB2,td,0.35,0,0.0,1.5,6.7,106.0,0.062,-0.04187500000000011
2025,18,Cade Otton,TB,CAR,TE1,rec_yds,38.69,94,2.429,14.0,17.33,102.0,0.062,0.03571428571428559
2025,18,Mike Evans,TB,CAR,WR2,rec_yds,61.91,34,0.549,31.0,22.5,107.0,0.062,0.1071428571428571
2025,18,Mike Evans,TB,CAR,WR2,td,0.55,0,0.0,11.0,22.5,107.0,0.062,0.1071428571428571
2025,18,Chris Godwin,TB,CAR,WR3,rec_yds,55.65,8,0.144,28.0,29.0,105.0,0.062,0.08000000000000007
2025,18,Chris Godwin,TB,CAR,WR3,td,0.39,0,0.0,31.0,29.0,105.0,0.062,0.08000000000000007
2025,18,Emeka Egbuka,TB,CAR,WR1,rec_yds,58.12,8,0.138,2.0,4.33,100.0,0.062,-0.2087500000000001
2025,18,Emeka Egbuka,TB,CAR,WR1,td,0.38,0,0.0,7.0,4.33,100.0,0.062,-0.2087500000000001
2025,18,Sam Darnold,SEA,SF,QB1,pass_yds,246.95,198,0.802,14.0,17.8,106.0,0.10500000000000001,0.04062499999999991
2025,18,Sam Darnold,SEA,SF,QB1,pass_td,1.7,0,0.0,5.5,17.8,106.0,0.10500000000000001,0.04062499999999991
2025,18,Kenneth Walker III,SEA,SF,RB1,rush_yds,55.77,97,1.739,19.0,9.0,97.0,0.10500000000000001,-0.001875000000000071
2025,18,Kenneth Walker III,SEA,SF,RB1,rush_att,13.15,16,1.217,19.0,9.0,97.0,0.10500000000000001,-0.001875000000000071
2025,18,Kenneth Walker III,SEA,SF,RB1,td,0.35,0,0.0,3.0,9.0,97.0,0.10500000000000001,-0.001875000000000071
2025,18,Zach Charbonnet,SEA,SF,RB2,rush_yds,43.89,74,1.686,15.0,15.7,106.0,0.10500000000000001,0.0520000000000001
2025,18,Zach Charbonnet,SEA,SF,RB2,rush_att,10.74,17,1.583,15.0,15.7,106.0,0.10500000000000001,0.0520000000000001
2025,18,Zach Charbonnet,SEA,SF,RB2,td,0.68,1,1.462,31.0,15.7,106.0,0.10500000000000001,0.0520000000000001
2025,18,Jaxon Smith-Njigba,SEA,SF,WR1,rec_yds,99.5,84,0.844,28.0,23.67,100.0,0.10500000000000001,0.11937500000000001
2025,18,Jaxon Smith-Njigba,SEA,SF,WR1,td,0.57,0,0.0,26.0,23.67,100.0,0.10500000000000001,0.11937500000000001
2025,18,Cooper Kupp,SEA,SF,WR3,rec_yds,40.42,29,0.717,13.0,16.0,105.0,0.10500000000000001,0.1253333333333334
2025,18,Cooper Kupp,SEA,SF,WR3,td,0.21,0,0.0,8.0,16.0,105.0,0.10500000000000001,0.1253333333333334
2025,18,AJ Barner,SEA,SF,TE1,rec_yds,28.75,14,0.487,15.0,12.5,102.0,0.10500000000000001,0.0068750000000000755
2025,18,AJ Barner,SEA,SF,TE1,td,0.42,0,0.0,9.5,12.5,102.0,0.10500000000000001,0.0068750000000000755
2025,18,Rashid Shaheed,SEA,SF,WR2,rec_yds,42.98,2,0.047,5.0,5.5,107.0,0.10500000000000001,-0.4364705882352941
2025,18,Rashid Shaheed,SEA,SF,WR2,td,0.17,0,0.0,7.5,5.5,107.0,0.10500000000000001,-0.4364705882352941
2025,18,Brock Purdy,SF,SEA,QB1,pass_yds,254.29,127,0.499,21.0,22.5,86.0,-0.021000000000000005,0.025000000000000022
2025,18,Brock Purdy,SF,SEA,QB1,pass_td,2.12,0,0.0,26.0,22.5,86.0,-0.021000000000000005,0.025000000000000022
2025,18,Christian McCaffrey,SF,SEA,RB1,rush_yds,71.11,23,0.323,30.0,21.6,97.0,-0.021000000000000005,0.020625000000000004
2025,18,Christian McCaffrey,SF,SEA,RB1,rush_att,18.22,8,0.439,30.0,21.6,97.0,-0.021000000000000005,0.020625000000000004
2025,18,Christian McCaffrey,SF,SEA,RB1,rec_yds,53.5,34,0.636,12.0,21.6,97.0,-0.021000000000000005,0.020625000000000004
2025,18,Christian McCaffrey,SF,SEA,RB1,td,0.94,0,0.0,32.0,21.6,97.0,-0.021000000000000005,0.020625000000000004
2025,18,Brian Robinson Jr.,SF,SEA,RB2,rush_yds,31.18,9,0.289,16.0,12.0,97.0,-0.021000000000000005,-0.02733333333333335
2025,18,Brian Robinson Jr.,SF,SEA,RB2,td,0.16,0,0.0,19.0,12.0,97.0,-0.021000000000000005,-0.02733333333333335
2025,18,Jauan Jennings,SF,SEA,WR1,rec_yds,47.06,35,0.744,19.0,16.17,93.0,-0.021000000000000005,0.08357142857142852
2025,18,Jauan Jennings,SF,SEA,WR1,td,0.58,0,0.0,15.0,16.17,93.0,-0.021000000000000005,0.08357142857142852
2025,18,George Kittle,SF,SEA,TE1,rec_yds,64.32,29,0.451,3.0,12.83,89.0,-0.021000000000000005,-0.17800000000000005
2025,18,George Kittle,SF,SEA,TE1,td,0.57,0,0.0,31.0,12.83,89.0,-0.021000000000000005,-0.17800000000000005
2025,18,Kendrick Bourne,SF,SEA,WR2,rec_yds,40.53,0,0.0,32.0,24.0,96.0,-0.021000000000000005,-0.37230769230769234
2025,18,Tyler Shough,NO,ATL,QB1,pass_yds,212.5,259,1.219,19.0,13.1,102.0,-0.07,0.16200000000000003
2025,18,Tyler Shough,NO,ATL,QB1,pass_td,0.9,1,1.111,4.0,13.1,102.0,-0.07,0.16200000000000003
2025,18,Audric Estime,NO,ATL,RB1,rush_yds,30.31,63,2.078,13.0,14.3,100.0,-0.07,0.29250000000000004
2025,18,Audric Estime,NO,ATL,RB1,td,0.25,0,0.0,25.0,14.3,100.0,-0.07,0.29250000000000004
2025,18,Juwan Johnson,NO,ATL,TE1,rec_yds,49.48,61,1.233,28.0,28.0,105.0,-0.07,-0.030000000000000027
2025,18,Juwan Johnson,NO,ATL,TE1,td,0.2,0,0.0,29.5,28.0,105.0,-0.07,-0.030000000000000027
2025,18,Kevin Austin,NO,ATL,WR1,rec_yds,22.31,37,1.658,13.0,9.83,95.0,-0.07,0.22250000000000003
2025,18,Kirk Cousins,ATL,NO,QB1,pass_yds,192.0,180,0.938,24.0,22.8,106.0,-0.056,0.1544444444444445
2025,18,Kirk Cousins,ATL,NO,QB1,pass_td,1.04,1,0.963,24.5,22.8,106.0,-0.056,0.1544444444444445
2025,18,Bijan Robinson,ATL,NO,RB1,rush_yds,92.85,33,0.355,9.0,14.0,97.0,-0.056,0.01187500000000008
2025,18,Bijan Robinson,ATL,NO,RB1,rush_att,17.82,15,0.842,9.0,14.0,97.0,-0.056,0.01187500000000008
2025,18,Bijan Robinson,ATL,NO,RB1,rec_yds,43.7,10,0.229,23.0,14.0,97.0,-0.056,0.01187500000000008
2025,18,Bijan Robinson,ATL,NO,RB1,td,0.8,0,0.0,7.5,14.0,97.0,-0.056,0.01187500000000008
2025,18,Tyler Allgeier,ATL,NO,RB2,rush_yds,31.75,16,0.504,3.0,18.2,106.0,-0.056,0.06187500000000001
2025,18,Tyler Allgeier,ATL,NO,RB2,td,0.42,0,0.0,19.0,18.2,106.0,-0.056,0.06187500000000001
2025,18,Drake London,ATL,NO,WR1,rec_yds,80.03,78,0.975,20.0,20.5,100.0,-0.056,0.07636363636363641
2025,18,Drake London,ATL,NO,WR1,td,0.5,1,2.0,12.5,20.5,100.0,-0.056,0.07636363636363641
2025,18,Kyle Pitts,ATL,NO,TE1,rec_yds,47.8,58,1.213,22.0,19.83,102.0,-0.056,0.04250000000000009
2025,18,Kyle Pitts,ATL,NO,TE1,td,0.28,0,0.0,17.5,19.83,102.0,-0.056,0.04250000000000009
2025,18,Darnell Mooney,ATL,NO,WR2,rec_yds,37.17,20,0.538,18.0,17.0,107.0,-0.056,-0.11857142857142855
2025,18,David Sills V,ATL,NO,WR3,td,0.18,0,0.0,17.0,8.67,105.0,-0.056,-0.48636363636363633
2025,18,Shedeur Sanders,CLE,CIN,QB1,pass_yds,184.14,111,0.603,7.0,6.9,102.0,-0.05299999999999999,0.09571428571428575
2025,18,Shedeur Sanders,CLE,CIN,QB1,pass_td,1.0,0,0.0,2.0,6.9,102.0,-0.05299999999999999,0.09571428571428575
2025,18,Raheim Sanders,CLE,CIN,RB2,rush_yds,22.0,26,1.182,12.0,3.9,97.0,-0.05299999999999999,0.16666666666666663
2025,18,Raheim Sanders,CLE,CIN,RB2,td,0.33,0,0.0,1.5,3.9,97.0,-0.05299999999999999,0.16666666666666663
2025,18,Jerry Jeudy,CLE,CIN,WR1,rec_yds,49.52,17,0.343,24.0,25.17,95.0,-0.05299999999999999,0.09687499999999993
2025,18,Jerry Jeudy,CLE,CIN,WR1,td,0.17,0,0.0,20.5,25.17,95.0,-0.05299999999999999,0.09687499999999993
2025,18,Isaiah Bond,CLE,CIN,WR2,rec_yds,23.21,13,0.56,30.0,29.67,104.0,-0.05299999999999999,-0.24928571428571436
2025,18,Cedric Tillman,CLE,CIN,WR3,rec_yds,27.67,23,0.831,21.5,17.17,118.0,-0.05299999999999999,-0.06999999999999995
2025,18,Cedric Tillman,CLE,CIN,WR3,td,0.23,0,0.0,11.0,17.17,118.0,-0.05299999999999999,-0.06999999999999995
2025,18,Chase Brown,CIN,CLE,RB1,rush_yds,63.12,72,1.141,14.0,19.9,102.0,-0.07400000000000001,-0.0625
2025,18,Chase Brown,CIN,CLE,RB1,rush_att,14.72,13,0.883,14.0,19.9,102.0,-0.07400000000000001,-0.0625
2025,18,Chase Brown,CIN,CLE,RB1,rec_yds,28.43,18,0.633,27.0,19.9,102.0,-0.07400000000000001,-0.0625
2025,18,Chase Brown,CIN,CLE,RB1,td,0.65,1,1.538,5.0,19.9,102.0,-0.07400000000000001,-0.0625
2025,18,Samaje Perine,CIN,CLE,RB2,rush_yds,21.09,42,1.992,22.0,24.4,99.0,-0.07400000000000001,-0.0346153846153846
2025,18,Samaje Perine,CIN,CLE,RB2,td,0.18,0,0.0,32.0,24.4,99.0,-0.07400000000000001,-0.0346153846153846
2025,18,Joe Flacco,CIN,CLE,QB1,pass_yds,216.74,0,0.0,32.0,27.4,101.0,-0.07400000000000001,-0.6724999999999999
2025,18,Joe Flacco,CIN,CLE,QB1,pass_td,1.35,0,0.0,23.0,27.4,101.0,-0.07400000000000001,-0.6724999999999999
2025,18,Ja'Marr Chase,CIN,CLE,WR1,rec_yds,95.34,96,1.007,32.0,25.5,100.0,-0.07400000000000001,-0.16999999999999993
2025,18,Ja'Marr Chase,CIN,CLE,WR1,td,0.63,1,1.583,12.5,25.5,100.0,-0.07400000000000001,-0.16999999999999993
2025,18,Tee Higgins,CIN,CLE,WR2,rec_yds,61.39,67,1.091,26.0,24.67,99.0,-0.07400000000000001,-0.23428571428571432
2025,18,Tee Higgins,CIN,CLE,WR2,td,0.78,1,1.286,19.0,24.67,99.0,-0.07400000000000001,-0.23428571428571432
2025,18,Mike Gesicki,CIN,CLE,TE1,rec_yds,30.0,13,0.433,30.0,28.67,99.0,-0.07400000000000001,-0.1881818181818182
2025,18,Andrei Iosivas,CIN,CLE,WR3,rec_yds,31.39,10,0.319,25.0,21.5,96.0,-0.07400000000000001,-0.09642857142857153
2025,18,Andrei Iosivas,CIN,CLE,WR3,td,0.17,0,0.0,14.5,21.5,96.0,-0.07400000000000001,-0.09642857142857153
2025,18,Riley Leonard,IND,HOU,QB1,pass_yds,36.25,270,7.448,28.0,23.7,102.0,-0.028999999999999998,-0.2225
2025,18,Jonathan Taylor,IND,HOU,RB1,rush_yds,101.17,26,0.257,24.0,24.6,100.0,-0.028999999999999998,0.04500000000000004
2025,18,Jonathan Taylor,IND,HOU,RB1,rush_att,20.4,14,0.686,24.0,24.6,100.0,-0.028999999999999998,0.04500000000000004
2025,18,Jonathan Taylor,IND,HOU,RB1,td,1.18,0,0.0,24.0,24.6,100.0,-0.028999999999999998,0.04500000000000004
2025,18,Ameer Abdullah,IND,HOU,RB2,td,0.2,0,0.0,19.0,20.7,97.0,-0.028999999999999998,-0.021818181818181834
2025,18,Alec Pierce,IND,HOU,WR3,rec_yds,60.33,132,2.188,8.0,17.5,118.0,-0.028999999999999998,0.03785714285714281
2025,18,Alec Pierce,IND,HOU,WR3,td,0.33,2,6.0,21.0,17.5,118.0,-0.028999999999999998,0.03785714285714281
2025,18,Tyler Warren,IND,HOU,TE1,rec_yds,49.44,26,0.526,29.0,21.33,105.0,-0.028999999999999998,0.020625000000000004
2025,18,Tyler Warren,IND,HOU,TE1,td,0.31,0,0.0,5.0,21.33,105.0,-0.028999999999999998,0.020625000000000004
2025,18,Michael Pittman Jr.,IND,HOU,WR1,rec_yds,50.05,11,0.22,26.0,28.0,95.0,-0.028999999999999998,0.0068750000000000755
2025,18,Michael Pittman Jr.,IND,HOU,WR1,td,0.38,0,0.0,28.0,28.0,95.0,-0.028999999999999998,0.0068750000000000755
2025,18,Josh Downs,IND,HOU,WR2,rec_yds,38.47,61,1.585,25.0,26.0,104.0,-0.028999999999999998,0.026000000000000134
2025,18,Josh Downs,IND,HOU,WR2,td,0.26,0,0.0,22.0,26.0,104.0,-0.028999999999999998,0.026000000000000134
2025,18,C.J. Stroud,HOU,IND,QB1,pass_yds,215.65,169,0.784,2.0,15.3,102.0,0.004,0.06769230769230761
2025,18,C.J. Stroud,HOU,IND,QB1,pass_td,1.32,1,0.756,19.0,15.3,102.0,0.004,0.06769230769230761
2025,18,Woody Marks,HOU,IND,RB1,rush_yds,43.67,48,1.099,16.5,20.0,100.0,0.004,0.16133333333333333
2025,18,Woody Marks,HOU,IND,RB1,rush_att,12.4,10,0.806,16.5,20.0,100.0,0.004,0.16133333333333333
2025,18,Woody Marks,HOU,IND,RB1,td,0.33,0,0.0,21.5,20.0,100.0,0.004,0.16133333333333333
2025,18,Jawhar Jordan,HOU,IND,RB2,rush_yds,63.33,3,0.047,18.0,17.5,97.0,0.004,-0.18000000000000002
2025,18,Jawhar Jordan,HOU,IND,RB2,rush_att,12.67,5,0.395,18.0,17.5,97.0,0.004,-0.18000000000000002
2025,18,Xavier Hutchinson,HOU,IND,WR2,rec_yds,20.0,84,4.2,4.0,12.0,104.0,0.004,-0.08333333333333337
2025,18,Xavier Hutchinson,HOU,IND,WR2,td,0.16,0,0.0,29.0,12.0,104.0,0.004,-0.08333333333333337
2025,18,Dalton Schultz,HOU,IND,TE1,rec_yds,42.4,73,1.722,2.0,12.67,105.0,0.004,0.06000000000000005
2025,18,Dalton Schultz,HOU,IND,TE1,td,0.2,0,0.0,25.0,12.67,105.0,0.004,0.06000000000000005
2025,18,Jayden Higgins,HOU,IND,WR1,rec_yds,31.38,23,0.733,9.0,13.5,95.0,0.004,-0.0675
2025,18,Jayden Higgins,HOU,IND,WR1,td,0.31,1,3.2,17.0,13.5,95.0,0.004,-0.0675
2025,18,Christian Kirk,HOU,IND,WR3,rec_yds,30.82,-3,-0.097,3.0,2.33,118.0,0.004,-0.05199999999999999
2025,18,Dak Prescott,DAL,NYG,QB1,pass_yds,273.55,70,0.256,13.0,10.2,101.0,0.21100000000000002,0.02187500000000009
2025,18,Dak Prescott,DAL,NYG,QB1,pass_td,1.77,0,0.0,19.0,10.2,101.0,0.21100000000000002,0.02187500000000009
2025,18,Ryan Flournoy,DAL,NYG,WR3,rec_yds,29.55,68,2.301,15.0,20.5,96.0,0.21100000000000002,-0.09083333333333338
2025,18,Ryan Flournoy,DAL,NYG,WR3,td,0.26,0,0.0,29.0,20.5,96.0,0.21100000000000002,-0.09083333333333338
2025,18,George Pickens,DAL,NYG,WR1,rec_yds,84.42,9,0.107,11.0,12.5,100.0,0.21100000000000002,0.036250000000000004
2025,18,George Pickens,DAL,NYG,WR1,td,0.53,0,0.0,20.5,12.5,100.0,0.21100000000000002,0.036250000000000004
2025,18,Jake Ferguson,DAL,NYG,TE1,rec_yds,35.52,5,0.141,23.0,20.17,99.0,0.21100000000000002,-0.3812499999999999
2025,18,Jake Ferguson,DAL,NYG,TE1,td,0.4,0,0.0,20.5,20.17,99.0,0.21100000000000002,-0.3812499999999999
2025,18,CeeDee Lamb,DAL,NYG,WR2,rec_yds,85.22,4,0.047,16.0,14.5,99.0,0.21100000000000002,0.06500000000000017
2025,18,CeeDee Lamb,DAL,NYG,WR2,td,0.25,0,0.0,4.5,14.5,99.0,0.21100000000000002,0.06500000000000017
2025,18,Jaxson Dart,NYG,DAL,QB1,pass_yds,157.08,230,1.464,3.0,1.4,106.0,0.20600000000000002,0.17615384615384622
2025,18,Jaxson Dart,NYG,DAL,QB1,pass_td,1.0,2,2.0,1.0,1.4,106.0,0.20600000000000002,0.17615384615384622
2025,18,Gunner Olszewski,NYG,DAL,WR3,td,0.25,0,0.0,1.0,7.0,105.0,0.20600000000000002,-0.017500000000000016
2025,18,Tyrone Tracy Jr.,NYG,DAL,RB1,rush_yds,46.42,103,2.219,23.0,10.8,97.0,0.20600000000000002,0.12571428571428567
2025,18,Tyrone Tracy Jr.,NYG,DAL,RB1,rush_att,11.64,18,1.547,23.0,10.8,97.0,0.20600000000000002,0.12571428571428567
2025,18,Tyrone Tracy Jr.,NYG,DAL,RB1,td,0.28,1,3.6,10.0,10.8,97.0,0.20600000000000002,0.12571428571428567
2025,18,Devin Singletary,NYG,DAL,RB2,rush_yds,24.4,26,1.066,10.0,11.2,106.0,0.20600000000000002,0.026249999999999996
2025,18,Devin Singletary,NYG,DAL,RB2,td,0.25,1,4.0,5.0,11.2,106.0,0.20600000000000002,0.026249999999999996
2025,18,Daniel Bellinger,NYG,DAL,TE1,rec_yds,21.41,38,1.775,21.0,16.83,102.0,0.20600000000000002,0.4763636363636364
2025,18,Darius Slayton,NYG,DAL,WR1,rec_yds,34.15,34,0.996,16.0,13.33,100.0,0.20600000000000002,0.07153846153846155
2025,18,Isaiah Hodgins,NYG,DAL,WR2,rec_yds,20.17,0,0.0,1.0,4.67,107.0,0.20600000000000002,0.006000000000000005
2025,18,Isaiah Hodgins,NYG,DAL,WR2,td,0.17,0,0.0,11.0,4.67,107.0,0.20600000000000002,0.006000000000000005
2025,18,Emanuel Wilson,GB,MIN,RB1,rush_yds,30.32,44,1.451,10.0,22.2,97.0,0.03899999999999999,0.04866666666666658
2025,18,Emanuel Wilson,GB,MIN,RB1,td,0.24,0,0.0,26.5,22.2,97.0,0.03899999999999999,0.04866666666666658
2025,18,Matthew Golden,GB,MIN,WR1,rec_yds,27.15,8,0.295,22.0,24.5,93.0,0.03899999999999999,0.033846153846153915
2025,18,Josh Whyle,GB,MIN,TE1,td,0.17,0,0.0,25.0,24.83,89.0,0.03899999999999999,0.17200000000000004
2025,18,J.J. McCarthy,MIN,GB,QB1,pass_yds,161.11,182,1.13,25.0,24.7,106.0,-0.051000000000000004,-0.42666666666666664
2025,18,J.J. McCarthy,MIN,GB,QB1,pass_td,1.22,0,0.0,21.0,24.7,106.0,-0.051000000000000004,-0.42666666666666664
2025,18,Jordan Mason,MIN,GB,RB1,rush_yds,43.95,94,2.139,12.0,17.4,97.0,-0.051000000000000004,-0.35933333333333334
2025,18,Jordan Mason,MIN,GB,RB1,td,0.32,0,0.0,18.0,17.4,97.0,-0.051000000000000004,-0.35933333333333334
2025,18,Justin Jefferson,MIN,GB,WR1,rec_yds,64.9,101,1.556,29.0,21.17,100.0,-0.051000000000000004,0.026874999999999982
2025,18,Justin Jefferson,MIN,GB,WR1,td,0.23,0,0.0,9.0,21.17,100.0,-0.051000000000000004,0.026874999999999982
2025,18,Jalen Nailor,MIN,GB,WR3,rec_yds,24.2,49,2.025,7.0,5.83,105.0,-0.051000000000000004,-0.21749999999999997
2025,18,Jalen Nailor,MIN,GB,WR3,td,0.25,0,0.0,3.0,5.83,105.0,-0.051000000000000004,-0.21749999999999997
2025,18,Josh Oliver,MIN,GB,TE1,td,0.33,0,0.0,20.5,16.17,102.0,-0.051000000000000004,0.42000000000000015
2025,18,Jordan Addison,MIN,GB,WR2,rec_yds,52.38,8,0.153,15.0,19.67,107.0,-0.051000000000000004,-0.06538461538461537
2025,18,Jordan Addison,MIN,GB,WR2,td,0.44,0,0.0,29.0,19.67,107.0,-0.051000000000000004,-0.06538461538461537
2025,18,Cam Ward,TEN,JAX,QB1,pass_yds,194.81,52,0.267,6.0,11.0,106.0,-0.22799999999999998,0.0
2025,18,Cam Ward,TEN,JAX,QB1,pass_td,0.94,0,0.0,9.5,11.0,106.0,-0.22799999999999998,0.0
2025,18,Tony Pollard,TEN,JAX,RB1,rush_yds,63.12,48,0.76,28.0,19.6,97.0,-0.22799999999999998,-0.1243749999999999
2025,18,Tony Pollard,TEN,JAX,RB1,rush_att,14.35,14,0.976,28.0,19.6,97.0,-0.22799999999999998,-0.1243749999999999
2025,18,Tony Pollard,TEN,JAX,RB1,td,0.3,0,0.0,23.0,19.6,97.0,-0.22799999999999998,-0.1243749999999999
2025,18,Tyjae Spears,TEN,JAX,RB2,rush_yds,23.59,18,0.763,27.0,15.1,106.0,-0.22799999999999998,0.07083333333333336
2025,18,Tyjae Spears,TEN,JAX,RB2,td,0.25,0,0.0,13.5,15.1,106.0,-0.22799999999999998,0.07083333333333336
2025,18,Elic Ayomanor,TEN,JAX,WR1,rec_yds,31.0,50,1.613,4.0,4.67,100.0,-0.22799999999999998,0.013333333333333308
2025,18,Elic Ayomanor,TEN,JAX,WR1,td,0.27,0,0.0,9.0,4.67,100.0,-0.22799999999999998,0.013333333333333308
2025,18,Chimere Dike,TEN,JAX,WR2,rec_yds,24.75,27,1.091,8.0,13.0,107.0,-0.22799999999999998,0.19500000000000006
2025,18,Chimere Dike,TEN,JAX,WR2,td,0.25,0,0.0,19.0,13.0,107.0,-0.22799999999999998,0.19500000000000006
2025,18,Chig Okonkwo,TEN,JAX,TE1,rec_yds,35.9,2,0.056,5.0,6.33,102.0,-0.22799999999999998,-0.11687499999999995
2025,18,Trevor Lawrence,JAX,TEN,QB1,pass_yds,229.18,255,1.113,16.0,10.5,95.0,0.141,0.023749999999999938
2025,18,Trevor Lawrence,JAX,TEN,QB1,pass_td,1.55,3,1.935,7.5,10.5,95.0,0.141,0.023749999999999938
2025,18,Travis Etienne,JAX,TEN,RB1,rush_yds,61.35,32,0.522,21.0,21.8,96.0,0.141,0.09624999999999995
2025,18,Travis Etienne,JAX,TEN,RB1,rush_att,14.57,14,0.961,21.0,21.8,96.0,0.141,0.09624999999999995
2025,18,Travis Etienne,JAX,TEN,RB1,td,0.65,0,0.0,7.5,21.8,96.0,0.141,0.09624999999999995
2025,18,Bhayshul Tuten,JAX,TEN,RB2,rush_yds,20.29,23,1.134,7.0,14.8,103.0,0.141,-0.02785714285714283
2025,18,Bhayshul Tuten,JAX,TEN,RB2,td,0.43,1,2.333,3.0,14.8,103.0,0.141,-0.02785714285714283
2025,18,Parker Washington,JAX,TEN,WR2,rec_yds,51.19,87,1.699,23.0,18.5,95.0,0.141,0.18000000000000005
2025,18,Parker Washington,JAX,TEN,WR2,td,0.31,1,3.273,11.0,18.5,95.0,0.141,0.18000000000000005
2025,18,Brenton Strange,JAX,TEN,TE1,rec_yds,39.9,52,1.303,10.0,16.67,103.0,0.141,0.04999999999999993
2025,18,Brian Thomas,JAX,TEN,WR3,rec_yds,58.91,49,0.832,5.0,16.67,98.0,0.141,-0.012307692307692242
2025,18,Brian Thomas,JAX,TEN,WR3,td,0.32,0,0.0,32.0,16.67,98.0,0.141,-0.012307692307692242
2025,18,Jakobi Meyers,JAX,TEN,WR1,rec_yds,57.34,44,0.767,7.0,6.5,107.0,0.141,0.08600000000000008
2025,18,Jakobi Meyers,JAX,TEN,WR1,td,0.21,0,0.0,2.5,6.5,107.0,0.141,0.08600000000000008
2025,18,Brady Cook,NYJ,BUF,QB1,pass_yds,169.75,60,0.353,31.0,23.7,86.0,-0.132,0.025000000000000022
2025,18,Isaiah Williams,NYJ,BUF,WR3,rec_yds,20.24,24,1.186,32.0,27.67,91.0,-0.132,0.11375000000000002
2025,18,John Metchie,NYJ,BUF,WR2,rec_yds,24.2,20,0.826,21.0,14.83,96.0,-0.132,0.17999999999999994
2025,18,John Metchie,NYJ,BUF,WR2,td,0.17,0,0.0,6.0,14.83,96.0,-0.132,0.17999999999999994
2025,18,Adonai Mitchell,NYJ,BUF,WR1,rec_yds,28.37,0,0.0,10.0,15.83,93.0,-0.132,0.30466666666666675
2025,18,Mitchell Trubisky,BUF,NYJ,QB1,pass_yds,20.5,259,12.634,23.0,15.5,101.0,0.28700000000000003,-0.07333333333333333
2025,18,Ty Johnson,BUF,NYJ,RB2,td,0.17,2,11.429,11.5,18.2,99.0,0.28700000000000003,0.08625
2025,18,James Cook,BUF,NYJ,RB1,rush_yds,93.12,15,0.161,5.0,12.1,102.0,0.28700000000000003,-0.09562499999999996
2025,18,James Cook,BUF,NYJ,RB1,rush_att,17.8,2,0.112,5.0,12.1,102.0,0.28700000000000003,-0.09562499999999996
2025,18,James Cook,BUF,NYJ,RB1,td,0.95,0,0.0,1.0,12.1,102.0,0.28700000000000003,-0.09562499999999996
2025,18,Keon Coleman,BUF,NYJ,WR1,rec_yds,36.37,49,1.347,14.0,12.5,100.0,0.28700000000000003,-0.36636363636363634
2025,18,Keon Coleman,BUF,NYJ,WR1,td,0.33,0,0.0,9.0,12.5,100.0,0.28700000000000003,-0.36636363636363634
2025,18,Dalton Kincaid,BUF,NYJ,TE1,rec_yds,44.27,48,1.084,24.0,18.5,99.0,0.28700000000000003,-0.016363636363636413
2025,18,Dalton Kincaid,BUF,NYJ,TE1,td,0.37,0,0.0,13.5,18.5,99.0,0.28700000000000003,-0.016363636363636413
2025,18,Josh Palmer,BUF,NYJ,WR2,rec_yds,29.4,1,0.034,20.0,21.33,99.0,0.28700000000000003,0.049090909090909074
2025,18,Jared Goff,DET,CHI,QB1,pass_yds,275.38,331,1.202,12.0,11.1,101.0,0.10799999999999998,0.015625
2025,18,Jared Goff,DET,CHI,QB1,pass_td,2.17,1,0.46,9.5,11.1,101.0,0.10799999999999998,0.015625
2025,18,David Montgomery,DET,CHI,RB2,rush_yds,43.52,42,0.965,5.0,10.0,99.0,0.10799999999999998,-0.02749999999999997
2025,18,David Montgomery,DET,CHI,RB2,rush_att,10.03,8,0.798,5.0,10.0,99.0,0.10799999999999998,-0.02749999999999997
2025,18,David Montgomery,DET,CHI,RB2,td,0.55,0,0.0,19.0,10.0,99.0,0.10799999999999998,-0.02749999999999997
2025,18,Jahmyr Gibbs,DET,CHI,RB1,rush_yds,74.28,80,1.077,7.0,16.4,102.0,0.10799999999999998,0.022499999999999964
2025,18,Jahmyr Gibbs,DET,CHI,RB1,rush_att,14.4,19,1.319,7.0,16.4,102.0,0.10799999999999998,0.022499999999999964
2025,18,Jahmyr Gibbs,DET,CHI,RB1,rec_yds,37.02,33,0.891,30.0,16.4,102.0,0.10799999999999998,0.022499999999999964
2025,18,Jahmyr Gibbs,DET,CHI,RB1,td,1.15,1,0.87,13.0,16.4,102.0,0.10799999999999998,0.022499999999999964
2025,18,Amon-Ra St. Brown,DET,CHI,WR1,rec_yds,81.58,139,1.704,18.0,14.33,100.0,0.10799999999999998,-0.016249999999999987
2025,18,Amon-Ra St. Brown,DET,CHI,WR1,td,0.68,0,0.0,4.0,14.33,100.0,0.10799999999999998,-0.016249999999999987
2025,18,Jameson Williams,DET,CHI,WR2,rec_yds,66.83,74,1.107,2.0,10.67,99.0,0.10799999999999998,-0.06874999999999998
2025,18,Jameson Williams,DET,CHI,WR2,td,0.47,0,0.0,14.0,10.67,99.0,0.10799999999999998,-0.06874999999999998
2025,18,Kalif Raymond,DET,CHI,WR3,rec_yds,22.07,52,2.356,31.0,25.83,96.0,0.10799999999999998,-0.32727272727272727
2025,18,Caleb Williams,CHI,DET,QB1,pass_yds,230.4,212,0.92,8.0,10.9,101.0,0.087,0.010000000000000009
2025,18,Caleb Williams,CHI,DET,QB1,pass_td,1.52,2,1.311,16.5,10.9,101.0,0.087,0.010000000000000009
2025,18,D'Andre Swift,CHI,DET,RB1,rush_yds,65.5,40,0.611,26.0,24.9,102.0,0.087,0.011333333333333195
2025,18,D'Andre Swift,CHI,DET,RB1,rush_att,14.16,10,0.706,26.0,24.9,102.0,0.087,0.011333333333333195
2025,18,D'Andre Swift,CHI,DET,RB1,td,0.58,0,0.0,21.5,24.9,102.0,0.087,0.011333333333333195
2025,18,Kyle Monangai,CHI,DET,RB2,rush_yds,48.06,14,0.291,28.0,24.1,99.0,0.087,0.00187499999999996
2025,18,Kyle Monangai,CHI,DET,RB2,rush_att,10.19,6,0.589,28.0,24.1,99.0,0.087,0.00187499999999996
2025,18,Kyle Monangai,CHI,DET,RB2,td,0.31,0,0.0,19.0,24.1,99.0,0.087,0.00187499999999996
2025,18,Luther Burden,CHI,DET,WR2,rec_yds,44.07,35,0.794,11.0,13.0,99.0,0.087,0.1992857142857143
2025,18,Colston Loveland,CHI,DET,TE1,rec_yds,41.47,91,2.195,19.0,20.5,99.0,0.087,0.19266666666666665
2025,18,Colston Loveland,CHI,DET,TE1,td,0.33,1,3.0,13.5,20.5,99.0,0.087,0.19266666666666665
2025,18,Jahdae Walker,CHI,DET,WR3,rec_yds,25.5,36,1.412,1.0,2.5,96.0,0.087,0.175
2025,18,Jahdae Walker,CHI,DET,WR3,td,0.5,1,2.0,5.5,2.5,96.0,0.087,0.175
2025,18,D.J. Moore,CHI,DET,WR1,rec_yds,47.75,11,0.23,12.0,8.83,100.0,0.087,0.07187500000000002
2025,18,D.J. Moore,CHI,DET,WR1,td,0.42,0,0.0,5.5,8.83,100.0,0.087,0.07187500000000002
2025,18,Jacoby Brissett,ARI,LAR,QB1,pass_yds,214.3,243,1.134,11.0,15.8,95.0,-0.082,0.15384615384615385
2025,18,Jacoby Brissett,ARI,LAR,QB1,pass_td,1.33,2,1.5,12.5,15.8,95.0,-0.082,0.15384615384615385
2025,18,Emari Demercado,ARI,LAR,RB2,rush_yds,25.43,29,1.14,29.0,21.2,103.0,-0.082,0.252
2025,18,Michael Carter,ARI,LAR,RB1,rush_yds,28.19,18,0.639,8.0,11.9,96.0,-0.082,-0.005833333333333357
2025,18,Michael Carter,ARI,LAR,RB1,rec_yds,20.33,21,1.033,5.0,11.9,96.0,-0.082,-0.005833333333333357
2025,18,Michael Wilson,ARI,LAR,WR1,rec_yds,51.98,99,1.905,3.0,4.17,107.0,-0.082,0.053750000000000075
2025,18,Michael Wilson,ARI,LAR,WR1,td,0.33,1,3.077,2.5,4.17,107.0,-0.082,0.053750000000000075
2025,18,Trey McBride,ARI,LAR,TE1,rec_yds,75.33,65,0.863,11.0,8.17,103.0,-0.082,0.04874999999999985
2025,18,Trey McBride,ARI,LAR,TE1,td,0.6,0,0.0,7.5,8.17,103.0,-0.082,0.04874999999999985
2025,18,Matthew Stafford,LAR,ARI,QB1,pass_yds,267.23,259,0.969,10.0,17.4,95.0,0.236,0.013125000000000053
2025,18,Matthew Stafford,LAR,ARI,QB1,pass_td,2.38,4,1.684,16.5,17.4,95.0,0.236,0.013125000000000053
2025,18,Kyren Williams,LAR,ARI,RB1,rush_yds,77.03,60,0.779,11.0,4.8,96.0,0.236,0.023749999999999938
2025,18,Kyren Williams,LAR,ARI,RB1,rush_att,16.23,12,0.74,11.0,4.8,96.0,0.236,0.023749999999999938
2025,18,Kyren Williams,LAR,ARI,RB1,td,0.8,0,0.0,5.0,4.8,96.0,0.236,0.023749999999999938
2025,18,Blake Corum,LAR,ARI,RB2,rush_yds,37.52,59,1.572,1.0,13.2,103.0,0.236,-0.03875000000000001
2025,18,Blake Corum,LAR,ARI,RB2,td,0.3,0,0.0,4.0,13.2,103.0,0.236,-0.03875000000000001
2025,18,Puka Nacua,LAR,ARI,WR1,rec_yds,108.32,76,0.702,5.0,8.5,107.0,0.236,0.05799999999999994
2025,18,Puka Nacua,LAR,ARI,WR1,td,0.63,1,1.583,12.5,8.5,107.0,0.236,0.05799999999999994
2025,18,Colby Parkinson,LAR,ARI,TE1,rec_yds,24.24,36,1.485,13.0,12.17,103.0,0.236,0.17230769230769227
2025,18,Colby Parkinson,LAR,ARI,TE1,td,0.38,2,5.231,9.5,12.17,103.0,0.236,0.17230769230769227
2025,18,Xavier Smith,LAR,ARI,WR2,rec_yds,28.57,6,0.21,24.0,18.67,95.0,0.236,0.20999999999999996
2025,18,Trey Lance,LAC,DEN,QB1,pass_yds,44.6,136,3.049,17.0,21.7,101.0,-0.075,-0.020000000000000018
2025,18,Jaret Patterson,LAC,DEN,RB2,rush_yds,26.0,29,1.115,30.0,27.9,99.0,-0.075,-0.04799999999999999
2025,18,Jaret Patterson,LAC,DEN,RB2,td,0.2,0,0.0,19.0,27.9,99.0,-0.075,-0.04799999999999999
2025,18,Kimani Vidal,LAC,DEN,RB1,rush_yds,46.87,12,0.256,29.0,24.4,102.0,-0.075,-0.29272727272727256
2025,18,Kimani Vidal,LAC,DEN,RB1,rush_att,11.43,3,0.262,29.0,24.4,102.0,-0.075,-0.29272727272727256
2025,18,Kimani Vidal,LAC,DEN,RB1,td,0.27,0,0.0,18.0,24.4,102.0,-0.075,-0.29272727272727256
2025,18,Keenan Allen,LAC,DEN,WR1,rec_yds,49.62,36,0.725,31.0,30.33,100.0,-0.075,0.014374999999999916
2025,18,Keenan Allen,LAC,DEN,WR1,td,0.33,0,0.0,32.0,30.33,100.0,-0.075,0.014374999999999916
2025,18,KeAndre Lambert-Smith,LAC,DEN,WR3,td,0.17,0,0.0,21.0,9.67,96.0,-0.075,-0.09499999999999999
2025,18,Oronde Gadsden II,LAC,DEN,TE1,rec_yds,45.79,23,0.502,12.0,11.83,99.0,-0.075,0.09214285714285719
2025,18,Oronde Gadsden II,LAC,DEN,TE1,td,0.21,0,0.0,13.5,11.83,99.0,-0.075,0.09214285714285719
2025,18,Bo Nix,DEN,LAC,QB1,pass_yds,240.05,141,0.587,29.0,23.8,95.0,-0.039,0.003750000000000031
2025,18,Bo Nix,DEN,LAC,QB1,pass_td,1.77,0,0.0,30.0,23.8,95.0,-0.039,0.003750000000000031
2025,18,Jaleel McLaughlin,DEN,LAC,RB2,rush_yds,26.82,41,1.529,24.0,25.0,103.0,-0.039,0.06857142857142856
2025,18,RJ Harvey,DEN,LAC,RB1,rush_yds,32.0,28,0.875,22.0,25.2,96.0,-0.039,0.2375
2025,18,RJ Harvey,DEN,LAC,RB1,rec_yds,21.94,5,0.228,28.0,25.2,96.0,-0.039,0.2375
2025,18,RJ Harvey,DEN,LAC,RB1,td,0.75,0,0.0,26.5,25.2,96.0,-0.039,0.2375
2025,18,Evan Engram,DEN,LAC,TE1,rec_yds,31.37,45,1.435,27.0,22.83,103.0,-0.039,-0.11333333333333345
2025,18,Marvin Mims,DEN,LAC,WR3,rec_yds,29.75,10,0.336,19.0,18.67,98.0,-0.039,0.09785714285714292
2025,18,Marvin Mims,DEN,LAC,WR3,td,0.28,0,0.0,8.0,18.67,98.0,-0.039,0.09785714285714292
2025,18,Courtland Sutton,DEN,LAC,WR1,rec_yds,65.15,5,0.077,8.0,9.67,107.0,-0.039,-0.038125000000000075
2025,18,Courtland Sutton,DEN,LAC,WR1,td,0.5,0,0.0,18.0,9.67,107.0,-0.039,-0.038125000000000075
2025,18,Troy Franklin,DEN,LAC,WR2,rec_yds,38.65,0,0.0,29.0,29.33,95.0,-0.039,-0.22687500000000005
2025,18,Troy Franklin,DEN,LAC,WR2,td,0.33,0,0.0,31.0,29.33,95.0,-0.039,-0.22687500000000005
2025,18,Chris Oladokun,KC,LV,QB1,pass_yds,70.8,58,0.819,18.0,15.9,106.0,0.071,0.15500000000000003
2025,18,Kareem Hunt,KC,LV,RB1,rush_yds,37.7,14,0.371,20.0,20.1,97.0,0.071,0.08437500000000009
2025,18,Kareem Hunt,KC,LV,RB1,rush_att,10.12,5,0.494,20.0,20.1,97.0,0.071,0.08437500000000009
2025,18,Kareem Hunt,KC,LV,RB1,td,0.5,0,0.0,15.0,20.1,97.0,0.071,0.08437500000000009
2025,18,Marquise Brown,KC,LV,WR1,rec_yds,35.53,64,1.801,21.0,18.83,100.0,0.071,0.08333333333333326
2025,18,Marquise Brown,KC,LV,WR1,td,0.31,0,0.0,12.5,18.83,100.0,0.071,0.08333333333333326
2025,18,Travis Kelce,KC,LV,TE1,rec_yds,51.65,12,0.232,20.0,16.17,102.0,0.071,0.15999999999999992
2025,18,Travis Kelce,KC,LV,TE1,td,0.3,0,0.0,7.5,16.17,102.0,0.071,0.15999999999999992
2025,18,Kenny Pickett,LV,KC,QB1,pass_yds,44.07,3,0.068,22.0,15.9,95.0,-0.199,-0.20600000000000004
2025,18,Ashton Jeanty,LV,KC,RB1,rush_yds,55.5,87,1.568,31.0,29.0,96.0,-0.199,0.04312500000000008
2025,18,Ashton Jeanty,LV,KC,RB1,rush_att,15.0,26,1.733,31.0,29.0,96.0,-0.199,0.04312500000000008
2025,18,Ashton Jeanty,LV,KC,RB1,rec_yds,21.19,7,0.33,26.0,29.0,96.0,-0.199,0.04312500000000008
2025,18,Ashton Jeanty,LV,KC,RB1,td,0.62,0,0.0,30.0,29.0,96.0,-0.199,0.04312500000000008
2025,18,Tre Tucker,LV,KC,WR1,rec_yds,40.35,30,0.743,23.0,22.0,107.0,-0.199,0.053749999999999964
2025,18,Tre Tucker,LV,KC,WR1,td,0.3,0,0.0,31.0,22.0,107.0,-0.199,0.053749999999999964
2025,18,Michael Mayer,LV,KC,TE1,rec_yds,23.23,47,2.023,8.0,14.0,103.0,-0.199,0.3036363636363637
2025,18,Quinn Ewers,MIA,NE,QB1,pass_yds,161.67,137,0.847,26.0,24.5,102.0,-0.063,0.2633333333333333
2025,18,Quinn Ewers,MIA,NE,QB1,pass_td,0.67,1,1.5,14.5,24.5,102.0,-0.063,0.2633333333333333
2025,18,Jaylen Wright,MIA,NE,RB1,rush_yds,25.29,23,0.909,18.0,14.7,100.0,-0.063,-0.04125000000000001
2025,18,Jaylen Wright,MIA,NE,RB1,td,0.17,0,0.0,10.0,14.7,100.0,-0.063,-0.04125000000000001
2025,18,Malik Washington,MIA,NE,WR1,rec_yds,20.27,6,0.296,17.0,17.17,95.0,-0.063,0.07812500000000011
2025,18,Malik Washington,MIA,NE,WR1,td,0.15,1,6.667,16.0,17.17,95.0,-0.063,0.07812500000000011
2025,18,Ollie Gordon,MIA,NE,RB2,td,0.27,0,0.0,29.0,25.6,97.0,-0.063,-0.17000000000000004
2025,18,Theo Wease,MIA,NE,WR2,rec_yds,47.5,44,0.926,27.0,23.33,104.0,-0.063,-0.044999999999999984
2025,18,Theo Wease,MIA,NE,WR2,td,0.5,0,0.0,16.0,23.33,104.0,-0.063,-0.044999999999999984
2025,18,Greg Dulcich,MIA,NE,TE1,rec_yds,33.47,31,0.926,17.0,21.83,105.0,-0.063,-0.0675
2025,18,Drake Maye,NE,MIA,QB1,pass_yds,247.8,191,0.771,15.0,16.9,86.0,0.243,-0.17999999999999994
2025,18,Drake Maye,NE,MIA,QB1,pass_td,1.73,1,0.58,11.0,16.9,86.0,0.243,-0.17999999999999994
2025,18,Rhamondre Stevenson,NE,MIA,RB2,rush_yds,38.91,131,3.367,11.0,13.1,97.0,0.243,-0.12307692307692308
2025,18,Rhamondre Stevenson,NE,MIA,RB2,rush_att,10.26,7,0.682,11.0,13.1,97.0,0.243,-0.12307692307692308
2025,18,Rhamondre Stevenson,NE,MIA,RB2,td,0.44,3,6.8,26.5,13.1,97.0,0.243,-0.12307692307692308
2025,18,TreVeyon Henderson,NE,MIA,RB1,rush_yds,53.62,53,0.988,16.5,13.3,97.0,0.243,0.05812500000000004
2025,18,TreVeyon Henderson,NE,MIA,RB1,rush_att,10.44,13,1.246,16.5,13.3,97.0,0.243,0.05812500000000004
2025,18,TreVeyon Henderson,NE,MIA,RB1,td,0.5,2,4.0,18.0,13.3,97.0,0.243,0.05812500000000004
2025,18,Hunter Henry,NE,MIA,TE1,rec_yds,43.5,56,1.287,7.0,9.67,89.0,0.243,-0.15750000000000008
2025,18,Hunter Henry,NE,MIA,TE1,td,0.38,0,0.0,17.5,9.67,89.0,0.243,-0.15750000000000008
2025,18,Stefon Diggs,NE,MIA,WR1,rec_yds,60.9,43,0.706,30.0,24.5,93.0,0.243,-0.022499999999999964
2025,18,Stefon Diggs,NE,MIA,WR1,td,0.3,0,0.0,20.5,24.5,93.0,0.243,-0.022499999999999964
2025,18,DeMario Douglas,NE,MIA,WR2,rec_yds,30.29,29,0.957,28.0,20.17,96.0,0.243,-0.12599999999999995
2025,18,DeMario Douglas,NE,MIA,WR2,td,0.21,0,0.0,2.5,20.17,96.0,0.243,-0.12599999999999995
2025,18,Kayshon Boutte,NE,MIA,WR3,rec_yds,42.35,24,0.567,23.0,19.67,91.0,0.243,-0.10230769230769232
2025,18,Kayshon Boutte,NE,MIA,WR3,td,0.41,0,0.0,21.0,19.67,91.0,0.243,-0.10230769230769232
2025,18,Josh Johnson,WAS,PHI,QB1,pass_yds,62.38,131,2.1,30.0,20.3,101.0,-0.016,0.28500000000000003
2025,18,Chris Rodriguez,WAS,PHI,RB2,rush_yds,37.25,65,1.745,13.0,16.0,99.0,-0.016,0.19090909090909092
2025,18,Chris Rodriguez,WAS,PHI,RB2,td,0.43,1,2.333,29.0,16.0,99.0,-0.016,0.19090909090909092
2025,18,Jacory Croskey-Merritt,WAS,PHI,RB1,rush_yds,48.5,29,0.598,25.0,19.8,102.0,-0.016,0.24312499999999998
2025,18,Jacory Croskey-Merritt,WAS,PHI,RB1,rush_att,10.12,13,1.284,25.0,19.8,102.0,-0.016,0.24312499999999998
2025,18,Jacory Croskey-Merritt,WAS,PHI,RB1,td,0.5,0,0.0,18.0,19.8,102.0,-0.016,0.24312499999999998
2025,18,Deebo Samuel,WAS,PHI,WR1,rec_yds,44.16,20,0.453,27.0,27.83,100.0,-0.016,0.09666666666666668
2025,18,Deebo Samuel,WAS,PHI,WR1,td,0.37,0,0.0,29.5,27.83,100.0,-0.016,0.09666666666666668
2025,18,Terry McLaurin,WAS,PHI,WR2,rec_yds,59.54,57,0.957,7.0,14.33,99.0,-0.016,0.15555555555555545
2025,18,Terry McLaurin,WAS,PHI,WR2,td,0.5,0,0.0,22.0,14.33,99.0,-0.016,0.15555555555555545
2025,18,Tanner McKee,PHI,WAS,QB1,pass_yds,48.62,241,4.956,9.0,11.9,102.0,0.185,-0.06666666666666668
2025,18,Tank Bigsby,PHI,WAS,RB1,rush_yds,29.82,75,2.515,4.0,10.6,100.0,0.185,-0.064
2025,18,Tank Bigsby,PHI,WAS,RB1,td,0.18,1,5.6,2.0,10.6,100.0,0.185,-0.064
2025,18,DeVonta Smith,PHI,WAS,WR1,rec_yds,61.1,52,0.851,15.0,19.67,95.0,0.185,-0.038125000000000075
2025,18,DeVonta Smith,PHI,WAS,WR1,td,0.35,0,0.0,24.0,19.67,95.0,0.185,-0.038125000000000075
2025,18,Lamar Jackson,BAL,PIT,QB1,pass_yds,200.47,238,1.187,5.0,12.1,102.0,0.06,-0.4458333333333335
2025,18,Lamar Jackson,BAL,PIT,QB1,pass_td,1.78,3,1.684,12.5,12.1,102.0,0.06,-0.4458333333333335
2025,18,Derrick Henry,BAL,PIT,RB1,rush_yds,95.17,126,1.324,15.0,15.0,100.0,0.06,0.09500000000000008
2025,18,Derrick Henry,BAL,PIT,RB1,rush_att,18.27,20,1.094,15.0,15.0,100.0,0.06,0.09500000000000008
2025,18,Derrick Henry,BAL,PIT,RB1,td,0.93,0,0.0,29.0,15.0,100.0,0.06,0.09500000000000008
2025,18,Keaton Mitchell,BAL,PIT,RB2,rush_yds,29.5,2,0.068,26.0,22.9,97.0,0.06,-0.010909090909090924
2025,18,Zay Flowers,BAL,PIT,WR1,rec_yds,63.77,138,2.164,6.0,13.5,95.0,0.06,-0.17749999999999988
2025,18,Zay Flowers,BAL,PIT,WR1,td,0.23,2,8.889,29.5,13.5,95.0,0.06,-0.17749999999999988
2025,18,Devontez Walker,BAL,PIT,WR3,rec_yds,20.1,46,2.289,2.0,8.0,118.0,0.06,0.02250000000000002
2025,18,Devontez Walker,BAL,PIT,WR3,td,0.5,1,2.0,14.5,8.0,118.0,0.06,0.02250000000000002
2025,18,Mark Andrews,BAL,PIT,TE1,rec_yds,30.0,14,0.467,6.0,3.67,105.0,0.06,-0.20875000000000005
2025,18,Mark Andrews,BAL,PIT,TE1,td,0.47,0,0.0,2.0,3.67,105.0,0.06,-0.20875000000000005
2025,18,DeAndre Hopkins,BAL,PIT,WR2,rec_yds,24.55,0,0.0,19.0,11.17,104.0,0.06,-0.08499999999999996
2025,18,DeAndre Hopkins,BAL,PIT,WR2,td,0.15,0,0.0,2.5,11.17,104.0,0.06,-0.08499999999999996
2025,18,Aaron Rodgers,PIT,BAL,QB1,pass_yds,206.47,294,1.424,1.0,11.0,106.0,0.051000000000000004,0.04599999999999993
2025,18,Aaron Rodgers,PIT,BAL,QB1,pass_td,1.55,1,0.644,22.0,11.0,106.0,0.051000000000000004,0.04599999999999993
2025,18,Jaylen Warren,PIT,BAL,RB1,rush_yds,54.68,66,1.207,32.0,19.9,97.0,0.051000000000000004,-0.1966666666666667
2025,18,Jaylen Warren,PIT,BAL,RB1,rush_att,12.08,14,1.159,32.0,19.9,97.0,0.051000000000000004,-0.1966666666666667
2025,18,Jaylen Warren,PIT,BAL,RB1,rec_yds,21.42,33,1.541,4.0,19.9,97.0,0.051000000000000004,-0.1966666666666667
2025,18,Jaylen Warren,PIT,BAL,RB1,td,0.45,0,0.0,28.0,19.9,97.0,0.051000000000000004,-0.1966666666666667
2025,18,Kenneth Gainwell,PIT,BAL,RB2,rush_yds,30.5,10,0.328,8.0,11.4,106.0,0.051000000000000004,0.19437500000000002
2025,18,Kenneth Gainwell,PIT,BAL,RB2,td,0.38,1,2.667,6.0,11.4,106.0,0.051000000000000004,0.19437500000000002
2025,18,Jonnu Smith,PIT,BAL,TE1,rec_yds,24.43,2,0.082,26.0,25.33,102.0,0.051000000000000004,-0.1225
2025,18,Jonnu Smith,PIT,BAL,TE1,td,0.33,0,0.0,28.0,25.33,102.0,0.051000000000000004,-0.1225
2025,18,Calvin Austin III,PIT,BAL,WR1,rec_yds,26.62,55,2.066,1.0,7.83,100.0,0.051000000000000004,-0.3784615384615384
2025,18,Calvin Austin III,PIT,BAL,WR1,td,0.18,1,5.667,20.5,7.83,100.0,0.051000000000000004,-0.3784615384615384
2025,18,Adam Thielen,PIT,BAL,WR2,rec_yds,24.47,43,1.757,14.0,15.5,107.0,0.051000000000000004,0.4476923076923077
2025,18,Marquez Valdes-Scantling,PIT,BAL,WR3,rec_yds,23.21,34,1.465,12.0,8.33,105.0,0.051000000000000004,0.3699999999999999
2025,18,Marquez Valdes-Scantling,PIT,BAL,WR3,td,0.25,0,0.0,8.0,8.33,105.0,0.051000000000000004,0.3699999999999999
2026,2,Jared Goff,DET,BUF,QB1,pass_yds,274.1,327,1.193,32.0,22.6,86.0,0.261,
2026,2,Jared Goff,DET,BUF,QB1,pass_td,1.8,4,2.222,25.5,22.6,86.0,0.261,
2026,2,Jahmyr Gibbs,DET,BUF,RB1,rush_yds,84.2,52,0.618,7.0,11.3,97.0,0.261,
2026,2,Jahmyr Gibbs,DET,BUF,RB1,rush_att,17.3,16,0.925,7.0,11.3,97.0,0.261,
2026,2,Jahmyr Gibbs,DET,BUF,RB1,rec_yds,44.9,61,1.359,22.5,11.3,97.0,0.261,
2026,2,Jahmyr Gibbs,DET,BUF,RB1,td,1.2,1,0.833,1.0,11.3,97.0,0.261,
2026,2,Amon-Ra St. Brown,DET,BUF,WR1,rec_yds,84.2,142,1.686,13.0,15.67,93.0,0.261,
2026,2,Amon-Ra St. Brown,DET,BUF,WR1,td,0.7,2,2.857,16.5,15.67,93.0,0.261,
2026,2,Sam LaPorta,DET,BUF,TE1,rec_yds,50.6,52,1.028,32.0,29.83,89.0,0.261,
2026,2,Sam LaPorta,DET,BUF,TE1,td,0.3,1,3.333,25.5,29.83,89.0,0.261,
2026,2,Jameson Williams,DET,BUF,WR2,rec_yds,73.3,33,0.45,29.0,23.33,96.0,0.261,
2026,2,Jameson Williams,DET,BUF,WR2,td,0.3,0,0.0,15.5,23.33,96.0,0.261,
2026,2,Isaac TeSlaa,DET,BUF,WR3,td,0.4,0,0.0,22.5,26.67,91.0,0.261,
2026,2,Josh Allen,BUF,DET,QB1,pass_yds,250.3,248,0.991,4.0,11.7,101.0,0.398,
2026,2,Josh Allen,BUF,DET,QB1,pass_td,1.6,3,1.875,5.0,11.7,101.0,0.398,
2026,2,James Cook,BUF,DET,RB1,rush_yds,81.5,135,1.656,22.0,22.4,102.0,0.398,
2026,2,James Cook,BUF,DET,RB1,rush_att,16.9,21,1.243,22.0,22.4,102.0,0.398,
2026,2,James Cook,BUF,DET,RB1,td,0.7,1,1.429,23.0,22.4,102.0,0.398,
2026,2,Dalton Kincaid,BUF,DET,TE1,rec_yds,65.2,95,1.457,11.0,12.17,99.0,0.398,
2026,2,Dalton Kincaid,BUF,DET,TE1,td,0.2,1,5.0,6.0,12.17,99.0,0.398,
2026,2,Keon Coleman,BUF,DET,WR3,rec_yds,20.3,63,3.103,1.0,2.33,96.0,0.398,
2026,2,Keon Coleman,BUF,DET,WR3,td,0.3,0,0.0,3.0,2.33,96.0,0.398,
2026,2,Khalil Shakir,BUF,DET,WR1,rec_yds,42.0,38,0.905,6.0,8.83,100.0,0.398,
2026,2,D.J. Moore,BUF,DET,WR2,rec_yds,47.9,0,0.0,7.0,5.5,99.0,0.398,
2026,2,D.J. Moore,BUF,DET,WR2,td,0.7,0,0.0,4.5,5.5,99.0,0.398,
2026,2,Bryce Young,CAR,ATL,QB1,pass_yds,234.3,287,1.225,17.0,18.3,102.0,0.023999999999999994,
2026,2,Bryce Young,CAR,ATL,QB1,pass_td,1.8,3,1.667,16.5,18.3,102.0,0.023999999999999994,
2026,2,Chuba Hubbard,CAR,ATL,RB1,rush_yds,31.0,53,1.71,15.0,15.7,100.0,0.023999999999999994,
2026,2,Chuba Hubbard,CAR,ATL,RB1,td,0.5,1,2.0,25.5,15.7,100.0,0.023999999999999994,
2026,2,Tetairoa McMillan,CAR,ATL,WR1,rec_yds,60.6,101,1.667,20.0,17.33,95.0,0.023999999999999994,
2026,2,Tetairoa McMillan,CAR,ATL,WR1,td,0.5,0,0.0,10.5,17.33,95.0,0.023999999999999994,
2026,2,Jalen Coker,CAR,ATL,WR2,rec_yds,62.5,66,1.056,10.0,12.67,104.0,0.023999999999999994,
2026,2,Jalen Coker,CAR,ATL,WR2,td,0.7,0,0.0,15.5,12.67,104.0,0.023999999999999994,
2026,2,Cooper Rush,ATL,CAR,QB1,pass_yds,98.17,86,0.876,18.0,14.7,106.0,-0.14600000000000002,
2026,2,Bijan Robinson,ATL,CAR,RB1,rush_yds,96.5,72,0.746,1.0,9.8,97.0,-0.14600000000000002,
2026,2,Bijan Robinson,ATL,CAR,RB1,rush_att,19.4,16,0.825,1.0,9.8,97.0,-0.14600000000000002,
2026,2,Bijan Robinson,ATL,CAR,RB1,rec_yds,53.3,9,0.169,22.5,9.8,97.0,-0.14600000000000002,
2026,2,Bijan Robinson,ATL,CAR,RB1,td,0.9,0,0.0,4.5,9.8,97.0,-0.14600000000000002,
2026,2,Brian Robinson Jr.,ATL,CAR,RB2,rush_yds,26.5,51,1.925,2.0,6.4,106.0,-0.14600000000000002,
2026,2,Austin Hooper,ATL,CAR,TE1,td,0.25,0,0.0,8.5,12.17,102.0,-0.14600000000000002,
2026,2,Olamide Zaccheaus,ATL,CAR,WR3,td,0.2,0,0.0,27.0,28.17,105.0,-0.14600000000000002,
2026,2,Drake London,ATL,CAR,WR1,rec_yds,70.8,51,0.72,4.0,9.17,100.0,-0.14600000000000002,
2026,2,Drake London,ATL,CAR,WR1,td,0.6,0,0.0,19.5,9.17,100.0,-0.14600000000000002,
2026,2,Carson Wentz,MIN,CHI,QB1,pass_yds,211.71,143,0.675,5.0,3.4,101.0,-0.15000000000000002,
2026,2,Carson Wentz,MIN,CHI,QB1,pass_td,1.71,0,0.0,3.0,3.4,101.0,-0.15000000000000002,
2026,2,Aaron Jones,MIN,CHI,RB1,rush_yds,48.9,105,2.147,14.0,15.0,102.0,-0.15000000000000002,
2026,2,Aaron Jones,MIN,CHI,RB1,rush_att,12.9,23,1.783,14.0,15.0,102.0,-0.15000000000000002,
2026,2,Aaron Jones,MIN,CHI,RB1,td,0.4,0,0.0,9.0,15.0,102.0,-0.15000000000000002,
2026,2,Justin Jefferson,MIN,CHI,WR1,rec_yds,54.6,55,1.007,5.0,3.33,100.0,-0.15000000000000002,
2026,2,Justin Jefferson,MIN,CHI,WR1,td,0.4,0,0.0,1.0,3.33,100.0,-0.15000000000000002,
2026,2,T.J. Hockenson,MIN,CHI,TE1,rec_yds,28.8,29,1.007,17.0,17.17,99.0,-0.15000000000000002,
2026,2,T.J. Hockenson,MIN,CHI,TE1,td,0.4,0,0.0,28.5,17.17,99.0,-0.15000000000000002,
2026,2,Jordan Addison,MIN,CHI,WR2,rec_yds,21.8,21,0.963,2.0,6.5,99.0,-0.15000000000000002,
2026,2,Jordan Addison,MIN,CHI,WR2,td,0.2,0,0.0,8.5,6.5,99.0,-0.15000000000000002,
2026,2,Caleb Williams,CHI,MIN,QB1,pass_yds,234.4,138,0.589,28.0,28.7,86.0,-0.09299999999999999,
2026,2,Caleb Williams,CHI,MIN,QB1,pass_td,1.8,0,0.0,30.0,28.7,86.0,-0.09299999999999999,
2026,2,Kyle Monangai,CHI,MIN,RB2,rush_yds,59.3,47,0.793,13.0,22.5,97.0,-0.09299999999999999,
2026,2,Kyle Monangai,CHI,MIN,RB2,rush_att,11.4,10,0.877,13.0,22.5,97.0,-0.09299999999999999,
2026,2,Kyle Monangai,CHI,MIN,RB2,td,0.5,0,0.0,11.5,22.5,97.0,-0.09299999999999999,
2026,2,D'Andre Swift,CHI,MIN,RB1,rush_yds,79.1,45,0.569,13.0,25.4,97.0,-0.09299999999999999,
2026,2,D'Andre Swift,CHI,MIN,RB1,rush_att,14.6,16,1.096,13.0,25.4,97.0,-0.09299999999999999,
2026,2,D'Andre Swift,CHI,MIN,RB1,td,1.1,0,0.0,28.5,25.4,97.0,-0.09299999999999999,
2026,2,Rome Odunze,CHI,MIN,WR3,rec_yds,46.9,43,0.917,27.0,25.0,91.0,-0.09299999999999999,
2026,2,Kalif Raymond,CHI,MIN,WR1,rec_yds,41.0,40,0.976,26.0,27.33,93.0,-0.09299999999999999,
2026,2,Luther Burden,CHI,MIN,WR2,rec_yds,60.7,32,0.527,3.0,8.5,96.0,-0.09299999999999999,
2026,2,Colston Loveland,CHI,MIN,TE1,rec_yds,42.4,3,0.071,26.0,27.17,89.0,-0.09299999999999999,
2026,2,Colston Loveland,CHI,MIN,TE1,td,0.4,0,0.0,25.5,27.17,89.0,-0.09299999999999999,
2026,2,Joe Burrow,CIN,HOU,QB1,pass_yds,231.7,207,0.893,19.0,16.6,102.0,0.11,
2026,2,Joe Burrow,CIN,HOU,QB1,pass_td,1.9,2,1.053,23.5,16.6,102.0,0.11,
2026,2,Chase Brown,CIN,HOU,RB1,rush_yds,71.1,80,1.125,27.0,25.0,100.0,0.11,
2026,2,Chase Brown,CIN,HOU,RB1,rush_att,15.6,20,1.282,27.0,25.0,100.0,0.11,
2026,2,Chase Brown,CIN,HOU,RB1,rec_yds,28.0,2,0.071,21.0,25.0,100.0,0.11,
2026,2,Chase Brown,CIN,HOU,RB1,td,1.0,0,0.0,24.0,25.0,100.0,0.11,
2026,2,Samaje Perine,CIN,HOU,RB2,rush_yds,32.3,6,0.186,32.0,20.1,97.0,0.11,
2026,2,Samaje Perine,CIN,HOU,RB2,td,0.3,0,0.0,16.0,20.1,97.0,0.11,
2026,2,Tee Higgins,CIN,HOU,WR1,rec_yds,64.8,95,1.466,22.0,26.0,95.0,0.11,
2026,2,Tee Higgins,CIN,HOU,WR1,td,0.8,0,0.0,28.0,26.0,95.0,0.11,
2026,2,Ja'Marr Chase,CIN,HOU,WR2,rec_yds,71.6,75,1.047,20.0,24.33,104.0,0.11,
2026,2,Ja'Marr Chase,CIN,HOU,WR2,td,0.3,2,6.667,25.5,24.33,104.0,0.11,
2026,2,Andrei Iosivas,CIN,HOU,WR3,rec_yds,22.3,7,0.314,5.0,11.33,118.0,0.11,
2026,2,C.J. Stroud,HOU,CIN,QB1,pass_yds,228.4,353,1.546,10.0,10.7,102.0,-0.053,
2026,2,C.J. Stroud,HOU,CIN,QB1,pass_td,1.4,0,0.0,13.0,10.7,102.0,-0.053,
2026,2,Jaylin Noel,HOU,CIN,WR3,rec_yds,23.6,31,1.314,13.0,13.83,118.0,-0.053,
2026,2,David Montgomery,HOU,CIN,RB1,rush_yds,37.0,10,0.27,2.0,7.6,100.0,-0.053,
2026,2,David Montgomery,HOU,CIN,RB1,td,0.9,0,0.0,18.0,7.6,100.0,-0.053,
2026,2,Woody Marks,HOU,CIN,RB2,rush_yds,54.6,8,0.147,12.0,4.2,97.0,-0.053,
2026,2,Woody Marks,HOU,CIN,RB2,rush_att,14.7,8,0.544,12.0,4.2,97.0,-0.053,
2026,2,Woody Marks,HOU,CIN,RB2,td,0.2,0,0.0,3.0,4.2,97.0,-0.053,
2026,2,Dalton Schultz,HOU,CIN,TE1,rec_yds,40.9,140,3.423,8.0,7.17,105.0,-0.053,
2026,2,Dalton Schultz,HOU,CIN,TE1,td,0.2,0,0.0,3.5,7.17,105.0,-0.053,
2026,2,Xavier Hutchinson,HOU,CIN,WR1,rec_yds,27.0,37,1.37,28.0,27.33,95.0,-0.053,
2026,2,Aaron Rodgers,PIT,NE,QB1,pass_yds,207.2,187,0.903,24.0,24.1,102.0,-0.08299999999999999,
2026,2,Aaron Rodgers,PIT,NE,QB1,pass_td,0.9,0,0.0,19.5,24.1,102.0,-0.08299999999999999,
2026,2,Jaylen Warren,PIT,NE,RB1,rush_yds,57.6,43,0.747,28.0,21.0,100.0,-0.08299999999999999,
2026,2,Jaylen Warren,PIT,NE,RB1,rush_att,11.8,11,0.932,28.0,21.0,100.0,-0.08299999999999999,
2026,2,Jaylen Warren,PIT,NE,RB1,td,0.5,0,0.0,25.5,21.0,100.0,-0.08299999999999999,
2026,2,Rico Dowdle,PIT,NE,RB2,rush_yds,37.1,22,0.593,28.0,25.6,97.0,-0.08299999999999999,
2026,2,Rico Dowdle,PIT,NE,RB2,rush_att,12.1,7,0.579,28.0,25.6,97.0,-0.08299999999999999,
2026,2,Rico Dowdle,PIT,NE,RB2,td,0.2,0,0.0,30.5,25.6,97.0,-0.08299999999999999,
2026,2,Pat Freiermuth,PIT,NE,TE1,rec_yds,35.1,32,0.912,23.0,26.17,105.0,-0.08299999999999999,
2026,2,Pat Freiermuth,PIT,NE,TE1,td,0.3,0,0.0,31.0,26.17,105.0,-0.08299999999999999,
2026,2,Roman Wilson,PIT,NE,WR2,rec_yds,21.1,28,1.327,27.0,24.17,104.0,-0.08299999999999999,
2026,2,Roman Wilson,PIT,NE,WR2,td,0.2,0,0.0,15.5,24.17,104.0,-0.08299999999999999,
2026,2,D.K. Metcalf,PIT,NE,WR1,rec_yds,46.9,27,0.576,15.0,12.83,95.0,-0.08299999999999999,
2026,2,D.K. Metcalf,PIT,NE,WR1,td,0.2,0,0.0,12.0,12.83,95.0,-0.08299999999999999,
2026,2,Drake Maye,NE,PIT,QB1,pass_yds,246.5,208,0.844,8.0,13.4,106.0,-0.042,
2026,2,Drake Maye,NE,PIT,QB1,pass_td,1.6,0,0.0,9.5,13.4,106.0,-0.042,
2026,2,TreVeyon Henderson,NE,PIT,RB2,rush_yds,78.5,76,0.968,22.0,20.9,106.0,-0.042,
2026,2,TreVeyon Henderson,NE,PIT,RB2,rush_att,14.12,16,1.133,22.0,20.9,106.0,-0.042,
2026,2,TreVeyon Henderson,NE,PIT,RB2,td,1.12,1,0.889,27.0,20.9,106.0,-0.042,
2026,2,Rhamondre Stevenson,NE,PIT,RB1,rush_yds,54.8,43,0.785,9.0,10.6,97.0,-0.042,
2026,2,Rhamondre Stevenson,NE,PIT,RB1,rush_att,11.5,6,0.522,9.0,10.6,97.0,-0.042,
2026,2,Rhamondre Stevenson,NE,PIT,RB1,rec_yds,27.9,3,0.108,3.0,10.6,97.0,-0.042,
2026,2,Rhamondre Stevenson,NE,PIT,RB1,td,0.7,0,0.0,28.5,10.6,97.0,-0.042,
2026,2,Romeo Doubs,NE,PIT,WR2,rec_yds,28.3,96,3.392,25.0,17.67,107.0,-0.042,
2026,2,Romeo Doubs,NE,PIT,WR2,td,0.2,0,0.0,4.5,17.67,107.0,-0.042,
2026,2,Hunter Henry,NE,PIT,TE1,rec_yds,45.2,40,0.885,14.0,11.17,102.0,-0.042,
2026,2,Hunter Henry,NE,PIT,TE1,td,0.3,0,0.0,3.5,11.17,102.0,-0.042,
2026,2,Mack Hollins,NE,PIT,WR3,rec_yds,53.3,18,0.338,4.0,7.83,105.0,-0.042,
2026,2,DeMario Douglas,NE,PIT,WR1,rec_yds,22.5,9,0.4,9.0,14.0,100.0,-0.042,
2026,2,Jordan Love,GB,NYJ,QB1,pass_yds,235.7,145,0.615,20.0,16.0,101.0,-0.049999999999999996,
2026,2,Jordan Love,GB,NYJ,QB1,pass_td,1.4,2,1.429,4.0,16.0,101.0,-0.049999999999999996,
2026,2,Matthew Golden,GB,NYJ,WR2,rec_yds,30.2,58,1.921,16.0,15.67,99.0,-0.049999999999999996,
2026,2,Christian Watson,GB,NYJ,WR1,rec_yds,76.2,41,0.538,16.0,15.83,100.0,-0.049999999999999996,
2026,2,Christian Watson,GB,NYJ,WR1,td,1.0,1,1.0,16.5,15.83,100.0,-0.049999999999999996,
2026,2,Tucker Kraft,GB,NYJ,TE1,rec_yds,61.9,15,0.242,21.0,18.33,99.0,-0.049999999999999996,
2026,2,Tucker Kraft,GB,NYJ,TE1,td,0.6,0,0.0,14.5,18.33,99.0,-0.049999999999999996,
2026,2,Jayden Reed,GB,NYJ,WR3,rec_yds,35.29,4,0.113,17.0,15.17,96.0,-0.049999999999999996,
2026,2,Geno Smith,NYJ,GB,QB1,pass_yds,203.8,247,1.212,26.0,23.7,106.0,0.08800000000000001,
2026,2,Geno Smith,NYJ,GB,QB1,pass_td,1.2,1,0.833,13.0,23.7,106.0,0.08800000000000001,
2026,2,Breece Hall,NYJ,GB,RB1,rush_yds,68.8,29,0.422,10.0,20.8,97.0,0.08800000000000001,
2026,2,Breece Hall,NYJ,GB,RB1,rush_att,17.0,16,0.941,10.0,20.8,97.0,0.08800000000000001,
2026,2,Breece Hall,NYJ,GB,RB1,rec_yds,20.4,63,3.088,29.0,20.8,97.0,0.08800000000000001,
2026,2,Breece Hall,NYJ,GB,RB1,td,0.5,0,0.0,21.0,20.8,97.0,0.08800000000000001,
2026,2,Braelon Allen,NYJ,GB,RB2,rush_yds,26.0,7,0.269,18.0,16.0,106.0,0.08800000000000001,
2026,2,Braelon Allen,NYJ,GB,RB2,td,0.17,1,6.0,16.0,16.0,106.0,0.08800000000000001,
2026,2,Adonai Mitchell,NYJ,GB,WR1,rec_yds,42.1,63,1.496,17.0,12.17,100.0,0.08800000000000001,
2026,2,Adonai Mitchell,NYJ,GB,WR1,td,0.2,0,0.0,2.0,12.17,100.0,0.08800000000000001,
2026,2,Garrett Wilson,NYJ,GB,WR2,rec_yds,61.44,57,0.928,22.0,23.67,107.0,0.08800000000000001,
2026,2,Garrett Wilson,NYJ,GB,WR2,td,0.44,1,2.25,25.5,23.67,107.0,0.08800000000000001,
2026,2,Jalen Hurts,PHI,TEN,QB1,pass_yds,195.3,264,1.352,9.0,13.6,95.0,-0.07200000000000001,
2026,2,Jalen Hurts,PHI,TEN,QB1,pass_td,1.6,2,1.25,13.0,13.6,95.0,-0.07200000000000001,
2026,2,Tank Bigsby,PHI,TEN,RB2,rush_yds,23.5,33,1.404,17.0,17.6,103.0,-0.07200000000000001,
2026,2,Tank Bigsby,PHI,TEN,RB2,td,0.2,1,5.0,8.5,17.6,103.0,-0.07200000000000001,
2026,2,Saquon Barkley,PHI,TEN,RB1,rush_yds,78.7,9,0.114,16.0,21.8,96.0,-0.07200000000000001,
2026,2,Saquon Barkley,PHI,TEN,RB1,rush_att,18.3,4,0.219,16.0,21.8,96.0,-0.07200000000000001,
2026,2,Saquon Barkley,PHI,TEN,RB1,td,0.3,0,0.0,14.0,21.8,96.0,-0.07200000000000001,
2026,2,DeVonta Smith,PHI,TEN,WR1,rec_yds,45.7,117,2.56,1.0,4.0,107.0,-0.07200000000000001,
2026,2,Dontayvion Wicks,PHI,TEN,WR2,rec_yds,34.9,74,2.12,12.0,14.33,95.0,-0.07200000000000001,
2026,2,Dontayvion Wicks,PHI,TEN,WR2,td,0.4,0,0.0,15.5,14.33,95.0,-0.07200000000000001,
2026,2,Dallas Goedert,PHI,TEN,TE1,rec_yds,45.6,4,0.088,4.5,7.17,103.0,-0.07200000000000001,
2026,2,Dallas Goedert,PHI,TEN,TE1,td,0.8,0,0.0,11.0,7.17,103.0,-0.07200000000000001,
2026,2,Cam Ward,TEN,PHI,QB1,pass_yds,168.9,183,1.083,27.0,17.9,101.0,-0.011999999999999997,
2026,2,Cam Ward,TEN,PHI,QB1,pass_td,1.2,0,0.0,31.5,17.9,101.0,-0.011999999999999997,
2026,2,Tony Pollard,TEN,PHI,RB1,rush_yds,67.2,64,0.952,23.0,17.7,102.0,-0.011999999999999997,
2026,2,Tony Pollard,TEN,PHI,RB1,rush_att,13.7,14,1.022,23.0,17.7,102.0,-0.011999999999999997,
2026,2,Tony Pollard,TEN,PHI,RB1,td,0.3,0,0.0,9.0,17.7,102.0,-0.011999999999999997,
2026,2,Elic Ayomanor,TEN,PHI,WR3,rec_yds,26.0,69,2.654,25.0,26.17,96.0,-0.011999999999999997,
2026,2,Elic Ayomanor,TEN,PHI,WR3,td,0.4,0,0.0,31.0,26.17,96.0,-0.011999999999999997,
2026,2,Gunnar Helm,TEN,PHI,TE1,rec_yds,24.1,13,0.539,31.0,29.83,99.0,-0.011999999999999997,
2026,2,Wan'Dale Robinson,TEN,PHI,WR2,rec_yds,59.6,9,0.151,4.0,9.5,99.0,-0.011999999999999997,
2026,2,Wan'Dale Robinson,TEN,PHI,WR2,td,0.2,0,0.0,15.5,9.5,99.0,-0.011999999999999997,
2026,2,Tyler Shough,NO,BAL,QB1,pass_yds,290.0,252,0.869,7.0,13.7,86.0,0.032,
2026,2,Tyler Shough,NO,BAL,QB1,pass_td,1.5,1,0.667,22.0,13.7,86.0,0.032,
2026,2,Travis Etienne,NO,BAL,RB1,rush_yds,54.3,25,0.46,31.0,16.1,97.0,0.032,
2026,2,Travis Etienne,NO,BAL,RB1,rush_att,14.3,8,0.559,31.0,16.1,97.0,0.032,
2026,2,Travis Etienne,NO,BAL,RB1,rec_yds,22.6,6,0.265,4.0,16.1,97.0,0.032,
2026,2,Travis Etienne,NO,BAL,RB1,td,0.9,0,0.0,18.0,16.1,97.0,0.032,
2026,2,Alvin Kamara,NO,BAL,RB2,rush_yds,35.62,15,0.421,9.0,9.6,97.0,0.032,
2026,2,Alvin Kamara,NO,BAL,RB2,rush_att,10.12,9,0.889,9.0,9.6,97.0,0.032,
2026,2,Chris Olave,NO,BAL,WR1,rec_yds,102.4,86,0.84,3.0,12.5,93.0,0.032,
2026,2,Chris Olave,NO,BAL,WR1,td,0.6,1,1.667,23.0,12.5,93.0,0.032,
2026,2,Juwan Johnson,NO,BAL,TE1,rec_yds,59.8,66,1.104,30.0,26.67,89.0,0.032,
2026,2,Juwan Johnson,NO,BAL,TE1,td,0.3,0,0.0,20.0,26.67,89.0,0.032,
2026,2,Devaughn Vele,NO,BAL,WR2,rec_yds,41.8,64,1.531,11.0,12.5,96.0,0.032,
2026,2,Devaughn Vele,NO,BAL,WR2,td,0.4,0,0.0,15.5,12.5,96.0,0.032,
2026,2,Lamar Jackson,BAL,NO,QB1,pass_yds,212.4,235,1.106,30.0,25.9,106.0,0.227,
2026,2,Lamar Jackson,BAL,NO,QB1,pass_td,0.9,1,1.111,16.5,25.9,106.0,0.227,
2026,2,Derrick Henry,BAL,NO,RB1,rush_yds,117.9,68,0.577,5.0,13.6,97.0,0.227,
2026,2,Derrick Henry,BAL,NO,RB1,rush_att,20.7,16,0.773,5.0,13.6,97.0,0.227,
2026,2,Derrick Henry,BAL,NO,RB1,td,1.6,1,0.625,14.0,13.6,97.0,0.227,
2026,2,Justice Hill,BAL,NO,RB2,td,0.3,0,0.0,22.0,21.0,106.0,0.227,
2026,2,Mark Andrews,BAL,NO,TE1,rec_yds,27.6,49,1.775,25.0,22.67,102.0,0.227,
2026,2,Chris Moore,BAL,NO,WR2,rec_yds,31.3,6,0.192,19.0,16.33,107.0,0.227,
2026,2,Quinshon Judkins,CLE,TB,RB1,rush_yds,42.6,21,0.493,24.0,11.2,97.0,-0.07200000000000001,
2026,2,Quinshon Judkins,CLE,TB,RB1,rush_att,14.5,12,0.828,24.0,11.2,97.0,-0.07200000000000001,
2026,2,Quinshon Judkins,CLE,TB,RB1,td,0.2,0,0.0,14.0,11.2,97.0,-0.07200000000000001,
2026,2,Raheim Sanders,CLE,TB,RB2,td,0.17,0,0.0,30.5,20.4,106.0,-0.07200000000000001,
2026,2,Harold Fannin,CLE,TB,TE1,rec_yds,42.1,54,1.283,3.0,2.33,102.0,-0.07200000000000001,
2026,2,Harold Fannin,CLE,TB,TE1,td,0.5,0,0.0,2.0,2.33,102.0,-0.07200000000000001,
2026,2,Jerry Jeudy,CLE,TB,WR3,rec_yds,31.9,0,0.0,12.0,12.0,105.0,-0.07200000000000001,
2026,2,Baker Mayfield,TB,CLE,QB1,pass_yds,193.3,182,0.942,31.0,26.5,101.0,-0.14300000000000002,
2026,2,Baker Mayfield,TB,CLE,QB1,pass_td,1.0,1,1.0,9.5,26.5,101.0,-0.14300000000000002,
2026,2,Bucky Irving,TB,CLE,RB1,rush_yds,57.0,89,1.561,8.0,16.4,102.0,-0.14300000000000002,
2026,2,Bucky Irving,TB,CLE,RB1,rush_att,15.8,17,1.076,8.0,16.4,102.0,-0.14300000000000002,
2026,2,Bucky Irving,TB,CLE,RB1,rec_yds,31.5,1,0.032,19.0,16.4,102.0,-0.14300000000000002,
2026,2,Bucky Irving,TB,CLE,RB1,td,0.5,0,0.0,14.0,16.4,102.0,-0.14300000000000002,
2026,2,Chris Godwin,TB,CLE,WR3,rec_yds,41.4,46,1.111,16.0,14.0,96.0,-0.14300000000000002,
2026,2,Chris Godwin,TB,CLE,WR3,td,0.2,0,0.0,9.5,14.0,96.0,-0.14300000000000002,
2026,2,Kenneth Gainwell,TB,CLE,RB2,rush_yds,34.7,10,0.288,21.0,21.7,99.0,-0.14300000000000002,
2026,2,Kenneth Gainwell,TB,CLE,RB2,td,0.5,0,0.0,32.0,21.7,99.0,-0.14300000000000002,
2026,2,Cade Otton,TB,CLE,TE1,rec_yds,35.3,38,1.076,29.0,26.33,99.0,-0.14300000000000002,
2026,2,Emeka Egbuka,TB,CLE,WR1,rec_yds,38.7,16,0.413,30.0,23.17,100.0,-0.14300000000000002,
2026,2,Trevor Lawrence,JAX,DEN,QB1,pass_yds,249.9,189,0.756,23.0,19.8,101.0,0.183,
2026,2,Trevor Lawrence,JAX,DEN,QB1,pass_td,2.7,0,0.0,27.5,19.8,101.0,0.183,
2026,2,Bhayshul Tuten,JAX,DEN,RB1,rush_yds,30.9,65,2.104,17.0,19.2,102.0,0.183,
2026,2,Bhayshul Tuten,JAX,DEN,RB1,td,0.5,1,2.0,9.0,19.2,102.0,0.183,
2026,2,Chris Rodriguez,JAX,DEN,RB2,rush_yds,42.9,13,0.303,30.0,29.3,99.0,0.183,
2026,2,Chris Rodriguez,JAX,DEN,RB2,td,0.5,0,0.0,27.0,29.3,99.0,0.183,
2026,2,Parker Washington,JAX,DEN,WR1,rec_yds,71.6,98,1.369,32.0,29.83,100.0,0.183,
2026,2,Parker Washington,JAX,DEN,WR1,td,0.6,0,0.0,32.0,29.83,100.0,0.183,
2026,2,Brian Thomas,JAX,DEN,WR2,rec_yds,45.3,40,0.883,14.0,14.83,99.0,0.183,
2026,2,Jakobi Meyers,JAX,DEN,WR3,rec_yds,52.2,28,0.536,10.0,14.17,96.0,0.183,
2026,2,Jakobi Meyers,JAX,DEN,WR3,td,0.5,0,0.0,22.5,14.17,96.0,0.183,
2026,2,Brenton Strange,JAX,DEN,TE1,rec_yds,40.4,17,0.421,4.5,12.67,99.0,0.183,
2026,2,Brenton Strange,JAX,DEN,TE1,td,0.5,0,0.0,20.0,12.67,99.0,0.183,
2026,2,Bo Nix,DEN,JAX,QB1,pass_yds,221.7,288,1.299,14.0,14.0,106.0,-0.084,
2026,2,Bo Nix,DEN,JAX,QB1,pass_td,1.0,1,1.0,19.5,14.0,106.0,-0.084,
2026,2,J.K. Dobbins,DEN,JAX,RB1,rush_yds,70.5,36,0.511,32.0,23.8,97.0,-0.084,
2026,2,J.K. Dobbins,DEN,JAX,RB1,rush_att,13.9,10,0.719,32.0,23.8,97.0,-0.084,
2026,2,J.K. Dobbins,DEN,JAX,RB1,td,0.2,0,0.0,27.0,23.8,97.0,-0.084,
2026,2,Pat Bryant,DEN,JAX,WR3,rec_yds,41.6,0,0.0,32.0,28.5,105.0,-0.084,
2026,2,Jaylen Waddle,DEN,JAX,WR1,rec_yds,41.0,138,3.366,10.0,8.33,100.0,-0.084,
2026,2,Jaylen Waddle,DEN,JAX,WR1,td,0.2,0,0.0,13.5,8.33,100.0,-0.084,
2026,2,Courtland Sutton,DEN,JAX,WR2,rec_yds,47.3,25,0.529,13.0,12.83,107.0,-0.084,
2026,2,Courtland Sutton,DEN,JAX,WR2,td,0.3,0,0.0,8.5,12.83,107.0,-0.084,
2026,2,Evan Engram,DEN,JAX,TE1,rec_yds,33.2,17,0.512,12.0,11.83,102.0,-0.084,
2026,2,Evan Engram,DEN,JAX,TE1,td,0.2,0,0.0,14.5,11.83,102.0,-0.084,
2026,2,Kirk Cousins,LV,LAC,QB1,pass_yds,183.9,253,1.376,25.0,23.4,95.0,0.008999999999999998,
2026,2,Kirk Cousins,LV,LAC,QB1,pass_td,1.6,3,1.875,31.5,23.4,95.0,0.008999999999999998,
2026,2,Ashton Jeanty,LV,LAC,RB1,rush_yds,63.2,48,0.759,21.0,25.3,96.0,0.008999999999999998,
2026,2,Ashton Jeanty,LV,LAC,RB1,rush_att,16.9,21,1.243,21.0,25.3,96.0,0.008999999999999998,
2026,2,Ashton Jeanty,LV,LAC,RB1,rec_yds,30.0,15,0.5,31.0,25.3,96.0,0.008999999999999998,
2026,2,Ashton Jeanty,LV,LAC,RB1,td,0.7,0,0.0,21.0,25.3,96.0,0.008999999999999998,
2026,2,Tre Tucker,LV,LAC,WR1,rec_yds,29.5,119,4.034,11.0,14.33,107.0,0.008999999999999998,
2026,2,Jack Bech,LV,LAC,WR3,rec_yds,21.0,25,1.19,24.0,25.83,98.0,0.008999999999999998,
2026,2,Jack Bech,LV,LAC,WR3,td,0.2,0,0.0,22.5,25.83,98.0,0.008999999999999998,
2026,2,Michael Mayer,LV,LAC,TE1,rec_yds,29.5,23,0.78,16.0,13.5,103.0,0.008999999999999998,
2026,2,Jalen Nailor,LV,LAC,WR2,td,0.2,0,0.0,31.0,24.33,95.0,0.008999999999999998,
2026,2,Justin Herbert,LAC,LV,QB1,pass_yds,200.5,192,0.958,21.0,17.2,106.0,-0.268,
2026,2,Justin Herbert,LAC,LV,QB1,pass_td,1.2,1,0.833,25.5,17.2,106.0,-0.268,
2026,2,Omarion Hampton,LAC,LV,RB1,rush_yds,58.3,94,1.612,29.0,23.6,97.0,-0.268,
2026,2,Omarion Hampton,LAC,LV,RB1,rush_att,13.3,23,1.729,29.0,23.6,97.0,-0.268,
2026,2,Omarion Hampton,LAC,LV,RB1,td,0.7,1,1.429,21.0,23.6,97.0,-0.268,
2026,2,Keaton Mitchell,LAC,LV,RB2,rush_yds,26.6,24,0.902,3.0,9.8,106.0,-0.268,
2026,2,Quentin Johnston,LAC,LV,WR1,rec_yds,39.2,7,0.179,24.0,22.83,100.0,-0.268,
2026,2,Quentin Johnston,LAC,LV,WR1,td,0.4,0,0.0,16.5,22.83,100.0,-0.268,
2026,2,Tre Harris,LAC,LV,WR3,rec_yds,24.3,53,2.181,18.0,15.17,105.0,-0.268,
2026,2,Ladd McConkey,LAC,LV,WR2,rec_yds,48.5,35,0.722,9.0,13.83,107.0,-0.268,
2026,2,Ladd McConkey,LAC,LV,WR2,td,0.5,0,0.0,25.5,13.83,107.0,-0.268,
2026,2,David Njoku,LAC,LV,TE1,rec_yds,29.2,9,0.308,28.0,25.17,102.0,-0.268,
2026,2,David Njoku,LAC,LV,TE1,td,0.4,0,0.0,20.0,25.17,102.0,-0.268,
2026,2,Drew Lock,SEA,ARI,QB1,pass_yds,77.8,235,3.021,11.0,16.8,95.0,0.10400000000000001,
2026,2,Emanuel Wilson,SEA,ARI,RB2,rush_yds,32.2,92,2.857,1.0,14.6,103.0,0.10400000000000001,
2026,2,Emanuel Wilson,SEA,ARI,RB2,td,0.3,0,0.0,5.5,14.6,103.0,0.10400000000000001,
2026,2,AJ Barner,SEA,ARI,TE1,rec_yds,30.9,8,0.259,2.0,3.0,103.0,0.10400000000000001,
2026,2,AJ Barner,SEA,ARI,TE1,td,0.2,1,5.0,6.0,3.0,103.0,0.10400000000000001,
2026,2,Jaxon Smith-Njigba,SEA,ARI,WR1,rec_yds,99.6,155,1.556,2.0,5.83,107.0,0.10400000000000001,
2026,2,Jaxon Smith-Njigba,SEA,ARI,WR1,td,0.7,3,4.286,7.5,5.83,107.0,0.10400000000000001,
2026,2,Cooper Kupp,SEA,ARI,WR3,rec_yds,29.6,20,0.676,31.0,29.17,98.0,0.10400000000000001,
2026,2,Jacoby Brissett,ARI,SEA,QB1,pass_yds,280.2,95,0.339,22.0,20.1,86.0,-0.122,
2026,2,Jacoby Brissett,ARI,SEA,QB1,pass_td,1.7,1,0.588,27.5,20.1,86.0,-0.122,
2026,2,Tyler Allgeier,ARI,SEA,RB2,rush_yds,36.6,10,0.273,27.0,16.0,97.0,-0.122,
2026,2,Tyler Allgeier,ARI,SEA,RB2,rush_att,10.3,5,0.485,27.0,16.0,97.0,-0.122,
2026,2,Tyler Allgeier,ARI,SEA,RB2,td,0.2,0,0.0,22.0,16.0,97.0,-0.122,
2026,2,Trey McBride,ARI,SEA,TE1,rec_yds,82.6,41,0.496,6.0,14.33,89.0,-0.122,
2026,2,Trey McBride,ARI,SEA,TE1,td,0.7,1,1.429,31.0,14.33,89.0,-0.122,
2026,2,Michael Wilson,ARI,SEA,WR1,rec_yds,88.7,18,0.203,25.0,17.83,93.0,-0.122,
2026,2,Michael Wilson,ARI,SEA,WR1,td,0.6,0,0.0,13.5,17.83,93.0,-0.122,
2026,2,Kendrick Bourne,ARI,SEA,WR2,rec_yds,31.6,11,0.348,32.0,29.17,96.0,-0.122,
2026,2,Marvin Harrison Jr.,ARI,SEA,WR3,rec_yds,46.6,0,0.0,21.0,21.5,91.0,-0.122,
2026,2,Marvin Harrison Jr.,ARI,SEA,WR3,td,0.2,0,0.0,31.0,21.5,91.0,-0.122,
2026,2,Jayden Daniels,WAS,DAL,QB1,pass_yds,176.67,96,0.543,2.0,1.3,106.0,0.155,
2026,2,Jayden Daniels,WAS,DAL,QB1,pass_td,1.33,1,0.75,1.0,1.3,106.0,0.155,
2026,2,Rachaad White,WAS,DAL,RB2,rush_yds,29.1,43,1.478,14.0,9.2,106.0,0.155,
2026,2,Jacory Croskey-Merritt,WAS,DAL,RB1,rush_yds,49.1,43,0.876,20.0,11.6,97.0,0.155,
2026,2,Jacory Croskey-Merritt,WAS,DAL,RB1,rush_att,11.3,12,1.062,20.0,11.6,97.0,0.155,
2026,2,Jacory Croskey-Merritt,WAS,DAL,RB1,td,0.6,0,0.0,18.0,11.6,97.0,0.155,
2026,2,Terry McLaurin,WAS,DAL,WR2,rec_yds,53.5,50,0.935,5.0,8.5,107.0,0.155,
2026,2,Terry McLaurin,WAS,DAL,WR2,td,0.3,0,0.0,15.5,8.5,107.0,0.155,
2026,2,Stefon Diggs,WAS,DAL,WR1,rec_yds,61.5,47,0.764,14.0,13.17,100.0,0.155,
2026,2,Stefon Diggs,WAS,DAL,WR1,td,0.4,2,5.0,4.0,13.17,100.0,0.155,
2026,2,Dak Prescott,DAL,WAS,QB1,pass_yds,258.3,279,1.08,6.0,9.4,102.0,0.228,
2026,2,Dak Prescott,DAL,WAS,QB1,pass_td,1.7,4,2.353,2.0,9.4,102.0,0.228,
2026,2,Javonte Williams,DAL,WAS,RB1,rush_yds,65.0,30,0.462,4.0,12.4,100.0,0.228,
2026,2,Javonte Williams,DAL,WAS,RB1,rush_att,15.2,12,0.789,4.0,12.4,100.0,0.228,
2026,2,Javonte Williams,DAL,WAS,RB1,td,0.8,0,0.0,9.0,12.4,100.0,0.228,
2026,2,Emari Demercado,DAL,WAS,RB2,rush_yds,23.7,8,0.338,7.0,14.9,97.0,0.228,
2026,2,CeeDee Lamb,DAL,WAS,WR1,rec_yds,67.4,153,2.27,21.0,26.33,95.0,0.228,
2026,2,CeeDee Lamb,DAL,WAS,WR1,td,0.4,2,5.0,28.0,26.33,95.0,0.228,
2026,2,Jake Ferguson,DAL,WAS,TE1,rec_yds,22.8,43,1.886,9.0,10.67,105.0,0.228,
2026,2,Jake Ferguson,DAL,WAS,TE1,td,0.2,2,10.0,1.0,10.67,105.0,0.228,
2026,2,George Pickens,DAL,WAS,WR2,rec_yds,72.1,40,0.555,1.0,1.0,104.0,0.228,
2026,2,George Pickens,DAL,WAS,WR2,td,0.3,0,0.0,1.0,1.0,104.0,0.228,
2026,2,Ryan Flournoy,DAL,WAS,WR3,rec_yds,33.3,23,0.691,20.0,17.33,118.0,0.228,
2026,2,Ryan Flournoy,DAL,WAS,WR3,td,0.4,0,0.0,17.5,17.33,118.0,0.228,
2026,2,Malik Willis,MIA,SF,QB1,pass_yds,143.67,197,1.371,12.0,20.1,106.0,-0.13699999999999998,
2026,2,De'Von Achane,MIA,SF,RB1,rush_yds,88.3,74,0.838,25.0,12.4,97.0,-0.13699999999999998,
2026,2,De'Von Achane,MIA,SF,RB1,rush_att,15.3,20,1.307,25.0,12.4,97.0,-0.13699999999999998,
2026,2,De'Von Achane,MIA,SF,RB1,rec_yds,31.3,19,0.607,8.0,12.4,97.0,-0.13699999999999998,
2026,2,De'Von Achane,MIA,SF,RB1,td,0.5,0,0.0,14.0,12.4,97.0,-0.13699999999999998,
2026,2,Jaylen Wright,MIA,SF,RB2,rush_yds,25.8,11,0.426,5.5,14.5,106.0,-0.13699999999999998,
2026,2,Jaylen Wright,MIA,SF,RB2,td,0.2,0,0.0,27.0,14.5,106.0,-0.13699999999999998,
2026,2,Malik Washington,MIA,SF,WR1,rec_yds,24.0,43,1.792,19.0,18.67,100.0,-0.13699999999999998,
2026,2,Malik Washington,MIA,SF,WR1,td,0.3,0,0.0,28.0,18.67,100.0,-0.13699999999999998,
2026,2,Greg Dulcich,MIA,SF,TE1,rec_yds,32.2,17,0.528,18.0,15.33,102.0,-0.13699999999999998,
2026,2,Brock Purdy,SF,MIA,QB1,pass_yds,230.0,287,1.248,15.0,13.9,86.0,0.366,
2026,2,Brock Purdy,SF,MIA,QB1,pass_td,2.4,2,0.833,6.0,13.9,86.0,0.366,
2026,2,Christian McCaffrey,SF,MIA,RB1,rush_yds,74.2,23,0.31,6.0,7.1,97.0,0.366,
2026,2,Christian McCaffrey,SF,MIA,RB1,rush_att,16.3,10,0.613,6.0,7.1,97.0,0.366,
2026,2,Christian McCaffrey,SF,MIA,RB1,rec_yds,33.8,43,1.272,10.0,7.1,97.0,0.366,
2026,2,Christian McCaffrey,SF,MIA,RB1,td,0.9,2,2.222,9.0,7.1,97.0,0.366,
2026,2,Deebo Samuel,SF,MIA,WR1,rec_yds,45.6,31,0.68,31.0,26.5,93.0,0.366,
2026,2,Deebo Samuel,SF,MIA,WR1,td,0.4,0,0.0,23.0,26.5,93.0,0.366,
2026,2,George Kittle,SF,MIA,TE1,rec_yds,58.4,80,1.37,13.0,12.17,89.0,0.366,
2026,2,George Kittle,SF,MIA,TE1,td,0.5,1,2.0,20.0,12.17,89.0,0.366,
2026,2,Mike Evans,SF,MIA,WR2,rec_yds,46.6,54,1.159,24.0,18.67,96.0,0.366,
2026,2,Mike Evans,SF,MIA,WR2,td,0.5,0,0.0,2.0,18.67,96.0,0.366,
2026,2,Demarcus Robinson,SF,MIA,WR3,rec_yds,26.8,34,1.269,23.0,15.67,91.0,0.366,
2026,2,Demarcus Robinson,SF,MIA,WR3,td,0.3,0,0.0,9.5,15.67,91.0,0.366,
2026,2,Daniel Jones,IND,KC,QB1,pass_yds,214.3,210,0.98,29.0,22.3,95.0,-0.079,
2026,2,Daniel Jones,IND,KC,QB1,pass_td,1.5,1,0.667,29.0,22.3,95.0,-0.079,
2026,2,Jonathan Taylor,IND,KC,RB1,rush_yds,88.6,92,1.038,26.0,28.3,96.0,-0.079,
2026,2,Jonathan Taylor,IND,KC,RB1,rush_att,20.4,24,1.176,26.0,28.3,96.0,-0.079,
2026,2,Jonathan Taylor,IND,KC,RB1,rec_yds,20.6,40,1.942,30.0,28.3,96.0,-0.079,
2026,2,Jonathan Taylor,IND,KC,RB1,td,1.0,2,2.0,30.5,28.3,96.0,-0.079,
2026,2,Tyler Warren,IND,KC,TE1,rec_yds,32.5,21,0.646,19.0,18.33,103.0,-0.079,
2026,2,Tyler Warren,IND,KC,TE1,td,0.3,1,3.333,20.0,18.33,103.0,-0.079,
2026,2,Josh Downs,IND,KC,WR1,rec_yds,32.7,72,2.202,29.0,26.33,107.0,-0.079,
2026,2,Alec Pierce,IND,KC,WR3,rec_yds,62.4,11,0.176,26.0,20.0,98.0,-0.079,
2026,2,Alec Pierce,IND,KC,WR3,td,0.6,0,0.0,9.5,20.0,98.0,-0.079,
2026,2,Keenan Allen,IND,KC,WR2,rec_yds,32.1,5,0.156,21.0,22.67,95.0,-0.079,
2026,2,Patrick Mahomes,KC,IND,QB1,pass_yds,244.1,382,1.565,1.0,12.1,102.0,0.196,
2026,2,Patrick Mahomes,KC,IND,QB1,pass_td,1.5,3,2.0,21.0,12.1,102.0,0.196,
2026,2,Kenneth Walker III,KC,IND,RB1,rush_yds,83.4,117,1.403,11.0,16.9,100.0,0.196,
2026,2,Kenneth Walker III,KC,IND,RB1,rush_att,14.7,24,1.633,11.0,16.9,100.0,0.196,
2026,2,Kenneth Walker III,KC,IND,RB1,rec_yds,23.5,61,2.596,25.0,16.9,100.0,0.196,
2026,2,Kenneth Walker III,KC,IND,RB1,td,0.6,0,0.0,4.5,16.9,100.0,0.196,
2026,2,Travis Kelce,KC,IND,TE1,rec_yds,45.3,101,2.23,1.0,12.5,105.0,0.196,
2026,2,Travis Kelce,KC,IND,TE1,td,0.2,1,5.0,28.5,12.5,105.0,0.196,
2026,2,Tyquan Thornton,KC,IND,WR3,rec_yds,26.7,86,3.221,2.0,4.17,118.0,0.196,
2026,2,Rashee Rice,KC,IND,WR2,rec_yds,60.9,83,1.363,6.0,13.0,104.0,0.196,
2026,2,Rashee Rice,KC,IND,WR2,td,0.8,0,0.0,31.0,13.0,104.0,0.196,
2026,2,Xavier Worthy,KC,IND,WR1,rec_yds,33.5,25,0.746,7.0,10.83,95.0,0.196,
2026,2,Jaxson Dart,NYG,LAR,QB1,pass_yds,194.1,20,0.103,13.0,17.7,95.0,-0.14500000000000002,
2026,2,Jaxson Dart,NYG,LAR,QB1,pass_td,1.4,0,0.0,9.5,17.7,95.0,-0.14500000000000002,
2026,2,Cam Skattebo,NYG,LAR,RB1,rush_yds,57.2,36,0.629,19.0,15.2,96.0,-0.14500000000000002,
2026,2,Cam Skattebo,NYG,LAR,RB1,rush_att,13.7,12,0.876,19.0,15.2,96.0,-0.14500000000000002,
2026,2,Cam Skattebo,NYG,LAR,RB1,rec_yds,20.7,19,0.918,6.5,15.2,96.0,-0.14500000000000002,
2026,2,Cam Skattebo,NYG,LAR,RB1,td,0.9,0,0.0,30.5,15.2,96.0,-0.14500000000000002,
2026,2,Devin Singletary,NYG,LAR,RB2,rush_yds,34.2,9,0.263,19.0,17.2,103.0,-0.14500000000000002,
2026,2,Devin Singletary,NYG,LAR,RB2,td,0.7,0,0.0,22.0,17.2,103.0,-0.14500000000000002,
2026,2,Darnell Mooney,NYG,LAR,WR3,rec_yds,30.7,48,1.564,7.0,8.17,98.0,-0.14500000000000002,
2026,2,Isaiah Likely,NYG,LAR,TE1,rec_yds,43.7,33,0.755,22.0,15.83,103.0,-0.14500000000000002,
2026,2,Isaiah Likely,NYG,LAR,TE1,td,0.5,0,0.0,14.5,15.83,103.0,-0.14500000000000002,
2026,2,Malik Nabers,NYG,LAR,WR1,rec_yds,68.17,1,0.015,8.0,4.5,107.0,-0.14500000000000002,
2026,2,Malik Nabers,NYG,LAR,WR1,td,0.33,0,0.0,4.0,4.5,107.0,-0.14500000000000002,
2026,2,Matthew Stafford,LAR,NYG,QB1,pass_yds,259.0,327,1.263,16.0,12.4,95.0,0.037,
2026,2,Matthew Stafford,LAR,NYG,QB1,pass_td,2.1,4,1.905,16.5,12.4,95.0,0.037,
2026,2,Kyren Williams,LAR,NYG,RB1,rush_yds,67.5,85,1.259,3.0,7.0,96.0,0.037,
2026,2,Kyren Williams,LAR,NYG,RB1,rush_att,13.5,12,0.889,3.0,7.0,96.0,0.037,
2026,2,Kyren Williams,LAR,NYG,RB1,td,0.7,1,1.429,4.5,7.0,96.0,0.037,
2026,2,Blake Corum,LAR,NYG,RB2,rush_yds,54.7,79,1.444,16.0,14.4,103.0,0.037,
2026,2,Blake Corum,LAR,NYG,RB2,td,0.5,0,0.0,8.5,14.4,103.0,0.037,
2026,2,Davante Adams,LAR,NYG,WR1,rec_yds,44.5,195,4.382,12.0,11.5,107.0,0.037,
2026,2,Davante Adams,LAR,NYG,WR1,td,1.1,2,1.818,16.5,11.5,107.0,0.037,
2026,2,Terrance Ferguson,LAR,NYG,TE1,td,0.2,1,5.0,25.5,21.17,103.0,0.037,
2026,2,Tutu Atwell,LAR,NYG,WR3,rec_yds,24.0,19,0.792,19.0,20.83,98.0,0.037,
2026,3,Michael Penix,ATL,GB,QB1,pass_yds,210.5,256,1.216,24.0,23.1,106.0,-0.092,
2026,3,Michael Penix,ATL,GB,QB1,pass_td,1.0,1,1.0,14.5,23.1,106.0,-0.092,
2026,3,Bijan Robinson,ATL,GB,RB1,rush_yds,92.42,194,2.099,13.0,18.9,97.0,-0.092,-0.13
2026,3,Bijan Robinson,ATL,GB,RB1,rush_att,18.83,29,1.54,13.0,18.9,97.0,-0.092,-0.13
2026,3,Bijan Robinson,ATL,GB,RB1,rec_yds,45.92,19,0.414,19.0,18.9,97.0,-0.092,-0.13
2026,3,Bijan Robinson,ATL,GB,RB1,td,0.75,2,2.667,22.5,18.9,97.0,-0.092,-0.13
2026,3,Brian Robinson Jr.,ATL,GB,RB2,rush_yds,30.58,50,1.635,21.0,15.6,106.0,-0.092,0.11499999999999999
2026,3,Drake London,ATL,GB,WR1,rec_yds,67.5,194,2.874,18.0,12.0,100.0,-0.092,-0.18000000000000005
2026,3,Drake London,ATL,GB,WR1,td,0.5,0,0.0,6.0,12.0,100.0,-0.092,-0.18000000000000005
2026,3,Austin Hooper,ATL,GB,TE1,td,0.2,1,5.0,12.0,17.33,102.0,-0.092,
2026,3,Olamide Zaccheaus,ATL,GB,WR3,td,0.17,0,0.0,17.5,12.17,105.0,-0.092,0.065
2026,3,Jordan Love,GB,ATL,QB1,pass_yds,220.58,312,1.414,16.0,17.2,102.0,-0.136,0.0
2026,3,Jordan Love,GB,ATL,QB1,pass_td,1.5,2,1.333,10.0,17.2,102.0,-0.136,0.0
2026,3,MarShawn Lloyd,GB,ATL,RB1,rush_yds,28.5,11,0.386,16.0,16.8,100.0,-0.136,-0.08499999999999996
2026,3,MarShawn Lloyd,GB,ATL,RB1,td,0.5,0,0.0,24.0,16.8,100.0,-0.136,-0.08499999999999996
2026,3,Matthew Golden,GB,ATL,WR1,rec_yds,34.83,100,2.871,17.0,17.5,95.0,-0.136,0.020000000000000018
2026,3,Christian Watson,GB,ATL,WR2,rec_yds,70.33,96,1.365,7.0,9.0,104.0,-0.136,0.06999999999999995
2026,3,Christian Watson,GB,ATL,WR2,td,1.0,1,1.0,17.0,9.0,104.0,-0.136,0.06999999999999995
2026,3,Tucker Kraft,GB,ATL,TE1,rec_yds,54.08,26,0.481,27.0,27.5,105.0,-0.136,0.15999999999999992
2026,3,Tucker Kraft,GB,ATL,TE1,td,0.5,0,0.0,28.0,27.5,105.0,-0.136,0.15999999999999992
2026,3,Justin Herbert,LAC,BUF,QB1,pass_yds,199.08,226,1.135,31.0,21.6,86.0,-0.028999999999999984,0.0
2026,3,Justin Herbert,LAC,BUF,QB1,pass_td,1.17,1,0.857,18.0,21.6,86.0,-0.028999999999999984,0.0
2026,3,Omarion Hampton,LAC,BUF,RB1,rush_yds,64.25,56,0.872,9.0,9.1,97.0,-0.028999999999999984,0.025000000000000022
2026,3,Omarion Hampton,LAC,BUF,RB1,rush_att,14.92,15,1.006,9.0,9.1,97.0,-0.028999999999999984,0.025000000000000022
2026,3,Omarion Hampton,LAC,BUF,RB1,td,0.75,0,0.0,1.0,9.1,97.0,-0.028999999999999984,0.025000000000000022
2026,3,Keaton Mitchell,LAC,BUF,RB2,rush_yds,26.17,52,1.987,16.0,18.1,97.0,-0.028999999999999984,-0.030000000000000027
2026,3,Tre Harris,LAC,BUF,WR2,rec_yds,29.08,76,2.613,29.0,24.33,96.0,-0.028999999999999984,0.03500000000000003
2026,3,Ladd McConkey,LAC,BUF,WR3,rec_yds,46.25,66,1.427,28.0,25.0,91.0,-0.028999999999999984,-0.014999999999999958
2026,3,Ladd McConkey,LAC,BUF,WR3,td,0.42,0,0.0,22.5,25.0,91.0,-0.028999999999999984,-0.014999999999999958
2026,3,Quentin Johnston,LAC,BUF,WR1,rec_yds,33.83,40,1.182,6.0,8.5,93.0,-0.028999999999999984,0.015000000000000013
2026,3,Quentin Johnston,LAC,BUF,WR1,td,0.33,0,0.0,11.0,8.5,93.0,-0.028999999999999984,0.015000000000000013
2026,3,Oronde Gadsden II,LAC,BUF,TE1,rec_yds,25.92,0,0.0,31.0,26.83,89.0,-0.028999999999999984,0.13
2026,3,Oronde Gadsden II,LAC,BUF,TE1,td,0.25,0,0.0,17.5,26.83,89.0,-0.028999999999999984,0.13
2026,3,Josh Allen,BUF,LAC,QB1,pass_yds,249.92,204,0.816,22.0,22.6,95.0,0.17400000000000002,0.0
2026,3,Josh Allen,BUF,LAC,QB1,pass_td,1.83,0,0.0,27.0,22.6,95.0,0.17400000000000002,0.0
2026,3,James Cook,BUF,LAC,RB1,rush_yds,90.42,154,1.703,20.0,26.2,96.0,0.17400000000000002,0.010000000000000009
2026,3,James Cook,BUF,LAC,RB1,rush_att,17.58,24,1.365,20.0,26.2,96.0,0.17400000000000002,0.010000000000000009
2026,3,James Cook,BUF,LAC,RB1,td,0.75,1,1.333,22.5,26.2,96.0,0.17400000000000002,0.010000000000000009
2026,3,D.J. Moore,BUF,LAC,WR1,rec_yds,39.92,67,1.678,7.0,11.5,107.0,0.17400000000000002,-0.22500000000000003
2026,3,D.J. Moore,BUF,LAC,WR1,td,0.58,0,0.0,22.5,11.5,107.0,0.17400000000000002,-0.22500000000000003
2026,3,Ty Johnson,BUF,LAC,RB2,td,0.5,0,0.0,27.5,25.4,103.0,0.17400000000000002,
2026,3,Dalton Kincaid,BUF,LAC,TE1,rec_yds,70.17,38,0.542,16.0,14.17,103.0,0.17400000000000002,-0.029999999999999916
2026,3,Dalton Kincaid,BUF,LAC,TE1,td,0.33,0,0.0,8.5,14.17,103.0,0.17400000000000002,-0.029999999999999916
2026,3,Keon Coleman,BUF,LAC,WR3,rec_yds,27.42,37,1.35,25.0,26.0,98.0,0.17400000000000002,0.12
2026,3,Keon Coleman,BUF,LAC,WR3,td,0.25,0,0.0,22.5,26.0,98.0,0.17400000000000002,0.12
2026,3,Khalil Shakir,BUF,LAC,WR2,rec_yds,41.33,6,0.145,26.0,26.5,95.0,0.17400000000000002,-0.020000000000000018
2026,3,Bryce Young,CAR,CLE,QB1,pass_yds,243.08,291,1.197,32.0,26.9,101.0,0.102,0.020000000000000018
2026,3,Bryce Young,CAR,CLE,QB1,pass_td,2.0,1,0.5,11.5,26.9,101.0,0.102,0.020000000000000018
2026,3,Chuba Hubbard,CAR,CLE,RB1,rush_yds,34.67,82,2.365,7.0,16.5,102.0,0.102,-0.029999999999999916
2026,3,Chuba Hubbard,CAR,CLE,RB1,td,0.58,0,0.0,14.5,16.5,102.0,0.102,-0.029999999999999916
2026,3,Brycen Tremayne,CAR,CLE,WR3,rec_yds,20.0,83,4.15,11.0,11.67,96.0,0.102,
2026,3,Darren Waller,CAR,CLE,TE1,rec_yds,33.75,51,1.511,30.0,26.5,99.0,0.102,0.044999999999999984
2026,3,Darren Waller,CAR,CLE,TE1,td,0.83,0,0.0,23.5,26.5,99.0,0.102,0.044999999999999984
2026,3,Jalen Coker,CAR,CLE,WR2,rec_yds,63.08,18,0.285,31.0,29.17,99.0,0.102,-0.040000000000000036
2026,3,Jalen Coker,CAR,CLE,WR2,td,0.58,0,0.0,26.5,29.17,99.0,0.102,-0.040000000000000036
2026,3,Tetairoa McMillan,CAR,CLE,WR1,rec_yds,67.33,17,0.252,30.0,22.67,100.0,0.102,-0.010000000000000009
2026,3,Tetairoa McMillan,CAR,CLE,WR1,td,0.42,0,0.0,6.0,22.67,100.0,0.102,-0.010000000000000009
2026,3,Deshaun Watson,CLE,CAR,QB1,pass_yds,221.5,144,0.65,19.0,15.0,106.0,0.01,0.0
2026,3,Deshaun Watson,CLE,CAR,QB1,pass_td,1.5,2,1.333,27.0,15.0,106.0,0.01,0.0
2026,3,Quinshon Judkins,CLE,CAR,RB1,rush_yds,39.0,70,1.795,2.0,10.4,97.0,0.01,0.010000000000000009
2026,3,Quinshon Judkins,CLE,CAR,RB1,rush_att,14.08,18,1.278,2.0,10.4,97.0,0.01,0.010000000000000009
2026,3,Quinshon Judkins,CLE,CAR,RB1,td,0.17,0,0.0,7.5,10.4,97.0,0.01,0.010000000000000009
2026,3,Harold Fannin,CLE,CAR,TE1,rec_yds,44.08,51,1.157,10.0,13.83,102.0,0.01,0.020000000000000018
2026,3,Harold Fannin,CLE,CAR,TE1,td,0.42,2,4.8,8.5,13.83,102.0,0.01,0.020000000000000018
2026,3,Denzel Boston,CLE,CAR,WR2,rec_yds,77.0,41,0.532,28.0,22.0,107.0,0.01,0.0050000000000000044
2026,3,Denzel Boston,CLE,CAR,WR2,td,1.0,0,0.0,17.0,22.0,107.0,0.01,0.0050000000000000044
2026,3,KC Concepcion,CLE,CAR,WR1,rec_yds,35.5,9,0.254,8.0,12.17,100.0,0.01,-0.015000000000000013
2026,3,C.J. Stroud,HOU,IND,QB1,pass_yds,249.17,167,0.67,1.0,11.1,102.0,0.009000000000000001,0.0
2026,3,C.J. Stroud,HOU,IND,QB1,pass_td,1.17,1,0.857,14.5,11.1,102.0,0.009000000000000001,0.0
2026,3,David Montgomery,HOU,IND,RB1,rush_yds,32.5,33,1.015,4.0,11.4,100.0,0.009000000000000001,0.015000000000000013
2026,3,David Montgomery,HOU,IND,RB1,td,0.75,0,0.0,7.5,11.4,100.0,0.009000000000000001,0.015000000000000013
2026,3,Woody Marks,HOU,IND,RB2,rush_yds,46.83,15,0.32,24.0,19.9,97.0,0.009000000000000001,-0.015000000000000013
2026,3,Woody Marks,HOU,IND,RB2,rush_att,13.58,5,0.368,24.0,19.9,97.0,0.009000000000000001,-0.015000000000000013
2026,3,Woody Marks,HOU,IND,RB2,td,0.17,1,6.0,18.5,19.9,97.0,0.009000000000000001,-0.015000000000000013
2026,3,Jaylin Noel,HOU,IND,WR3,rec_yds,24.83,17,0.685,1.0,4.17,118.0,0.009000000000000001,0.15000000000000002
2026,3,Xavier Hutchinson,HOU,IND,WR1,rec_yds,28.67,51,1.779,11.0,11.0,95.0,0.009000000000000001,0.125
2026,3,Dalton Schultz,HOU,IND,TE1,rec_yds,57.42,30,0.522,1.0,9.17,105.0,0.009000000000000001,0.010000000000000009
2026,3,Dalton Schultz,HOU,IND,TE1,td,0.17,0,0.0,23.5,9.17,105.0,0.009000000000000001,0.010000000000000009
2026,3,Jared Wayne,HOU,IND,WR2,rec_yds,22.0,20,0.909,3.0,12.0,104.0,0.009000000000000001,0.08999999999999997
2026,3,Daniel Jones,IND,HOU,QB1,pass_yds,213.58,235,1.1,18.0,17.2,102.0,0.016,0.0
2026,3,Daniel Jones,IND,HOU,QB1,pass_td,1.42,1,0.706,22.0,17.2,102.0,0.016,0.0
2026,3,Jonathan Taylor,IND,HOU,RB1,rush_yds,89.17,68,0.763,27.0,26.5,100.0,0.016,0.02499999999999991
2026,3,Jonathan Taylor,IND,HOU,RB1,rush_att,21.0,23,1.095,27.0,26.5,100.0,0.016,0.02499999999999991
2026,3,Jonathan Taylor,IND,HOU,RB1,rec_yds,23.83,4,0.168,26.0,26.5,100.0,0.016,0.02499999999999991
2026,3,Jonathan Taylor,IND,HOU,RB1,td,1.17,0,0.0,25.5,26.5,100.0,0.016,0.02499999999999991
2026,3,Tyler Warren,IND,HOU,TE1,rec_yds,30.58,55,1.798,18.0,18.33,105.0,0.016,-0.020000000000000018
2026,3,Tyler Warren,IND,HOU,TE1,td,0.42,0,0.0,12.0,18.33,105.0,0.016,-0.020000000000000018
2026,3,Josh Downs,IND,HOU,WR1,rec_yds,39.25,77,1.962,19.0,25.0,95.0,0.016,-0.030000000000000027
2026,3,Keenan Allen,IND,HOU,WR2,rec_yds,27.58,63,2.284,17.0,14.0,104.0,0.016,-0.08000000000000007
2026,3,Laquon Treadwell,IND,HOU,WR3,rec_yds,30.5,20,0.656,8.0,12.5,118.0,0.016,0.19500000000000006
2026,3,Geno Smith,NYJ,DET,QB1,pass_yds,211.0,321,1.521,5.0,5.3,101.0,0.221,0.0
2026,3,Geno Smith,NYJ,DET,QB1,pass_td,1.17,3,2.571,3.0,5.3,101.0,0.221,0.0
2026,3,Breece Hall,NYJ,DET,RB1,rush_yds,62.17,32,0.515,12.0,21.1,102.0,0.221,0.03500000000000003
2026,3,Breece Hall,NYJ,DET,RB1,rush_att,16.83,13,0.772,12.0,21.1,102.0,0.221,0.03500000000000003
2026,3,Breece Hall,NYJ,DET,RB1,rec_yds,27.5,23,0.836,31.0,21.1,102.0,0.221,0.03500000000000003
2026,3,Breece Hall,NYJ,DET,RB1,td,0.42,0,0.0,19.5,21.1,102.0,0.221,0.03500000000000003
2026,3,Braelon Allen,NYJ,DET,RB2,rush_yds,21.25,14,0.659,23.0,23.5,99.0,0.221,-0.044999999999999984
2026,3,Braelon Allen,NYJ,DET,RB2,td,0.38,0,0.0,18.5,23.5,99.0,0.221,-0.044999999999999984
2026,3,Garrett Wilson,NYJ,DET,WR1,rec_yds,60.64,107,1.765,10.0,12.67,100.0,0.221,0.06500000000000006
2026,3,Garrett Wilson,NYJ,DET,WR1,td,0.55,1,1.833,11.0,12.67,100.0,0.221,0.06500000000000006
2026,3,Kenyon Sadiq,NYJ,DET,TE1,td,0.5,1,2.0,3.5,6.0,99.0,0.221,-0.030000000000000027
2026,3,Isaiah Williams,NYJ,DET,WR2,rec_yds,20.33,21,1.033,12.0,10.17,99.0,0.221,0.10999999999999999
2026,3,Sterling Shepard,NYJ,DET,WR3,rec_yds,22.5,3,0.133,2.0,2.0,96.0,0.221,
2026,3,Jared Goff,DET,NYJ,QB1,pass_yds,282.92,269,0.951,21.0,17.3,101.0,0.16799999999999998,0.0
2026,3,Jared Goff,DET,NYJ,QB1,pass_td,2.17,2,0.923,4.0,17.3,101.0,0.16799999999999998,0.0
2026,3,Jahmyr Gibbs,DET,NYJ,RB1,rush_yds,78.83,99,1.256,17.0,16.7,102.0,0.16799999999999998,0.04500000000000004
2026,3,Jahmyr Gibbs,DET,NYJ,RB1,rush_att,17.08,20,1.171,17.0,16.7,102.0,0.16799999999999998,0.04500000000000004
2026,3,Jahmyr Gibbs,DET,NYJ,RB1,rec_yds,47.58,65,1.366,22.0,16.7,102.0,0.16799999999999998,0.04500000000000004
2026,3,Jahmyr Gibbs,DET,NYJ,RB1,td,1.17,3,2.571,2.0,16.7,102.0,0.16799999999999998,0.04500000000000004
2026,3,Isaac TeSlaa,DET,NYJ,WR3,td,0.33,0,0.0,9.5,17.17,96.0,0.16799999999999998,0.03499999999999992
2026,3,Jameson Williams,DET,NYJ,WR2,rec_yds,66.58,49,0.736,14.0,15.5,99.0,0.16799999999999998,0.06499999999999995
2026,3,Jameson Williams,DET,NYJ,WR2,td,0.25,0,0.0,17.0,15.5,99.0,0.16799999999999998,0.06499999999999995
2026,3,Sam LaPorta,DET,NYJ,TE1,rec_yds,50.83,44,0.866,24.0,21.17,99.0,0.16799999999999998,0.08499999999999996
2026,3,Sam LaPorta,DET,NYJ,TE1,td,0.42,0,0.0,17.5,21.17,99.0,0.16799999999999998,0.08499999999999996
2026,3,Amon-Ra St. Brown,DET,NYJ,WR1,rec_yds,93.83,19,0.202,21.0,17.0,100.0,0.16799999999999998,0.02499999999999991
2026,3,Amon-Ra St. Brown,DET,NYJ,WR1,td,0.92,1,1.091,14.5,17.0,100.0,0.16799999999999998,0.02499999999999991
2026,3,Drake Maye,NE,JAX,QB1,pass_yds,240.08,199,0.829,12.0,14.8,106.0,-0.10200000000000001,0.0
2026,3,Drake Maye,NE,JAX,QB1,pass_td,1.33,0,0.0,21.0,14.8,106.0,-0.10200000000000001,0.0
2026,3,TreVeyon Henderson,NE,JAX,RB2,rush_yds,78.0,23,0.295,27.0,15.4,106.0,-0.10200000000000001,
2026,3,TreVeyon Henderson,NE,JAX,RB2,rush_att,14.5,8,0.552,27.0,15.4,106.0,-0.10200000000000001,
2026,3,TreVeyon Henderson,NE,JAX,RB2,td,1.1,0,0.0,14.0,15.4,106.0,-0.10200000000000001,
2026,3,Rhamondre Stevenson,NE,JAX,RB1,rush_yds,52.83,22,0.416,32.0,25.7,97.0,-0.10200000000000001,-0.245
2026,3,Rhamondre Stevenson,NE,JAX,RB1,rush_att,10.58,7,0.661,32.0,25.7,97.0,-0.10200000000000001,-0.245
2026,3,Rhamondre Stevenson,NE,JAX,RB1,rec_yds,23.75,16,0.674,15.5,25.7,97.0,-0.10200000000000001,-0.245
2026,3,Rhamondre Stevenson,NE,JAX,RB1,td,0.58,0,0.0,28.0,25.7,97.0,-0.10200000000000001,-0.245
2026,3,Mack Hollins,NE,JAX,WR1,rec_yds,47.42,87,1.835,4.0,7.5,100.0,-0.10200000000000001,0.0050000000000000044
2026,3,Romeo Doubs,NE,JAX,WR3,rec_yds,39.58,49,1.238,32.0,29.83,105.0,-0.10200000000000001,0.05500000000000005
2026,3,Romeo Doubs,NE,JAX,WR3,td,0.17,0,0.0,31.0,29.83,105.0,-0.10200000000000001,0.05500000000000005
2026,3,DeMario Douglas,NE,JAX,WR2,rec_yds,20.25,38,1.877,15.0,13.83,107.0,-0.10200000000000001,-0.07499999999999996
2026,3,Hunter Henry,NE,JAX,TE1,rec_yds,44.33,5,0.113,14.0,15.17,102.0,-0.10200000000000001,0.07500000000000007
2026,3,Hunter Henry,NE,JAX,TE1,td,0.25,0,0.0,17.5,15.17,102.0,-0.10200000000000001,0.07500000000000007
2026,3,Trevor Lawrence,JAX,NE,QB1,pass_yds,239.75,182,0.759,25.0,25.9,102.0,0.126,0.06000000000000005
2026,3,Trevor Lawrence,JAX,NE,QB1,pass_td,2.25,3,1.333,23.5,25.9,102.0,0.126,0.06000000000000005
2026,3,Bhayshul Tuten,JAX,NE,RB1,rush_yds,36.58,73,1.995,29.0,20.3,100.0,0.126,0.010000000000000009
2026,3,Bhayshul Tuten,JAX,NE,RB1,td,0.58,1,1.714,27.0,20.3,100.0,0.126,0.010000000000000009
2026,3,Chris Rodriguez,JAX,NE,RB2,rush_yds,37.92,37,0.976,25.0,22.9,97.0,0.126,-0.09
2026,3,Chris Rodriguez,JAX,NE,RB2,td,0.42,1,2.4,30.5,22.9,97.0,0.126,-0.09
2026,3,Jakobi Meyers,JAX,NE,WR3,rec_yds,48.17,64,1.329,21.5,14.0,118.0,0.126,0.125
2026,3,Jakobi Meyers,JAX,NE,WR3,td,0.42,1,2.4,3.0,14.0,118.0,0.126,0.125
2026,3,Parker Washington,JAX,NE,WR1,rec_yds,76.0,40,0.526,20.0,16.0,95.0,0.126,0.10000000000000009
2026,3,Parker Washington,JAX,NE,WR1,td,0.5,1,2.0,14.5,16.0,95.0,0.126,0.10000000000000009
2026,3,Brenton Strange,JAX,NE,TE1,rec_yds,36.5,32,0.877,23.0,26.17,105.0,0.126,0.07499999999999996
2026,3,Brenton Strange,JAX,NE,TE1,td,0.42,0,0.0,31.5,26.17,105.0,0.126,0.07499999999999996
2026,3,Brian Thomas,JAX,NE,WR2,rec_yds,44.42,8,0.18,24.0,22.0,104.0,0.126,0.09500000000000003
2026,3,Patrick Mahomes,KC,MIA,QB1,pass_yds,267.08,246,0.921,15.0,10.9,86.0,0.249,0.0
2026,3,Patrick Mahomes,KC,MIA,QB1,pass_td,1.75,2,1.143,5.5,10.9,86.0,0.249,0.0
2026,3,Kenneth Walker III,KC,MIA,RB1,rush_yds,89.0,70,0.787,10.0,5.0,97.0,0.249,0.06999999999999995
2026,3,Kenneth Walker III,KC,MIA,RB1,rush_att,16.25,18,1.108,10.0,5.0,97.0,0.249,0.06999999999999995
2026,3,Kenneth Walker III,KC,MIA,RB1,rec_yds,29.75,3,0.101,4.0,5.0,97.0,0.249,0.06999999999999995
2026,3,Kenneth Walker III,KC,MIA,RB1,td,0.5,2,4.0,3.0,5.0,97.0,0.249,0.06999999999999995
2026,3,Rashee Rice,KC,MIA,WR1,rec_yds,64.58,88,1.363,32.0,28.83,93.0,0.249,-0.020000000000000018
2026,3,Rashee Rice,KC,MIA,WR1,td,0.67,0,0.0,25.5,28.83,93.0,0.249,-0.020000000000000018
2026,3,Travis Kelce,KC,MIA,TE1,rec_yds,54.58,59,1.081,7.0,8.0,89.0,0.249,0.06999999999999995
2026,3,Travis Kelce,KC,MIA,TE1,td,0.33,1,3.0,12.0,8.0,89.0,0.249,0.06999999999999995
2026,3,Tyquan Thornton,KC,MIA,WR3,rec_yds,36.58,22,0.601,23.0,14.67,91.0,0.249,-0.04500000000000004
2026,3,Xavier Worthy,KC,MIA,WR2,rec_yds,32.08,20,0.623,21.0,17.17,96.0,0.249,0.04500000000000004
2026,3,Xavier Worthy,KC,MIA,WR2,td,0.17,0,0.0,2.0,17.17,96.0,0.249,0.04500000000000004
2026,3,Malik Willis,MIA,KC,QB1,pass_yds,157.0,210,1.338,29.0,23.5,95.0,-0.175,0.0
2026,3,Malik Willis,MIA,KC,QB1,pass_td,0.62,0,0.0,29.5,23.5,95.0,-0.175,0.0
2026,3,Ollie Gordon,MIA,KC,RB2,td,0.2,1,5.0,10.0,17.7,103.0,-0.175,
2026,3,De'Von Achane,MIA,KC,RB1,rush_yds,85.92,17,0.198,25.0,25.0,96.0,-0.175,-0.050000000000000044
2026,3,De'Von Achane,MIA,KC,RB1,rush_att,16.08,3,0.187,25.0,25.0,96.0,-0.175,-0.050000000000000044
2026,3,De'Von Achane,MIA,KC,RB1,rec_yds,29.25,0,0.0,24.0,25.0,96.0,-0.175,-0.050000000000000044
2026,3,De'Von Achane,MIA,KC,RB1,td,0.42,0,0.0,25.5,25.0,96.0,-0.175,-0.050000000000000044
2026,3,Malik Washington,MIA,KC,WR1,rec_yds,27.17,56,2.061,24.0,23.5,107.0,-0.175,-0.125
2026,3,Malik Washington,MIA,KC,WR1,td,0.25,0,0.0,31.0,23.5,107.0,-0.175,-0.125
2026,3,Greg Dulcich,MIA,KC,TE1,rec_yds,29.67,55,1.854,20.0,14.5,103.0,-0.175,-0.07999999999999996
2026,3,Cam Ward,TEN,NYG,QB1,pass_yds,171.25,181,1.057,13.0,10.4,95.0,-0.043,0.0
2026,3,Cam Ward,TEN,NYG,QB1,pass_td,1.0,1,1.0,8.0,10.4,95.0,-0.043,0.0
2026,3,Tony Pollard,TEN,NYG,RB1,rush_yds,66.67,74,1.11,1.0,6.9,96.0,-0.043,0.015000000000000013
2026,3,Tony Pollard,TEN,NYG,RB1,rush_att,13.75,17,1.236,1.0,6.9,96.0,-0.043,0.015000000000000013
2026,3,Tony Pollard,TEN,NYG,RB1,td,0.25,0,0.0,4.0,6.9,96.0,-0.043,0.015000000000000013
2026,3,Carnell Tate,TEN,NYG,WR1,rec_yds,32.5,58,1.785,3.0,5.67,107.0,-0.043,-0.06499999999999995
2026,3,Wan'Dale Robinson,TEN,NYG,WR2,rec_yds,51.17,57,1.114,22.0,18.5,95.0,-0.043,-0.14500000000000002
2026,3,Wan'Dale Robinson,TEN,NYG,WR2,td,0.17,1,6.0,5.0,18.5,95.0,-0.043,-0.14500000000000002
2026,3,Gunnar Helm,TEN,NYG,TE1,rec_yds,22.25,14,0.629,17.0,15.83,103.0,-0.043,0.05500000000000005
2026,3,Elic Ayomanor,TEN,NYG,WR3,rec_yds,33.17,11,0.332,19.0,21.83,98.0,-0.043,0.0050000000000000044
2026,3,Elic Ayomanor,TEN,NYG,WR3,td,0.33,0,0.0,27.0,21.83,98.0,-0.043,0.0050000000000000044
2026,3,Jameis Winston,NYG,TEN,QB1,pass_yds,157.8,118,0.748,8.0,12.5,95.0,-0.009000000000000001,
2026,3,Cam Skattebo,NYG,TEN,RB1,rush_yds,53.67,60,1.118,22.0,24.3,96.0,-0.009000000000000001,-0.010000000000000009
2026,3,Cam Skattebo,NYG,TEN,RB1,rush_att,13.42,20,1.491,22.0,24.3,96.0,-0.009000000000000001,-0.010000000000000009
2026,3,Cam Skattebo,NYG,TEN,RB1,rec_yds,20.42,40,1.959,30.0,24.3,96.0,-0.009000000000000001,-0.010000000000000009
2026,3,Cam Skattebo,NYG,TEN,RB1,td,0.75,0,0.0,14.5,24.3,96.0,-0.009000000000000001,-0.010000000000000009
2026,3,Darnell Mooney,NYG,TEN,WR3,rec_yds,33.58,20,0.596,3.0,12.83,98.0,-0.009000000000000001,0.07499999999999996
2026,3,Malik Nabers,NYG,TEN,WR1,rec_yds,51.38,26,0.506,2.0,2.67,107.0,-0.009000000000000001,0.10999999999999999
2026,3,Malik Nabers,NYG,TEN,WR1,td,0.25,0,0.0,4.0,2.67,107.0,-0.009000000000000001,0.10999999999999999
2026,3,Malachi Fields,NYG,TEN,WR2,rec_yds,27.5,19,0.691,8.0,12.33,95.0,-0.009000000000000001,0.04500000000000004
2026,3,Isaiah Likely,NYG,TEN,TE1,rec_yds,41.92,13,0.31,11.0,11.0,103.0,-0.009000000000000001,0.09999999999999998
2026,3,Isaiah Likely,NYG,TEN,TE1,td,0.42,0,0.0,12.0,11.0,103.0,-0.009000000000000001,0.09999999999999998
2026,3,Joe Burrow,CIN,PIT,QB1,pass_yds,227.58,282,1.239,9.0,15.3,106.0,0.043,0.0
2026,3,Joe Burrow,CIN,PIT,QB1,pass_td,1.92,3,1.565,14.5,15.3,106.0,0.043,0.0
2026,3,Chase Brown,CIN,PIT,RB1,rush_yds,72.58,61,0.84,11.0,11.7,97.0,0.043,-0.010000000000000009
2026,3,Chase Brown,CIN,PIT,RB1,rush_att,16.33,13,0.796,11.0,11.7,97.0,0.043,-0.010000000000000009
2026,3,Chase Brown,CIN,PIT,RB1,rec_yds,23.67,8,0.338,3.0,11.7,97.0,0.043,-0.010000000000000009
2026,3,Chase Brown,CIN,PIT,RB1,td,0.83,0,0.0,29.5,11.7,97.0,0.043,-0.010000000000000009
2026,3,Samaje Perine,CIN,PIT,RB2,rush_yds,27.92,9,0.322,15.0,17.7,106.0,0.043,0.06
2026,3,Samaje Perine,CIN,PIT,RB2,td,0.25,0,0.0,18.5,17.7,106.0,0.043,0.06
2026,3,Ja'Marr Chase,CIN,PIT,WR1,rec_yds,72.17,98,1.358,13.0,18.83,100.0,0.043,-0.029999999999999916
2026,3,Ja'Marr Chase,CIN,PIT,WR1,td,0.58,1,1.714,25.5,18.83,100.0,0.043,-0.029999999999999916
2026,3,Tee Higgins,CIN,PIT,WR2,rec_yds,69.83,90,1.289,16.0,14.5,107.0,0.043,0.0
2026,3,Tee Higgins,CIN,PIT,WR2,td,0.67,1,1.5,5.0,14.5,107.0,0.043,0.0
2026,3,Mike Gesicki,CIN,PIT,TE1,rec_yds,41.7,37,0.887,13.0,12.17,102.0,0.043,
2026,3,Mike Gesicki,CIN,PIT,TE1,td,0.4,1,2.5,5.5,12.17,102.0,0.043,
2026,3,Aaron Rodgers,PIT,CIN,QB1,pass_yds,203.83,292,1.433,6.0,10.4,102.0,-0.095,-0.020000000000000018
2026,3,Aaron Rodgers,PIT,CIN,QB1,pass_td,0.75,3,4.0,20.0,10.4,102.0,-0.095,-0.020000000000000018
2026,3,Jaylen Warren,PIT,CIN,RB1,rush_yds,55.17,127,2.302,5.5,9.2,100.0,-0.095,0.16999999999999993
2026,3,Jaylen Warren,PIT,CIN,RB1,rush_att,11.67,17,1.457,5.5,9.2,100.0,-0.095,0.16999999999999993
2026,3,Jaylen Warren,PIT,CIN,RB1,rec_yds,20.08,49,2.44,7.0,9.2,100.0,-0.095,0.16999999999999993
2026,3,Jaylen Warren,PIT,CIN,RB1,td,0.42,0,0.0,19.5,9.2,100.0,-0.095,0.16999999999999993
2026,3,Pat Freiermuth,PIT,CIN,TE1,rec_yds,34.58,30,0.867,2.0,2.83,105.0,-0.095,-0.03500000000000003
2026,3,Pat Freiermuth,PIT,CIN,TE1,td,0.25,0,0.0,5.5,2.83,105.0,-0.095,-0.03500000000000003
2026,3,Roman Wilson,PIT,CIN,WR2,rec_yds,22.25,60,2.697,30.0,29.5,104.0,-0.095,0.12
2026,3,Roman Wilson,PIT,CIN,WR2,td,0.17,1,6.0,26.5,29.5,104.0,-0.095,0.12
2026,3,D.K. Metcalf,PIT,CIN,WR1,rec_yds,43.58,31,0.711,29.0,28.5,95.0,-0.095,0.0050000000000000044
2026,3,D.K. Metcalf,PIT,CIN,WR1,td,0.17,1,6.0,25.5,28.5,95.0,-0.095,0.0050000000000000044
2026,3,Sam Darnold,SEA,WAS,QB1,pass_yds,181.2,379,2.092,3.0,7.6,102.0,0.048,
2026,3,Sam Darnold,SEA,WAS,QB1,pass_td,0.8,4,5.0,1.0,7.6,102.0,0.048,
2026,3,Jaxon Smith-Njigba,SEA,WAS,WR1,rec_yds,108.83,128,1.176,12.0,18.17,95.0,0.048,-0.11499999999999999
2026,3,Jaxon Smith-Njigba,SEA,WAS,WR1,td,1.08,2,1.846,17.5,18.17,95.0,0.048,-0.11499999999999999
2026,3,Jadarian Price,SEA,WAS,RB1,rush_yds,52.0,15,0.288,5.5,13.4,100.0,0.048,-0.07
2026,3,Jadarian Price,SEA,WAS,RB1,rush_att,11.5,5,0.435,5.5,13.4,100.0,0.048,-0.07
2026,3,Emanuel Wilson,SEA,WAS,RB2,rush_yds,42.17,14,0.332,12.0,18.1,97.0,0.048,0.175
2026,3,Emanuel Wilson,SEA,WAS,RB2,rush_att,10.75,9,0.837,12.0,18.1,97.0,0.048,0.175
2026,3,Emanuel Wilson,SEA,WAS,RB2,td,0.25,0,0.0,18.5,18.1,97.0,0.048,0.175
2026,3,AJ Barner,SEA,WAS,TE1,rec_yds,27.08,69,2.548,8.0,10.0,105.0,0.048,-0.040000000000000036
2026,3,AJ Barner,SEA,WAS,TE1,td,0.33,0,0.0,1.0,10.0,105.0,0.048,-0.040000000000000036
2026,3,Cooper Kupp,SEA,WAS,WR3,rec_yds,28.0,46,1.643,21.5,15.0,118.0,0.048,-0.175
2026,3,Rashid Shaheed,SEA,WAS,WR2,rec_yds,21.92,14,0.639,1.0,1.0,104.0,0.048,-0.050000000000000044
2026,3,Marcus Mariota,WAS,SEA,QB1,pass_yds,155.4,183,1.178,30.0,23.6,86.0,-0.13899999999999998,
2026,3,Marcus Mariota,WAS,SEA,QB1,pass_td,0.9,3,3.333,27.0,23.6,86.0,-0.13899999999999998,
2026,3,Jacory Croskey-Merritt,WAS,SEA,RB1,rush_yds,48.08,36,0.749,30.0,20.8,97.0,-0.13899999999999998,-0.06
2026,3,Jacory Croskey-Merritt,WAS,SEA,RB1,rush_att,11.42,19,1.664,30.0,20.8,97.0,-0.13899999999999998,-0.06
2026,3,Jacory Croskey-Merritt,WAS,SEA,RB1,td,0.5,0,0.0,32.0,20.8,97.0,-0.13899999999999998,-0.06
2026,3,Rachaad White,WAS,SEA,RB2,rush_yds,31.42,35,1.114,26.0,17.3,97.0,-0.13899999999999998,0.05500000000000005
2026,3,Terry McLaurin,WAS,SEA,WR1,rec_yds,52.92,77,1.455,27.0,21.17,93.0,-0.13899999999999998,-0.08499999999999996
2026,3,Terry McLaurin,WAS,SEA,WR1,td,0.25,1,4.0,17.5,21.17,93.0,-0.13899999999999998,-0.08499999999999996
2026,3,Stefon Diggs,WAS,SEA,WR2,rec_yds,59.08,33,0.559,32.0,29.83,96.0,-0.13899999999999998,-0.06000000000000005
2026,3,Stefon Diggs,WAS,SEA,WR2,td,0.67,0,0.0,26.5,29.83,96.0,-0.13899999999999998,-0.06000000000000005
2026,3,Antonio Williams,WAS,SEA,WR3,rec_yds,44.0,15,0.341,26.0,25.5,91.0,-0.13899999999999998,0.06
2026,3,Antonio Williams,WAS,SEA,WR3,td,0.5,0,0.0,31.0,25.5,91.0,-0.13899999999999998,0.06
2026,3,Jacoby Brissett,ARI,SF,QB1,pass_yds,249.33,280,1.123,14.0,21.6,106.0,-0.012,0.0
2026,3,Jacoby Brissett,ARI,SF,QB1,pass_td,1.58,2,1.263,18.0,21.6,106.0,-0.012,0.0
2026,3,Jeremiyah Love,ARI,SF,RB1,rush_yds,35.0,90,2.571,23.0,12.4,97.0,-0.012,-0.015000000000000013
2026,3,Jeremiyah Love,ARI,SF,RB1,rush_att,10.0,21,2.1,23.0,12.4,97.0,-0.012,-0.015000000000000013
2026,3,Jeremiyah Love,ARI,SF,RB1,td,0.5,1,2.0,14.5,12.4,97.0,-0.012,-0.015000000000000013
2026,3,Michael Wilson,ARI,SF,WR1,rec_yds,76.92,89,1.157,22.0,20.67,100.0,-0.012,0.04499999999999993
2026,3,Michael Wilson,ARI,SF,WR1,td,0.5,1,2.0,29.0,20.67,100.0,-0.012,0.04499999999999993
2026,3,Trey McBride,ARI,SF,TE1,rec_yds,75.67,75,0.991,19.0,18.17,102.0,-0.012,0.039999999999999925
2026,3,Trey McBride,ARI,SF,TE1,td,0.75,0,0.0,17.5,18.17,102.0,-0.012,0.039999999999999925
2026,3,Marvin Harrison Jr.,ARI,SF,WR3,rec_yds,38.83,40,1.03,16.0,20.5,105.0,-0.012,-0.025000000000000022
2026,3,Marvin Harrison Jr.,ARI,SF,WR3,td,0.17,0,0.0,17.5,20.5,105.0,-0.012,-0.025000000000000022
2026,3,Kendrick Bourne,ARI,SF,WR2,rec_yds,28.17,22,0.781,11.0,11.83,107.0,-0.012,-0.03500000000000003
2026,3,Tyler Allgeier,ARI,SF,RB2,rush_yds,32.17,-1,-0.031,10.0,15.1,106.0,-0.012,0.025000000000000022
2026,3,Tyler Allgeier,ARI,SF,RB2,td,0.17,0,0.0,27.5,15.1,106.0,-0.012,0.025000000000000022
2026,3,Brock Purdy,SF,ARI,QB1,pass_yds,239.5,297,1.24,11.0,17.1,95.0,0.35900000000000004,-0.07500000000000007
2026,3,Brock Purdy,SF,ARI,QB1,pass_td,2.33,4,1.714,5.5,17.1,95.0,0.35900000000000004,-0.07500000000000007
2026,3,Christian McCaffrey,SF,ARI,RB1,rush_yds,65.67,75,1.142,18.0,10.7,96.0,0.35900000000000004,-0.015000000000000013
2026,3,Christian McCaffrey,SF,ARI,RB1,rush_att,15.25,15,0.984,18.0,10.7,96.0,0.35900000000000004,-0.015000000000000013
2026,3,Christian McCaffrey,SF,ARI,RB1,rec_yds,35.33,41,1.16,9.0,10.7,96.0,0.35900000000000004,-0.015000000000000013
2026,3,Christian McCaffrey,SF,ARI,RB1,td,1.08,1,0.923,7.5,10.7,96.0,0.35900000000000004,-0.015000000000000013
2026,3,Kaelon Black,SF,ARI,RB2,rush_yds,45.0,17,0.378,1.0,15.0,103.0,0.35900000000000004,-0.04999999999999999
2026,3,Kaelon Black,SF,ARI,RB2,rush_att,10.5,4,0.381,1.0,15.0,103.0,0.35900000000000004,-0.04999999999999999
2026,3,Deebo Samuel,SF,ARI,WR2,rec_yds,43.17,80,1.853,27.0,19.83,95.0,0.35900000000000004,0.08999999999999997
2026,3,Deebo Samuel,SF,ARI,WR2,td,0.33,1,3.0,23.0,19.83,95.0,0.35900000000000004,0.08999999999999997
2026,3,George Kittle,SF,ARI,TE1,rec_yds,62.0,82,1.323,5.0,5.0,103.0,0.35900000000000004,0.010000000000000009
2026,3,George Kittle,SF,ARI,TE1,td,0.58,2,3.429,3.5,5.0,103.0,0.35900000000000004,0.010000000000000009
2026,3,Mike Evans,SF,ARI,WR1,rec_yds,47.83,34,0.711,1.0,2.0,107.0,0.35900000000000004,-0.10499999999999998
2026,3,Mike Evans,SF,ARI,WR1,td,0.42,1,2.4,1.0,2.0,107.0,0.35900000000000004,-0.10499999999999998
2026,3,Kyler Murray,MIN,TB,QB1,pass_yds,142.57,168,1.178,4.0,6.8,106.0,-0.15000000000000002,
2026,3,Kyler Murray,MIN,TB,QB1,pass_td,0.86,1,1.167,9.0,6.8,106.0,-0.15000000000000002,
2026,3,Aaron Jones,MIN,TB,RB1,rush_yds,58.25,58,0.996,28.0,13.3,97.0,-0.15000000000000002,0.17500000000000004
2026,3,Aaron Jones,MIN,TB,RB1,rush_att,14.58,17,1.166,28.0,13.3,97.0,-0.15000000000000002,0.17500000000000004
2026,3,Aaron Jones,MIN,TB,RB1,td,0.33,0,0.0,14.5,13.3,97.0,-0.15000000000000002,0.17500000000000004
2026,3,Jordan Addison,MIN,TB,WR2,rec_yds,21.67,90,4.154,19.0,18.33,107.0,-0.15000000000000002,0.025000000000000022
2026,3,Jordan Addison,MIN,TB,WR2,td,0.17,1,6.0,31.0,18.33,107.0,-0.15000000000000002,0.025000000000000022
2026,3,Justin Jefferson,MIN,TB,WR1,rec_yds,54.67,32,0.585,15.0,17.67,100.0,-0.15000000000000002,0.040000000000000036
2026,3,Justin Jefferson,MIN,TB,WR1,td,0.33,0,0.0,17.5,17.67,100.0,-0.15000000000000002,0.040000000000000036
2026,3,T.J. Hockenson,MIN,TB,TE1,rec_yds,28.83,11,0.382,4.0,3.33,102.0,-0.15000000000000002,0.014999999999999902
2026,3,T.J. Hockenson,MIN,TB,TE1,td,0.33,0,0.0,2.0,3.33,102.0,-0.15000000000000002,0.014999999999999902
2026,3,Jauan Jennings,MIN,TB,WR3,rec_yds,39.0,1,0.026,18.0,15.67,105.0,-0.15000000000000002,
2026,3,Jauan Jennings,MIN,TB,WR3,td,0.7,0,0.0,17.5,15.67,105.0,-0.15000000000000002,
2026,3,Baker Mayfield,TB,MIN,QB1,pass_yds,191.42,217,1.134,27.0,27.7,86.0,-0.368,0.0
2026,3,Baker Mayfield,TB,MIN,QB1,pass_td,1.0,1,1.0,31.0,27.7,86.0,-0.368,0.0
2026,3,Bucky Irving,TB,MIN,RB1,rush_yds,62.33,46,0.738,15.0,23.2,97.0,-0.368,0.08499999999999996
2026,3,Bucky Irving,TB,MIN,RB1,rush_att,16.0,15,0.938,15.0,23.2,97.0,-0.368,0.08499999999999996
2026,3,Bucky Irving,TB,MIN,RB1,rec_yds,26.42,12,0.454,27.0,23.2,97.0,-0.368,0.08499999999999996
2026,3,Bucky Irving,TB,MIN,RB1,td,0.42,0,0.0,29.5,23.2,97.0,-0.368,0.08499999999999996
2026,3,Emeka Egbuka,TB,MIN,WR1,rec_yds,34.92,62,1.776,26.0,27.33,93.0,-0.368,0.0
2026,3,Emeka Egbuka,TB,MIN,WR1,td,0.17,0,0.0,29.0,27.33,93.0,-0.368,0.0
2026,3,Cade Otton,TB,MIN,TE1,rec_yds,35.75,56,1.566,26.0,28.33,89.0,-0.368,-0.04500000000000004
2026,3,Ted Hurst,TB,MIN,WR2,rec_yds,31.5,40,1.27,5.0,9.33,96.0,-0.368,-0.0050000000000000044
2026,3,Chris Godwin,TB,MIN,WR3,rec_yds,42.17,25,0.593,24.0,22.83,91.0,-0.368,0.0
2026,3,Chris Godwin,TB,MIN,WR3,td,0.17,0,0.0,27.0,22.83,91.0,-0.368,0.0
2026,3,Kenneth Gainwell,TB,MIN,RB2,rush_yds,30.58,-4,-0.131,8.0,20.4,97.0,-0.368,-0.05500000000000005
2026,3,Kenneth Gainwell,TB,MIN,RB2,td,0.42,0,0.0,14.0,20.4,97.0,-0.368,-0.05500000000000005
2026,3,Lamar Jackson,BAL,DAL,QB1,pass_yds,216.17,186,0.86,2.0,2.0,106.0,0.351,0.0
2026,3,Lamar Jackson,BAL,DAL,QB1,pass_td,0.92,2,2.182,2.0,2.0,106.0,0.351,0.0
2026,3,Derrick Henry,BAL,DAL,RB1,rush_yds,109.58,89,0.812,19.0,11.9,97.0,0.351,-0.0050000000000000044
2026,3,Derrick Henry,BAL,DAL,RB1,rush_att,19.92,26,1.305,19.0,11.9,97.0,0.351,-0.0050000000000000044
2026,3,Derrick Henry,BAL,DAL,RB1,td,1.5,2,1.333,19.5,11.9,97.0,0.351,-0.0050000000000000044
2026,3,Justice Hill,BAL,DAL,RB2,td,0.25,0,0.0,1.0,4.2,106.0,0.351,0.0050000000000000044
2026,3,Zay Flowers,BAL,DAL,WR2,rec_yds,88.6,84,0.948,4.0,10.17,107.0,0.351,
2026,3,Zay Flowers,BAL,DAL,WR2,td,0.7,0,0.0,17.0,10.17,107.0,0.351,
2026,3,Rashod Bateman,BAL,DAL,WR1,rec_yds,24.0,37,1.542,16.0,13.67,100.0,0.351,0.07500000000000007
2026,3,Rashod Bateman,BAL,DAL,WR1,td,0.25,0,0.0,2.5,13.67,100.0,0.351,0.07500000000000007
2026,3,Mark Andrews,BAL,DAL,TE1,rec_yds,31.17,24,0.77,12.0,9.17,102.0,0.351,-0.0050000000000000044
2026,3,Chris Moore,BAL,DAL,WR3,rec_yds,27.08,4,0.148,7.0,3.67,105.0,0.351,0.09000000000000002
2026,3,Dak Prescott,DAL,BAL,QB1,pass_yds,261.75,276,1.054,7.0,12.3,86.0,0.20700000000000002,0.0
2026,3,Dak Prescott,DAL,BAL,QB1,pass_td,2.08,1,0.48,23.5,12.3,86.0,0.20700000000000002,0.0
2026,3,Javonte Williams,DAL,BAL,RB1,rush_yds,59.17,98,1.656,31.0,17.8,97.0,0.20700000000000002,0.04500000000000004
2026,3,Javonte Williams,DAL,BAL,RB1,rush_att,14.67,19,1.295,31.0,17.8,97.0,0.20700000000000002,0.04500000000000004
2026,3,Javonte Williams,DAL,BAL,RB1,td,0.67,1,1.5,19.5,17.8,97.0,0.20700000000000002,0.04500000000000004
2026,3,CeeDee Lamb,DAL,BAL,WR1,rec_yds,81.67,112,1.371,5.0,10.83,93.0,0.20700000000000002,-0.030000000000000027
2026,3,CeeDee Lamb,DAL,BAL,WR1,td,0.67,0,0.0,20.5,10.83,93.0,0.20700000000000002,-0.030000000000000027
2026,3,George Pickens,DAL,BAL,WR2,rec_yds,66.75,82,1.228,10.0,10.67,96.0,0.20700000000000002,-0.040000000000000036
2026,3,George Pickens,DAL,BAL,WR2,td,0.25,0,0.0,17.0,10.67,96.0,0.20700000000000002,-0.040000000000000036
2026,3,Jake Ferguson,DAL,BAL,TE1,rec_yds,26.17,23,0.879,29.0,27.17,89.0,0.20700000000000002,-0.07999999999999996
2026,3,Jake Ferguson,DAL,BAL,TE1,td,0.5,1,2.0,23.5,27.17,89.0,0.20700000000000002,-0.07999999999999996
2026,3,Ryan Flournoy,DAL,BAL,WR3,rec_yds,31.58,22,0.697,9.0,7.5,91.0,0.20700000000000002,0.025000000000000022
2026,3,Ryan Flournoy,DAL,BAL,WR3,td,0.33,0,0.0,9.5,7.5,91.0,0.20700000000000002,0.025000000000000022
2026,3,Kirk Cousins,LV,NO,QB1,pass_yds,195.42,248,1.269,26.0,23.8,106.0,0.097,0.0
2026,3,Kirk Cousins,LV,NO,QB1,pass_td,1.83,3,1.636,18.0,23.8,106.0,0.097,0.0
2026,3,Ashton Jeanty,LV,NO,RB1,rush_yds,60.67,56,0.923,3.0,11.4,97.0,0.097,0.03500000000000003
2026,3,Ashton Jeanty,LV,NO,RB1,rush_att,17.58,19,1.081,3.0,11.4,97.0,0.097,0.03500000000000003
2026,3,Ashton Jeanty,LV,NO,RB1,rec_yds,27.5,37,1.345,20.0,11.4,97.0,0.097,0.03500000000000003
2026,3,Ashton Jeanty,LV,NO,RB1,td,0.58,0,0.0,7.5,11.4,97.0,0.097,0.03500000000000003
2026,3,Mike Washington Jr.,LV,NO,RB2,rush_yds,24.0,54,2.25,18.0,21.1,106.0,0.097,0.0
2026,3,Tre Tucker,LV,NO,WR1,rec_yds,44.42,43,0.968,23.0,16.5,100.0,0.097,-0.05999999999999994
2026,3,Tre Tucker,LV,NO,WR1,td,0.25,0,0.0,6.0,16.5,100.0,0.097,-0.05999999999999994
2026,3,Michael Mayer,LV,NO,TE1,rec_yds,28.42,32,1.126,22.0,21.17,102.0,0.097,0.015000000000000013
2026,3,Jalen Nailor,LV,NO,WR2,td,0.17,0,0.0,9.5,19.17,107.0,0.097,0.0
2026,3,Cody White,LV,NO,WR3,td,0.71,1,1.4,17.5,12.83,105.0,0.097,-0.02500000000000001
2026,3,Tyler Shough,NO,LV,QB1,pass_yds,283.67,255,0.899,20.0,17.8,106.0,-0.098,0.0
2026,3,Tyler Shough,NO,LV,QB1,pass_td,1.42,4,2.824,25.0,17.8,106.0,-0.098,0.0
2026,3,Travis Etienne,NO,LV,RB1,rush_yds,49.42,57,1.153,26.0,21.7,97.0,-0.098,-0.02499999999999991
2026,3,Travis Etienne,NO,LV,RB1,rush_att,13.25,13,0.981,26.0,21.7,97.0,-0.098,-0.02499999999999991
2026,3,Travis Etienne,NO,LV,RB1,td,0.75,0,0.0,17.0,21.7,97.0,-0.098,-0.02499999999999991
2026,3,Alvin Kamara,NO,LV,RB2,rush_yds,31.5,36,1.143,6.0,10.8,106.0,-0.098,
2026,3,Chris Olave,NO,LV,WR1,rec_yds,99.67,107,1.074,28.0,26.17,100.0,-0.098,-0.010000000000000009
2026,3,Chris Olave,NO,LV,WR1,td,0.67,0,0.0,20.5,26.17,100.0,-0.098,-0.010000000000000009
2026,3,Juwan Johnson,NO,LV,TE1,rec_yds,60.83,53,0.871,28.0,27.17,102.0,-0.098,-0.15500000000000003
2026,3,Juwan Johnson,NO,LV,TE1,td,0.25,2,8.0,23.5,27.17,102.0,-0.098,-0.15500000000000003
2026,3,Devaughn Vele,NO,LV,WR2,rec_yds,45.5,39,0.857,9.0,14.33,107.0,-0.098,0.02499999999999991
2026,3,Devaughn Vele,NO,LV,WR2,td,0.33,0,0.0,26.5,14.33,107.0,-0.098,0.02499999999999991
2026,3,Bryce Lance,NO,LV,WR3,rec_yds,25.0,0,0.0,12.0,14.67,105.0,-0.098,0.050000000000000044
2026,3,Matthew Stafford,LAR,DEN,QB1,pass_yds,270.33,390,1.443,23.0,21.0,101.0,0.052,0.08000000000000007
2026,3,Matthew Stafford,LAR,DEN,QB1,pass_td,2.42,2,0.828,29.5,21.0,101.0,0.052,0.08000000000000007
2026,3,Kyren Williams,LAR,DEN,RB1,rush_yds,70.42,88,1.25,14.0,19.4,102.0,0.052,-0.04499999999999993
2026,3,Kyren Williams,LAR,DEN,RB1,rush_att,13.25,15,1.132,14.0,19.4,102.0,0.052,-0.04499999999999993
2026,3,Kyren Williams,LAR,DEN,RB1,td,0.75,0,0.0,5.0,19.4,102.0,0.052,-0.04499999999999993
2026,3,Blake Corum,LAR,DEN,RB2,rush_yds,58.75,15,0.255,30.0,30.0,99.0,0.052,0.10999999999999999
2026,3,Blake Corum,LAR,DEN,RB2,rush_att,10.17,6,0.59,30.0,30.0,99.0,0.052,0.10999999999999999
2026,3,Blake Corum,LAR,DEN,RB2,td,0.42,0,0.0,27.5,30.0,99.0,0.052,0.10999999999999999
2026,3,Davante Adams,LAR,DEN,WR1,rec_yds,69.58,137,1.969,31.0,29.0,100.0,0.052,0.05500000000000005
2026,3,Davante Adams,LAR,DEN,WR1,td,1.25,0,0.0,32.0,29.0,100.0,0.052,0.05500000000000005
2026,3,Tyler Higbee,LAR,DEN,TE1,rec_yds,26.8,62,2.313,9.0,16.83,99.0,0.052,
2026,3,Tyler Higbee,LAR,DEN,TE1,td,0.3,1,3.333,23.5,16.83,99.0,0.052,
2026,3,Bo Nix,DEN,LAR,QB1,pass_yds,232.75,186,0.799,17.0,20.9,95.0,-0.11900000000000001,0.0
2026,3,Bo Nix,DEN,LAR,QB1,pass_td,1.0,2,2.0,14.5,20.9,95.0,-0.11900000000000001,0.0
2026,3,J.K. Dobbins,DEN,LAR,RB1,rush_yds,64.75,49,0.757,21.0,15.3,96.0,-0.11900000000000001,-0.044999999999999984
2026,3,J.K. Dobbins,DEN,LAR,RB1,rush_att,13.25,17,1.283,21.0,15.3,96.0,-0.11900000000000001,-0.044999999999999984
2026,3,J.K. Dobbins,DEN,LAR,RB1,td,0.17,0,0.0,31.0,15.3,96.0,-0.11900000000000001,-0.044999999999999984
2026,3,Jaylen Waddle,DEN,LAR,WR1,rec_yds,57.17,10,0.175,14.0,10.83,107.0,-0.11900000000000001,-0.06999999999999995
2026,3,Jaylen Waddle,DEN,LAR,WR1,td,0.17,0,0.0,8.5,10.83,107.0,-0.11900000000000001,-0.06999999999999995
2026,3,RJ Harvey,DEN,LAR,RB2,rush_yds,37.1,6,0.162,19.0,19.5,103.0,-0.11900000000000001,
2026,3,RJ Harvey,DEN,LAR,RB2,rush_att,10.6,2,0.189,19.0,19.5,103.0,-0.11900000000000001,
2026,3,RJ Harvey,DEN,LAR,RB2,td,0.6,0,0.0,23.5,19.5,103.0,-0.11900000000000001,
2026,3,Courtland Sutton,DEN,LAR,WR2,rec_yds,43.58,46,1.055,18.0,14.33,95.0,-0.11900000000000001,-0.015000000000000013
2026,3,Courtland Sutton,DEN,LAR,WR2,td,0.25,0,0.0,9.5,14.33,95.0,-0.11900000000000001,-0.015000000000000013
2026,3,Pat Bryant,DEN,LAR,WR3,rec_yds,34.67,44,1.269,5.0,7.67,98.0,-0.11900000000000001,0.03500000000000003
2026,3,Evan Engram,DEN,LAR,TE1,rec_yds,30.5,0,0.0,21.0,15.67,103.0,-0.11900000000000001,-0.05499999999999994
2026,3,Evan Engram,DEN,LAR,TE1,td,0.17,0,0.0,17.5,15.67,103.0,-0.11900000000000001,-0.05499999999999994
2026,3,Jalen Hurts,PHI,CHI,QB1,pass_yds,206.75,153,0.74,10.0,7.1,101.0,-0.176,0.0
2026,3,Jalen Hurts,PHI,CHI,QB1,pass_td,1.67,0,0.0,7.0,7.1,101.0,-0.176,0.0
2026,3,Saquon Barkley,PHI,CHI,RB1,rush_yds,67.08,82,1.222,8.0,16.2,102.0,-0.176,-0.275
2026,3,Saquon Barkley,PHI,CHI,RB1,rush_att,15.92,15,0.942,8.0,16.2,102.0,-0.176,-0.275
2026,3,Saquon Barkley,PHI,CHI,RB1,td,0.25,0,0.0,11.0,16.2,102.0,-0.176,-0.275
2026,3,DeVonta Smith,PHI,CHI,WR1,rec_yds,57.58,65,1.129,9.0,6.67,100.0,-0.176,-0.03500000000000003
2026,3,DeVonta Smith,PHI,CHI,WR1,td,0.25,0,0.0,2.5,6.67,100.0,-0.176,-0.03500000000000003
2026,3,Dontayvion Wicks,PHI,CHI,WR2,rec_yds,41.42,32,0.773,2.0,7.5,99.0,-0.176,-0.14500000000000002
2026,3,Dontayvion Wicks,PHI,CHI,WR2,td,0.33,0,0.0,9.5,7.5,99.0,-0.176,-0.14500000000000002
2026,3,Tank Bigsby,PHI,CHI,RB2,rush_yds,25.08,0,0.0,14.0,13.4,99.0,-0.176,0.11500000000000002
2026,3,Tank Bigsby,PHI,CHI,RB2,td,0.33,0,0.0,27.5,13.4,99.0,-0.176,0.11500000000000002
2026,3,D'Andre Swift,CHI,PHI,RB1,rush_yds,73.42,84,1.144,24.0,18.8,102.0,0.178,0.05500000000000005
2026,3,D'Andre Swift,CHI,PHI,RB1,rush_att,14.83,20,1.348,24.0,18.8,102.0,0.178,0.05500000000000005
2026,3,D'Andre Swift,CHI,PHI,RB1,td,0.92,0,0.0,11.0,18.8,102.0,0.178,0.05500000000000005
2026,3,Kyle Monangai,CHI,PHI,RB2,rush_yds,57.25,31,0.541,3.0,12.3,99.0,0.178,-0.044999999999999984
2026,3,Kyle Monangai,CHI,PHI,RB2,rush_att,11.17,10,0.896,3.0,12.3,99.0,0.178,-0.044999999999999984
2026,3,Kyle Monangai,CHI,PHI,RB2,td,0.42,0,0.0,23.5,12.3,99.0,0.178,-0.044999999999999984
2026,3,Luther Burden,CHI,PHI,WR1,rec_yds,55.92,61,1.091,25.0,25.83,100.0,0.178,-0.07999999999999996
2026,3,Kalif Raymond,CHI,PHI,WR2,rec_yds,40.83,90,2.204,6.0,12.17,99.0,0.178,0.010000000000000009
2026,3,Rome Odunze,CHI,PHI,WR3,rec_yds,46.25,44,0.951,17.0,23.33,96.0,0.178,0.18000000000000005
2026,3,Colston Loveland,CHI,PHI,TE1,rec_yds,35.83,31,0.865,32.0,30.33,99.0,0.178,-0.0050000000000000044
2026,3,Colston Loveland,CHI,PHI,TE1,td,0.33,0,0.0,31.5,30.33,99.0,0.178,-0.0050000000000000044
2026,4,Aaron Rodgers,PIT,CLE,QB1,pass_yds,216.43,299,1.382,28.0,27.0,101.0,-0.055999999999999994,0.013333333333333308
2026,4,Aaron Rodgers,PIT,CLE,QB1,pass_td,1.07,3,2.8,14.0,27.0,101.0,-0.055999999999999994,0.013333333333333308
2026,4,Jaylen Warren,PIT,CLE,RB1,rush_yds,65.43,93,1.421,6.0,16.4,102.0,-0.055999999999999994,0.24
2026,4,Jaylen Warren,PIT,CLE,RB1,rush_att,12.43,17,1.368,6.0,16.4,102.0,-0.055999999999999994,0.24
2026,4,Jaylen Warren,PIT,CLE,RB1,rec_yds,24.21,33,1.363,23.0,16.4,102.0,-0.055999999999999994,0.24
2026,4,Jaylen Warren,PIT,CLE,RB1,td,0.36,0,0.0,17.5,16.4,102.0,-0.055999999999999994,0.24
2026,4,D.K. Metcalf,PIT,CLE,WR1,rec_yds,41.79,115,2.752,32.0,23.5,100.0,-0.055999999999999994,-0.010000000000000009
2026,4,D.K. Metcalf,PIT,CLE,WR1,td,0.29,0,0.0,6.5,23.5,100.0,-0.055999999999999994,-0.010000000000000009
2026,4,Roman Wilson,PIT,CLE,WR2,rec_yds,27.64,74,2.677,31.0,30.17,99.0,-0.055999999999999994,-0.18666666666666665
2026,4,Roman Wilson,PIT,CLE,WR2,td,0.29,1,3.5,28.5,30.17,99.0,-0.055999999999999994,-0.18666666666666665
2026,4,Pat Freiermuth,PIT,CLE,TE1,rec_yds,33.93,17,0.501,28.0,26.83,99.0,-0.055999999999999994,-0.06333333333333346
2026,4,Pat Freiermuth,PIT,CLE,TE1,td,0.21,1,4.667,25.5,26.83,99.0,-0.055999999999999994,-0.06333333333333346
2026,4,Michael Pittman Jr.,PIT,CLE,WR3,rec_yds,30.92,15,0.485,6.0,8.83,96.0,-0.055999999999999994,-0.07499999999999996
2026,4,Deshaun Watson,CLE,PIT,QB1,pass_yds,195.67,268,1.37,7.0,13.6,106.0,-0.009000000000000001,-0.00666666666666671
2026,4,Deshaun Watson,CLE,PIT,QB1,pass_td,1.67,1,0.6,10.0,13.6,106.0,-0.009000000000000001,-0.00666666666666671
2026,4,Quinshon Judkins,CLE,PIT,RB1,rush_yds,43.43,53,1.22,15.0,13.8,97.0,-0.009000000000000001,-0.09999999999999998
2026,4,Quinshon Judkins,CLE,PIT,RB1,rush_att,14.64,17,1.161,15.0,13.8,97.0,-0.009000000000000001,-0.09999999999999998
2026,4,Denzel Boston,CLE,PIT,WR2,rec_yds,65.0,89,1.369,12.0,11.0,107.0,-0.009000000000000001,-0.023333333333333428
2026,4,Denzel Boston,CLE,PIT,WR2,td,0.67,0,0.0,3.5,11.0,107.0,-0.009000000000000001,-0.023333333333333428
2026,4,KC Concepcion,CLE,PIT,WR1,rec_yds,26.67,64,2.4,12.0,15.0,100.0,-0.009000000000000001,0.1233333333333333
2026,4,Jerry Jeudy,CLE,PIT,WR3,rec_yds,26.58,36,1.354,7.0,9.17,105.0,-0.009000000000000001,-0.020000000000000018
2026,4,Harold Fannin,CLE,PIT,TE1,rec_yds,45.07,27,0.599,12.0,12.5,102.0,-0.009000000000000001,0.013333333333333308
2026,4,Harold Fannin,CLE,PIT,TE1,td,0.64,1,1.556,5.5,12.5,102.0,-0.009000000000000001,0.013333333333333308
2026,4,Daniel Jones,IND,WAS,QB1,pass_yds,216.64,143,0.66,2.0,7.6,102.0,-0.019,0.0
2026,4,Daniel Jones,IND,WAS,QB1,pass_td,1.36,0,0.0,1.0,7.6,102.0,-0.019,0.0
2026,4,Jonathan Taylor,IND,WAS,RB1,rush_yds,86.14,95,1.103,14.0,16.5,100.0,-0.019,-0.043333333333333446
2026,4,Jonathan Taylor,IND,WAS,RB1,rush_att,21.29,20,0.94,14.0,16.5,100.0,-0.019,-0.043333333333333446
2026,4,Jonathan Taylor,IND,WAS,RB1,rec_yds,21.0,2,0.095,15.0,16.5,100.0,-0.019,-0.043333333333333446
2026,4,Jonathan Taylor,IND,WAS,RB1,td,1.0,2,2.0,13.5,16.5,100.0,-0.019,-0.043333333333333446
2026,4,Laquon Treadwell,IND,WAS,WR2,rec_yds,27.0,42,1.556,1.0,1.0,104.0,-0.019,0.16333333333333344
2026,4,Tyler Warren,IND,WAS,TE1,rec_yds,34.07,41,1.203,5.0,7.83,105.0,-0.019,0.020000000000000018
2026,4,Tyler Warren,IND,WAS,TE1,td,0.36,0,0.0,1.0,7.83,105.0,-0.019,0.020000000000000018
2026,4,Josh Downs,IND,WAS,WR1,rec_yds,44.64,16,0.358,7.5,11.17,95.0,-0.019,-0.11999999999999988
2026,4,Marcus Mariota,WAS,IND,QB1,pass_yds,160.0,46,0.287,1.0,12.4,102.0,0.0030000000000000027,0.275
2026,4,Marcus Mariota,WAS,IND,QB1,pass_td,1.25,0,0.0,18.0,12.4,102.0,0.0030000000000000027,0.275
2026,4,Jacory Croskey-Merritt,WAS,IND,RB1,rush_yds,46.36,15,0.324,8.0,13.5,100.0,0.0030000000000000027,0.09333333333333332
2026,4,Jacory Croskey-Merritt,WAS,IND,RB1,rush_att,12.5,9,0.72,8.0,13.5,100.0,0.0030000000000000027,0.09333333333333332
2026,4,Jacory Croskey-Merritt,WAS,IND,RB1,td,0.43,0,0.0,9.0,13.5,100.0,0.0030000000000000027,0.09333333333333332
2026,4,Kaytron Allen,WAS,IND,RB2,rush_yds,20.0,1,0.05,27.5,20.4,97.0,0.0030000000000000027,-0.009999999999999995
2026,4,Stefon Diggs,WAS,IND,WR1,rec_yds,55.36,35,0.632,14.0,14.33,95.0,0.0030000000000000027,0.013333333333333308
2026,4,Stefon Diggs,WAS,IND,WR1,td,0.57,0,0.0,10.5,14.33,95.0,0.0030000000000000027,0.013333333333333308
2026,4,Antonio Williams,WAS,IND,WR2,rec_yds,34.33,21,0.612,7.0,14.83,104.0,0.0030000000000000027,-0.013333333333333364
2026,4,Antonio Williams,WAS,IND,WR2,td,0.33,0,0.0,31.5,14.83,104.0,0.0030000000000000027,-0.013333333333333364
2026,4,Chig Okonkwo,WAS,IND,TE1,rec_yds,31.1,5,0.161,1.0,9.5,105.0,0.0030000000000000027,
2026,4,Chig Okonkwo,WAS,IND,TE1,td,0.2,0,0.0,25.5,9.5,105.0,0.0030000000000000027,
2026,4,Drake Maye,NE,BUF,QB1,pass_yds,234.21,269,1.149,31.0,22.0,86.0,0.07800000000000001,-0.1266666666666666
2026,4,Drake Maye,NE,BUF,QB1,pass_td,1.14,3,2.625,21.0,22.0,86.0,0.07800000000000001,-0.1266666666666666
2026,4,Rhamondre Stevenson,NE,BUF,RB1,rush_yds,48.43,47,0.971,10.0,11.0,97.0,0.07800000000000001,-0.05666666666666664
2026,4,Rhamondre Stevenson,NE,BUF,RB1,rush_att,10.07,13,1.291,10.0,11.0,97.0,0.07800000000000001,-0.05666666666666664
2026,4,Rhamondre Stevenson,NE,BUF,RB1,rec_yds,22.64,27,1.192,20.0,11.0,97.0,0.07800000000000001,-0.05666666666666664
2026,4,Rhamondre Stevenson,NE,BUF,RB1,td,0.5,1,2.0,3.0,11.0,97.0,0.07800000000000001,-0.05666666666666664
2026,4,TreVeyon Henderson,NE,BUF,RB2,rush_yds,68.83,42,0.61,9.0,11.1,97.0,0.07800000000000001,-0.11499999999999999
2026,4,TreVeyon Henderson,NE,BUF,RB2,rush_att,13.42,14,1.043,9.0,11.1,97.0,0.07800000000000001,-0.11499999999999999
2026,4,TreVeyon Henderson,NE,BUF,RB2,td,0.92,0,0.0,3.5,11.1,97.0,0.07800000000000001,-0.11499999999999999
2026,4,Hunter Henry,NE,BUF,TE1,rec_yds,38.71,62,1.601,32.0,28.5,89.0,0.07800000000000001,-0.09000000000000008
2026,4,Hunter Henry,NE,BUF,TE1,td,0.21,0,0.0,21.5,28.5,89.0,0.07800000000000001,-0.09000000000000008
2026,4,Romeo Doubs,NE,BUF,WR1,rec_yds,40.93,58,1.417,11.0,12.67,93.0,0.07800000000000001,0.07666666666666666
2026,4,Mack Hollins,NE,BUF,WR2,rec_yds,53.07,53,0.999,24.5,21.5,96.0,0.07800000000000001,0.036666666666666736
2026,4,DeMario Douglas,NE,BUF,WR3,rec_yds,22.79,15,0.658,23.0,22.0,91.0,0.07800000000000001,0.030000000000000027
2026,4,Josh Allen,BUF,NE,QB1,pass_yds,243.36,253,1.04,27.0,25.8,102.0,0.184,0.0
2026,4,Josh Allen,BUF,NE,QB1,pass_td,1.57,1,0.636,21.0,25.8,102.0,0.184,0.0
2026,4,James Cook,BUF,NE,RB1,rush_yds,99.5,75,0.754,29.0,20.1,100.0,0.184,-0.039999999999999925
2026,4,James Cook,BUF,NE,RB1,rush_att,18.5,12,0.649,29.0,20.1,100.0,0.184,-0.039999999999999925
2026,4,James Cook,BUF,NE,RB1,td,0.79,1,1.273,24.5,20.1,100.0,0.184,-0.039999999999999925
2026,4,D.J. Moore,BUF,NE,WR2,rec_yds,43.79,11,0.251,29.0,25.67,104.0,0.184,0.07000000000000006
2026,4,D.J. Moore,BUF,NE,WR2,td,0.5,0,0.0,20.0,25.67,104.0,0.184,0.07000000000000006
2026,4,Ty Johnson,BUF,NE,RB2,td,0.4,0,0.0,25.0,22.0,97.0,0.184,
2026,4,Keon Coleman,BUF,NE,WR3,rec_yds,28.79,116,4.03,12.0,6.67,118.0,0.184,-0.09333333333333338
2026,4,Keon Coleman,BUF,NE,WR3,td,0.21,1,4.667,2.0,6.67,118.0,0.184,-0.09333333333333338
2026,4,Khalil Shakir,BUF,NE,WR1,rec_yds,36.29,82,2.26,21.0,18.0,95.0,0.184,0.1466666666666666
2026,4,Dalton Kincaid,BUF,NE,TE1,rec_yds,65.57,7,0.107,23.0,26.83,105.0,0.184,-0.013333333333333197
2026,4,Dalton Kincaid,BUF,NE,TE1,td,0.29,0,0.0,31.5,26.83,105.0,0.184,-0.013333333333333197
2026,4,Geno Smith,NYJ,CHI,QB1,pass_yds,226.71,119,0.525,13.0,7.5,101.0,-0.048,0.0
2026,4,Geno Smith,NYJ,CHI,QB1,pass_td,1.43,1,0.7,10.0,7.5,101.0,-0.048,0.0
2026,4,Braelon Allen,NYJ,CHI,RB1,td,0.3,0,0.0,13.5,18.1,102.0,-0.048,0.11000000000000004
2026,4,Isaiah Williams,NYJ,CHI,WR2,rec_yds,20.43,73,3.573,3.0,9.0,99.0,-0.048,0.12
2026,4,Garrett Wilson,NYJ,CHI,WR1,rec_yds,67.77,27,0.398,10.0,7.0,100.0,-0.048,0.08333333333333337
2026,4,Garrett Wilson,NYJ,CHI,WR1,td,0.62,0,0.0,2.5,7.0,100.0,-0.048,0.08333333333333337
2026,4,Kenyon Sadiq,NYJ,CHI,TE1,rec_yds,47.67,0,0.0,20.0,20.67,99.0,-0.048,0.12666666666666665
2026,4,Kenyon Sadiq,NYJ,CHI,TE1,td,0.67,0,0.0,30.0,20.67,99.0,-0.048,0.12666666666666665
2026,4,Tyson Bagent,CHI,NYJ,QB1,pass_yds,38.75,268,6.916,21.0,19.0,101.0,0.14,
2026,4,Kyle Monangai,CHI,NYJ,RB2,rush_yds,53.5,146,2.729,8.0,9.7,99.0,0.14,-0.050000000000000044
2026,4,Kyle Monangai,CHI,NYJ,RB2,rush_att,11.0,30,2.727,8.0,9.7,99.0,0.14,-0.050000000000000044
2026,4,Kyle Monangai,CHI,NYJ,RB2,td,0.36,2,5.6,3.5,9.7,99.0,0.14,-0.050000000000000044
2026,4,D'Andre Swift,CHI,NYJ,RB1,rush_yds,74.93,58,0.774,13.0,11.3,102.0,0.14,0.043333333333333335
2026,4,D'Andre Swift,CHI,NYJ,RB1,rush_att,15.57,15,0.963,13.0,11.3,102.0,0.14,0.043333333333333335
2026,4,D'Andre Swift,CHI,NYJ,RB1,td,0.79,0,0.0,1.0,11.3,102.0,0.14,0.043333333333333335
2026,4,Luther Burden,CHI,NYJ,WR1,rec_yds,56.64,63,1.112,23.5,18.83,100.0,0.14,-0.026666666666666616
2026,4,Luther Burden,CHI,NYJ,WR1,td,0.21,0,0.0,14.5,18.83,100.0,0.14,-0.026666666666666616
2026,4,Rome Odunze,CHI,NYJ,WR3,rec_yds,45.93,94,2.047,11.0,13.5,96.0,0.14,0.1266666666666667
2026,4,Colston Loveland,CHI,NYJ,TE1,rec_yds,35.14,57,1.622,21.0,22.17,99.0,0.14,-0.04999999999999993
2026,4,Colston Loveland,CHI,NYJ,TE1,td,0.29,0,0.0,21.5,22.17,99.0,0.14,-0.04999999999999993
2026,4,Kalif Raymond,CHI,NYJ,WR2,rec_yds,47.86,6,0.125,16.0,15.67,99.0,0.14,0.09333333333333338
2026,4,Kalif Raymond,CHI,NYJ,WR2,td,0.21,0,0.0,20.0,15.67,99.0,0.14,0.09333333333333338
2026,4,Trevor Lawrence,JAX,CIN,QB1,pass_yds,231.5,227,0.981,4.0,9.2,102.0,0.11400000000000002,0.006666666666666599
2026,4,Trevor Lawrence,JAX,CIN,QB1,pass_td,2.36,1,0.424,14.0,9.2,102.0,0.11400000000000002,0.006666666666666599
2026,4,Bhayshul Tuten,JAX,CIN,RB1,rush_yds,41.79,73,1.747,4.0,8.0,100.0,0.11400000000000002,-0.013333333333333364
2026,4,Bhayshul Tuten,JAX,CIN,RB1,td,0.64,0,0.0,22.5,8.0,100.0,0.11400000000000002,-0.013333333333333364
2026,4,Chris Rodriguez,JAX,CIN,RB2,rush_yds,37.79,35,0.926,19.0,5.7,97.0,0.11400000000000002,-0.06666666666666668
2026,4,Chris Rodriguez,JAX,CIN,RB2,td,0.5,1,2.0,3.5,5.7,97.0,0.11400000000000002,-0.06666666666666668
2026,4,Parker Washington,JAX,CIN,WR1,rec_yds,70.86,7,0.099,30.0,27.67,95.0,0.11400000000000002,0.06666666666666676
2026,4,Parker Washington,JAX,CIN,WR1,td,0.57,0,0.0,22.0,27.67,95.0,0.11400000000000002,0.06666666666666676
2026,4,Brenton Strange,JAX,CIN,TE1,rec_yds,35.86,95,2.649,3.0,3.67,105.0,0.11400000000000002,0.009999999999999898
2026,4,Brenton Strange,JAX,CIN,TE1,td,0.36,0,0.0,7.0,3.67,105.0,0.11400000000000002,0.009999999999999898
2026,4,Jakobi Meyers,JAX,CIN,WR2,rec_yds,50.43,33,0.654,26.0,26.0,104.0,0.11400000000000002,0.023333333333333317
2026,4,Jakobi Meyers,JAX,CIN,WR2,td,0.5,0,0.0,20.0,26.0,104.0,0.11400000000000002,0.023333333333333317
2026,4,Brian Thomas,JAX,CIN,WR3,rec_yds,39.21,17,0.434,14.0,16.83,118.0,0.11400000000000002,-0.04999999999999999
2026,4,Joe Burrow,CIN,JAX,QB1,pass_yds,235.36,428,1.819,14.0,16.1,106.0,-0.017,0.0
2026,4,Joe Burrow,CIN,JAX,QB1,pass_td,2.07,1,0.483,25.5,16.1,106.0,-0.017,0.0
2026,4,Chase Brown,CIN,JAX,RB1,rush_yds,70.93,10,0.141,32.0,25.5,97.0,-0.017,-0.00666666666666671
2026,4,Chase Brown,CIN,JAX,RB1,rush_att,15.86,9,0.568,32.0,25.5,97.0,-0.017,-0.00666666666666671
2026,4,Chase Brown,CIN,JAX,RB1,rec_yds,21.43,71,3.313,16.0,25.5,97.0,-0.017,-0.00666666666666671
2026,4,Chase Brown,CIN,JAX,RB1,td,0.71,0,0.0,28.0,25.5,97.0,-0.017,-0.00666666666666671
2026,4,Samaje Perine,CIN,JAX,RB2,rush_yds,25.21,7,0.278,25.0,15.2,106.0,-0.017,-0.013333333333333308
2026,4,Samaje Perine,CIN,JAX,RB2,td,0.21,0,0.0,16.0,15.2,106.0,-0.017,-0.013333333333333308
2026,4,Tee Higgins,CIN,JAX,WR1,rec_yds,72.71,157,2.159,3.0,7.5,100.0,-0.017,0.14
2026,4,Tee Higgins,CIN,JAX,WR1,td,0.71,0,0.0,18.5,7.5,100.0,-0.017,0.14
2026,4,Mike Gesicki,CIN,JAX,TE1,rec_yds,40.92,40,0.978,18.0,20.5,102.0,-0.017,0.08999999999999997
2026,4,Mike Gesicki,CIN,JAX,TE1,td,0.5,1,2.0,21.5,20.5,102.0,-0.017,0.08999999999999997
2026,4,Ja'Marr Chase,CIN,JAX,WR2,rec_yds,75.86,27,0.356,18.0,16.67,107.0,-0.017,0.06000000000000005
2026,4,Ja'Marr Chase,CIN,JAX,WR2,td,0.64,0,0.0,12.0,16.67,107.0,-0.017,0.06000000000000005
2026,4,Dak Prescott,DAL,HOU,QB1,pass_yds,263.79,335,1.27,18.0,18.9,102.0,0.263,0.0
2026,4,Dak Prescott,DAL,HOU,QB1,pass_td,1.93,1,0.519,23.5,18.9,102.0,0.263,0.0
2026,4,Javonte Williams,DAL,HOU,RB1,rush_yds,64.71,62,0.958,25.0,27.5,100.0,0.263,0.0033333333333332993
2026,4,Javonte Williams,DAL,HOU,RB1,rush_att,15.29,19,1.243,25.0,27.5,100.0,0.263,0.0033333333333332993
2026,4,Javonte Williams,DAL,HOU,RB1,td,0.71,3,4.2,26.5,27.5,100.0,0.263,0.0033333333333332993
2026,4,George Pickens,DAL,HOU,WR2,rec_yds,68.93,75,1.088,17.0,11.5,104.0,0.263,0.033333333333333215
2026,4,George Pickens,DAL,HOU,WR2,td,0.21,0,0.0,3.5,11.5,104.0,0.263,0.033333333333333215
2026,4,Ryan Flournoy,DAL,HOU,WR3,rec_yds,30.21,37,1.225,8.0,13.83,118.0,0.263,-0.04999999999999993
2026,4,Ryan Flournoy,DAL,HOU,WR3,td,0.29,0,0.0,5.5,13.83,118.0,0.263,-0.04999999999999993
2026,4,Jake Ferguson,DAL,HOU,TE1,rec_yds,25.71,11,0.428,15.5,16.17,105.0,0.263,0.00666666666666671
2026,4,Jake Ferguson,DAL,HOU,TE1,td,0.57,0,0.0,15.5,16.17,105.0,0.263,0.00666666666666671
2026,4,CeeDee Lamb,DAL,HOU,WR1,rec_yds,86.0,189,2.198,16.0,24.83,95.0,0.263,0.026666666666666616
2026,4,CeeDee Lamb,DAL,HOU,WR1,td,0.57,1,1.75,29.5,24.83,95.0,0.263,0.026666666666666616
2026,4,C.J. Stroud,HOU,DAL,QB1,pass_yds,237.43,347,1.461,6.0,3.3,106.0,0.161,0.0
2026,4,C.J. Stroud,HOU,DAL,QB1,pass_td,1.14,2,1.75,2.0,3.3,106.0,0.161,0.0
2026,4,David Montgomery,HOU,DAL,RB1,rush_yds,32.57,24,0.737,18.0,10.4,97.0,0.161,0.08333333333333326
2026,4,David Montgomery,HOU,DAL,RB1,td,0.64,0,0.0,9.0,10.4,97.0,0.161,0.08333333333333326
2026,4,Woody Marks,HOU,DAL,RB2,rush_yds,42.29,22,0.52,5.0,5.9,106.0,0.161,-0.08333333333333331
2026,4,Woody Marks,HOU,DAL,RB2,rush_att,12.36,6,0.486,5.0,5.9,106.0,0.161,-0.08333333333333331
2026,4,Woody Marks,HOU,DAL,RB2,td,0.29,1,3.5,1.0,5.9,106.0,0.161,-0.08333333333333331
2026,4,Nico Collins,HOU,DAL,WR2,rec_yds,85.3,118,1.383,2.0,9.33,107.0,0.161,
2026,4,Nico Collins,HOU,DAL,WR2,td,0.6,2,3.333,20.0,9.33,107.0,0.161,
2026,4,Xavier Hutchinson,HOU,DAL,WR1,rec_yds,31.86,46,1.444,19.0,15.83,100.0,0.161,-0.09666666666666668
2026,4,Kayshon Boutte,HOU,DAL,WR3,rec_yds,29.14,36,1.235,9.0,4.67,105.0,0.161,0.06666666666666665
2026,4,Kayshon Boutte,HOU,DAL,WR3,td,0.21,0,0.0,1.0,4.67,105.0,0.161,0.06666666666666665
2026,4,Dalton Schultz,HOU,DAL,TE1,rec_yds,53.5,9,0.168,14.0,11.5,102.0,0.161,-0.08666666666666667
2026,4,Jacoby Brissett,ARI,NYG,QB1,pass_yds,253.71,166,0.654,16.0,12.5,95.0,0.012,0.0
2026,4,Jacoby Brissett,ARI,NYG,QB1,pass_td,1.64,2,1.217,7.5,12.5,95.0,0.012,0.0
2026,4,Jeremiyah Love,ARI,NYG,RB1,rush_yds,53.33,63,1.181,1.0,6.2,96.0,0.012,0.14999999999999997
2026,4,Jeremiyah Love,ARI,NYG,RB1,rush_att,13.67,14,1.024,1.0,6.2,96.0,0.012,0.14999999999999997
2026,4,Jeremiyah Love,ARI,NYG,RB1,td,0.67,0,0.0,4.5,6.2,96.0,0.012,0.14999999999999997
2026,4,Tyler Allgeier,ARI,NYG,RB2,rush_yds,27.43,42,1.531,10.0,15.0,103.0,0.012,-0.16999999999999993
2026,4,Michael Wilson,ARI,NYG,WR1,rec_yds,78.64,95,1.208,4.0,7.17,107.0,0.012,0.023333333333333317
2026,4,Michael Wilson,ARI,NYG,WR1,td,0.57,0,0.0,14.5,7.17,107.0,0.012,0.023333333333333317
2026,4,Trey McBride,ARI,NYG,TE1,rec_yds,75.57,31,0.41,19.0,18.33,103.0,0.012,0.046666666666666634
2026,4,Trey McBride,ARI,NYG,TE1,td,0.64,0,0.0,21.5,18.33,103.0,0.012,0.046666666666666634
2026,4,Marvin Harrison Jr.,ARI,NYG,WR2,rec_yds,39.0,12,0.308,20.0,14.5,95.0,0.012,0.0033333333333334103
2026,4,Jameis Winston,NYG,ARI,QB1,pass_yds,146.43,250,1.707,9.0,15.5,95.0,0.038000000000000006,0.06000000000000005
2026,4,Cam Skattebo,NYG,ARI,RB1,rush_yds,54.57,58,1.063,17.0,8.3,96.0,0.038000000000000006,0.1133333333333334
2026,4,Cam Skattebo,NYG,ARI,RB1,rush_att,14.36,18,1.254,17.0,8.3,96.0,0.038000000000000006,0.1133333333333334
2026,4,Cam Skattebo,NYG,ARI,RB1,rec_yds,23.21,8,0.345,3.0,8.3,96.0,0.038000000000000006,0.1133333333333334
2026,4,Cam Skattebo,NYG,ARI,RB1,td,0.64,0,0.0,4.5,8.3,96.0,0.038000000000000006,0.1133333333333334
2026,4,Najee Harris,NYG,ARI,RB2,rush_yds,25.29,30,1.186,1.0,15.6,103.0,0.038000000000000006,0.04000000000000001
2026,4,Malik Nabers,NYG,ARI,WR1,rec_yds,46.3,112,2.419,1.0,3.0,107.0,0.038000000000000006,0.09999999999999998
2026,4,Malik Nabers,NYG,ARI,WR1,td,0.2,1,5.0,1.0,3.0,107.0,0.038000000000000006,0.09999999999999998
2026,4,Isaiah Likely,NYG,ARI,TE1,rec_yds,37.79,66,1.747,4.0,3.17,103.0,0.038000000000000006,0.16666666666666663
2026,4,Isaiah Likely,NYG,ARI,TE1,td,0.36,0,0.0,2.0,3.17,103.0,0.038000000000000006,0.16666666666666663
2026,4,Malachi Fields,NYG,ARI,WR2,rec_yds,24.67,52,2.108,21.0,16.33,95.0,0.038000000000000006,-0.04999999999999993
2026,4,Darnell Mooney,NYG,ARI,WR3,rec_yds,31.64,0,0.0,27.0,27.67,98.0,0.038000000000000006,-0.13666666666666666
2026,4,Matthew Stafford,LAR,PHI,QB1,pass_yds,287.43,317,1.103,26.0,17.3,101.0,0.068,0.053333333333333344
2026,4,Matthew Stafford,LAR,PHI,QB1,pass_td,2.36,0,0.0,30.5,17.3,101.0,0.068,0.053333333333333344
2026,4,Kyren Williams,LAR,PHI,RB1,rush_yds,72.93,80,1.097,21.0,20.3,102.0,0.068,0.07666666666666666
2026,4,Kyren Williams,LAR,PHI,RB1,rush_att,13.5,16,1.185,21.0,20.3,102.0,0.068,0.07666666666666666
2026,4,Kyren Williams,LAR,PHI,RB1,rec_yds,22.57,67,2.968,22.0,20.3,102.0,0.068,0.07666666666666666
2026,4,Kyren Williams,LAR,PHI,RB1,td,0.64,2,3.111,13.5,20.3,102.0,0.068,0.07666666666666666
2026,4,Blake Corum,LAR,PHI,RB2,rush_yds,52.5,14,0.267,4.0,15.5,99.0,0.068,-0.033333333333333326
2026,4,Blake Corum,LAR,PHI,RB2,td,0.36,0,0.0,25.0,15.5,99.0,0.068,-0.033333333333333326
2026,4,Puka Nacua,LAR,PHI,WR2,rec_yds,108.8,125,1.149,4.0,6.67,99.0,0.068,
2026,4,Puka Nacua,LAR,PHI,WR2,td,0.6,1,1.667,8.0,6.67,99.0,0.068,
2026,4,Tyler Higbee,LAR,PHI,TE1,rec_yds,32.67,67,2.051,31.0,30.33,99.0,0.068,0.255
2026,4,Tyler Higbee,LAR,PHI,TE1,td,0.42,0,0.0,31.5,30.33,99.0,0.068,0.255
2026,4,Davante Adams,LAR,PHI,WR1,rec_yds,79.21,32,0.404,26.0,24.0,100.0,0.068,0.15666666666666662
2026,4,Davante Adams,LAR,PHI,WR1,td,1.07,0,0.0,22.0,24.0,100.0,0.068,0.15666666666666662
2026,4,Konata Mumpfield,LAR,PHI,WR3,rec_yds,21.07,7,0.332,13.0,20.5,96.0,0.068,0.17000000000000004
2026,4,Konata Mumpfield,LAR,PHI,WR3,td,0.21,0,0.0,31.0,20.5,96.0,0.068,0.17000000000000004
2026,4,Jalen Hurts,PHI,LAR,QB1,pass_yds,199.07,93,0.467,19.0,20.4,95.0,-0.20800000000000002,-0.05333333333333323
2026,4,Jalen Hurts,PHI,LAR,QB1,pass_td,1.43,2,1.4,14.0,20.4,95.0,-0.20800000000000002,-0.05333333333333323
2026,4,Tank Bigsby,PHI,LAR,RB2,rush_yds,21.5,55,2.558,20.0,15.5,103.0,-0.20800000000000002,-0.12333333333333332
2026,4,Tank Bigsby,PHI,LAR,RB2,td,0.29,0,0.0,25.0,15.5,103.0,-0.20800000000000002,-0.12333333333333332
2026,4,Saquon Barkley,PHI,LAR,RB1,rush_yds,69.21,8,0.116,24.0,17.3,96.0,-0.20800000000000002,0.19000000000000006
2026,4,Saquon Barkley,PHI,LAR,RB1,rush_att,15.79,2,0.127,24.0,17.3,96.0,-0.20800000000000002,0.19000000000000006
2026,4,Saquon Barkley,PHI,LAR,RB1,td,0.21,0,0.0,31.0,17.3,96.0,-0.20800000000000002,0.19000000000000006
2026,4,Darius Cooper,PHI,LAR,WR3,rec_yds,20.57,33,1.604,3.0,5.67,98.0,-0.20800000000000002,
2026,4,Darius Cooper,PHI,LAR,WR3,td,0.29,2,7.0,3.0,5.67,98.0,-0.20800000000000002,
2026,4,Dontayvion Wicks,PHI,LAR,WR1,rec_yds,40.07,18,0.449,20.0,14.83,107.0,-0.20800000000000002,0.07666666666666666
2026,4,Dontayvion Wicks,PHI,LAR,WR1,td,0.29,0,0.0,10.5,14.83,107.0,-0.20800000000000002,0.07666666666666666
2026,4,Zach Ertz,PHI,LAR,TE1,rec_yds,37.3,13,0.349,25.0,20.33,103.0,-0.20800000000000002,
2026,4,Zach Ertz,PHI,LAR,TE1,td,0.2,0,0.0,21.5,20.33,103.0,-0.20800000000000002,
2026,4,Cam Ward,TEN,BAL,QB1,pass_yds,172.64,222,1.286,5.0,12.2,86.0,-0.066,0.0
2026,4,Cam Ward,TEN,BAL,QB1,pass_td,1.0,1,1.0,25.5,12.2,86.0,-0.066,0.0
2026,4,Tony Pollard,TEN,BAL,RB1,rush_yds,67.71,48,0.709,30.0,16.9,97.0,-0.066,-0.0033333333333332993
2026,4,Tony Pollard,TEN,BAL,RB1,rush_att,14.21,16,1.126,30.0,16.9,97.0,-0.066,-0.0033333333333332993
2026,4,Tony Pollard,TEN,BAL,RB1,td,0.21,1,4.667,17.5,16.9,97.0,-0.066,-0.0033333333333332993
2026,4,Wan'Dale Robinson,TEN,BAL,WR2,rec_yds,52.0,19,0.365,8.0,10.33,96.0,-0.066,-0.030000000000000027
2026,4,Wan'Dale Robinson,TEN,BAL,WR2,td,0.29,1,3.5,20.0,10.33,96.0,-0.066,-0.030000000000000027
2026,4,Carnell Tate,TEN,BAL,WR1,rec_yds,41.0,145,3.537,2.0,10.0,93.0,-0.066,0.043333333333333446
2026,4,Elic Ayomanor,TEN,BAL,WR3,rec_yds,30.0,22,0.733,10.0,8.67,91.0,-0.066,0.18333333333333335
2026,4,Elic Ayomanor,TEN,BAL,WR3,td,0.29,0,0.0,12.0,8.67,91.0,-0.066,0.18333333333333335
2026,4,Gunnar Helm,TEN,BAL,TE1,rec_yds,21.07,5,0.237,30.0,25.17,89.0,-0.066,0.0033333333333334103
2026,4,Lamar Jackson,BAL,TEN,QB1,pass_yds,211.86,222,1.048,10.0,15.4,95.0,0.198,0.0
2026,4,Lamar Jackson,BAL,TEN,QB1,pass_td,1.07,2,1.867,18.0,15.4,95.0,0.198,0.0
2026,4,Derrick Henry,BAL,TEN,RB1,rush_yds,106.64,73,0.685,22.0,23.0,96.0,0.198,0.08999999999999997
2026,4,Derrick Henry,BAL,TEN,RB1,rush_att,20.79,23,1.107,22.0,23.0,96.0,0.198,0.08999999999999997
2026,4,Derrick Henry,BAL,TEN,RB1,td,1.57,1,0.636,17.5,23.0,96.0,0.198,0.08999999999999997
2026,4,Justice Hill,BAL,TEN,RB2,td,0.21,0,0.0,7.0,15.6,103.0,0.198,-0.08999999999999997
2026,4,Zay Flowers,BAL,TEN,WR1,rec_yds,87.83,118,1.343,5.0,3.67,107.0,0.198,0.020000000000000018
2026,4,Zay Flowers,BAL,TEN,WR1,td,0.58,1,1.714,4.0,3.67,107.0,0.198,0.020000000000000018
2026,4,Rashod Bateman,BAL,TEN,WR2,rec_yds,25.86,46,1.779,11.0,15.0,95.0,0.198,0.01666666666666672
2026,4,Rashod Bateman,BAL,TEN,WR2,td,0.21,0,0.0,20.0,15.0,95.0,0.198,0.01666666666666672
2026,4,Mark Andrews,BAL,TEN,TE1,rec_yds,30.14,27,0.896,11.0,13.17,103.0,0.198,-0.13
2026,4,Devontez Walker,BAL,TEN,WR3,rec_yds,25.56,19,0.743,5.0,14.33,98.0,0.198,-0.010000000000000009
2026,4,Devontez Walker,BAL,TEN,WR3,td,0.33,0,0.0,27.0,14.33,98.0,0.198,-0.010000000000000009
2026,4,Jordan Love,GB,TB,QB1,pass_yds,233.64,197,0.843,8.0,8.2,106.0,-0.14,0.0
2026,4,Jordan Love,GB,TB,QB1,pass_td,1.57,2,1.273,10.0,8.2,106.0,-0.14,0.0
2026,4,MarShawn Lloyd,GB,TB,RB1,rush_yds,22.67,13,0.574,27.0,13.5,97.0,-0.14,-0.08333333333333329
2026,4,MarShawn Lloyd,GB,TB,RB1,td,0.33,0,0.0,17.5,13.5,97.0,-0.14,-0.08333333333333329
2026,4,Matthew Golden,GB,TB,WR1,rec_yds,44.14,21,0.476,18.0,20.5,100.0,-0.14,-0.01333333333333342
2026,4,Tucker Kraft,GB,TB,TE1,rec_yds,50.07,42,0.839,8.0,5.5,102.0,-0.14,-0.04000000000000015
2026,4,Tucker Kraft,GB,TB,TE1,td,0.43,1,2.333,3.5,5.5,102.0,-0.14,-0.04000000000000015
2026,4,Christian Watson,GB,TB,WR2,rec_yds,74.0,47,0.635,14.0,14.67,107.0,-0.14,-0.019999999999999907
2026,4,Christian Watson,GB,TB,WR2,td,1.0,0,0.0,26.0,14.67,107.0,-0.14,-0.019999999999999907
2026,4,Bucky Irving,TB,GB,RB1,rush_yds,60.0,61,1.017,3.0,13.9,97.0,-0.089,-0.1166666666666667
2026,4,Bucky Irving,TB,GB,RB1,rush_att,15.86,16,1.009,3.0,13.9,97.0,-0.089,-0.1166666666666667
2026,4,Bucky Irving,TB,GB,RB1,rec_yds,24.36,0,0.0,21.0,13.9,97.0,-0.089,-0.1166666666666667
2026,4,Bucky Irving,TB,GB,RB1,td,0.36,0,0.0,13.5,13.9,97.0,-0.089,-0.1166666666666667
2026,4,Kenneth Gainwell,TB,GB,RB2,rush_yds,25.64,5,0.195,18.0,14.0,106.0,-0.089,0.03666666666666668
2026,4,Kenneth Gainwell,TB,GB,RB2,td,0.36,1,2.8,7.0,14.0,106.0,-0.089,0.03666666666666668
2026,4,Cade Otton,TB,GB,TE1,rec_yds,38.64,37,0.957,26.5,18.67,102.0,-0.089,0.0033333333333332993
2026,4,Chris Godwin,TB,GB,WR2,rec_yds,39.71,31,0.781,24.5,22.67,107.0,-0.089,-0.15999999999999992
2026,4,Ted Hurst,TB,GB,WR3,rec_yds,34.33,25,0.728,16.0,13.83,105.0,-0.089,0.0033333333333332993
2026,4,Ted Hurst,TB,GB,WR3,td,0.33,0,0.0,18.5,13.83,105.0,-0.089,0.0033333333333332993
2026,4,Emeka Egbuka,TB,GB,WR1,rec_yds,38.79,13,0.335,6.0,7.0,100.0,-0.089,-0.07999999999999996
2026,4,Malik Willis,MIA,MIN,QB1,pass_yds,167.6,85,0.507,29.0,28.6,86.0,-0.353,0.0
2026,4,Ollie Gordon,MIA,MIN,RB1,td,0.33,1,3.0,29.5,24.7,97.0,-0.353,0.32499999999999996
2026,4,Jaylen Wright,MIA,MIN,RB2,rush_yds,23.33,7,0.3,14.0,22.4,97.0,-0.353,-0.010000000000000002
2026,4,Jaylen Wright,MIA,MIN,RB2,td,0.17,0,0.0,16.0,22.4,97.0,-0.353,-0.010000000000000002
2026,4,Malik Washington,MIA,MIN,WR1,rec_yds,31.29,67,2.142,27.0,28.5,93.0,-0.353,0.0033333333333334103
2026,4,Malik Washington,MIA,MIN,WR1,td,0.21,0,0.0,29.5,28.5,93.0,-0.353,0.0033333333333334103
2026,4,Chris Bell,MIA,MIN,WR2,rec_yds,30.67,0,0.0,6.0,10.5,96.0,-0.353,0.16333333333333333
2026,4,Kyler Murray,MIN,MIA,QB1,pass_yds,148.22,247,1.666,15.0,12.0,86.0,0.007999999999999993,0.41500000000000004
2026,4,Kyler Murray,MIN,MIA,QB1,pass_td,0.89,0,0.0,6.0,12.0,86.0,0.007999999999999993,0.41500000000000004
2026,4,Aaron Jones,MIN,MIA,RB1,rush_yds,58.21,94,1.615,9.0,5.3,97.0,0.007999999999999993,0.10999999999999999
2026,4,Aaron Jones,MIN,MIA,RB1,rush_att,14.93,20,1.34,9.0,5.3,97.0,0.007999999999999993,0.10999999999999999
2026,4,Aaron Jones,MIN,MIA,RB1,td,0.29,0,0.0,2.0,5.3,97.0,0.007999999999999993,0.10999999999999999
2026,4,T.J. Hockenson,MIN,MIA,TE1,rec_yds,26.29,119,4.527,6.0,7.5,89.0,0.007999999999999993,0.11666666666666659
2026,4,T.J. Hockenson,MIN,MIA,TE1,td,0.29,0,0.0,9.5,7.5,89.0,0.007999999999999993,0.11666666666666659
2026,4,Jauan Jennings,MIN,MIA,WR2,rec_yds,32.67,8,0.245,23.0,19.67,96.0,0.007999999999999993,0.16000000000000003
2026,4,Jauan Jennings,MIN,MIA,WR2,td,0.58,0,0.0,6.0,19.67,96.0,0.007999999999999993,0.16000000000000003
2026,4,Jordan Addison,MIN,MIA,WR1,rec_yds,31.43,52,1.655,31.0,28.67,93.0,0.007999999999999993,0.08333333333333337
2026,4,Jordan Addison,MIN,MIA,WR1,td,0.29,0,0.0,28.0,28.67,93.0,0.007999999999999993,0.08333333333333337
2026,4,Patrick Mahomes,KC,LV,QB1,pass_yds,264.07,225,0.852,20.0,15.5,106.0,0.035,0.0
2026,4,Patrick Mahomes,KC,LV,QB1,pass_td,1.79,2,1.12,21.0,15.5,106.0,0.035,0.0
2026,4,Kenneth Walker III,KC,LV,RB1,rush_yds,86.29,177,2.051,26.0,22.0,97.0,0.035,-0.013333333333333308
2026,4,Kenneth Walker III,KC,LV,RB1,rush_att,16.5,22,1.333,26.0,22.0,97.0,0.035,-0.013333333333333308
2026,4,Kenneth Walker III,KC,LV,RB1,rec_yds,25.93,2,0.077,27.0,22.0,97.0,0.035,-0.013333333333333308
2026,4,Kenneth Walker III,KC,LV,RB1,td,0.71,2,2.8,20.5,22.0,97.0,0.035,-0.013333333333333308
2026,4,Tyquan Thornton,KC,LV,WR2,rec_yds,34.5,111,3.217,9.0,15.5,107.0,0.035,-0.11666666666666664
2026,4,Xavier Worthy,KC,LV,WR1,rec_yds,30.36,70,2.306,22.0,24.33,100.0,0.035,0.010000000000000009
2026,4,Travis Kelce,KC,LV,TE1,rec_yds,55.21,15,0.272,26.5,20.33,102.0,0.035,0.00666666666666671
2026,4,Travis Kelce,KC,LV,TE1,td,0.43,0,0.0,9.5,20.33,102.0,0.035,0.00666666666666671
2026,4,Jalen Royals,KC,LV,WR3,td,0.4,0,0.0,18.5,19.0,105.0,0.035,0.020000000000000018
2026,4,Kirk Cousins,LV,KC,QB1,pass_yds,202.93,365,1.799,30.0,20.9,95.0,-0.0010000000000000009,0.0
2026,4,Kirk Cousins,LV,KC,QB1,pass_td,2.0,2,1.0,30.5,20.9,95.0,-0.0010000000000000009,0.0
2026,4,Ashton Jeanty,LV,KC,RB1,rush_yds,60.0,58,0.967,28.0,27.9,96.0,-0.0010000000000000009,0.043333333333333224
2026,4,Ashton Jeanty,LV,KC,RB1,rush_att,17.79,15,0.843,28.0,27.9,96.0,-0.0010000000000000009,0.043333333333333224
2026,4,Ashton Jeanty,LV,KC,RB1,rec_yds,28.86,68,2.356,28.0,27.9,96.0,-0.0010000000000000009,0.043333333333333224
2026,4,Ashton Jeanty,LV,KC,RB1,td,0.5,0,0.0,26.5,27.9,96.0,-0.0010000000000000009,0.043333333333333224
2026,4,Mike Washington Jr.,LV,KC,RB2,rush_yds,34.0,18,0.529,27.5,17.3,103.0,-0.0010000000000000009,-0.020000000000000018
2026,4,Mike Washington Jr.,LV,KC,RB2,td,0.33,0,0.0,7.0,17.3,103.0,-0.0010000000000000009,-0.020000000000000018
2026,4,Brock Bowers,LV,KC,TE1,rec_yds,68.7,86,1.252,17.0,14.0,103.0,-0.0010000000000000009,
2026,4,Brock Bowers,LV,KC,TE1,td,0.9,1,1.111,15.5,14.0,103.0,-0.0010000000000000009,
2026,4,Tre Tucker,LV,KC,WR1,rec_yds,44.21,44,0.995,28.0,24.83,107.0,-0.0010000000000000009,-0.05333333333333323
2026,4,Tre Tucker,LV,KC,WR1,td,0.21,0,0.0,31.0,24.83,107.0,-0.0010000000000000009,-0.05333333333333323
2026,4,Cody White,LV,KC,WR2,td,0.78,0,0.0,28.5,24.67,95.0,-0.0010000000000000009,0.04999999999999999
2026,4,Dareke Young,LV,KC,WR3,rec_yds,20.4,9,0.441,30.0,22.83,98.0,-0.0010000000000000009,
2026,4,Justin Herbert,LAC,SEA,QB1,pass_yds,202.93,189,0.931,32.0,24.1,86.0,-0.249,0.0
2026,4,Justin Herbert,LAC,SEA,QB1,pass_td,1.14,1,0.875,23.5,24.1,86.0,-0.249,0.0
2026,4,Tre Harris,LAC,SEA,WR1,rec_yds,35.79,60,1.677,25.0,20.17,93.0,-0.249,-0.13666666666666671
2026,4,Omarion Hampton,LAC,SEA,RB1,rush_yds,63.07,45,0.713,31.0,21.7,97.0,-0.249,-0.12333333333333335
2026,4,Omarion Hampton,LAC,SEA,RB1,rush_att,14.93,9,0.603,31.0,21.7,97.0,-0.249,-0.12333333333333335
2026,4,Omarion Hampton,LAC,SEA,RB1,td,0.64,1,1.556,32.0,21.7,97.0,-0.249,-0.12333333333333335
2026,4,Keaton Mitchell,LAC,SEA,RB2,rush_yds,29.86,39,1.306,24.0,16.2,97.0,-0.249,0.06666666666666665
2026,4,Keaton Mitchell,LAC,SEA,RB2,td,0.21,0,0.0,16.0,16.2,97.0,-0.249,0.06666666666666665
2026,4,Oronde Gadsden II,LAC,SEA,TE1,rec_yds,22.21,36,1.621,10.0,13.83,89.0,-0.249,0.17333333333333328
2026,4,Oronde Gadsden II,LAC,SEA,TE1,td,0.21,0,0.0,28.0,13.83,89.0,-0.249,0.17333333333333328
2026,4,Ladd McConkey,LAC,SEA,WR3,rec_yds,49.07,0,0.0,28.0,26.5,91.0,-0.249,0.27
2026,4,Ladd McConkey,LAC,SEA,WR3,td,0.36,0,0.0,31.0,26.5,91.0,-0.249,0.27
2026,4,Quentin Johnston,LAC,SEA,WR2,rec_yds,34.71,44,1.267,32.0,29.5,96.0,-0.249,0.050000000000000044
2026,4,Quentin Johnston,LAC,SEA,WR2,td,0.29,0,0.0,28.5,29.5,96.0,-0.249,0.050000000000000044
2026,4,Sam Darnold,SEA,LAC,QB1,pass_yds,214.17,168,0.784,23.0,19.7,95.0,-0.0020000000000000018,0.44999999999999996
2026,4,Sam Darnold,SEA,LAC,QB1,pass_td,1.33,2,1.5,29.0,19.7,95.0,-0.0020000000000000018,0.44999999999999996
2026,4,Emanuel Wilson,SEA,LAC,RB1,rush_yds,38.14,81,2.124,11.0,23.3,96.0,-0.0020000000000000018,0.08333333333333331
2026,4,Emanuel Wilson,SEA,LAC,RB1,rush_att,10.5,21,2.0,11.0,23.3,96.0,-0.0020000000000000018,0.08333333333333331
2026,4,Emanuel Wilson,SEA,LAC,RB1,td,0.21,2,9.333,20.5,23.3,96.0,-0.0020000000000000018,0.08333333333333331
2026,4,Rashid Shaheed,SEA,LAC,WR2,rec_yds,20.79,20,0.962,30.0,29.17,95.0,-0.0020000000000000018,-0.10000000000000003
2026,4,Jaxon Smith-Njigba,SEA,LAC,WR1,rec_yds,111.57,76,0.681,9.0,13.33,107.0,-0.0020000000000000018,0.05666666666666664
2026,4,Jaxon Smith-Njigba,SEA,LAC,WR1,td,1.21,0,0.0,26.0,13.33,107.0,-0.0020000000000000018,0.05666666666666664
2026,4,Cooper Kupp,SEA,LAC,WR3,rec_yds,30.57,13,0.425,22.0,25.0,98.0,-0.0020000000000000018,0.043333333333333446
2026,4,Cooper Kupp,SEA,LAC,WR3,td,0.21,0,0.0,22.5,25.0,98.0,-0.0020000000000000018,0.043333333333333446
2026,4,AJ Barner,SEA,LAC,TE1,rec_yds,33.07,12,0.363,15.5,16.83,103.0,-0.0020000000000000018,0.046666666666666634
2026,4,AJ Barner,SEA,LAC,TE1,td,0.29,0,0.0,12.0,16.83,103.0,-0.0020000000000000018,0.046666666666666634
2026,4,Bo Nix,DEN,SF,QB1,pass_yds,226.07,214,0.947,12.0,19.6,106.0,-0.014000000000000002,0.0
2026,4,Bo Nix,DEN,SF,QB1,pass_td,1.14,1,0.875,16.0,19.6,106.0,-0.014000000000000002,0.0
2026,4,J.K. Dobbins,DEN,SF,RB1,rush_yds,62.5,40,0.64,20.0,10.8,97.0,-0.014000000000000002,0.07
2026,4,J.K. Dobbins,DEN,SF,RB1,rush_att,13.79,11,0.798,20.0,10.8,97.0,-0.014000000000000002,0.07
2026,4,RJ Harvey,DEN,SF,RB2,rush_yds,31.92,25,0.783,15.0,16.4,106.0,-0.014000000000000002,-0.07500000000000001
2026,4,RJ Harvey,DEN,SF,RB2,td,0.5,0,0.0,28.5,16.4,106.0,-0.014000000000000002,-0.07500000000000001
2026,4,Pat Bryant,DEN,SF,WR3,rec_yds,36.0,47,1.306,15.0,20.0,105.0,-0.014000000000000002,0.04999999999999993
2026,4,Pat Bryant,DEN,SF,WR3,td,0.21,0,0.0,18.5,20.0,105.0,-0.014000000000000002,0.04999999999999993
2026,4,Jaylen Waddle,DEN,SF,WR1,rec_yds,50.43,35,0.694,17.0,15.67,100.0,-0.014000000000000002,0.033333333333333326
2026,4,Evan Engram,DEN,SF,TE1,rec_yds,26.14,6,0.23,13.0,14.17,102.0,-0.014000000000000002,0.016666666666666607
2026,4,Courtland Sutton,DEN,SF,WR2,rec_yds,43.93,4,0.091,13.0,14.33,107.0,-0.014000000000000002,0.08333333333333337
2026,4,Courtland Sutton,DEN,SF,WR2,td,0.21,0,0.0,20.0,14.33,107.0,-0.014000000000000002,0.08333333333333337
2026,4,Brock Purdy,SF,DEN,QB1,pass_yds,247.71,218,0.88,17.0,19.0,101.0,0.32,0.04999999999999993
2026,4,Brock Purdy,SF,DEN,QB1,pass_td,2.57,2,0.778,28.0,19.0,101.0,0.32,0.04999999999999993
2026,4,Christian McCaffrey,SF,DEN,RB1,rush_yds,67.0,52,0.776,12.0,15.3,102.0,0.32,0.19666666666666666
2026,4,Christian McCaffrey,SF,DEN,RB1,rush_att,15.21,15,0.986,12.0,15.3,102.0,0.32,0.19666666666666666
2026,4,Christian McCaffrey,SF,DEN,RB1,rec_yds,36.14,18,0.498,11.0,15.3,102.0,0.32,0.19666666666666666
2026,4,Christian McCaffrey,SF,DEN,RB1,td,1.07,1,0.933,6.0,15.3,102.0,0.32,0.19666666666666666
2026,4,Deebo Samuel,SF,DEN,WR2,rec_yds,48.43,26,0.537,10.0,12.0,99.0,0.32,0.16666666666666663
2026,4,Deebo Samuel,SF,DEN,WR2,td,0.43,1,2.333,20.0,12.0,99.0,0.32,0.16666666666666663
2026,4,Kaelon Black,SF,DEN,RB2,rush_yds,35.67,13,0.364,30.0,29.1,99.0,0.32,-0.15333333333333335
2026,4,Mike Evans,SF,DEN,WR1,rec_yds,45.86,76,1.657,29.0,27.33,100.0,0.32,-0.21000000000000002
2026,4,Mike Evans,SF,DEN,WR1,td,0.5,0,0.0,32.0,27.33,100.0,0.32,-0.21000000000000002
2026,4,George Kittle,SF,DEN,TE1,rec_yds,64.86,70,1.079,7.0,10.67,99.0,0.32,0.2533333333333333
2026,4,George Kittle,SF,DEN,TE1,td,0.79,1,1.273,15.5,10.67,99.0,0.32,0.2533333333333333
2026,4,Jared Goff,DET,CAR,QB1,pass_yds,280.93,412,1.467,24.0,16.3,106.0,0.15999999999999998,0.0
2026,4,Jared Goff,DET,CAR,QB1,pass_td,2.14,1,0.467,27.0,16.3,106.0,0.15999999999999998,0.0
2026,4,Jahmyr Gibbs,DET,CAR,RB1,rush_yds,81.71,46,0.563,2.0,11.3,97.0,0.15999999999999998,-0.06333333333333335
2026,4,Jahmyr Gibbs,DET,CAR,RB1,rush_att,17.5,15,0.857,2.0,11.3,97.0,0.15999999999999998,-0.06333333333333335
2026,4,Jahmyr Gibbs,DET,CAR,RB1,rec_yds,50.07,31,0.619,25.0,11.3,97.0,0.15999999999999998,-0.06333333333333335
2026,4,Jahmyr Gibbs,DET,CAR,RB1,td,1.43,1,0.7,9.0,11.3,97.0,0.15999999999999998,-0.06333333333333335
2026,4,Jameson Williams,DET,CAR,WR2,rec_yds,64.07,102,1.592,28.0,24.33,107.0,0.15999999999999998,-0.05666666666666664
2026,4,Jameson Williams,DET,CAR,WR2,td,0.21,0,0.0,20.0,24.33,107.0,0.15999999999999998,-0.05666666666666664
2026,4,Isaac TeSlaa,DET,CAR,WR3,rec_yds,25.57,95,3.715,32.0,30.33,105.0,0.15999999999999998,-0.15666666666666673
2026,4,Isaac TeSlaa,DET,CAR,WR3,td,0.29,0,0.0,27.0,30.33,105.0,0.15999999999999998,-0.15666666666666673
2026,4,Sam LaPorta,DET,CAR,TE1,rec_yds,49.86,84,1.685,9.0,10.17,102.0,0.15999999999999998,0.01666666666666672
2026,4,Sam LaPorta,DET,CAR,TE1,td,0.36,1,2.8,5.5,10.17,102.0,0.15999999999999998,0.01666666666666672
2026,4,Amon-Ra St. Brown,DET,CAR,WR1,rec_yds,83.14,75,0.902,13.0,17.17,100.0,0.15999999999999998,-0.1233333333333333
2026,4,Amon-Ra St. Brown,DET,CAR,WR1,td,0.93,0,0.0,26.0,17.17,100.0,0.15999999999999998,-0.1233333333333333
2026,4,Bryce Young,CAR,DET,QB1,pass_yds,249.93,329,1.316,3.0,5.1,101.0,0.28900000000000003,0.053333333333333344
2026,4,Bryce Young,CAR,DET,QB1,pass_td,1.86,2,1.077,3.0,5.1,101.0,0.28900000000000003,0.053333333333333344
2026,4,Chuba Hubbard,CAR,DET,RB1,rush_yds,41.43,122,2.945,16.0,22.7,102.0,0.28900000000000003,0.10666666666666669
2026,4,Chuba Hubbard,CAR,DET,RB1,td,0.5,2,4.0,22.5,22.7,102.0,0.28900000000000003,0.10666666666666669
2026,4,Tetairoa McMillan,CAR,DET,WR1,rec_yds,60.14,192,3.192,7.5,8.0,100.0,0.28900000000000003,0.09333333333333316
2026,4,Tetairoa McMillan,CAR,DET,WR1,td,0.36,2,5.6,6.5,8.0,100.0,0.28900000000000003,0.09333333333333316
2026,4,John Metchie,CAR,DET,WR2,rec_yds,29.1,37,1.271,15.0,13.5,99.0,0.28900000000000003,
2026,4,John Metchie,CAR,DET,WR2,td,0.4,0,0.0,8.0,13.5,99.0,0.28900000000000003,
2026,4,Darren Waller,CAR,DET,TE1,rec_yds,36.21,36,0.994,2.0,3.83,99.0,0.28900000000000003,0.07666666666666666
2026,4,Darren Waller,CAR,DET,TE1,td,0.71,0,0.0,3.5,3.83,99.0,0.28900000000000003,0.07666666666666666
2026,4,Brycen Tremayne,CAR,DET,WR3,rec_yds,32.6,32,0.982,2.0,3.17,96.0,0.28900000000000003,
2026,4,Michael Penix,ATL,NO,QB1,pass_yds,219.6,223,1.015,25.0,23.4,106.0,-0.095,
2026,4,Michael Penix,ATL,NO,QB1,pass_td,1.0,1,1.0,12.0,23.4,106.0,-0.095,
2026,4,Bijan Robinson,ATL,NO,RB1,rush_yds,106.93,145,1.356,5.0,11.9,97.0,-0.095,0.053333333333333344
2026,4,Bijan Robinson,ATL,NO,RB1,rush_att,20.29,19,0.937,5.0,11.9,97.0,-0.095,0.053333333333333344
2026,4,Bijan Robinson,ATL,NO,RB1,rec_yds,42.07,2,0.048,19.0,11.9,97.0,-0.095,0.053333333333333344
2026,4,Bijan Robinson,ATL,NO,RB1,td,0.93,2,2.154,9.0,11.9,97.0,-0.095,0.053333333333333344
2026,4,Brian Robinson Jr.,ATL,NO,RB2,rush_yds,33.36,62,1.859,13.0,20.0,106.0,-0.095,-0.0633333333333333
2026,4,Brian Robinson Jr.,ATL,NO,RB2,td,0.21,3,14.0,16.0,20.0,106.0,-0.095,-0.0633333333333333
2026,4,Drake London,ATL,NO,WR1,rec_yds,85.57,96,1.122,23.5,17.67,100.0,-0.095,0.08666666666666667
2026,4,Drake London,ATL,NO,WR1,td,0.43,0,0.0,6.5,17.67,100.0,-0.095,0.08666666666666667
2026,4,Kyle Pitts,ATL,NO,TE1,rec_yds,39.14,47,1.201,22.0,19.17,102.0,-0.095,0.05666666666666664
2026,4,Kyle Pitts,ATL,NO,TE1,td,0.29,0,0.0,15.5,19.17,102.0,-0.095,0.05666666666666664
2026,4,Tyler Shough,NO,ATL,QB1,pass_yds,279.57,286,1.023,11.0,15.7,102.0,-0.038,0.0
2026,4,Tyler Shough,NO,ATL,QB1,pass_td,1.79,1,0.56,7.5,15.7,102.0,-0.038,0.0
2026,4,Alvin Kamara,NO,ATL,RB1,rush_yds,32.25,23,0.713,23.0,19.6,100.0,-0.038,0.015000000000000013
2026,4,Kendre Miller,NO,ATL,RB2,rush_yds,25.55,9,0.352,21.0,24.6,97.0,-0.038,-0.04999999999999999
2026,4,Kendre Miller,NO,ATL,RB2,td,0.27,0,0.0,21.0,24.6,97.0,-0.038,-0.04999999999999999
2026,4,Chris Olave,NO,ATL,WR1,rec_yds,100.71,116,1.152,15.0,15.83,95.0,-0.038,-0.00666666666666671
2026,4,Chris Olave,NO,ATL,WR1,td,0.57,0,0.0,10.5,15.83,95.0,-0.038,-0.00666666666666671
2026,4,Juwan Johnson,NO,ATL,TE1,rec_yds,59.71,59,0.988,29.0,28.5,105.0,-0.038,-0.043333333333333446
2026,4,Juwan Johnson,NO,ATL,TE1,td,0.5,0,0.0,28.0,28.5,105.0,-0.038,-0.043333333333333446
2026,4,Devaughn Vele,NO,ATL,WR2,rec_yds,44.57,54,1.212,5.0,5.0,104.0,-0.038,-0.036666666666666625
2026,4,Devaughn Vele,NO,ATL,WR2,td,0.29,1,3.5,8.0,5.0,104.0,-0.038,-0.036666666666666625
