player,mk_name,team,pos,slot,slot_group,injury,owner,week,opponent,composite,stat_ranks
Liam Szarka,Liam Szarka,AF,QB,QB1,QB,1,,6,@NIU,71.4,QB PY=103;QB RY=68;QB P+R=99;P TD=22;QB TD=65
Evan Medders,Evan Medders,AF,QB,QB2,QB,1,,6,@NIU,71.4,QB PY=103;QB RY=68;QB P+R=99;P TD=22;QB TD=65
Owen Allen,Owen Allen,AF,RB,RB1,RB1,1,,6,@NIU,80.1,RB1 RY=23;RB1 Recep=123.5;RB1 RecY=112;RB R+R=71;RB1 TD=71
Rocco Conti,Rocco Conti,AF,RB,RB2,RB2,1,,6,@NIU,79.3,RB2+ RY=94;RB2 Recep=61.5;RB2 RecY=83;RB R+R=71;RB2 TD=87
Gage LaDue,Gage LaDue,AF,RB,RB3,RB2,1,,6,@NIU,79.3,RB2+ RY=94;RB2 Recep=61.5;RB2 RecY=83;RB R+R=71;RB2 TD=87
Simon Kibbee,Simon Kibbee,AF,TE,TE1,TE1,1,,6,@NIU,69.33,TE1 Recep=56;TE1 RecY=123;TE1 TD=29
Jonah Dawson,Jonah Dawson,AF,WR,WR1,WR1,1,,6,@NIU,25.0,WR1 Recep=31;WR1 RecY=33;WR1 TD=11
Adam Hrynciw,Adam Hrynciw,AF,WR,WR2,WR2,1,,6,@NIU,113.17,WR2 Recep=96;WR2 RecY=119;WR2 TD=124.5
Matt Long,Matt Long,AF,WR,WR3,WR3,1,,6,@NIU,50.5,WR3 Recep=33.5;WR3 RecY=62;WR3 TD=56
Sylas Maiava-Alaimalo,Sylas Maiava-Alaimalo,AF,WR,WR4+,WR4+,1,,6,@NIU,64.5,WR4+ Recep=76;WR4+ RecY=59;WR4+ TD=58.5
Grant Wayne,Grant Wayne,AF,WR,WR4+,WR4+,1,,6,@NIU,64.5,WR4+ Recep=76;WR4+ RecY=59;WR4+ TD=58.5
Brayden Roggow,Brayden Roggow,AKR,QB,QB1,QB,1,,6,EMU,53.8,QB PY=62;QB RY=31;QB P+R=52;P TD=54.5;QB TD=69.5
Cibastian Broughton,Cibastian Broughton,AKR,QB,QB2,QB,1,,6,EMU,53.8,QB PY=62;QB RY=31;QB P+R=52;P TD=54.5;QB TD=69.5
Jordan Gant,Jordan Gant,AKR,RB,RB1,RB1,1,,6,EMU,77.6,RB1 RY=52;RB1 Recep=115;RB1 RecY=96;RB R+R=57;RB1 TD=68
Sean Patrick,Sean Patrick,AKR,RB,RB2,RB2,1,,6,EMU,77.6,RB2+ RY=41;RB2 Recep=126;RB2 RecY=120;RB R+R=57;RB2 TD=44
Marquese Williams,Marquese Williams,AKR,RB,RB3,RB2,1,,6,EMU,77.6,RB2+ RY=41;RB2 Recep=126;RB2 RecY=120;RB R+R=57;RB2 TD=44
Conner Cravaack,Conner Cravaack,AKR,TE,TE1,TE1,1,,6,EMU,41.17,TE1 Recep=52;TE1 RecY=10;TE1 TD=61.5
Elijah Alexander,Elijah Alexander,AKR,TE,TE2,TE2,1,,6,EMU,41.67,TE2 Recep=41.5;TE2 RecY=41;TE2 TD=42.5
Kyan Mason,Kyan Mason,AKR,WR,WR1,WR1,1,,6,EMU,76.17,WR1 Recep=45;WR1 RecY=118;WR1 TD=65.5
Marcel Williams,Marcel Williams,AKR,WR,WR2,WR2,1,,6,EMU,60.5,WR2 Recep=71;WR2 RecY=26;WR2 TD=84.5
Miles Burris,Miles Burris,AKR,WR,WR3,WR3,1,,6,EMU,53.17,WR3 Recep=96;WR3 RecY=51;WR3 TD=12.5
Brandon Hills,Brandon Hills,AKR,WR,WR4+,WR4+,1,,6,EMU,64.67,WR4+ Recep=86;WR4+ RecY=78;WR4+ TD=30
Gentz Hilburn,Gentz Hilburn,AKR,WR,WR4+,WR4+,1,,6,EMU,64.67,WR4+ Recep=86;WR4+ RecY=78;WR4+ TD=30
Keelon Russell,Keelon Russell,ALA,QB,QB1,QB,1,,6,UGA,98.0,QB PY=100;QB RY=104;QB P+R=105;P TD=116;QB TD=65
Austin Mack,Austin Mack,ALA,QB,QB2,QB,1,,6,UGA,98.0,QB PY=100;QB RY=104;QB P+R=105;P TD=116;QB TD=65
Trae'shawn Brown,Trae'shawn Brown,ALA,RB,RB1,RB1,1,,6,UGA,105.0,RB1 RY=137;RB1 Recep=94;RB1 RecY=59;RB R+R=137;RB1 TD=98
Daniel Hill,Daniel Hill,ALA,RB,RB2,RB2,1,,6,UGA,119.6,RB2+ RY=138;RB2 Recep=56;RB2 RecY=130;RB R+R=137;RB2 TD=137
EJ Crowell,EJ Crowell,ALA,RB,RB3,RB2,1,,6,UGA,119.6,RB2+ RY=138;RB2 Recep=56;RB2 RecY=130;RB R+R=137;RB2 TD=137
Kaleb Edwards,Kaleb Edwards,ALA,TE,TE1,TE1,1,,6,UGA,45.67,TE1 Recep=13;TE1 RecY=66;TE1 TD=58
Marshall Pritchett,Marshall Pritchett,ALA,TE,TE2,TE2,1,,6,UGA,44.0,TE2 Recep=41.5;TE2 RecY=50;TE2 TD=40.5
Lotzeir Brooks,Lotzeir Brooks,ALA,WR,WR1,WR1,1,,6,UGA,58.33,WR1 Recep=37.5;WR1 RecY=44;WR1 TD=93.5
Rico Scott,Rico Scott,ALA,WR,WR2,WR2,1,,6,UGA,127.0,WR2 Recep=110;WR2 RecY=133;WR2 TD=138
Ryan Coleman-Williams,Ryan Coleman-Williams,ALA,WR,WR3,WR3,1,,6,UGA,59.0,WR3 Recep=30;WR3 RecY=60;WR3 TD=87
Noah Rogers,Noah Rogers,ALA,WR,WR4+,WR4+,1,,6,UGA,81.83,WR4+ Recep=57;WR4+ RecY=89;WR4+ TD=99.5
Cederian Morgan,Cederian Morgan,ALA,WR,WR4+,WR4+,1,,6,UGA,81.83,WR4+ Recep=57;WR4+ RecY=89;WR4+ TD=99.5
Malachi Singleton,Malachi Singleton,APP,QB,QB1,QB,1,,6,ODU,58.5,QB PY=77;QB RY=76.5;QB P+R=75;P TD=8;QB TD=56
Henry Hasselbeck,Henry Hasselbeck,APP,QB,QB2,QB,1,,6,ODU,58.5,QB PY=77;QB RY=76.5;QB P+R=75;P TD=8;QB TD=56
Jaquari Lewis,Jaquari Lewis,APP,RB,RB1,RB1,1,,6,ODU,78.5,RB1 RY=90;RB1 Recep=60.5;RB1 RecY=67;RB R+R=43;RB1 TD=132
Ja'Quez Cross,Ja'Quez Cross,APP,RB,RB2,RB2,1,,6,ODU,38.6,RB2+ RY=16;RB2 Recep=21;RB2 RecY=67;RB R+R=43;RB2 TD=46
Treyaun Webb,Treyaun Webb,APP,RB,RB3,RB2,1,,6,ODU,38.6,RB2+ RY=16;RB2 Recep=21;RB2 RecY=67;RB R+R=43;RB2 TD=46
Darrin Fugitt,Darrin Fugitt,APP,TE,TE1,TE1,1,,6,ODU,16.33,TE1 Recep=14;TE1 RecY=29;TE1 TD=6
Jamel Howse,Jamel Howse,APP,TE,TE2,TE2,1,,6,ODU,42.83,TE2 Recep=12.5;TE2 RecY=34;TE2 TD=82
Nate Branch,Nate Branch,APP,WR,WR1,WR1,1,,6,ODU,73.0,WR1 Recep=73;WR1 RecY=105;WR1 TD=41
Sam Pickett III,Sam Pickett III,APP,WR,WR2,WR2,1,,6,ODU,115.17,WR2 Recep=131;WR2 RecY=116;WR2 TD=98.5
Chris Lofton,Chris Lofton,APP,WR,WR3,WR3,1,,6,ODU,55.0,WR3 Recep=105;WR3 RecY=49;WR3 TD=11
Alexander Sanchez,Alexander Sanchez,APP,WR,WR4+,WR4+,1,,6,ODU,25.67,WR4+ Recep=41;WR4+ RecY=27;WR4+ TD=9
Jackson Grier,Jackson Grier,APP,WR,WR4+,WR4+,1,,6,ODU,25.67,WR4+ Recep=41;WR4+ RecY=27;WR4+ TD=9
Noah Fifita,Noah Fifita,ARIZ,QB,QB1,QB,1,,6,@WVU,54.6,QB PY=2;QB RY=121;QB P+R=6;P TD=9;QB TD=135
Sawyer Anderson,Sawyer Anderson,ARIZ,QB,QB2,QB,1,,6,@WVU,54.6,QB PY=2;QB RY=121;QB P+R=6;P TD=9;QB TD=135
Kedrick Reescano,Kedrick Reescano,ARIZ,RB,RB1,RB1,1,,6,@WVU,43.7,RB1 RY=3;RB1 Recep=97.5;RB1 RecY=101;RB R+R=15;RB1 TD=2
Quincy Craig,Quincy Craig,ARIZ,RB,RB2,RB2,1,,6,@WVU,40.0,RB2+ RY=77;RB2 Recep=22;RB2 RecY=11;RB R+R=15;RB2 TD=75
Antwan Roberts Jr.,Antwan Roberts Jr.,ARIZ,RB,RB3,RB2,1,,6,@WVU,40.0,RB2+ RY=77;RB2 Recep=22;RB2 RecY=11;RB R+R=15;RB2 TD=75
Tyler Powell,Tyler Powell,ARIZ,TE,TE1,TE1,1,,6,@WVU,44.0,TE1 Recep=25.5;TE1 RecY=51;TE1 TD=55.5
Cole Rusk,Cole Rusk,ARIZ,TE,TE2,TE2,1,,6,@WVU,49.5,TE2 Recep=63.5;TE2 RecY=58;TE2 TD=27
Tre Spivey,Tre Spivey,ARIZ,WR,WR1,WR1,1,,6,@WVU,14.67,WR1 Recep=26;WR1 RecY=6;WR1 TD=12
Isaiah Mizell,Isaiah Mizell,ARIZ,WR,WR2,WR2,1,,6,@WVU,30.0,WR2 Recep=64.5;WR2 RecY=4;WR2 TD=21.5
Chris Hunter III,Chris Hunter III,ARIZ,WR,WR3,WR3,1,,6,@WVU,28.33,WR3 Recep=35;WR3 RecY=31;WR3 TD=19
Caleb Smith,Caleb Smith,ARIZ,WR,WR4+,WR4+,1,,6,@WVU,40.0,WR4+ Recep=16;WR4+ RecY=11;WR4+ TD=93
Brandon Phelps,Brandon Phelps,ARIZ,WR,WR4+,WR4+,1,,6,@WVU,40.0,WR4+ Recep=16;WR4+ RecY=11;WR4+ TD=93
KJ Jackson,KJ Jackson,ARK,QB,QB1,QB,1,,6,TENN,108.6,QB PY=111;QB RY=64;QB P+R=111;P TD=134;QB TD=123
AJ Hill,AJ Hill,ARK,QB,QB2,QB,1,,6,TENN,108.6,QB PY=111;QB RY=64;QB P+R=111;P TD=134;QB TD=123
Sutton Smith,Sutton Smith,ARK,RB,RB1,RB1,1,,6,TENN,75.0,RB1 RY=98;RB1 Recep=46;RB1 RecY=105;RB R+R=107;RB1 TD=19
Cam Settles,Cam Settles,ARK,RB,RB2,RB2,1,,6,TENN,85.7,RB2+ RY=91;RB2 Recep=41.5;RB2 RecY=73;RB R+R=107;RB2 TD=116
Braylen Russell,Braylen Russell,ARK,RB,RB3,RB2,1,,6,TENN,85.7,RB2+ RY=91;RB2 Recep=41.5;RB2 RecY=73;RB R+R=107;RB2 TD=116
Jaden Platt,Jaden Platt,ARK,TE,TE1,TE1,1,,6,TENN,54.5,TE1 Recep=30;TE1 RecY=53;TE1 TD=80.5
Ty Lockwood,Ty Lockwood,ARK,TE,TE2,TE2,1,,6,TENN,48.33,TE2 Recep=31;TE2 RecY=51;TE2 TD=63
Chris Marshall,Chris Marshall,ARK,WR,WR1,WR1,1,,6,TENN,89.5,WR1 Recep=24;WR1 RecY=108;WR1 TD=136.5
Donovan Faupel,Donovan Faupel,ARK,WR,WR2,WR2,1,,6,TENN,94.83,WR2 Recep=67;WR2 RecY=90;WR2 TD=127.5
Ismael Cisse,Ismael Cisse,ARK,WR,WR3,WR3,1,,6,TENN,123.0,WR3 Recep=133;WR3 RecY=131;WR3 TD=105
Jamari Hawkins,Jamari Hawkins,ARK,WR,WR4+,WR4+,1,,6,TENN,75.83,WR4+ Recep=67;WR4+ RecY=77;WR4+ TD=83.5
CJ Brown,CJ Brown,ARK,WR,WR4+,WR4+,1,,6,TENN,75.83,WR4+ Recep=67;WR4+ RecY=77;WR4+ TD=83.5
Cale Hellums,Cale Hellums,ARMY,QB,QB1,QB,1,,6,TULN,45.1,QB PY=45;QB RY=25;QB P+R=34;P TD=90.5;QB TD=31
Godspower Nwawuihe,Godspower Nwawuihe,ARMY,RB,RB1,RB1,1,,6,TULN,43.1,RB1 RY=19;RB1 Recep=22;RB1 RecY=48;RB R+R=39;RB1 TD=87.5
Carson Smith,Carson Smith,ARMY,RB,RB2,RB2,1,,6,TULN,44.6,RB2+ RY=86;RB2 Recep=16;RB2 RecY=41;RB R+R=39;RB2 TD=41
Jake Rendina,Jake Rendina,ARMY,RB,RB3,RB2,1,,6,TULN,44.6,RB2+ RY=86;RB2 Recep=16;RB2 RecY=41;RB R+R=39;RB2 TD=41
Parker Poloskey,Parker Poloskey,ARMY,TE,TE1,TE1,1,,6,TULN,110.33,TE1 Recep=103;TE1 RecY=109;TE1 TD=119
Tex Brannan,Tex Brannan,ARMY,TE,TE2,TE2,1,,6,TULN,20.83,TE2 Recep=5;TE2 RecY=3;TE2 TD=54.5
Brady Anderson,Brady Anderson,ARMY,WR,WR1,WR1,1,,6,TULN,39.0,WR1 Recep=34.5;WR1 RecY=38;WR1 TD=44.5
Zach Mundell,Zach Mundell,ARMY,WR,WR2,WR2,1,,6,TULN,104.17,WR2 Recep=102.5;WR2 RecY=88;WR2 TD=122
Samari Howard,Samari Howard,ARMY,WR,WR3,WR3,1,,6,TULN,111.33,WR3 Recep=115;WR3 RecY=110;WR3 TD=109
Tobi Olawole,Tobi Olawole,ARMY,WR,WR4+,WR4+,1,,6,TULN,42.0,WR4+ Recep=83.5;WR4+ RecY=23;WR4+ TD=19.5
Brady Mott,Brady Mott,ARMY,WR,WR4+,WR4+,1,,6,TULN,42.0,WR4+ Recep=83.5;WR4+ RecY=23;WR4+ TD=19.5
Trey Owens,Trey Owens,ARST,QB,QB1,QB,1,,6,USA,51.7,QB PY=35;QB RY=97;QB P+R=49;P TD=23;QB TD=54.5
Drew Dickey,Drew Dickey,ARST,QB,QB2,QB,1,,6,USA,51.7,QB PY=35;QB RY=97;QB P+R=49;P TD=23;QB TD=54.5
Solomon Baggett,Solomon Baggett,ARST,RB,RB1,RB1,1,,6,USA,74.0,RB1 RY=11;RB1 Recep=134;RB1 RecY=136;RB R+R=12;RB1 TD=77
James Lee,James Lee,ARST,RB,RB2,RB2,1,,6,USA,11.8,RB2+ RY=17;RB2 Recep=19;RB2 RecY=4;RB R+R=12;RB2 TD=7
Ezell Jolly,Ezell Jolly,ARST,RB,RB3,RB2,1,,6,USA,11.8,RB2+ RY=17;RB2 Recep=19;RB2 RecY=4;RB R+R=12;RB2 TD=7
Tyler Little,Tyler Little,ARST,TE,TE1,TE1,1,,6,USA,53.5,TE1 Recep=69.5;TE1 RecY=72;TE1 TD=19
Jabari Bush,Jabari Bush,ARST,TE,TE2,TE2,1,,6,USA,11.0,TE2 Recep=1;TE2 RecY=5;TE2 TD=27
Chauncy Cobb,Chauncy Cobb,ARST,WR,WR1,WR1,1,,6,USA,48.67,WR1 Recep=76;WR1 RecY=43;WR1 TD=27
Hunter Summers,Hunter Summers,ARST,WR,WR2,WR2,1,,6,USA,91.33,WR2 Recep=90;WR2 RecY=93;WR2 TD=91
Jaylen Bonelli,Jaylen Bonelli,ARST,WR,WR3,WR3,1,,6,USA,44.67,WR3 Recep=38;WR3 RecY=27;WR3 TD=69
Nana Burris,Nana Burris,ARST,WR,WR4+,WR4+,1,,6,USA,45.33,WR4+ Recep=65;WR4+ RecY=46;WR4+ TD=25
Cutter Boley,Cutter Boley,ASU,QB,QB1,QB,1,,6,HAW,65.5,QB PY=42;QB RY=66;QB P+R=51;P TD=108.5;QB TD=60
Kyson Brown,Kyson Brown,ASU,RB,RB1,RB1,1,,6,HAW,24.2,RB1 RY=10;RB1 Recep=26;RB1 RecY=26;RB R+R=51;RB1 TD=8
Marquis Gillis,Marquis Gillis,ASU,RB,RB2,RB2,1,,6,HAW,96.2,RB2+ RY=90;RB2 Recep=134;RB2 RecY=134;RB R+R=51;RB2 TD=72
Cardae Mack,Cardae Mack,ASU,RB,RB3,RB2,1,,6,HAW,96.2,RB2+ RY=90;RB2 Recep=134;RB2 RecY=134;RB R+R=51;RB2 TD=72
AJ Ia,AJ Ia,ASU,TE,TE1,TE1,1,,6,HAW,51.5,TE1 Recep=58;TE1 RecY=44;TE1 TD=52.5
Khamari Anderson,Khamari Anderson,ASU,TE,TE2,TE2,1,,6,HAW,42.83,TE2 Recep=36;TE2 RecY=21;TE2 TD=71.5
Reed Harris,Reed Harris,ASU,WR,WR1,WR1,1,,6,HAW,87.0,WR1 Recep=124;WR1 RecY=100;WR1 TD=37
Omarion Miller,Omarion Miller,ASU,WR,WR2,WR2,1,,6,HAW,93.17,WR2 Recep=91;WR2 RecY=57;WR2 TD=131.5
Raiden Vines-Bright,Raiden Vines-Bright,ASU,WR,WR3,WR3,1,,6,HAW,90.67,WR3 Recep=63.5;WR3 RecY=91;WR3 TD=117.5
Cory Butler Jr.,Cory Butler Jr.,ASU,WR,WR4+,WR4+,1,,6,HAW,56.17,WR4+ Recep=31;WR4+ RecY=13;WR4+ TD=124.5
Jalen Moss,Jalen Moss,ASU,WR,WR4+,WR4+,1,,6,HAW,56.17,WR4+ Recep=31;WR4+ RecY=13;WR4+ TD=124.5
Byrum Brown,Byrum Brown,AUB,QB,QB1,QB,1,,6,BYE,,
Jeremiah Cobb,Jeremiah Cobb,AUB,RB,RB1,RB1,1,,6,BYE,,
Omar Mabson II,Omar Mabson II,AUB,RB,RB2,RB2,1,,6,BYE,,
Bryson Washington,Bryson Washington,AUB,RB,RB3,RB2,1,,6,BYE,,
Arlis Boardingham,Arlis Boardingham,AUB,TE,TE1,TE1,1,,6,BYE,,
Jake Johnson,Jake Johnson,AUB,TE,TE2,TE2,1,,6,BYE,,
Keshaun Singleton,Keshaun Singleton,AUB,WR,WR1,WR1,1,,6,BYE,,
Chas Nimrod,Chas Nimrod,AUB,WR,WR2,WR2,1,,6,BYE,,
Christian Neptune,Christian Neptune,AUB,WR,WR3,WR3,1,,6,BYE,,
Jeremiah Koger,Jeremiah Koger,AUB,WR,WR4+,WR4+,1,,6,BYE,,
DeShawn Spencer,DeShawn Spencer,AUB,WR,WR4+,WR4+,1,,6,BYE,,
Keldric Luster,Keldric Luster,BALL,QB,QB1,QB,1,,6,@NU,99.0,QB PY=56;QB RY=119;QB P+R=86;P TD=124;QB TD=110
Tyler Mizzell,Tyler Mizzell,BALL,QB,QB2,QB,1,,6,@NU,99.0,QB PY=56;QB RY=119;QB P+R=86;P TD=124;QB TD=110
TJ Horton,TJ Horton,BALL,RB,RB1,RB1,1,,6,@NU,72.3,RB1 RY=40;RB1 Recep=105.5;RB1 RecY=113;RB R+R=47;RB1 TD=56
Johnny Thompson Jr.,Johnny Thompson Jr.,BALL,RB,RB2,RB2,1,,6,@NU,79.0,RB2+ RY=23;RB2 Recep=105;RB2 RecY=126;RB R+R=47;RB2 TD=94
Jalen Bonds,Jalen Bonds,BALL,RB,RB3,RB2,1,,6,@NU,79.0,RB2+ RY=23;RB2 Recep=105;RB2 RecY=126;RB R+R=47;RB2 TD=94
Alex Scherle,Alex Scherle,BALL,TE,TE1,TE1,1,,6,@NU,97.33,TE1 Recep=86;TE1 RecY=106;TE1 TD=100
Tate Hoover,Tate Hoover,BALL,TE,TE2,TE2,1,,6,@NU,52.0,TE2 Recep=6;TE2 RecY=18;TE2 TD=132
Donovan Hamilton,Donovan Hamilton,BALL,WR,WR1,WR1,1,,6,@NU,45.0,WR1 Recep=2;WR1 RecY=16;WR1 TD=117
Jabari Smith,Jabari Smith,BALL,WR,WR2,WR2,1,,6,@NU,8.67,WR2 Recep=4;WR2 RecY=13;WR2 TD=9
Jamarion McDougle,Jamarion McDougle,BALL,WR,WR3,WR3,1,,6,@NU,87.83,WR3 Recep=54;WR3 RecY=83;WR3 TD=126.5
Isaiah Thacker,Isaiah Thacker,BALL,WR,WR4+,WR4+,1,,6,@NU,120.83,WR4+ Recep=123.5;WR4+ RecY=119;WR4+ TD=120
Ace Cooper,Ace Cooper,BALL,WR,WR4+,WR4+,1,,6,@NU,120.83,WR4+ Recep=123.5;WR4+ RecY=119;WR4+ TD=120
DJ Lagway,DJ Lagway,BAY,QB,QB1,QB,1,,6,BYE,,
Nate Bennett,Nate Bennett,BAY,QB,QB2,QB,1,,6,BYE,,
Dawson Pendergrass,Dawson Pendergrass,BAY,RB,RB1,RB1,1,,6,BYE,,
Caden Knighten,Caden Knighten,BAY,RB,RB2,RB2,1,,6,BYE,,
Michael Turner,Michael Turner,BAY,RB,RB3,RB2,1,,6,BYE,,
Tony Livingston,Tony Livingston,BAY,TE,TE1,TE1,1,,6,BYE,,
Hawkins Polley,Hawkins Polley,BAY,TE,TE2,TE2,1,,6,BYE,,
Gavin Freeman,Gavin Freeman,BAY,WR,WR1,WR1,1,,6,BYE,,
Louis Brown IV,Louis Brown IV,BAY,WR,WR2,WR2,1,,6,BYE,,
Jadon Porter,Jadon Porter,BAY,WR,WR3,WR3,1,,6,BYE,,
Jayden McGowan,Jayden McGowan,BAY,WR,WR4+,WR4+,1,,6,BYE,,
Dre'lon Miller,Dre'lon Miller,BAY,WR,WR4+,WR4+,1,,6,BYE,,
Mason McKenzie,Mason McKenzie,BC,QB,QB1,QB,1,,6,BYE,,
Evan Dickens,Evan Dickens,BC,RB,RB1,RB1,1,,6,BYE,,
Bo MacCormack III,Bo MacCormack III,BC,RB,RB2,RB2,1,,6,BYE,,
Team,Team,BC,RB,RB3,RB2,1,,6,BYE,,
Danny Edgehille,Danny Edgehille,BC,TE,TE1,TE1,1,,6,BYE,,
Zeke Moore,Zeke Moore,BC,TE,TE2,TE2,1,,6,BYE,,
Javarius Green,Javarius Green,BC,WR,WR1,WR1,1,,6,BYE,,
Jaedn Skeete,Jaedn Skeete,BC,WR,WR2,WR2,1,,6,BYE,,
Dawson Pough,Dawson Pough,BC,WR,WR3,WR3,1,,6,BYE,,
Johnathan Montague Jr.,Johnathan Montague Jr.,BC,WR,WR4+,WR4+,1,,6,BYE,,
Nedrick Boldin Jr.,Nedrick Boldin Jr.,BC,WR,WR4+,WR4+,1,,6,BYE,,
Jay Kastantin,Jay Kastantin,BGSU,QB,QB1,QB,1,,6,SAC,43.8,QB PY=64;QB RY=12;QB P+R=43;P TD=95;QB TD=5
Austin Novosad,Austin Novosad,BGSU,QB,QB2,QB,1,,6,SAC,43.8,QB PY=64;QB RY=12;QB P+R=43;P TD=95;QB TD=5
Austyn Dendy,Austyn Dendy,BGSU,RB,RB1,RB1,1,,6,SAC,45.3,RB1 RY=70;RB1 Recep=41.5;RB1 RecY=42;RB R+R=61;RB1 TD=12
Nakai Amachree,Nakai Amachree,BGSU,RB,RB2,RB2,1,,6,SAC,82.2,RB2+ RY=47;RB2 Recep=77.5;RB2 RecY=124;RB R+R=61;RB2 TD=101.5
Ke'Marion Baldwin,Ke'Marion Baldwin,BGSU,RB,RB3,RB2,1,,6,SAC,82.2,RB2+ RY=47;RB2 Recep=77.5;RB2 RecY=124;RB R+R=61;RB2 TD=101.5
Eli Jacon-Duffy,Eli Jacon-Duffy,BGSU,TE,TE1,TE1,1,,6,SAC,65.5,TE1 Recep=34;TE1 RecY=113;TE1 TD=49.5
Jeremiah Scoby,Jeremiah Scoby,BGSU,TE,TE2,TE2,1,,6,SAC,126.33,TE2 Recep=115;TE2 RecY=132;TE2 TD=132
Brennan Ridley,Brennan Ridley,BGSU,WR,WR1,WR1,1,,6,SAC,33.33,WR1 Recep=49;WR1 RecY=1;WR1 TD=50
Winn Sharp,Winn Sharp,BGSU,WR,WR2,WR2,1,,6,SAC,44.0,WR2 Recep=14;WR2 RecY=40;WR2 TD=78
Pauly Sadler,Pauly Sadler,BGSU,WR,WR3,WR3,1,,6,SAC,107.0,WR3 Recep=138;WR3 RecY=135;WR3 TD=48
Trey Johnson,Trey Johnson,BGSU,WR,WR4+,WR4+,1,,6,SAC,100.33,WR4+ Recep=134;WR4+ RecY=135;WR4+ TD=32
Maddux Madsen,Maddux Madsen,BOIS,QB,QB1,QB,1,,6,@FRES,96.8,QB PY=99;QB RY=78;QB P+R=95;P TD=94;QB TD=118
Dylan Riley,Dylan Riley,BOIS,RB,RB1,RB1,1,,6,@FRES,124.5,RB1 RY=104;RB1 Recep=131;RB1 RecY=138;RB R+R=113;RB1 TD=136.5
Harry Stewart III,Harry Stewart III,BOIS,RB,RB2,RB2,1,,6,@FRES,69.0,RB2+ RY=76;RB2 Recep=20;RB2 RecY=70;RB R+R=113;RB2 TD=66
Sire Gaines,Sire Gaines,BOIS,RB,RB3,RB2,1,,6,@FRES,69.0,RB2+ RY=76;RB2 Recep=20;RB2 RecY=70;RB R+R=113;RB2 TD=66
Matt Wagner,Matt Wagner,BOIS,TE,TE1,TE1,1,,6,@FRES,106.17,TE1 Recep=102;TE1 RecY=133;TE1 TD=83.5
Keawe Browne,Keawe Browne,BOIS,TE,TE2,TE2,1,,6,@FRES,110.33,TE2 Recep=102;TE2 RecY=112;TE2 TD=117
Rasean Jones,Rasean Jones,BOIS,WR,WR1,WR1,1,,6,@FRES,85.0,WR1 Recep=98;WR1 RecY=106;WR1 TD=51
Ben Ford,Ben Ford,BOIS,WR,WR2,WR2,1,,6,@FRES,76.83,WR2 Recep=57;WR2 RecY=61;WR2 TD=112.5
Akeem Wright,Akeem Wright,BOIS,WR,WR3,WR3,1,,6,@FRES,81.0,WR3 Recep=77;WR3 RecY=102;WR3 TD=64
Cam Bates,Cam Bates,BOIS,WR,WR4+,WR4+,1,,6,@FRES,12.0,WR4+ Recep=12;WR4+ RecY=9;WR4+ TD=15
Qumonte Williams Jr.,Qumonte Williams Jr.,BOIS,WR,WR4+,WR4+,1,,6,@FRES,12.0,WR4+ Recep=12;WR4+ RecY=9;WR4+ TD=15
Jason Wright,Jason Wright,BUF,QB,QB1,QB,1,,6,@TOL,103.0,QB PY=116;QB RY=105;QB P+R=123;P TD=80;QB TD=91
Messiah Burch,Messiah Burch,BUF,RB,RB1,RB1,1,,6,@TOL,102.4,RB1 RY=105;RB1 Recep=62.5;RB1 RecY=130;RB R+R=104;RB1 TD=110.5
Nino Hill,Nino Hill,BUF,RB,RB2,RB2,1,,6,@TOL,74.6,RB2+ RY=75;RB2 Recep=79;RB2 RecY=38;RB R+R=104;RB2 TD=77
James McNeil Jr.,James McNeil Jr.,BUF,RB,RB3,RB2,1,,6,@TOL,74.6,RB2+ RY=75;RB2 Recep=79;RB2 RecY=38;RB R+R=104;RB2 TD=77
Clint Walker,Clint Walker,BUF,TE,TE1,TE1,1,,6,@TOL,97.0,TE1 Recep=91;TE1 RecY=119.5;TE1 TD=80.5
Trevor Wilson,Trevor Wilson,BUF,TE,TE2,TE2,1,,6,@TOL,42.17,TE2 Recep=47;TE2 RecY=73;TE2 TD=6.5
Chance Morrow,Chance Morrow,BUF,WR,WR1,WR1,1,,6,@TOL,130.17,WR1 Recep=119.5;WR1 RecY=133;WR1 TD=138
Jaylen Andrews,Jaylen Andrews,BUF,WR,WR2,WR2,1,,6,@TOL,29.33,WR2 Recep=32;WR2 RecY=37;WR2 TD=19
Dwayne Early Jr.,Dwayne Early Jr.,BUF,WR,WR3,WR3,1,,6,@TOL,38.33,WR3 Recep=29;WR3 RecY=44;WR3 TD=42
Patrick Clacks III,Patrick Clacks III,BUF,WR,WR4+,WR4+,1,,6,@TOL,103.17,WR4+ Recep=89;WR4+ RecY=96;WR4+ TD=124.5
Phillip Folmar,Phillip Folmar,BUF,WR,WR4+,WR4+,1,,6,@TOL,103.17,WR4+ Recep=89;WR4+ RecY=96;WR4+ TD=124.5
Bear Bachmeier,Bear Bachmeier,BYU,QB,QB1,QB,1,,6,ISU,69.2,QB PY=125;QB RY=6;QB P+R=94;P TD=105;QB TD=16
Treyson Bourguet,Treyson Bourguet,BYU,QB,QB2,QB,1,,6,ISU,69.2,QB PY=125;QB RY=6;QB P+R=94;P TD=105;QB TD=16
LJ Martin,LJ Martin,BYU,RB,RB1,RB1,1,,6,ISU,36.1,RB1 RY=8;RB1 Recep=29;RB1 RecY=28;RB R+R=85;RB1 TD=30.5
Preston Rex,Preston Rex,BYU,RB,RB2,RB2,1,,6,ISU,114.5,RB2+ RY=133;RB2 Recep=99.5;RB2 RecY=125;RB R+R=85;RB2 TD=130
Journee Tonga,Journee Tonga,BYU,RB,RB3,RB2,1,,6,ISU,114.5,RB2+ RY=133;RB2 Recep=99.5;RB2 RecY=125;RB R+R=85;RB2 TD=130
Walker Lyons,Walker Lyons,BYU,TE,TE1,TE1,1,,6,ISU,104.0,TE1 Recep=97;TE1 RecY=108;TE1 TD=107
Roger Saleapaga II,Roger Saleapaga II,BYU,TE,TE2,TE2,1,,6,ISU,120.33,TE2 Recep=108;TE2 RecY=121;TE2 TD=132
Legend Glasker,Legend Glasker,BYU,WR,WR1,WR1,1,,6,ISU,92.0,WR1 Recep=111;WR1 RecY=101;WR1 TD=64
Kyler Kasper,Kyler Kasper,BYU,WR,WR2,WR2,1,,6,ISU,89.83,WR2 Recep=102.5;WR2 RecY=74;WR2 TD=93
Jojo Phillips,Jojo Phillips,BYU,WR,WR3,WR3,1,,6,ISU,103.83,WR3 Recep=86;WR3 RecY=108;WR3 TD=117.5
Reggie Frischknecht,Reggie Frischknecht,BYU,WR,WR4+,WR4+,1,,6,ISU,102.33,WR4+ Recep=133;WR4+ RecY=105;WR4+ TD=69
Jaron-Keawe Sagapolutele,Jaron-Keawe Sagapolutele,CAL,QB,QB1,QB,1,,6,VT,60.4,QB PY=90;QB RY=27;QB P+R=70;P TD=81;QB TD=34
Jackson Brousseau,Jackson Brousseau,CAL,QB,QB2,QB,1,,6,VT,60.4,QB PY=90;QB RY=27;QB P+R=70;P TD=81;QB TD=34
Ashten Emory,Ashten Emory,CAL,RB,RB1,RB1,1,,6,VT,115.7,RB1 RY=131;RB1 Recep=121;RB1 RecY=125;RB R+R=132;RB1 TD=69.5
Adam Mohammed,Adam Mohammed,CAL,RB,RB2,RB2,1,,6,VT,104.5,RB2+ RY=104;RB2 Recep=115;RB2 RecY=112;RB R+R=132;RB2 TD=59.5
Tyree Sams,Tyree Sams,CAL,RB,RB3,RB2,1,,6,VT,104.5,RB2+ RY=104;RB2 Recep=115;RB2 RecY=112;RB R+R=132;RB2 TD=59.5
Mason Mini,Mason Mini,CAL,TE,TE1,TE1,1,,6,VT,42.67,TE1 Recep=51;TE1 RecY=65;TE1 TD=12
Taimane Purcell,Taimane Purcell,CAL,TE,TE2,TE2,1,,6,VT,100.17,TE2 Recep=117;TE2 RecY=99;TE2 TD=84.5
Chase Hendricks,Chase Hendricks,CAL,WR,WR1,WR1,1,,6,VT,64.83,WR1 Recep=53;WR1 RecY=85;WR1 TD=56.5
Ian Strong,Ian Strong,CAL,WR,WR2,WR2,1,,6,VT,75.17,WR2 Recep=116;WR2 RecY=51;WR2 TD=58.5
Kyion Grayes,Kyion Grayes,CAL,WR,WR3,WR3,1,,6,VT,80.33,WR3 Recep=69.5;WR3 RecY=41;WR3 TD=130.5
Cooper Perry,Cooper Perry,CAL,WR,WR4+,WR4+,1,,6,VT,86.17,WR4+ Recep=83.5;WR4+ RecY=73;WR4+ TD=102
Mark Hamper,Mark Hamper,CAL,WR,WR4+,WR4+,1,,6,VT,86.17,WR4+ Recep=83.5;WR4+ RecY=73;WR4+ TD=102
Deuce Bailey,Deuce Bailey,CCU,QB,QB1,QB,1,,6,@MRSH,32.4,QB PY=4;QB RY=48;QB P+R=3;P TD=3;QB TD=104
Trever Jackson,Trever Jackson,CCU,QB,QB2,QB,1,,6,@MRSH,32.4,QB PY=4;QB RY=48;QB P+R=3;P TD=3;QB TD=104
Dominic Lee-Knicely,Dominic Lee-Knicely,CCU,RB,RB1,RB1,1,,6,@MRSH,41.0,RB1 RY=9;RB1 Recep=59;RB1 RecY=62;RB R+R=14;RB1 TD=61
Jevon Edwards,Jevon Edwards,CCU,RB,RB2,RB2,1,,6,@MRSH,33.2,RB2+ RY=25;RB2 Recep=67;RB2 RecY=26;RB R+R=14;RB2 TD=34
Jaden Allen-Hendrix,Jaden Allen-Hendrix,CCU,RB,RB3,RB2,1,,6,@MRSH,33.2,RB2+ RY=25;RB2 Recep=67;RB2 RecY=26;RB R+R=14;RB2 TD=34
Ben Verges,Ben Verges,CCU,TE,TE1,TE1,1,,6,@MRSH,123.0,TE1 Recep=123;TE1 RecY=124;TE1 TD=122
Cyrus Ellison,Cyrus Ellison,CCU,TE,TE2,TE2,1,,6,@MRSH,46.17,TE2 Recep=63.5;TE2 RecY=67;TE2 TD=8
Karmello English,Karmello English,CCU,WR,WR1,WR1,1,,6,@MRSH,10.67,WR1 Recep=25;WR1 RecY=2;WR1 TD=5
Tristian Gardner,Tristian Gardner,CCU,WR,WR2,WR2,1,,6,@MRSH,12.0,WR2 Recep=11;WR2 RecY=21;WR2 TD=4
Robby Washington,Robby Washington,CCU,WR,WR3,WR3,1,,6,@MRSH,47.5,WR3 Recep=54;WR3 RecY=61;WR3 TD=27.5
Clayton Coppock Jr.,Clayton Coppock Jr.,CCU,WR,WR4+,WR4+,1,,6,@MRSH,36.0,WR4+ Recep=48;WR4+ RecY=33;WR4+ TD=27
Goldie Lawrence,Goldie Lawrence,CCU,WR,WR4+,WR4+,1,,6,@MRSH,36.0,WR4+ Recep=48;WR4+ RecY=33;WR4+ TD=27
JC French IV,JC French IV,CIN,QB,QB1,QB,1,,6,BYE,,
Samaj Jones,Samaj Jones,CIN,QB,QB2,QB,1,,6,BYE,,
Gi'Bran Payne,Gi'Bran Payne,CIN,RB,RB1,RB1,1,,6,BYE,,
Cole Tabb,Cole Tabb,CIN,RB,RB2,RB2,1,,6,BYE,,
Zion Johnson,Zion Johnson,CIN,RB,RB3,RB2,1,,6,BYE,,
Gavin Grover,Gavin Grover,CIN,TE,TE1,TE1,1,,6,BYE,,
Lyviel Waters,Lyviel Waters,CIN,TE,TE2,TE2,1,,6,BYE,,
Isaiah Johnson,Isaiah Johnson,CIN,WR,WR1,WR1,1,,6,BYE,,
JV Gibson,JV Gibson,CIN,WR,WR2,WR2,1,,6,BYE,,
Larenzo Fenner,Larenzo Fenner,CIN,WR,WR3,WR3,1,,6,BYE,,
Malachi Henry,Malachi Henry,CIN,WR,WR4+,WR4+,1,,6,BYE,,
Elijah Jones,Elijah Jones,CIN,WR,WR4+,WR4+,1,,6,BYE,,
Tait Reynolds,Tait Reynolds,CLEM,QB,QB1,QB,1,,6,BYE,,
Chris Denson,Chris Denson,CLEM,QB,QB2,QB,1,,6,BYE,,
Gideon Davidson,Gideon Davidson,CLEM,RB,RB1,RB1,1,,6,BYE,,
Chris Johnson Jr.,Chris Johnson Jr.,CLEM,RB,RB2,RB2,1,,6,BYE,,
Jarvis Green,Jarvis Green,CLEM,RB,RB3,RB2,1,,6,BYE,,
Christian Bentancur,Christian Bentancur,CLEM,TE,TE1,TE1,1,,6,BYE,,
Olsen Patt-Henry,Olsen Patt-Henry,CLEM,TE,TE2,TE2,1,,6,BYE,,
Bryant Wesco Jr.,Bryant Wesco Jr.,CLEM,WR,WR1,WR1,1,,6,BYE,,
Tyler Brown,Tyler Brown,CLEM,WR,WR2,WR2,1,,6,BYE,,
T.J. Moore,T.J. Moore,CLEM,WR,WR3,WR3,1,,6,BYE,,
Juju Preston,Juju Preston,CLEM,WR,WR4+,WR4+,1,,6,BYE,,
Gordon Sellars III,Gordon Sellars III,CLEM,WR,WR4+,WR4+,1,,6,BYE,,
Cole Gonzales,Cole Gonzales,CLT,QB,QB1,QB,1,,6,@UNT,38.0,QB PY=78;QB RY=32;QB P+R=59;P TD=15;QB TD=6
Conner Harrell,Conner Harrell,CLT,QB,QB2,QB,1,,6,@UNT,38.0,QB PY=78;QB RY=32;QB P+R=59;P TD=15;QB TD=6
Khamani Alexander,Khamani Alexander,CLT,RB,RB1,RB1,1,,6,@UNT,34.0,RB1 RY=12;RB1 Recep=48;RB1 RecY=38;RB R+R=20;RB1 TD=52
Henry Rutledge,Henry Rutledge,CLT,RB,RB2,RB2,1,,6,@UNT,35.6,RB2+ RY=50;RB2 Recep=36;RB2 RecY=40;RB R+R=20;RB2 TD=32
D'Mariun Perteet,D'Mariun Perteet,CLT,RB,RB3,RB2,1,,6,@UNT,35.6,RB2+ RY=50;RB2 Recep=36;RB2 RecY=40;RB R+R=20;RB2 TD=32
Logan Mauldin,Logan Mauldin,CLT,TE,TE1,TE1,1,,6,@UNT,95.67,TE1 Recep=129;TE1 RecY=112;TE1 TD=46
Jason Jeffares,Jason Jeffares,CLT,TE,TE2,TE2,1,,6,@UNT,60.0,TE2 Recep=79;TE2 RecY=84;TE2 TD=17
Jaden Barnes,Jaden Barnes,CLT,WR,WR1,WR1,1,,6,@UNT,51.0,WR1 Recep=68.5;WR1 RecY=54;WR1 TD=30.5
Jaylen Hampton,Jaylen Hampton,CLT,WR,WR2,WR2,1,,6,@UNT,84.33,WR2 Recep=97.5;WR2 RecY=71;WR2 TD=84.5
Derrick Eley,Derrick Eley,CLT,WR,WR3,WR3,1,,6,@UNT,48.83,WR3 Recep=61.5;WR3 RecY=80;WR3 TD=5
Zyheem Collick,Zyheem Collick,CLT,WR,WR4+,WR4+,1,,6,@UNT,53.67,WR4+ Recep=70;WR4+ RecY=65;WR4+ TD=26
Angel Flores,Angel Flores,CMU,QB,QB1,QB,1,,6,@OHIO,82.6,QB PY=69;QB RY=83;QB P+R=72;P TD=90.5;QB TD=98.5
Jadyn Glasser,Jadyn Glasser,CMU,QB,QB2,QB,1,,6,@OHIO,82.6,QB PY=69;QB RY=83;QB P+R=72;P TD=90.5;QB TD=98.5
Jayden Clerveaux,Jayden Clerveaux,CMU,RB,RB1,RB1,1,,6,@OHIO,64.4,RB1 RY=121;RB1 Recep=76;RB1 RecY=35;RB R+R=72;RB1 TD=18
Nick Woodford,Nick Woodford,CMU,RB,RB2,RB2,1,,6,@OHIO,34.8,RB2+ RY=54;RB2 Recep=13;RB2 RecY=6;RB R+R=72;RB2 TD=29
Vaughn Blue,Vaughn Blue,CMU,RB,RB3,RB2,1,,6,@OHIO,34.8,RB2+ RY=54;RB2 Recep=13;RB2 RecY=6;RB R+R=72;RB2 TD=29
Myles Peters,Myles Peters,CMU,TE,TE1,TE1,1,,6,@OHIO,30.67,TE1 Recep=68;TE1 RecY=17;TE1 TD=7
Gavin Spillers,Gavin Spillers,CMU,TE,TE2,TE2,1,,6,@OHIO,122.33,TE2 Recep=130;TE2 RecY=133;TE2 TD=104
Justin Ruffin Jr.,Justin Ruffin Jr.,CMU,WR,WR1,WR1,1,,6,@OHIO,103.5,WR1 Recep=94;WR1 RecY=92;WR1 TD=124.5
Shawn Foster II,Shawn Foster II,CMU,WR,WR2,WR2,1,,6,@OHIO,69.5,WR2 Recep=36;WR2 RecY=78;WR2 TD=94.5
Langston Lewis,Langston Lewis,CMU,WR,WR3,WR3,1,,6,@OHIO,86.0,WR3 Recep=120;WR3 RecY=45;WR3 TD=93
Nasir Williams,Nasir Williams,CMU,WR,WR4+,WR4+,1,,6,@OHIO,111.33,WR4+ Recep=106;WR4+ RecY=115;WR4+ TD=113
Braylen Naves,Braylen Naves,CMU,WR,WR4+,WR4+,1,,6,@OHIO,111.33,WR4+ Recep=106;WR4+ RecY=115;WR4+ TD=113
Isaac Wilson,Isaac Wilson,COLO,QB,QB1,QB,1,,6,BYE,,
Julian Lewis,Julian Lewis,COLO,QB,QB2,QB,1,,6,BYE,,
JaQuail Smith,JaQuail Smith,COLO,RB,RB1,RB1,1,,6,BYE,,
Micah Welch,Micah Welch,COLO,RB,RB2,RB2,1,,6,BYE,,
DeKalon Taylor,DeKalon Taylor,COLO,RB,RB3,RB2,1,,6,BYE,,
Charlie Williams,Charlie Williams,COLO,TE,TE1,TE1,1,,6,BYE,,
Fisher Clements,Fisher Clements,COLO,TE,TE2,TE2,1,,6,BYE,,
Joseph Williams,Joseph Williams,COLO,WR,WR1,WR1,1,,6,BYE,,
Quanell Farrakhan Jr.,Quanell Farrakhan Jr.,COLO,WR,WR2,WR2,1,,6,BYE,,
DeAndre Moore Jr.,DeAndre Moore Jr.,COLO,WR,WR3,WR3,1,,6,BYE,,
Quentin Gibson,Quentin Gibson,COLO,WR,WR4+,WR4+,1,,6,BYE,,
Ernest Campbell,Ernest Campbell,COLO,WR,WR4+,WR4+,1,,6,BYE,,
Kalieb Osborne,Kalieb Osborne,CONN,QB,QB1,QB,1,,6,@TEM,36.4,QB PY=73;QB RY=10;QB P+R=46;P TD=43.5;QB TD=9.5
Tucker McDonald,Tucker McDonald,CONN,QB,QB2,QB,1,,6,@TEM,36.4,QB PY=73;QB RY=10;QB P+R=46;P TD=43.5;QB TD=9.5
Cyncir Bowers,Cyncir Bowers,CONN,RB,RB1,RB1,1,,6,@TEM,70.2,RB1 RY=65;RB1 Recep=114;RB1 RecY=80;RB R+R=75;RB1 TD=17
Trey Cornist,Trey Cornist,CONN,RB,RB2,RB2,1,,6,@TEM,86.2,RB2+ RY=43;RB2 Recep=127;RB2 RecY=136;RB R+R=75;RB2 TD=50
Kenji Christian,Kenji Christian,CONN,RB,RB3,RB2,1,,6,@TEM,86.2,RB2+ RY=43;RB2 Recep=127;RB2 RecY=136;RB R+R=75;RB2 TD=50
Matt Ragan,Matt Ragan,CONN,TE,TE1,TE1,1,,6,@TEM,62.33,TE1 Recep=106;TE1 RecY=73;TE1 TD=8
Xavier Watson,Xavier Watson,CONN,TE,TE2,TE2,1,,6,@TEM,59.83,TE2 Recep=86;TE2 RecY=71;TE2 TD=22.5
Javon Brown,Javon Brown,CONN,WR,WR1,WR1,1,,6,@TEM,75.0,WR1 Recep=77;WR1 RecY=60;WR1 TD=88
Ryder Treadway,Ryder Treadway,CONN,WR,WR2,WR2,1,,6,@TEM,69.0,WR2 Recep=52;WR2 RecY=79;WR2 TD=76
Ky Wilson,Ky Wilson,CONN,WR,WR3,WR3,1,,6,@TEM,88.5,WR3 Recep=84;WR3 RecY=70;WR3 TD=111.5
JD Willoughby,JD Willoughby,CONN,WR,WR4+,WR4+,1,,6,@TEM,25.5,WR4+ Recep=22.5;WR4+ RecY=22;WR4+ TD=32
Shamar Porter,Shamar Porter,CONN,WR,WR4+,WR4+,1,,6,@TEM,25.5,WR4+ Recep=22.5;WR4+ RecY=22;WR4+ TD=32
K'saan Farrar,K'saan Farrar,CSU,QB,QB1,QB,1,,6,BYE,,
Hauss Hejny,Hauss Hejny,CSU,QB,QB2,QB,1,,6,BYE,,
Durell Robinson,Durell Robinson,CSU,RB,RB1,RB1,1,,6,BYE,,
Mel Brown,Mel Brown,CSU,RB,RB2,RB2,1,,6,BYE,,
Oliver Lundberg,Oliver Lundberg,CSU,RB,RB3,RB2,1,,6,BYE,,
Juice Vereen,Juice Vereen,CSU,TE,TE1,TE1,1,,6,BYE,,
Nader Chirchi,Nader Chirchi,CSU,TE,TE2,TE2,1,,6,BYE,,
RJ Vick,RJ Vick,CSU,WR,WR1,WR1,1,,6,BYE,,
Terrence Smith Jr.,Terrence Smith Jr.,CSU,WR,WR2,WR2,1,,6,BYE,,
Tommy Maher,Tommy Maher,CSU,WR,WR3,WR3,1,,6,BYE,,
Jackson Harper,Jackson Harper,CSU,WR,WR4+,WR4+,1,,6,BYE,,
Cedric Ross,Cedric Ross,CSU,WR,WR4+,WR4+,1,,6,BYE,,
Nick Minicucci,Nick Minicucci,DEL,QB,QB1,QB,1,,6,BYE,,
EJ Archield Jr.,EJ Archield Jr.,DEL,QB,QB2,QB,1,,6,BYE,,
Jo Silver,Jo Silver,DEL,RB,RB1,RB1,1,,6,BYE,,
Kaderris Roberts,Kaderris Roberts,DEL,RB,RB2,RB2,1,,6,BYE,,
Viron Ellison Jr.,Viron Ellison Jr.,DEL,RB,RB3,RB2,1,,6,BYE,,
Elijah Sessoms,Elijah Sessoms,DEL,TE,TE1,TE1,1,,6,BYE,,
Scott Moore,Scott Moore,DEL,TE,TE2,TE2,1,,6,BYE,,
Sean Wilson,Sean Wilson,DEL,WR,WR1,WR1,1,,6,BYE,,
Da'Wain Lofton,Da'Wain Lofton,DEL,WR,WR2,WR2,1,,6,BYE,,
Bryson Graves,Bryson Graves,DEL,WR,WR3,WR3,1,,6,BYE,,
Donovan Lewis,Donovan Lewis,DEL,WR,WR4+,WR4+,1,,6,BYE,,
Matthew McKinley-Daniels,Matthew McKinley-Daniels,DEL,WR,WR4+,WR4+,1,,6,BYE,,
Walker Eget,Walker Eget,DUKE,QB,QB1,QB,1,,6,@GT,74.4,QB PY=76;QB RY=80;QB P+R=76;P TD=48;QB TD=92
Dan Mahan,Dan Mahan,DUKE,QB,QB2,QB,1,,6,@GT,74.4,QB PY=76;QB RY=80;QB P+R=76;P TD=48;QB TD=92
Nate Sheppard,Nate Sheppard,DUKE,RB,RB1,RB1,1,,6,@GT,48.0,RB1 RY=17;RB1 Recep=77;RB1 RecY=86;RB R+R=21;RB1 TD=39
CJ Campbell Jr.,CJ Campbell Jr.,DUKE,RB,RB2,RB2,1,,6,@GT,44.1,RB2+ RY=32;RB2 Recep=26.5;RB2 RecY=33;RB R+R=21;RB2 TD=108
Jayvian Tanelus,Jayvian Tanelus,DUKE,RB,RB3,RB2,1,,6,@GT,44.1,RB2+ RY=32;RB2 Recep=26.5;RB2 RecY=33;RB R+R=21;RB2 TD=108
Jeremiah Hasley,Jeremiah Hasley,DUKE,TE,TE1,TE1,1,,6,@GT,36.33,TE1 Recep=75;TE1 RecY=30;TE1 TD=4
Jake Taylor,Jake Taylor,DUKE,TE,TE2,TE2,1,,6,@GT,84.0,TE2 Recep=97;TE2 RecY=108;TE2 TD=47
Jonah Burton,Jonah Burton,DUKE,WR,WR1,WR1,1,,6,@GT,75.5,WR1 Recep=118;WR1 RecY=64;WR1 TD=44.5
Jaivon Solomon,Jaivon Solomon,DUKE,WR,WR2,WR2,1,,6,@GT,119.17,WR2 Recep=113;WR2 RecY=132;WR2 TD=112.5
Jared Richardson,Jared Richardson,DUKE,WR,WR3,WR3,1,,6,@GT,80.0,WR3 Recep=119;WR3 RecY=65;WR3 TD=56
Jayden Moore,Jayden Moore,DUKE,WR,WR4+,WR4+,1,,6,@GT,60.83,WR4+ Recep=79;WR4+ RecY=52;WR4+ TD=51.5
Kavon Simmons,Kavon Simmons,DUKE,WR,WR4+,WR4+,1,,6,@GT,60.83,WR4+ Recep=79;WR4+ RecY=52;WR4+ TD=51.5
Emory Williams,Emory Williams,ECU,QB,QB1,QB,1,,6,RICE,71.2,QB PY=102;QB RY=52;QB P+R=89;P TD=34;QB TD=79
Mitch Griffis,Mitch Griffis,ECU,QB,QB2,QB,1,,6,RICE,71.2,QB PY=102;QB RY=52;QB P+R=89;P TD=34;QB TD=79
TJ Engleman Jr.,TJ Engleman Jr.,ECU,RB,RB1,RB1,1,,6,RICE,76.6,RB1 RY=27;RB1 Recep=135;RB1 RecY=128;RB R+R=41;RB1 TD=52
Michael Allen,Michael Allen,ECU,RB,RB2,RB2,1,,6,RICE,65.5,RB2+ RY=28;RB2 Recep=88.5;RB2 RecY=131;RB R+R=41;RB2 TD=39
Ashton Gray,Ashton Gray,ECU,RB,RB3,RB2,1,,6,RICE,65.5,RB2+ RY=28;RB2 Recep=88.5;RB2 RecY=131;RB R+R=41;RB2 TD=39
Ismael Smith Flores,Ismael Smith Flores,ECU,TE,TE1,TE1,1,,6,RICE,101.67,TE1 Recep=133;TE1 RecY=129;TE1 TD=43
Kanen Hamlett,Kanen Hamlett,ECU,TE,TE2,TE2,1,,6,RICE,129.67,TE2 Recep=126;TE2 RecY=131;TE2 TD=132
Ray Ray Joseph Jr.,Ray Ray Joseph Jr.,ECU,WR,WR1,WR1,1,,6,RICE,64.0,WR1 Recep=105;WR1 RecY=72;WR1 TD=15
Jeremiah Melvin,Jeremiah Melvin,ECU,WR,WR2,WR2,1,,6,RICE,58.83,WR2 Recep=53;WR2 RecY=102;WR2 TD=21.5
Ja'Keith Hamilton,Ja'Keith Hamilton,ECU,WR,WR3,WR3,1,,6,RICE,44.17,WR3 Recep=48;WR3 RecY=59;WR3 TD=25.5
Dillon Lorick,Dillon Lorick,ECU,WR,WR4+,WR4+,1,,6,RICE,53.0,WR4+ Recep=11;WR4+ RecY=15;WR4+ TD=133
Jason Dickerson,Jason Dickerson,ECU,WR,WR4+,WR4+,1,,6,RICE,53.0,WR4+ Recep=11;WR4+ RecY=15;WR4+ TD=133
Noah Kim,Noah Kim,EMU,QB,QB1,QB,1,,6,@AKR,29.9,QB PY=34;QB RY=9;QB P+R=20;P TD=5;QB TD=81.5
Jace Stuckey,Jace Stuckey,EMU,QB,QB2,QB,1,,6,@AKR,29.9,QB PY=34;QB RY=9;QB P+R=20;P TD=5;QB TD=81.5
Joey Mattord,Joey Mattord,EMU,RB,RB1,RB1,1,,6,@AKR,52.4,RB1 RY=28;RB1 Recep=74;RB1 RecY=109;RB R+R=42;RB1 TD=9
Amareon Blue,Amareon Blue,EMU,RB,RB2,RB2,1,,6,@AKR,77.4,RB2+ RY=49;RB2 Recep=130;RB2 RecY=111;RB R+R=42;RB2 TD=55
Braydon Bennett,Braydon Bennett,EMU,RB,RB3,RB2,1,,6,@AKR,77.4,RB2+ RY=49;RB2 Recep=130;RB2 RecY=111;RB R+R=42;RB2 TD=55
Joshua Long,Joshua Long,EMU,TE,TE1,TE1,1,,6,@AKR,111.0,TE1 Recep=130;TE1 RecY=131;TE1 TD=72
Tanner Lemaster,Tanner Lemaster,EMU,TE,TE2,TE2,1,,6,@AKR,73.0,TE2 Recep=114;TE2 RecY=90;TE2 TD=15
Benson Prosper,Benson Prosper,EMU,WR,WR1,WR1,1,,6,@AKR,25.5,WR1 Recep=41;WR1 RecY=7;WR1 TD=28.5
Harold Mack,Harold Mack,EMU,WR,WR2,WR2,1,,6,@AKR,23.33,WR2 Recep=47;WR2 RecY=9;WR2 TD=14
Antonio Floyd,Antonio Floyd,EMU,WR,WR3,WR3,1,,6,@AKR,34.83,WR3 Recep=73.5;WR3 RecY=24;WR3 TD=7
Kozy Isaac,Kozy Isaac,EMU,WR,WR4+,WR4+,1,,6,@AKR,73.33,WR4+ Recep=42;WR4+ RecY=90;WR4+ TD=88
Nick Devereaux,Nick Devereaux,EMU,WR,WR4+,WR4+,1,,6,@AKR,73.33,WR4+ Recep=42;WR4+ RecY=90;WR4+ TD=88
Caden Veltkamp,Caden Veltkamp,FAU,QB,QB1,QB,1,,6,BYE,,
Drew Devillier,Drew Devillier,FAU,QB,QB2,QB,1,,6,BYE,,
Ethan Ervin,Ethan Ervin,FAU,RB,RB1,RB1,1,,6,BYE,,
Leonard Farrow,Leonard Farrow,FAU,RB,RB2,RB2,1,,6,BYE,,
Brady Tillman III,Brady Tillman III,FAU,RB,RB3,RB2,1,,6,BYE,,
AJ Johnson,AJ Johnson,FAU,TE,TE1,TE1,1,,6,BYE,,
Peter Cannon,Peter Cannon,FAU,TE,TE2,TE2,1,,6,BYE,,
Kelby Valsin,Kelby Valsin,FAU,WR,WR1,WR1,1,,6,BYE,,
Easton Messer,Easton Messer,FAU,WR,WR2,WR2,1,,6,BYE,,
Dominique Henry,Dominique Henry,FAU,WR,WR3,WR3,1,,6,BYE,,
RJ Garcia II,RJ Garcia II,FAU,WR,WR4+,WR4+,1,,6,BYE,,
Antojuan Woody,Antojuan Woody,FAU,WR,WR4+,WR4+,1,,6,BYE,,
JJ Kohl,JJ Kohl,FIU,QB,QB1,QB,1,,6,NMSU,42.2,QB PY=21;QB RY=55;QB P+R=23;P TD=104;QB TD=8
Zach Marker,Zach Marker,FIU,QB,QB2,QB,1,,6,NMSU,42.2,QB PY=21;QB RY=55;QB P+R=23;P TD=104;QB TD=8
Anthony Carrie,Anthony Carrie,FIU,RB,RB1,RB1,1,,6,NMSU,61.8,RB1 RY=48;RB1 Recep=85;RB1 RecY=116;RB R+R=38;RB1 TD=22
Devonte Lyons,Devonte Lyons,FIU,RB,RB2,RB2,1,,6,NMSU,26.2,RB2+ RY=52;RB2 Recep=5;RB2 RecY=10;RB R+R=38;RB2 TD=26
Sterling Joseph,Sterling Joseph,FIU,RB,RB3,RB2,1,,6,NMSU,26.2,RB2+ RY=52;RB2 Recep=5;RB2 RecY=10;RB R+R=38;RB2 TD=26
James Resar,James Resar,FIU,TE,TE1,TE1,1,,6,NMSU,88.83,TE1 Recep=83;TE1 RecY=110;TE1 TD=73.5
Jackson Verdugo,Jackson Verdugo,FIU,TE,TE2,TE2,1,,6,NMSU,74.0,TE2 Recep=93;TE2 RecY=95;TE2 TD=34
Maguire Anderson,Maguire Anderson,FIU,WR,WR1,WR1,1,,6,NMSU,45.17,WR1 Recep=18;WR1 RecY=12;WR1 TD=105.5
Tyson Carter,Tyson Carter,FIU,WR,WR2,WR2,1,,6,NMSU,68.83,WR2 Recep=54;WR2 RecY=66;WR2 TD=86.5
Jojo Stone,Jojo Stone,FIU,WR,WR3,WR3,1,,6,NMSU,41.0,WR3 Recep=19.5;WR3 RecY=4;WR3 TD=99.5
Greg Gaines III,Greg Gaines III,FIU,WR,WR4+,WR4+,1,,6,NMSU,54.67,WR4+ Recep=40;WR4+ RecY=49;WR4+ TD=75
Kyle McNeal,Kyle McNeal,FIU,WR,WR4+,WR4+,1,,6,NMSU,54.67,WR4+ Recep=40;WR4+ RecY=49;WR4+ TD=75
Aaron Philo,Aaron Philo,FLA,QB,QB1,QB,1,,6,SC,71.4,QB PY=50;QB RY=93;QB P+R=65;P TD=32;QB TD=117
Tramell Jones Jr.,Tramell Jones Jr.,FLA,QB,QB2,QB,1,,6,SC,71.4,QB PY=50;QB RY=93;QB P+R=65;P TD=32;QB TD=117
Jadan Baugh,Jadan Baugh,FLA,RB,RB1,RB1,1,,6,SC,94.7,RB1 RY=107;RB1 Recep=90.5;RB1 RecY=57;RB R+R=118;RB1 TD=101
Duke Clark,Duke Clark,FLA,RB,RB2,RB2,1,,6,SC,98.0,RB2+ RY=111;RB2 Recep=55;RB2 RecY=82;RB R+R=118;RB2 TD=124
Evan Pryor,Evan Pryor,FLA,RB,RB3,RB2,1,,6,SC,98.0,RB2+ RY=111;RB2 Recep=55;RB2 RecY=82;RB R+R=118;RB2 TD=124
Luke Harpring,Luke Harpring,FLA,TE,TE1,TE1,1,,6,SC,58.5,TE1 Recep=41;TE1 RecY=61;TE1 TD=73.5
Amir Jackson,Amir Jackson,FLA,TE,TE2,TE2,1,,6,SC,35.67,TE2 Recep=70;TE2 RecY=25.5;TE2 TD=11.5
Dallas Wilson,Dallas Wilson,FLA,WR,WR1,WR1,1,,6,SC,19.33,WR1 Recep=9;WR1 RecY=36;WR1 TD=13
Bailey Stockton,Bailey Stockton,FLA,WR,WR2,WR2,1,,6,SC,57.67,WR2 Recep=92;WR2 RecY=46;WR2 TD=35
Vernell Brown III,Vernell Brown III,FLA,WR,WR3,WR3,1,,6,SC,42.33,WR3 Recep=31.5;WR3 RecY=28;WR3 TD=67.5
TJ Abrams,TJ Abrams,FLA,WR,WR4+,WR4+,1,,6,SC,100.33,WR4+ Recep=107;WR4+ RecY=116;WR4+ TD=78
Eric Singleton Jr.,Eric Singleton Jr.,FLA,WR,WR4+,WR4+,1,,6,SC,100.33,WR4+ Recep=107;WR4+ RecY=116;WR4+ TD=78
Jayden Mandal,Jayden Mandal,FRES,QB,QB1,QB,1,,6,BOIS,62.0,QB PY=32;QB RY=89;QB P+R=41;P TD=39;QB TD=109
Bryson Donelson,Bryson Donelson,FRES,RB,RB1,RB1,1,,6,BOIS,63.7,RB1 RY=58;RB1 Recep=41.5;RB1 RecY=44;RB R+R=96;RB1 TD=79
Rayshon Luke,Rayshon Luke,FRES,RB,RB2,RB2,1,,6,BOIS,101.5,RB2+ RY=116.5;RB2 Recep=116.5;RB2 RecY=75;RB R+R=96;RB2 TD=103.5
Julius Gillick,Julius Gillick,FRES,RB,RB3,RB2,1,,6,BOIS,101.5,RB2+ RY=116.5;RB2 Recep=116.5;RB2 RecY=75;RB R+R=96;RB2 TD=103.5
Gavin Correia,Gavin Correia,FRES,TE,TE1,TE1,1,,6,BOIS,13.17,TE1 Recep=25.5;TE1 RecY=1;TE1 TD=13
Dallas Gaius-Anyaegbu,Dallas Gaius-Anyaegbu,FRES,TE,TE2,TE2,1,,6,BOIS,115.17,TE2 Recep=116;TE2 RecY=122;TE2 TD=107.5
Josiah Freeman,Josiah Freeman,FRES,WR,WR1,WR1,1,,6,BOIS,95.17,WR1 Recep=97;WR1 RecY=76;WR1 TD=112.5
Ezekiel Avit,Ezekiel Avit,FRES,WR,WR2,WR2,1,,6,BOIS,29.67,WR2 Recep=76;WR2 RecY=7;WR2 TD=6
Jayon Farrar,Jayon Farrar,FRES,WR,WR3,WR3,1,,6,BOIS,66.0,WR3 Recep=83;WR3 RecY=92;WR3 TD=23
Jahlil McClain,Jahlil McClain,FRES,WR,WR4+,WR4+,1,,6,BOIS,114.33,WR4+ Recep=121;WR4+ RecY=92;WR4+ TD=130
Jaylen Garrison,Jaylen Garrison,FRES,WR,WR4+,WR4+,1,,6,BOIS,114.33,WR4+ Recep=121;WR4+ RecY=92;WR4+ TD=130
Ashton Daniels,Ashton Daniels,FSU,QB,QB1,QB,1,,6,@LOU,40.6,QB PY=22;QB RY=34;QB P+R=17;P TD=50;QB TD=80
Kevin Sperry,Kevin Sperry,FSU,QB,QB2,QB,1,,6,@LOU,40.6,QB PY=22;QB RY=34;QB P+R=17;P TD=50;QB TD=80
Ousmane Kromah,Ousmane Kromah,FSU,RB,RB1,RB1,1,,6,@LOU,47.8,RB1 RY=85;RB1 Recep=24;RB1 RecY=11;RB R+R=87;RB1 TD=32
Quintrevion Wisner,Quintrevion Wisner,FSU,RB,RB2,RB2,1,,6,@LOU,93.2,RB2+ RY=88;RB2 Recep=114;RB2 RecY=79;RB R+R=87;RB2 TD=98
Samuel Singleton Jr.,Samuel Singleton Jr.,FSU,RB,RB3,RB2,1,,6,@LOU,93.2,RB2+ RY=88;RB2 Recep=114;RB2 RecY=79;RB R+R=87;RB2 TD=98
Chase Loftin,Chase Loftin,FSU,TE,TE1,TE1,1,,6,@LOU,31.83,TE1 Recep=18;TE1 RecY=9;TE1 TD=68.5
Landen Thomas,Landen Thomas,FSU,TE,TE2,TE2,1,,6,@LOU,27.83,TE2 Recep=16;TE2 RecY=7;TE2 TD=60.5
Micahi Danzy,Micahi Danzy,FSU,WR,WR1,WR1,1,,6,@LOU,13.5,WR1 Recep=23;WR1 RecY=9;WR1 TD=8.5
Duce Robinson,Duce Robinson,FSU,WR,WR2,WR2,1,,6,@LOU,53.5,WR2 Recep=12;WR2 RecY=54;WR2 TD=94.5
Jayvan Boggs,Jayvan Boggs,FSU,WR,WR3,WR3,1,,6,@LOU,120.17,WR3 Recep=123;WR3 RecY=107;WR3 TD=130.5
Jasen Lopez,Jasen Lopez,FSU,WR,WR4+,WR4+,1,,6,@LOU,104.5,WR4+ Recep=110;WR4+ RecY=122;WR4+ TD=81.5
Max Johnson,Max Johnson,GASO,QB,QB1,QB,1,,6,JMU,112.4,QB PY=79;QB RY=134;QB P+R=109;P TD=111;QB TD=129
Weston Bryan,Weston Bryan,GASO,QB,QB2,QB,1,,6,JMU,112.4,QB PY=79;QB RY=134;QB P+R=109;P TD=111;QB TD=129
David Mbadinga,David Mbadinga,GASO,RB,RB1,RB1,1,,6,JMU,77.4,RB1 RY=83;RB1 Recep=65;RB1 RecY=17;RB R+R=98;RB1 TD=124
Taeo Todd,Taeo Todd,GASO,RB,RB2,RB2,1,,6,JMU,70.4,RB2+ RY=126;RB2 Recep=2;RB2 RecY=17;RB R+R=98;RB2 TD=109
Jamarian Samuel,Jamarian Samuel,GASO,RB,RB3,RB2,1,,6,JMU,70.4,RB2+ RY=126;RB2 Recep=2;RB2 RecY=17;RB R+R=98;RB2 TD=109
River Helms,River Helms,GASO,TE,TE1,TE1,1,,6,JMU,75.5,TE1 Recep=80.5;TE1 RecY=100;TE1 TD=46
Alex Taylor,Alex Taylor,GASO,WR,WR1,WR1,1,,6,JMU,91.0,WR1 Recep=123;WR1 RecY=87;WR1 TD=63
Josh Dallas,Josh Dallas,GASO,WR,WR2,WR2,1,,6,JMU,95.0,WR2 Recep=99;WR2 RecY=72;WR2 TD=114
Andre Greene Jr.,Andre Greene Jr.,GASO,WR,WR3,WR3,1,,6,JMU,126.67,WR3 Recep=136;WR3 RecY=121;WR3 TD=123
Jeremiah Ware,Jeremiah Ware,GASO,WR,WR4+,WR4+,1,,6,JMU,71.5,WR4+ Recep=24;WR4+ RecY=84;WR4+ TD=106.5
Zay Hilliard,Zay Hilliard,GASO,WR,WR4+,WR4+,1,,6,JMU,71.5,WR4+ Recep=24;WR4+ RecY=84;WR4+ TD=106.5
Cameran Brown,Cameran Brown,GAST,QB,QB1,QB,1,,6,BYE,,
Ayden Pereira,Ayden Pereira,GAST,QB,QB2,QB,1,,6,BYE,,
Lanear McCrary Jr.,Lanear McCrary Jr.,GAST,RB,RB1,RB1,1,,6,BYE,,
Qwantavius Wiggins,Qwantavius Wiggins,GAST,RB,RB2,RB2,1,,6,BYE,,
Dennis Murray Jr.,Dennis Murray Jr.,GAST,RB,RB3,RB2,1,,6,BYE,,
Grant Hollier,Grant Hollier,GAST,TE,TE1,TE1,1,,6,BYE,,
Avion McBride,Avion McBride,GAST,TE,TE2,TE2,1,,6,BYE,,
DJ Riles,DJ Riles,GAST,WR,WR1,WR1,1,,6,BYE,,
Rodshaun Dorsey,Rodshaun Dorsey,GAST,WR,WR2,WR2,1,,6,BYE,,
Derrick Avery Jr.,Derrick Avery Jr.,GAST,WR,WR3,WR3,1,,6,BYE,,
Kyle Washington,Kyle Washington,GAST,WR,WR4+,WR4+,1,,6,BYE,,
Isaiah Stone,Isaiah Stone,GAST,WR,WR4+,WR4+,1,,6,BYE,,
Alberto Mendoza,Alberto Mendoza,GT,QB,QB1,QB,1,,6,DUKE,89.6,QB PY=46;QB RY=128;QB P+R=82;P TD=73;QB TD=119
Grady Adamson,Grady Adamson,GT,QB,QB2,QB,1,,6,DUKE,89.6,QB PY=46;QB RY=128;QB P+R=82;P TD=73;QB TD=119
Justice Haynes,Justice Haynes,GT,RB,RB1,RB1,1,,6,DUKE,69.1,RB1 RY=94;RB1 Recep=13.5;RB1 RecY=14;RB R+R=106;RB1 TD=118
Trelain Maddox,Trelain Maddox,GT,RB,RB2,RB2,1,,6,DUKE,98.0,RB2+ RY=123;RB2 Recep=90;RB2 RecY=51;RB R+R=106;RB2 TD=120
Malachi Hosley,Malachi Hosley,GT,RB,RB3,RB2,1,,6,DUKE,98.0,RB2+ RY=123;RB2 Recep=90;RB2 RecY=51;RB R+R=106;RB2 TD=120
Kevin Roche Jr.,Kevin Roche Jr.,GT,TE,TE1,TE1,1,,6,DUKE,105.0,TE1 Recep=118;TE1 RecY=102;TE1 TD=95
Chris Corbo,Chris Corbo,GT,TE,TE2,TE2,1,,6,DUKE,76.67,TE2 Recep=81;TE2 RecY=85;TE2 TD=64
Dalen Penson,Dalen Penson,GT,WR,WR1,WR1,1,,6,DUKE,12.0,WR1 Recep=11;WR1 RecY=15;WR1 TD=10
Jordan Allen,Jordan Allen,GT,WR,WR2,WR2,1,,6,DUKE,104.33,WR2 Recep=87;WR2 RecY=106;WR2 TD=120
Rahkeem Smith,Rahkeem Smith,GT,WR,WR3,WR3,1,,6,DUKE,75.33,WR3 Recep=57;WR3 RecY=84;WR3 TD=85
Jaiven Plummer,Jaiven Plummer,GT,WR,WR4+,WR4+,1,,6,DUKE,72.33,WR4+ Recep=45.5;WR4+ RecY=76;WR4+ TD=95.5
Debron Gatling,Debron Gatling,GT,WR,WR4+,WR4+,1,,6,DUKE,72.33,WR4+ Recep=45.5;WR4+ RecY=76;WR4+ TD=95.5
Micah Alejado,Micah Alejado,HAW,QB,QB1,QB,1,,6,@ASU,70.1,QB PY=61;QB RY=111;QB P+R=85;P TD=26;QB TD=67.5
Team,Team,HAW,QB,QB2,QB,1,,6,@ASU,70.1,QB PY=61;QB RY=111;QB P+R=85;P TD=26;QB TD=67.5
DeVon Rice,DeVon Rice,HAW,RB,RB1,RB1,1,,6,@ASU,87.9,RB1 RY=102;RB1 Recep=50.5;RB1 RecY=95;RB R+R=73;RB1 TD=119
Cam Barfield,Cam Barfield,HAW,RB,RB2,RB2,1,,6,@ASU,67.4,RB2+ RY=18;RB2 Recep=111;RB2 RecY=92;RB R+R=73;RB2 TD=43
Sitani Mikaele,Sitani Mikaele,HAW,RB,RB3,RB2,1,,6,@ASU,67.4,RB2+ RY=18;RB2 Recep=111;RB2 RecY=92;RB R+R=73;RB2 TD=43
Devon Tauaefa,Devon Tauaefa,HAW,TE,TE1,TE1,1,,6,@ASU,57.83,TE1 Recep=65;TE1 RecY=74;TE1 TD=34.5
Frank Abreu,Frank Abreu,HAW,TE,TE2,TE2,1,,6,@ASU,48.33,TE2 Recep=44.5;TE2 RecY=70;TE2 TD=30.5
Tama Uiliata,Tama Uiliata,HAW,WR,WR1,WR1,1,,6,@ASU,76.33,WR1 Recep=47;WR1 RecY=73;WR1 TD=109
Kainoa Carvalho,Kainoa Carvalho,HAW,WR,WR2,WR2,1,,6,@ASU,19.5,WR2 Recep=22.5;WR2 RecY=19;WR2 TD=17
Audric Harris,Audric Harris,HAW,WR,WR3,WR3,1,,6,@ASU,32.33,WR3 Recep=42;WR3 RecY=52;WR3 TD=3
Devin Alves,Devin Alves,HAW,WR,WR4+,WR4+,1,,6,@ASU,85.0,WR4+ Recep=66;WR4+ RecY=72;WR4+ TD=117
Carson Brown,Carson Brown,HAW,WR,WR4+,WR4+,1,,6,@ASU,85.0,WR4+ Recep=66;WR4+ RecY=72;WR4+ TD=117
Conner Weigman,Conner Weigman,HOU,QB,QB1,QB,1,,6,@KSU,105.4,QB PY=134;QB RY=82;QB P+R=134;P TD=126;QB TD=51
Re'Shaun Sanford II,Re'Shaun Sanford II,HOU,RB,RB1,RB1,1,,6,@KSU,104.6,RB1 RY=73;RB1 Recep=108;RB1 RecY=123;RB R+R=88;RB1 TD=131
Makhi Hughes,Makhi Hughes,HOU,RB,RB2,RB2,1,,6,@KSU,73.1,RB2+ RY=64;RB2 Recep=94.5;RB2 RecY=100;RB R+R=88;RB2 TD=19
Team,Team,HOU,RB,RB3,RB2,1,,6,@KSU,73.1,RB2+ RY=64;RB2 Recep=94.5;RB2 RecY=100;RB R+R=88;RB2 TD=19
Patrick Overmyer,Patrick Overmyer,HOU,TE,TE1,TE1,1,,6,@KSU,121.33,TE1 Recep=121;TE1 RecY=126;TE1 TD=117
Luke McGary,Luke McGary,HOU,TE,TE2,TE2,1,,6,@KSU,126.33,TE2 Recep=132;TE2 RecY=130;TE2 TD=117
Amare Thomas,Amare Thomas,HOU,WR,WR1,WR1,1,,6,@KSU,130.67,WR1 Recep=136;WR1 RecY=128;WR1 TD=128
Trent Walker,Trent Walker,HOU,WR,WR2,WR2,1,,6,@KSU,94.5,WR2 Recep=112;WR2 RecY=111;WR2 TD=60.5
Koby Young,Koby Young,HOU,WR,WR3,WR3,1,,6,@KSU,128.83,WR3 Recep=130;WR3 RecY=119;WR3 TD=137.5
Katin Houser,Katin Houser,ILL,QB,QB1,QB,1,,6,@MSU,65.7,QB PY=96;QB RY=53.5;QB P+R=88;P TD=47;QB TD=44
Carson Boyd,Carson Boyd,ILL,QB,QB2,QB,1,,6,@MSU,65.7,QB PY=96;QB RY=53.5;QB P+R=88;P TD=47;QB TD=44
Aidan Laughery,Aidan Laughery,ILL,RB,RB1,RB1,1,,6,@MSU,49.0,RB1 RY=36;RB1 Recep=35.5;RB1 RecY=45;RB R+R=86;RB1 TD=42.5
Ca'Lil Valentine,Ca'Lil Valentine,ILL,RB,RB2,RB2,1,,6,@MSU,92.4,RB2+ RY=110;RB2 Recep=108;RB2 RecY=104;RB R+R=86;RB2 TD=54
Jordan Anderson,Jordan Anderson,ILL,RB,RB3,RB2,1,,6,@MSU,92.4,RB2+ RY=110;RB2 Recep=108;RB2 RecY=104;RB R+R=86;RB2 TD=54
Davin Stoffel,Davin Stoffel,ILL,TE,TE1,TE1,1,,6,@MSU,71.33,TE1 Recep=101;TE1 RecY=99;TE1 TD=14
Christian Abney,Christian Abney,ILL,TE,TE2,TE2,1,,6,@MSU,128.0,TE2 Recep=131;TE2 RecY=136;TE2 TD=117
Collin Dixon,Collin Dixon,ILL,WR,WR1,WR1,1,,6,@MSU,28.83,WR1 Recep=44;WR1 RecY=17;WR1 TD=25.5
Hudson Clement,Hudson Clement,ILL,WR,WR2,WR2,1,,6,@MSU,70.5,WR2 Recep=83.5;WR2 RecY=84;WR2 TD=44
Brayden Trimble,Brayden Trimble,ILL,WR,WR3,WR3,1,,6,@MSU,110.17,WR3 Recep=113;WR3 RecY=118;WR3 TD=99.5
Ty Robinson,Ty Robinson,ILL,WR,WR4+,WR4+,1,,6,@MSU,114.67,WR4+ Recep=136;WR4+ RecY=117;WR4+ TD=91
Hank Brown,Hank Brown,IOWA,QB,QB1,QB,1,,6,@WASH,90.0,QB PY=110;QB RY=58;QB P+R=108;P TD=92.5;QB TD=81.5
Jeremy Hecklinski,Jeremy Hecklinski,IOWA,QB,QB2,QB,1,,6,@WASH,90.0,QB PY=110;QB RY=58;QB P+R=108;P TD=92.5;QB TD=81.5
Kamari Moulton,Kamari Moulton,IOWA,RB,RB1,RB1,1,,6,@WASH,87.7,RB1 RY=117;RB1 Recep=49;RB1 RecY=36;RB R+R=111;RB1 TD=125.5
Braeden Jackson,Braeden Jackson,IOWA,RB,RB2,RB2,1,,6,@WASH,81.2,RB2+ RY=107;RB2 Recep=8;RB2 RecY=55;RB R+R=111;RB2 TD=125
Nathan McNeil,Nathan McNeil,IOWA,RB,RB3,RB2,1,,6,@WASH,81.2,RB2+ RY=107;RB2 Recep=8;RB2 RecY=55;RB R+R=111;RB2 TD=125
DJ Vonnahme,DJ Vonnahme,IOWA,TE,TE1,TE1,1,,6,@WASH,69.83,TE1 Recep=57;TE1 RecY=69;TE1 TD=83.5
Addison Ostrenga,Addison Ostrenga,IOWA,TE,TE2,TE2,1,,6,@WASH,42.5,TE2 Recep=14;TE2 RecY=53;TE2 TD=60.5
Tony Diaz,Tony Diaz,IOWA,WR,WR1,WR1,1,,6,@WASH,126.33,WR1 Recep=127;WR1 RecY=134;WR1 TD=118
Reece Vander Zee,Reece Vander Zee,IOWA,WR,WR2,WR2,1,,6,@WASH,51.0,WR2 Recep=78;WR2 RecY=23;WR2 TD=52
Evan James,Evan James,IOWA,WR,WR3,WR3,1,,6,@WASH,63.17,WR3 Recep=65.5;WR3 RecY=94;WR3 TD=30
Jarriett Buie,Jarriett Buie,IOWA,WR,WR4+,WR4+,1,,6,@WASH,107.0,WR4+ Recep=127;WR4+ RecY=127;WR4+ TD=67
Dayton Howard,Dayton Howard,IOWA,WR,WR4+,WR4+,1,,6,@WASH,107.0,WR4+ Recep=127;WR4+ RecY=127;WR4+ TD=67
Jaylen Raynor,Jaylen Raynor,ISU,QB,QB1,QB,1,,6,@BYU,111.3,QB PY=107;QB RY=112;QB P+R=122;P TD=114;QB TD=101.5
Connor Moberly,Connor Moberly,ISU,QB,QB2,QB,1,,6,@BYU,111.3,QB PY=107;QB RY=112;QB P+R=122;P TD=114;QB TD=101.5
Aiden Flora,Aiden Flora,ISU,RB,RB1,RB1,1,,6,@BYU,91.4,RB1 RY=120;RB1 Recep=33;RB1 RecY=76;RB R+R=126;RB1 TD=102
Arnold Barnes III,Arnold Barnes III,ISU,RB,RB2,RB2,1,,6,@BYU,85.2,RB2+ RY=132;RB2 Recep=17;RB2 RecY=30;RB R+R=126;RB2 TD=121
Cameron Pettaway,Cameron Pettaway,ISU,RB,RB3,RB2,1,,6,@BYU,85.2,RB2+ RY=132;RB2 Recep=17;RB2 RecY=30;RB R+R=126;RB2 TD=121
Vince Benetti,Vince Benetti,ISU,TE,TE1,TE1,1,,6,@BYU,53.33,TE1 Recep=74;TE1 RecY=27;TE1 TD=59
Tyler Fortenberry,Tyler Fortenberry,ISU,TE,TE2,TE2,1,,6,@BYU,30.67,TE2 Recep=22;TE2 RecY=68;TE2 TD=2
Cody Jackson,Cody Jackson,ISU,WR,WR1,WR1,1,,6,@BYU,108.5,WR1 Recep=110;WR1 RecY=110;WR1 TD=105.5
Omari Hayes,Omari Hayes,ISU,WR,WR2,WR2,1,,6,@BYU,110.33,WR2 Recep=80;WR2 RecY=130;WR2 TD=121
Dominic Overby,Dominic Overby,ISU,WR,WR3,WR3,1,,6,@BYU,118.83,WR3 Recep=126;WR3 RecY=136;WR3 TD=94.5
Ty Claiborne,Ty Claiborne,ISU,WR,WR4+,WR4+,1,,6,@BYU,65.0,WR4+ Recep=30;WR4+ RecY=30;WR4+ TD=135
Jamal Polite Jr.,Jamal Polite Jr.,ISU,WR,WR4+,WR4+,1,,6,@BYU,65.0,WR4+ Recep=30;WR4+ RecY=30;WR4+ TD=135
Josh Hoover,Josh Hoover,IU,QB,QB1,QB,1,,6,@NEB,109.5,QB PY=132;QB RY=88;QB P+R=128;P TD=113;QB TD=86.5
Grant Wilson,Grant Wilson,IU,QB,QB2,QB,1,,6,@NEB,109.5,QB PY=132;QB RY=88;QB P+R=128;P TD=113;QB TD=86.5
Lee Beebe Jr.,Lee Beebe Jr.,IU,RB,RB1,RB1,1,,6,@NEB,118.0,RB1 RY=124;RB1 Recep=133;RB1 RecY=93;RB R+R=110;RB1 TD=130
Turbo Richard,Turbo Richard,IU,RB,RB2,RB2,1,,6,@NEB,67.5,RB2+ RY=81;RB2 Recep=54;RB2 RecY=57;RB R+R=110;RB2 TD=35.5
Sean Cuono,Sean Cuono,IU,RB,RB3,RB2,1,,6,@NEB,67.5,RB2+ RY=81;RB2 Recep=54;RB2 RecY=57;RB R+R=110;RB2 TD=35.5
Andrew Barker,Andrew Barker,IU,TE,TE1,TE1,1,,6,@NEB,90.0,TE1 Recep=53;TE1 RecY=93;TE1 TD=124
Charlie Becker,Charlie Becker,IU,WR,WR1,WR1,1,,6,@NEB,104.0,WR1 Recep=115;WR1 RecY=83;WR1 TD=114
Nick Marsh,Nick Marsh,IU,WR,WR2,WR2,1,,6,@NEB,119.0,WR2 Recep=138;WR2 RecY=138;WR2 TD=81
Shazz Preston,Shazz Preston,IU,WR,WR3,WR3,1,,6,@NEB,84.83,WR3 Recep=73.5;WR3 RecY=99;WR3 TD=82
Davion Chandler,Davion Chandler,IU,WR,WR4+,WR4+,1,,6,@NEB,120.67,WR4+ Recep=123.5;WR4+ RecY=114;WR4+ TD=124.5
Tyler Morris,Tyler Morris,IU,WR,WR4+,WR4+,1,,6,@NEB,120.67,WR4+ Recep=123.5;WR4+ RecY=114;WR4+ TD=124.5
Camden Coleman,Camden Coleman,JMU,QB,QB1,QB,1,,6,@GASO,40.5,QB PY=52;QB RY=28;QB P+R=36;P TD=49;QB TD=37.5
George Pettaway,George Pettaway,JMU,RB,RB1,RB1,1,,6,@GASO,92.9,RB1 RY=81;RB1 Recep=119.5;RB1 RecY=111;RB R+R=64;RB1 TD=89
Nick Herman,Nick Herman,JMU,RB,RB2,RB2,1,,6,@GASO,66.7,RB2+ RY=24;RB2 Recep=87;RB2 RecY=110;RB R+R=64;RB2 TD=48.5
Seth Cromwell,Seth Cromwell,JMU,RB,RB3,RB2,1,,6,@GASO,66.7,RB2+ RY=24;RB2 Recep=87;RB2 RecY=110;RB R+R=64;RB2 TD=48.5
Cole Keller,Cole Keller,JMU,TE,TE1,TE1,1,,6,@GASO,95.33,TE1 Recep=116;TE1 RecY=76;TE1 TD=94
KD Mosley,KD Mosley,JMU,TE,TE2,TE2,1,,6,@GASO,87.0,TE2 Recep=120;TE2 RecY=114;TE2 TD=27
Corey Scott,Corey Scott,JMU,WR,WR1,WR1,1,,6,@GASO,44.0,WR1 Recep=55;WR1 RecY=39;WR1 TD=38
Michael Scott,Michael Scott,JMU,WR,WR2,WR2,1,,6,@GASO,46.67,WR2 Recep=18;WR2 RecY=59;WR2 TD=63
Braeden Wisloski,Braeden Wisloski,JMU,WR,WR3,WR3,1,,6,@GASO,31.5,WR3 Recep=15;WR3 RecY=8;WR3 TD=71.5
Jeremiah Harrison,Jeremiah Harrison,JMU,WR,WR4+,WR4+,1,,6,@GASO,39.83,WR4+ Recep=29;WR4+ RecY=51;WR4+ TD=39.5
Noah Grevious,Noah Grevious,JMU,WR,WR4+,WR4+,1,,6,@GASO,39.83,WR4+ Recep=29;WR4+ RecY=51;WR4+ TD=39.5
Caden Creel,Caden Creel,JXST,QB,QB1,QB,1,,6,@KENN,53.4,QB PY=71;QB RY=16;QB P+R=50;P TD=112;QB TD=18
Lucas Farrington,Lucas Farrington,JXST,RB,RB1,RB1,1,,6,@KENN,51.4,RB1 RY=46;RB1 Recep=67;RB1 RecY=66;RB R+R=34;RB1 TD=44
Jalen Likely,Jalen Likely,JXST,RB,RB2,RB2,1,,6,@KENN,38.9,RB2+ RY=30;RB2 Recep=43;RB2 RecY=52;RB R+R=34;RB2 TD=35.5
Khristian Lando,Khristian Lando,JXST,RB,RB3,RB2,1,,6,@KENN,38.9,RB2+ RY=30;RB2 Recep=43;RB2 RecY=52;RB R+R=34;RB2 TD=35.5
Luke Gilbert,Luke Gilbert,JXST,TE,TE1,TE1,1,,6,@KENN,102.0,TE1 Recep=110;TE1 RecY=78;TE1 TD=118
Jameson Scissum,Jameson Scissum,JXST,TE,TE2,TE2,1,,6,@KENN,86.83,TE2 Recep=85;TE2 RecY=96;TE2 TD=79.5
Darius Cannon,Darius Cannon,JXST,WR,WR1,WR1,1,,6,@KENN,102.17,WR1 Recep=89;WR1 RecY=112;WR1 TD=105.5
Deondre Johnson,Deondre Johnson,JXST,WR,WR2,WR2,1,,6,@KENN,62.5,WR2 Recep=50.5;WR2 RecY=89;WR2 TD=48
Jamill Williams,Jamill Williams,JXST,WR,WR3,WR3,1,,6,@KENN,26.33,WR3 Recep=10;WR3 RecY=10;WR3 TD=59
Ronnel Johnson,Ronnel Johnson,JXST,WR,WR4+,WR4+,1,,6,@KENN,59.17,WR4+ Recep=36;WR4+ RecY=35;WR4+ TD=106.5
Dylan Gentry,Dylan Gentry,JXST,WR,WR4+,WR4+,1,,6,@KENN,59.17,WR4+ Recep=36;WR4+ RecY=35;WR4+ TD=106.5
Rickie Collins,Rickie Collins,KENN,QB,QB1,QB,1,,6,JXST,87.2,QB PY=114;QB RY=69;QB P+R=117;P TD=101;QB TD=35
Skyler Williams,Skyler Williams,KENN,QB,QB2,QB,1,,6,JXST,87.2,QB PY=114;QB RY=69;QB P+R=117;P TD=101;QB TD=35
Boogie Woods III,Boogie Woods III,KENN,RB,RB1,RB1,1,,6,JXST,44.7,RB1 RY=44;RB1 Recep=21;RB1 RecY=15;RB R+R=18;RB1 TD=125.5
Latrelle Murrell,Latrelle Murrell,KENN,RB,RB2,RB2,1,,6,JXST,42.9,RB2+ RY=15;RB2 Recep=69.5;RB2 RecY=61;RB R+R=18;RB2 TD=51
Triston Morgan,Triston Morgan,KENN,RB,RB3,RB2,1,,6,JXST,42.9,RB2+ RY=15;RB2 Recep=69.5;RB2 RecY=61;RB R+R=18;RB2 TD=51
Jamari Harrold,Jamari Harrold,KENN,TE,TE1,TE1,1,,6,JXST,79.17,TE1 Recep=100;TE1 RecY=88;TE1 TD=49.5
Reed Jesiolowski,Reed Jesiolowski,KENN,TE,TE2,TE2,1,,6,JXST,111.0,TE2 Recep=123;TE2 RecY=123;TE2 TD=87
Brayden Munroe,Brayden Munroe,KENN,WR,WR1,WR1,1,,6,JXST,99.67,WR1 Recep=79;WR1 RecY=123;WR1 TD=97
Zion Booker,Zion Booker,KENN,WR,WR2,WR2,1,,6,JXST,109.0,WR2 Recep=129;WR2 RecY=118;WR2 TD=80
Javon Rogers,Javon Rogers,KENN,WR,WR3,WR3,1,,6,JXST,86.67,WR3 Recep=124;WR3 RecY=96;WR3 TD=40
Navelle Dean,Navelle Dean,KENN,WR,WR4+,WR4+,1,,6,JXST,68.67,WR4+ Recep=38;WR4+ RecY=71;WR4+ TD=97
Davis Bryson,Davis Bryson,KENN,WR,WR4+,WR4+,1,,6,JXST,68.67,WR4+ Recep=38;WR4+ RecY=71;WR4+ TD=97
Dru DeShields,Dru DeShields,KENT,QB,QB1,QB,1,,6,@WMU,84.0,QB PY=104;QB RY=63;QB P+R=100;P TD=79;QB TD=74
Deante Ruffin,Deante Ruffin,KENT,QB,QB2,QB,1,,6,@WMU,84.0,QB PY=104;QB RY=63;QB P+R=100;P TD=79;QB TD=74
Brandon White,Brandon White,KENT,RB,RB1,RB1,1,,6,@WMU,43.1,RB1 RY=18;RB1 Recep=62.5;RB1 RecY=25;RB R+R=48;RB1 TD=62
Mason King,Mason King,KENT,RB,RB2,RB2,1,,6,@WMU,94.9,RB2+ RY=80;RB2 Recep=135;RB2 RecY=132;RB R+R=48;RB2 TD=79.5
Hunter Hopperton,Hunter Hopperton,KENT,RB,RB3,RB2,1,,6,@WMU,94.9,RB2+ RY=80;RB2 Recep=135;RB2 RecY=132;RB R+R=48;RB2 TD=79.5
Terik Mulder,Terik Mulder,KENT,TE,TE1,TE1,1,,6,@WMU,50.0,TE1 Recep=67;TE1 RecY=68;TE1 TD=15
Zy'aire Fletcher,Zy'aire Fletcher,KENT,TE,TE2,TE2,1,,6,@WMU,101.83,TE2 Recep=118.5;TE2 RecY=105;TE2 TD=82
Da'Realyst Clark,Da'Realyst Clark,KENT,WR,WR1,WR1,1,,6,@WMU,45.67,WR1 Recep=66;WR1 RecY=31;WR1 TD=40
Wayne Harris,Wayne Harris,KENT,WR,WR2,WR2,1,,6,@WMU,127.0,WR2 Recep=114;WR2 RecY=134;WR2 TD=133
Ardell Banks,Ardell Banks,KENT,WR,WR3,WR3,1,,6,@WMU,98.33,WR3 Recep=132;WR3 RecY=100;WR3 TD=63
Jared Kelley,Jared Kelley,KENT,WR,WR4+,WR4+,1,,6,@WMU,89.83,WR4+ Recep=115.5;WR4+ RecY=98;WR4+ TD=56
Matthew Maxey,Matthew Maxey,KENT,WR,WR4+,WR4+,1,,6,@WMU,89.83,WR4+ Recep=115.5;WR4+ RecY=98;WR4+ TD=56
Avery Johnson,Avery Johnson,KSU,QB,QB1,QB,1,,6,HOU,75.5,QB PY=37;QB RY=133;QB P+R=71;P TD=74;QB TD=62.5
Joe Jackson,Joe Jackson,KSU,RB,RB1,RB1,1,,6,HOU,94.7,RB1 RY=125;RB1 Recep=80.5;RB1 RecY=52;RB R+R=121;RB1 TD=95
Rodney Fields Jr.,Rodney Fields Jr.,KSU,RB,RB2,RB2,1,,6,HOU,95.2,RB2+ RY=101;RB2 Recep=107;RB2 RecY=76;RB R+R=121;RB2 TD=71
Jay Harris,Jay Harris,KSU,RB,RB3,RB2,1,,6,HOU,95.2,RB2+ RY=101;RB2 Recep=107;RB2 RecY=76;RB R+R=121;RB2 TD=71
Garrett Oakley,Garrett Oakley,KSU,TE,TE1,TE1,1,,6,HOU,60.5,TE1 Recep=62;TE1 RecY=79;TE1 TD=40.5
Will Anciaux,Will Anciaux,KSU,TE,TE2,TE2,1,,6,HOU,45.67,TE2 Recep=28;TE2 RecY=12;TE2 TD=97
Brandon White,Brandon White,KSU,WR,WR1,WR1,1,,6,HOU,49.0,WR1 Recep=74;WR1 RecY=41;WR1 TD=32
Derrick Salley Jr.,Derrick Salley Jr.,KSU,WR,WR2,WR2,1,,6,HOU,102.83,WR2 Recep=77;WR2 RecY=107;WR2 TD=124.5
Jaron Tibbs,Jaron Tibbs,KSU,WR,WR3,WR3,1,,6,HOU,21.33,WR3 Recep=9;WR3 RecY=22;WR3 TD=33
Josh Manning,Josh Manning,KSU,WR,WR4+,WR4+,1,,6,HOU,37.83,WR4+ Recep=14;WR4+ RecY=18;WR4+ TD=81.5
Izaiah Williams,Izaiah Williams,KSU,WR,WR4+,WR4+,1,,6,HOU,37.83,WR4+ Recep=14;WR4+ RecY=18;WR4+ TD=81.5
Isaiah Marshall,Isaiah Marshall,KU,QB,QB1,QB,1,,6,@UTAH,99.9,QB PY=127;QB RY=67;QB P+R=121;P TD=132;QB TD=52.5
Chase Jenkins,Chase Jenkins,KU,QB,QB2,QB,1,,6,@UTAH,99.9,QB PY=127;QB RY=67;QB P+R=121;P TD=132;QB TD=52.5
Dylan Edwards,Dylan Edwards,KU,RB,RB1,RB1,1,,6,@UTAH,84.9,RB1 RY=113;RB1 Recep=43;RB1 RecY=39;RB R+R=115;RB1 TD=114.5
Jalen Dupree,Jalen Dupree,KU,RB,RB2,RB2,1,,6,@UTAH,103.4,RB2+ RY=115;RB2 Recep=104;RB2 RecY=50;RB R+R=115;RB2 TD=133
Yasin Willis,Yasin Willis,KU,RB,RB3,RB2,1,,6,@UTAH,103.4,RB2+ RY=115;RB2 Recep=104;RB2 RecY=50;RB R+R=115;RB2 TD=133
Carson Bruhn,Carson Bruhn,KU,TE,TE1,TE1,1,,6,@UTAH,107.5,TE1 Recep=117;TE1 RecY=90;TE1 TD=115.5
Jailen Butler,Jailen Butler,KU,TE,TE2,TE2,1,,6,@UTAH,134.83,TE2 Recep=137.5;TE2 RecY=135;TE2 TD=132
Cam Pickett,Cam Pickett,KU,WR,WR1,WR1,1,,6,@UTAH,104.83,WR1 Recep=100;WR1 RecY=102;WR1 TD=112.5
Nik McMillan,Nik McMillan,KU,WR,WR2,WR2,1,,6,@UTAH,118.0,WR2 Recep=121;WR2 RecY=131;WR2 TD=102
Nahzae Cox,Nahzae Cox,KU,WR,WR3,WR3,1,,6,@UTAH,101.33,WR3 Recep=94;WR3 RecY=123;WR3 TD=87
Bryson Hayes,Bryson Hayes,KU,WR,WR4+,WR4+,1,,6,@UTAH,67.33,WR4+ Recep=60;WR4+ RecY=67;WR4+ TD=75
Keaton Kubecka,Keaton Kubecka,KU,WR,WR4+,WR4+,1,,6,@UTAH,67.33,WR4+ Recep=60;WR4+ RecY=67;WR4+ TD=75
Deshawn Purdie,Deshawn Purdie,LIB,QB,QB1,QB,1,,6,SHSU,80.2,QB PY=123;QB RY=37;QB P+R=113;P TD=84;QB TD=44
Jaylen Henderson,Jaylen Henderson,LIB,QB,QB2,QB,1,,6,SHSU,80.2,QB PY=123;QB RY=37;QB P+R=113;P TD=84;QB TD=44
Kam Davis,Kam Davis,LIB,RB,RB1,RB1,1,,6,SHSU,39.0,RB1 RY=63;RB1 Recep=8;RB1 RecY=19;RB R+R=11;RB1 TD=94
Peyton Jones,Peyton Jones,LIB,RB,RB2,RB2,1,,6,SHSU,57.6,RB2+ RY=6;RB2 Recep=137;RB2 RecY=123;RB R+R=11;RB2 TD=11
Jaylon Coleman,Jaylon Coleman,LIB,RB,RB3,RB2,1,,6,SHSU,57.6,RB2+ RY=6;RB2 Recep=137;RB2 RecY=123;RB R+R=11;RB2 TD=11
Zeke Wimbush,Zeke Wimbush,LIB,TE,TE1,TE1,1,,6,SHSU,77.5,TE1 Recep=115;TE1 RecY=81;TE1 TD=36.5
Caleb Ryan,Caleb Ryan,LIB,TE,TE2,TE2,1,,6,SHSU,131.67,TE2 Recep=134;TE2 RecY=129;TE2 TD=132
Makai Jackson,Makai Jackson,LIB,WR,WR1,WR1,1,,6,SHSU,104.0,WR1 Recep=126;WR1 RecY=104;WR1 TD=82
Jamari Person,Jamari Person,LIB,WR,WR2,WR2,1,,6,SHSU,103.5,WR2 Recep=100;WR2 RecY=114;WR2 TD=96.5
Darius Copeland,Darius Copeland,LIB,WR,WR3,WR3,1,,6,SHSU,74.0,WR3 Recep=60;WR3 RecY=106;WR3 TD=56
Bryce Randolph,Bryce Randolph,LIB,WR,WR4+,WR4+,1,,6,SHSU,62.33,WR4+ Recep=75;WR4+ RecY=70;WR4+ TD=42
Lincoln Kienholz,Lincoln Kienholz,LOU,QB,QB1,QB,1,,6,FSU,68.1,QB PY=33;QB RY=118;QB P+R=55;P TD=36;QB TD=98.5
Isaac Brown,Isaac Brown,LOU,RB,RB1,RB1,1,,6,FSU,65.6,RB1 RY=67;RB1 Recep=107;RB1 RecY=22;RB R+R=35;RB1 TD=97
Keyjuan Brown,Keyjuan Brown,LOU,RB,RB2,RB2,1,,6,FSU,51.3,RB2+ RY=40;RB2 Recep=91.5;RB2 RecY=21;RB R+R=35;RB2 TD=69
Team,Team,LOU,RB,RB3,RB2,1,,6,FSU,51.3,RB2+ RY=40;RB2 Recep=91.5;RB2 RecY=21;RB R+R=35;RB2 TD=69
Jaleel Skinner,Jaleel Skinner,LOU,TE,TE1,TE1,1,,6,FSU,23.83,TE1 Recep=29;TE1 RecY=33;TE1 TD=9.5
Justyn Reid,Justyn Reid,LOU,TE,TE2,TE2,1,,6,FSU,75.83,TE2 Recep=69;TE2 RecY=87;TE2 TD=71.5
Tre Richardson,Tre Richardson,LOU,WR,WR1,WR1,1,,6,FSU,90.17,WR1 Recep=68.5;WR1 RecY=111;WR1 TD=91
TreyShun Hurry,TreyShun Hurry,LOU,WR,WR2,WR2,1,,6,FSU,36.67,WR2 Recep=60;WR2 RecY=22;WR2 TD=28
Lawayne McCoy,Lawayne McCoy,LOU,WR,WR3,WR3,1,,6,FSU,51.33,WR3 Recep=22;WR3 RecY=55;WR3 TD=77
Jackson Voth,Jackson Voth,LOU,WR,WR4+,WR4+,1,,6,FSU,41.33,WR4+ Recep=55;WR4+ RecY=25;WR4+ TD=44
Sam Leavitt,Sam Leavitt,LSU,QB,QB1,QB,1,,6,@UK,60.4,QB PY=43;QB RY=11;QB P+R=31;P TD=96.5;QB TD=120.5
Landen Clark,Landen Clark,LSU,QB,QB2,QB,1,,6,@UK,60.4,QB PY=43;QB RY=11;QB P+R=31;P TD=96.5;QB TD=120.5
Dilin Jones,Dilin Jones,LSU,RB,RB1,RB1,1,,6,@UK,61.0,RB1 RY=49;RB1 Recep=30;RB1 RecY=100;RB R+R=102;RB1 TD=24
Harlem Berry,Harlem Berry,LSU,RB,RB2,RB2,1,,6,@UK,83.2,RB2+ RY=122;RB2 Recep=66;RB2 RecY=98;RB R+R=102;RB2 TD=28
Stacy Gage,Stacy Gage,LSU,RB,RB3,RB2,1,,6,@UK,83.2,RB2+ RY=122;RB2 Recep=66;RB2 RecY=98;RB R+R=102;RB2 TD=28
Trey'Dez Green,Trey'Dez Green,LSU,TE,TE1,TE1,1,,6,@UK,95.67,TE1 Recep=108;TE1 RecY=114;TE1 TD=65
Jackson Harris,Jackson Harris,LSU,WR,WR1,WR1,1,,6,@UK,40.5,WR1 Recep=16.5;WR1 RecY=8;WR1 TD=97
Corey Barber Jr.,Corey Barber Jr.,LSU,WR,WR2,WR2,1,,6,@UK,101.0,WR2 Recep=88;WR2 RecY=85;WR2 TD=130
Winston Watkins Jr.,Winston Watkins Jr.,LSU,WR,WR3,WR3,1,,6,@UK,28.67,WR3 Recep=47;WR3 RecY=33;WR3 TD=6
Eugene Wilson III,Eugene Wilson III,LSU,WR,WR4+,WR4+,1,,6,@UK,103.5,WR4+ Recep=78;WR4+ RecY=95;WR4+ TD=137.5
Jayce Brown,Jayce Brown,LSU,WR,WR4+,WR4+,1,,6,@UK,103.5,WR4+ Recep=78;WR4+ RecY=95;WR4+ TD=137.5
Trey Kukuk,Trey Kukuk,LT,QB,QB1,QB,1,,6,UL,112.6,QB PY=108;QB RY=130;QB P+R=125;P TD=85;QB TD=115
Blake Baker,Blake Baker,LT,QB,QB2,QB,1,,6,UL,112.6,QB PY=108;QB RY=130;QB P+R=125;P TD=85;QB TD=115
Andrew Burnette,Andrew Burnette,LT,RB,RB1,RB1,1,,6,UL,73.7,RB1 RY=35;RB1 Recep=104;RB1 RecY=77;RB R+R=78;RB1 TD=74.5
Dylone Brooks,Dylone Brooks,LT,RB,RB2,RB2,1,,6,UL,82.0,RB2+ RY=93;RB2 Recep=63;RB2 RecY=69;RB R+R=78;RB2 TD=107
Jaden Miller,Jaden Miller,LT,RB,RB3,RB2,1,,6,UL,82.0,RB2+ RY=93;RB2 Recep=63;RB2 RecY=69;RB R+R=78;RB2 TD=107
Eli Finley,Eli Finley,LT,TE,TE1,TE1,1,,6,UL,63.67,TE1 Recep=94.5;TE1 RecY=75;TE1 TD=21.5
Jalen Mickens,Jalen Mickens,LT,WR,WR1,WR1,1,,6,UL,87.67,WR1 Recep=54;WR1 RecY=114;WR1 TD=95
Talyn Shettron,Talyn Shettron,LT,WR,WR2,WR2,1,,6,UL,74.0,WR2 Recep=44;WR2 RecY=96;WR2 TD=82
Marcus Calwise Jr.,Marcus Calwise Jr.,LT,WR,WR3,WR3,1,,6,UL,57.67,WR3 Recep=18;WR3 RecY=90;WR3 TD=65
Jay Wilkerson,Jay Wilkerson,LT,WR,WR4+,WR4+,1,,6,UL,89.67,WR4+ Recep=105;WR4+ RecY=107;WR4+ TD=57
Luke Watkins,Luke Watkins,LT,WR,WR4+,WR4+,1,,6,UL,89.67,WR4+ Recep=105;WR4+ RecY=107;WR4+ TD=57
David McComb,David McComb,M-OH,QB,QB1,QB,1,,6,@MASS,88.0,QB PY=92;QB RY=115;QB P+R=107;P TD=29;QB TD=97
Caleb Heavner,Caleb Heavner,M-OH,QB,QB2,QB,1,,6,@MASS,88.0,QB PY=92;QB RY=115;QB P+R=107;P TD=29;QB TD=97
Rodney Nelson,Rodney Nelson,M-OH,RB,RB1,RB1,1,,6,@MASS,76.0,RB1 RY=88;RB1 Recep=95;RB1 RecY=122;RB R+R=25;RB1 TD=50
D'Shawntae Jones,D'Shawntae Jones,M-OH,RB,RB2,RB2,1,,6,@MASS,13.7,RB2+ RY=9;RB2 Recep=9.5;RB2 RecY=9;RB R+R=25;RB2 TD=16
Lazaro Rogers,Lazaro Rogers,M-OH,RB,RB3,RB2,1,,6,@MASS,13.7,RB2+ RY=9;RB2 Recep=9.5;RB2 RecY=9;RB R+R=25;RB2 TD=16
Brendan Loftus,Brendan Loftus,M-OH,TE,TE1,TE1,1,,6,@MASS,42.33,TE1 Recep=32;TE1 RecY=84;TE1 TD=11
Lynel Billups-Williams,Lynel Billups-Williams,M-OH,WR,WR1,WR1,1,,6,@MASS,78.33,WR1 Recep=107;WR1 RecY=74;WR1 TD=54
Damarion Witten,Damarion Witten,M-OH,WR,WR2,WR2,1,,6,@MASS,105.83,WR2 Recep=122;WR2 RecY=99;WR2 TD=96.5
Scoop Smith,Scoop Smith,M-OH,WR,WR3,WR3,1,,6,@MASS,56.33,WR3 Recep=56;WR3 RecY=78;WR3 TD=35
Maleek Huggins,Maleek Huggins,M-OH,WR,WR4+,WR4+,1,,6,@MASS,78.0,WR4+ Recep=103;WR4+ RecY=88;WR4+ TD=43
Braylon Isom,Braylon Isom,M-OH,WR,WR4+,WR4+,1,,6,@MASS,78.0,WR4+ Recep=103;WR4+ RecY=88;WR4+ TD=43
William Watson III,William Watson III,MASS,QB,QB1,QB,1,,6,M-OH,36.0,QB PY=17;QB RY=45;QB P+R=12;P TD=16;QB TD=90
Logan Inagawa,Logan Inagawa,MASS,QB,QB2,QB,1,,6,M-OH,36.0,QB PY=17;QB RY=45;QB P+R=12;P TD=16;QB TD=90
Curtis Kimmons IV,Curtis Kimmons IV,MASS,RB,RB1,RB1,1,,6,M-OH,93.8,RB1 RY=127;RB1 Recep=84;RB1 RecY=41;RB R+R=97;RB1 TD=120
Elijah Faulkner,Elijah Faulkner,MASS,RB,RB2,RB2,1,,6,M-OH,38.2,RB2+ RY=67;RB2 Recep=11;RB2 RecY=8;RB R+R=97;RB2 TD=8
Jordan Washington,Jordan Washington,MASS,RB,RB3,RB2,1,,6,M-OH,38.2,RB2+ RY=67;RB2 Recep=11;RB2 RecY=8;RB R+R=97;RB2 TD=8
Max Dowling,Max Dowling,MASS,TE,TE1,TE1,1,,6,M-OH,54.83,TE1 Recep=44.5;TE1 RecY=55;TE1 TD=65
Reece Adkins,Reece Adkins,MASS,TE,TE2,TE2,1,,6,M-OH,52.0,TE2 Recep=66.5;TE2 RecY=49;TE2 TD=40.5
T.Y. Harding,T.Y. Harding,MASS,WR,WR1,WR1,1,,6,M-OH,42.33,WR1 Recep=43;WR1 RecY=42;WR1 TD=42
Jabari Lewis,Jabari Lewis,MASS,WR,WR2,WR2,1,,6,M-OH,25.83,WR2 Recep=5;WR2 RecY=17;WR2 TD=55.5
Dallas Elliott,Dallas Elliott,MASS,WR,WR3,WR3,1,,6,M-OH,52.33,WR3 Recep=13;WR3 RecY=69;WR3 TD=75
Joseph Griffin Jr.,Joseph Griffin Jr.,MASS,WR,WR4+,WR4+,1,,6,M-OH,43.33,WR4+ Recep=43;WR4+ RecY=38;WR4+ TD=49
Kezion Dia-Johnson,Kezion Dia-Johnson,MASS,WR,WR4+,WR4+,1,,6,M-OH,43.33,WR4+ Recep=43;WR4+ RecY=38;WR4+ TD=49
Malik Washington,Malik Washington,MD,QB,QB1,QB,1,,6,@OSU,137.2,QB PY=137;QB RY=135;QB P+R=138;P TD=138;QB TD=138
Cardell Williams,Cardell Williams,MD,QB,QB2,QB,1,,6,@OSU,137.2,QB PY=137;QB RY=135;QB P+R=138;P TD=138;QB TD=138
Iverson Howard,Iverson Howard,MD,RB,RB1,RB1,1,,6,@OSU,109.4,RB1 RY=133;RB1 Recep=70;RB1 RecY=97;RB R+R=125;RB1 TD=122
DeJuan Williams,DeJuan Williams,MD,RB,RB2,RB2,1,,6,@OSU,79.4,RB2+ RY=78;RB2 Recep=6;RB2 RecY=95;RB R+R=125;RB2 TD=93
Liam Willson,Liam Willson,MD,RB,RB3,RB2,1,,6,@OSU,79.4,RB2+ RY=78;RB2 Recep=6;RB2 RecY=95;RB R+R=125;RB2 TD=93
Dorian Fleming,Dorian Fleming,MD,TE,TE1,TE1,1,,6,@OSU,67.17,TE1 Recep=19;TE1 RecY=45;TE1 TD=137.5
JT Taggart,JT Taggart,MD,TE,TE2,TE2,1,,6,@OSU,119.5,TE2 Recep=106.5;TE2 RecY=120;TE2 TD=132
Chris Durr Jr.,Chris Durr Jr.,MD,WR,WR1,WR1,1,,6,@OSU,131.0,WR1 Recep=134;WR1 RecY=137;WR1 TD=122
Kaleb Webb,Kaleb Webb,MD,WR,WR2,WR2,1,,6,@OSU,115.0,WR2 Recep=115;WR2 RecY=94;WR2 TD=136
Ryan Manning,Ryan Manning,MD,WR,WR3,WR3,1,,6,@OSU,112.67,WR3 Recep=82;WR3 RecY=120;WR3 TD=136
Na'eem Abdul-Rahim Gladding,Na'eem Abdul-Rahim Gladding,MD,WR,WR4+,WR4+,1,,6,@OSU,116.33,WR4+ Recep=122;WR4+ RecY=133;WR4+ TD=94
Jayden Kitchens,Jayden Kitchens,MD,WR,WR4+,WR4+,1,,6,@OSU,116.33,WR4+ Recep=122;WR4+ RecY=133;WR4+ TD=94
Marcus Stokes,Marcus Stokes,MEM,QB,QB1,QB,1,,6,UAB,66.3,QB PY=135;QB RY=1;QB P+R=110;P TD=82.5;QB TD=3
Air Noland,Air Noland,MEM,QB,QB2,QB,1,,6,UAB,66.3,QB PY=135;QB RY=1;QB P+R=110;P TD=82.5;QB TD=3
Jaylin Carter,Jaylin Carter,MEM,RB,RB1,RB1,1,,6,UAB,77.4,RB1 RY=69;RB1 Recep=126;RB1 RecY=79;RB R+R=66;RB1 TD=47
Dallan Hayden,Dallan Hayden,MEM,RB,RB2,RB2,1,,6,UAB,64.1,RB2+ RY=55;RB2 Recep=91.5;RB2 RecY=85;RB R+R=66;RB2 TD=23
Jordan Thompson,Jordan Thompson,MEM,RB,RB3,RB2,1,,6,UAB,64.1,RB2+ RY=55;RB2 Recep=91.5;RB2 RecY=85;RB R+R=66;RB2 TD=23
Hunter Tipton,Hunter Tipton,MEM,TE,TE1,TE1,1,,6,UAB,128.83,TE1 Recep=138;TE1 RecY=138;TE1 TD=110.5
Aidan O'Callaghan,Aidan O'Callaghan,MEM,TE,TE2,TE2,1,,6,UAB,94.5,TE2 Recep=110;TE2 RecY=116;TE2 TD=57.5
Jermane Hayes,Jermane Hayes,MEM,WR,WR1,WR1,1,,6,UAB,99.33,WR1 Recep=129;WR1 RecY=126;WR1 TD=43
Stonka Burnside,Stonka Burnside,MEM,WR,WR2,WR2,1,,6,UAB,119.0,WR2 Recep=127;WR2 RecY=129;WR2 TD=101
Tychaun Chapman,Tychaun Chapman,MEM,WR,WR3,WR3,1,,6,UAB,51.17,WR3 Recep=104;WR3 RecY=32;WR3 TD=17.5
Brady Kluse,Brady Kluse,MEM,WR,WR4+,WR4+,1,,6,UAB,110.0,WR4+ Recep=130;WR4+ RecY=112;WR4+ TD=88
Jemyri Davis,Jemyri Davis,MEM,WR,WR4+,WR4+,1,,6,UAB,110.0,WR4+ Recep=130;WR4+ RecY=112;WR4+ TD=88
Darian Mensah,Darian Mensah,MIA,QB,QB1,QB,1,,6,BYE,,
Luke Nickel,Luke Nickel,MIA,QB,QB2,QB,1,,6,BYE,,
Mark Fletcher Jr.,Mark Fletcher Jr.,MIA,RB,RB1,RB1,1,,6,BYE,,
Javian Mallory,Javian Mallory,MIA,RB,RB2,RB2,1,,6,BYE,,
Girard Pringle Jr.,Girard Pringle Jr.,MIA,RB,RB3,RB2,1,,6,BYE,,
Elija Lofton,Elija Lofton,MIA,TE,TE1,TE1,1,,6,BYE,,
Malachi Toney,Malachi Toney,MIA,WR,WR1,WR1,1,,6,BYE,,
Cooper Barkate,Cooper Barkate,MIA,WR,WR2,WR2,1,,6,BYE,,
Daylyn Upshaw,Daylyn Upshaw,MIA,WR,WR3,WR3,1,,6,BYE,,
Joshua Moore,Joshua Moore,MIA,WR,WR4+,WR4+,1,,6,BYE,,
Vandrevius Jacobs,Vandrevius Jacobs,MIA,WR,WR4+,WR4+,1,,6,BYE,,
Bryce Underwood,Bryce Underwood,MICH,QB,QB1,QB,1,,6,BYE,,
Tommy Carr,Tommy Carr,MICH,QB,QB2,QB,1,,6,BYE,,
Jordan Marshall,Jordan Marshall,MICH,RB,RB1,RB1,1,,6,BYE,,
Savion Hiter,Savion Hiter,MICH,RB,RB2,RB2,1,,6,BYE,,
Bryson Kuzdzal,Bryson Kuzdzal,MICH,RB,RB3,RB2,1,,6,BYE,,
Hogan Hansen,Hogan Hansen,MICH,TE,TE1,TE1,1,,6,BYE,,
Eli Owens,Eli Owens,MICH,TE,TE2,TE2,1,,6,BYE,,
Andrew Marsh,Andrew Marsh,MICH,WR,WR1,WR1,1,,6,BYE,,
JJ Buchanan,JJ Buchanan,MICH,WR,WR2,WR2,1,,6,BYE,,
Salesi Moa,Salesi Moa,MICH,WR,WR3,WR3,1,,6,BYE,,
Travis Johnson,Travis Johnson,MICH,WR,WR4+,WR4+,1,,6,BYE,,
Drake Lindsey,Drake Lindsey,MINN,QB,QB1,QB,1,,6,@PUR,15.3,QB PY=13;QB RY=22.5;QB P+R=8;P TD=10.5;QB TD=22.5
Darius Taylor,Darius Taylor,MINN,RB,RB1,RB1,1,,6,@PUR,48.5,RB1 RY=56;RB1 Recep=97.5;RB1 RecY=55;RB R+R=27;RB1 TD=7
TJ Thomas,TJ Thomas,MINN,RB,RB2,RB2,1,,6,@PUR,37.8,RB2+ RY=13;RB2 Recep=68;RB2 RecY=66;RB R+R=27;RB2 TD=15
Xavier Ford,Xavier Ford,MINN,RB,RB3,RB2,1,,6,@PUR,37.8,RB2+ RY=13;RB2 Recep=68;RB2 RecY=66;RB R+R=27;RB2 TD=15
Pierce Walsh,Pierce Walsh,MINN,TE,TE1,TE1,1,,6,@PUR,55.17,TE1 Recep=94.5;TE1 RecY=42;TE1 TD=29
Roman Voss,Roman Voss,MINN,TE,TE2,TE2,1,,6,@PUR,64.5,TE2 Recep=57;TE2 RecY=65;TE2 TD=71.5
Noah Jennings,Noah Jennings,MINN,WR,WR1,WR1,1,,6,@PUR,24.67,WR1 Recep=49;WR1 RecY=18;WR1 TD=7
Javon Tracy,Javon Tracy,MINN,WR,WR2,WR2,1,,6,@PUR,72.0,WR2 Recep=120;WR2 RecY=18;WR2 TD=78
Jalen Smith,Jalen Smith,MINN,WR,WR3,WR3,1,,6,@PUR,77.33,WR3 Recep=87.5;WR3 RecY=54;WR3 TD=90.5
Quayd Hendryx,Quayd Hendryx,MINN,WR,WR4+,WR4+,1,,6,@PUR,45.0,WR4+ Recep=90;WR4+ RecY=39;WR4+ TD=6
Trinidad Chambliss,Trinidad Chambliss,MISS,QB,QB1,QB,1,,6,@VAN,61.4,QB PY=40;QB RY=100;QB P+R=54;P TD=19;QB TD=94
Deuce Knight,Deuce Knight,MISS,QB,QB2,QB,1,,6,@VAN,61.4,QB PY=40;QB RY=100;QB P+R=54;P TD=19;QB TD=94
JT Lindsey,JT Lindsey,MISS,RB,RB1,RB1,1,,6,@VAN,71.6,RB1 RY=79;RB1 Recep=35.5;RB1 RecY=61;RB R+R=70;RB1 TD=112.5
Kewan Lacy,Kewan Lacy,MISS,RB,RB2,RB2,1,,6,@VAN,56.5,RB2+ RY=106;RB2 Recep=9.5;RB2 RecY=2;RB R+R=70;RB2 TD=95
Makhi Frazier,Makhi Frazier,MISS,RB,RB3,RB2,1,,6,@VAN,56.5,RB2+ RY=106;RB2 Recep=9.5;RB2 RecY=2;RB R+R=70;RB2 TD=95
Caleb Odom,Caleb Odom,MISS,TE,TE1,TE1,1,,6,@VAN,35.67,TE1 Recep=24;TE1 RecY=23;TE1 TD=60
Luke Hasz,Luke Hasz,MISS,TE,TE2,TE2,1,,6,@VAN,22.5,TE2 Recep=34;TE2 RecY=14;TE2 TD=19.5
Deuce Alexander,Deuce Alexander,MISS,WR,WR1,WR1,1,,6,@VAN,64.67,WR1 Recep=56;WR1 RecY=116;WR1 TD=22
Traylon Ray,Traylon Ray,MISS,WR,WR2,WR2,1,,6,@VAN,63.33,WR2 Recep=71;WR2 RecY=47;WR2 TD=72
Caleb Cunningham,Caleb Cunningham,MISS,WR,WR3,WR3,1,,6,@VAN,90.17,WR3 Recep=65.5;WR3 RecY=113;WR3 TD=92
Horatio Fields,Horatio Fields,MISS,WR,WR4+,WR4+,1,,6,@VAN,25.67,WR4+ Recep=27;WR4+ RecY=40;WR4+ TD=10
Johntay Cook II,Johntay Cook II,MISS,WR,WR4+,WR4+,1,,6,@VAN,25.67,WR4+ Recep=27;WR4+ RecY=40;WR4+ TD=10
Austin Simmons,Austin Simmons,MIZ,QB,QB1,QB,1,,6,TA&M,98.9,QB PY=101;QB RY=116;QB P+R=116;P TD=67.5;QB TD=94
Jamal Roberts,Jamal Roberts,MIZ,RB,RB1,RB1,1,,6,TA&M,54.0,RB1 RY=60;RB1 Recep=34;RB1 RecY=20;RB R+R=93;RB1 TD=63
Xai'Shaun Edwards,Xai'Shaun Edwards,MIZ,RB,RB2,RB2,1,,6,TA&M,118.6,RB2+ RY=95;RB2 Recep=136;RB2 RecY=137;RB R+R=93;RB2 TD=132
Team,Team,MIZ,RB,RB3,RB2,1,,6,TA&M,118.6,RB2+ RY=95;RB2 Recep=136;RB2 RecY=137;RB R+R=93;RB2 TD=132
Brett Norfleet,Brett Norfleet,MIZ,TE,TE1,TE1,1,,6,TA&M,104.67,TE1 Recep=112;TE1 RecY=95;TE1 TD=107
Cayden Lee,Cayden Lee,MIZ,WR,WR1,WR1,1,,6,TA&M,77.83,WR1 Recep=60.5;WR1 RecY=81;WR1 TD=92
Donovan Olugbode,Donovan Olugbode,MIZ,WR,WR2,WR2,1,,6,TA&M,33.5,WR2 Recep=59;WR2 RecY=16;WR2 TD=25.5
Naeshaun Montgomery,Naeshaun Montgomery,MIZ,WR,WR3,WR3,1,,6,TA&M,53.5,WR3 Recep=116.5;WR3 RecY=29;WR3 TD=15
Caleb Goodie Sr.,Caleb Goodie Sr.,MIZ,WR,WR4+,WR4+,1,,6,TA&M,133.5,WR4+ Recep=138;WR4+ RecY=138;WR4+ TD=124.5
Shaun Terry II,Shaun Terry II,MIZ,WR,WR4+,WR4+,1,,6,TA&M,133.5,WR4+ Recep=138;WR4+ RecY=138;WR4+ TD=124.5
Skyler Locklear,Skyler Locklear,MOST,QB,QB1,QB,1,,6,@WKU,50.0,QB PY=95;QB RY=8;QB P+R=66;P TD=35;QB TD=46
Henry Belin IV,Henry Belin IV,MOST,QB,QB2,QB,1,,6,@WKU,50.0,QB PY=95;QB RY=8;QB P+R=66;P TD=35;QB TD=46
Ramone Green Jr.,Ramone Green Jr.,MOST,RB,RB1,RB1,1,,6,@WKU,50.2,RB1 RY=43;RB1 Recep=116;RB1 RecY=56;RB R+R=2;RB1 TD=34
Breezy Dubar,Breezy Dubar,MOST,RB,RB2,RB2,1,,6,@WKU,7.0,RB2+ RY=4;RB2 Recep=1;RB2 RecY=5;RB R+R=2;RB2 TD=23
Connor Lair,Connor Lair,MOST,RB,RB3,RB2,1,,6,@WKU,7.0,RB2+ RY=4;RB2 Recep=1;RB2 RecY=5;RB R+R=2;RB2 TD=23
Jeron Askren,Jeron Askren,MOST,TE,TE1,TE1,1,,6,@WKU,68.5,TE1 Recep=104;TE1 RecY=80;TE1 TD=21.5
Dillon Hipp,Dillon Hipp,MOST,TE,TE2,TE2,1,,6,@WKU,89.17,TE2 Recep=112.5;TE2 RecY=126;TE2 TD=29
Isaiah Myers,Isaiah Myers,MOST,WR,WR1,WR1,1,,6,@WKU,112.0,WR1 Recep=137;WR1 RecY=127;WR1 TD=72
Mekhi Miller,Mekhi Miller,MOST,WR,WR2,WR2,1,,6,@WKU,94.67,WR2 Recep=111;WR2 RecY=39;WR2 TD=134
Jmariyae Robinson,Jmariyae Robinson,MOST,WR,WR3,WR3,1,,6,@WKU,63.67,WR3 Recep=112;WR3 RecY=71;WR3 TD=8
Isaiah McMorris,Isaiah McMorris,MOST,WR,WR4+,WR4+,1,,6,@WKU,45.83,WR4+ Recep=45.5;WR4+ RecY=85;WR4+ TD=7
Brendon McQueen,Brendon McQueen,MOST,WR,WR4+,WR4+,1,,6,@WKU,45.83,WR4+ Recep=45.5;WR4+ RecY=85;WR4+ TD=7
Carlos Del Rio-Wilson,Carlos Del Rio-Wilson,MRSH,QB,QB1,QB,1,,6,CCU,27.5,QB PY=65;QB RY=5;QB P+R=29;P TD=13;QB TD=25.5
Zion Turner,Zion Turner,MRSH,QB,QB2,QB,1,,6,CCU,27.5,QB PY=65;QB RY=5;QB P+R=29;P TD=13;QB TD=25.5
Jo'Shon Barbie,Jo'Shon Barbie,MRSH,RB,RB1,RB1,1,,6,CCU,31.8,RB1 RY=13;RB1 Recep=28;RB1 RecY=60;RB R+R=22;RB1 TD=36
Judah Price,Judah Price,MRSH,RB,RB2,RB2,1,,6,CCU,73.9,RB2+ RY=31;RB2 Recep=119;RB2 RecY=87;RB R+R=22;RB2 TD=110.5
TJ Lester,TJ Lester,MRSH,RB,RB3,RB2,1,,6,CCU,73.9,RB2+ RY=31;RB2 Recep=119;RB2 RecY=87;RB R+R=22;RB2 TD=110.5
Toby Payne,Toby Payne,MRSH,TE,TE1,TE1,1,,6,CCU,78.67,TE1 Recep=124;TE1 RecY=70;TE1 TD=42
Xayvion Turner-Bradshaw,Xayvion Turner-Bradshaw,MRSH,WR,WR1,WR1,1,,6,CCU,21.0,WR1 Recep=46;WR1 RecY=13;WR1 TD=4
Adrian Norton,Adrian Norton,MRSH,WR,WR2,WR2,1,,6,CCU,61.83,WR2 Recep=68;WR2 RecY=64;WR2 TD=53.5
Christian Hamilton,Christian Hamilton,MRSH,WR,WR3,WR3,1,,6,CCU,65.0,WR3 Recep=68;WR3 RecY=66;WR3 TD=61
Owen Sweeney,Owen Sweeney,MRSH,WR,WR4+,WR4+,1,,6,CCU,86.0,WR4+ Recep=109;WR4+ RecY=108;WR4+ TD=41
Chris Culliver,Chris Culliver,MRSH,WR,WR4+,WR4+,1,,6,CCU,86.0,WR4+ Recep=109;WR4+ RecY=108;WR4+ TD=41
Kamario Taylor,Kamario Taylor,MSST,QB,QB1,QB,1,,6,BYE,,
Parker Puckett,Parker Puckett,MSST,QB,QB2,QB,1,,6,BYE,,
Fluff Bothwell,Fluff Bothwell,MSST,RB,RB1,RB1,1,,6,BYE,,
Kolin Wilson,Kolin Wilson,MSST,RB,RB2,RB2,1,,6,BYE,,
Xavier Gayten,Xavier Gayten,MSST,RB,RB3,RB2,1,,6,BYE,,
Sam West,Sam West,MSST,TE,TE1,TE1,1,,6,BYE,,
Joeseph Skipworth,Joeseph Skipworth,MSST,TE,TE2,TE2,1,,6,BYE,,
Anthony Evans III,Anthony Evans III,MSST,WR,WR1,WR1,1,,6,BYE,,
Marquis Johnson,Marquis Johnson,MSST,WR,WR2,WR2,1,,6,BYE,,
Sanfrisco Magee,Sanfrisco Magee,MSST,WR,WR3,WR3,1,,6,BYE,,
Zion Ragins,Zion Ragins,MSST,WR,WR4+,WR4+,1,,6,BYE,,
Gracen Harris,Gracen Harris,MSST,WR,WR4+,WR4+,1,,6,BYE,,
Alessio Milivojevic,Alessio Milivojevic,MSU,QB,QB1,QB,1,,6,ILL,61.6,QB PY=27;QB RY=107;QB P+R=42;P TD=27;QB TD=105
Cam Fancher,Cam Fancher,MSU,QB,QB2,QB,1,,6,ILL,61.6,QB PY=27;QB RY=107;QB P+R=42;P TD=27;QB TD=105
Jaziun Patterson,Jaziun Patterson,MSU,RB,RB1,RB1,1,,6,ILL,40.6,RB1 RY=62;RB1 Recep=7;RB1 RecY=13;RB R+R=81;RB1 TD=40
Marvis Parrish,Marvis Parrish,MSU,RB,RB2,RB2,1,,6,ILL,83.5,RB2+ RY=100;RB2 Recep=96;RB2 RecY=56;RB R+R=81;RB2 TD=84.5
Cam Edwards,Cam Edwards,MSU,RB,RB3,RB2,1,,6,ILL,83.5,RB2+ RY=100;RB2 Recep=96;RB2 RecY=56;RB R+R=81;RB2 TD=84.5
Jayden Savoury,Jayden Savoury,MSU,TE,TE1,TE1,1,,6,ILL,61.83,TE1 Recep=44.5;TE1 RecY=34;TE1 TD=107
Kai Rios,Kai Rios,MSU,TE,TE2,TE2,1,,6,ILL,68.67,TE2 Recep=32;TE2 RecY=42;TE2 TD=132
Fredrick Moore,Fredrick Moore,MSU,WR,WR1,WR1,1,,6,ILL,15.0,WR1 Recep=16.5;WR1 RecY=20;WR1 TD=8.5
Chrishon McCray,Chrishon McCray,MSU,WR,WR2,WR2,1,,6,ILL,45.5,WR2 Recep=22.5;WR2 RecY=48;WR2 TD=66
Rodney Bullard Jr.,Rodney Bullard Jr.,MSU,WR,WR3,WR3,1,,6,ILL,102.0,WR3 Recep=98;WR3 RecY=86;WR3 TD=122
KK Smith,KK Smith,MSU,WR,WR4+,WR4+,1,,6,ILL,78.0,WR4+ Recep=88;WR4+ RecY=79;WR4+ TD=67
Roman Gagliano,Roman Gagliano,MTSU,QB,QB1,QB,1,,6,BYE,,
Antonio Martin,Antonio Martin,MTSU,RB,RB1,RB1,1,,6,BYE,,
Terrence Brown,Terrence Brown,MTSU,RB,RB2,RB2,1,,6,BYE,,
Brooklen Davis,Brooklen Davis,MTSU,RB,RB3,RB2,1,,6,BYE,,
Cam'ron Lacy,Cam'ron Lacy,MTSU,WR,WR1,WR1,1,,6,BYE,,
Neo Clifton,Neo Clifton,MTSU,WR,WR2,WR2,1,,6,BYE,,
Ziyon Butler,Ziyon Butler,MTSU,WR,WR3,WR3,1,,6,BYE,,
Markus Allen,Markus Allen,MTSU,WR,WR4+,WR4+,1,,6,BYE,,
Koraun Perdue,Koraun Perdue,MTSU,WR,WR4+,WR4+,1,,6,BYE,,
Jackson Gutierrez,Jackson Gutierrez,NAVY,QB,QB1,QB,1,,6,TLSA,24.4,QB PY=3;QB RY=91;QB P+R=4;P TD=7;QB TD=17
Braxton Woodson,Braxton Woodson,NAVY,QB,QB2,QB,1,,6,TLSA,24.4,QB PY=3;QB RY=91;QB P+R=4;P TD=7;QB TD=17
Vic Listorti,Vic Listorti,NAVY,RB,RB1,RB1,1,,6,TLSA,40.6,RB1 RY=41;RB1 Recep=6;RB1 RecY=47;RB R+R=16;RB1 TD=93
Christian Cromer,Christian Cromer,NAVY,RB,RB2,RB2,1,,6,TLSA,26.0,RB2+ RY=29;RB2 Recep=14;RB2 RecY=3;RB R+R=16;RB2 TD=68
Garrison Edwards,Garrison Edwards,NAVY,RB,RB3,RB2,1,,6,TLSA,26.0,RB2+ RY=29;RB2 Recep=14;RB2 RecY=3;RB R+R=16;RB2 TD=68
Jordan Collins,Jordan Collins,NAVY,TE,TE1,TE1,1,,6,TLSA,46.5,TE1 Recep=76;TE1 RecY=14;TE1 TD=49.5
Charles Robinson,Charles Robinson,NAVY,WR,WR1,WR1,1,,6,TLSA,15.33,WR1 Recep=21;WR1 RecY=19;WR1 TD=6
Luke Hutchison,Luke Hutchison,NAVY,WR,WR2,WR2,1,,6,TLSA,23.33,WR2 Recep=13;WR2 RecY=15;WR2 TD=42
Michael Barrow,Michael Barrow,NAVY,WR,WR3,WR3,1,,6,TLSA,47.33,WR3 Recep=50;WR3 RecY=40;WR3 TD=52
Truman Brasfield,Truman Brasfield,NAVY,WR,WR4+,WR4+,1,,6,TLSA,26.67,WR4+ Recep=17;WR4+ RecY=31;WR4+ TD=32
Isaiah Bryant,Isaiah Bryant,NAVY,WR,WR4+,WR4+,1,,6,TLSA,26.67,WR4+ Recep=17;WR4+ RecY=31;WR4+ TD=32
CJ Bailey,CJ Bailey,NCSU,QB,QB1,QB,1,,6,WAKE,63.3,QB PY=23;QB RY=123;QB P+R=47;P TD=69;QB TD=54.5
Will Wilson,Will Wilson,NCSU,QB,QB2,QB,1,,6,WAKE,63.3,QB PY=23;QB RY=123;QB P+R=47;P TD=69;QB TD=54.5
Davion Gause,Davion Gause,NCSU,RB,RB1,RB1,1,,6,WAKE,43.6,RB1 RY=76;RB1 Recep=2;RB1 RecY=18;RB R+R=76;RB1 TD=46
Jayden Scott,Jayden Scott,NCSU,RB,RB2,RB2,1,,6,WAKE,75.2,RB2+ RY=83;RB2 Recep=32;RB2 RecY=62;RB R+R=76;RB2 TD=123
Team,Team,NCSU,RB,RB3,RB2,1,,6,WAKE,75.2,RB2+ RY=83;RB2 Recep=32;RB2 RecY=62;RB R+R=76;RB2 TD=123
Preston Douglas,Preston Douglas,NCSU,TE,TE1,TE1,1,,6,WAKE,4.33,TE1 Recep=4;TE1 RecY=8;TE1 TD=1
Hunter Provience,Hunter Provience,NCSU,TE,TE2,TE2,1,,6,WAKE,108.0,TE2 Recep=92;TE2 RecY=100;TE2 TD=132
Keenan Jackson,Keenan Jackson,NCSU,WR,WR1,WR1,1,,6,WAKE,70.83,WR1 Recep=19;WR1 RecY=69;WR1 TD=124.5
Joshisa Trader,Joshisa Trader,NCSU,WR,WR2,WR2,1,,6,WAKE,66.33,WR2 Recep=3;WR2 RecY=73;WR2 TD=123
Victor Snow,Victor Snow,NCSU,WR,WR3,WR3,1,,6,WAKE,35.17,WR3 Recep=1;WR3 RecY=5;WR3 TD=99.5
Tyran Warren,Tyran Warren,NCSU,WR,WR4+,WR4+,1,,6,WAKE,19.67,WR4+ Recep=10;WR4+ RecY=45;WR4+ TD=4
Chance Robinson,Chance Robinson,NCSU,WR,WR4+,WR4+,1,,6,WAKE,19.67,WR4+ Recep=10;WR4+ RecY=45;WR4+ TD=4
CJ Carr,CJ Carr,ND,QB,QB1,QB,1,,6,STAN,23.7,QB PY=1;QB RY=87;QB P+R=1;P TD=4;QB TD=25.5
Noah Grubbs,Noah Grubbs,ND,QB,QB2,QB,1,,6,STAN,23.7,QB PY=1;QB RY=87;QB P+R=1;P TD=4;QB TD=25.5
Jonaz Walton,Jonaz Walton,ND,RB,RB1,RB1,1,,6,STAN,53.8,RB1 RY=61;RB1 Recep=40;RB1 RecY=81;RB R+R=59;RB1 TD=28
Nolan James Jr.,Nolan James Jr.,ND,RB,RB2,RB2,1,,6,STAN,43.5,RB2+ RY=69;RB2 Recep=59.5;RB2 RecY=24;RB R+R=59;RB2 TD=6
Aneyas Williams,Aneyas Williams,ND,RB,RB3,RB2,1,,6,STAN,43.5,RB2+ RY=69;RB2 Recep=59.5;RB2 RecY=24;RB R+R=59;RB2 TD=6
Cooper Flanagan,Cooper Flanagan,ND,TE,TE1,TE1,1,,6,STAN,52.17,TE1 Recep=22.5;TE1 RecY=22;TE1 TD=112
Ty Washington,Ty Washington,ND,TE,TE2,TE2,1,,6,STAN,36.0,TE2 Recep=26;TE2 RecY=59.5;TE2 TD=22.5
Jordan Faison,Jordan Faison,ND,WR,WR1,WR1,1,,6,STAN,11.33,WR1 Recep=5;WR1 RecY=10;WR1 TD=19
Micah Gilbert,Micah Gilbert,ND,WR,WR2,WR2,1,,6,STAN,9.33,WR2 Recep=6;WR2 RecY=3;WR2 TD=19
Jaden Greathouse,Jaden Greathouse,ND,WR,WR3,WR3,1,,6,STAN,21.33,WR3 Recep=12;WR3 RecY=7;WR3 TD=45
Jerome Bettis Jr.,Jerome Bettis Jr.,ND,WR,WR4+,WR4+,1,,6,STAN,4.67,WR4+ Recep=6;WR4+ RecY=6;WR4+ TD=2
Matt Jeffery,Matt Jeffery,ND,WR,WR4+,WR4+,1,,6,STAN,4.67,WR4+ Recep=6;WR4+ RecY=6;WR4+ TD=2
Nathan Hayes,Nathan Hayes,NDSU,QB,QB1,QB,1,,6,@UNLV,57.6,QB PY=16;QB RY=96;QB P+R=27;P TD=60;QB TD=89
Preston Brown,Preston Brown,NDSU,QB,QB2,QB,1,,6,@UNLV,57.6,QB PY=16;QB RY=96;QB P+R=27;P TD=60;QB TD=89
DJ Scott,DJ Scott,NDSU,RB,RB1,RB1,1,,6,@UNLV,21.2,RB1 RY=21;RB1 Recep=17;RB1 RecY=9;RB R+R=45;RB1 TD=14
Myles Mitchell,Myles Mitchell,NDSU,RB,RB2,RB2,1,,6,@UNLV,64.4,RB2+ RY=108;RB2 Recep=18;RB2 RecY=46;RB R+R=45;RB2 TD=105
Nyeoti Punni,Nyeoti Punni,NDSU,RB,RB3,RB2,1,,6,@UNLV,64.4,RB2+ RY=108;RB2 Recep=18;RB2 RecY=46;RB R+R=45;RB2 TD=105
Reis Kessel,Reis Kessel,NDSU,TE,TE1,TE1,1,,6,@UNLV,63.33,TE1 Recep=59;TE1 RecY=54;TE1 TD=77
Luke Kokat,Luke Kokat,NDSU,TE,TE2,TE2,1,,6,@UNLV,19.0,TE2 Recep=52;TE2 RecY=1;TE2 TD=4
Jackson Williams,Jackson Williams,NDSU,WR,WR1,WR1,1,,6,@UNLV,96.0,WR1 Recep=72;WR1 RecY=82;WR1 TD=134
Mekhi Collins,Mekhi Collins,NDSU,WR,WR2,WR2,1,,6,@UNLV,69.83,WR2 Recep=69;WR2 RecY=80;WR2 TD=60.5
Logan Conklin,Logan Conklin,NDSU,WR,WR3,WR3,1,,6,@UNLV,82.67,WR3 Recep=58;WR3 RecY=82;WR3 TD=108
Jeremiah Patterson,Jeremiah Patterson,NDSU,WR,WR4+,WR4+,1,,6,@UNLV,14.33,WR4+ Recep=18;WR4+ RecY=8;WR4+ TD=17
Isiah St. Romain,Isiah St. Romain,NDSU,WR,WR4+,WR4+,1,,6,@UNLV,14.33,WR4+ Recep=18;WR4+ RecY=8;WR4+ TD=17
Anthony Colandrea,Anthony Colandrea,NEB,QB,QB1,QB,1,,6,IU,132.4,QB PY=129;QB RY=136;QB P+R=136;P TD=136;QB TD=125
TJ Lateef,TJ Lateef,NEB,QB,QB2,QB,1,,6,IU,132.4,QB PY=129;QB RY=136;QB P+R=136;P TD=136;QB TD=125
Mekhi Nelson,Mekhi Nelson,NEB,RB,RB1,RB1,1,,6,IU,97.2,RB1 RY=136;RB1 Recep=15;RB1 RecY=71;RB R+R=136;RB1 TD=128
Isaiah Mozee,Isaiah Mozee,NEB,RB,RB2,RB2,1,,6,IU,112.2,RB2+ RY=135;RB2 Recep=44;RB2 RecY=119;RB R+R=136;RB2 TD=127
Jamal Rule,Jamal Rule,NEB,RB,RB3,RB2,1,,6,IU,112.2,RB2+ RY=135;RB2 Recep=44;RB2 RecY=119;RB R+R=136;RB2 TD=127
Luke Lindenmeyer,Luke Lindenmeyer,NEB,TE,TE1,TE1,1,,6,IU,59.33,TE1 Recep=20;TE1 RecY=28;TE1 TD=130
Carter Nelson,Carter Nelson,NEB,TE,TE2,TE2,1,,6,IU,34.33,TE2 Recep=9;TE2 RecY=6;TE2 TD=88
Kwazi Gilmer,Kwazi Gilmer,NEB,WR,WR1,WR1,1,,6,IU,111.33,WR1 Recep=108;WR1 RecY=129;WR1 TD=97
Nyziah Hunter,Nyziah Hunter,NEB,WR,WR2,WR2,1,,6,IU,129.33,WR2 Recep=125;WR2 RecY=128;WR2 TD=135
Jacory Barney Jr.,Jacory Barney Jr.,NEB,WR,WR3,WR3,1,,6,IU,88.33,WR3 Recep=110;WR3 RecY=73;WR3 TD=82
Janiran Bonner,Janiran Bonner,NEB,WR,WR4+,WR4+,1,,6,IU,128.67,WR4+ Recep=120;WR4+ RecY=132;WR4+ TD=134
Quinn Clark,Quinn Clark,NEB,WR,WR4+,WR4+,1,,6,IU,128.67,WR4+ Recep=120;WR4+ RecY=132;WR4+ TD=134
Carter Jones,Carter Jones,NEV,QB,QB1,QB,1,,6,@UTEP,59.8,QB PY=51;QB RY=90;QB P+R=64;P TD=6;QB TD=88
AJ Bianco,AJ Bianco,NEV,QB,QB2,QB,1,,6,@UTEP,59.8,QB PY=51;QB RY=90;QB P+R=64;P TD=6;QB TD=88
Dominic Kelley,Dominic Kelley,NEV,RB,RB1,RB1,1,,6,@UTEP,54.8,RB1 RY=66;RB1 Recep=89;RB1 RecY=70;RB R+R=23;RB1 TD=26
Herschel Turner,Herschel Turner,NEV,RB,RB2,RB2,1,,6,@UTEP,48.0,RB2+ RY=10;RB2 Recep=109;RB2 RecY=58;RB R+R=23;RB2 TD=40
Ky Woods,Ky Woods,NEV,RB,RB3,RB2,1,,6,@UTEP,48.0,RB2+ RY=10;RB2 Recep=109;RB2 RecY=58;RB R+R=23;RB2 TD=40
DJ Asiasi,DJ Asiasi,NEV,TE,TE1,TE1,1,,6,@UTEP,58.17,TE1 Recep=89;TE1 RecY=47;TE1 TD=38.5
Trace Estes,Trace Estes,NEV,TE,TE2,TE2,1,,6,@UTEP,55.83,TE2 Recep=39;TE2 RecY=57;TE2 TD=71.5
Damien Morgan,Damien Morgan,NEV,WR,WR1,WR1,1,,6,@UTEP,52.0,WR1 Recep=82;WR1 RecY=71;WR1 TD=3
Gary Givens III,Gary Givens III,NEV,WR,WR2,WR2,1,,6,@UTEP,37.0,WR2 Recep=75;WR2 RecY=24;WR2 TD=12
Donnie Cheers,Donnie Cheers,NEV,WR,WR3,WR3,1,,6,@UTEP,59.0,WR3 Recep=79;WR3 RecY=58;WR3 TD=40
Marshaun Brown,Marshaun Brown,NEV,WR,WR4+,WR4+,1,,6,@UTEP,31.67,WR4+ Recep=35;WR4+ RecY=48;WR4+ TD=12
Jaceon Doss,Jaceon Doss,NEV,WR,WR4+,WR4+,1,,6,@UTEP,31.67,WR4+ Recep=35;WR4+ RecY=48;WR4+ TD=12
Taron Dickens,Taron Dickens,NIU,QB,QB1,QB,1,,6,AF,89.9,QB PY=109;QB RY=73;QB P+R=114;P TD=124;QB TD=29.5
Brady Davidson,Brady Davidson,NIU,QB,QB2,QB,1,,6,AF,89.9,QB PY=109;QB RY=73;QB P+R=114;P TD=124;QB TD=29.5
Telly Johnson Jr.,Telly Johnson Jr.,NIU,RB,RB1,RB1,1,,6,AF,81.1,RB1 RY=110;RB1 Recep=79;RB1 RecY=33;RB R+R=92;RB1 TD=91.5
Elijah Porter,Elijah Porter,NIU,RB,RB2,RB2,1,,6,AF,56.1,RB2+ RY=68;RB2 Recep=61.5;RB2 RecY=39;RB R+R=92;RB2 TD=20
Jaiduan Cranford,Jaiduan Cranford,NIU,RB,RB3,RB2,1,,6,AF,56.1,RB2+ RY=68;RB2 Recep=61.5;RB2 RecY=39;RB R+R=92;RB2 TD=20
Jason Fowler,Jason Fowler,NIU,TE,TE1,TE1,1,,6,AF,127.83,TE1 Recep=131.5;TE1 RecY=130;TE1 TD=122
Liam Russo,Liam Russo,NIU,TE,TE2,TE2,1,,6,AF,111.5,TE2 Recep=136;TE2 RecY=127;TE2 TD=71.5
DeAree Rogers,DeAree Rogers,NIU,WR,WR1,WR1,1,,6,AF,123.0,WR1 Recep=128;WR1 RecY=125;WR1 TD=116
La'Don Bryant,La'Don Bryant,NIU,WR,WR2,WR2,1,,6,AF,101.0,WR2 Recep=133;WR2 RecY=95;WR2 TD=75
Cam Thompson,Cam Thompson,NIU,WR,WR3,WR3,1,,6,AF,76.83,WR3 Recep=127;WR3 RecY=53;WR3 TD=50.5
George Dimopoulos,George Dimopoulos,NIU,WR,WR4+,WR4+,1,,6,AF,69.67,WR4+ Recep=97;WR4+ RecY=63;WR4+ TD=49
Rickey Taylor Jr.,Rickey Taylor Jr.,NIU,WR,WR4+,WR4+,1,,6,AF,69.67,WR4+ Recep=97;WR4+ RecY=63;WR4+ TD=49
Adam Damante,Adam Damante,NMSU,QB,QB1,QB,1,,6,@FIU,124.6,QB PY=117;QB RY=124;QB P+R=127;P TD=124;QB TD=131
Trey Hedden,Trey Hedden,NMSU,QB,QB2,QB,1,,6,@FIU,124.6,QB PY=117;QB RY=124;QB P+R=127;P TD=124;QB TD=131
James Jones,James Jones,NMSU,RB,RB1,RB1,1,,6,@FIU,89.6,RB1 RY=92;RB1 Recep=82;RB1 RecY=88;RB R+R=90;RB1 TD=96
TJ Washington Jr.,TJ Washington Jr.,NMSU,RB,RB2,RB2,1,,6,@FIU,58.4,RB2+ RY=59;RB2 Recep=38;RB2 RecY=74;RB R+R=90;RB2 TD=31
Jalen Brown,Jalen Brown,NMSU,RB,RB3,RB2,1,,6,@FIU,58.4,RB2+ RY=59;RB2 Recep=38;RB2 RecY=74;RB R+R=90;RB2 TD=31
Josiah Thomas,Josiah Thomas,NMSU,TE,TE1,TE1,1,,6,@FIU,110.0,TE1 Recep=122;TE1 RecY=122;TE1 TD=86
Jerry Lydiatt,Jerry Lydiatt,NMSU,TE,TE2,TE2,1,,6,@FIU,75.67,TE2 Recep=78;TE2 RecY=52;TE2 TD=97
TK King,TK King,NMSU,WR,WR1,WR1,1,,6,@FIU,61.0,WR1 Recep=36;WR1 RecY=58;WR1 TD=89
Myles Libman,Myles Libman,NMSU,WR,WR2,WR2,1,,6,@FIU,74.5,WR2 Recep=27;WR2 RecY=86;WR2 TD=110.5
Lyndon Ravare,Lyndon Ravare,NMSU,WR,WR3,WR3,1,,6,@FIU,110.67,WR3 Recep=103;WR3 RecY=126;WR3 TD=103
AJ Williams III,AJ Williams III,NMSU,WR,WR4+,WR4+,1,,6,@FIU,98.83,WR4+ Recep=93;WR4+ RecY=104;WR4+ TD=99.5
Brodie Malone-Bradford,Brodie Malone-Bradford,NMSU,WR,WR4+,WR4+,1,,6,@FIU,98.83,WR4+ Recep=93;WR4+ RecY=104;WR4+ TD=99.5
Aidan Chiles,Aidan Chiles,NU,QB,QB1,QB,1,,6,BALL,20.4,QB PY=11;QB RY=44;QB P+R=9;P TD=2;QB TD=36
Nicco Marchiol,Nicco Marchiol,NU,QB,QB2,QB,1,,6,BALL,20.4,QB PY=11;QB RY=44;QB P+R=9;P TD=2;QB TD=36
Caleb Komolafe,Caleb Komolafe,NU,RB,RB1,RB1,1,,6,BALL,70.6,RB1 RY=31;RB1 Recep=132;RB1 RecY=120;RB R+R=5;RB1 TD=65
Gavin Sawchuk,Gavin Sawchuk,NU,RB,RB2,RB2,1,,6,BALL,15.0,RB2+ RY=3;RB2 Recep=35;RB2 RecY=31;RB R+R=5;RB2 TD=1
Joseph Himon II,Joseph Himon II,NU,RB,RB3,RB2,1,,6,BALL,15.0,RB2+ RY=3;RB2 Recep=35;RB2 RecY=31;RB R+R=5;RB2 TD=1
Luke Dehnicke,Luke Dehnicke,NU,TE,TE1,TE1,1,,6,BALL,79.0,TE1 Recep=93;TE1 RecY=59;TE1 TD=85
Alex Honig,Alex Honig,NU,TE,TE2,TE2,1,,6,BALL,43.67,TE2 Recep=34;TE2 RecY=25.5;TE2 TD=71.5
Griffin Wilde,Griffin Wilde,NU,WR,WR1,WR1,1,,6,BALL,5.0,WR1 Recep=10;WR1 RecY=4;WR1 TD=1
Drew Wagner,Drew Wagner,NU,WR,WR2,WR2,1,,6,BALL,15.33,WR2 Recep=19;WR2 RecY=25;WR2 TD=2
Ricky Ahumaraeze,Ricky Ahumaraeze,NU,WR,WR3,WR3,1,,6,BALL,49.33,WR3 Recep=39;WR3 RecY=43;WR3 TD=66
Ryan Huff,Ryan Huff,ODU,QB,QB1,QB,1,,6,@APP,44.3,QB PY=30;QB RY=56;QB P+R=32;P TD=70.5;QB TD=33
Quinn Henicle,Quinn Henicle,ODU,QB,QB2,QB,1,,6,@APP,44.3,QB PY=30;QB RY=56;QB P+R=32;P TD=70.5;QB TD=33
Devin Roche,Devin Roche,ODU,RB,RB1,RB1,1,,6,@APP,48.0,RB1 RY=26;RB1 Recep=57;RB1 RecY=85;RB R+R=49;RB1 TD=23
Maurki James,Maurki James,ODU,RB,RB2,RB2,1,,6,@APP,55.7,RB2+ RY=85;RB2 Recep=31;RB2 RecY=34;RB R+R=49;RB2 TD=79.5
Trey Hall,Trey Hall,ODU,RB,RB3,RB2,1,,6,@APP,55.7,RB2+ RY=85;RB2 Recep=31;RB2 RecY=34;RB R+R=49;RB2 TD=79.5
Leon Haughton Jr.,Leon Haughton Jr.,ODU,TE,TE1,TE1,1,,6,@APP,88.83,TE1 Recep=69.5;TE1 RecY=101;TE1 TD=96
Chris Warren,Chris Warren,ODU,TE,TE2,TE2,1,,6,@APP,69.5,TE2 Recep=66.5;TE2 RecY=33;TE2 TD=109
Josh Rodriguez,Josh Rodriguez,ODU,WR,WR1,WR1,1,,6,@APP,46.67,WR1 Recep=20;WR1 RecY=34;WR1 TD=86
TJ Johnson,TJ Johnson,ODU,WR,WR2,WR2,1,,6,@APP,83.67,WR2 Recep=39;WR2 RecY=108;WR2 TD=104
Kendall Harris,Kendall Harris,ODU,WR,WR3,WR3,1,,6,@APP,47.67,WR3 Recep=17;WR3 RecY=37;WR3 TD=89
JJ Harrell,JJ Harrell,ODU,WR,WR4+,WR4+,1,,6,@APP,16.33,WR4+ Recep=34;WR4+ RecY=12;WR4+ TD=3
Zialis Blackmon,Zialis Blackmon,ODU,WR,WR4+,WR4+,1,,6,@APP,16.33,WR4+ Recep=34;WR4+ RecY=12;WR4+ TD=3
Matt Vezza,Matt Vezza,OHIO,QB,QB1,QB,1,,6,CMU,66.6,QB PY=93;QB RY=42;QB P+R=79;P TD=100;QB TD=19
Levi Davis,Levi Davis,OHIO,QB,QB2,QB,1,,6,CMU,66.6,QB PY=93;QB RY=42;QB P+R=79;P TD=100;QB TD=19
Victor Rosa,Victor Rosa,OHIO,RB,RB1,RB1,1,,6,CMU,61.3,RB1 RY=71;RB1 Recep=64;RB1 RecY=32;RB R+R=55;RB1 TD=84.5
Duncan Brune,Duncan Brune,OHIO,RB,RB2,RB2,1,,6,CMU,77.2,RB2+ RY=37;RB2 Recep=110;RB2 RecY=128;RB R+R=55;RB2 TD=56
Mike Taylor Jr.,Mike Taylor Jr.,OHIO,RB,RB3,RB2,1,,6,CMU,77.2,RB2+ RY=37;RB2 Recep=110;RB2 RecY=128;RB R+R=55;RB2 TD=56
Jake Furtney,Jake Furtney,OHIO,TE,TE1,TE1,1,,6,CMU,76.33,TE1 Recep=40;TE1 RecY=89;TE1 TD=100
Riley Palmeter,Riley Palmeter,OHIO,TE,TE2,TE2,1,,6,CMU,29.17,TE2 Recep=23;TE2 RecY=4;TE2 TD=60.5
Riley Neer,Riley Neer,OHIO,WR,WR1,WR1,1,,6,CMU,105.83,WR1 Recep=121.5;WR1 RecY=109;WR1 TD=87
Dom Dorwart,Dom Dorwart,OHIO,WR,WR2,WR2,1,,6,CMU,82.5,WR2 Recep=106;WR2 RecY=92;WR2 TD=49.5
Preston Bowman,Preston Bowman,OHIO,WR,WR3,WR3,1,,6,CMU,74.33,WR3 Recep=90;WR3 RecY=77;WR3 TD=56
Zach Hackleman,Zach Hackleman,OHIO,WR,WR4+,WR4+,1,,6,CMU,62.83,WR4+ Recep=58;WR4+ RecY=66;WR4+ TD=64.5
Drew Mestemaker,Drew Mestemaker,OKST,QB,QB1,QB,1,,6,UCF,89.7,QB PY=74;QB RY=94;QB P+R=84;P TD=129;QB TD=67.5
Broderick Vehrs,Broderick Vehrs,OKST,QB,QB2,QB,1,,6,UCF,89.7,QB PY=74;QB RY=94;QB P+R=84;P TD=129;QB TD=67.5
Caleb Hawkins,Caleb Hawkins,OKST,RB,RB1,RB1,1,,6,UCF,67.8,RB1 RY=115;RB1 Recep=11;RB1 RecY=46;RB R+R=89;RB1 TD=78
Ayo Adeyi,Ayo Adeyi,OKST,RB,RB2,RB2,1,,6,UCF,62.2,RB2+ RY=66;RB2 Recep=28;RB2 RecY=15;RB R+R=89;RB2 TD=113
Team,Team,OKST,RB,RB3,RB2,1,,6,UCF,62.2,RB2+ RY=66;RB2 Recep=28;RB2 RecY=15;RB R+R=89;RB2 TD=113
Carson Kolb,Carson Kolb,OKST,TE,TE1,TE1,1,,6,UCF,49.33,TE1 Recep=9;TE1 RecY=19;TE1 TD=120
Morgan McPhaul,Morgan McPhaul,OKST,TE,TE2,TE2,1,,6,UCF,62.17,TE2 Recep=60;TE2 RecY=55;TE2 TD=71.5
Justin Bowick,Justin Bowick,OKST,WR,WR1,WR1,1,,6,UCF,115.0,WR1 Recep=106;WR1 RecY=119;WR1 TD=120
Wyatt Young,Wyatt Young,OKST,WR,WR2,WR2,1,,6,UCF,47.33,WR2 Recep=55;WR2 RecY=49;WR2 TD=38
Terrence Lewis,Terrence Lewis,OKST,WR,WR3,WR3,1,,6,UCF,97.67,WR3 Recep=114;WR3 RecY=134;WR3 TD=45
Miles Coleman,Miles Coleman,OKST,WR,WR4+,WR4+,1,,6,UCF,68.33,WR4+ Recep=52;WR4+ RecY=44;WR4+ TD=109
Chris Barnes,Chris Barnes,OKST,WR,WR4+,WR4+,1,,6,UCF,68.33,WR4+ Recep=52;WR4+ RecY=44;WR4+ TD=109
Dante Moore,Dante Moore,ORE,QB,QB1,QB,1,,6,UCLA,88.8,QB PY=58;QB RY=131;QB P+R=90;P TD=37;QB TD=128
Dylan Raiola,Dylan Raiola,ORE,QB,QB2,QB,1,,6,UCLA,88.8,QB PY=58;QB RY=131;QB P+R=90;P TD=37;QB TD=128
Dierre Hill Jr.,Dierre Hill Jr.,ORE,RB,RB1,RB1,1,,6,UCLA,37.4,RB1 RY=54;RB1 Recep=27;RB1 RecY=24;RB R+R=69;RB1 TD=13
Jordon Davison,Jordon Davison,ORE,RB,RB2,RB2,1,,6,UCLA,65.7,RB2+ RY=114;RB2 Recep=33.5;RB2 RecY=13;RB R+R=69;RB2 TD=99
Brandon Smith,Brandon Smith,ORE,RB,RB3,RB2,1,,6,UCLA,65.7,RB2+ RY=114;RB2 Recep=33.5;RB2 RecY=13;RB R+R=69;RB2 TD=99
Jamari Johnson,Jamari Johnson,ORE,TE,TE1,TE1,1,,6,UCLA,20.83,TE1 Recep=42.5;TE1 RecY=18;TE1 TD=2
Kendre Harrison,Kendre Harrison,ORE,TE,TE2,TE2,1,,6,UCLA,58.0,TE2 Recep=41.5;TE2 RecY=75;TE2 TD=57.5
Evan Stewart,Evan Stewart,ORE,WR,WR1,WR1,1,,6,UCLA,64.83,WR1 Recep=40;WR1 RecY=61;WR1 TD=93.5
Messiah Hampton,Messiah Hampton,ORE,WR,WR2,WR2,1,,6,UCLA,42.33,WR2 Recep=58;WR2 RecY=33;WR2 TD=36
Dakorien Moore,Dakorien Moore,ORE,WR,WR3,WR3,1,,6,UCLA,86.5,WR3 Recep=72;WR3 RecY=76;WR3 TD=111.5
Gatlin Bair,Gatlin Bair,ORE,WR,WR4+,WR4+,1,,6,UCLA,105.83,WR4+ Recep=129;WR4+ RecY=130;WR4+ TD=58.5
Hudson Lewis,Hudson Lewis,ORE,WR,WR4+,WR4+,1,,6,UCLA,105.83,WR4+ Recep=129;WR4+ RecY=130;WR4+ TD=58.5
Braden Atkinson,Braden Atkinson,ORST,QB,QB1,QB,1,,6,SDSU,53.4,QB PY=49;QB RY=49;QB P+R=48;P TD=45;QB TD=76
Maalik Murphy,Maalik Murphy,ORST,QB,QB2,QB,1,,6,SDSU,53.4,QB PY=49;QB RY=49;QB P+R=48;P TD=45;QB TD=76
AJ Newberry,AJ Newberry,ORST,RB,RB1,RB1,1,,6,SDSU,67.1,RB1 RY=22;RB1 Recep=117.5;RB1 RecY=121;RB R+R=30;RB1 TD=45
Cornell Hatcher Jr.,Cornell Hatcher Jr.,ORST,RB,RB2,RB2,1,,6,SDSU,54.5,RB2+ RY=26;RB2 Recep=88.5;RB2 RecY=53;RB R+R=30;RB2 TD=75
Tre Garrison,Tre Garrison,ORST,RB,RB3,RB2,1,,6,SDSU,54.5,RB2+ RY=26;RB2 Recep=88.5;RB2 RecY=53;RB R+R=30;RB2 TD=75
Eric Olsen,Eric Olsen,ORST,TE,TE1,TE1,1,,6,SDSU,44.0,TE1 Recep=84;TE1 RecY=43;TE1 TD=5
DeCorion Temple,DeCorion Temple,ORST,TE,TE2,TE2,1,,6,SDSU,92.17,TE2 Recep=90;TE2 RecY=115;TE2 TD=71.5
Jesse Legree,Jesse Legree,ORST,WR,WR1,WR1,1,,6,SDSU,77.33,WR1 Recep=42;WR1 RecY=79;WR1 TD=111
Aaron Butler,Aaron Butler,ORST,WR,WR2,WR2,1,,6,SDSU,1.67,WR2 Recep=1;WR2 RecY=1;WR2 TD=3
Aeryn Hampton,Aeryn Hampton,ORST,WR,WR3,WR3,1,,6,SDSU,130.83,WR3 Recep=125;WR3 RecY=133;WR3 TD=134.5
Cynai Thomas,Cynai Thomas,ORST,WR,WR4+,WR4+,1,,6,SDSU,67.83,WR4+ Recep=54;WR4+ RecY=50;WR4+ TD=99.5
Jameson Powell,Jameson Powell,ORST,WR,WR4+,WR4+,1,,6,SDSU,67.83,WR4+ Recep=54;WR4+ RecY=50;WR4+ TD=99.5
Julian Sayin,Julian Sayin,OSU,QB,QB1,QB,1,,6,MD,69.8,QB PY=57;QB RY=86;QB P+R=68;P TD=14;QB TD=124
Luke Fahey,Luke Fahey,OSU,QB,QB2,QB,1,,6,MD,69.8,QB PY=57;QB RY=86;QB P+R=68;P TD=14;QB TD=124
Bo Jackson,Bo Jackson,OSU,RB,RB1,RB1,1,,6,MD,49.2,RB1 RY=77;RB1 Recep=23;RB1 RecY=40;RB R+R=40;RB1 TD=66
Ja'Kobi Jackson,Ja'Kobi Jackson,OSU,RB,RB2,RB2,1,,6,MD,36.6,RB2+ RY=39;RB2 Recep=51;RB2 RecY=36;RB R+R=40;RB2 TD=17
Isaiah West,Isaiah West,OSU,RB,RB3,RB2,1,,6,MD,36.6,RB2+ RY=39;RB2 Recep=51;RB2 RecY=36;RB R+R=40;RB2 TD=17
Nate Roberts,Nate Roberts,OSU,TE,TE1,TE1,1,,6,MD,18.0,TE1 Recep=5;TE1 RecY=26;TE1 TD=23
Maxence LeBlanc,Maxence LeBlanc,OSU,TE,TE2,TE2,1,,6,MD,24.67,TE2 Recep=8;TE2 RecY=32;TE2 TD=34
Jeremiah Smith,Jeremiah Smith,OSU,WR,WR1,WR1,1,,6,MD,48.67,WR1 Recep=51;WR1 RecY=59;WR1 TD=36
Devin McCuin,Devin McCuin,OSU,WR,WR2,WR2,1,,6,MD,59.0,WR2 Recep=104;WR2 RecY=65;WR2 TD=8
Brandon Inniss,Brandon Inniss,OSU,WR,WR3,WR3,1,,6,MD,66.67,WR3 Recep=102;WR3 RecY=67;WR3 TD=31
Brock Boyd,Brock Boyd,OSU,WR,WR4+,WR4+,1,,6,MD,117.33,WR4+ Recep=119;WR4+ RecY=124;WR4+ TD=109
Phillip Bell,Phillip Bell,OSU,WR,WR4+,WR4+,1,,6,MD,117.33,WR4+ Recep=119;WR4+ RecY=124;WR4+ TD=109
John Mateer,John Mateer,OU,QB,QB1,QB,1,,6,TEX,126.4,QB PY=115;QB RY=122;QB P+R=126;P TD=135;QB TD=134
Lloyd Avant,Lloyd Avant,OU,RB,RB1,RB1,1,,6,TEX,80.0,RB1 RY=118;RB1 Recep=12;RB1 RecY=34;RB R+R=109;RB1 TD=127
Jonathan Hatton Jr.,Jonathan Hatton Jr.,OU,RB,RB2,RB2,1,,6,TEX,74.9,RB2+ RY=103;RB2 Recep=26.5;RB2 RecY=45;RB R+R=109;RB2 TD=91
Tory Blaylock,Tory Blaylock,OU,RB,RB3,RB2,1,,6,TEX,74.9,RB2+ RY=103;RB2 Recep=26.5;RB2 RecY=45;RB R+R=109;RB2 TD=91
Rocky Beers,Rocky Beers,OU,TE,TE1,TE1,1,,6,TEX,77.67,TE1 Recep=61;TE1 RecY=63;TE1 TD=109
Hayden Hansen,Hayden Hansen,OU,TE,TE2,TE2,1,,6,TEX,50.0,TE2 Recep=30;TE2 RecY=16;TE2 TD=104
Isaiah Sategna III,Isaiah Sategna III,OU,WR,WR1,WR1,1,,6,TEX,104.5,WR1 Recep=71;WR1 RecY=113;WR1 TD=129.5
Mackenzie Alleyne,Mackenzie Alleyne,OU,WR,WR2,WR2,1,,6,TEX,101.17,WR2 Recep=97.5;WR2 RecY=123;WR2 TD=83
Parker Livingstone,Parker Livingstone,OU,WR,WR3,WR3,1,,6,TEX,114.0,WR3 Recep=106;WR3 RecY=103;WR3 TD=133
Elijah Thomas,Elijah Thomas,OU,WR,WR4+,WR4+,1,,6,TEX,100.5,WR4+ Recep=85;WR4+ RecY=121;WR4+ TD=95.5
Trell Harris,Trell Harris,OU,WR,WR4+,WR4+,1,,6,TEX,100.5,WR4+ Recep=85;WR4+ RecY=121;WR4+ TD=95.5
Mason Heintschel,Mason Heintschel,PITT,QB,QB1,QB,1,,6,UNC,94.8,QB PY=82;QB RY=127;QB P+R=104;P TD=86;QB TD=75
Holden Geriner,Holden Geriner,PITT,QB,QB2,QB,1,,6,UNC,94.8,QB PY=82;QB RY=127;QB P+R=104;P TD=86;QB TD=75
Ja'Kyrian Turner,Ja'Kyrian Turner,PITT,RB,RB1,RB1,1,,6,UNC,33.8,RB1 RY=25;RB1 Recep=9;RB1 RecY=16;RB R+R=29;RB1 TD=90
Damon Ferguson Jr.,Damon Ferguson Jr.,PITT,RB,RB2,RB2,1,,6,UNC,46.8,RB2+ RY=53;RB2 Recep=45;RB2 RecY=42;RB R+R=29;RB2 TD=65
La'Vell Wright,La'Vell Wright,PITT,RB,RB3,RB2,1,,6,UNC,46.8,RB2+ RY=53;RB2 Recep=45;RB2 RecY=42;RB R+R=29;RB2 TD=65
Carson Kent,Carson Kent,PITT,TE,TE1,TE1,1,,6,UNC,66.5,TE1 Recep=46;TE1 RecY=56;TE1 TD=97.5
Elijah Lagg,Elijah Lagg,PITT,TE,TE2,TE2,1,,6,UNC,22.5,TE2 Recep=48.5;TE2 RecY=9;TE2 TD=10
Censere Lee,Censere Lee,PITT,WR,WR1,WR1,1,,6,UNC,42.17,WR1 Recep=6;WR1 RecY=51;WR1 TD=69.5
Bryce Yates,Bryce Yates,PITT,WR,WR2,WR2,1,,6,UNC,98.5,WR2 Recep=89;WR2 RecY=75;WR2 TD=131.5
Cataurus Hicks,Cataurus Hicks,PITT,WR,WR3,WR3,1,,6,UNC,83.5,WR3 Recep=109;WR3 RecY=124;WR3 TD=17.5
Tyreek Robinson,Tyreek Robinson,PITT,WR,WR4+,WR4+,1,,6,UNC,118.33,WR4+ Recep=118;WR4+ RecY=125;WR4+ TD=112
Demetrice McCray,Demetrice McCray,PITT,WR,WR4+,WR4+,1,,6,UNC,118.33,WR4+ Recep=118;WR4+ RecY=125;WR4+ TD=112
Rocco Becht,Rocco Becht,PSU,QB,QB1,QB,1,,6,USC,64.0,QB PY=47;QB RY=101;QB P+R=67;P TD=64.5;QB TD=40.5
Alex Manske,Alex Manske,PSU,QB,QB2,QB,1,,6,USC,64.0,QB PY=47;QB RY=101;QB P+R=67;P TD=64.5;QB TD=40.5
James Peoples,James Peoples,PSU,RB,RB1,RB1,1,,6,USC,45.4,RB1 RY=51;RB1 Recep=13.5;RB1 RecY=3;RB R+R=68;RB1 TD=91.5
Quinton Martin Jr.,Quinton Martin Jr.,PSU,RB,RB2,RB2,1,,6,USC,94.0,RB2+ RY=105;RB2 Recep=121;RB2 RecY=115;RB R+R=68;RB2 TD=61
Carson Hansen,Carson Hansen,PSU,RB,RB3,RB2,1,,6,USC,94.0,RB2+ RY=105;RB2 Recep=121;RB2 RecY=115;RB R+R=68;RB2 TD=61
Benjamin Brahmer,Benjamin Brahmer,PSU,TE,TE1,TE1,1,,6,USC,25.83,TE1 Recep=15;TE1 RecY=7;TE1 TD=55.5
Andrew Rappleyea,Andrew Rappleyea,PSU,TE,TE2,TE2,1,,6,USC,24.17,TE2 Recep=44.5;TE2 RecY=10;TE2 TD=18
Chase Sowell,Chase Sowell,PSU,WR,WR1,WR1,1,,6,USC,67.83,WR1 Recep=34.5;WR1 RecY=95;WR1 TD=74
Brett Eskildsen,Brett Eskildsen,PSU,WR,WR2,WR2,1,,6,USC,77.33,WR2 Recep=31;WR2 RecY=83;WR2 TD=118
Zay Robinson,Zay Robinson,PSU,WR,WR3,WR3,1,,6,USC,57.5,WR3 Recep=81;WR3 RecY=64;WR3 TD=27.5
Koby Howard,Koby Howard,PSU,WR,WR4+,WR4+,1,,6,USC,65.5,WR4+ Recep=98.5;WR4+ RecY=87;WR4+ TD=11
Bobby Mears,Bobby Mears,PSU,WR,WR4+,WR4+,1,,6,USC,65.5,WR4+ Recep=98.5;WR4+ RecY=87;WR4+ TD=11
Ryan Browne,Ryan Browne,PUR,QB,QB1,QB,1,,6,MINN,115.7,QB PY=130;QB RY=108;QB P+R=130;P TD=103;QB TD=107.5
Evans Chuba,Evans Chuba,PUR,QB,QB2,QB,1,,6,MINN,115.7,QB PY=130;QB RY=108;QB P+R=130;P TD=103;QB TD=107.5
Fame Ijeboi,Fame Ijeboi,PUR,RB,RB1,RB1,1,,6,MINN,95.7,RB1 RY=106;RB1 Recep=68;RB1 RecY=103;RB R+R=127;RB1 TD=74.5
Antonio Harris,Antonio Harris,PUR,RB,RB2,RB2,1,,6,MINN,110.8,RB2+ RY=130;RB2 Recep=98;RB2 RecY=107;RB R+R=127;RB2 TD=92
Jerrick Gibson,Jerrick Gibson,PUR,RB,RB3,RB2,1,,6,MINN,110.8,RB2+ RY=130;RB2 Recep=98;RB2 RecY=107;RB R+R=127;RB2 TD=92
George Burhenn,George Burhenn,PUR,TE,TE1,TE1,1,,6,MINN,92.67,TE1 Recep=82;TE1 RecY=107;TE1 TD=89
Cooper McCutchan,Cooper McCutchan,PUR,TE,TE2,TE2,1,,6,MINN,102.83,TE2 Recep=100.5;TE2 RecY=91;TE2 TD=117
Xavier Townsend,Xavier Townsend,PUR,WR,WR1,WR1,1,,6,MINN,93.33,WR1 Recep=88;WR1 RecY=115;WR1 TD=77
Asaad Waseem,Asaad Waseem,PUR,WR,WR2,WR2,1,,6,MINN,69.0,WR2 Recep=40;WR2 RecY=67;WR2 TD=100
Chauncey Magwood,Chauncey Magwood,PUR,WR,WR3,WR3,1,,6,MINN,98.17,WR3 Recep=118;WR3 RecY=105;WR3 TD=71.5
Tra'Mar Harris,Tra'Mar Harris,PUR,WR,WR4+,WR4+,1,,6,MINN,124.0,WR4+ Recep=131;WR4+ RecY=126;WR4+ TD=115
Bisi Owens,Bisi Owens,PUR,WR,WR4+,WR4+,1,,6,MINN,124.0,WR4+ Recep=131;WR4+ RecY=126;WR4+ TD=115
Jacurri Brown,Jacurri Brown,RICE,QB,QB1,QB,1,,6,@ECU,54.4,QB PY=59;QB RY=26;QB P+R=44;P TD=128;QB TD=15
Tyvonn Byars,Tyvonn Byars,RICE,RB,RB1,RB1,1,,6,@ECU,95.5,RB1 RY=96;RB1 Recep=88;RB1 RecY=110;RB R+R=103;RB1 TD=80.5
D'Andre Hardeman Jr.,D'Andre Hardeman Jr.,RICE,RB,RB2,RB2,1,,6,@ECU,71.5,RB2+ RY=87;RB2 Recep=58;RB2 RecY=72;RB R+R=103;RB2 TD=37.5
DAndre Hardeman Jr.,DAndre Hardeman Jr.,RICE,RB,RB3,RB2,1,,6,@ECU,71.5,RB2+ RY=87;RB2 Recep=58;RB2 RecY=72;RB R+R=103;RB2 TD=37.5
Jordan Clark,Jordan Clark,RICE,WR,WR1,WR1,1,,6,@ECU,112.0,WR1 Recep=117;WR1 RecY=84;WR1 TD=135
Barry Jackson Jr.,Barry Jackson Jr.,RICE,WR,WR2,WR2,1,,6,@ECU,98.5,WR2 Recep=109;WR2 RecY=100;WR2 TD=86.5
Ben Grice,Ben Grice,RICE,WR,WR3,WR3,1,,6,@ECU,31.5,WR3 Recep=31.5;WR3 RecY=34;WR3 TD=29
Braylen Walker,Braylen Walker,RICE,WR,WR4+,WR4+,1,,6,@ECU,49.0,WR4+ Recep=26;WR4+ RecY=17;WR4+ TD=104
Max Mosey,Max Mosey,RICE,WR,WR4+,WR4+,1,,6,@ECU,49.0,WR4+ Recep=26;WR4+ RecY=17;WR4+ TD=104
Dylan Lonergan,Dylan Lonergan,RUTG,QB,QB1,QB,1,,6,BYE,,
AJ Surace,AJ Surace,RUTG,QB,QB2,QB,1,,6,BYE,,
Antwan Raymond,Antwan Raymond,RUTG,RB,RB1,RB1,1,,6,BYE,,
Clay Thevenin,Clay Thevenin,RUTG,RB,RB2,RB2,1,,6,BYE,,
Aiden Gibson,Aiden Gibson,RUTG,RB,RB3,RB2,1,,6,BYE,,
Kam Anthony,Kam Anthony,RUTG,TE,TE1,TE1,1,,6,BYE,,
Logan Blake,Logan Blake,RUTG,TE,TE2,TE2,1,,6,BYE,,
KJ Duff,KJ Duff,RUTG,WR,WR1,WR1,1,,6,BYE,,
Jourdin Houston,Jourdin Houston,RUTG,WR,WR2,WR2,1,,6,BYE,,
Ben Black III,Ben Black III,RUTG,WR,WR3,WR3,1,,6,BYE,,
Dyzier Carter,Dyzier Carter,RUTG,WR,WR4+,WR4+,1,,6,BYE,,
Elias Coke,Elias Coke,RUTG,WR,WR4+,WR4+,1,,6,BYE,,
Jackson Sharman,Jackson Sharman,SAC,QB,QB1,QB,1,,6,@BGSU,80.7,QB PY=120;QB RY=40;QB P+R=112;P TD=54.5;QB TD=77
Brian Salazar Jr.,Brian Salazar Jr.,SAC,QB,QB2,QB,1,,6,@BGSU,80.7,QB PY=120;QB RY=40;QB P+R=112;P TD=54.5;QB TD=77
Cincere Rhaney,Cincere Rhaney,SAC,RB,RB1,RB1,1,,6,@BGSU,52.4,RB1 RY=1;RB1 Recep=125;RB1 RecY=72;RB R+R=6;RB1 TD=58
Daniel Swinney,Daniel Swinney,SAC,RB,RB2,RB2,1,,6,@BGSU,42.8,RB2+ RY=89;RB2 Recep=46.5;RB2 RecY=20;RB R+R=6;RB2 TD=52.5
Isaiah Ene,Isaiah Ene,SAC,RB,RB3,RB2,1,,6,@BGSU,42.8,RB2+ RY=89;RB2 Recep=46.5;RB2 RecY=20;RB R+R=6;RB2 TD=52.5
Jordan Williams,Jordan Williams,SAC,TE,TE1,TE1,1,,6,@BGSU,113.0,TE1 Recep=125.5;TE1 RecY=98;TE1 TD=115.5
Kyle Koontz,Kyle Koontz,SAC,TE,TE2,TE2,1,,6,@BGSU,124.17,TE2 Recep=137.5;TE2 RecY=138;TE2 TD=97
Matt Coleman,Matt Coleman,SAC,WR,WR1,WR1,1,,6,@BGSU,79.83,WR1 Recep=121.5;WR1 RecY=97;WR1 TD=21
Raiden Brown,Raiden Brown,SAC,WR,WR2,WR2,1,,6,@BGSU,49.67,WR2 Recep=41;WR2 RecY=98;WR2 TD=10
Onterrio Smith Jr.,Onterrio Smith Jr.,SAC,WR,WR3,WR3,1,,6,@BGSU,77.0,WR3 Recep=54;WR3 RecY=74;WR3 TD=103
Khai Taylor,Khai Taylor,SAC,WR,WR4+,WR4+,1,,6,@BGSU,102.17,WR4+ Recep=101;WR4+ RecY=106;WR4+ TD=99.5
Kenyon Shabazz,Kenyon Shabazz,SAC,WR,WR4+,WR4+,1,,6,@BGSU,102.17,WR4+ Recep=101;WR4+ RecY=106;WR4+ TD=99.5
LaNorris Sellers,LaNorris Sellers,SC,QB,QB1,QB,1,,6,@FLA,53.0,QB PY=15;QB RY=99;QB P+R=28;P TD=82.5;QB TD=40.5
Cutter Woods,Cutter Woods,SC,QB,QB2,QB,1,,6,@FLA,53.0,QB PY=15;QB RY=99;QB P+R=28;P TD=82.5;QB TD=40.5
Matt Fuller,Matt Fuller,SC,RB,RB1,RB1,1,,6,@FLA,76.5,RB1 RY=57;RB1 Recep=123.5;RB1 RecY=107;RB R+R=79;RB1 TD=16
Jabree Coleman,Jabree Coleman,SC,RB,RB2,RB2,1,,6,@FLA,63.2,RB2+ RY=79;RB2 Recep=24;RB2 RecY=44;RB R+R=79;RB2 TD=90
Isaiah Augustave,Isaiah Augustave,SC,RB,RB3,RB2,1,,6,@FLA,63.2,RB2+ RY=79;RB2 Recep=24;RB2 RecY=44;RB R+R=79;RB2 TD=90
Brady Hunt,Brady Hunt,SC,TE,TE1,TE1,1,,6,@FLA,82.17,TE1 Recep=54;TE1 RecY=60;TE1 TD=132.5
Maurice Brown II,Maurice Brown II,SC,TE,TE2,TE2,1,,6,@FLA,97.0,TE2 Recep=95;TE2 RecY=92;TE2 TD=104
Mazeo Bennett Jr.,Mazeo Bennett Jr.,SC,WR,WR1,WR1,1,,6,@FLA,31.83,WR1 Recep=13.5;WR1 RecY=22;WR1 TD=60
DJ Black,DJ Black,SC,WR,WR2,WR2,1,,6,@FLA,16.83,WR2 Recep=9;WR2 RecY=11;WR2 TD=30.5
Nyck Harbor,Nyck Harbor,SC,WR,WR3,WR3,1,,6,@FLA,83.83,WR3 Recep=37;WR3 RecY=88;WR3 TD=126.5
Donovan Murph,Donovan Murph,SC,WR,WR4+,WR4+,1,,6,@FLA,17.17,WR4+ Recep=9;WR4+ RecY=19;WR4+ TD=23.5
Vicari Swain,Vicari Swain,SC,WR,WR4+,WR4+,1,,6,@FLA,17.17,WR4+ Recep=9;WR4+ RecY=19;WR4+ TD=23.5
Jayden Denegal,Jayden Denegal,SDSU,QB,QB1,QB,1,,6,@ORST,63.2,QB PY=63;QB RY=98;QB P+R=73;P TD=58;QB TD=24
Draiden Trudeau,Draiden Trudeau,SDSU,QB,QB2,QB,1,,6,@ORST,63.2,QB PY=63;QB RY=98;QB P+R=73;P TD=58;QB TD=24
Josiah Lucas,Josiah Lucas,SDSU,RB,RB1,RB1,1,,6,@ORST,53.4,RB1 RY=7;RB1 Recep=73;RB1 RecY=108;RB R+R=31;RB1 TD=48
Javion Kinnard,Javion Kinnard,SDSU,RB,RB2,RB2,1,,6,@ORST,69.1,RB2+ RY=51;RB2 Recep=122.5;RB2 RecY=94;RB R+R=31;RB2 TD=47
Jordin Thomas,Jordin Thomas,SDSU,RB,RB3,RB2,1,,6,@ORST,69.1,RB2+ RY=51;RB2 Recep=122.5;RB2 RecY=94;RB R+R=31;RB2 TD=47
Jackson Ford,Jackson Ford,SDSU,TE,TE1,TE1,1,,6,@ORST,31.5,TE1 Recep=33;TE1 RecY=25;TE1 TD=36.5
Ryan Wolfer,Ryan Wolfer,SDSU,TE,TE2,TE2,1,,6,@ORST,62.67,TE2 Recep=75.5;TE2 RecY=101;TE2 TD=11.5
Nathan Acevedo,Nathan Acevedo,SDSU,WR,WR1,WR1,1,,6,@ORST,31.83,WR1 Recep=13.5;WR1 RecY=11;WR1 TD=71
Jordan Napier,Jordan Napier,SDSU,WR,WR2,WR2,1,,6,@ORST,63.67,WR2 Recep=64.5;WR2 RecY=68;WR2 TD=58.5
Jacob Bostick,Jacob Bostick,SDSU,WR,WR3,WR3,1,,6,@ORST,102.83,WR3 Recep=96;WR3 RecY=95;WR3 TD=117.5
Bert Emanuel Jr.,Bert Emanuel Jr.,SDSU,WR,WR4+,WR4+,1,,6,@ORST,98.5,WR4+ Recep=100;WR4+ RecY=134;WR4+ TD=61.5
Jaylon Hawkins,Jaylon Hawkins,SDSU,WR,WR4+,WR4+,1,,6,@ORST,98.5,WR4+ Recep=100;WR4+ RecY=134;WR4+ TD=61.5
Landyn Locke,Landyn Locke,SHSU,QB,QB1,QB,1,,6,@LIB,91.6,QB PY=126;QB RY=19;QB P+R=103;P TD=108.5;QB TD=101.5
Brett Holloway,Brett Holloway,SHSU,QB,QB2,QB,1,,6,@LIB,91.6,QB PY=126;QB RY=19;QB P+R=103;P TD=108.5;QB TD=101.5
Alton McCaskill,Alton McCaskill,SHSU,RB,RB1,RB1,1,,6,@LIB,88.6,RB1 RY=93;RB1 Recep=111;RB1 RecY=89;RB R+R=95;RB1 TD=55
Landan Brown,Landan Brown,SHSU,RB,RB2,RB2,1,,6,@LIB,85.3,RB2+ RY=71;RB2 Recep=86;RB2 RecY=90;RB R+R=95;RB2 TD=84.5
Jerrian Parker Jr.,Jerrian Parker Jr.,SHSU,RB,RB3,RB2,1,,6,@LIB,85.3,RB2+ RY=71;RB2 Recep=86;RB2 RecY=90;RB R+R=95;RB2 TD=84.5
Max Whisner,Max Whisner,SHSU,TE,TE1,TE1,1,,6,@LIB,135.67,TE1 Recep=136;TE1 RecY=135;TE1 TD=136
Matt Smith,Matt Smith,SHSU,TE,TE2,TE2,1,,6,@LIB,120.67,TE2 Recep=128;TE2 RecY=117;TE2 TD=117
Grady O'Neill,Grady O'Neill,SHSU,WR,WR1,WR1,1,,6,@LIB,128.67,WR1 Recep=133;WR1 RecY=130;WR1 TD=123
Kyan Berry-Johnson,Kyan Berry-Johnson,SHSU,WR,WR2,WR2,1,,6,@LIB,70.5,WR2 Recep=66;WR2 RecY=77;WR2 TD=68.5
Chris Reed,Chris Reed,SHSU,WR,WR3,WR3,1,,6,@LIB,78.33,WR3 Recep=91;WR3 RecY=68;WR3 TD=76
Darrick Bledsoe III,Darrick Bledsoe III,SHSU,WR,WR4+,WR4+,1,,6,@LIB,30.33,WR4+ Recep=59;WR4+ RecY=24;WR4+ TD=8
Kamari Maxwell,Kamari Maxwell,SHSU,WR,WR4+,WR4+,1,,6,@LIB,30.33,WR4+ Recep=59;WR4+ RecY=24;WR4+ TD=8
Luke Weaver,Luke Weaver,SJSU,QB,QB1,QB,1,,6,WYO,62.8,QB PY=121;QB RY=4;QB P+R=80;P TD=77;QB TD=32
Jabari Bates,Jabari Bates,SJSU,RB,RB1,RB1,1,,6,WYO,90.1,RB1 RY=38;RB1 Recep=129;RB1 RecY=131;RB R+R=46;RB1 TD=106.5
Viliami Teu,Viliami Teu,SJSU,RB,RB2,RB2,1,,6,WYO,57.2,RB2+ RY=38;RB2 Recep=65;RB2 RecY=59;RB R+R=46;RB2 TD=78
Isaiah Carlson,Isaiah Carlson,SJSU,RB,RB3,RB2,1,,6,WYO,57.2,RB2+ RY=38;RB2 Recep=65;RB2 RecY=59;RB R+R=46;RB2 TD=78
Kamaehu Kopa-Kaawalauole,Kamaehu Kopa-Kaawalauole,SJSU,TE,TE1,TE1,1,,6,WYO,122.83,TE1 Recep=127;TE1 RecY=128;TE1 TD=113.5
Carson Clark,Carson Clark,SJSU,WR,WR1,WR1,1,,6,WYO,67.67,WR1 Recep=70;WR1 RecY=94;WR1 TD=39
Cooper Hoch,Cooper Hoch,SJSU,WR,WR2,WR2,1,,6,WYO,117.0,WR2 Recep=132;WR2 RecY=115;WR2 TD=104
Jerry McClure,Jerry McClure,SJSU,WR,WR3,WR3,1,,6,WYO,103.0,WR3 Recep=116.5;WR3 RecY=75;WR3 TD=117.5
Jordan Anderson,Jordan Anderson,SJSU,WR,WR4+,WR4+,1,,6,WYO,34.17,WR4+ Recep=19;WR4+ RecY=64;WR4+ TD=19.5
Anthony Ivey,Anthony Ivey,SJSU,WR,WR4+,WR4+,1,,6,WYO,34.17,WR4+ Recep=19;WR4+ RecY=64;WR4+ TD=19.5
Kevin Jennings,Kevin Jennings,SMU,QB,QB1,QB,1,,6,BYE,,
Kendrick Raphael,Kendrick Raphael,SMU,RB,RB1,RB1,1,,6,BYE,,
Dramekco Green,Dramekco Green,SMU,RB,RB2,RB2,1,,6,BYE,,
Team,Team,SMU,RB,RB3,RB2,1,,6,BYE,,
Randy Pittman Jr.,Randy Pittman Jr.,SMU,TE,TE1,TE1,1,,6,BYE,,
Theo Melin Ohrstrom,Theo Melin Ohrstrom,SMU,TE,TE2,TE2,1,,6,BYE,,
Yamir Knight,Yamir Knight,SMU,WR,WR1,WR1,1,,6,BYE,,
Jalen Cooper,Jalen Cooper,SMU,WR,WR2,WR2,1,,6,BYE,,
Yannick Smith,Yannick Smith,SMU,WR,WR3,WR3,1,,6,BYE,,
Derrick McFall,Derrick McFall,SMU,WR,WR4+,WR4+,1,,6,BYE,,
Jalen Hale,Jalen Hale,SMU,WR,WR4+,WR4+,1,,6,BYE,,
Davis Warren,Davis Warren,STAN,QB,QB1,QB,1,,6,@ND,120.0,QB PY=133;QB RY=113;QB P+R=133;P TD=118;QB TD=103
Michael Mitchell Jr.,Michael Mitchell Jr.,STAN,QB,QB2,QB,1,,6,@ND,120.0,QB PY=133;QB RY=113;QB P+R=133;P TD=118;QB TD=103
Micah Ford,Micah Ford,STAN,RB,RB1,RB1,1,,6,@ND,126.8,RB1 RY=128;RB1 Recep=122;RB1 RecY=117;RB R+R=134;RB1 TD=133
Sedrick Irvin,Sedrick Irvin,STAN,RB,RB2,RB2,1,,6,@ND,126.6,RB2+ RY=134;RB2 Recep=129;RB2 RecY=101;RB R+R=134;RB2 TD=135
Champ Hampton,Champ Hampton,STAN,RB,RB3,RB2,1,,6,@ND,126.6,RB2+ RY=134;RB2 Recep=129;RB2 RecY=101;RB R+R=134;RB2 TD=135
Benji Blackburn,Benji Blackburn,STAN,TE,TE1,TE1,1,,6,@ND,71.5,TE1 Recep=66;TE1 RecY=96;TE1 TD=52.5
Chico Holt,Chico Holt,STAN,TE,TE2,TE2,1,,6,@ND,33.33,TE2 Recep=27;TE2 RecY=39;TE2 TD=34
Nico Brown,Nico Brown,STAN,WR,WR1,WR1,1,,6,@ND,126.33,WR1 Recep=132;WR1 RecY=120;WR1 TD=127
Caden High,Caden High,STAN,WR,WR2,WR2,1,,6,@ND,126.33,WR2 Recep=118;WR2 RecY=135;WR2 TD=126
Atticus Joseph,Atticus Joseph,STAN,WR,WR3,WR3,1,,6,@ND,114.0,WR3 Recep=93;WR3 RecY=125;WR3 TD=124
JonAnthony Hall,JonAnthony Hall,STAN,WR,WR4+,WR4+,1,,6,@ND,46.5,WR4+ Recep=49;WR4+ RecY=55;WR4+ TD=35.5
Jordan Onovughe,Jordan Onovughe,STAN,WR,WR4+,WR4+,1,,6,@ND,46.5,WR4+ Recep=49;WR4+ RecY=55;WR4+ TD=35.5
Amari Odom,Amari Odom,SYR,QB,QB1,QB,1,,6,@UVA,70.6,QB PY=122;QB RY=7;QB P+R=92;P TD=131;QB TD=1
Steve Angeli,Steve Angeli,SYR,QB,QB2,QB,1,,6,@UVA,70.6,QB PY=122;QB RY=7;QB P+R=92;P TD=131;QB TD=1
Tylik Hill,Tylik Hill,SYR,RB,RB1,RB1,1,,6,@UVA,101.9,RB1 RY=78;RB1 Recep=102;RB1 RecY=115;RB R+R=108;RB1 TD=106.5
Ahmad Miller,Ahmad Miller,SYR,RB,RB2,RB2,1,,6,@UVA,94.4,RB2+ RY=125;RB2 Recep=76;RB2 RecY=27;RB R+R=108;RB2 TD=136
Ju'Juan Johnson,Ju'Juan Johnson,SYR,RB,RB3,RB2,1,,6,@UVA,94.4,RB2+ RY=125;RB2 Recep=76;RB2 RecY=27;RB R+R=108;RB2 TD=136
Daunte Bacheyie,Daunte Bacheyie,SYR,TE,TE1,TE1,1,,6,@UVA,104.83,TE1 Recep=119;TE1 RecY=127;TE1 TD=68.5
David Clement,David Clement,SYR,TE,TE2,TE2,1,,6,@UVA,82.83,TE2 Recep=91;TE2 RecY=86;TE2 TD=71.5
Umari Hatcher,Umari Hatcher,SYR,WR,WR1,WR1,1,,6,@UVA,84.67,WR1 Recep=130;WR1 RecY=75;WR1 TD=49
Darius Johnson,Darius Johnson,SYR,WR,WR2,WR2,1,,6,@UVA,115.33,WR2 Recep=105;WR2 RecY=104;WR2 TD=137
Justus Ross-Simmons,Justus Ross-Simmons,SYR,WR,WR3,WR3,1,,6,@UVA,105.83,WR3 Recep=77;WR3 RecY=114;WR3 TD=126.5
Calvin Russell III,Calvin Russell III,SYR,WR,WR4+,WR4+,1,,6,@UVA,108.17,WR4+ Recep=98.5;WR4+ RecY=97;WR4+ TD=129
Cole Weaver,Cole Weaver,SYR,WR,WR4+,WR4+,1,,6,@UVA,108.17,WR4+ Recep=98.5;WR4+ RecY=97;WR4+ TD=129
Marcel Reed,Marcel Reed,TA&M,QB,QB1,QB,1,,6,@MIZ,99.8,QB PY=89;QB RY=117;QB P+R=106;P TD=51;QB TD=136
Brady Hart,Brady Hart,TA&M,QB,QB2,QB,1,,6,@MIZ,99.8,QB PY=89;QB RY=117;QB P+R=106;P TD=51;QB TD=136
Rueben Owens II,Rueben Owens II,TA&M,RB,RB1,RB1,1,,6,@MIZ,76.2,RB1 RY=103;RB1 Recep=37;RB1 RecY=49;RB R+R=116;RB1 TD=76
KJ Edwards,KJ Edwards,TA&M,RB,RB2,RB2,1,,6,@MIZ,89.8,RB2+ RY=118;RB2 Recep=30;RB2 RecY=63;RB R+R=116;RB2 TD=122
Carsyn Baker,Carsyn Baker,TA&M,RB,RB3,RB2,1,,6,@MIZ,89.8,RB2+ RY=118;RB2 Recep=30;RB2 RecY=63;RB R+R=116;RB2 TD=122
Houston Thomas,Houston Thomas,TA&M,TE,TE1,TE1,1,,6,@MIZ,90.33,TE1 Recep=80.5;TE1 RecY=87;TE1 TD=103.5
Kiotti Armstrong,Kiotti Armstrong,TA&M,TE,TE2,TE2,1,,6,@MIZ,86.67,TE2 Recep=82;TE2 RecY=61;TE2 TD=117
Mario Craver,Mario Craver,TA&M,WR,WR1,WR1,1,,6,@MIZ,91.83,WR1 Recep=131;WR1 RecY=86;WR1 TD=58.5
Isaiah Horton,Isaiah Horton,TA&M,WR,WR2,WR2,1,,6,@MIZ,105.0,WR2 Recep=130;WR2 RecY=122;WR2 TD=63
Ashton Bethel-Roman,Ashton Bethel-Roman,TA&M,WR,WR3,WR3,1,,6,@MIZ,33.83,WR3 Recep=59;WR3 RecY=21;WR3 TD=21.5
TK Norman,TK Norman,TA&M,WR,WR4+,WR4+,1,,6,@MIZ,56.67,WR4+ Recep=47;WR4+ RecY=69;WR4+ TD=54
Aaron Gregory,Aaron Gregory,TA&M,WR,WR4+,WR4+,1,,6,@MIZ,56.67,WR4+ Recep=47;WR4+ RecY=69;WR4+ TD=54
Jaden Craig,Jaden Craig,TCU,QB,QB1,QB,1,,6,BYE,,
Jeremy Payne,Jeremy Payne,TCU,RB,RB1,RB1,1,,6,BYE,,
Jon Denman,Jon Denman,TCU,RB,RB2,RB2,1,,6,BYE,,
Joe Pitchford,Joe Pitchford,TCU,RB,RB3,RB2,1,,6,BYE,,
Kari Ashley,Kari Ashley,TCU,TE,TE1,TE1,1,,6,BYE,,
Ka'Morreun Pimpton,Ka'Morreun Pimpton,TCU,TE,TE2,TE2,1,,6,BYE,,
Ed Small,Ed Small,TCU,WR,WR1,WR1,1,,6,BYE,,
Jeremy Scott,Jeremy Scott,TCU,WR,WR2,WR2,1,,6,BYE,,
Jacobe Hayes,Jacobe Hayes,TCU,WR,WR3,WR3,1,,6,BYE,,
Jordan Dwyer,Jordan Dwyer,TCU,WR,WR4+,WR4+,1,,6,BYE,,
Major Everhart,Major Everhart,TCU,WR,WR4+,WR4+,1,,6,BYE,,
Ajani Sheppard,Ajani Sheppard,TEM,QB,QB1,QB,1,,6,CONN,50.9,QB PY=9;QB RY=110;QB P+R=22;P TD=42;QB TD=71.5
Jaxon Smolik,Jaxon Smolik,TEM,QB,QB2,QB,1,,6,CONN,50.9,QB PY=9;QB RY=110;QB P+R=22;P TD=42;QB TD=71.5
Keveun Mason,Keveun Mason,TEM,RB,RB1,RB1,1,,6,CONN,77.2,RB1 RY=59;RB1 Recep=93;RB1 RecY=91;RB R+R=94;RB1 TD=49
Samuel Brown V,Samuel Brown V,TEM,RB,RB2,RB2,1,,6,CONN,98.5,RB2+ RY=72;RB2 Recep=131;RB2 RecY=138;RB R+R=94;RB2 TD=57.5
Hunter Smith,Hunter Smith,TEM,RB,RB3,RB2,1,,6,CONN,98.5,RB2+ RY=72;RB2 Recep=131;RB2 RecY=138;RB R+R=94;RB2 TD=57.5
Joey Schlaffer,Joey Schlaffer,TEM,TE,TE1,TE1,1,,6,CONN,45.5,TE1 Recep=72.5;TE1 RecY=31;TE1 TD=33
Peter Clarke,Peter Clarke,TEM,TE,TE2,TE2,1,,6,CONN,26.5,TE2 Recep=18;TE2 RecY=23;TE2 TD=38.5
JoJo Bermudez,JoJo Bermudez,TEM,WR,WR1,WR1,1,,6,CONN,19.0,WR1 Recep=3;WR1 RecY=30;WR1 TD=24
Jayce Freeman,Jayce Freeman,TEM,WR,WR2,WR2,1,,6,CONN,25.0,WR2 Recep=2;WR2 RecY=30;WR2 TD=43
Colin Chase,Colin Chase,TEM,WR,WR3,WR3,1,,6,CONN,48.33,WR3 Recep=5;WR3 RecY=19;WR3 TD=121
Faizon Brandon,Faizon Brandon,TENN,QB,QB1,QB,1,,6,@ARK,39.6,QB PY=54;QB RY=13;QB P+R=35;P TD=89;QB TD=7
George MacIntyre,George MacIntyre,TENN,QB,QB2,QB,1,,6,@ARK,39.6,QB PY=54;QB RY=13;QB P+R=35;P TD=89;QB TD=7
DeSean Bishop,DeSean Bishop,TENN,RB,RB1,RB1,1,,6,@ARK,49.4,RB1 RY=99;RB1 Recep=45;RB1 RecY=12;RB R+R=80;RB1 TD=11
Daune Morris,Daune Morris,TENN,RB,RB2,RB2,1,,6,@ARK,56.4,RB2+ RY=63;RB2 Recep=57;RB2 RecY=68;RB R+R=80;RB2 TD=14
Hunter Barnes,Hunter Barnes,TENN,RB,RB3,RB2,1,,6,@ARK,56.4,RB2+ RY=63;RB2 Recep=57;RB2 RecY=68;RB R+R=80;RB2 TD=14
DaSaahn Brame,DaSaahn Brame,TENN,TE,TE1,TE1,1,,6,@ARK,23.0,TE1 Recep=47;TE1 RecY=4;TE1 TD=18
Trent Thomas,Trent Thomas,TENN,TE,TE2,TE2,1,,6,@ARK,64.33,TE2 Recep=74;TE2 RecY=22;TE2 TD=97
Braylon Staley,Braylon Staley,TENN,WR,WR1,WR1,1,,6,@ARK,115.33,WR1 Recep=99;WR1 RecY=121;WR1 TD=126
Mike Matthews,Mike Matthews,TENN,WR,WR2,WR2,1,,6,@ARK,62.0,WR2 Recep=101;WR2 RecY=62;WR2 TD=23
Radarious Jackson,Radarious Jackson,TENN,WR,WR3,WR3,1,,6,@ARK,125.5,WR3 Recep=128;WR3 RecY=122;WR3 TD=126.5
TK Keys,TK Keys,TENN,WR,WR4+,WR4+,1,,6,@ARK,80.17,WR4+ Recep=63.5;WR4+ RecY=57;WR4+ TD=120
Travis Smith Jr.,Travis Smith Jr.,TENN,WR,WR4+,WR4+,1,,6,@ARK,80.17,WR4+ Recep=63.5;WR4+ RecY=57;WR4+ TD=120
Arch Manning,Arch Manning,TEX,QB,QB1,QB,1,,6,@OU,117.5,QB PY=136;QB RY=53.5;QB P+R=135;P TD=137;QB TD=126
Karle Lacey Jr.,Karle Lacey Jr.,TEX,QB,QB2,QB,1,,6,@OU,117.5,QB PY=136;QB RY=53.5;QB P+R=135;P TD=137;QB TD=126
Raleek Brown,Raleek Brown,TEX,RB,RB1,RB1,1,,6,@OU,106.4,RB1 RY=135;RB1 Recep=110;RB1 RecY=74;RB R+R=131;RB1 TD=82
Hollywood Smothers,Hollywood Smothers,TEX,RB,RB2,RB2,1,,6,@OU,94.8,RB2+ RY=112;RB2 Recep=64;RB2 RecY=48;RB R+R=131;RB2 TD=119
Derrek Cooper,Derrek Cooper,TEX,RB,RB3,RB2,1,,6,@OU,94.8,RB2+ RY=112;RB2 Recep=64;RB2 RecY=48;RB R+R=131;RB2 TD=119
Emaree Winston,Emaree Winston,TEX,TE,TE1,TE1,1,,6,@OU,66.5,TE1 Recep=72.5;TE1 RecY=35;TE1 TD=92
Spencer Shannon,Spencer Shannon,TEX,TE,TE2,TE2,1,,6,@OU,84.0,TE2 Recep=73;TE2 RecY=82;TE2 TD=97
Ryan Wingo,Ryan Wingo,TEX,WR,WR1,WR1,1,,6,@OU,137.5,WR1 Recep=138;WR1 RecY=138;WR1 TD=136.5
Cam Coleman,Cam Coleman,TEX,WR,WR2,WR2,1,,6,@OU,108.5,WR2 Recep=134;WR2 RecY=121;WR2 TD=70.5
Emmett Mosley V,Emmett Mosley V,TEX,WR,WR3,WR3,1,,6,@OU,132.17,WR3 Recep=137;WR3 RecY=129;WR3 TD=130.5
Jermaine Bishop Jr.,Jermaine Bishop Jr.,TEX,WR,WR4+,WR4+,1,,6,@OU,101.17,WR4+ Recep=111;WR4+ RecY=109;WR4+ TD=83.5
Sterling Berkhalter,Sterling Berkhalter,TEX,WR,WR4+,WR4+,1,,6,@OU,101.17,WR4+ Recep=111;WR4+ RecY=109;WR4+ TD=83.5
Baylor Hayes,Baylor Hayes,TLSA,QB,QB1,QB,1,,6,@NAVY,54.0,QB PY=53;QB RY=71;QB P+R=60;P TD=21;QB TD=65
Dexter Williams II,Dexter Williams II,TLSA,QB,QB2,QB,1,,6,@NAVY,54.0,QB PY=53;QB RY=71;QB P+R=60;P TD=21;QB TD=65
Damari Alston,Damari Alston,TLSA,RB,RB1,RB1,1,,6,@NAVY,124.4,RB1 RY=119;RB1 Recep=136;RB1 RecY=135;RB R+R=128;RB1 TD=104
Trequan Jones,Trequan Jones,TLSA,RB,RB2,RB2,1,,6,@NAVY,101.0,RB2+ RY=102;RB2 Recep=80;RB2 RecY=122;RB R+R=128;RB2 TD=73
Seth Davis,Seth Davis,TLSA,RB,RB3,RB2,1,,6,@NAVY,101.0,RB2+ RY=102;RB2 Recep=80;RB2 RecY=122;RB R+R=128;RB2 TD=73
Chris Gacayan II,Chris Gacayan II,TLSA,TE,TE1,TE1,1,,6,@NAVY,98.17,TE1 Recep=125.5;TE1 RecY=119.5;TE1 TD=49.5
Jewlyen Roberts,Jewlyen Roberts,TLSA,TE,TE2,TE2,1,,6,@NAVY,90.33,TE2 Recep=83;TE2 RecY=56;TE2 TD=132
Oran Singleton Jr.,Oran Singleton Jr.,TLSA,WR,WR1,WR1,1,,6,@NAVY,82.67,WR1 Recep=113;WR1 RecY=89;WR1 TD=46
David Wells Jr.,David Wells Jr.,TLSA,WR,WR2,WR2,1,,6,@NAVY,20.5,WR2 Recep=48.5;WR2 RecY=2;WR2 TD=11
Donnell Gee Jr.,Donnell Gee Jr.,TLSA,WR,WR3,WR3,1,,6,@NAVY,13.33,WR3 Recep=11;WR3 RecY=20;WR3 TD=9
Javon Ross,Javon Ross,TLSA,WR,WR4+,WR4+,1,,6,@NAVY,61.17,WR4+ Recep=80;WR4+ RecY=58;WR4+ TD=45.5
Jimmy Calloway,Jimmy Calloway,TLSA,WR,WR4+,WR4+,1,,6,@NAVY,61.17,WR4+ Recep=80;WR4+ RecY=58;WR4+ TD=45.5
John Alan Richter,John Alan Richter,TOL,QB,QB1,QB,1,,6,BUF,46.4,QB PY=36;QB RY=72;QB P+R=38;P TD=38;QB TD=48
Khamoni Robinson,Khamoni Robinson,TOL,QB,QB2,QB,1,,6,BUF,46.4,QB PY=36;QB RY=72;QB P+R=38;P TD=38;QB TD=48
Connor Walendzak,Connor Walendzak,TOL,RB,RB1,RB1,1,,6,BUF,88.7,RB1 RY=89;RB1 Recep=99;RB1 RecY=102;RB R+R=84;RB1 TD=69.5
CJ Miller,CJ Miller,TOL,RB,RB2,RB2,1,,6,BUF,85.8,RB2+ RY=22;RB2 Recep=120;RB2 RecY=133;RB R+R=84;RB2 TD=70
Autavius Ison,Autavius Ison,TOL,RB,RB3,RB2,1,,6,BUF,85.8,RB2+ RY=22;RB2 Recep=120;RB2 RecY=133;RB R+R=84;RB2 TD=70
Sam Lee,Sam Lee,TOL,TE,TE1,TE1,1,,6,BUF,69.0,TE1 Recep=92;TE1 RecY=48;TE1 TD=67
Jacob Newell,Jacob Newell,TOL,TE,TE2,TE2,1,,6,BUF,36.33,TE2 Recep=38;TE2 RecY=19;TE2 TD=52
Adjatay Dabbs,Adjatay Dabbs,TOL,WR,WR1,WR1,1,,6,BUF,48.33,WR1 Recep=96;WR1 RecY=35;WR1 TD=14
Bryson Hammer,Bryson Hammer,TOL,WR,WR2,WR2,1,,6,BUF,28.17,WR2 Recep=48.5;WR2 RecY=29;WR2 TD=7
Daryl Barnett Jr.,Daryl Barnett Jr.,TOL,WR,WR3,WR3,1,,6,BUF,40.5,WR3 Recep=25.5;WR3 RecY=35;WR3 TD=61
Rico Bond,Rico Bond,TOL,WR,WR4+,WR4+,1,,6,BUF,64.67,WR4+ Recep=61;WR4+ RecY=53;WR4+ TD=80
Terrell Crosby Jr.,Terrell Crosby Jr.,TOL,WR,WR4+,WR4+,1,,6,BUF,64.67,WR4+ Recep=61;WR4+ RecY=53;WR4+ TD=80
Goose Crowder,Goose Crowder,TROY,QB,QB1,QB,1,,6,USM,51.9,QB PY=84;QB RY=29;QB P+R=63;P TD=72;QB TD=11.5
Tucker Kilcrease,Tucker Kilcrease,TROY,QB,QB2,QB,1,,6,USM,51.9,QB PY=84;QB RY=29;QB P+R=63;P TD=72;QB TD=11.5
Gavin Griffin,Gavin Griffin,TROY,RB,RB1,RB1,1,,6,USM,57.7,RB1 RY=39;RB1 Recep=119.5;RB1 RecY=43;RB R+R=1;RB1 TD=86
Jaheim Merriweather,Jaheim Merriweather,TROY,RB,RB2,RB2,1,,6,USM,16.2,RB2+ RY=1;RB2 Recep=40;RB2 RecY=35;RB R+R=1;RB2 TD=4
Jordan Lovett,Jordan Lovett,TROY,RB,RB3,RB2,1,,6,USM,16.2,RB2+ RY=1;RB2 Recep=40;RB2 RecY=35;RB R+R=1;RB2 TD=4
Nick Hampton,Nick Hampton,TROY,TE,TE1,TE1,1,,6,USM,54.33,TE1 Recep=88;TE1 RecY=46;TE1 TD=29
Fabian Rogosch,Fabian Rogosch,TROY,TE,TE2,TE2,1,,6,USM,94.67,TE2 Recep=104;TE2 RecY=83;TE2 TD=97
Howard Kinchen,Howard Kinchen,TROY,WR,WR1,WR1,1,,6,USM,128.33,WR1 Recep=116;WR1 RecY=136;WR1 TD=133
Noreel White,Noreel White,TROY,WR,WR2,WR2,1,,6,USM,52.33,WR2 Recep=35;WR2 RecY=44;WR2 TD=78
Jace Petty,Jace Petty,TROY,WR,WR3,WR3,1,,6,USM,64.67,WR3 Recep=92;WR3 RecY=46;WR3 TD=56
TK Keyes,TK Keyes,TROY,WR,WR4+,WR4+,1,,6,USM,22.33,WR4+ Recep=13;WR4+ RecY=36;WR4+ TD=18
Mojo Dortch,Mojo Dortch,TROY,WR,WR4+,WR4+,1,,6,USM,22.33,WR4+ Recep=13;WR4+ RecY=36;WR4+ TD=18
Will Hammond,Will Hammond,TTU,QB,QB1,QB,1,,6,BYE,,
Thomas Castellanos,Thomas Castellanos,TTU,QB,QB2,QB,1,,6,BYE,,
J'Koby Williams,J'Koby Williams,TTU,RB,RB1,RB1,1,,6,BYE,,
Cameron Dickey,Cameron Dickey,TTU,RB,RB2,RB2,1,,6,BYE,,
Quinten Joyner,Quinten Joyner,TTU,RB,RB3,RB2,1,,6,BYE,,
Terrance Carter Jr.,Terrance Carter Jr.,TTU,TE,TE1,TE1,1,,6,BYE,,
Jett Carpenter,Jett Carpenter,TTU,TE,TE2,TE2,1,,6,BYE,,
Coy Eakin,Coy Eakin,TTU,WR,WR1,WR1,1,,6,BYE,,
Kenny Johnson,Kenny Johnson,TTU,WR,WR2,WR2,1,,6,BYE,,
Micah Hudson,Micah Hudson,TTU,WR,WR3,WR3,1,,6,BYE,,
Donte Lee Jr.,Donte Lee Jr.,TTU,WR,WR4+,WR4+,1,,6,BYE,,
Jalen Jones,Jalen Jones,TTU,WR,WR4+,WR4+,1,,6,BYE,,
Kadin Semonza,Kadin Semonza,TULN,QB,QB1,QB,1,,6,@ARMY,76.6,QB PY=106;QB RY=43;QB P+R=96;P TD=110;QB TD=28
Trace Johnson,Trace Johnson,TULN,QB,QB2,QB,1,,6,@ARMY,76.6,QB PY=106;QB RY=43;QB P+R=96;P TD=110;QB TD=28
Johnnie Daniels,Johnnie Daniels,TULN,RB,RB1,RB1,1,,6,@ARMY,110.6,RB1 RY=109;RB1 Recep=128;RB1 RecY=126;RB R+R=56;RB1 TD=134
Jaylin Lucas,Jaylin Lucas,TULN,RB,RB2,RB2,1,,6,@ARMY,47.0,RB2+ RY=35;RB2 Recep=118;RB2 RecY=1;RB R+R=56;RB2 TD=25
Maurice Turner,Maurice Turner,TULN,RB,RB3,RB2,1,,6,@ARMY,47.0,RB2+ RY=35;RB2 Recep=118;RB2 RecY=1;RB R+R=56;RB2 TD=25
Dawson Johnson,Dawson Johnson,TULN,TE,TE1,TE1,1,,6,@ARMY,96.17,TE1 Recep=111;TE1 RecY=50;TE1 TD=127.5
Ty Thompson,Ty Thompson,TULN,TE,TE2,TE2,1,,6,@ARMY,102.83,TE2 Recep=125;TE2 RecY=104;TE2 TD=79.5
Anthony Brown-Stephens,Anthony Brown-Stephens,TULN,WR,WR1,WR1,1,,6,@ARMY,114.0,WR1 Recep=78;WR1 RecY=132;WR1 TD=132
Destyn Hill,Destyn Hill,TULN,WR,WR2,WR2,1,,6,@ARMY,59.67,WR2 Recep=71;WR2 RecY=69;WR2 TD=39
Bredell Richardson,Bredell Richardson,TULN,WR,WR3,WR3,1,,6,@ARMY,47.0,WR3 Recep=44;WR3 RecY=57;WR3 TD=40
Garrett Mmahat,Garrett Mmahat,TULN,WR,WR4+,WR4+,1,,6,@ARMY,94.67,WR4+ Recep=87;WR4+ RecY=86;WR4+ TD=111
Cash Semonza,Cash Semonza,TULN,WR,WR4+,WR4+,1,,6,@ARMY,94.67,WR4+ Recep=87;WR4+ RecY=86;WR4+ TD=111
Brad Jackson,Brad Jackson,TXST,QB,QB1,QB,1,,6,BYE,,
Gavin Parkhurst,Gavin Parkhurst,TXST,QB,QB2,QB,1,,6,BYE,,
Torrance Burgess Jr.,Torrance Burgess Jr.,TXST,RB,RB1,RB1,1,,6,BYE,,
Davian Jackson,Davian Jackson,TXST,RB,RB2,RB2,1,,6,BYE,,
Jaylen Jenkins,Jaylen Jenkins,TXST,RB,RB3,RB2,1,,6,BYE,,
Ty Stamey,Ty Stamey,TXST,TE,TE1,TE1,1,,6,BYE,,
Arvis Battle Jr.,Arvis Battle Jr.,TXST,TE,TE2,TE2,1,,6,BYE,,
Beau Sparks,Beau Sparks,TXST,WR,WR1,WR1,1,,6,BYE,,
Chris Dawn Jr.,Chris Dawn Jr.,TXST,WR,WR2,WR2,1,,6,BYE,,
Zechariah Sample,Zechariah Sample,TXST,WR,WR3,WR3,1,,6,BYE,,
Kylen Evans,Kylen Evans,TXST,WR,WR4+,WR4+,1,,6,BYE,,
Tucker Cusano,Tucker Cusano,TXST,WR,WR4+,WR4+,1,,6,BYE,,
Ryder Burton,Ryder Burton,UAB,QB,QB1,QB,1,,6,@MEM,58.4,QB PY=38;QB RY=79;QB P+R=45;P TD=92.5;QB TD=37.5
Nate Rogers,Nate Rogers,UAB,QB,QB2,QB,1,,6,@MEM,58.4,QB PY=38;QB RY=79;QB P+R=45;P TD=92.5;QB TD=37.5
Rod Robinson II,Rod Robinson II,UAB,RB,RB1,RB1,1,,6,@MEM,47.9,RB1 RY=91;RB1 Recep=16;RB1 RecY=2;RB R+R=50;RB1 TD=80.5
Bam McReynolds,Bam McReynolds,UAB,RB,RB2,RB2,1,,6,@MEM,76.1,RB2+ RY=36;RB2 Recep=102.5;RB2 RecY=129;RB R+R=50;RB2 TD=63
Ja'Vin Simpkins,Ja'Vin Simpkins,UAB,RB,RB3,RB2,1,,6,@MEM,76.1,RB2+ RY=36;RB2 Recep=102.5;RB2 RecY=129;RB R+R=50;RB2 TD=63
Scott Isacks,Scott Isacks,UAB,TE,TE1,TE1,1,,6,@MEM,120.0,TE1 Recep=109;TE1 RecY=116;TE1 TD=135
Gabriel Cline,Gabriel Cline,UAB,TE,TE2,TE2,1,,6,@MEM,28.33,TE2 Recep=20;TE2 RecY=17;TE2 TD=48
Ty Mims,Ty Mims,UAB,WR,WR1,WR1,1,,6,@MEM,70.5,WR1 Recep=87;WR1 RecY=55;WR1 TD=69.5
EJ Reid,EJ Reid,UAB,WR,WR2,WR2,1,,6,@MEM,42.5,WR2 Recep=46;WR2 RecY=28;WR2 TD=53.5
CJ Smith,CJ Smith,UAB,WR,WR3,WR3,1,,6,@MEM,43.17,WR3 Recep=52;WR3 RecY=56;WR3 TD=21.5
KJ Daniels,KJ Daniels,UAB,WR,WR4+,WR4+,1,,6,@MEM,65.0,WR4+ Recep=72;WR4+ RecY=56;WR4+ TD=67
Keyone Jenkins,Keyone Jenkins,UCF,QB,QB1,QB,1,,6,@OKST,49.8,QB PY=68;QB RY=41;QB P+R=56;P TD=57;QB TD=27
Kaleb Annett,Kaleb Annett,UCF,QB,QB2,QB,1,,6,@OKST,49.8,QB PY=68;QB RY=41;QB P+R=56;P TD=57;QB TD=27
Duke Watson,Duke Watson,UCF,RB,RB1,RB1,1,,6,@OKST,44.4,RB1 RY=4;RB1 Recep=92;RB1 RecY=69;RB R+R=28;RB1 TD=29
Taevion Swint,Taevion Swint,UCF,RB,RB2,RB2,1,,6,@OKST,78.9,RB2+ RY=60;RB2 Recep=122.5;RB2 RecY=103;RB R+R=28;RB2 TD=81
Landen Chambers,Landen Chambers,UCF,RB,RB3,RB2,1,,6,@OKST,78.9,RB2+ RY=60;RB2 Recep=122.5;RB2 RecY=103;RB R+R=28;RB2 TD=81
Dylan Wade,Dylan Wade,UCF,TE,TE1,TE1,1,,6,@OKST,105.0,TE1 Recep=134;TE1 RecY=118;TE1 TD=63
Caden Piening,Caden Piening,UCF,TE,TE2,TE2,1,,6,@OKST,98.5,TE2 Recep=105;TE2 RecY=119;TE2 TD=71.5
Josh Derry,Josh Derry,UCF,WR,WR1,WR1,1,,6,@OKST,82.33,WR1 Recep=101;WR1 RecY=66;WR1 TD=80
Waden Charles,Waden Charles,UCF,WR,WR2,WR2,1,,6,@OKST,22.0,WR2 Recep=34;WR2 RecY=27;WR2 TD=5
Tyren Hornes,Tyren Hornes,UCF,WR,WR3,WR3,1,,6,@OKST,56.0,WR3 Recep=46;WR3 RecY=26;WR3 TD=96
Caleb Flagg,Caleb Flagg,UCF,WR,WR4+,WR4+,1,,6,@OKST,61.33,WR4+ Recep=51;WR4+ RecY=60;WR4+ TD=73
Ric'Darious Farmer,Ric'Darious Farmer,UCF,WR,WR4+,WR4+,1,,6,@OKST,61.33,WR4+ Recep=51;WR4+ RecY=60;WR4+ TD=73
Nico Iamaleava,Nico Iamaleava,UCLA,QB,QB1,QB,1,,6,@ORE,91.4,QB PY=94;QB RY=102;QB P+R=102;P TD=63;QB TD=96
Madden Iamaleava,Madden Iamaleava,UCLA,QB,QB2,QB,1,,6,@ORE,91.4,QB PY=94;QB RY=102;QB P+R=102;P TD=63;QB TD=96
Wayne Knight,Wayne Knight,UCLA,RB,RB1,RB1,1,,6,@ORE,103.1,RB1 RY=95;RB1 Recep=75;RB1 RecY=119;RB R+R=112;RB1 TD=114.5
Anthony Woods,Anthony Woods,UCLA,RB,RB2,RB2,1,,6,@ORE,106.1,RB2+ RY=97;RB2 Recep=132;RB2 RecY=86;RB R+R=112;RB2 TD=103.5
Jaivian Thomas,Jaivian Thomas,UCLA,RB,RB3,RB2,1,,6,@ORE,106.1,RB2+ RY=97;RB2 Recep=132;RB2 RecY=86;RB R+R=112;RB2 TD=103.5
Brayden Loftin,Brayden Loftin,UCLA,TE,TE1,TE1,1,,6,@ORE,27.67,TE1 Recep=11;TE1 RecY=52;TE1 TD=20
Josh Phifer,Josh Phifer,UCLA,TE,TE2,TE2,1,,6,@ORE,115.67,TE2 Recep=111;TE2 RecY=111;TE2 TD=125
Semaj Morgan,Semaj Morgan,UCLA,WR,WR1,WR1,1,,6,@ORE,64.33,WR1 Recep=102.5;WR1 RecY=32;WR1 TD=58.5
Brian Rowe Jr.,Brian Rowe Jr.,UCLA,WR,WR2,WR2,1,,6,@ORE,94.0,WR2 Recep=107;WR2 RecY=124;WR2 TD=51
Landon Ellis,Landon Ellis,UCLA,WR,WR3,WR3,1,,6,@ORE,99.67,WR3 Recep=100;WR3 RecY=89;WR3 TD=110
Leland Smith,Leland Smith,UCLA,WR,WR4+,WR4+,1,,6,@ORE,86.67,WR4+ Recep=102;WR4+ RecY=80;WR4+ TD=78
Aidan Mizell,Aidan Mizell,UCLA,WR,WR4+,WR4+,1,,6,@ORE,86.67,WR4+ Recep=102;WR4+ RecY=80;WR4+ TD=78
Gunner Stockton,Gunner Stockton,UGA,QB,QB1,QB,1,,6,@ALA,94.6,QB PY=88;QB RY=103;QB P+R=93;P TD=78;QB TD=111
Ryan Puglisi,Ryan Puglisi,UGA,QB,QB2,QB,1,,6,@ALA,94.6,QB PY=88;QB RY=103;QB P+R=93;P TD=78;QB TD=111
Chauncey Bowens,Chauncey Bowens,UGA,RB,RB1,RB1,1,,6,@ALA,99.8,RB1 RY=108;RB1 Recep=54;RB1 RecY=114;RB R+R=124;RB1 TD=99
Dwight Phillips Jr.,Dwight Phillips Jr.,UGA,RB,RB2,RB2,1,,6,@ALA,91.5,RB2+ RY=131;RB2 Recep=46.5;RB2 RecY=25;RB R+R=124;RB2 TD=131
Nate Frazier,Nate Frazier,UGA,RB,RB3,RB2,1,,6,@ALA,91.5,RB2+ RY=131;RB2 Recep=46.5;RB2 RecY=25;RB R+R=124;RB2 TD=131
Lawson Luckie,Lawson Luckie,UGA,TE,TE1,TE1,1,,6,@ALA,74.67,TE1 Recep=31;TE1 RecY=104;TE1 TD=89
Elyiss Williams,Elyiss Williams,UGA,TE,TE2,TE2,1,,6,@ALA,40.5,TE2 Recep=48.5;TE2 RecY=28;TE2 TD=45
Talyn Taylor,Talyn Taylor,UGA,WR,WR1,WR1,1,,6,@ALA,38.0,WR1 Recep=49;WR1 RecY=48;WR1 TD=17
London Humphreys,London Humphreys,UGA,WR,WR2,WR2,1,,6,@ALA,110.33,WR2 Recep=126;WR2 RecY=101;WR2 TD=104
Craig Dandridge,Craig Dandridge,UGA,WR,WR3,WR3,1,,6,@ALA,88.5,WR3 Recep=129;WR3 RecY=42;WR3 TD=94.5
Sacovie White-Helton,Sacovie White-Helton,UGA,WR,WR4+,WR4+,1,,6,@ALA,104.5,WR4+ Recep=115.5;WR4+ RecY=113;WR4+ TD=85
Thomas Blackshear,Thomas Blackshear,UGA,WR,WR4+,WR4+,1,,6,@ALA,104.5,WR4+ Recep=115.5;WR4+ RecY=113;WR4+ TD=85
Kenny Minchey,Kenny Minchey,UK,QB,QB1,QB,1,,6,LSU,113.8,QB PY=112;QB RY=120;QB P+R=124;P TD=130;QB TD=83
Callum Wither,Callum Wither,UK,QB,QB2,QB,1,,6,LSU,113.8,QB PY=112;QB RY=120;QB P+R=124;P TD=130;QB TD=83
CJ Baxter,CJ Baxter,UK,RB,RB1,RB1,1,,6,LSU,117.3,RB1 RY=129;RB1 Recep=86;RB1 RecY=124;RB R+R=135;RB1 TD=112.5
Jason Patterson,Jason Patterson,UK,RB,RB2,RB2,1,,6,LSU,120.6,RB2+ RY=127;RB2 Recep=128;RB2 RecY=117;RB R+R=135;RB2 TD=96
Jovantae Barnes,Jovantae Barnes,UK,RB,RB3,RB2,1,,6,LSU,120.6,RB2+ RY=127;RB2 Recep=128;RB2 RecY=117;RB R+R=135;RB2 TD=96
Willie Rodriguez,Willie Rodriguez,UK,TE,TE1,TE1,1,,6,LSU,80.17,TE1 Recep=50;TE1 RecY=58;TE1 TD=132.5
Henry Boyer,Henry Boyer,UK,TE,TE2,TE2,1,,6,LSU,53.83,TE2 Recep=29;TE2 RecY=72;TE2 TD=60.5
Kenny Darby,Kenny Darby,UK,WR,WR1,WR1,1,,6,LSU,75.33,WR1 Recep=95;WR1 RecY=96;WR1 TD=35
Nic Anderson,Nic Anderson,UK,WR,WR2,WR2,1,,6,LSU,118.0,WR2 Recep=123;WR2 RecY=112;WR2 TD=119
DJ Miller,DJ Miller,UK,WR,WR3,WR3,1,,6,LSU,62.17,WR3 Recep=45;WR3 RecY=63;WR3 TD=78.5
Shane Carr,Shane Carr,UK,WR,WR4+,WR4+,1,,6,LSU,104.83,WR4+ Recep=92;WR4+ RecY=91;WR4+ TD=131.5
Ja'Kayden Ferguson,Ja'Kayden Ferguson,UK,WR,WR4+,WR4+,1,,6,LSU,104.83,WR4+ Recep=92;WR4+ RecY=91;WR4+ TD=131.5
Lunch Winfield,Lunch Winfield,UL,QB,QB1,QB,1,,6,@LT,58.2,QB PY=86;QB RY=35;QB P+R=69;P TD=99;QB TD=2
Daniel Beale,Daniel Beale,UL,QB,QB2,QB,1,,6,@LT,58.2,QB PY=86;QB RY=35;QB P+R=69;P TD=99;QB TD=2
Steven Blanco,Steven Blanco,UL,RB,RB1,RB1,1,,6,@LT,107.9,RB1 RY=112;RB1 Recep=96;RB1 RecY=98;RB R+R=117;RB1 TD=116.5
Anthony Reagan Jr.,Anthony Reagan Jr.,UL,RB,RB2,RB2,1,,6,@LT,84.5,RB2+ RY=99;RB2 Recep=25;RB2 RecY=71;RB R+R=117;RB2 TD=110.5
JJ Garner,JJ Garner,UL,RB,RB3,RB2,1,,6,@LT,84.5,RB2+ RY=99;RB2 Recep=25;RB2 RecY=71;RB R+R=117;RB2 TD=110.5
Caden Jensen,Caden Jensen,UL,TE,TE1,TE1,1,,6,@LT,51.83,TE1 Recep=98;TE1 RecY=41;TE1 TD=16.5
Brock Chappell,Brock Chappell,UL,TE,TE2,TE2,1,,6,@LT,107.83,TE2 Recep=109;TE2 RecY=97.5;TE2 TD=117
Landon Strother,Landon Strother,UL,WR,WR1,WR1,1,,6,@LT,94.33,WR1 Recep=64;WR1 RecY=88;WR1 TD=131
Kristion Brooks,Kristion Brooks,UL,WR,WR2,WR2,1,,6,@LT,60.17,WR2 Recep=79;WR2 RecY=55;WR2 TD=46.5
Russell Babineaux,Russell Babineaux,UL,WR,WR3,WR3,1,,6,@LT,49.67,WR3 Recep=107;WR3 RecY=38;WR3 TD=4
Trenton Chaney,Trenton Chaney,UL,WR,WR4+,WR4+,1,,6,@LT,96.0,WR4+ Recep=91;WR4+ RecY=93;WR4+ TD=104
KeDarius Wade,KeDarius Wade,UL,WR,WR4+,WR4+,1,,6,@LT,96.0,WR4+ Recep=91;WR4+ RecY=93;WR4+ TD=104
Aidan Armenta,Aidan Armenta,ULM,QB,QB1,QB,1,,6,BYE,,
Austin Carlisle,Austin Carlisle,ULM,QB,QB2,QB,1,,6,BYE,,
Zach Palmer-Smith,Zach Palmer-Smith,ULM,RB,RB1,RB1,1,,6,BYE,,
CJ Phillip,CJ Phillip,ULM,RB,RB2,RB2,1,,6,BYE,,
Bryson Roland,Bryson Roland,ULM,RB,RB3,RB2,1,,6,BYE,,
Bryce Anderson,Bryce Anderson,ULM,TE,TE1,TE1,1,,6,BYE,,
Cade Callahan,Cade Callahan,ULM,TE,TE2,TE2,1,,6,BYE,,
Marcellus Jackson,Marcellus Jackson,ULM,WR,WR1,WR1,1,,6,BYE,,
Parker Fulghum,Parker Fulghum,ULM,WR,WR2,WR2,1,,6,BYE,,
LT Robinson,LT Robinson,ULM,WR,WR3,WR3,1,,6,BYE,,
Nic Trujillo,Nic Trujillo,ULM,WR,WR4+,WR4+,1,,6,BYE,,
JP Coulter,JP Coulter,ULM,WR,WR4+,WR4+,1,,6,BYE,,
Billy Edwards Jr.,Billy Edwards Jr.,UNC,QB,QB1,QB,1,,6,@PITT,80.9,QB PY=19;QB RY=138;QB P+R=61;P TD=64.5;QB TD=122
Miles O'Neill,Miles O'Neill,UNC,QB,QB2,QB,1,,6,@PITT,80.9,QB PY=19;QB RY=138;QB P+R=61;P TD=64.5;QB TD=122
Benjamin Hall,Benjamin Hall,UNC,RB,RB1,RB1,1,,6,@PITT,88.6,RB1 RY=130;RB1 Recep=10;RB1 RecY=50;RB R+R=130;RB1 TD=123
Demon June,Demon June,UNC,RB,RB2,RB2,1,,6,@PITT,93.2,RB2+ RY=120;RB2 Recep=37;RB2 RecY=93;RB R+R=130;RB2 TD=86
Jaylen McGill,Jaylen McGill,UNC,RB,RB3,RB2,1,,6,@PITT,93.2,RB2+ RY=120;RB2 Recep=37;RB2 RecY=93;RB R+R=130;RB2 TD=86
Jelani Thurman,Jelani Thurman,UNC,TE,TE1,TE1,1,,6,@PITT,25.83,TE1 Recep=10;TE1 RecY=6;TE1 TD=61.5
Shamar Easter,Shamar Easter,UNC,TE,TE2,TE2,1,,6,@PITT,51.5,TE2 Recep=54.5;TE2 RecY=47;TE2 TD=53
Jordan Shipp,Jordan Shipp,UNC,WR,WR1,WR1,1,,6,@PITT,70.17,WR1 Recep=63;WR1 RecY=47;WR1 TD=100.5
C.J. Sadler,C.J. Sadler,UNC,WR,WR2,WR2,1,,6,@PITT,28.67,WR2 Recep=21;WR2 RecY=20;WR2 TD=45
Trech Kekahuna,Trech Kekahuna,UNC,WR,WR3,WR3,1,,6,@PITT,58.83,WR3 Recep=63.5;WR3 RecY=98;WR3 TD=15
Mason Humphrey,Mason Humphrey,UNC,WR,WR4+,WR4+,1,,6,@PITT,31.17,WR4+ Recep=22.5;WR4+ RecY=16;WR4+ TD=55
Zamaurious Robertson,Zamaurious Robertson,UNC,WR,WR4+,WR4+,1,,6,@PITT,31.17,WR4+ Recep=22.5;WR4+ RecY=16;WR4+ TD=55
Jackson Arnold,Jackson Arnold,UNLV,QB,QB1,QB,1,,6,NDSU,42.0,QB PY=28;QB RY=38;QB P+R=25;P TD=41;QB TD=78
Alex Orji,Alex Orji,UNLV,QB,QB2,QB,1,,6,NDSU,42.0,QB PY=28;QB RY=38;QB P+R=25;P TD=41;QB TD=78
Jai'Den Thomas,Jai'Den Thomas,UNLV,RB,RB1,RB1,1,,6,NDSU,136.0,RB1 RY=138;RB1 Recep=137;RB1 RecY=129;RB R+R=138;RB1 TD=138
Darrien Jones,Darrien Jones,UNLV,RB,RB2,RB2,1,,6,NDSU,110.0,RB2+ RY=137;RB2 Recep=73;RB2 RecY=64;RB R+R=138;RB2 TD=138
Jaylon Glover,Jaylon Glover,UNLV,RB,RB3,RB2,1,,6,NDSU,110.0,RB2+ RY=137;RB2 Recep=73;RB2 RecY=64;RB R+R=138;RB2 TD=138
Keyan Burnett,Keyan Burnett,UNLV,TE,TE1,TE1,1,,6,NDSU,132.5,TE1 Recep=135;TE1 RecY=125;TE1 TD=137.5
Jae Beasley II,Jae Beasley II,UNLV,TE,TE2,TE2,1,,6,NDSU,104.67,TE2 Recep=94;TE2 RecY=88;TE2 TD=132
Taz Reddicks,Taz Reddicks,UNLV,WR,WR1,WR1,1,,6,NDSU,53.33,WR1 Recep=104;WR1 RecY=3;WR1 TD=53
Kayden McGee,Kayden McGee,UNLV,WR,WR2,WR2,1,,6,NDSU,10.0,WR2 Recep=24;WR2 RecY=5;WR2 TD=1
Taeshaun Lyons,Taeshaun Lyons,UNLV,WR,WR3,WR3,1,,6,NDSU,64.83,WR3 Recep=7;WR3 RecY=50;WR3 TD=137.5
Vincent Carner,Vincent Carner,UNLV,WR,WR4+,WR4+,1,,6,NDSU,108.83,WR4+ Recep=71;WR4+ RecY=118;WR4+ TD=137.5
Troy Stellato,Troy Stellato,UNLV,WR,WR4+,WR4+,1,,6,NDSU,108.83,WR4+ Recep=71;WR4+ RecY=118;WR4+ TD=137.5
Toa Fa'avae,Toa Fa'avae,UNM,QB,QB1,QB,1,,6,BYE,,
Luke Moga,Luke Moga,UNM,QB,QB2,QB,1,,6,BYE,,
Scottre Humphrey,Scottre Humphrey,UNM,RB,RB1,RB1,1,,6,BYE,,
Kiefer Sibley,Kiefer Sibley,UNM,RB,RB2,RB2,1,,6,BYE,,
Cameron Mathews,Cameron Mathews,UNM,RB,RB3,RB2,1,,6,BYE,,
Cade Keith,Cade Keith,UNM,TE,TE1,TE1,1,,6,BYE,,
Trey Moore,Trey Moore,UNM,TE,TE2,TE2,1,,6,BYE,,
Bailen George,Bailen George,UNM,WR,WR1,WR1,1,,6,BYE,,
DJ Darling,DJ Darling,UNM,WR,WR2,WR2,1,,6,BYE,,
Massiah Mingo,Massiah Mingo,UNM,WR,WR3,WR3,1,,6,BYE,,
Miles Williams,Miles Williams,UNM,WR,WR4+,WR4+,1,,6,BYE,,
Zhaiel Smith,Zhaiel Smith,UNM,WR,WR4+,WR4+,1,,6,BYE,,
Tayven Jackson,Tayven Jackson,UNT,QB,QB1,QB,1,,6,CLT,9.7,QB PY=5;QB RY=17;QB P+R=2;P TD=10.5;QB TD=14
Chaston Ditta,Chaston Ditta,UNT,QB,QB2,QB,1,,6,CLT,9.7,QB PY=5;QB RY=17;QB P+R=2;P TD=10.5;QB TD=14
Jahiem White,Jahiem White,UNT,RB,RB1,RB1,1,,6,CLT,46.3,RB1 RY=37;RB1 Recep=90.5;RB1 RecY=90;RB R+R=13;RB1 TD=1
Brendon Haygood,Brendon Haygood,UNT,RB,RB2,RB2,1,,6,CLT,42.4,RB2+ RY=8;RB2 Recep=97;RB2 RecY=89;RB R+R=13;RB2 TD=5
Adarion Nettles,Adarion Nettles,UNT,RB,RB3,RB2,1,,6,CLT,42.4,RB2+ RY=8;RB2 Recep=97;RB2 RecY=89;RB R+R=13;RB2 TD=5
Max Reese,Max Reese,UNT,TE,TE1,TE1,1,,6,CLT,60.5,TE1 Recep=90;TE1 RecY=67;TE1 TD=24.5
Brec Long,Brec Long,UNT,TE,TE2,TE2,1,,6,CLT,56.33,TE2 Recep=54.5;TE2 RecY=24;TE2 TD=90.5
Justin Stevenson,Justin Stevenson,UNT,WR,WR1,WR1,1,,6,CLT,70.0,WR1 Recep=59;WR1 RecY=49;WR1 TD=102
Corri Milliner,Corri Milliner,UNT,WR,WR2,WR2,1,,6,CLT,52.5,WR2 Recep=30;WR2 RecY=81;WR2 TD=46.5
Kyle Koch,Kyle Koch,UNT,WR,WR3,WR3,1,,6,CLT,9.33,WR3 Recep=2;WR3 RecY=2;WR3 TD=24
Baron Tipton,Baron Tipton,UNT,WR,WR4+,WR4+,1,,6,CLT,2.33,WR4+ Recep=3;WR4+ RecY=3;WR4+ TD=1
Grayson O'Bara,Grayson O'Bara,UNT,WR,WR4+,WR4+,1,,6,CLT,2.33,WR4+ Recep=3;WR4+ RecY=3;WR4+ TD=1
Jared Hollins,Jared Hollins,USA,QB,QB1,QB,1,,6,@ARST,42.3,QB PY=39;QB RY=22.5;QB P+R=30;P TD=61;QB TD=59
PJ Martin,PJ Martin,USA,RB,RB1,RB1,1,,6,@ARST,31.1,RB1 RY=15;RB1 Recep=60.5;RB1 RecY=65;RB R+R=10;RB1 TD=5
Keenan Phillips,Keenan Phillips,USA,RB,RB2,RB2,1,,6,@ARST,44.3,RB2+ RY=12;RB2 Recep=74;RB2 RecY=77;RB R+R=10;RB2 TD=48.5
Trae'von Dunbar,Trae'von Dunbar,USA,RB,RB3,RB2,1,,6,@ARST,44.3,RB2+ RY=12;RB2 Recep=74;RB2 RecY=77;RB R+R=10;RB2 TD=48.5
Rod Gibbs,Rod Gibbs,USA,TE,TE1,TE1,1,,6,@ARST,20.33,TE1 Recep=12;TE1 RecY=5;TE1 TD=44
Everett Hunter,Everett Hunter,USA,TE,TE2,TE2,1,,6,@ARST,11.33,TE2 Recep=12.5;TE2 RecY=15;TE2 TD=6.5
Jeremiah Jones-Thomas,Jeremiah Jones-Thomas,USA,WR,WR1,WR1,1,,6,@ARST,51.5,WR1 Recep=83;WR1 RecY=46;WR1 TD=25.5
Anthony Eager,Anthony Eager,USA,WR,WR2,WR2,1,,6,@ARST,111.0,WR2 Recep=117;WR2 RecY=109;WR2 TD=107
Brendan Jenkins,Brendan Jenkins,USA,WR,WR3,WR3,1,,6,@ARST,98.67,WR3 Recep=96;WR3 RecY=87;WR3 TD=113
Micah Woods,Micah Woods,USA,WR,WR4+,WR4+,1,,6,@ARST,73.5,WR4+ Recep=63.5;WR4+ RecY=42;WR4+ TD=115
Noah Toster,Noah Toster,USA,WR,WR4+,WR4+,1,,6,@ARST,73.5,WR4+ Recep=63.5;WR4+ RecY=42;WR4+ TD=115
Jayden Maiava,Jayden Maiava,USC,QB,QB1,QB,1,,6,@PSU,106.9,QB PY=138;QB RY=74;QB P+R=137;P TD=133;QB TD=52.5
King Miller,King Miller,USC,RB,RB1,RB1,1,,6,@PSU,62.0,RB1 RY=74;RB1 Recep=18;RB1 RecY=29;RB R+R=60;RB1 TD=129
Waymond Jordan,Waymond Jordan,USC,RB,RB2,RB2,1,,6,@PSU,82.8,RB2+ RY=48;RB2 Recep=125;RB2 RecY=118;RB R+R=60;RB2 TD=63
Riley Wormley,Riley Wormley,USC,RB,RB3,RB2,1,,6,@PSU,82.8,RB2+ RY=48;RB2 Recep=125;RB2 RecY=118;RB R+R=60;RB2 TD=63
Mark Bowman,Mark Bowman,USC,TE,TE1,TE1,1,,6,@PSU,26.33,TE1 Recep=1;TE1 RecY=2;TE1 TD=76
Carson Tabaracci,Carson Tabaracci,USC,TE,TE2,TE2,1,,6,@PSU,62.33,TE2 Recep=53;TE2 RecY=78;TE2 TD=56
Tanook Hines,Tanook Hines,USC,WR,WR1,WR1,1,,6,@PSU,130.0,WR1 Recep=135;WR1 RecY=135;WR1 TD=120
Kayden Dixon-Wyatt,Kayden Dixon-Wyatt,USC,WR,WR2,WR2,1,,6,@PSU,133.67,WR2 Recep=135;WR2 RecY=137;WR2 TD=129
Zacharyus Williams,Zacharyus Williams,USC,WR,WR3,WR3,1,,6,@PSU,117.67,WR3 Recep=134;WR3 RecY=137;WR3 TD=82
Ethan Feaster,Ethan Feaster,USC,WR,WR4+,WR4+,1,,6,@PSU,136.67,WR4+ Recep=137;WR4+ RecY=137;WR4+ TD=136
Corey Simms,Corey Simms,USC,WR,WR4+,WR4+,1,,6,@PSU,136.67,WR4+ Recep=137;WR4+ RecY=137;WR4+ TD=136
Michael Van Buren Jr.,Michael Van Buren Jr.,USF,QB,QB1,QB,1,,6,@UTSA,38.4,QB PY=48;QB RY=36;QB P+R=39;P TD=56;QB TD=13
Luke Kromenhoek,Luke Kromenhoek,USF,QB,QB2,QB,1,,6,@UTSA,38.4,QB PY=48;QB RY=36;QB P+R=39;P TD=56;QB TD=13
D.J. Crowther,D.J. Crowther,USF,RB,RB1,RB1,1,,6,@UTSA,65.6,RB1 RY=97;RB1 Recep=25;RB1 RecY=27;RB R+R=44;RB1 TD=135
Jason Collins Jr.,Jason Collins Jr.,USF,RB,RB2,RB2,1,,6,@UTSA,59.7,RB2+ RY=14;RB2 Recep=99.5;RB2 RecY=114;RB R+R=44;RB2 TD=27
Tray Kinkle,Tray Kinkle,USF,RB,RB3,RB2,1,,6,@UTSA,59.7,RB2+ RY=14;RB2 Recep=99.5;RB2 RecY=114;RB R+R=44;RB2 TD=27
Wyatt Sullivan,Wyatt Sullivan,USF,TE,TE1,TE1,1,,6,@UTSA,119.17,TE1 Recep=120;TE1 RecY=134;TE1 TD=103.5
Evan Dangler,Evan Dangler,USF,TE,TE2,TE2,1,,6,@UTSA,87.67,TE2 Recep=129;TE2 RecY=89;TE2 TD=45
Joshua Porter,Joshua Porter,USF,WR,WR1,WR1,1,,6,@UTSA,45.67,WR1 Recep=65;WR1 RecY=56;WR1 TD=16
Bryson Rodgers,Bryson Rodgers,USF,WR,WR2,WR2,1,,6,@UTSA,49.0,WR2 Recep=62;WR2 RecY=45;WR2 TD=40
Mudia Reuben,Mudia Reuben,USF,WR,WR3,WR3,1,,6,@UTSA,32.83,WR3 Recep=25.5;WR3 RecY=12;WR3 TD=61
Cameron Seldon,Cameron Seldon,USF,WR,WR4+,WR4+,1,,6,@UTSA,35.5,WR4+ Recep=15;WR4+ RecY=20;WR4+ TD=71.5
Arhmad Branch,Arhmad Branch,USF,WR,WR4+,WR4+,1,,6,@UTSA,35.5,WR4+ Recep=15;WR4+ RecY=20;WR4+ TD=71.5
Landry Lyddy,Landry Lyddy,USM,QB,QB1,QB,1,,6,@TROY,96.1,QB PY=98;QB RY=84;QB P+R=98;P TD=67.5;QB TD=133
Ethan Hampton,Ethan Hampton,USM,QB,QB2,QB,1,,6,@TROY,96.1,QB PY=98;QB RY=84;QB P+R=98;P TD=67.5;QB TD=133
Steven Robinson,Steven Robinson,USM,RB,RB1,RB1,1,,6,@TROY,40.4,RB1 RY=14;RB1 Recep=31;RB1 RecY=53;RB R+R=83;RB1 TD=21
Jamarice Wilder,Jamarice Wilder,USM,RB,RB2,RB2,1,,6,@TROY,95.6,RB2+ RY=119;RB2 Recep=53;RB2 RecY=108;RB R+R=83;RB2 TD=115
Dusty Zimmer,Dusty Zimmer,USM,RB,RB3,RB2,1,,6,@TROY,95.6,RB2+ RY=119;RB2 Recep=53;RB2 RecY=108;RB R+R=83;RB2 TD=115
Jeremiah Beck Jr.,Jeremiah Beck Jr.,USM,TE,TE1,TE1,1,,6,@TROY,133.83,TE1 Recep=137;TE1 RecY=137;TE1 TD=127.5
Broderick Peters,Broderick Peters,USM,TE,TE2,TE2,1,,6,@TROY,129.67,TE2 Recep=135;TE2 RecY=137;TE2 TD=117
Mario Sanders,Mario Sanders,USM,WR,WR1,WR1,1,,6,@TROY,47.33,WR1 Recep=57;WR1 RecY=67;WR1 TD=18
AJ Little,AJ Little,USM,WR,WR2,WR2,1,,6,@TROY,60.5,WR2 Recep=50.5;WR2 RecY=43;WR2 TD=88
MJ Johnson,MJ Johnson,USM,WR,WR3,WR3,1,,6,@TROY,34.33,WR3 Recep=23;WR3 RecY=48;WR3 TD=32
Davis Dalton,Davis Dalton,USM,WR,WR4+,WR4+,1,,6,@TROY,51.67,WR4+ Recep=74;WR4+ RecY=43;WR4+ TD=38
Jaylen Himes,Jaylen Himes,USM,WR,WR4+,WR4+,1,,6,@TROY,51.67,WR4+ Recep=74;WR4+ RecY=43;WR4+ TD=38
Grady Brosterhous,Grady Brosterhous,USU,QB,QB1,QB,1,,6,WSU,56.4,QB PY=67;QB RY=47;QB P+R=57;P TD=53;QB TD=58
McCae Hillstead,McCae Hillstead,USU,QB,QB2,QB,1,,6,WSU,56.4,QB PY=67;QB RY=47;QB P+R=57;P TD=53;QB TD=58
Javen Jacobs,Javen Jacobs,USU,RB,RB1,RB1,1,,6,WSU,81.3,RB1 RY=75;RB1 Recep=105.5;RB1 RecY=106;RB R+R=53;RB1 TD=67
Noah White,Noah White,USU,RB,RB2,RB2,1,,6,WSU,48.6,RB2+ RY=46;RB2 Recep=23;RB2 RecY=32;RB R+R=53;RB2 TD=89
Nehemiah Washington,Nehemiah Washington,USU,RB,RB3,RB2,1,,6,WSU,48.6,RB2+ RY=46;RB2 Recep=23;RB2 RecY=32;RB R+R=53;RB2 TD=89
Kache Kaio,Kache Kaio,USU,TE,TE1,TE1,1,,6,WSU,70.5,TE1 Recep=49;TE1 RecY=92;TE1 TD=70.5
Eli Wood,Eli Wood,USU,WR,WR1,WR1,1,,6,WSU,17.67,WR1 Recep=4;WR1 RecY=29;WR1 TD=20
Nikko Boncore,Nikko Boncore,USU,WR,WR2,WR2,1,,6,WSU,85.83,WR2 Recep=56;WR2 RecY=91;WR2 TD=110.5
Javon Robinson,Javon Robinson,USU,WR,WR3,WR3,1,,6,WSU,40.33,WR3 Recep=61.5;WR3 RecY=47;WR3 TD=12.5
Demick Starling,Demick Starling,USU,WR,WR4+,WR4+,1,,6,WSU,59.33,WR4+ Recep=50;WR4+ RecY=81;WR4+ TD=47
Kaina Watson,Kaina Watson,USU,WR,WR4+,WR4+,1,,6,WSU,59.33,WR4+ Recep=50;WR4+ RecY=81;WR4+ TD=47
Devon Dampier,Devon Dampier,UTAH,QB,QB1,QB,1,,6,KU,98.6,QB PY=118;QB RY=76.5;QB P+R=120;P TD=66;QB TD=112.5
Byrd Ficklin,Byrd Ficklin,UTAH,QB,QB2,QB,1,,6,KU,98.6,QB PY=118;QB RY=76.5;QB P+R=120;P TD=66;QB TD=112.5
Wayshawn Parker,Wayshawn Parker,UTAH,RB,RB1,RB1,1,,6,KU,104.8,RB1 RY=50;RB1 Recep=130;RB1 RecY=134;RB R+R=105;RB1 TD=105
Daniel Bray,Daniel Bray,UTAH,RB,RB2,RB2,1,,6,KU,87.9,RB2+ RY=113;RB2 Recep=33.5;RB2 RecY=106;RB R+R=105;RB2 TD=82
Team,Team,UTAH,RB,RB3,RB2,1,,6,KU,87.9,RB2+ RY=113;RB2 Recep=33.5;RB2 RecY=106;RB R+R=105;RB2 TD=82
Noah Bennee,Noah Bennee,UTAH,TE,TE1,TE1,1,,6,KU,98.17,TE1 Recep=131.5;TE1 RecY=136;TE1 TD=27
Hunter Andrews,Hunter Andrews,UTAH,TE,TE2,TE2,1,,6,KU,107.17,TE2 Recep=122;TE2 RecY=109;TE2 TD=90.5
Braden Pegan,Braden Pegan,UTAH,WR,WR1,WR1,1,,6,KU,63.5,WR1 Recep=81;WR1 RecY=53;WR1 TD=56.5
Creed Whittemore,Creed Whittemore,UTAH,WR,WR2,WR2,1,,6,KU,50.33,WR2 Recep=82;WR2 RecY=36;WR2 TD=33
Ricky Johnson,Ricky Johnson,UTAH,WR,WR3,WR3,1,,6,KU,118.17,WR3 Recep=122;WR3 RecY=115;WR3 TD=117.5
Larry Simmons,Larry Simmons,UTAH,WR,WR4+,WR4+,1,,6,KU,108.67,WR4+ Recep=114;WR4+ RecY=103;WR4+ TD=109
Kyri Shoels,Kyri Shoels,UTAH,WR,WR4+,WR4+,1,,6,KU,108.67,WR4+ Recep=114;WR4+ RecY=103;WR4+ TD=109
EJ Colson Jr.,EJ Colson Jr.,UTEP,QB,QB1,QB,1,,6,NEV,73.5,QB PY=124;QB RY=3;QB P+R=74;P TD=119.5;QB TD=47
Raymond Moore III,Raymond Moore III,UTEP,QB,QB2,QB,1,,6,NEV,73.5,QB PY=124;QB RY=3;QB P+R=74;P TD=119.5;QB TD=47
Tavorus Jones,Tavorus Jones,UTEP,RB,RB1,RB1,1,,6,NEV,48.8,RB1 RY=33;RB1 Recep=87;RB1 RecY=87;RB R+R=33;RB1 TD=4
Jaden Moore,Jaden Moore,UTEP,RB,RB2,RB2,1,,6,NEV,59.2,RB2+ RY=34;RB2 Recep=81;RB2 RecY=81;RB R+R=33;RB2 TD=67
Kam Thomas,Kam Thomas,UTEP,RB,RB3,RB2,1,,6,NEV,59.2,RB2+ RY=34;RB2 Recep=81;RB2 RecY=81;RB R+R=33;RB2 TD=67
Cash Cheeks,Cash Cheeks,UTEP,TE,TE1,TE1,1,,6,NEV,73.0,TE1 Recep=77;TE1 RecY=13;TE1 TD=129
Jaden Smith,Jaden Smith,UTEP,WR,WR1,WR1,1,,6,NEV,105.67,WR1 Recep=102.5;WR1 RecY=131;WR1 TD=83.5
Carver Cheeks,Carver Cheeks,UTEP,WR,WR2,WR2,1,,6,NEV,68.67,WR2 Recep=73;WR2 RecY=60;WR2 TD=73
Jeremiah Nash,Jeremiah Nash,UTEP,WR,WR3,WR3,1,,6,NEV,121.83,WR3 Recep=131;WR3 RecY=117;WR3 TD=117.5
Marcus Torres,Marcus Torres,UTEP,WR,WR4+,WR4+,1,,6,NEV,85.5,WR4+ Recep=96;WR4+ RecY=99;WR4+ TD=61.5
Nik Henry,Nik Henry,UTEP,WR,WR4+,WR4+,1,,6,NEV,85.5,WR4+ Recep=96;WR4+ RecY=99;WR4+ TD=61.5
Owen McCown,Owen McCown,UTSA,QB,QB1,QB,1,,6,USF,60.0,QB PY=60;QB RY=18;QB P+R=40;P TD=76;QB TD=106
Mark Wiepert,Mark Wiepert,UTSA,QB,QB2,QB,1,,6,USF,60.0,QB PY=60;QB RY=18;QB P+R=40;P TD=76;QB TD=106
Will Henderson III,Will Henderson III,UTSA,RB,RB1,RB1,1,,6,USF,98.4,RB1 RY=123;RB1 Recep=101;RB1 RecY=92;RB R+R=119;RB1 TD=57
Brandon High Jr.,Brandon High Jr.,UTSA,RB,RB2,RB2,1,,6,USF,100.2,RB2+ RY=82;RB2 Recep=84;RB2 RecY=116;RB R+R=119;RB2 TD=100
A'Marion Peterson,A'Marion Peterson,UTSA,RB,RB3,RB2,1,,6,USF,100.2,RB2+ RY=82;RB2 Recep=84;RB2 RecY=116;RB R+R=119;RB2 TD=100
Brandon Young Jr.,Brandon Young Jr.,UTSA,TE,TE1,TE1,1,,6,USF,85.83,TE1 Recep=86;TE1 RecY=91;TE1 TD=80.5
Miles Campbell,Miles Campbell,UTSA,TE,TE2,TE2,1,,6,USF,35.67,TE2 Recep=2;TE2 RecY=8;TE2 TD=97
David Amador II,David Amador II,UTSA,WR,WR1,WR1,1,,6,USF,93.67,WR1 Recep=67;WR1 RecY=99;WR1 TD=115
DJ Allen Jr.,DJ Allen Jr.,UTSA,WR,WR2,WR2,1,,6,USF,39.17,WR2 Recep=29;WR2 RecY=63;WR2 TD=25.5
Mekhi Anderson,Mekhi Anderson,UTSA,WR,WR3,WR3,1,,6,USF,56.17,WR3 Recep=80;WR3 RecY=17;WR3 TD=71.5
AJ Wilson,AJ Wilson,UTSA,WR,WR4+,WR4+,1,,6,USF,46.83,WR4+ Recep=37;WR4+ RecY=32;WR4+ TD=71.5
Jamel Hardy Jr.,Jamel Hardy Jr.,UTSA,WR,WR4+,WR4+,1,,6,USF,46.83,WR4+ Recep=37;WR4+ RecY=32;WR4+ TD=71.5
Beau Pribula,Beau Pribula,UVA,QB,QB1,QB,1,,6,SYR,93.0,QB PY=80;QB RY=125;QB P+R=101;P TD=59;QB TD=100
Eli Holstein,Eli Holstein,UVA,QB,QB2,QB,1,,6,SYR,93.0,QB PY=80;QB RY=125;QB P+R=101;P TD=59;QB TD=100
Jekail Middlebrook,Jekail Middlebrook,UVA,RB,RB1,RB1,1,,6,SYR,12.9,RB1 RY=6;RB1 Recep=1;RB1 RecY=8;RB R+R=19;RB1 TD=30.5
Xavier Brown,Xavier Brown,UVA,RB,RB2,RB2,1,,6,SYR,71.2,RB2+ RY=65;RB2 Recep=138;RB2 RecY=113;RB R+R=19;RB2 TD=21
Xay Davis,Xay Davis,UVA,RB,RB3,RB2,1,,6,SYR,71.2,RB2+ RY=65;RB2 Recep=138;RB2 RecY=113;RB R+R=19;RB2 TD=21
Dakota Twitty,Dakota Twitty,UVA,TE,TE1,TE1,1,,6,SYR,61.67,TE1 Recep=113;TE1 RecY=40;TE1 TD=32
John Rogers,John Rogers,UVA,TE,TE2,TE2,1,,6,SYR,62.83,TE2 Recep=71;TE2 RecY=46;TE2 TD=71.5
Da'Shawn Martin,Da'Shawn Martin,UVA,WR,WR1,WR1,1,,6,SYR,94.33,WR1 Recep=62;WR1 RecY=122;WR1 TD=99
Rico Flores Jr.,Rico Flores Jr.,UVA,WR,WR2,WR2,1,,6,SYR,64.67,WR2 Recep=63;WR2 RecY=42;WR2 TD=89
Kameron Courtney,Kameron Courtney,UVA,WR,WR3,WR3,1,,6,SYR,96.0,WR3 Recep=111;WR3 RecY=130;WR3 TD=47
Josiah Abdullah,Josiah Abdullah,UVA,WR,WR4+,WR4+,1,,6,SYR,26.67,WR4+ Recep=21;WR4+ RecY=37;WR4+ TD=22
Isaiah Robinson,Isaiah Robinson,UVA,WR,WR4+,WR4+,1,,6,SYR,26.67,WR4+ Recep=21;WR4+ RecY=37;WR4+ TD=22
Jared Curtis,Jared Curtis,VAN,QB,QB1,QB,1,,6,MISS,64.9,QB PY=72;QB RY=46;QB P+R=62;P TD=115;QB TD=29.5
Blaze Berlowitz,Blaze Berlowitz,VAN,QB,QB2,QB,1,,6,MISS,64.9,QB PY=72;QB RY=46;QB P+R=62;P TD=115;QB TD=29.5
Sedrick Alexander,Sedrick Alexander,VAN,RB,RB1,RB1,1,,6,MISS,52.6,RB1 RY=64;RB1 Recep=47;RB1 RecY=30;RB R+R=63;RB1 TD=59
Makhilyn Young,Makhilyn Young,VAN,RB,RB2,RB2,1,,6,MISS,89.8,RB2+ RY=58;RB2 Recep=101;RB2 RecY=121;RB R+R=63;RB2 TD=106
Jamezell Lassiter,Jamezell Lassiter,VAN,RB,RB3,RB2,1,,6,MISS,89.8,RB2+ RY=58;RB2 Recep=101;RB2 RecY=121;RB R+R=63;RB2 TD=106
Cole Spence,Cole Spence,VAN,TE,TE1,TE1,1,,6,MISS,45.33,TE1 Recep=22.5;TE1 RecY=3;TE1 TD=110.5
Jayvontay Conner,Jayvontay Conner,VAN,TE,TE2,TE2,1,,6,MISS,65.17,TE2 Recep=89;TE2 RecY=76;TE2 TD=30.5
Junior Sherrill,Junior Sherrill,VAN,WR,WR1,WR1,1,,6,MISS,75.33,WR1 Recep=112;WR1 RecY=91;WR1 TD=23
Ja'Cory Thomas,Ja'Cory Thomas,VAN,WR,WR2,WR2,1,,6,MISS,108.67,WR2 Recep=108;WR2 RecY=127;WR2 TD=91
Tristen Brown,Tristen Brown,VAN,WR,WR3,WR3,1,,6,MISS,50.17,WR3 Recep=40.5;WR3 RecY=23;WR3 TD=87
Cole Adams,Cole Adams,VAN,WR,WR4+,WR4+,1,,6,MISS,72.67,WR4+ Recep=39;WR4+ RecY=61;WR4+ TD=118
Kayleb Barnett,Kayleb Barnett,VAN,WR,WR4+,WR4+,1,,6,MISS,72.67,WR4+ Recep=39;WR4+ RecY=61;WR4+ TD=118
Ethan Grunkemeyer,Ethan Grunkemeyer,VT,QB,QB1,QB,1,,6,@CAL,80.8,QB PY=105;QB RY=51;QB P+R=97;P TD=107;QB TD=44
Jeffrey Overton Jr.,Jeffrey Overton Jr.,VT,RB,RB1,RB1,1,,6,@CAL,53.9,RB1 RY=53;RB1 Recep=71.5;RB1 RecY=73;RB R+R=62;RB1 TD=10
Marcellous Hawkins Jr.,Marcellous Hawkins Jr.,VT,RB,RB2,RB2,1,,6,@CAL,86.3,RB2+ RY=44;RB2 Recep=133;RB2 RecY=135;RB R+R=62;RB2 TD=57.5
Team,Team,VT,RB,RB3,RB2,1,,6,@CAL,86.3,RB2+ RY=44;RB2 Recep=133;RB2 RecY=135;RB R+R=62;RB2 TD=57.5
Luke Reynolds,Luke Reynolds,VT,TE,TE1,TE1,1,,6,@CAL,44.5,TE1 Recep=60;TE1 RecY=39;TE1 TD=34.5
Benji Gosnell,Benji Gosnell,VT,TE,TE2,TE2,1,,6,@CAL,123.67,TE2 Recep=121;TE2 RecY=118;TE2 TD=132
Que'Sean Brown,Que'Sean Brown,VT,WR,WR1,WR1,1,,6,@CAL,78.67,WR1 Recep=80;WR1 RecY=80;WR1 TD=76
Ayden Greene,Ayden Greene,VT,WR,WR2,WR2,1,,6,@CAL,58.0,WR2 Recep=42;WR2 RecY=58;WR2 TD=74
Davion Brown,Davion Brown,VT,WR,WR3,WR3,1,,6,@CAL,80.83,WR3 Recep=43;WR3 RecY=93;WR3 TD=106.5
Marlion Jackson,Marlion Jackson,VT,WR,WR4+,WR4+,1,,6,@CAL,94.0,WR4+ Recep=73;WR4+ RecY=94;WR4+ TD=115
Tyseer Denmark,Tyseer Denmark,VT,WR,WR4+,WR4+,1,,6,@CAL,94.0,WR4+ Recep=73;WR4+ RecY=94;WR4+ TD=115
Gio Lopez,Gio Lopez,WAKE,QB,QB1,QB,1,,6,@NCSU,36.7,QB PY=29;QB RY=20;QB P+R=18;P TD=30;QB TD=86.5
Steele Pizzella,Steele Pizzella,WAKE,QB,QB2,QB,1,,6,@NCSU,36.7,QB PY=29;QB RY=20;QB P+R=18;P TD=30;QB TD=86.5
Ty Clark III,Ty Clark III,WAKE,RB,RB1,RB1,1,,6,@NCSU,58.3,RB1 RY=55;RB1 Recep=66;RB1 RecY=63.5;RB R+R=74;RB1 TD=33
Deuce Lawrence,Deuce Lawrence,WAKE,RB,RB2,RB2,1,,6,@NCSU,62.5,RB2+ RY=96;RB2 Recep=94.5;RB2 RecY=18;RB R+R=74;RB2 TD=30
Jamar Searcy,Jamar Searcy,WAKE,RB,RB3,RB2,1,,6,@NCSU,62.5,RB2+ RY=96;RB2 Recep=94.5;RB2 RecY=18;RB R+R=74;RB2 TD=30
Kamrean Johnson,Kamrean Johnson,WAKE,TE,TE1,TE1,1,,6,@NCSU,80.83,TE1 Recep=48;TE1 RecY=62;TE1 TD=132.5
Will Loerzel,Will Loerzel,WAKE,TE,TE2,TE2,1,,6,@NCSU,32.0,TE2 Recep=56;TE2 RecY=31;TE2 TD=9
Carlos Hernandez,Carlos Hernandez,WAKE,WR,WR1,WR1,1,,6,@NCSU,48.5,WR1 Recep=52;WR1 RecY=65;WR1 TD=28.5
Jack Foley,Jack Foley,WAKE,WR,WR2,WR2,1,,6,@NCSU,52.33,WR2 Recep=20;WR2 RecY=31;WR2 TD=106
Drayden Dickmann,Drayden Dickmann,WAKE,WR,WR3,WR3,1,,6,@NCSU,20.67,WR3 Recep=36;WR3 RecY=11;WR3 TD=15
Kam Shanks,Kam Shanks,WAKE,WR,WR4+,WR4+,1,,6,@NCSU,84.83,WR4+ Recep=68.5;WR4+ RecY=82;WR4+ TD=104
Antonio Meeks,Antonio Meeks,WAKE,WR,WR4+,WR4+,1,,6,@NCSU,84.83,WR4+ Recep=68.5;WR4+ RecY=82;WR4+ TD=104
Demond Williams Jr.,Demond Williams Jr.,WASH,QB,QB1,QB,1,,6,IOWA,122.0,QB PY=113;QB RY=129;QB P+R=129;P TD=102;QB TD=137
Elijah Brown,Elijah Brown,WASH,QB,QB2,QB,1,,6,IOWA,122.0,QB PY=113;QB RY=129;QB P+R=129;P TD=102;QB TD=137
Brian Bonner Jr.,Brian Bonner Jr.,WASH,RB,RB1,RB1,1,,6,IOWA,124.7,RB1 RY=100;RB1 Recep=127;RB1 RecY=137;RB R+R=123;RB1 TD=136.5
Trey Cooley,Trey Cooley,WASH,RB,RB2,RB2,1,,6,IOWA,102.8,RB2+ RY=109;RB2 Recep=48.5;RB2 RecY=105;RB R+R=123;RB2 TD=128.5
Ansu Sanoe,Ansu Sanoe,WASH,RB,RB3,RB2,1,,6,IOWA,102.8,RB2+ RY=109;RB2 Recep=48.5;RB2 RecY=105;RB R+R=123;RB2 TD=128.5
Baron Naone,Baron Naone,WASH,TE,TE1,TE1,1,,6,IOWA,105.0,TE1 Recep=96;TE1 RecY=132;TE1 TD=87
Decker DeGraaf,Decker DeGraaf,WASH,TE,TE2,TE2,1,,6,IOWA,77.33,TE2 Recep=34;TE2 RecY=66;TE2 TD=132
Dezmen Roebuck,Dezmen Roebuck,WASH,WR,WR1,WR1,1,,6,IOWA,40.0,WR1 Recep=37.5;WR1 RecY=21;WR1 TD=61.5
Chris Lawson,Chris Lawson,WASH,WR,WR2,WR2,1,,6,IOWA,35.0,WR2 Recep=74;WR2 RecY=12;WR2 TD=19
Rashid Williams,Rashid Williams,WASH,WR,WR3,WR3,1,,6,IOWA,126.5,WR3 Recep=135;WR3 RecY=138;WR3 TD=106.5
Mason James,Mason James,WASH,WR,WR4+,WR4+,1,,6,IOWA,131.83,WR4+ Recep=135;WR4+ RecY=136;WR4+ TD=124.5
Jordan Clay,Jordan Clay,WASH,WR,WR4+,WR4+,1,,6,IOWA,131.83,WR4+ Recep=135;WR4+ RecY=136;WR4+ TD=124.5
Colton Joseph,Colton Joseph,WIS,QB,QB1,QB,1,,6,BYE,,
Ryan Hopkins,Ryan Hopkins,WIS,QB,QB2,QB,1,,6,BYE,,
Darrion Dupree,Darrion Dupree,WIS,RB,RB1,RB1,1,,6,BYE,,
Bryan Jackson II,Bryan Jackson II,WIS,RB,RB2,RB2,1,,6,BYE,,
Nate Palmer,Nate Palmer,WIS,RB,RB3,RB2,1,,6,BYE,,
Jacob Harris,Jacob Harris,WIS,TE,TE1,TE1,1,,6,BYE,,
Emmett Bork,Emmett Bork,WIS,TE,TE2,TE2,1,,6,BYE,,
Tyrell Henry,Tyrell Henry,WIS,WR,WR1,WR1,1,,6,BYE,,
Chris Brooks Jr.,Chris Brooks Jr.,WIS,WR,WR2,WR2,1,,6,BYE,,
Eugene Hilton Jr.,Eugene Hilton Jr.,WIS,WR,WR3,WR3,1,,6,BYE,,
Malachi Coleman,Malachi Coleman,WIS,WR,WR4+,WR4+,1,,6,BYE,,
Shamar Rigby,Shamar Rigby,WIS,WR,WR4+,WR4+,1,,6,BYE,,
Rodney Tisdale Jr.,Rodney Tisdale Jr.,WKU,QB,QB1,QB,1,,6,MOST,9.9,QB PY=10;QB RY=24;QB P+R=5;P TD=1;QB TD=9.5
Brock Glenn,Brock Glenn,WKU,QB,QB2,QB,1,,6,MOST,9.9,QB PY=10;QB RY=24;QB P+R=5;P TD=1;QB TD=9.5
Ajay Allen,Ajay Allen,WKU,RB,RB1,RB1,1,,6,MOST,14.4,RB1 RY=34;RB1 Recep=3;RB1 RecY=1;RB R+R=7;RB1 TD=27
Le'Kamren Meadows,Le'Kamren Meadows,WKU,RB,RB2,RB2,1,,6,MOST,26.1,RB2+ RY=33;RB2 Recep=39;RB2 RecY=14;RB R+R=7;RB2 TD=37.5
Kalib Hicks,Kalib Hicks,WKU,RB,RB3,RB2,1,,6,MOST,26.1,RB2+ RY=33;RB2 Recep=39;RB2 RecY=14;RB R+R=7;RB2 TD=37.5
Lofton Howard,Lofton Howard,WKU,TE,TE1,TE1,1,,6,MOST,14.5,TE1 Recep=7;TE1 RecY=20;TE1 TD=16.5
CC Ezirim,CC Ezirim,WKU,TE,TE2,TE2,1,,6,MOST,35.67,TE2 Recep=65;TE2 RecY=38;TE2 TD=4
Jonathan Stafford Jr.,Jonathan Stafford Jr.,WKU,WR,WR1,WR1,1,,6,MOST,27.67,WR1 Recep=7;WR1 RecY=24;WR1 TD=52
Moussa Barry,Moussa Barry,WKU,WR,WR2,WR2,1,,6,MOST,15.33,WR2 Recep=8;WR2 RecY=14;WR2 TD=24
Quincy Burroughs,Quincy Burroughs,WKU,WR,WR3,WR3,1,,6,MOST,65.33,WR3 Recep=85;WR3 RecY=109;WR3 TD=2
Cameron Flowers,Cameron Flowers,WKU,WR,WR4+,WR4+,1,,6,MOST,81.17,WR4+ Recep=77;WR4+ RecY=102;WR4+ TD=64.5
Qua'Vez Humphreys,Qua'Vez Humphreys,WKU,WR,WR4+,WR4+,1,,6,MOST,81.17,WR4+ Recep=77;WR4+ RecY=102;WR4+ TD=64.5
Broc Lowry,Broc Lowry,WMU,QB,QB1,QB,1,,6,KENT,38.6,QB PY=31;QB RY=62;QB P+R=33;P TD=17;QB TD=50
Trey Petty,Trey Petty,WMU,QB,QB2,QB,1,,6,KENT,38.6,QB PY=31;QB RY=62;QB P+R=33;P TD=17;QB TD=50
Jalen Buckley,Jalen Buckley,WMU,RB,RB1,RB1,1,,6,KENT,70.9,RB1 RY=32;RB1 Recep=138;RB1 RecY=133;RB R+R=9;RB1 TD=42.5
Lolo Mataele,Lolo Mataele,WMU,RB,RB2,RB2,1,,6,KENT,29.1,RB2+ RY=7;RB2 Recep=77.5;RB2 RecY=49;RB R+R=9;RB2 TD=3
Cole Cabana,Cole Cabana,WMU,RB,RB3,RB2,1,,6,KENT,29.1,RB2+ RY=7;RB2 Recep=77.5;RB2 RecY=49;RB R+R=9;RB2 TD=3
Nate Levicki,Nate Levicki,WMU,TE,TE1,TE1,1,,6,KENT,65.67,TE1 Recep=55;TE1 RecY=111;TE1 TD=31
Adam Parks,Adam Parks,WMU,TE,TE2,TE2,1,,6,KENT,54.5,TE2 Recep=77;TE2 RecY=44;TE2 TD=42.5
Aveion Chenault,Aveion Chenault,WMU,WR,WR1,WR1,1,,6,KENT,68.0,WR1 Recep=86;WR1 RecY=50;WR1 TD=68
Baylin Brooks,Baylin Brooks,WMU,WR,WR2,WR2,1,,6,KENT,92.67,WR2 Recep=124;WR2 RecY=120;WR2 TD=34
Egypt Nelson,Egypt Nelson,WMU,WR,WR3,WR3,1,,6,KENT,53.0,WR3 Recep=101;WR3 RecY=13;WR3 TD=45
Keivin Boone-Nelson II,Keivin Boone-Nelson II,WMU,WR,WR4+,WR4+,1,,6,KENT,4.67,WR4+ Recep=7;WR4+ RecY=2;WR4+ TD=5
Emazon Littlejohn,Emazon Littlejohn,WMU,WR,WR4+,WR4+,1,,6,KENT,4.67,WR4+ Recep=7;WR4+ RecY=2;WR4+ TD=5
Caden Pinnick,Caden Pinnick,WSU,QB,QB1,QB,1,,6,@USU,23.0,QB PY=14;QB RY=14;QB P+R=7;P TD=31;QB TD=49
Kirby Vorhees,Kirby Vorhees,WSU,RB,RB1,RB1,1,,6,@USU,82.2,RB1 RY=68;RB1 Recep=109;RB1 RecY=118;RB R+R=52;RB1 TD=64
Maxwell Woods,Maxwell Woods,WSU,RB,RB2,RB2,1,,6,@USU,59.6,RB2+ RY=20;RB2 Recep=69.5;RB2 RecY=97;RB R+R=52;RB2 TD=59.5
Leo Pulalasi,Leo Pulalasi,WSU,RB,RB3,RB2,1,,6,@USU,59.6,RB2+ RY=20;RB2 Recep=69.5;RB2 RecY=97;RB R+R=52;RB2 TD=59.5
Jack Pedersen,Jack Pedersen,WSU,TE,TE1,TE1,1,,6,@USU,81.17,TE1 Recep=105;TE1 RecY=83;TE1 TD=55.5
Trey Leckner,Trey Leckner,WSU,TE,TE2,TE2,1,,6,@USU,31.17,TE2 Recep=17;TE2 RecY=40;TE2 TD=36.5
Branden Ganashamoorthy,Branden Ganashamoorthy,WSU,WR,WR1,WR1,1,,6,@USU,41.5,WR1 Recep=22;WR1 RecY=37;WR1 TD=65.5
Daniel Blood,Daniel Blood,WSU,WR,WR2,WR2,1,,6,@USU,43.17,WR2 Recep=17;WR2 RecY=82;WR2 TD=30.5
Darrius Clemons,Darrius Clemons,WSU,WR,WR3,WR3,1,,6,@USU,14.67,WR3 Recep=3;WR3 RecY=3;WR3 TD=38
Tank Hawkins Jr.,Tank Hawkins Jr.,WSU,WR,WR4+,WR4+,1,,6,@USU,16.5,WR4+ Recep=4;WR4+ RecY=10;WR4+ TD=35.5
Michael Hawkins Jr.,Michael Hawkins Jr.,WVU,QB,QB1,QB,1,,6,ARIZ,72.2,QB PY=87;QB RY=65;QB P+R=83;P TD=106;QB TD=20
Cam Cook,Cam Cook,WVU,RB,RB1,RB1,1,,6,ARIZ,85.9,RB1 RY=84;RB1 Recep=52;RB1 RecY=63.5;RB R+R=122;RB1 TD=108
Amari Latimer,Amari Latimer,WVU,RB,RB2,RB2,1,,6,ARIZ,117.4,RB2+ RY=136;RB2 Recep=102.5;RB2 RecY=109;RB R+R=122;RB2 TD=117.5
Team,Team,WVU,RB,RB3,RB2,1,,6,ARIZ,117.4,RB2+ RY=136;RB2 Recep=102.5;RB2 RecY=109;RB R+R=122;RB2 TD=117.5
Josh Sapp,Josh Sapp,WVU,TE,TE1,TE1,1,,6,ARIZ,105.17,TE1 Recep=99;TE1 RecY=103;TE1 TD=113.5
Ryan Ward,Ryan Ward,WVU,TE,TE2,TE2,1,,6,ARIZ,62.17,TE2 Recep=51;TE2 RecY=64;TE2 TD=71.5
DJ Epps,DJ Epps,WVU,WR,WR1,WR1,1,,6,ARIZ,66.0,WR1 Recep=33;WR1 RecY=98;WR1 TD=67
Prince Strachan,Prince Strachan,WVU,WR,WR2,WR2,1,,6,ARIZ,82.83,WR2 Recep=94.5;WR2 RecY=38;WR2 TD=116
Jaden Bray,Jaden Bray,WVU,WR,WR3,WR3,1,,6,ARIZ,80.83,WR3 Recep=51;WR3 RecY=101;WR3 TD=90.5
John Neider,John Neider,WVU,WR,WR4+,WR4+,1,,6,ARIZ,20.67,WR4+ Recep=20;WR4+ RecY=28;WR4+ TD=14
Cyrus Traugh,Cyrus Traugh,WVU,WR,WR4+,WR4+,1,,6,ARIZ,20.67,WR4+ Recep=20;WR4+ RecY=28;WR4+ TD=14
Tyler Hughes,Tyler Hughes,WYO,QB,QB1,QB,1,,6,@SJSU,56.0,QB PY=20;QB RY=85;QB P+R=26;P TD=88;QB TD=61
Landon Sims,Landon Sims,WYO,QB,QB2,QB,1,,6,@SJSU,56.0,QB PY=20;QB RY=85;QB P+R=26;P TD=88;QB TD=61
Markell Holman,Markell Holman,WYO,RB,RB1,RB1,1,,6,@SJSU,71.8,RB1 RY=86;RB1 Recep=53;RB1 RecY=99;RB R+R=67;RB1 TD=54
Samuel Harris,Samuel Harris,WYO,RB,RB2,RB2,1,,6,@SJSU,35.2,RB2+ RY=56;RB2 Recep=12;RB2 RecY=23;RB R+R=67;RB2 TD=18
Nico Hamilton,Nico Hamilton,WYO,RB,RB3,RB2,1,,6,@SJSU,35.2,RB2+ RY=56;RB2 Recep=12;RB2 RecY=23;RB R+R=67;RB2 TD=18
Jake Wilson,Jake Wilson,WYO,TE,TE1,TE1,1,,6,@SJSU,76.0,TE1 Recep=42.5;TE1 RecY=105;TE1 TD=80.5
Kyle Frendt,Kyle Frendt,WYO,TE,TE2,TE2,1,,6,@SJSU,73.83,TE2 Recep=61.5;TE2 RecY=63;TE2 TD=97
Deion DeBlanc,Deion DeBlanc,WYO,WR,WR1,WR1,1,,6,@SJSU,33.67,WR1 Recep=8;WR1 RecY=14;WR1 TD=79
Eric Richardson,Eric Richardson,WYO,WR,WR2,WR2,1,,6,@SJSU,40.17,WR2 Recep=25.5;WR2 RecY=32;WR2 TD=63
Charlie Coenen,Charlie Coenen,WYO,WR,WR3,WR3,1,,6,@SJSU,28.33,WR3 Recep=27;WR3 RecY=9;WR3 TD=49
Jackson Holman,Jackson Holman,WYO,WR,WR4+,WR4+,1,,6,@SJSU,50.5,WR4+ Recep=53;WR4+ RecY=47;WR4+ TD=51.5
Tyson Shamsid-Deen,Tyson Shamsid-Deen,WYO,WR,WR4+,WR4+,1,,6,@SJSU,50.5,WR4+ Recep=53;WR4+ RecY=47;WR4+ TD=51.5
