player_id,player,pos,headshot
-112358,Team,RB,
-109170,Team,RB,
-107062,Team,RB,
-107006,Team,RB,
-106998,Team,RB,
-103071,Team,RB,
-95576,Team,RB,
-90985,Team,RB,
-88752,Team,RB,
-88716,Team,RB,
-81909,Team,RB,
-15611,Team,RB,
-15591,Team,RB,
-14570,Team,RB,
-14550,Team,RB,
-12171,Team,RB,
-12170,Team,RB,
-8766,Team,RB,
-8097,Team,RB,
-8086,Team,RB,
-8065,Team,RB,
-8025,Team,RB,
-7951,Team,RB,
-7923,Team,RB,
-7914,Team,RB,
-7905,Team,RB,
-7893,Team,RB,
-7862,Team,RB,
-7854,Team,RB,
-7831,Team,RB,
-7828,Team,RB,
-7820,Team,RB,
-7809,Team,RB,
-7806,Team,RB,
-7798,Team,RB,
-7793,Team,RB,
-7777,Team,RB,
-7774,Team,RB,
-7771,Team,RB,
-7768,Team,RB,
-7762,Team,RB,
-7753,Team,RB,
-7741,Team,RB,
-7727,Team,RB,
-7723,Team,RB,
-7720,Team,RB,
-7715,Team,RB,
-7692,Team,RB,
-7689,Team,RB,
-7679,Team,RB,
-7655,Team,RB,
-7650,Team,RB,
-7635,Team,RB,
-7627,Team,RB,
-7622,Team,RB,
-7619,Team,RB,
-7610,Team,RB,
-7604,Team,RB,
-7601,Team,RB,
-7598,Team,RB,
-7595,Team,RB,
-7589,Team,RB,
-7579,Team,RB,
-7576,Team,RB,
-7567,Team,RB,
-7456,Team,RB,
-7441,Team,RB,
-7422,Team,RB,
-7401,Team,RB,
-7394,Team,RB,
-7384,Team,RB,
-7376,Team,RB,
-7358,Team,RB,
-7352,Team,RB,
-7347,Team,RB,
-7307,Team,RB,
-7281,Team,RB,
-7274,Team,RB,
-7268,Team,RB,
-7265,Team,RB,
-7244,Team,RB,
-7238,Team,RB,
-7208,Team,RB,
-7190,Team,RB,
-7187,Team,RB,
-7156,Team,RB,
-7132,Team,RB,
-7111,Team,RB,
-7088,Team,RB,
-7048,Team,RB,
-7045,Team,RB,
-7034,Team,RB,
-7029,Team,RB,
-7026,Team,RB,
-7014,Team,RB,
-7006,Team,RB,
-6991,Team,RB,
-6965,Team,RB,
-6958,Team,RB,
-6952,Team,RB,
-6939,Team,RB,
-6923,Team,RB,
-6911,Team,RB,
-6907,Team,RB,
-6904,Team,RB,
-6883,Team,RB,
-6872,Team,RB,
-6869,Team,RB,
-6861,Team,RB,
-6854,Team,RB,
-6842,Team,RB,
-6827,Team,RB,
-6818,Team,RB,
-6810,Team,RB,
-6802,Team,RB,
-6756,Team,RB,
-6732,Team,RB,
-6729,Team,RB,
-6726,Team,RB,
-6710,Team,RB,
-6707,Team,RB,
-6704,Team,RB,
-6685,Team,RB,
-6654,Team,RB,
-6639,Team,RB,
-6635,Team,RB,
-6629,Team,RB,
-6626,Team,RB,
-6612,Team,RB,
-6589,Team,RB,
-6544,Team,RB,
-6530,Team,RB,
-6499,Team,RB,
-6470,Team,RB,
-6455,Team,RB,
-6417,Team,RB,
-6384,Team,RB,
-6368,Team,RB,
-6360,Team,RB,
-6346,Team,RB,
-6315,Team,RB,
-6312,Team,RB,
-6297,Team,RB,
-6294,Team,RB,
-6271,Team,RB,
-6263,Team,RB,
-6260,Team,RB,
-6249,Team,RB,
-6246,Team,RB,
-6231,Team,RB,
-6223,Team,RB,
-6213,Team,RB,
-6210,Team,RB,
-6202,Team,RB,
-6199,Team,RB,
-6178,Team,RB,
-6175,Team,RB,
-6165,Team,RB,
-6139,Team,RB,
-6113,Team,RB,
-6047,Team,RB,
-6037,Team,RB,
-6034,Team,RB,
-6031,Team,RB,
-6022,Team,RB,
-6007,Team,RB,
-5995,Team,RB,
-5992,Team,RB,
-5989,Team,RB,
-5975,Team,RB,
-5893,Team,RB,
-5878,Team,RB,
-5869,Team,RB,
-5866,Team,RB,
-5860,Team,RB,
-5852,Team,RB,
-5849,Team,RB,
-5800,Team,RB,
-5797,Team,RB,
-5691,Team,RB,
-5688,Team,RB,
-5669,Team,RB,
-5650,Team,RB,
-5627,Team,RB,
-5625,Team,RB,
-5604,Team,RB,
-5566,Team,RB,
-5563,Team,RB,
-5505,Team,RB,
-5490,Team,RB,
-5481,Team,RB,
-5463,Team,RB,
-5457,Team,RB,
-5454,Team,RB,
-5439,Team,RB,
-5422,Team,RB,
-5408,Team,RB,
-5405,Team,RB,
-5365,Team,RB,
-5327,Team,RB,
-5317,Team,RB,
-5298,Team,RB,
-5275,Team,RB,
-5258,Team,RB,
-5250,Team,RB,
-5247,Team,RB,
-5237,Team,RB,
-5234,Team,RB,
-5231,Team,RB,
-5223,Team,RB,
-5186,Team,RB,
-5175,Team,RB,
-5160,Team,RB,
-5154,Team,RB,
-5151,Team,RB,
-5147,Team,RB,
102597,Will Rogers,QB,https://a.espncdn.com/i/headshots/college-football/players/full/102597.png
107494,Trey Sanders,RB,https://a.espncdn.com/i/headshots/college-football/players/full/107494.png
146583,John Adams,WR,https://a.espncdn.com/i/headshots/college-football/players/full/146583.png
239093,Jeff Logan,RB,
518623,Isaiah Jones,TE,https://a.espncdn.com/i/headshots/college-football/players/full/518623.png
550577,Jordan Brown,WR,https://a.espncdn.com/i/headshots/college-football/players/full/550577.png
553074,Aaron Young,RB,https://a.espncdn.com/i/headshots/college-football/players/full/553074.png
560240,Eric Johnson,WR,https://a.espncdn.com/i/headshots/college-football/players/full/560240.png
3116099,Monte Harrison,WR,https://a.espncdn.com/i/headshots/college-football/players/full/3116099.png
3149911,Jordan Jackson,WR,https://a.espncdn.com/i/headshots/college-football/players/full/3149911.png
3949586,Jake Taylor,TE,https://a.espncdn.com/i/headshots/college-football/players/full/3949586.png
4038961,Cam McCormick,TE,https://a.espncdn.com/i/headshots/college-football/players/full/4038961.png
4241676,Kordell Rodgers,TE,https://a.espncdn.com/i/headshots/college-football/players/full/4241676.png
4242373,Bentley Hanshaw,TE,https://a.espncdn.com/i/headshots/college-football/players/full/4242373.png
4244849,Marcel Williams,WR,https://a.espncdn.com/i/headshots/college-football/players/full/4244849.png
4251136,Spencer Curtis,WR,https://a.espncdn.com/i/headshots/college-football/players/full/4251136.png
4258419,Hunter Smith,RB,https://a.espncdn.com/i/headshots/college-football/players/full/4258419.png
4360435,Jacolby Hewitt,WR,https://a.espncdn.com/i/headshots/college-football/players/full/4360435.png
4360480,Spencer Petras,QB,https://a.espncdn.com/i/headshots/college-football/players/full/4360480.png
4360689,Tyler Shough,QB,https://a.espncdn.com/i/headshots/college-football/players/full/4360689.png
4360890,Jordan McCloud,QB,https://a.espncdn.com/i/headshots/college-football/players/full/4360890.png
4360930,Jyaire Shorter,WR,https://a.espncdn.com/i/headshots/college-football/players/full/4360930.png
4361014,Brant Kuithe,TE,https://a.espncdn.com/i/headshots/college-football/players/full/4361014.png
4361025,Jack Tuttle,QB,https://a.espncdn.com/i/headshots/college-football/players/full/4361025.png
4361059,Da'Kendall James,WR,https://a.espncdn.com/i/headshots/college-football/players/full/4361059.png
4361802,Cam Carroll,RB,https://a.espncdn.com/i/headshots/college-football/players/full/4361802.png
4362075,Cameron Rising,QB,https://a.espncdn.com/i/headshots/college-football/players/full/4362075.png
4362159,Alan Bowman,QB,https://a.espncdn.com/i/headshots/college-football/players/full/4362159.png
4362188,Sterling Galban,WR,https://a.espncdn.com/i/headshots/college-football/players/full/4362188.png
4362248,Anthony Torres,TE,https://a.espncdn.com/i/headshots/college-football/players/full/4362248.png
4362263,Jalynn Williams,RB,https://a.espncdn.com/i/headshots/college-football/players/full/4362263.png
4362313,O'Shaan Allison,RB,https://a.espncdn.com/i/headshots/college-football/players/full/4362313.png
4362332,Alec Burton,TE,https://a.espncdn.com/i/headshots/college-football/players/full/4362332.png
4362915,Gerry Bohanon,QB,https://a.espncdn.com/i/headshots/college-football/players/full/4362915.png
4363059,Jay Gibson,TE,https://a.espncdn.com/i/headshots/college-football/players/full/4363059.png
4365454,Takairee Kenebrew,WR,https://a.espncdn.com/i/headshots/college-football/players/full/4365454.png
4366640,Solomon Vanhorse,RB,https://a.espncdn.com/i/headshots/college-football/players/full/4366640.png
4367042,John Erby,WR,https://a.espncdn.com/i/headshots/college-football/players/full/4367042.png
4367069,Ty Son Lawton,RB,https://a.espncdn.com/i/headshots/college-football/players/full/4367069.png
4368612,Jay Parker,WR,https://a.espncdn.com/i/headshots/college-football/players/full/4368612.png
4368909,Jeremiah Edwards,WR,https://a.espncdn.com/i/headshots/college-football/players/full/4368909.png
4368910,Bradley Clark,WR,https://a.espncdn.com/i/headshots/college-football/players/full/4368910.png
4369910,Chance Newman,QB,https://a.espncdn.com/i/headshots/college-football/players/full/4369910.png
4370170,Landon Parker,WR,https://a.espncdn.com/i/headshots/college-football/players/full/4370170.png
4373895,Ben Wooldridge,QB,https://a.espncdn.com/i/headshots/college-football/players/full/4373895.png
4376241,D'Angelo Durham,RB,https://a.espncdn.com/i/headshots/college-football/players/full/4376241.png
4379400,Matthew Downing,QB,https://a.espncdn.com/i/headshots/college-football/players/full/4379400.png
4379471,Tyler Brown,WR,https://a.espncdn.com/i/headshots/college-football/players/full/4379471.png
4383431,Cameron Lewis,WR,https://a.espncdn.com/i/headshots/college-football/players/full/4383431.png
4384603,Will McElvain,QB,https://a.espncdn.com/i/headshots/college-football/players/full/4384603.png
4385055,Joey Beljan,TE,https://a.espncdn.com/i/headshots/college-football/players/full/4385055.png
4426333,John Emery Jr.,RB,https://a.espncdn.com/i/headshots/college-football/players/full/4426333.png
4426335,Graham Mertz,QB,https://a.espncdn.com/i/headshots/college-football/players/full/4426335.png
4426337,Bru McCoy,WR,https://a.espncdn.com/i/headshots/college-football/players/full/4426337.png
4426357,Kyle Ford,WR,https://a.espncdn.com/i/headshots/college-football/players/full/4426357.png
4426409,Chez Mellusi,RB,https://a.espncdn.com/i/headshots/college-football/players/full/4426409.png
4426410,Mycah Pittman,WR,https://a.espncdn.com/i/headshots/college-football/players/full/4426410.png
4426417,Jacob Zeno,QB,https://a.espncdn.com/i/headshots/college-football/players/full/4426417.png
4426420,Devyn Ford,RB,https://a.espncdn.com/i/headshots/college-football/players/full/4426420.png
4426421,Ryland Goede,TE,https://a.espncdn.com/i/headshots/college-football/players/full/4426421.png
4426424,Trejan Bridges,WR,https://a.espncdn.com/i/headshots/college-football/players/full/4426424.png
4426428,Sean Dollars,RB,https://a.espncdn.com/i/headshots/college-football/players/full/4426428.png
4426430,Taisun Phommachanh,QB,https://a.espncdn.com/i/headshots/college-football/players/full/4426430.png
4426444,Connor Bazelak,QB,https://a.espncdn.com/i/headshots/college-football/players/full/4426444.png
4426454,Lance LeGendre,WR,https://a.espncdn.com/i/headshots/college-football/players/full/4426454.png
4426459,Chase Lane,WR,https://a.espncdn.com/i/headshots/college-football/players/full/4426459.png
4426460,Jackson Lowe,TE,https://a.espncdn.com/i/headshots/college-football/players/full/4426460.png
4426463,Dannis Jackson,WR,https://a.espncdn.com/i/headshots/college-football/players/full/4426463.png
4426478,Colby Bowman,WR,https://a.espncdn.com/i/headshots/college-football/players/full/4426478.png
4426484,Marcus Major Jr.,RB,https://a.espncdn.com/i/headshots/college-football/players/full/4426484.png
4426499,Hank Bachmeier,QB,https://a.espncdn.com/i/headshots/college-football/players/full/4426499.png
4426528,Ife Adeyi,WR,https://a.espncdn.com/i/headshots/college-football/players/full/4426528.png
4426530,Kay'Ron Lynch-Adams,RB,https://a.espncdn.com/i/headshots/college-football/players/full/4426530.png
4426535,Theo Wease Jr.,WR,https://a.espncdn.com/i/headshots/college-football/players/full/4426535.png
4426570,Ezeriah Anderson,WR,https://a.espncdn.com/i/headshots/college-football/players/full/4426570.png
4426612,Jarrad Baker,WR,https://a.espncdn.com/i/headshots/college-football/players/full/4426612.png
4426635,Darwin Barlow,RB,https://a.espncdn.com/i/headshots/college-football/players/full/4426635.png
4426645,Jouvensly Bazil,RB,https://a.espncdn.com/i/headshots/college-football/players/full/4426645.png
4426657,Ryan Hilinski,QB,https://a.espncdn.com/i/headshots/college-football/players/full/4426657.png
4426664,Leighton Bechdel,RB,https://a.espncdn.com/i/headshots/college-football/players/full/4426664.png
4426684,Andrew Bench,TE,https://a.espncdn.com/i/headshots/college-football/players/full/4426684.png
4426687,Johnathan Bennett,QB,https://a.espncdn.com/i/headshots/college-football/players/full/4426687.png
4426688,Kaiden Bennett,QB,https://a.espncdn.com/i/headshots/college-football/players/full/4426688.png
4426689,Ulysses Bentley IV,RB,https://a.espncdn.com/i/headshots/college-football/players/full/4426689.png
4426696,Micah Bernard,RB,https://a.espncdn.com/i/headshots/college-football/players/full/4426696.png
4426703,Mark Biggins,RB,https://a.espncdn.com/i/headshots/college-football/players/full/4426703.png
4426760,Stephan Bracey Jr.,WR,https://a.espncdn.com/i/headshots/college-football/players/full/4426760.png
4426815,Michael Brown-Stephens,WR,https://a.espncdn.com/i/headshots/college-football/players/full/4426815.png
4426840,Shadrick Byrd,RB,https://a.espncdn.com/i/headshots/college-football/players/full/4426840.png
4426847,Zach Calzada,QB,https://a.espncdn.com/i/headshots/college-football/players/full/4426847.png
4426857,Oscar Cardenas,TE,https://a.espncdn.com/i/headshots/college-football/players/full/4426857.png
4426892,Dante Cephas,WR,https://a.espncdn.com/i/headshots/college-football/players/full/4426892.png
4426894,Dante Chachere,QB,https://a.espncdn.com/i/headshots/college-football/players/full/4426894.png
4426919,De'Corian Clark,WR,https://a.espncdn.com/i/headshots/college-football/players/full/4426919.png
4426952,Jack Coldiron,TE,https://a.espncdn.com/i/headshots/college-football/players/full/4426952.png
4426965,Blair Conwright,WR,https://a.espncdn.com/i/headshots/college-football/players/full/4426965.png
4426970,Glover Cook III,RB,https://a.espncdn.com/i/headshots/college-football/players/full/4426970.png
4426998,Javien Cuff,WR,https://a.espncdn.com/i/headshots/college-football/players/full/4426998.png
4427003,Kyron Cumby,WR,https://a.espncdn.com/i/headshots/college-football/players/full/4427003.png
4427051,Cooper Dawson,WR,https://a.espncdn.com/i/headshots/college-football/players/full/4427051.png
4427097,Elijah Downing,WR,https://a.espncdn.com/i/headshots/college-football/players/full/4427097.png
4427111,Michel Dukes,RB,https://a.espncdn.com/i/headshots/college-football/players/full/4427111.png
4427146,Luke Elzinga,RB,https://a.espncdn.com/i/headshots/college-football/players/full/4427146.png
4427191,Dequan Finn,QB,https://a.espncdn.com/i/headshots/college-football/players/full/4427191.png
4427225,Zakhari Franklin,WR,https://a.espncdn.com/i/headshots/college-football/players/full/4427225.png
4427238,Dillon Gabriel,QB,https://a.espncdn.com/i/headshots/college-football/players/full/4427238.png
4427243,Brett Gabbert,QB,https://a.espncdn.com/i/headshots/college-football/players/full/4427243.png
4427251,Velton Gardner,RB,https://a.espncdn.com/i/headshots/college-football/players/full/4427251.png
4427299,Damarius Good,RB,https://a.espncdn.com/i/headshots/college-football/players/full/4427299.png
4427313,Ta'Quan Roberson,QB,https://a.espncdn.com/i/headshots/college-football/players/full/4427313.png
4427331,Khafre Brown,WR,https://a.espncdn.com/i/headshots/college-football/players/full/4427331.png
4427332,Gerald Green,RB,https://a.espncdn.com/i/headshots/college-football/players/full/4427332.png
4427431,Cooper Heisey,TE,https://a.espncdn.com/i/headshots/college-football/players/full/4427431.png
4427446,Braylon Henderson,WR,https://a.espncdn.com/i/headshots/college-football/players/full/4427446.png
4427455,Cade McNamara,QB,https://a.espncdn.com/i/headshots/college-football/players/full/4427455.png
4427518,Demariyon Houston,WR,https://a.espncdn.com/i/headshots/college-football/players/full/4427518.png
4427548,Desmond Hutson,WR,https://a.espncdn.com/i/headshots/college-football/players/full/4427548.png
4427569,Giles Jackson,WR,https://a.espncdn.com/i/headshots/college-football/players/full/4427569.png
4427601,Ali Jennings,WR,https://a.espncdn.com/i/headshots/college-football/players/full/4427601.png
4427608,Jayden Johannsen,QB,https://a.espncdn.com/i/headshots/college-football/players/full/4427608.png
4427609,Rahmir Johnson,RB,https://a.espncdn.com/i/headshots/college-football/players/full/4427609.png
4427611,Garrison Johnson Sr.,RB,https://a.espncdn.com/i/headshots/college-football/players/full/4427611.png
4427622,Marqui Johnson,RB,https://a.espncdn.com/i/headshots/college-football/players/full/4427622.png
4427630,Oscar Adaway III,RB,https://a.espncdn.com/i/headshots/college-football/players/full/4427630.png
4427634,Keegan Jones,RB,https://a.espncdn.com/i/headshots/college-football/players/full/4427634.png
4427647,Jermaine Johnson,WR,https://a.espncdn.com/i/headshots/college-football/players/full/4427647.png
4427648,Lexington Joseph,RB,https://a.espncdn.com/i/headshots/college-football/players/full/4427648.png
4427649,Kelley Joiner,RB,https://a.espncdn.com/i/headshots/college-football/players/full/4427649.png
4427694,Casey Kelly,TE,https://a.espncdn.com/i/headshots/college-football/players/full/4427694.png
4427709,Keshawn King,RB,https://a.espncdn.com/i/headshots/college-football/players/full/4427709.png
4427731,Tyler Knoop,QB,https://a.espncdn.com/i/headshots/college-football/players/full/4427731.png
4427779,Jaelyn Lay,TE,https://a.espncdn.com/i/headshots/college-football/players/full/4427779.png
4427819,Justin Lockhart,WR,https://a.espncdn.com/i/headshots/college-football/players/full/4427819.png
4427821,Torry Locklin,RB,https://a.espncdn.com/i/headshots/college-football/players/full/4427821.png
4427841,Billy Lucas,RB,https://a.espncdn.com/i/headshots/college-football/players/full/4427841.png
4427911,Hollis Mathis,QB,https://a.espncdn.com/i/headshots/college-football/players/full/4427911.png
4427916,Tony Mathis Jr.,RB,https://a.espncdn.com/i/headshots/college-football/players/full/4427916.png
4427934,Dominick Mazotti,TE,https://a.espncdn.com/i/headshots/college-football/players/full/4427934.png
4427936,Grayson McCall,QB,https://a.espncdn.com/i/headshots/college-football/players/full/4427936.png
4427957,Ty McCullouch,WR,https://a.espncdn.com/i/headshots/college-football/players/full/4427957.png
4427960,Terrell McDonald,TE,https://a.espncdn.com/i/headshots/college-football/players/full/4427960.png
4427966,Maverick McIvor,QB,https://a.espncdn.com/i/headshots/college-football/players/full/4427966.png
4427971,Dontae McMillan,RB,https://a.espncdn.com/i/headshots/college-football/players/full/4427971.png
4427983,Dawaiian McNeely,RB,https://a.espncdn.com/i/headshots/college-football/players/full/4427983.png
4428018,Delbert Mimms III,RB,https://a.espncdn.com/i/headshots/college-football/players/full/4428018.png
4428025,Kris Mitchell,WR,https://a.espncdn.com/i/headshots/college-football/players/full/4428025.png
4428030,Jalen Mitchell,RB,https://a.espncdn.com/i/headshots/college-football/players/full/4428030.png
4428035,Elijah Mojarro,TE,https://a.espncdn.com/i/headshots/college-football/players/full/4428035.png
4428050,Kamari Morales,TE,https://a.espncdn.com/i/headshots/college-football/players/full/4428050.png
4428095,Thomas Nance,TE,https://a.espncdn.com/i/headshots/college-football/players/full/4428095.png
4428116,Isaiah Neyor,WR,https://a.espncdn.com/i/headshots/college-football/players/full/4428116.png
4428143,Sone Ntoh,RB,https://a.espncdn.com/i/headshots/college-football/players/full/4428143.png
4428162,Duke Olges,TE,https://a.espncdn.com/i/headshots/college-football/players/full/4428162.png
4428163,Donovan Ollie,WR,https://a.espncdn.com/i/headshots/college-football/players/full/4428163.png
4428167,Justin Olson,WR,https://a.espncdn.com/i/headshots/college-football/players/full/4428167.png
4428200,Cross Patton,RB,https://a.espncdn.com/i/headshots/college-football/players/full/4428200.png
4428219,Brionne Penny,WR,https://a.espncdn.com/i/headshots/college-football/players/full/4428219.png
4428272,Juwaun Price,RB,https://a.espncdn.com/i/headshots/college-football/players/full/4428272.png
4428320,Courtney Reese,RB,https://a.espncdn.com/i/headshots/college-football/players/full/4428320.png
4428336,Sevonne Rhea,WR,https://a.espncdn.com/i/headshots/college-football/players/full/4428336.png
4428438,Edward Saydee,RB,https://a.espncdn.com/i/headshots/college-football/players/full/4428438.png
4428439,Collin Schlee,QB,https://a.espncdn.com/i/headshots/college-football/players/full/4428439.png
4428451,Brett Seither,TE,https://a.espncdn.com/i/headshots/college-football/players/full/4428451.png
4428486,Treon Sibley,WR,https://a.espncdn.com/i/headshots/college-football/players/full/4428486.png
4428502,Tristan Sinclair,RB,https://a.espncdn.com/i/headshots/college-football/players/full/4428502.png
4428527,Dalvin Smith,WR,https://a.espncdn.com/i/headshots/college-football/players/full/4428527.png
4428580,Tyler Stephens,TE,https://a.espncdn.com/i/headshots/college-football/players/full/4428580.png
4428594,Melquan Stovall,WR,https://a.espncdn.com/i/headshots/college-football/players/full/4428594.png
4428606,Jacquez Stuart,RB,https://a.espncdn.com/i/headshots/college-football/players/full/4428606.png
4428643,Tristen Tewes,TE,https://a.espncdn.com/i/headshots/college-football/players/full/4428643.png
4428666,Cadarrius Thompson,WR,https://a.espncdn.com/i/headshots/college-football/players/full/4428666.png
4428692,Dino Tomlin,WR,https://a.espncdn.com/i/headshots/college-football/players/full/4428692.png
4428719,Milan Tucker,WR,https://a.espncdn.com/i/headshots/college-football/players/full/4428719.png
4428754,Charlie Vincent,RB,https://a.espncdn.com/i/headshots/college-football/players/full/4428754.png
4428783,Treshaun Ward,RB,https://a.espncdn.com/i/headshots/college-football/players/full/4428783.png
4428784,Damon Ward Jr.,WR,https://a.espncdn.com/i/headshots/college-football/players/full/4428784.png
4428797,Woodi Washington,WR,https://a.espncdn.com/i/headshots/college-football/players/full/4428797.png
4428803,Jordan Waters,RB,https://a.espncdn.com/i/headshots/college-football/players/full/4428803.png
4428805,Connor Watkins,QB,https://a.espncdn.com/i/headshots/college-football/players/full/4428805.png
4428808,Jacob Bernard,WR,https://a.espncdn.com/i/headshots/college-football/players/full/4428808.png
4428887,Davis Beville,QB,https://a.espncdn.com/i/headshots/college-football/players/full/4428887.png
4428915,Lee Witherspoon,RB,https://a.espncdn.com/i/headshots/college-football/players/full/4428915.png
4428921,Jude Wolfe,TE,https://a.espncdn.com/i/headshots/college-football/players/full/4428921.png
4428938,Dante Wright,WR,https://a.espncdn.com/i/headshots/college-football/players/full/4428938.png
4428940,Kyi Wright,TE,https://a.espncdn.com/i/headshots/college-football/players/full/4428940.png
4428943,Jacardia Wright,RB,https://a.espncdn.com/i/headshots/college-football/players/full/4428943.png
4428961,Jordan Yates,QB,https://a.espncdn.com/i/headshots/college-football/players/full/4428961.png
4428993,Haynes King,QB,https://a.espncdn.com/i/headshots/college-football/players/full/4428993.png
4428996,Jordan Burch,RB,https://a.espncdn.com/i/headshots/college-football/players/full/4428996.png
4428997,Sav'ell Smalls,TE,https://a.espncdn.com/i/headshots/college-football/players/full/4428997.png
4429020,DJ Uiagalelei,QB,https://a.espncdn.com/i/headshots/college-football/players/full/4429020.png
4429032,Hudson Card,QB,https://a.espncdn.com/i/headshots/college-football/players/full/4429032.png
4429043,Jaylan Knighton,RB,https://a.espncdn.com/i/headshots/college-football/players/full/4429043.png
4429053,AJ Henning,WR,https://a.espncdn.com/i/headshots/college-football/players/full/4429053.png
4429056,Kobe Hudson,WR,https://a.espncdn.com/i/headshots/college-football/players/full/4429056.png
4429059,Woody Marks,RB,https://a.espncdn.com/i/headshots/college-football/players/full/4429059.png
4429062,Ze'Vian Capers,WR,https://a.espncdn.com/i/headshots/college-football/players/full/4429062.png
4429066,Jeff Sims,QB,https://a.espncdn.com/i/headshots/college-football/players/full/4429066.png
4429068,Ethan Garbers,QB,https://a.espncdn.com/i/headshots/college-football/players/full/4429068.png
4429072,Lawrance Toafili,RB,https://a.espncdn.com/i/headshots/college-football/players/full/4429072.png
4429077,Keyvone Lee,RB,https://a.espncdn.com/i/headshots/college-football/players/full/4429077.png
4429079,Luke Doty,WR,https://a.espncdn.com/i/headshots/college-football/players/full/4429079.png
4429080,Jackson Bratton,WR,https://a.espncdn.com/i/headshots/college-football/players/full/4429080.png
4429088,Drew Pyne,QB,https://a.espncdn.com/i/headshots/college-football/players/full/4429088.png
4429093,Quincy Brown,WR,https://a.espncdn.com/i/headshots/college-football/players/full/4429093.png
4429103,J.J. Hester,WR,https://a.espncdn.com/i/headshots/college-football/players/full/4429103.png
4429105,Arian Smith,WR,https://a.espncdn.com/i/headshots/college-football/players/full/4429105.png
4429107,Dazalin Worsham,WR,https://a.espncdn.com/i/headshots/college-football/players/full/4429107.png
4429115,Gee Scott Jr.,TE,https://a.espncdn.com/i/headshots/college-football/players/full/4429115.png
4429120,Micah Bowens,QB,https://a.espncdn.com/i/headshots/college-football/players/full/4429120.png
4429121,Kalel Mullings,RB,https://a.espncdn.com/i/headshots/college-football/players/full/4429121.png
4429125,Gary Bryant Jr.,WR,https://a.espncdn.com/i/headshots/college-football/players/full/4429125.png
4429129,Mike Drennen II,RB,https://a.espncdn.com/i/headshots/college-football/players/full/4429129.png
4429133,Malik Hornsby,WR,https://a.espncdn.com/i/headshots/college-football/players/full/4429133.png
4429145,Harrison Bailey,QB,https://a.espncdn.com/i/headshots/college-football/players/full/4429145.png
4429149,Brendon Lewis,QB,https://a.espncdn.com/i/headshots/college-football/players/full/4429149.png
4429172,Traeshon Holden,WR,https://a.espncdn.com/i/headshots/college-football/players/full/4429172.png
4429173,Bryce Farrell,WR,https://a.espncdn.com/i/headshots/college-football/players/full/4429173.png
4429174,Kevin Bauman,TE,https://a.espncdn.com/i/headshots/college-football/players/full/4429174.png
4429179,Aidan Bouman,QB,https://a.espncdn.com/i/headshots/college-football/players/full/4429179.png
4429184,Elijhah Badger,WR,https://a.espncdn.com/i/headshots/college-football/players/full/4429184.png
4429186,Sam Adams II,RB,https://a.espncdn.com/i/headshots/college-football/players/full/4429186.png
4429191,Deuce Hogan,QB,https://a.espncdn.com/i/headshots/college-football/players/full/4429191.png
4429209,Beau Allen,QB,https://a.espncdn.com/i/headshots/college-football/players/full/4429209.png
4429212,Rashad Amos,RB,https://a.espncdn.com/i/headshots/college-football/players/full/4429212.png
4429227,Jaylon Armstead,RB,https://a.espncdn.com/i/headshots/college-football/players/full/4429227.png
4429253,Mitch Bartol,TE,https://a.espncdn.com/i/headshots/college-football/players/full/4429253.png
4429255,Marquez Bell,WR,https://a.espncdn.com/i/headshots/college-football/players/full/4429255.png
4429259,CJ Beasley,RB,https://a.espncdn.com/i/headshots/college-football/players/full/4429259.png
4429283,Austin Bolt,WR,https://a.espncdn.com/i/headshots/college-football/players/full/4429283.png
4429284,Demeer Blankumsee,WR,https://a.espncdn.com/i/headshots/college-football/players/full/4429284.png
4429287,Peny Boone,RB,https://a.espncdn.com/i/headshots/college-football/players/full/4429287.png
4429299,Tahj Brooks,RB,https://a.espncdn.com/i/headshots/college-football/players/full/4429299.png
4429313,Tyrone Broden,WR,https://a.espncdn.com/i/headshots/college-football/players/full/4429313.png
4429316,DeCarlos Brooks,RB,https://a.espncdn.com/i/headshots/college-football/players/full/4429316.png
4429410,Sevaughn Clark,RB,https://a.espncdn.com/i/headshots/college-football/players/full/4429410.png
4429422,Trey Cleveland,WR,https://a.espncdn.com/i/headshots/college-football/players/full/4429422.png
4429435,Brady Cook,QB,https://a.espncdn.com/i/headshots/college-football/players/full/4429435.png
4429439,Quinton Cooley,RB,https://a.espncdn.com/i/headshots/college-football/players/full/4429439.png
4429455,Jamal Cooney,WR,https://a.espncdn.com/i/headshots/college-football/players/full/4429455.png
4429461,Joshua Crabtree,WR,https://a.espncdn.com/i/headshots/college-football/players/full/4429461.png
4429463,Jacolby Criswell,QB,https://a.espncdn.com/i/headshots/college-football/players/full/4429463.png
4429466,Drake Dabney,TE,https://a.espncdn.com/i/headshots/college-football/players/full/4429466.png
4429470,Nicky Dalmolin,TE,https://a.espncdn.com/i/headshots/college-football/players/full/4429470.png
4429505,Kelvin Dean,RB,https://a.espncdn.com/i/headshots/college-football/players/full/4429505.png
4429552,Eamonn Dennis,WR,https://a.espncdn.com/i/headshots/college-football/players/full/4429552.png
4429582,Joe Fagnano,QB,https://a.espncdn.com/i/headshots/college-football/players/full/4429582.png
4429595,Chandler Fields,QB,https://a.espncdn.com/i/headshots/college-football/players/full/4429595.png
4429608,Corey Dyches,TE,https://a.espncdn.com/i/headshots/college-football/players/full/4429608.png
4429618,Justice Ellison,RB,https://a.espncdn.com/i/headshots/college-football/players/full/4429618.png
4429620,Justin Fomby,QB,https://a.espncdn.com/i/headshots/college-football/players/full/4429620.png
4429632,Konner Fox,TE,https://a.espncdn.com/i/headshots/college-football/players/full/4429632.png
4429652,Patrick Garwo III,RB,https://a.espncdn.com/i/headshots/college-football/players/full/4429652.png
4429660,Joe Gillette,WR,https://a.espncdn.com/i/headshots/college-football/players/full/4429660.png
4429665,Terrance Gipson,QB,https://a.espncdn.com/i/headshots/college-football/players/full/4429665.png
4429691,Malik Grant,RB,https://a.espncdn.com/i/headshots/college-football/players/full/4429691.png
4429709,Jam Griffin,RB,https://a.espncdn.com/i/headshots/college-football/players/full/4429709.png
4429751,DeMarcus Harris,WR,https://a.espncdn.com/i/headshots/college-football/players/full/4429751.png
4429757,Javon Harvey,WR,https://a.espncdn.com/i/headshots/college-football/players/full/4429757.png
4429773,Loic Fouonji,WR,https://a.espncdn.com/i/headshots/college-football/players/full/4429773.png
4429781,Michael Frogge,TE,https://a.espncdn.com/i/headshots/college-football/players/full/4429781.png
4429797,Isaac Gifford,WR,https://a.espncdn.com/i/headshots/college-football/players/full/4429797.png
4429800,Ger-Cari Caldwell,WR,https://a.espncdn.com/i/headshots/college-football/players/full/4429800.png
4429801,Tucker Gleason,QB,https://a.espncdn.com/i/headshots/college-football/players/full/4429801.png
4429804,Jimmy Calloway,WR,https://a.espncdn.com/i/headshots/college-football/players/full/4429804.png
4429811,Patrick Herbert,TE,https://a.espncdn.com/i/headshots/college-football/players/full/4429811.png
4429847,Garrett Greene,QB,https://a.espncdn.com/i/headshots/college-football/players/full/4429847.png
4429870,Keenan Hambrick,WR,https://a.espncdn.com/i/headshots/college-football/players/full/4429870.png
4429885,Kobie Campbell,WR,https://a.espncdn.com/i/headshots/college-football/players/full/4429885.png
4429911,JoVoni Johnson-McCray,WR,https://a.espncdn.com/i/headshots/college-football/players/full/4429911.png
4429914,Karter Johnson,TE,https://a.espncdn.com/i/headshots/college-football/players/full/4429914.png
4429922,Jaedon Henry,RB,https://a.espncdn.com/i/headshots/college-football/players/full/4429922.png
4429949,Maliq Carr,TE,https://a.espncdn.com/i/headshots/college-football/players/full/4429949.png
4429955,Will Howard,QB,https://a.espncdn.com/i/headshots/college-football/players/full/4429955.png
4429963,Jeremiah Hunter,WR,https://a.espncdn.com/i/headshots/college-football/players/full/4429963.png
4429967,Kris Hutson,WR,https://a.espncdn.com/i/headshots/college-football/players/full/4429967.png
4429971,Ryan Ingram,RB,https://a.espncdn.com/i/headshots/college-football/players/full/4429971.png
4429976,Micah Kelly,RB,https://a.espncdn.com/i/headshots/college-football/players/full/4429976.png
4429989,Stanley King,WR,https://a.espncdn.com/i/headshots/college-football/players/full/4429989.png
4429994,Bryce Kirtz,WR,https://a.espncdn.com/i/headshots/college-football/players/full/4429994.png
4430016,Nathan Lamb,QB,https://a.espncdn.com/i/headshots/college-football/players/full/4430016.png
4430022,Anthony Landphere,TE,https://a.espncdn.com/i/headshots/college-football/players/full/4430022.png
4430033,Cooper Legas,QB,https://a.espncdn.com/i/headshots/college-football/players/full/4430033.png
4430063,Dominique Johnson,RB,https://a.espncdn.com/i/headshots/college-football/players/full/4430063.png
4430067,Jaren Mangham,RB,https://a.espncdn.com/i/headshots/college-football/players/full/4430067.png
4430077,Jaharie Martin,RB,https://a.espncdn.com/i/headshots/college-football/players/full/4430077.png
4430089,Michael Mathison,WR,https://a.espncdn.com/i/headshots/college-football/players/full/4430089.png
4430103,Munir McClain,WR,https://a.espncdn.com/i/headshots/college-football/players/full/4430103.png
4430105,Fabian McCray,WR,https://a.espncdn.com/i/headshots/college-football/players/full/4430105.png
4430119,Deshawn McCuin,WR,https://a.espncdn.com/i/headshots/college-football/players/full/4430119.png
4430138,Tysen Kershaw,WR,https://a.espncdn.com/i/headshots/college-football/players/full/4430138.png
4430166,Josiah Miamen,TE,https://a.espncdn.com/i/headshots/college-football/players/full/4430166.png
4430183,Logan Kyle,TE,https://a.espncdn.com/i/headshots/college-football/players/full/4430183.png
4430185,Caullin Lacy,WR,https://a.espncdn.com/i/headshots/college-football/players/full/4430185.png
4430235,Chris Long,WR,https://a.espncdn.com/i/headshots/college-football/players/full/4430235.png
4430254,Jerjuan Newton,WR,https://a.espncdn.com/i/headshots/college-football/players/full/4430254.png
4430270,Ja'Mori Maclin,WR,https://a.espncdn.com/i/headshots/college-football/players/full/4430270.png
4430288,Eli Pancol,WR,https://a.espncdn.com/i/headshots/college-football/players/full/4430288.png
4430323,Ja'Shaun Poke,WR,https://a.espncdn.com/i/headshots/college-football/players/full/4430323.png
4430338,Jeremiah Pruitte,TE,https://a.espncdn.com/i/headshots/college-football/players/full/4430338.png
4430358,Cal Redman,TE,https://a.espncdn.com/i/headshots/college-football/players/full/4430358.png
4430431,Kurtis Rourke,QB,https://a.espncdn.com/i/headshots/college-football/players/full/4430431.png
4430452,Nik Scalzo,QB,https://a.espncdn.com/i/headshots/college-football/players/full/4430452.png
4430468,Marquez Cooper,RB,https://a.espncdn.com/i/headshots/college-football/players/full/4430468.png
4430470,TJ Sheffield,WR,https://a.espncdn.com/i/headshots/college-football/players/full/4430470.png
4430482,Joshua Simon,TE,https://a.espncdn.com/i/headshots/college-football/players/full/4430482.png
4430512,Noah Smith,WR,https://a.espncdn.com/i/headshots/college-football/players/full/4430512.png
4430520,Elias Spence,TE,https://a.espncdn.com/i/headshots/college-football/players/full/4430520.png
4430565,Will Nixon,RB,https://a.espncdn.com/i/headshots/college-football/players/full/4430565.png
4430577,Rashod Owens,WR,https://a.espncdn.com/i/headshots/college-football/players/full/4430577.png
4430590,Payton Thorne,QB,https://a.espncdn.com/i/headshots/college-football/players/full/4430590.png
4430596,Keshawn Toney,TE,https://a.espncdn.com/i/headshots/college-football/players/full/4430596.png
4430598,Chris Toudle,TE,https://a.espncdn.com/i/headshots/college-football/players/full/4430598.png
4430636,Kentron Poitier,WR,https://a.espncdn.com/i/headshots/college-football/players/full/4430636.png
4430654,Rico Powers Jr.,WR,https://a.espncdn.com/i/headshots/college-football/players/full/4430654.png
4430656,Myles Price,WR,https://a.espncdn.com/i/headshots/college-football/players/full/4430656.png
4430657,Devin Price,WR,https://a.espncdn.com/i/headshots/college-football/players/full/4430657.png
4430666,Ikaika Ragsdale,RB,https://a.espncdn.com/i/headshots/college-football/players/full/4430666.png
4430689,Dominic Richardson,RB,https://a.espncdn.com/i/headshots/college-football/players/full/4430689.png
4430699,Jack Salopek,QB,https://a.espncdn.com/i/headshots/college-football/players/full/4430699.png
4430712,Jordon Simmons,RB,https://a.espncdn.com/i/headshots/college-football/players/full/4430712.png
4430716,Justin Whiteside,WR,https://a.espncdn.com/i/headshots/college-football/players/full/4430716.png
4430724,Dariyan Wiley,WR,https://a.espncdn.com/i/headshots/college-football/players/full/4430724.png
4430747,Reese Smith,WR,https://a.espncdn.com/i/headshots/college-football/players/full/4430747.png
4430775,Hayden Wolff,QB,https://a.espncdn.com/i/headshots/college-football/players/full/4430775.png
4430798,Kyler Pearson,WR,https://a.espncdn.com/i/headshots/college-football/players/full/4430798.png
4430800,Julian Fleming,WR,https://a.espncdn.com/i/headshots/college-football/players/full/4430800.png
4430804,Chris Tyree,WR,https://a.espncdn.com/i/headshots/college-football/players/full/4430804.png
4430810,Daniyel Ngata,RB,https://a.espncdn.com/i/headshots/college-football/players/full/4430810.png
4430817,Xzavier Henderson,WR,https://a.espncdn.com/i/headshots/college-football/players/full/4430817.png
4430821,Kitan Crawford,RB,https://a.espncdn.com/i/headshots/college-football/players/full/4430821.png
4430825,EJ Smith,RB,https://a.espncdn.com/i/headshots/college-football/players/full/4430825.png
4430827,Troy Omeire,WR,https://a.espncdn.com/i/headshots/college-football/players/full/4430827.png
4430828,Mookie Cooper,WR,https://a.espncdn.com/i/headshots/college-football/players/full/4430828.png
4430833,Ja'Quavion Fraziars,WR,https://a.espncdn.com/i/headshots/college-football/players/full/4430833.png
4430836,Chubba Purdy,QB,https://a.espncdn.com/i/headshots/college-football/players/full/4430836.png
4430841,Carson Beck,QB,https://a.espncdn.com/i/headshots/college-football/players/full/4430841.png
4430843,Jalen Berger,RB,https://a.espncdn.com/i/headshots/college-football/players/full/4430843.png
4430845,Darvon Hubbard,RB,https://a.espncdn.com/i/headshots/college-football/players/full/4430845.png
4430846,Porter Rooks,WR,https://a.espncdn.com/i/headshots/college-football/players/full/4430846.png
4430847,Chris Street,RB,https://a.espncdn.com/i/headshots/college-football/players/full/4430847.png
4430854,Collin Sullivan,WR,https://a.espncdn.com/i/headshots/college-football/players/full/4430854.png
4430857,Jaden Dottin,WR,https://a.espncdn.com/i/headshots/college-football/players/full/4430857.png
4430870,KeAndre Lambert-Smith,WR,https://a.espncdn.com/i/headshots/college-football/players/full/4430870.png
4430875,Daniel Jackson,WR,https://a.espncdn.com/i/headshots/college-football/players/full/4430875.png
4430885,Ja'Khi Douglas,WR,https://a.espncdn.com/i/headshots/college-football/players/full/4430885.png
4430893,Chip Trayanum,RB,https://a.espncdn.com/i/headshots/college-football/players/full/4430893.png
4430894,Caziah Holmes,RB,https://a.espncdn.com/i/headshots/college-football/players/full/4430894.png
4430896,JJ Pegues,RB,https://a.espncdn.com/i/headshots/college-football/players/full/4430896.png
4430898,David Afari,RB,https://a.espncdn.com/i/headshots/college-football/players/full/4430898.png
4430903,Dakota Thomas,WR,https://a.espncdn.com/i/headshots/college-football/players/full/4430903.png
4430905,Jadon Thompson,WR,https://a.espncdn.com/i/headshots/college-football/players/full/4430905.png
4430912,Malakai Anthony,QB,https://a.espncdn.com/i/headshots/college-football/players/full/4430912.png
4430914,Lawrence Arnold,WR,https://a.espncdn.com/i/headshots/college-football/players/full/4430914.png
4430934,Zeriah Beason,WR,https://a.espncdn.com/i/headshots/college-football/players/full/4430934.png
4430954,Lukas Ungar,TE,https://a.espncdn.com/i/headshots/college-football/players/full/4430954.png
4430992,Kentrel Bullock,RB,https://a.espncdn.com/i/headshots/college-football/players/full/4430992.png
4430993,LV Bunkley-Shelton,WR,https://a.espncdn.com/i/headshots/college-football/players/full/4430993.png
4430995,Kolbe Burrell,RB,https://a.espncdn.com/i/headshots/college-football/players/full/4430995.png
4431001,Elijah Canion,WR,https://a.espncdn.com/i/headshots/college-football/players/full/4431001.png
4431002,Latrell Caples,WR,https://a.espncdn.com/i/headshots/college-football/players/full/4431002.png
4431009,Hunter Welcing,TE,https://a.espncdn.com/i/headshots/college-football/players/full/4431009.png
4431018,Mike Chandler II,QB,https://a.espncdn.com/i/headshots/college-football/players/full/4431018.png
4431035,Gavin Williams,RB,https://a.espncdn.com/i/headshots/college-football/players/full/4431035.png
4431044,Jalin Conyers,WR,https://a.espncdn.com/i/headshots/college-football/players/full/4431044.png
4431045,John Copenhaver,TE,https://a.espncdn.com/i/headshots/college-football/players/full/4431045.png
4431046,Edward Core,TE,https://a.espncdn.com/i/headshots/college-football/players/full/4431046.png
4431051,Izayah Cummings,TE,https://a.espncdn.com/i/headshots/college-football/players/full/4431051.png
4431053,Mac Dalena,WR,https://a.espncdn.com/i/headshots/college-football/players/full/4431053.png
4431066,Harlan Dixon,RB,https://a.espncdn.com/i/headshots/college-football/players/full/4431066.png
4431068,Moochie Dixon,WR,https://a.espncdn.com/i/headshots/college-football/players/full/4431068.png
4431074,Jay Ducker,RB,https://a.espncdn.com/i/headshots/college-football/players/full/4431074.png
4431081,Sage Ennis,TE,https://a.espncdn.com/i/headshots/college-football/players/full/4431081.png
4431083,Darryle Evans,RB,https://a.espncdn.com/i/headshots/college-football/players/full/4431083.png
4431091,Ben Finley,QB,https://a.espncdn.com/i/headshots/college-football/players/full/4431091.png
4431094,Christian Fitzpatrick,WR,https://a.espncdn.com/i/headshots/college-football/players/full/4431094.png
4431114,Ben Gulbranson,QB,https://a.espncdn.com/i/headshots/college-football/players/full/4431114.png
4431134,Eli Wilson,TE,https://a.espncdn.com/i/headshots/college-football/players/full/4431134.png
4431142,Jimmy Holiday,WR,https://a.espncdn.com/i/headshots/college-football/players/full/4431142.png
4431152,Jackson Acker,TE,https://a.espncdn.com/i/headshots/college-football/players/full/4431152.png
4431162,T.J. Bollers,RB,https://a.espncdn.com/i/headshots/college-football/players/full/4431162.png
4431174,Taji Johnson,WR,https://a.espncdn.com/i/headshots/college-football/players/full/4431174.png
4431196,Jake Briningstool,TE,https://a.espncdn.com/i/headshots/college-football/players/full/4431196.png
4431197,Romello Brinson,WR,https://a.espncdn.com/i/headshots/college-football/players/full/4431197.png
4431209,Dacari Collins,WR,https://a.espncdn.com/i/headshots/college-football/players/full/4431209.png
4431210,Beaux Collins,WR,https://a.espncdn.com/i/headshots/college-football/players/full/4431210.png
4431213,Deion Colzie,WR,https://a.espncdn.com/i/headshots/college-football/players/full/4431213.png
4431219,Kyren Lacy,WR,https://a.espncdn.com/i/headshots/college-football/players/full/4431219.png
4431229,Caleb Lewis,RB,https://a.espncdn.com/i/headshots/college-football/players/full/4431229.png
4431234,Logan Loya,WR,https://a.espncdn.com/i/headshots/college-football/players/full/4431234.png
4431236,Qian Magwood,WR,https://a.espncdn.com/i/headshots/college-football/players/full/4431236.png
4431241,Duane Martin,TE,https://a.espncdn.com/i/headshots/college-football/players/full/4431241.png
4431246,Baron May,QB,https://a.espncdn.com/i/headshots/college-football/players/full/4431246.png
4431268,Chimere Dike,WR,https://a.espncdn.com/i/headshots/college-football/players/full/4431268.png
4431271,Tamatoa Mokiao-Atimalala,WR,https://a.espncdn.com/i/headshots/college-football/players/full/4431271.png
4431273,Jalil Farooq,WR,https://a.espncdn.com/i/headshots/college-football/players/full/4431273.png
4431277,Koy Moore,WR,https://a.espncdn.com/i/headshots/college-football/players/full/4431277.png
4431281,Christian Moore,TE,https://a.espncdn.com/i/headshots/college-football/players/full/4431281.png
4431286,Armoni Goodwin,RB,https://a.espncdn.com/i/headshots/college-football/players/full/4431286.png
4431297,Blake Nowell,WR,https://a.espncdn.com/i/headshots/college-football/players/full/4431297.png
4431302,Ricky Ortega,WR,https://a.espncdn.com/i/headshots/college-football/players/full/4431302.png
4431303,Jake Overman,TE,https://a.espncdn.com/i/headshots/college-football/players/full/4431303.png
4431304,Kejon Owens,RB,https://a.espncdn.com/i/headshots/college-football/players/full/4431304.png
4431309,Money Parks,WR,https://a.espncdn.com/i/headshots/college-football/players/full/4431309.png
4431310,Henry Parrish Jr.,RB,https://a.espncdn.com/i/headshots/college-football/players/full/4431310.png
4431325,Taylen Green,QB,https://a.espncdn.com/i/headshots/college-football/players/full/4431325.png
4431328,Rodney Hammond Jr.,RB,https://a.espncdn.com/i/headshots/college-football/players/full/4431328.png
4431334,Chris Hilton Jr.,WR,https://a.espncdn.com/i/headshots/college-football/players/full/4431334.png
4431338,Ahmari Huggins-Bruce,WR,https://a.espncdn.com/i/headshots/college-football/players/full/4431338.png
4431339,Evan Prater,WR,https://a.espncdn.com/i/headshots/college-football/players/full/4431339.png
4431342,Brennan Presley,WR,https://a.espncdn.com/i/headshots/college-football/players/full/4431342.png
4431346,Mark Redman,TE,https://a.espncdn.com/i/headshots/college-football/players/full/4431346.png
4431353,Xavier Restrepo,WR,https://a.espncdn.com/i/headshots/college-football/players/full/4431353.png
4431368,Tyler Savage,TE,https://a.espncdn.com/i/headshots/college-football/players/full/4431368.png
4431375,Ken Seals,QB,https://a.espncdn.com/i/headshots/college-football/players/full/4431375.png
4431387,Evan Simon,QB,https://a.espncdn.com/i/headshots/college-football/players/full/4431387.png
4431389,Ketron Jackson Jr.,WR,https://a.espncdn.com/i/headshots/college-football/players/full/4431389.png
4431397,Logan Smothers,QB,https://a.espncdn.com/i/headshots/college-football/players/full/4431397.png
4431398,Dylan Downing,RB,https://a.espncdn.com/i/headshots/college-football/players/full/4431398.png
4431416,Kiael Kelly,QB,https://a.espncdn.com/i/headshots/college-football/players/full/4431416.png
4431417,Quinton Stewart,TE,https://a.espncdn.com/i/headshots/college-football/players/full/4431417.png
4431431,Corey Kiner,RB,https://a.espncdn.com/i/headshots/college-football/players/full/4431431.png
4431432,Kenny Tracy,RB,https://a.espncdn.com/i/headshots/college-football/players/full/4431432.png
4431443,Tristan Leigh,WR,https://a.espncdn.com/i/headshots/college-football/players/full/4431443.png
4431445,Ky Thomas,RB,https://a.espncdn.com/i/headshots/college-football/players/full/4431445.png
4431459,Tyler Warren,TE,https://a.espncdn.com/i/headshots/college-football/players/full/4431459.png
4431461,Chamon Metayer,TE,https://a.espncdn.com/i/headshots/college-football/players/full/4431461.png
4431465,Behren Morton,QB,https://a.espncdn.com/i/headshots/college-football/players/full/4431465.png
4431466,Jordan Watkins,WR,https://a.espncdn.com/i/headshots/college-football/players/full/4431466.png
4431468,Jordan Mosley,WR,https://a.espncdn.com/i/headshots/college-football/players/full/4431468.png
4431475,Latrell Neville,WR,https://a.espncdn.com/i/headshots/college-football/players/full/4431475.png
4431479,Ricky White III,WR,https://a.espncdn.com/i/headshots/college-football/players/full/4431479.png
4431483,Sy'veon Wilkerson,RB,https://a.espncdn.com/i/headshots/college-football/players/full/4431483.png
4431484,Jay Wilkerson,WR,https://a.espncdn.com/i/headshots/college-football/players/full/4431484.png
4431485,Leshon Williams,RB,https://a.espncdn.com/i/headshots/college-football/players/full/4431485.png
4431487,Savion Williams,WR,https://a.espncdn.com/i/headshots/college-football/players/full/4431487.png
4431497,Mavin Anderson,WR,https://a.espncdn.com/i/headshots/college-football/players/full/4431497.png
4431498,Jayden Ballard,WR,https://a.espncdn.com/i/headshots/college-football/players/full/4431498.png
4431499,Sieh Bangura,RB,https://a.espncdn.com/i/headshots/college-football/players/full/4431499.png
4431501,James BlackStrain,WR,https://a.espncdn.com/i/headshots/college-football/players/full/4431501.png
4431505,Kobe Paysour,WR,https://a.espncdn.com/i/headshots/college-football/players/full/4431505.png
4431506,Ja'Corey Brooks,WR,https://a.espncdn.com/i/headshots/college-football/players/full/4431506.png
4431509,Kaden Prather,WR,https://a.espncdn.com/i/headshots/college-football/players/full/4431509.png
4431513,Tyler Buchner,WR,https://a.espncdn.com/i/headshots/college-football/players/full/4431513.png
4431514,Daejon Reynolds,WR,https://a.espncdn.com/i/headshots/college-football/players/full/4431514.png
4431516,Brandon Buckhaulter,WR,https://a.espncdn.com/i/headshots/college-football/players/full/4431516.png
4431519,Barrett Carter,RB,https://a.espncdn.com/i/headshots/college-football/players/full/4431519.png
4431525,Dekel Crowdus,WR,https://a.espncdn.com/i/headshots/college-football/players/full/4431525.png
4431527,Derrick Davis Jr.,RB,https://a.espncdn.com/i/headshots/college-football/players/full/4431527.png
4431535,Jake Rubley,QB,https://a.espncdn.com/i/headshots/college-football/players/full/4431535.png
4431536,Donovan Edwards,RB,https://a.espncdn.com/i/headshots/college-football/players/full/4431536.png
4431537,Trevonte Rucker,WR,https://a.espncdn.com/i/headshots/college-football/players/full/4431537.png
4431560,Antwain Littleton Jr.,RB,https://a.espncdn.com/i/headshots/college-football/players/full/4431560.png
4431562,Phil Mafah,RB,https://a.espncdn.com/i/headshots/college-football/players/full/4431562.png
4431574,Eli Stowers,TE,https://a.espncdn.com/i/headshots/college-football/players/full/4431574.png
4431580,Miller Moss,QB,https://a.espncdn.com/i/headshots/college-football/players/full/4431580.png
4431597,Roc Taylor,WR,https://a.espncdn.com/i/headshots/college-football/players/full/4431597.png
4431600,Jayden Thomas,WR,https://a.espncdn.com/i/headshots/college-football/players/full/4431600.png
4431606,Monte Watkins,RB,https://a.espncdn.com/i/headshots/college-football/players/full/4431606.png
4431607,Desmond Watson,RB,https://a.espncdn.com/i/headshots/college-football/players/full/4431607.png
4431609,Jarris Williams,RB,https://a.espncdn.com/i/headshots/college-football/players/full/4431609.png
4431618,Mario Williams,WR,https://a.espncdn.com/i/headshots/college-football/players/full/4431618.png
4431632,Caleb Coombs,WR,https://a.espncdn.com/i/headshots/college-football/players/full/4431632.png
4431633,Goose Crowder,QB,https://a.espncdn.com/i/headshots/college-football/players/full/4431633.png
4431639,B.J. Harris,RB,https://a.espncdn.com/i/headshots/college-football/players/full/4431639.png
4431646,Keontez Lewis,WR,https://a.espncdn.com/i/headshots/college-football/players/full/4431646.png
4431647,Chauncey Magwood,WR,https://a.espncdn.com/i/headshots/college-football/players/full/4431647.png
4431651,Elijah Metcalf,WR,https://a.espncdn.com/i/headshots/college-football/players/full/4431651.png
4431663,Jackson West,TE,https://a.espncdn.com/i/headshots/college-football/players/full/4431663.png
4431735,Doug Emilien,WR,https://a.espncdn.com/i/headshots/college-football/players/full/4431735.png
4431750,Kody Epps,WR,https://a.espncdn.com/i/headshots/college-football/players/full/4431750.png
4431801,Torrance Farmer Jr.,RB,https://a.espncdn.com/i/headshots/college-football/players/full/4431801.png
4431948,TJ Finley,QB,https://a.espncdn.com/i/headshots/college-football/players/full/4431948.png
4431976,Dustin Fletcher,QB,https://a.espncdn.com/i/headshots/college-football/players/full/4431976.png
4431997,Nathaneal Floyd,WR,https://a.espncdn.com/i/headshots/college-football/players/full/4431997.png
4432138,Mason Garcia,QB,https://a.espncdn.com/i/headshots/college-football/players/full/4432138.png
4432208,Caleb Lohner,TE,https://a.espncdn.com/i/headshots/college-football/players/full/4432208.png
4432215,Stephen Gosnell,WR,https://a.espncdn.com/i/headshots/college-football/players/full/4432215.png
4432230,Jalen Hampton,RB,https://a.espncdn.com/i/headshots/college-football/players/full/4432230.png
4432254,Zane Herring,RB,https://a.espncdn.com/i/headshots/college-football/players/full/4432254.png
4432260,Matthew Hibner,TE,https://a.espncdn.com/i/headshots/college-football/players/full/4432260.png
4432267,Joey Hobert,WR,https://a.espncdn.com/i/headshots/college-football/players/full/4432267.png
4432297,Isaiah Jacobs,RB,https://a.espncdn.com/i/headshots/college-football/players/full/4432297.png
4432326,Trevor Kardell,TE,https://a.espncdn.com/i/headshots/college-football/players/full/4432326.png
4432327,Kendall Karr,TE,https://a.espncdn.com/i/headshots/college-football/players/full/4432327.png
4432338,Luke Lachey,TE,https://a.espncdn.com/i/headshots/college-football/players/full/4432338.png
4432367,Kaevion Mack,WR,https://a.espncdn.com/i/headshots/college-football/players/full/4432367.png
4432368,Luke MacPhail,QB,https://a.espncdn.com/i/headshots/college-football/players/full/4432368.png
4432369,Sol-Jay Maiava-Peters,RB,https://a.espncdn.com/i/headshots/college-football/players/full/4432369.png
4432370,Sammy Malignaggi,RB,https://a.espncdn.com/i/headshots/college-football/players/full/4432370.png
4432374,Ahmani Marshall,RB,https://a.espncdn.com/i/headshots/college-football/players/full/4432374.png
4432387,Nate McCollum,WR,https://a.espncdn.com/i/headshots/college-football/players/full/4432387.png
4432404,Jamall Mensah,WR,https://a.espncdn.com/i/headshots/college-football/players/full/4432404.png
4432431,Avery Morrow,RB,https://a.espncdn.com/i/headshots/college-football/players/full/4432431.png
4432434,Keyon Mozee,RB,https://a.espncdn.com/i/headshots/college-football/players/full/4432434.png
4432506,Sawyer Racanelli,WR,https://a.espncdn.com/i/headshots/college-football/players/full/4432506.png
4432531,Jake Roberts,TE,https://a.espncdn.com/i/headshots/college-football/players/full/4432531.png
4432534,Tyree Saunders,WR,https://a.espncdn.com/i/headshots/college-football/players/full/4432534.png
4432551,Stacy Sneed,RB,https://a.espncdn.com/i/headshots/college-football/players/full/4432551.png
4432555,JJ Sparkman,WR,https://a.espncdn.com/i/headshots/college-football/players/full/4432555.png
4432612,Christian Veilleux,QB,https://a.espncdn.com/i/headshots/college-football/players/full/4432612.png
4432631,Noah Whittington,RB,https://a.espncdn.com/i/headshots/college-football/players/full/4432631.png
4432662,Cane Berrong,TE,https://a.espncdn.com/i/headshots/college-football/players/full/4432662.png
4432664,Gavin Blackwell,WR,https://a.espncdn.com/i/headshots/college-football/players/full/4432664.png
4432666,Kahlil Brantley,TE,https://a.espncdn.com/i/headshots/college-football/players/full/4432666.png
4432669,Joshua Burrell,TE,https://a.espncdn.com/i/headshots/college-football/players/full/4432669.png
4432677,Iverson Celestine,RB,https://a.espncdn.com/i/headshots/college-football/players/full/4432677.png
4432690,Dematrius Davis Jr.,QB,https://a.espncdn.com/i/headshots/college-football/players/full/4432690.png
4432691,Carlos Del Rio-Wilson,QB,https://a.espncdn.com/i/headshots/college-football/players/full/4432691.png
4432694,JoJo Earle,WR,https://a.espncdn.com/i/headshots/college-football/players/full/4432694.png
4432702,Thad Franklin Jr.,RB,https://a.espncdn.com/i/headshots/college-football/players/full/4432702.png
4432703,Jake Garcia,QB,https://a.espncdn.com/i/headshots/college-football/players/full/4432703.png
4432705,Bryson Green,WR,https://a.espncdn.com/i/headshots/college-football/players/full/4432705.png
4432706,Antonio Harmon,WR,https://a.espncdn.com/i/headshots/college-football/players/full/4432706.png
4432710,TreVeyon Henderson,RB,https://a.espncdn.com/i/headshots/college-football/players/full/4432710.png
4432718,LJ Johnson Jr.,RB,https://a.espncdn.com/i/headshots/college-football/players/full/4432718.png
4432721,Dino Kaliakmanis,WR,https://a.espncdn.com/i/headshots/college-football/players/full/4432721.png
4432722,Athan Kaliakmanis,QB,https://a.espncdn.com/i/headshots/college-football/players/full/4432722.png
4432727,Solo Lewis,WR,https://a.espncdn.com/i/headshots/college-football/players/full/4432727.png
4432731,Moliki Matavao,TE,https://a.espncdn.com/i/headshots/college-football/players/full/4432731.png
4432732,Walker Merrill,WR,https://a.espncdn.com/i/headshots/college-football/players/full/4432732.png
4432734,Jalen Milroe,QB,https://a.espncdn.com/i/headshots/college-football/players/full/4432734.png
4432744,Julian Nixon,TE,https://a.espncdn.com/i/headshots/college-football/players/full/4432744.png
4432754,Ricky Parks,RB,https://a.espncdn.com/i/headshots/college-football/players/full/4432754.png
4432757,Evan Pryor,RB,https://a.espncdn.com/i/headshots/college-football/players/full/4432757.png
4432759,Sawyer Robertson,QB,https://a.espncdn.com/i/headshots/college-football/players/full/4432759.png
4432762,Shedeur Sanders,QB,https://a.espncdn.com/i/headshots/college-football/players/full/4432762.png
4432765,Clayton Smith,WR,https://a.espncdn.com/i/headshots/college-football/players/full/4432765.png
4432767,Preston Stone,QB,https://a.espncdn.com/i/headshots/college-football/players/full/4432767.png
4432772,Jermaine Terry II,TE,https://a.espncdn.com/i/headshots/college-football/players/full/4432772.png
4432774,Ty Thompson,TE,https://a.espncdn.com/i/headshots/college-football/players/full/4432774.png
4432775,Dont'e Thornton Jr.,WR,https://a.espncdn.com/i/headshots/college-football/players/full/4432775.png
4432782,Brock Vandagriff,QB,https://a.espncdn.com/i/headshots/college-football/players/full/4432782.png
4432784,Kyron Hudson,WR,https://a.espncdn.com/i/headshots/college-football/players/full/4432784.png
4432797,Sean Jackson,RB,https://a.espncdn.com/i/headshots/college-football/players/full/4432797.png
4432803,Kaidon Salter,QB,https://a.espncdn.com/i/headshots/college-football/players/full/4432803.png
4433821,John Gentry,RB,https://a.espncdn.com/i/headshots/college-football/players/full/4433821.png
4433824,Hank Gibbs,TE,https://a.espncdn.com/i/headshots/college-football/players/full/4433824.png
4433825,Levi Gazarek,TE,https://a.espncdn.com/i/headshots/college-football/players/full/4433825.png
4433827,Rocko Griffin,RB,https://a.espncdn.com/i/headshots/college-football/players/full/4433827.png
4433828,Khalan Griffin,RB,https://a.espncdn.com/i/headshots/college-football/players/full/4433828.png
4433829,Mitch Griffis,QB,https://a.espncdn.com/i/headshots/college-football/players/full/4433829.png
4433830,Luke Grimm,WR,https://a.espncdn.com/i/headshots/college-football/players/full/4433830.png
4433844,Alex Lines,TE,https://a.espncdn.com/i/headshots/college-football/players/full/4433844.png
4433855,Terry Lockett Jr.,WR,https://a.espncdn.com/i/headshots/college-football/players/full/4433855.png
4433859,Jalynnee McGee,RB,https://a.espncdn.com/i/headshots/college-football/players/full/4433859.png
4433871,Caleb Medford,WR,https://a.espncdn.com/i/headshots/college-football/players/full/4433871.png
4433880,Jontavis Robertson,WR,https://a.espncdn.com/i/headshots/college-football/players/full/4433880.png
4433886,Tate Rodemaker,QB,https://a.espncdn.com/i/headshots/college-football/players/full/4433886.png
4433901,Corey Rucker,WR,https://a.espncdn.com/i/headshots/college-football/players/full/4433901.png
4433906,Trayvon Rudolph,WR,https://a.espncdn.com/i/headshots/college-football/players/full/4433906.png
4433909,Matt Sykes,WR,https://a.espncdn.com/i/headshots/college-football/players/full/4433909.png
4433921,Kole Taylor,TE,https://a.espncdn.com/i/headshots/college-football/players/full/4433921.png
4433932,Mike Wright Jr.,QB,https://a.espncdn.com/i/headshots/college-football/players/full/4433932.png
4433935,Ethan Wright,RB,https://a.espncdn.com/i/headshots/college-football/players/full/4433935.png
4433938,Jeremiah Wright,WR,https://a.espncdn.com/i/headshots/college-football/players/full/4433938.png
4433940,Abdur-Rahmaan Yaseen,WR,https://a.espncdn.com/i/headshots/college-football/players/full/4433940.png
4433945,Elijah Young,RB,https://a.espncdn.com/i/headshots/college-football/players/full/4433945.png
4433947,Corey Wren,RB,https://a.espncdn.com/i/headshots/college-football/players/full/4433947.png
4433959,Ben Yurosek,TE,https://a.espncdn.com/i/headshots/college-football/players/full/4433959.png
4433965,Brandon Campbell,RB,https://a.espncdn.com/i/headshots/college-football/players/full/4433965.png
4433968,Byron Cardwell Jr.,RB,https://a.espncdn.com/i/headshots/college-football/players/full/4433968.png
4433969,Timmy McClain,QB,https://a.espncdn.com/i/headshots/college-football/players/full/4433969.png
4433971,Kyle McCord,QB,https://a.espncdn.com/i/headshots/college-football/players/full/4433971.png
4433973,Seven McGee,WR,https://a.espncdn.com/i/headshots/college-football/players/full/4433973.png
4461429,Elijah Caldwell,WR,
4463590,Caleb Anderson,TE,https://a.espncdn.com/i/headshots/college-football/players/full/4463590.png
4511722,Hunter Wood,WR,https://a.espncdn.com/i/headshots/college-football/players/full/4511722.png
4522107,Daveon Walker,WR,https://a.espncdn.com/i/headshots/college-football/players/full/4522107.png
4528999,Jalen Rogers,WR,https://a.espncdn.com/i/headshots/college-football/players/full/4528999.png
4563007,Nick Elksnis,TE,https://a.espncdn.com/i/headshots/college-football/players/full/4563007.png
4565172,Courtney Jackson,WR,https://a.espncdn.com/i/headshots/college-football/players/full/4565172.png
4565180,Peter Costelli,QB,https://a.espncdn.com/i/headshots/college-football/players/full/4565180.png
4565181,Bralon Brown,WR,https://a.espncdn.com/i/headshots/college-football/players/full/4565181.png
4565183,Will Swanson,TE,https://a.espncdn.com/i/headshots/college-football/players/full/4565183.png
4565184,Jerand Bradley,WR,https://a.espncdn.com/i/headshots/college-football/players/full/4565184.png
4565185,Tai Felton,WR,https://a.espncdn.com/i/headshots/college-football/players/full/4565185.png
4565186,Shawn Hardy II,WR,https://a.espncdn.com/i/headshots/college-football/players/full/4565186.png
4565187,Jalen Kitna,QB,https://a.espncdn.com/i/headshots/college-football/players/full/4565187.png
4565189,Cam'Ron Ransom,QB,https://a.espncdn.com/i/headshots/college-football/players/full/4565189.png
4565211,Dan Dishman,TE,https://a.espncdn.com/i/headshots/college-football/players/full/4565211.png
4565297,Dontae Fleming,WR,https://a.espncdn.com/i/headshots/college-football/players/full/4565297.png
4565315,Blake Shapen,QB,https://a.espncdn.com/i/headshots/college-football/players/full/4565315.png
4565318,Terion Stewart,RB,https://a.espncdn.com/i/headshots/college-football/players/full/4565318.png
4565355,Dexter Williams II,QB,https://a.espncdn.com/i/headshots/college-football/players/full/4565355.png
4565361,Anthony Sambucci,WR,https://a.espncdn.com/i/headshots/college-football/players/full/4565361.png
4565460,Jaycob Horn,WR,https://a.espncdn.com/i/headshots/college-football/players/full/4565460.png
4565491,Jere Getzinger,TE,https://a.espncdn.com/i/headshots/college-football/players/full/4565491.png
4565532,Jordan Brunson,RB,https://a.espncdn.com/i/headshots/college-football/players/full/4565532.png
4565533,Sam Kenerson,WR,https://a.espncdn.com/i/headshots/college-football/players/full/4565533.png
4565552,Deacon Hill,QB,https://a.espncdn.com/i/headshots/college-football/players/full/4565552.png
4565553,Elijah Howard,RB,https://a.espncdn.com/i/headshots/college-football/players/full/4565553.png
4565555,Kaleo Ballungay,TE,https://a.espncdn.com/i/headshots/college-football/players/full/4565555.png
4565652,Errol Rogers,WR,https://a.espncdn.com/i/headshots/college-football/players/full/4565652.png
4565769,Sean Fresch,WR,https://a.espncdn.com/i/headshots/college-football/players/full/4565769.png
4565770,Damien Moore,RB,https://a.espncdn.com/i/headshots/college-football/players/full/4565770.png
4565859,Joe Royer,TE,https://a.espncdn.com/i/headshots/college-football/players/full/4565859.png
4565878,James Bomba,TE,https://a.espncdn.com/i/headshots/college-football/players/full/4565878.png
4565879,Diante Vines,WR,https://a.espncdn.com/i/headshots/college-football/players/full/4565879.png
4565889,Omarion Dollison,WR,https://a.espncdn.com/i/headshots/college-football/players/full/4565889.png
4565892,Navy Shuler,QB,https://a.espncdn.com/i/headshots/college-football/players/full/4565892.png
4566094,Jacob Rodriguez,RB,https://a.espncdn.com/i/headshots/college-football/players/full/4566094.png
4566153,Blaine Green,WR,https://a.espncdn.com/i/headshots/college-football/players/full/4566153.png
4566157,Luke Floriea,WR,https://a.espncdn.com/i/headshots/college-football/players/full/4566157.png
4566195,Marshall Lang,TE,https://a.espncdn.com/i/headshots/college-football/players/full/4566195.png
4566198,Lake McRee,TE,https://a.espncdn.com/i/headshots/college-football/players/full/4566198.png
4566381,Casey Case,QB,https://a.espncdn.com/i/headshots/college-football/players/full/4566381.png
4567031,Michael Kern,QB,https://a.espncdn.com/i/headshots/college-football/players/full/4567031.png
4567033,Donavon Greene,WR,https://a.espncdn.com/i/headshots/college-football/players/full/4567033.png
4567040,Cameron Hite,TE,https://a.espncdn.com/i/headshots/college-football/players/full/4567040.png
4567044,Taylor Morin,WR,https://a.espncdn.com/i/headshots/college-football/players/full/4567044.png
4567149,KJ Jefferson,QB,https://a.espncdn.com/i/headshots/college-football/players/full/4567149.png
4567217,Ja'Varrius Johnson,WR,https://a.espncdn.com/i/headshots/college-football/players/full/4567217.png
4567234,Tyler Fromm,TE,https://a.espncdn.com/i/headshots/college-football/players/full/4567234.png
4567235,Luke Deal,TE,https://a.espncdn.com/i/headshots/college-football/players/full/4567235.png
4567241,Kinkead Dent,QB,https://a.espncdn.com/i/headshots/college-football/players/full/4567241.png
4567244,Jadon Jackson,WR,https://a.espncdn.com/i/headshots/college-football/players/full/4567244.png
4567253,Darion Williamson,WR,https://a.espncdn.com/i/headshots/college-football/players/full/4567253.png
4567400,Nay'Quan Wright,RB,https://a.espncdn.com/i/headshots/college-football/players/full/4567400.png
4567415,Trent Whittemore,WR,https://a.espncdn.com/i/headshots/college-football/players/full/4567415.png
4567459,Juan Powell,WR,https://a.espncdn.com/i/headshots/college-football/players/full/4567459.png
4567507,Rodrigues Clark,RB,https://a.espncdn.com/i/headshots/college-football/players/full/4567507.png
4567525,Javon Ivory,WR,https://a.espncdn.com/i/headshots/college-football/players/full/4567525.png
4567532,Devin Boddie Jr.,WR,https://a.espncdn.com/i/headshots/college-football/players/full/4567532.png
4567543,Justin Ball,TE,https://a.espncdn.com/i/headshots/college-football/players/full/4567543.png
4567545,Jayden Harrison,WR,https://a.espncdn.com/i/headshots/college-football/players/full/4567545.png
4567596,Christan Horn,WR,https://a.espncdn.com/i/headshots/college-football/players/full/4567596.png
4567707,Grayson James,QB,https://a.espncdn.com/i/headshots/college-football/players/full/4567707.png
4567736,Taji Hudson,WR,https://a.espncdn.com/i/headshots/college-football/players/full/4567736.png
4567747,Garrett Nussmeier,QB,https://a.espncdn.com/i/headshots/college-football/players/full/4567747.png
4567748,Sam Huard,QB,https://a.espncdn.com/i/headshots/college-football/players/full/4567748.png
4567750,Emeka Egbuka,WR,https://a.espncdn.com/i/headshots/college-football/players/full/4567750.png
4567784,Jacolby George,WR,https://a.espncdn.com/i/headshots/college-football/players/full/4567784.png
4568024,Josh Williams,RB,https://a.espncdn.com/i/headshots/college-football/players/full/4568024.png
4568075,Juan Davis,TE,https://a.espncdn.com/i/headshots/college-football/players/full/4568075.png
4568237,Matt Smith,TE,https://a.espncdn.com/i/headshots/college-football/players/full/4568237.png
4568312,Jordan Houston,RB,https://a.espncdn.com/i/headshots/college-football/players/full/4568312.png
4568316,Demarcus Jones II,RB,https://a.espncdn.com/i/headshots/college-football/players/full/4568316.png
4568336,Zach Gibson,QB,https://a.espncdn.com/i/headshots/college-football/players/full/4568336.png
4568406,Calvin Hill,RB,https://a.espncdn.com/i/headshots/college-football/players/full/4568406.png
4568411,Cornelious Brown IV,QB,https://a.espncdn.com/i/headshots/college-football/players/full/4568411.png
4568425,Beau Johnson,TE,https://a.espncdn.com/i/headshots/college-football/players/full/4568425.png
4568443,J'Wan Evans,RB,https://a.espncdn.com/i/headshots/college-football/players/full/4568443.png
4568490,RJ Harvey,RB,https://a.espncdn.com/i/headshots/college-football/players/full/4568490.png
4568649,Ethan Hall,TE,https://a.espncdn.com/i/headshots/college-football/players/full/4568649.png
4568658,Daniel Carter,RB,https://a.espncdn.com/i/headshots/college-football/players/full/4568658.png
4568687,Sincere Brown,WR,https://a.espncdn.com/i/headshots/college-football/players/full/4568687.png
4568694,Daniel Hishaw Jr.,RB,https://a.espncdn.com/i/headshots/college-football/players/full/4568694.png
4569001,Cameron Ross,WR,https://a.espncdn.com/i/headshots/college-football/players/full/4569001.png
4569086,Charles Ross,WR,https://a.espncdn.com/i/headshots/college-football/players/full/4569086.png
4569119,Christiful Herron,QB,https://a.espncdn.com/i/headshots/college-football/players/full/4569119.png
4569181,Kyle Maxwell,WR,https://a.espncdn.com/i/headshots/college-football/players/full/4569181.png
4569184,Trenton Bourguet,QB,https://a.espncdn.com/i/headshots/college-football/players/full/4569184.png
4569262,Alex Honig,TE,https://a.espncdn.com/i/headshots/college-football/players/full/4569262.png
4569281,Nick Rempert,WR,https://a.espncdn.com/i/headshots/college-football/players/full/4569281.png
4569310,J.J. Davis,RB,https://a.espncdn.com/i/headshots/college-football/players/full/4569310.png
4569343,RJ Hart,WR,https://a.espncdn.com/i/headshots/college-football/players/full/4569343.png
4569372,Dalevon Campbell,WR,https://a.espncdn.com/i/headshots/college-football/players/full/4569372.png
4569414,Chase Artopoeus,QB,https://a.espncdn.com/i/headshots/college-football/players/full/4569414.png
4569416,Nick Barr-Mira,RB,https://a.espncdn.com/i/headshots/college-football/players/full/4569416.png
4569422,Christian Grubb,RB,https://a.espncdn.com/i/headshots/college-football/players/full/4569422.png
4569423,Hudson Habermehl,TE,https://a.espncdn.com/i/headshots/college-football/players/full/4569423.png
4569452,Winston Wright,WR,https://a.espncdn.com/i/headshots/college-football/players/full/4569452.png
4569481,Anthony Watkins,RB,https://a.espncdn.com/i/headshots/college-football/players/full/4569481.png
4569501,Anthony Williams,RB,https://a.espncdn.com/i/headshots/college-football/players/full/4569501.png
4569507,Cade McDonald,WR,https://a.espncdn.com/i/headshots/college-football/players/full/4569507.png
4569508,Evan Morris,TE,https://a.espncdn.com/i/headshots/college-football/players/full/4569508.png
4569535,Jacob Clark,QB,https://a.espncdn.com/i/headshots/college-football/players/full/4569535.png
4569547,Nick Kallerup,TE,https://a.espncdn.com/i/headshots/college-football/players/full/4569547.png
4569557,Miki Suguturaga,TE,https://a.espncdn.com/i/headshots/college-football/players/full/4569557.png
4569594,Cam Davis,RB,https://a.espncdn.com/i/headshots/college-football/players/full/4569594.png
4569598,Dylan Morris,QB,https://a.espncdn.com/i/headshots/college-football/players/full/4569598.png
4569615,Thomas Gordon,TE,https://a.espncdn.com/i/headshots/college-football/players/full/4569615.png
4569635,Dean Janikowski,RB,https://a.espncdn.com/i/headshots/college-football/players/full/4569635.png
4569653,Shane Calhoun,TE,https://a.espncdn.com/i/headshots/college-football/players/full/4569653.png
4569655,Te'Rai Powell,RB,https://a.espncdn.com/i/headshots/college-football/players/full/4569655.png
4569727,Louis Hansen,TE,https://a.espncdn.com/i/headshots/college-football/players/full/4569727.png
4569896,Alex Brown,WR,https://a.espncdn.com/i/headshots/college-football/players/full/4569896.png
4569948,Keanu Hill,TE,https://a.espncdn.com/i/headshots/college-football/players/full/4569948.png
4569988,Enoch Nawahine,RB,https://a.espncdn.com/i/headshots/college-football/players/full/4569988.png
4570033,Kai Kroeger,RB,https://a.espncdn.com/i/headshots/college-football/players/full/4570033.png
4570035,Jaden Alexis,WR,https://a.espncdn.com/i/headshots/college-football/players/full/4570035.png
4570037,Terrance Ferguson,TE,https://a.espncdn.com/i/headshots/college-football/players/full/4570037.png
4570038,Sam Hart,TE,https://a.espncdn.com/i/headshots/college-football/players/full/4570038.png
4570045,John Dunmore,WR,https://a.espncdn.com/i/headshots/college-football/players/full/4570045.png
4570048,Michael Johnson Jr.,QB,https://a.espncdn.com/i/headshots/college-football/players/full/4570048.png
4570057,Cole Snyder,QB,https://a.espncdn.com/i/headshots/college-football/players/full/4570057.png
4570071,Julius Davis,RB,https://a.espncdn.com/i/headshots/college-football/players/full/4570071.png
4570115,Samario Rudolph,WR,https://a.espncdn.com/i/headshots/college-football/players/full/4570115.png
4570132,Ryan Davis,WR,https://a.espncdn.com/i/headshots/college-football/players/full/4570132.png
4570190,Jake Bailey,WR,https://a.espncdn.com/i/headshots/college-football/players/full/4570190.png
4570218,Jonah Panoke,WR,https://a.espncdn.com/i/headshots/college-football/players/full/4570218.png
4570242,Nick Nash,WR,https://a.espncdn.com/i/headshots/college-football/players/full/4570242.png
4570250,Trevor Wilson,WR,https://a.espncdn.com/i/headshots/college-football/players/full/4570250.png
4570259,Daniel Richardson,QB,https://a.espncdn.com/i/headshots/college-football/players/full/4570259.png
4570270,Adam Jones,WR,https://a.espncdn.com/i/headshots/college-football/players/full/4570270.png
4570283,Parker Titsworth,WR,https://a.espncdn.com/i/headshots/college-football/players/full/4570283.png
4570286,Tyler Foster,TE,https://a.espncdn.com/i/headshots/college-football/players/full/4570286.png
4570296,Dalen Cambre,WR,https://a.espncdn.com/i/headshots/college-football/players/full/4570296.png
4570309,Justin Stephens,TE,https://a.espncdn.com/i/headshots/college-football/players/full/4570309.png
4570428,PaSean Wimberly,RB,https://a.espncdn.com/i/headshots/college-football/players/full/4570428.png
4570507,Devin Voisin,WR,https://a.espncdn.com/i/headshots/college-football/players/full/4570507.png
4570516,Joshua Carter,RB,https://a.espncdn.com/i/headshots/college-football/players/full/4570516.png
4570554,Chandler Rogers,QB,https://a.espncdn.com/i/headshots/college-football/players/full/4570554.png
4570580,Sean Brown,TE,https://a.espncdn.com/i/headshots/college-football/players/full/4570580.png
4570636,Malick Meiga,WR,https://a.espncdn.com/i/headshots/college-football/players/full/4570636.png
4570667,Terez Traynor,WR,https://a.espncdn.com/i/headshots/college-football/players/full/4570667.png
4570683,Kam Brown,WR,https://a.espncdn.com/i/headshots/college-football/players/full/4570683.png
4570688,Caden Davis,RB,https://a.espncdn.com/i/headshots/college-football/players/full/4570688.png
4570738,Ke'Shawn Williams,WR,https://a.espncdn.com/i/headshots/college-football/players/full/4570738.png
4570740,Bryce Butler,TE,https://a.espncdn.com/i/headshots/college-football/players/full/4570740.png
4570743,Santino Marucci,QB,https://a.espncdn.com/i/headshots/college-football/players/full/4570743.png
4570839,Jaelin Benefield,RB,https://a.espncdn.com/i/headshots/college-football/players/full/4570839.png
4570846,Anthony Manaves,TE,https://a.espncdn.com/i/headshots/college-football/players/full/4570846.png
4570850,Matt Ross,WR,https://a.espncdn.com/i/headshots/college-football/players/full/4570850.png
4570906,Brian Buschini,RB,https://a.espncdn.com/i/headshots/college-football/players/full/4570906.png
4571070,Hayes Sutton,WR,https://a.espncdn.com/i/headshots/college-football/players/full/4571070.png
4571114,JJ Jenkins,WR,https://a.espncdn.com/i/headshots/college-football/players/full/4571114.png
4571194,Marcus Bellon,WR,https://a.espncdn.com/i/headshots/college-football/players/full/4571194.png
4571205,Talmage Brown,RB,https://a.espncdn.com/i/headshots/college-football/players/full/4571205.png
4571290,Chaz Davis,WR,https://a.espncdn.com/i/headshots/college-football/players/full/4571290.png
4571293,Miles Hastings,QB,https://a.espncdn.com/i/headshots/college-football/players/full/4571293.png
4571305,Zak Wallace,RB,https://a.espncdn.com/i/headshots/college-football/players/full/4571305.png
4571364,Hajj-Malik Williams,QB,https://a.espncdn.com/i/headshots/college-football/players/full/4571364.png
4571559,Christian Helms,WR,https://a.espncdn.com/i/headshots/college-football/players/full/4571559.png
4571563,Sean Atkins,WR,https://a.espncdn.com/i/headshots/college-football/players/full/4571563.png
4571704,Garrett Cody,WR,https://a.espncdn.com/i/headshots/college-football/players/full/4571704.png
4571721,Pierce Holley,QB,https://a.espncdn.com/i/headshots/college-football/players/full/4571721.png
4571740,Marquese Albert,RB,https://a.espncdn.com/i/headshots/college-football/players/full/4571740.png
4571768,Alex Moore,TE,https://a.espncdn.com/i/headshots/college-football/players/full/4571768.png
4571803,Tyler Purdy,RB,https://a.espncdn.com/i/headshots/college-football/players/full/4571803.png
4571818,Jordan Hull,WR,https://a.espncdn.com/i/headshots/college-football/players/full/4571818.png
4571821,Jaden Sutton,RB,https://a.espncdn.com/i/headshots/college-football/players/full/4571821.png
4571875,Qualan Jones,RB,https://a.espncdn.com/i/headshots/college-football/players/full/4571875.png
4571935,Jahmal Banks,WR,https://a.espncdn.com/i/headshots/college-football/players/full/4571935.png
4571942,Payten Singletary,TE,https://a.espncdn.com/i/headshots/college-football/players/full/4571942.png
4572040,George Johnson III,WR,https://a.espncdn.com/i/headshots/college-football/players/full/4572040.png
4572267,Elijah Spencer,WR,https://a.espncdn.com/i/headshots/college-football/players/full/4572267.png
4572380,Quincy Skinner Jr.,WR,https://a.espncdn.com/i/headshots/college-football/players/full/4572380.png
4572455,Jake Smith,WR,https://a.espncdn.com/i/headshots/college-football/players/full/4572455.png
4572525,Kobe Johnson,RB,https://a.espncdn.com/i/headshots/college-football/players/full/4572525.png
4572626,Travis Theis,RB,https://a.espncdn.com/i/headshots/college-football/players/full/4572626.png
4572629,Carter Bell,WR,https://a.espncdn.com/i/headshots/college-football/players/full/4572629.png
4572655,Jeremiah Webb,WR,https://a.espncdn.com/i/headshots/college-football/players/full/4572655.png
4572717,Lance Jackson,RB,https://a.espncdn.com/i/headshots/college-football/players/full/4572717.png
4572739,Cooper Wallace,RB,https://a.espncdn.com/i/headshots/college-football/players/full/4572739.png
4572873,C.J. Charleston,WR,https://a.espncdn.com/i/headshots/college-football/players/full/4572873.png
4572934,Seth Morgan,QB,https://a.espncdn.com/i/headshots/college-football/players/full/4572934.png
4573222,Brett Buckman,WR,https://a.espncdn.com/i/headshots/college-football/players/full/4573222.png
4573243,Chandler Brayboy,WR,https://a.espncdn.com/i/headshots/college-football/players/full/4573243.png
4573302,Michael Monios,WR,https://a.espncdn.com/i/headshots/college-football/players/full/4573302.png
4573398,Max Brosmer,QB,https://a.espncdn.com/i/headshots/college-football/players/full/4573398.png
4573418,Isaac Seide,RB,https://a.espncdn.com/i/headshots/college-football/players/full/4573418.png
4573455,Darius Perrantes,QB,https://a.espncdn.com/i/headshots/college-football/players/full/4573455.png
4573456,Brady Roark,TE,https://a.espncdn.com/i/headshots/college-football/players/full/4573456.png
4573495,Chaz Ward,RB,https://a.espncdn.com/i/headshots/college-football/players/full/4573495.png
4573521,Jadon Turner,RB,https://a.espncdn.com/i/headshots/college-football/players/full/4573521.png
4573522,Shawn Harris Jr.,WR,https://a.espncdn.com/i/headshots/college-football/players/full/4573522.png
4573531,RJ Lamarre,WR,https://a.espncdn.com/i/headshots/college-football/players/full/4573531.png
4573542,Marcus Velez,TE,https://a.espncdn.com/i/headshots/college-football/players/full/4573542.png
4573699,Jackson Hawes,TE,https://a.espncdn.com/i/headshots/college-football/players/full/4573699.png
4573885,Iaan Cousin,RB,https://a.espncdn.com/i/headshots/college-football/players/full/4573885.png
4573886,Preston Daniels,TE,https://a.espncdn.com/i/headshots/college-football/players/full/4573886.png
4573916,Michael Benefield,RB,https://a.espncdn.com/i/headshots/college-football/players/full/4573916.png
4574128,Bronson Yoder,RB,https://a.espncdn.com/i/headshots/college-football/players/full/4574128.png
4574327,Marlyn Johnson,WR,https://a.espncdn.com/i/headshots/college-football/players/full/4574327.png
4574356,Tyler Huff,QB,https://a.espncdn.com/i/headshots/college-football/players/full/4574356.png
4574374,Delvecchio Powell II,RB,https://a.espncdn.com/i/headshots/college-football/players/full/4574374.png
4574651,Solomon Davis,WR,https://a.espncdn.com/i/headshots/college-football/players/full/4574651.png
4574722,Christian Dremel,WR,https://a.espncdn.com/i/headshots/college-football/players/full/4574722.png
4574732,Aaron Young,RB,https://a.espncdn.com/i/headshots/college-football/players/full/4574732.png
4574767,Jake Schultz,RB,https://a.espncdn.com/i/headshots/college-football/players/full/4574767.png
4574790,JR Blood,QB,https://a.espncdn.com/i/headshots/college-football/players/full/4574790.png
4574860,Kyrese Rowan,WR,https://a.espncdn.com/i/headshots/college-football/players/full/4574860.png
4574964,Gavin Thomson,WR,https://a.espncdn.com/i/headshots/college-football/players/full/4574964.png
4575131,Jacory Croskey-Merritt,RB,https://a.espncdn.com/i/headshots/college-football/players/full/4575131.png
4575158,Tevarrius Adams,WR,https://a.espncdn.com/i/headshots/college-football/players/full/4575158.png
4575348,Da'Quan Felton,WR,https://a.espncdn.com/i/headshots/college-football/players/full/4575348.png
4575528,Francis Sherman,TE,https://a.espncdn.com/i/headshots/college-football/players/full/4575528.png
4575538,Tyler Crowe,RB,https://a.espncdn.com/i/headshots/college-football/players/full/4575538.png
4575558,Josh Kelly,WR,https://a.espncdn.com/i/headshots/college-football/players/full/4575558.png
4575667,Deion Hankins,RB,https://a.espncdn.com/i/headshots/college-football/players/full/4575667.png
4575758,Charlie Norman,RB,https://a.espncdn.com/i/headshots/college-football/players/full/4575758.png
4575831,Ta'Ron Keith,RB,https://a.espncdn.com/i/headshots/college-football/players/full/4575831.png
4575856,James Della Pesca,TE,https://a.espncdn.com/i/headshots/college-football/players/full/4575856.png
4575859,Nick Harris,TE,https://a.espncdn.com/i/headshots/college-football/players/full/4575859.png
4575862,Trebor Pena,WR,https://a.espncdn.com/i/headshots/college-football/players/full/4575862.png
4575936,Airius Trice,WR,https://a.espncdn.com/i/headshots/college-football/players/full/4575936.png
4576127,Haden Carlson,QB,https://a.espncdn.com/i/headshots/college-football/players/full/4576127.png
4576135,Zoe Roberts,WR,https://a.espncdn.com/i/headshots/college-football/players/full/4576135.png
4576150,Shamar Sandgren,WR,https://a.espncdn.com/i/headshots/college-football/players/full/4576150.png
4576152,Quincy Vaughn,QB,https://a.espncdn.com/i/headshots/college-football/players/full/4576152.png
4576183,Kevin Davis,RB,https://a.espncdn.com/i/headshots/college-football/players/full/4576183.png
4576186,Trevor Borland,TE,https://a.espncdn.com/i/headshots/college-football/players/full/4576186.png
4576189,Aveon Smith,QB,https://a.espncdn.com/i/headshots/college-football/players/full/4576189.png
4576218,Sevion Morrison,RB,https://a.espncdn.com/i/headshots/college-football/players/full/4576218.png
4576223,Zachary Betts,WR,https://a.espncdn.com/i/headshots/college-football/players/full/4576223.png
4576257,Aaron Tutino,WR,https://a.espncdn.com/i/headshots/college-football/players/full/4576257.png
4576294,Harrison Waylee,RB,https://a.espncdn.com/i/headshots/college-football/players/full/4576294.png
4576318,Marcus Carroll,RB,https://a.espncdn.com/i/headshots/college-football/players/full/4576318.png
4576788,Andre Johnson,WR,https://a.espncdn.com/i/headshots/college-football/players/full/4576788.png
4576799,Sebastian Macaluso,WR,https://a.espncdn.com/i/headshots/college-football/players/full/4576799.png
4577478,Tyler Ridell,QB,https://a.espncdn.com/i/headshots/college-football/players/full/4577478.png
4577541,Avery Boyd,WR,https://a.espncdn.com/i/headshots/college-football/players/full/4577541.png
4577577,Ismael Fuller,WR,https://a.espncdn.com/i/headshots/college-football/players/full/4577577.png
4577580,Gino English,QB,https://a.espncdn.com/i/headshots/college-football/players/full/4577580.png
4577746,Delvin Attafah,WR,https://a.espncdn.com/i/headshots/college-football/players/full/4577746.png
4577762,Jake Orlando,TE,https://a.espncdn.com/i/headshots/college-football/players/full/4577762.png
4577880,Jobi Malary,RB,https://a.espncdn.com/i/headshots/college-football/players/full/4577880.png
4577885,Travis West,WR,https://a.espncdn.com/i/headshots/college-football/players/full/4577885.png
4577962,Camden Orth,QB,https://a.espncdn.com/i/headshots/college-football/players/full/4577962.png
4577980,Luke Sprague,QB,https://a.espncdn.com/i/headshots/college-football/players/full/4577980.png
4578042,P.J. Wells,WR,https://a.espncdn.com/i/headshots/college-football/players/full/4578042.png
4578417,Shawn Charles,WR,https://a.espncdn.com/i/headshots/college-football/players/full/4578417.png
4578436,Coleman Owen,WR,https://a.espncdn.com/i/headshots/college-football/players/full/4578436.png
4578489,Abdul-Fatai Ibrahim,WR,https://a.espncdn.com/i/headshots/college-football/players/full/4578489.png
4578628,Jordan Davis,WR,https://a.espncdn.com/i/headshots/college-football/players/full/4578628.png
4578894,Xzavier Vaughn,QB,https://a.espncdn.com/i/headshots/college-football/players/full/4578894.png
4578961,Jacob Sharp,WR,https://a.espncdn.com/i/headshots/college-football/players/full/4578961.png
4579071,Billy Riviere III,TE,https://a.espncdn.com/i/headshots/college-football/players/full/4579071.png
4579073,Tommy Schuster,QB,https://a.espncdn.com/i/headshots/college-football/players/full/4579073.png
4579591,James Carpenter,RB,https://a.espncdn.com/i/headshots/college-football/players/full/4579591.png
4579667,Pat Conroy,TE,https://a.espncdn.com/i/headshots/college-football/players/full/4579667.png
4581420,Lonyatta Alexander Jr.,WR,https://a.espncdn.com/i/headshots/college-football/players/full/4581420.png
4581750,Jaden Smith,WR,https://a.espncdn.com/i/headshots/college-football/players/full/4581750.png
4583089,Var'Keyes Gumms,TE,https://a.espncdn.com/i/headshots/college-football/players/full/4583089.png
4584384,Marquez Phillips,WR,https://a.espncdn.com/i/headshots/college-football/players/full/4584384.png
4585726,Isaac Smith,WR,https://a.espncdn.com/i/headshots/college-football/players/full/4585726.png
4586312,Jaylin Noel,WR,https://a.espncdn.com/i/headshots/college-football/players/full/4586312.png
4586331,Taj Butts,RB,https://a.espncdn.com/i/headshots/college-football/players/full/4586331.png
4587701,Andrel Anthony,WR,https://a.espncdn.com/i/headshots/college-football/players/full/4587701.png
4587702,Christian Leary,WR,https://a.espncdn.com/i/headshots/college-football/players/full/4587702.png
4587705,Cam'Ron Valdez,RB,https://a.espncdn.com/i/headshots/college-football/players/full/4587705.png
4587720,Tristan Michaud,WR,https://a.espncdn.com/i/headshots/college-football/players/full/4587720.png
4587721,Daniel Greek,QB,https://a.espncdn.com/i/headshots/college-football/players/full/4587721.png
4587722,Troy Stellato,WR,https://a.espncdn.com/i/headshots/college-football/players/full/4587722.png
4587977,Sam Brown Jr.,WR,https://a.espncdn.com/i/headshots/college-football/players/full/4587977.png
4588200,Colby McDonald,RB,https://a.espncdn.com/i/headshots/college-football/players/full/4588200.png
4588298,Jameson Geers,TE,https://a.espncdn.com/i/headshots/college-football/players/full/4588298.png
4588466,Christian Jourdain,WR,https://a.espncdn.com/i/headshots/college-football/players/full/4588466.png
4589233,Dylan Goffney,WR,https://a.espncdn.com/i/headshots/college-football/players/full/4589233.png
4589693,Einaj Carter,WR,https://a.espncdn.com/i/headshots/college-football/players/full/4589693.png
4590292,Thomas Fidone II,TE,https://a.espncdn.com/i/headshots/college-football/players/full/4590292.png
4590294,Brady Lichtenberg,QB,https://a.espncdn.com/i/headshots/college-football/players/full/4590294.png
4590295,Thomas Zsiros,WR,https://a.espncdn.com/i/headshots/college-football/players/full/4590295.png
4590302,Deon Silas,RB,https://a.espncdn.com/i/headshots/college-football/players/full/4590302.png
4590347,Rahjai Harris,RB,https://a.espncdn.com/i/headshots/college-football/players/full/4590347.png
4590532,Silas Bolden,WR,https://a.espncdn.com/i/headshots/college-football/players/full/4590532.png
4591746,Dane Olson,WR,https://a.espncdn.com/i/headshots/college-football/players/full/4591746.png
4592531,Ari Patu,QB,https://a.espncdn.com/i/headshots/college-football/players/full/4592531.png
4592532,Billy Edwards Jr.,QB,https://a.espncdn.com/i/headshots/college-football/players/full/4592532.png
4592533,Marco Notarainni,RB,https://a.espncdn.com/i/headshots/college-football/players/full/4592533.png
4592572,Mason Tharp,TE,https://a.espncdn.com/i/headshots/college-football/players/full/4592572.png
4592573,Michael Jackson III,WR,https://a.espncdn.com/i/headshots/college-football/players/full/4592573.png
4592574,Jaedon Wilson,WR,https://a.espncdn.com/i/headshots/college-football/players/full/4592574.png
4592781,Luke Murphy,RB,https://a.espncdn.com/i/headshots/college-football/players/full/4592781.png
4592832,Marcus Burke,WR,https://a.espncdn.com/i/headshots/college-football/players/full/4592832.png
4592835,Dalton Stroman,WR,https://a.espncdn.com/i/headshots/college-football/players/full/4592835.png
4594319,Brady Boyd,WR,https://a.espncdn.com/i/headshots/college-football/players/full/4594319.png
4594329,Henry Lutovsky,WR,https://a.espncdn.com/i/headshots/college-football/players/full/4594329.png
4594337,Liam Clifford,WR,https://a.espncdn.com/i/headshots/college-football/players/full/4594337.png
4594444,Jordan Moore,WR,https://a.espncdn.com/i/headshots/college-football/players/full/4594444.png
4594446,Roderick Daniels Jr.,WR,https://a.espncdn.com/i/headshots/college-football/players/full/4594446.png
4594447,Donnie Gray,WR,https://a.espncdn.com/i/headshots/college-football/players/full/4594447.png
4594479,Matt Lowe,TE,https://a.espncdn.com/i/headshots/college-football/players/full/4594479.png
4594749,Michael Trigg,TE,https://a.espncdn.com/i/headshots/college-football/players/full/4594749.png
4594984,Tavierre Dunlap,RB,https://a.espncdn.com/i/headshots/college-football/players/full/4594984.png
4595341,Caleb Hood,RB,https://a.espncdn.com/i/headshots/college-football/players/full/4595341.png
4595342,Oronde Gadsden,TE,https://a.espncdn.com/i/headshots/college-football/players/full/4595342.png
4595354,Gabe Ervin Jr.,RB,https://a.espncdn.com/i/headshots/college-football/players/full/4595354.png
4596010,Le'Meke Brockington,WR,https://a.espncdn.com/i/headshots/college-football/players/full/4596010.png
4596336,Chandler Pittman,RB,https://a.espncdn.com/i/headshots/college-football/players/full/4596336.png
4596346,Jordan Dingle,TE,https://a.espncdn.com/i/headshots/college-football/players/full/4596346.png
4596347,Donaven McCulley,WR,https://a.espncdn.com/i/headshots/college-football/players/full/4596347.png
4596437,AJ Green,RB,https://a.espncdn.com/i/headshots/college-football/players/full/4596437.png
4596439,Dominic Lovett,WR,https://a.espncdn.com/i/headshots/college-football/players/full/4596439.png
4596472,Jalon Daniels,QB,https://a.espncdn.com/i/headshots/college-football/players/full/4596472.png
4596539,Yulkeith Brown,WR,https://a.espncdn.com/i/headshots/college-football/players/full/4596539.png
4596542,Pat Coogan,WR,https://a.espncdn.com/i/headshots/college-football/players/full/4596542.png
4596545,CJ Dippre,TE,https://a.espncdn.com/i/headshots/college-football/players/full/4596545.png
4596596,J.J. Jones,WR,https://a.espncdn.com/i/headshots/college-football/players/full/4596596.png
4596602,Brashard Smith,RB,https://a.espncdn.com/i/headshots/college-football/players/full/4596602.png
4597146,Faysal Aden,RB,https://a.espncdn.com/i/headshots/college-football/players/full/4597146.png
4597240,Terrence Enos Jr.,WR,https://a.espncdn.com/i/headshots/college-football/players/full/4597240.png
4597247,Austin Smith,QB,https://a.espncdn.com/i/headshots/college-football/players/full/4597247.png
4597248,Talique Williams,WR,https://a.espncdn.com/i/headshots/college-football/players/full/4597248.png
4597499,Mikey Keene,QB,https://a.espncdn.com/i/headshots/college-football/players/full/4597499.png
4597679,Luke Altmyer,QB,https://a.espncdn.com/i/headshots/college-football/players/full/4597679.png
4597703,Tory Horton,WR,https://a.espncdn.com/i/headshots/college-football/players/full/4597703.png
4599158,Al-Jay Henderson,RB,https://a.espncdn.com/i/headshots/college-football/players/full/4599158.png
4600403,Braylon Braxton,QB,https://a.espncdn.com/i/headshots/college-football/players/full/4600403.png
4600410,Tre Shackelford,WR,https://a.espncdn.com/i/headshots/college-football/players/full/4600410.png
4600418,Kajiya Hollawayne,WR,https://a.espncdn.com/i/headshots/college-football/players/full/4600418.png
4600597,Montorie Foster Jr.,WR,https://a.espncdn.com/i/headshots/college-football/players/full/4600597.png
4600981,Pat Bryant,WR,https://a.espncdn.com/i/headshots/college-football/players/full/4600981.png
4601080,Raheim Sanders,RB,https://a.espncdn.com/i/headshots/college-football/players/full/4601080.png
4601283,Trey Cooley,RB,https://a.espncdn.com/i/headshots/college-football/players/full/4601283.png
4602185,Eric McAlister,WR,https://a.espncdn.com/i/headshots/college-football/players/full/4602185.png
4602192,Landen King,TE,https://a.espncdn.com/i/headshots/college-football/players/full/4602192.png
4602216,Omari Walker,WR,https://a.espncdn.com/i/headshots/college-football/players/full/4602216.png
4602644,Brendon Barrow,RB,https://a.espncdn.com/i/headshots/college-football/players/full/4602644.png
4602667,Jaylin Lane,WR,https://a.espncdn.com/i/headshots/college-football/players/full/4602667.png
4602696,Christian Burkhalter,TE,https://a.espncdn.com/i/headshots/college-football/players/full/4602696.png
4602783,Trent Battle,RB,https://a.espncdn.com/i/headshots/college-football/players/full/4602783.png
4602785,Peyton Higgins,WR,https://a.espncdn.com/i/headshots/college-football/players/full/4602785.png
4602788,Jackson Meeks,WR,https://a.espncdn.com/i/headshots/college-football/players/full/4602788.png
4602895,Makai Cope,WR,https://a.espncdn.com/i/headshots/college-football/players/full/4602895.png
4602898,Chayden Peery,QB,https://a.espncdn.com/i/headshots/college-football/players/full/4602898.png
4602923,Jaylen Henderson,QB,https://a.espncdn.com/i/headshots/college-football/players/full/4602923.png
4602928,Ezavier Staples,WR,https://a.espncdn.com/i/headshots/college-football/players/full/4602928.png
4602940,Derwin Burgess Jr.,WR,https://a.espncdn.com/i/headshots/college-football/players/full/4602940.png
4602966,Jacob Gill,WR,https://a.espncdn.com/i/headshots/college-football/players/full/4602966.png
4602968,Nate Hampton,QB,https://a.espncdn.com/i/headshots/college-football/players/full/4602968.png
4602969,Bryson Nesbit,TE,https://a.espncdn.com/i/headshots/college-football/players/full/4602969.png
4602970,Jordan Poole,RB,https://a.espncdn.com/i/headshots/college-football/players/full/4602970.png
4602981,Jakolbe Baldwin,WR,https://a.espncdn.com/i/headshots/college-football/players/full/4602981.png
4602983,Ty Lyles,RB,https://a.espncdn.com/i/headshots/college-football/players/full/4602983.png
4603185,Markus Allen,WR,https://a.espncdn.com/i/headshots/college-football/players/full/4603185.png
4603186,Jack Bech,WR,https://a.espncdn.com/i/headshots/college-football/players/full/4603186.png
4603190,Casey Cain,WR,https://a.espncdn.com/i/headshots/college-football/players/full/4603190.png
4603191,David Larkins,TE,https://a.espncdn.com/i/headshots/college-football/players/full/4603191.png
4603192,Logan Diggs,RB,https://a.espncdn.com/i/headshots/college-football/players/full/4603192.png
4603746,Malik Rutherford,WR,https://a.espncdn.com/i/headshots/college-football/players/full/4603746.png
4604004,Keelan Marion,WR,https://a.espncdn.com/i/headshots/college-football/players/full/4604004.png
4604008,Kelan Robinson,WR,https://a.espncdn.com/i/headshots/college-football/players/full/4604008.png
4605477,Alante Brown,WR,https://a.espncdn.com/i/headshots/college-football/players/full/4605477.png
4605489,Damien Alford,WR,https://a.espncdn.com/i/headshots/college-football/players/full/4605489.png
4605841,Nathan Carter,RB,https://a.espncdn.com/i/headshots/college-football/players/full/4605841.png
4605858,Rivaldo Fairweather,TE,https://a.espncdn.com/i/headshots/college-football/players/full/4605858.png
4605869,Terry Wilkins,RB,https://a.espncdn.com/i/headshots/college-football/players/full/4605869.png
4605951,CJ Daniels,WR,https://a.espncdn.com/i/headshots/college-football/players/full/4605951.png
4605998,Logan Fife,QB,https://a.espncdn.com/i/headshots/college-football/players/full/4605998.png
4606194,Seth Henigan,QB,https://a.espncdn.com/i/headshots/college-football/players/full/4606194.png
4606195,Demie Sumo-Karngbaye,RB,https://a.espncdn.com/i/headshots/college-football/players/full/4606195.png
4606658,Samari Collier,QB,https://a.espncdn.com/i/headshots/college-football/players/full/4606658.png
4606669,Victor Konopka,TE,https://a.espncdn.com/i/headshots/college-football/players/full/4606669.png
4606685,Logan Mauldin,TE,https://a.espncdn.com/i/headshots/college-football/players/full/4606685.png
4606713,Brandon Hayes,WR,https://a.espncdn.com/i/headshots/college-football/players/full/4606713.png
4607267,Malik Sherrod,RB,https://a.espncdn.com/i/headshots/college-football/players/full/4607267.png
4607419,Key'Shawn Smith,WR,https://a.espncdn.com/i/headshots/college-football/players/full/4607419.png
4607891,Ryan Stubblefield,QB,https://a.espncdn.com/i/headshots/college-football/players/full/4607891.png
4608003,Onuma Dieke,WR,https://a.espncdn.com/i/headshots/college-football/players/full/4608003.png
4608450,Taylor Thompson,TE,https://a.espncdn.com/i/headshots/college-football/players/full/4608450.png
4608519,Tyler Mello,WR,https://a.espncdn.com/i/headshots/college-football/players/full/4608519.png
4608520,Sam Olson,TE,https://a.espncdn.com/i/headshots/college-football/players/full/4608520.png
4608533,EJ Horton Jr.,WR,https://a.espncdn.com/i/headshots/college-football/players/full/4608533.png
4608603,Caleb Driskill,RB,https://a.espncdn.com/i/headshots/college-football/players/full/4608603.png
4608605,Nick Miles,TE,https://a.espncdn.com/i/headshots/college-football/players/full/4608605.png
4608606,Tyson Mobley,WR,https://a.espncdn.com/i/headshots/college-football/players/full/4608606.png
4608607,Lincoln Pare,RB,https://a.espncdn.com/i/headshots/college-football/players/full/4608607.png
4608679,Will Sheppard,WR,https://a.espncdn.com/i/headshots/college-football/players/full/4608679.png
4608686,Kyle Monangai,RB,https://a.espncdn.com/i/headshots/college-football/players/full/4608686.png
4608691,Maximilian Mang,TE,https://a.espncdn.com/i/headshots/college-football/players/full/4608691.png
4608751,Pierce Oppong,WR,https://a.espncdn.com/i/headshots/college-football/players/full/4608751.png
4608772,Brian Brewton,RB,https://a.espncdn.com/i/headshots/college-football/players/full/4608772.png
4608773,Darius Bush,WR,https://a.espncdn.com/i/headshots/college-football/players/full/4608773.png
4608793,Jabre Barber,WR,https://a.espncdn.com/i/headshots/college-football/players/full/4608793.png
4608801,Nae'Saan Dickerson,WR,https://a.espncdn.com/i/headshots/college-football/players/full/4608801.png
4608810,Tez Johnson,WR,https://a.espncdn.com/i/headshots/college-football/players/full/4608810.png
4608853,Peter Montini,TE,https://a.espncdn.com/i/headshots/college-football/players/full/4608853.png
4608858,Dan Villari,TE,https://a.espncdn.com/i/headshots/college-football/players/full/4608858.png
4608867,Chase Mitchell,WR,https://a.espncdn.com/i/headshots/college-football/players/full/4608867.png
4608922,Braydon Bennett,RB,https://a.espncdn.com/i/headshots/college-football/players/full/4608922.png
4608936,Ahmon Green,TE,https://a.espncdn.com/i/headshots/college-football/players/full/4608936.png
4609218,Mark Crawford,RB,https://a.espncdn.com/i/headshots/college-football/players/full/4609218.png
4609242,Isaiah Davis,WR,https://a.espncdn.com/i/headshots/college-football/players/full/4609242.png
4610011,Tar'Varish Dawson,WR,https://a.espncdn.com/i/headshots/college-football/players/full/4610011.png
4610131,Parker Navarro,QB,https://a.espncdn.com/i/headshots/college-football/players/full/4610131.png
4610703,Jalen White,RB,https://a.espncdn.com/i/headshots/college-football/players/full/4610703.png
4611516,Holden Willis,TE,https://a.espncdn.com/i/headshots/college-football/players/full/4611516.png
4611985,Zyell Griffin,WR,https://a.espncdn.com/i/headshots/college-football/players/full/4611985.png
4611995,Jamal Haynes,RB,https://a.espncdn.com/i/headshots/college-football/players/full/4611995.png
4612078,JaCobian Morgan,QB,https://a.espncdn.com/i/headshots/college-football/players/full/4612078.png
4612189,Kadinn Morris,TE,https://a.espncdn.com/i/headshots/college-football/players/full/4612189.png
4612211,Jaison Patterson,RB,https://a.espncdn.com/i/headshots/college-football/players/full/4612211.png
4612246,Sahmir Hagans,WR,https://a.espncdn.com/i/headshots/college-football/players/full/4612246.png
4612297,Markeston Douglas,TE,https://a.espncdn.com/i/headshots/college-football/players/full/4612297.png
4612350,Donovan Eaglin,RB,https://a.espncdn.com/i/headshots/college-football/players/full/4612350.png
4612401,KJ Shankle,RB,https://a.espncdn.com/i/headshots/college-football/players/full/4612401.png
4612411,Chase Penry,WR,https://a.espncdn.com/i/headshots/college-football/players/full/4612411.png
4612558,Anderson Castle,RB,https://a.espncdn.com/i/headshots/college-football/players/full/4612558.png
4612605,Carter Evans,RB,https://a.espncdn.com/i/headshots/college-football/players/full/4612605.png
4612624,Antwan Roberts,RB,https://a.espncdn.com/i/headshots/college-football/players/full/4612624.png
4612824,Broc Lane,TE,https://a.espncdn.com/i/headshots/college-football/players/full/4612824.png
4612845,Malik Cooper,WR,https://a.espncdn.com/i/headshots/college-football/players/full/4612845.png
4612998,Connor Shay,WR,https://a.espncdn.com/i/headshots/college-football/players/full/4612998.png
4613032,Nate Noel,RB,https://a.espncdn.com/i/headshots/college-football/players/full/4613032.png
4613050,Quentin Skinner,WR,https://a.espncdn.com/i/headshots/college-football/players/full/4613050.png
4613059,Devontae Houston,RB,https://a.espncdn.com/i/headshots/college-football/players/full/4613059.png
4613064,Obie Sanni,RB,https://a.espncdn.com/i/headshots/college-football/players/full/4613064.png
4613087,Jamaal Bell,WR,https://a.espncdn.com/i/headshots/college-football/players/full/4613087.png
4613105,Miles Davis,RB,https://a.espncdn.com/i/headshots/college-football/players/full/4613105.png
4613112,Terence Loville,WR,https://a.espncdn.com/i/headshots/college-football/players/full/4613112.png
4613132,Levi Wentz,WR,https://a.espncdn.com/i/headshots/college-football/players/full/4613132.png
4613154,Lucas Borrow,RB,https://a.espncdn.com/i/headshots/college-football/players/full/4613154.png
4613157,Jake Clemons,TE,https://a.espncdn.com/i/headshots/college-football/players/full/4613157.png
4613165,Demick Starling,WR,https://a.espncdn.com/i/headshots/college-football/players/full/4613165.png
4613193,Joshua Hardeman,WR,https://a.espncdn.com/i/headshots/college-football/players/full/4613193.png
4613198,Larenzo McMillan,RB,https://a.espncdn.com/i/headshots/college-football/players/full/4613198.png
4613199,Josh Sterzer,TE,https://a.espncdn.com/i/headshots/college-football/players/full/4613199.png
4613202,Kyle Williams,WR,https://a.espncdn.com/i/headshots/college-football/players/full/4613202.png
4613214,Connor Witthoft,TE,https://a.espncdn.com/i/headshots/college-football/players/full/4613214.png
4613268,Joey Bearns III,TE,https://a.espncdn.com/i/headshots/college-football/players/full/4613268.png
4618083,Ethan Hampton,QB,https://a.espncdn.com/i/headshots/college-football/players/full/4618083.png
4619186,Treylan Davis,TE,https://a.espncdn.com/i/headshots/college-football/players/full/4619186.png
4635009,J. Michael Sturdivant,WR,https://a.espncdn.com/i/headshots/college-football/players/full/4635009.png
4643696,Gunnar Greenwald,TE,https://a.espncdn.com/i/headshots/college-football/players/full/4643696.png
4662406,Javon Gipson,WR,https://a.espncdn.com/i/headshots/college-football/players/full/4662406.png
4663499,Sam Reynolds,WR,https://a.espncdn.com/i/headshots/college-football/players/full/4663499.png
4676889,Myles Montgomery,RB,https://a.espncdn.com/i/headshots/college-football/players/full/4676889.png
4677280,Julian Gray,RB,https://a.espncdn.com/i/headshots/college-football/players/full/4677280.png
4678006,Elijah Arroyo,TE,https://a.espncdn.com/i/headshots/college-football/players/full/4678006.png
4678010,Kyron Drones,QB,https://a.espncdn.com/i/headshots/college-football/players/full/4678010.png
4680016,Cameron Bonner,WR,https://a.espncdn.com/i/headshots/college-football/players/full/4680016.png
4680018,Alton McCaskill,RB,https://a.espncdn.com/i/headshots/college-football/players/full/4680018.png
4680023,Brandon Epton Jr.,RB,https://a.espncdn.com/i/headshots/college-football/players/full/4680023.png
4680024,Da'Wain Lofton,WR,https://a.espncdn.com/i/headshots/college-football/players/full/4680024.png
4680029,B.K. Jackson,RB,https://a.espncdn.com/i/headshots/college-football/players/full/4680029.png
4682484,Stone Eby,TE,https://a.espncdn.com/i/headshots/college-football/players/full/4682484.png
4682487,Cam Davis,RB,https://a.espncdn.com/i/headshots/college-football/players/full/4682487.png
4682509,Malik McClain,WR,https://a.espncdn.com/i/headshots/college-football/players/full/4682509.png
4682518,Nicholas Vattiato,QB,https://a.espncdn.com/i/headshots/college-football/players/full/4682518.png
4682565,Tyler Macon,WR,https://a.espncdn.com/i/headshots/college-football/players/full/4682565.png
4682613,Fernando Garza III,TE,https://a.espncdn.com/i/headshots/college-football/players/full/4682613.png
4682640,Josh McCray,RB,https://a.espncdn.com/i/headshots/college-football/players/full/4682640.png
4682642,DC Tabscott,QB,https://a.espncdn.com/i/headshots/college-football/players/full/4682642.png
4682648,Malachi Fields,WR,https://a.espncdn.com/i/headshots/college-football/players/full/4682648.png
4682652,Devin Neal,RB,https://a.espncdn.com/i/headshots/college-football/players/full/4682652.png
4682654,Jeremiah Ballard,WR,https://a.espncdn.com/i/headshots/college-football/players/full/4682654.png
4682688,Kaiya Sheron,QB,https://a.espncdn.com/i/headshots/college-football/players/full/4682688.png
4682748,Max Patterson,WR,https://a.espncdn.com/i/headshots/college-football/players/full/4682748.png
4682761,Luke Wysong,WR,https://a.espncdn.com/i/headshots/college-football/players/full/4682761.png
4682762,Ke'Travion Hargrove,RB,https://a.espncdn.com/i/headshots/college-football/players/full/4682762.png
4682792,Jed Castles,TE,https://a.espncdn.com/i/headshots/college-football/players/full/4682792.png
4682904,Zahir Abdus-Salaam,RB,https://a.espncdn.com/i/headshots/college-football/players/full/4682904.png
4682927,Billy Wiles,QB,https://a.espncdn.com/i/headshots/college-football/players/full/4682927.png
4683007,JaCorey Hyder,TE,https://a.espncdn.com/i/headshots/college-football/players/full/4683007.png
4683012,Eddie Lee Marburger,QB,https://a.espncdn.com/i/headshots/college-football/players/full/4683012.png
4683058,Brendan Sullivan,QB,https://a.espncdn.com/i/headshots/college-football/players/full/4683058.png
4683111,Jaden Bradley,WR,https://a.espncdn.com/i/headshots/college-football/players/full/4683111.png
4683114,Will Pauling,WR,https://a.espncdn.com/i/headshots/college-football/players/full/4683114.png
4683119,Tyler Moore,TE,https://a.espncdn.com/i/headshots/college-football/players/full/4683119.png
4683127,Ryan Hoerstkamp,TE,https://a.espncdn.com/i/headshots/college-football/players/full/4683127.png
4683137,Drake Martinez,TE,https://a.espncdn.com/i/headshots/college-football/players/full/4683137.png
4683144,Myles Alston,WR,https://a.espncdn.com/i/headshots/college-football/players/full/4683144.png
4683151,Deion Burks,WR,https://a.espncdn.com/i/headshots/college-football/players/full/4683151.png
4683153,Skyler Bell,WR,https://a.espncdn.com/i/headshots/college-football/players/full/4683153.png
4683159,Lewis Bond,WR,https://a.espncdn.com/i/headshots/college-football/players/full/4683159.png
4683164,Shakhi Carson,RB,https://a.espncdn.com/i/headshots/college-football/players/full/4683164.png
4683165,Jaden Nixon,RB,https://a.espncdn.com/i/headshots/college-football/players/full/4683165.png
4683174,Drew Biber,TE,https://a.espncdn.com/i/headshots/college-football/players/full/4683174.png
4683182,Nate Yarnell,QB,https://a.espncdn.com/i/headshots/college-football/players/full/4683182.png
4683206,Orion Peters,WR,https://a.espncdn.com/i/headshots/college-football/players/full/4683206.png
4683208,Branden Alvarez,WR,https://a.espncdn.com/i/headshots/college-football/players/full/4683208.png
4683210,Brady Hunt,TE,https://a.espncdn.com/i/headshots/college-football/players/full/4683210.png
4683219,Patrick Smith,RB,https://a.espncdn.com/i/headshots/college-football/players/full/4683219.png
4683221,Chris Parker,WR,https://a.espncdn.com/i/headshots/college-football/players/full/4683221.png
4683227,Joseph Manjack IV,WR,https://a.espncdn.com/i/headshots/college-football/players/full/4683227.png
4683234,LaVell Wright,RB,https://a.espncdn.com/i/headshots/college-football/players/full/4683234.png
4683237,Keagan Johnson,WR,https://a.espncdn.com/i/headshots/college-football/players/full/4683237.png
4683243,Mitchell Evans,TE,https://a.espncdn.com/i/headshots/college-football/players/full/4683243.png
4683263,Heinrich Haarberg,TE,https://a.espncdn.com/i/headshots/college-football/players/full/4683263.png
4683265,Weston Wolff,TE,https://a.espncdn.com/i/headshots/college-football/players/full/4683265.png
4683271,Jayleen Record,WR,https://a.espncdn.com/i/headshots/college-football/players/full/4683271.png
4683272,Willie Shaw III,RB,https://a.espncdn.com/i/headshots/college-football/players/full/4683272.png
4683278,Carson Bruno,WR,https://a.espncdn.com/i/headshots/college-football/players/full/4683278.png
4683279,Jared Gibble,TE,https://a.espncdn.com/i/headshots/college-football/players/full/4683279.png
4683282,Justin Lynch,WR,https://a.espncdn.com/i/headshots/college-football/players/full/4683282.png
4683291,Joe Labas,QB,https://a.espncdn.com/i/headshots/college-football/players/full/4683291.png
4683306,Landon Morris,TE,https://a.espncdn.com/i/headshots/college-football/players/full/4683306.png
4683308,Tanner Arkin,TE,https://a.espncdn.com/i/headshots/college-football/players/full/4683308.png
4683311,Sam Vidlak,QB,https://a.espncdn.com/i/headshots/college-football/players/full/4683311.png
4683314,Xavier Coleman,RB,https://a.espncdn.com/i/headshots/college-football/players/full/4683314.png
4683319,Bill Jackson,RB,https://a.espncdn.com/i/headshots/college-football/players/full/4683319.png
4683386,William Haskell,QB,https://a.espncdn.com/i/headshots/college-football/players/full/4683386.png
4683393,James Evans,RB,https://a.espncdn.com/i/headshots/college-football/players/full/4683393.png
4683412,Marquis Shoulders,WR,https://a.espncdn.com/i/headshots/college-football/players/full/4683412.png
4683417,Miles Campbell,TE,https://a.espncdn.com/i/headshots/college-football/players/full/4683417.png
4683423,Riley Leonard,QB,https://a.espncdn.com/i/headshots/college-football/players/full/4683423.png
4683425,PJ Johnson III,WR,https://a.espncdn.com/i/headshots/college-football/players/full/4683425.png
4683451,Cameron Friel,QB,https://a.espncdn.com/i/headshots/college-football/players/full/4683451.png
4683460,Benjamin Roy Jr.,RB,https://a.espncdn.com/i/headshots/college-football/players/full/4683460.png
4683461,Tyson Davis,WR,https://a.espncdn.com/i/headshots/college-football/players/full/4683461.png
4683466,Jamir Roberts,WR,
4683471,Brady Olson,QB,https://a.espncdn.com/i/headshots/college-football/players/full/4683471.png
4683515,Leo Blackburn,WR,https://a.espncdn.com/i/headshots/college-football/players/full/4683515.png
4683531,Aaron Turner,WR,https://a.espncdn.com/i/headshots/college-football/players/full/4683531.png
4683536,J.J. Henry,WR,https://a.espncdn.com/i/headshots/college-football/players/full/4683536.png
4683543,RJ Garcia II,WR,https://a.espncdn.com/i/headshots/college-football/players/full/4683543.png
4683561,Mareyohn Hrabowski,TE,https://a.espncdn.com/i/headshots/college-football/players/full/4683561.png
4683562,Drew Hughes,WR,https://a.espncdn.com/i/headshots/college-football/players/full/4683562.png
4683571,Eni Falayi,TE,https://a.espncdn.com/i/headshots/college-football/players/full/4683571.png
4683582,Lawson Albright,TE,https://a.espncdn.com/i/headshots/college-football/players/full/4683582.png
4683658,Javonte Sherman,WR,https://a.espncdn.com/i/headshots/college-football/players/full/4683658.png
4683665,Zuberi Mobley,RB,https://a.espncdn.com/i/headshots/college-football/players/full/4683665.png
4683667,Trent Howland,RB,https://a.espncdn.com/i/headshots/college-football/players/full/4683667.png
4683719,Jaden Bray,WR,https://a.espncdn.com/i/headshots/college-football/players/full/4683719.png
4683791,Jaden Coffen,WR,https://a.espncdn.com/i/headshots/college-football/players/full/4683791.png
4683814,Dequan Stanley,WR,https://a.espncdn.com/i/headshots/college-football/players/full/4683814.png
4683851,Jesse Mirco,RB,https://a.espncdn.com/i/headshots/college-football/players/full/4683851.png
4683852,Dez Williams,WR,https://a.espncdn.com/i/headshots/college-football/players/full/4683852.png
4683867,Xavier Ward,QB,https://a.espncdn.com/i/headshots/college-football/players/full/4683867.png
4683886,Jahmal Edrine,WR,https://a.espncdn.com/i/headshots/college-football/players/full/4683886.png
4683889,Damien Taylor,RB,https://a.espncdn.com/i/headshots/college-football/players/full/4683889.png
4683911,Damir Abdullah,WR,
4683912,Hunter Herring,TE,https://a.espncdn.com/i/headshots/college-football/players/full/4683912.png
4683923,Banks Pope,TE,https://a.espncdn.com/i/headshots/college-football/players/full/4683923.png
4683967,Wilson Berry,RB,https://a.espncdn.com/i/headshots/college-football/players/full/4683967.png
4683986,Tariq Sims,RB,https://a.espncdn.com/i/headshots/college-football/players/full/4683986.png
4684003,Tahj Bullock,QB,https://a.espncdn.com/i/headshots/college-football/players/full/4684003.png
4684061,T.J. Lockley,WR,https://a.espncdn.com/i/headshots/college-football/players/full/4684061.png
4684068,Cameron Harpole,TE,https://a.espncdn.com/i/headshots/college-football/players/full/4684068.png
4684091,Jamari Gassett,WR,https://a.espncdn.com/i/headshots/college-football/players/full/4684091.png
4684139,Sean Brown,RB,https://a.espncdn.com/i/headshots/college-football/players/full/4684139.png
4684173,O'Mega Blake,WR,https://a.espncdn.com/i/headshots/college-football/players/full/4684173.png
4684279,Charlie Browder,TE,https://a.espncdn.com/i/headshots/college-football/players/full/4684279.png
4684281,Jairus Mack,WR,https://a.espncdn.com/i/headshots/college-football/players/full/4684281.png
4684403,Jalen Richmond,WR,https://a.espncdn.com/i/headshots/college-football/players/full/4684403.png
4684421,Simeon Price,RB,https://a.espncdn.com/i/headshots/college-football/players/full/4684421.png
4684502,Justin Lamson,QB,https://a.espncdn.com/i/headshots/college-football/players/full/4684502.png
4684525,Eli Sanders,RB,https://a.espncdn.com/i/headshots/college-football/players/full/4684525.png
4684540,Jacob Coleman,TE,https://a.espncdn.com/i/headshots/college-football/players/full/4684540.png
4684625,Montrell Johnson Jr.,RB,https://a.espncdn.com/i/headshots/college-football/players/full/4684625.png
4684638,Ali Fisher,WR,https://a.espncdn.com/i/headshots/college-football/players/full/4684638.png
4684881,Rylan Green,TE,https://a.espncdn.com/i/headshots/college-football/players/full/4684881.png
4684902,Ryan King,WR,https://a.espncdn.com/i/headshots/college-football/players/full/4684902.png
4684913,Braedon Wissler,RB,https://a.espncdn.com/i/headshots/college-football/players/full/4684913.png
4684926,Andre Hines Jr,RB,https://a.espncdn.com/i/headshots/college-football/players/full/4684926.png
4684939,Bryan Robinson,WR,https://a.espncdn.com/i/headshots/college-football/players/full/4684939.png
4684953,Sackett Wood Jr.,TE,https://a.espncdn.com/i/headshots/college-football/players/full/4684953.png
4685038,Phat Watts,WR,https://a.espncdn.com/i/headshots/college-football/players/full/4685038.png
4685056,Reggie Brown,TE,https://a.espncdn.com/i/headshots/college-football/players/full/4685056.png
4685087,Kamdyn Benjamin,WR,https://a.espncdn.com/i/headshots/college-football/players/full/4685087.png
4685110,Anthony Smith,WR,https://a.espncdn.com/i/headshots/college-football/players/full/4685110.png
4685116,DJ Herman,RB,https://a.espncdn.com/i/headshots/college-football/players/full/4685116.png
4685131,J.T. Byrne,TE,https://a.espncdn.com/i/headshots/college-football/players/full/4685131.png
4685144,Moose Muhammad III,WR,https://a.espncdn.com/i/headshots/college-football/players/full/4685144.png
4685157,Blake Smith,TE,https://a.espncdn.com/i/headshots/college-football/players/full/4685157.png
4685166,Jonah Chong,QB,https://a.espncdn.com/i/headshots/college-football/players/full/4685166.png
4685167,Matthew Killam,RB,https://a.espncdn.com/i/headshots/college-football/players/full/4685167.png
4685183,JP Richardson,WR,https://a.espncdn.com/i/headshots/college-football/players/full/4685183.png
4685184,Don Chaney,RB,https://a.espncdn.com/i/headshots/college-football/players/full/4685184.png
4685186,Tyler Van Dyke,QB,https://a.espncdn.com/i/headshots/college-football/players/full/4685186.png
4685230,Miles Cross,WR,https://a.espncdn.com/i/headshots/college-football/players/full/4685230.png
4685237,Michael Allen,RB,https://a.espncdn.com/i/headshots/college-football/players/full/4685237.png
4685246,Kaytron Allen,RB,https://a.espncdn.com/i/headshots/college-football/players/full/4685246.png
4685252,Henry Belin IV,QB,https://a.espncdn.com/i/headshots/college-football/players/full/4685252.png
4685254,Jabari Bates,RB,https://a.espncdn.com/i/headshots/college-football/players/full/4685254.png
4685256,Kojo Antwi,WR,https://a.espncdn.com/i/headshots/college-football/players/full/4685256.png
4685261,Germie Bernard,WR,https://a.espncdn.com/i/headshots/college-football/players/full/4685261.png
4685268,Raleek Brown,RB,https://a.espncdn.com/i/headshots/college-football/players/full/4685268.png
4685269,Jovantae Barnes,RB,https://a.espncdn.com/i/headshots/college-football/players/full/4685269.png
4685272,Lander Barton,WR,https://a.espncdn.com/i/headshots/college-football/players/full/4685272.png
4685274,Janiran Bonner,WR,https://a.espncdn.com/i/headshots/college-football/players/full/4685274.png
4685278,Luther Burden III,WR,https://a.espncdn.com/i/headshots/college-football/players/full/4685278.png
4685279,Jaydon Blue,RB,https://a.espncdn.com/i/headshots/college-football/players/full/4685279.png
4685283,Kaleb Brown,WR,https://a.espncdn.com/i/headshots/college-football/players/full/4685283.png
4685284,Caleb Burton III,WR,https://a.espncdn.com/i/headshots/college-football/players/full/4685284.png
4685286,Kareem Burke,WR,https://a.espncdn.com/i/headshots/college-football/players/full/4685286.png
4685289,Keyan Burnett,TE,https://a.espncdn.com/i/headshots/college-football/players/full/4685289.png
4685290,Tychaun Chapman,WR,https://a.espncdn.com/i/headshots/college-football/players/full/4685290.png
4685291,Jacurri Brown,QB,https://a.espncdn.com/i/headshots/college-football/players/full/4685291.png
4685293,Tre'Vonte Citizen,RB,https://a.espncdn.com/i/headshots/college-football/players/full/4685293.png
4685297,Darrius Clemons,WR,https://a.espncdn.com/i/headshots/college-football/players/full/4685297.png
4685299,Josh Burnham,RB,https://a.espncdn.com/i/headshots/college-football/players/full/4685299.png
4685307,Kevin Coleman Jr.,WR,https://a.espncdn.com/i/headshots/college-football/players/full/4685307.png
4685311,Jayden Denegal,QB,https://a.espncdn.com/i/headshots/college-football/players/full/4685311.png
4685321,Jerry Cross,TE,https://a.espncdn.com/i/headshots/college-football/players/full/4685321.png
4685333,Andre Dollar,TE,https://a.espncdn.com/i/headshots/college-football/players/full/4685333.png
4685342,Cristian Driver,WR,https://a.espncdn.com/i/headshots/college-football/players/full/4685342.png
4685345,JC French IV,QB,https://a.espncdn.com/i/headshots/college-football/players/full/4685345.png
4685348,Terrance Gibbs,RB,https://a.espncdn.com/i/headshots/college-football/players/full/4685348.png
4685349,Mekhi Fox,WR,https://a.espncdn.com/i/headshots/college-football/players/full/4685349.png
4685350,Trevor Etienne,RB,https://a.espncdn.com/i/headshots/college-football/players/full/4685350.png
4685356,Greg Gaines III,WR,https://a.espncdn.com/i/headshots/college-football/players/full/4685356.png
4685359,Antonio Gates Jr.,WR,https://a.espncdn.com/i/headshots/college-football/players/full/4685359.png
4685363,Isaiah Gordon,RB,https://a.espncdn.com/i/headshots/college-football/players/full/4685363.png
4685364,Andre Greene Jr.,WR,https://a.espncdn.com/i/headshots/college-football/players/full/4685364.png
4685366,Benji Gosnell,TE,https://a.espncdn.com/i/headshots/college-football/players/full/4685366.png
4685374,Rodney Hill,RB,https://a.espncdn.com/i/headshots/college-football/players/full/4685374.png
4685381,Emmanuel Henderson Jr.,WR,https://a.espncdn.com/i/headshots/college-football/players/full/4685381.png
4685382,Omarion Hampton,RB,https://a.espncdn.com/i/headshots/college-football/players/full/4685382.png
4685383,Isaiah Horton,WR,https://a.espncdn.com/i/headshots/college-football/players/full/4685383.png
4685385,Anthony Hankerson,RB,https://a.espncdn.com/i/headshots/college-football/players/full/4685385.png
4685391,Walker Howard,QB,https://a.espncdn.com/i/headshots/college-football/players/full/4685391.png
4685393,Preston Howard,TE,https://a.espncdn.com/i/headshots/college-football/players/full/4685393.png
4685396,Anthony Ivey,WR,https://a.espncdn.com/i/headshots/college-football/players/full/4685396.png
4685397,Jordan James,RB,https://a.espncdn.com/i/headshots/college-football/players/full/4685397.png
4685401,Josh Hoover,QB,https://a.espncdn.com/i/headshots/college-football/players/full/4685401.png
4685404,Sam Horn,QB,https://a.espncdn.com/i/headshots/college-football/players/full/4685404.png
4685409,Jordan Hudson,WR,https://a.espncdn.com/i/headshots/college-football/players/full/4685409.png
4685413,Cade Klubnik,QB,https://a.espncdn.com/i/headshots/college-football/players/full/4685413.png
4685414,Jake Johnson,TE,https://a.espncdn.com/i/headshots/college-football/players/full/4685414.png
4685415,Travis Hunter,WR,https://a.espncdn.com/i/headshots/college-football/players/full/4685415.png
4685416,Shaleak Knotts,WR,https://a.espncdn.com/i/headshots/college-football/players/full/4685416.png
4685418,Tavorus Jones,RB,https://a.espncdn.com/i/headshots/college-football/players/full/4685418.png
4685424,Dane Key,WR,https://a.espncdn.com/i/headshots/college-football/players/full/4685424.png
4685435,Justyn Martin,QB,https://a.espncdn.com/i/headshots/college-football/players/full/4685435.png
4685436,Antonio Martin,RB,https://a.espncdn.com/i/headshots/college-football/players/full/4685436.png
4685440,Kyle Lowe,QB,https://a.espncdn.com/i/headshots/college-football/players/full/4685440.png
4685441,Kendrick Law,WR,https://a.espncdn.com/i/headshots/college-football/players/full/4685441.png
4685445,Rayshon Luke,RB,https://a.espncdn.com/i/headshots/college-football/players/full/4685445.png
4685454,Jayden Maiava,QB,https://a.espncdn.com/i/headshots/college-football/players/full/4685454.png
4685458,Shawn Miller,WR,https://a.espncdn.com/i/headshots/college-football/players/full/4685458.png
4685459,Nicco Marchiol,QB,https://a.espncdn.com/i/headshots/college-football/players/full/4685459.png
4685464,Tyler Morris,WR,https://a.espncdn.com/i/headshots/college-football/players/full/4685464.png
4685469,Sam Mbake,WR,https://a.espncdn.com/i/headshots/college-football/players/full/4685469.png
4685470,Le'Veon Moss,RB,https://a.espncdn.com/i/headshots/college-football/players/full/4685470.png
4685472,Tetairoa McMillan,WR,https://a.espncdn.com/i/headshots/college-football/players/full/4685472.png
4685476,Tobias Merriweather,WR,https://a.espncdn.com/i/headshots/college-football/players/full/4685476.png
4685477,Jam Miller,RB,https://a.espncdn.com/i/headshots/college-football/players/full/4685477.png
4685484,Jack Nickel,TE,https://a.espncdn.com/i/headshots/college-football/players/full/4685484.png
4685488,MJ Morris,QB,https://a.espncdn.com/i/headshots/college-football/players/full/4685488.png
4685489,Jaydn Ott,RB,https://a.espncdn.com/i/headshots/college-football/players/full/4685489.png
4685490,Bugs Mortimer,WR,https://a.espncdn.com/i/headshots/college-football/players/full/4685490.png
4685492,Jack Pedersen,TE,https://a.espncdn.com/i/headshots/college-football/players/full/4685492.png
4685494,George Pettaway,RB,https://a.espncdn.com/i/headshots/college-football/players/full/4685494.png
4685495,Alex Orji,QB,https://a.espncdn.com/i/headshots/college-football/players/full/4685495.png
4685497,Maalik Murphy,QB,https://a.espncdn.com/i/headshots/college-football/players/full/4685497.png
4685504,Sam Roush,TE,https://a.espncdn.com/i/headshots/college-football/players/full/4685504.png
4685509,Gi'Bran Payne,RB,https://a.espncdn.com/i/headshots/college-football/players/full/4685509.png
4685510,Kaden Saunders,WR,https://a.espncdn.com/i/headshots/college-football/players/full/4685510.png
4685512,Jadarian Price,RB,https://a.espncdn.com/i/headshots/college-football/players/full/4685512.png
4685516,Shazz Preston,WR,https://a.espncdn.com/i/headshots/college-football/players/full/4685516.png
4685517,Talyn Shettron,WR,https://a.espncdn.com/i/headshots/college-football/players/full/4685517.png
4685521,Garret Rangel,QB,https://a.espncdn.com/i/headshots/college-football/players/full/4685521.png
4685522,Ty Simpson,QB,https://a.espncdn.com/i/headshots/college-football/players/full/4685522.png
4685526,Adam Randall,RB,https://a.espncdn.com/i/headshots/college-football/players/full/4685526.png
4685535,CJ Stokes,RB,https://a.espncdn.com/i/headshots/college-football/players/full/4685535.png
4685538,Collin Sadler,WR,https://a.espncdn.com/i/headshots/college-football/players/full/4685538.png
4685540,Carsen Ryan,TE,https://a.espncdn.com/i/headshots/college-football/players/full/4685540.png
4685542,Jayden Sauray,QB,https://a.espncdn.com/i/headshots/college-football/players/full/4685542.png
4685545,Gavin Sawchuk,RB,https://a.espncdn.com/i/headshots/college-football/players/full/4685545.png
4685553,Brenen Thompson,WR,https://a.espncdn.com/i/headshots/college-football/players/full/4685553.png
4685555,Nicholas Singleton,RB,https://a.espncdn.com/i/headshots/college-football/players/full/4685555.png
4685560,Jaleel Skinner,TE,https://a.espncdn.com/i/headshots/college-football/players/full/4685560.png
4685565,Evan Stewart,WR,https://a.espncdn.com/i/headshots/college-football/players/full/4685565.png
4685573,Holden Staes,TE,https://a.espncdn.com/i/headshots/college-football/players/full/4685573.png
4685574,Conner Weigman,QB,https://a.espncdn.com/i/headshots/college-football/players/full/4685574.png
4685578,Gunner Stockton,QB,https://a.espncdn.com/i/headshots/college-football/players/full/4685578.png
4685594,Dakota Twitty,TE,https://a.espncdn.com/i/headshots/college-football/players/full/4685594.png
4685601,Armani Winfield,WR,https://a.espncdn.com/i/headshots/college-football/players/full/4685601.png
4685691,Brady Allen,QB,https://a.espncdn.com/i/headshots/college-football/players/full/4685691.png
4685693,Devin Kargman,QB,https://a.espncdn.com/i/headshots/college-football/players/full/4685693.png
4685694,Steve Angeli,QB,https://a.espncdn.com/i/headshots/college-football/players/full/4685694.png
4685695,Samuel Brown V,RB,https://a.espncdn.com/i/headshots/college-football/players/full/4685695.png
4685696,Beau Pribula,QB,https://a.espncdn.com/i/headshots/college-football/players/full/4685696.png
4685697,Zion Turner,QB,https://a.espncdn.com/i/headshots/college-football/players/full/4685697.png
4685698,Destin Wade,QB,https://a.espncdn.com/i/headshots/college-football/players/full/4685698.png
4685699,Damari Alston,RB,https://a.espncdn.com/i/headshots/college-football/players/full/4685699.png
4685701,James Jointer Jr.,RB,https://a.espncdn.com/i/headshots/college-football/players/full/4685701.png
4685702,Quinshon Judkins,RB,https://a.espncdn.com/i/headshots/college-football/players/full/4685702.png
4685704,Larry Simmons,WR,https://a.espncdn.com/i/headshots/college-football/players/full/4685704.png
4685706,Bennett Christian,TE,https://a.espncdn.com/i/headshots/college-football/players/full/4685706.png
4685723,Roydell Williams,RB,https://a.espncdn.com/i/headshots/college-football/players/full/4685723.png
4685739,Kenvontre Bradford,RB,https://a.espncdn.com/i/headshots/college-football/players/full/4685739.png
4685740,Max Johnson,QB,https://a.espncdn.com/i/headshots/college-football/players/full/4685740.png
4685769,Justin Robinson,WR,https://a.espncdn.com/i/headshots/college-football/players/full/4685769.png
4685784,Tre Watson,TE,https://a.espncdn.com/i/headshots/college-football/players/full/4685784.png
4685795,Kendrell Williams,RB,https://a.espncdn.com/i/headshots/college-football/players/full/4685795.png
4685824,Johnathan Arceneaux,RB,https://a.espncdn.com/i/headshots/college-football/players/full/4685824.png
4685827,Jamal Johnson,RB,https://a.espncdn.com/i/headshots/college-football/players/full/4685827.png
4685829,Dre Washington,RB,https://a.espncdn.com/i/headshots/college-football/players/full/4685829.png
4685896,Martin Lucas,RB,https://a.espncdn.com/i/headshots/college-football/players/full/4685896.png
4686065,Devin Mockobee,RB,https://a.espncdn.com/i/headshots/college-football/players/full/4686065.png
4686071,Cameron Oliver,WR,https://a.espncdn.com/i/headshots/college-football/players/full/4686071.png
4686093,E.J. Williams Jr.,WR,https://a.espncdn.com/i/headshots/college-football/players/full/4686093.png
4686095,Kobe Pace,RB,https://a.espncdn.com/i/headshots/college-football/players/full/4686095.png
4686096,Hunter Helms,QB,https://a.espncdn.com/i/headshots/college-football/players/full/4686096.png
4686145,Bryce Childress,WR,https://a.espncdn.com/i/headshots/college-football/players/full/4686145.png
4686191,Jacob Busic,RB,https://a.espncdn.com/i/headshots/college-football/players/full/4686191.png
4686223,Malachi Thomas,RB,https://a.espncdn.com/i/headshots/college-football/players/full/4686223.png
4686248,Nate Boerkircher,TE,https://a.espncdn.com/i/headshots/college-football/players/full/4686248.png
4686271,Robert Lewis,WR,https://a.espncdn.com/i/headshots/college-football/players/full/4686271.png
4686274,Jordan Lowe,RB,https://a.espncdn.com/i/headshots/college-football/players/full/4686274.png
4686284,Larry Stephens III,WR,https://a.espncdn.com/i/headshots/college-football/players/full/4686284.png
4686328,Malik Bowen-Sims,WR,https://a.espncdn.com/i/headshots/college-football/players/full/4686328.png
4686357,Gamarion Carter,WR,https://a.espncdn.com/i/headshots/college-football/players/full/4686357.png
4686373,Jordan Brown,WR,https://a.espncdn.com/i/headshots/college-football/players/full/4686373.png
4686377,Amauri Pesek-Hickson,RB,https://a.espncdn.com/i/headshots/college-football/players/full/4686377.png
4686380,Will Huggins,TE,https://a.espncdn.com/i/headshots/college-football/players/full/4686380.png
4686382,Jared Casey,TE,https://a.espncdn.com/i/headshots/college-football/players/full/4686382.png
4686438,Stevo Klotz,TE,https://a.espncdn.com/i/headshots/college-football/players/full/4686438.png
4686446,DeShawn Hanika,TE,https://a.espncdn.com/i/headshots/college-football/players/full/4686446.png
4686468,Seth McGowan,RB,https://a.espncdn.com/i/headshots/college-football/players/full/4686468.png
4686513,Frank Peasant,RB,https://a.espncdn.com/i/headshots/college-football/players/full/4686513.png
4686514,Bryce Bailey,WR,https://a.espncdn.com/i/headshots/college-football/players/full/4686514.png
4686555,Noah Robinson,WR,https://a.espncdn.com/i/headshots/college-football/players/full/4686555.png
4686606,Isaiah Johnson,RB,https://a.espncdn.com/i/headshots/college-football/players/full/4686606.png
4686612,Tre' Harris,WR,https://a.espncdn.com/i/headshots/college-football/players/full/4686612.png
4686658,Mike Washington Jr.,RB,https://a.espncdn.com/i/headshots/college-football/players/full/4686658.png
4686728,Gunnar Helm,TE,https://a.espncdn.com/i/headshots/college-football/players/full/4686728.png
4686767,Chris Carpenter,WR,https://a.espncdn.com/i/headshots/college-football/players/full/4686767.png
4686769,Shaadie Clayton-Johnson,RB,https://a.espncdn.com/i/headshots/college-football/players/full/4686769.png
4686775,Montana Lemonious-Craig,WR,https://a.espncdn.com/i/headshots/college-football/players/full/4686775.png
4686788,CJ Harris,QB,https://a.espncdn.com/i/headshots/college-football/players/full/4686788.png
4686817,Drew Cassens,TE,https://a.espncdn.com/i/headshots/college-football/players/full/4686817.png
4686939,Brayden Johnson,RB,https://a.espncdn.com/i/headshots/college-football/players/full/4686939.png
4686940,Donny Marcus,RB,https://a.espncdn.com/i/headshots/college-football/players/full/4686940.png
4686997,Connor Weselman,RB,https://a.espncdn.com/i/headshots/college-football/players/full/4686997.png
4687009,Deston Hawkins,RB,https://a.espncdn.com/i/headshots/college-football/players/full/4687009.png
4687017,Jackson Canaan,TE,https://a.espncdn.com/i/headshots/college-football/players/full/4687017.png
4687041,JJ Hawkins,RB,https://a.espncdn.com/i/headshots/college-football/players/full/4687041.png
4687093,Tsion Nunnally,WR,https://a.espncdn.com/i/headshots/college-football/players/full/4687093.png
4687187,Marquis Crosby,RB,https://a.espncdn.com/i/headshots/college-football/players/full/4687187.png
4687189,Joshua Meredith,WR,https://a.espncdn.com/i/headshots/college-football/players/full/4687189.png
4687355,Thai Baldwin,RB,https://a.espncdn.com/i/headshots/college-football/players/full/4687355.png
4687373,Jordan Bly,WR,https://a.espncdn.com/i/headshots/college-football/players/full/4687373.png
4687413,Antario Brown,RB,https://a.espncdn.com/i/headshots/college-football/players/full/4687413.png
4687463,Hinckley Ropati,RB,https://a.espncdn.com/i/headshots/college-football/players/full/4687463.png
4687475,Cam Porter,RB,https://a.espncdn.com/i/headshots/college-football/players/full/4687475.png
4687476,Jake Arthurs,RB,https://a.espncdn.com/i/headshots/college-football/players/full/4687476.png
4687486,Matt Lauter,TE,https://a.espncdn.com/i/headshots/college-football/players/full/4687486.png
4687493,Brandon Thomas,RB,https://a.espncdn.com/i/headshots/college-football/players/full/4687493.png
4687507,Koby Drake,WR,https://a.espncdn.com/i/headshots/college-football/players/full/4687507.png
4687509,Caden Prieskorn,TE,https://a.espncdn.com/i/headshots/college-football/players/full/4687509.png
4687515,E.J. Wilson,RB,https://a.espncdn.com/i/headshots/college-football/players/full/4687515.png
4687555,Isaiah Garcia-Castaneda,WR,https://a.espncdn.com/i/headshots/college-football/players/full/4687555.png
4687700,Malachi Holt-Bennett,WR,https://a.espncdn.com/i/headshots/college-football/players/full/4687700.png
4688216,Karate Brenson,WR,https://a.espncdn.com/i/headshots/college-football/players/full/4688216.png
4688380,Cam Ward,QB,https://a.espncdn.com/i/headshots/college-football/players/full/4688380.png
4688387,Myles Kitt-Denton,WR,https://a.espncdn.com/i/headshots/college-football/players/full/4688387.png
4688413,Giancarlo Woods,WR,https://a.espncdn.com/i/headshots/college-football/players/full/4688413.png
4688418,Michael Briscoe,WR,https://a.espncdn.com/i/headshots/college-football/players/full/4688418.png
4688540,Treyson Bourguet,QB,https://a.espncdn.com/i/headshots/college-football/players/full/4688540.png
4688541,Kyion Grayes,WR,https://a.espncdn.com/i/headshots/college-football/players/full/4688541.png
4688552,Keleki Latu,TE,https://a.espncdn.com/i/headshots/college-football/players/full/4688552.png
4688595,Kevorian Barnes,RB,https://a.espncdn.com/i/headshots/college-football/players/full/4688595.png
4688723,C.J. Evans,RB,https://a.espncdn.com/i/headshots/college-football/players/full/4688723.png
4688731,Brandon Lanier,TE,https://a.espncdn.com/i/headshots/college-football/players/full/4688731.png
4688757,Tyson Thompson,WR,https://a.espncdn.com/i/headshots/college-football/players/full/4688757.png
4688817,Elijah Green,RB,https://a.espncdn.com/i/headshots/college-football/players/full/4688817.png
4688818,DJ Jones,RB,https://a.espncdn.com/i/headshots/college-football/players/full/4688818.png
4688835,Roman Hemby,RB,https://a.espncdn.com/i/headshots/college-football/players/full/4688835.png
4688904,Reece Adkins,TE,https://a.espncdn.com/i/headshots/college-football/players/full/4688904.png
4689090,Brandon Frazier,TE,https://a.espncdn.com/i/headshots/college-football/players/full/4689090.png
4689114,Jaxson Dart,QB,https://a.espncdn.com/i/headshots/college-football/players/full/4689114.png
4689118,Jyzaiah Rockwell,WR,https://a.espncdn.com/i/headshots/college-football/players/full/4689118.png
4689194,Jack Reynolds,WR,https://a.espncdn.com/i/headshots/college-football/players/full/4689194.png
4689266,Drew Donley,WR,https://a.espncdn.com/i/headshots/college-football/players/full/4689266.png
4689272,Jaren Randle,WR,https://a.espncdn.com/i/headshots/college-football/players/full/4689272.png
4689366,John Cannon,RB,https://a.espncdn.com/i/headshots/college-football/players/full/4689366.png
4689529,Kenji Christian,RB,https://a.espncdn.com/i/headshots/college-football/players/full/4689529.png
4689553,Carter Campbell,WR,https://a.espncdn.com/i/headshots/college-football/players/full/4689553.png
4689579,Jake McConnachie,WR,https://a.espncdn.com/i/headshots/college-football/players/full/4689579.png
4689585,Trexler Ivey,QB,https://a.espncdn.com/i/headshots/college-football/players/full/4689585.png
4689590,Bryce Kennon,TE,https://a.espncdn.com/i/headshots/college-football/players/full/4689590.png
4689652,Harrison Barker,QB,https://a.espncdn.com/i/headshots/college-football/players/full/4689652.png
4689654,Justin Jones,RB,https://a.espncdn.com/i/headshots/college-football/players/full/4689654.png
4689656,Reese Burkhardt,RB,https://a.espncdn.com/i/headshots/college-football/players/full/4689656.png
4689721,Ty Robinson,WR,https://a.espncdn.com/i/headshots/college-football/players/full/4689721.png
4689825,Tyrell Robinson,RB,https://a.espncdn.com/i/headshots/college-football/players/full/4689825.png
4689855,Isaiah Alston,WR,https://a.espncdn.com/i/headshots/college-football/players/full/4689855.png
4689896,Daniel Sparks,RB,https://a.espncdn.com/i/headshots/college-football/players/full/4689896.png
4689930,David Nunez,RB,https://a.espncdn.com/i/headshots/college-football/players/full/4689930.png
4690027,Hayden Hagler,TE,https://a.espncdn.com/i/headshots/college-football/players/full/4690027.png
4690117,Ja'Cyais Credle,WR,https://a.espncdn.com/i/headshots/college-football/players/full/4690117.png
4690120,Johnny Richardson,RB,https://a.espncdn.com/i/headshots/college-football/players/full/4690120.png
4690127,Tony Forrest Jr.,TE,https://a.espncdn.com/i/headshots/college-football/players/full/4690127.png
4690143,LaJohntay Wester,WR,https://a.espncdn.com/i/headshots/college-football/players/full/4690143.png
4690144,B.J. Alexander,WR,https://a.espncdn.com/i/headshots/college-football/players/full/4690144.png
4690157,Yasias Young,RB,https://a.espncdn.com/i/headshots/college-football/players/full/4690157.png
4690158,Noah Kim,QB,https://a.espncdn.com/i/headshots/college-football/players/full/4690158.png
4690159,Sebastian Brown,WR,https://a.espncdn.com/i/headshots/college-football/players/full/4690159.png
4690160,Zach Gillespie,WR,https://a.espncdn.com/i/headshots/college-football/players/full/4690160.png
4690163,Joseph Martinez,RB,https://a.espncdn.com/i/headshots/college-football/players/full/4690163.png
4690170,DJ Thomas-Jones,TE,https://a.espncdn.com/i/headshots/college-football/players/full/4690170.png
4690196,Michael Hetzel,WR,https://a.espncdn.com/i/headshots/college-football/players/full/4690196.png
4690298,Jake Thaw,WR,https://a.espncdn.com/i/headshots/college-football/players/full/4690298.png
4690351,Kerry King,WR,https://a.espncdn.com/i/headshots/college-football/players/full/4690351.png
4690461,Robert Williams,WR,https://a.espncdn.com/i/headshots/college-football/players/full/4690461.png
4690801,Christian Gelov,QB,https://a.espncdn.com/i/headshots/college-football/players/full/4690801.png
4690811,Savion Red,RB,https://a.espncdn.com/i/headshots/college-football/players/full/4690811.png
4690909,Ty Bowman,WR,https://a.espncdn.com/i/headshots/college-football/players/full/4690909.png
4690933,Rhett Guidry,TE,https://a.espncdn.com/i/headshots/college-football/players/full/4690933.png
4690972,Ja'Quinden Jackson,RB,https://a.espncdn.com/i/headshots/college-football/players/full/4690972.png
4690977,Donovan Smith,QB,https://a.espncdn.com/i/headshots/college-football/players/full/4690977.png
4690984,Jayden York,TE,https://a.espncdn.com/i/headshots/college-football/players/full/4690984.png
4691003,Preston Fox,WR,https://a.espncdn.com/i/headshots/college-football/players/full/4691003.png
4691042,Jayson Raines,WR,https://a.espncdn.com/i/headshots/college-football/players/full/4691042.png
4691055,Elliott Nimrod,RB,https://a.espncdn.com/i/headshots/college-football/players/full/4691055.png
4691101,Lavar Lindo,TE,https://a.espncdn.com/i/headshots/college-football/players/full/4691101.png
4691138,Aaron Anderson,WR,https://a.espncdn.com/i/headshots/college-football/players/full/4691138.png
4691272,Stone Earle,QB,https://a.espncdn.com/i/headshots/college-football/players/full/4691272.png
4691284,Darius Lewis,WR,https://a.espncdn.com/i/headshots/college-football/players/full/4691284.png
4691315,Umari Hatcher,WR,https://a.espncdn.com/i/headshots/college-football/players/full/4691315.png
4691547,Preston Daniel,TE,https://a.espncdn.com/i/headshots/college-football/players/full/4691547.png
4691688,Robbie Ouzts,TE,https://a.espncdn.com/i/headshots/college-football/players/full/4691688.png
4691714,Reginald Harden Jr.,WR,https://a.espncdn.com/i/headshots/college-football/players/full/4691714.png
4691745,Graeson Underwood,QB,https://a.espncdn.com/i/headshots/college-football/players/full/4691745.png
4691838,Lamagea McDowell,RB,https://a.espncdn.com/i/headshots/college-football/players/full/4691838.png
4691889,Greg Desrosiers Jr.,RB,https://a.espncdn.com/i/headshots/college-football/players/full/4691889.png
4691966,Maddox Kopp,QB,https://a.espncdn.com/i/headshots/college-football/players/full/4691966.png
4692052,Carter Peevy,QB,https://a.espncdn.com/i/headshots/college-football/players/full/4692052.png
4692058,Al Wooten II,RB,https://a.espncdn.com/i/headshots/college-football/players/full/4692058.png
4692530,Chandler Morris,QB,https://a.espncdn.com/i/headshots/college-football/players/full/4692530.png
4692550,Trevon West,WR,https://a.espncdn.com/i/headshots/college-football/players/full/4692550.png
4692654,DVontae Key,WR,https://a.espncdn.com/i/headshots/college-football/players/full/4692654.png
4692796,Nick DeGennaro,WR,https://a.espncdn.com/i/headshots/college-football/players/full/4692796.png
4692826,Payton Mangrum,WR,https://a.espncdn.com/i/headshots/college-football/players/full/4692826.png
4692830,Bradley Dunn,RB,https://a.espncdn.com/i/headshots/college-football/players/full/4692830.png
4692846,Cale Cabbiness,WR,https://a.espncdn.com/i/headshots/college-football/players/full/4692846.png
4692938,Calvin Jones,WR,https://a.espncdn.com/i/headshots/college-football/players/full/4692938.png
4692968,Travon Jones,TE,https://a.espncdn.com/i/headshots/college-football/players/full/4692968.png
4692972,Jamoi Mayes,WR,https://a.espncdn.com/i/headshots/college-football/players/full/4692972.png
4693184,Andrew Sowinski,WR,https://a.espncdn.com/i/headshots/college-football/players/full/4693184.png
4693187,Ben Furtney,RB,https://a.espncdn.com/i/headshots/college-football/players/full/4693187.png
4693208,Patrick Gurd,TE,https://a.espncdn.com/i/headshots/college-football/players/full/4693208.png
4693219,Ron Wiggins,RB,https://a.espncdn.com/i/headshots/college-football/players/full/4693219.png
4693236,Jacob Jenkins,TE,https://a.espncdn.com/i/headshots/college-football/players/full/4693236.png
4693330,TK Marshall,RB,https://a.espncdn.com/i/headshots/college-football/players/full/4693330.png
4693331,Cam Miller,QB,https://a.espncdn.com/i/headshots/college-football/players/full/4693331.png
4693333,RaJa Nelson,WR,https://a.espncdn.com/i/headshots/college-football/players/full/4693333.png
4693341,Joe Stoffel,TE,https://a.espncdn.com/i/headshots/college-football/players/full/4693341.png
4693342,Tyler Terhark,WR,https://a.espncdn.com/i/headshots/college-football/players/full/4693342.png
4693370,Riley Nowakowski,TE,https://a.espncdn.com/i/headshots/college-football/players/full/4693370.png
4693462,Kemani Brown,WR,https://a.espncdn.com/i/headshots/college-football/players/full/4693462.png
4693603,Kobe Warden,WR,https://a.espncdn.com/i/headshots/college-football/players/full/4693603.png
4693615,Charlie Spegal,RB,https://a.espncdn.com/i/headshots/college-football/players/full/4693615.png
4693740,Kahleil Jackson,WR,https://a.espncdn.com/i/headshots/college-football/players/full/4693740.png
4693798,Koali Nishigaya,WR,https://a.espncdn.com/i/headshots/college-football/players/full/4693798.png
4693817,Micah Davis,WR,https://a.espncdn.com/i/headshots/college-football/players/full/4693817.png
4693861,Myles Crawley,QB,https://a.espncdn.com/i/headshots/college-football/players/full/4693861.png
4693881,Kisean Johnson,WR,https://a.espncdn.com/i/headshots/college-football/players/full/4693881.png
4693901,Roy Alexander,WR,https://a.espncdn.com/i/headshots/college-football/players/full/4693901.png
4693925,Jackson Parker,WR,https://a.espncdn.com/i/headshots/college-football/players/full/4693925.png
4693954,Ian Schieffelin,TE,https://a.espncdn.com/i/headshots/college-football/players/full/4693954.png
4694035,Graham Walker,TE,https://a.espncdn.com/i/headshots/college-football/players/full/4694035.png
4694074,Coleman Bennett,RB,https://a.espncdn.com/i/headshots/college-football/players/full/4694074.png
4694078,Danny Meuser,RB,https://a.espncdn.com/i/headshots/college-football/players/full/4694078.png
4694092,Christian Tait,WR,https://a.espncdn.com/i/headshots/college-football/players/full/4694092.png
4694093,Damian Harris,WR,https://a.espncdn.com/i/headshots/college-football/players/full/4694093.png
4694149,Walker Eget,QB,https://a.espncdn.com/i/headshots/college-football/players/full/4694149.png
4694308,Tyler Pastula,RB,https://a.espncdn.com/i/headshots/college-football/players/full/4694308.png
4694361,Bryce Corriston,QB,https://a.espncdn.com/i/headshots/college-football/players/full/4694361.png
4694404,Nick Laboy,WR,https://a.espncdn.com/i/headshots/college-football/players/full/4694404.png
4694411,Matt Robbert,TE,https://a.espncdn.com/i/headshots/college-football/players/full/4694411.png
4694452,Myles Morales,TE,https://a.espncdn.com/i/headshots/college-football/players/full/4694452.png
4694468,Jace Henry,TE,https://a.espncdn.com/i/headshots/college-football/players/full/4694468.png
4694487,DreSean Kendrick,WR,https://a.espncdn.com/i/headshots/college-football/players/full/4694487.png
4694492,Malachi Imoh,RB,https://a.espncdn.com/i/headshots/college-football/players/full/4694492.png
4694576,Kobe Tracy,QB,https://a.espncdn.com/i/headshots/college-football/players/full/4694576.png
4694583,Quali Conley,RB,https://a.espncdn.com/i/headshots/college-football/players/full/4694583.png
4694674,Ludovick Choquette,RB,https://a.espncdn.com/i/headshots/college-football/players/full/4694674.png
4694701,Rashad Raymond,RB,https://a.espncdn.com/i/headshots/college-football/players/full/4694701.png
4694703,Julio DaSilva,WR,https://a.espncdn.com/i/headshots/college-football/players/full/4694703.png
4694728,Chance Knox,WR,https://a.espncdn.com/i/headshots/college-football/players/full/4694728.png
4694912,Abdul Janneh Jr.,WR,https://a.espncdn.com/i/headshots/college-football/players/full/4694912.png
4694924,Joey Isabella,WR,https://a.espncdn.com/i/headshots/college-football/players/full/4694924.png
4694938,Ty'shaun Granger,WR,https://a.espncdn.com/i/headshots/college-football/players/full/4694938.png
4694939,Nathan Kent,QB,https://a.espncdn.com/i/headshots/college-football/players/full/4694939.png
4694946,Devin Matthews,RB,https://a.espncdn.com/i/headshots/college-football/players/full/4694946.png
4695005,Ashton Maples,WR,https://a.espncdn.com/i/headshots/college-football/players/full/4695005.png
4695009,Ethan Roberts,QB,https://a.espncdn.com/i/headshots/college-football/players/full/4695009.png
4695032,Hunter Barnhart,TE,https://a.espncdn.com/i/headshots/college-football/players/full/4695032.png
4695044,Zaire Thornton,WR,https://a.espncdn.com/i/headshots/college-football/players/full/4695044.png
4695076,Bryson Irby,RB,https://a.espncdn.com/i/headshots/college-football/players/full/4695076.png
4695113,Otto Kuhns,QB,https://a.espncdn.com/i/headshots/college-football/players/full/4695113.png
4695119,Kendi Young,RB,https://a.espncdn.com/i/headshots/college-football/players/full/4695119.png
4695121,Harrison Bey-Buie,RB,https://a.espncdn.com/i/headshots/college-football/players/full/4695121.png
4695125,Cooper Willman,WR,https://a.espncdn.com/i/headshots/college-football/players/full/4695125.png
4695149,DeAirious Smith,WR,https://a.espncdn.com/i/headshots/college-football/players/full/4695149.png
4695176,Justice Jackson,RB,https://a.espncdn.com/i/headshots/college-football/players/full/4695176.png
4695192,Nolan Ulm,WR,https://a.espncdn.com/i/headshots/college-football/players/full/4695192.png
4695193,Efton Chism III,WR,https://a.espncdn.com/i/headshots/college-football/players/full/4695193.png
4695195,Jett Carpenter,TE,https://a.espncdn.com/i/headshots/college-football/players/full/4695195.png
4695223,Chase Curtis,TE,https://a.espncdn.com/i/headshots/college-football/players/full/4695223.png
4695231,Oscar Chapman,RB,https://a.espncdn.com/i/headshots/college-football/players/full/4695231.png
4695267,Bailor Hughes,WR,https://a.espncdn.com/i/headshots/college-football/players/full/4695267.png
4695272,Ryan Leavy,RB,https://a.espncdn.com/i/headshots/college-football/players/full/4695272.png
4695294,Charlie Skehan,TE,https://a.espncdn.com/i/headshots/college-football/players/full/4695294.png
4695298,Tedy Afful,WR,https://a.espncdn.com/i/headshots/college-football/players/full/4695298.png
4695303,Roland Dempster,RB,https://a.espncdn.com/i/headshots/college-football/players/full/4695303.png
4695304,Jayden Cook,RB,https://a.espncdn.com/i/headshots/college-football/players/full/4695304.png
4695318,Cole Bunicci,TE,https://a.espncdn.com/i/headshots/college-football/players/full/4695318.png
4695341,Izaiah Hartrup,WR,https://a.espncdn.com/i/headshots/college-football/players/full/4695341.png
4695342,Jay Jones,WR,https://a.espncdn.com/i/headshots/college-football/players/full/4695342.png
4695386,Steven Lewis,RB,https://a.espncdn.com/i/headshots/college-football/players/full/4695386.png
4695400,Mark Gronowski,QB,https://a.espncdn.com/i/headshots/college-football/players/full/4695400.png
4695420,Nate Sullivan Jr.,TE,https://a.espncdn.com/i/headshots/college-football/players/full/4695420.png
4695448,DJ Moyer,RB,https://a.espncdn.com/i/headshots/college-football/players/full/4695448.png
4695462,Julian Bumper,WR,https://a.espncdn.com/i/headshots/college-football/players/full/4695462.png
4695580,Malcolm Johnson Jr.,WR,https://a.espncdn.com/i/headshots/college-football/players/full/4695580.png
4695600,Bryson Barnes,QB,https://a.espncdn.com/i/headshots/college-football/players/full/4695600.png
4695602,Nick Billoups,QB,https://a.espncdn.com/i/headshots/college-football/players/full/4695602.png
4695616,Isaiah Chavez,QB,https://a.espncdn.com/i/headshots/college-football/players/full/4695616.png
4695649,Jackson Manning,TE,https://a.espncdn.com/i/headshots/college-football/players/full/4695649.png
4695691,Cole Lakatos,WR,https://a.espncdn.com/i/headshots/college-football/players/full/4695691.png
4695703,Kellan Wyatt,RB,https://a.espncdn.com/i/headshots/college-football/players/full/4695703.png
4695705,Marlin Klein,TE,https://a.espncdn.com/i/headshots/college-football/players/full/4695705.png
4695707,Juju Lewis,WR,https://a.espncdn.com/i/headshots/college-football/players/full/4695707.png
4695709,Devin Brown,QB,https://a.espncdn.com/i/headshots/college-football/players/full/4695709.png
4695711,Max Whisner,TE,https://a.espncdn.com/i/headshots/college-football/players/full/4695711.png
4695765,Tyler Neville,TE,https://a.espncdn.com/i/headshots/college-football/players/full/4695765.png
4695784,Carson Camp,QB,https://a.espncdn.com/i/headshots/college-football/players/full/4695784.png
4695787,Shomari Lawrence,RB,https://a.espncdn.com/i/headshots/college-football/players/full/4695787.png
4695800,JJ Galbreath,TE,https://a.espncdn.com/i/headshots/college-football/players/full/4695800.png
4695806,Zach Witte,TE,https://a.espncdn.com/i/headshots/college-football/players/full/4695806.png
4695866,Cole Thornton,WR,https://a.espncdn.com/i/headshots/college-football/players/full/4695866.png
4695867,Grant Wilson,QB,https://a.espncdn.com/i/headshots/college-football/players/full/4695867.png
4695902,Byron Shipman,WR,https://a.espncdn.com/i/headshots/college-football/players/full/4695902.png
4695904,Matthew Sluka,QB,https://a.espncdn.com/i/headshots/college-football/players/full/4695904.png
4695910,Xavier Guillory,WR,https://a.espncdn.com/i/headshots/college-football/players/full/4695910.png
4695914,Hunter Hays,QB,https://a.espncdn.com/i/headshots/college-football/players/full/4695914.png
4695917,Christian Fredericksen,WR,https://a.espncdn.com/i/headshots/college-football/players/full/4695917.png
4696001,Tyce Ferrell,TE,https://a.espncdn.com/i/headshots/college-football/players/full/4696001.png
4696027,Javon Charles,TE,https://a.espncdn.com/i/headshots/college-football/players/full/4696027.png
4696044,Kaelon Black,RB,https://a.espncdn.com/i/headshots/college-football/players/full/4696044.png
4696062,Antwane Wells Jr.,WR,https://a.espncdn.com/i/headshots/college-football/players/full/4696062.png
4696065,Derek Robertson,QB,https://a.espncdn.com/i/headshots/college-football/players/full/4696065.png
4696066,Anthony Harris,QB,https://a.espncdn.com/i/headshots/college-football/players/full/4696066.png
4696070,Tavion Banks,RB,https://a.espncdn.com/i/headshots/college-football/players/full/4696070.png
4696071,Freddie Brock IV,RB,https://a.espncdn.com/i/headshots/college-football/players/full/4696071.png
4696073,Mark Bails,WR,https://a.espncdn.com/i/headshots/college-football/players/full/4696073.png
4696091,Montigo Moss,WR,https://a.espncdn.com/i/headshots/college-football/players/full/4696091.png
4696093,Trevin Ewing,WR,https://a.espncdn.com/i/headshots/college-football/players/full/4696093.png
4696138,Mason Gilbert,TE,https://a.espncdn.com/i/headshots/college-football/players/full/4696138.png
4696147,Kenneth Womack,WR,https://a.espncdn.com/i/headshots/college-football/players/full/4696147.png
4696208,Jasiah Williams,WR,https://a.espncdn.com/i/headshots/college-football/players/full/4696208.png
4696213,Fonnae Webb,RB,https://a.espncdn.com/i/headshots/college-football/players/full/4696213.png
4696240,Jaylon Jackson,RB,https://a.espncdn.com/i/headshots/college-football/players/full/4696240.png
4696273,Tim Conerly,WR,https://a.espncdn.com/i/headshots/college-football/players/full/4696273.png
4696274,Devyn Gibbs,TE,https://a.espncdn.com/i/headshots/college-football/players/full/4696274.png
4696371,Dante Perri,QB,https://a.espncdn.com/i/headshots/college-football/players/full/4696371.png
4696407,Jacari Carter,WR,https://a.espncdn.com/i/headshots/college-football/players/full/4696407.png
4696411,Jelani Mason,WR,https://a.espncdn.com/i/headshots/college-football/players/full/4696411.png
4696433,LJ Robinson,WR,https://a.espncdn.com/i/headshots/college-football/players/full/4696433.png
4696464,Bo Belquist,WR,https://a.espncdn.com/i/headshots/college-football/players/full/4696464.png
4696470,Isaiah Smith,RB,https://a.espncdn.com/i/headshots/college-football/players/full/4696470.png
4696475,Quinn Urwiler,RB,https://a.espncdn.com/i/headshots/college-football/players/full/4696475.png
4696490,Jack Wright,WR,https://a.espncdn.com/i/headshots/college-football/players/full/4696490.png
4696561,Jacob Conover,QB,https://a.espncdn.com/i/headshots/college-football/players/full/4696561.png
4696686,Deuce Spann,WR,https://a.espncdn.com/i/headshots/college-football/players/full/4696686.png
4696688,Josh Beetham,TE,https://a.espncdn.com/i/headshots/college-football/players/full/4696688.png
4696690,Reggie Love III,RB,https://a.espncdn.com/i/headshots/college-football/players/full/4696690.png
4696726,Grant Norberg,TE,https://a.espncdn.com/i/headshots/college-football/players/full/4696726.png
4696740,Colin Giffen,RB,https://a.espncdn.com/i/headshots/college-football/players/full/4696740.png
4696751,Carl Smith Jr.,WR,https://a.espncdn.com/i/headshots/college-football/players/full/4696751.png
4696799,Isaiah Gerena,TE,https://a.espncdn.com/i/headshots/college-football/players/full/4696799.png
4696819,Eli Sawyer,QB,https://a.espncdn.com/i/headshots/college-football/players/full/4696819.png
4696832,Connor Briggs,TE,https://a.espncdn.com/i/headshots/college-football/players/full/4696832.png
4696833,Cade Collier,TE,https://a.espncdn.com/i/headshots/college-football/players/full/4696833.png
4696843,Da'shun Hugley,WR,https://a.espncdn.com/i/headshots/college-football/players/full/4696843.png
4696846,Ivan Drobocky,TE,https://a.espncdn.com/i/headshots/college-football/players/full/4696846.png
4696880,Walker Harris,QB,https://a.espncdn.com/i/headshots/college-football/players/full/4696880.png
4696881,Quest Powell,QB,https://a.espncdn.com/i/headshots/college-football/players/full/4696881.png
4696883,Devin Smith,WR,https://a.espncdn.com/i/headshots/college-football/players/full/4696883.png
4696907,Joaquin Davis,WR,https://a.espncdn.com/i/headshots/college-football/players/full/4696907.png
4696972,Devin Gandy,WR,https://a.espncdn.com/i/headshots/college-football/players/full/4696972.png
4696974,Jared Gipson,WR,https://a.espncdn.com/i/headshots/college-football/players/full/4696974.png
4696981,Cam Skattebo,RB,https://a.espncdn.com/i/headshots/college-football/players/full/4696981.png
4696995,Connor Stutz,RB,https://a.espncdn.com/i/headshots/college-football/players/full/4696995.png
4697094,DJ Williams,QB,https://a.espncdn.com/i/headshots/college-football/players/full/4697094.png
4697099,Damonta Witherspoon,RB,https://a.espncdn.com/i/headshots/college-football/players/full/4697099.png
4697101,Cortezz Jones,RB,https://a.espncdn.com/i/headshots/college-football/players/full/4697101.png
4697122,Gaston Moore,QB,https://a.espncdn.com/i/headshots/college-football/players/full/4697122.png
4697131,Bronson Barron,QB,https://a.espncdn.com/i/headshots/college-football/players/full/4697131.png
4697496,Peter Moore,RB,https://a.espncdn.com/i/headshots/college-football/players/full/4697496.png
4697512,Robby Ashford,QB,https://a.espncdn.com/i/headshots/college-football/players/full/4697512.png
4697536,Kasey Hawthorne,WR,https://a.espncdn.com/i/headshots/college-football/players/full/4697536.png
4697540,Jarett Hunter,RB,https://a.espncdn.com/i/headshots/college-football/players/full/4697540.png
4697587,Jake Woods,TE,https://a.espncdn.com/i/headshots/college-football/players/full/4697587.png
4697625,Victor Gabalis,QB,https://a.espncdn.com/i/headshots/college-football/players/full/4697625.png
4697630,Cooper Mathers,TE,https://a.espncdn.com/i/headshots/college-football/players/full/4697630.png
4697633,Dylan Paine,RB,https://a.espncdn.com/i/headshots/college-football/players/full/4697633.png
4697741,Jalen John,RB,https://a.espncdn.com/i/headshots/college-football/players/full/4697741.png
4697795,Evan Burkhart,WR,https://a.espncdn.com/i/headshots/college-football/players/full/4697795.png
4697844,RaRa Thomas,WR,https://a.espncdn.com/i/headshots/college-football/players/full/4697844.png
4698179,River Helms,TE,https://a.espncdn.com/i/headshots/college-football/players/full/4698179.png
4698229,Chase Stafford,TE,https://a.espncdn.com/i/headshots/college-football/players/full/4698229.png
4698237,Justin Wolf,TE,https://a.espncdn.com/i/headshots/college-football/players/full/4698237.png
4698247,Mitchell Dixon,TE,https://a.espncdn.com/i/headshots/college-football/players/full/4698247.png
4698249,Josh Gale,TE,https://a.espncdn.com/i/headshots/college-football/players/full/4698249.png
4698250,Grant Harper,QB,https://a.espncdn.com/i/headshots/college-football/players/full/4698250.png
4698252,C.J. Hutton,WR,https://a.espncdn.com/i/headshots/college-football/players/full/4698252.png
4698253,Lan Larison,RB,https://a.espncdn.com/i/headshots/college-football/players/full/4698253.png
4698298,Jake Cox,TE,https://a.espncdn.com/i/headshots/college-football/players/full/4698298.png
4698302,CJ Jordan,QB,https://a.espncdn.com/i/headshots/college-football/players/full/4698302.png
4698347,Deven Thompson,WR,https://a.espncdn.com/i/headshots/college-football/players/full/4698347.png
4698362,Kaleb Costner,TE,https://a.espncdn.com/i/headshots/college-football/players/full/4698362.png
4698425,Jordan Jefferson,RB,https://a.espncdn.com/i/headshots/college-football/players/full/4698425.png
4698455,Gabe Blair,WR,https://a.espncdn.com/i/headshots/college-football/players/full/4698455.png
4698471,Matt Ragan,TE,https://a.espncdn.com/i/headshots/college-football/players/full/4698471.png
4698597,Barion Brown,WR,https://a.espncdn.com/i/headshots/college-football/players/full/4698597.png
4698677,Nate Bennett,WR,https://a.espncdn.com/i/headshots/college-football/players/full/4698677.png
4698727,Dallan Hayden,RB,https://a.espncdn.com/i/headshots/college-football/players/full/4698727.png
4698757,Lee Negrotto,TE,https://a.espncdn.com/i/headshots/college-football/players/full/4698757.png
4698767,Corey Warren Jr.,RB,https://a.espncdn.com/i/headshots/college-football/players/full/4698767.png
4698883,John Long,WR,https://a.espncdn.com/i/headshots/college-football/players/full/4698883.png
4699354,Harrison Wallace III,WR,https://a.espncdn.com/i/headshots/college-football/players/full/4699354.png
4699550,Austin Henderson,TE,https://a.espncdn.com/i/headshots/college-football/players/full/4699550.png
4699678,Khalil Dinkins,TE,https://a.espncdn.com/i/headshots/college-football/players/full/4699678.png
4699761,Elijah Gilliam,RB,https://a.espncdn.com/i/headshots/college-football/players/full/4699761.png
4699768,Jonah Dalmas,RB,https://a.espncdn.com/i/headshots/college-football/players/full/4699768.png
4699782,Mekhi Shaw,WR,https://a.espncdn.com/i/headshots/college-football/players/full/4699782.png
4699805,Will Pelissier,WR,https://a.espncdn.com/i/headshots/college-football/players/full/4699805.png
4699866,Nic Anderson,WR,https://a.espncdn.com/i/headshots/college-football/players/full/4699866.png
4700079,Kole Williams,TE,https://a.espncdn.com/i/headshots/college-football/players/full/4700079.png
4700102,Tavarious Griffin,TE,https://a.espncdn.com/i/headshots/college-football/players/full/4700102.png
4700135,Cam Fancher,QB,https://a.espncdn.com/i/headshots/college-football/players/full/4700135.png
4700137,Tanaka Scott,WR,https://a.espncdn.com/i/headshots/college-football/players/full/4700137.png
4700138,Sam Scott,RB,https://a.espncdn.com/i/headshots/college-football/players/full/4700138.png
4700147,Joseph Griffin Jr.,WR,https://a.espncdn.com/i/headshots/college-football/players/full/4700147.png
4700149,Rashad Rochelle,WR,https://a.espncdn.com/i/headshots/college-football/players/full/4700149.png
4700453,Jared Brown,WR,https://a.espncdn.com/i/headshots/college-football/players/full/4700453.png
4700456,Jaden Williams,WR,https://a.espncdn.com/i/headshots/college-football/players/full/4700456.png
4700811,Ja'Quez Cross,RB,https://a.espncdn.com/i/headshots/college-football/players/full/4700811.png
4701063,Isiah Williams,WR,https://a.espncdn.com/i/headshots/college-football/players/full/4701063.png
4701064,Michael Plaskon,WR,https://a.espncdn.com/i/headshots/college-football/players/full/4701064.png
4701066,Paul Marsh Jr.,WR,https://a.espncdn.com/i/headshots/college-football/players/full/4701066.png
4701075,Caleb Burke,WR,https://a.espncdn.com/i/headshots/college-football/players/full/4701075.png
4701090,Joey Corcoran,WR,https://a.espncdn.com/i/headshots/college-football/players/full/4701090.png
4701178,Chris Rhone,WR,https://a.espncdn.com/i/headshots/college-football/players/full/4701178.png
4701216,Jacques Badolato-Birdsell,RB,https://a.espncdn.com/i/headshots/college-football/players/full/4701216.png
4701307,Henry Hesson,QB,https://a.espncdn.com/i/headshots/college-football/players/full/4701307.png
4701312,Alec Bevelhimer,RB,https://a.espncdn.com/i/headshots/college-football/players/full/4701312.png
4701588,Michael Harrison,TE,https://a.espncdn.com/i/headshots/college-football/players/full/4701588.png
4701590,Vinson Davis III,WR,https://a.espncdn.com/i/headshots/college-football/players/full/4701590.png
4701592,Jordon Vaughn,RB,https://a.espncdn.com/i/headshots/college-football/players/full/4701592.png
4701593,Mojo Dortch,WR,https://a.espncdn.com/i/headshots/college-football/players/full/4701593.png
4701749,Chris Taylor,WR,https://a.espncdn.com/i/headshots/college-football/players/full/4701749.png
4701936,Matthew Golden,WR,https://a.espncdn.com/i/headshots/college-football/players/full/4701936.png
4701951,Omari Kelly,WR,https://a.espncdn.com/i/headshots/college-football/players/full/4701951.png
4702555,Jonah Coleman,RB,https://a.espncdn.com/i/headshots/college-football/players/full/4702555.png
4702556,Arlis Boardingham,TE,https://a.espncdn.com/i/headshots/college-football/players/full/4702556.png
4702559,Oscar Delp,TE,https://a.espncdn.com/i/headshots/college-football/players/full/4702559.png
4702560,Grant Page,WR,https://a.espncdn.com/i/headshots/college-football/players/full/4702560.png
4702561,De'Nylon Morrissette,WR,https://a.espncdn.com/i/headshots/college-football/players/full/4702561.png
4702574,Quan Lee,WR,https://a.espncdn.com/i/headshots/college-football/players/full/4702574.png
4702729,Braylin Presley,RB,https://a.espncdn.com/i/headshots/college-football/players/full/4702729.png
4702749,Fitzgerald West Jr.,RB,https://a.espncdn.com/i/headshots/college-football/players/full/4702749.png
4702755,Amorion Walker,WR,https://a.espncdn.com/i/headshots/college-football/players/full/4702755.png
4702790,DJ Allen Jr.,WR,https://a.espncdn.com/i/headshots/college-football/players/full/4702790.png
4702820,Bryson Donnell,RB,https://a.espncdn.com/i/headshots/college-football/players/full/4702820.png
4702826,LaKelsey Johnson Jr.,TE,https://a.espncdn.com/i/headshots/college-football/players/full/4702826.png
4702829,Braedyn Locke,QB,https://a.espncdn.com/i/headshots/college-football/players/full/4702829.png
4702830,Stephon Johnson,WR,https://a.espncdn.com/i/headshots/college-football/players/full/4702830.png
4702832,Keith Wheeler,WR,https://a.espncdn.com/i/headshots/college-football/players/full/4702832.png
4702901,Zach Evans,RB,https://a.espncdn.com/i/headshots/college-football/players/full/4702901.png
4702908,Omari Evans,WR,https://a.espncdn.com/i/headshots/college-football/players/full/4702908.png
4702913,RJ Maryland,TE,https://a.espncdn.com/i/headshots/college-football/players/full/4702913.png
4703025,Ahmarian Granger,WR,https://a.espncdn.com/i/headshots/college-football/players/full/4703025.png
4703030,Jaiven Plummer,WR,https://a.espncdn.com/i/headshots/college-football/players/full/4703030.png
4703067,Mehki Wall,WR,https://a.espncdn.com/i/headshots/college-football/players/full/4703067.png
4705557,Quaron Adams,WR,https://a.espncdn.com/i/headshots/college-football/players/full/4705557.png
4705595,Bryce Bohanon,WR,https://a.espncdn.com/i/headshots/college-football/players/full/4705595.png
4705609,Branson Adams,RB,https://a.espncdn.com/i/headshots/college-football/players/full/4705609.png
4705859,K.D. Hutchinson,WR,https://a.espncdn.com/i/headshots/college-football/players/full/4705859.png
4705927,Jevon Jackson,RB,https://a.espncdn.com/i/headshots/college-football/players/full/4705927.png
4705930,Hahsaun Wilson,RB,https://a.espncdn.com/i/headshots/college-football/players/full/4705930.png
4705934,Jaylen Sargent,WR,https://a.espncdn.com/i/headshots/college-football/players/full/4705934.png
4708049,Gavin Bartholomew,TE,https://a.espncdn.com/i/headshots/college-football/players/full/4708049.png
4708067,Kai Horton,QB,https://a.espncdn.com/i/headshots/college-football/players/full/4708067.png
4708090,Aramoni Rhone,WR,https://a.espncdn.com/i/headshots/college-football/players/full/4708090.png
4708099,Gus McGee,TE,https://a.espncdn.com/i/headshots/college-football/players/full/4708099.png
4708100,Sergio Morancy,WR,https://a.espncdn.com/i/headshots/college-football/players/full/4708100.png
4708127,Monaray Baldwin,WR,https://a.espncdn.com/i/headshots/college-football/players/full/4708127.png
4708354,Jeremiah Franklin,TE,https://a.espncdn.com/i/headshots/college-football/players/full/4708354.png
4708486,Jimmy Horn Jr.,WR,https://a.espncdn.com/i/headshots/college-football/players/full/4708486.png
4708487,Jaquez Moore,RB,https://a.espncdn.com/i/headshots/college-football/players/full/4708487.png
4708490,John Michael Gyllenborg,TE,https://a.espncdn.com/i/headshots/college-football/players/full/4708490.png
4708621,Kyre Duplessis,WR,https://a.espncdn.com/i/headshots/college-football/players/full/4708621.png
4708844,Marshall Nichols,RB,https://a.espncdn.com/i/headshots/college-football/players/full/4708844.png
4708847,Mitchell Tomasek,RB,https://a.espncdn.com/i/headshots/college-football/players/full/4708847.png
4708878,Trace Bruckler,TE,https://a.espncdn.com/i/headshots/college-football/players/full/4708878.png
4709012,Jase Bauer,QB,https://a.espncdn.com/i/headshots/college-football/players/full/4709012.png
4709392,Anthony Tyus III,RB,https://a.espncdn.com/i/headshots/college-football/players/full/4709392.png
4709649,Scottie Alexander,WR,https://a.espncdn.com/i/headshots/college-football/players/full/4709649.png
4709651,Brody Dalton,TE,https://a.espncdn.com/i/headshots/college-football/players/full/4709651.png
4709669,Christian Moss,WR,https://a.espncdn.com/i/headshots/college-football/players/full/4709669.png
4709672,Ethan Payne,RB,https://a.espncdn.com/i/headshots/college-football/players/full/4709672.png
4709678,Devonte Ross,WR,https://a.espncdn.com/i/headshots/college-football/players/full/4709678.png
4709683,Anthony Williams Jr.,RB,https://a.espncdn.com/i/headshots/college-football/players/full/4709683.png
4709781,Myles Walker,WR,https://a.espncdn.com/i/headshots/college-football/players/full/4709781.png
4709788,Vaughn Pemberton,RB,https://a.espncdn.com/i/headshots/college-football/players/full/4709788.png
4709789,Quintell Quinn,RB,https://a.espncdn.com/i/headshots/college-football/players/full/4709789.png
4709800,Michael Fitzgerald,WR,https://a.espncdn.com/i/headshots/college-football/players/full/4709800.png
4709804,Cole Rusk,TE,https://a.espncdn.com/i/headshots/college-football/players/full/4709804.png
4709977,Brayden Schager,QB,https://a.espncdn.com/i/headshots/college-football/players/full/4709977.png
4710001,CJ Montes,QB,https://a.espncdn.com/i/headshots/college-football/players/full/4710001.png
4710029,Nahjee Adams,RB,https://a.espncdn.com/i/headshots/college-football/players/full/4710029.png
4710068,Colin Weber,TE,https://a.espncdn.com/i/headshots/college-football/players/full/4710068.png
4710341,Jarquez Hunter,RB,https://a.espncdn.com/i/headshots/college-football/players/full/4710341.png
4710344,Titus Mokiao-Atimalala,WR,https://a.espncdn.com/i/headshots/college-football/players/full/4710344.png
4710634,Clay Nanke,WR,https://a.espncdn.com/i/headshots/college-football/players/full/4710634.png
4710635,JB Mitchell III,WR,https://a.espncdn.com/i/headshots/college-football/players/full/4710635.png
4710673,Calvin Johnson II,WR,https://a.espncdn.com/i/headshots/college-football/players/full/4710673.png
4710711,DJ Rogers,TE,https://a.espncdn.com/i/headshots/college-football/players/full/4710711.png
4710714,De'Zhaun Stribling,WR,https://a.espncdn.com/i/headshots/college-football/players/full/4710714.png
4710718,Andreas Paaske,TE,https://a.espncdn.com/i/headshots/college-football/players/full/4710718.png
4710744,Malique Dieudonne,WR,https://a.espncdn.com/i/headshots/college-football/players/full/4710744.png
4710765,Jameson Tucker,WR,https://a.espncdn.com/i/headshots/college-football/players/full/4710765.png
4710843,Jasaiah Gathings,WR,https://a.espncdn.com/i/headshots/college-football/players/full/4710843.png
4710848,Connor Jones,TE,https://a.espncdn.com/i/headshots/college-football/players/full/4710848.png
4710855,Konata Mumpfield,WR,https://a.espncdn.com/i/headshots/college-football/players/full/4710855.png
4710860,Oran Singleton Jr.,WR,https://a.espncdn.com/i/headshots/college-football/players/full/4710860.png
4710861,Kobe Stewart,WR,https://a.espncdn.com/i/headshots/college-football/players/full/4710861.png
4711055,Dorian Singer,WR,https://a.espncdn.com/i/headshots/college-football/players/full/4711055.png
4711408,Horatio Fields,WR,https://a.espncdn.com/i/headshots/college-football/players/full/4711408.png
4711409,Manny Stevenson Jr.,TE,https://a.espncdn.com/i/headshots/college-football/players/full/4711409.png
4711410,Brett Griffis,QB,https://a.espncdn.com/i/headshots/college-football/players/full/4711410.png
4711421,CJ Smith,WR,https://a.espncdn.com/i/headshots/college-football/players/full/4711421.png
4711434,Eian Pugh,WR,https://a.espncdn.com/i/headshots/college-football/players/full/4711434.png
4711533,Ollie Gordon II,RB,https://a.espncdn.com/i/headshots/college-football/players/full/4711533.png
4712328,Anthony Simpson,WR,https://a.espncdn.com/i/headshots/college-football/players/full/4712328.png
4712578,Jay Fair,WR,https://a.espncdn.com/i/headshots/college-football/players/full/4712578.png
4712579,Dillon Bell,WR,https://a.espncdn.com/i/headshots/college-football/players/full/4712579.png
4712749,Harrison Hamsley,TE,https://a.espncdn.com/i/headshots/college-football/players/full/4712749.png
4712886,Mekhi Miller,WR,https://a.espncdn.com/i/headshots/college-football/players/full/4712886.png
4713118,J'Mari Taylor,RB,https://a.espncdn.com/i/headshots/college-football/players/full/4713118.png
4713196,Davon Wells,WR,https://a.espncdn.com/i/headshots/college-football/players/full/4713196.png
4713267,Collin Guggenheim,RB,https://a.espncdn.com/i/headshots/college-football/players/full/4713267.png
4713277,Eric Rivers Jr.,WR,https://a.espncdn.com/i/headshots/college-football/players/full/4713277.png
4713307,Scooter Adams,RB,https://a.espncdn.com/i/headshots/college-football/players/full/4713307.png
4713335,Dane Wallace,WR,https://a.espncdn.com/i/headshots/college-football/players/full/4713335.png
4713489,Branson Robinson,RB,https://a.espncdn.com/i/headshots/college-football/players/full/4713489.png
4713649,Drew Dickey,QB,https://a.espncdn.com/i/headshots/college-football/players/full/4713649.png
4714009,Myles Burkett,QB,https://a.espncdn.com/i/headshots/college-football/players/full/4714009.png
4714046,Tyrell Henry,WR,https://a.espncdn.com/i/headshots/college-football/players/full/4714046.png
4714278,Jason Llewellyn,TE,https://a.espncdn.com/i/headshots/college-football/players/full/4714278.png
4714290,Fred Farrier II,WR,https://a.espncdn.com/i/headshots/college-football/players/full/4714290.png
4714300,Holden Geriner,QB,https://a.espncdn.com/i/headshots/college-football/players/full/4714300.png
4714341,Ben Ford,WR,https://a.espncdn.com/i/headshots/college-football/players/full/4714341.png
4714379,Seydou Traore,TE,https://a.espncdn.com/i/headshots/college-football/players/full/4714379.png
4714388,Chase Roberts,WR,https://a.espncdn.com/i/headshots/college-football/players/full/4714388.png
4714413,Otto Tia,TE,https://a.espncdn.com/i/headshots/college-football/players/full/4714413.png
4714771,Drew Allar,QB,https://a.espncdn.com/i/headshots/college-football/players/full/4714771.png
4715345,Devin Farrell,QB,https://a.espncdn.com/i/headshots/college-football/players/full/4715345.png
4715355,Darius Cooper,WR,https://a.espncdn.com/i/headshots/college-football/players/full/4715355.png
4715357,Braelon Bridges,RB,https://a.espncdn.com/i/headshots/college-football/players/full/4715357.png
4715358,Derrel Kelley III,RB,https://a.espncdn.com/i/headshots/college-football/players/full/4715358.png
4715386,Marvin Landy,TE,https://a.espncdn.com/i/headshots/college-football/players/full/4715386.png
4715474,Elijah Brown,TE,https://a.espncdn.com/i/headshots/college-football/players/full/4715474.png
4716507,Quincy Burroughs,WR,https://a.espncdn.com/i/headshots/college-football/players/full/4716507.png
4717430,Chris Marshall,WR,https://a.espncdn.com/i/headshots/college-football/players/full/4717430.png
4717723,Maurice Clark,TE,https://a.espncdn.com/i/headshots/college-football/players/full/4717723.png
4717724,Rashod Dubinion,RB,https://a.espncdn.com/i/headshots/college-football/players/full/4717724.png
4718457,Noah Thomas,WR,https://a.espncdn.com/i/headshots/college-football/players/full/4718457.png
4720949,Kristen Hoskins,WR,https://a.espncdn.com/i/headshots/college-football/players/full/4720949.png
4723086,Colston Loveland,TE,https://a.espncdn.com/i/headshots/college-football/players/full/4723086.png
4723820,Omar Cooper Jr.,WR,https://a.espncdn.com/i/headshots/college-football/players/full/4723820.png
4725514,Reggie Branch II,RB,https://a.espncdn.com/i/headshots/college-football/players/full/4725514.png
4726129,Harrison Saint Germain,TE,https://a.espncdn.com/i/headshots/college-football/players/full/4726129.png
4726152,JoJo Bermudez,WR,https://a.espncdn.com/i/headshots/college-football/players/full/4726152.png
4731586,Kyle Morlock,TE,https://a.espncdn.com/i/headshots/college-football/players/full/4731586.png
4731981,Carlos Davis,QB,https://a.espncdn.com/i/headshots/college-football/players/full/4731981.png
4732083,Parker Wroble,WR,https://a.espncdn.com/i/headshots/college-football/players/full/4732083.png
4736210,Michael Pettway,WR,https://a.espncdn.com/i/headshots/college-football/players/full/4736210.png
4736246,Jacob Knuth,QB,https://a.espncdn.com/i/headshots/college-football/players/full/4736246.png
4746099,Kenny Fletcher Jr.,TE,https://a.espncdn.com/i/headshots/college-football/players/full/4746099.png
4746127,Zach Pyron,QB,https://a.espncdn.com/i/headshots/college-football/players/full/4746127.png
4749271,Justin Smith-Brown,WR,https://a.espncdn.com/i/headshots/college-football/players/full/4749271.png
4749280,Xavier Lankford,QB,https://a.espncdn.com/i/headshots/college-football/players/full/4749280.png
4749402,Jyrin Johnson,TE,https://a.espncdn.com/i/headshots/college-football/players/full/4749402.png
4755664,Nick Evers,QB,https://a.espncdn.com/i/headshots/college-football/players/full/4755664.png
4755767,Jay McEuen,TE,https://a.espncdn.com/i/headshots/college-football/players/full/4755767.png
4769792,C.J. Hawkins,WR,https://a.espncdn.com/i/headshots/college-football/players/full/4769792.png
4769835,Jihad Marks,WR,https://a.espncdn.com/i/headshots/college-football/players/full/4769835.png
4769841,Donovan Payne,TE,https://a.espncdn.com/i/headshots/college-football/players/full/4769841.png
4769846,Darius Stewart,RB,https://a.espncdn.com/i/headshots/college-football/players/full/4769846.png
4769881,Ryan Morrow,RB,https://a.espncdn.com/i/headshots/college-football/players/full/4769881.png
4770038,Devin Ellison,WR,https://a.espncdn.com/i/headshots/college-football/players/full/4770038.png
4773919,Tommy Castellanos,QB,https://a.espncdn.com/i/headshots/college-football/players/full/4773919.png
4775136,Owen McCown,QB,https://a.espncdn.com/i/headshots/college-football/players/full/4775136.png
4775196,Tommy Mellott,QB,https://a.espncdn.com/i/headshots/college-football/players/full/4775196.png
4775197,Charles Brown,WR,https://a.espncdn.com/i/headshots/college-football/players/full/4775197.png
4775199,Elijah Elliott,RB,https://a.espncdn.com/i/headshots/college-football/players/full/4775199.png
4775224,Xander Werner,QB,https://a.espncdn.com/i/headshots/college-football/players/full/4775224.png
4775252,Colter May,RB,https://a.espncdn.com/i/headshots/college-football/players/full/4775252.png
4775263,Jack Neri,TE,https://a.espncdn.com/i/headshots/college-football/players/full/4775263.png
4775264,Tony Muskett,QB,https://a.espncdn.com/i/headshots/college-football/players/full/4775264.png
4775266,Dymere Miller,WR,https://a.espncdn.com/i/headshots/college-football/players/full/4775266.png
4775291,Anthony Chiccitt,QB,https://a.espncdn.com/i/headshots/college-football/players/full/4775291.png
4777154,Tyler Riddell,QB,https://a.espncdn.com/i/headshots/college-football/players/full/4777154.png
4781200,Justin Lewis,QB,https://a.espncdn.com/i/headshots/college-football/players/full/4781200.png
4790965,Donovan Leary,QB,https://a.espncdn.com/i/headshots/college-football/players/full/4790965.png
4794107,Marlon Gunn Jr.,RB,https://a.espncdn.com/i/headshots/college-football/players/full/4794107.png
4795295,Katin Houser,QB,https://a.espncdn.com/i/headshots/college-football/players/full/4795295.png
4799963,Mata'ava Ta'ase,TE,https://a.espncdn.com/i/headshots/college-football/players/full/4799963.png
4799987,Ryan Burger,QB,https://a.espncdn.com/i/headshots/college-football/players/full/4799987.png
4799991,Cole Spence,TE,https://a.espncdn.com/i/headshots/college-football/players/full/4799991.png
4801276,Houston Thomas,TE,https://a.espncdn.com/i/headshots/college-football/players/full/4801276.png
4801299,Rocco Becht,QB,https://a.espncdn.com/i/headshots/college-football/players/full/4801299.png
4801301,Tevin Carter,QB,https://a.espncdn.com/i/headshots/college-football/players/full/4801301.png
4801302,Julian Calvez,QB,https://a.espncdn.com/i/headshots/college-football/players/full/4801302.png
4801306,Conner Harrell,QB,https://a.espncdn.com/i/headshots/college-football/players/full/4801306.png
4801307,Tayven Jackson,QB,https://a.espncdn.com/i/headshots/college-football/players/full/4801307.png
4801308,Khalib Johnson,QB,https://a.espncdn.com/i/headshots/college-football/players/full/4801308.png
4801717,Noah Fifita,QB,https://a.espncdn.com/i/headshots/college-football/players/full/4801717.png
4804878,Cooper Barkate,WR,https://a.espncdn.com/i/headshots/college-football/players/full/4804878.png
4804879,Quincy Craig,RB,https://a.espncdn.com/i/headshots/college-football/players/full/4804879.png
4804882,Garrett Oakley,TE,https://a.espncdn.com/i/headshots/college-football/players/full/4804882.png
4804883,Jalen Moss,WR,https://a.espncdn.com/i/headshots/college-football/players/full/4804883.png
4804885,Brandon Rose,QB,https://a.espncdn.com/i/headshots/college-football/players/full/4804885.png
4805256,Sutton Smith,RB,https://a.espncdn.com/i/headshots/college-football/players/full/4805256.png
4806381,Jarel Williams,WR,https://a.espncdn.com/i/headshots/college-football/players/full/4806381.png
4806463,Bryce Archie,QB,https://a.espncdn.com/i/headshots/college-football/players/full/4806463.png
4808719,Zach Wilcke,QB,https://a.espncdn.com/i/headshots/college-football/players/full/4808719.png
4808740,Nate Anderson,WR,https://a.espncdn.com/i/headshots/college-football/players/full/4808740.png
4808744,Jaylon Glover,RB,https://a.espncdn.com/i/headshots/college-football/players/full/4808744.png
4808759,Camden Brown,WR,https://a.espncdn.com/i/headshots/college-football/players/full/4808759.png
4808766,Mason Taylor,TE,https://a.espncdn.com/i/headshots/college-football/players/full/4808766.png
4808767,Xavier Townsend,WR,https://a.espncdn.com/i/headshots/college-football/players/full/4808767.png
4808830,Damien Martinez,RB,https://a.espncdn.com/i/headshots/college-football/players/full/4808830.png
4808839,Isaiah Bond,WR,https://a.espncdn.com/i/headshots/college-football/players/full/4808839.png
4812342,Anthony Rucker,TE,https://a.espncdn.com/i/headshots/college-football/players/full/4812342.png
4812346,Eric Weatherly,WR,https://a.espncdn.com/i/headshots/college-football/players/full/4812346.png
4812356,Jaydn Girard,WR,https://a.espncdn.com/i/headshots/college-football/players/full/4812356.png
4812374,Terrell Crosby Jr.,WR,https://a.espncdn.com/i/headshots/college-football/players/full/4812374.png
4812381,Gunnar Smith,QB,https://a.espncdn.com/i/headshots/college-football/players/full/4812381.png
4812439,Brian Courtney,TE,https://a.espncdn.com/i/headshots/college-football/players/full/4812439.png
4812474,DJ Riles,WR,https://a.espncdn.com/i/headshots/college-football/players/full/4812474.png
4814930,Hank Beatty,WR,https://a.espncdn.com/i/headshots/college-football/players/full/4814930.png
4816084,Jaylen Ward,WR,https://a.espncdn.com/i/headshots/college-football/players/full/4816084.png
4816090,Parker Brailsford,WR,https://a.espncdn.com/i/headshots/college-football/players/full/4816090.png
4816098,Makhi Hughes,RB,https://a.espncdn.com/i/headshots/college-football/players/full/4816098.png
4816099,Javen Jacobs,RB,https://a.espncdn.com/i/headshots/college-football/players/full/4816099.png
4816104,Michael Masunas,TE,https://a.espncdn.com/i/headshots/college-football/players/full/4816104.png
4816108,Tyler Powell,TE,https://a.espncdn.com/i/headshots/college-football/players/full/4816108.png
4816307,Joseph Himon II,RB,https://a.espncdn.com/i/headshots/college-football/players/full/4816307.png
4816323,Nate Kurisky,TE,https://a.espncdn.com/i/headshots/college-football/players/full/4816323.png
4819215,Josh Kattus,TE,https://a.espncdn.com/i/headshots/college-football/players/full/4819215.png
4819226,Brody Foley,TE,https://a.espncdn.com/i/headshots/college-football/players/full/4819226.png
4819228,Rodney Harris II,WR,https://a.espncdn.com/i/headshots/college-football/players/full/4819228.png
4819231,Kaleb Johnson,RB,https://a.espncdn.com/i/headshots/college-football/players/full/4819231.png
4819250,AJ Bianco,QB,https://a.espncdn.com/i/headshots/college-football/players/full/4819250.png
4819259,Devon Tauaefa,TE,https://a.espncdn.com/i/headshots/college-football/players/full/4819259.png
4824124,Alex Broome,RB,https://a.espncdn.com/i/headshots/college-football/players/full/4824124.png
4826505,Mudia Reuben,WR,https://a.espncdn.com/i/headshots/college-football/players/full/4826505.png
4826574,Owen Anderson,TE,https://a.espncdn.com/i/headshots/college-football/players/full/4826574.png
4826579,Tyler Siddons,TE,https://a.espncdn.com/i/headshots/college-football/players/full/4826579.png
4826635,Jaxon Dailey,QB,https://a.espncdn.com/i/headshots/college-football/players/full/4826635.png
4826636,Jordan Anderson,RB,https://a.espncdn.com/i/headshots/college-football/players/full/4826636.png
4826637,Henry Boyer,TE,https://a.espncdn.com/i/headshots/college-football/players/full/4826637.png
4827041,Jacob Bostick,WR,https://a.espncdn.com/i/headshots/college-football/players/full/4827041.png
4827047,Aidan Laughery,RB,https://a.espncdn.com/i/headshots/college-football/players/full/4827047.png
4827049,Max Reese,TE,https://a.espncdn.com/i/headshots/college-football/players/full/4827049.png
4831959,Eli Raridon,TE,https://a.espncdn.com/i/headshots/college-football/players/full/4831959.png
4831976,Javon Tracy,WR,https://a.espncdn.com/i/headshots/college-football/players/full/4831976.png
4832021,Ihson Jackson-Anderson,RB,https://a.espncdn.com/i/headshots/college-football/players/full/4832021.png
4832029,Alex Bauman,TE,https://a.espncdn.com/i/headshots/college-football/players/full/4832029.png
4832583,Tanner Murray,QB,https://a.espncdn.com/i/headshots/college-football/players/full/4832583.png
4832789,Carson Haggard,QB,https://a.espncdn.com/i/headshots/college-football/players/full/4832789.png
4832792,Major Everhart,WR,https://a.espncdn.com/i/headshots/college-football/players/full/4832792.png
4832800,Denzel Boston,WR,https://a.espncdn.com/i/headshots/college-football/players/full/4832800.png
4832802,Hudson Cedarland,TE,https://a.espncdn.com/i/headshots/college-football/players/full/4832802.png
4832804,Jordan Dwyer,WR,https://a.espncdn.com/i/headshots/college-football/players/full/4832804.png
4832806,Jonathan Brady,WR,https://a.espncdn.com/i/headshots/college-football/players/full/4832806.png
4832819,Djouvensky Schlenbaker,RB,https://a.espncdn.com/i/headshots/college-football/players/full/4832819.png
4832824,Austin Terry,TE,https://a.espncdn.com/i/headshots/college-football/players/full/4832824.png
4832827,Jack Velling,TE,https://a.espncdn.com/i/headshots/college-football/players/full/4832827.png
4832830,Joshua Wood,QB,https://a.espncdn.com/i/headshots/college-football/players/full/4832830.png
4832846,Demond Claiborne,RB,https://a.espncdn.com/i/headshots/college-football/players/full/4832846.png
4832849,Gavin Garcia,RB,https://a.espncdn.com/i/headshots/college-football/players/full/4832849.png
4832874,Bryce Duke,RB,https://a.espncdn.com/i/headshots/college-football/players/full/4832874.png
4832875,Leon Haughton Jr.,TE,https://a.espncdn.com/i/headshots/college-football/players/full/4832875.png
4832918,Ethan Vasko,QB,https://a.espncdn.com/i/headshots/college-football/players/full/4832918.png
4832952,Mekhi Collins,WR,https://a.espncdn.com/i/headshots/college-football/players/full/4832952.png
4832955,Emmett Johnson,RB,https://a.espncdn.com/i/headshots/college-football/players/full/4832955.png
4833016,Chedon James,WR,https://a.espncdn.com/i/headshots/college-football/players/full/4833016.png
4833029,Max Klare,TE,https://a.espncdn.com/i/headshots/college-football/players/full/4833029.png
4833072,Che Nwabuko,WR,https://a.espncdn.com/i/headshots/college-football/players/full/4833072.png
4833073,Zion Steptoe,WR,https://a.espncdn.com/i/headshots/college-football/players/full/4833073.png
4833238,Jaydon Johnson,WR,https://a.espncdn.com/i/headshots/college-football/players/full/4833238.png
4833241,Gage Roy,QB,https://a.espncdn.com/i/headshots/college-football/players/full/4833241.png
4833356,Zach Courtney,TE,https://a.espncdn.com/i/headshots/college-football/players/full/4833356.png
4833372,Sean Sallis,TE,https://a.espncdn.com/i/headshots/college-football/players/full/4833372.png
4833591,Ky Woods,RB,https://a.espncdn.com/i/headshots/college-football/players/full/4833591.png
4833597,Brayden Fowler-Nicolosi,QB,https://a.espncdn.com/i/headshots/college-football/players/full/4833597.png
4833625,Jordan Nabors,WR,https://a.espncdn.com/i/headshots/college-football/players/full/4833625.png
4833629,Jace Wilson,WR,https://a.espncdn.com/i/headshots/college-football/players/full/4833629.png
4833635,Landry Lyddy,QB,https://a.espncdn.com/i/headshots/college-football/players/full/4833635.png
4834817,Jayshon Platt,WR,https://a.espncdn.com/i/headshots/college-football/players/full/4834817.png
4836471,Jackson Stratton,QB,https://a.espncdn.com/i/headshots/college-football/players/full/4836471.png
4836476,Davin Wydner,QB,https://a.espncdn.com/i/headshots/college-football/players/full/4836476.png
4837166,Grant Stevens,TE,https://a.espncdn.com/i/headshots/college-football/players/full/4837166.png
4837182,Eden James,RB,https://a.espncdn.com/i/headshots/college-football/players/full/4837182.png
4837193,Jmariyae Robinson,WR,https://a.espncdn.com/i/headshots/college-football/players/full/4837193.png
4837194,Jaylan Sanchez,WR,https://a.espncdn.com/i/headshots/college-football/players/full/4837194.png
4837195,Luca Stanzani,QB,https://a.espncdn.com/i/headshots/college-football/players/full/4837195.png
4837200,Junior Vandeross III,WR,https://a.espncdn.com/i/headshots/college-football/players/full/4837200.png
4837248,Fernando Mendoza,QB,https://a.espncdn.com/i/headshots/college-football/players/full/4837248.png
4837258,Travis Bates,RB,https://a.espncdn.com/i/headshots/college-football/players/full/4837258.png
4837269,Omari Hayes,WR,https://a.espncdn.com/i/headshots/college-football/players/full/4837269.png
4837279,Jaylin Terzado,WR,https://a.espncdn.com/i/headshots/college-football/players/full/4837279.png
4837335,Richard Reese,RB,https://a.espncdn.com/i/headshots/college-football/players/full/4837335.png
4837341,Fred Highsmith,WR,https://a.espncdn.com/i/headshots/college-football/players/full/4837341.png
4837348,Donta Whack,RB,https://a.espncdn.com/i/headshots/college-football/players/full/4837348.png
4837385,Jordan McDonald,RB,https://a.espncdn.com/i/headshots/college-football/players/full/4837385.png
4837391,Maurice Turner,RB,https://a.espncdn.com/i/headshots/college-football/players/full/4837391.png
4837392,Ty Washington,TE,https://a.espncdn.com/i/headshots/college-football/players/full/4837392.png
4837462,Jaiden Credle,RB,https://a.espncdn.com/i/headshots/college-football/players/full/4837462.png
4837469,Amari Jones,QB,https://a.espncdn.com/i/headshots/college-football/players/full/4837469.png
4838269,OJ Arnold,RB,https://a.espncdn.com/i/headshots/college-football/players/full/4838269.png
4838520,Micah Bell,RB,https://a.espncdn.com/i/headshots/college-football/players/full/4838520.png
4838527,Josh Dallas,WR,https://a.espncdn.com/i/headshots/college-football/players/full/4838527.png
4838532,Tyler Griffin,WR,https://a.espncdn.com/i/headshots/college-football/players/full/4838532.png
4838536,Tyler Hughes,QB,https://a.espncdn.com/i/headshots/college-football/players/full/4838536.png
4838538,Zyere Horton,RB,https://a.espncdn.com/i/headshots/college-football/players/full/4838538.png
4838546,Lashaun Lester,RB,https://a.espncdn.com/i/headshots/college-football/players/full/4838546.png
4838549,Kam Perry,WR,https://a.espncdn.com/i/headshots/college-football/players/full/4838549.png
4838556,Kaleb Webb,WR,https://a.espncdn.com/i/headshots/college-football/players/full/4838556.png
4838679,Ashton Daniels,QB,https://a.espncdn.com/i/headshots/college-football/players/full/4838679.png
4838696,Dae'Quan Wright,TE,https://a.espncdn.com/i/headshots/college-football/players/full/4838696.png
4840113,Chase Belcher,RB,https://a.espncdn.com/i/headshots/college-football/players/full/4840113.png
4840118,Tucker Holloway,WR,https://a.espncdn.com/i/headshots/college-football/players/full/4840118.png
4840128,Jayquan Smith,RB,https://a.espncdn.com/i/headshots/college-football/players/full/4840128.png
4862220,Alex Bacchetta,RB,https://a.espncdn.com/i/headshots/college-football/players/full/4862220.png
4867887,Terrance Carter Jr.,TE,https://a.espncdn.com/i/headshots/college-football/players/full/4867887.png
4868171,Tate Carney,RB,https://a.espncdn.com/i/headshots/college-football/players/full/4868171.png
4868249,Davis Lane Jr.,WR,https://a.espncdn.com/i/headshots/college-football/players/full/4868249.png
4868300,Nate Johnson,RB,https://a.espncdn.com/i/headshots/college-football/players/full/4868300.png
4869083,Hut Graham,WR,https://a.espncdn.com/i/headshots/college-football/players/full/4869083.png
4869120,Ashton Hayes,RB,https://a.espncdn.com/i/headshots/college-football/players/full/4869120.png
4869132,Reggie Virgil,WR,https://a.espncdn.com/i/headshots/college-football/players/full/4869132.png
4869252,Jaron Glover,WR,https://a.espncdn.com/i/headshots/college-football/players/full/4869252.png
4869294,Jake Appleget,TE,https://a.espncdn.com/i/headshots/college-football/players/full/4869294.png
4869316,Oakie Salave'a,TE,https://a.espncdn.com/i/headshots/college-football/players/full/4869316.png
4869322,JT Seagreaves,TE,https://a.espncdn.com/i/headshots/college-football/players/full/4869322.png
4869324,Tyler Johnson,WR,https://a.espncdn.com/i/headshots/college-football/players/full/4869324.png
4869340,Brock Spalding,WR,https://a.espncdn.com/i/headshots/college-football/players/full/4869340.png
4869341,Cade Yacamelli,RB,https://a.espncdn.com/i/headshots/college-football/players/full/4869341.png
4869390,Wyatt Sullivan,TE,https://a.espncdn.com/i/headshots/college-football/players/full/4869390.png
4869422,Braden Pegan,WR,https://a.espncdn.com/i/headshots/college-football/players/full/4869422.png
4869442,Brayden Loftin,TE,https://a.espncdn.com/i/headshots/college-football/players/full/4869442.png
4869443,TK King,WR,https://a.espncdn.com/i/headshots/college-football/players/full/4869443.png
4869497,Tommy McIntosh,WR,https://a.espncdn.com/i/headshots/college-football/players/full/4869497.png
4869519,Gabe Burkle,TE,https://a.espncdn.com/i/headshots/college-football/players/full/4869519.png
4869520,Octavian Smith Jr.,WR,https://a.espncdn.com/i/headshots/college-football/players/full/4869520.png
4869534,Amari Niblack,TE,https://a.espncdn.com/i/headshots/college-football/players/full/4869534.png
4869538,Dane Pardridge,WR,https://a.espncdn.com/i/headshots/college-football/players/full/4869538.png
4869552,Robert Briggs,RB,https://a.espncdn.com/i/headshots/college-football/players/full/4869552.png
4869553,Bishop Davenport,QB,https://a.espncdn.com/i/headshots/college-football/players/full/4869553.png
4869579,Chris Johnson,WR,https://a.espncdn.com/i/headshots/college-football/players/full/4869579.png
4869581,Braylen Walker,WR,https://a.espncdn.com/i/headshots/college-football/players/full/4869581.png
4869582,Cam Barfield,RB,https://a.espncdn.com/i/headshots/college-football/players/full/4869582.png
4869590,Tyler Dostin,TE,https://a.espncdn.com/i/headshots/college-football/players/full/4869590.png
4869592,Maurice Edwards IV,RB,https://a.espncdn.com/i/headshots/college-football/players/full/4869592.png
4869599,Chrishon McCray,WR,https://a.espncdn.com/i/headshots/college-football/players/full/4869599.png
4869601,Chance Morrow,WR,https://a.espncdn.com/i/headshots/college-football/players/full/4869601.png
4869602,Toby Payne,TE,https://a.espncdn.com/i/headshots/college-football/players/full/4869602.png
4869603,Cam Pickett,WR,https://a.espncdn.com/i/headshots/college-football/players/full/4869603.png
4869608,Maximus Webster,TE,https://a.espncdn.com/i/headshots/college-football/players/full/4869608.png
4869645,Caleb Douglas,WR,https://a.espncdn.com/i/headshots/college-football/players/full/4869645.png
4869655,Jameel Gardner Jr.,WR,https://a.espncdn.com/i/headshots/college-football/players/full/4869655.png
4869656,Makhi Green,RB,https://a.espncdn.com/i/headshots/college-football/players/full/4869656.png
4869694,Langston Lewis,WR,https://a.espncdn.com/i/headshots/college-football/players/full/4869694.png
4869699,Jackson Paradis,RB,https://a.espncdn.com/i/headshots/college-football/players/full/4869699.png
4869728,Jeremiah Hasley,TE,https://a.espncdn.com/i/headshots/college-football/players/full/4869728.png
4869730,Nik McMillan,WR,https://a.espncdn.com/i/headshots/college-football/players/full/4869730.png
4869735,Fresh Walters,WR,https://a.espncdn.com/i/headshots/college-football/players/full/4869735.png
4869745,Kyirin Heath,TE,https://a.espncdn.com/i/headshots/college-football/players/full/4869745.png
4869748,Zavion Thomas,WR,https://a.espncdn.com/i/headshots/college-football/players/full/4869748.png
4869802,Davis Dalton,WR,https://a.espncdn.com/i/headshots/college-football/players/full/4869802.png
4869816,Vinny Anthony II,WR,https://a.espncdn.com/i/headshots/college-football/players/full/4869816.png
4869817,Cole Pennington,QB,https://a.espncdn.com/i/headshots/college-football/players/full/4869817.png
4869821,DeCorion Temple,TE,https://a.espncdn.com/i/headshots/college-football/players/full/4869821.png
4869960,KZ Adams,RB,https://a.espncdn.com/i/headshots/college-football/players/full/4869960.png
4869961,Chris Bell,WR,https://a.espncdn.com/i/headshots/college-football/players/full/4869961.png
4869962,Ashton Hollins,WR,https://a.espncdn.com/i/headshots/college-football/players/full/4869962.png
4869963,Charlie Kreinbucher,TE,https://a.espncdn.com/i/headshots/college-football/players/full/4869963.png
4869965,Kobe Prentice,WR,https://a.espncdn.com/i/headshots/college-football/players/full/4869965.png
4869991,Caden Veltkamp,QB,https://a.espncdn.com/i/headshots/college-football/players/full/4869991.png
4870077,Curtis Deville,WR,https://a.espncdn.com/i/headshots/college-football/players/full/4870077.png
4870146,DJ Burks,RB,https://a.espncdn.com/i/headshots/college-football/players/full/4870146.png
4870238,Zamondre Merriweather,WR,https://a.espncdn.com/i/headshots/college-football/players/full/4870238.png
4870513,Maddux Madsen,QB,https://a.espncdn.com/i/headshots/college-football/players/full/4870513.png
4870518,Zeon Chriss-Gremillion,QB,https://a.espncdn.com/i/headshots/college-football/players/full/4870518.png
4870592,Jordyn Bailey,WR,https://a.espncdn.com/i/headshots/college-football/players/full/4870592.png
4870601,Jaylen Bonelli,WR,https://a.espncdn.com/i/headshots/college-football/players/full/4870601.png
4870607,Jackson Arnold,QB,https://a.espncdn.com/i/headshots/college-football/players/full/4870607.png
4870608,Benjamin Brahmer,TE,https://a.espncdn.com/i/headshots/college-football/players/full/4870608.png
4870609,CJ Baxter,RB,https://a.espncdn.com/i/headshots/college-football/players/full/4870609.png
4870612,Zachariah Branch,WR,https://a.espncdn.com/i/headshots/college-football/players/full/4870612.png
4870616,Javious Bond,RB,https://a.espncdn.com/i/headshots/college-football/players/full/4870616.png
4870619,Jalen Brown,WR,https://a.espncdn.com/i/headshots/college-football/players/full/4870619.png
4870629,Jackson Bowers,TE,https://a.espncdn.com/i/headshots/college-football/players/full/4870629.png
4870631,Derrick Bohler,WR,https://a.espncdn.com/i/headshots/college-football/players/full/4870631.png
4870635,Anthony Brown-Stephens,WR,https://a.espncdn.com/i/headshots/college-football/players/full/4870635.png
4870636,Pierce Clarkson,QB,https://a.espncdn.com/i/headshots/college-football/players/full/4870636.png
4870642,Jeremiah Cobb,RB,https://a.espncdn.com/i/headshots/college-football/players/full/4870642.png
4870644,Dalton Brooks,RB,https://a.espncdn.com/i/headshots/college-football/players/full/4870644.png
4870645,Rickie Collins,QB,https://a.espncdn.com/i/headshots/college-football/players/full/4870645.png
4870653,KC Concepcion,WR,https://a.espncdn.com/i/headshots/college-football/players/full/4870653.png
4870656,Johntay Cook II,WR,https://a.espncdn.com/i/headshots/college-football/players/full/4870656.png
4870662,Isaiah Carlson,RB,https://a.espncdn.com/i/headshots/college-football/players/full/4870662.png
4870671,Kaleb Cost,WR,https://a.espncdn.com/i/headshots/college-football/players/full/4870671.png
4870683,Ethan Davis,TE,https://a.espncdn.com/i/headshots/college-football/players/full/4870683.png
4870689,Sawyer Deerman,WR,https://a.espncdn.com/i/headshots/college-football/players/full/4870689.png
4870691,Santana Fleming,WR,https://a.espncdn.com/i/headshots/college-football/players/full/4870691.png
4870696,Malik Elzy,WR,https://a.espncdn.com/i/headshots/college-football/players/full/4870696.png
4870699,Karmello English,WR,https://a.espncdn.com/i/headshots/college-football/players/full/4870699.png
4870703,Jurrion Dickey,WR,https://a.espncdn.com/i/headshots/college-football/players/full/4870703.png
4870709,Shamar Easter,TE,https://a.espncdn.com/i/headshots/college-football/players/full/4870709.png
4870710,Isaiah Hardge,RB,https://a.espncdn.com/i/headshots/college-football/players/full/4870710.png
4870712,Cameron Edge,QB,https://a.espncdn.com/i/headshots/college-football/players/full/4870712.png
4870713,Rico Flores Jr.,WR,https://a.espncdn.com/i/headshots/college-football/players/full/4870713.png
4870728,Kaden Feagin,TE,https://a.espncdn.com/i/headshots/college-football/players/full/4870728.png
4870733,Cooper Flanagan,TE,https://a.espncdn.com/i/headshots/college-football/players/full/4870733.png
4870736,Mark Fletcher Jr.,RB,https://a.espncdn.com/i/headshots/college-football/players/full/4870736.png
4870739,Christian Hamilton,WR,https://a.espncdn.com/i/headshots/college-football/players/full/4870739.png
4870743,William Fowles,WR,https://a.espncdn.com/i/headshots/college-football/players/full/4870743.png
4870744,Martel Hight,WR,https://a.espncdn.com/i/headshots/college-football/players/full/4870744.png
4870745,Nyck Harbor,WR,https://a.espncdn.com/i/headshots/college-football/players/full/4870745.png
4870747,Adam Hopkins IV,WR,https://a.espncdn.com/i/headshots/college-football/players/full/4870747.png
4870754,Rodney Gallagher III,WR,https://a.espncdn.com/i/headshots/college-football/players/full/4870754.png
4870757,Ahmad Haston,QB,https://a.espncdn.com/i/headshots/college-football/players/full/4870757.png
4870760,Justice Haynes,RB,https://a.espncdn.com/i/headshots/college-football/players/full/4870760.png
4870768,Jaden Greathouse,WR,https://a.espncdn.com/i/headshots/college-football/players/full/4870768.png
4870770,Ray Ray Joseph,WR,https://a.espncdn.com/i/headshots/college-football/players/full/4870770.png
4870776,Jalen Hale,WR,https://a.espncdn.com/i/headshots/college-football/players/full/4870776.png
4870784,Trey Holly,RB,https://a.espncdn.com/i/headshots/college-football/players/full/4870784.png
4870786,Marco Lainez,QB,https://a.espncdn.com/i/headshots/college-football/players/full/4870786.png
4870789,Jaxson Lavender,WR,https://a.espncdn.com/i/headshots/college-football/players/full/4870789.png
4870793,Tad Hudson,QB,https://a.espncdn.com/i/headshots/college-football/players/full/4870793.png
4870795,Makai Lemon,WR,https://a.espncdn.com/i/headshots/college-football/players/full/4870795.png
4870797,Luke Hasz,TE,https://a.espncdn.com/i/headshots/college-football/players/full/4870797.png
4870798,Malik Leverett,WR,https://a.espncdn.com/i/headshots/college-football/players/full/4870798.png
4870799,Nico Iamaleava,QB,https://a.espncdn.com/i/headshots/college-football/players/full/4870799.png
4870802,Sedrick Irvin,RB,https://a.espncdn.com/i/headshots/college-football/players/full/4870802.png
4870808,Jeremiyah Love,RB,https://a.espncdn.com/i/headshots/college-football/players/full/4870808.png
4870809,Braylon James,WR,https://a.espncdn.com/i/headshots/college-football/players/full/4870809.png
4870819,Eli Holstein,QB,https://a.espncdn.com/i/headshots/college-football/players/full/4870819.png
4870820,Datrell Jones,RB,https://a.espncdn.com/i/headshots/college-football/players/full/4870820.png
4870821,Cole Martin,RB,https://a.espncdn.com/i/headshots/college-football/players/full/4870821.png
4870826,Micah Mays Jr.,WR,https://a.espncdn.com/i/headshots/college-football/players/full/4870826.png
4870835,Brandon Inniss,WR,https://a.espncdn.com/i/headshots/college-football/players/full/4870835.png
4870836,Xavier Irvin,WR,https://a.espncdn.com/i/headshots/college-football/players/full/4870836.png
4870839,Kaleb Jackson,RB,https://a.espncdn.com/i/headshots/college-football/players/full/4870839.png
4870842,Vandrevius Jacobs,WR,https://a.espncdn.com/i/headshots/college-football/players/full/4870842.png
4870843,Theo Melin Ohrstrom,TE,https://a.espncdn.com/i/headshots/college-football/players/full/4870843.png
4870844,Andy Jean,WR,https://a.espncdn.com/i/headshots/college-football/players/full/4870844.png
4870847,Ja'Kobi Lane,WR,https://a.espncdn.com/i/headshots/college-football/players/full/4870847.png
4870848,Tyler Jefferson,QB,https://a.espncdn.com/i/headshots/college-football/players/full/4870848.png
4870850,Omarion Miller,WR,https://a.espncdn.com/i/headshots/college-football/players/full/4870850.png
4870857,Avery Johnson,QB,https://a.espncdn.com/i/headshots/college-football/players/full/4870857.png
4870858,Cayden Lee,WR,https://a.espncdn.com/i/headshots/college-football/players/full/4870858.png
4870859,Noble Johnson,WR,https://a.espncdn.com/i/headshots/college-football/players/full/4870859.png
4870860,DeAndre Moore Jr.,WR,https://a.espncdn.com/i/headshots/college-football/players/full/4870860.png
4870864,Gabarri Johnson,QB,https://a.espncdn.com/i/headshots/college-football/players/full/4870864.png
4870868,Jayden Limar,RB,https://a.espncdn.com/i/headshots/college-football/players/full/4870868.png
4870869,Brett Norfleet,TE,https://a.espncdn.com/i/headshots/college-football/players/full/4870869.png
4870870,Ty Lockwood,TE,https://a.espncdn.com/i/headshots/college-football/players/full/4870870.png
4870874,Lawson Luckie,TE,https://a.espncdn.com/i/headshots/college-football/players/full/4870874.png
4870876,Kyler Kasper,WR,https://a.espncdn.com/i/headshots/college-football/players/full/4870876.png
4870883,JJ Kohl,QB,https://a.espncdn.com/i/headshots/college-football/players/full/4870883.png
4870889,Chris Parson,QB,https://a.espncdn.com/i/headshots/college-football/players/full/4870889.png
4870900,Dylan Lonergan,QB,https://a.espncdn.com/i/headshots/college-football/players/full/4870900.png
4870906,Arch Manning,QB,https://a.espncdn.com/i/headshots/college-football/players/full/4870906.png
4870909,Jaden Rashada,QB,https://a.espncdn.com/i/headshots/college-football/players/full/4870909.png
4870912,Traylon Ray,WR,https://a.espncdn.com/i/headshots/college-football/players/full/4870912.png
4870914,Francis Mauigoa,RB,https://a.espncdn.com/i/headshots/college-football/players/full/4870914.png
4870921,Dante Moore,QB,https://a.espncdn.com/i/headshots/college-football/players/full/4870921.png
4870922,Duce Robinson,WR,https://a.espncdn.com/i/headshots/college-football/players/full/4870922.png
4870923,Jahlil McClain,WR,https://a.espncdn.com/i/headshots/college-football/players/full/4870923.png
4870927,Bryson Rodgers,WR,https://a.espncdn.com/i/headshots/college-football/players/full/4870927.png
4870928,Malachi Nelson,QB,https://a.espncdn.com/i/headshots/college-football/players/full/4870928.png
4870929,Noah Rogers,WR,https://a.espncdn.com/i/headshots/college-football/players/full/4870929.png
4870934,Rueben Owens II,RB,https://a.espncdn.com/i/headshots/college-football/players/full/4870934.png
4870941,Cameron Seldon,WR,https://a.espncdn.com/i/headshots/college-football/players/full/4870941.png
4870951,Jaquaize Pettaway,WR,https://a.espncdn.com/i/headshots/college-football/players/full/4870951.png
4870954,Randy Pittman,TE,https://a.espncdn.com/i/headshots/college-football/players/full/4870954.png
4870955,Samuel Singleton Jr.,RB,https://a.espncdn.com/i/headshots/college-football/players/full/4870955.png
4870959,Shamar Porter,WR,https://a.espncdn.com/i/headshots/college-football/players/full/4870959.png
4870965,Taz Reddicks,WR,https://a.espncdn.com/i/headshots/college-football/players/full/4870965.png
4870971,Marcel Reed,QB,https://a.espncdn.com/i/headshots/college-football/players/full/4870971.png
4870976,Kadyn Proctor,RB,https://a.espncdn.com/i/headshots/college-football/players/full/4870976.png
4870994,Malachi Riley,WR,https://a.espncdn.com/i/headshots/college-football/players/full/4870994.png
4870999,Malachi Singleton,QB,https://a.espncdn.com/i/headshots/college-football/players/full/4870999.png
4871001,Jaedn Skeete,WR,https://a.espncdn.com/i/headshots/college-football/players/full/4871001.png
4871003,Christian Ross,TE,https://a.espncdn.com/i/headshots/college-football/players/full/4871003.png
4871005,Teitum Tuioti,WR,https://a.espncdn.com/i/headshots/college-football/players/full/4871005.png
4871010,Shelton Sampson Jr.,WR,https://a.espncdn.com/i/headshots/college-football/players/full/4871010.png
4871013,Gemari Sands,RB,https://a.espncdn.com/i/headshots/college-football/players/full/4871013.png
4871019,Rico Walker,TE,https://a.espncdn.com/i/headshots/college-football/players/full/4871019.png
4871021,Lamar Seymore,WR,https://a.espncdn.com/i/headshots/college-football/players/full/4871021.png
4871022,Robby Washington,WR,https://a.espncdn.com/i/headshots/college-football/players/full/4871022.png
4871023,Carnell Tate,WR,https://a.espncdn.com/i/headshots/college-football/players/full/4871023.png
4871039,Jelani Thurman,TE,https://a.espncdn.com/i/headshots/college-football/players/full/4871039.png
4871040,Creed Whittemore,WR,https://a.espncdn.com/i/headshots/college-football/players/full/4871040.png
4871048,Hykeem Williams,WR,https://a.espncdn.com/i/headshots/college-football/players/full/4871048.png
4871050,Marquese Williams,RB,https://a.espncdn.com/i/headshots/college-football/players/full/4871050.png
4871051,JT Smith,RB,https://a.espncdn.com/i/headshots/college-football/players/full/4871051.png
4871053,Hollywood Smothers,RB,https://a.espncdn.com/i/headshots/college-football/players/full/4871053.png
4871054,Riley Williams,TE,https://a.espncdn.com/i/headshots/college-football/players/full/4871054.png
4871059,Jonah Wilson,WR,https://a.espncdn.com/i/headshots/college-football/players/full/4871059.png
4871061,Pearce Spurlin III,WR,
4871062,Asaad Waseem,WR,https://a.espncdn.com/i/headshots/college-football/players/full/4871062.png
4871063,Peter Woods,RB,https://a.espncdn.com/i/headshots/college-football/players/full/4871063.png
4871065,Treyaun Webb,RB,https://a.espncdn.com/i/headshots/college-football/players/full/4871065.png
4871068,Rashid Williams,WR,https://a.espncdn.com/i/headshots/college-football/players/full/4871068.png
4871069,Micah Tease,WR,https://a.espncdn.com/i/headshots/college-football/players/full/4871069.png
4871076,Quintrevion Wisner,RB,https://a.espncdn.com/i/headshots/college-football/players/full/4871076.png
4871081,Richard Young,RB,https://a.espncdn.com/i/headshots/college-football/players/full/4871081.png
4871086,Ja'Ryan Wallace,WR,https://a.espncdn.com/i/headshots/college-football/players/full/4871086.png
4871088,Ayden Williams,WR,https://a.espncdn.com/i/headshots/college-football/players/full/4871088.png
4871091,Lunch Winfield,QB,https://a.espncdn.com/i/headshots/college-football/players/full/4871091.png
4871092,Dylan Wittke,QB,https://a.espncdn.com/i/headshots/college-football/players/full/4871092.png
4871100,John Locke Jr.,TE,https://a.espncdn.com/i/headshots/college-football/players/full/4871100.png
4871148,Jaylin Lucas,RB,https://a.espncdn.com/i/headshots/college-football/players/full/4871148.png
4871708,Luke McLaughlin,WR,https://a.espncdn.com/i/headshots/college-football/players/full/4871708.png
4872477,Alex Bullock,WR,https://a.espncdn.com/i/headshots/college-football/players/full/4872477.png
4872721,Cardell Williams,QB,https://a.espncdn.com/i/headshots/college-football/players/full/4872721.png
4872836,Jhari Patterson,WR,https://a.espncdn.com/i/headshots/college-football/players/full/4872836.png
4872940,Ron Vann Jr.,WR,https://a.espncdn.com/i/headshots/college-football/players/full/4872940.png
4872943,Tim Gans,RB,https://a.espncdn.com/i/headshots/college-football/players/full/4872943.png
4872956,Holman Edwards,QB,https://a.espncdn.com/i/headshots/college-football/players/full/4872956.png
4872957,Raylen Sharpe,WR,https://a.espncdn.com/i/headshots/college-football/players/full/4872957.png
4872961,Matt Byrnes,TE,https://a.espncdn.com/i/headshots/college-football/players/full/4872961.png
4872991,Zane Minors,RB,https://a.espncdn.com/i/headshots/college-football/players/full/4872991.png
4873077,Brayten Silbor,QB,https://a.espncdn.com/i/headshots/college-football/players/full/4873077.png
4873168,Jordan Anthony,WR,https://a.espncdn.com/i/headshots/college-football/players/full/4873168.png
4873234,Victor Rosa,RB,https://a.espncdn.com/i/headshots/college-football/players/full/4873234.png
4873237,Kaedin Robinson,WR,https://a.espncdn.com/i/headshots/college-football/players/full/4873237.png
4873270,Jackson Crosby,WR,https://a.espncdn.com/i/headshots/college-football/players/full/4873270.png
4873276,Zach Jackson,WR,https://a.espncdn.com/i/headshots/college-football/players/full/4873276.png
4873282,Tristen Rigby,RB,https://a.espncdn.com/i/headshots/college-football/players/full/4873282.png
4873283,Wise Segars Jr.,RB,https://a.espncdn.com/i/headshots/college-football/players/full/4873283.png
4873288,Dawson Menegatti,WR,https://a.espncdn.com/i/headshots/college-football/players/full/4873288.png
4873418,Kaden Helms,TE,https://a.espncdn.com/i/headshots/college-football/players/full/4873418.png
4873442,Xavier Brown,RB,https://a.espncdn.com/i/headshots/college-football/players/full/4873442.png
4873456,Addison Ostrenga,TE,https://a.espncdn.com/i/headshots/college-football/players/full/4873456.png
4873475,Max White,RB,https://a.espncdn.com/i/headshots/college-football/players/full/4873475.png
4873485,Johnny Pascuzzi,TE,https://a.espncdn.com/i/headshots/college-football/players/full/4873485.png
4873588,CJ Campbell Jr.,RB,https://a.espncdn.com/i/headshots/college-football/players/full/4873588.png
4873590,Koby Gross,TE,https://a.espncdn.com/i/headshots/college-football/players/full/4873590.png
4873609,Daylon Gordon,RB,https://a.espncdn.com/i/headshots/college-football/players/full/4873609.png
4873612,Brody Rhodes,QB,https://a.espncdn.com/i/headshots/college-football/players/full/4873612.png
4874414,Tommy Lock,QB,https://a.espncdn.com/i/headshots/college-football/players/full/4874414.png
4874423,Logan Muckey,WR,https://a.espncdn.com/i/headshots/college-football/players/full/4874423.png
4874436,Jack Stonehouse,RB,https://a.espncdn.com/i/headshots/college-football/players/full/4874436.png
4874454,Max Morgan,RB,https://a.espncdn.com/i/headshots/college-football/players/full/4874454.png
4874484,Mack Moeller,WR,https://a.espncdn.com/i/headshots/college-football/players/full/4874484.png
4874506,Shane Porter,RB,https://a.espncdn.com/i/headshots/college-football/players/full/4874506.png
4874509,DJ Giddens,RB,https://a.espncdn.com/i/headshots/college-football/players/full/4874509.png
4874510,Xavier Loyd,WR,https://a.espncdn.com/i/headshots/college-football/players/full/4874510.png
4874527,Sam Jackson V,WR,https://a.espncdn.com/i/headshots/college-football/players/full/4874527.png
4874627,Nehemiah Martinez I,WR,https://a.espncdn.com/i/headshots/college-football/players/full/4874627.png
4875065,Matt Jones,RB,https://a.espncdn.com/i/headshots/college-football/players/full/4875065.png
4875106,Kai Holloway,WR,https://a.espncdn.com/i/headshots/college-football/players/full/4875106.png
4875107,Robert Smith,WR,https://a.espncdn.com/i/headshots/college-football/players/full/4875107.png
4875108,Jack Howes,RB,https://a.espncdn.com/i/headshots/college-football/players/full/4875108.png
4875125,Max Brown,QB,https://a.espncdn.com/i/headshots/college-football/players/full/4875125.png
4875127,LaNorris Sellers,QB,https://a.espncdn.com/i/headshots/college-football/players/full/4875127.png
4875128,Lex Thomas,QB,https://a.espncdn.com/i/headshots/college-football/players/full/4875128.png
4875199,Patrick Wilk,RB,https://a.espncdn.com/i/headshots/college-football/players/full/4875199.png
4875209,Andison Coby,WR,https://a.espncdn.com/i/headshots/college-football/players/full/4875209.png
4875267,George Hart III,RB,https://a.espncdn.com/i/headshots/college-football/players/full/4875267.png
4875272,Trond Grizzell,WR,https://a.espncdn.com/i/headshots/college-football/players/full/4875272.png
4875282,Charlie Offerdahl,RB,https://a.espncdn.com/i/headshots/college-football/players/full/4875282.png
4875284,Austin Smith,TE,https://a.espncdn.com/i/headshots/college-football/players/full/4875284.png
4875320,David Kasemervisz,WR,https://a.espncdn.com/i/headshots/college-football/players/full/4875320.png
4875350,Quentin Moore,TE,https://a.espncdn.com/i/headshots/college-football/players/full/4875350.png
4875358,Anderson Grover,WR,https://a.espncdn.com/i/headshots/college-football/players/full/4875358.png
4875362,Leon Neal Jr.,WR,https://a.espncdn.com/i/headshots/college-football/players/full/4875362.png
4875385,Jordan Nubin,RB,https://a.espncdn.com/i/headshots/college-football/players/full/4875385.png
4875412,Mark Didio Jr.,WR,https://a.espncdn.com/i/headshots/college-football/players/full/4875412.png
4875428,Jake Jensen,QB,https://a.espncdn.com/i/headshots/college-football/players/full/4875428.png
4875432,Cash Peterman,RB,https://a.espncdn.com/i/headshots/college-football/players/full/4875432.png
4875451,Dale Martin,WR,https://a.espncdn.com/i/headshots/college-football/players/full/4875451.png
4875452,Trayv'on Culbert,WR,https://a.espncdn.com/i/headshots/college-football/players/full/4875452.png
4875583,Reis Stocksdale,WR,https://a.espncdn.com/i/headshots/college-football/players/full/4875583.png
4875608,Kamron Beachem,TE,https://a.espncdn.com/i/headshots/college-football/players/full/4875608.png
4875612,Ross Fournet,WR,https://a.espncdn.com/i/headshots/college-football/players/full/4875612.png
4875613,Dean Patterson,WR,https://a.espncdn.com/i/headshots/college-football/players/full/4875613.png
4875645,Donald McKinney,WR,https://a.espncdn.com/i/headshots/college-football/players/full/4875645.png
4875666,Nahree Biggins,RB,https://a.espncdn.com/i/headshots/college-football/players/full/4875666.png
4875667,Marion Lukes,RB,https://a.espncdn.com/i/headshots/college-football/players/full/4875667.png
4875671,Myles Bailey,RB,https://a.espncdn.com/i/headshots/college-football/players/full/4875671.png
4875674,Jake Tafelski,RB,https://a.espncdn.com/i/headshots/college-football/players/full/4875674.png
4875687,Tyrin Smith,WR,https://a.espncdn.com/i/headshots/college-football/players/full/4875687.png
4875733,Pat McQuaide,QB,https://a.espncdn.com/i/headshots/college-football/players/full/4875733.png
4875755,Mason King,RB,https://a.espncdn.com/i/headshots/college-football/players/full/4875755.png
4875767,Brock Lampe,RB,https://a.espncdn.com/i/headshots/college-football/players/full/4875767.png
4875775,Kanon Woodill,RB,https://a.espncdn.com/i/headshots/college-football/players/full/4875775.png
4875786,Tru Edwards,WR,https://a.espncdn.com/i/headshots/college-football/players/full/4875786.png
4875791,Landon Sims,RB,https://a.espncdn.com/i/headshots/college-football/players/full/4875791.png
4875792,David Cordero,RB,https://a.espncdn.com/i/headshots/college-football/players/full/4875792.png
4875794,Kamalu DeBlake,RB,https://a.espncdn.com/i/headshots/college-football/players/full/4875794.png
4875803,Karsyn Pupunu,WR,https://a.espncdn.com/i/headshots/college-football/players/full/4875803.png
4875810,Taharin Sudderth,TE,https://a.espncdn.com/i/headshots/college-football/players/full/4875810.png
4875830,Lucas Desjardins,WR,https://a.espncdn.com/i/headshots/college-football/players/full/4875830.png
4875840,Luke Besh,WR,https://a.espncdn.com/i/headshots/college-football/players/full/4875840.png
4875853,Cody Jackson,WR,https://a.espncdn.com/i/headshots/college-football/players/full/4875853.png
4875855,Ralph Rucker IV,QB,https://a.espncdn.com/i/headshots/college-football/players/full/4875855.png
4875861,Ayo Adeyi,RB,https://a.espncdn.com/i/headshots/college-football/players/full/4875861.png
4875866,Reese Poffenbarger,QB,https://a.espncdn.com/i/headshots/college-football/players/full/4875866.png
4875867,Isiah Paige,WR,https://a.espncdn.com/i/headshots/college-football/players/full/4875867.png
4875899,Christian Francisco,RB,https://a.espncdn.com/i/headshots/college-football/players/full/4875899.png
4875939,Teddy Davenport,WR,https://a.espncdn.com/i/headshots/college-football/players/full/4875939.png
4876056,Jeffrey Johnson,TE,https://a.espncdn.com/i/headshots/college-football/players/full/4876056.png
4876066,Zevi Eckhaus,QB,https://a.espncdn.com/i/headshots/college-football/players/full/4876066.png
4876069,Tristen Riley,WR,https://a.espncdn.com/i/headshots/college-football/players/full/4876069.png
4876132,Josh Cuevas,TE,https://a.espncdn.com/i/headshots/college-football/players/full/4876132.png
4876133,Michael Otterstedt,TE,https://a.espncdn.com/i/headshots/college-football/players/full/4876133.png
4876140,Kekoa Visperas,QB,https://a.espncdn.com/i/headshots/college-football/players/full/4876140.png
4876144,Tuna Altahir,RB,https://a.espncdn.com/i/headshots/college-football/players/full/4876144.png
4876160,Messiah Jones,TE,https://a.espncdn.com/i/headshots/college-football/players/full/4876160.png
4876167,Benjamin Omayebu,WR,https://a.espncdn.com/i/headshots/college-football/players/full/4876167.png
4876244,RJ Martinez,QB,https://a.espncdn.com/i/headshots/college-football/players/full/4876244.png
4876282,Devin Bale,RB,https://a.espncdn.com/i/headshots/college-football/players/full/4876282.png
4876311,Elijah Tau-Tolliver,RB,https://a.espncdn.com/i/headshots/college-football/players/full/4876311.png
4876330,Jackson Berry,QB,https://a.espncdn.com/i/headshots/college-football/players/full/4876330.png
4876352,Jessie Campbell III,WR,https://a.espncdn.com/i/headshots/college-football/players/full/4876352.png
4876364,Matteo Perez,RB,https://a.espncdn.com/i/headshots/college-football/players/full/4876364.png
4876366,Winston Williams,TE,https://a.espncdn.com/i/headshots/college-football/players/full/4876366.png
4876378,Damon Bankston,RB,https://a.espncdn.com/i/headshots/college-football/players/full/4876378.png
4876386,Devin Ford,WR,https://a.espncdn.com/i/headshots/college-football/players/full/4876386.png
4876405,Joshua Brown,RB,https://a.espncdn.com/i/headshots/college-football/players/full/4876405.png
4876407,Rickey Spruill,RB,https://a.espncdn.com/i/headshots/college-football/players/full/4876407.png
4876414,Trevor Shorter,WR,https://a.espncdn.com/i/headshots/college-football/players/full/4876414.png
4876460,Jordan McIntyre,WR,https://a.espncdn.com/i/headshots/college-football/players/full/4876460.png
4876495,Bryson Canty,WR,https://a.espncdn.com/i/headshots/college-football/players/full/4876495.png
4876574,Landon Sauers,TE,https://a.espncdn.com/i/headshots/college-football/players/full/4876574.png
4876576,Roderick Hawkins,RB,https://a.espncdn.com/i/headshots/college-football/players/full/4876576.png
4876598,Seth Anderson,WR,https://a.espncdn.com/i/headshots/college-football/players/full/4876598.png
4876611,Michael Hardyway,QB,https://a.espncdn.com/i/headshots/college-football/players/full/4876611.png
4876613,Rushawn Baker,RB,https://a.espncdn.com/i/headshots/college-football/players/full/4876613.png
4876618,Paul Neel,RB,https://a.espncdn.com/i/headshots/college-football/players/full/4876618.png
4876635,Kyle Fontes,TE,https://a.espncdn.com/i/headshots/college-football/players/full/4876635.png
4876642,Maleek Huggins,WR,https://a.espncdn.com/i/headshots/college-football/players/full/4876642.png
4876659,Jonathan Burns,TE,https://a.espncdn.com/i/headshots/college-football/players/full/4876659.png
4876662,Michael Brescia,TE,https://a.espncdn.com/i/headshots/college-football/players/full/4876662.png
4876666,Brendan Cassamajor,RB,https://a.espncdn.com/i/headshots/college-football/players/full/4876666.png
4876685,Julius Loughridge,RB,https://a.espncdn.com/i/headshots/college-football/players/full/4876685.png
4876695,Jaden Allen,TE,https://a.espncdn.com/i/headshots/college-football/players/full/4876695.png
4876711,Naieem Kearney,RB,https://a.espncdn.com/i/headshots/college-football/players/full/4876711.png
4876745,Thomas Brown,WR,https://a.espncdn.com/i/headshots/college-football/players/full/4876745.png
4876752,Gabriel Benyard,WR,https://a.espncdn.com/i/headshots/college-football/players/full/4876752.png
4876753,Tykeem Wallace,WR,https://a.espncdn.com/i/headshots/college-football/players/full/4876753.png
4876772,Blake Bohannon,WR,https://a.espncdn.com/i/headshots/college-football/players/full/4876772.png
4876818,Doe Boyland,RB,https://a.espncdn.com/i/headshots/college-football/players/full/4876818.png
4876860,TJ Speight,WR,https://a.espncdn.com/i/headshots/college-football/players/full/4876860.png
4876902,Justin Luke,WR,https://a.espncdn.com/i/headshots/college-football/players/full/4876902.png
4876907,ShunDerrick Powell,RB,https://a.espncdn.com/i/headshots/college-football/players/full/4876907.png
4877014,Nana Burris,WR,https://a.espncdn.com/i/headshots/college-football/players/full/4877014.png
4877021,Javin Whatley,WR,https://a.espncdn.com/i/headshots/college-football/players/full/4877021.png
4877024,Sam Phillips,WR,https://a.espncdn.com/i/headshots/college-football/players/full/4877024.png
4877025,Reggie Davis,RB,https://a.espncdn.com/i/headshots/college-football/players/full/4877025.png
4877034,Jaren Kanak,TE,https://a.espncdn.com/i/headshots/college-football/players/full/4877034.png
4877042,Javonte Graves-Billips,WR,https://a.espncdn.com/i/headshots/college-football/players/full/4877042.png
4877093,Terry Matthews,WR,https://a.espncdn.com/i/headshots/college-football/players/full/4877093.png
4877097,Jaylon Spears,RB,https://a.espncdn.com/i/headshots/college-football/players/full/4877097.png
4877152,Kareame Cotton Jr.,QB,https://a.espncdn.com/i/headshots/college-football/players/full/4877152.png
4877203,Gage Larvadain,WR,https://a.espncdn.com/i/headshots/college-football/players/full/4877203.png
4877206,Joshua Harris,WR,https://a.espncdn.com/i/headshots/college-football/players/full/4877206.png
4877209,Myion Hicks,RB,https://a.espncdn.com/i/headshots/college-football/players/full/4877209.png
4877211,Jace Wilson,QB,https://a.espncdn.com/i/headshots/college-football/players/full/4877211.png
4877212,Grant Robinson,RB,https://a.espncdn.com/i/headshots/college-football/players/full/4877212.png
4877235,Ryan Lamb,WR,https://a.espncdn.com/i/headshots/college-football/players/full/4877235.png
4877259,Zeke Lewis,RB,https://a.espncdn.com/i/headshots/college-football/players/full/4877259.png
4877285,Brandon Rogers,RB,https://a.espncdn.com/i/headshots/college-football/players/full/4877285.png
4877296,C.J. Ogbonna,QB,https://a.espncdn.com/i/headshots/college-football/players/full/4877296.png
4877345,Darnell Deas,RB,https://a.espncdn.com/i/headshots/college-football/players/full/4877345.png
4877346,Terry Lindsey,RB,https://a.espncdn.com/i/headshots/college-football/players/full/4877346.png
4877351,Kam Ingram,RB,https://a.espncdn.com/i/headshots/college-football/players/full/4877351.png
4877380,Quincy Crittendon,QB,https://a.espncdn.com/i/headshots/college-football/players/full/4877380.png
4877387,Junior Muratovic,QB,https://a.espncdn.com/i/headshots/college-football/players/full/4877387.png
4877402,Ricky Taylor,RB,https://a.espncdn.com/i/headshots/college-football/players/full/4877402.png
4877439,Hunter Rice,RB,https://a.espncdn.com/i/headshots/college-football/players/full/4877439.png
4877476,Jayvian Allen,RB,https://a.espncdn.com/i/headshots/college-football/players/full/4877476.png
4877480,Lem Wash,RB,https://a.espncdn.com/i/headshots/college-football/players/full/4877480.png
4877529,Sam Franklin,RB,https://a.espncdn.com/i/headshots/college-football/players/full/4877529.png
4877539,Dion Nelson Jr.,WR,https://a.espncdn.com/i/headshots/college-football/players/full/4877539.png
4877547,DeVonte Tanksley,WR,https://a.espncdn.com/i/headshots/college-football/players/full/4877547.png
4877558,Raphael Williams Jr.,WR,https://a.espncdn.com/i/headshots/college-football/players/full/4877558.png
4877615,Kyle Watkins,WR,https://a.espncdn.com/i/headshots/college-football/players/full/4877615.png
4877627,Chase Gillespie,RB,https://a.espncdn.com/i/headshots/college-football/players/full/4877627.png
4877645,Darius Hale,RB,https://a.espncdn.com/i/headshots/college-football/players/full/4877645.png
4877647,Kylin James,RB,https://a.espncdn.com/i/headshots/college-football/players/full/4877647.png
4877663,Kam Robinson,WR,https://a.espncdn.com/i/headshots/college-football/players/full/4877663.png
4877664,Myles Butler,WR,https://a.espncdn.com/i/headshots/college-football/players/full/4877664.png
4877671,Tyion Berry,WR,https://a.espncdn.com/i/headshots/college-football/players/full/4877671.png
4877706,Jayden Higgins,WR,https://a.espncdn.com/i/headshots/college-football/players/full/4877706.png
4877713,Braedon Sloan,RB,https://a.espncdn.com/i/headshots/college-football/players/full/4877713.png
4877714,Jaden Smith,WR,https://a.espncdn.com/i/headshots/college-football/players/full/4877714.png
4877717,Matthew Caldwell,QB,https://a.espncdn.com/i/headshots/college-football/players/full/4877717.png
4877733,Pearson Baldwin,TE,https://a.espncdn.com/i/headshots/college-football/players/full/4877733.png
4877735,Cole Fuller,TE,https://a.espncdn.com/i/headshots/college-football/players/full/4877735.png
4877738,Brock Rechsteiner,WR,https://a.espncdn.com/i/headshots/college-football/players/full/4877738.png
4877772,Charlie Mill,WR,https://a.espncdn.com/i/headshots/college-football/players/full/4877772.png
4877773,Johncarlos Miller II,TE,https://a.espncdn.com/i/headshots/college-football/players/full/4877773.png
4877774,Jamarien Dalton,WR,https://a.espncdn.com/i/headshots/college-football/players/full/4877774.png
4877785,Chris Carasia,WR,https://a.espncdn.com/i/headshots/college-football/players/full/4877785.png
4877811,William Atkins IV,QB,https://a.espncdn.com/i/headshots/college-football/players/full/4877811.png
4877812,Maxwell James,WR,https://a.espncdn.com/i/headshots/college-football/players/full/4877812.png
4877824,Zach Horton,TE,https://a.espncdn.com/i/headshots/college-football/players/full/4877824.png
4877868,Eli Mahan,TE,https://a.espncdn.com/i/headshots/college-football/players/full/4877868.png
4877870,Declan McKevitt,TE,https://a.espncdn.com/i/headshots/college-football/players/full/4877870.png
4877890,Kyle Wickersham,QB,https://a.espncdn.com/i/headshots/college-football/players/full/4877890.png
4877896,Owen Laughlin,RB,https://a.espncdn.com/i/headshots/college-football/players/full/4877896.png
4877905,Jerry Garcia Jr.,WR,https://a.espncdn.com/i/headshots/college-football/players/full/4877905.png
4877906,Ja'Vion Griffin,WR,https://a.espncdn.com/i/headshots/college-football/players/full/4877906.png
4878109,Hayden Hansen,TE,https://a.espncdn.com/i/headshots/college-football/players/full/4878109.png
4878112,Charles Robertson,WR,https://a.espncdn.com/i/headshots/college-football/players/full/4878112.png
4878133,Lukkas Londono,WR,https://a.espncdn.com/i/headshots/college-football/players/full/4878133.png
4878151,Darius Wilson,QB,https://a.espncdn.com/i/headshots/college-football/players/full/4878151.png
4878160,Trey McDonald,TE,https://a.espncdn.com/i/headshots/college-football/players/full/4878160.png
4878164,Malin White,RB,https://a.espncdn.com/i/headshots/college-football/players/full/4878164.png
4878220,Nick Marinaro,WR,https://a.espncdn.com/i/headshots/college-football/players/full/4878220.png
4878223,Jackson Proctor,QB,https://a.espncdn.com/i/headshots/college-football/players/full/4878223.png
4878224,Painter Richards-Baker,WR,https://a.espncdn.com/i/headshots/college-football/players/full/4878224.png
4878229,Ameer Dudley,QB,https://a.espncdn.com/i/headshots/college-football/players/full/4878229.png
4878231,Scott Woods,WR,https://a.espncdn.com/i/headshots/college-football/players/full/4878231.png
4878277,Justin Cayenne,TE,https://a.espncdn.com/i/headshots/college-football/players/full/4878277.png
4878284,Tommy Rittenhouse,QB,https://a.espncdn.com/i/headshots/college-football/players/full/4878284.png
4878290,Wenkers Wright,RB,https://a.espncdn.com/i/headshots/college-football/players/full/4878290.png
4878293,Daniel Sobkowicz,WR,https://a.espncdn.com/i/headshots/college-football/players/full/4878293.png
4878295,Scotty Presson Jr.,RB,https://a.espncdn.com/i/headshots/college-football/players/full/4878295.png
4878310,J'Kalon Carter,WR,https://a.espncdn.com/i/headshots/college-football/players/full/4878310.png
4878394,Ajay Allen,RB,https://a.espncdn.com/i/headshots/college-football/players/full/4878394.png
4878681,Davis Warren,QB,https://a.espncdn.com/i/headshots/college-football/players/full/4878681.png
4878686,Peyton O'Leary,WR,https://a.espncdn.com/i/headshots/college-football/players/full/4878686.png
4878687,Joe Taylor,WR,https://a.espncdn.com/i/headshots/college-football/players/full/4878687.png
4878695,Max Bredeson,TE,https://a.espncdn.com/i/headshots/college-football/players/full/4878695.png
4878788,Antonio Johnson,TE,https://a.espncdn.com/i/headshots/college-football/players/full/4878788.png
4878789,Daniel Lopes,WR,https://a.espncdn.com/i/headshots/college-football/players/full/4878789.png
4878807,Nah'shawn Hezekiah,WR,https://a.espncdn.com/i/headshots/college-football/players/full/4878807.png
4878811,Richie Ilarraza,WR,https://a.espncdn.com/i/headshots/college-football/players/full/4878811.png
4878822,Jaylon Tolbert,QB,https://a.espncdn.com/i/headshots/college-football/players/full/4878822.png
4878833,Aidan Dunne,QB,https://a.espncdn.com/i/headshots/college-football/players/full/4878833.png
4878834,Matt Morrissey,QB,https://a.espncdn.com/i/headshots/college-football/players/full/4878834.png
4878842,Layne Pryor,TE,https://a.espncdn.com/i/headshots/college-football/players/full/4878842.png
4878853,Derek Anderson,TE,https://a.espncdn.com/i/headshots/college-football/players/full/4878853.png
4878861,Jack Martens,WR,https://a.espncdn.com/i/headshots/college-football/players/full/4878861.png
4878863,Nate Thomas,RB,https://a.espncdn.com/i/headshots/college-football/players/full/4878863.png
4878878,Amar Johnson,RB,https://a.espncdn.com/i/headshots/college-football/players/full/4878878.png
4878886,Grahm Goering,WR,https://a.espncdn.com/i/headshots/college-football/players/full/4878886.png
4878889,Angel Johnson,RB,https://a.espncdn.com/i/headshots/college-football/players/full/4878889.png
4878912,Hunter Simmons,QB,https://a.espncdn.com/i/headshots/college-football/players/full/4878912.png
4878956,Max Tomczak,WR,https://a.espncdn.com/i/headshots/college-football/players/full/4878956.png
4878982,Luke Hensley,WR,https://a.espncdn.com/i/headshots/college-football/players/full/4878982.png
4878988,Gavin McCusker,QB,https://a.espncdn.com/i/headshots/college-football/players/full/4878988.png
4878992,Tyvon Edmonds Jr.,RB,https://a.espncdn.com/i/headshots/college-football/players/full/4878992.png
4878994,Victor Dawson,RB,https://a.espncdn.com/i/headshots/college-football/players/full/4878994.png
4878996,Jaylen Laudermilk,RB,https://a.espncdn.com/i/headshots/college-football/players/full/4878996.png
4878999,Jared Dunn,TE,https://a.espncdn.com/i/headshots/college-football/players/full/4878999.png
4879010,Myles Wilson,WR,https://a.espncdn.com/i/headshots/college-football/players/full/4879010.png
4879012,Hayden Fisher,WR,https://a.espncdn.com/i/headshots/college-football/players/full/4879012.png
4879020,Korbin Allen,RB,https://a.espncdn.com/i/headshots/college-football/players/full/4879020.png
4879044,Ademola Faleye,TE,https://a.espncdn.com/i/headshots/college-football/players/full/4879044.png
4879058,Joe Pesansky,QB,https://a.espncdn.com/i/headshots/college-football/players/full/4879058.png
4879059,Justin Shorter,WR,https://a.espncdn.com/i/headshots/college-football/players/full/4879059.png
4879060,Jordan Fuller,RB,https://a.espncdn.com/i/headshots/college-football/players/full/4879060.png
4879073,Jacob Petersen,TE,https://a.espncdn.com/i/headshots/college-football/players/full/4879073.png
4879080,Christopher Watkins,RB,https://a.espncdn.com/i/headshots/college-football/players/full/4879080.png
4879179,Myles Parker,WR,https://a.espncdn.com/i/headshots/college-football/players/full/4879179.png
4879189,Hal Presley III,WR,https://a.espncdn.com/i/headshots/college-football/players/full/4879189.png
4879190,CJ Rogers,QB,https://a.espncdn.com/i/headshots/college-football/players/full/4879190.png
4879192,Jonah Burton,WR,https://a.espncdn.com/i/headshots/college-football/players/full/4879192.png
4879194,Josh Cameron,WR,https://a.espncdn.com/i/headshots/college-football/players/full/4879194.png
4879196,Gavin Yates,TE,https://a.espncdn.com/i/headshots/college-football/players/full/4879196.png
4879225,Simon Romfo,QB,https://a.espncdn.com/i/headshots/college-football/players/full/4879225.png
4879231,Gaven Ziebarth,RB,https://a.espncdn.com/i/headshots/college-football/players/full/4879231.png
4879236,Jaden Norby,TE,https://a.espncdn.com/i/headshots/college-football/players/full/4879236.png
4879243,Nick Kupfer,WR,https://a.espncdn.com/i/headshots/college-football/players/full/4879243.png
4879244,Nate DeMontagnac,WR,https://a.espncdn.com/i/headshots/college-football/players/full/4879244.png
4879248,Eli Green,WR,https://a.espncdn.com/i/headshots/college-football/players/full/4879248.png
4879250,Cole Payton,QB,https://a.espncdn.com/i/headshots/college-football/players/full/4879250.png
4879253,Chris Harris,WR,https://a.espncdn.com/i/headshots/college-football/players/full/4879253.png
4879256,Barika Kpeenu,RB,https://a.espncdn.com/i/headshots/college-football/players/full/4879256.png
4879276,Bryce Lance,WR,https://a.espncdn.com/i/headshots/college-football/players/full/4879276.png
4879287,Kellen Stewart,WR,https://a.espncdn.com/i/headshots/college-football/players/full/4879287.png
4879288,Drae McCray,WR,https://a.espncdn.com/i/headshots/college-football/players/full/4879288.png
4879292,Kam Thomas,RB,https://a.espncdn.com/i/headshots/college-football/players/full/4879292.png
4879298,Trey Goodman,WR,https://a.espncdn.com/i/headshots/college-football/players/full/4879298.png
4879455,Damashja Harris,RB,https://a.espncdn.com/i/headshots/college-football/players/full/4879455.png
4879499,Tony Johnson,WR,https://a.espncdn.com/i/headshots/college-football/players/full/4879499.png
4879507,Zach Hrbacek,RB,https://a.espncdn.com/i/headshots/college-football/players/full/4879507.png
4879509,Adrian Murdaugh,RB,https://a.espncdn.com/i/headshots/college-football/players/full/4879509.png
4879526,Shane Johnson,WR,https://a.espncdn.com/i/headshots/college-football/players/full/4879526.png
4879562,Jeremiah Noga,WR,https://a.espncdn.com/i/headshots/college-football/players/full/4879562.png
4879567,Trent Walker,WR,https://a.espncdn.com/i/headshots/college-football/players/full/4879567.png
4879572,Gabe Milbourn,TE,https://a.espncdn.com/i/headshots/college-football/players/full/4879572.png
4879573,Carter Neuman,TE,https://a.espncdn.com/i/headshots/college-football/players/full/4879573.png
4879574,Bryce Caufield,TE,https://a.espncdn.com/i/headshots/college-football/players/full/4879574.png
4879602,Chris Hicks Jr.,WR,https://a.espncdn.com/i/headshots/college-football/players/full/4879602.png
4879611,Amari Daniels,RB,https://a.espncdn.com/i/headshots/college-football/players/full/4879611.png
4879643,Ethan Davies,WR,https://a.espncdn.com/i/headshots/college-football/players/full/4879643.png
4879655,Henry Rutledge,RB,https://a.espncdn.com/i/headshots/college-football/players/full/4879655.png
4879677,Ashtyn Hawkins,WR,https://a.espncdn.com/i/headshots/college-football/players/full/4879677.png
4879783,Caeleb Schlachter,TE,https://a.espncdn.com/i/headshots/college-football/players/full/4879783.png
4879810,Eric Holley III,WR,https://a.espncdn.com/i/headshots/college-football/players/full/4879810.png
4879824,Callum Wither,QB,https://a.espncdn.com/i/headshots/college-football/players/full/4879824.png
4879876,Isaac Schoenfeld,TE,https://a.espncdn.com/i/headshots/college-football/players/full/4879876.png
4879925,Blane Cleaver,TE,https://a.espncdn.com/i/headshots/college-football/players/full/4879925.png
4879926,David Crossan,TE,https://a.espncdn.com/i/headshots/college-football/players/full/4879926.png
4879928,Bryson Daily,QB,https://a.espncdn.com/i/headshots/college-football/players/full/4879928.png
4879931,Simeon Evans,WR,https://a.espncdn.com/i/headshots/college-football/players/full/4879931.png
4879946,Danny Joiner,TE,https://a.espncdn.com/i/headshots/college-football/players/full/4879946.png
4879956,Will Montesi,TE,https://a.espncdn.com/i/headshots/college-football/players/full/4879956.png
4879965,Casey Reynolds,WR,https://a.espncdn.com/i/headshots/college-football/players/full/4879965.png
4879966,Matthew Rhodes,RB,https://a.espncdn.com/i/headshots/college-football/players/full/4879966.png
4879971,Cam Schurr,WR,https://a.espncdn.com/i/headshots/college-football/players/full/4879971.png
4879975,Miles Stewart,RB,https://a.espncdn.com/i/headshots/college-football/players/full/4879975.png
4879978,Laquan Veney,WR,https://a.espncdn.com/i/headshots/college-football/players/full/4879978.png
4879981,AJ Williams,RB,https://a.espncdn.com/i/headshots/college-football/players/full/4879981.png
4879999,Maguire Anderson,WR,https://a.espncdn.com/i/headshots/college-football/players/full/4879999.png
4880039,D.J. Rias,WR,https://a.espncdn.com/i/headshots/college-football/players/full/4880039.png
4880079,Reagan Ealy,WR,https://a.espncdn.com/i/headshots/college-football/players/full/4880079.png
4880085,Tim Hardiman,RB,https://a.espncdn.com/i/headshots/college-football/players/full/4880085.png
4880174,Tadd Barr,WR,https://a.espncdn.com/i/headshots/college-football/players/full/4880174.png
4880181,Cade Conley,TE,https://a.espncdn.com/i/headshots/college-football/players/full/4880181.png
4880185,Finn Hogan,WR,https://a.espncdn.com/i/headshots/college-football/players/full/4880185.png
4880196,Colton Fitzgerald,QB,https://a.espncdn.com/i/headshots/college-football/players/full/4880196.png
4880198,Will Ferrin,RB,https://a.espncdn.com/i/headshots/college-football/players/full/4880198.png
4880203,Luke Voorhees,TE,https://a.espncdn.com/i/headshots/college-football/players/full/4880203.png
4880217,Brian Shane,TE,https://a.espncdn.com/i/headshots/college-football/players/full/4880217.png
4880223,Cole Mitchell,TE,https://a.espncdn.com/i/headshots/college-football/players/full/4880223.png
4880229,Caleb Junko,RB,https://a.espncdn.com/i/headshots/college-football/players/full/4880229.png
4880236,Will Kacmarek,TE,https://a.espncdn.com/i/headshots/college-football/players/full/4880236.png
4880239,Nolan McCormick,RB,https://a.espncdn.com/i/headshots/college-football/players/full/4880239.png
4880272,Byrum Brown,QB,https://a.espncdn.com/i/headshots/college-football/players/full/4880272.png
4880279,P.J. Prioleau,RB,https://a.espncdn.com/i/headshots/college-football/players/full/4880279.png
4880281,Jordyn Tyson,WR,https://a.espncdn.com/i/headshots/college-football/players/full/4880281.png
4880301,Austin Jarrard,TE,https://a.espncdn.com/i/headshots/college-football/players/full/4880301.png
4880322,Franklin Estrada II,RB,https://a.espncdn.com/i/headshots/college-football/players/full/4880322.png
4880358,Cam Pedro,WR,https://a.espncdn.com/i/headshots/college-football/players/full/4880358.png
4880360,Josiah Robinson,WR,https://a.espncdn.com/i/headshots/college-football/players/full/4880360.png
4880369,Davis Sherwood,TE,https://a.espncdn.com/i/headshots/college-football/players/full/4880369.png
4880395,Tae Meadows,RB,https://a.espncdn.com/i/headshots/college-football/players/full/4880395.png
4880449,Blake Bosma,TE,https://a.espncdn.com/i/headshots/college-football/players/full/4880449.png
4880453,Cole Speer,WR,https://a.espncdn.com/i/headshots/college-football/players/full/4880453.png
4880463,Jordan Kinsler,RB,https://a.espncdn.com/i/headshots/college-football/players/full/4880463.png
4880511,Jordan Ford,RB,https://a.espncdn.com/i/headshots/college-football/players/full/4880511.png
4880516,Jake Weir,QB,https://a.espncdn.com/i/headshots/college-football/players/full/4880516.png
4880608,Juju McDowell,RB,https://a.espncdn.com/i/headshots/college-football/players/full/4880608.png
4880610,Eriq Rice,WR,https://a.espncdn.com/i/headshots/college-football/players/full/4880610.png
4880638,Kye Robichaux,RB,https://a.espncdn.com/i/headshots/college-football/players/full/4880638.png
4880640,Alex Williams,TE,https://a.espncdn.com/i/headshots/college-football/players/full/4880640.png
4880644,Bryce Damous,TE,https://a.espncdn.com/i/headshots/college-football/players/full/4880644.png
4880664,Jostein Clarke,WR,https://a.espncdn.com/i/headshots/college-football/players/full/4880664.png
4880681,Amin Hassan,RB,https://a.espncdn.com/i/headshots/college-football/players/full/4880681.png
4880684,Maquel Haywood,RB,https://a.espncdn.com/i/headshots/college-football/players/full/4880684.png
4880691,Thomas Scully,TE,https://a.espncdn.com/i/headshots/college-football/players/full/4880691.png
4880697,Daba Fofana,RB,https://a.espncdn.com/i/headshots/college-football/players/full/4880697.png
4880758,Chris Irvin,QB,https://a.espncdn.com/i/headshots/college-football/players/full/4880758.png
4880774,Jake Boust,TE,https://a.espncdn.com/i/headshots/college-football/players/full/4880774.png
4880794,Paddy Turner,RB,https://a.espncdn.com/i/headshots/college-football/players/full/4880794.png
4880813,Mack West,RB,https://a.espncdn.com/i/headshots/college-football/players/full/4880813.png
4880818,Matthew McCallister,WR,https://a.espncdn.com/i/headshots/college-football/players/full/4880818.png
4880833,Cade Cunningham,QB,https://a.espncdn.com/i/headshots/college-football/players/full/4880833.png
4880845,Chuck Montgomery,WR,https://a.espncdn.com/i/headshots/college-football/players/full/4880845.png
4880847,Arthur Rodgers Jr.,RB,https://a.espncdn.com/i/headshots/college-football/players/full/4880847.png
4880870,Xzavior Kautai,WR,https://a.espncdn.com/i/headshots/college-football/players/full/4880870.png
4880963,Andrew Jacobs,WR,https://a.espncdn.com/i/headshots/college-football/players/full/4880963.png
4880964,Terron Kellman,RB,https://a.espncdn.com/i/headshots/college-football/players/full/4880964.png
4881032,Taron Dickens,QB,https://a.espncdn.com/i/headshots/college-football/players/full/4881032.png
4881352,Jack Shields,QB,https://a.espncdn.com/i/headshots/college-football/players/full/4881352.png
4881563,Mike Sharpe II,RB,https://a.espncdn.com/i/headshots/college-football/players/full/4881563.png
4881826,Cash Jones,RB,https://a.espncdn.com/i/headshots/college-football/players/full/4881826.png
4881836,Mekhi Mews,WR,https://a.espncdn.com/i/headshots/college-football/players/full/4881836.png
4881961,Kobe Paul,WR,https://a.espncdn.com/i/headshots/college-football/players/full/4881961.png
4882061,Jake Newell,TE,https://a.espncdn.com/i/headshots/college-football/players/full/4882061.png
4882093,Bhayshul Tuten,RB,https://a.espncdn.com/i/headshots/college-football/players/full/4882093.png
4882094,Wesley Graves,RB,https://a.espncdn.com/i/headshots/college-football/players/full/4882094.png
4882120,Jamison Warren,WR,https://a.espncdn.com/i/headshots/college-football/players/full/4882120.png
4882121,Nicholas Dobson,TE,https://a.espncdn.com/i/headshots/college-football/players/full/4882121.png
4882122,Sterling Berkhalter,WR,https://a.espncdn.com/i/headshots/college-football/players/full/4882122.png
4882138,Buck Buchanan,RB,https://a.espncdn.com/i/headshots/college-football/players/full/4882138.png
4882697,Nemo Squire,RB,https://a.espncdn.com/i/headshots/college-football/players/full/4882697.png
4883110,Grant Jordan,QB,https://a.espncdn.com/i/headshots/college-football/players/full/4883110.png
4883173,Q'Daryius Jennings,RB,https://a.espncdn.com/i/headshots/college-football/players/full/4883173.png
4883647,Elic Ayomanor,WR,https://a.espncdn.com/i/headshots/college-football/players/full/4883647.png
4883676,Jalen Johnson,WR,https://a.espncdn.com/i/headshots/college-football/players/full/4883676.png
4883774,Jayden McGowan,WR,https://a.espncdn.com/i/headshots/college-football/players/full/4883774.png
4883859,Jordan Smith,WR,https://a.espncdn.com/i/headshots/college-football/players/full/4883859.png
4883885,Peter Cleary,TE,https://a.espncdn.com/i/headshots/college-football/players/full/4883885.png
4883912,Andrew McElroy,WR,https://a.espncdn.com/i/headshots/college-football/players/full/4883912.png
4883936,Shawn Shipman,RB,https://a.espncdn.com/i/headshots/college-football/players/full/4883936.png
4884086,Jalen Macon,QB,https://a.espncdn.com/i/headshots/college-football/players/full/4884086.png
4884087,Daemon Dawkins,WR,https://a.espncdn.com/i/headshots/college-football/players/full/4884087.png
4884105,Kevin English,WR,https://a.espncdn.com/i/headshots/college-football/players/full/4884105.png
4884392,Chris Zellous,QB,https://a.espncdn.com/i/headshots/college-football/players/full/4884392.png
4884395,Romon Copeland Jr.,WR,https://a.espncdn.com/i/headshots/college-football/players/full/4884395.png
4884886,Ashton Grable,WR,https://a.espncdn.com/i/headshots/college-football/players/full/4884886.png
4885048,Carson Goda,TE,https://a.espncdn.com/i/headshots/college-football/players/full/4885048.png
4885443,Robert Giaimo,RB,https://a.espncdn.com/i/headshots/college-football/players/full/4885443.png
4885466,Jeff Caldwell,WR,https://a.espncdn.com/i/headshots/college-football/players/full/4885466.png
4885469,Darrin Fugitt,TE,https://a.espncdn.com/i/headshots/college-football/players/full/4885469.png
4885471,Abe Haerr,TE,https://a.espncdn.com/i/headshots/college-football/players/full/4885471.png
4886048,Jordan Riles,WR,https://a.espncdn.com/i/headshots/college-football/players/full/4886048.png
4886073,Aidan Quinn,TE,https://a.espncdn.com/i/headshots/college-football/players/full/4886073.png
4887151,Andrew Body,QB,https://a.espncdn.com/i/headshots/college-football/players/full/4887151.png
4887396,Tay Norman,WR,https://a.espncdn.com/i/headshots/college-football/players/full/4887396.png
4887420,Andre Crawley,WR,https://a.espncdn.com/i/headshots/college-football/players/full/4887420.png
4887438,Elisha Cummings,RB,https://a.espncdn.com/i/headshots/college-football/players/full/4887438.png
4887446,Gevani McCoy,QB,https://a.espncdn.com/i/headshots/college-football/players/full/4887446.png
4887459,Michael Graves,WR,https://a.espncdn.com/i/headshots/college-football/players/full/4887459.png
4887640,Kaderris Roberts,RB,https://a.espncdn.com/i/headshots/college-football/players/full/4887640.png
4887796,Kayvon Britten,RB,https://a.espncdn.com/i/headshots/college-football/players/full/4887796.png
4887824,Gary Clinton,TE,https://a.espncdn.com/i/headshots/college-football/players/full/4887824.png
4887858,Jaylen White,RB,https://a.espncdn.com/i/headshots/college-football/players/full/4887858.png
4888131,Antonio Jones,WR,https://a.espncdn.com/i/headshots/college-football/players/full/4888131.png
4888163,Avion McBride,TE,https://a.espncdn.com/i/headshots/college-football/players/full/4888163.png
4888607,Destun Thomas,WR,https://a.espncdn.com/i/headshots/college-football/players/full/4888607.png
4888706,Parker Kingston,WR,https://a.espncdn.com/i/headshots/college-football/players/full/4888706.png
4888707,Danny Lewis Jr.,TE,https://a.espncdn.com/i/headshots/college-football/players/full/4888707.png
4888723,Wesley Grimes,WR,https://a.espncdn.com/i/headshots/college-football/players/full/4888723.png
4888886,Kenyon Clay,RB,https://a.espncdn.com/i/headshots/college-football/players/full/4888886.png
4889929,Quinn Ewers,QB,https://a.espncdn.com/i/headshots/college-football/players/full/4889929.png
4889958,Taylor Spierto,WR,https://a.espncdn.com/i/headshots/college-football/players/full/4889958.png
4890060,Jack Hestera,WR,https://a.espncdn.com/i/headshots/college-football/players/full/4890060.png
4890328,Adrian Green,WR,https://a.espncdn.com/i/headshots/college-football/players/full/4890328.png
4890373,Bauer Sharp,TE,https://a.espncdn.com/i/headshots/college-football/players/full/4890373.png
4890419,Jack McCallister,RB,https://a.espncdn.com/i/headshots/college-football/players/full/4890419.png
4890615,Tre'jon Spiller,WR,https://a.espncdn.com/i/headshots/college-football/players/full/4890615.png
4890881,Cam Ball,TE,https://a.espncdn.com/i/headshots/college-football/players/full/4890881.png
4890973,Ashton Jeanty,RB,https://a.espncdn.com/i/headshots/college-football/players/full/4890973.png
4891191,Christian Anaya,WR,https://a.espncdn.com/i/headshots/college-football/players/full/4891191.png
4891198,Tre Spivey,WR,https://a.espncdn.com/i/headshots/college-football/players/full/4891198.png
4891697,Isaiah Nwokenkwo,RB,https://a.espncdn.com/i/headshots/college-football/players/full/4891697.png
4891852,Jordan Smart,WR,https://a.espncdn.com/i/headshots/college-football/players/full/4891852.png
4892292,Connor Finer,TE,https://a.espncdn.com/i/headshots/college-football/players/full/4892292.png
4892437,Peyton Kramer,WR,https://a.espncdn.com/i/headshots/college-football/players/full/4892437.png
4892441,Haydon Wiginton,WR,https://a.espncdn.com/i/headshots/college-football/players/full/4892441.png
4892466,NyGhee Lolley,WR,https://a.espncdn.com/i/headshots/college-football/players/full/4892466.png
4892576,Jamaal Pritchett,WR,https://a.espncdn.com/i/headshots/college-football/players/full/4892576.png
4892983,Terrell Timmons Jr.,WR,https://a.espncdn.com/i/headshots/college-football/players/full/4892983.png
4893007,Thomas Amankwaa,WR,https://a.espncdn.com/i/headshots/college-football/players/full/4893007.png
4893657,Gavin Wimsatt,QB,https://a.espncdn.com/i/headshots/college-football/players/full/4893657.png
4893683,Dorian Anderson,WR,https://a.espncdn.com/i/headshots/college-football/players/full/4893683.png
4893702,Elizjah Lewis,WR,https://a.espncdn.com/i/headshots/college-football/players/full/4893702.png
4893718,Xavier Leigh,RB,https://a.espncdn.com/i/headshots/college-football/players/full/4893718.png
4893738,Luke Colella,WR,https://a.espncdn.com/i/headshots/college-football/players/full/4893738.png
4893815,JaMario Clements,RB,https://a.espncdn.com/i/headshots/college-football/players/full/4893815.png
4893843,Cinsere Clark,WR,https://a.espncdn.com/i/headshots/college-football/players/full/4893843.png
4894449,Miller McCrumby,TE,https://a.espncdn.com/i/headshots/college-football/players/full/4894449.png
4894451,Brennan Parachek,TE,https://a.espncdn.com/i/headshots/college-football/players/full/4894451.png
4894661,Durell Robinson,RB,https://a.espncdn.com/i/headshots/college-football/players/full/4894661.png
4894803,Trevor Pearson,RB,
4894839,Brandon White,WR,https://a.espncdn.com/i/headshots/college-football/players/full/4894839.png
4895242,MarQeese Dietz,WR,https://a.espncdn.com/i/headshots/college-football/players/full/4895242.png
4895711,Chris Reed,WR,https://a.espncdn.com/i/headshots/college-football/players/full/4895711.png
4896057,Chance Miller,WR,https://a.espncdn.com/i/headshots/college-football/players/full/4896057.png
4896184,C.J. Henry,QB,https://a.espncdn.com/i/headshots/college-football/players/full/4896184.png
4896289,Gavin Freeman,WR,https://a.espncdn.com/i/headshots/college-football/players/full/4896289.png
4896304,Drew Bobo,RB,https://a.espncdn.com/i/headshots/college-football/players/full/4896304.png
4896389,Louis Brown IV,WR,https://a.espncdn.com/i/headshots/college-football/players/full/4896389.png
4896391,JR Wilson Jr.,WR,https://a.espncdn.com/i/headshots/college-football/players/full/4896391.png
4896698,Dwayne Mcgee,RB,https://a.espncdn.com/i/headshots/college-football/players/full/4896698.png
4896707,Kelin Parsons,WR,https://a.espncdn.com/i/headshots/college-football/players/full/4896707.png
4897730,Braylon McReynolds,RB,https://a.espncdn.com/i/headshots/college-football/players/full/4897730.png
4898018,Josh Sapp,TE,https://a.espncdn.com/i/headshots/college-football/players/full/4898018.png
4898201,Trey White,RB,https://a.espncdn.com/i/headshots/college-football/players/full/4898201.png
4898589,Oliver Straw,RB,https://a.espncdn.com/i/headshots/college-football/players/full/4898589.png
4898646,Keshawn Brown,WR,https://a.espncdn.com/i/headshots/college-football/players/full/4898646.png
4898828,Dash Luke,WR,https://a.espncdn.com/i/headshots/college-football/players/full/4898828.png
4898892,Joey Schlaffer,TE,https://a.espncdn.com/i/headshots/college-football/players/full/4898892.png
4899046,Brendan Sorsby,QB,https://a.espncdn.com/i/headshots/college-football/players/full/4899046.png
4899096,Evan Crenshaw,RB,https://a.espncdn.com/i/headshots/college-football/players/full/4899096.png
4899137,Johnny Thompson Jr.,RB,https://a.espncdn.com/i/headshots/college-football/players/full/4899137.png
4899342,Max Fletcher,WR,https://a.espncdn.com/i/headshots/college-football/players/full/4899342.png
4899352,Deakon Tonielli,TE,https://a.espncdn.com/i/headshots/college-football/players/full/4899352.png
4899360,Jaden Platt,TE,https://a.espncdn.com/i/headshots/college-football/players/full/4899360.png
4899361,Kedrick Reescano,RB,https://a.espncdn.com/i/headshots/college-football/players/full/4899361.png
4899366,Semaj Morgan,WR,https://a.espncdn.com/i/headshots/college-football/players/full/4899366.png
4899367,Ryan Niblett,RB,https://a.espncdn.com/i/headshots/college-football/players/full/4899367.png
4899368,Kendrick Raphael,RB,https://a.espncdn.com/i/headshots/college-football/players/full/4899368.png
4899369,Christopher Vizzina,QB,https://a.espncdn.com/i/headshots/college-football/players/full/4899369.png
4899418,Juice Vereen,TE,https://a.espncdn.com/i/headshots/college-football/players/full/4899418.png
4899468,Kaden Anderson,QB,https://a.espncdn.com/i/headshots/college-football/players/full/4899468.png
4899470,Ja'Koby Banks,WR,https://a.espncdn.com/i/headshots/college-football/players/full/4899470.png
4899472,Chris Culliver,WR,https://a.espncdn.com/i/headshots/college-football/players/full/4899472.png
4899475,Wilkin Formby,WR,https://a.espncdn.com/i/headshots/college-football/players/full/4899475.png
4899484,Andrew Rappleyea,TE,https://a.espncdn.com/i/headshots/college-football/players/full/4899484.png
4899668,Nathan Jones,TE,https://a.espncdn.com/i/headshots/college-football/players/full/4899668.png
4899704,Jordan King,WR,https://a.espncdn.com/i/headshots/college-football/players/full/4899704.png
4900025,Kanye Roberts,RB,https://a.espncdn.com/i/headshots/college-football/players/full/4900025.png
4900146,Cartevious Norton,RB,https://a.espncdn.com/i/headshots/college-football/players/full/4900146.png
4900152,Zyion Claville,WR,https://a.espncdn.com/i/headshots/college-football/players/full/4900152.png
4900351,Noah Bennee,TE,https://a.espncdn.com/i/headshots/college-football/players/full/4900351.png
4900640,Kyle Parker,WR,https://a.espncdn.com/i/headshots/college-football/players/full/4900640.png
4900771,Marquis Gillis,RB,https://a.espncdn.com/i/headshots/college-football/players/full/4900771.png
4900864,Aidan Cirulli,RB,https://a.espncdn.com/i/headshots/college-football/players/full/4900864.png
4900879,Jacquon Gibson,WR,https://a.espncdn.com/i/headshots/college-football/players/full/4900879.png
4900903,Senika McKie,WR,https://a.espncdn.com/i/headshots/college-football/players/full/4900903.png
4900934,Stephen Kittleman,QB,https://a.espncdn.com/i/headshots/college-football/players/full/4900934.png
4902963,Luther Richesson,QB,https://a.espncdn.com/i/headshots/college-football/players/full/4902963.png
4904131,Devon Rivers,RB,https://a.espncdn.com/i/headshots/college-football/players/full/4904131.png
4905244,Andrew Savaiinaea,TE,https://a.espncdn.com/i/headshots/college-football/players/full/4905244.png
4905248,Carson Tabaracci,TE,https://a.espncdn.com/i/headshots/college-football/players/full/4905248.png
4905594,Jawaun Northington,RB,https://a.espncdn.com/i/headshots/college-football/players/full/4905594.png
4905609,Fredrick Moore,WR,https://a.espncdn.com/i/headshots/college-football/players/full/4905609.png
4906094,Nick Munson,WR,https://a.espncdn.com/i/headshots/college-football/players/full/4906094.png
4907415,Leyton Smithson,WR,https://a.espncdn.com/i/headshots/college-football/players/full/4907415.png
4907543,Marcus Sanders Jr.,WR,https://a.espncdn.com/i/headshots/college-football/players/full/4907543.png
4907573,Dalen Cobb,WR,https://a.espncdn.com/i/headshots/college-football/players/full/4907573.png
4907671,Anthony Evans III,WR,https://a.espncdn.com/i/headshots/college-football/players/full/4907671.png
4907735,Michael Buckley,WR,https://a.espncdn.com/i/headshots/college-football/players/full/4907735.png
4907786,Rocky Beers,TE,https://a.espncdn.com/i/headshots/college-football/players/full/4907786.png
4908552,Dorian Thomas,TE,https://a.espncdn.com/i/headshots/college-football/players/full/4908552.png
4909483,Jordin Parker,WR,https://a.espncdn.com/i/headshots/college-football/players/full/4909483.png
4909541,T.Y. Harding,WR,https://a.espncdn.com/i/headshots/college-football/players/full/4909541.png
4910222,Hawkins Polley,TE,https://a.espncdn.com/i/headshots/college-football/players/full/4910222.png
4910238,Keyshaun Pipkin,WR,https://a.espncdn.com/i/headshots/college-football/players/full/4910238.png
4910239,Justus Ross-Simmons,WR,https://a.espncdn.com/i/headshots/college-football/players/full/4910239.png
4910682,Jamal Hailey,RB,https://a.espncdn.com/i/headshots/college-football/players/full/4910682.png
4910711,Justin Holmes,TE,https://a.espncdn.com/i/headshots/college-football/players/full/4910711.png
4910844,Grady Gross,RB,https://a.espncdn.com/i/headshots/college-football/players/full/4910844.png
4911529,Trinidad Chambliss,QB,https://a.espncdn.com/i/headshots/college-football/players/full/4911529.png
4911842,Cooper Sheehan,WR,https://a.espncdn.com/i/headshots/college-football/players/full/4911842.png
4911851,LeQuint Allen Jr.,RB,https://a.espncdn.com/i/headshots/college-football/players/full/4911851.png
4911861,Sterling Lockett,WR,https://a.espncdn.com/i/headshots/college-football/players/full/4911861.png
4911863,Sam Vander Haar,RB,https://a.espncdn.com/i/headshots/college-football/players/full/4911863.png
4911888,Mike Higgins,TE,https://a.espncdn.com/i/headshots/college-football/players/full/4911888.png
4911903,Jai-Ayviauynn Celestine,RB,https://a.espncdn.com/i/headshots/college-football/players/full/4911903.png
4911906,Kanen Hamlett,TE,https://a.espncdn.com/i/headshots/college-football/players/full/4911906.png
4911914,Andrew Paul,RB,https://a.espncdn.com/i/headshots/college-football/players/full/4911914.png
4911929,Alonza Barnett III,QB,https://a.espncdn.com/i/headshots/college-football/players/full/4911929.png
4911932,Jet Thompson,WR,https://a.espncdn.com/i/headshots/college-football/players/full/4911932.png
4911961,Jack Lausch,QB,https://a.espncdn.com/i/headshots/college-football/players/full/4911961.png
4911971,Jahiem White,RB,https://a.espncdn.com/i/headshots/college-football/players/full/4911971.png
4912040,Jordan Williams,TE,https://a.espncdn.com/i/headshots/college-football/players/full/4912040.png
4912041,Kendrick Rucker,TE,https://a.espncdn.com/i/headshots/college-football/players/full/4912041.png
4912052,Justin Joly,TE,https://a.espncdn.com/i/headshots/college-football/players/full/4912052.png
4912062,Kyle Crum,QB,https://a.espncdn.com/i/headshots/college-football/players/full/4912062.png
4912067,Chase Sowell,WR,https://a.espncdn.com/i/headshots/college-football/players/full/4912067.png
4912111,Sidney Mbanasor,WR,https://a.espncdn.com/i/headshots/college-football/players/full/4912111.png
4912119,Tucker Kilcrease,QB,https://a.espncdn.com/i/headshots/college-football/players/full/4912119.png
4912130,Trell Harris,WR,https://a.espncdn.com/i/headshots/college-football/players/full/4912130.png
4912135,Justius Lowe,WR,https://a.espncdn.com/i/headshots/college-football/players/full/4912135.png
4912159,Ashton Logan,RB,https://a.espncdn.com/i/headshots/college-football/players/full/4912159.png
4912160,Jai Patel,RB,https://a.espncdn.com/i/headshots/college-football/players/full/4912160.png
4912164,Jordyn Williams,WR,https://a.espncdn.com/i/headshots/college-football/players/full/4912164.png
4912186,Trey Johnson,WR,https://a.espncdn.com/i/headshots/college-football/players/full/4912186.png
4912218,Cyrus Allen,WR,https://a.espncdn.com/i/headshots/college-football/players/full/4912218.png
4912226,Stone Combs,WR,https://a.espncdn.com/i/headshots/college-football/players/full/4912226.png
4912229,Palmer Domschke,RB,https://a.espncdn.com/i/headshots/college-football/players/full/4912229.png
4912238,Turner Helton,QB,https://a.espncdn.com/i/headshots/college-football/players/full/4912238.png
4912240,Tylan Hines,RB,https://a.espncdn.com/i/headshots/college-football/players/full/4912240.png
4912254,Jordan McCants,WR,https://a.espncdn.com/i/headshots/college-football/players/full/4912254.png
4912265,J.C. Sivley,TE,https://a.espncdn.com/i/headshots/college-football/players/full/4912265.png
4912275,Christian Washington,RB,https://a.espncdn.com/i/headshots/college-football/players/full/4912275.png
4912280,Charlie Coenen,WR,https://a.espncdn.com/i/headshots/college-football/players/full/4912280.png
4912281,Taven Curry,RB,https://a.espncdn.com/i/headshots/college-football/players/full/4912281.png
4912286,Iverson Hooks,WR,https://a.espncdn.com/i/headshots/college-football/players/full/4912286.png
4912302,Makhilyn Young,RB,https://a.espncdn.com/i/headshots/college-football/players/full/4912302.png
4912334,David Chapeau,RB,https://a.espncdn.com/i/headshots/college-football/players/full/4912334.png
4912342,Wayne Knight,RB,https://a.espncdn.com/i/headshots/college-football/players/full/4912342.png
4912346,Jayden Mines,WR,https://a.espncdn.com/i/headshots/college-football/players/full/4912346.png
4912361,Devan Williams,WR,https://a.espncdn.com/i/headshots/college-football/players/full/4912361.png
4912453,Lucky Sutton,RB,https://a.espncdn.com/i/headshots/college-football/players/full/4912453.png
4912647,Austin Novosad,QB,https://a.espncdn.com/i/headshots/college-football/players/full/4912647.png
4912864,Raheim Jeter,QB,https://a.espncdn.com/i/headshots/college-football/players/full/4912864.png
4913159,Jaylen Anderson,RB,https://a.espncdn.com/i/headshots/college-football/players/full/4913159.png
4914482,Charlie Mirer,QB,https://a.espncdn.com/i/headshots/college-football/players/full/4914482.png
4914830,Easton Messer,WR,https://a.espncdn.com/i/headshots/college-football/players/full/4914830.png
4914980,Cole Turner,WR,https://a.espncdn.com/i/headshots/college-football/players/full/4914980.png
4915376,Jackson McGohan,WR,https://a.espncdn.com/i/headshots/college-football/players/full/4915376.png
4915622,Jake Strong,QB,https://a.espncdn.com/i/headshots/college-football/players/full/4915622.png
4915713,Walter Taylor,TE,https://a.espncdn.com/i/headshots/college-football/players/full/4915713.png
4915837,Grayson Loftis,QB,https://a.espncdn.com/i/headshots/college-football/players/full/4915837.png
4915980,John Mateer,QB,https://a.espncdn.com/i/headshots/college-football/players/full/4915980.png
4916306,Bobby Golden,WR,https://a.espncdn.com/i/headshots/college-football/players/full/4916306.png
4916436,E.J. Warner,QB,https://a.espncdn.com/i/headshots/college-football/players/full/4916436.png
4916460,Miles Marshall,TE,https://a.espncdn.com/i/headshots/college-football/players/full/4916460.png
4916885,Jaylen Jenkins,RB,https://a.espncdn.com/i/headshots/college-football/players/full/4916885.png
4916888,Bert Emanuel Jr.,WR,https://a.espncdn.com/i/headshots/college-football/players/full/4916888.png
4916941,Coy Eakin,WR,https://a.espncdn.com/i/headshots/college-football/players/full/4916941.png
4916987,T.J. West,WR,https://a.espncdn.com/i/headshots/college-football/players/full/4916987.png
4917048,Dominique Henry,WR,https://a.espncdn.com/i/headshots/college-football/players/full/4917048.png
4917054,David Amador II,WR,https://a.espncdn.com/i/headshots/college-football/players/full/4917054.png
4917093,Ryan Staub,QB,https://a.espncdn.com/i/headshots/college-football/players/full/4917093.png
4917119,Devin Alves,WR,https://a.espncdn.com/i/headshots/college-football/players/full/4917119.png
4917171,Blazen Lono-Wong,WR,https://a.espncdn.com/i/headshots/college-football/players/full/4917171.png
4917172,Chris Brooks Jr.,WR,https://a.espncdn.com/i/headshots/college-football/players/full/4917172.png
4917270,Harry Lodge,TE,https://a.espncdn.com/i/headshots/college-football/players/full/4917270.png
4917288,Charles Kellom,RB,https://a.espncdn.com/i/headshots/college-football/players/full/4917288.png
4917296,Jacob Barrick,TE,https://a.espncdn.com/i/headshots/college-football/players/full/4917296.png
4917302,Shadre Hurst,WR,https://a.espncdn.com/i/headshots/college-football/players/full/4917302.png
4917305,Cam'Ron McCoy,QB,https://a.espncdn.com/i/headshots/college-football/players/full/4917305.png
4917310,Zylan Perry,RB,https://a.espncdn.com/i/headshots/college-football/players/full/4917310.png
4917332,Jordan Pollard,RB,https://a.espncdn.com/i/headshots/college-football/players/full/4917332.png
4917333,Adam Rammouni,WR,https://a.espncdn.com/i/headshots/college-football/players/full/4917333.png
4917338,Connor Vaughn,TE,https://a.espncdn.com/i/headshots/college-football/players/full/4917338.png
4917349,Jamari Hawkins,WR,https://a.espncdn.com/i/headshots/college-football/players/full/4917349.png
4917370,Brooks Johnson,TE,https://a.espncdn.com/i/headshots/college-football/players/full/4917370.png
4917422,Quinn Fracassi,WR,https://a.espncdn.com/i/headshots/college-football/players/full/4917422.png
4917427,Tanner Koziol,TE,https://a.espncdn.com/i/headshots/college-football/players/full/4917427.png
4917436,Nick Presley,WR,https://a.espncdn.com/i/headshots/college-football/players/full/4917436.png
4917504,Austin Okerwa,WR,https://a.espncdn.com/i/headshots/college-football/players/full/4917504.png
4917619,Khamari Anderson,TE,https://a.espncdn.com/i/headshots/college-football/players/full/4917619.png
4917621,Micah Gifford,WR,https://a.espncdn.com/i/headshots/college-football/players/full/4917621.png
4917627,Dakota Williams,WR,https://a.espncdn.com/i/headshots/college-football/players/full/4917627.png
4917858,Cole Cabana,RB,https://a.espncdn.com/i/headshots/college-football/players/full/4917858.png
4917942,Frank Covey IV,WR,https://a.espncdn.com/i/headshots/college-football/players/full/4917942.png
4917945,Aidan Mizell,WR,https://a.espncdn.com/i/headshots/college-football/players/full/4917945.png
4917947,Malachi Coleman,WR,https://a.espncdn.com/i/headshots/college-football/players/full/4917947.png
4917949,Quinten Joyner,RB,https://a.espncdn.com/i/headshots/college-football/players/full/4917949.png
4917981,AJ Newberry,RB,https://a.espncdn.com/i/headshots/college-football/players/full/4917981.png
4918094,Damian Henderson II,RB,https://a.espncdn.com/i/headshots/college-football/players/full/4918094.png
4918099,Kenny Minchey,QB,https://a.espncdn.com/i/headshots/college-football/players/full/4918099.png
4918103,Cam Cook,RB,https://a.espncdn.com/i/headshots/college-football/players/full/4918103.png
4918105,Jaylen Johnson,RB,https://a.espncdn.com/i/headshots/college-football/players/full/4918105.png
4918107,Reid Mikeska,TE,https://a.espncdn.com/i/headshots/college-football/players/full/4918107.png
4918108,Jordan Napier,WR,https://a.espncdn.com/i/headshots/college-football/players/full/4918108.png
4918110,Roderick Robinson II,RB,https://a.espncdn.com/i/headshots/college-football/players/full/4918110.png
4918111,A'Marion Peterson,RB,https://a.espncdn.com/i/headshots/college-football/players/full/4918111.png
4918121,Cole Adams,WR,https://a.espncdn.com/i/headshots/college-football/players/full/4918121.png
4918126,LJ Martin,RB,https://a.espncdn.com/i/headshots/college-football/players/full/4918126.png
4918412,Harvey Broussard III,WR,https://a.espncdn.com/i/headshots/college-football/players/full/4918412.png
4918414,Dylan Edwards,RB,https://a.espncdn.com/i/headshots/college-football/players/full/4918414.png
4918417,Ayden Greene,WR,https://a.espncdn.com/i/headshots/college-football/players/full/4918417.png
4918419,Lafayette Kaiuway,TE,https://a.espncdn.com/i/headshots/college-football/players/full/4918419.png
4918421,Tiger Bachmeier,WR,https://a.espncdn.com/i/headshots/college-football/players/full/4918421.png
4918422,Kai Black,TE,https://a.espncdn.com/i/headshots/college-football/players/full/4918422.png
4918437,Christian Davis,RB,https://a.espncdn.com/i/headshots/college-football/players/full/4918437.png
4918445,Smith Snowden,RB,https://a.espncdn.com/i/headshots/college-football/players/full/4918445.png
4918453,Tanner Lemaster,TE,https://a.espncdn.com/i/headshots/college-football/players/full/4918453.png
4918455,Lontrell Turner,RB,https://a.espncdn.com/i/headshots/college-football/players/full/4918455.png
4919037,Sergio Snider,RB,https://a.espncdn.com/i/headshots/college-football/players/full/4919037.png
4920127,Marquez Taylor,RB,https://a.espncdn.com/i/headshots/college-football/players/full/4920127.png
4920135,Kalib Hicks,RB,https://a.espncdn.com/i/headshots/college-football/players/full/4920135.png
4920140,Nathan Leacock,WR,https://a.espncdn.com/i/headshots/college-football/players/full/4920140.png
4920141,Allen Mitchell,RB,https://a.espncdn.com/i/headshots/college-football/players/full/4920141.png
4920145,Braylen Ragland,QB,https://a.espncdn.com/i/headshots/college-football/players/full/4920145.png
4920147,Paul Billups II,WR,https://a.espncdn.com/i/headshots/college-football/players/full/4920147.png
4920153,William Watson III,QB,https://a.espncdn.com/i/headshots/college-football/players/full/4920153.png
4920156,Dylan Rizk,QB,https://a.espncdn.com/i/headshots/college-football/players/full/4920156.png
4920158,Brock Glenn,QB,https://a.espncdn.com/i/headshots/college-football/players/full/4920158.png
4920161,Tripp Riordan,TE,https://a.espncdn.com/i/headshots/college-football/players/full/4920161.png
4920162,Seth Davis,RB,https://a.espncdn.com/i/headshots/college-football/players/full/4920162.png
4920163,Kelby Valsin,WR,https://a.espncdn.com/i/headshots/college-football/players/full/4920163.png
4920164,Sam West,TE,https://a.espncdn.com/i/headshots/college-football/players/full/4920164.png
4920187,Will Anciaux,TE,https://a.espncdn.com/i/headshots/college-football/players/full/4920187.png
4920188,Vance Bolyard,TE,https://a.espncdn.com/i/headshots/college-football/players/full/4920188.png
4920192,Carson Conklin,QB,https://a.espncdn.com/i/headshots/college-football/players/full/4920192.png
4920193,Ethan Crawford,QB,https://a.espncdn.com/i/headshots/college-football/players/full/4920193.png
4920196,Javance Tupou'ata-Johnson,QB,https://a.espncdn.com/i/headshots/college-football/players/full/4920196.png
4920227,Gio Lopez,QB,https://a.espncdn.com/i/headshots/college-football/players/full/4920227.png
4920228,Joquez Smith,RB,https://a.espncdn.com/i/headshots/college-football/players/full/4920228.png
4920229,Jerry McClure,WR,https://a.espncdn.com/i/headshots/college-football/players/full/4920229.png
4920896,Lavon Brown,WR,https://a.espncdn.com/i/headshots/college-football/players/full/4920896.png
4920898,Beni Ngoyi,WR,https://a.espncdn.com/i/headshots/college-football/players/full/4920898.png
4920901,Darius Taylor,RB,https://a.espncdn.com/i/headshots/college-football/players/full/4920901.png
4921108,DeSean Bishop,RB,https://a.espncdn.com/i/headshots/college-football/players/full/4921108.png
4921110,Chase Hendricks,WR,https://a.espncdn.com/i/headshots/college-football/players/full/4921110.png
4921111,TJ Johnson,TE,https://a.espncdn.com/i/headshots/college-football/players/full/4921111.png
4921113,Joshua Manning,WR,https://a.espncdn.com/i/headshots/college-football/players/full/4921113.png
4921116,Jamal Roberts,RB,https://a.espncdn.com/i/headshots/college-football/players/full/4921116.png
4921117,Vicari Swain,WR,https://a.espncdn.com/i/headshots/college-football/players/full/4921117.png
4921154,Eugene Wilson III,WR,https://a.espncdn.com/i/headshots/college-football/players/full/4921154.png
4921290,Owen Chambliss,WR,https://a.espncdn.com/i/headshots/college-football/players/full/4921290.png
4921291,Ricky Ahumaraeze,WR,https://a.espncdn.com/i/headshots/college-football/players/full/4921291.png
4921292,Isaiah Augustave,RB,https://a.espncdn.com/i/headshots/college-football/players/full/4921292.png
4921295,Rohan Fluellen,WR,https://a.espncdn.com/i/headshots/college-football/players/full/4921295.png
4921296,RK Dandridge,WR,https://a.espncdn.com/i/headshots/college-football/players/full/4921296.png
4921304,Chris Lawson Jr.,WR,https://a.espncdn.com/i/headshots/college-football/players/full/4921304.png
4921305,Matthew Klopfenstein,TE,https://a.espncdn.com/i/headshots/college-football/players/full/4921305.png
4921306,Mikey Matthews,WR,https://a.espncdn.com/i/headshots/college-football/players/full/4921306.png
4921307,Luby Maurice Jr.,WR,https://a.espncdn.com/i/headshots/college-football/players/full/4921307.png
4921311,Nygel Osborne,RB,https://a.espncdn.com/i/headshots/college-football/players/full/4921311.png
4921316,Nolan Ray,RB,https://a.espncdn.com/i/headshots/college-football/players/full/4921316.png
4921318,Spencer Shannon,TE,https://a.espncdn.com/i/headshots/college-football/players/full/4921318.png
4921321,Levontai Summersett,RB,https://a.espncdn.com/i/headshots/college-football/players/full/4921321.png
4921322,Zion Taylor,WR,https://a.espncdn.com/i/headshots/college-football/players/full/4921322.png
4921407,Brandon Henderson,WR,https://a.espncdn.com/i/headshots/college-football/players/full/4921407.png
4921517,Dawson Pendergrass,RB,https://a.espncdn.com/i/headshots/college-football/players/full/4921517.png
4922983,Manny Covey,RB,https://a.espncdn.com/i/headshots/college-football/players/full/4922983.png
4922987,Takye Heath,WR,https://a.espncdn.com/i/headshots/college-football/players/full/4922987.png
4922988,Jamari Johnson,TE,https://a.espncdn.com/i/headshots/college-football/players/full/4922988.png
4922992,Israel Polk,WR,https://a.espncdn.com/i/headshots/college-football/players/full/4922992.png
4922993,Devin Roche,RB,https://a.espncdn.com/i/headshots/college-football/players/full/4922993.png
4922995,Dijon Stanley,RB,https://a.espncdn.com/i/headshots/college-football/players/full/4922995.png
4922996,Dylan Wade,TE,https://a.espncdn.com/i/headshots/college-football/players/full/4922996.png
4923032,Giovanni Adopte,WR,https://a.espncdn.com/i/headshots/college-football/players/full/4923032.png
4923046,Keyjuan Brown,RB,https://a.espncdn.com/i/headshots/college-football/players/full/4923046.png
4923050,Israel Carter,QB,https://a.espncdn.com/i/headshots/college-football/players/full/4923050.png
4923057,Connor Cox,TE,https://a.espncdn.com/i/headshots/college-football/players/full/4923057.png
4923059,Jeremiah Coney,RB,https://a.espncdn.com/i/headshots/college-football/players/full/4923059.png
4923218,Andre Davis,WR,https://a.espncdn.com/i/headshots/college-football/players/full/4923218.png
4923226,Collin Dixon,WR,https://a.espncdn.com/i/headshots/college-football/players/full/4923226.png
4923252,Dante Dowdell,RB,https://a.espncdn.com/i/headshots/college-football/players/full/4923252.png
4923267,Zane Flores,QB,https://a.espncdn.com/i/headshots/college-football/players/full/4923267.png
4923274,Willtrell Hartson,RB,https://a.espncdn.com/i/headshots/college-football/players/full/4923274.png
4923281,Jamel Hardy Jr.,WR,https://a.espncdn.com/i/headshots/college-football/players/full/4923281.png
4923282,CJ Hester,RB,https://a.espncdn.com/i/headshots/college-football/players/full/4923282.png
4923285,McCae Hillstead,QB,https://a.espncdn.com/i/headshots/college-football/players/full/4923285.png
4923288,Barry Jackson Jr.,WR,https://a.espncdn.com/i/headshots/college-football/players/full/4923288.png
4923290,Parker Jenkins,RB,https://a.espncdn.com/i/headshots/college-football/players/full/4923290.png
4923295,Kenny Johnson,WR,https://a.espncdn.com/i/headshots/college-football/players/full/4923295.png
4923296,Dahlyn Jones,TE,https://a.espncdn.com/i/headshots/college-football/players/full/4923296.png
4923298,Peyton Jones,RB,https://a.espncdn.com/i/headshots/college-football/players/full/4923298.png
4923300,Spencer Jones,WR,https://a.espncdn.com/i/headshots/college-football/players/full/4923300.png
4924141,Misun Kelley,WR,https://a.espncdn.com/i/headshots/college-football/players/full/4924141.png
4924150,Keaton Kubecka,WR,https://a.espncdn.com/i/headshots/college-football/players/full/4924150.png
4924331,Eddy Schultz,WR,https://a.espncdn.com/i/headshots/college-football/players/full/4924331.png
4940235,Taeshaun Lyons,WR,https://a.espncdn.com/i/headshots/college-football/players/full/4940235.png
4940236,Ryan Manning,WR,https://a.espncdn.com/i/headshots/college-football/players/full/4940236.png
4941012,London Montgomery,RB,https://a.espncdn.com/i/headshots/college-football/players/full/4941012.png
4949488,Jacobe Robinson,QB,https://a.espncdn.com/i/headshots/college-football/players/full/4949488.png
4950379,Zach Ortwerth,TE,https://a.espncdn.com/i/headshots/college-football/players/full/4950379.png
4950548,DJ Samuels,RB,https://a.espncdn.com/i/headshots/college-football/players/full/4950548.png
4950550,JeyQuan Smith,WR,https://a.espncdn.com/i/headshots/college-football/players/full/4950550.png
4950560,Xavier Terrell,RB,https://a.espncdn.com/i/headshots/college-football/players/full/4950560.png
4954455,Bryson Washington,RB,https://a.espncdn.com/i/headshots/college-football/players/full/4954455.png
4954456,Kasen Weisman,QB,https://a.espncdn.com/i/headshots/college-football/players/full/4954456.png
4954506,Jamarion Wilcox,RB,https://a.espncdn.com/i/headshots/college-football/players/full/4954506.png
4986096,Chase Jenkins,QB,https://a.espncdn.com/i/headshots/college-football/players/full/4986096.png
4993406,CJ Tiller,QB,https://a.espncdn.com/i/headshots/college-football/players/full/4993406.png
5004520,David Clement,TE,https://a.espncdn.com/i/headshots/college-football/players/full/5004520.png
5008017,Benjamin Hall,RB,https://a.espncdn.com/i/headshots/college-football/players/full/5008017.png
5010409,Jayden Mandal,QB,https://a.espncdn.com/i/headshots/college-football/players/full/5010409.png
5017177,Keith Reynolds,WR,https://a.espncdn.com/i/headshots/college-football/players/full/5017177.png
5021231,Jakivion Calip,RB,https://a.espncdn.com/i/headshots/college-football/players/full/5021231.png
5024359,Trey Leckner,TE,https://a.espncdn.com/i/headshots/college-football/players/full/5024359.png
5027432,Ardell Banks,WR,https://a.espncdn.com/i/headshots/college-football/players/full/5027432.png
5027438,Tyler White,RB,https://a.espncdn.com/i/headshots/college-football/players/full/5027438.png
5027925,Jax Leatherwood,QB,https://a.espncdn.com/i/headshots/college-football/players/full/5027925.png
5030333,Sedrick Alexander,RB,https://a.espncdn.com/i/headshots/college-football/players/full/5030333.png
5031157,Reed Harris,WR,https://a.espncdn.com/i/headshots/college-football/players/full/5031157.png
5031158,Andrew Metzger,TE,https://a.espncdn.com/i/headshots/college-football/players/full/5031158.png
5032961,Tucker Ashcraft,TE,https://a.espncdn.com/i/headshots/college-football/players/full/5032961.png
5041960,Jayvontay Conner,TE,https://a.espncdn.com/i/headshots/college-football/players/full/5041960.png
5044349,Mekhi Jenkins,RB,https://a.espncdn.com/i/headshots/college-football/players/full/5044349.png
5044387,Anthony Colandrea,QB,https://a.espncdn.com/i/headshots/college-football/players/full/5044387.png
5044424,Pierce Walsh,TE,https://a.espncdn.com/i/headshots/college-football/players/full/5044424.png
5054036,Jackson Brousseau,QB,https://a.espncdn.com/i/headshots/college-football/players/full/5054036.png
5054390,Jahbari Kuykendall,RB,https://a.espncdn.com/i/headshots/college-football/players/full/5054390.png
5056106,Evan Boyd,WR,https://a.espncdn.com/i/headshots/college-football/players/full/5056106.png
5057381,Ryder Burton,QB,https://a.espncdn.com/i/headshots/college-football/players/full/5057381.png
5064160,Jesse Ofurie,WR,https://a.espncdn.com/i/headshots/college-football/players/full/5064160.png
5069231,Deondre Johnson,WR,https://a.espncdn.com/i/headshots/college-football/players/full/5069231.png
5074243,Logan Blake,TE,https://a.espncdn.com/i/headshots/college-football/players/full/5074243.png
5074245,Broc Lowry,QB,https://a.espncdn.com/i/headshots/college-football/players/full/5074245.png
5075026,Donte Hawthorne,RB,https://a.espncdn.com/i/headshots/college-football/players/full/5075026.png
5075390,Ian Strong,WR,https://a.espncdn.com/i/headshots/college-football/players/full/5075390.png
5075392,Keldric Luster,QB,https://a.espncdn.com/i/headshots/college-football/players/full/5075392.png
5075529,Anthony Eager,WR,https://a.espncdn.com/i/headshots/college-football/players/full/5075529.png
5075571,John-Keawe Sagapolutele,QB,https://a.espncdn.com/i/headshots/college-football/players/full/5075571.png
5075592,Cal Swanson,QB,https://a.espncdn.com/i/headshots/college-football/players/full/5075592.png
5075705,Demitrius Bell,WR,https://a.espncdn.com/i/headshots/college-football/players/full/5075705.png
5075800,Emory Williams,QB,https://a.espncdn.com/i/headshots/college-football/players/full/5075800.png
5075805,Aidan Chiles,QB,https://a.espncdn.com/i/headshots/college-football/players/full/5075805.png
5075820,Camron Heard,WR,https://a.espncdn.com/i/headshots/college-football/players/full/5075820.png
5075912,George Burhenn,TE,https://a.espncdn.com/i/headshots/college-football/players/full/5075912.png
5075920,Jarriett Buie,WR,https://a.espncdn.com/i/headshots/college-football/players/full/5075920.png
5075952,Trey Cornist,RB,https://a.espncdn.com/i/headshots/college-football/players/full/5075952.png
5075962,Baylin Brooks,WR,https://a.espncdn.com/i/headshots/college-football/players/full/5075962.png
5076099,Stephon Daily,WR,https://a.espncdn.com/i/headshots/college-football/players/full/5076099.png
5076100,Jarred Sample,WR,https://a.espncdn.com/i/headshots/college-football/players/full/5076100.png
5076106,Marquis Johnson,WR,https://a.espncdn.com/i/headshots/college-football/players/full/5076106.png
5076111,Tyler Douglas,QB,https://a.espncdn.com/i/headshots/college-football/players/full/5076111.png
5076122,Evan Dickens,RB,https://a.espncdn.com/i/headshots/college-football/players/full/5076122.png
5076584,Terrell Washington Jr.,RB,https://a.espncdn.com/i/headshots/college-football/players/full/5076584.png
5076651,Christian Abney,TE,https://a.espncdn.com/i/headshots/college-football/players/full/5076651.png
5076653,Brandon Hills,WR,https://a.espncdn.com/i/headshots/college-football/players/full/5076653.png
5076654,Leo Pulalasi,RB,https://a.espncdn.com/i/headshots/college-football/players/full/5076654.png
5076949,Evan Bullock,QB,https://a.espncdn.com/i/headshots/college-football/players/full/5076949.png
5076952,Devin McCuin,WR,https://a.espncdn.com/i/headshots/college-football/players/full/5076952.png
5077059,Charlie Gilliam,QB,https://a.espncdn.com/i/headshots/college-football/players/full/5077059.png
5077060,Amare Thomas,WR,https://a.espncdn.com/i/headshots/college-football/players/full/5077060.png
5077114,Caleb McMickle,QB,https://a.espncdn.com/i/headshots/college-football/players/full/5077114.png
5077206,Donielle Hayes,WR,https://a.espncdn.com/i/headshots/college-football/players/full/5077206.png
5077210,Jatavius Shivers,WR,https://a.espncdn.com/i/headshots/college-football/players/full/5077210.png
5077264,Javieon Butler,WR,https://a.espncdn.com/i/headshots/college-football/players/full/5077264.png
5077266,Trech Kekahuna,WR,https://a.espncdn.com/i/headshots/college-football/players/full/5077266.png
5077304,Zeke Moore,TE,https://a.espncdn.com/i/headshots/college-football/players/full/5077304.png
5077390,Jambres Dubar,RB,https://a.espncdn.com/i/headshots/college-football/players/full/5077390.png
5077407,Khai Taylor,WR,https://a.espncdn.com/i/headshots/college-football/players/full/5077407.png
5077500,Luke Duncan,QB,https://a.espncdn.com/i/headshots/college-football/players/full/5077500.png
5077502,Carson Hansen,RB,https://a.espncdn.com/i/headshots/college-football/players/full/5077502.png
5077637,James Falk,TE,https://a.espncdn.com/i/headshots/college-football/players/full/5077637.png
5077668,Kade Eldridge,TE,https://a.espncdn.com/i/headshots/college-football/players/full/5077668.png
5077670,Jackson Grier,WR,https://a.espncdn.com/i/headshots/college-football/players/full/5077670.png
5077784,Zack Card,WR,https://a.espncdn.com/i/headshots/college-football/players/full/5077784.png
5077785,Cedric Hawkins,RB,https://a.espncdn.com/i/headshots/college-football/players/full/5077785.png
5077787,Jaxon Smolik,QB,https://a.espncdn.com/i/headshots/college-football/players/full/5077787.png
5077803,Jackson Harper,WR,https://a.espncdn.com/i/headshots/college-football/players/full/5077803.png
5077804,Chico Holt,TE,https://a.espncdn.com/i/headshots/college-football/players/full/5077804.png
5077806,Tucker McDonald,QB,https://a.espncdn.com/i/headshots/college-football/players/full/5077806.png
5077816,TeKai Kirby,WR,https://a.espncdn.com/i/headshots/college-football/players/full/5077816.png
5077819,Nathan VanTimmeren,WR,https://a.espncdn.com/i/headshots/college-football/players/full/5077819.png
5077873,Chris Dawn Jr.,WR,https://a.espncdn.com/i/headshots/college-football/players/full/5077873.png
5077874,Max Drag,TE,https://a.espncdn.com/i/headshots/college-football/players/full/5077874.png
5077876,TJ Horton,RB,https://a.espncdn.com/i/headshots/college-football/players/full/5077876.png
5077877,Justyn Reid,TE,https://a.espncdn.com/i/headshots/college-football/players/full/5077877.png
5078005,Abu Sama III,RB,https://a.espncdn.com/i/headshots/college-football/players/full/5078005.png
5078006,Iverson Young,RB,https://a.espncdn.com/i/headshots/college-football/players/full/5078006.png
5078011,Quran Boyd,RB,https://a.espncdn.com/i/headshots/college-football/players/full/5078011.png
5078014,Brandon Johnson,RB,https://a.espncdn.com/i/headshots/college-football/players/full/5078014.png
5078018,Naeten Mitchell,WR,https://a.espncdn.com/i/headshots/college-football/players/full/5078018.png
5078049,Terrence McWilliams Jr.,WR,https://a.espncdn.com/i/headshots/college-football/players/full/5078049.png
5078052,AJ Szymanski,TE,https://a.espncdn.com/i/headshots/college-football/players/full/5078052.png
5078053,Isaiah Thacker,WR,https://a.espncdn.com/i/headshots/college-football/players/full/5078053.png
5078059,Jarvis Durr,RB,https://a.espncdn.com/i/headshots/college-football/players/full/5078059.png
5078063,Connor Walendzak,RB,https://a.espncdn.com/i/headshots/college-football/players/full/5078063.png
5078105,TJ Lott,WR,https://a.espncdn.com/i/headshots/college-football/players/full/5078105.png
5078110,Noah Vaughn,RB,https://a.espncdn.com/i/headshots/college-football/players/full/5078110.png
5078144,Landen Chambers,RB,https://a.espncdn.com/i/headshots/college-football/players/full/5078144.png
5078159,Colton Phares,WR,https://a.espncdn.com/i/headshots/college-football/players/full/5078159.png
5078160,Richie Anderson,TE,https://a.espncdn.com/i/headshots/college-football/players/full/5078160.png
5078165,Junior Sherrill,WR,https://a.espncdn.com/i/headshots/college-football/players/full/5078165.png
5078166,Ajani Sheppard,QB,https://a.espncdn.com/i/headshots/college-football/players/full/5078166.png
5078217,Kieran Davis,WR,https://a.espncdn.com/i/headshots/college-football/players/full/5078217.png
5078219,Jacob Fields,WR,https://a.espncdn.com/i/headshots/college-football/players/full/5078219.png
5078223,Re'Shaun Sanford II,RB,https://a.espncdn.com/i/headshots/college-football/players/full/5078223.png
5078225,Jaron Tibbs,WR,https://a.espncdn.com/i/headshots/college-football/players/full/5078225.png
5078227,Braeden Wisloski,WR,https://a.espncdn.com/i/headshots/college-football/players/full/5078227.png
5078244,Caleb Komolafe,RB,https://a.espncdn.com/i/headshots/college-football/players/full/5078244.png
5078245,Kenric Lanier II,WR,https://a.espncdn.com/i/headshots/college-football/players/full/5078245.png
5078251,Justin Marshall,RB,https://a.espncdn.com/i/headshots/college-football/players/full/5078251.png
5078272,Bryce Cohoon,WR,https://a.espncdn.com/i/headshots/college-football/players/full/5078272.png
5078274,Lonnie Johnson,TE,https://a.espncdn.com/i/headshots/college-football/players/full/5078274.png
5078278,Lincoln Kienholz,QB,https://a.espncdn.com/i/headshots/college-football/players/full/5078278.png
5078312,Nyziah Hunter,WR,https://a.espncdn.com/i/headshots/college-football/players/full/5078312.png
5078402,Semaj Demps,WR,https://a.espncdn.com/i/headshots/college-football/players/full/5078402.png
5078404,Marques Hicks,RB,https://a.espncdn.com/i/headshots/college-football/players/full/5078404.png
5078422,Brandon High Jr.,RB,https://a.espncdn.com/i/headshots/college-football/players/full/5078422.png
5078453,London Humphreys,WR,https://a.espncdn.com/i/headshots/college-football/players/full/5078453.png
5078466,Elija Walton,TE,https://a.espncdn.com/i/headshots/college-football/players/full/5078466.png
5078533,Jabari Smith Jr.,WR,https://a.espncdn.com/i/headshots/college-football/players/full/5078533.png
5078549,Dedrick Latulas,WR,https://a.espncdn.com/i/headshots/college-football/players/full/5078549.png
5078552,Kevin O'Connor,RB,https://a.espncdn.com/i/headshots/college-football/players/full/5078552.png
5078810,Sam Leavitt,QB,https://a.espncdn.com/i/headshots/college-football/players/full/5078810.png
5078812,Antonio Ferguson,TE,https://a.espncdn.com/i/headshots/college-football/players/full/5078812.png
5078816,Jackson Holman,WR,https://a.espncdn.com/i/headshots/college-football/players/full/5078816.png
5078908,Cole Skinner,RB,https://a.espncdn.com/i/headshots/college-football/players/full/5078908.png
5078909,Kenari Wilcher,WR,https://a.espncdn.com/i/headshots/college-football/players/full/5078909.png
5078916,Joe Jackson,RB,https://a.espncdn.com/i/headshots/college-football/players/full/5078916.png
5078917,Khalifa Keith,RB,https://a.espncdn.com/i/headshots/college-football/players/full/5078917.png
5079056,Carmelo Taylor,WR,https://a.espncdn.com/i/headshots/college-football/players/full/5079056.png
5079289,TJ Abrams,WR,https://a.espncdn.com/i/headshots/college-football/players/full/5079289.png
5079290,Keylen Adams,WR,https://a.espncdn.com/i/headshots/college-football/players/full/5079290.png
5079298,Lloyd Avant,RB,https://a.espncdn.com/i/headshots/college-football/players/full/5079298.png
5079299,Jordan Anderson,WR,https://a.espncdn.com/i/headshots/college-football/players/full/5079299.png
5079301,CJ Bailey,QB,https://a.espncdn.com/i/headshots/college-football/players/full/5079301.png
5079307,Kobe Boykin,RB,https://a.espncdn.com/i/headshots/college-football/players/full/5079307.png
5079318,Elijah Brown,QB,https://a.espncdn.com/i/headshots/college-football/players/full/5079318.png
5079320,Josiah Brown,WR,https://a.espncdn.com/i/headshots/college-football/players/full/5079320.png
5079322,Jadan Baugh,RB,https://a.espncdn.com/i/headshots/college-football/players/full/5079322.png
5079324,Christian Bentancur,TE,https://a.espncdn.com/i/headshots/college-football/players/full/5079324.png
5079326,Terry Bussey,WR,https://a.espncdn.com/i/headshots/college-football/players/full/5079326.png
5079329,Mazeo Bennett Jr.,WR,https://a.espncdn.com/i/headshots/college-football/players/full/5079329.png
5079335,Chauncey Bowens,RB,https://a.espncdn.com/i/headshots/college-football/players/full/5079335.png
5079339,Jayden Bradford,QB,https://a.espncdn.com/i/headshots/college-football/players/full/5079339.png
5079345,Mario Craver,WR,https://a.espncdn.com/i/headshots/college-football/players/full/5079345.png
5079348,Jason Brown Jr.,RB,https://a.espncdn.com/i/headshots/college-football/players/full/5079348.png
5079349,Isaac Brown,RB,https://a.espncdn.com/i/headshots/college-football/players/full/5079349.png
5079354,Stonka Burnside,WR,https://a.espncdn.com/i/headshots/college-football/players/full/5079354.png
5079357,Aaron Butler,WR,https://a.espncdn.com/i/headshots/college-football/players/full/5079357.png
5079360,J'Marion Burnette,RB,https://a.espncdn.com/i/headshots/college-football/players/full/5079360.png
5079364,Kam Davis,RB,https://a.espncdn.com/i/headshots/college-football/players/full/5079364.png
5079367,Jadyn Davis,QB,https://a.espncdn.com/i/headshots/college-football/players/full/5079367.png
5079369,CJ Carr,QB,https://a.espncdn.com/i/headshots/college-football/players/full/5079369.png
5079370,Ernest Campbell,WR,https://a.espncdn.com/i/headshots/college-football/players/full/5079370.png
5079371,Chris Davis Jr.,RB,https://a.espncdn.com/i/headshots/college-football/players/full/5079371.png
5079372,Anthony Carrie,RB,https://a.espncdn.com/i/headshots/college-football/players/full/5079372.png
5079373,Decker DeGraaf,TE,https://a.espncdn.com/i/headshots/college-football/players/full/5079373.png
5079374,Ny Carr,WR,https://a.espncdn.com/i/headshots/college-football/players/full/5079374.png
5079376,Cam Coleman,WR,https://a.espncdn.com/i/headshots/college-football/players/full/5079376.png
5079378,Darrion Dupree,RB,https://a.espncdn.com/i/headshots/college-football/players/full/5079378.png
5079379,Caden Durham,RB,https://a.espncdn.com/i/headshots/college-football/players/full/5079379.png
5079382,Jonathan Echols,TE,https://a.espncdn.com/i/headshots/college-football/players/full/5079382.png
5079386,Ric'Darious Farmer,WR,https://a.espncdn.com/i/headshots/college-football/players/full/5079386.png
5079389,Chase Farrell,WR,https://a.espncdn.com/i/headshots/college-football/players/full/5079389.png
5079390,Martavious Collins,TE,https://a.espncdn.com/i/headshots/college-football/players/full/5079390.png
5079402,Tyseer Denmark,WR,https://a.espncdn.com/i/headshots/college-football/players/full/5079402.png
5079405,Stacy Gage,RB,https://a.espncdn.com/i/headshots/college-football/players/full/5079405.png
5079406,Mason Dossett,WR,https://a.espncdn.com/i/headshots/college-football/players/full/5079406.png
5079410,Jerrick Gibson,RB,https://a.espncdn.com/i/headshots/college-football/players/full/5079410.png
5079412,Trae'von Dunbar,RB,https://a.espncdn.com/i/headshots/college-football/players/full/5079412.png
5079413,BJ Gibson,WR,https://a.espncdn.com/i/headshots/college-football/players/full/5079413.png
5079417,Channing Goodwin,WR,https://a.espncdn.com/i/headshots/college-football/players/full/5079417.png
5079419,TJ Engleman Jr.,RB,https://a.espncdn.com/i/headshots/college-football/players/full/5079419.png
5079420,Trey'Dez Green,TE,https://a.espncdn.com/i/headshots/college-football/players/full/5079420.png
5079429,Gavin Grover,TE,https://a.espncdn.com/i/headshots/college-football/players/full/5079429.png
5079435,Tayvion Galloway,TE,https://a.espncdn.com/i/headshots/college-football/players/full/5079435.png
5079437,Fred Gaskin III,WR,https://a.espncdn.com/i/headshots/college-football/players/full/5079437.png
5079438,David Eziomume,RB,https://a.espncdn.com/i/headshots/college-football/players/full/5079438.png
5079441,Debron Gatling,WR,https://a.espncdn.com/i/headshots/college-football/players/full/5079441.png
5079443,Hauss Hejny,QB,https://a.espncdn.com/i/headshots/college-football/players/full/5079443.png
5079444,Mylan Graham,WR,https://a.espncdn.com/i/headshots/college-football/players/full/5079444.png
5079455,Josh Flowers,QB,https://a.espncdn.com/i/headshots/college-football/players/full/5079455.png
5079462,Kylan Fox,TE,https://a.espncdn.com/i/headshots/college-football/players/full/5079462.png
5079465,Michael Hawkins Jr.,QB,https://a.espncdn.com/i/headshots/college-football/players/full/5079465.png
5079468,Davion Gause,RB,https://a.espncdn.com/i/headshots/college-football/players/full/5079468.png
5079474,Elijah Jones,WR,https://a.espncdn.com/i/headshots/college-football/players/full/5079474.png
5079475,Micah Gilbert,WR,https://a.espncdn.com/i/headshots/college-football/players/full/5079475.png
5079482,Dilin Jones,RB,https://a.espncdn.com/i/headshots/college-football/players/full/5079482.png
5079486,Zy'marion Lang,WR,https://a.espncdn.com/i/headshots/college-football/players/full/5079486.png
5079492,Micah Hudson,WR,https://a.espncdn.com/i/headshots/college-football/players/full/5079492.png
5079494,Hogan Hansen,TE,https://a.espncdn.com/i/headshots/college-football/players/full/5079494.png
5079499,Audric Harris,WR,https://a.espncdn.com/i/headshots/college-football/players/full/5079499.png
5079500,Bryan Jackson II,RB,https://a.espncdn.com/i/headshots/college-football/players/full/5079500.png
5079501,Zycarl Lewis Jr.,WR,https://a.espncdn.com/i/headshots/college-football/players/full/5079501.png
5079503,Elija Lofton,TE,https://a.espncdn.com/i/headshots/college-football/players/full/5079503.png
5079506,Daniel Hill,RB,https://a.espncdn.com/i/headshots/college-football/players/full/5079506.png
5079508,Austin Mack,QB,https://a.espncdn.com/i/headshots/college-football/players/full/5079508.png
5079510,Walter Matthews,TE,https://a.espncdn.com/i/headshots/college-football/players/full/5079510.png
5079515,Jaylen Mbakwe,WR,https://a.espncdn.com/i/headshots/college-football/players/full/5079515.png
5079516,KJ Jackson,QB,https://a.espncdn.com/i/headshots/college-football/players/full/5079516.png
5079519,Jeremiah McClellan,WR,https://a.espncdn.com/i/headshots/college-football/players/full/5079519.png
5079523,Derrick McFall,WR,https://a.espncdn.com/i/headshots/college-football/players/full/5079523.png
5079524,Keenan Jackson,WR,https://a.espncdn.com/i/headshots/college-football/players/full/5079524.png
5079531,Jake Merklinger,QB,https://a.espncdn.com/i/headshots/college-football/players/full/5079531.png
5079533,Mabrey Mettauer,QB,https://a.espncdn.com/i/headshots/college-football/players/full/5079533.png
5079535,Zion Kearney,WR,https://a.espncdn.com/i/headshots/college-football/players/full/5079535.png
5079536,Kam Mikell,WR,https://a.espncdn.com/i/headshots/college-football/players/full/5079536.png
5079537,Ju'Juan Johnson,RB,https://a.espncdn.com/i/headshots/college-football/players/full/5079537.png
5079539,Elijah Moore,WR,https://a.espncdn.com/i/headshots/college-football/players/full/5079539.png
5079542,Luke Kromenhoek,QB,https://a.espncdn.com/i/headshots/college-football/players/full/5079542.png
5079546,Micah Ka'apana,RB,https://a.espncdn.com/i/headshots/college-football/players/full/5079546.png
5079548,Air Noland,QB,https://a.espncdn.com/i/headshots/college-football/players/full/5079548.png
5079552,Nate Palmer,RB,https://a.espncdn.com/i/headshots/college-football/players/full/5079552.png
5079555,DJ Lagway,QB,https://a.espncdn.com/i/headshots/college-football/players/full/5079555.png
5079556,Parker Livingstone,WR,https://a.espncdn.com/i/headshots/college-football/players/full/5079556.png
5079558,Ryan Pellum Taylor,QB,https://a.espncdn.com/i/headshots/college-football/players/full/5079558.png
5079561,Dwight Phillips Jr.,RB,https://a.espncdn.com/i/headshots/college-football/players/full/5079561.png
5079569,Luca Puccinelli,TE,https://a.espncdn.com/i/headshots/college-football/players/full/5079569.png
5079572,Dylan Raiola,QB,https://a.espncdn.com/i/headshots/college-football/players/full/5079572.png
5079574,Jordan Marshall,RB,https://a.espncdn.com/i/headshots/college-football/players/full/5079574.png
5079577,Quinton Martin Jr.,RB,https://a.espncdn.com/i/headshots/college-football/players/full/5079577.png
5079580,Mike Matthews,WR,https://a.espncdn.com/i/headshots/college-football/players/full/5079580.png
5079585,Jordan Ross,WR,https://a.espncdn.com/i/headshots/college-football/players/full/5079585.png
5079586,Shaq McRoy,RB,https://a.espncdn.com/i/headshots/college-football/players/full/5079586.png
5079589,Braylen Russell,RB,https://a.espncdn.com/i/headshots/college-football/players/full/5079589.png
5079591,Jordan Lyle,RB,https://a.espncdn.com/i/headshots/college-football/players/full/5079591.png
5079592,Michael Smith,TE,https://a.espncdn.com/i/headshots/college-football/players/full/5079592.png
5079600,Nick Marsh,WR,https://a.espncdn.com/i/headshots/college-football/players/full/5079600.png
5079604,Isaiah Marshall,QB,https://a.espncdn.com/i/headshots/college-football/players/full/5079604.png
5079607,Marquawn McCraney,WR,https://a.espncdn.com/i/headshots/college-football/players/full/5079607.png
5079610,Jayden Moore,WR,https://a.espncdn.com/i/headshots/college-football/players/full/5079610.png
5079612,Dre'lon Miller,WR,https://a.espncdn.com/i/headshots/college-football/players/full/5079612.png
5079613,Emmett Mosley V,WR,https://a.espncdn.com/i/headshots/college-football/players/full/5079613.png
5079614,Riley Trujillo,QB,https://a.espncdn.com/i/headshots/college-football/players/full/5079614.png
5079619,Kalieb Osborne,QB,https://a.espncdn.com/i/headshots/college-football/players/full/5079619.png
5079620,Michael Van Buren Jr.,QB,https://a.espncdn.com/i/headshots/college-football/players/full/5079620.png
5079622,Tovani Mizell,RB,https://a.espncdn.com/i/headshots/college-football/players/full/5079622.png
5079626,Micah Welch,RB,https://a.espncdn.com/i/headshots/college-football/players/full/5079626.png
5079627,Jadon Porter,WR,https://a.espncdn.com/i/headshots/college-football/players/full/5079627.png
5079628,John White,QB,https://a.espncdn.com/i/headshots/college-football/players/full/5079628.png
5079632,Noreel White,WR,https://a.espncdn.com/i/headshots/college-football/players/full/5079632.png
5079641,Lamar Radcliffe,RB,https://a.espncdn.com/i/headshots/college-football/players/full/5079641.png
5079643,Zion Ragins,WR,https://a.espncdn.com/i/headshots/college-football/players/full/5079643.png
5079645,Cam Williams,WR,https://a.espncdn.com/i/headshots/college-football/players/full/5079645.png
5079647,Caleb Odom,TE,https://a.espncdn.com/i/headshots/college-football/players/full/5079647.png
5079650,DeJuan Williams,RB,https://a.espncdn.com/i/headshots/college-football/players/full/5079650.png
5079651,DeVon Rice,RB,https://a.espncdn.com/i/headshots/college-football/players/full/5079651.png
5079653,Demond Williams Jr.,QB,https://a.espncdn.com/i/headshots/college-football/players/full/5079653.png
5079657,Gabe Winowich,RB,https://a.espncdn.com/i/headshots/college-football/players/full/5079657.png
5079659,Jonathan Paylor,RB,https://a.espncdn.com/i/headshots/college-football/players/full/5079659.png
5079660,Brandon Winton,WR,https://a.espncdn.com/i/headshots/college-football/players/full/5079660.png
5079661,Chance Robinson,WR,https://a.espncdn.com/i/headshots/college-football/players/full/5079661.png
5079663,Jeremy Payne,RB,https://a.espncdn.com/i/headshots/college-football/players/full/5079663.png
5079673,Gabe Sawchuk,RB,https://a.espncdn.com/i/headshots/college-football/players/full/5079673.png
5079679,Ryan Puglisi,QB,https://a.espncdn.com/i/headshots/college-football/players/full/5079679.png
5079684,James Resar,TE,https://a.espncdn.com/i/headshots/college-football/players/full/5079684.png
5079686,Bredell Richardson,WR,https://a.espncdn.com/i/headshots/college-football/players/full/5079686.png
5079687,Jordan Shipp,WR,https://a.espncdn.com/i/headshots/college-football/players/full/5079687.png
5079691,Malcolm Simmons,WR,https://a.espncdn.com/i/headshots/college-football/players/full/5079691.png
5079692,Jason Robinson Jr.,WR,https://a.espncdn.com/i/headshots/college-football/players/full/5079692.png
5079699,Corey Smith,RB,https://a.espncdn.com/i/headshots/college-football/players/full/5079699.png
5079704,Emanuel Ross,WR,https://a.espncdn.com/i/headshots/college-football/players/full/5079704.png
5079705,Grant Stec,TE,https://a.espncdn.com/i/headshots/college-football/players/full/5079705.png
5079712,Julian Sayin,QB,https://a.espncdn.com/i/headshots/college-football/players/full/5079712.png
5079714,Rico Scott,WR,https://a.espncdn.com/i/headshots/college-football/players/full/5079714.png
5079717,AJ Surace,QB,https://a.espncdn.com/i/headshots/college-football/players/full/5079717.png
5079719,Taylor Tatum,RB,https://a.espncdn.com/i/headshots/college-football/players/full/5079719.png
5079720,Jeremiah Smith,WR,https://a.espncdn.com/i/headshots/college-football/players/full/5079720.png
5079734,Marcelis Tate,QB,https://a.espncdn.com/i/headshots/college-football/players/full/5079734.png
5079736,Alex Taylor,WR,https://a.espncdn.com/i/headshots/college-football/players/full/5079736.png
5079738,Landen Thomas,TE,https://a.espncdn.com/i/headshots/college-football/players/full/5079738.png
5079742,Aneyas Williams,RB,https://a.espncdn.com/i/headshots/college-football/players/full/5079742.png
5079743,Perry Thompson,WR,https://a.espncdn.com/i/headshots/college-football/players/full/5079743.png
5079745,Joshisa Trader,WR,https://a.espncdn.com/i/headshots/college-football/players/full/5079745.png
5079749,Yasin Willis,RB,https://a.espncdn.com/i/headshots/college-football/players/full/5079749.png
5079758,David Washington Jr.,WR,https://a.espncdn.com/i/headshots/college-football/players/full/5079758.png
5079759,Jelani Watkins,WR,https://a.espncdn.com/i/headshots/college-football/players/full/5079759.png
5079762,Cole Welliver,QB,https://a.espncdn.com/i/headshots/college-football/players/full/5079762.png
5079764,Walker White,QB,https://a.espncdn.com/i/headshots/college-football/players/full/5079764.png
5079766,Chanz Wiggins,WR,https://a.espncdn.com/i/headshots/college-football/players/full/5079766.png
5079769,Izaiah Williams,WR,https://a.espncdn.com/i/headshots/college-football/players/full/5079769.png
5079771,Isaac Wilson,QB,https://a.espncdn.com/i/headshots/college-football/players/full/5079771.png
5079772,Damarion Witten,WR,https://a.espncdn.com/i/headshots/college-football/players/full/5079772.png
5080403,Jaylen Raynor,QB,https://a.espncdn.com/i/headshots/college-football/players/full/5080403.png
5080547,Peter Clarke,TE,https://a.espncdn.com/i/headshots/college-football/players/full/5080547.png
5080703,Isaiah Sategna III,WR,https://a.espncdn.com/i/headshots/college-football/players/full/5080703.png
5080707,Hunter Talley,TE,https://a.espncdn.com/i/headshots/college-football/players/full/5080707.png
5080819,Davion Dozier,WR,https://a.espncdn.com/i/headshots/college-football/players/full/5080819.png
5080888,Matt Wagner,TE,https://a.espncdn.com/i/headshots/college-football/players/full/5080888.png
5081042,Camden Etheredge,TE,https://a.espncdn.com/i/headshots/college-football/players/full/5081042.png
5081054,Micah Riley,TE,https://a.espncdn.com/i/headshots/college-football/players/full/5081054.png
5081076,Jimmy Casey,TE,https://a.espncdn.com/i/headshots/college-football/players/full/5081076.png
5081089,Dylan Gary,WR,https://a.espncdn.com/i/headshots/college-football/players/full/5081089.png
5081092,Mikey Pauley,TE,https://a.espncdn.com/i/headshots/college-football/players/full/5081092.png
5081096,Roman Mangini,WR,https://a.espncdn.com/i/headshots/college-football/players/full/5081096.png
5081107,Luke Lindenmeyer,TE,https://a.espncdn.com/i/headshots/college-football/players/full/5081107.png
5081131,Javen Nicholas,WR,https://a.espncdn.com/i/headshots/college-football/players/full/5081131.png
5081134,Malachi Lane,RB,https://a.espncdn.com/i/headshots/college-football/players/full/5081134.png
5081162,Brett Brown,QB,https://a.espncdn.com/i/headshots/college-football/players/full/5081162.png
5081163,Anthony Favrow,RB,https://a.espncdn.com/i/headshots/college-football/players/full/5081163.png
5081172,Xayvion Turner-Bradshaw,WR,https://a.espncdn.com/i/headshots/college-football/players/full/5081172.png
5081178,Trace Campbell,QB,https://a.espncdn.com/i/headshots/college-football/players/full/5081178.png
5081179,Drew Burnett,WR,https://a.espncdn.com/i/headshots/college-football/players/full/5081179.png
5081197,Grady Brosterhous,QB,https://a.espncdn.com/i/headshots/college-football/players/full/5081197.png
5081202,Jack Griese,RB,https://a.espncdn.com/i/headshots/college-football/players/full/5081202.png
5081209,Eli Wood,WR,https://a.espncdn.com/i/headshots/college-football/players/full/5081209.png
5081213,DJ Black,WR,https://a.espncdn.com/i/headshots/college-football/players/full/5081213.png
5081233,Tevita Ahoafi-Noa,TE,https://a.espncdn.com/i/headshots/college-football/players/full/5081233.png
5081240,Xander Lamb,WR,https://a.espncdn.com/i/headshots/college-football/players/full/5081240.png
5081241,Johnny Martin,RB,https://a.espncdn.com/i/headshots/college-football/players/full/5081241.png
5081250,Sean Brown,WR,https://a.espncdn.com/i/headshots/college-football/players/full/5081250.png
5081322,Cam Camper,WR,https://a.espncdn.com/i/headshots/college-football/players/full/5081322.png
5081332,Jaziun Patterson,RB,https://a.espncdn.com/i/headshots/college-football/players/full/5081332.png
5081336,Graham Friedrichsen,WR,https://a.espncdn.com/i/headshots/college-football/players/full/5081336.png
5081338,Kaden Wetjen,WR,https://a.espncdn.com/i/headshots/college-football/players/full/5081338.png
5081345,Alex Eichmann,WR,https://a.espncdn.com/i/headshots/college-football/players/full/5081345.png
5081350,John Griffith,QB,https://a.espncdn.com/i/headshots/college-football/players/full/5081350.png
5081352,Eli Mason,RB,https://a.espncdn.com/i/headshots/college-football/players/full/5081352.png
5081363,Justin Williams-Thomas,RB,https://a.espncdn.com/i/headshots/college-football/players/full/5081363.png
5081364,Titus Rohrer,TE,https://a.espncdn.com/i/headshots/college-football/players/full/5081364.png
5081367,Chas Nimrod,WR,https://a.espncdn.com/i/headshots/college-football/players/full/5081367.png
5081368,Squirrel White,WR,https://a.espncdn.com/i/headshots/college-football/players/full/5081368.png
5081378,Hunter Barnes,RB,https://a.espncdn.com/i/headshots/college-football/players/full/5081378.png
5081380,Frank Bierman,TE,https://a.espncdn.com/i/headshots/college-football/players/full/5081380.png
5081397,Dylan Sampson,RB,https://a.espncdn.com/i/headshots/college-football/players/full/5081397.png
5081405,AJ Swann,QB,https://a.espncdn.com/i/headshots/college-football/players/full/5081405.png
5081427,Jake Young,TE,https://a.espncdn.com/i/headshots/college-football/players/full/5081427.png
5081432,Antonio Williams,WR,https://a.espncdn.com/i/headshots/college-football/players/full/5081432.png
5081434,Trent Pearman,QB,https://a.espncdn.com/i/headshots/college-football/players/full/5081434.png
5081435,Keith Adams Jr.,RB,https://a.espncdn.com/i/headshots/college-football/players/full/5081435.png
5081436,Domonique Thomas,RB,https://a.espncdn.com/i/headshots/college-football/players/full/5081436.png
5081452,Clay Swinney,WR,https://a.espncdn.com/i/headshots/college-football/players/full/5081452.png
5081453,Jack Smith,RB,https://a.espncdn.com/i/headshots/college-football/players/full/5081453.png
5081502,Nathan Kent,WR,https://a.espncdn.com/i/headshots/college-football/players/full/5081502.png
5081504,Blake Horvath,QB,https://a.espncdn.com/i/headshots/college-football/players/full/5081504.png
5081505,Cody Howard,TE,https://a.espncdn.com/i/headshots/college-football/players/full/5081505.png
5081508,Eli Heidenreich,WR,https://a.espncdn.com/i/headshots/college-football/players/full/5081508.png
5081517,Brandon Chatman,WR,https://a.espncdn.com/i/headshots/college-football/players/full/5081517.png
5081522,Shane Reynolds,RB,https://a.espncdn.com/i/headshots/college-football/players/full/5081522.png
5081526,Alex Tecza,RB,https://a.espncdn.com/i/headshots/college-football/players/full/5081526.png
5081542,Landon Robinson,RB,https://a.espncdn.com/i/headshots/college-football/players/full/5081542.png
5081564,Albert Kunickis III,RB,https://a.espncdn.com/i/headshots/college-football/players/full/5081564.png
5081611,Mason Williams,TE,https://a.espncdn.com/i/headshots/college-football/players/full/5081611.png
5081632,Thai Chiaokhiao-Bowman,WR,https://a.espncdn.com/i/headshots/college-football/players/full/5081632.png
5081640,Scott Isacks,TE,https://a.espncdn.com/i/headshots/college-football/players/full/5081640.png
5081698,Justin Fisher,TE,https://a.espncdn.com/i/headshots/college-football/players/full/5081698.png
5081704,Leo Scheidler,WR,https://a.espncdn.com/i/headshots/college-football/players/full/5081704.png
5081710,Jaylin Belford,RB,https://a.espncdn.com/i/headshots/college-football/players/full/5081710.png
5081716,Kyle Hanks,RB,https://a.espncdn.com/i/headshots/college-football/players/full/5081716.png
5081766,Jason Albritton,RB,https://a.espncdn.com/i/headshots/college-football/players/full/5081766.png
5081804,Mason Maggs,QB,https://a.espncdn.com/i/headshots/college-football/players/full/5081804.png
5081820,David Adolph,WR,https://a.espncdn.com/i/headshots/college-football/players/full/5081820.png
5081845,Ashton Locklear,WR,https://a.espncdn.com/i/headshots/college-football/players/full/5081845.png
5081856,Nate Glantz,QB,https://a.espncdn.com/i/headshots/college-football/players/full/5081856.png
5081863,Carson Brown,WR,https://a.espncdn.com/i/headshots/college-football/players/full/5081863.png
5081869,Timmy Ward,RB,https://a.espncdn.com/i/headshots/college-football/players/full/5081869.png
5081882,Ty Claiborne,WR,https://a.espncdn.com/i/headshots/college-football/players/full/5081882.png
5081898,Cookie Desiderio,RB,https://a.espncdn.com/i/headshots/college-football/players/full/5081898.png
5081902,Evan Cantu,RB,https://a.espncdn.com/i/headshots/college-football/players/full/5081902.png
5081907,Anthony Frias II,RB,https://a.espncdn.com/i/headshots/college-football/players/full/5081907.png
5081919,La'James White,RB,https://a.espncdn.com/i/headshots/college-football/players/full/5081919.png
5081925,General Booty,QB,https://a.espncdn.com/i/headshots/college-football/players/full/5081925.png
5081926,Tawee Walker,RB,https://a.espncdn.com/i/headshots/college-football/players/full/5081926.png
5081934,Dallas Dudley,WR,https://a.espncdn.com/i/headshots/college-football/players/full/5081934.png
5081966,Colin Page,RB,https://a.espncdn.com/i/headshots/college-football/players/full/5081966.png
5081996,Jeremiah Aaron,WR,https://a.espncdn.com/i/headshots/college-football/players/full/5081996.png
5081997,Cortez Braham Jr.,WR,https://a.espncdn.com/i/headshots/college-football/players/full/5081997.png
5081999,CJ Donaldson,RB,https://a.espncdn.com/i/headshots/college-football/players/full/5081999.png
5082004,Ace Cobb,WR,https://a.espncdn.com/i/headshots/college-football/players/full/5082004.png
5082005,Tyriq Starks,QB,https://a.espncdn.com/i/headshots/college-football/players/full/5082005.png
5082006,TJ Smith,QB,https://a.espncdn.com/i/headshots/college-football/players/full/5082006.png
5082009,Donovan Giles,WR,https://a.espncdn.com/i/headshots/college-football/players/full/5082009.png
5082053,Patrick Rea,RB,https://a.espncdn.com/i/headshots/college-football/players/full/5082053.png
5082106,Zack Drawdy Jr.,WR,https://a.espncdn.com/i/headshots/college-football/players/full/5082106.png
5082118,Zach Mundell,WR,https://a.espncdn.com/i/headshots/college-football/players/full/5082118.png
5082125,Dewayne Coleman,QB,https://a.espncdn.com/i/headshots/college-football/players/full/5082125.png
5082140,Liam Fortner,WR,https://a.espncdn.com/i/headshots/college-football/players/full/5082140.png
5082142,Noah Short,WR,https://a.espncdn.com/i/headshots/college-football/players/full/5082142.png
5082144,Hayden Reed,RB,https://a.espncdn.com/i/headshots/college-football/players/full/5082144.png
5082189,Andon Thomas,RB,https://a.espncdn.com/i/headshots/college-football/players/full/5082189.png
5082194,Preston Landis,RB,https://a.espncdn.com/i/headshots/college-football/players/full/5082194.png
5082219,James Ferguson-Reynolds,RB,https://a.espncdn.com/i/headshots/college-football/players/full/5082219.png
5082251,Vann Schield,RB,https://a.espncdn.com/i/headshots/college-football/players/full/5082251.png
5082253,Keegan Holles,RB,https://a.espncdn.com/i/headshots/college-football/players/full/5082253.png
5082263,Bryan Hansen,RB,https://a.espncdn.com/i/headshots/college-football/players/full/5082263.png
5082269,Dean Connors,RB,https://a.espncdn.com/i/headshots/college-football/players/full/5082269.png
5082271,Quinton Jackson,RB,https://a.espncdn.com/i/headshots/college-football/players/full/5082271.png
5082273,Ryan Guillo,WR,https://a.espncdn.com/i/headshots/college-football/players/full/5082273.png
5082277,Micah Barnett,TE,https://a.espncdn.com/i/headshots/college-football/players/full/5082277.png
5082283,Alex Scherle,TE,https://a.espncdn.com/i/headshots/college-football/players/full/5082283.png
5082284,Boden Groen,TE,https://a.espncdn.com/i/headshots/college-football/players/full/5082284.png
5082289,Kelly Akharaiyi,WR,https://a.espncdn.com/i/headshots/college-football/players/full/5082289.png
5082302,Emari White,WR,https://a.espncdn.com/i/headshots/college-football/players/full/5082302.png
5082304,Justin Guin,RB,https://a.espncdn.com/i/headshots/college-football/players/full/5082304.png
5082315,Nathan Acevedo,WR,https://a.espncdn.com/i/headshots/college-football/players/full/5082315.png
5082316,Tye Edwards,RB,https://a.espncdn.com/i/headshots/college-football/players/full/5082316.png
5082330,John Alan Richter,QB,https://a.espncdn.com/i/headshots/college-football/players/full/5082330.png
5082370,Dallas Payne,TE,https://a.espncdn.com/i/headshots/college-football/players/full/5082370.png
5082396,Blake Kendall,QB,https://a.espncdn.com/i/headshots/college-football/players/full/5082396.png
5082407,Connor Barry,QB,https://a.espncdn.com/i/headshots/college-football/players/full/5082407.png
5082434,John Grant,TE,https://a.espncdn.com/i/headshots/college-football/players/full/5082434.png
5082439,Rykem Laney,WR,https://a.espncdn.com/i/headshots/college-football/players/full/5082439.png
5082548,A.J. Turner,RB,https://a.espncdn.com/i/headshots/college-football/players/full/5082548.png
5082549,DeMarcus McElroy,RB,https://a.espncdn.com/i/headshots/college-football/players/full/5082549.png
5082550,Jackson Marshall,RB,https://a.espncdn.com/i/headshots/college-football/players/full/5082550.png
5082551,Beau Blankenship,TE,https://a.espncdn.com/i/headshots/college-football/players/full/5082551.png
5082558,Caden Burti,WR,https://a.espncdn.com/i/headshots/college-football/players/full/5082558.png
5082559,Rece Verhoff,RB,https://a.espncdn.com/i/headshots/college-football/players/full/5082559.png
5082564,Titus Lyons,TE,https://a.espncdn.com/i/headshots/college-football/players/full/5082564.png
5082571,Jameson Holcomb,QB,https://a.espncdn.com/i/headshots/college-football/players/full/5082571.png
5082584,DJ Epps,WR,https://a.espncdn.com/i/headshots/college-football/players/full/5082584.png
5082587,Matthew Coleman,WR,https://a.espncdn.com/i/headshots/college-football/players/full/5082587.png
5082601,Jeff Weimer,WR,https://a.espncdn.com/i/headshots/college-football/players/full/5082601.png
5082630,Jalen Royals,WR,https://a.espncdn.com/i/headshots/college-football/players/full/5082630.png
5082633,Evan Svoboda,TE,https://a.espncdn.com/i/headshots/college-football/players/full/5082633.png
5082641,Magnus Von Saldern,WR,https://a.espncdn.com/i/headshots/college-football/players/full/5082641.png
5082648,Bryce Pierre,TE,https://a.espncdn.com/i/headshots/college-football/players/full/5082648.png
5082650,Coben Bourguet,WR,https://a.espncdn.com/i/headshots/college-football/players/full/5082650.png
5082652,Mason Starling,WR,https://a.espncdn.com/i/headshots/college-football/players/full/5082652.png
5082662,Cole Boscia,WR,https://a.espncdn.com/i/headshots/college-football/players/full/5082662.png
5082664,Colton Allen,QB,https://a.espncdn.com/i/headshots/college-football/players/full/5082664.png
5082909,Aidan Semo,QB,https://a.espncdn.com/i/headshots/college-football/players/full/5082909.png
5082951,Jeremy Yancey,WR,https://a.espncdn.com/i/headshots/college-football/players/full/5082951.png
5082965,Tommy Ulatowski,QB,https://a.espncdn.com/i/headshots/college-football/players/full/5082965.png
5082985,Nate Milanowski,RB,https://a.espncdn.com/i/headshots/college-football/players/full/5082985.png
5083041,Gerard Bullock Jr.,TE,https://a.espncdn.com/i/headshots/college-football/players/full/5083041.png
5083042,Skyler Locklear,QB,https://a.espncdn.com/i/headshots/college-football/players/full/5083042.png
5083068,Kenny Odom,WR,https://a.espncdn.com/i/headshots/college-football/players/full/5083068.png
5083069,DJ Carter,WR,https://a.espncdn.com/i/headshots/college-football/players/full/5083069.png
5083076,Harold Fannin Jr.,TE,https://a.espncdn.com/i/headshots/college-football/players/full/5083076.png
5083103,Davis Bryson,WR,https://a.espncdn.com/i/headshots/college-football/players/full/5083103.png
5083104,Braden Bohannon,QB,https://a.espncdn.com/i/headshots/college-football/players/full/5083104.png
5083111,Qua Ashley,RB,https://a.espncdn.com/i/headshots/college-football/players/full/5083111.png
5083119,Alexander Diggs,RB,https://a.espncdn.com/i/headshots/college-football/players/full/5083119.png
5083123,Seth Adams,TE,https://a.espncdn.com/i/headshots/college-football/players/full/5083123.png
5083135,Carson Kent,TE,https://a.espncdn.com/i/headshots/college-football/players/full/5083135.png
5083143,Logan Booher,WR,https://a.espncdn.com/i/headshots/college-football/players/full/5083143.png
5083145,Bo Kelly,QB,https://a.espncdn.com/i/headshots/college-football/players/full/5083145.png
5083146,Paul Holyfield Jr.,RB,https://a.espncdn.com/i/headshots/college-football/players/full/5083146.png
5083148,Troy Fletcher,RB,https://a.espncdn.com/i/headshots/college-football/players/full/5083148.png
5083149,Tyrece Fairly-Diyem,WR,https://a.espncdn.com/i/headshots/college-football/players/full/5083149.png
5083171,Jack Layne,QB,https://a.espncdn.com/i/headshots/college-football/players/full/5083171.png
5083175,Anthony Woods,RB,https://a.espncdn.com/i/headshots/college-football/players/full/5083175.png
5083198,Darius Lassiter,WR,https://a.espncdn.com/i/headshots/college-football/players/full/5083198.png
5083199,Jeremiah Salem,QB,https://a.espncdn.com/i/headshots/college-football/players/full/5083199.png
5083205,Nick Devereaux,WR,https://a.espncdn.com/i/headshots/college-football/players/full/5083205.png
5083229,Aliou-Rocco Traore,RB,https://a.espncdn.com/i/headshots/college-football/players/full/5083229.png
5083249,Fisher Clements,TE,https://a.espncdn.com/i/headshots/college-football/players/full/5083249.png
5083268,Carson Jenkins,WR,https://a.espncdn.com/i/headshots/college-football/players/full/5083268.png
5083271,Sean McElwain,TE,https://a.espncdn.com/i/headshots/college-football/players/full/5083271.png
5083279,Julian Glantz,RB,https://a.espncdn.com/i/headshots/college-football/players/full/5083279.png
5083280,Nate Hill,WR,https://a.espncdn.com/i/headshots/college-football/players/full/5083280.png
5083285,Tanner Maddocks,QB,https://a.espncdn.com/i/headshots/college-football/players/full/5083285.png
5083292,Eli Smith,RB,https://a.espncdn.com/i/headshots/college-football/players/full/5083292.png
5083295,Isaiah Wright,RB,https://a.espncdn.com/i/headshots/college-football/players/full/5083295.png
5083297,Jacoby Jones,WR,https://a.espncdn.com/i/headshots/college-football/players/full/5083297.png
5083305,Caleb Gossett,WR,https://a.espncdn.com/i/headshots/college-football/players/full/5083305.png
5083315,Kenyon Sadiq,TE,https://a.espncdn.com/i/headshots/college-football/players/full/5083315.png
5083370,Jacory Barney Jr.,WR,https://a.espncdn.com/i/headshots/college-football/players/full/5083370.png
5083371,Davi Belfort,WR,https://a.espncdn.com/i/headshots/college-football/players/full/5083371.png
5083372,Quanye Veney,WR,https://a.espncdn.com/i/headshots/college-football/players/full/5083372.png
5083373,Ashten Snelsire,QB,https://a.espncdn.com/i/headshots/college-football/players/full/5083373.png
5083381,Sean Clarke,TE,https://a.espncdn.com/i/headshots/college-football/players/full/5083381.png
5083393,Marquis Buchanan,WR,https://a.espncdn.com/i/headshots/college-football/players/full/5083393.png
5083395,Jaden Griffin,RB,https://a.espncdn.com/i/headshots/college-football/players/full/5083395.png
5083407,Hunter Hopperton,RB,https://a.espncdn.com/i/headshots/college-football/players/full/5083407.png
5083437,D.J. Linkins,WR,https://a.espncdn.com/i/headshots/college-football/players/full/5083437.png
5083442,Myles Thomason,RB,https://a.espncdn.com/i/headshots/college-football/players/full/5083442.png
5083444,Josh Fillion,WR,https://a.espncdn.com/i/headshots/college-football/players/full/5083444.png
5083457,Colby Ramshaw,TE,https://a.espncdn.com/i/headshots/college-football/players/full/5083457.png
5083458,Peyton Strickland,TE,https://a.espncdn.com/i/headshots/college-football/players/full/5083458.png
5083490,Ayden Pereira,QB,https://a.espncdn.com/i/headshots/college-football/players/full/5083490.png
5083496,Symon Sathler,RB,https://a.espncdn.com/i/headshots/college-football/players/full/5083496.png
5083500,Evan Wallace,WR,https://a.espncdn.com/i/headshots/college-football/players/full/5083500.png
5083509,Rohan Jones,TE,https://a.espncdn.com/i/headshots/college-football/players/full/5083509.png
5083518,Lasalle Rose Jr.,WR,https://a.espncdn.com/i/headshots/college-football/players/full/5083518.png
5083545,Coleman Kuntz,TE,https://a.espncdn.com/i/headshots/college-football/players/full/5083545.png
5083552,Blayne Taylor,WR,https://a.espncdn.com/i/headshots/college-football/players/full/5083552.png
5083553,Rovaughn Banks Jr.,RB,https://a.espncdn.com/i/headshots/college-football/players/full/5083553.png
5083569,Jaden Craig,QB,https://a.espncdn.com/i/headshots/college-football/players/full/5083569.png
5083597,Major Bowden,RB,https://a.espncdn.com/i/headshots/college-football/players/full/5083597.png
5083606,Samuel Scaife IV,WR,https://a.espncdn.com/i/headshots/college-football/players/full/5083606.png
5083630,Kyndon Fuselier,WR,https://a.espncdn.com/i/headshots/college-football/players/full/5083630.png
5083631,Jayden Boyd,WR,https://a.espncdn.com/i/headshots/college-football/players/full/5083631.png
5083636,Izaha Jones,WR,https://a.espncdn.com/i/headshots/college-football/players/full/5083636.png
5083652,Kai Rios,TE,https://a.espncdn.com/i/headshots/college-football/players/full/5083652.png
5083657,Rocco Ciocca,TE,https://a.espncdn.com/i/headshots/college-football/players/full/5083657.png
5083663,Plez Lawrence,RB,https://a.espncdn.com/i/headshots/college-football/players/full/5083663.png
5083670,Harry Traum,RB,https://a.espncdn.com/i/headshots/college-football/players/full/5083670.png
5083678,Zavion Taylor,WR,https://a.espncdn.com/i/headshots/college-football/players/full/5083678.png
5083726,MJ Flowers,RB,https://a.espncdn.com/i/headshots/college-football/players/full/5083726.png
5083727,Jay Pearson,RB,https://a.espncdn.com/i/headshots/college-football/players/full/5083727.png
5083747,Justin Bowick,WR,https://a.espncdn.com/i/headshots/college-football/players/full/5083747.png
5083748,Cam Thompson,WR,https://a.espncdn.com/i/headshots/college-football/players/full/5083748.png
5083750,Alex Ginnever,TE,https://a.espncdn.com/i/headshots/college-football/players/full/5083750.png
5083757,Paxton DeLaurent,QB,https://a.espncdn.com/i/headshots/college-football/players/full/5083757.png
5083758,Patrick Heitert,QB,https://a.espncdn.com/i/headshots/college-football/players/full/5083758.png
5083762,Kyron Downing,WR,https://a.espncdn.com/i/headshots/college-football/players/full/5083762.png
5083802,Alex Brown,WR,https://a.espncdn.com/i/headshots/college-football/players/full/5083802.png
5083806,Josh Gary,WR,https://a.espncdn.com/i/headshots/college-football/players/full/5083806.png
5083842,Jalon Howard,WR,https://a.espncdn.com/i/headshots/college-football/players/full/5083842.png
5083847,Dean DeNobile,QB,https://a.espncdn.com/i/headshots/college-football/players/full/5083847.png
5083848,Jamar Curtis,RB,https://a.espncdn.com/i/headshots/college-football/players/full/5083848.png
5083865,Elijah Steward,WR,https://a.espncdn.com/i/headshots/college-football/players/full/5083865.png
5083866,Dallas Holmes,TE,https://a.espncdn.com/i/headshots/college-football/players/full/5083866.png
5083870,Geoffrey Jamiel,WR,https://a.espncdn.com/i/headshots/college-football/players/full/5083870.png
5083894,Camden Overton-Howard,TE,https://a.espncdn.com/i/headshots/college-football/players/full/5083894.png
5083895,Luke Schomburg,QB,https://a.espncdn.com/i/headshots/college-football/players/full/5083895.png
5083941,Collin Shannon,QB,https://a.espncdn.com/i/headshots/college-football/players/full/5083941.png
5083945,Ebenezer McCarthy,RB,https://a.espncdn.com/i/headshots/college-football/players/full/5083945.png
5083952,Luke Schalow,RB,https://a.espncdn.com/i/headshots/college-football/players/full/5083952.png
5083963,Ivan Thorpe,WR,https://a.espncdn.com/i/headshots/college-football/players/full/5083963.png
5083966,Morgan McPhaul,TE,https://a.espncdn.com/i/headshots/college-football/players/full/5083966.png
5083976,Emari Matthews,RB,https://a.espncdn.com/i/headshots/college-football/players/full/5083976.png
5083981,Joanes Fortilien,WR,https://a.espncdn.com/i/headshots/college-football/players/full/5083981.png
5084026,Wesley Garrett,WR,https://a.espncdn.com/i/headshots/college-football/players/full/5084026.png
5084027,Miles Williams,WR,https://a.espncdn.com/i/headshots/college-football/players/full/5084027.png
5084047,Nate Frazier,RB,https://a.espncdn.com/i/headshots/college-football/players/full/5084047.png
5084051,Oshawn Ross,RB,https://a.espncdn.com/i/headshots/college-football/players/full/5084051.png
5084054,Justin Pegues,WR,https://a.espncdn.com/i/headshots/college-football/players/full/5084054.png
5084056,Torin Baker,RB,https://a.espncdn.com/i/headshots/college-football/players/full/5084056.png
5084084,Kevin Jennings,QB,https://a.espncdn.com/i/headshots/college-football/players/full/5084084.png
5084086,Charlie Fiser,QB,https://a.espncdn.com/i/headshots/college-football/players/full/5084086.png
5084094,Keaton Cheves,WR,https://a.espncdn.com/i/headshots/college-football/players/full/5084094.png
5084133,Alex Perry,WR,https://a.espncdn.com/i/headshots/college-football/players/full/5084133.png
5084135,Pofele Ashlock,WR,https://a.espncdn.com/i/headshots/college-football/players/full/5084135.png
5084177,Ta'ir Brooks,WR,https://a.espncdn.com/i/headshots/college-football/players/full/5084177.png
5084178,Moni Jones,RB,https://a.espncdn.com/i/headshots/college-football/players/full/5084178.png
5084179,Star Thomas,RB,https://a.espncdn.com/i/headshots/college-football/players/full/5084179.png
5084180,Diego Pavia,QB,https://a.espncdn.com/i/headshots/college-football/players/full/5084180.png
5084181,Kordell David,WR,https://a.espncdn.com/i/headshots/college-football/players/full/5084181.png
5084208,Kameran Senegal,WR,https://a.espncdn.com/i/headshots/college-football/players/full/5084208.png
5084210,Jo'Shon Barbie,RB,https://a.espncdn.com/i/headshots/college-football/players/full/5084210.png
5084233,Tyronne Hayes,TE,https://a.espncdn.com/i/headshots/college-football/players/full/5084233.png
5084240,Christian Arceneaux,QB,https://a.espncdn.com/i/headshots/college-football/players/full/5084240.png
5084241,Yarun McMath,WR,https://a.espncdn.com/i/headshots/college-football/players/full/5084241.png
5084265,Scrappy Osby,WR,https://a.espncdn.com/i/headshots/college-football/players/full/5084265.png
5084266,Treylin Whaley,TE,https://a.espncdn.com/i/headshots/college-football/players/full/5084266.png
5084286,Makhi Frazier,RB,https://a.espncdn.com/i/headshots/college-football/players/full/5084286.png
5084290,Josh Joyner,RB,https://a.espncdn.com/i/headshots/college-football/players/full/5084290.png
5084291,Damien McDaniel,WR,https://a.espncdn.com/i/headshots/college-football/players/full/5084291.png
5084293,Ka'Morreun Pimpton,TE,https://a.espncdn.com/i/headshots/college-football/players/full/5084293.png
5084295,AJ Maddox,QB,https://a.espncdn.com/i/headshots/college-football/players/full/5084295.png
5084300,KJ Parker,WR,https://a.espncdn.com/i/headshots/college-football/players/full/5084300.png
5084305,Mekhi Hagens,QB,https://a.espncdn.com/i/headshots/college-football/players/full/5084305.png
5084310,Kenji Lewis,WR,https://a.espncdn.com/i/headshots/college-football/players/full/5084310.png
5084317,Ness Davis,RB,https://a.espncdn.com/i/headshots/college-football/players/full/5084317.png
5084404,Liam O'Brien,QB,https://a.espncdn.com/i/headshots/college-football/players/full/5084404.png
5084408,Bisi Owens,WR,https://a.espncdn.com/i/headshots/college-football/players/full/5084408.png
5084409,Jared Richardson,WR,https://a.espncdn.com/i/headshots/college-football/players/full/5084409.png
5084429,Darren Morris,WR,https://a.espncdn.com/i/headshots/college-football/players/full/5084429.png
5084438,Karl Ligon,RB,https://a.espncdn.com/i/headshots/college-football/players/full/5084438.png
5084459,Cincere Rhaney,RB,https://a.espncdn.com/i/headshots/college-football/players/full/5084459.png
5084468,Hogan Wasson,WR,https://a.espncdn.com/i/headshots/college-football/players/full/5084468.png
5084472,Kennieth Lacy,RB,https://a.espncdn.com/i/headshots/college-football/players/full/5084472.png
5084495,Kody Finley,WR,https://a.espncdn.com/i/headshots/college-football/players/full/5084495.png
5084500,Rodeo Graham Jr.,RB,https://a.espncdn.com/i/headshots/college-football/players/full/5084500.png
5084518,Dylan Djete,WR,https://a.espncdn.com/i/headshots/college-football/players/full/5084518.png
5084519,Rickie Shaw II,WR,https://a.espncdn.com/i/headshots/college-football/players/full/5084519.png
5084524,Kyle Parsons,RB,https://a.espncdn.com/i/headshots/college-football/players/full/5084524.png
5084532,Jon Schaffer,RB,https://a.espncdn.com/i/headshots/college-football/players/full/5084532.png
5084552,Tommy Winton III,WR,https://a.espncdn.com/i/headshots/college-football/players/full/5084552.png
5084555,Xavier Gaillardetz,WR,https://a.espncdn.com/i/headshots/college-football/players/full/5084555.png
5084582,Jordan Gant,RB,https://a.espncdn.com/i/headshots/college-football/players/full/5084582.png
5084657,Dakarai Anderson,WR,https://a.espncdn.com/i/headshots/college-football/players/full/5084657.png
5084658,Terrell Anderson,WR,https://a.espncdn.com/i/headshots/college-football/players/full/5084658.png
5084659,Eric Smith,WR,https://a.espncdn.com/i/headshots/college-football/players/full/5084659.png
5084698,Tashi Braceful,WR,https://a.espncdn.com/i/headshots/college-football/players/full/5084698.png
5084703,Daijon Calimon,WR,https://a.espncdn.com/i/headshots/college-football/players/full/5084703.png
5084704,Patrick Clacks III,WR,https://a.espncdn.com/i/headshots/college-football/players/full/5084704.png
5084729,B.J. Fleming,WR,https://a.espncdn.com/i/headshots/college-football/players/full/5084729.png
5084734,Ryan Fontaine,RB,https://a.espncdn.com/i/headshots/college-football/players/full/5084734.png
5084769,Angel Flores,QB,https://a.espncdn.com/i/headshots/college-football/players/full/5084769.png
5084771,KJ Duff,WR,https://a.espncdn.com/i/headshots/college-football/players/full/5084771.png
5084772,Hayden Eligon II,WR,https://a.espncdn.com/i/headshots/college-football/players/full/5084772.png
5084793,Caleb Flagg,WR,https://a.espncdn.com/i/headshots/college-football/players/full/5084793.png
5084794,Deuce McMillan,WR,https://a.espncdn.com/i/headshots/college-football/players/full/5084794.png
5084798,Ismail Mahdi,RB,https://a.espncdn.com/i/headshots/college-football/players/full/5084798.png
5084802,AJ Wilson,WR,https://a.espncdn.com/i/headshots/college-football/players/full/5084802.png
5084828,Luke Bottari,QB,https://a.espncdn.com/i/headshots/college-football/players/full/5084828.png
5084829,Luca Caldarella,WR,https://a.espncdn.com/i/headshots/college-football/players/full/5084829.png
5084893,Dozie Ezukanma,WR,https://a.espncdn.com/i/headshots/college-football/players/full/5084893.png
5084896,Tamarcus Gray Jr.,WR,https://a.espncdn.com/i/headshots/college-football/players/full/5084896.png
5084904,Josh Jackson,WR,https://a.espncdn.com/i/headshots/college-football/players/full/5084904.png
5084905,Jaylan Hornsby,WR,https://a.espncdn.com/i/headshots/college-football/players/full/5084905.png
5084906,Jaden Hart,RB,https://a.espncdn.com/i/headshots/college-football/players/full/5084906.png
5084910,Josh Phifer,TE,https://a.espncdn.com/i/headshots/college-football/players/full/5084910.png
5084941,Weston Adams,WR,https://a.espncdn.com/i/headshots/college-football/players/full/5084941.png
5084950,Jay Coyne,RB,https://a.espncdn.com/i/headshots/college-football/players/full/5084950.png
5084956,Ryan Eckley,RB,https://a.espncdn.com/i/headshots/college-football/players/full/5084956.png
5084957,Marquis Ashley,WR,https://a.espncdn.com/i/headshots/college-football/players/full/5084957.png
5084967,Victor Snow,WR,https://a.espncdn.com/i/headshots/college-football/players/full/5084967.png
5085003,Mark Konecny,QB,https://a.espncdn.com/i/headshots/college-football/players/full/5085003.png
5085006,Jalen Buckley,RB,https://a.espncdn.com/i/headshots/college-football/players/full/5085006.png
5085023,Max Ware,WR,https://a.espncdn.com/i/headshots/college-football/players/full/5085023.png
5085024,CJ Williams,WR,https://a.espncdn.com/i/headshots/college-football/players/full/5085024.png
5085026,Keegan Patterson,QB,https://a.espncdn.com/i/headshots/college-football/players/full/5085026.png
5085112,Emmett Brown,QB,https://a.espncdn.com/i/headshots/college-football/players/full/5085112.png
5085137,Cade Harris,WR,https://a.espncdn.com/i/headshots/college-football/players/full/5085137.png
5085138,Aiden Calvert,RB,https://a.espncdn.com/i/headshots/college-football/players/full/5085138.png
5085140,Cameron Breier,WR,https://a.espncdn.com/i/headshots/college-football/players/full/5085140.png
5085146,Brandon Engel,WR,https://a.espncdn.com/i/headshots/college-football/players/full/5085146.png
5085189,Jack Endries,TE,https://a.espncdn.com/i/headshots/college-football/players/full/5085189.png
5085233,Brinston Williams,RB,https://a.espncdn.com/i/headshots/college-football/players/full/5085233.png
5085246,TyLyric Coleman,WR,https://a.espncdn.com/i/headshots/college-football/players/full/5085246.png
5085259,Ashton Frye,QB,https://a.espncdn.com/i/headshots/college-football/players/full/5085259.png
5085265,Anwar Lewis,RB,https://a.espncdn.com/i/headshots/college-football/players/full/5085265.png
5085267,Cade Backe,RB,https://a.espncdn.com/i/headshots/college-football/players/full/5085267.png
5085301,Taco Dowler,WR,https://a.espncdn.com/i/headshots/college-football/players/full/5085301.png
5085304,Charles Garrison,TE,https://a.espncdn.com/i/headshots/college-football/players/full/5085304.png
5085335,Deion Brown,RB,https://a.espncdn.com/i/headshots/college-football/players/full/5085335.png
5085337,Keyone Jenkins,QB,https://a.espncdn.com/i/headshots/college-football/players/full/5085337.png
5085354,Lynel Billups-Williams,WR,https://a.espncdn.com/i/headshots/college-football/players/full/5085354.png
5085364,Manny Smith,WR,https://a.espncdn.com/i/headshots/college-football/players/full/5085364.png
5085370,Jordan Owens,TE,https://a.espncdn.com/i/headshots/college-football/players/full/5085370.png
5085383,Triston Edwards,WR,https://a.espncdn.com/i/headshots/college-football/players/full/5085383.png
5085389,Jett Runion,TE,https://a.espncdn.com/i/headshots/college-football/players/full/5085389.png
5085404,Thomas Wadsworth,TE,https://a.espncdn.com/i/headshots/college-football/players/full/5085404.png
5085434,LT Sanders,RB,https://a.espncdn.com/i/headshots/college-football/players/full/5085434.png
5085441,Tyler Jordan,RB,https://a.espncdn.com/i/headshots/college-football/players/full/5085441.png
5085496,Chauncy Cobb,WR,https://a.espncdn.com/i/headshots/college-football/players/full/5085496.png
5085497,Ty Stamey,TE,https://a.espncdn.com/i/headshots/college-football/players/full/5085497.png
5085503,Grayson O'Bara,WR,https://a.espncdn.com/i/headshots/college-football/players/full/5085503.png
5085504,Daniel Haughton,WR,https://a.espncdn.com/i/headshots/college-football/players/full/5085504.png
5085507,D.J. Crowther,RB,https://a.espncdn.com/i/headshots/college-football/players/full/5085507.png
5085509,Chris Corbo,TE,https://a.espncdn.com/i/headshots/college-football/players/full/5085509.png
5085540,Aidan Garcia,WR,https://a.espncdn.com/i/headshots/college-football/players/full/5085540.png
5085541,Keoua Kauhi II,RB,https://a.espncdn.com/i/headshots/college-football/players/full/5085541.png
5085543,Dason Brooks,RB,https://a.espncdn.com/i/headshots/college-football/players/full/5085543.png
5085564,Julian Mason,WR,https://a.espncdn.com/i/headshots/college-football/players/full/5085564.png
5085571,Brooks Ferguson,TE,https://a.espncdn.com/i/headshots/college-football/players/full/5085571.png
5085597,Jaylen Lynch,WR,https://a.espncdn.com/i/headshots/college-football/players/full/5085597.png
5085598,Tanner Beaman,TE,https://a.espncdn.com/i/headshots/college-football/players/full/5085598.png
5085609,TreyShun Hurry,WR,https://a.espncdn.com/i/headshots/college-football/players/full/5085609.png
5085613,Adrian Cormier,RB,https://a.espncdn.com/i/headshots/college-football/players/full/5085613.png
5085618,Keayen Nead,TE,https://a.espncdn.com/i/headshots/college-football/players/full/5085618.png
5085628,Tajon Evans,WR,https://a.espncdn.com/i/headshots/college-football/players/full/5085628.png
5085629,Jaden Thrower,WR,https://a.espncdn.com/i/headshots/college-football/players/full/5085629.png
5085630,Marcus Chretien,WR,https://a.espncdn.com/i/headshots/college-football/players/full/5085630.png
5085631,Marvin Session,WR,https://a.espncdn.com/i/headshots/college-football/players/full/5085631.png
5085666,Christian Berry,TE,https://a.espncdn.com/i/headshots/college-football/players/full/5085666.png
5085685,Taj Hughes,RB,https://a.espncdn.com/i/headshots/college-football/players/full/5085685.png
5085707,Tyler Nansel,TE,https://a.espncdn.com/i/headshots/college-football/players/full/5085707.png
5085714,Jordan Pachot,QB,https://a.espncdn.com/i/headshots/college-football/players/full/5085714.png
5085729,Connor Lair,RB,https://a.espncdn.com/i/headshots/college-football/players/full/5085729.png
5085754,Matthew Schecklman,QB,https://a.espncdn.com/i/headshots/college-football/players/full/5085754.png
5085768,Brady McCullough,TE,https://a.espncdn.com/i/headshots/college-football/players/full/5085768.png
5085784,Chase Mason,QB,https://a.espncdn.com/i/headshots/college-football/players/full/5085784.png
5085803,Gavin Nelson,WR,https://a.espncdn.com/i/headshots/college-football/players/full/5085803.png
5085808,Marqui Adams,QB,https://a.espncdn.com/i/headshots/college-football/players/full/5085808.png
5085820,Ryan Lee,TE,https://a.espncdn.com/i/headshots/college-football/players/full/5085820.png
5085830,Rahkeem Smith,WR,https://a.espncdn.com/i/headshots/college-football/players/full/5085830.png
5085846,Ethan Harris,WR,https://a.espncdn.com/i/headshots/college-football/players/full/5085846.png
5085847,Ben Ferguson,WR,https://a.espncdn.com/i/headshots/college-football/players/full/5085847.png
5085848,Carson Jones,QB,https://a.espncdn.com/i/headshots/college-football/players/full/5085848.png
5085852,Ben Croasdale,RB,https://a.espncdn.com/i/headshots/college-football/players/full/5085852.png
5085883,Jake Reichle,RB,https://a.espncdn.com/i/headshots/college-football/players/full/5085883.png
5085913,Austin Bray,TE,https://a.espncdn.com/i/headshots/college-football/players/full/5085913.png
5085941,Zach Osborne,QB,https://a.espncdn.com/i/headshots/college-football/players/full/5085941.png
5085946,Marco Maldonado,RB,https://a.espncdn.com/i/headshots/college-football/players/full/5085946.png
5085958,Jariyah Sawyer,WR,https://a.espncdn.com/i/headshots/college-football/players/full/5085958.png
5085960,Brady Hutchison,WR,https://a.espncdn.com/i/headshots/college-football/players/full/5085960.png
5085962,Mason Mozo,TE,https://a.espncdn.com/i/headshots/college-football/players/full/5085962.png
5085972,Kainoa Carvalho,WR,https://a.espncdn.com/i/headshots/college-football/players/full/5085972.png
5086027,T.J. Harden,RB,https://a.espncdn.com/i/headshots/college-football/players/full/5086027.png
5086034,Cam Edwards,RB,https://a.espncdn.com/i/headshots/college-football/players/full/5086034.png
5086046,Chad Mascoe Jr.,QB,https://a.espncdn.com/i/headshots/college-football/players/full/5086046.png
5086050,NaQuari Rogers,RB,https://a.espncdn.com/i/headshots/college-football/players/full/5086050.png
5086051,VJ Wilkins,WR,https://a.espncdn.com/i/headshots/college-football/players/full/5086051.png
5086052,Chaney Fitzgeraled,WR,https://a.espncdn.com/i/headshots/college-football/players/full/5086052.png
5086056,Melvin Davis,RB,https://a.espncdn.com/i/headshots/college-football/players/full/5086056.png
5086079,John Anthony Jr.,WR,https://a.espncdn.com/i/headshots/college-football/players/full/5086079.png
5086086,Drew Krobath,WR,https://a.espncdn.com/i/headshots/college-football/players/full/5086086.png
5086091,Jared Rhodes,RB,https://a.espncdn.com/i/headshots/college-football/players/full/5086091.png
5086095,Terence Marshall,WR,https://a.espncdn.com/i/headshots/college-football/players/full/5086095.png
5086096,Lawayne McCoy,WR,https://a.espncdn.com/i/headshots/college-football/players/full/5086096.png
5086097,Jaheim Merriweather,RB,https://a.espncdn.com/i/headshots/college-football/players/full/5086097.png
5086101,Cameron Monteiro,WR,https://a.espncdn.com/i/headshots/college-football/players/full/5086101.png
5086102,Cameron Hergott,WR,https://a.espncdn.com/i/headshots/college-football/players/full/5086102.png
5086150,Ryan Schwendeman,TE,https://a.espncdn.com/i/headshots/college-football/players/full/5086150.png
5086182,Jack Capaldi,QB,https://a.espncdn.com/i/headshots/college-football/players/full/5086182.png
5086185,Jack Betten,WR,https://a.espncdn.com/i/headshots/college-football/players/full/5086185.png
5086192,Jack Kaiser,RB,https://a.espncdn.com/i/headshots/college-football/players/full/5086192.png
5086201,Walker Adkinson,RB,https://a.espncdn.com/i/headshots/college-football/players/full/5086201.png
5086202,Chris Tuck II,TE,https://a.espncdn.com/i/headshots/college-football/players/full/5086202.png
5086204,Matt Buron,TE,https://a.espncdn.com/i/headshots/college-football/players/full/5086204.png
5086218,Sam Hicks,RB,https://a.espncdn.com/i/headshots/college-football/players/full/5086218.png
5086233,Jesse Prewitt III,WR,https://a.espncdn.com/i/headshots/college-football/players/full/5086233.png
5086240,Donovan Green,TE,https://a.espncdn.com/i/headshots/college-football/players/full/5086240.png
5086241,AJ DiNota,RB,https://a.espncdn.com/i/headshots/college-football/players/full/5086241.png
5086378,Diore Hubbard,RB,https://a.espncdn.com/i/headshots/college-football/players/full/5086378.png
5086379,Brandon Hood,RB,https://a.espncdn.com/i/headshots/college-football/players/full/5086379.png
5086388,Kewan Lacy,RB,https://a.espncdn.com/i/headshots/college-football/players/full/5086388.png
5086392,Jamaal Wiley,RB,https://a.espncdn.com/i/headshots/college-football/players/full/5086392.png
5086393,J'Koby Williams,RB,https://a.espncdn.com/i/headshots/college-football/players/full/5086393.png
5086448,Kamrean Johnson,TE,https://a.espncdn.com/i/headshots/college-football/players/full/5086448.png
5086450,Brandon Rehmann,WR,https://a.espncdn.com/i/headshots/college-football/players/full/5086450.png
5086464,Lonnie Adkism,WR,https://a.espncdn.com/i/headshots/college-football/players/full/5086464.png
5086505,Samuel Gbatu Jr.,WR,https://a.espncdn.com/i/headshots/college-football/players/full/5086505.png
5086517,William Lankford,WR,https://a.espncdn.com/i/headshots/college-football/players/full/5086517.png
5086529,Cody Hardy,TE,https://a.espncdn.com/i/headshots/college-football/players/full/5086529.png
5086540,Landyn Backey,WR,https://a.espncdn.com/i/headshots/college-football/players/full/5086540.png
5086607,Mikey Welsh,WR,https://a.espncdn.com/i/headshots/college-football/players/full/5086607.png
5086627,Cole Tannenbaum,QB,https://a.espncdn.com/i/headshots/college-football/players/full/5086627.png
5086628,AJ Jones,WR,https://a.espncdn.com/i/headshots/college-football/players/full/5086628.png
5086629,Rex Haynes,WR,https://a.espncdn.com/i/headshots/college-football/players/full/5086629.png
5086713,Paul Geelen,RB,https://a.espncdn.com/i/headshots/college-football/players/full/5086713.png
5086883,Jaden Scott,WR,https://a.espncdn.com/i/headshots/college-football/players/full/5086883.png
5086893,Donovan Shepard,RB,https://a.espncdn.com/i/headshots/college-football/players/full/5086893.png
5086903,Chad Staley,WR,https://a.espncdn.com/i/headshots/college-football/players/full/5086903.png
5086920,Eli Brickhandler,QB,https://a.espncdn.com/i/headshots/college-football/players/full/5086920.png
5086921,Amonte Jones,WR,https://a.espncdn.com/i/headshots/college-football/players/full/5086921.png
5086933,Christian MacDonald,WR,https://a.espncdn.com/i/headshots/college-football/players/full/5086933.png
5086946,Elijah Kennedy,WR,https://a.espncdn.com/i/headshots/college-football/players/full/5086946.png
5086952,Jo Silver,RB,https://a.espncdn.com/i/headshots/college-football/players/full/5086952.png
5086956,Elijah Sessoms,TE,https://a.espncdn.com/i/headshots/college-football/players/full/5086956.png
5087069,Max Mosey,WR,https://a.espncdn.com/i/headshots/college-football/players/full/5087069.png
5087070,Sam Slade,RB,https://a.espncdn.com/i/headshots/college-football/players/full/5087070.png
5087072,Nathan Schillinger,TE,https://a.espncdn.com/i/headshots/college-football/players/full/5087072.png
5087081,Blake Youngblood,WR,https://a.espncdn.com/i/headshots/college-football/players/full/5087081.png
5087090,Aboraa Kwarteng,WR,https://a.espncdn.com/i/headshots/college-football/players/full/5087090.png
5087095,Justin Bloise,WR,https://a.espncdn.com/i/headshots/college-football/players/full/5087095.png
5087130,Jordan Heisey,QB,https://a.espncdn.com/i/headshots/college-football/players/full/5087130.png
5087149,Dewey Byrd,WR,https://a.espncdn.com/i/headshots/college-football/players/full/5087149.png
5087150,Alex Gochis,WR,https://a.espncdn.com/i/headshots/college-football/players/full/5087150.png
5087156,Nathan Hayes,QB,https://a.espncdn.com/i/headshots/college-football/players/full/5087156.png
5087167,Kaden Zenzen,TE,https://a.espncdn.com/i/headshots/college-football/players/full/5087167.png
5087169,Luke Kokat,TE,https://a.espncdn.com/i/headshots/college-football/players/full/5087169.png
5087189,Caden Dennis,WR,https://a.espncdn.com/i/headshots/college-football/players/full/5087189.png
5087198,Haydn Stay,TE,https://a.espncdn.com/i/headshots/college-football/players/full/5087198.png
5087240,Eddie Kasper,WR,https://a.espncdn.com/i/headshots/college-football/players/full/5087240.png
5087241,Max Ziebarth,TE,https://a.espncdn.com/i/headshots/college-football/players/full/5087241.png
5087251,Kevon King,RB,https://a.espncdn.com/i/headshots/college-football/players/full/5087251.png
5087296,Breylin Smith,WR,https://a.espncdn.com/i/headshots/college-football/players/full/5087296.png
5087297,Ja'Shawn Scroggins,QB,https://a.espncdn.com/i/headshots/college-football/players/full/5087297.png
5087357,DeAndre Buchannon,WR,https://a.espncdn.com/i/headshots/college-football/players/full/5087357.png
5087367,Asa Wondeh,WR,https://a.espncdn.com/i/headshots/college-football/players/full/5087367.png
5087687,Eli Gillman,RB,https://a.espncdn.com/i/headshots/college-football/players/full/5087687.png
5087700,Vincent Genatone,RB,https://a.espncdn.com/i/headshots/college-football/players/full/5087700.png
5087722,Justin Reshard,WR,https://a.espncdn.com/i/headshots/college-football/players/full/5087722.png
5087747,Jayce Freeman,WR,https://a.espncdn.com/i/headshots/college-football/players/full/5087747.png
5087866,Tyree Taylor,WR,https://a.espncdn.com/i/headshots/college-football/players/full/5087866.png
5087870,Kaleb Jackson,QB,https://a.espncdn.com/i/headshots/college-football/players/full/5087870.png
5087930,Jamill Williams,WR,https://a.espncdn.com/i/headshots/college-football/players/full/5087930.png
5088143,Terik Mulder,TE,https://a.espncdn.com/i/headshots/college-football/players/full/5088143.png
5088153,Micahi Danzy,WR,https://a.espncdn.com/i/headshots/college-football/players/full/5088153.png
5088159,Chris Domercant,WR,https://a.espncdn.com/i/headshots/college-football/players/full/5088159.png
5088163,Jermaine Corbett,RB,https://a.espncdn.com/i/headshots/college-football/players/full/5088163.png
5088170,Cole Clarke,TE,https://a.espncdn.com/i/headshots/college-football/players/full/5088170.png
5088196,Noah Canty,TE,https://a.espncdn.com/i/headshots/college-football/players/full/5088196.png
5088334,Nick Whitfield Jr.,QB,https://a.espncdn.com/i/headshots/college-football/players/full/5088334.png
5088336,Makai Jackson,WR,https://a.espncdn.com/i/headshots/college-football/players/full/5088336.png
5088338,Elijah Sarratt,WR,https://a.espncdn.com/i/headshots/college-football/players/full/5088338.png
5088339,Adrian Mejia,QB,https://a.espncdn.com/i/headshots/college-football/players/full/5088339.png
5088340,Quasean Holmes,RB,https://a.espncdn.com/i/headshots/college-football/players/full/5088340.png
5088356,Brayden Porter,RB,https://a.espncdn.com/i/headshots/college-football/players/full/5088356.png
5088375,Jake Bruno,TE,https://a.espncdn.com/i/headshots/college-football/players/full/5088375.png
5088378,Scott Raymond,TE,https://a.espncdn.com/i/headshots/college-football/players/full/5088378.png
5088418,Tyler Ebel,RB,https://a.espncdn.com/i/headshots/college-football/players/full/5088418.png
5088421,Charles Pierre Jr.,RB,https://a.espncdn.com/i/headshots/college-football/players/full/5088421.png
5088435,Tysen Boze,WR,https://a.espncdn.com/i/headshots/college-football/players/full/5088435.png
5088564,Ellis Bynum,RB,https://a.espncdn.com/i/headshots/college-football/players/full/5088564.png
5088571,Bryce Boettcher,RB,https://a.espncdn.com/i/headshots/college-football/players/full/5088571.png
5088579,Ross James,RB,https://a.espncdn.com/i/headshots/college-football/players/full/5088579.png
5088628,Zack Marshall,TE,https://a.espncdn.com/i/headshots/college-football/players/full/5088628.png
5088774,Hudson Kaak,RB,https://a.espncdn.com/i/headshots/college-football/players/full/5088774.png
5088851,Tre'Von Taylor,QB,https://a.espncdn.com/i/headshots/college-football/players/full/5088851.png
5088861,Levi Wilkins,TE,https://a.espncdn.com/i/headshots/college-football/players/full/5088861.png
5088888,Torrance Burgess Jr.,RB,https://a.espncdn.com/i/headshots/college-football/players/full/5088888.png
5088893,Cade McConnell,QB,https://a.espncdn.com/i/headshots/college-football/players/full/5088893.png
5088896,Keith Jenkins Jr.,RB,https://a.espncdn.com/i/headshots/college-football/players/full/5088896.png
5088910,Joseph Kennerly Jr.,WR,https://a.espncdn.com/i/headshots/college-football/players/full/5088910.png
5088952,Eric Olsen,TE,https://a.espncdn.com/i/headshots/college-football/players/full/5088952.png
5088960,Reggie Graff,QB,https://a.espncdn.com/i/headshots/college-football/players/full/5088960.png
5088974,Carter James,RB,https://a.espncdn.com/i/headshots/college-football/players/full/5088974.png
5089003,Colin Chase,WR,https://a.espncdn.com/i/headshots/college-football/players/full/5089003.png
5089028,Marcus Harris II,RB,https://a.espncdn.com/i/headshots/college-football/players/full/5089028.png
5089070,Richie Hoskins,WR,https://a.espncdn.com/i/headshots/college-football/players/full/5089070.png
5089171,Dominic Rezac,RB,https://a.espncdn.com/i/headshots/college-football/players/full/5089171.png
5089175,Landon Wells,WR,https://a.espncdn.com/i/headshots/college-football/players/full/5089175.png
5089179,Bryan Henry,TE,https://a.espncdn.com/i/headshots/college-football/players/full/5089179.png
5089182,CJ Nelson,WR,https://a.espncdn.com/i/headshots/college-football/players/full/5089182.png
5089279,Seth Glatz,RB,https://a.espncdn.com/i/headshots/college-football/players/full/5089279.png
5089300,Elijah Griffin,WR,https://a.espncdn.com/i/headshots/college-football/players/full/5089300.png
5089309,Jake Stearney,QB,https://a.espncdn.com/i/headshots/college-football/players/full/5089309.png
5089314,Hank Brown,QB,https://a.espncdn.com/i/headshots/college-football/players/full/5089314.png
5089327,Samaj Jones,QB,https://a.espncdn.com/i/headshots/college-football/players/full/5089327.png
5089453,Miles Kitselman,TE,https://a.espncdn.com/i/headshots/college-football/players/full/5089453.png
5089455,Michael Lorino III,RB,https://a.espncdn.com/i/headshots/college-football/players/full/5089455.png
5089486,Kylan Galbreath,RB,https://a.espncdn.com/i/headshots/college-football/players/full/5089486.png
5089501,Malachi Williams,WR,https://a.espncdn.com/i/headshots/college-football/players/full/5089501.png
5089512,Parker Perry,WR,https://a.espncdn.com/i/headshots/college-football/players/full/5089512.png
5089535,Desmond Reid,RB,https://a.espncdn.com/i/headshots/college-football/players/full/5089535.png
5089539,Censere Lee,WR,https://a.espncdn.com/i/headshots/college-football/players/full/5089539.png
5089540,Cole Gonzales,QB,https://a.espncdn.com/i/headshots/college-football/players/full/5089540.png
5089545,De'Andre Tamarez,WR,https://a.espncdn.com/i/headshots/college-football/players/full/5089545.png
5089547,Corey Reddick,RB,https://a.espncdn.com/i/headshots/college-football/players/full/5089547.png
5089549,Malik Knight,WR,https://a.espncdn.com/i/headshots/college-football/players/full/5089549.png
5089560,Camury Reid,RB,https://a.espncdn.com/i/headshots/college-football/players/full/5089560.png
5089572,AJ Colombo,WR,https://a.espncdn.com/i/headshots/college-football/players/full/5089572.png
5089859,Floyd Chalk IV,RB,https://a.espncdn.com/i/headshots/college-football/players/full/5089859.png
5089860,Chance Williams,RB,https://a.espncdn.com/i/headshots/college-football/players/full/5089860.png
5089861,Phaizon Wilson,WR,https://a.espncdn.com/i/headshots/college-football/players/full/5089861.png
5089862,Quaterius Hawkins,QB,https://a.espncdn.com/i/headshots/college-football/players/full/5089862.png
5089865,Dedrick Talbert,RB,https://a.espncdn.com/i/headshots/college-football/players/full/5089865.png
5089868,Covadis Knighten,TE,https://a.espncdn.com/i/headshots/college-football/players/full/5089868.png
5090097,Patrick Bowen,RB,https://a.espncdn.com/i/headshots/college-football/players/full/5090097.png
5091003,Cameron Ambrose,WR,https://a.espncdn.com/i/headshots/college-football/players/full/5091003.png
5091026,Trace Corum,WR,https://a.espncdn.com/i/headshots/college-football/players/full/5091026.png
5091384,Dallas Elliott,WR,https://a.espncdn.com/i/headshots/college-football/players/full/5091384.png
5091564,Aidan Leffler,QB,https://a.espncdn.com/i/headshots/college-football/players/full/5091564.png
5091596,Dahya Patel,WR,https://a.espncdn.com/i/headshots/college-football/players/full/5091596.png
5091725,Lee Beebe Jr.,RB,https://a.espncdn.com/i/headshots/college-football/players/full/5091725.png
5091730,Seth Knothe,RB,https://a.espncdn.com/i/headshots/college-football/players/full/5091730.png
5091736,George Arata,RB,https://a.espncdn.com/i/headshots/college-football/players/full/5091736.png
5091739,Chris Brazzell II,WR,https://a.espncdn.com/i/headshots/college-football/players/full/5091739.png
5091741,Brice Busch,RB,https://a.espncdn.com/i/headshots/college-football/players/full/5091741.png
5091744,Garrett Mmahat,WR,https://a.espncdn.com/i/headshots/college-football/players/full/5091744.png
5091753,Fabian Rogosch,TE,https://a.espncdn.com/i/headshots/college-football/players/full/5091753.png
5091764,Ismael Zamor,WR,https://a.espncdn.com/i/headshots/college-football/players/full/5091764.png
5091791,Kylon Harris,WR,https://a.espncdn.com/i/headshots/college-football/players/full/5091791.png
5091794,Jerrell Wimbley,RB,https://a.espncdn.com/i/headshots/college-football/players/full/5091794.png
5091828,Lofton Howard,TE,https://a.espncdn.com/i/headshots/college-football/players/full/5091828.png
5091830,Cam'ron Lacy,WR,https://a.espncdn.com/i/headshots/college-football/players/full/5091830.png
5091836,Jaxon Potter,QB,https://a.espncdn.com/i/headshots/college-football/players/full/5091836.png
5091845,Zeke Wimbush,TE,https://a.espncdn.com/i/headshots/college-football/players/full/5091845.png
5091890,Kadin Semonza,QB,https://a.espncdn.com/i/headshots/college-football/players/full/5091890.png
5091891,Lamar Sperling,RB,https://a.espncdn.com/i/headshots/college-football/players/full/5091891.png
5092200,Preston Rex,RB,https://a.espncdn.com/i/headshots/college-football/players/full/5092200.png
5092256,Cole Rhett,WR,https://a.espncdn.com/i/headshots/college-football/players/full/5092256.png
5092275,Ty Dieffenbach,QB,https://a.espncdn.com/i/headshots/college-football/players/full/5092275.png
5092287,Muaaz Byard,RB,https://a.espncdn.com/i/headshots/college-football/players/full/5092287.png
5092322,Dominic Dutton,WR,https://a.espncdn.com/i/headshots/college-football/players/full/5092322.png
5092348,Jaden Gibson,WR,https://a.espncdn.com/i/headshots/college-football/players/full/5092348.png
5092352,Chris Lofton,WR,https://a.espncdn.com/i/headshots/college-football/players/full/5092352.png
5092410,Dorian Fleming,TE,https://a.espncdn.com/i/headshots/college-football/players/full/5092410.png
5092419,Josh Altsman,TE,https://a.espncdn.com/i/headshots/college-football/players/full/5092419.png
5092470,Ty Mims,WR,https://a.espncdn.com/i/headshots/college-football/players/full/5092470.png
5092477,Nick Cenacle,WR,https://a.espncdn.com/i/headshots/college-football/players/full/5092477.png
5092483,Josiah Freeman,WR,https://a.espncdn.com/i/headshots/college-football/players/full/5092483.png
5092484,Ryan Warkentin,RB,https://a.espncdn.com/i/headshots/college-football/players/full/5092484.png
5092508,Colbie Young,WR,https://a.espncdn.com/i/headshots/college-football/players/full/5092508.png
5092511,Brock Hansel,QB,https://a.espncdn.com/i/headshots/college-football/players/full/5092511.png
5092662,JD Sherrod,QB,https://a.espncdn.com/i/headshots/college-football/players/full/5092662.png
5092663,Jarvis Jones,WR,https://a.espncdn.com/i/headshots/college-football/players/full/5092663.png
5092666,Trey Firestone,WR,https://a.espncdn.com/i/headshots/college-football/players/full/5092666.png
5092781,Jack Turner,QB,https://a.espncdn.com/i/headshots/college-football/players/full/5092781.png
5092787,Marlion Jackson,WR,https://a.espncdn.com/i/headshots/college-football/players/full/5092787.png
5092811,CJ Miller,RB,https://a.espncdn.com/i/headshots/college-football/players/full/5092811.png
5092824,Sawyer Burt,TE,https://a.espncdn.com/i/headshots/college-football/players/full/5092824.png
5092954,Max Dowling,TE,https://a.espncdn.com/i/headshots/college-football/players/full/5092954.png
5092965,Parker Clark,WR,https://a.espncdn.com/i/headshots/college-football/players/full/5092965.png
5092967,Hunter Krepp,WR,https://a.espncdn.com/i/headshots/college-football/players/full/5092967.png
5092976,Todd Pelino,RB,https://a.espncdn.com/i/headshots/college-football/players/full/5092976.png
5093009,Carl Chester,WR,https://a.espncdn.com/i/headshots/college-football/players/full/5093009.png
5093062,Tre Stewart,RB,https://a.espncdn.com/i/headshots/college-football/players/full/5093062.png
5093137,Isaac Koch,WR,https://a.espncdn.com/i/headshots/college-football/players/full/5093137.png
5093141,Jarvis Green,RB,https://a.espncdn.com/i/headshots/college-football/players/full/5093141.png
5093183,Demarcus Lacey,WR,https://a.espncdn.com/i/headshots/college-football/players/full/5093183.png
5093185,Noah Walters,QB,https://a.espncdn.com/i/headshots/college-football/players/full/5093185.png
5093189,Dakota Warfield,WR,https://a.espncdn.com/i/headshots/college-football/players/full/5093189.png
5093197,Jalyn Daniels,RB,https://a.espncdn.com/i/headshots/college-football/players/full/5093197.png
5093217,Kaleb Heatherly,TE,https://a.espncdn.com/i/headshots/college-football/players/full/5093217.png
5093292,Cade Carruth,QB,https://a.espncdn.com/i/headshots/college-football/players/full/5093292.png
5093373,Hayden Kincheloe,RB,https://a.espncdn.com/i/headshots/college-football/players/full/5093373.png
5093395,Zachary Dodson-Greene,WR,https://a.espncdn.com/i/headshots/college-football/players/full/5093395.png
5093396,Rylan Schlepp,TE,https://a.espncdn.com/i/headshots/college-football/players/full/5093396.png
5093733,Joshua Acord,TE,https://a.espncdn.com/i/headshots/college-football/players/full/5093733.png
5093752,Noah Cronquist,WR,https://a.espncdn.com/i/headshots/college-football/players/full/5093752.png
5093761,Chance Arbon,WR,https://a.espncdn.com/i/headshots/college-football/players/full/5093761.png
5093767,Zach Mitchell,WR,https://a.espncdn.com/i/headshots/college-football/players/full/5093767.png
5093836,Evan King,TE,https://a.espncdn.com/i/headshots/college-football/players/full/5093836.png
5093837,Chris Hunter,WR,https://a.espncdn.com/i/headshots/college-football/players/full/5093837.png
5093886,Kamari Moulton,RB,https://a.espncdn.com/i/headshots/college-football/players/full/5093886.png
5093922,Maealiuaki Smith,QB,https://a.espncdn.com/i/headshots/college-football/players/full/5093922.png
5093923,Andrew Armstrong,WR,https://a.espncdn.com/i/headshots/college-football/players/full/5093923.png
5093925,Jaden Proctor,WR,https://a.espncdn.com/i/headshots/college-football/players/full/5093925.png
5093929,Eric Rodriguez,QB,https://a.espncdn.com/i/headshots/college-football/players/full/5093929.png
5093936,Darlington Frasch,RB,https://a.espncdn.com/i/headshots/college-football/players/full/5093936.png
5093944,EJ Oakmon,RB,https://a.espncdn.com/i/headshots/college-football/players/full/5093944.png
5093994,Dawson Hearne,TE,https://a.espncdn.com/i/headshots/college-football/players/full/5093994.png
5094032,Nico Brown,WR,https://a.espncdn.com/i/headshots/college-football/players/full/5094032.png
5094035,Wilhelm Daal II,RB,https://a.espncdn.com/i/headshots/college-football/players/full/5094035.png
5094129,Donovan Wadley,WR,https://a.espncdn.com/i/headshots/college-football/players/full/5094129.png
5095076,Karim Page,WR,https://a.espncdn.com/i/headshots/college-football/players/full/5095076.png
5095077,Ephraim Floyd,WR,https://a.espncdn.com/i/headshots/college-football/players/full/5095077.png
5095078,Mel Brown,RB,https://a.espncdn.com/i/headshots/college-football/players/full/5095078.png
5095094,Caleb Borders,WR,https://a.espncdn.com/i/headshots/college-football/players/full/5095094.png
5095095,Hakeem Meggett,WR,https://a.espncdn.com/i/headshots/college-football/players/full/5095095.png
5095096,AJ Johnson,WR,https://a.espncdn.com/i/headshots/college-football/players/full/5095096.png
5095110,Kimon O'Sullivan,RB,https://a.espncdn.com/i/headshots/college-football/players/full/5095110.png
5095112,Zach Tanner,QB,https://a.espncdn.com/i/headshots/college-football/players/full/5095112.png
5095114,Nate Garnett Jr.,WR,https://a.espncdn.com/i/headshots/college-football/players/full/5095114.png
5095138,Trevor Wilson,TE,https://a.espncdn.com/i/headshots/college-football/players/full/5095138.png
5095156,Obinna Okeke,WR,https://a.espncdn.com/i/headshots/college-football/players/full/5095156.png
5095216,Kai Colon,QB,https://a.espncdn.com/i/headshots/college-football/players/full/5095216.png
5095218,Ryan Butler,RB,https://a.espncdn.com/i/headshots/college-football/players/full/5095218.png
5095242,Cyrus Ellison,TE,https://a.espncdn.com/i/headshots/college-football/players/full/5095242.png
5095245,Andre Washington,QB,https://a.espncdn.com/i/headshots/college-football/players/full/5095245.png
5095260,Shamontae Burgess,WR,https://a.espncdn.com/i/headshots/college-football/players/full/5095260.png
5095360,Eric Singleton Jr.,WR,https://a.espncdn.com/i/headshots/college-football/players/full/5095360.png
5095499,Jake Cady,QB,https://a.espncdn.com/i/headshots/college-football/players/full/5095499.png
5095771,Ethan Greenwood,QB,https://a.espncdn.com/i/headshots/college-football/players/full/5095771.png
5095779,Johnny Crawford III,RB,https://a.espncdn.com/i/headshots/college-football/players/full/5095779.png
5095780,Corey Ibrahim,RB,https://a.espncdn.com/i/headshots/college-football/players/full/5095780.png
5095815,Chris Mosley,RB,https://a.espncdn.com/i/headshots/college-football/players/full/5095815.png
5095834,Luke Bracey,TE,https://a.espncdn.com/i/headshots/college-football/players/full/5095834.png
5095835,Chauncey Spikes,WR,https://a.espncdn.com/i/headshots/college-football/players/full/5095835.png
5095915,Moussa Barry,WR,https://a.espncdn.com/i/headshots/college-football/players/full/5095915.png
5096107,C'Quan Jnopierre,WR,https://a.espncdn.com/i/headshots/college-football/players/full/5096107.png
5096411,Dorian Collier,RB,https://a.espncdn.com/i/headshots/college-football/players/full/5096411.png
5096598,Cameren Smith,RB,https://a.espncdn.com/i/headshots/college-football/players/full/5096598.png
5096643,Bryson Burns,WR,https://a.espncdn.com/i/headshots/college-football/players/full/5096643.png
5096762,Johnny Jones,WR,https://a.espncdn.com/i/headshots/college-football/players/full/5096762.png
5096807,Connor Wisham,RB,https://a.espncdn.com/i/headshots/college-football/players/full/5096807.png
5096818,Jamarious Brooks,RB,https://a.espncdn.com/i/headshots/college-football/players/full/5096818.png
5096863,Kole Wilson,WR,https://a.espncdn.com/i/headshots/college-football/players/full/5096863.png
5096878,Dekalon Taylor,RB,https://a.espncdn.com/i/headshots/college-football/players/full/5096878.png
5096903,Ty Yocum,RB,https://a.espncdn.com/i/headshots/college-football/players/full/5096903.png
5096941,Jacorian Sewell,RB,https://a.espncdn.com/i/headshots/college-football/players/full/5096941.png
5096968,Trenton Leary,WR,https://a.espncdn.com/i/headshots/college-football/players/full/5096968.png
5096969,Kerien Charlo,WR,https://a.espncdn.com/i/headshots/college-football/players/full/5096969.png
5096974,Chaunzavia Lewis,RB,https://a.espncdn.com/i/headshots/college-football/players/full/5096974.png
5096981,Da'Veon Ford,RB,https://a.espncdn.com/i/headshots/college-football/players/full/5096981.png
5097058,Zach Palmer-Smith,RB,https://a.espncdn.com/i/headshots/college-football/players/full/5097058.png
5097140,Mason Andrade,TE,https://a.espncdn.com/i/headshots/college-football/players/full/5097140.png
5097193,Isaiah Lemmond,WR,https://a.espncdn.com/i/headshots/college-football/players/full/5097193.png
5097365,Michael Kirch,TE,https://a.espncdn.com/i/headshots/college-football/players/full/5097365.png
5097720,Narkel LeFlore,RB,https://a.espncdn.com/i/headshots/college-football/players/full/5097720.png
5097854,Lance Mason,TE,https://a.espncdn.com/i/headshots/college-football/players/full/5097854.png
5098133,Alex Jreige,RB,https://a.espncdn.com/i/headshots/college-football/players/full/5098133.png
5098135,Isaiah Smith,WR,https://a.espncdn.com/i/headshots/college-football/players/full/5098135.png
5098435,Elijah Sohn,TE,https://a.espncdn.com/i/headshots/college-football/players/full/5098435.png
5098448,Isaiah Freeman,QB,https://a.espncdn.com/i/headshots/college-football/players/full/5098448.png
5098472,Jayden Jenkins,RB,https://a.espncdn.com/i/headshots/college-football/players/full/5098472.png
5098580,Griffin Woodell,RB,https://a.espncdn.com/i/headshots/college-football/players/full/5098580.png
5098591,Carter Moses,TE,https://a.espncdn.com/i/headshots/college-football/players/full/5098591.png
5098610,Terrell Walden II,RB,https://a.espncdn.com/i/headshots/college-football/players/full/5098610.png
5098645,Daniel Weems,RB,https://a.espncdn.com/i/headshots/college-football/players/full/5098645.png
5098685,Trent Henry,WR,https://a.espncdn.com/i/headshots/college-football/players/full/5098685.png
5098702,Jordan Jeudy,WR,https://a.espncdn.com/i/headshots/college-football/players/full/5098702.png
5098806,Bennett Galloway,RB,https://a.espncdn.com/i/headshots/college-football/players/full/5098806.png
5098950,Cal McGough,RB,https://a.espncdn.com/i/headshots/college-football/players/full/5098950.png
5099141,Chris Smith,RB,https://a.espncdn.com/i/headshots/college-football/players/full/5099141.png
5099305,Antonio Meeks,WR,https://a.espncdn.com/i/headshots/college-football/players/full/5099305.png
5099307,Corey Petty,WR,https://a.espncdn.com/i/headshots/college-football/players/full/5099307.png
5099367,Allen Ortiz,WR,https://a.espncdn.com/i/headshots/college-football/players/full/5099367.png
5099550,Tamaj Hoffman,RB,https://a.espncdn.com/i/headshots/college-football/players/full/5099550.png
5099704,KD Dorsey,WR,https://a.espncdn.com/i/headshots/college-football/players/full/5099704.png
5099736,Ja'shon Benjamin,RB,https://a.espncdn.com/i/headshots/college-football/players/full/5099736.png
5099744,Jaxson Isaac,TE,https://a.espncdn.com/i/headshots/college-football/players/full/5099744.png
5100330,MJ Chirgwin,WR,https://a.espncdn.com/i/headshots/college-football/players/full/5100330.png
5100367,Gianni Rossitto,WR,https://a.espncdn.com/i/headshots/college-football/players/full/5100367.png
5100368,Francisco Pratts III,TE,https://a.espncdn.com/i/headshots/college-football/players/full/5100368.png
5100582,Hudson Clement,WR,https://a.espncdn.com/i/headshots/college-football/players/full/5100582.png
5100583,Will Dixon,TE,https://a.espncdn.com/i/headshots/college-football/players/full/5100583.png
5101124,Micah Alejado,QB,https://a.espncdn.com/i/headshots/college-football/players/full/5101124.png
5101621,Brandon Ramirez,RB,https://a.espncdn.com/i/headshots/college-football/players/full/5101621.png
5102031,Max Blanc,QB,https://a.espncdn.com/i/headshots/college-football/players/full/5102031.png
5102160,Derek Burrell,WR,https://a.espncdn.com/i/headshots/college-football/players/full/5102160.png
5102556,Cataurus Hicks,WR,https://a.espncdn.com/i/headshots/college-football/players/full/5102556.png
5102582,Landon Bell,WR,https://a.espncdn.com/i/headshots/college-football/players/full/5102582.png
5102806,Alex McDonald,TE,https://a.espncdn.com/i/headshots/college-football/players/full/5102806.png
5102932,Ethan Crite,WR,https://a.espncdn.com/i/headshots/college-football/players/full/5102932.png
5103004,Jared Roznos,WR,https://a.espncdn.com/i/headshots/college-football/players/full/5103004.png
5103176,Ken Talley,WR,https://a.espncdn.com/i/headshots/college-football/players/full/5103176.png
5103443,Jhae Drummer,WR,https://a.espncdn.com/i/headshots/college-football/players/full/5103443.png
5103514,Daidren Zipperer,WR,https://a.espncdn.com/i/headshots/college-football/players/full/5103514.png
5103639,Trelain Maddox,RB,https://a.espncdn.com/i/headshots/college-football/players/full/5103639.png
5103798,Daelen Alexander,RB,https://a.espncdn.com/i/headshots/college-football/players/full/5103798.png
5103836,Marshaun Brown,WR,https://a.espncdn.com/i/headshots/college-football/players/full/5103836.png
5103852,Dalton Carnes,WR,https://a.espncdn.com/i/headshots/college-football/players/full/5103852.png
5103912,Aaron Arteaga,WR,https://a.espncdn.com/i/headshots/college-football/players/full/5103912.png
5104052,David Alpers III,TE,https://a.espncdn.com/i/headshots/college-football/players/full/5104052.png
5104212,Jaren Hamilton,WR,https://a.espncdn.com/i/headshots/college-football/players/full/5104212.png
5104738,Ryan Browne,QB,https://a.espncdn.com/i/headshots/college-football/players/full/5104738.png
5104817,Jackson Wasserstrom,WR,https://a.espncdn.com/i/headshots/college-football/players/full/5104817.png
5104821,Brady Simmons,WR,https://a.espncdn.com/i/headshots/college-football/players/full/5104821.png
5104888,Grady O'Neill,WR,https://a.espncdn.com/i/headshots/college-football/players/full/5104888.png
5104968,Gabe Nunez,WR,https://a.espncdn.com/i/headshots/college-football/players/full/5104968.png
5105269,Sacovie White-Helton,WR,https://a.espncdn.com/i/headshots/college-football/players/full/5105269.png
5105334,Jackson Gilkey,QB,https://a.espncdn.com/i/headshots/college-football/players/full/5105334.png
5105336,Conner Kenyon,QB,https://a.espncdn.com/i/headshots/college-football/players/full/5105336.png
5105849,Devon Dampier,QB,https://a.espncdn.com/i/headshots/college-football/players/full/5105849.png
5106299,Ca'Lil Valentine,RB,https://a.espncdn.com/i/headshots/college-football/players/full/5106299.png
5106301,Kedren Young,RB,https://a.espncdn.com/i/headshots/college-football/players/full/5106301.png
5106897,Jack O'Connell,QB,https://a.espncdn.com/i/headshots/college-football/players/full/5106897.png
5107875,Cole Tabb,RB,https://a.espncdn.com/i/headshots/college-football/players/full/5107875.png
5108220,Kendrick Bell,WR,https://a.espncdn.com/i/headshots/college-football/players/full/5108220.png
5108225,Josiah Martin,WR,https://a.espncdn.com/i/headshots/college-football/players/full/5108225.png
5109317,David Lonergan,RB,https://a.espncdn.com/i/headshots/college-football/players/full/5109317.png
5109511,Cooper Rusk,WR,https://a.espncdn.com/i/headshots/college-football/players/full/5109511.png
5109518,Beau Brungard,QB,https://a.espncdn.com/i/headshots/college-football/players/full/5109518.png
5109520,Cephus Harris III,RB,https://a.espncdn.com/i/headshots/college-football/players/full/5109520.png
5109526,Da'Shaun Whatley,RB,https://a.espncdn.com/i/headshots/college-football/players/full/5109526.png
5110019,Kyan Mason,WR,https://a.espncdn.com/i/headshots/college-football/players/full/5110019.png
5110029,Jaxon Branch,WR,https://a.espncdn.com/i/headshots/college-football/players/full/5110029.png
5110101,EJ Caminong,QB,https://a.espncdn.com/i/headshots/college-football/players/full/5110101.png
5110168,Carter Nelson,TE,https://a.espncdn.com/i/headshots/college-football/players/full/5110168.png
5110451,Peyton Morgan,WR,https://a.espncdn.com/i/headshots/college-football/players/full/5110451.png
5110454,James Peoples,RB,https://a.espncdn.com/i/headshots/college-football/players/full/5110454.png
5110500,Kevin Riley,RB,https://a.espncdn.com/i/headshots/college-football/players/full/5110500.png
5110516,Arnold Barnes III,RB,https://a.espncdn.com/i/headshots/college-football/players/full/5110516.png
5110535,Kyson Brown,RB,https://a.espncdn.com/i/headshots/college-football/players/full/5110535.png
5110569,Anthony Miller,TE,https://a.espncdn.com/i/headshots/college-football/players/full/5110569.png
5111406,Tennel Bryant,WR,https://a.espncdn.com/i/headshots/college-football/players/full/5111406.png
5112634,Jaylin Marshall,WR,https://a.espncdn.com/i/headshots/college-football/players/full/5112634.png
5112656,Emmanuel Adebi,TE,https://a.espncdn.com/i/headshots/college-football/players/full/5112656.png
5112660,Solomon Locke,RB,https://a.espncdn.com/i/headshots/college-football/players/full/5112660.png
5112674,Bryant Wesco Jr.,WR,https://a.espncdn.com/i/headshots/college-football/players/full/5112674.png
5112719,Greyton Gannon,TE,https://a.espncdn.com/i/headshots/college-football/players/full/5112719.png
5113896,Cole LaCrue,QB,https://a.espncdn.com/i/headshots/college-football/players/full/5113896.png
5114311,Jackson Harris,WR,https://a.espncdn.com/i/headshots/college-football/players/full/5114311.png
5114312,Will Monney,TE,https://a.espncdn.com/i/headshots/college-football/players/full/5114312.png
5114313,Jordan Onovughe,WR,https://a.espncdn.com/i/headshots/college-football/players/full/5114313.png
5114331,Suderian Harrison,WR,https://a.espncdn.com/i/headshots/college-football/players/full/5114331.png
5114332,Jaivian Thomas,RB,https://a.espncdn.com/i/headshots/college-football/players/full/5114332.png
5114593,Ivan Carreon,WR,https://a.espncdn.com/i/headshots/college-football/players/full/5114593.png
5114594,Brycen Coleman,WR,https://a.espncdn.com/i/headshots/college-football/players/full/5114594.png
5114784,Montez Green,WR,https://a.espncdn.com/i/headshots/college-football/players/full/5114784.png
5115243,Trevor Rogers,WR,https://a.espncdn.com/i/headshots/college-football/players/full/5115243.png
5116115,Maxence LeBlanc,TE,https://a.espncdn.com/i/headshots/college-football/players/full/5116115.png
5116941,Korbin Hendrix,WR,https://a.espncdn.com/i/headshots/college-football/players/full/5116941.png
5117836,Jamari Person,WR,https://a.espncdn.com/i/headshots/college-football/players/full/5117836.png
5117848,Evan Dangler,TE,https://a.espncdn.com/i/headshots/college-football/players/full/5117848.png
5118001,Demetri Simmons,RB,https://a.espncdn.com/i/headshots/college-football/players/full/5118001.png
5118340,D'Angelo Ponds,WR,https://a.espncdn.com/i/headshots/college-football/players/full/5118340.png
5119233,Dayton Howard,WR,https://a.espncdn.com/i/headshots/college-football/players/full/5119233.png
5119307,Daniel Blood,WR,https://a.espncdn.com/i/headshots/college-football/players/full/5119307.png
5119434,Trey Weary,WR,https://a.espncdn.com/i/headshots/college-football/players/full/5119434.png
5119569,Taye Brown,RB,https://a.espncdn.com/i/headshots/college-football/players/full/5119569.png
5119658,JP Mikhael,TE,https://a.espncdn.com/i/headshots/college-football/players/full/5119658.png
5119659,Trent Thomas,TE,https://a.espncdn.com/i/headshots/college-football/players/full/5119659.png
5119743,Keynan Higgins,WR,https://a.espncdn.com/i/headshots/college-football/players/full/5119743.png
5119841,Dru DeShields,QB,https://a.espncdn.com/i/headshots/college-football/players/full/5119841.png
5119868,Jaylen Lloyd,WR,https://a.espncdn.com/i/headshots/college-football/players/full/5119868.png
5119873,Wyatt Hook,TE,https://a.espncdn.com/i/headshots/college-football/players/full/5119873.png
5120142,Tracy Stephens,TE,https://a.espncdn.com/i/headshots/college-football/players/full/5120142.png
5120299,Patrick Overmyer,TE,https://a.espncdn.com/i/headshots/college-football/players/full/5120299.png
5120317,Jordan Lovett,RB,https://a.espncdn.com/i/headshots/college-football/players/full/5120317.png
5120369,Keelan Crimmins,RB,https://a.espncdn.com/i/headshots/college-football/players/full/5120369.png
5120454,Caleb Goodie,WR,https://a.espncdn.com/i/headshots/college-football/players/full/5120454.png
5120456,Kwinten Ives,RB,https://a.espncdn.com/i/headshots/college-football/players/full/5120456.png
5120487,Braiden Staten,TE,https://a.espncdn.com/i/headshots/college-football/players/full/5120487.png
5120632,Dylan Rodd,WR,
5120669,Akeem Wright,WR,https://a.espncdn.com/i/headshots/college-football/players/full/5120669.png
5120735,Landon Walker,RB,https://a.espncdn.com/i/headshots/college-football/players/full/5120735.png
5120866,Jalen Brown,RB,https://a.espncdn.com/i/headshots/college-football/players/full/5120866.png
5120905,Brock Lium,TE,https://a.espncdn.com/i/headshots/college-football/players/full/5120905.png
5120970,Ismael Cisse,WR,https://a.espncdn.com/i/headshots/college-football/players/full/5120970.png
5120971,Aziah Johnson,WR,https://a.espncdn.com/i/headshots/college-football/players/full/5120971.png
5120977,Maxwell Moss,WR,https://a.espncdn.com/i/headshots/college-football/players/full/5120977.png
5121030,Jeremy Hecklinski,QB,https://a.espncdn.com/i/headshots/college-football/players/full/5121030.png
5121169,Darian Mensah,QB,https://a.espncdn.com/i/headshots/college-football/players/full/5121169.png
5121318,Mason Graham,TE,https://a.espncdn.com/i/headshots/college-football/players/full/5121318.png
5121334,Jayce Brown,WR,https://a.espncdn.com/i/headshots/college-football/players/full/5121334.png
5121384,Ezekiel Avit,WR,https://a.espncdn.com/i/headshots/college-football/players/full/5121384.png
5121453,Eli Finley,TE,https://a.espncdn.com/i/headshots/college-football/players/full/5121453.png
5121468,Jordon Harris,TE,https://a.espncdn.com/i/headshots/college-football/players/full/5121468.png
5121471,Tyshawn Russell,WR,https://a.espncdn.com/i/headshots/college-football/players/full/5121471.png
5121541,Cam Wallace,RB,https://a.espncdn.com/i/headshots/college-football/players/full/5121541.png
5121571,Ezell Jolly,RB,https://a.espncdn.com/i/headshots/college-football/players/full/5121571.png
5121601,Hunter Summers,WR,https://a.espncdn.com/i/headshots/college-football/players/full/5121601.png
5121607,Ke'Marion Baldwin,RB,https://a.espncdn.com/i/headshots/college-football/players/full/5121607.png
5121615,Jake Simpson,TE,https://a.espncdn.com/i/headshots/college-football/players/full/5121615.png
5121616,Grayson Tempest,WR,https://a.espncdn.com/i/headshots/college-football/players/full/5121616.png
5121636,Adam Parks,TE,https://a.espncdn.com/i/headshots/college-football/players/full/5121636.png
5121648,Blake Daniels,TE,https://a.espncdn.com/i/headshots/college-football/players/full/5121648.png
5121664,Kyle McNeal,WR,https://a.espncdn.com/i/headshots/college-football/players/full/5121664.png
5121666,Kam Shanks,WR,https://a.espncdn.com/i/headshots/college-football/players/full/5121666.png
5121691,Blaze Berlowitz,QB,https://a.espncdn.com/i/headshots/college-football/players/full/5121691.png
5121693,Bricen Brantley,WR,https://a.espncdn.com/i/headshots/college-football/players/full/5121693.png
5121696,Nate Burleson II,WR,https://a.espncdn.com/i/headshots/college-football/players/full/5121696.png
5121697,Jaylon Calhoun,RB,https://a.espncdn.com/i/headshots/college-football/players/full/5121697.png
5121707,Jarvis Hayes,WR,https://a.espncdn.com/i/headshots/college-football/players/full/5121707.png
5121709,Rickey Hunt Jr.,RB,https://a.espncdn.com/i/headshots/college-football/players/full/5121709.png
5121720,Noah Meyers,TE,https://a.espncdn.com/i/headshots/college-football/players/full/5121720.png
5121721,Jekail Middlebrook,RB,https://a.espncdn.com/i/headshots/college-football/players/full/5121721.png
5121745,MarShawn Ferguson Jr,WR,https://a.espncdn.com/i/headshots/college-football/players/full/5121745.png
5121750,Yamir Knight,WR,https://a.espncdn.com/i/headshots/college-football/players/full/5121750.png
5121763,Za'Marion Webber,RB,https://a.espncdn.com/i/headshots/college-football/players/full/5121763.png
5121782,Jaelen Smith,WR,https://a.espncdn.com/i/headshots/college-football/players/full/5121782.png
5121793,Peyton Streko,RB,https://a.espncdn.com/i/headshots/college-football/players/full/5121793.png
5121819,Luke Talich,WR,https://a.espncdn.com/i/headshots/college-football/players/full/5121819.png
5121879,Keshaun Singleton,WR,https://a.espncdn.com/i/headshots/college-football/players/full/5121879.png
5121893,Tony Livingston,TE,https://a.espncdn.com/i/headshots/college-football/players/full/5121893.png
5121898,Nader Chirchi,TE,https://a.espncdn.com/i/headshots/college-football/players/full/5121898.png
5121936,Brandon Phelps,WR,https://a.espncdn.com/i/headshots/college-football/players/full/5121936.png
5121998,Lacota Dippre,TE,https://a.espncdn.com/i/headshots/college-football/players/full/5121998.png
5122006,Landon Sides,WR,https://a.espncdn.com/i/headshots/college-football/players/full/5122006.png
5122018,Jacob Harris,TE,https://a.espncdn.com/i/headshots/college-football/players/full/5122018.png
5122033,Mitchell Viviano,TE,https://a.espncdn.com/i/headshots/college-football/players/full/5122033.png
5122043,Jaylen Poe,RB,https://a.espncdn.com/i/headshots/college-football/players/full/5122043.png
5122047,Jared Kelley,WR,https://a.espncdn.com/i/headshots/college-football/players/full/5122047.png
5122054,Aidan Armenta,QB,https://a.espncdn.com/i/headshots/college-football/players/full/5122054.png
5122060,Peyton Faulkner,TE,https://a.espncdn.com/i/headshots/college-football/players/full/5122060.png
5122064,Matthew Greene,WR,https://a.espncdn.com/i/headshots/college-football/players/full/5122064.png
5122072,Nic Trujillo,WR,https://a.espncdn.com/i/headshots/college-football/players/full/5122072.png
5122076,Cole Weaver,WR,https://a.espncdn.com/i/headshots/college-football/players/full/5122076.png
5122077,Charlie Williams,TE,https://a.espncdn.com/i/headshots/college-football/players/full/5122077.png
5122081,Tyler Little,TE,https://a.espncdn.com/i/headshots/college-football/players/full/5122081.png
5122082,Justin Stevenson,WR,https://a.espncdn.com/i/headshots/college-football/players/full/5122082.png
5122083,Jayden Williams,RB,https://a.espncdn.com/i/headshots/college-football/players/full/5122083.png
5122096,KeDarius Wade,WR,https://a.espncdn.com/i/headshots/college-football/players/full/5122096.png
5122106,Jackson Worley,TE,https://a.espncdn.com/i/headshots/college-football/players/full/5122106.png
5122147,Vaughn Blue,RB,https://a.espncdn.com/i/headshots/college-football/players/full/5122147.png
5122155,Brady Tillman III,RB,https://a.espncdn.com/i/headshots/college-football/players/full/5122155.png
5122157,Caden Creel,QB,https://a.espncdn.com/i/headshots/college-football/players/full/5122157.png
5122162,Jordan Smith,WR,https://a.espncdn.com/i/headshots/college-football/players/full/5122162.png
5122231,Harlem Berry,RB,https://a.espncdn.com/i/headshots/college-football/players/full/5122231.png
5122286,Reece Thomas,WR,https://a.espncdn.com/i/headshots/college-football/players/full/5122286.png
5122390,KJ Daniels,WR,https://a.espncdn.com/i/headshots/college-football/players/full/5122390.png
5122401,Darius Curry,QB,https://a.espncdn.com/i/headshots/college-football/players/full/5122401.png
5122403,Lorenzo Jenkins,WR,https://a.espncdn.com/i/headshots/college-football/players/full/5122403.png
5122448,JB Price,RB,https://a.espncdn.com/i/headshots/college-football/players/full/5122448.png
5122553,Peyton Lewis,RB,https://a.espncdn.com/i/headshots/college-football/players/full/5122553.png
5122554,Xavier Robinson,RB,https://a.espncdn.com/i/headshots/college-football/players/full/5122554.png
5122883,Dylan Lee,RB,https://a.espncdn.com/i/headshots/college-football/players/full/5122883.png
5122887,Luke Moga,QB,https://a.espncdn.com/i/headshots/college-football/players/full/5122887.png
5123048,Jason Patterson,RB,https://a.espncdn.com/i/headshots/college-football/players/full/5123048.png
5123193,DJ Jordan,WR,https://a.espncdn.com/i/headshots/college-football/players/full/5123193.png
5123477,Courtney Crutchfield,WR,https://a.espncdn.com/i/headshots/college-football/players/full/5123477.png
5123663,Isaac TeSlaa,WR,https://a.espncdn.com/i/headshots/college-football/players/full/5123663.png
5123665,Trey Owens,QB,https://a.espncdn.com/i/headshots/college-football/players/full/5123665.png
5123988,Taylor Bradshaw,WR,https://a.espncdn.com/i/headshots/college-football/players/full/5123988.png
5124334,PJ Martin,RB,https://a.espncdn.com/i/headshots/college-football/players/full/5124334.png
5124338,Josh Ford,TE,https://a.espncdn.com/i/headshots/college-football/players/full/5124338.png
5124516,Tre' Hartwell,RB,https://a.espncdn.com/i/headshots/college-football/players/full/5124516.png
5124584,Blake Barnett,QB,https://a.espncdn.com/i/headshots/college-football/players/full/5124584.png
5124975,Juelz Goff,RB,https://a.espncdn.com/i/headshots/college-football/players/full/5124975.png
5125012,Ismael Smith Flores,TE,https://a.espncdn.com/i/headshots/college-football/players/full/5125012.png
5125171,Jaylen Foster,RB,https://a.espncdn.com/i/headshots/college-football/players/full/5125171.png
5125301,Carson Cruver,QB,https://a.espncdn.com/i/headshots/college-football/players/full/5125301.png
5125335,Rodney Fields Jr.,RB,https://a.espncdn.com/i/headshots/college-football/players/full/5125335.png
5125366,Sesi Vailahi,RB,https://a.espncdn.com/i/headshots/college-football/players/full/5125366.png
5125521,Arhmad Branch,WR,https://a.espncdn.com/i/headshots/college-football/players/full/5125521.png
5125525,Jahzae Kimbrough,RB,https://a.espncdn.com/i/headshots/college-football/players/full/5125525.png
5125580,Chad Alexander,RB,https://a.espncdn.com/i/headshots/college-football/players/full/5125580.png
5125593,Bailey Stockton,WR,https://a.espncdn.com/i/headshots/college-football/players/full/5125593.png
5125595,Eric Nelson Jr.,WR,https://a.espncdn.com/i/headshots/college-football/players/full/5125595.png
5125715,Colton Joseph,QB,https://a.espncdn.com/i/headshots/college-football/players/full/5125715.png
5125724,Cam Crooks,RB,https://a.espncdn.com/i/headshots/college-football/players/full/5125724.png
5125726,CC Ezirim,TE,https://a.espncdn.com/i/headshots/college-football/players/full/5125726.png
5125730,Darrien Jones,RB,https://a.espncdn.com/i/headshots/college-football/players/full/5125730.png
5125733,Joey Mattord,RB,https://a.espncdn.com/i/headshots/college-football/players/full/5125733.png
5125734,Luke McGary,TE,https://a.espncdn.com/i/headshots/college-football/players/full/5125734.png
5125750,Jediyah Willoughby,WR,https://a.espncdn.com/i/headshots/college-football/players/full/5125750.png
5125754,Jai'Den Thomas,RB,https://a.espncdn.com/i/headshots/college-football/players/full/5125754.png
5125765,PJ Hatter,QB,https://a.espncdn.com/i/headshots/college-football/players/full/5125765.png
5125768,DeAngelo Irvin Jr.,WR,https://a.espncdn.com/i/headshots/college-football/players/full/5125768.png
5125784,Tyler Jacklich,RB,https://a.espncdn.com/i/headshots/college-football/players/full/5125784.png
5125819,Darrell Gill Jr.,WR,https://a.espncdn.com/i/headshots/college-football/players/full/5125819.png
5125823,D.J. McKinney,RB,https://a.espncdn.com/i/headshots/college-football/players/full/5125823.png
5125850,Tyree Kelly,WR,https://a.espncdn.com/i/headshots/college-football/players/full/5125850.png
5125900,Joshua Dye,RB,https://a.espncdn.com/i/headshots/college-football/players/full/5125900.png
5125905,Corri Milliner,WR,https://a.espncdn.com/i/headshots/college-football/players/full/5125905.png
5126464,Deuce Adams,QB,https://a.espncdn.com/i/headshots/college-football/players/full/5126464.png
5126465,Tim Carpenter,QB,https://a.espncdn.com/i/headshots/college-football/players/full/5126465.png
5126468,Will Hammond,QB,https://a.espncdn.com/i/headshots/college-football/players/full/5126468.png
5126470,Trever Jackson,QB,https://a.espncdn.com/i/headshots/college-football/players/full/5126470.png
5126471,Daniel Kaelin,QB,https://a.espncdn.com/i/headshots/college-football/players/full/5126471.png
5126472,JacQai Long,QB,https://a.espncdn.com/i/headshots/college-football/players/full/5126472.png
5126473,Whit Muschamp,QB,https://a.espncdn.com/i/headshots/college-football/players/full/5126473.png
5126474,Danny O'Neil,QB,https://a.espncdn.com/i/headshots/college-football/players/full/5126474.png
5126475,Trey Petty,QB,https://a.espncdn.com/i/headshots/college-football/players/full/5126475.png
5126510,Gideon Ituka,RB,https://a.espncdn.com/i/headshots/college-football/players/full/5126510.png
5126511,Jaedon Matthews,RB,https://a.espncdn.com/i/headshots/college-football/players/full/5126511.png
5126512,D'Marius Rucker,RB,https://a.espncdn.com/i/headshots/college-football/players/full/5126512.png
5126513,Jayden Scott,RB,https://a.espncdn.com/i/headshots/college-football/players/full/5126513.png
5126514,Harry Stewart III,RB,https://a.espncdn.com/i/headshots/college-football/players/full/5126514.png
5126515,Sam Dixon,RB,https://a.espncdn.com/i/headshots/college-football/players/full/5126515.png
5126524,Jakorion Caffey,RB,https://a.espncdn.com/i/headshots/college-football/players/full/5126524.png
5126526,Malachi Durant,WR,https://a.espncdn.com/i/headshots/college-football/players/full/5126526.png
5126534,Jeremy Scott,WR,https://a.espncdn.com/i/headshots/college-football/players/full/5126534.png
5126535,Aidan Steinfeldt,TE,https://a.espncdn.com/i/headshots/college-football/players/full/5126535.png
5126536,Ryner Swanson,TE,https://a.espncdn.com/i/headshots/college-football/players/full/5126536.png
5126537,Jamar Taylor Jr.,WR,https://a.espncdn.com/i/headshots/college-football/players/full/5126537.png
5127696,Clayton Dees,QB,https://a.espncdn.com/i/headshots/college-football/players/full/5127696.png
5127724,Christian Clark,RB,https://a.espncdn.com/i/headshots/college-football/players/full/5127724.png
5127805,JJ Harrell,WR,https://a.espncdn.com/i/headshots/college-football/players/full/5127805.png
5127810,Titus Cram,RB,https://a.espncdn.com/i/headshots/college-football/players/full/5127810.png
5127885,Kwazi Gilmer,WR,https://a.espncdn.com/i/headshots/college-football/players/full/5127885.png
5127900,Shay Smith,RB,https://a.espncdn.com/i/headshots/college-football/players/full/5127900.png
5128052,Dillon Hipp,TE,https://a.espncdn.com/i/headshots/college-football/players/full/5128052.png
5130407,Roger Saleapaga,TE,https://a.espncdn.com/i/headshots/college-football/players/full/5130407.png
5130792,Nitro Tuggle,WR,https://a.espncdn.com/i/headshots/college-football/players/full/5130792.png
5131876,Brady Shannon,RB,https://a.espncdn.com/i/headshots/college-football/players/full/5131876.png
5132253,Isiah Canion,WR,https://a.espncdn.com/i/headshots/college-football/players/full/5132253.png
5132629,Braylon Staley,WR,https://a.espncdn.com/i/headshots/college-football/players/full/5132629.png
5132643,Kale Woodburn,WR,https://a.espncdn.com/i/headshots/college-football/players/full/5132643.png
5132652,Ricky Johnson,WR,https://a.espncdn.com/i/headshots/college-football/players/full/5132652.png
5132795,Matt Ogunniyi,TE,https://a.espncdn.com/i/headshots/college-football/players/full/5132795.png
5132812,Aaron Philo,QB,https://a.espncdn.com/i/headshots/college-football/players/full/5132812.png
5134270,Trashon Dye,RB,https://a.espncdn.com/i/headshots/college-football/players/full/5134270.png
5136049,Duke Watson,RB,https://a.espncdn.com/i/headshots/college-football/players/full/5136049.png
5136179,Toney Coleman Jr.,RB,https://a.espncdn.com/i/headshots/college-football/players/full/5136179.png
5136180,Traville Frederick Jr.,TE,https://a.espncdn.com/i/headshots/college-football/players/full/5136180.png
5136754,Luke Carter,TE,https://a.espncdn.com/i/headshots/college-football/players/full/5136754.png
5136838,Willie Rodriguez,TE,https://a.espncdn.com/i/headshots/college-football/players/full/5136838.png
5138042,Zechariah Sample,WR,https://a.espncdn.com/i/headshots/college-football/players/full/5138042.png
5138131,Deshawn Purdie,QB,https://a.espncdn.com/i/headshots/college-football/players/full/5138131.png
5138132,Corey Smith,WR,https://a.espncdn.com/i/headshots/college-football/players/full/5138132.png
5138293,Reece Vander Zee,WR,https://a.espncdn.com/i/headshots/college-football/players/full/5138293.png
5138451,Luke Reynolds,TE,https://a.espncdn.com/i/headshots/college-football/players/full/5138451.png
5138656,Lane Wadle,TE,https://a.espncdn.com/i/headshots/college-football/players/full/5138656.png
5139055,Josh Ringer,RB,https://a.espncdn.com/i/headshots/college-football/players/full/5139055.png
5139057,Ashton Bethel-Roman,WR,https://a.espncdn.com/i/headshots/college-football/players/full/5139057.png
5139093,Amir Jackson,TE,https://a.espncdn.com/i/headshots/college-football/players/full/5139093.png
5139857,Caden Williams,RB,https://a.espncdn.com/i/headshots/college-football/players/full/5139857.png
5140261,Kason Stokes,WR,https://a.espncdn.com/i/headshots/college-football/players/full/5140261.png
5140620,Connor Moberly,QB,https://a.espncdn.com/i/headshots/college-football/players/full/5140620.png
5141351,Josiah Abdullah,WR,https://a.espncdn.com/i/headshots/college-football/players/full/5141351.png
5141358,Kiotti Armstrong,TE,https://a.espncdn.com/i/headshots/college-football/players/full/5141358.png
5141359,Dillon Alfred,WR,https://a.espncdn.com/i/headshots/college-football/players/full/5141359.png
5141361,Justin Baker,RB,https://a.espncdn.com/i/headshots/college-football/players/full/5141361.png
5141362,Jordan Allen,WR,https://a.espncdn.com/i/headshots/college-football/players/full/5141362.png
5141364,Russell Babineaux,WR,https://a.espncdn.com/i/headshots/college-football/players/full/5141364.png
5141366,Bryce Baker,QB,https://a.espncdn.com/i/headshots/college-football/players/full/5141366.png
5141367,Bear Bachmeier,QB,https://a.espncdn.com/i/headshots/college-football/players/full/5141367.png
5141371,Ethan Barbour,TE,https://a.espncdn.com/i/headshots/college-football/players/full/5141371.png
5141378,Cutter Boley,QB,https://a.espncdn.com/i/headshots/college-football/players/full/5141378.png
5141384,Phillip Bell,WR,https://a.espncdn.com/i/headshots/college-football/players/full/5141384.png
5141386,Tory Blaylock,RB,https://a.espncdn.com/i/headshots/college-football/players/full/5141386.png
5141388,Martels Carter Jr.,RB,https://a.espncdn.com/i/headshots/college-football/players/full/5141388.png
5141391,DaSaahn Brame,TE,https://a.espncdn.com/i/headshots/college-football/players/full/5141391.png
5141394,Lotzeir Brooks,WR,https://a.espncdn.com/i/headshots/college-football/players/full/5141394.png
5141395,EJ Colson,QB,https://a.espncdn.com/i/headshots/college-football/players/full/5141395.png
5141402,Royal Capell,WR,https://a.espncdn.com/i/headshots/college-football/players/full/5141402.png
5141406,Deion DeBlanc,WR,https://a.espncdn.com/i/headshots/college-football/players/full/5141406.png
5141409,Deandre Desinor,RB,https://a.espncdn.com/i/headshots/college-football/players/full/5141409.png
5141419,Harry Dalton III,RB,https://a.espncdn.com/i/headshots/college-football/players/full/5141419.png
5141420,Marquise Davis,RB,https://a.espncdn.com/i/headshots/college-football/players/full/5141420.png
5141422,Gideon Davidson,RB,https://a.espncdn.com/i/headshots/college-football/players/full/5141422.png
5141423,Jordon Davison,RB,https://a.espncdn.com/i/headshots/college-football/players/full/5141423.png
5141426,AK Dear,RB,https://a.espncdn.com/i/headshots/college-football/players/full/5141426.png
5141431,DJ Dugar,RB,https://a.espncdn.com/i/headshots/college-football/players/full/5141431.png
5141434,Elisha Durham,WR,https://a.espncdn.com/i/headshots/college-football/players/full/5141434.png
5141435,Jaime Ffrench Jr.,WR,https://a.espncdn.com/i/headshots/college-football/players/full/5141435.png
5141445,Quanell Farrakhan Jr.,WR,https://a.espncdn.com/i/headshots/college-football/players/full/5141445.png
5141448,Kamren Flowers,WR,https://a.espncdn.com/i/headshots/college-football/players/full/5141448.png
5141449,Ja'Kayden Ferguson,WR,https://a.espncdn.com/i/headshots/college-football/players/full/5141449.png
5141450,Semaj Fleming,WR,https://a.espncdn.com/i/headshots/college-football/players/full/5141450.png
5141452,D'Shaun Ford,RB,https://a.espncdn.com/i/headshots/college-football/players/full/5141452.png
5141456,TaRon Francis,WR,https://a.espncdn.com/i/headshots/college-football/players/full/5141456.png
5141461,Ryan Ghea,TE,https://a.espncdn.com/i/headshots/college-football/players/full/5141461.png
5141467,Luka Gilbert,TE,https://a.espncdn.com/i/headshots/college-football/players/full/5141467.png
5141471,Hardley Gilmore IV,WR,https://a.espncdn.com/i/headshots/college-football/players/full/5141471.png
5141473,AJ Hill,QB,https://a.espncdn.com/i/headshots/college-football/players/full/5141473.png
5141480,AJ Ia,TE,https://a.espncdn.com/i/headshots/college-football/players/full/5141480.png
5141487,Ty Hawkins,QB,https://a.espncdn.com/i/headshots/college-football/players/full/5141487.png
5141488,Zion Johnson,RB,https://a.espncdn.com/i/headshots/college-football/players/full/5141488.png
5141489,Tikey Hayes,RB,https://a.espncdn.com/i/headshots/college-football/players/full/5141489.png
5141499,Dierre Hill Jr.,RB,https://a.espncdn.com/i/headshots/college-football/players/full/5141499.png
5141501,Gracen Harris,WR,https://a.espncdn.com/i/headshots/college-football/players/full/5141501.png
5141505,Eugene Hilton Jr.,WR,https://a.espncdn.com/i/headshots/college-football/players/full/5141505.png
5141506,Deuce Knight,QB,https://a.espncdn.com/i/headshots/college-football/players/full/5141506.png
5141509,Karle Lacey Jr.,QB,https://a.espncdn.com/i/headshots/college-football/players/full/5141509.png
5141517,Bo Jackson,RB,https://a.espncdn.com/i/headshots/college-football/players/full/5141517.png
5141522,Iverson Howard,RB,https://a.espncdn.com/i/headshots/college-football/players/full/5141522.png
5141524,Kaliq Lockett,WR,https://a.espncdn.com/i/headshots/college-football/players/full/5141524.png
5141525,Koby Howard,WR,https://a.espncdn.com/i/headshots/college-football/players/full/5141525.png
5141530,Donovan Johnson,RB,https://a.espncdn.com/i/headshots/college-football/players/full/5141530.png
5141535,Lloyd Jones III,QB,https://a.espncdn.com/i/headshots/college-football/players/full/5141535.png
5141549,David McComb,QB,https://a.espncdn.com/i/headshots/college-football/players/full/5141549.png
5141555,Cameron Miller,WR,https://a.espncdn.com/i/headshots/college-football/players/full/5141555.png
5141556,TJ Lateef,QB,https://a.espncdn.com/i/headshots/college-football/players/full/5141556.png
5141558,Davon Mitchell,TE,https://a.espncdn.com/i/headshots/college-football/players/full/5141558.png
5141559,Chris Lawson,WR,https://a.espncdn.com/i/headshots/college-football/players/full/5141559.png
5141560,Ousmane Kromah,RB,https://a.espncdn.com/i/headshots/college-football/players/full/5141560.png
5141561,Jamarion Morrow,RB,https://a.espncdn.com/i/headshots/college-football/players/full/5141561.png
5141563,Husan Longstreet,QB,https://a.espncdn.com/i/headshots/college-football/players/full/5141563.png
5141565,Byron Louis,RB,https://a.espncdn.com/i/headshots/college-football/players/full/5141565.png
5141571,George MacIntyre,QB,https://a.espncdn.com/i/headshots/college-football/players/full/5141571.png
5141572,Andrew Marsh,WR,https://a.espncdn.com/i/headshots/college-football/players/full/5141572.png
5141575,Daylan McCutcheon,WR,https://a.espncdn.com/i/headshots/college-football/players/full/5141575.png
5141580,Adonis Moise,WR,https://a.espncdn.com/i/headshots/college-football/players/full/5141580.png
5141582,Donovan Olugbode,WR,https://a.espncdn.com/i/headshots/college-football/players/full/5141582.png
5141584,Naeshaun Montgomery,WR,https://a.espncdn.com/i/headshots/college-football/players/full/5141584.png
5141586,Dakorien Moore,WR,https://a.espncdn.com/i/headshots/college-football/players/full/5141586.png
5141588,Eli Owens,TE,https://a.espncdn.com/i/headshots/college-football/players/full/5141588.png
5141593,Joshua Moore,WR,https://a.espncdn.com/i/headshots/college-football/players/full/5141593.png
5141597,Cooper Perry,WR,https://a.espncdn.com/i/headshots/college-football/players/full/5141597.png
5141598,Daune Morris,RB,https://a.espncdn.com/i/headshots/college-football/players/full/5141598.png
5141599,Cortez Mills Jr.,WR,https://a.espncdn.com/i/headshots/college-football/players/full/5141599.png
5141601,Shamarius Peterkin,WR,https://a.espncdn.com/i/headshots/college-football/players/full/5141601.png
5141602,Ryan Montgomery,QB,https://a.espncdn.com/i/headshots/college-football/players/full/5141602.png
5141605,Luke Nickel,QB,https://a.espncdn.com/i/headshots/college-football/players/full/5141605.png
5141607,Isaiah Mozee,RB,https://a.espncdn.com/i/headshots/college-football/players/full/5141607.png
5141613,Quincy Porter,WR,https://a.espncdn.com/i/headshots/college-football/players/full/5141613.png
5141623,Jamarion Parker,RB,https://a.espncdn.com/i/headshots/college-football/players/full/5141623.png
5141625,Deante Ruffin,QB,https://a.espncdn.com/i/headshots/college-football/players/full/5141625.png
5141629,Keelon Russell,QB,https://a.espncdn.com/i/headshots/college-football/players/full/5141629.png
5141634,Steele Pizzella,QB,https://a.espncdn.com/i/headshots/college-football/players/full/5141634.png
5141640,Cam Sapp,WR,https://a.espncdn.com/i/headshots/college-football/players/full/5141640.png
5141643,Adam Schobel,QB,https://a.espncdn.com/i/headshots/college-football/players/full/5141643.png
5141653,Daylon Singleton,WR,https://a.espncdn.com/i/headshots/college-football/players/full/5141653.png
5141656,Nate Roberts,TE,https://a.espncdn.com/i/headshots/college-football/players/full/5141656.png
5141657,Isaiah Robinson,WR,https://a.espncdn.com/i/headshots/college-football/players/full/5141657.png
5141659,Akili Smith Jr.,QB,https://a.espncdn.com/i/headshots/college-football/players/full/5141659.png
5141661,Kevin Sperry,QB,https://a.espncdn.com/i/headshots/college-football/players/full/5141661.png
5141664,Stone Saunders,QB,https://a.espncdn.com/i/headshots/college-football/players/full/5141664.png
5141668,Taevion Swint,RB,https://a.espncdn.com/i/headshots/college-football/players/full/5141668.png
5141671,Talyn Taylor,WR,https://a.espncdn.com/i/headshots/college-football/players/full/5141671.png
5141677,Ja'Kyrian Turner,RB,https://a.espncdn.com/i/headshots/college-football/players/full/5141677.png
5141684,Austin Simmons,QB,https://a.espncdn.com/i/headshots/college-football/players/full/5141684.png
5141686,James Simon,RB,https://a.espncdn.com/i/headshots/college-football/players/full/5141686.png
5141687,Carter Smith,QB,https://a.espncdn.com/i/headshots/college-football/players/full/5141687.png
5141694,Maurice Stephens,WR,https://a.espncdn.com/i/headshots/college-football/players/full/5141694.png
5141695,Malik Washington,QB,https://a.espncdn.com/i/headshots/college-football/players/full/5141695.png
5141697,Winston Watkins Jr.,WR,https://a.espncdn.com/i/headshots/college-football/players/full/5141697.png
5141701,Isaiah West,RB,https://a.espncdn.com/i/headshots/college-football/players/full/5141701.png
5141711,Ryan Coleman-Williams,WR,https://a.espncdn.com/i/headshots/college-football/players/full/5141711.png
5141714,Kamran Williams,RB,https://a.espncdn.com/i/headshots/college-football/players/full/5141714.png
5141719,Elijah Thomas,WR,https://a.espncdn.com/i/headshots/college-football/players/full/5141719.png
5141722,Michael Thomas III,WR,https://a.espncdn.com/i/headshots/college-football/players/full/5141722.png
5141723,Dallas Wilson,WR,https://a.espncdn.com/i/headshots/college-football/players/full/5141723.png
5141729,Michael Terry III,RB,https://a.espncdn.com/i/headshots/college-football/players/full/5141729.png
5141740,Justin Thurman,RB,https://a.espncdn.com/i/headshots/college-football/players/full/5141740.png
5141741,Bryce Underwood,QB,https://a.espncdn.com/i/headshots/college-football/players/full/5141741.png
5141742,Jabree Coleman,RB,https://a.espncdn.com/i/headshots/college-football/players/full/5141742.png
5141744,Jack Van Dorselaer,TE,https://a.espncdn.com/i/headshots/college-football/players/full/5141744.png
5141746,Jacorey Watson,RB,https://a.espncdn.com/i/headshots/college-football/players/full/5141746.png
5141748,Cornelius Warren III,RB,https://a.espncdn.com/i/headshots/college-football/players/full/5141748.png
5141749,CJ Wiley,WR,https://a.espncdn.com/i/headshots/college-football/players/full/5141749.png
5141754,Armoni Weaver,WR,https://a.espncdn.com/i/headshots/college-football/players/full/5141754.png
5141756,Elyiss Williams,TE,https://a.espncdn.com/i/headshots/college-football/players/full/5141756.png
5141757,Emaree Winston,TE,https://a.espncdn.com/i/headshots/college-football/players/full/5141757.png
5141763,Amaree Williams,WR,https://a.espncdn.com/i/headshots/college-football/players/full/5141763.png
5141795,Braylon Isom,WR,https://a.espncdn.com/i/headshots/college-football/players/full/5141795.png
5141955,Jaydon Smith,WR,https://a.espncdn.com/i/headshots/college-football/players/full/5141955.png
5141975,Tanook Hines,WR,https://a.espncdn.com/i/headshots/college-football/players/full/5141975.png
5142140,Khobie Martin,RB,https://a.espncdn.com/i/headshots/college-football/players/full/5142140.png
5142146,Thomas Gotkowski,QB,https://a.espncdn.com/i/headshots/college-football/players/full/5142146.png
5142226,Xavier Williams,RB,https://a.espncdn.com/i/headshots/college-football/players/full/5142226.png
5142238,Tyler Mason,RB,https://a.espncdn.com/i/headshots/college-football/players/full/5142238.png
5142261,Brevin Doll,RB,https://a.espncdn.com/i/headshots/college-football/players/full/5142261.png
5142264,Jay Lindsey,TE,https://a.espncdn.com/i/headshots/college-football/players/full/5142264.png
5142265,Ryan Ward,TE,https://a.espncdn.com/i/headshots/college-football/players/full/5142265.png
5142319,Kyan Berry-Johnson,WR,https://a.espncdn.com/i/headshots/college-football/players/full/5142319.png
5142321,Chris Wheatley-Humphrey,RB,https://a.espncdn.com/i/headshots/college-football/players/full/5142321.png
5142588,Koi Perich,WR,https://a.espncdn.com/i/headshots/college-football/players/full/5142588.png
5142591,Kaleb Edwards,TE,https://a.espncdn.com/i/headshots/college-football/players/full/5142591.png
5142594,Madden Iamaleava,QB,https://a.espncdn.com/i/headshots/college-football/players/full/5142594.png
5142596,James Flanigan,TE,https://a.espncdn.com/i/headshots/college-football/players/full/5142596.png
5142597,Thomas Meyer,TE,https://a.espncdn.com/i/headshots/college-football/players/full/5142597.png
5142600,Waden Charles,WR,https://a.espncdn.com/i/headshots/college-football/players/full/5142600.png
5142604,Brock Schott,TE,https://a.espncdn.com/i/headshots/college-football/players/full/5142604.png
5142704,Carson Bruhn,TE,https://a.espncdn.com/i/headshots/college-football/players/full/5142704.png
5142743,Dakota Taylor,TE,https://a.espncdn.com/i/headshots/college-football/players/full/5142743.png
5142753,Jesse Watson,WR,https://a.espncdn.com/i/headshots/college-football/players/full/5142753.png
5143191,Micah Ford,RB,https://a.espncdn.com/i/headshots/college-football/players/full/5143191.png
5143595,Shaun Boykins Jr.,RB,https://a.espncdn.com/i/headshots/college-football/players/full/5143595.png
5143596,Jackson Ford,TE,https://a.espncdn.com/i/headshots/college-football/players/full/5143596.png
5143919,Jordan Malauulu,WR,https://a.espncdn.com/i/headshots/college-football/players/full/5143919.png
5143920,John Rogers,TE,https://a.espncdn.com/i/headshots/college-football/players/full/5143920.png
5143923,Derek Meadows,WR,https://a.espncdn.com/i/headshots/college-football/players/full/5143923.png
5144023,Jackson Voth,WR,https://a.espncdn.com/i/headshots/college-football/players/full/5144023.png
5144078,Ethan Grunkemeyer,QB,https://a.espncdn.com/i/headshots/college-football/players/full/5144078.png
5144084,Jahmari Powell-Wonson,WR,https://a.espncdn.com/i/headshots/college-football/players/full/5144084.png
5144160,Keelan Smith,WR,https://a.espncdn.com/i/headshots/college-football/players/full/5144160.png
5144164,Riley Wormley,RB,https://a.espncdn.com/i/headshots/college-football/players/full/5144164.png
5144207,Jace Stuckey,QB,https://a.espncdn.com/i/headshots/college-football/players/full/5144207.png
5144288,Ben Grice,WR,https://a.espncdn.com/i/headshots/college-football/players/full/5144288.png
5144313,Michael Merdinger,QB,https://a.espncdn.com/i/headshots/college-football/players/full/5144313.png
5144409,Dorian Williams,WR,https://a.espncdn.com/i/headshots/college-football/players/full/5144409.png
5144785,Julian Johnson,TE,https://a.espncdn.com/i/headshots/college-football/players/full/5144785.png
5144853,Landon Wright,WR,https://a.espncdn.com/i/headshots/college-football/players/full/5144853.png
5144956,Ryan Brotherton,TE,https://a.espncdn.com/i/headshots/college-football/players/full/5144956.png
5144959,Drake Lindsey,QB,https://a.espncdn.com/i/headshots/college-football/players/full/5144959.png
5144962,Jalen Smith,WR,https://a.espncdn.com/i/headshots/college-football/players/full/5144962.png
5145207,Bryce Cain,WR,https://a.espncdn.com/i/headshots/college-football/players/full/5145207.png
5145396,Miles O'Neill,QB,https://a.espncdn.com/i/headshots/college-football/players/full/5145396.png
5145453,Jeremiah Melvin,WR,https://a.espncdn.com/i/headshots/college-football/players/full/5145453.png
5145459,Nate Bennett,QB,https://a.espncdn.com/i/headshots/college-football/players/full/5145459.png
5145460,Jack Sammarco,TE,https://a.espncdn.com/i/headshots/college-football/players/full/5145460.png
5145507,Drew Miller,RB,https://a.espncdn.com/i/headshots/college-football/players/full/5145507.png
5145523,Jae Beasley II,TE,https://a.espncdn.com/i/headshots/college-football/players/full/5145523.png
5145553,Tyler Cherry,QB,https://a.espncdn.com/i/headshots/college-football/players/full/5145553.png
5145592,Tyler Budge,QB,https://a.espncdn.com/i/headshots/college-football/players/full/5145592.png
5145653,Austin McGee,WR,https://a.espncdn.com/i/headshots/college-football/players/full/5145653.png
5145737,Matt Fuller,RB,https://a.espncdn.com/i/headshots/college-football/players/full/5145737.png
5145738,Aaron Crossley,RB,https://a.espncdn.com/i/headshots/college-football/players/full/5145738.png
5145788,Gael Ochoa,QB,https://a.espncdn.com/i/headshots/college-football/players/full/5145788.png
5145789,Cole Geer,QB,https://a.espncdn.com/i/headshots/college-football/players/full/5145789.png
5146163,Rahji Dennis,WR,https://a.espncdn.com/i/headshots/college-football/players/full/5146163.png
5146164,Logan Saldate,WR,https://a.espncdn.com/i/headshots/college-football/players/full/5146164.png
5146273,Dennis Murray Jr.,RB,https://a.espncdn.com/i/headshots/college-football/players/full/5146273.png
5146274,Dashun Reeder,RB,https://a.espncdn.com/i/headshots/college-football/players/full/5146274.png
5146355,AJ Hairston,QB,https://a.espncdn.com/i/headshots/college-football/players/full/5146355.png
5146366,Allen Bryant,WR,https://a.espncdn.com/i/headshots/college-football/players/full/5146366.png
5146427,Xakery Wiedner,WR,https://a.espncdn.com/i/headshots/college-football/players/full/5146427.png
5146575,Graham Knowles,QB,https://a.espncdn.com/i/headshots/college-football/players/full/5146575.png
5146576,Joshua Porter,WR,https://a.espncdn.com/i/headshots/college-football/players/full/5146576.png
5146661,Daniel Beale,QB,https://a.espncdn.com/i/headshots/college-football/players/full/5146661.png
5146664,Henry Hasselbeck,QB,https://a.espncdn.com/i/headshots/college-football/players/full/5146664.png
5146667,Khristian Martin,QB,https://a.espncdn.com/i/headshots/college-football/players/full/5146667.png
5146670,Alessio Milivojevic,QB,https://a.espncdn.com/i/headshots/college-football/players/full/5146670.png
5146672,Jake Schakel,QB,https://a.espncdn.com/i/headshots/college-football/players/full/5146672.png
5146689,Brock Townsend,RB,https://a.espncdn.com/i/headshots/college-football/players/full/5146689.png
5146708,Sean Patrick,RB,https://a.espncdn.com/i/headshots/college-football/players/full/5146708.png
5146711,Da'Jaun Riggs,RB,https://a.espncdn.com/i/headshots/college-football/players/full/5146711.png
5146712,Dylan Riley,RB,https://a.espncdn.com/i/headshots/college-football/players/full/5146712.png
5146713,Locklan Hewlett,QB,https://a.espncdn.com/i/headshots/college-football/players/full/5146713.png
5146719,CJ Brown,WR,https://a.espncdn.com/i/headshots/college-football/players/full/5146719.png
5146720,Will Cianfrini,WR,https://a.espncdn.com/i/headshots/college-football/players/full/5146720.png
5146722,Devonte Lyons,RB,https://a.espncdn.com/i/headshots/college-football/players/full/5146722.png
5146723,Isaiah McMorris,WR,https://a.espncdn.com/i/headshots/college-football/players/full/5146723.png
5146724,Turbo Richard,RB,https://a.espncdn.com/i/headshots/college-football/players/full/5146724.png
5146725,Kaden Shields-Dutton,RB,https://a.espncdn.com/i/headshots/college-football/players/full/5146725.png
5146726,Kiefer Sibley,RB,https://a.espncdn.com/i/headshots/college-football/players/full/5146726.png
5146727,Josh Smith,WR,https://a.espncdn.com/i/headshots/college-football/players/full/5146727.png
5146728,Koby Young,WR,https://a.espncdn.com/i/headshots/college-football/players/full/5146728.png
5146735,Charlie Becker,WR,https://a.espncdn.com/i/headshots/college-football/players/full/5146735.png
5146736,Sanfrisco Magee,WR,https://a.espncdn.com/i/headshots/college-football/players/full/5146736.png
5146739,Tra'Mar Harris,WR,https://a.espncdn.com/i/headshots/college-football/players/full/5146739.png
5146740,Cooper Alexander,TE,https://a.espncdn.com/i/headshots/college-football/players/full/5146740.png
5146742,Khijohnn Cummings-Coleman,RB,https://a.espncdn.com/i/headshots/college-football/players/full/5146742.png
5146743,Kezion Dia-Johnson,WR,https://a.espncdn.com/i/headshots/college-football/players/full/5146743.png
5146745,Jacob Emmers,WR,https://a.espncdn.com/i/headshots/college-football/players/full/5146745.png
5146747,Javarius Green,WR,https://a.espncdn.com/i/headshots/college-football/players/full/5146747.png
5146748,Tre' Griffiths,WR,https://a.espncdn.com/i/headshots/college-football/players/full/5146748.png
5146751,Jose Leon,WR,https://a.espncdn.com/i/headshots/college-football/players/full/5146751.png
5146753,Shamar Rigby,WR,https://a.espncdn.com/i/headshots/college-football/players/full/5146753.png
5146755,Jamie Tremble,WR,https://a.espncdn.com/i/headshots/college-football/players/full/5146755.png
5146756,Jordan Washington,TE,https://a.espncdn.com/i/headshots/college-football/players/full/5146756.png
5146757,Zacharyus Williams,WR,https://a.espncdn.com/i/headshots/college-football/players/full/5146757.png
5146758,Justice Williams,WR,https://a.espncdn.com/i/headshots/college-football/players/full/5146758.png
5146761,Jewlyen Roberts,TE,https://a.espncdn.com/i/headshots/college-football/players/full/5146761.png
5146764,Benji Blackburn,TE,https://a.espncdn.com/i/headshots/college-football/players/full/5146764.png
5146769,Dominic Toy,TE,https://a.espncdn.com/i/headshots/college-football/players/full/5146769.png
5146781,Xavier Gayten,RB,https://a.espncdn.com/i/headshots/college-football/players/full/5146781.png
5146824,Tavien St. Clair,QB,https://a.espncdn.com/i/headshots/college-football/players/full/5146824.png
5146903,Brayden Roggow,QB,https://a.espncdn.com/i/headshots/college-football/players/full/5146903.png
5146936,Ty Curran,WR,https://a.espncdn.com/i/headshots/college-football/players/full/5146936.png
5146972,Ayden Harris,RB,https://a.espncdn.com/i/headshots/college-football/players/full/5146972.png
5146987,Brandon Young Jr.,TE,https://a.espncdn.com/i/headshots/college-football/players/full/5146987.png
5146995,Devyn Zahursky,TE,https://a.espncdn.com/i/headshots/college-football/players/full/5146995.png
5147046,Ben Black,WR,https://a.espncdn.com/i/headshots/college-football/players/full/5147046.png
5147053,Wayne Harris,WR,https://a.espncdn.com/i/headshots/college-football/players/full/5147053.png
5147067,Christopher Dietrich,QB,https://a.espncdn.com/i/headshots/college-football/players/full/5147067.png
5147069,Kory Hall,WR,https://a.espncdn.com/i/headshots/college-football/players/full/5147069.png
5147105,Mason Love,RB,https://a.espncdn.com/i/headshots/college-football/players/full/5147105.png
5147136,David Prince,TE,https://a.espncdn.com/i/headshots/college-football/players/full/5147136.png
5147191,Javon Rogers,WR,https://a.espncdn.com/i/headshots/college-football/players/full/5147191.png
5147203,Chase Tyler,WR,https://a.espncdn.com/i/headshots/college-football/players/full/5147203.png
5147204,Jalen Washington,RB,https://a.espncdn.com/i/headshots/college-football/players/full/5147204.png
5147225,Bryson Goodwin,RB,https://a.espncdn.com/i/headshots/college-football/players/full/5147225.png
5147234,Oliver Miles III,RB,https://a.espncdn.com/i/headshots/college-football/players/full/5147234.png
5147330,James Giggey,TE,https://a.espncdn.com/i/headshots/college-football/players/full/5147330.png
5147337,Witt Edwards,WR,https://a.espncdn.com/i/headshots/college-football/players/full/5147337.png
5147344,Tyson Turner,WR,https://a.espncdn.com/i/headshots/college-football/players/full/5147344.png
5147346,Jywon Boyd,WR,https://a.espncdn.com/i/headshots/college-football/players/full/5147346.png
5147347,Austyn Dendy,RB,https://a.espncdn.com/i/headshots/college-football/players/full/5147347.png
5147367,Joseph McVay,WR,https://a.espncdn.com/i/headshots/college-football/players/full/5147367.png
5147376,Kameron Courtney,WR,https://a.espncdn.com/i/headshots/college-football/players/full/5147376.png
5147379,Sire Gaines,RB,https://a.espncdn.com/i/headshots/college-football/players/full/5147379.png
5147380,Devin Green,RB,https://a.espncdn.com/i/headshots/college-football/players/full/5147380.png
5147382,Reed Jesiolowski,TE,https://a.espncdn.com/i/headshots/college-football/players/full/5147382.png
5147405,Andy Bass,RB,https://a.espncdn.com/i/headshots/college-football/players/full/5147405.png
5147463,Tyler Stewart,WR,https://a.espncdn.com/i/headshots/college-football/players/full/5147463.png
5147465,Tucker Parks,QB,https://a.espncdn.com/i/headshots/college-football/players/full/5147465.png
5147475,Aidan Glover,QB,https://a.espncdn.com/i/headshots/college-football/players/full/5147475.png
5147510,Isiah Jones,RB,https://a.espncdn.com/i/headshots/college-football/players/full/5147510.png
5147685,Josiah McLaurin,WR,https://a.espncdn.com/i/headshots/college-football/players/full/5147685.png
5147689,Michael Salgado-Medina,RB,https://a.espncdn.com/i/headshots/college-football/players/full/5147689.png
5147726,Kanyon Floyd,RB,https://a.espncdn.com/i/headshots/college-football/players/full/5147726.png
5147756,Taji Atkins,RB,https://a.espncdn.com/i/headshots/college-football/players/full/5147756.png
5147757,Arrington Maiden,QB,https://a.espncdn.com/i/headshots/college-football/players/full/5147757.png
5147852,Da'Marion Alberic,RB,https://a.espncdn.com/i/headshots/college-football/players/full/5147852.png
5147861,Adam Mohammed,RB,https://a.espncdn.com/i/headshots/college-football/players/full/5147861.png
5147864,Makari Bodiford,RB,https://a.espncdn.com/i/headshots/college-football/players/full/5147864.png
5147872,Matthew Wilson,QB,https://a.espncdn.com/i/headshots/college-football/players/full/5147872.png
5148315,Joseph Dodds,RB,https://a.espncdn.com/i/headshots/college-football/players/full/5148315.png
5148427,Landyn Locke,QB,https://a.espncdn.com/i/headshots/college-football/players/full/5148427.png
5148535,Brett Eskildsen,WR,https://a.espncdn.com/i/headshots/college-football/players/full/5148535.png
5148601,Karson Cox,RB,https://a.espncdn.com/i/headshots/college-football/players/full/5148601.png
5148609,Quintin Simmons,WR,https://a.espncdn.com/i/headshots/college-football/players/full/5148609.png
5148611,Will Wilson,QB,https://a.espncdn.com/i/headshots/college-football/players/full/5148611.png
5148624,Quinn Clark,WR,https://a.espncdn.com/i/headshots/college-football/players/full/5148624.png
5148628,Logan Brooking,TE,https://a.espncdn.com/i/headshots/college-football/players/full/5148628.png
5148651,Vernon Allen III,WR,https://a.espncdn.com/i/headshots/college-football/players/full/5148651.png
5148654,Jaylen Patterson,QB,https://a.espncdn.com/i/headshots/college-football/players/full/5148654.png
5148656,Caden Piening,TE,https://a.espncdn.com/i/headshots/college-football/players/full/5148656.png
5148657,Jalil Hall,WR,https://a.espncdn.com/i/headshots/college-football/players/full/5148657.png
5148658,Carter Jackson,RB,https://a.espncdn.com/i/headshots/college-football/players/full/5148658.png
5148664,Corey Simms,WR,https://a.espncdn.com/i/headshots/college-football/players/full/5148664.png
5148741,Khamani Alexander,RB,https://a.espncdn.com/i/headshots/college-football/players/full/5148741.png
5148777,Titan Lacaden,RB,https://a.espncdn.com/i/headshots/college-football/players/full/5148777.png
5148784,TK Keyes,WR,https://a.espncdn.com/i/headshots/college-football/players/full/5148784.png
5148787,Wyatt Young,WR,https://a.espncdn.com/i/headshots/college-football/players/full/5148787.png
5148803,Brad Jackson,QB,https://a.espncdn.com/i/headshots/college-football/players/full/5148803.png
5148821,Hunter Andrews,TE,https://a.espncdn.com/i/headshots/college-football/players/full/5148821.png
5148822,Chris Barnes,WR,https://a.espncdn.com/i/headshots/college-football/players/full/5148822.png
5148827,Kaleb Thomas,TE,https://a.espncdn.com/i/headshots/college-football/players/full/5148827.png
5148837,Dillon Lorick,WR,https://a.espncdn.com/i/headshots/college-football/players/full/5148837.png
5148838,Jamauri McClure,RB,https://a.espncdn.com/i/headshots/college-football/players/full/5148838.png
5148852,Antonio Floyd,WR,https://a.espncdn.com/i/headshots/college-football/players/full/5148852.png
5148858,Jared Hollins,QB,https://a.espncdn.com/i/headshots/college-football/players/full/5148858.png
5148868,Moses Gray,RB,https://a.espncdn.com/i/headshots/college-football/players/full/5148868.png
5148887,Jyron Waiters,WR,https://a.espncdn.com/i/headshots/college-football/players/full/5148887.png
5148905,Carter Vargas,RB,https://a.espncdn.com/i/headshots/college-football/players/full/5148905.png
5148935,Dermaricus Davis,QB,https://a.espncdn.com/i/headshots/college-football/players/full/5148935.png
5148995,Brady Kluse,WR,https://a.espncdn.com/i/headshots/college-football/players/full/5148995.png
5149001,Daniel Anderson,RB,https://a.espncdn.com/i/headshots/college-football/players/full/5149001.png
5149003,Samari Reed,WR,https://a.espncdn.com/i/headshots/college-football/players/full/5149003.png
5149004,Kyle Washington,WR,https://a.espncdn.com/i/headshots/college-football/players/full/5149004.png
5149006,Evans Chuba,QB,https://a.espncdn.com/i/headshots/college-football/players/full/5149006.png
5149007,Miles Coleman,WR,https://a.espncdn.com/i/headshots/college-football/players/full/5149007.png
5149056,Jadyn Glasser,QB,https://a.espncdn.com/i/headshots/college-football/players/full/5149056.png
5149058,Devin Spencer,RB,https://a.espncdn.com/i/headshots/college-football/players/full/5149058.png
5149113,Tito Glass Jr.,RB,https://a.espncdn.com/i/headshots/college-football/players/full/5149113.png
5149220,Baron Tipton,WR,https://a.espncdn.com/i/headshots/college-football/players/full/5149220.png
5149265,Kylen Evans,WR,https://a.espncdn.com/i/headshots/college-football/players/full/5149265.png
5149473,Thomas Blackshear,WR,https://a.espncdn.com/i/headshots/college-football/players/full/5149473.png
5149484,Phillip Wright III,WR,https://a.espncdn.com/i/headshots/college-football/players/full/5149484.png
5149563,DJ Butler,RB,https://a.espncdn.com/i/headshots/college-football/players/full/5149563.png
5149599,Kenyon Massey,WR,https://a.espncdn.com/i/headshots/college-football/players/full/5149599.png
5149831,Kayden McGee,WR,https://a.espncdn.com/i/headshots/college-football/players/full/5149831.png
5149908,Greg Burrell,RB,https://a.espncdn.com/i/headshots/college-football/players/full/5149908.png
5149910,Tristen Brown,WR,https://a.espncdn.com/i/headshots/college-football/players/full/5149910.png
5150003,Terrance Shelton Jr.,RB,https://a.espncdn.com/i/headshots/college-football/players/full/5150003.png
5150125,Brandon Tullis,RB,https://a.espncdn.com/i/headshots/college-football/players/full/5150125.png
5150132,Mar'Kel Porter,RB,https://a.espncdn.com/i/headshots/college-football/players/full/5150132.png
5150247,Malik Benson,WR,https://a.espncdn.com/i/headshots/college-football/players/full/5150247.png
5150266,Maddox Lassiter,TE,https://a.espncdn.com/i/headshots/college-football/players/full/5150266.png
5150276,Daz James,WR,https://a.espncdn.com/i/headshots/college-football/players/full/5150276.png
5150277,Jace Petty,WR,https://a.espncdn.com/i/headshots/college-football/players/full/5150277.png
5150297,Cale Hellums,QB,https://a.espncdn.com/i/headshots/college-football/players/full/5150297.png
5150302,James Wagenseller,RB,https://a.espncdn.com/i/headshots/college-football/players/full/5150302.png
5150311,Lloyd Benson III,WR,https://a.espncdn.com/i/headshots/college-football/players/full/5150311.png
5150312,David Clerk,WR,https://a.espncdn.com/i/headshots/college-football/players/full/5150312.png
5150313,Kanye Udoh,RB,https://a.espncdn.com/i/headshots/college-football/players/full/5150313.png
5150316,Samari Howard,WR,https://a.espncdn.com/i/headshots/college-football/players/full/5150316.png
5150326,Carson Smith,RB,https://a.espncdn.com/i/headshots/college-football/players/full/5150326.png
5150328,Brady Mott,WR,https://a.espncdn.com/i/headshots/college-football/players/full/5150328.png
5150329,Jake Rendina,RB,https://a.espncdn.com/i/headshots/college-football/players/full/5150329.png
5150333,Parker Poloskey,TE,https://a.espncdn.com/i/headshots/college-football/players/full/5150333.png
5150341,Brody Eaton,TE,https://a.espncdn.com/i/headshots/college-football/players/full/5150341.png
5150368,Kavon Pointer,WR,https://a.espncdn.com/i/headshots/college-football/players/full/5150368.png
5150373,Tobi Olawole,WR,https://a.espncdn.com/i/headshots/college-football/players/full/5150373.png
5150377,Tyler Williams,WR,https://a.espncdn.com/i/headshots/college-football/players/full/5150377.png
5150378,Zeed Haynes,WR,https://a.espncdn.com/i/headshots/college-football/players/full/5150378.png
5150418,KK Smith,WR,https://a.espncdn.com/i/headshots/college-football/players/full/5150418.png
5150424,Jordan Faison,WR,https://a.espncdn.com/i/headshots/college-football/players/full/5150424.png
5150426,Deljay Bailey,QB,https://a.espncdn.com/i/headshots/college-football/players/full/5150426.png
5150428,Josh Aka,WR,https://a.espncdn.com/i/headshots/college-football/players/full/5150428.png
5150429,Austin Acton,RB,https://a.espncdn.com/i/headshots/college-football/players/full/5150429.png
5150435,Ali Scott Jr.,RB,https://a.espncdn.com/i/headshots/college-football/players/full/5150435.png
5150436,Wyatt Smalley,TE,https://a.espncdn.com/i/headshots/college-football/players/full/5150436.png
5150449,Dayton Sneed,WR,https://a.espncdn.com/i/headshots/college-football/players/full/5150449.png
5150452,Bryan Domino,WR,https://a.espncdn.com/i/headshots/college-football/players/full/5150452.png
5150457,Danny Shaban,RB,https://a.espncdn.com/i/headshots/college-football/players/full/5150457.png
5150460,John Neider,WR,https://a.espncdn.com/i/headshots/college-football/players/full/5150460.png
5150504,Gabe Fisher,RB,https://a.espncdn.com/i/headshots/college-football/players/full/5150504.png
5150518,Tyler Evans,WR,https://a.espncdn.com/i/headshots/college-football/players/full/5150518.png
5150538,Devin Hyatt,WR,https://a.espncdn.com/i/headshots/college-football/players/full/5150538.png
5150556,Jay Haynes,RB,https://a.espncdn.com/i/headshots/college-football/players/full/5150556.png
5150561,Olsen Patt-Henry,TE,https://a.espncdn.com/i/headshots/college-football/players/full/5150561.png
5150563,Tristan Martinez,WR,https://a.espncdn.com/i/headshots/college-football/players/full/5150563.png
5150582,Salahadin Allah,RB,https://a.espncdn.com/i/headshots/college-football/players/full/5150582.png
5150611,Jake Retzlaff,QB,https://a.espncdn.com/i/headshots/college-football/players/full/5150611.png
5150612,Cole Hagen,QB,https://a.espncdn.com/i/headshots/college-football/players/full/5150612.png
5150622,Landon Rehkow,RB,https://a.espncdn.com/i/headshots/college-football/players/full/5150622.png
5150627,Nason Coleman,TE,https://a.espncdn.com/i/headshots/college-football/players/full/5150627.png
5150628,Lucky Finau,RB,https://a.espncdn.com/i/headshots/college-football/players/full/5150628.png
5150635,Koa Eldredge,WR,https://a.espncdn.com/i/headshots/college-football/players/full/5150635.png
5150636,Devin Downing,WR,https://a.espncdn.com/i/headshots/college-football/players/full/5150636.png
5150645,Ui Ale,QB,https://a.espncdn.com/i/headshots/college-football/players/full/5150645.png
5150648,Sherman Smith,RB,https://a.espncdn.com/i/headshots/college-football/players/full/5150648.png
5150653,Ayden Price,WR,https://a.espncdn.com/i/headshots/college-football/players/full/5150653.png
5150658,Rusty VanWetzinga IV,RB,https://a.espncdn.com/i/headshots/college-football/players/full/5150658.png
5150662,Hayden Large,TE,https://a.espncdn.com/i/headshots/college-football/players/full/5150662.png
5150663,Champ Long,QB,https://a.espncdn.com/i/headshots/college-football/players/full/5150663.png
5150669,Parker Jones,WR,https://a.espncdn.com/i/headshots/college-football/players/full/5150669.png
5150671,Jaiden Fair,WR,https://a.espncdn.com/i/headshots/college-football/players/full/5150671.png
5150680,Max Shikenjanski,QB,https://a.espncdn.com/i/headshots/college-football/players/full/5150680.png
5150681,Cade Osterman,WR,https://a.espncdn.com/i/headshots/college-football/players/full/5150681.png
5150693,Vince Benetti,TE,https://a.espncdn.com/i/headshots/college-football/players/full/5150693.png
5150694,Tripp Walsh,TE,https://a.espncdn.com/i/headshots/college-football/players/full/5150694.png
5150707,Ryan Millmore,RB,https://a.espncdn.com/i/headshots/college-football/players/full/5150707.png
5150773,Rett Andersen,WR,https://a.espncdn.com/i/headshots/college-football/players/full/5150773.png
5150777,Ian Ratliff,RB,https://a.espncdn.com/i/headshots/college-football/players/full/5150777.png
5150783,Joshua Smith,TE,https://a.espncdn.com/i/headshots/college-football/players/full/5150783.png
5150786,Makenzie McGill II,RB,https://a.espncdn.com/i/headshots/college-football/players/full/5150786.png
5150822,Angel Toombs,WR,https://a.espncdn.com/i/headshots/college-football/players/full/5150822.png
5150825,Donovan Delaney Jr.,RB,https://a.espncdn.com/i/headshots/college-football/players/full/5150825.png
5150831,Jeremy Bell,WR,https://a.espncdn.com/i/headshots/college-football/players/full/5150831.png
5150834,Destyn Hill,WR,https://a.espncdn.com/i/headshots/college-football/players/full/5150834.png
5150835,Michael Grant,QB,https://a.espncdn.com/i/headshots/college-football/players/full/5150835.png
5150845,Goldie Lawrence,WR,https://a.espncdn.com/i/headshots/college-football/players/full/5150845.png
5150861,Jayden Dixon-Veal,WR,https://a.espncdn.com/i/headshots/college-football/players/full/5150861.png
5150865,Elijah Jackson,RB,https://a.espncdn.com/i/headshots/college-football/players/full/5150865.png
5150896,Hayden Rollison,TE,https://a.espncdn.com/i/headshots/college-football/players/full/5150896.png
5150902,Jarod Bowie,WR,https://a.espncdn.com/i/headshots/college-football/players/full/5150902.png
5150904,Cam Vaughn,WR,https://a.espncdn.com/i/headshots/college-football/players/full/5150904.png
5150908,Terrance Alexander,WR,https://a.espncdn.com/i/headshots/college-football/players/full/5150908.png
5150909,Garrison Rippa,WR,https://a.espncdn.com/i/headshots/college-football/players/full/5150909.png
5150915,Shane Payton Hodges,TE,https://a.espncdn.com/i/headshots/college-football/players/full/5150915.png
5150925,Colton Pitchford,WR,https://a.espncdn.com/i/headshots/college-football/players/full/5150925.png
5150998,Blake Baker,QB,https://a.espncdn.com/i/headshots/college-football/players/full/5150998.png
5151009,Simon Wilson,RB,https://a.espncdn.com/i/headshots/college-football/players/full/5151009.png
5151017,Travis Egan,TE,https://a.espncdn.com/i/headshots/college-football/players/full/5151017.png
5151024,Jaedon King,WR,https://a.espncdn.com/i/headshots/college-football/players/full/5151024.png
5151037,Jason Jeffares,TE,https://a.espncdn.com/i/headshots/college-football/players/full/5151037.png
5151048,Duane Thomas Jr.,WR,https://a.espncdn.com/i/headshots/college-football/players/full/5151048.png
5151060,Cole Ballard,QB,https://a.espncdn.com/i/headshots/college-football/players/full/5151060.png
5151063,Carson Morgan,RB,https://a.espncdn.com/i/headshots/college-football/players/full/5151063.png
5151079,Trey Engram,RB,https://a.espncdn.com/i/headshots/college-football/players/full/5151079.png
5151080,Garrett Harstad,WR,https://a.espncdn.com/i/headshots/college-football/players/full/5151080.png
5151087,Rex Van Wyhe,WR,https://a.espncdn.com/i/headshots/college-football/players/full/5151087.png
5151092,Chapman McKown,RB,https://a.espncdn.com/i/headshots/college-football/players/full/5151092.png
5151111,Jamarian Samuel,RB,https://a.espncdn.com/i/headshots/college-football/players/full/5151111.png
5151112,David Mbadinga,RB,https://a.espncdn.com/i/headshots/college-football/players/full/5151112.png
5151128,Corey Landers Jr.,RB,https://a.espncdn.com/i/headshots/college-football/players/full/5151128.png
5151136,Elvin Fofanah,TE,https://a.espncdn.com/i/headshots/college-football/players/full/5151136.png
5151171,Will Burns,QB,https://a.espncdn.com/i/headshots/college-football/players/full/5151171.png
5151181,Judah Ezinwa,TE,https://a.espncdn.com/i/headshots/college-football/players/full/5151181.png
5151193,Marcus Vinson,TE,https://a.espncdn.com/i/headshots/college-football/players/full/5151193.png
5151194,Elijah Boyd,TE,https://a.espncdn.com/i/headshots/college-football/players/full/5151194.png
5151199,Malik Phillips,WR,https://a.espncdn.com/i/headshots/college-football/players/full/5151199.png
5151200,Qua'Vez Humphreys,WR,https://a.espncdn.com/i/headshots/college-football/players/full/5151200.png
5151218,Lucian Anderson III,QB,https://a.espncdn.com/i/headshots/college-football/players/full/5151218.png
5151231,Forrest Brock,QB,https://a.espncdn.com/i/headshots/college-football/players/full/5151231.png
5151274,Drayden Dickmann,WR,https://a.espncdn.com/i/headshots/college-football/players/full/5151274.png
5151276,Landon Ransom-Goelz,WR,https://a.espncdn.com/i/headshots/college-football/players/full/5151276.png
5151280,Chris Bruce,WR,https://a.espncdn.com/i/headshots/college-football/players/full/5151280.png
5151291,Cash McCollum,QB,https://a.espncdn.com/i/headshots/college-football/players/full/5151291.png
5151316,Brandon Tennison,QB,https://a.espncdn.com/i/headshots/college-football/players/full/5151316.png
5151317,Robert Henry Jr.,RB,https://a.espncdn.com/i/headshots/college-football/players/full/5151317.png
5151318,Willie McCoy III,WR,https://a.espncdn.com/i/headshots/college-football/players/full/5151318.png
5151338,Viliami Teu,RB,https://a.espncdn.com/i/headshots/college-football/players/full/5151338.png
5151339,Anthony Garcia,QB,https://a.espncdn.com/i/headshots/college-football/players/full/5151339.png
5151342,Cooper Hoch,WR,https://a.espncdn.com/i/headshots/college-football/players/full/5151342.png
5151350,Kamaehu Kopa-Kaawalauole,TE,https://a.espncdn.com/i/headshots/college-football/players/full/5151350.png
5151353,Prince Strachan,WR,https://a.espncdn.com/i/headshots/college-football/players/full/5151353.png
5151364,Qua Sanders,WR,https://a.espncdn.com/i/headshots/college-football/players/full/5151364.png
5151366,Gunnar Gray,QB,https://a.espncdn.com/i/headshots/college-football/players/full/5151366.png
5151368,Micah Woods,WR,https://a.espncdn.com/i/headshots/college-football/players/full/5151368.png
5151369,Messiah Burch,RB,https://a.espncdn.com/i/headshots/college-football/players/full/5151369.png
5151371,Dylan Kedzior,RB,https://a.espncdn.com/i/headshots/college-football/players/full/5151371.png
5151379,Andrew Schnackenberg,WR,https://a.espncdn.com/i/headshots/college-football/players/full/5151379.png
5151380,Ryan Daly,TE,https://a.espncdn.com/i/headshots/college-football/players/full/5151380.png
5151382,Vince Brown II,TE,https://a.espncdn.com/i/headshots/college-football/players/full/5151382.png
5151385,Ryan McConnell,TE,https://a.espncdn.com/i/headshots/college-football/players/full/5151385.png
5151403,Tim Grear Jr.,WR,https://a.espncdn.com/i/headshots/college-football/players/full/5151403.png
5151405,Jaceon Doss,WR,https://a.espncdn.com/i/headshots/college-football/players/full/5151405.png
5151406,Artis Cole,WR,https://a.espncdn.com/i/headshots/college-football/players/full/5151406.png
5151407,Jack Jacobs,QB,https://a.espncdn.com/i/headshots/college-football/players/full/5151407.png
5151417,Jake Tarwater,TE,https://a.espncdn.com/i/headshots/college-football/players/full/5151417.png
5151472,Jamarien Wheeler,WR,https://a.espncdn.com/i/headshots/college-football/players/full/5151472.png
5151474,Owen McGraw,RB,https://a.espncdn.com/i/headshots/college-football/players/full/5151474.png
5151487,Ethan Lane,QB,https://a.espncdn.com/i/headshots/college-football/players/full/5151487.png
5151490,Germanuel Tanelus,RB,https://a.espncdn.com/i/headshots/college-football/players/full/5151490.png
5151494,Tayte Vanderleest,WR,https://a.espncdn.com/i/headshots/college-football/players/full/5151494.png
5151498,Grayson Barnes,TE,https://a.espncdn.com/i/headshots/college-football/players/full/5151498.png
5151506,Josh Holst,QB,https://a.espncdn.com/i/headshots/college-football/players/full/5151506.png
5151518,Kyle Thomas,WR,https://a.espncdn.com/i/headshots/college-football/players/full/5151518.png
5151521,Hyatt Timosciek,TE,https://a.espncdn.com/i/headshots/college-football/players/full/5151521.png
5151526,MJ Johnson,WR,https://a.espncdn.com/i/headshots/college-football/players/full/5151526.png
5151528,Ethan Conner,TE,https://a.espncdn.com/i/headshots/college-football/players/full/5151528.png
5151529,Dasheen Jackson,WR,https://a.espncdn.com/i/headshots/college-football/players/full/5151529.png
5151599,Desna Washington,WR,https://a.espncdn.com/i/headshots/college-football/players/full/5151599.png
5151603,Dorian Lewis,RB,https://a.espncdn.com/i/headshots/college-football/players/full/5151603.png
5151609,Everett Hunter,TE,https://a.espncdn.com/i/headshots/college-football/players/full/5151609.png
5151618,Kirk Francis,QB,https://a.espncdn.com/i/headshots/college-football/players/full/5151618.png
5151623,Angus Davies,RB,https://a.espncdn.com/i/headshots/college-football/players/full/5151623.png
5151662,Brandon Hawkins Jr.,WR,https://a.espncdn.com/i/headshots/college-football/players/full/5151662.png
5151670,Dylan Wroblewski,WR,https://a.espncdn.com/i/headshots/college-football/players/full/5151670.png
5151674,Trey Echols,WR,https://a.espncdn.com/i/headshots/college-football/players/full/5151674.png
5151680,Galen Combs,WR,https://a.espncdn.com/i/headshots/college-football/players/full/5151680.png
5151689,Julian Allen,WR,https://a.espncdn.com/i/headshots/college-football/players/full/5151689.png
5151692,Jake DeHaan,QB,https://a.espncdn.com/i/headshots/college-football/players/full/5151692.png
5151696,RJ Johnson III,QB,https://a.espncdn.com/i/headshots/college-football/players/full/5151696.png
5151784,Oliver Stuart,TE,https://a.espncdn.com/i/headshots/college-football/players/full/5151784.png
5151791,Jayden O'Rourke,TE,https://a.espncdn.com/i/headshots/college-football/players/full/5151791.png
5151802,Griffin Reimer,TE,https://a.espncdn.com/i/headshots/college-football/players/full/5151802.png
5151811,Coleson Fields,RB,https://a.espncdn.com/i/headshots/college-football/players/full/5151811.png
5151828,Joshua Harriott,RB,https://a.espncdn.com/i/headshots/college-football/players/full/5151828.png
5151868,Bryson Hayes,WR,https://a.espncdn.com/i/headshots/college-football/players/full/5151868.png
5151892,Ja'Kobi Jackson,RB,https://a.espncdn.com/i/headshots/college-football/players/full/5151892.png
5151893,Anthony Rubio,RB,https://a.espncdn.com/i/headshots/college-football/players/full/5151893.png
5151897,Jackson Wade,WR,https://a.espncdn.com/i/headshots/college-football/players/full/5151897.png
5151903,Kade Frew,RB,https://a.espncdn.com/i/headshots/college-football/players/full/5151903.png
5151904,John Busha,QB,https://a.espncdn.com/i/headshots/college-football/players/full/5151904.png
5151906,Dylan Carson,RB,https://a.espncdn.com/i/headshots/college-football/players/full/5151906.png
5151909,Kaden Cloud,RB,https://a.espncdn.com/i/headshots/college-football/players/full/5151909.png
5151914,Darius Stone,RB,https://a.espncdn.com/i/headshots/college-football/players/full/5151914.png
5151915,Terrence Gist,RB,https://a.espncdn.com/i/headshots/college-football/players/full/5151915.png
5151939,Tre Roberson,WR,https://a.espncdn.com/i/headshots/college-football/players/full/5151939.png
5151941,Quin Smith,WR,https://a.espncdn.com/i/headshots/college-football/players/full/5151941.png
5151942,Bruin Fleischmann,TE,https://a.espncdn.com/i/headshots/college-football/players/full/5151942.png
5151948,Joey Aguilar,QB,https://a.espncdn.com/i/headshots/college-football/players/full/5151948.png
5151965,Kadarius Calloway,RB,https://a.espncdn.com/i/headshots/college-football/players/full/5151965.png
5151966,Jailen Butler,TE,https://a.espncdn.com/i/headshots/college-football/players/full/5151966.png
5151976,Reymello Murphy,WR,https://a.espncdn.com/i/headshots/college-football/players/full/5151976.png
5151979,Kelby Williams,WR,https://a.espncdn.com/i/headshots/college-football/players/full/5151979.png
5151982,Malcolm Gillie,WR,https://a.espncdn.com/i/headshots/college-football/players/full/5151982.png
5151984,Preston Ross,TE,https://a.espncdn.com/i/headshots/college-football/players/full/5151984.png
5152007,Luke Moffitt,WR,https://a.espncdn.com/i/headshots/college-football/players/full/5152007.png
5152029,Tre Guerra,QB,https://a.espncdn.com/i/headshots/college-football/players/full/5152029.png
5152045,Malachi Henry,WR,https://a.espncdn.com/i/headshots/college-football/players/full/5152045.png
5152073,Aiden Ramos,RB,https://a.espncdn.com/i/headshots/college-football/players/full/5152073.png
5152083,Kendric Sanders,RB,https://a.espncdn.com/i/headshots/college-football/players/full/5152083.png
5152093,Jordan Garrison,WR,https://a.espncdn.com/i/headshots/college-football/players/full/5152093.png
5152101,Kian Salehi,WR,https://a.espncdn.com/i/headshots/college-football/players/full/5152101.png
5152110,Nate Bell,QB,https://a.espncdn.com/i/headshots/college-football/players/full/5152110.png
5152117,Michael Wortham,WR,https://a.espncdn.com/i/headshots/college-football/players/full/5152117.png
5152118,Jared Taylor,QB,https://a.espncdn.com/i/headshots/college-football/players/full/5152118.png
5152153,Tyler Mizzell,QB,https://a.espncdn.com/i/headshots/college-football/players/full/5152153.png
5152158,Deuce Alexander,WR,https://a.espncdn.com/i/headshots/college-football/players/full/5152158.png
5152162,Marcello Bussey,WR,https://a.espncdn.com/i/headshots/college-football/players/full/5152162.png
5152163,Harris Boyd,QB,https://a.espncdn.com/i/headshots/college-football/players/full/5152163.png
5152166,Jamauri Chislom,TE,https://a.espncdn.com/i/headshots/college-football/players/full/5152166.png
5152167,Brendan Doyle,TE,https://a.espncdn.com/i/headshots/college-football/players/full/5152167.png
5152199,Ethan Day,WR,https://a.espncdn.com/i/headshots/college-football/players/full/5152199.png
5152200,Jamari Ferrell,RB,https://a.espncdn.com/i/headshots/college-football/players/full/5152200.png
5152209,Jeffery Pittman,RB,https://a.espncdn.com/i/headshots/college-football/players/full/5152209.png
5152211,Jacoby Bellazar,WR,https://a.espncdn.com/i/headshots/college-football/players/full/5152211.png
5152214,Ray Lotten,TE,https://a.espncdn.com/i/headshots/college-football/players/full/5152214.png
5152221,Donerio Davenport,RB,https://a.espncdn.com/i/headshots/college-football/players/full/5152221.png
5152234,Barry Brown,WR,https://a.espncdn.com/i/headshots/college-football/players/full/5152234.png
5152241,Jamir Robertson,WR,https://a.espncdn.com/i/headshots/college-football/players/full/5152241.png
5152243,Amarri Pitts,WR,https://a.espncdn.com/i/headshots/college-football/players/full/5152243.png
5152250,Michael Trovarelli,WR,https://a.espncdn.com/i/headshots/college-football/players/full/5152250.png
5152263,Dave Pardo,WR,https://a.espncdn.com/i/headshots/college-football/players/full/5152263.png
5152277,Owen Garwood,WR,https://a.espncdn.com/i/headshots/college-football/players/full/5152277.png
5152289,TJ Cadden,WR,https://a.espncdn.com/i/headshots/college-football/players/full/5152289.png
5152291,Sam Milligan,WR,https://a.espncdn.com/i/headshots/college-football/players/full/5152291.png
5152414,Beau Sparks,WR,https://a.espncdn.com/i/headshots/college-football/players/full/5152414.png
5152418,Bryce Parker,WR,https://a.espncdn.com/i/headshots/college-football/players/full/5152418.png
5152426,Kona Crowell,RB,https://a.espncdn.com/i/headshots/college-football/players/full/5152426.png
5152442,Chance Wilson,QB,https://a.espncdn.com/i/headshots/college-football/players/full/5152442.png
5152503,Adam Damante,QB,https://a.espncdn.com/i/headshots/college-football/players/full/5152503.png
5152505,Isaiah Eastman,WR,https://a.espncdn.com/i/headshots/college-football/players/full/5152505.png
5152514,Myseth Currie,WR,https://a.espncdn.com/i/headshots/college-football/players/full/5152514.png
5152578,Winston Moore,WR,https://a.espncdn.com/i/headshots/college-football/players/full/5152578.png
5152581,Treyvhon Saunders,WR,https://a.espncdn.com/i/headshots/college-football/players/full/5152581.png
5152586,Chris Gee,RB,https://a.espncdn.com/i/headshots/college-football/players/full/5152586.png
5152600,Reed Swanson,WR,https://a.espncdn.com/i/headshots/college-football/players/full/5152600.png
5152606,Ricky Gonzalez II,WR,https://a.espncdn.com/i/headshots/college-football/players/full/5152606.png
5152610,Nodin Tracy,WR,https://a.espncdn.com/i/headshots/college-football/players/full/5152610.png
5152659,Shaun Purvy,WR,https://a.espncdn.com/i/headshots/college-football/players/full/5152659.png
5152661,Carson Persing,WR,https://a.espncdn.com/i/headshots/college-football/players/full/5152661.png
5152662,Tray Mauney,RB,https://a.espncdn.com/i/headshots/college-football/players/full/5152662.png
5152663,Devin Paige,WR,https://a.espncdn.com/i/headshots/college-football/players/full/5152663.png
5152667,Troy Bruce,RB,https://a.espncdn.com/i/headshots/college-football/players/full/5152667.png
5152668,Ethan Weber,RB,https://a.espncdn.com/i/headshots/college-football/players/full/5152668.png
5152669,Kente Edwards,RB,https://a.espncdn.com/i/headshots/college-football/players/full/5152669.png
5152681,Benjamin Bussiere,WR,https://a.espncdn.com/i/headshots/college-football/players/full/5152681.png
5152682,Ethan Hosak,TE,https://a.espncdn.com/i/headshots/college-football/players/full/5152682.png
5152699,Luke Yoder,RB,https://a.espncdn.com/i/headshots/college-football/players/full/5152699.png
5152717,Mason Humphrey,WR,https://a.espncdn.com/i/headshots/college-football/players/full/5152717.png
5152767,Jamarii Robinson,WR,https://a.espncdn.com/i/headshots/college-football/players/full/5152767.png
5152777,Eric Denham,WR,https://a.espncdn.com/i/headshots/college-football/players/full/5152777.png
5152778,Gabe Downing,QB,https://a.espncdn.com/i/headshots/college-football/players/full/5152778.png
5152783,Kristian Ingman,TE,https://a.espncdn.com/i/headshots/college-football/players/full/5152783.png
5152791,Delon Thompson,RB,https://a.espncdn.com/i/headshots/college-football/players/full/5152791.png
5152794,Ezra Moleni,RB,https://a.espncdn.com/i/headshots/college-football/players/full/5152794.png
5152796,Onterrio Smith Jr.,WR,https://a.espncdn.com/i/headshots/college-football/players/full/5152796.png
5152797,Curron Borders,RB,https://a.espncdn.com/i/headshots/college-football/players/full/5152797.png
5152815,Danny Scudero,WR,https://a.espncdn.com/i/headshots/college-football/players/full/5152815.png
5152821,David Rasor,QB,https://a.espncdn.com/i/headshots/college-football/players/full/5152821.png
5152826,Jordan Fisher,RB,https://a.espncdn.com/i/headshots/college-football/players/full/5152826.png
5152836,Ian Simpson,TE,https://a.espncdn.com/i/headshots/college-football/players/full/5152836.png
5152839,Jaylen King,QB,https://a.espncdn.com/i/headshots/college-football/players/full/5152839.png
5152864,Jackson Head,TE,https://a.espncdn.com/i/headshots/college-football/players/full/5152864.png
5152900,Mike Mitchell,RB,https://a.espncdn.com/i/headshots/college-football/players/full/5152900.png
5152924,JQ Gray,RB,https://a.espncdn.com/i/headshots/college-football/players/full/5152924.png
5152926,Pax Hughes,TE,https://a.espncdn.com/i/headshots/college-football/players/full/5152926.png
5153036,Dylan Williams,WR,https://a.espncdn.com/i/headshots/college-football/players/full/5153036.png
5153056,DT Sheffield,WR,https://a.espncdn.com/i/headshots/college-football/players/full/5153056.png
5153065,Branden Ganashamoorthy,WR,https://a.espncdn.com/i/headshots/college-football/players/full/5153065.png
5153074,Carlos Hernandez,WR,https://a.espncdn.com/i/headshots/college-football/players/full/5153074.png
5153244,Colbey Lamberth,QB,https://a.espncdn.com/i/headshots/college-football/players/full/5153244.png
5153246,Jackson House,WR,https://a.espncdn.com/i/headshots/college-football/players/full/5153246.png
5153251,Brayden Latham,RB,https://a.espncdn.com/i/headshots/college-football/players/full/5153251.png
5153263,Jakob Dixon,WR,https://a.espncdn.com/i/headshots/college-football/players/full/5153263.png
5153265,Jayden West,WR,https://a.espncdn.com/i/headshots/college-football/players/full/5153265.png
5153266,Simon Ghee,WR,https://a.espncdn.com/i/headshots/college-football/players/full/5153266.png
5153277,Trenell Ridgley,WR,https://a.espncdn.com/i/headshots/college-football/players/full/5153277.png
5153286,Landen Lucas,TE,https://a.espncdn.com/i/headshots/college-football/players/full/5153286.png
5153318,AJ Little,WR,https://a.espncdn.com/i/headshots/college-football/players/full/5153318.png
5153319,Dalton Restelli,WR,https://a.espncdn.com/i/headshots/college-football/players/full/5153319.png
5153369,Ja'Keith Hamilton,WR,https://a.espncdn.com/i/headshots/college-football/players/full/5153369.png
5153377,Brock Chappell,TE,https://a.espncdn.com/i/headshots/college-football/players/full/5153377.png
5153389,Colton Hinton,WR,https://a.espncdn.com/i/headshots/college-football/players/full/5153389.png
5153399,Adjatay Dabbs,WR,https://a.espncdn.com/i/headshots/college-football/players/full/5153399.png
5153401,Brayden Smith,WR,https://a.espncdn.com/i/headshots/college-football/players/full/5153401.png
5153402,Tyrell Coard,RB,https://a.espncdn.com/i/headshots/college-football/players/full/5153402.png
5153408,Kendall Harris,WR,https://a.espncdn.com/i/headshots/college-football/players/full/5153408.png
5153444,Eli Mirza,WR,https://a.espncdn.com/i/headshots/college-football/players/full/5153444.png
5153483,Cole Ruble,RB,https://a.espncdn.com/i/headshots/college-football/players/full/5153483.png
5153485,Andrew Civey,TE,https://a.espncdn.com/i/headshots/college-football/players/full/5153485.png
5153499,Donnie Cheers,WR,https://a.espncdn.com/i/headshots/college-football/players/full/5153499.png
5153501,Anthony Westervelt,WR,https://a.espncdn.com/i/headshots/college-football/players/full/5153501.png
5153517,Jase Hoath,TE,https://a.espncdn.com/i/headshots/college-football/players/full/5153517.png
5153603,Joseph Castle,RB,https://a.espncdn.com/i/headshots/college-football/players/full/5153603.png
5153613,Carter Shaw,WR,https://a.espncdn.com/i/headshots/college-football/players/full/5153613.png
5153614,Troy Leigber,RB,https://a.espncdn.com/i/headshots/college-football/players/full/5153614.png
5153650,Davon Booth,RB,https://a.espncdn.com/i/headshots/college-football/players/full/5153650.png
5153653,Kahanu Davis,WR,https://a.espncdn.com/i/headshots/college-football/players/full/5153653.png
5153655,Ja'Kheo Mitchell,WR,https://a.espncdn.com/i/headshots/college-football/players/full/5153655.png
5153685,Richie Muñoz,QB,https://a.espncdn.com/i/headshots/college-football/players/full/5153685.png
5153697,Ammon Munyer,TE,https://a.espncdn.com/i/headshots/college-football/players/full/5153697.png
5153708,Keali'i Ah Yat,QB,https://a.espncdn.com/i/headshots/college-football/players/full/5153708.png
5153727,Ashton Nickelberry,WR,https://a.espncdn.com/i/headshots/college-football/players/full/5153727.png
5153730,Jaden Barnes,WR,https://a.espncdn.com/i/headshots/college-football/players/full/5153730.png
5153734,Malaki Dowell,RB,https://a.espncdn.com/i/headshots/college-football/players/full/5153734.png
5153736,Kaden Williams,RB,https://a.espncdn.com/i/headshots/college-football/players/full/5153736.png
5153737,Courtland Simmons,RB,https://a.espncdn.com/i/headshots/college-football/players/full/5153737.png
5153741,Garrett Hawkins,RB,https://a.espncdn.com/i/headshots/college-football/players/full/5153741.png
5153754,Jordyn Potts,QB,https://a.espncdn.com/i/headshots/college-football/players/full/5153754.png
5153764,Aidan Littles,RB,https://a.espncdn.com/i/headshots/college-football/players/full/5153764.png
5153775,Tyler Nix,TE,https://a.espncdn.com/i/headshots/college-football/players/full/5153775.png
5153776,Reece Perkins,WR,https://a.espncdn.com/i/headshots/college-football/players/full/5153776.png
5153782,Amari Odom,QB,https://a.espncdn.com/i/headshots/college-football/players/full/5153782.png
5153792,Jack Purdy,WR,https://a.espncdn.com/i/headshots/college-football/players/full/5153792.png
5153811,Caden Drezek,QB,https://a.espncdn.com/i/headshots/college-football/players/full/5153811.png
5153813,Nick Laughlin,RB,https://a.espncdn.com/i/headshots/college-football/players/full/5153813.png
5153815,Tristen Kenan,RB,https://a.espncdn.com/i/headshots/college-football/players/full/5153815.png
5153824,Elijah Smalls,TE,https://a.espncdn.com/i/headshots/college-football/players/full/5153824.png
5153845,Zach Marker,QB,https://a.espncdn.com/i/headshots/college-football/players/full/5153845.png
5153846,Nick Minicucci,QB,https://a.espncdn.com/i/headshots/college-football/players/full/5153846.png
5153849,Daniel Lipovski,QB,https://a.espncdn.com/i/headshots/college-football/players/full/5153849.png
5153851,KT Seay,RB,https://a.espncdn.com/i/headshots/college-football/players/full/5153851.png
5153852,Ja'Carree Kelly,WR,https://a.espncdn.com/i/headshots/college-football/players/full/5153852.png
5153855,Saeed St. Fleur,RB,https://a.espncdn.com/i/headshots/college-football/players/full/5153855.png
5153870,Donovan Lewis,WR,https://a.espncdn.com/i/headshots/college-football/players/full/5153870.png
5153879,Ayden Martin,RB,https://a.espncdn.com/i/headshots/college-football/players/full/5153879.png
5153885,Rodney Nelson,RB,https://a.espncdn.com/i/headshots/college-football/players/full/5153885.png
5153887,Tra Neal,WR,https://a.espncdn.com/i/headshots/college-football/players/full/5153887.png
5153889,Josh Derry,WR,https://a.espncdn.com/i/headshots/college-football/players/full/5153889.png
5153892,Arturo Johnson Jr.,TE,https://a.espncdn.com/i/headshots/college-football/players/full/5153892.png
5153905,Marcus Middleton,TE,https://a.espncdn.com/i/headshots/college-football/players/full/5153905.png
5153909,Logan Tomlinson,WR,https://a.espncdn.com/i/headshots/college-football/players/full/5153909.png
5153911,Drew Danson,TE,https://a.espncdn.com/i/headshots/college-football/players/full/5153911.png
5153973,Alvarez Baker,WR,https://a.espncdn.com/i/headshots/college-football/players/full/5153973.png
5153977,Jamaal Brown,RB,https://a.espncdn.com/i/headshots/college-football/players/full/5153977.png
5153978,Camden Coleman,QB,https://a.espncdn.com/i/headshots/college-football/players/full/5153978.png
5153983,Aziz Foster-Powell,RB,https://a.espncdn.com/i/headshots/college-football/players/full/5153983.png
5153994,Landon Ellis,WR,https://a.espncdn.com/i/headshots/college-football/players/full/5153994.png
5154000,Nolan Clayton,TE,https://a.espncdn.com/i/headshots/college-football/players/full/5154000.png
5154007,Ja'briel Mace,RB,https://a.espncdn.com/i/headshots/college-football/players/full/5154007.png
5154011,Kenyon Miles,WR,https://a.espncdn.com/i/headshots/college-football/players/full/5154011.png
5154013,Isaiah Ragland,RB,https://a.espncdn.com/i/headshots/college-football/players/full/5154013.png
5154019,Noah Brannock,QB,https://a.espncdn.com/i/headshots/college-football/players/full/5154019.png
5154032,Jackson Blee,TE,https://a.espncdn.com/i/headshots/college-football/players/full/5154032.png
5154215,Tyler Nelson,QB,https://a.espncdn.com/i/headshots/college-football/players/full/5154215.png
5154220,Josh Williamson,WR,https://a.espncdn.com/i/headshots/college-football/players/full/5154220.png
5154224,DJ Scott,RB,https://a.espncdn.com/i/headshots/college-football/players/full/5154224.png
5154225,Andre Craig Jr.,WR,https://a.espncdn.com/i/headshots/college-football/players/full/5154225.png
5154227,Navelle Dean,WR,https://a.espncdn.com/i/headshots/college-football/players/full/5154227.png
5154245,Jacob Ulrich,RB,https://a.espncdn.com/i/headshots/college-football/players/full/5154245.png
5154248,Kaleb Annett,QB,https://a.espncdn.com/i/headshots/college-football/players/full/5154248.png
5154259,Se'Quan Osborne,WR,https://a.espncdn.com/i/headshots/college-football/players/full/5154259.png
5154262,Gavin Harris,TE,https://a.espncdn.com/i/headshots/college-football/players/full/5154262.png
5154270,Nathanial Clark,TE,https://a.espncdn.com/i/headshots/college-football/players/full/5154270.png
5154277,Cole Feuerbacher,QB,https://a.espncdn.com/i/headshots/college-football/players/full/5154277.png
5154278,Jayden Becks,RB,https://a.espncdn.com/i/headshots/college-football/players/full/5154278.png
5154284,Ramone Green Jr.,RB,https://a.espncdn.com/i/headshots/college-football/players/full/5154284.png
5154299,Kywon Morgan,RB,https://a.espncdn.com/i/headshots/college-football/players/full/5154299.png
5154302,David Lynch,QB,https://a.espncdn.com/i/headshots/college-football/players/full/5154302.png
5154303,Zion Fowler-El,WR,https://a.espncdn.com/i/headshots/college-football/players/full/5154303.png
5154304,Caleb Williams,RB,https://a.espncdn.com/i/headshots/college-football/players/full/5154304.png
5154306,Devin Whitlock,WR,https://a.espncdn.com/i/headshots/college-football/players/full/5154306.png
5154315,Benny Haselrig,WR,https://a.espncdn.com/i/headshots/college-football/players/full/5154315.png
5154321,Alexander Capka-Jones,WR,https://a.espncdn.com/i/headshots/college-football/players/full/5154321.png
5154338,Djay Braswell,RB,https://a.espncdn.com/i/headshots/college-football/players/full/5154338.png
5154339,Mario Anderson Jr.,RB,https://a.espncdn.com/i/headshots/college-football/players/full/5154339.png
5154341,Maurice Brown II,TE,https://a.espncdn.com/i/headshots/college-football/players/full/5154341.png
5154348,Ajai Harrell,WR,https://a.espncdn.com/i/headshots/college-football/players/full/5154348.png
5154351,Eric Horn,WR,https://a.espncdn.com/i/headshots/college-football/players/full/5154351.png
5154372,Asa Gregg,WR,https://a.espncdn.com/i/headshots/college-football/players/full/5154372.png
5154383,Justin Bostic,WR,https://a.espncdn.com/i/headshots/college-football/players/full/5154383.png
5154413,Isaiah Spencer,WR,https://a.espncdn.com/i/headshots/college-football/players/full/5154413.png
5154420,Ahmad Miller,RB,https://a.espncdn.com/i/headshots/college-football/players/full/5154420.png
5154527,Kristian Tate,WR,https://a.espncdn.com/i/headshots/college-football/players/full/5154527.png
5154529,Nathan Stewart,WR,https://a.espncdn.com/i/headshots/college-football/players/full/5154529.png
5154530,Kyree Benton,WR,https://a.espncdn.com/i/headshots/college-football/players/full/5154530.png
5154534,Tahj Smith,QB,https://a.espncdn.com/i/headshots/college-football/players/full/5154534.png
5154540,Myles Miree,RB,https://a.espncdn.com/i/headshots/college-football/players/full/5154540.png
5154559,Jason Collins Jr.,RB,https://a.espncdn.com/i/headshots/college-football/players/full/5154559.png
5154569,JC Roque Jr.,WR,https://a.espncdn.com/i/headshots/college-football/players/full/5154569.png
5154575,Jaiden Ellis-Lahey,WR,https://a.espncdn.com/i/headshots/college-football/players/full/5154575.png
5154580,Zach Mehmert,WR,https://a.espncdn.com/i/headshots/college-football/players/full/5154580.png
5154725,Kentrell Prejean,WR,https://a.espncdn.com/i/headshots/college-football/players/full/5154725.png
5154729,Davin Stoffel,TE,https://a.espncdn.com/i/headshots/college-football/players/full/5154729.png
5154732,Kirby Vorhees,RB,https://a.espncdn.com/i/headshots/college-football/players/full/5154732.png
5154734,Griffin Wilde,WR,https://a.espncdn.com/i/headshots/college-football/players/full/5154734.png
5154763,Kam White,WR,https://a.espncdn.com/i/headshots/college-football/players/full/5154763.png
5154781,Allen Middleton,WR,https://a.espncdn.com/i/headshots/college-football/players/full/5154781.png
5154809,Jaylon Domingeaux,WR,https://a.espncdn.com/i/headshots/college-football/players/full/5154809.png
5154811,Deantre Jackson,RB,https://a.espncdn.com/i/headshots/college-football/players/full/5154811.png
5154831,Tristan Goodly,WR,https://a.espncdn.com/i/headshots/college-football/players/full/5154831.png
5154833,Mike Williams,WR,https://a.espncdn.com/i/headshots/college-football/players/full/5154833.png
5154846,Dawson Adams-Grenier,TE,https://a.espncdn.com/i/headshots/college-football/players/full/5154846.png
5154855,Cutter Stewart,QB,https://a.espncdn.com/i/headshots/college-football/players/full/5154855.png
5154862,Jesse Valenzuela,RB,https://a.espncdn.com/i/headshots/college-football/players/full/5154862.png
5154864,Champ Dozier,RB,https://a.espncdn.com/i/headshots/college-football/players/full/5154864.png
5154882,Tyshon King,RB,https://a.espncdn.com/i/headshots/college-football/players/full/5154882.png
5154886,Cyrus Traugh,WR,https://a.espncdn.com/i/headshots/college-football/players/full/5154886.png
5154910,Robert Coleman,QB,https://a.espncdn.com/i/headshots/college-football/players/full/5154910.png
5154911,Aiden McCown,QB,https://a.espncdn.com/i/headshots/college-football/players/full/5154911.png
5154960,Jonathan Harris,WR,https://a.espncdn.com/i/headshots/college-football/players/full/5154960.png
5154962,Kamden Sixkiller,QB,https://a.espncdn.com/i/headshots/college-football/players/full/5154962.png
5154964,Makhi Paris,WR,https://a.espncdn.com/i/headshots/college-football/players/full/5154964.png
5154971,Coleby Hamm,RB,https://a.espncdn.com/i/headshots/college-football/players/full/5154971.png
5154995,Jamaal Levi,WR,https://a.espncdn.com/i/headshots/college-football/players/full/5154995.png
5154997,Reed Boyd,TE,https://a.espncdn.com/i/headshots/college-football/players/full/5154997.png
5154998,Cory O'Bryant,WR,https://a.espncdn.com/i/headshots/college-football/players/full/5154998.png
5154999,Jalen Wright,WR,https://a.espncdn.com/i/headshots/college-football/players/full/5154999.png
5155000,Jer'Michael Carter,WR,https://a.espncdn.com/i/headshots/college-football/players/full/5155000.png
5155039,Aidan Warner,QB,https://a.espncdn.com/i/headshots/college-football/players/full/5155039.png
5155048,L.J. Phillips Jr.,RB,https://a.espncdn.com/i/headshots/college-football/players/full/5155048.png
5155062,Larenzo Fenner,WR,https://a.espncdn.com/i/headshots/college-football/players/full/5155062.png
5155064,Jesse Miller,TE,https://a.espncdn.com/i/headshots/college-football/players/full/5155064.png
5155073,David Omopariola,WR,https://a.espncdn.com/i/headshots/college-football/players/full/5155073.png
5155077,Nick Armentano,WR,https://a.espncdn.com/i/headshots/college-football/players/full/5155077.png
5155089,Leo Kemp,RB,https://a.espncdn.com/i/headshots/college-football/players/full/5155089.png
5155100,Jeff Hoenstine,QB,https://a.espncdn.com/i/headshots/college-football/players/full/5155100.png
5155101,Andrew Vines,RB,https://a.espncdn.com/i/headshots/college-football/players/full/5155101.png
5155112,Jordan Theodore,RB,https://a.espncdn.com/i/headshots/college-football/players/full/5155112.png
5155120,Joe Skule,WR,https://a.espncdn.com/i/headshots/college-football/players/full/5155120.png
5155149,Sam Penna,WR,https://a.espncdn.com/i/headshots/college-football/players/full/5155149.png
5155150,Jahmil Perryman,WR,https://a.espncdn.com/i/headshots/college-football/players/full/5155150.png
5155163,Yousef Obeid,RB,https://a.espncdn.com/i/headshots/college-football/players/full/5155163.png
5155179,Jacob De Jesus,WR,https://a.espncdn.com/i/headshots/college-football/players/full/5155179.png
5155193,Corey Thompson Jr.,WR,https://a.espncdn.com/i/headshots/college-football/players/full/5155193.png
5155194,Christian Earls,TE,https://a.espncdn.com/i/headshots/college-football/players/full/5155194.png
5155207,Jackson Dufrene,WR,https://a.espncdn.com/i/headshots/college-football/players/full/5155207.png
5155212,Karaaz Johnson,WR,https://a.espncdn.com/i/headshots/college-football/players/full/5155212.png
5155214,Jayden Milton,RB,https://a.espncdn.com/i/headshots/college-football/players/full/5155214.png
5155250,Cade Cox,TE,https://a.espncdn.com/i/headshots/college-football/players/full/5155250.png
5155270,Destin Moore,WR,https://a.espncdn.com/i/headshots/college-football/players/full/5155270.png
5155273,Egypt Nelson,WR,https://a.espncdn.com/i/headshots/college-football/players/full/5155273.png
5155274,Zach Pirtle,WR,https://a.espncdn.com/i/headshots/college-football/players/full/5155274.png
5155275,Dylan Poley,TE,https://a.espncdn.com/i/headshots/college-football/players/full/5155275.png
5155293,Denzell Gibson,RB,https://a.espncdn.com/i/headshots/college-football/players/full/5155293.png
5155321,Elijah Owens,QB,https://a.espncdn.com/i/headshots/college-football/players/full/5155321.png
5155322,BJ Wuest,WR,https://a.espncdn.com/i/headshots/college-football/players/full/5155322.png
5155333,Angelo St. Louis,RB,https://a.espncdn.com/i/headshots/college-football/players/full/5155333.png
5155334,Carson Dunn,RB,https://a.espncdn.com/i/headshots/college-football/players/full/5155334.png
5155355,Jamal Bing Jr.,RB,https://a.espncdn.com/i/headshots/college-football/players/full/5155355.png
5155366,Malachi Hosley,RB,https://a.espncdn.com/i/headshots/college-football/players/full/5155366.png
5155451,Jaren Bowling,TE,https://a.espncdn.com/i/headshots/college-football/players/full/5155451.png
5155455,Chris Franklin,RB,https://a.espncdn.com/i/headshots/college-football/players/full/5155455.png
5155519,Yannick Smith,WR,https://a.espncdn.com/i/headshots/college-football/players/full/5155519.png
5155528,Jerry Kaminski,QB,https://a.espncdn.com/i/headshots/college-football/players/full/5155528.png
5155530,Korey Tai,WR,https://a.espncdn.com/i/headshots/college-football/players/full/5155530.png
5155532,Sawyer Seidl,RB,https://a.espncdn.com/i/headshots/college-football/players/full/5155532.png
5155579,Cameron Flowers,WR,https://a.espncdn.com/i/headshots/college-football/players/full/5155579.png
5155697,Curtis Jones Jr.,RB,https://a.espncdn.com/i/headshots/college-football/players/full/5155697.png
5155699,Fatu Mukuba,WR,https://a.espncdn.com/i/headshots/college-football/players/full/5155699.png
5155780,Taeo Todd,RB,https://a.espncdn.com/i/headshots/college-football/players/full/5155780.png
5155783,Dan Frederick,RB,https://a.espncdn.com/i/headshots/college-football/players/full/5155783.png
5155786,Dylan Magazu,TE,https://a.espncdn.com/i/headshots/college-football/players/full/5155786.png
5155802,Zimere Winston,WR,https://a.espncdn.com/i/headshots/college-football/players/full/5155802.png
5155803,Kenaz McMillian,WR,https://a.espncdn.com/i/headshots/college-football/players/full/5155803.png
5155808,Tyrell Greene Jr.,RB,https://a.espncdn.com/i/headshots/college-football/players/full/5155808.png
5155811,Zay Perkins,WR,https://a.espncdn.com/i/headshots/college-football/players/full/5155811.png
5155818,CJ Schaeffer,TE,https://a.espncdn.com/i/headshots/college-football/players/full/5155818.png
5155819,Rion Roseborough,RB,https://a.espncdn.com/i/headshots/college-football/players/full/5155819.png
5155825,Carter Runyon,WR,https://a.espncdn.com/i/headshots/college-football/players/full/5155825.png
5155864,Julian Dugger,QB,https://a.espncdn.com/i/headshots/college-football/players/full/5155864.png
5155867,Carson Grove,WR,https://a.espncdn.com/i/headshots/college-football/players/full/5155867.png
5155870,Will Loerzel,TE,https://a.espncdn.com/i/headshots/college-football/players/full/5155870.png
5155872,JayShon Ridgle,RB,https://a.espncdn.com/i/headshots/college-football/players/full/5155872.png
5155974,Taron Biles-Walker,WR,https://a.espncdn.com/i/headshots/college-football/players/full/5155974.png
5155995,Elyjah Mitchell,WR,https://a.espncdn.com/i/headshots/college-football/players/full/5155995.png
5156003,X'Zavion Evans,RB,https://a.espncdn.com/i/headshots/college-football/players/full/5156003.png
5156023,Joshua Roberson,RB,https://a.espncdn.com/i/headshots/college-football/players/full/5156023.png
5156056,Champ Hampton,RB,https://a.espncdn.com/i/headshots/college-football/players/full/5156056.png
5156057,Myles Libman,WR,https://a.espncdn.com/i/headshots/college-football/players/full/5156057.png
5156090,Dylan Laible,QB,https://a.espncdn.com/i/headshots/college-football/players/full/5156090.png
5156110,Kade Caton,TE,https://a.espncdn.com/i/headshots/college-football/players/full/5156110.png
5156115,Elijah Pedro,WR,https://a.espncdn.com/i/headshots/college-football/players/full/5156115.png
5156116,Juju Preston,WR,https://a.espncdn.com/i/headshots/college-football/players/full/5156116.png
5156152,Jaquari Lewis,RB,https://a.espncdn.com/i/headshots/college-football/players/full/5156152.png
5156153,Tavian McNair,WR,https://a.espncdn.com/i/headshots/college-football/players/full/5156153.png
5156162,E. Jai Mason,WR,https://a.espncdn.com/i/headshots/college-football/players/full/5156162.png
5156183,Brendan Jenkins,WR,https://a.espncdn.com/i/headshots/college-football/players/full/5156183.png
5156202,Matthias Latham,RB,https://a.espncdn.com/i/headshots/college-football/players/full/5156202.png
5156204,Jalen McDonald,WR,https://a.espncdn.com/i/headshots/college-football/players/full/5156204.png
5156207,Austin Palmer,WR,https://a.espncdn.com/i/headshots/college-football/players/full/5156207.png
5156210,Seth Sweitzer,WR,https://a.espncdn.com/i/headshots/college-football/players/full/5156210.png
5156212,Brendon Wyatt,RB,https://a.espncdn.com/i/headshots/college-football/players/full/5156212.png
5156215,Timothy Carter,RB,https://a.espncdn.com/i/headshots/college-football/players/full/5156215.png
5156225,Jameson Garcia,WR,https://a.espncdn.com/i/headshots/college-football/players/full/5156225.png
5156241,Matthew Ramirez,WR,https://a.espncdn.com/i/headshots/college-football/players/full/5156241.png
5156245,Richard Torres,QB,https://a.espncdn.com/i/headshots/college-football/players/full/5156245.png
5156254,Twon Hines,WR,https://a.espncdn.com/i/headshots/college-football/players/full/5156254.png
5156255,J.T. Fayard,QB,https://a.espncdn.com/i/headshots/college-football/players/full/5156255.png
5156285,Amaaz Eugene,WR,https://a.espncdn.com/i/headshots/college-football/players/full/5156285.png
5156292,C'zavian Teasett,QB,https://a.espncdn.com/i/headshots/college-football/players/full/5156292.png
5156293,Jalen Woods,QB,https://a.espncdn.com/i/headshots/college-football/players/full/5156293.png
5156348,Bryson Kuzdzal,RB,https://a.espncdn.com/i/headshots/college-football/players/full/5156348.png
5156349,Jalen Hoffman,TE,https://a.espncdn.com/i/headshots/college-football/players/full/5156349.png
5156379,DaMarion Fowlkes,WR,https://a.espncdn.com/i/headshots/college-football/players/full/5156379.png
5156388,Leon Washington Jr.,WR,https://a.espncdn.com/i/headshots/college-football/players/full/5156388.png
5156439,Alijah Turner,WR,https://a.espncdn.com/i/headshots/college-football/players/full/5156439.png
5156440,Jamarice Wilder,RB,https://a.espncdn.com/i/headshots/college-football/players/full/5156440.png
5156792,Brandon Boria,RB,https://a.espncdn.com/i/headshots/college-football/players/full/5156792.png
5156794,Dylan Harris,RB,https://a.espncdn.com/i/headshots/college-football/players/full/5156794.png
5156860,Caleb Ramseur,RB,https://a.espncdn.com/i/headshots/college-football/players/full/5156860.png
5156879,Jaylen Hampton,WR,https://a.espncdn.com/i/headshots/college-football/players/full/5156879.png
5156893,Jordan Martin,WR,https://a.espncdn.com/i/headshots/college-football/players/full/5156893.png
5156906,Bill Davis,RB,https://a.espncdn.com/i/headshots/college-football/players/full/5156906.png
5156909,Damondrick Blackburn,RB,https://a.espncdn.com/i/headshots/college-football/players/full/5156909.png
5156911,Landon Baptiste,WR,https://a.espncdn.com/i/headshots/college-football/players/full/5156911.png
5156915,Tylan Citizen,RB,https://a.espncdn.com/i/headshots/college-football/players/full/5156915.png
5156926,Tavion Smith,WR,https://a.espncdn.com/i/headshots/college-football/players/full/5156926.png
5156928,Caden Jensen,TE,https://a.espncdn.com/i/headshots/college-football/players/full/5156928.png
5156933,Rahsul Faison,RB,https://a.espncdn.com/i/headshots/college-football/players/full/5156933.png
5156959,Jordan Rae,WR,https://a.espncdn.com/i/headshots/college-football/players/full/5156959.png
5156960,Joey Koch,RB,https://a.espncdn.com/i/headshots/college-football/players/full/5156960.png
5156994,Trey Drake,QB,https://a.espncdn.com/i/headshots/college-football/players/full/5156994.png
5156998,CharMar Brown,RB,https://a.espncdn.com/i/headshots/college-football/players/full/5156998.png
5157011,Brady Wavrunek,RB,https://a.espncdn.com/i/headshots/college-football/players/full/5157011.png
5157055,Edd Guerrier,RB,https://a.espncdn.com/i/headshots/college-football/players/full/5157055.png
5157068,Kaleb Mathis,WR,https://a.espncdn.com/i/headshots/college-football/players/full/5157068.png
5157117,Barry Tate,WR,https://a.espncdn.com/i/headshots/college-football/players/full/5157117.png
5157119,Aiden Valdez,TE,https://a.espncdn.com/i/headshots/college-football/players/full/5157119.png
5157187,Cameron Bates,WR,https://a.espncdn.com/i/headshots/college-football/players/full/5157187.png
5157261,Ja'Vin Simpkins,RB,https://a.espncdn.com/i/headshots/college-football/players/full/5157261.png
5157266,Bryson Graves,WR,https://a.espncdn.com/i/headshots/college-football/players/full/5157266.png
5157268,Darren Lloyd,RB,https://a.espncdn.com/i/headshots/college-football/players/full/5157268.png
5157282,Nathan Schuessler,WR,https://a.espncdn.com/i/headshots/college-football/players/full/5157282.png
5157284,Jamai East,WR,https://a.espncdn.com/i/headshots/college-football/players/full/5157284.png
5157287,David Wells Jr.,WR,https://a.espncdn.com/i/headshots/college-football/players/full/5157287.png
5157294,Karson Boschma,WR,https://a.espncdn.com/i/headshots/college-football/players/full/5157294.png
5157315,Conner Cravaack,TE,https://a.espncdn.com/i/headshots/college-football/players/full/5157315.png
5157316,Paul Davis,WR,https://a.espncdn.com/i/headshots/college-football/players/full/5157316.png
5157324,Jean Louis III,WR,https://a.espncdn.com/i/headshots/college-football/players/full/5157324.png
5157331,Adrian Norton,WR,https://a.espncdn.com/i/headshots/college-football/players/full/5157331.png
5157391,Jayden Clerveaux,RB,https://a.espncdn.com/i/headshots/college-football/players/full/5157391.png
5157399,Nyeoti Punni,RB,https://a.espncdn.com/i/headshots/college-football/players/full/5157399.png
5157410,Charly Mullaly,WR,https://a.espncdn.com/i/headshots/college-football/players/full/5157410.png
5157412,Maxwell Warren,WR,https://a.espncdn.com/i/headshots/college-football/players/full/5157412.png
5157425,Keylijah Williams,WR,https://a.espncdn.com/i/headshots/college-football/players/full/5157425.png
5157426,Jaden Keefner,QB,https://a.espncdn.com/i/headshots/college-football/players/full/5157426.png
5157430,Aldrich Doe,WR,https://a.espncdn.com/i/headshots/college-football/players/full/5157430.png
5157458,Koby Keenan,TE,https://a.espncdn.com/i/headshots/college-football/players/full/5157458.png
5157481,Collin Hurst,QB,https://a.espncdn.com/i/headshots/college-football/players/full/5157481.png
5157528,Nate Levicki,TE,https://a.espncdn.com/i/headshots/college-football/players/full/5157528.png
5157533,Derek Varley,TE,https://a.espncdn.com/i/headshots/college-football/players/full/5157533.png
5158127,Landon Graves,QB,https://a.espncdn.com/i/headshots/college-football/players/full/5158127.png
5158138,Cooper Eldridge,WR,https://a.espncdn.com/i/headshots/college-football/players/full/5158138.png
5158235,Jordan Clemons,RB,https://a.espncdn.com/i/headshots/college-football/players/full/5158235.png
5158245,Jude James,TE,https://a.espncdn.com/i/headshots/college-football/players/full/5158245.png
5158251,Khalil Wilkins,QB,https://a.espncdn.com/i/headshots/college-football/players/full/5158251.png
5158341,Luke Hutchison,WR,https://a.espncdn.com/i/headshots/college-football/players/full/5158341.png
5158343,Braxton Woodson,QB,https://a.espncdn.com/i/headshots/college-football/players/full/5158343.png
5158351,TK Hodges,WR,https://a.espncdn.com/i/headshots/college-football/players/full/5158351.png
5158365,Gage Leonard,WR,https://a.espncdn.com/i/headshots/college-football/players/full/5158365.png
5158369,Stefan Egbe,RB,https://a.espncdn.com/i/headshots/college-football/players/full/5158369.png
5158373,Vic Listorti,RB,https://a.espncdn.com/i/headshots/college-football/players/full/5158373.png
5158374,Isaiah Bryant,WR,https://a.espncdn.com/i/headshots/college-football/players/full/5158374.png
5158394,Kendall Evans,WR,https://a.espncdn.com/i/headshots/college-football/players/full/5158394.png
5158395,Joshua Guerin,WR,https://a.espncdn.com/i/headshots/college-football/players/full/5158395.png
5158398,Jake Norris,TE,https://a.espncdn.com/i/headshots/college-football/players/full/5158398.png
5158407,Sawyer Anderson,QB,https://a.espncdn.com/i/headshots/college-football/players/full/5158407.png
5158409,Jose Corbo,RB,https://a.espncdn.com/i/headshots/college-football/players/full/5158409.png
5158414,Nate Henry,RB,https://a.espncdn.com/i/headshots/college-football/players/full/5158414.png
5158446,Brock Thomas,QB,https://a.espncdn.com/i/headshots/college-football/players/full/5158446.png
5158458,Gernorris Wilson,WR,https://a.espncdn.com/i/headshots/college-football/players/full/5158458.png
5158460,Ashton Cozart,WR,https://a.espncdn.com/i/headshots/college-football/players/full/5158460.png
5158746,Jordan Cooke,QB,https://a.espncdn.com/i/headshots/college-football/players/full/5158746.png
5158748,Jackson Sharman,QB,https://a.espncdn.com/i/headshots/college-football/players/full/5158748.png
5158751,Ian Duarte,WR,https://a.espncdn.com/i/headshots/college-football/players/full/5158751.png
5158754,Michael Shulikov,WR,https://a.espncdn.com/i/headshots/college-football/players/full/5158754.png
5158756,Damien Morgan,WR,https://a.espncdn.com/i/headshots/college-football/players/full/5158756.png
5158759,Raiden Brown,WR,https://a.espncdn.com/i/headshots/college-football/players/full/5158759.png
5158829,Javon Robinson,WR,https://a.espncdn.com/i/headshots/college-football/players/full/5158829.png
5158835,Tylon Williams,WR,https://a.espncdn.com/i/headshots/college-football/players/full/5158835.png
5158864,Shemar Savage,WR,https://a.espncdn.com/i/headshots/college-football/players/full/5158864.png
5158904,Anthony Benjamin,RB,https://a.espncdn.com/i/headshots/college-football/players/full/5158904.png
5158917,Nick Delgadillo,WR,https://a.espncdn.com/i/headshots/college-football/players/full/5158917.png
5158933,Lawrence Autry,RB,https://a.espncdn.com/i/headshots/college-football/players/full/5158933.png
5158934,Shahn Alston,RB,https://a.espncdn.com/i/headshots/college-football/players/full/5158934.png
5158939,Tradarian Ball,RB,https://a.espncdn.com/i/headshots/college-football/players/full/5158939.png
5158940,Naeem Burroughs,WR,https://a.espncdn.com/i/headshots/college-football/players/full/5158940.png
5158944,Elias Coke,WR,https://a.espncdn.com/i/headshots/college-football/players/full/5158944.png
5158948,Jared Curtis,QB,https://a.espncdn.com/i/headshots/college-football/players/full/5158948.png
5158951,Davion Brown,WR,https://a.espncdn.com/i/headshots/college-football/players/full/5158951.png
5158959,Tron Baker,WR,https://a.espncdn.com/i/headshots/college-football/players/full/5158959.png
5158960,Jordan Clay,WR,https://a.espncdn.com/i/headshots/college-football/players/full/5158960.png
5158961,Deuce Geralds,RB,https://a.espncdn.com/i/headshots/college-football/players/full/5158961.png
5158973,Faizon Brandon,QB,https://a.espncdn.com/i/headshots/college-football/players/full/5158973.png
5158975,KJ Edwards,RB,https://a.espncdn.com/i/headshots/college-football/players/full/5158975.png
5158978,Damon Ferguson Jr.,RB,https://a.espncdn.com/i/headshots/college-football/players/full/5158978.png
5158988,Dyzier Carter,WR,https://a.espncdn.com/i/headshots/college-football/players/full/5158988.png
5158996,Briggs Cherry,QB,https://a.espncdn.com/i/headshots/college-football/players/full/5158996.png
5158998,Aaron Gregory,WR,https://a.espncdn.com/i/headshots/college-football/players/full/5158998.png
5159009,Chris Henry Jr.,WR,https://a.espncdn.com/i/headshots/college-football/players/full/5159009.png
5159010,Messiah Mickens,RB,https://a.espncdn.com/i/headshots/college-football/players/full/5159010.png
5159013,Salesi Moa,WR,https://a.espncdn.com/i/headshots/college-football/players/full/5159013.png
5159016,Julian Lewis,QB,https://a.espncdn.com/i/headshots/college-football/players/full/5159016.png
5159018,Joel Morris,RB,
5159026,Kendre Harrison,TE,https://a.espncdn.com/i/headshots/college-football/players/full/5159026.png
5159027,Dawson Quarterman,WR,https://a.espncdn.com/i/headshots/college-football/players/full/5159027.png
5159029,Jonathan Hatton Jr.,RB,https://a.espncdn.com/i/headshots/college-football/players/full/5159029.png
5159035,Keisean Henderson,QB,https://a.espncdn.com/i/headshots/college-football/players/full/5159035.png
5159036,Calvin Russell III,WR,https://a.espncdn.com/i/headshots/college-football/players/full/5159036.png
5159039,C.J. Sadler,WR,https://a.espncdn.com/i/headshots/college-football/players/full/5159039.png
5159046,Savion Hiter,RB,https://a.espncdn.com/i/headshots/college-football/players/full/5159046.png
5159065,Ansu Sanoe,RB,https://a.espncdn.com/i/headshots/college-football/players/full/5159065.png
5159076,Deshonne Redeaux,RB,https://a.espncdn.com/i/headshots/college-football/players/full/5159076.png
5159078,Tait Reynolds,QB,https://a.espncdn.com/i/headshots/college-football/players/full/5159078.png
5159080,Brayden Robinson,WR,https://a.espncdn.com/i/headshots/college-football/players/full/5159080.png
5159083,Zack Turner,TE,https://a.espncdn.com/i/headshots/college-football/players/full/5159083.png
5159086,Carson Sneed,TE,https://a.espncdn.com/i/headshots/college-football/players/full/5159086.png
5159087,Jonaz Walton,RB,https://a.espncdn.com/i/headshots/college-football/players/full/5159087.png
5159106,Ryelan Morris,RB,https://a.espncdn.com/i/headshots/college-football/players/full/5159106.png
5159115,Noah Grubbs,QB,https://a.espncdn.com/i/headshots/college-football/players/full/5159115.png
5159139,Donovan Faupel,WR,https://a.espncdn.com/i/headshots/college-football/players/full/5159139.png
5159141,Dailan Goodman,RB,https://a.espncdn.com/i/headshots/college-football/players/full/5159141.png
5159143,Trent Hudson,WR,https://a.espncdn.com/i/headshots/college-football/players/full/5159143.png
5159145,Jerry Lydiatt,TE,https://a.espncdn.com/i/headshots/college-football/players/full/5159145.png
5159150,Isaiah Rudison,RB,https://a.espncdn.com/i/headshots/college-football/players/full/5159150.png
5159175,Malachi Toney,WR,https://a.espncdn.com/i/headshots/college-football/players/full/5159175.png
5159177,Joshua Jones,QB,https://a.espncdn.com/i/headshots/college-football/players/full/5159177.png
5159200,Chance Peterson,WR,https://a.espncdn.com/i/headshots/college-football/players/full/5159200.png
5159201,Markell Quick,WR,https://a.espncdn.com/i/headshots/college-football/players/full/5159201.png
5159231,Kacy Fields,RB,https://a.espncdn.com/i/headshots/college-football/players/full/5159231.png
5159232,Jawarn Howell,RB,https://a.espncdn.com/i/headshots/college-football/players/full/5159232.png
5159233,Nicholas Brown,TE,https://a.espncdn.com/i/headshots/college-football/players/full/5159233.png
5159234,Nigel Johnson,WR,https://a.espncdn.com/i/headshots/college-football/players/full/5159234.png
5159239,Tyler Smith,RB,https://a.espncdn.com/i/headshots/college-football/players/full/5159239.png
5159262,Garrett Harrold,TE,https://a.espncdn.com/i/headshots/college-football/players/full/5159262.png
5159275,Xavier Rice,QB,https://a.espncdn.com/i/headshots/college-football/players/full/5159275.png
5159276,Edward Robinson,RB,https://a.espncdn.com/i/headshots/college-football/players/full/5159276.png
5159279,Ian Sheehan,WR,https://a.espncdn.com/i/headshots/college-football/players/full/5159279.png
5159280,Shawn Solomon Jr.,RB,https://a.espncdn.com/i/headshots/college-football/players/full/5159280.png
5159282,Daniel Tarabrella,TE,https://a.espncdn.com/i/headshots/college-football/players/full/5159282.png
5159288,Chris Howell,RB,https://a.espncdn.com/i/headshots/college-football/players/full/5159288.png
5159290,Aviyon Smith-Mack,WR,https://a.espncdn.com/i/headshots/college-football/players/full/5159290.png
5159350,Dylan Mauro,RB,https://a.espncdn.com/i/headshots/college-football/players/full/5159350.png
5159359,Jai Boyd,WR,https://a.espncdn.com/i/headshots/college-football/players/full/5159359.png
5159360,James Tyre,WR,https://a.espncdn.com/i/headshots/college-football/players/full/5159360.png
5159361,Bennett Judy,QB,https://a.espncdn.com/i/headshots/college-football/players/full/5159361.png
5159362,Zion Booker,WR,https://a.espncdn.com/i/headshots/college-football/players/full/5159362.png
5159364,Marlin Cochran,RB,https://a.espncdn.com/i/headshots/college-football/players/full/5159364.png
5159366,Markel Townsend,RB,https://a.espncdn.com/i/headshots/college-football/players/full/5159366.png
5159377,David Hulbert,TE,https://a.espncdn.com/i/headshots/college-football/players/full/5159377.png
5159378,Patrick Boyd Jr.,RB,https://a.espncdn.com/i/headshots/college-football/players/full/5159378.png
5159387,BJ Curry,RB,https://a.espncdn.com/i/headshots/college-football/players/full/5159387.png
5159453,Darius Johnson,RB,https://a.espncdn.com/i/headshots/college-football/players/full/5159453.png
5159481,Dominic Deluca,TE,https://a.espncdn.com/i/headshots/college-football/players/full/5159481.png
5159802,Dallen Bentley,TE,https://a.espncdn.com/i/headshots/college-football/players/full/5159802.png
5159815,Coleson Arends,TE,https://a.espncdn.com/i/headshots/college-football/players/full/5159815.png
5159821,Carston Kieffer,RB,https://a.espncdn.com/i/headshots/college-football/players/full/5159821.png
5159823,Isaac Stopke,RB,https://a.espncdn.com/i/headshots/college-football/players/full/5159823.png
5159827,Keona Peat,RB,https://a.espncdn.com/i/headshots/college-football/players/full/5159827.png
5159831,Derek Eusebio,WR,https://a.espncdn.com/i/headshots/college-football/players/full/5159831.png
5159834,Curtis Douglas,RB,https://a.espncdn.com/i/headshots/college-football/players/full/5159834.png
5159878,Will Kiker,WR,https://a.espncdn.com/i/headshots/college-football/players/full/5159878.png
5159888,Chris Elko,WR,https://a.espncdn.com/i/headshots/college-football/players/full/5159888.png
5159908,JR Gardner,RB,https://a.espncdn.com/i/headshots/college-football/players/full/5159908.png
5159944,Kris Hughes,WR,https://a.espncdn.com/i/headshots/college-football/players/full/5159944.png
5159948,Chris Johnson Jr.,RB,https://a.espncdn.com/i/headshots/college-football/players/full/5159948.png
5159954,Shemar Kirk,WR,https://a.espncdn.com/i/headshots/college-football/players/full/5159954.png
5159967,Devin Queen,WR,https://a.espncdn.com/i/headshots/college-football/players/full/5159967.png
5159969,Ian Brandt,RB,https://a.espncdn.com/i/headshots/college-football/players/full/5159969.png
5159983,Omarion Blakes,WR,https://a.espncdn.com/i/headshots/college-football/players/full/5159983.png
5160003,Tyran Warren,WR,https://a.espncdn.com/i/headshots/college-football/players/full/5160003.png
5160022,Targhee Lambson,RB,https://a.espncdn.com/i/headshots/college-football/players/full/5160022.png
5160023,Alyas Vigil,RB,https://a.espncdn.com/i/headshots/college-football/players/full/5160023.png
5160024,Cade Bowring,RB,https://a.espncdn.com/i/headshots/college-football/players/full/5160024.png
5160025,Niko Alailefaleula,RB,https://a.espncdn.com/i/headshots/college-football/players/full/5160025.png
5160028,Nick Petrillo,TE,https://a.espncdn.com/i/headshots/college-football/players/full/5160028.png
5160049,Chase Merrell,WR,https://a.espncdn.com/i/headshots/college-football/players/full/5160049.png
5160086,Desirrio Riles,TE,https://a.espncdn.com/i/headshots/college-football/players/full/5160086.png
5160102,Adam Jacklin,RB,https://a.espncdn.com/i/headshots/college-football/players/full/5160102.png
5160110,Jahdae Walker,WR,https://a.espncdn.com/i/headshots/college-football/players/full/5160110.png
5160113,Ronnie Crosby III,RB,https://a.espncdn.com/i/headshots/college-football/players/full/5160113.png
5160116,Blake Buntyn,WR,https://a.espncdn.com/i/headshots/college-football/players/full/5160116.png
5160121,William Fierro,RB,https://a.espncdn.com/i/headshots/college-football/players/full/5160121.png
5160131,Adam Moore,TE,https://a.espncdn.com/i/headshots/college-football/players/full/5160131.png
5160151,Cole Sprague,WR,https://a.espncdn.com/i/headshots/college-football/players/full/5160151.png
5160158,DK Kency Jr.,RB,https://a.espncdn.com/i/headshots/college-football/players/full/5160158.png
5160164,Finn Furmanek,TE,https://a.espncdn.com/i/headshots/college-football/players/full/5160164.png
5160165,Bobby Mears,WR,https://a.espncdn.com/i/headshots/college-football/players/full/5160165.png
5160197,Darius Cannon,WR,https://a.espncdn.com/i/headshots/college-football/players/full/5160197.png
5160209,Landan Brown,RB,https://a.espncdn.com/i/headshots/college-football/players/full/5160209.png
5160228,Dorian Smith,RB,https://a.espncdn.com/i/headshots/college-football/players/full/5160228.png
5160245,Nathan Roberts,WR,https://a.espncdn.com/i/headshots/college-football/players/full/5160245.png
5160456,Will Karoll,RB,https://a.espncdn.com/i/headshots/college-football/players/full/5160456.png
5160469,Trent Mosley,WR,https://a.espncdn.com/i/headshots/college-football/players/full/5160469.png
5160472,Javian Osborne,RB,https://a.espncdn.com/i/headshots/college-football/players/full/5160472.png
5160496,Javian Mallory,RB,https://a.espncdn.com/i/headshots/college-football/players/full/5160496.png
5160504,Cynai Thomas,WR,https://a.espncdn.com/i/headshots/college-football/players/full/5160504.png
5160565,Nasim Cosby,WR,https://a.espncdn.com/i/headshots/college-football/players/full/5160565.png
5160567,Aleni Mageo,RB,https://a.espncdn.com/i/headshots/college-football/players/full/5160567.png
5160572,Jeremiah Colclough,WR,https://a.espncdn.com/i/headshots/college-football/players/full/5160572.png
5160581,Sekou Kamau,RB,https://a.espncdn.com/i/headshots/college-football/players/full/5160581.png
5160593,Teree McDonald,WR,https://a.espncdn.com/i/headshots/college-football/players/full/5160593.png
5160617,Christopher Harris,TE,https://a.espncdn.com/i/headshots/college-football/players/full/5160617.png
5160618,Gavin Hatfield,RB,https://a.espncdn.com/i/headshots/college-football/players/full/5160618.png
5160640,Anthony Ferrucci,RB,https://a.espncdn.com/i/headshots/college-football/players/full/5160640.png
5160641,Logan Galletta,WR,https://a.espncdn.com/i/headshots/college-football/players/full/5160641.png
5160651,Atticus Bertrams,RB,https://a.espncdn.com/i/headshots/college-football/players/full/5160651.png
5160730,Max Cutforth,QB,https://a.espncdn.com/i/headshots/college-football/players/full/5160730.png
5160734,Troy Wilkey,RB,https://a.espncdn.com/i/headshots/college-football/players/full/5160734.png
5160747,Michael Hartshorn,RB,https://a.espncdn.com/i/headshots/college-football/players/full/5160747.png
5160945,Chris Edmonds,RB,https://a.espncdn.com/i/headshots/college-football/players/full/5160945.png
5160949,Jared Merk,WR,https://a.espncdn.com/i/headshots/college-football/players/full/5160949.png
5160955,Jojo Phillips,WR,https://a.espncdn.com/i/headshots/college-football/players/full/5160955.png
5161004,Brody Keefe,WR,https://a.espncdn.com/i/headshots/college-football/players/full/5161004.png
5161009,Peyton Zachary,WR,https://a.espncdn.com/i/headshots/college-football/players/full/5161009.png
5161011,Jermaine Bishop Jr.,WR,https://a.espncdn.com/i/headshots/college-football/players/full/5161011.png
5161012,Carson Clark,WR,https://a.espncdn.com/i/headshots/college-football/players/full/5161012.png
5161013,Kayden Dixon-Wyatt,WR,https://a.espncdn.com/i/headshots/college-football/players/full/5161013.png
5161018,Rodarion Jones,WR,https://a.espncdn.com/i/headshots/college-football/players/full/5161018.png
5161022,Amari Latimer,RB,https://a.espncdn.com/i/headshots/college-football/players/full/5161022.png
5161137,Dean-Taylor Chapman,RB,https://a.espncdn.com/i/headshots/college-football/players/full/5161137.png
5161162,Ronnel Johnson,WR,https://a.espncdn.com/i/headshots/college-football/players/full/5161162.png
5161233,Preston Kilgore,TE,https://a.espncdn.com/i/headshots/college-football/players/full/5161233.png
5161234,Matthew Goldman,RB,https://a.espncdn.com/i/headshots/college-football/players/full/5161234.png
5161235,Jordon Hamilton,RB,https://a.espncdn.com/i/headshots/college-football/players/full/5161235.png
5161250,Zayden Davis,WR,https://a.espncdn.com/i/headshots/college-football/players/full/5161250.png
5161253,Devin Matthews,WR,https://a.espncdn.com/i/headshots/college-football/players/full/5161253.png
5161261,Braxton Garmon,WR,https://a.espncdn.com/i/headshots/college-football/players/full/5161261.png
5161615,Cam Bulluck,WR,https://a.espncdn.com/i/headshots/college-football/players/full/5161615.png
5161638,Tyler Chandler,RB,https://a.espncdn.com/i/headshots/college-football/players/full/5161638.png
5161647,Darius Taylor,RB,https://a.espncdn.com/i/headshots/college-football/players/full/5161647.png
5161652,Ja'Ricous Hairston,TE,https://a.espncdn.com/i/headshots/college-football/players/full/5161652.png
5161735,Easton Miller,RB,https://a.espncdn.com/i/headshots/college-football/players/full/5161735.png
5161776,Judah Price,RB,https://a.espncdn.com/i/headshots/college-football/players/full/5161776.png
5161780,Jordyn Bridgewater,WR,https://a.espncdn.com/i/headshots/college-football/players/full/5161780.png
5161800,Viron Ellison Jr.,RB,https://a.espncdn.com/i/headshots/college-football/players/full/5161800.png
5161804,Brock Boyd,WR,https://a.espncdn.com/i/headshots/college-football/players/full/5161804.png
5161816,Dereon Coleman,QB,https://a.espncdn.com/i/headshots/college-football/players/full/5161816.png
5161820,Isaiah Ene,RB,https://a.espncdn.com/i/headshots/college-football/players/full/5161820.png
5161828,Jyron Hughley,QB,https://a.espncdn.com/i/headshots/college-football/players/full/5161828.png
5161829,Tyreek King,WR,https://a.espncdn.com/i/headshots/college-football/players/full/5161829.png
5161835,Jaylen McGill,RB,https://a.espncdn.com/i/headshots/college-football/players/full/5161835.png
5161854,Jonas Williams,QB,https://a.espncdn.com/i/headshots/college-football/players/full/5161854.png
5161878,Cole Leinart,QB,https://a.espncdn.com/i/headshots/college-football/players/full/5161878.png
5161891,Joseph Moreland,TE,https://a.espncdn.com/i/headshots/college-football/players/full/5161891.png
5161892,Xavyion Noland,WR,https://a.espncdn.com/i/headshots/college-football/players/full/5161892.png
5161895,Dylan Rhodes,WR,https://a.espncdn.com/i/headshots/college-football/players/full/5161895.png
5161913,Jayzon Thompson,RB,https://a.espncdn.com/i/headshots/college-football/players/full/5161913.png
5161958,KJ Fields,WR,https://a.espncdn.com/i/headshots/college-football/players/full/5161958.png
5161959,Adam Watford,RB,https://a.espncdn.com/i/headshots/college-football/players/full/5161959.png
5162173,Duke Miller,WR,https://a.espncdn.com/i/headshots/college-football/players/full/5162173.png
5162384,KJ Reed,WR,https://a.espncdn.com/i/headshots/college-football/players/full/5162384.png
5162399,Darius Copeland,WR,https://a.espncdn.com/i/headshots/college-football/players/full/5162399.png
5162406,Caleb Ryan,TE,https://a.espncdn.com/i/headshots/college-football/players/full/5162406.png
5162467,Daylin Lee,QB,https://a.espncdn.com/i/headshots/college-football/players/full/5162467.png
5162502,Kaleb Washington,WR,https://a.espncdn.com/i/headshots/college-football/players/full/5162502.png
5162540,Jimmyll Williams,RB,https://a.espncdn.com/i/headshots/college-football/players/full/5162540.png
5162619,Jayce Gardner,RB,https://a.espncdn.com/i/headshots/college-football/players/full/5162619.png
5162645,Jaleel Walker,WR,https://a.espncdn.com/i/headshots/college-football/players/full/5162645.png
5162646,Marvin Sims,WR,https://a.espncdn.com/i/headshots/college-football/players/full/5162646.png
5162845,Jacqez Barksdale,RB,https://a.espncdn.com/i/headshots/college-football/players/full/5162845.png
5162858,Bryson Hammer,WR,https://a.espncdn.com/i/headshots/college-football/players/full/5162858.png
5162879,Tylor Latham,WR,https://a.espncdn.com/i/headshots/college-football/players/full/5162879.png
5162978,Devin Herring,WR,https://a.espncdn.com/i/headshots/college-football/players/full/5162978.png
5163009,Roriyon Richardson,WR,https://a.espncdn.com/i/headshots/college-football/players/full/5163009.png
5163010,Jacob Washington,RB,https://a.espncdn.com/i/headshots/college-football/players/full/5163010.png
5163021,Jake Godfrey,WR,https://a.espncdn.com/i/headshots/college-football/players/full/5163021.png
5163068,Jack Schierholz,QB,
5163071,Randy Young,RB,https://a.espncdn.com/i/headshots/college-football/players/full/5163071.png
5163088,Nathan Totten,RB,https://a.espncdn.com/i/headshots/college-football/players/full/5163088.png
5163093,Conor Booth,RB,https://a.espncdn.com/i/headshots/college-football/players/full/5163093.png
5163380,Justin Erb,TE,https://a.espncdn.com/i/headshots/college-football/players/full/5163380.png
5163490,Rogerick Ray,RB,https://a.espncdn.com/i/headshots/college-football/players/full/5163490.png
5163532,Dominiq Ponder,QB,https://a.espncdn.com/i/headshots/college-football/players/full/5163532.png
5163535,Omari Stewart,WR,https://a.espncdn.com/i/headshots/college-football/players/full/5163535.png
5163539,Jaiden Bivens,RB,https://a.espncdn.com/i/headshots/college-football/players/full/5163539.png
5163541,Max Tulen,RB,https://a.espncdn.com/i/headshots/college-football/players/full/5163541.png
5163566,Kai Gadson,RB,https://a.espncdn.com/i/headshots/college-football/players/full/5163566.png
5163636,TJ Chukwurah,WR,https://a.espncdn.com/i/headshots/college-football/players/full/5163636.png
5163745,Jalyn Gramstad,QB,https://a.espncdn.com/i/headshots/college-football/players/full/5163745.png
5164039,Jeremiah Carroll,WR,https://a.espncdn.com/i/headshots/college-football/players/full/5164039.png
5164309,Mason Mims,QB,https://a.espncdn.com/i/headshots/college-football/players/full/5164309.png
5164313,Jaron-Keawe Sagapolutele,QB,https://a.espncdn.com/i/headshots/college-football/players/full/5164313.png
5164314,Scotty Fox Jr.,QB,https://a.espncdn.com/i/headshots/college-football/players/full/5164314.png
5164316,Alex Manske,QB,https://a.espncdn.com/i/headshots/college-football/players/full/5164316.png
5164317,Shaker Reisig,QB,https://a.espncdn.com/i/headshots/college-football/players/full/5164317.png
5164320,Sean Cuono,RB,https://a.espncdn.com/i/headshots/college-football/players/full/5164320.png
5164324,Sterling Joseph,RB,https://a.espncdn.com/i/headshots/college-football/players/full/5164324.png
5164325,Jackson Kollock,QB,https://a.espncdn.com/i/headshots/college-football/players/full/5164325.png
5164327,Anthony League,RB,https://a.espncdn.com/i/headshots/college-football/players/full/5164327.png
5164331,Girard Pringle Jr.,RB,https://a.espncdn.com/i/headshots/college-football/players/full/5164331.png
5164332,Nate Sheppard,RB,https://a.espncdn.com/i/headshots/college-football/players/full/5164332.png
5164333,Brennen Ward,QB,https://a.espncdn.com/i/headshots/college-football/players/full/5164333.png
5164334,Cutter Woods,QB,https://a.espncdn.com/i/headshots/college-football/players/full/5164334.png
5164337,King Davis,RB,https://a.espncdn.com/i/headshots/college-football/players/full/5164337.png
5164338,Baron Naone,TE,https://a.espncdn.com/i/headshots/college-football/players/full/5164338.png
5164340,Jordin Thomas,RB,https://a.espncdn.com/i/headshots/college-football/players/full/5164340.png
5164343,Marshall Pritchett,TE,https://a.espncdn.com/i/headshots/college-football/players/full/5164343.png
5164345,Chase Loftin,TE,https://a.espncdn.com/i/headshots/college-football/players/full/5164345.png
5164346,Linkon Cure,TE,https://a.espncdn.com/i/headshots/college-football/players/full/5164346.png
5164349,Jerome Bettis Jr.,WR,https://a.espncdn.com/i/headshots/college-football/players/full/5164349.png
5164350,Jayvan Boggs,WR,https://a.espncdn.com/i/headshots/college-football/players/full/5164350.png
5164351,Aveion Chenault,WR,https://a.espncdn.com/i/headshots/college-football/players/full/5164351.png
5164352,Carterrious Brown,WR,https://a.espncdn.com/i/headshots/college-football/players/full/5164352.png
5164354,Cory Butler Jr.,WR,https://a.espncdn.com/i/headshots/college-football/players/full/5164354.png
5164355,Joakim Dodson,WR,https://a.espncdn.com/i/headshots/college-football/players/full/5164355.png
5164357,Carl Jenkins Jr.,WR,https://a.espncdn.com/i/headshots/college-football/players/full/5164357.png
5164358,Dane Jones,WR,https://a.espncdn.com/i/headshots/college-football/players/full/5164358.png
5164360,TK Norman,WR,https://a.espncdn.com/i/headshots/college-football/players/full/5164360.png
5164362,Raiden Vines-Bright,WR,https://a.espncdn.com/i/headshots/college-football/players/full/5164362.png
5164365,Daylyn Upshaw,WR,https://a.espncdn.com/i/headshots/college-football/players/full/5164365.png
5164567,Kevin White,QB,https://a.espncdn.com/i/headshots/college-football/players/full/5164567.png
5164570,Jailen Hicks,RB,https://a.espncdn.com/i/headshots/college-football/players/full/5164570.png
5164571,Shimique Blizzard,RB,https://a.espncdn.com/i/headshots/college-football/players/full/5164571.png
5164581,Jayvonne Dillard,WR,https://a.espncdn.com/i/headshots/college-football/players/full/5164581.png
5164594,Watson Hafer,TE,https://a.espncdn.com/i/headshots/college-football/players/full/5164594.png
5164608,Roderick Hartsfield Jr.,RB,https://a.espncdn.com/i/headshots/college-football/players/full/5164608.png
5164609,Damien Jones,WR,https://a.espncdn.com/i/headshots/college-football/players/full/5164609.png
5164631,Jordan Andrus,TE,https://a.espncdn.com/i/headshots/college-football/players/full/5164631.png
5164633,Jade Card,WR,https://a.espncdn.com/i/headshots/college-football/players/full/5164633.png
5164648,Kelshaun Johnson,WR,https://a.espncdn.com/i/headshots/college-football/players/full/5164648.png
5164691,Montavin Quisenberry,WR,https://a.espncdn.com/i/headshots/college-football/players/full/5164691.png
5164721,Zolten Osborne,QB,https://a.espncdn.com/i/headshots/college-football/players/full/5164721.png
5164725,Tyson Greenwade,RB,https://a.espncdn.com/i/headshots/college-football/players/full/5164725.png
5164730,Autavius Ison,RB,https://a.espncdn.com/i/headshots/college-football/players/full/5164730.png
5164749,Noah Jennings,WR,https://a.espncdn.com/i/headshots/college-football/players/full/5164749.png
5164751,Mekhi Campfield,WR,https://a.espncdn.com/i/headshots/college-football/players/full/5164751.png
5164887,Xavier Williams,RB,https://a.espncdn.com/i/headshots/college-football/players/full/5164887.png
5164893,Ean Rodrigue,QB,https://a.espncdn.com/i/headshots/college-football/players/full/5164893.png
5164908,Christian McNees,WR,https://a.espncdn.com/i/headshots/college-football/players/full/5164908.png
5165011,Kennedy McGill,QB,https://a.espncdn.com/i/headshots/college-football/players/full/5165011.png
5165054,Bird Butler,RB,https://a.espncdn.com/i/headshots/college-football/players/full/5165054.png
5165074,Jalen Smith,WR,https://a.espncdn.com/i/headshots/college-football/players/full/5165074.png
5165078,Steve Hall,RB,https://a.espncdn.com/i/headshots/college-football/players/full/5165078.png
5165094,Mac Busteed,TE,https://a.espncdn.com/i/headshots/college-football/players/full/5165094.png
5165108,Jaxton Eck,RB,https://a.espncdn.com/i/headshots/college-football/players/full/5165108.png
5165109,Deshaun Buchanan,RB,https://a.espncdn.com/i/headshots/college-football/players/full/5165109.png
5165112,Jack Wagner,QB,https://a.espncdn.com/i/headshots/college-football/players/full/5165112.png
5165116,Emmerson Cortez-Menjivar,WR,https://a.espncdn.com/i/headshots/college-football/players/full/5165116.png
5165117,Mark Hamper,WR,https://a.espncdn.com/i/headshots/college-football/players/full/5165117.png
5165124,Art Williams,RB,https://a.espncdn.com/i/headshots/college-football/players/full/5165124.png
5165154,Mason Mini,TE,https://a.espncdn.com/i/headshots/college-football/players/full/5165154.png
5165174,Za'Ron Collins,WR,https://a.espncdn.com/i/headshots/college-football/players/full/5165174.png
5165499,Stephon Patrick,WR,https://a.espncdn.com/i/headshots/college-football/players/full/5165499.png
5165586,Kia'i Keone,QB,https://a.espncdn.com/i/headshots/college-football/players/full/5165586.png
5165734,Joshua Robinson,RB,https://a.espncdn.com/i/headshots/college-football/players/full/5165734.png
5165747,Malik Dotson,RB,https://a.espncdn.com/i/headshots/college-football/players/full/5165747.png
5165803,Corey Scott,WR,https://a.espncdn.com/i/headshots/college-football/players/full/5165803.png
5165807,Marcus Stokes,QB,https://a.espncdn.com/i/headshots/college-football/players/full/5165807.png
5165891,Jacob Rodriguez,RB,https://a.espncdn.com/i/headshots/college-football/players/full/5165891.png
5165892,Jamell James,RB,https://a.espncdn.com/i/headshots/college-football/players/full/5165892.png
5165905,Jabril Carter,WR,https://a.espncdn.com/i/headshots/college-football/players/full/5165905.png
5165909,Jason Palmieri,WR,https://a.espncdn.com/i/headshots/college-football/players/full/5165909.png
5165911,John Michalski,QB,https://a.espncdn.com/i/headshots/college-football/players/full/5165911.png
5165931,Nicholas Yanchuk,RB,https://a.espncdn.com/i/headshots/college-football/players/full/5165931.png
5165947,Tom Ligi,RB,https://a.espncdn.com/i/headshots/college-football/players/full/5165947.png
5166011,Brian Santana-Fis,RB,https://a.espncdn.com/i/headshots/college-football/players/full/5166011.png
5166020,Cam Jefferson,WR,https://a.espncdn.com/i/headshots/college-football/players/full/5166020.png
5166083,Dennis Moody III,RB,https://a.espncdn.com/i/headshots/college-football/players/full/5166083.png
5166161,Scottre Humphrey,RB,https://a.espncdn.com/i/headshots/college-football/players/full/5166161.png
5166204,Jonathan Lewis,RB,https://a.espncdn.com/i/headshots/college-football/players/full/5166204.png
5166220,Orion Phillips,RB,https://a.espncdn.com/i/headshots/college-football/players/full/5166220.png
5166227,Eric Phoenix,QB,https://a.espncdn.com/i/headshots/college-football/players/full/5166227.png
5166258,Ian Langi,WR,https://a.espncdn.com/i/headshots/college-football/players/full/5166258.png
5166308,Adam Jones,RB,https://a.espncdn.com/i/headshots/college-football/players/full/5166308.png
5166467,Lexington Matthews,RB,https://a.espncdn.com/i/headshots/college-football/players/full/5166467.png
5166797,Dezmen Roebuck,WR,https://a.espncdn.com/i/headshots/college-football/players/full/5166797.png
5166880,Ellijah Washington,WR,https://a.espncdn.com/i/headshots/college-football/players/full/5166880.png
5167252,Duncan Brune,RB,https://a.espncdn.com/i/headshots/college-football/players/full/5167252.png
5167313,Cornell Hatcher Jr.,RB,https://a.espncdn.com/i/headshots/college-football/players/full/5167313.png
5167371,Donald Austin,RB,https://a.espncdn.com/i/headshots/college-football/players/full/5167371.png
5167513,Travaunta Abner,TE,https://a.espncdn.com/i/headshots/college-football/players/full/5167513.png
5167704,Mike Hastie,RB,https://a.espncdn.com/i/headshots/college-football/players/full/5167704.png
5168288,Maurice Mazzccua,RB,https://a.espncdn.com/i/headshots/college-football/players/full/5168288.png
5168615,Molayo Irefin,WR,https://a.espncdn.com/i/headshots/college-football/players/full/5168615.png
5168665,Chandler Wilson,QB,https://a.espncdn.com/i/headshots/college-football/players/full/5168665.png
5168686,Whit Hobgood,TE,https://a.espncdn.com/i/headshots/college-football/players/full/5168686.png
5168713,Tommy Donovan,WR,https://a.espncdn.com/i/headshots/college-football/players/full/5168713.png
5168721,Hayden Futch,RB,https://a.espncdn.com/i/headshots/college-football/players/full/5168721.png
5168770,Carver Cheeks,WR,https://a.espncdn.com/i/headshots/college-football/players/full/5168770.png
5168788,Brayden Munroe,WR,https://a.espncdn.com/i/headshots/college-football/players/full/5168788.png
5168802,Grayson Brousseau,TE,https://a.espncdn.com/i/headshots/college-football/players/full/5168802.png
5168808,Jordon Davis,QB,https://a.espncdn.com/i/headshots/college-football/players/full/5168808.png
5168837,Dorian Harris,RB,https://a.espncdn.com/i/headshots/college-football/players/full/5168837.png
5168850,Malique Leatherbury,WR,https://a.espncdn.com/i/headshots/college-football/players/full/5168850.png
5169036,Gavin Rutherford,QB,https://a.espncdn.com/i/headshots/college-football/players/full/5169036.png
5169039,Jaylen Jenkins,RB,https://a.espncdn.com/i/headshots/college-football/players/full/5169039.png
5169215,Maurice Veney,TE,https://a.espncdn.com/i/headshots/college-football/players/full/5169215.png
5169238,Jayden Ivory,WR,https://a.espncdn.com/i/headshots/college-football/players/full/5169238.png
5169245,Ethan Shine,RB,https://a.espncdn.com/i/headshots/college-football/players/full/5169245.png
5169252,Chaz Middleton,TE,https://a.espncdn.com/i/headshots/college-football/players/full/5169252.png
5169550,Lex Cyrus,WR,https://a.espncdn.com/i/headshots/college-football/players/full/5169550.png
5169849,Zach Jones,WR,https://a.espncdn.com/i/headshots/college-football/players/full/5169849.png
5170940,Leonte Oulahi,WR,https://a.espncdn.com/i/headshots/college-football/players/full/5170940.png
5171031,Matt Vezza,QB,https://a.espncdn.com/i/headshots/college-football/players/full/5171031.png
5171033,Wakeem Page Jr.,WR,https://a.espncdn.com/i/headshots/college-football/players/full/5171033.png
5171036,Elliot Meine,RB,https://a.espncdn.com/i/headshots/college-football/players/full/5171036.png
5171047,Dylan Evans,WR,https://a.espncdn.com/i/headshots/college-football/players/full/5171047.png
5171048,Zachary Kim,WR,https://a.espncdn.com/i/headshots/college-football/players/full/5171048.png
5172031,Sean Ashenfelder,QB,https://a.espncdn.com/i/headshots/college-football/players/full/5172031.png
5172036,JC Evans,QB,https://a.espncdn.com/i/headshots/college-football/players/full/5172036.png
5172059,Anjuan Coleman Jr.,WR,https://a.espncdn.com/i/headshots/college-football/players/full/5172059.png
5172095,Bo Walker,RB,https://a.espncdn.com/i/headshots/college-football/players/full/5172095.png
5172096,Kaj Baker,RB,https://a.espncdn.com/i/headshots/college-football/players/full/5172096.png
5172097,Jayden Ford,RB,https://a.espncdn.com/i/headshots/college-football/players/full/5172097.png
5172260,Cash Cheeks,TE,https://a.espncdn.com/i/headshots/college-football/players/full/5172260.png
5172263,Tristian Gentry,WR,https://a.espncdn.com/i/headshots/college-football/players/full/5172263.png
5172403,Alec Clark,RB,https://a.espncdn.com/i/headshots/college-football/players/full/5172403.png
5172582,Sione Nomani,WR,https://a.espncdn.com/i/headshots/college-football/players/full/5172582.png
5172600,Colson Coon,RB,https://a.espncdn.com/i/headshots/college-football/players/full/5172600.png
5172608,Hunter Provience,TE,https://a.espncdn.com/i/headshots/college-football/players/full/5172608.png
5172633,Connor Bonesio,TE,https://a.espncdn.com/i/headshots/college-football/players/full/5172633.png
5173431,Wayshawn Parker,RB,https://a.espncdn.com/i/headshots/college-football/players/full/5173431.png
5173438,Ja'Meer Thomas,WR,https://a.espncdn.com/i/headshots/college-football/players/full/5173438.png
5173623,Frank Abreu,TE,https://a.espncdn.com/i/headshots/college-football/players/full/5173623.png
5174993,Kenneth Williams,RB,https://a.espncdn.com/i/headshots/college-football/players/full/5174993.png
5175092,Chris Jimerson Jr.,QB,https://a.espncdn.com/i/headshots/college-football/players/full/5175092.png
5175121,Kevin Emmanuel,RB,https://a.espncdn.com/i/headshots/college-football/players/full/5175121.png
5175125,Reece Wilder,TE,https://a.espncdn.com/i/headshots/college-football/players/full/5175125.png
5175141,Marcus Floyd Jr.,WR,https://a.espncdn.com/i/headshots/college-football/players/full/5175141.png
5175175,Owen Dupree,WR,https://a.espncdn.com/i/headshots/college-football/players/full/5175175.png
5175334,Bryson Donelson,RB,https://a.espncdn.com/i/headshots/college-football/players/full/5175334.png
5175719,Ryan Wolfer,TE,https://a.espncdn.com/i/headshots/college-football/players/full/5175719.png
5176074,Christian Langford,QB,https://a.espncdn.com/i/headshots/college-football/players/full/5176074.png
5176079,Dylan McCoy,RB,https://a.espncdn.com/i/headshots/college-football/players/full/5176079.png
5176911,Justus Savage,RB,https://a.espncdn.com/i/headshots/college-football/players/full/5176911.png
5177084,Kamario Taylor,QB,https://a.espncdn.com/i/headshots/college-football/players/full/5177084.png
5177568,Kai Acia,RB,https://a.espncdn.com/i/headshots/college-football/players/full/5177568.png
5178086,Denzel Gardner,QB,https://a.espncdn.com/i/headshots/college-football/players/full/5178086.png
5178092,Breyon Williams,RB,https://a.espncdn.com/i/headshots/college-football/players/full/5178092.png
5178972,Jakobie Keeney-James,WR,https://a.espncdn.com/i/headshots/college-football/players/full/5178972.png
5179135,Travis Smith Jr.,WR,https://a.espncdn.com/i/headshots/college-football/players/full/5179135.png
5179622,Jayden Sellers,WR,https://a.espncdn.com/i/headshots/college-football/players/full/5179622.png
5181311,Massiah Mingo,WR,https://a.espncdn.com/i/headshots/college-football/players/full/5181311.png
5181735,Antavious Murphy,WR,https://a.espncdn.com/i/headshots/college-football/players/full/5181735.png
5182122,Legend Bey,RB,https://a.espncdn.com/i/headshots/college-football/players/full/5182122.png
5182127,Jack Reuter,RB,https://a.espncdn.com/i/headshots/college-football/players/full/5182127.png
5182142,Andrew Ritter,TE,https://a.espncdn.com/i/headshots/college-football/players/full/5182142.png
5182253,Jaden Gilbert,RB,https://a.espncdn.com/i/headshots/college-football/players/full/5182253.png
5182804,Kaiden Prothro,TE,https://a.espncdn.com/i/headshots/college-football/players/full/5182804.png
5184165,Nykahi Davenport,RB,https://a.espncdn.com/i/headshots/college-football/players/full/5184165.png
5184466,Semaj Pierre,WR,https://a.espncdn.com/i/headshots/college-football/players/full/5184466.png
5184630,Jackson Bradley,QB,https://a.espncdn.com/i/headshots/college-football/players/full/5184630.png
5185699,Dan Mahan,QB,https://a.espncdn.com/i/headshots/college-football/players/full/5185699.png
5186586,Ty Clark III,RB,https://a.espncdn.com/i/headshots/college-football/players/full/5186586.png
5186591,Devon Akers,TE,https://a.espncdn.com/i/headshots/college-football/players/full/5186591.png
5186736,Anthony Wolter,QB,https://a.espncdn.com/i/headshots/college-football/players/full/5186736.png
5186738,Leyton Stone,WR,https://a.espncdn.com/i/headshots/college-football/players/full/5186738.png
5189515,Nolan James Jr.,RB,https://a.espncdn.com/i/headshots/college-football/players/full/5189515.png
5189530,Joseph Williams,WR,https://a.espncdn.com/i/headshots/college-football/players/full/5189530.png
5191048,Bryce Dorsey,WR,https://a.espncdn.com/i/headshots/college-football/players/full/5191048.png
5191056,Donovan Hamilton,WR,https://a.espncdn.com/i/headshots/college-football/players/full/5191056.png
5191162,Alberto Mendoza,QB,https://a.espncdn.com/i/headshots/college-football/players/full/5191162.png
5191175,Caleb Goodloe,WR,https://a.espncdn.com/i/headshots/college-football/players/full/5191175.png
5192677,Jeremiah Jordan,WR,https://a.espncdn.com/i/headshots/college-football/players/full/5192677.png
5192899,Ashten Emory,RB,https://a.espncdn.com/i/headshots/college-football/players/full/5192899.png
5192909,Jimmy Sullivan,QB,https://a.espncdn.com/i/headshots/college-football/players/full/5192909.png
5192958,Dominic Overby,WR,https://a.espncdn.com/i/headshots/college-football/players/full/5192958.png
5193072,Khyair Spain,RB,https://a.espncdn.com/i/headshots/college-football/players/full/5193072.png
5193089,Alvon Isaac,RB,https://a.espncdn.com/i/headshots/college-football/players/full/5193089.png
5193102,Miles Burris,WR,https://a.espncdn.com/i/headshots/college-football/players/full/5193102.png
5193104,Austin Clay,WR,https://a.espncdn.com/i/headshots/college-football/players/full/5193104.png
5193110,Dom Dorwart,WR,https://a.espncdn.com/i/headshots/college-football/players/full/5193110.png
5193112,Jalen Dupree,RB,https://a.espncdn.com/i/headshots/college-football/players/full/5193112.png
5193168,Terrence Smith,WR,https://a.espncdn.com/i/headshots/college-football/players/full/5193168.png
5193215,Franklin Baret Jr.,WR,https://a.espncdn.com/i/headshots/college-football/players/full/5193215.png
5193217,Jonathan Bibbs,WR,https://a.espncdn.com/i/headshots/college-football/players/full/5193217.png
5193222,Oliver Lundberg Coleman,RB,https://a.espncdn.com/i/headshots/college-football/players/full/5193222.png
5193224,Fred Robertson,RB,https://a.espncdn.com/i/headshots/college-football/players/full/5193224.png
5193262,Bryce Baker,RB,https://a.espncdn.com/i/headshots/college-football/players/full/5193262.png
5193264,Kameron Anthony,TE,https://a.espncdn.com/i/headshots/college-football/players/full/5193264.png
5193270,D'Shawntae Jones,RB,https://a.espncdn.com/i/headshots/college-football/players/full/5193270.png
5193274,Cade Wolford,WR,https://a.espncdn.com/i/headshots/college-football/players/full/5193274.png
5193277,George Dimopoulos,WR,https://a.espncdn.com/i/headshots/college-football/players/full/5193277.png
5193282,JP Pickles,QB,https://a.espncdn.com/i/headshots/college-football/players/full/5193282.png
5193284,Winn Sharp,WR,https://a.espncdn.com/i/headshots/college-football/players/full/5193284.png
5193285,Joe Stein,TE,https://a.espncdn.com/i/headshots/college-football/players/full/5193285.png
5193288,Nasir Williams,WR,https://a.espncdn.com/i/headshots/college-football/players/full/5193288.png
5193292,La'Don Bryant,WR,https://a.espncdn.com/i/headshots/college-football/players/full/5193292.png
5193298,Chris Durr Jr.,WR,https://a.espncdn.com/i/headshots/college-football/players/full/5193298.png
5193300,Eli Jacon-Duffy,TE,https://a.espncdn.com/i/headshots/college-football/players/full/5193300.png
5193302,Telly Johnson Jr.,RB,https://a.espncdn.com/i/headshots/college-football/players/full/5193302.png
5193324,Dalin Wilkins,WR,https://a.espncdn.com/i/headshots/college-football/players/full/5193324.png
5193325,Jake Wilson,TE,https://a.espncdn.com/i/headshots/college-football/players/full/5193325.png
5193341,Marcel Williams,WR,
5193343,Jim Ogle,QB,https://a.espncdn.com/i/headshots/college-football/players/full/5193343.png
5193346,Quinn Henicle,QB,https://a.espncdn.com/i/headshots/college-football/players/full/5193346.png
5193349,Maurki James,RB,https://a.espncdn.com/i/headshots/college-football/players/full/5193349.png
5193351,Krosse Johnson,WR,https://a.espncdn.com/i/headshots/college-football/players/full/5193351.png
5193352,Carmelo Mays,WR,https://a.espncdn.com/i/headshots/college-football/players/full/5193352.png
5193388,Jaden Allen-Hendrix,RB,https://a.espncdn.com/i/headshots/college-football/players/full/5193388.png
5193481,Cole Harrison,TE,https://a.espncdn.com/i/headshots/college-football/players/full/5193481.png
5193492,Ryan Boe,QB,https://a.espncdn.com/i/headshots/college-football/players/full/5193492.png
5193496,Jay Harris,RB,https://a.espncdn.com/i/headshots/college-football/players/full/5193496.png
5193554,Eddie Freauff,WR,https://a.espncdn.com/i/headshots/college-football/players/full/5193554.png
5193566,Kade Reynoldson,RB,https://a.espncdn.com/i/headshots/college-football/players/full/5193566.png
5193580,Cameron Dickey,RB,https://a.espncdn.com/i/headshots/college-football/players/full/5193580.png
5193656,Guy Gillespie,RB,https://a.espncdn.com/i/headshots/college-football/players/full/5193656.png
5193720,Javon Brown,WR,https://a.espncdn.com/i/headshots/college-football/players/full/5193720.png
5193926,Cameran Brown,QB,https://a.espncdn.com/i/headshots/college-football/players/full/5193926.png
5194306,Ashton Gray,RB,https://a.espncdn.com/i/headshots/college-football/players/full/5194306.png
5194308,Kyle Koch,WR,https://a.espncdn.com/i/headshots/college-football/players/full/5194308.png
5194309,Mekhi Anderson,WR,https://a.espncdn.com/i/headshots/college-football/players/full/5194309.png
5194576,Jaden Richardson,WR,https://a.espncdn.com/i/headshots/college-football/players/full/5194576.png
5194618,Austin Clemons,RB,https://a.espncdn.com/i/headshots/college-football/players/full/5194618.png
5194620,Josh Evans,WR,https://a.espncdn.com/i/headshots/college-football/players/full/5194620.png
5194625,Jaden Robinson,WR,https://a.espncdn.com/i/headshots/college-football/players/full/5194625.png
5194626,Roman Gagliano,QB,https://a.espncdn.com/i/headshots/college-football/players/full/5194626.png
5194640,Jalen Alexander,RB,https://a.espncdn.com/i/headshots/college-football/players/full/5194640.png
5194659,James McNeil Jr.,RB,https://a.espncdn.com/i/headshots/college-football/players/full/5194659.png
5194663,Cameron Pettaway,RB,https://a.espncdn.com/i/headshots/college-football/players/full/5194663.png
5194666,Josh Schuchts,TE,https://a.espncdn.com/i/headshots/college-football/players/full/5194666.png
5194695,Luke Marble,QB,https://a.espncdn.com/i/headshots/college-football/players/full/5194695.png
5194702,Ahmir Smith,RB,https://a.espncdn.com/i/headshots/college-football/players/full/5194702.png
5194795,Na'eem Abdul-Rahim Gladding,WR,https://a.espncdn.com/i/headshots/college-football/players/full/5194795.png
5194804,Steven Blanco,RB,https://a.espncdn.com/i/headshots/college-football/players/full/5194804.png
5195299,Nick Townsend,TE,https://a.espncdn.com/i/headshots/college-football/players/full/5195299.png
5195300,Matt Zollers,QB,https://a.espncdn.com/i/headshots/college-football/players/full/5195300.png
5195409,Bryson Jones,WR,https://a.espncdn.com/i/headshots/college-football/players/full/5195409.png
5195481,Radarious Jackson,WR,https://a.espncdn.com/i/headshots/college-football/players/full/5195481.png
5195483,Micah Jones,TE,https://a.espncdn.com/i/headshots/college-football/players/full/5195483.png
5195545,Zymear Smith,WR,https://a.espncdn.com/i/headshots/college-football/players/full/5195545.png
5195617,Shaun Terry II,WR,https://a.espncdn.com/i/headshots/college-football/players/full/5195617.png
5195681,James Johnson,WR,https://a.espncdn.com/i/headshots/college-football/players/full/5195681.png
5195952,Wondame Davis Jr.,WR,https://a.espncdn.com/i/headshots/college-football/players/full/5195952.png
5196024,Tyreek Robinson,WR,https://a.espncdn.com/i/headshots/college-football/players/full/5196024.png
5196027,Michael Henderson III,RB,https://a.espncdn.com/i/headshots/college-football/players/full/5196027.png
5196350,Jaylan Brown,WR,https://a.espncdn.com/i/headshots/college-football/players/full/5196350.png
5196352,Carson Boyd,QB,https://a.espncdn.com/i/headshots/college-football/players/full/5196352.png
5196378,Raycine Guillory Jr.,RB,https://a.espncdn.com/i/headshots/college-football/players/full/5196378.png
5196568,Rafeald Campbell,WR,https://a.espncdn.com/i/headshots/college-football/players/full/5196568.png
5196864,Rodney Tisdale Jr.,QB,https://a.espncdn.com/i/headshots/college-football/players/full/5196864.png
5196924,Kenny Williams,WR,https://a.espncdn.com/i/headshots/college-football/players/full/5196924.png
5196928,Nico Hamilton,RB,https://a.espncdn.com/i/headshots/college-football/players/full/5196928.png
5196964,Hutch Swilley,RB,https://a.espncdn.com/i/headshots/college-football/players/full/5196964.png
5197034,Malachi Thomas,TE,https://a.espncdn.com/i/headshots/college-football/players/full/5197034.png
5197065,Ahmad Hardy,RB,https://a.espncdn.com/i/headshots/college-football/players/full/5197065.png
5197074,Ja'Corian Norris,WR,https://a.espncdn.com/i/headshots/college-football/players/full/5197074.png
5197115,Marcus Torres,WR,https://a.espncdn.com/i/headshots/college-football/players/full/5197115.png
5197119,Luka Matamoros,TE,https://a.espncdn.com/i/headshots/college-football/players/full/5197119.png
5197123,Nate Rogers,QB,https://a.espncdn.com/i/headshots/college-football/players/full/5197123.png
5197158,Malachi James,RB,https://a.espncdn.com/i/headshots/college-football/players/full/5197158.png
5197377,Tyler Day,TE,https://a.espncdn.com/i/headshots/college-football/players/full/5197377.png
5198104,Elijah Burress,WR,https://a.espncdn.com/i/headshots/college-football/players/full/5198104.png
5198251,JoJo Troupe,RB,https://a.espncdn.com/i/headshots/college-football/players/full/5198251.png
5198312,Jaylin Brown,RB,https://a.espncdn.com/i/headshots/college-football/players/full/5198312.png
5198313,O'Lontae Dean,RB,https://a.espncdn.com/i/headshots/college-football/players/full/5198313.png
5198314,Xavier Goulbourne,RB,https://a.espncdn.com/i/headshots/college-football/players/full/5198314.png
5198318,Isaiah Mizell,WR,https://a.espncdn.com/i/headshots/college-football/players/full/5198318.png
5198324,Cibastian Broughton,QB,https://a.espncdn.com/i/headshots/college-football/players/full/5198324.png
5198329,Khamani Robinson,RB,https://a.espncdn.com/i/headshots/college-football/players/full/5198329.png
5198331,Juan Berchal,RB,https://a.espncdn.com/i/headshots/college-football/players/full/5198331.png
5198506,Brandon Smith,RB,https://a.espncdn.com/i/headshots/college-football/players/full/5198506.png
5198507,Mason James,WR,https://a.espncdn.com/i/headshots/college-football/players/full/5198507.png
5199850,Carsyn Baker,RB,https://a.espncdn.com/i/headshots/college-football/players/full/5199850.png
5199859,Dalen Penson,WR,https://a.espncdn.com/i/headshots/college-football/players/full/5199859.png
5199860,Marcus Romain,RB,https://a.espncdn.com/i/headshots/college-football/players/full/5199860.png
5199946,Gabe Daniels,WR,https://a.espncdn.com/i/headshots/college-football/players/full/5199946.png
5199951,Alex Sanchez,WR,https://a.espncdn.com/i/headshots/college-football/players/full/5199951.png
5200108,Jaivon Solomon,WR,https://a.espncdn.com/i/headshots/college-football/players/full/5200108.png
5200190,Walter Moses,QB,https://a.espncdn.com/i/headshots/college-football/players/full/5200190.png
5200374,Donovan Murph,WR,https://a.espncdn.com/i/headshots/college-football/players/full/5200374.png
5200381,Somourian Wingo,WR,https://a.espncdn.com/i/headshots/college-football/players/full/5200381.png
5200430,Brian Bonner Jr.,RB,https://a.espncdn.com/i/headshots/college-football/players/full/5200430.png
5200435,Demetres Samuel Jr.,WR,https://a.espncdn.com/i/headshots/college-football/players/full/5200435.png
5200482,Ed Small,WR,https://a.espncdn.com/i/headshots/college-football/players/full/5200482.png
5201871,Antonio Jordan,WR,https://a.espncdn.com/i/headshots/college-football/players/full/5201871.png
5201877,Vander Ploog,TE,https://a.espncdn.com/i/headshots/college-football/players/full/5201877.png
5201878,Andrew Olesh,TE,https://a.espncdn.com/i/headshots/college-football/players/full/5201878.png
5202117,Malik Clark,WR,https://a.espncdn.com/i/headshots/college-football/players/full/5202117.png
5202460,Gavin Parkhurst,QB,https://a.espncdn.com/i/headshots/college-football/players/full/5202460.png
5203476,Daniel Bray,RB,https://a.espncdn.com/i/headshots/college-football/players/full/5203476.png
5203477,Dominic Knicely,RB,https://a.espncdn.com/i/headshots/college-football/players/full/5203477.png
5203478,Ryver Peppers,RB,https://a.espncdn.com/i/headshots/college-football/players/full/5203478.png
5203590,Madrid Tucker,WR,https://a.espncdn.com/i/headshots/college-football/players/full/5203590.png
5203601,Shawn Simeon,RB,https://a.espncdn.com/i/headshots/college-football/players/full/5203601.png
5203604,Javari Barnett,RB,https://a.espncdn.com/i/headshots/college-football/players/full/5203604.png
5203606,Derrek Cooper,RB,https://a.espncdn.com/i/headshots/college-football/players/full/5203606.png
5203610,Nedrick Boldin Jr.,WR,https://a.espncdn.com/i/headshots/college-football/players/full/5203610.png
5203714,Gabriel Cline,TE,https://a.espncdn.com/i/headshots/college-football/players/full/5203714.png
5203716,Ethan Drumm,QB,https://a.espncdn.com/i/headshots/college-football/players/full/5203716.png
5204395,Bradley Martino,WR,https://a.espncdn.com/i/headshots/college-football/players/full/5204395.png
5205097,Carter Jones,QB,https://a.espncdn.com/i/headshots/college-football/players/full/5205097.png
5205460,Davion Chandler,WR,https://a.espncdn.com/i/headshots/college-football/players/full/5205460.png
5205684,Robert McDaniel,QB,https://a.espncdn.com/i/headshots/college-football/players/full/5205684.png
5206061,Darien Williams,WR,https://a.espncdn.com/i/headshots/college-football/players/full/5206061.png
5207598,Charles Taplin,WR,https://a.espncdn.com/i/headshots/college-football/players/full/5207598.png
5207604,TK Keys,WR,https://a.espncdn.com/i/headshots/college-football/players/full/5207604.png
5207610,Grady Adamson,QB,https://a.espncdn.com/i/headshots/college-football/players/full/5207610.png
5207620,Xavier Johnson,WR,https://a.espncdn.com/i/headshots/college-football/players/full/5207620.png
5207640,Corey Dailey,QB,https://a.espncdn.com/i/headshots/college-football/players/full/5207640.png
5207641,KD Jones,RB,https://a.espncdn.com/i/headshots/college-football/players/full/5207641.png
5207650,Quandre Coates,TE,https://a.espncdn.com/i/headshots/college-football/players/full/5207650.png
5207657,Brodie Malone-Bradford,WR,https://a.espncdn.com/i/headshots/college-football/players/full/5207657.png
5207662,Muizz Tounkara,WR,https://a.espncdn.com/i/headshots/college-football/players/full/5207662.png
5207804,Jeremiah Scoby,TE,https://a.espncdn.com/i/headshots/college-football/players/full/5207804.png
5207842,Jalen Cooper,WR,https://a.espncdn.com/i/headshots/college-football/players/full/5207842.png
5207893,Wesley Yarbrough,RB,https://a.espncdn.com/i/headshots/college-football/players/full/5207893.png
5207912,Malachi Augustus,WR,
5207925,Tyvonn Byars,RB,https://a.espncdn.com/i/headshots/college-football/players/full/5207925.png
5207927,Dramekco Green,RB,https://a.espncdn.com/i/headshots/college-football/players/full/5207927.png
5207930,D'Andre Hardeman Jr.,RB,https://a.espncdn.com/i/headshots/college-football/players/full/5207930.png
5207931,Terrence Lewis,WR,https://a.espncdn.com/i/headshots/college-football/players/full/5207931.png
5207934,Austin Carlisle,QB,https://a.espncdn.com/i/headshots/college-football/players/full/5207934.png
5208095,Mason Heintschel,QB,https://a.espncdn.com/i/headshots/college-football/players/full/5208095.png
5208136,Matthew Outten,WR,https://a.espncdn.com/i/headshots/college-football/players/full/5208136.png
5208138,Luke Carney,QB,https://a.espncdn.com/i/headshots/college-football/players/full/5208138.png
5208218,JonAnthony Hall,WR,https://a.espncdn.com/i/headshots/college-football/players/full/5208218.png
5208592,Bo MacCormack III,RB,https://a.espncdn.com/i/headshots/college-football/players/full/5208592.png
5209011,Terrell Mitchell,RB,https://a.espncdn.com/i/headshots/college-football/players/full/5209011.png
5209123,Hayden Daugherty,TE,https://a.espncdn.com/i/headshots/college-football/players/full/5209123.png
5209127,Jax Markovich,TE,https://a.espncdn.com/i/headshots/college-football/players/full/5209127.png
5209130,Taniela Tupou,TE,https://a.espncdn.com/i/headshots/college-football/players/full/5209130.png
5209143,Julian McFadden,WR,https://a.espncdn.com/i/headshots/college-football/players/full/5209143.png
5209161,Malachi Coleman,RB,https://a.espncdn.com/i/headshots/college-football/players/full/5209161.png
5209199,Ty Olsen,WR,https://a.espncdn.com/i/headshots/college-football/players/full/5209199.png
5209295,Jake Fette,QB,https://a.espncdn.com/i/headshots/college-football/players/full/5209295.png
5209298,Langdon Horace,WR,https://a.espncdn.com/i/headshots/college-football/players/full/5209298.png
5209302,Quaid Carr,RB,https://a.espncdn.com/i/headshots/college-football/players/full/5209302.png
5209304,Kourdey Glass,RB,https://a.espncdn.com/i/headshots/college-football/players/full/5209304.png
5209314,Travis Johnson,WR,https://a.espncdn.com/i/headshots/college-football/players/full/5209314.png
5209316,Amante Martin,RB,https://a.espncdn.com/i/headshots/college-football/players/full/5209316.png
5209334,Jamel Howse,TE,https://a.espncdn.com/i/headshots/college-football/players/full/5209334.png
5209337,DeShawn Spencer,WR,https://a.espncdn.com/i/headshots/college-football/players/full/5209337.png
5209348,Walker Bryson,WR,https://a.espncdn.com/i/headshots/college-football/players/full/5209348.png
5209366,Davis Penn,RB,https://a.espncdn.com/i/headshots/college-football/players/full/5209366.png
5209381,Matt Ludwig,TE,https://a.espncdn.com/i/headshots/college-football/players/full/5209381.png
5209382,Cardae Mack,RB,https://a.espncdn.com/i/headshots/college-football/players/full/5209382.png
5209387,Derek Zammit,QB,https://a.espncdn.com/i/headshots/college-football/players/full/5209387.png
5209397,Semaj Beals,QB,https://a.espncdn.com/i/headshots/college-football/players/full/5209397.png
5209415,Jameson Powell,WR,https://a.espncdn.com/i/headshots/college-football/players/full/5209415.png
5209424,Lebron Bond,WR,https://a.espncdn.com/i/headshots/college-football/players/full/5209424.png
5209425,Quinton Brown,WR,https://a.espncdn.com/i/headshots/college-football/players/full/5209425.png
5209427,Kolin Wilson,RB,https://a.espncdn.com/i/headshots/college-football/players/full/5209427.png
5209464,Brian Rowe Jr.,WR,https://a.espncdn.com/i/headshots/college-football/players/full/5209464.png
5209576,Brendan Loftus,TE,https://a.espncdn.com/i/headshots/college-football/players/full/5209576.png
5209679,Jeremiah Koger,WR,https://a.espncdn.com/i/headshots/college-football/players/full/5209679.png
5209688,JT Lindsey,RB,https://a.espncdn.com/i/headshots/college-football/players/full/5209688.png
5209709,Teriq Mallory,WR,https://a.espncdn.com/i/headshots/college-football/players/full/5209709.png
5209748,Kam Powell,WR,https://a.espncdn.com/i/headshots/college-football/players/full/5209748.png
5209762,Shane Marshall,RB,https://a.espncdn.com/i/headshots/college-football/players/full/5209762.png
5209808,Damon Allen,WR,https://a.espncdn.com/i/headshots/college-football/players/full/5209808.png
5209910,Jack Elliott,QB,https://a.espncdn.com/i/headshots/college-football/players/full/5209910.png
5209923,Rocco Marriott,QB,https://a.espncdn.com/i/headshots/college-football/players/full/5209923.png
5209924,Cederian Morgan,WR,https://a.espncdn.com/i/headshots/college-football/players/full/5209924.png
5209945,Antwan Raymond,RB,https://a.espncdn.com/i/headshots/college-football/players/full/5209945.png
5209946,Jerquaden Guilford,WR,https://a.espncdn.com/i/headshots/college-football/players/full/5209946.png
5209960,Lekhy Thompkins,RB,https://a.espncdn.com/i/headshots/college-football/players/full/5209960.png
5209967,Jack James,QB,https://a.espncdn.com/i/headshots/college-football/players/full/5209967.png
5210003,Chris Denson,QB,https://a.espncdn.com/i/headshots/college-football/players/full/5210003.png
5210046,Marlon Harbin,WR,
5210049,Chancellor Sparks,RB,https://a.espncdn.com/i/headshots/college-football/players/full/5210049.png
5210053,Quade Chatmon,RB,https://a.espncdn.com/i/headshots/college-football/players/full/5210053.png
5210055,Brooklen Davis,RB,https://a.espncdn.com/i/headshots/college-football/players/full/5210055.png
5210128,Brady Davidson,QB,https://a.espncdn.com/i/headshots/college-football/players/full/5210128.png
5210164,Bryce Yates,WR,https://a.espncdn.com/i/headshots/college-football/players/full/5210164.png
5210204,Willem Thurber,TE,https://a.espncdn.com/i/headshots/college-football/players/full/5210204.png
5210475,Ryan Hopkins,QB,https://a.espncdn.com/i/headshots/college-football/players/full/5210475.png
5210477,Vance Spafford,WR,https://a.espncdn.com/i/headshots/college-football/players/full/5210477.png
5210501,Tristan Ti'a,QB,https://a.espncdn.com/i/headshots/college-football/players/full/5210501.png
5210515,Daunte Bacheyie,TE,https://a.espncdn.com/i/headshots/college-football/players/full/5210515.png
5210729,Xay Davis,RB,https://a.espncdn.com/i/headshots/college-football/players/full/5210729.png
5211057,John Kelly,RB,https://a.espncdn.com/i/headshots/college-football/players/full/5211057.png
5211073,Michael Mitchell Jr.,QB,https://a.espncdn.com/i/headshots/college-football/players/full/5211073.png
5211117,Bjorn Jurgensen,QB,https://a.espncdn.com/i/headshots/college-football/players/full/5211117.png
5211163,Mekhi Dodd,RB,https://a.espncdn.com/i/headshots/college-football/players/full/5211163.png
5211183,Milan Parris,WR,https://a.espncdn.com/i/headshots/college-football/players/full/5211183.png
5211188,Zy'aire Fletcher,TE,https://a.espncdn.com/i/headshots/college-football/players/full/5211188.png
5211200,Dominick Barry,TE,https://a.espncdn.com/i/headshots/college-football/players/full/5211200.png
5211205,Terry Walker III,QB,https://a.espncdn.com/i/headshots/college-football/players/full/5211205.png
5211482,Bryson Williams,WR,https://a.espncdn.com/i/headshots/college-football/players/full/5211482.png
5211689,Ryder Hooks,RB,
5211691,Preston Bowman,WR,https://a.espncdn.com/i/headshots/college-football/players/full/5211691.png
5211694,Harold Mack,WR,https://a.espncdn.com/i/headshots/college-football/players/full/5211694.png
5211696,Noah Sanders,RB,https://a.espncdn.com/i/headshots/college-football/players/full/5211696.png
5211741,Trav Moore,RB,https://a.espncdn.com/i/headshots/college-football/players/full/5211741.png
5211750,Stratton Fuller,WR,https://a.espncdn.com/i/headshots/college-football/players/full/5211750.png
5211768,Mike Taylor Jr.,RB,https://a.espncdn.com/i/headshots/college-football/players/full/5211768.png
5211769,Brayden Trimble,WR,https://a.espncdn.com/i/headshots/college-football/players/full/5211769.png
5211771,Kadale Williams,RB,https://a.espncdn.com/i/headshots/college-football/players/full/5211771.png
5211889,Messiah Hampton,WR,https://a.espncdn.com/i/headshots/college-football/players/full/5211889.png
5212231,Dillon Newton-Short,WR,https://a.espncdn.com/i/headshots/college-football/players/full/5212231.png
5212589,Emmett Bork,TE,https://a.espncdn.com/i/headshots/college-football/players/full/5212589.png
5212610,Ksaan Farrar,QB,https://a.espncdn.com/i/headshots/college-football/players/full/5212610.png
5212611,Tony Kinsler,WR,https://a.espncdn.com/i/headshots/college-football/players/full/5212611.png
5212635,Mikkel Skinner,TE,https://a.espncdn.com/i/headshots/college-football/players/full/5212635.png
5212641,Weston Bryan,QB,https://a.espncdn.com/i/headshots/college-football/players/full/5212641.png
5212654,Braden Atkinson,QB,https://a.espncdn.com/i/headshots/college-football/players/full/5212654.png
5212655,Jordan Collins,TE,https://a.espncdn.com/i/headshots/college-football/players/full/5212655.png
5212700,Jariel Cobb,RB,https://a.espncdn.com/i/headshots/college-football/players/full/5212700.png
5212705,Brady Stober,QB,https://a.espncdn.com/i/headshots/college-football/players/full/5212705.png
5212732,Liam Thorpe,WR,https://a.espncdn.com/i/headshots/college-football/players/full/5212732.png
5212990,Darius Johnson Jr.,WR,https://a.espncdn.com/i/headshots/college-football/players/full/5212990.png
5213127,Grant Washington,RB,https://a.espncdn.com/i/headshots/college-football/players/full/5213127.png
5213217,JT Taggart,TE,https://a.espncdn.com/i/headshots/college-football/players/full/5213217.png
5213231,Jayden Kitchens,WR,https://a.espncdn.com/i/headshots/college-football/players/full/5213231.png
5213239,Au'Tori Newkirk,QB,https://a.espncdn.com/i/headshots/college-football/players/full/5213239.png
5213299,Lincoln Fisher,WR,https://a.espncdn.com/i/headshots/college-football/players/full/5213299.png
5213354,Max Guest,RB,https://a.espncdn.com/i/headshots/college-football/players/full/5213354.png
5213685,Edward Griffin,QB,https://a.espncdn.com/i/headshots/college-football/players/full/5213685.png
5214367,Joseph Williams,RB,https://a.espncdn.com/i/headshots/college-football/players/full/5214367.png
5214395,Shekai Mills-Knight,RB,https://a.espncdn.com/i/headshots/college-football/players/full/5214395.png
5214401,Jon Denman,RB,https://a.espncdn.com/i/headshots/college-football/players/full/5214401.png
5214402,Mason Drube,QB,https://a.espncdn.com/i/headshots/college-football/players/full/5214402.png
5214404,Isaiah Groves,RB,https://a.espncdn.com/i/headshots/college-football/players/full/5214404.png
5214408,Jase Nix,WR,https://a.espncdn.com/i/headshots/college-football/players/full/5214408.png
5214409,Jeffrey Overton Jr.,RB,https://a.espncdn.com/i/headshots/college-football/players/full/5214409.png
5214410,Jasper Parker,RB,https://a.espncdn.com/i/headshots/college-football/players/full/5214410.png
5214443,Jake Houseworth,TE,https://a.espncdn.com/i/headshots/college-football/players/full/5214443.png
5214446,Brody Lennon,TE,https://a.espncdn.com/i/headshots/college-football/players/full/5214446.png
5214448,Jayden Savoury,TE,https://a.espncdn.com/i/headshots/college-football/players/full/5214448.png
5214449,Joeseph Skipworth,TE,https://a.espncdn.com/i/headshots/college-football/players/full/5214449.png
5214451,Mike Tyler,TE,https://a.espncdn.com/i/headshots/college-football/players/full/5214451.png
5214503,Jeremiah Jones,WR,https://a.espncdn.com/i/headshots/college-football/players/full/5214503.png
5214549,Mason Woods,TE,https://a.espncdn.com/i/headshots/college-football/players/full/5214549.png
5214557,JJ Buchanan,WR,https://a.espncdn.com/i/headshots/college-football/players/full/5214557.png
5214566,Dawson Pough,WR,https://a.espncdn.com/i/headshots/college-football/players/full/5214566.png
5214639,Lazaro Rogers,RB,https://a.espncdn.com/i/headshots/college-football/players/full/5214639.png
5214645,Brady Palmer,QB,https://a.espncdn.com/i/headshots/college-football/players/full/5214645.png
5214646,Luke Fahey,QB,https://a.espncdn.com/i/headshots/college-football/players/full/5214646.png
5214648,Jayreon Campbell,RB,https://a.espncdn.com/i/headshots/college-football/players/full/5214648.png
5214651,Caleb Smith,WR,
5214655,Kaneal Sweetwyne,QB,https://a.espncdn.com/i/headshots/college-football/players/full/5214655.png
5214937,Jaron Thomas,RB,https://a.espncdn.com/i/headshots/college-football/players/full/5214937.png
5214939,Triston White,RB,https://a.espncdn.com/i/headshots/college-football/players/full/5214939.png
5214940,Jourdin Houston,WR,https://a.espncdn.com/i/headshots/college-football/players/full/5214940.png
5214955,Michael Scott,WR,https://a.espncdn.com/i/headshots/college-football/players/full/5214955.png
5215011,J.P. Powell,RB,https://a.espncdn.com/i/headshots/college-football/players/full/5215011.png
5215017,Landon Roldan,WR,https://a.espncdn.com/i/headshots/college-football/players/full/5215017.png
5215030,Zion Gist,RB,https://a.espncdn.com/i/headshots/college-football/players/full/5215030.png
5215135,Braylon Collier,WR,https://a.espncdn.com/i/headshots/college-football/players/full/5215135.png
5215150,Gabe Fields,RB,https://a.espncdn.com/i/headshots/college-football/players/full/5215150.png
5215172,Kenny Darby,WR,https://a.espncdn.com/i/headshots/college-football/players/full/5215172.png
5215176,Liam Russo,TE,https://a.espncdn.com/i/headshots/college-football/players/full/5215176.png
5215185,Isaiah Butler-Tanner,TE,https://a.espncdn.com/i/headshots/college-football/players/full/5215185.png
5215218,Karon Brookins,WR,https://a.espncdn.com/i/headshots/college-football/players/full/5215218.png
5215242,Bryce Randolph,WR,https://a.espncdn.com/i/headshots/college-football/players/full/5215242.png
5215248,Jordan Magwood,QB,https://a.espncdn.com/i/headshots/college-football/players/full/5215248.png
5215266,Antwon Thomas,WR,https://a.espncdn.com/i/headshots/college-football/players/full/5215266.png
5215310,Chaston Ditta,QB,https://a.espncdn.com/i/headshots/college-football/players/full/5215310.png
5215337,Preston Douglas,TE,https://a.espncdn.com/i/headshots/college-football/players/full/5215337.png
5215367,Marcus Mozer,WR,https://a.espncdn.com/i/headshots/college-football/players/full/5215367.png
5215395,Kyle Frendt,TE,https://a.espncdn.com/i/headshots/college-football/players/full/5215395.png
5215467,Branden Hoch,WR,https://a.espncdn.com/i/headshots/college-football/players/full/5215467.png
5215500,Ethan Ervin,RB,https://a.espncdn.com/i/headshots/college-football/players/full/5215500.png
5215501,Oliver Mitchell Jr.,WR,https://a.espncdn.com/i/headshots/college-football/players/full/5215501.png
5215626,Jonathan Harding,TE,https://a.espncdn.com/i/headshots/college-football/players/full/5215626.png
5215629,Kevin Roche Jr.,TE,https://a.espncdn.com/i/headshots/college-football/players/full/5215629.png
5216050,Terry Shelton,WR,https://a.espncdn.com/i/headshots/college-football/players/full/5216050.png
5216317,Demarius Robinson,RB,https://a.espncdn.com/i/headshots/college-football/players/full/5216317.png
5216495,Derrick Avery Jr.,WR,https://a.espncdn.com/i/headshots/college-football/players/full/5216495.png
5216496,D'Ontae Fulton,WR,https://a.espncdn.com/i/headshots/college-football/players/full/5216496.png
5216505,Jamar Searcy,RB,https://a.espncdn.com/i/headshots/college-football/players/full/5216505.png
5216506,DJ Asiasi,TE,https://a.espncdn.com/i/headshots/college-football/players/full/5216506.png
5216509,Davian Jackson,RB,https://a.espncdn.com/i/headshots/college-football/players/full/5216509.png
5216510,Kory Pettigrew,WR,https://a.espncdn.com/i/headshots/college-football/players/full/5216510.png
5216524,Andrew Barker,TE,https://a.espncdn.com/i/headshots/college-football/players/full/5216524.png
5216526,Ben Rothhaar,TE,https://a.espncdn.com/i/headshots/college-football/players/full/5216526.png
5216547,Synkwan Smith,RB,https://a.espncdn.com/i/headshots/college-football/players/full/5216547.png
5216559,Tate Nagy,WR,https://a.espncdn.com/i/headshots/college-football/players/full/5216559.png
5216561,Jakai Anderson,WR,https://a.espncdn.com/i/headshots/college-football/players/full/5216561.png
5216569,Robby Preckel,TE,https://a.espncdn.com/i/headshots/college-football/players/full/5216569.png
5216575,Braylen Naves,WR,https://a.espncdn.com/i/headshots/college-football/players/full/5216575.png
5216626,J.J. Hill,RB,https://a.espncdn.com/i/headshots/college-football/players/full/5216626.png
5216639,Jaylon Hawkins,WR,https://a.espncdn.com/i/headshots/college-football/players/full/5216639.png
5216690,Nino Hill,RB,https://a.espncdn.com/i/headshots/college-football/players/full/5216690.png
5216695,Bryce Kania,WR,https://a.espncdn.com/i/headshots/college-football/players/full/5216695.png
5216698,TJ Peyton,RB,https://a.espncdn.com/i/headshots/college-football/players/full/5216698.png
5216706,TJ Stanley,QB,https://a.espncdn.com/i/headshots/college-football/players/full/5216706.png
5216796,Banks Bowen,QB,https://a.espncdn.com/i/headshots/college-football/players/full/5216796.png
5216844,Kavon Simmons,WR,https://a.espncdn.com/i/headshots/college-football/players/full/5216844.png
5217041,Omar Mabson II,RB,https://a.espncdn.com/i/headshots/college-football/players/full/5217041.png
5217152,Zion Robinson,WR,https://a.espncdn.com/i/headshots/college-football/players/full/5217152.png
5217176,Taariq Denson,RB,https://a.espncdn.com/i/headshots/college-football/players/full/5217176.png
5217177,Taimane Purcell,TE,https://a.espncdn.com/i/headshots/college-football/players/full/5217177.png
5217200,Neo Clifton,WR,https://a.espncdn.com/i/headshots/college-football/players/full/5217200.png
5217444,Jershaun Newton,QB,https://a.espncdn.com/i/headshots/college-football/players/full/5217444.png
5217700,Giovanni Richardson,WR,https://a.espncdn.com/i/headshots/college-football/players/full/5217700.png
5217701,Jackson Shockley,TE,https://a.espncdn.com/i/headshots/college-football/players/full/5217701.png
5217704,Michael Dever,WR,https://a.espncdn.com/i/headshots/college-football/players/full/5217704.png
5217752,Jamari Miller,WR,https://a.espncdn.com/i/headshots/college-football/players/full/5217752.png
5217799,Arvis Battle Jr.,TE,https://a.espncdn.com/i/headshots/college-football/players/full/5217799.png
5217820,Monterrio Elston Jr.,RB,https://a.espncdn.com/i/headshots/college-football/players/full/5217820.png
5218168,Bubba Hampton,WR,https://a.espncdn.com/i/headshots/college-football/players/full/5218168.png
5218242,Zay Parks,RB,https://a.espncdn.com/i/headshots/college-football/players/full/5218242.png
5218243,Jeremiah Johnson,RB,https://a.espncdn.com/i/headshots/college-football/players/full/5218243.png
5218246,Luke Douglas,TE,https://a.espncdn.com/i/headshots/college-football/players/full/5218246.png
5218249,Willy Suarez,WR,https://a.espncdn.com/i/headshots/college-football/players/full/5218249.png
5218381,Jalen Mickens,WR,https://a.espncdn.com/i/headshots/college-football/players/full/5218381.png
5218443,Chase Garnett,RB,https://a.espncdn.com/i/headshots/college-football/players/full/5218443.png
5218507,Matt Jeffery,WR,https://a.espncdn.com/i/headshots/college-football/players/full/5218507.png
5218514,Jack Larsen,TE,https://a.espncdn.com/i/headshots/college-football/players/full/5218514.png
5218582,Jaden Reddell,TE,https://a.espncdn.com/i/headshots/college-football/players/full/5218582.png
5218583,Wade Penn,RB,https://a.espncdn.com/i/headshots/college-football/players/full/5218583.png
5218587,Brandon Mathis,RB,https://a.espncdn.com/i/headshots/college-football/players/full/5218587.png
5218592,Henry Delp,TE,https://a.espncdn.com/i/headshots/college-football/players/full/5218592.png
5218633,Ryan Wingo,WR,https://a.espncdn.com/i/headshots/college-football/players/full/5218633.png
5218636,Reid Watkins,RB,https://a.espncdn.com/i/headshots/college-football/players/full/5218636.png
5218647,Carter Kuchenbuch,TE,https://a.espncdn.com/i/headshots/college-football/players/full/5218647.png
5218655,Jamezell Lassiter,RB,https://a.espncdn.com/i/headshots/college-football/players/full/5218655.png
5218658,Larry Benton III,TE,https://a.espncdn.com/i/headshots/college-football/players/full/5218658.png
5218664,Tyler Fortenberry,TE,https://a.espncdn.com/i/headshots/college-football/players/full/5218664.png
5218699,Cade Fields,RB,https://a.espncdn.com/i/headshots/college-football/players/full/5218699.png
5218700,Tyrell Reed Jr.,RB,https://a.espncdn.com/i/headshots/college-football/players/full/5218700.png
5218720,Isaiah Stone,WR,https://a.espncdn.com/i/headshots/college-football/players/full/5218720.png
5218736,Emazon Littlejohn,WR,https://a.espncdn.com/i/headshots/college-football/players/full/5218736.png
5218741,Jayden Parker,RB,https://a.espncdn.com/i/headshots/college-football/players/full/5218741.png
5218742,Isaac Torres,WR,https://a.espncdn.com/i/headshots/college-football/players/full/5218742.png
5218743,Carson Perry-Smith,WR,https://a.espncdn.com/i/headshots/college-football/players/full/5218743.png
5218753,T.J. Moore,WR,https://a.espncdn.com/i/headshots/college-football/players/full/5218753.png
5218754,Parker Fulghum,WR,https://a.espncdn.com/i/headshots/college-football/players/full/5218754.png
5218756,Clark Sanderson,WR,https://a.espncdn.com/i/headshots/college-football/players/full/5218756.png
5218757,Chase Byrd,WR,https://a.espncdn.com/i/headshots/college-football/players/full/5218757.png
5218767,Jacob Jordan,WR,https://a.espncdn.com/i/headshots/college-football/players/full/5218767.png
5218771,Raph Ekechi,RB,https://a.espncdn.com/i/headshots/college-football/players/full/5218771.png
5218787,Que'Sean Brown,WR,https://a.espncdn.com/i/headshots/college-football/players/full/5218787.png
5218795,Paxon Kettering,WR,https://a.espncdn.com/i/headshots/college-football/players/full/5218795.png
5218820,Johnnie Daniels,RB,https://a.espncdn.com/i/headshots/college-football/players/full/5218820.png
5218869,Sitani Mikaele,RB,https://a.espncdn.com/i/headshots/college-football/players/full/5218869.png
5218872,Christian Vaughn,RB,https://a.espncdn.com/i/headshots/college-football/players/full/5218872.png
5218880,Blaze Kamoku,WR,https://a.espncdn.com/i/headshots/college-football/players/full/5218880.png
5218881,Tama Uiliata,WR,https://a.espncdn.com/i/headshots/college-football/players/full/5218881.png
5218882,Josiah Fetui,WR,https://a.espncdn.com/i/headshots/college-football/players/full/5218882.png
5218891,Mario Sanders II,WR,https://a.espncdn.com/i/headshots/college-football/players/full/5218891.png
5218897,Carlos Orr-Gillespie,WR,https://a.espncdn.com/i/headshots/college-football/players/full/5218897.png
5218907,Luke Harpring,TE,https://a.espncdn.com/i/headshots/college-football/players/full/5218907.png
5218910,Andrew Nelms,RB,https://a.espncdn.com/i/headshots/college-football/players/full/5218910.png
5218931,DJ Vonnahme,TE,https://a.espncdn.com/i/headshots/college-football/players/full/5218931.png
5218947,Roman Jensen,QB,https://a.espncdn.com/i/headshots/college-football/players/full/5218947.png
5218961,Fame Ijeboi,RB,https://a.espncdn.com/i/headshots/college-football/players/full/5218961.png
5218971,Will Perry,QB,https://a.espncdn.com/i/headshots/college-football/players/full/5218971.png
5218988,Jojo Stone,WR,https://a.espncdn.com/i/headshots/college-football/players/full/5218988.png
5219005,Kennedy Fauntleroy,RB,https://a.espncdn.com/i/headshots/college-football/players/full/5219005.png
5219011,EJ Reid,WR,https://a.espncdn.com/i/headshots/college-football/players/full/5219011.png
5219016,John Henderson,RB,https://a.espncdn.com/i/headshots/college-football/players/full/5219016.png
5219017,Nakai Amachree,RB,https://a.espncdn.com/i/headshots/college-football/players/full/5219017.png
5219022,Laquan Robinson,WR,https://a.espncdn.com/i/headshots/college-football/players/full/5219022.png
5219035,Cam'Ron King,WR,https://a.espncdn.com/i/headshots/college-football/players/full/5219035.png
5219036,Dylan Gentry,WR,https://a.espncdn.com/i/headshots/college-football/players/full/5219036.png
5219039,John Buetow,RB,https://a.espncdn.com/i/headshots/college-football/players/full/5219039.png
5219062,Izaac Dickey,RB,https://a.espncdn.com/i/headshots/college-football/players/full/5219062.png
5219070,Nico Ottomanelli,RB,https://a.espncdn.com/i/headshots/college-football/players/full/5219070.png
5219077,Logan Cunningham,WR,https://a.espncdn.com/i/headshots/college-football/players/full/5219077.png
5219086,Leland Smith,WR,https://a.espncdn.com/i/headshots/college-football/players/full/5219086.png
5219089,Antonio Harris,RB,https://a.espncdn.com/i/headshots/college-football/players/full/5219089.png
5219110,Kayden Chan,WR,https://a.espncdn.com/i/headshots/college-football/players/full/5219110.png
5219112,Troy Grizzle,TE,https://a.espncdn.com/i/headshots/college-football/players/full/5219112.png
5219119,Jordan Washington,RB,https://a.espncdn.com/i/headshots/college-football/players/full/5219119.png
5219129,Jaxxon Warren,TE,https://a.espncdn.com/i/headshots/college-football/players/full/5219129.png
5219136,Tommy Maher,WR,https://a.espncdn.com/i/headshots/college-football/players/full/5219136.png
5219140,Jeremiah Patterson,WR,https://a.espncdn.com/i/headshots/college-football/players/full/5219140.png
5219142,Anthony Wilhite,RB,https://a.espncdn.com/i/headshots/college-football/players/full/5219142.png
5219143,Kayden Luke,RB,https://a.espncdn.com/i/headshots/college-football/players/full/5219143.png
5219164,Tyrane Stewart,RB,https://a.espncdn.com/i/headshots/college-football/players/full/5219164.png
5219169,Charleston French,RB,https://a.espncdn.com/i/headshots/college-football/players/full/5219169.png
5219190,Lyviel Waters,TE,https://a.espncdn.com/i/headshots/college-football/players/full/5219190.png
5219224,Randy Reece,WR,https://a.espncdn.com/i/headshots/college-football/players/full/5219224.png
5219225,Zach Hernandez,RB,https://a.espncdn.com/i/headshots/college-football/players/full/5219225.png
5219242,Marcus Brown,WR,https://a.espncdn.com/i/headshots/college-football/players/full/5219242.png
5219253,Major Cantrell,QB,https://a.espncdn.com/i/headshots/college-football/players/full/5219253.png
5219255,Carson Robbins,WR,https://a.espncdn.com/i/headshots/college-football/players/full/5219255.png
5219258,Aiden Flora,RB,https://a.espncdn.com/i/headshots/college-football/players/full/5219258.png
5219270,Lyndon Ravare,WR,https://a.espncdn.com/i/headshots/college-football/players/full/5219270.png
5219405,Aden Self,WR,https://a.espncdn.com/i/headshots/college-football/players/full/5219405.png
5219406,Briggs Bartosh,RB,https://a.espncdn.com/i/headshots/college-football/players/full/5219406.png
5219408,Ethan Washington,QB,https://a.espncdn.com/i/headshots/college-football/players/full/5219408.png
5219427,Randall Nauden,RB,https://a.espncdn.com/i/headshots/college-football/players/full/5219427.png
5219436,Brady Anderson,WR,https://a.espncdn.com/i/headshots/college-football/players/full/5219436.png
5219439,Ty Stauffer,RB,https://a.espncdn.com/i/headshots/college-football/players/full/5219439.png
5219468,Tex Brannan,TE,https://a.espncdn.com/i/headshots/college-football/players/full/5219468.png
5219476,Isaiah Myers,WR,https://a.espncdn.com/i/headshots/college-football/players/full/5219476.png
5219480,Connor Adair,TE,https://a.espncdn.com/i/headshots/college-football/players/full/5219480.png
5219487,Micah Johnson,RB,https://a.espncdn.com/i/headshots/college-football/players/full/5219487.png
5219496,Donald Collier,WR,https://a.espncdn.com/i/headshots/college-football/players/full/5219496.png
5219497,Leyton Cure,TE,https://a.espncdn.com/i/headshots/college-football/players/full/5219497.png
5219505,Ayo Shotomide-King,WR,https://a.espncdn.com/i/headshots/college-football/players/full/5219505.png
5219509,Braden Baize,WR,https://a.espncdn.com/i/headshots/college-football/players/full/5219509.png
5219539,Kadenn Rose,RB,https://a.espncdn.com/i/headshots/college-football/players/full/5219539.png
5219540,Camden Kruisenga,WR,https://a.espncdn.com/i/headshots/college-football/players/full/5219540.png
5219543,Jason Philpot-Dixon,RB,https://a.espncdn.com/i/headshots/college-football/players/full/5219543.png
5219571,Joe Pitchford,RB,https://a.espncdn.com/i/headshots/college-football/players/full/5219571.png
5219572,Cade Keith,TE,https://a.espncdn.com/i/headshots/college-football/players/full/5219572.png
5219586,Anthony Grigsby Jr.,QB,https://a.espncdn.com/i/headshots/college-football/players/full/5219586.png
5219598,Trace Estes,TE,https://a.espncdn.com/i/headshots/college-football/players/full/5219598.png
5219637,Clay Ash,RB,https://a.espncdn.com/i/headshots/college-football/players/full/5219637.png
5219641,Cody Hagen,WR,https://a.espncdn.com/i/headshots/college-football/players/full/5219641.png
5219642,Pokaiaua Haunga,RB,https://a.espncdn.com/i/headshots/college-football/players/full/5219642.png
5219644,Jovesa Damuni,RB,https://a.espncdn.com/i/headshots/college-football/players/full/5219644.png
5219645,Rowan Reay,WR,https://a.espncdn.com/i/headshots/college-football/players/full/5219645.png
5219659,Noah Moeaki,TE,https://a.espncdn.com/i/headshots/college-football/players/full/5219659.png
5219662,Dominique McKenzie,WR,https://a.espncdn.com/i/headshots/college-football/players/full/5219662.png
5219668,Michael Valentino,QB,https://a.espncdn.com/i/headshots/college-football/players/full/5219668.png
5219671,Tremonte Underwood Jr.,RB,https://a.espncdn.com/i/headshots/college-football/players/full/5219671.png
5219678,Joseph Young,WR,https://a.espncdn.com/i/headshots/college-football/players/full/5219678.png
5219683,Jett Coolman,WR,https://a.espncdn.com/i/headshots/college-football/players/full/5219683.png
5219689,Sione Moa,RB,https://a.espncdn.com/i/headshots/college-football/players/full/5219689.png
5219693,Solomon Beebe,RB,https://a.espncdn.com/i/headshots/college-football/players/full/5219693.png
5219694,Amari Brundidge,RB,https://a.espncdn.com/i/headshots/college-football/players/full/5219694.png
5219702,Xavier Daisy,WR,https://a.espncdn.com/i/headshots/college-football/players/full/5219702.png
5219703,Lamar White,WR,https://a.espncdn.com/i/headshots/college-football/players/full/5219703.png
5219709,Dagan Bruno,QB,https://a.espncdn.com/i/headshots/college-football/players/full/5219709.png
5219725,Patrick Durkin,RB,https://a.espncdn.com/i/headshots/college-football/players/full/5219725.png
5219833,Tom von Grote,QB,https://a.espncdn.com/i/headshots/college-football/players/full/5219833.png
5219834,Drew Mestemaker,QB,https://a.espncdn.com/i/headshots/college-football/players/full/5219834.png
5219835,Oscar Hammond,TE,https://a.espncdn.com/i/headshots/college-football/players/full/5219835.png
5219854,Almari Brown,RB,https://a.espncdn.com/i/headshots/college-football/players/full/5219854.png
5219863,Tyrei Washington,RB,https://a.espncdn.com/i/headshots/college-football/players/full/5219863.png
5219864,Terrez Worthy,RB,https://a.espncdn.com/i/headshots/college-football/players/full/5219864.png
5219865,Ashton Allen,WR,https://a.espncdn.com/i/headshots/college-football/players/full/5219865.png
5219878,Daniel Evert,TE,https://a.espncdn.com/i/headshots/college-football/players/full/5219878.png
5219881,Darius Morant,RB,https://a.espncdn.com/i/headshots/college-football/players/full/5219881.png
5219898,Drew Devillier,QB,https://a.espncdn.com/i/headshots/college-football/players/full/5219898.png
5219929,Kenny Lueth,QB,https://a.espncdn.com/i/headshots/college-football/players/full/5219929.png
5219931,Romelo Ware,RB,https://a.espncdn.com/i/headshots/college-football/players/full/5219931.png
5219932,Elijah Porter,RB,https://a.espncdn.com/i/headshots/college-football/players/full/5219932.png
5219936,Rickey Taylor Jr.,WR,https://a.espncdn.com/i/headshots/college-football/players/full/5219936.png
5219946,Jason Fowler,TE,https://a.espncdn.com/i/headshots/college-football/players/full/5219946.png
5219991,Jackson Bennee,WR,https://a.espncdn.com/i/headshots/college-football/players/full/5219991.png
5219999,Omar Shah,RB,https://a.espncdn.com/i/headshots/college-football/players/full/5219999.png
5220007,Tank Boston,WR,https://a.espncdn.com/i/headshots/college-football/players/full/5220007.png
5220011,Dante Daniels,TE,https://a.espncdn.com/i/headshots/college-football/players/full/5220011.png
5220031,Dylan Drennan,RB,https://a.espncdn.com/i/headshots/college-football/players/full/5220031.png
5220052,Jayvin Norman,RB,https://a.espncdn.com/i/headshots/college-football/players/full/5220052.png
5220095,Carter Holden,RB,https://a.espncdn.com/i/headshots/college-football/players/full/5220095.png
5220109,Price Morgan,WR,https://a.espncdn.com/i/headshots/college-football/players/full/5220109.png
5220111,Adam Hill,RB,https://a.espncdn.com/i/headshots/college-football/players/full/5220111.png
5220123,Lucas Laroche,RB,https://a.espncdn.com/i/headshots/college-football/players/full/5220123.png
5220125,Dane Nauman,RB,https://a.espncdn.com/i/headshots/college-football/players/full/5220125.png
5220133,Sam Lee,TE,https://a.espncdn.com/i/headshots/college-football/players/full/5220133.png
5220194,Noah Toster,WR,https://a.espncdn.com/i/headshots/college-football/players/full/5220194.png
5220195,Rod Gibbs,TE,https://a.espncdn.com/i/headshots/college-football/players/full/5220195.png
5220197,Fluff Bothwell,RB,https://a.espncdn.com/i/headshots/college-football/players/full/5220197.png
5220215,Amir McGruder,WR,https://a.espncdn.com/i/headshots/college-football/players/full/5220215.png
5220219,Wesley Campbell VI,TE,https://a.espncdn.com/i/headshots/college-football/players/full/5220219.png
5220222,Javon Campbell,WR,https://a.espncdn.com/i/headshots/college-football/players/full/5220222.png
5220253,James Jones,RB,https://a.espncdn.com/i/headshots/college-football/players/full/5220253.png
5220254,Ozarrio Smith,RB,https://a.espncdn.com/i/headshots/college-football/players/full/5220254.png
5220256,Donte Lee Jr.,WR,https://a.espncdn.com/i/headshots/college-football/players/full/5220256.png
5220265,Jon Monteiro,WR,https://a.espncdn.com/i/headshots/college-football/players/full/5220265.png
5220266,Connie Hewitt II,TE,https://a.espncdn.com/i/headshots/college-football/players/full/5220266.png
5220333,Trae Swartz,TE,https://a.espncdn.com/i/headshots/college-football/players/full/5220333.png
5220339,Mason Welch,QB,https://a.espncdn.com/i/headshots/college-football/players/full/5220339.png
5220340,Omiri Wiggins,RB,https://a.espncdn.com/i/headshots/college-football/players/full/5220340.png
5220347,John Hoyet Chance,RB,https://a.espncdn.com/i/headshots/college-football/players/full/5220347.png
5220352,Hunter Tipton,TE,https://a.espncdn.com/i/headshots/college-football/players/full/5220352.png
5220360,Ryder Post,TE,https://a.espncdn.com/i/headshots/college-football/players/full/5220360.png
5220376,Bart Edmiston,RB,https://a.espncdn.com/i/headshots/college-football/players/full/5220376.png
5220390,Evan Poticher,TE,https://a.espncdn.com/i/headshots/college-football/players/full/5220390.png
5220411,Parker Threatt,WR,https://a.espncdn.com/i/headshots/college-football/players/full/5220411.png
5220423,Michael Phoenix II,WR,https://a.espncdn.com/i/headshots/college-football/players/full/5220423.png
5220424,Hunter Watson,QB,https://a.espncdn.com/i/headshots/college-football/players/full/5220424.png
5220425,DJ Bailey,QB,https://a.espncdn.com/i/headshots/college-football/players/full/5220425.png
5220443,Darrick Bledsoe III,WR,https://a.espncdn.com/i/headshots/college-football/players/full/5220443.png
5220449,Brett Karhu,WR,https://a.espncdn.com/i/headshots/college-football/players/full/5220449.png
5220469,Michael Barrow,WR,https://a.espncdn.com/i/headshots/college-football/players/full/5220469.png
5220470,Myles Slade,QB,https://a.espncdn.com/i/headshots/college-football/players/full/5220470.png
5220471,Andre Gilbert Jr.,WR,https://a.espncdn.com/i/headshots/college-football/players/full/5220471.png
5220472,Tre Jones III,WR,https://a.espncdn.com/i/headshots/college-football/players/full/5220472.png
5220473,Jackson Gutierrez,QB,https://a.espncdn.com/i/headshots/college-football/players/full/5220473.png
5220474,Mikey Pearson III,RB,https://a.espncdn.com/i/headshots/college-football/players/full/5220474.png
5220476,Charles Robinson,WR,https://a.espncdn.com/i/headshots/college-football/players/full/5220476.png
5220552,Jaylan Bean,WR,https://a.espncdn.com/i/headshots/college-football/players/full/5220552.png
5220596,Kyri Shoels,WR,https://a.espncdn.com/i/headshots/college-football/players/full/5220596.png
5220614,Jacob Stewart,TE,https://a.espncdn.com/i/headshots/college-football/players/full/5220614.png
5220620,Traivon Dyson,WR,https://a.espncdn.com/i/headshots/college-football/players/full/5220620.png
5220641,Boogie Woods III,RB,https://a.espncdn.com/i/headshots/college-football/players/full/5220641.png
5220651,Robert Freeman IV,RB,https://a.espncdn.com/i/headshots/college-football/players/full/5220651.png
5220665,Nick Floyd,RB,https://a.espncdn.com/i/headshots/college-football/players/full/5220665.png
5220666,Derrick Jameson,RB,https://a.espncdn.com/i/headshots/college-football/players/full/5220666.png
5220671,Herschel Turner,RB,https://a.espncdn.com/i/headshots/college-football/players/full/5220671.png
5220680,Ted Hurst III,WR,https://a.espncdn.com/i/headshots/college-football/players/full/5220680.png
5220681,Petey Tucker,WR,https://a.espncdn.com/i/headshots/college-football/players/full/5220681.png
5220683,Phoenix Moss,RB,https://a.espncdn.com/i/headshots/college-football/players/full/5220683.png
5220697,Keron Milton,WR,https://a.espncdn.com/i/headshots/college-football/players/full/5220697.png
5220780,Jahrique Lowe,WR,https://a.espncdn.com/i/headshots/college-football/players/full/5220780.png
5220782,Brandon Nunez,QB,https://a.espncdn.com/i/headshots/college-football/players/full/5220782.png
5220783,Parker Awad,QB,https://a.espncdn.com/i/headshots/college-football/players/full/5220783.png
5220785,TJ Pride,WR,https://a.espncdn.com/i/headshots/college-football/players/full/5220785.png
5220886,Jordan Montanez,RB,https://a.espncdn.com/i/headshots/college-football/players/full/5220886.png
5220893,Elijah Washington-Baker,TE,https://a.espncdn.com/i/headshots/college-football/players/full/5220893.png
5220975,Jaquise Martin,WR,https://a.espncdn.com/i/headshots/college-football/players/full/5220975.png
5221043,Walker Lyons,TE,https://a.espncdn.com/i/headshots/college-football/players/full/5221043.png
5221048,Jabari Bush,TE,https://a.espncdn.com/i/headshots/college-football/players/full/5221048.png
5221049,James Rexroat,TE,https://a.espncdn.com/i/headshots/college-football/players/full/5221049.png
5221058,Damon Sisa,RB,https://a.espncdn.com/i/headshots/college-football/players/full/5221058.png
5221060,Kameron Thomas,RB,https://a.espncdn.com/i/headshots/college-football/players/full/5221060.png
5221074,Tray Taylor,WR,https://a.espncdn.com/i/headshots/college-football/players/full/5221074.png
5221078,Alex Walker,QB,https://a.espncdn.com/i/headshots/college-football/players/full/5221078.png
5221079,Cameron Wright,WR,https://a.espncdn.com/i/headshots/college-football/players/full/5221079.png
5221080,Antonio Molder II,RB,https://a.espncdn.com/i/headshots/college-football/players/full/5221080.png
5221081,Matt Pack Jr.,RB,https://a.espncdn.com/i/headshots/college-football/players/full/5221081.png
5221100,Emile Sebafundi,RB,https://a.espncdn.com/i/headshots/college-football/players/full/5221100.png
5221103,Landon Strother,WR,https://a.espncdn.com/i/headshots/college-football/players/full/5221103.png
5221109,Teddy Gawlik,TE,https://a.espncdn.com/i/headshots/college-football/players/full/5221109.png
5221139,Shawn Foster II,WR,https://a.espncdn.com/i/headshots/college-football/players/full/5221139.png
5221211,Semi Taulanga,TE,https://a.espncdn.com/i/headshots/college-football/players/full/5221211.png
5221272,Elijah McCoy,RB,https://a.espncdn.com/i/headshots/college-football/players/full/5221272.png
5221280,Sean West,RB,https://a.espncdn.com/i/headshots/college-football/players/full/5221280.png
5221282,Josh Bell,RB,https://a.espncdn.com/i/headshots/college-football/players/full/5221282.png
5221285,Jacobe Hayes,WR,https://a.espncdn.com/i/headshots/college-football/players/full/5221285.png
5221298,Ronald Coleman,WR,https://a.espncdn.com/i/headshots/college-football/players/full/5221298.png
5221304,Aaron Ball,RB,https://a.espncdn.com/i/headshots/college-football/players/full/5221304.png
5221306,Jake Furtney,TE,https://a.espncdn.com/i/headshots/college-football/players/full/5221306.png
5221316,Jalen Saint Paul,WR,https://a.espncdn.com/i/headshots/college-football/players/full/5221316.png
5221319,Brady Bidwell,WR,https://a.espncdn.com/i/headshots/college-football/players/full/5221319.png
5221335,Cace Reed,WR,https://a.espncdn.com/i/headshots/college-football/players/full/5221335.png
5221381,Tony Freeman,WR,https://a.espncdn.com/i/headshots/college-football/players/full/5221381.png
5221382,Hunter Najm,QB,https://a.espncdn.com/i/headshots/college-football/players/full/5221382.png
5221388,Tyler Wrenn,RB,https://a.espncdn.com/i/headshots/college-football/players/full/5221388.png
5221393,Caleb Rollerson,WR,https://a.espncdn.com/i/headshots/college-football/players/full/5221393.png
5221407,Jakob Anderson,RB,https://a.espncdn.com/i/headshots/college-football/players/full/5221407.png
5221410,Jackson Gister,TE,https://a.espncdn.com/i/headshots/college-football/players/full/5221410.png
5221569,Lucas Scheerhorn,QB,https://a.espncdn.com/i/headshots/college-football/players/full/5221569.png
5221576,Jonathan Mathis,RB,https://a.espncdn.com/i/headshots/college-football/players/full/5221576.png
5221590,Tre' Holloway,WR,https://a.espncdn.com/i/headshots/college-football/players/full/5221590.png
5221596,Alex Godavitarne,TE,https://a.espncdn.com/i/headshots/college-football/players/full/5221596.png
5221616,Ade Olanegan,QB,https://a.espncdn.com/i/headshots/college-football/players/full/5221616.png
5222150,Joshua Brantley,TE,https://a.espncdn.com/i/headshots/college-football/players/full/5222150.png
5222190,Joseph Hagman,RB,https://a.espncdn.com/i/headshots/college-football/players/full/5222190.png
5222214,Trae Stevenson,WR,https://a.espncdn.com/i/headshots/college-football/players/full/5222214.png
5222221,Tank Hawkins,WR,https://a.espncdn.com/i/headshots/college-football/players/full/5222221.png
5222223,KD Daniels,RB,https://a.espncdn.com/i/headshots/college-football/players/full/5222223.png
5222227,DeBraun Hampton,WR,https://a.espncdn.com/i/headshots/college-football/players/full/5222227.png
5222239,Dawson Johnson,TE,https://a.espncdn.com/i/headshots/college-football/players/full/5222239.png
5222247,Arrion Concepcion,WR,https://a.espncdn.com/i/headshots/college-football/players/full/5222247.png
5222252,Max Hunt,TE,https://a.espncdn.com/i/headshots/college-football/players/full/5222252.png
5222257,Kha'leal Sterling,WR,https://a.espncdn.com/i/headshots/college-football/players/full/5222257.png
5222269,Tomas O'Meara,RB,https://a.espncdn.com/i/headshots/college-football/players/full/5222269.png
5222380,Conner Muldowney,TE,https://a.espncdn.com/i/headshots/college-football/players/full/5222380.png
5222386,Jay Jay Etheridge,WR,https://a.espncdn.com/i/headshots/college-football/players/full/5222386.png
5222394,Da'Shawn Martin,WR,https://a.espncdn.com/i/headshots/college-football/players/full/5222394.png
5222398,Ruel Tomlinson,QB,https://a.espncdn.com/i/headshots/college-football/players/full/5222398.png
5222530,Keenan Arcega-Whiteside,WR,https://a.espncdn.com/i/headshots/college-football/players/full/5222530.png
5222534,Tyson Carter,WR,https://a.espncdn.com/i/headshots/college-football/players/full/5222534.png
5222545,Ethan Houck,QB,https://a.espncdn.com/i/headshots/college-football/players/full/5222545.png
5222551,Ryder Kusch,TE,https://a.espncdn.com/i/headshots/college-football/players/full/5222551.png
5222557,Jack Moran,QB,https://a.espncdn.com/i/headshots/college-football/players/full/5222557.png
5222564,Cam Settles,RB,https://a.espncdn.com/i/headshots/college-football/players/full/5222564.png
5222571,Xavier Watson,TE,https://a.espncdn.com/i/headshots/college-football/players/full/5222571.png
5222591,Jason Wright,QB,https://a.espncdn.com/i/headshots/college-football/players/full/5222591.png
5222594,Amareon Blue,RB,https://a.espncdn.com/i/headshots/college-football/players/full/5222594.png
5222633,Nolan Good,QB,https://a.espncdn.com/i/headshots/college-football/players/full/5222633.png
5222644,Cole Powell,WR,https://a.espncdn.com/i/headshots/college-football/players/full/5222644.png
5222654,Trenton Chaney,WR,https://a.espncdn.com/i/headshots/college-football/players/full/5222654.png
5222657,Darrell Smith,RB,https://a.espncdn.com/i/headshots/college-football/players/full/5222657.png
5222671,Jaylin Carter,RB,https://a.espncdn.com/i/headshots/college-football/players/full/5222671.png
5222675,Danny Edgehille,TE,https://a.espncdn.com/i/headshots/college-football/players/full/5222675.png
5222676,Brady Clough,TE,https://a.espncdn.com/i/headshots/college-football/players/full/5222676.png
5222689,Johnathan Montague Jr.,WR,https://a.espncdn.com/i/headshots/college-football/players/full/5222689.png
5222710,Landon Walker,WR,https://a.espncdn.com/i/headshots/college-football/players/full/5222710.png
5222752,Drew Wagner,WR,https://a.espncdn.com/i/headshots/college-football/players/full/5222752.png
5222761,Jamarion McDougle,WR,https://a.espncdn.com/i/headshots/college-football/players/full/5222761.png
5222789,Kaina Watson,WR,
5222936,Franck Pierre,WR,https://a.espncdn.com/i/headshots/college-football/players/full/5222936.png
5222974,Jasen Lopez,WR,https://a.espncdn.com/i/headshots/college-football/players/full/5222974.png
5222975,Anthony Quinn Jr.,RB,https://a.espncdn.com/i/headshots/college-football/players/full/5222975.png
5223093,Jeremiah Ware,WR,https://a.espncdn.com/i/headshots/college-football/players/full/5223093.png
5223107,Quentin Hayes,QB,https://a.espncdn.com/i/headshots/college-football/players/full/5223107.png
5223108,Josh Johnson,QB,https://a.espncdn.com/i/headshots/college-football/players/full/5223108.png
5223110,Maguire Martin,QB,https://a.espncdn.com/i/headshots/college-football/players/full/5223110.png
5223112,Kemper Hodges,QB,https://a.espncdn.com/i/headshots/college-football/players/full/5223112.png
5223116,Grant Wayne,WR,https://a.espncdn.com/i/headshots/college-football/players/full/5223116.png
5223117,Owen Chambers,WR,https://a.espncdn.com/i/headshots/college-football/players/full/5223117.png
5223119,Owen Allen,RB,https://a.espncdn.com/i/headshots/college-football/players/full/5223119.png
5223121,Roman Bradley,RB,https://a.espncdn.com/i/headshots/college-football/players/full/5223121.png
5223123,Jalen Rashad Turner,RB,https://a.espncdn.com/i/headshots/college-football/players/full/5223123.png
5223131,Rocco Conti,RB,https://a.espncdn.com/i/headshots/college-football/players/full/5223131.png
5223147,Simon Kibbee,TE,https://a.espncdn.com/i/headshots/college-football/players/full/5223147.png
5223149,Adam Hrynciw,WR,https://a.espncdn.com/i/headshots/college-football/players/full/5223149.png
5223167,Will Henderson III,RB,https://a.espncdn.com/i/headshots/college-football/players/full/5223167.png
5223178,Elliott Brow,WR,https://a.espncdn.com/i/headshots/college-football/players/full/5223178.png
5223768,Harold Duvall,WR,https://a.espncdn.com/i/headshots/college-football/players/full/5223768.png
5223788,Donnell Gee Jr.,WR,https://a.espncdn.com/i/headshots/college-football/players/full/5223788.png
5223789,Nik Henry,WR,https://a.espncdn.com/i/headshots/college-football/players/full/5223789.png
5223800,Jaden Lawrence,RB,https://a.espncdn.com/i/headshots/college-football/players/full/5223800.png
5223869,Marceese Yetts,RB,https://a.espncdn.com/i/headshots/college-football/players/full/5223869.png
5223870,Boden Gardner,WR,https://a.espncdn.com/i/headshots/college-football/players/full/5223870.png
5223877,Kevin Allen III,RB,https://a.espncdn.com/i/headshots/college-football/players/full/5223877.png
5223892,Jaylen Garrison,WR,https://a.espncdn.com/i/headshots/college-football/players/full/5223892.png
5223895,Landon Cooper,TE,https://a.espncdn.com/i/headshots/college-football/players/full/5223895.png
5223896,Kayden Stuit,TE,https://a.espncdn.com/i/headshots/college-football/players/full/5223896.png
5223904,Jackson Akins,QB,https://a.espncdn.com/i/headshots/college-football/players/full/5223904.png
5223908,Trey Wilson,RB,https://a.espncdn.com/i/headshots/college-football/players/full/5223908.png
5223909,Misa Paiau,RB,https://a.espncdn.com/i/headshots/college-football/players/full/5223909.png
5223911,Malachi Brown,RB,https://a.espncdn.com/i/headshots/college-football/players/full/5223911.png
5223930,Ty Bourland,WR,https://a.espncdn.com/i/headshots/college-football/players/full/5223930.png
5223933,Alek Marshall,TE,https://a.espncdn.com/i/headshots/college-football/players/full/5223933.png
5223936,Cal Zimmerman,WR,https://a.espncdn.com/i/headshots/college-football/players/full/5223936.png
5223942,Tony Harste,WR,https://a.espncdn.com/i/headshots/college-football/players/full/5223942.png
5223975,Noah West-Baranco,TE,https://a.espncdn.com/i/headshots/college-football/players/full/5223975.png
5223978,Ryan Jezioro,WR,https://a.espncdn.com/i/headshots/college-football/players/full/5223978.png
5223979,Justus Durant,RB,https://a.espncdn.com/i/headshots/college-football/players/full/5223979.png
5223980,Journey Wyche,RB,https://a.espncdn.com/i/headshots/college-football/players/full/5223980.png
5223982,Josh Williams,WR,https://a.espncdn.com/i/headshots/college-football/players/full/5223982.png
5224007,Nathaniel Eberly-Rodriguez,TE,https://a.espncdn.com/i/headshots/college-football/players/full/5224007.png
5224008,John McIntyre,TE,https://a.espncdn.com/i/headshots/college-football/players/full/5224008.png
5224011,Baylor Hayes,QB,https://a.espncdn.com/i/headshots/college-football/players/full/5224011.png
5224017,Devin Ingram,RB,https://a.espncdn.com/i/headshots/college-football/players/full/5224017.png
5224046,Brett Spencer,RB,https://a.espncdn.com/i/headshots/college-football/players/full/5224046.png
5224050,Davis Harsin,QB,https://a.espncdn.com/i/headshots/college-football/players/full/5224050.png
5224055,Carson Sudbury,RB,https://a.espncdn.com/i/headshots/college-football/players/full/5224055.png
5224084,Trey Hedden,QB,https://a.espncdn.com/i/headshots/college-football/players/full/5224084.png
5224089,Devin Hester Jr.,WR,https://a.espncdn.com/i/headshots/college-football/players/full/5224089.png
5224094,Gavin Hall,RB,https://a.espncdn.com/i/headshots/college-football/players/full/5224094.png
5224119,Jade Kneeland,WR,https://a.espncdn.com/i/headshots/college-football/players/full/5224119.png
5224121,Corey Richardson,RB,https://a.espncdn.com/i/headshots/college-football/players/full/5224121.png
5224136,Jase Skoglund,TE,https://a.espncdn.com/i/headshots/college-football/players/full/5224136.png
5224142,Arlie Lee,WR,https://a.espncdn.com/i/headshots/college-football/players/full/5224142.png
5224165,Jackson Kostmayer,TE,https://a.espncdn.com/i/headshots/college-football/players/full/5224165.png
5224166,Kealen Juniel,TE,https://a.espncdn.com/i/headshots/college-football/players/full/5224166.png
5224178,Caleb Cunningham,WR,https://a.espncdn.com/i/headshots/college-football/players/full/5224178.png
5224196,Telly McCallister,RB,https://a.espncdn.com/i/headshots/college-football/players/full/5224196.png
5224198,Bryant Johnson Jr.,WR,https://a.espncdn.com/i/headshots/college-football/players/full/5224198.png
5224199,Jalen Montgomery,RB,https://a.espncdn.com/i/headshots/college-football/players/full/5224199.png
5224206,Brady Hensley,RB,https://a.espncdn.com/i/headshots/college-football/players/full/5224206.png
5224217,Marcus Calwise Jr.,WR,https://a.espncdn.com/i/headshots/college-football/players/full/5224217.png
5224218,T.J. Mitchell,WR,https://a.espncdn.com/i/headshots/college-football/players/full/5224218.png
5224219,Kyle Vaka,WR,https://a.espncdn.com/i/headshots/college-football/players/full/5224219.png
5224237,Whitt Newbauer,QB,https://a.espncdn.com/i/headshots/college-football/players/full/5224237.png
5224266,Zachary Lowe,WR,https://a.espncdn.com/i/headshots/college-football/players/full/5224266.png
5224273,Logan Collier,RB,https://a.espncdn.com/i/headshots/college-football/players/full/5224273.png
5224276,Jalen Fletcher,RB,https://a.espncdn.com/i/headshots/college-football/players/full/5224276.png
5224278,Roderick Taylor Jr.,RB,https://a.espncdn.com/i/headshots/college-football/players/full/5224278.png
5224307,Noah Gregg,WR,https://a.espncdn.com/i/headshots/college-football/players/full/5224307.png
5224310,Kingston Lowe,RB,https://a.espncdn.com/i/headshots/college-football/players/full/5224310.png
5224320,Jared Echols,QB,https://a.espncdn.com/i/headshots/college-football/players/full/5224320.png
5224321,Jamil Bishop,WR,https://a.espncdn.com/i/headshots/college-football/players/full/5224321.png
5224323,Brandon Musch,RB,https://a.espncdn.com/i/headshots/college-football/players/full/5224323.png
5224339,Angel Miles,RB,https://a.espncdn.com/i/headshots/college-football/players/full/5224339.png
5224354,Rashawn Cunningham,WR,https://a.espncdn.com/i/headshots/college-football/players/full/5224354.png
5224355,Nate Branch,WR,https://a.espncdn.com/i/headshots/college-football/players/full/5224355.png
5224356,Hasan Lee Jr.,TE,https://a.espncdn.com/i/headshots/college-football/players/full/5224356.png
5224364,Jabez Woods,WR,https://a.espncdn.com/i/headshots/college-football/players/full/5224364.png
5224371,Dane Steel,WR,https://a.espncdn.com/i/headshots/college-football/players/full/5224371.png
5224381,Rocky Lencioni,TE,https://a.espncdn.com/i/headshots/college-football/players/full/5224381.png
5224388,Shane Carr,WR,https://a.espncdn.com/i/headshots/college-football/players/full/5224388.png
5224396,Khameron Athy,RB,https://a.espncdn.com/i/headshots/college-football/players/full/5224396.png
5224414,David Spjut,WR,https://a.espncdn.com/i/headshots/college-football/players/full/5224414.png
5224435,Ken Cherry,RB,https://a.espncdn.com/i/headshots/college-football/players/full/5224435.png
5224444,Maddox McKim,WR,https://a.espncdn.com/i/headshots/college-football/players/full/5224444.png
5224446,Emerson Russell,RB,https://a.espncdn.com/i/headshots/college-football/players/full/5224446.png
5224455,Preston Bird,WR,https://a.espncdn.com/i/headshots/college-football/players/full/5224455.png
5224456,Nick Crayton,WR,https://a.espncdn.com/i/headshots/college-football/players/full/5224456.png
5224499,Jaden Pete,QB,https://a.espncdn.com/i/headshots/college-football/players/full/5224499.png
5224505,Tre Page III,RB,https://a.espncdn.com/i/headshots/college-football/players/full/5224505.png
5224560,Ace Chatman,RB,https://a.espncdn.com/i/headshots/college-football/players/full/5224560.png
5224562,Bronson Barben,QB,https://a.espncdn.com/i/headshots/college-football/players/full/5224562.png
5224573,Tru Tanner,WR,https://a.espncdn.com/i/headshots/college-football/players/full/5224573.png
5224707,Jordan Jackson,WR,https://a.espncdn.com/i/headshots/college-football/players/full/5224707.png
5224708,Qua Moss,RB,https://a.espncdn.com/i/headshots/college-football/players/full/5224708.png
5224714,Latrelle Murrell,RB,https://a.espncdn.com/i/headshots/college-football/players/full/5224714.png
5224715,Bryce Hicks,RB,https://a.espncdn.com/i/headshots/college-football/players/full/5224715.png
5224729,Colby Dixon,TE,https://a.espncdn.com/i/headshots/college-football/players/full/5224729.png
5224748,Jamarcus Prince,WR,https://a.espncdn.com/i/headshots/college-football/players/full/5224748.png
5224749,DK Daniel,WR,https://a.espncdn.com/i/headshots/college-football/players/full/5224749.png
5224762,Braden Streeter,QB,https://a.espncdn.com/i/headshots/college-football/players/full/5224762.png
5224764,Sean Wilson,WR,https://a.espncdn.com/i/headshots/college-football/players/full/5224764.png
5224766,Greg Spiller,RB,https://a.espncdn.com/i/headshots/college-football/players/full/5224766.png
5224772,Nick Tyree,WR,https://a.espncdn.com/i/headshots/college-football/players/full/5224772.png
5224783,Matthew McKinley-Daniels,WR,https://a.espncdn.com/i/headshots/college-football/players/full/5224783.png
5224785,Jackson Whitacre,TE,https://a.espncdn.com/i/headshots/college-football/players/full/5224785.png
5224789,Landen Clark,QB,https://a.espncdn.com/i/headshots/college-football/players/full/5224789.png
5224790,Isaiah Fuhrmann,WR,https://a.espncdn.com/i/headshots/college-football/players/full/5224790.png
5224792,TJ Thomas,RB,https://a.espncdn.com/i/headshots/college-football/players/full/5224792.png
5224795,Ross Smith,WR,https://a.espncdn.com/i/headshots/college-football/players/full/5224795.png
5225013,Rodshaun Dorsey,WR,https://a.espncdn.com/i/headshots/college-football/players/full/5225013.png
5225211,Brooks Davis,WR,https://a.espncdn.com/i/headshots/college-football/players/full/5225211.png
5225213,Malae Fonoti,RB,https://a.espncdn.com/i/headshots/college-football/players/full/5225213.png
5225217,Luke Flowers,QB,https://a.espncdn.com/i/headshots/college-football/players/full/5225217.png
5225221,Lekeldrick Bridges,WR,https://a.espncdn.com/i/headshots/college-football/players/full/5225221.png
5225249,Jarvis Rush,WR,https://a.espncdn.com/i/headshots/college-football/players/full/5225249.png
5225253,Luke Reed,RB,https://a.espncdn.com/i/headshots/college-football/players/full/5225253.png
5225256,Avery Book,RB,https://a.espncdn.com/i/headshots/college-football/players/full/5225256.png
5225271,Connor Wolf,QB,https://a.espncdn.com/i/headshots/college-football/players/full/5225271.png
5225273,Chris Caldwell,RB,https://a.espncdn.com/i/headshots/college-football/players/full/5225273.png
5225276,Jacarre Fleming,RB,https://a.espncdn.com/i/headshots/college-football/players/full/5225276.png
5225297,Alex Herrera,TE,https://a.espncdn.com/i/headshots/college-football/players/full/5225297.png
5225300,Landers Green,WR,https://a.espncdn.com/i/headshots/college-football/players/full/5225300.png
5225304,Cole Meehan,QB,https://a.espncdn.com/i/headshots/college-football/players/full/5225304.png
5225308,Dennis Morgan,WR,https://a.espncdn.com/i/headshots/college-football/players/full/5225308.png
5225330,Cade Callahan,TE,https://a.espncdn.com/i/headshots/college-football/players/full/5225330.png
5225335,Noah Grevious,WR,https://a.espncdn.com/i/headshots/college-football/players/full/5225335.png
5225336,Ethen Horne,WR,https://a.espncdn.com/i/headshots/college-football/players/full/5225336.png
5225337,Brady Hammonds,QB,https://a.espncdn.com/i/headshots/college-football/players/full/5225337.png
5225338,Asa Locks,RB,https://a.espncdn.com/i/headshots/college-football/players/full/5225338.png
5225341,JoJo Crump,QB,https://a.espncdn.com/i/headshots/college-football/players/full/5225341.png
5225343,Owen Sweeney,WR,https://a.espncdn.com/i/headshots/college-football/players/full/5225343.png
5225344,Kam Johnson,RB,https://a.espncdn.com/i/headshots/college-football/players/full/5225344.png
5225347,Aslin Shipe,RB,https://a.espncdn.com/i/headshots/college-football/players/full/5225347.png
5225349,Cole Varner,WR,https://a.espncdn.com/i/headshots/college-football/players/full/5225349.png
5225351,Leo Boehling,RB,https://a.espncdn.com/i/headshots/college-football/players/full/5225351.png
5225375,Malik McNeely,WR,https://a.espncdn.com/i/headshots/college-football/players/full/5225375.png
5225383,Tariq Thomas,RB,https://a.espncdn.com/i/headshots/college-football/players/full/5225383.png
5225389,Logan Bush,RB,https://a.espncdn.com/i/headshots/college-football/players/full/5225389.png
5225392,Michael Cadden,RB,https://a.espncdn.com/i/headshots/college-football/players/full/5225392.png
5225395,Jack Bohm-Squicciarini,TE,https://a.espncdn.com/i/headshots/college-football/players/full/5225395.png
5225397,Caden Allard,TE,https://a.espncdn.com/i/headshots/college-football/players/full/5225397.png
5225405,AJ Bosch,WR,https://a.espncdn.com/i/headshots/college-football/players/full/5225405.png
5225413,Ty Jones,RB,https://a.espncdn.com/i/headshots/college-football/players/full/5225413.png
5225414,Ty Pennington,QB,https://a.espncdn.com/i/headshots/college-football/players/full/5225414.png
5225416,Tay Lanier,WR,https://a.espncdn.com/i/headshots/college-football/players/full/5225416.png
5225418,Lathan Boone,QB,https://a.espncdn.com/i/headshots/college-football/players/full/5225418.png
5225419,Kolbe Katsis,WR,https://a.espncdn.com/i/headshots/college-football/players/full/5225419.png
5225424,Kaden Dixon,RB,https://a.espncdn.com/i/headshots/college-football/players/full/5225424.png
5225428,Kenveon Stone,RB,https://a.espncdn.com/i/headshots/college-football/players/full/5225428.png
5225435,Seth Cromwell,RB,https://a.espncdn.com/i/headshots/college-football/players/full/5225435.png
5225442,Evan Morris,WR,https://a.espncdn.com/i/headshots/college-football/players/full/5225442.png
5225457,Jeter Purdy,TE,https://a.espncdn.com/i/headshots/college-football/players/full/5225457.png
5225466,Anthony Lowe,WR,https://a.espncdn.com/i/headshots/college-football/players/full/5225466.png
5225469,Carson Gresock,RB,https://a.espncdn.com/i/headshots/college-football/players/full/5225469.png
5225473,Cole Schnieder,TE,https://a.espncdn.com/i/headshots/college-football/players/full/5225473.png
5225476,Aleks Sitkowski,TE,https://a.espncdn.com/i/headshots/college-football/players/full/5225476.png
5225481,Cole Fulton,RB,https://a.espncdn.com/i/headshots/college-football/players/full/5225481.png
5225499,Kam Phillips,WR,https://a.espncdn.com/i/headshots/college-football/players/full/5225499.png
5225509,Isaiah Johnson,WR,https://a.espncdn.com/i/headshots/college-football/players/full/5225509.png
5225510,James Randle,WR,https://a.espncdn.com/i/headshots/college-football/players/full/5225510.png
5225530,Austin Cunningham,WR,https://a.espncdn.com/i/headshots/college-football/players/full/5225530.png
5225532,Bode Burns,TE,https://a.espncdn.com/i/headshots/college-football/players/full/5225532.png
5225565,Jack Freeburg,WR,https://a.espncdn.com/i/headshots/college-football/players/full/5225565.png
5225571,Cru Newman,QB,https://a.espncdn.com/i/headshots/college-football/players/full/5225571.png
5225576,Tyrese Smith,QB,https://a.espncdn.com/i/headshots/college-football/players/full/5225576.png
5225582,Micah Avery,RB,https://a.espncdn.com/i/headshots/college-football/players/full/5225582.png
5225583,Andre Miller,WR,https://a.espncdn.com/i/headshots/college-football/players/full/5225583.png
5225594,Jordan Herron,WR,https://a.espncdn.com/i/headshots/college-football/players/full/5225594.png
5225610,Ivory Aikens,WR,https://a.espncdn.com/i/headshots/college-football/players/full/5225610.png
5225611,Isaiah Scott,WR,https://a.espncdn.com/i/headshots/college-football/players/full/5225611.png
5225612,Eric Handley,QB,https://a.espncdn.com/i/headshots/college-football/players/full/5225612.png
5225614,Isaiah Nell,RB,https://a.espncdn.com/i/headshots/college-football/players/full/5225614.png
5225646,Rico Bond,WR,https://a.espncdn.com/i/headshots/college-football/players/full/5225646.png
5225648,Pops Battle,QB,https://a.espncdn.com/i/headshots/college-football/players/full/5225648.png
5225700,Poochie Snyder,QB,https://a.espncdn.com/i/headshots/college-football/players/full/5225700.png
5225702,Cole Snider,RB,https://a.espncdn.com/i/headshots/college-football/players/full/5225702.png
5225703,Chuck Webb,RB,https://a.espncdn.com/i/headshots/college-football/players/full/5225703.png
5225710,Dean Hangey,WR,https://a.espncdn.com/i/headshots/college-football/players/full/5225710.png
5225717,Savion Hart,RB,https://a.espncdn.com/i/headshots/college-football/players/full/5225717.png
5225740,Tristan Smith,WR,https://a.espncdn.com/i/headshots/college-football/players/full/5225740.png
5225748,Payton Brown,RB,https://a.espncdn.com/i/headshots/college-football/players/full/5225748.png
5225767,Jacques Wyatt,WR,https://a.espncdn.com/i/headshots/college-football/players/full/5225767.png
5225775,Nazir Treadwell,RB,https://a.espncdn.com/i/headshots/college-football/players/full/5225775.png
5225792,Alijah Cason,WR,https://a.espncdn.com/i/headshots/college-football/players/full/5225792.png
5225794,SirCharles Gordon,WR,https://a.espncdn.com/i/headshots/college-football/players/full/5225794.png
5225797,Mason Kuehner,WR,https://a.espncdn.com/i/headshots/college-football/players/full/5225797.png
5225799,Jason Penza,QB,https://a.espncdn.com/i/headshots/college-football/players/full/5225799.png
5225800,Jakyre Henley,RB,https://a.espncdn.com/i/headshots/college-football/players/full/5225800.png
5225825,Jonathan Moyer,WR,https://a.espncdn.com/i/headshots/college-football/players/full/5225825.png
5225836,Ajon Bryant,WR,https://a.espncdn.com/i/headshots/college-football/players/full/5225836.png
5225837,Jordan Barton,QB,https://a.espncdn.com/i/headshots/college-football/players/full/5225837.png
5225846,Kyle Koontz,TE,https://a.espncdn.com/i/headshots/college-football/players/full/5225846.png
5225868,Gavin Nelson,TE,https://a.espncdn.com/i/headshots/college-football/players/full/5225868.png
5225879,Elijah Harris,RB,https://a.espncdn.com/i/headshots/college-football/players/full/5225879.png
5225880,Xai'Shaun Edwards,RB,https://a.espncdn.com/i/headshots/college-football/players/full/5225880.png
5225881,Terrell Bradshaw,WR,https://a.espncdn.com/i/headshots/college-football/players/full/5225881.png
5225901,Jaden Green,RB,https://a.espncdn.com/i/headshots/college-football/players/full/5225901.png
5225902,Hayden Johnson,QB,https://a.espncdn.com/i/headshots/college-football/players/full/5225902.png
5225903,Matt Machalik,QB,https://a.espncdn.com/i/headshots/college-football/players/full/5225903.png
5225904,Jamaire Harden,WR,https://a.espncdn.com/i/headshots/college-football/players/full/5225904.png
5225936,Jaden McGill,RB,https://a.espncdn.com/i/headshots/college-football/players/full/5225936.png
5225938,Snap Reed,WR,https://a.espncdn.com/i/headshots/college-football/players/full/5225938.png
5225961,Connor Ruth,TE,https://a.espncdn.com/i/headshots/college-football/players/full/5225961.png
5225968,Josh Lorick,WR,https://a.espncdn.com/i/headshots/college-football/players/full/5225968.png
5226019,Caden Pinnick,QB,https://a.espncdn.com/i/headshots/college-football/players/full/5226019.png
5226020,Stacy Dobbins,WR,https://a.espncdn.com/i/headshots/college-football/players/full/5226020.png
5226080,John David Black,QB,https://a.espncdn.com/i/headshots/college-football/players/full/5226080.png
5226083,Jason Dickerson,WR,https://a.espncdn.com/i/headshots/college-football/players/full/5226083.png
5226097,Tremel Jones,WR,https://a.espncdn.com/i/headshots/college-football/players/full/5226097.png
5226098,J.D. Dixon,WR,https://a.espncdn.com/i/headshots/college-football/players/full/5226098.png
5226100,D'Arious Reed,WR,https://a.espncdn.com/i/headshots/college-football/players/full/5226100.png
5226165,Chase Leon,RB,https://a.espncdn.com/i/headshots/college-football/players/full/5226165.png
5226191,Tyler Bonkowski,TE,https://a.espncdn.com/i/headshots/college-football/players/full/5226191.png
5226220,Anthony Carter,WR,https://a.espncdn.com/i/headshots/college-football/players/full/5226220.png
5226221,Deuce Oliver,WR,https://a.espncdn.com/i/headshots/college-football/players/full/5226221.png
5226228,Mariano Birdno,TE,https://a.espncdn.com/i/headshots/college-football/players/full/5226228.png
5226265,Brennan Myer,QB,https://a.espncdn.com/i/headshots/college-football/players/full/5226265.png
5226267,Zyheem Collick,WR,https://a.espncdn.com/i/headshots/college-football/players/full/5226267.png
5226304,Sterling Anderson,WR,https://a.espncdn.com/i/headshots/college-football/players/full/5226304.png
5226313,Matthew Henry,WR,https://a.espncdn.com/i/headshots/college-football/players/full/5226313.png
5226314,Eli Aragon,WR,https://a.espncdn.com/i/headshots/college-football/players/full/5226314.png
5226315,Demari Davis,WR,https://a.espncdn.com/i/headshots/college-football/players/full/5226315.png
5226318,Avery Knight,RB,https://a.espncdn.com/i/headshots/college-football/players/full/5226318.png
5226320,Cam Edwards,WR,https://a.espncdn.com/i/headshots/college-football/players/full/5226320.png
5226322,Tanner Zolnosky,QB,https://a.espncdn.com/i/headshots/college-football/players/full/5226322.png
5226329,Aric Johnson,WR,https://a.espncdn.com/i/headshots/college-football/players/full/5226329.png
5226353,Tristin Duncan,WR,https://a.espncdn.com/i/headshots/college-football/players/full/5226353.png
5226365,Alex Flores,QB,https://a.espncdn.com/i/headshots/college-football/players/full/5226365.png
5226368,Devin Lippold,QB,https://a.espncdn.com/i/headshots/college-football/players/full/5226368.png
5226371,Bryce Strong,RB,https://a.espncdn.com/i/headshots/college-football/players/full/5226371.png
5226374,Jaylen Thompson,RB,https://a.espncdn.com/i/headshots/college-football/players/full/5226374.png
5226453,Brennan Ridley,WR,https://a.espncdn.com/i/headshots/college-football/players/full/5226453.png
5226483,Ryan Ricketti,WR,https://a.espncdn.com/i/headshots/college-football/players/full/5226483.png
5226511,Gary Givens,WR,https://a.espncdn.com/i/headshots/college-football/players/full/5226511.png
5226521,Preston Welch,QB,https://a.espncdn.com/i/headshots/college-football/players/full/5226521.png
5226523,Miequle Brock Jr.,RB,https://a.espncdn.com/i/headshots/college-football/players/full/5226523.png
5226526,Shane Lee,RB,https://a.espncdn.com/i/headshots/college-football/players/full/5226526.png
5226530,Brian McQuaide,WR,https://a.espncdn.com/i/headshots/college-football/players/full/5226530.png
5226550,Khristian Lando,RB,https://a.espncdn.com/i/headshots/college-football/players/full/5226550.png
5226551,Jalen Likely,RB,https://a.espncdn.com/i/headshots/college-football/players/full/5226551.png
5226568,Jawaun Campbell,RB,https://a.espncdn.com/i/headshots/college-football/players/full/5226568.png
5226573,Shammai Gates,RB,https://a.espncdn.com/i/headshots/college-football/players/full/5226573.png
5226582,Ty Moore,WR,https://a.espncdn.com/i/headshots/college-football/players/full/5226582.png
5226584,Camryn Davis,WR,https://a.espncdn.com/i/headshots/college-football/players/full/5226584.png
5226585,Abram Johnston,QB,https://a.espncdn.com/i/headshots/college-football/players/full/5226585.png
5226587,Zay Davis,RB,https://a.espncdn.com/i/headshots/college-football/players/full/5226587.png
5226588,Ray Mckneely-Harris,RB,https://a.espncdn.com/i/headshots/college-football/players/full/5226588.png
5226590,Jeremiah James,RB,https://a.espncdn.com/i/headshots/college-football/players/full/5226590.png
5226593,Ben Buisson,WR,https://a.espncdn.com/i/headshots/college-football/players/full/5226593.png
5226604,Ryan Tyler,TE,https://a.espncdn.com/i/headshots/college-football/players/full/5226604.png
5226624,Matt Gower,TE,https://a.espncdn.com/i/headshots/college-football/players/full/5226624.png
5226630,Ty'ee Stephens,WR,https://a.espncdn.com/i/headshots/college-football/players/full/5226630.png
5226632,Eddie Buehler,QB,https://a.espncdn.com/i/headshots/college-football/players/full/5226632.png
5226635,Rashawn Marshall,RB,https://a.espncdn.com/i/headshots/college-football/players/full/5226635.png
5226663,Frankie Weaver,QB,https://a.espncdn.com/i/headshots/college-football/players/full/5226663.png
5226671,Elijah Jennings,RB,https://a.espncdn.com/i/headshots/college-football/players/full/5226671.png
5226676,Luke McAuliffe,WR,https://a.espncdn.com/i/headshots/college-football/players/full/5226676.png
5226704,Tommy McLeish,QB,https://a.espncdn.com/i/headshots/college-football/players/full/5226704.png
5226721,Logan Perez,WR,https://a.espncdn.com/i/headshots/college-football/players/full/5226721.png
5226756,Dkhai Joseph,WR,https://a.espncdn.com/i/headshots/college-football/players/full/5226756.png
5226758,Adyn Wilkinson,TE,https://a.espncdn.com/i/headshots/college-football/players/full/5226758.png
5226760,Darnell O'Quinn,WR,https://a.espncdn.com/i/headshots/college-football/players/full/5226760.png
5226767,Cortez Lane,WR,https://a.espncdn.com/i/headshots/college-football/players/full/5226767.png
5226768,Braxton Thomas,QB,https://a.espncdn.com/i/headshots/college-football/players/full/5226768.png
5226812,Alex McClelland,QB,https://a.espncdn.com/i/headshots/college-football/players/full/5226812.png
5226827,Andrew King,RB,https://a.espncdn.com/i/headshots/college-football/players/full/5226827.png
5226828,Isaiah Dawson,WR,https://a.espncdn.com/i/headshots/college-football/players/full/5226828.png
5226845,Andreas Hill,WR,https://a.espncdn.com/i/headshots/college-football/players/full/5226845.png
5226888,Stanley Jackson Jr.,RB,https://a.espncdn.com/i/headshots/college-football/players/full/5226888.png
5226895,Malachi Marshall,QB,https://a.espncdn.com/i/headshots/college-football/players/full/5226895.png
5226896,Quinn Boyd,QB,https://a.espncdn.com/i/headshots/college-football/players/full/5226896.png
5226917,Winston Watkins,QB,https://a.espncdn.com/i/headshots/college-football/players/full/5226917.png
5226922,Kahseim Phillips,RB,https://a.espncdn.com/i/headshots/college-football/players/full/5226922.png
5226938,Jacob Zollar,WR,https://a.espncdn.com/i/headshots/college-football/players/full/5226938.png
5226940,Cleveland Charlton,WR,https://a.espncdn.com/i/headshots/college-football/players/full/5226940.png
5226946,Dylan Mills,QB,https://a.espncdn.com/i/headshots/college-football/players/full/5226946.png
5226947,Lucas Kopecky,WR,https://a.espncdn.com/i/headshots/college-football/players/full/5226947.png
5226949,David Avit,RB,https://a.espncdn.com/i/headshots/college-football/players/full/5226949.png
5226956,Ralee Stephens,WR,https://a.espncdn.com/i/headshots/college-football/players/full/5226956.png
5226961,Chris Colby,WR,https://a.espncdn.com/i/headshots/college-football/players/full/5226961.png
5226962,Brandon Binkowski,WR,https://a.espncdn.com/i/headshots/college-football/players/full/5226962.png
5226970,Brennan Burton,WR,https://a.espncdn.com/i/headshots/college-football/players/full/5226970.png
5226983,Nick Thomas,WR,https://a.espncdn.com/i/headshots/college-football/players/full/5226983.png
5226985,Jack Whitehouse,RB,https://a.espncdn.com/i/headshots/college-football/players/full/5226985.png
5226993,Jor'dyn Whitelaw,RB,https://a.espncdn.com/i/headshots/college-football/players/full/5226993.png
5226996,Josh Miller,RB,https://a.espncdn.com/i/headshots/college-football/players/full/5226996.png
5227005,Armon Wright,WR,https://a.espncdn.com/i/headshots/college-football/players/full/5227005.png
5227018,Mekhi Nelson,RB,https://a.espncdn.com/i/headshots/college-football/players/full/5227018.png
5227043,Sean O'Brien,TE,https://a.espncdn.com/i/headshots/college-football/players/full/5227043.png
5227056,James Hayes,QB,https://a.espncdn.com/i/headshots/college-football/players/full/5227056.png
5227057,Jalen Jones,WR,https://a.espncdn.com/i/headshots/college-football/players/full/5227057.png
5227061,Jamarie Hostzclaw,RB,https://a.espncdn.com/i/headshots/college-football/players/full/5227061.png
5227064,Ashton Ashford,RB,https://a.espncdn.com/i/headshots/college-football/players/full/5227064.png
5227098,Bakari McCall,WR,https://a.espncdn.com/i/headshots/college-football/players/full/5227098.png
5227101,Cameron Stewart,RB,https://a.espncdn.com/i/headshots/college-football/players/full/5227101.png
5227106,Logan Kushner,QB,https://a.espncdn.com/i/headshots/college-football/players/full/5227106.png
5227107,Khiryn Boyd,WR,https://a.espncdn.com/i/headshots/college-football/players/full/5227107.png
5227111,Dazhaun Hopkins,RB,https://a.espncdn.com/i/headshots/college-football/players/full/5227111.png
5227112,Caleb Jones,RB,https://a.espncdn.com/i/headshots/college-football/players/full/5227112.png
5227113,Anthony Bonner,RB,https://a.espncdn.com/i/headshots/college-football/players/full/5227113.png
5227114,Tyler Glover,TE,https://a.espncdn.com/i/headshots/college-football/players/full/5227114.png
5227139,Erik Sanchez,RB,https://a.espncdn.com/i/headshots/college-football/players/full/5227139.png
5227159,Damar Jackson,TE,https://a.espncdn.com/i/headshots/college-football/players/full/5227159.png
5227164,Julian White,WR,https://a.espncdn.com/i/headshots/college-football/players/full/5227164.png
5227169,Keino Fitzpatrick II,WR,https://a.espncdn.com/i/headshots/college-football/players/full/5227169.png
5227175,Taj Dyches,RB,https://a.espncdn.com/i/headshots/college-football/players/full/5227175.png
5227208,Travis Kerney,RB,https://a.espncdn.com/i/headshots/college-football/players/full/5227208.png
5227209,Anthony Reagan Jr.,RB,https://a.espncdn.com/i/headshots/college-football/players/full/5227209.png
5227210,Billy Roberson II,RB,https://a.espncdn.com/i/headshots/college-football/players/full/5227210.png
5227231,KD Mosley,TE,https://a.espncdn.com/i/headshots/college-football/players/full/5227231.png
5227245,Bobby Cameron,WR,https://a.espncdn.com/i/headshots/college-football/players/full/5227245.png
5227257,Markell Holman,RB,https://a.espncdn.com/i/headshots/college-football/players/full/5227257.png
5227266,Caron Madison,RB,https://a.espncdn.com/i/headshots/college-football/players/full/5227266.png
5227278,Harrison Snyder,RB,https://a.espncdn.com/i/headshots/college-football/players/full/5227278.png
5227295,Justin Squire,WR,https://a.espncdn.com/i/headshots/college-football/players/full/5227295.png
5227298,Jordan Edwards,WR,https://a.espncdn.com/i/headshots/college-football/players/full/5227298.png
5227299,Armand Burris,WR,https://a.espncdn.com/i/headshots/college-football/players/full/5227299.png
5227302,Jack Stevens,QB,https://a.espncdn.com/i/headshots/college-football/players/full/5227302.png
5227305,Julio Tatis,RB,https://a.espncdn.com/i/headshots/college-football/players/full/5227305.png
5227306,Matt Morad,RB,https://a.espncdn.com/i/headshots/college-football/players/full/5227306.png
5227318,Johans Bars,TE,https://a.espncdn.com/i/headshots/college-football/players/full/5227318.png
5227333,Terrell Crawley,RB,https://a.espncdn.com/i/headshots/college-football/players/full/5227333.png
5227351,Cristian Pinto,QB,https://a.espncdn.com/i/headshots/college-football/players/full/5227351.png
5227354,Andrew Ransome,RB,https://a.espncdn.com/i/headshots/college-football/players/full/5227354.png
5227363,Jawon Hall,WR,https://a.espncdn.com/i/headshots/college-football/players/full/5227363.png
5227371,Antuan Gardner,RB,https://a.espncdn.com/i/headshots/college-football/players/full/5227371.png
5227396,Ja'Naylon Dupree,WR,https://a.espncdn.com/i/headshots/college-football/players/full/5227396.png
5227400,Travis Terrell Jr.,RB,https://a.espncdn.com/i/headshots/college-football/players/full/5227400.png
5227425,Parker Stofa,QB,https://a.espncdn.com/i/headshots/college-football/players/full/5227425.png
5227430,Kobe Muasau,QB,https://a.espncdn.com/i/headshots/college-football/players/full/5227430.png
5227447,Ferdinand Nyivih,WR,https://a.espncdn.com/i/headshots/college-football/players/full/5227447.png
5227484,Kiron Benjamin,RB,https://a.espncdn.com/i/headshots/college-football/players/full/5227484.png
5227486,Jalen Daniels,QB,https://a.espncdn.com/i/headshots/college-football/players/full/5227486.png
5227492,Jacquez Jones,WR,https://a.espncdn.com/i/headshots/college-football/players/full/5227492.png
5227500,Jaylen Parham,RB,https://a.espncdn.com/i/headshots/college-football/players/full/5227500.png
5227504,Kam'Ryn Thomas,WR,https://a.espncdn.com/i/headshots/college-football/players/full/5227504.png
5227539,Cam Barmore,TE,https://a.espncdn.com/i/headshots/college-football/players/full/5227539.png
5227557,Alex Gevaudan,QB,https://a.espncdn.com/i/headshots/college-football/players/full/5227557.png
5227586,Amare Lattimore,WR,https://a.espncdn.com/i/headshots/college-football/players/full/5227586.png
5227589,Ryan Miller,RB,https://a.espncdn.com/i/headshots/college-football/players/full/5227589.png
5227591,Ethen Knox,RB,https://a.espncdn.com/i/headshots/college-football/players/full/5227591.png
5227633,Evan Van Dyke,WR,https://a.espncdn.com/i/headshots/college-football/players/full/5227633.png
5227656,Javion Martin,QB,https://a.espncdn.com/i/headshots/college-football/players/full/5227656.png
5227658,Zion Dobson,RB,https://a.espncdn.com/i/headshots/college-football/players/full/5227658.png
5227681,Cameron Peters,QB,https://a.espncdn.com/i/headshots/college-football/players/full/5227681.png
5227685,Rodny Ojo,WR,https://a.espncdn.com/i/headshots/college-football/players/full/5227685.png
5227686,Chase Bingmon,RB,https://a.espncdn.com/i/headshots/college-football/players/full/5227686.png
5227699,Beckham Pellant,QB,https://a.espncdn.com/i/headshots/college-football/players/full/5227699.png
5227704,Dylan Lord,WR,https://a.espncdn.com/i/headshots/college-football/players/full/5227704.png
5227709,Matt Lawson,RB,https://a.espncdn.com/i/headshots/college-football/players/full/5227709.png
5227723,Luke Mailander,WR,https://a.espncdn.com/i/headshots/college-football/players/full/5227723.png
5227732,Shen Butler-Lawson,RB,https://a.espncdn.com/i/headshots/college-football/players/full/5227732.png
5227733,Brock Riddle,QB,https://a.espncdn.com/i/headshots/college-football/players/full/5227733.png
5227734,Torey French,WR,https://a.espncdn.com/i/headshots/college-football/players/full/5227734.png
5227742,Nick Osho,RB,https://a.espncdn.com/i/headshots/college-football/players/full/5227742.png
5227762,Athean Renfro,RB,https://a.espncdn.com/i/headshots/college-football/players/full/5227762.png
5227765,Braylon Harmon,WR,https://a.espncdn.com/i/headshots/college-football/players/full/5227765.png
5227766,Elijah Leonard,QB,https://a.espncdn.com/i/headshots/college-football/players/full/5227766.png
5227770,Brendon McQueen,WR,https://a.espncdn.com/i/headshots/college-football/players/full/5227770.png
5227774,Stewart McDonald,RB,https://a.espncdn.com/i/headshots/college-football/players/full/5227774.png
5227784,Jeron Askren,TE,https://a.espncdn.com/i/headshots/college-football/players/full/5227784.png
5227785,Tae Marrero Jr.,WR,https://a.espncdn.com/i/headshots/college-football/players/full/5227785.png
5227786,Jake Curry,QB,https://a.espncdn.com/i/headshots/college-football/players/full/5227786.png
5227788,ET Harris,WR,https://a.espncdn.com/i/headshots/college-football/players/full/5227788.png
5227793,Jerrian Parker Jr.,RB,https://a.espncdn.com/i/headshots/college-football/players/full/5227793.png
5227804,Karsen Konkel,TE,https://a.espncdn.com/i/headshots/college-football/players/full/5227804.png
5227812,Jack Smith,WR,https://a.espncdn.com/i/headshots/college-football/players/full/5227812.png
5227814,Maxwell Woods,RB,https://a.espncdn.com/i/headshots/college-football/players/full/5227814.png
5227824,Beau Baker,TE,https://a.espncdn.com/i/headshots/college-football/players/full/5227824.png
5227838,Lofton O'Groske,WR,https://a.espncdn.com/i/headshots/college-football/players/full/5227838.png
5227845,LJ Green,WR,https://a.espncdn.com/i/headshots/college-football/players/full/5227845.png
5227849,Jordan Washington,RB,https://a.espncdn.com/i/headshots/college-football/players/full/5227849.png
5227852,Cam Young,RB,https://a.espncdn.com/i/headshots/college-football/players/full/5227852.png
5227853,Tyrell Campbell,RB,https://a.espncdn.com/i/headshots/college-football/players/full/5227853.png
5227854,Baxter Wright,QB,https://a.espncdn.com/i/headshots/college-football/players/full/5227854.png
5227872,Deng Deng,WR,https://a.espncdn.com/i/headshots/college-football/players/full/5227872.png
5227911,DeQuadrion Welch,WR,https://a.espncdn.com/i/headshots/college-football/players/full/5227911.png
5227917,Kolton Nero,RB,https://a.espncdn.com/i/headshots/college-football/players/full/5227917.png
5227933,Donovan Price,TE,https://a.espncdn.com/i/headshots/college-football/players/full/5227933.png
5227941,Keyondray Jones-Logan,RB,https://a.espncdn.com/i/headshots/college-football/players/full/5227941.png
5227966,Ben Gordon,WR,https://a.espncdn.com/i/headshots/college-football/players/full/5227966.png
5227968,Cale McThenia,QB,https://a.espncdn.com/i/headshots/college-football/players/full/5227968.png
5227974,Kaden Amigon-Suiter,RB,https://a.espncdn.com/i/headshots/college-football/players/full/5227974.png
5227992,Briggs Hughston,TE,https://a.espncdn.com/i/headshots/college-football/players/full/5227992.png
5227998,Roman Mothershed,WR,https://a.espncdn.com/i/headshots/college-football/players/full/5227998.png
5228002,Jackson Williams,WR,https://a.espncdn.com/i/headshots/college-football/players/full/5228002.png
5228004,Isiah St. Romain,WR,https://a.espncdn.com/i/headshots/college-football/players/full/5228004.png
5228015,Reis Kessel,TE,https://a.espncdn.com/i/headshots/college-football/players/full/5228015.png
5228026,Logan Conklin,WR,https://a.espncdn.com/i/headshots/college-football/players/full/5228026.png
5228031,Fidel Pitts,WR,https://a.espncdn.com/i/headshots/college-football/players/full/5228031.png
5228036,Kyle Miller,WR,https://a.espncdn.com/i/headshots/college-football/players/full/5228036.png
5228041,Carson Kolb,TE,https://a.espncdn.com/i/headshots/college-football/players/full/5228041.png
5228126,Ray Daly Jr.,WR,https://a.espncdn.com/i/headshots/college-football/players/full/5228126.png
5228130,Ramarian Tillman,RB,https://a.espncdn.com/i/headshots/college-football/players/full/5228130.png
5228149,Mackenzie Alleyne,WR,https://a.espncdn.com/i/headshots/college-football/players/full/5228149.png
5228607,Demon June,RB,https://a.espncdn.com/i/headshots/college-football/players/full/5228607.png
5228645,Jake Davids,RB,https://a.espncdn.com/i/headshots/college-football/players/full/5228645.png
5228646,Rod Gainey Jr.,RB,https://a.espncdn.com/i/headshots/college-football/players/full/5228646.png
5228759,Dillon Galloway,TE,https://a.espncdn.com/i/headshots/college-football/players/full/5228759.png
5228760,Derrick Eley,WR,https://a.espncdn.com/i/headshots/college-football/players/full/5228760.png
5228761,Max Rodarte,WR,https://a.espncdn.com/i/headshots/college-football/players/full/5228761.png
5228762,Nick Poulos,QB,https://a.espncdn.com/i/headshots/college-football/players/full/5228762.png
5228764,Riley Neer,WR,https://a.espncdn.com/i/headshots/college-football/players/full/5228764.png
5228783,AJ Miller,TE,https://a.espncdn.com/i/headshots/college-football/players/full/5228783.png
5228799,Kader Diop,WR,https://a.espncdn.com/i/headshots/college-football/players/full/5228799.png
5228804,James Laubstein,QB,https://a.espncdn.com/i/headshots/college-football/players/full/5228804.png
5228817,Clayton Wayland,WR,https://a.espncdn.com/i/headshots/college-football/players/full/5228817.png
5228882,Ryder Treadway,WR,https://a.espncdn.com/i/headshots/college-football/players/full/5228882.png
5228911,Sir Autry,RB,https://a.espncdn.com/i/headshots/college-football/players/full/5228911.png
5229124,Ravian Larry,RB,https://a.espncdn.com/i/headshots/college-football/players/full/5229124.png
5229222,Jojo Uga,RB,https://a.espncdn.com/i/headshots/college-football/players/full/5229222.png
5229237,Tavahri Groves,WR,https://a.espncdn.com/i/headshots/college-football/players/full/5229237.png
5229295,Drew Eason,QB,https://a.espncdn.com/i/headshots/college-football/players/full/5229295.png
5229312,Kevin Sheridan,TE,https://a.espncdn.com/i/headshots/college-football/players/full/5229312.png
5229332,Grant Hollier,TE,https://a.espncdn.com/i/headshots/college-football/players/full/5229332.png
5229348,Hezekiah Millender,QB,https://a.espncdn.com/i/headshots/college-football/players/full/5229348.png
5229487,Kristian Gammage,WR,https://a.espncdn.com/i/headshots/college-football/players/full/5229487.png
5229489,JV Gibson,WR,https://a.espncdn.com/i/headshots/college-football/players/full/5229489.png
5229490,Landon Holcomb,QB,https://a.espncdn.com/i/headshots/college-football/players/full/5229490.png
5229495,D'Avery Robinson,WR,https://a.espncdn.com/i/headshots/college-football/players/full/5229495.png
5229538,Bryan Wilson,RB,
5229543,JJ Cowan,RB,https://a.espncdn.com/i/headshots/college-football/players/full/5229543.png
5229555,Hans Wisnewski,WR,https://a.espncdn.com/i/headshots/college-football/players/full/5229555.png
5229557,Randall King,WR,https://a.espncdn.com/i/headshots/college-football/players/full/5229557.png
5229571,Tarell Short Jr.,WR,https://a.espncdn.com/i/headshots/college-football/players/full/5229571.png
5229572,Dennis Palmer,RB,https://a.espncdn.com/i/headshots/college-football/players/full/5229572.png
5229589,Javon Ross,WR,https://a.espncdn.com/i/headshots/college-football/players/full/5229589.png
5229597,Nate Rembert,WR,https://a.espncdn.com/i/headshots/college-football/players/full/5229597.png
5229612,Nick Stephens,RB,https://a.espncdn.com/i/headshots/college-football/players/full/5229612.png
5229947,Davion Godley,RB,https://a.espncdn.com/i/headshots/college-football/players/full/5229947.png
5229953,Aidan O'Callaghan,TE,https://a.espncdn.com/i/headshots/college-football/players/full/5229953.png
5229955,Oscar Doyle,RB,https://a.espncdn.com/i/headshots/college-football/players/full/5229955.png
5229961,Mason York,WR,https://a.espncdn.com/i/headshots/college-football/players/full/5229961.png
5229962,Noah Kjar,WR,https://a.espncdn.com/i/headshots/college-football/players/full/5229962.png
5229987,Mathias Price,RB,https://a.espncdn.com/i/headshots/college-football/players/full/5229987.png
5230012,Kobe Kossak,WR,https://a.espncdn.com/i/headshots/college-football/players/full/5230012.png
5230031,Tyselle Spencer,RB,https://a.espncdn.com/i/headshots/college-football/players/full/5230031.png
5230035,Evan Brooks,WR,https://a.espncdn.com/i/headshots/college-football/players/full/5230035.png
5230037,Jaiden Dozier,TE,https://a.espncdn.com/i/headshots/college-football/players/full/5230037.png
5230038,Cory Nichols,WR,https://a.espncdn.com/i/headshots/college-football/players/full/5230038.png
5230050,Braylon Knauth,WR,https://a.espncdn.com/i/headshots/college-football/players/full/5230050.png
5230060,Sebastien Boyle,RB,https://a.espncdn.com/i/headshots/college-football/players/full/5230060.png
5230073,Cobey Thompkins,QB,https://a.espncdn.com/i/headshots/college-football/players/full/5230073.png
5230090,Rhyder Poppell,RB,https://a.espncdn.com/i/headshots/college-football/players/full/5230090.png
5230098,Ron Peace,QB,https://a.espncdn.com/i/headshots/college-football/players/full/5230098.png
5230099,Will Madonna,QB,https://a.espncdn.com/i/headshots/college-football/players/full/5230099.png
5230100,Nick Johnson,WR,https://a.espncdn.com/i/headshots/college-football/players/full/5230100.png
5230101,Dayan Bilbo,WR,https://a.espncdn.com/i/headshots/college-football/players/full/5230101.png
5230102,Jared Wilson,WR,https://a.espncdn.com/i/headshots/college-football/players/full/5230102.png
5230105,Tyler Daniels,WR,https://a.espncdn.com/i/headshots/college-football/players/full/5230105.png
5230106,JaiSean McMillian,RB,https://a.espncdn.com/i/headshots/college-football/players/full/5230106.png
5230109,Austin Iglesias,WR,https://a.espncdn.com/i/headshots/college-football/players/full/5230109.png
5230112,Major McBride,RB,https://a.espncdn.com/i/headshots/college-football/players/full/5230112.png
5230123,Drew Allison,WR,https://a.espncdn.com/i/headshots/college-football/players/full/5230123.png
5230124,Dayeton Sweeting,WR,https://a.espncdn.com/i/headshots/college-football/players/full/5230124.png
5230140,Paul Odidi,WR,https://a.espncdn.com/i/headshots/college-football/players/full/5230140.png
5230175,Jordan Bride,WR,https://a.espncdn.com/i/headshots/college-football/players/full/5230175.png
5230176,Keith Jones Jr.,WR,https://a.espncdn.com/i/headshots/college-football/players/full/5230176.png
5230177,Andre Crews,RB,https://a.espncdn.com/i/headshots/college-football/players/full/5230177.png
5230180,Tony Phillips,RB,https://a.espncdn.com/i/headshots/college-football/players/full/5230180.png
5230183,Tyson George,WR,https://a.espncdn.com/i/headshots/college-football/players/full/5230183.png
5230240,Mason Bray,QB,https://a.espncdn.com/i/headshots/college-football/players/full/5230240.png
5230274,Titus Bautista,RB,https://a.espncdn.com/i/headshots/college-football/players/full/5230274.png
5230294,DJ Singleton,WR,https://a.espncdn.com/i/headshots/college-football/players/full/5230294.png
5230376,Aaron Enterline,WR,https://a.espncdn.com/i/headshots/college-football/players/full/5230376.png
5230757,Andre Brown,WR,https://a.espncdn.com/i/headshots/college-football/players/full/5230757.png
5230762,Amani Givens,RB,https://a.espncdn.com/i/headshots/college-football/players/full/5230762.png
5230777,Xavier Phipps,TE,https://a.espncdn.com/i/headshots/college-football/players/full/5230777.png
5230871,Skyler Jackson,RB,https://a.espncdn.com/i/headshots/college-football/players/full/5230871.png
5230884,Jason Gabriel,RB,https://a.espncdn.com/i/headshots/college-football/players/full/5230884.png
5230909,Kobe Brown,WR,https://a.espncdn.com/i/headshots/college-football/players/full/5230909.png
5230932,Daryl Barnett Jr.,WR,https://a.espncdn.com/i/headshots/college-football/players/full/5230932.png
5230950,Will Hook,TE,https://a.espncdn.com/i/headshots/college-football/players/full/5230950.png
5231029,James Allen,RB,https://a.espncdn.com/i/headshots/college-football/players/full/5231029.png
5231037,Isaac Lee,QB,https://a.espncdn.com/i/headshots/college-football/players/full/5231037.png
5231044,Troy Marquez,RB,https://a.espncdn.com/i/headshots/college-football/players/full/5231044.png
5231055,BJ Atkins,WR,https://a.espncdn.com/i/headshots/college-football/players/full/5231055.png
5231064,Justin Montgomery,RB,https://a.espncdn.com/i/headshots/college-football/players/full/5231064.png
5231087,Chris Vickerson,TE,https://a.espncdn.com/i/headshots/college-football/players/full/5231087.png
5231119,Christian Vann,RB,https://a.espncdn.com/i/headshots/college-football/players/full/5231119.png
5231141,Aaron Duncan II,WR,https://a.espncdn.com/i/headshots/college-football/players/full/5231141.png
5231181,Shane Kelley,WR,https://a.espncdn.com/i/headshots/college-football/players/full/5231181.png
5231307,Justin Hill,WR,https://a.espncdn.com/i/headshots/college-football/players/full/5231307.png
5231313,Tayvonne Miller,RB,https://a.espncdn.com/i/headshots/college-football/players/full/5231313.png
5231323,Christian Smith,RB,https://a.espncdn.com/i/headshots/college-football/players/full/5231323.png
5231332,Jamar Kaho Jr,WR,https://a.espncdn.com/i/headshots/college-football/players/full/5231332.png
5231354,Caden High,WR,https://a.espncdn.com/i/headshots/college-football/players/full/5231354.png
5231357,Deondra Duehart,RB,https://a.espncdn.com/i/headshots/college-football/players/full/5231357.png
5231359,Deyandre Ruffin,WR,https://a.espncdn.com/i/headshots/college-football/players/full/5231359.png
5231360,Nicholas Sowell,WR,https://a.espncdn.com/i/headshots/college-football/players/full/5231360.png
5231371,Ka'Von Chisolm,RB,https://a.espncdn.com/i/headshots/college-football/players/full/5231371.png
5231378,Darius Thompson,WR,https://a.espncdn.com/i/headshots/college-football/players/full/5231378.png
5231612,Jake Croce,RB,https://a.espncdn.com/i/headshots/college-football/players/full/5231612.png
5231910,Deablo Mcgee,WR,https://a.espncdn.com/i/headshots/college-football/players/full/5231910.png
5232040,Dae'Jeaun Dennis,RB,https://a.espncdn.com/i/headshots/college-football/players/full/5232040.png
5232049,Raymond Moore III,QB,https://a.espncdn.com/i/headshots/college-football/players/full/5232049.png
5232063,Quay Kindell,WR,https://a.espncdn.com/i/headshots/college-football/players/full/5232063.png
5232065,Nasir Hennigan,RB,https://a.espncdn.com/i/headshots/college-football/players/full/5232065.png
5232131,KJ Cooper,QB,https://a.espncdn.com/i/headshots/college-football/players/full/5232131.png
5232134,Danny Green Jr.,RB,https://a.espncdn.com/i/headshots/college-football/players/full/5232134.png
5232179,Jalen Smith,RB,https://a.espncdn.com/i/headshots/college-football/players/full/5232179.png
5232189,Nicholas Howard,WR,https://a.espncdn.com/i/headshots/college-football/players/full/5232189.png
5232343,RJ Vick,WR,https://a.espncdn.com/i/headshots/college-football/players/full/5232343.png
5232359,Keon Davis,WR,https://a.espncdn.com/i/headshots/college-football/players/full/5232359.png
5232470,Jameer Muhammad,RB,https://a.espncdn.com/i/headshots/college-football/players/full/5232470.png
5233015,Cian McKelvey,RB,https://a.espncdn.com/i/headshots/college-football/players/full/5233015.png
5233016,King Miller,RB,https://a.espncdn.com/i/headshots/college-football/players/full/5233016.png
5233062,Jaylen Middleton,RB,https://a.espncdn.com/i/headshots/college-football/players/full/5233062.png
5233218,Dwayne Simmons,WR,
5233868,Lanear McCrary Jr.,RB,https://a.espncdn.com/i/headshots/college-football/players/full/5233868.png
5233877,TJ Holmes,WR,https://a.espncdn.com/i/headshots/college-football/players/full/5233877.png
5233879,Josh Brown,QB,https://a.espncdn.com/i/headshots/college-football/players/full/5233879.png
5234086,Triston Morgan,RB,https://a.espncdn.com/i/headshots/college-football/players/full/5234086.png
5234396,Austyn Howe,WR,https://a.espncdn.com/i/headshots/college-football/players/full/5234396.png
5234751,Kordell Rodgers,WR,https://a.espncdn.com/i/headshots/college-football/players/full/5234751.png
5235634,Mike Franklin,RB,https://a.espncdn.com/i/headshots/college-football/players/full/5235634.png
5235663,Tre Bradford,RB,https://a.espncdn.com/i/headshots/college-football/players/full/5235663.png
5236210,Jackson Verdugo,TE,https://a.espncdn.com/i/headshots/college-football/players/full/5236210.png
5236220,Kellen Wiley Jr.,WR,https://a.espncdn.com/i/headshots/college-football/players/full/5236220.png
5236321,Tucker Cusano,WR,https://a.espncdn.com/i/headshots/college-football/players/full/5236321.png
5236325,Payton Matthews,WR,https://a.espncdn.com/i/headshots/college-football/players/full/5236325.png
5236366,Phillip Folmar,WR,https://a.espncdn.com/i/headshots/college-football/players/full/5236366.png
5236367,Michael Gelatko,TE,https://a.espncdn.com/i/headshots/college-football/players/full/5236367.png
5236380,Irving Brown,RB,https://a.espncdn.com/i/headshots/college-football/players/full/5236380.png
5236393,Shane King,TE,https://a.espncdn.com/i/headshots/college-football/players/full/5236393.png
5237159,Charles Miska,RB,https://a.espncdn.com/i/headshots/college-football/players/full/5237159.png
5237173,Reign Broadway,WR,https://a.espncdn.com/i/headshots/college-football/players/full/5237173.png
5238020,Brendon Haygood,RB,https://a.espncdn.com/i/headshots/college-football/players/full/5238020.png
5238619,Kareem Keye,QB,https://a.espncdn.com/i/headshots/college-football/players/full/5238619.png
5238868,Liam Szarka,QB,https://a.espncdn.com/i/headshots/college-football/players/full/5238868.png
5238869,Matt Long,WR,https://a.espncdn.com/i/headshots/college-football/players/full/5238869.png
5238876,Jonah Dawson,WR,https://a.espncdn.com/i/headshots/college-football/players/full/5238876.png
5238881,Keshon Singleton,WR,https://a.espncdn.com/i/headshots/college-football/players/full/5238881.png
5239156,Jack Foley,WR,https://a.espncdn.com/i/headshots/college-football/players/full/5239156.png
5239157,Quentin Gibson,WR,https://a.espncdn.com/i/headshots/college-football/players/full/5239157.png
5243087,Nikko Boncore,WR,https://a.espncdn.com/i/headshots/college-football/players/full/5243087.png
5243671,Brock Coffman,WR,https://a.espncdn.com/i/headshots/college-football/players/full/5243671.png
5244023,Qwantavius Wiggins,RB,https://a.espncdn.com/i/headshots/college-football/players/full/5244023.png
5244731,Roman Voss,TE,https://a.espncdn.com/i/headshots/college-football/players/full/5244731.png
5244752,Favour Akih,RB,https://a.espncdn.com/i/headshots/college-football/players/full/5244752.png
5244755,Levi Davis,QB,https://a.espncdn.com/i/headshots/college-football/players/full/5244755.png
5244756,Ryan Estrada,RB,https://a.espncdn.com/i/headshots/college-football/players/full/5244756.png
5244758,Jae Lamar,RB,https://a.espncdn.com/i/headshots/college-football/players/full/5244758.png
5245054,Josiah Lucas,RB,https://a.espncdn.com/i/headshots/college-football/players/full/5245054.png
5245055,Jayden Warren,WR,https://a.espncdn.com/i/headshots/college-football/players/full/5245055.png
5245066,Jaeden McMillan,WR,https://a.espncdn.com/i/headshots/college-football/players/full/5245066.png
5245123,Bowe Bentley,QB,https://a.espncdn.com/i/headshots/college-football/players/full/5245123.png
5245125,Israel Briggs,TE,https://a.espncdn.com/i/headshots/college-football/players/full/5245125.png
5245128,Evan Hampton,RB,https://a.espncdn.com/i/headshots/college-football/players/full/5245128.png
5245413,Zion Crumpton,WR,https://a.espncdn.com/i/headshots/college-football/players/full/5245413.png
5245414,Aljour Miles II,WR,https://a.espncdn.com/i/headshots/college-football/players/full/5245414.png
5245415,Davion Kerr,RB,https://a.espncdn.com/i/headshots/college-football/players/full/5245415.png
5245506,Tyson Harley,RB,https://a.espncdn.com/i/headshots/college-football/players/full/5245506.png
5245511,Terrance Saryon,WR,https://a.espncdn.com/i/headshots/college-football/players/full/5245511.png
5246572,Nathan McNeil,RB,https://a.espncdn.com/i/headshots/college-football/players/full/5246572.png
5246589,Camden Capehart,WR,https://a.espncdn.com/i/headshots/college-football/players/full/5246589.png
5248198,Kentrell White,TE,https://a.espncdn.com/i/headshots/college-football/players/full/5248198.png
5248199,Noah Gillon,QB,https://a.espncdn.com/i/headshots/college-football/players/full/5248199.png
5250264,Kaelan Chudzinski,TE,https://a.espncdn.com/i/headshots/college-football/players/full/5250264.png
5252197,Jaylen Elder,WR,https://a.espncdn.com/i/headshots/college-football/players/full/5252197.png
5252200,Qumonte Williams Jr.,WR,https://a.espncdn.com/i/headshots/college-football/players/full/5252200.png
5254150,Javion Kinnard,RB,https://a.espncdn.com/i/headshots/college-football/players/full/5254150.png
5257034,Denver Harper,WR,https://a.espncdn.com/i/headshots/college-football/players/full/5257034.png
5257046,Grayson Rigdon,RB,https://a.espncdn.com/i/headshots/college-football/players/full/5257046.png
5257214,Lucas Farrington,RB,https://a.espncdn.com/i/headshots/college-football/players/full/5257214.png
5257958,Jackson McCarter,RB,https://a.espncdn.com/i/headshots/college-football/players/full/5257958.png
5257993,Kayleb Barnett,WR,https://a.espncdn.com/i/headshots/college-football/players/full/5257993.png
5258016,Caleb Hawkins,RB,https://a.espncdn.com/i/headshots/college-football/players/full/5258016.png
5258024,Marvis Parrish,RB,https://a.espncdn.com/i/headshots/college-football/players/full/5258024.png
5258056,Samuel Harris,RB,https://a.espncdn.com/i/headshots/college-football/players/full/5258056.png
5258290,Malachi Fannin-Render,RB,https://a.espncdn.com/i/headshots/college-football/players/full/5258290.png
5258292,DeDe Murray,RB,https://a.espncdn.com/i/headshots/college-football/players/full/5258292.png
5258447,Daejawn Smith,WR,https://a.espncdn.com/i/headshots/college-football/players/full/5258447.png
5258476,Tristan Lawyer,RB,https://a.espncdn.com/i/headshots/college-football/players/full/5258476.png
5258487,Cole Pryor,RB,https://a.espncdn.com/i/headshots/college-football/players/full/5258487.png
5258492,Tyson Deen,WR,https://a.espncdn.com/i/headshots/college-football/players/full/5258492.png
5258999,JJ Garner,RB,https://a.espncdn.com/i/headshots/college-football/players/full/5258999.png
5259971,Zach Atkins,TE,https://a.espncdn.com/i/headshots/college-football/players/full/5259971.png
5260691,Rodney Bullard Jr.,WR,https://a.espncdn.com/i/headshots/college-football/players/full/5260691.png
5260847,Marcellous Hawkins,RB,https://a.espncdn.com/i/headshots/college-football/players/full/5260847.png
5261479,Toa Faavae,QB,https://a.espncdn.com/i/headshots/college-football/players/full/5261479.png
5261613,Tylik Hill,RB,https://a.espncdn.com/i/headshots/college-football/players/full/5261613.png
5262650,Julius Gillick,RB,https://a.espncdn.com/i/headshots/college-football/players/full/5262650.png
5262779,Grant McAtee,TE,https://a.espncdn.com/i/headshots/college-football/players/full/5262779.png
5263587,Matthew Maxey,WR,https://a.espncdn.com/i/headshots/college-football/players/full/5263587.png
5263613,Carter Pabst,WR,https://a.espncdn.com/i/headshots/college-football/players/full/5263613.png
5263666,Terrious Favors,WR,https://a.espncdn.com/i/headshots/college-football/players/full/5263666.png
5263766,Craig Dandridge,WR,https://a.espncdn.com/i/headshots/college-football/players/full/5263766.png
5264243,Keynan Cotton,WR,https://a.espncdn.com/i/headshots/college-football/players/full/5264243.png
5264245,Xavier Ford,RB,https://a.espncdn.com/i/headshots/college-football/players/full/5264245.png
5264658,Jermane Hayes,WR,https://a.espncdn.com/i/headshots/college-football/players/full/5264658.png
5264686,Mark Bowman,TE,https://a.espncdn.com/i/headshots/college-football/players/full/5264686.png
5264688,EJ Crowell,RB,https://a.espncdn.com/i/headshots/college-football/players/full/5264688.png
5264725,Max Anderson,QB,https://a.espncdn.com/i/headshots/college-football/players/full/5264725.png
5264742,LaMarcus Bell,RB,https://a.espncdn.com/i/headshots/college-football/players/full/5264742.png
5264764,Elijah Faulkner,RB,https://a.espncdn.com/i/headshots/college-football/players/full/5264764.png
5265128,Shanard Clower,WR,https://a.espncdn.com/i/headshots/college-football/players/full/5265128.png
5265173,Crew Davis,RB,https://a.espncdn.com/i/headshots/college-football/players/full/5265173.png
5265174,Caleb Francois,RB,https://a.espncdn.com/i/headshots/college-football/players/full/5265174.png
5265178,Dominic Kelley,RB,https://a.espncdn.com/i/headshots/college-football/players/full/5265178.png
5265325,Jevon Edwards,RB,https://a.espncdn.com/i/headshots/college-football/players/full/5265325.png
5265445,Jordan Clark,WR,https://a.espncdn.com/i/headshots/college-football/players/full/5265445.png
5265446,Clayton Coppock Jr.,WR,https://a.espncdn.com/i/headshots/college-football/players/full/5265446.png
5265447,Patrick Crayton Jr.,QB,https://a.espncdn.com/i/headshots/college-football/players/full/5265447.png
5265450,Jamari Harrold,TE,https://a.espncdn.com/i/headshots/college-football/players/full/5265450.png
5265463,Luke Watkins,WR,https://a.espncdn.com/i/headshots/college-football/players/full/5265463.png
5265474,Darrion Bowers,RB,https://a.espncdn.com/i/headshots/college-football/players/full/5265474.png
5265478,Luke Gilbert,TE,https://a.espncdn.com/i/headshots/college-football/players/full/5265478.png
5265479,Gabe Glover,WR,https://a.espncdn.com/i/headshots/college-football/players/full/5265479.png
5265499,Jameson Scissum,TE,https://a.espncdn.com/i/headshots/college-football/players/full/5265499.png
5265504,Nehemiah Washington,RB,https://a.espncdn.com/i/headshots/college-football/players/full/5265504.png
5265523,Kelvin Washington,RB,https://a.espncdn.com/i/headshots/college-football/players/full/5265523.png
5265528,Jalen Bonds,RB,https://a.espncdn.com/i/headshots/college-football/players/full/5265528.png
5265536,Skyler Williams,QB,https://a.espncdn.com/i/headshots/college-football/players/full/5265536.png
5266583,Kayd Coffman,QB,https://a.espncdn.com/i/headshots/college-football/players/full/5266583.png
5266901,Kavon Conciauro,WR,https://a.espncdn.com/i/headshots/college-football/players/full/5266901.png
5266919,Corey Barber Jr.,WR,https://a.espncdn.com/i/headshots/college-football/players/full/5266919.png
5268018,Ethan Feaster,WR,https://a.espncdn.com/i/headshots/college-football/players/full/5268018.png
5268744,Jackson Stoner,TE,https://a.espncdn.com/i/headshots/college-football/players/full/5268744.png
5268748,Parker Almanza,TE,https://a.espncdn.com/i/headshots/college-football/players/full/5268748.png
5268932,Jackson Hampton,WR,https://a.espncdn.com/i/headshots/college-football/players/full/5268932.png
5269143,Jabarie Thornton,WR,https://a.espncdn.com/i/headshots/college-football/players/full/5269143.png
5269144,Decorian Thompson,WR,https://a.espncdn.com/i/headshots/college-football/players/full/5269144.png
5269148,Juntavious Harris,RB,https://a.espncdn.com/i/headshots/college-football/players/full/5269148.png
5269403,Tommy Carr,QB,https://a.espncdn.com/i/headshots/college-football/players/full/5269403.png
5270858,Liam Willson,RB,https://a.espncdn.com/i/headshots/college-football/players/full/5270858.png
5270869,Brian Williams Jr.,WR,https://a.espncdn.com/i/headshots/college-football/players/full/5270869.png
5271114,Jerod Terry Jr.,RB,https://a.espncdn.com/i/headshots/college-football/players/full/5271114.png
5271174,Decorie Johnson,RB,https://a.espncdn.com/i/headshots/college-football/players/full/5271174.png
5271219,Hayden Moore,WR,https://a.espncdn.com/i/headshots/college-football/players/full/5271219.png
5271234,Justin Williams,WR,https://a.espncdn.com/i/headshots/college-football/players/full/5271234.png
5271365,Bryan Hamilton,WR,https://a.espncdn.com/i/headshots/college-football/players/full/5271365.png
5271370,Arthur Lewis IV,RB,https://a.espncdn.com/i/headshots/college-football/players/full/5271370.png
5271371,Dylan Wester,WR,https://a.espncdn.com/i/headshots/college-football/players/full/5271371.png
5271466,Devin Fitzgerald,WR,https://a.espncdn.com/i/headshots/college-football/players/full/5271466.png
5272709,Larry Miles,WR,https://a.espncdn.com/i/headshots/college-football/players/full/5272709.png
5272738,Jaylen White,QB,https://a.espncdn.com/i/headshots/college-football/players/full/5272738.png
5272771,Santana Carlos,WR,
5272772,Jaden Desir,RB,
5272781,Jayvian Tanelus,RB,https://a.espncdn.com/i/headshots/college-football/players/full/5272781.png
5273767,Dallas Dickerson,WR,https://a.espncdn.com/i/headshots/college-football/players/full/5273767.png
5273821,Amarion Jackson,WR,https://a.espncdn.com/i/headshots/college-football/players/full/5273821.png
5274304,Broderick Peters,TE,https://a.espncdn.com/i/headshots/college-football/players/full/5274304.png
5274332,Trez Davis,WR,https://a.espncdn.com/i/headshots/college-football/players/full/5274332.png
5274368,Jaiden Tucker,WR,https://a.espncdn.com/i/headshots/college-football/players/full/5274368.png
5275329,Brady Barrier,QB,
5276063,Pierce Petersohn,TE,https://a.espncdn.com/i/headshots/college-football/players/full/5276063.png
5276633,Max Warner,RB,https://a.espncdn.com/i/headshots/college-football/players/full/5276633.png
5276670,Ar'mari Towns,TE,https://a.espncdn.com/i/headshots/college-football/players/full/5276670.png
5276674,Gavin Mueller,TE,https://a.espncdn.com/i/headshots/college-football/players/full/5276674.png
5276960,Donovan Triplett,RB,https://a.espncdn.com/i/headshots/college-football/players/full/5276960.png
5277007,La'Keyleon Graves,WR,https://a.espncdn.com/i/headshots/college-football/players/full/5277007.png
5277128,Tyree Sams,RB,
5278411,Armaad Sharp,TE,https://a.espncdn.com/i/headshots/college-football/players/full/5278411.png
5278798,Cam Abshire,WR,https://a.espncdn.com/i/headshots/college-football/players/full/5278798.png
5279149,Zamaurious Robertson,WR,https://a.espncdn.com/i/headshots/college-football/players/full/5279149.png
5279329,Legend Glasker,WR,https://a.espncdn.com/i/headshots/college-football/players/full/5279329.png
5279420,Jacob Butler,WR,https://a.espncdn.com/i/headshots/college-football/players/full/5279420.png
5279633,Terrill Davis,WR,https://a.espncdn.com/i/headshots/college-football/players/full/5279633.png
5280123,Aiden Gibson,RB,
5280155,Teddy Jarrard,QB,https://a.espncdn.com/i/headshots/college-football/players/full/5280155.png
5280258,Sequel Patterson,WR,https://a.espncdn.com/i/headshots/college-football/players/full/5280258.png
5280400,Alex Ward,WR,https://a.espncdn.com/i/headshots/college-football/players/full/5280400.png
5280784,Cooper Crosby,RB,https://a.espncdn.com/i/headshots/college-football/players/full/5280784.png
5280795,G'Ivori Graham,RB,https://a.espncdn.com/i/headshots/college-football/players/full/5280795.png
5281153,Demetrice McCray,WR,https://a.espncdn.com/i/headshots/college-football/players/full/5281153.png
5281268,Cooper McCutchan,TE,https://a.espncdn.com/i/headshots/college-football/players/full/5281268.png
5282366,Hudson Lewis,WR,https://a.espncdn.com/i/headshots/college-football/players/full/5282366.png
5282469,Harper Hughes,WR,https://a.espncdn.com/i/headshots/college-football/players/full/5282469.png
5282659,DJ Darling,WR,https://a.espncdn.com/i/headshots/college-football/players/full/5282659.png
5282663,Devaughn Eka,RB,https://a.espncdn.com/i/headshots/college-football/players/full/5282663.png
5289314,Tyler Bell,QB,https://a.espncdn.com/i/headshots/college-football/players/full/5289314.png
5289321,Shavane Anderson Jr.,RB,https://a.espncdn.com/i/headshots/college-football/players/full/5289321.png
5289329,Amar'e Glover,RB,https://a.espncdn.com/i/headshots/college-football/players/full/5289329.png
5289510,Jesse Legree,WR,https://a.espncdn.com/i/headshots/college-football/players/full/5289510.png
5290180,Gavin Barber,TE,https://a.espncdn.com/i/headshots/college-football/players/full/5290180.png
5290182,Luca Wolf,TE,https://a.espncdn.com/i/headshots/college-football/players/full/5290182.png
5290211,Jianni Davis,RB,https://a.espncdn.com/i/headshots/college-football/players/full/5290211.png
5290447,Le'Kamren Meadows,RB,https://a.espncdn.com/i/headshots/college-football/players/full/5290447.png
5290560,CJ Givers,RB,https://a.espncdn.com/i/headshots/college-football/players/full/5290560.png
5290564,Ashton Rowden,RB,https://a.espncdn.com/i/headshots/college-football/players/full/5290564.png
5290565,Jamal Rule,RB,https://a.espncdn.com/i/headshots/college-football/players/full/5290565.png
5290568,R.J. Mosley,WR,https://a.espncdn.com/i/headshots/college-football/players/full/5290568.png
5290570,Kristion Brooks,WR,https://a.espncdn.com/i/headshots/college-football/players/full/5290570.png
5290572,Prince Jean,WR,https://a.espncdn.com/i/headshots/college-football/players/full/5290572.png
5290573,Rasean Jones,WR,https://a.espncdn.com/i/headshots/college-football/players/full/5290573.png
5290624,Caleb Wynn,RB,https://a.espncdn.com/i/headshots/college-football/players/full/5290624.png
5290862,Cedric Ross,WR,
5290902,Jonathan Stafford Jr.,WR,https://a.espncdn.com/i/headshots/college-football/players/full/5290902.png
5290980,Jimmy Gregg,RB,https://a.espncdn.com/i/headshots/college-football/players/full/5290980.png
5291009,HD Davis,RB,https://a.espncdn.com/i/headshots/college-football/players/full/5291009.png
5291092,Vincent Carner,WR,https://a.espncdn.com/i/headshots/college-football/players/full/5291092.png
5291156,Devin Hamilton,WR,https://a.espncdn.com/i/headshots/college-football/players/full/5291156.png
5291180,Jaidaun Cranford,RB,https://a.espncdn.com/i/headshots/college-football/players/full/5291180.png
5291181,Jamarcus Harrison,QB,https://a.espncdn.com/i/headshots/college-football/players/full/5291181.png
5291188,Brody Jones,WR,https://a.espncdn.com/i/headshots/college-football/players/full/5291188.png
5291634,Phoenix Donghia,RB,https://a.espncdn.com/i/headshots/college-football/players/full/5291634.png
5291661,Dallas Boozer,WR,https://a.espncdn.com/i/headshots/college-football/players/full/5291661.png
5291690,Broderick Vehrs,QB,https://a.espncdn.com/i/headshots/college-football/players/full/5291690.png
5291710,Jadarius Dobie,RB,
5291713,Trace Johnson,QB,https://a.espncdn.com/i/headshots/college-football/players/full/5291713.png
5291741,Noah Moss,RB,https://a.espncdn.com/i/headshots/college-football/players/full/5291741.png
5291743,Dallas Gaius-Anyaegbu,TE,https://a.espncdn.com/i/headshots/college-football/players/full/5291743.png
5291747,Zialis Blackmon,WR,https://a.espncdn.com/i/headshots/college-football/players/full/5291747.png
5291772,Coen Logan,WR,https://a.espncdn.com/i/headshots/college-football/players/full/5291772.png
5291778,Ziyon Butler,WR,https://a.espncdn.com/i/headshots/college-football/players/full/5291778.png
5291782,Devin Goldston,WR,
5291794,Daishaun Davis,WR,https://a.espncdn.com/i/headshots/college-football/players/full/5291794.png
5291802,Carson Diehl,WR,https://a.espncdn.com/i/headshots/college-football/players/full/5291802.png
5291806,Ty Cummings,RB,https://a.espncdn.com/i/headshots/college-football/players/full/5291806.png
5292031,Xavier Butler,RB,https://a.espncdn.com/i/headshots/college-football/players/full/5292031.png
5292032,John Hebert,RB,https://a.espncdn.com/i/headshots/college-football/players/full/5292032.png
5293035,Scoop Smith,WR,https://a.espncdn.com/i/headshots/college-football/players/full/5293035.png
5293573,Aeryn Hampton,WR,https://a.espncdn.com/i/headshots/college-football/players/full/5293573.png
5293574,John Gazzaniga,QB,https://a.espncdn.com/i/headshots/college-football/players/full/5293574.png
5293671,Jeremiah Beck Jr.,TE,https://a.espncdn.com/i/headshots/college-football/players/full/5293671.png
5293684,Bryson Luter,QB,https://a.espncdn.com/i/headshots/college-football/players/full/5293684.png
5293685,Godspower Nwawuihe,RB,https://a.espncdn.com/i/headshots/college-football/players/full/5293685.png
5293698,Stroman Bridges,WR,https://a.espncdn.com/i/headshots/college-football/players/full/5293698.png
5293701,Demani Stewart,RB,https://a.espncdn.com/i/headshots/college-football/players/full/5293701.png
5293827,Manny Choice,WR,https://a.espncdn.com/i/headshots/college-football/players/full/5293827.png
5293893,KD Hunter-Gibson,WR,https://a.espncdn.com/i/headshots/college-football/players/full/5293893.png
5293902,DeJuan Lacy,RB,https://a.espncdn.com/i/headshots/college-football/players/full/5293902.png
5293958,Mason Phillips,QB,https://a.espncdn.com/i/headshots/college-football/players/full/5293958.png
5293962,Deon Hardin,WR,https://a.espncdn.com/i/headshots/college-football/players/full/5293962.png
5294028,Duke Smith,WR,https://a.espncdn.com/i/headshots/college-football/players/full/5294028.png
5294063,Tre Richardson,WR,https://a.espncdn.com/i/headshots/college-football/players/full/5294063.png
5294076,Greyson Labiad,TE,https://a.espncdn.com/i/headshots/college-football/players/full/5294076.png
5294079,Holden Phillips,QB,https://a.espncdn.com/i/headshots/college-football/players/full/5294079.png
5294107,Hugh O'Brien,WR,https://a.espncdn.com/i/headshots/college-football/players/full/5294107.png
5294114,Owen Gardner,RB,https://a.espncdn.com/i/headshots/college-football/players/full/5294114.png
5294121,Ryken Moon,RB,https://a.espncdn.com/i/headshots/college-football/players/full/5294121.png
5294137,DJ Miller,WR,https://a.espncdn.com/i/headshots/college-football/players/full/5294137.png
5294219,Atticus Joseph,WR,https://a.espncdn.com/i/headshots/college-football/players/full/5294219.png
5294241,Cedric Kouemi,RB,
5294259,Mana Carvalho,WR,https://a.espncdn.com/i/headshots/college-football/players/full/5294259.png
5294263,Byrd Ficklin,QB,https://a.espncdn.com/i/headshots/college-football/players/full/5294263.png
5294267,Mateaki Helu,RB,https://a.espncdn.com/i/headshots/college-football/players/full/5294267.png
5294293,Javin Gordon,RB,https://a.espncdn.com/i/headshots/college-football/players/full/5294293.png
5294301,Cash Semonza,WR,https://a.espncdn.com/i/headshots/college-football/players/full/5294301.png
5294314,Doopah Coleman,WR,https://a.espncdn.com/i/headshots/college-football/players/full/5294314.png
5294438,Jemyri Davis,WR,https://a.espncdn.com/i/headshots/college-football/players/full/5294438.png
5294445,Oscar Bird,RB,https://a.espncdn.com/i/headshots/college-football/players/full/5294445.png
5294446,Trey Hall,RB,https://a.espncdn.com/i/headshots/college-football/players/full/5294446.png
5294646,Parker Puckett,QB,https://a.espncdn.com/i/headshots/college-football/players/full/5294646.png
5295010,Gage LaDue,RB,https://a.espncdn.com/i/headshots/college-football/players/full/5295010.png
5295012,Mason Lowe,WR,https://a.espncdn.com/i/headshots/college-football/players/full/5295012.png
5295013,Mason Hayes,WR,https://a.espncdn.com/i/headshots/college-football/players/full/5295013.png
5295015,Luke Rauh,RB,https://a.espncdn.com/i/headshots/college-football/players/full/5295015.png
5295019,Omari Elias,RB,https://a.espncdn.com/i/headshots/college-football/players/full/5295019.png
5295046,Demetric Whitlock Jr.,WR,https://a.espncdn.com/i/headshots/college-football/players/full/5295046.png
5295064,Jeremiah Jones-Thomas,WR,https://a.espncdn.com/i/headshots/college-football/players/full/5295064.png
5295066,Brec Long,TE,https://a.espncdn.com/i/headshots/college-football/players/full/5295066.png
5295070,Keenan Phillips,RB,https://a.espncdn.com/i/headshots/college-football/players/full/5295070.png
5295180,Cam Macon,RB,https://a.espncdn.com/i/headshots/college-football/players/full/5295180.png
5295187,Luke Sivon,WR,https://a.espncdn.com/i/headshots/college-football/players/full/5295187.png
5295205,Tate Hoover,TE,https://a.espncdn.com/i/headshots/college-football/players/full/5295205.png
5295211,Jayon Farrar,WR,https://a.espncdn.com/i/headshots/college-football/players/full/5295211.png
5295221,Gavin Correia,TE,https://a.espncdn.com/i/headshots/college-football/players/full/5295221.png
5295237,Chris McMillian,RB,https://a.espncdn.com/i/headshots/college-football/players/full/5295237.png
5295238,Luke Weaver,QB,https://a.espncdn.com/i/headshots/college-football/players/full/5295238.png
5295243,Billy Gowers,RB,https://a.espncdn.com/i/headshots/college-football/players/full/5295243.png
5295302,Mohammad Maali,RB,https://a.espncdn.com/i/headshots/college-football/players/full/5295302.png
5295314,Velltray Jefferson,TE,https://a.espncdn.com/i/headshots/college-football/players/full/5295314.png
5295318,Waymond Jordan,RB,https://a.espncdn.com/i/headshots/college-football/players/full/5295318.png
5295326,Noah Fox-Flores,TE,https://a.espncdn.com/i/headshots/college-football/players/full/5295326.png
5295336,Link Rhodes,RB,https://a.espncdn.com/i/headshots/college-football/players/full/5295336.png
5295363,Cameron Mathews,RB,https://a.espncdn.com/i/headshots/college-football/players/full/5295363.png
5295366,Matt Adcock,TE,https://a.espncdn.com/i/headshots/college-football/players/full/5295366.png
5295371,Bryce Anderson,TE,https://a.espncdn.com/i/headshots/college-football/players/full/5295371.png
5295377,Ryan Brass,QB,https://a.espncdn.com/i/headshots/college-football/players/full/5295377.png
5295391,Christian Cromer,RB,https://a.espncdn.com/i/headshots/college-football/players/full/5295391.png
5295436,Dwayne Early Jr.,WR,https://a.espncdn.com/i/headshots/college-football/players/full/5295436.png
5295450,Sean Persson,TE,https://a.espncdn.com/i/headshots/college-football/players/full/5295450.png
5295454,Shawn Brown,WR,https://a.espncdn.com/i/headshots/college-football/players/full/5295454.png
5295455,Jackson Owens,WR,https://a.espncdn.com/i/headshots/college-football/players/full/5295455.png
5295457,Terrione Graves,WR,https://a.espncdn.com/i/headshots/college-football/players/full/5295457.png
5295460,AJ Williams III,WR,https://a.espncdn.com/i/headshots/college-football/players/full/5295460.png
5295480,Marcus Beamon,QB,https://a.espncdn.com/i/headshots/college-football/players/full/5295480.png
5295488,Justin Ruffin Jr.,WR,https://a.espncdn.com/i/headshots/college-football/players/full/5295488.png
5295489,Collin Payne,WR,https://a.espncdn.com/i/headshots/college-football/players/full/5295489.png
5295490,Henry Dryden,TE,https://a.espncdn.com/i/headshots/college-football/players/full/5295490.png
5295511,Erik Ronning,WR,https://a.espncdn.com/i/headshots/college-football/players/full/5295511.png
5295513,Matt Choules,RB,https://a.espncdn.com/i/headshots/college-football/players/full/5295513.png
5295525,Benson Prosper,WR,https://a.espncdn.com/i/headshots/college-football/players/full/5295525.png
5295531,Kozy Isaac,WR,https://a.espncdn.com/i/headshots/college-football/players/full/5295531.png
5295532,Joshua Long,TE,https://a.espncdn.com/i/headshots/college-football/players/full/5295532.png
5295539,Braeden Jackson,RB,https://a.espncdn.com/i/headshots/college-football/players/full/5295539.png
5295549,Jordan Scott,WR,https://a.espncdn.com/i/headshots/college-football/players/full/5295549.png
5295550,DeJuan Williams,RB,https://a.espncdn.com/i/headshots/college-football/players/full/5295550.png
5295590,Da'Realyst Clark,WR,https://a.espncdn.com/i/headshots/college-football/players/full/5295590.png
5295596,Jake Stoeckel,RB,https://a.espncdn.com/i/headshots/college-football/players/full/5295596.png
5295639,Carter Lewis,RB,https://a.espncdn.com/i/headshots/college-football/players/full/5295639.png
5295723,Caden Knighten,RB,https://a.espncdn.com/i/headshots/college-football/players/full/5295723.png
5295724,Michael Turner,RB,https://a.espncdn.com/i/headshots/college-football/players/full/5295724.png
5295733,Taz Williams Jr.,WR,https://a.espncdn.com/i/headshots/college-football/players/full/5295733.png
5295735,JP Coulter,WR,https://a.espncdn.com/i/headshots/college-football/players/full/5295735.png
5295750,D'Mariun Perteet,RB,https://a.espncdn.com/i/headshots/college-football/players/full/5295750.png
5295756,Breyahn Townsend,RB,https://a.espncdn.com/i/headshots/college-football/players/full/5295756.png
5295766,Jordan Mack,RB,https://a.espncdn.com/i/headshots/college-football/players/full/5295766.png
5295796,Miles Halbert,WR,https://a.espncdn.com/i/headshots/college-football/players/full/5295796.png
5295811,Vernell Brown III,WR,https://a.espncdn.com/i/headshots/college-football/players/full/5295811.png
5295814,Tramell Jones Jr.,QB,https://a.espncdn.com/i/headshots/college-football/players/full/5295814.png
5295815,Duke Clark,RB,https://a.espncdn.com/i/headshots/college-football/players/full/5295815.png
5295851,Justin Lewis,RB,https://a.espncdn.com/i/headshots/college-football/players/full/5295851.png
5295862,Donnie Smith,WR,https://a.espncdn.com/i/headshots/college-football/players/full/5295862.png
5295902,Josiah Basten,RB,https://a.espncdn.com/i/headshots/college-football/players/full/5295902.png
5295918,Tre' Brown,WR,https://a.espncdn.com/i/headshots/college-football/players/full/5295918.png
5295919,Ryan Huff,QB,https://a.espncdn.com/i/headshots/college-football/players/full/5295919.png
5295920,Ja'Cory Thomas,WR,https://a.espncdn.com/i/headshots/college-football/players/full/5295920.png
5295921,Josh Rodriguez,WR,https://a.espncdn.com/i/headshots/college-football/players/full/5295921.png
5295923,TJ Johnson,WR,https://a.espncdn.com/i/headshots/college-football/players/full/5295923.png
5295925,Titus Myers,WR,https://a.espncdn.com/i/headshots/college-football/players/full/5295925.png
5295930,Trequan Jones,RB,https://a.espncdn.com/i/headshots/college-football/players/full/5295930.png
5295939,Chris Warren,TE,https://a.espncdn.com/i/headshots/college-football/players/full/5295939.png
5295943,Jachin Davis,QB,https://a.espncdn.com/i/headshots/college-football/players/full/5295943.png
5295946,Ben Turner,WR,https://a.espncdn.com/i/headshots/college-football/players/full/5295946.png
5295951,Gavin Magorien,WR,https://a.espncdn.com/i/headshots/college-football/players/full/5295951.png
5295967,Trey Miller,TE,https://a.espncdn.com/i/headshots/college-football/players/full/5295967.png
5295969,Brady Hart,QB,https://a.espncdn.com/i/headshots/college-football/players/full/5295969.png
5295981,Cameron Dorner,WR,https://a.espncdn.com/i/headshots/college-football/players/full/5295981.png
5295982,Tre Williams III,TE,https://a.espncdn.com/i/headshots/college-football/players/full/5295982.png
5295983,Shandon King,WR,https://a.espncdn.com/i/headshots/college-football/players/full/5295983.png
5296013,Mark Wiepert,QB,https://a.espncdn.com/i/headshots/college-football/players/full/5296013.png
5296018,Nathan McCoy II,WR,https://a.espncdn.com/i/headshots/college-football/players/full/5296018.png
5296023,Tray Kinkle,RB,https://a.espncdn.com/i/headshots/college-football/players/full/5296023.png
5296027,Christian Neptune,WR,https://a.espncdn.com/i/headshots/college-football/players/full/5296027.png
5296029,Robert Henderson,RB,https://a.espncdn.com/i/headshots/college-football/players/full/5296029.png
5296040,Elijah Lagg,TE,https://a.espncdn.com/i/headshots/college-football/players/full/5296040.png
5296041,Evan McCray,WR,https://a.espncdn.com/i/headshots/college-football/players/full/5296041.png
5296047,Quinn Rosenkranz,WR,https://a.espncdn.com/i/headshots/college-football/players/full/5296047.png
5296066,Ethan Dowdy,WR,https://a.espncdn.com/i/headshots/college-football/players/full/5296066.png
5296067,Teddy Hoffmann,WR,https://a.espncdn.com/i/headshots/college-football/players/full/5296067.png
5296077,Agyeman Addae,RB,https://a.espncdn.com/i/headshots/college-football/players/full/5296077.png
5296086,Chris Gacayan II,TE,https://a.espncdn.com/i/headshots/college-football/players/full/5296086.png
5296106,Dominic Ingrassia,QB,https://a.espncdn.com/i/headshots/college-football/players/full/5296106.png
5296136,Braxton Jennings,RB,https://a.espncdn.com/i/headshots/college-football/players/full/5296136.png
5296145,Andrew Bond,WR,https://a.espncdn.com/i/headshots/college-football/players/full/5296145.png
5296150,DeAree Rogers,WR,https://a.espncdn.com/i/headshots/college-football/players/full/5296150.png
5296154,Chavon Wright,RB,https://a.espncdn.com/i/headshots/college-football/players/full/5296154.png
5296155,Giyahni Kontosis,WR,https://a.espncdn.com/i/headshots/college-football/players/full/5296155.png
5296159,Kellen Davis,TE,https://a.espncdn.com/i/headshots/college-football/players/full/5296159.png
5296162,Devin Miles,RB,https://a.espncdn.com/i/headshots/college-football/players/full/5296162.png
5296163,Brady Jones,QB,https://a.espncdn.com/i/headshots/college-football/players/full/5296163.png
5296164,Chase Dawkins,RB,https://a.espncdn.com/i/headshots/college-football/players/full/5296164.png
5296166,Ofa Mataele,RB,https://a.espncdn.com/i/headshots/college-football/players/full/5296166.png
5296172,Keivin Boone-Nelson II,WR,https://a.espncdn.com/i/headshots/college-football/players/full/5296172.png
5296173,Ray Hall,WR,https://a.espncdn.com/i/headshots/college-football/players/full/5296173.png
5296210,Carson Su'esu'e,TE,https://a.espncdn.com/i/headshots/college-football/players/full/5296210.png
5296212,Zay Robinson,WR,https://a.espncdn.com/i/headshots/college-football/players/full/5296212.png
5296225,Nehemiah Warmate,RB,https://a.espncdn.com/i/headshots/college-football/players/full/5296225.png
5296226,Zane Smith,RB,https://a.espncdn.com/i/headshots/college-football/players/full/5296226.png
5296232,Justin Cook,RB,https://a.espncdn.com/i/headshots/college-football/players/full/5296232.png
5296246,Logan Ramper,WR,https://a.espncdn.com/i/headshots/college-football/players/full/5296246.png
5296247,Cyncir Bowers,RB,https://a.espncdn.com/i/headshots/college-football/players/full/5296247.png
5296264,A.J. Brand,WR,https://a.espncdn.com/i/headshots/college-football/players/full/5296264.png
5296269,Reggie Frischknecht,WR,https://a.espncdn.com/i/headshots/college-football/players/full/5296269.png
5296271,Trey Roberts,WR,https://a.espncdn.com/i/headshots/college-football/players/full/5296271.png
5296273,Fuller Shurtz,RB,https://a.espncdn.com/i/headshots/college-football/players/full/5296273.png
5296275,Logan Payne,RB,https://a.espncdn.com/i/headshots/college-football/players/full/5296275.png
5296294,Jaylon Coleman,RB,https://a.espncdn.com/i/headshots/college-football/players/full/5296294.png
5296304,Tristin Blackmon,RB,https://a.espncdn.com/i/headshots/college-football/players/full/5296304.png
5296312,EJ Archield Jr.,QB,https://a.espncdn.com/i/headshots/college-football/players/full/5296312.png
5296321,Jared Porter,RB,https://a.espncdn.com/i/headshots/college-football/players/full/5296321.png
5296328,Scott Moore,TE,https://a.espncdn.com/i/headshots/college-football/players/full/5296328.png
5296350,Zedekiah Anahu-Ambrosio,WR,https://a.espncdn.com/i/headshots/college-football/players/full/5296350.png
5296355,Bailey Ettridge,RB,https://a.espncdn.com/i/headshots/college-football/players/full/5296355.png
5296362,De'Carlos Young,RB,https://a.espncdn.com/i/headshots/college-football/players/full/5296362.png
5296364,Keveun Mason,RB,https://a.espncdn.com/i/headshots/college-football/players/full/5296364.png
5296370,Rameir Hardy,WR,https://a.espncdn.com/i/headshots/college-football/players/full/5296370.png
5296374,Andrew Burnette,RB,https://a.espncdn.com/i/headshots/college-football/players/full/5296374.png
5296376,Trey Kukuk,QB,https://a.espncdn.com/i/headshots/college-football/players/full/5296376.png
5296378,Clay Thevenin,RB,https://a.espncdn.com/i/headshots/college-football/players/full/5296378.png
5296379,Tre Averhart,WR,https://a.espncdn.com/i/headshots/college-football/players/full/5296379.png
5296382,David Pierro,WR,https://a.espncdn.com/i/headshots/college-football/players/full/5296382.png
5296383,Marques Singleton Jr.,WR,https://a.espncdn.com/i/headshots/college-football/players/full/5296383.png
5296386,Dylone Brooks,RB,https://a.espncdn.com/i/headshots/college-football/players/full/5296386.png
5296400,Dane Benedix,WR,https://a.espncdn.com/i/headshots/college-football/players/full/5296400.png
5296401,Brayden Bockler,TE,https://a.espncdn.com/i/headshots/college-football/players/full/5296401.png
5296407,Nahzae Cox,WR,https://a.espncdn.com/i/headshots/college-football/players/full/5296407.png
5296411,Stanley Anderson-Lofton,QB,https://a.espncdn.com/i/headshots/college-football/players/full/5296411.png
5296412,DJ Taylor,RB,https://a.espncdn.com/i/headshots/college-football/players/full/5296412.png
5296430,Landon Collins,WR,https://a.espncdn.com/i/headshots/college-football/players/full/5296430.png
5296438,Tristian Gardner,WR,https://a.espncdn.com/i/headshots/college-football/players/full/5296438.png
5296439,Deuce Bailey,QB,https://a.espncdn.com/i/headshots/college-football/players/full/5296439.png
5296471,Cameron Weir,WR,https://a.espncdn.com/i/headshots/college-football/players/full/5296471.png
5296557,Trevon Tate,WR,https://a.espncdn.com/i/headshots/college-football/players/full/5296557.png
5296558,Eric Willis III,WR,https://a.espncdn.com/i/headshots/college-football/players/full/5296558.png
5296571,Toric Goins Jr.,WR,https://a.espncdn.com/i/headshots/college-football/players/full/5296571.png
5296587,Zhaiel Smith,WR,https://a.espncdn.com/i/headshots/college-football/players/full/5296587.png
5296599,Simon Mapa,TE,https://a.espncdn.com/i/headshots/college-football/players/full/5296599.png
5296610,Tama Amisone,WR,https://a.espncdn.com/i/headshots/college-football/players/full/5296610.png
5296612,Steve Chavez-Soto,RB,https://a.espncdn.com/i/headshots/college-football/players/full/5296612.png
5296616,Tuli Tagovailoa-Amosa,WR,https://a.espncdn.com/i/headshots/college-football/players/full/5296616.png
5296622,Eric Richardson,WR,https://a.espncdn.com/i/headshots/college-football/players/full/5296622.png
5296625,Landon Sims,QB,https://a.espncdn.com/i/headshots/college-football/players/full/5296625.png
5296720,Tiger Riden Jr.,RB,https://a.espncdn.com/i/headshots/college-football/players/full/5296720.png
5296823,Ah'Marion Gaines-Smith,RB,https://a.espncdn.com/i/headshots/college-football/players/full/5296823.png
5296826,Curtis Gerrand,RB,https://a.espncdn.com/i/headshots/college-football/players/full/5296826.png
5296832,Tim Burns Jr.,WR,https://a.espncdn.com/i/headshots/college-football/players/full/5296832.png
5296835,Dylan Burk,TE,https://a.espncdn.com/i/headshots/college-football/players/full/5296835.png
5296864,Malichi Greaves,RB,https://a.espncdn.com/i/headshots/college-football/players/full/5296864.png
5296866,Soren Rief,RB,https://a.espncdn.com/i/headshots/college-football/players/full/5296866.png
5297026,Joseph Filardi,QB,https://a.espncdn.com/i/headshots/college-football/players/full/5297026.png
5297067,Kache Kaio,TE,https://a.espncdn.com/i/headshots/college-football/players/full/5297067.png
5297079,Noah White,RB,https://a.espncdn.com/i/headshots/college-football/players/full/5297079.png
5297763,Tyler J. Williams,WR,https://a.espncdn.com/i/headshots/college-football/players/full/5297763.png
5297927,Preston Brown,QB,https://a.espncdn.com/i/headshots/college-football/players/full/5297927.png
5297929,Chris Kiel,WR,https://a.espncdn.com/i/headshots/college-football/players/full/5297929.png
5297931,Myles Mitchell,RB,https://a.espncdn.com/i/headshots/college-football/players/full/5297931.png
5297959,Dylan Vokal,WR,https://a.espncdn.com/i/headshots/college-football/players/full/5297959.png
5297965,Christian Collins,RB,https://a.espncdn.com/i/headshots/college-football/players/full/5297965.png
5297972,Michael Bormann,RB,https://a.espncdn.com/i/headshots/college-football/players/full/5297972.png
5298003,Davon Smith Jr.,RB,https://a.espncdn.com/i/headshots/college-football/players/full/5298003.png
5298008,John Manning IV,RB,https://a.espncdn.com/i/headshots/college-football/players/full/5298008.png
5298018,Damani Williams,WR,https://a.espncdn.com/i/headshots/college-football/players/full/5298018.png
5298026,Malachi Jackson,WR,https://a.espncdn.com/i/headshots/college-football/players/full/5298026.png
5298028,Armariyan Asberry,RB,https://a.espncdn.com/i/headshots/college-football/players/full/5298028.png
5298060,Fidel Pitts,WR,https://a.espncdn.com/i/headshots/college-football/players/full/5298060.png
5298088,Reese Brooks,TE,https://a.espncdn.com/i/headshots/college-football/players/full/5298088.png
5298093,Mar'Quan Gary,WR,https://a.espncdn.com/i/headshots/college-football/players/full/5298093.png
5298094,Chase Kwiatkowski,QB,https://a.espncdn.com/i/headshots/college-football/players/full/5298094.png
5298101,Tyler Lofton,RB,https://a.espncdn.com/i/headshots/college-football/players/full/5298101.png
5298105,Stevan Gavric,WR,https://a.espncdn.com/i/headshots/college-football/players/full/5298105.png
5298148,Cooper Lehman,WR,https://a.espncdn.com/i/headshots/college-football/players/full/5298148.png
5298154,Zae-Mear Correll,WR,https://a.espncdn.com/i/headshots/college-football/players/full/5298154.png
5298159,Charbel Latouf,RB,https://a.espncdn.com/i/headshots/college-football/players/full/5298159.png
5298160,Cam Oliver,RB,https://a.espncdn.com/i/headshots/college-football/players/full/5298160.png
5298162,Ryan Petras,WR,https://a.espncdn.com/i/headshots/college-football/players/full/5298162.png
5298178,Wilson Medina,RB,https://a.espncdn.com/i/headshots/college-football/players/full/5298178.png
5298181,Ryan Johnson,TE,https://a.espncdn.com/i/headshots/college-football/players/full/5298181.png
5298202,Rylin Lang,WR,https://a.espncdn.com/i/headshots/college-football/players/full/5298202.png
5298211,Deion Richardson,WR,https://a.espncdn.com/i/headshots/college-football/players/full/5298211.png
5298212,O'Shawn Ross Jr.,RB,https://a.espncdn.com/i/headshots/college-football/players/full/5298212.png
5298213,Jaron Kelley,TE,https://a.espncdn.com/i/headshots/college-football/players/full/5298213.png
5298214,Kam Ingram,RB,https://a.espncdn.com/i/headshots/college-football/players/full/5298214.png
5298248,Lek Powell,QB,https://a.espncdn.com/i/headshots/college-football/players/full/5298248.png
5298252,Hakeem Watters,RB,https://a.espncdn.com/i/headshots/college-football/players/full/5298252.png
5298260,Hunter Green,TE,https://a.espncdn.com/i/headshots/college-football/players/full/5298260.png
5298262,Aiden Berrios,WR,https://a.espncdn.com/i/headshots/college-football/players/full/5298262.png
5298291,Nolan McWilliams,WR,https://a.espncdn.com/i/headshots/college-football/players/full/5298291.png
5298294,Daveon Superales,WR,https://a.espncdn.com/i/headshots/college-football/players/full/5298294.png
5298321,Thomas Lee,WR,https://a.espncdn.com/i/headshots/college-football/players/full/5298321.png
5298324,Jaqai Carter,WR,https://a.espncdn.com/i/headshots/college-football/players/full/5298324.png
5298328,Cooper Panteck,QB,https://a.espncdn.com/i/headshots/college-football/players/full/5298328.png
5298352,Noah Schaerli,WR,https://a.espncdn.com/i/headshots/college-football/players/full/5298352.png
5298362,Aidan Garrett,RB,https://a.espncdn.com/i/headshots/college-football/players/full/5298362.png
5298364,Shane Eason,RB,https://a.espncdn.com/i/headshots/college-football/players/full/5298364.png
5298379,Chris Hanewich,WR,https://a.espncdn.com/i/headshots/college-football/players/full/5298379.png
5298380,Khalil Wilson,WR,https://a.espncdn.com/i/headshots/college-football/players/full/5298380.png
5298389,Shawn Corchado,WR,https://a.espncdn.com/i/headshots/college-football/players/full/5298389.png
5298399,Steven Dowdy Jr.,WR,https://a.espncdn.com/i/headshots/college-football/players/full/5298399.png
5298400,Dameon Crosby,QB,https://a.espncdn.com/i/headshots/college-football/players/full/5298400.png
5298427,DJ Williams,RB,https://a.espncdn.com/i/headshots/college-football/players/full/5298427.png
5298454,Byron Eaton Jr.,RB,https://a.espncdn.com/i/headshots/college-football/players/full/5298454.png
5298456,Clyde McClendon Jr.,RB,https://a.espncdn.com/i/headshots/college-football/players/full/5298456.png
5298486,Chase Wilson,WR,https://a.espncdn.com/i/headshots/college-football/players/full/5298486.png
5298487,Brooks Bentley,QB,https://a.espncdn.com/i/headshots/college-football/players/full/5298487.png
5298495,Drew Laplante,RB,https://a.espncdn.com/i/headshots/college-football/players/full/5298495.png
5298518,Hoyt Gregory,QB,https://a.espncdn.com/i/headshots/college-football/players/full/5298518.png
5298524,La'Revious Woods,RB,https://a.espncdn.com/i/headshots/college-football/players/full/5298524.png
5298527,Aiden Grote,TE,https://a.espncdn.com/i/headshots/college-football/players/full/5298527.png
5298538,Elijah Roy,WR,https://a.espncdn.com/i/headshots/college-football/players/full/5298538.png
5298539,Christopher Bennett Jr.,WR,https://a.espncdn.com/i/headshots/college-football/players/full/5298539.png
5298552,Jack Sullivan,RB,https://a.espncdn.com/i/headshots/college-football/players/full/5298552.png
5298570,Kaleb Lampkins,WR,https://a.espncdn.com/i/headshots/college-football/players/full/5298570.png
5298614,Tytan Mason,RB,https://a.espncdn.com/i/headshots/college-football/players/full/5298614.png
5298677,Jobe Bryant,WR,https://a.espncdn.com/i/headshots/college-football/players/full/5298677.png
5298679,Khylen Harris-Norman,WR,https://a.espncdn.com/i/headshots/college-football/players/full/5298679.png
5298718,Derrick Blanche Jr.,RB,https://a.espncdn.com/i/headshots/college-football/players/full/5298718.png
5298733,Landon Bailey,TE,https://a.espncdn.com/i/headshots/college-football/players/full/5298733.png
5298739,Logan Inagawa,QB,https://a.espncdn.com/i/headshots/college-football/players/full/5298739.png
5298748,Nick Herman,RB,https://a.espncdn.com/i/headshots/college-football/players/full/5298748.png
5298785,Jayden Guy,WR,https://a.espncdn.com/i/headshots/college-football/players/full/5298785.png
5298787,Byron McNair,QB,https://a.espncdn.com/i/headshots/college-football/players/full/5298787.png
5298797,Zach Simmons-Brown,RB,https://a.espncdn.com/i/headshots/college-football/players/full/5298797.png
5298843,Michael Stevenson,TE,https://a.espncdn.com/i/headshots/college-football/players/full/5298843.png
5298846,Matt Fogler,WR,https://a.espncdn.com/i/headshots/college-football/players/full/5298846.png
5298853,Treynor Cleeland,QB,https://a.espncdn.com/i/headshots/college-football/players/full/5298853.png
5298855,Drew Cofield,RB,https://a.espncdn.com/i/headshots/college-football/players/full/5298855.png
5298856,Tyler Hennessy,WR,https://a.espncdn.com/i/headshots/college-football/players/full/5298856.png
5298860,Xzavior Guess,QB,https://a.espncdn.com/i/headshots/college-football/players/full/5298860.png
5298868,Mason Walsh,RB,https://a.espncdn.com/i/headshots/college-football/players/full/5298868.png
5298880,LaDanian Streets,WR,https://a.espncdn.com/i/headshots/college-football/players/full/5298880.png
5298884,Marquis Bradley,WR,https://a.espncdn.com/i/headshots/college-football/players/full/5298884.png
5299091,Yohan-Li Louis,RB,https://a.espncdn.com/i/headshots/college-football/players/full/5299091.png
5299094,Troy Worrell,WR,https://a.espncdn.com/i/headshots/college-football/players/full/5299094.png
5299111,John Morris,TE,https://a.espncdn.com/i/headshots/college-football/players/full/5299111.png
5299148,Shamar Fowles,WR,https://a.espncdn.com/i/headshots/college-football/players/full/5299148.png
5299151,Brian Williams,WR,https://a.espncdn.com/i/headshots/college-football/players/full/5299151.png
5299163,Khalid Campbell,RB,https://a.espncdn.com/i/headshots/college-football/players/full/5299163.png
5299191,Logan Rubel,TE,https://a.espncdn.com/i/headshots/college-football/players/full/5299191.png
5299224,Thomas Ansley,RB,https://a.espncdn.com/i/headshots/college-football/players/full/5299224.png
5299226,Tate Surber,QB,https://a.espncdn.com/i/headshots/college-football/players/full/5299226.png
5299233,Chris Allen Jr.,RB,https://a.espncdn.com/i/headshots/college-football/players/full/5299233.png
5299294,Lucas Weir,WR,https://a.espncdn.com/i/headshots/college-football/players/full/5299294.png
5299298,Trayjen Llanas-Wilcox,WR,https://a.espncdn.com/i/headshots/college-football/players/full/5299298.png
5299304,Grayson Harvey,QB,https://a.espncdn.com/i/headshots/college-football/players/full/5299304.png
5299305,Jalen Ferguson,QB,https://a.espncdn.com/i/headshots/college-football/players/full/5299305.png
5299307,Chinua Ezeigbo,WR,https://a.espncdn.com/i/headshots/college-football/players/full/5299307.png
5299310,De'Von Thomas,RB,https://a.espncdn.com/i/headshots/college-football/players/full/5299310.png
5299312,Joshua Ellerbe,WR,https://a.espncdn.com/i/headshots/college-football/players/full/5299312.png
5299313,Ethan Lawrence,RB,https://a.espncdn.com/i/headshots/college-football/players/full/5299313.png
5299315,Emmanuel Chambers,RB,https://a.espncdn.com/i/headshots/college-football/players/full/5299315.png
5299326,Stevie Keener,WR,https://a.espncdn.com/i/headshots/college-football/players/full/5299326.png
5299334,Tanner Harrison,WR,https://a.espncdn.com/i/headshots/college-football/players/full/5299334.png
5299337,Jake Whitehead,WR,https://a.espncdn.com/i/headshots/college-football/players/full/5299337.png
5299340,Hymond Drinkard,RB,https://a.espncdn.com/i/headshots/college-football/players/full/5299340.png
5299353,Brycen Davis,WR,https://a.espncdn.com/i/headshots/college-football/players/full/5299353.png
5299364,Cason Carswell,QB,https://a.espncdn.com/i/headshots/college-football/players/full/5299364.png
5299366,Joel Salien,WR,https://a.espncdn.com/i/headshots/college-football/players/full/5299366.png
5299368,Ernest Temple,RB,https://a.espncdn.com/i/headshots/college-football/players/full/5299368.png
5299431,Matthew Scerbo,WR,https://a.espncdn.com/i/headshots/college-football/players/full/5299431.png
5299437,Koven Smith,RB,https://a.espncdn.com/i/headshots/college-football/players/full/5299437.png
5299439,Cam Azodeh,RB,https://a.espncdn.com/i/headshots/college-football/players/full/5299439.png
5299442,Payton Greer,RB,https://a.espncdn.com/i/headshots/college-football/players/full/5299442.png
5299454,Nick Bierman,WR,https://a.espncdn.com/i/headshots/college-football/players/full/5299454.png
5299455,Hunter Ditrano,TE,https://a.espncdn.com/i/headshots/college-football/players/full/5299455.png
5299464,Daniel Moyer,RB,https://a.espncdn.com/i/headshots/college-football/players/full/5299464.png
5299473,Kory Jones,WR,https://a.espncdn.com/i/headshots/college-football/players/full/5299473.png
5299477,Jabre Bevineau,WR,https://a.espncdn.com/i/headshots/college-football/players/full/5299477.png
5299493,Sean Brady,WR,https://a.espncdn.com/i/headshots/college-football/players/full/5299493.png
5299848,Michael Creamer,RB,https://a.espncdn.com/i/headshots/college-football/players/full/5299848.png
5299849,Jack Callaghan,QB,https://a.espncdn.com/i/headshots/college-football/players/full/5299849.png
5299858,Warrick Stephenson,RB,https://a.espncdn.com/i/headshots/college-football/players/full/5299858.png
5299911,Gracen Goldsmith,RB,https://a.espncdn.com/i/headshots/college-football/players/full/5299911.png
5299912,Noah Colon,WR,https://a.espncdn.com/i/headshots/college-football/players/full/5299912.png
5299922,Ja'Sean Lindsey,RB,https://a.espncdn.com/i/headshots/college-football/players/full/5299922.png
5299960,Jonathan Dartez,RB,https://a.espncdn.com/i/headshots/college-football/players/full/5299960.png
5299973,Cohen LeBlanc,WR,https://a.espncdn.com/i/headshots/college-football/players/full/5299973.png
5299986,Jordan Chambers-Smith,WR,https://a.espncdn.com/i/headshots/college-football/players/full/5299986.png
5299989,Jarvis Davis,WR,https://a.espncdn.com/i/headshots/college-football/players/full/5299989.png
5300122,Chance Washington,RB,https://a.espncdn.com/i/headshots/college-football/players/full/5300122.png
5300141,Jaden Henry,WR,https://a.espncdn.com/i/headshots/college-football/players/full/5300141.png
5300296,Carlos Benjamin,RB,https://a.espncdn.com/i/headshots/college-football/players/full/5300296.png
5300301,Ty Doughty,WR,https://a.espncdn.com/i/headshots/college-football/players/full/5300301.png
5300309,Adonis McDaniel,WR,https://a.espncdn.com/i/headshots/college-football/players/full/5300309.png
5300315,DJ Smith,QB,https://a.espncdn.com/i/headshots/college-football/players/full/5300315.png
5300354,Marquez Davis,RB,https://a.espncdn.com/i/headshots/college-football/players/full/5300354.png
5300387,Traylon Minor,RB,https://a.espncdn.com/i/headshots/college-football/players/full/5300387.png
5300389,Carl McDonald Jr.,RB,https://a.espncdn.com/i/headshots/college-football/players/full/5300389.png
5300395,Ernest Lyons,RB,https://a.espncdn.com/i/headshots/college-football/players/full/5300395.png
5300396,Camren Stewart,RB,https://a.espncdn.com/i/headshots/college-football/players/full/5300396.png
5300418,Dedrick Borden,TE,https://a.espncdn.com/i/headshots/college-football/players/full/5300418.png
5300481,Connor Morin,WR,https://a.espncdn.com/i/headshots/college-football/players/full/5300481.png
5300482,Evan James,WR,https://a.espncdn.com/i/headshots/college-football/players/full/5300482.png
5300485,Isaiah Davis,RB,https://a.espncdn.com/i/headshots/college-football/players/full/5300485.png
5300489,CJ Nettles,RB,https://a.espncdn.com/i/headshots/college-football/players/full/5300489.png
5300494,Emmett Grzebin,RB,https://a.espncdn.com/i/headshots/college-football/players/full/5300494.png
5300511,Luke Clyburn,TE,https://a.espncdn.com/i/headshots/college-football/players/full/5300511.png
5300520,Torrey Ward,WR,https://a.espncdn.com/i/headshots/college-football/players/full/5300520.png
5300526,Cam Bland,RB,https://a.espncdn.com/i/headshots/college-football/players/full/5300526.png
5300533,Cannon Pigg,TE,https://a.espncdn.com/i/headshots/college-football/players/full/5300533.png
5300543,Sam Pickett III,WR,https://a.espncdn.com/i/headshots/college-football/players/full/5300543.png
5300643,Chase Cook,RB,https://a.espncdn.com/i/headshots/college-football/players/full/5300643.png
5300698,Quran Gossett,RB,https://a.espncdn.com/i/headshots/college-football/players/full/5300698.png
5300700,Joey Stout,WR,https://a.espncdn.com/i/headshots/college-football/players/full/5300700.png
5300712,Nassim Isaac,TE,https://a.espncdn.com/i/headshots/college-football/players/full/5300712.png
5300715,Jon Wilson,RB,https://a.espncdn.com/i/headshots/college-football/players/full/5300715.png
5300731,Braylon Gardner,WR,https://a.espncdn.com/i/headshots/college-football/players/full/5300731.png
5300733,Joseph Ramirez,WR,https://a.espncdn.com/i/headshots/college-football/players/full/5300733.png
5300739,Tahir Mills,RB,https://a.espncdn.com/i/headshots/college-football/players/full/5300739.png
5300740,Ky Wilson,WR,https://a.espncdn.com/i/headshots/college-football/players/full/5300740.png
5300743,Malachi Lewis,QB,https://a.espncdn.com/i/headshots/college-football/players/full/5300743.png
5300744,Mike Solomon,WR,https://a.espncdn.com/i/headshots/college-football/players/full/5300744.png
5300752,Jeremiah Sanders,WR,https://a.espncdn.com/i/headshots/college-football/players/full/5300752.png
5300775,Sincere Baines,RB,https://a.espncdn.com/i/headshots/college-football/players/full/5300775.png
5300776,Michael McMaugh,QB,https://a.espncdn.com/i/headshots/college-football/players/full/5300776.png
5300780,Sivert Klefsaas,RB,https://a.espncdn.com/i/headshots/college-football/players/full/5300780.png
5300796,Sebastian Ramery,TE,https://a.espncdn.com/i/headshots/college-football/players/full/5300796.png
5300801,Eric Gibson Jr.,QB,https://a.espncdn.com/i/headshots/college-football/players/full/5300801.png
5300808,Kieryus Boone,RB,https://a.espncdn.com/i/headshots/college-football/players/full/5300808.png
5300827,Trey Olsen,WR,https://a.espncdn.com/i/headshots/college-football/players/full/5300827.png
5300846,Brennan Carroll,RB,https://a.espncdn.com/i/headshots/college-football/players/full/5300846.png
5300847,Atzel Chavez Jr.,QB,https://a.espncdn.com/i/headshots/college-football/players/full/5300847.png
5300851,Tavian Cord,WR,https://a.espncdn.com/i/headshots/college-football/players/full/5300851.png
5300855,TJ Dement,RB,https://a.espncdn.com/i/headshots/college-football/players/full/5300855.png
5300856,Tony Diaz,WR,https://a.espncdn.com/i/headshots/college-football/players/full/5300856.png
5300863,Fabian Garcia,RB,https://a.espncdn.com/i/headshots/college-football/players/full/5300863.png
5300866,Cameron Glenn,WR,https://a.espncdn.com/i/headshots/college-football/players/full/5300866.png
5300877,Corey Holmes,WR,https://a.espncdn.com/i/headshots/college-football/players/full/5300877.png
5300880,Aidan Jakobsohn,QB,https://a.espncdn.com/i/headshots/college-football/players/full/5300880.png
5300882,Kyran Lee,WR,https://a.espncdn.com/i/headshots/college-football/players/full/5300882.png
5300903,Christian Sabsook,WR,https://a.espncdn.com/i/headshots/college-football/players/full/5300903.png
5300906,Keilan Sweeny,WR,https://a.espncdn.com/i/headshots/college-football/players/full/5300906.png
5300907,Broderick Taylor,RB,https://a.espncdn.com/i/headshots/college-football/players/full/5300907.png
5300926,TJ Lester,RB,https://a.espncdn.com/i/headshots/college-football/players/full/5300926.png
5300928,Naeem Odeniyi,RB,https://a.espncdn.com/i/headshots/college-football/players/full/5300928.png
5300949,Jabari Staples,WR,https://a.espncdn.com/i/headshots/college-football/players/full/5300949.png
5300952,Aidan Sefa,TE,https://a.espncdn.com/i/headshots/college-football/players/full/5300952.png
5300971,Kenny Smith Jr.,RB,https://a.espncdn.com/i/headshots/college-football/players/full/5300971.png
5301028,JaQuail Smith,RB,https://a.espncdn.com/i/headshots/college-football/players/full/5301028.png
5301029,Elias Brown,RB,https://a.espncdn.com/i/headshots/college-football/players/full/5301029.png
5301047,Elijah Huddle,TE,https://a.espncdn.com/i/headshots/college-football/players/full/5301047.png
5301056,Jy Walls,QB,https://a.espncdn.com/i/headshots/college-football/players/full/5301056.png
5301057,Nelson Layne,QB,https://a.espncdn.com/i/headshots/college-football/players/full/5301057.png
5301083,Terrence Campbell,RB,https://a.espncdn.com/i/headshots/college-football/players/full/5301083.png
5301109,Kai Austin,WR,https://a.espncdn.com/i/headshots/college-football/players/full/5301109.png
5301110,Alfred Honesty,WR,https://a.espncdn.com/i/headshots/college-football/players/full/5301110.png
5301114,Carter Carroll,QB,https://a.espncdn.com/i/headshots/college-football/players/full/5301114.png
5301116,Brayden Smalls,RB,https://a.espncdn.com/i/headshots/college-football/players/full/5301116.png
5301127,Gavin McIntosh,WR,https://a.espncdn.com/i/headshots/college-football/players/full/5301127.png
5301130,Chandler Chapman,RB,https://a.espncdn.com/i/headshots/college-football/players/full/5301130.png
5301163,Refeno Vangates,WR,https://a.espncdn.com/i/headshots/college-football/players/full/5301163.png
5301181,Braden Reed,WR,https://a.espncdn.com/i/headshots/college-football/players/full/5301181.png
5301188,Tyler Womack,RB,https://a.espncdn.com/i/headshots/college-football/players/full/5301188.png
5301189,Antonio Hunter,WR,https://a.espncdn.com/i/headshots/college-football/players/full/5301189.png
5301192,John Simmons III,WR,https://a.espncdn.com/i/headshots/college-football/players/full/5301192.png
5301193,Terrell Russell,QB,https://a.espncdn.com/i/headshots/college-football/players/full/5301193.png
5301194,Zaden Jackson,WR,https://a.espncdn.com/i/headshots/college-football/players/full/5301194.png
5301198,John Washington III,RB,https://a.espncdn.com/i/headshots/college-football/players/full/5301198.png
5301240,Kyree Paul,RB,https://a.espncdn.com/i/headshots/college-football/players/full/5301240.png
5301243,Lonnie Shinn,TE,https://a.espncdn.com/i/headshots/college-football/players/full/5301243.png
5301244,Calvin Smith Jr.,RB,https://a.espncdn.com/i/headshots/college-football/players/full/5301244.png
5301249,Jasiah Barron,WR,https://a.espncdn.com/i/headshots/college-football/players/full/5301249.png
5301250,BJ Norman,WR,https://a.espncdn.com/i/headshots/college-football/players/full/5301250.png
5301281,Dimitri Howard,WR,https://a.espncdn.com/i/headshots/college-football/players/full/5301281.png
5301297,Dylan Embry,RB,https://a.espncdn.com/i/headshots/college-football/players/full/5301297.png
5301331,Ty Brown,TE,https://a.espncdn.com/i/headshots/college-football/players/full/5301331.png
5301334,Jaxon Potter,WR,https://a.espncdn.com/i/headshots/college-football/players/full/5301334.png
5301335,Brooks Kleinpeter,TE,https://a.espncdn.com/i/headshots/college-football/players/full/5301335.png
5301345,Braylon Finney,WR,https://a.espncdn.com/i/headshots/college-football/players/full/5301345.png
5301346,Reilly Garcia,QB,https://a.espncdn.com/i/headshots/college-football/players/full/5301346.png
5301379,Ravon Moore,RB,https://a.espncdn.com/i/headshots/college-football/players/full/5301379.png
5301445,Max McCool,RB,https://a.espncdn.com/i/headshots/college-football/players/full/5301445.png
5301465,Talan White-Hatch,WR,https://a.espncdn.com/i/headshots/college-football/players/full/5301465.png
5301466,Jaylan Johnson,WR,https://a.espncdn.com/i/headshots/college-football/players/full/5301466.png
5301478,Griffin Broderick,RB,https://a.espncdn.com/i/headshots/college-football/players/full/5301478.png
5301479,Charles Langama,RB,https://a.espncdn.com/i/headshots/college-football/players/full/5301479.png
5301497,Nathan Hromadka,TE,https://a.espncdn.com/i/headshots/college-football/players/full/5301497.png
5301527,Hubert Thomas,RB,https://a.espncdn.com/i/headshots/college-football/players/full/5301527.png
5301576,Kamari Maxwell,WR,https://a.espncdn.com/i/headshots/college-football/players/full/5301576.png
5301599,Rayden Aphayvong,TE,https://a.espncdn.com/i/headshots/college-football/players/full/5301599.png
5301602,Andrew Riggs,TE,https://a.espncdn.com/i/headshots/college-football/players/full/5301602.png
5301612,James Dely,WR,https://a.espncdn.com/i/headshots/college-football/players/full/5301612.png
5301613,Lucas Martin,WR,https://a.espncdn.com/i/headshots/college-football/players/full/5301613.png
5301655,John Austin Wood,QB,https://a.espncdn.com/i/headshots/college-football/players/full/5301655.png
5301657,Andrew Indorf,QB,https://a.espncdn.com/i/headshots/college-football/players/full/5301657.png
5301659,Kemarrion Battles,RB,https://a.espncdn.com/i/headshots/college-football/players/full/5301659.png
5301681,Cody Szymansky,WR,https://a.espncdn.com/i/headshots/college-football/players/full/5301681.png
5301713,LaDamion McDowell,RB,https://a.espncdn.com/i/headshots/college-football/players/full/5301713.png
5301719,Julian Salazar,QB,https://a.espncdn.com/i/headshots/college-football/players/full/5301719.png
5301725,Blake Thomas,WR,https://a.espncdn.com/i/headshots/college-football/players/full/5301725.png
5301731,Tyler Travers,QB,https://a.espncdn.com/i/headshots/college-football/players/full/5301731.png
5301743,Jakobie Hughes,TE,https://a.espncdn.com/i/headshots/college-football/players/full/5301743.png
5301746,Braylon Newcomb,WR,https://a.espncdn.com/i/headshots/college-football/players/full/5301746.png
5301747,Tyree Weatherspoon,WR,https://a.espncdn.com/i/headshots/college-football/players/full/5301747.png
5301767,Cortez Stone,RB,https://a.espncdn.com/i/headshots/college-football/players/full/5301767.png
5301779,Corey Blair Jr.,RB,https://a.espncdn.com/i/headshots/college-football/players/full/5301779.png
5301782,Josiah Johnson,RB,https://a.espncdn.com/i/headshots/college-football/players/full/5301782.png
5301816,Jett Peddy,QB,https://a.espncdn.com/i/headshots/college-football/players/full/5301816.png
5301818,Jamar Taylor,WR,https://a.espncdn.com/i/headshots/college-football/players/full/5301818.png
5301842,Ty Durham,WR,https://a.espncdn.com/i/headshots/college-football/players/full/5301842.png
5301845,Tyrell Pollard,WR,https://a.espncdn.com/i/headshots/college-football/players/full/5301845.png
5301871,Cole Keller,TE,https://a.espncdn.com/i/headshots/college-football/players/full/5301871.png
5301873,Jeremiah Harrison,WR,https://a.espncdn.com/i/headshots/college-football/players/full/5301873.png
5301875,Jackson Byrd,QB,https://a.espncdn.com/i/headshots/college-football/players/full/5301875.png
5301882,Khalil Eichelberger,RB,https://a.espncdn.com/i/headshots/college-football/players/full/5301882.png
5301892,Jaiden Daniels,RB,https://a.espncdn.com/i/headshots/college-football/players/full/5301892.png
5301917,Will Greene,WR,https://a.espncdn.com/i/headshots/college-football/players/full/5301917.png
5301979,Josh Perry,RB,https://a.espncdn.com/i/headshots/college-football/players/full/5301979.png
5301983,Marcus Striggles,WR,https://a.espncdn.com/i/headshots/college-football/players/full/5301983.png
5301984,Josiah Thomas,TE,https://a.espncdn.com/i/headshots/college-football/players/full/5301984.png
5301987,Terrance Honeywood,WR,https://a.espncdn.com/i/headshots/college-football/players/full/5301987.png
5301989,Gerald Modest,RB,https://a.espncdn.com/i/headshots/college-football/players/full/5301989.png
5301990,Jayden Whitaker,QB,https://a.espncdn.com/i/headshots/college-football/players/full/5301990.png
5302026,Jack Ewell,TE,https://a.espncdn.com/i/headshots/college-football/players/full/5302026.png
5302027,Matt Flanders,TE,https://a.espncdn.com/i/headshots/college-football/players/full/5302027.png
5302028,Colby Alexander,WR,https://a.espncdn.com/i/headshots/college-football/players/full/5302028.png
5302041,Marquis Willis,WR,https://a.espncdn.com/i/headshots/college-football/players/full/5302041.png
5302080,Beau Herrington,RB,https://a.espncdn.com/i/headshots/college-football/players/full/5302080.png
5302115,Austyn Modrzewski,QB,https://a.espncdn.com/i/headshots/college-football/players/full/5302115.png
5302121,Carson Fletcher,RB,https://a.espncdn.com/i/headshots/college-football/players/full/5302121.png
5302130,Brayden White,WR,https://a.espncdn.com/i/headshots/college-football/players/full/5302130.png
5302134,Brandon Campbell,RB,https://a.espncdn.com/i/headshots/college-football/players/full/5302134.png
5302166,William Taylor,WR,https://a.espncdn.com/i/headshots/college-football/players/full/5302166.png
5302259,Draiden Trudeau,QB,https://a.espncdn.com/i/headshots/college-football/players/full/5302259.png
5302266,Donovan Brown,WR,https://a.espncdn.com/i/headshots/college-football/players/full/5302266.png
5302270,Jack Lua,TE,https://a.espncdn.com/i/headshots/college-football/players/full/5302270.png
5302416,Nehemiah Hixon,WR,https://a.espncdn.com/i/headshots/college-football/players/full/5302416.png
5302454,Eli Anderson,QB,https://a.espncdn.com/i/headshots/college-football/players/full/5302454.png
5302469,Brendan Webb,WR,https://a.espncdn.com/i/headshots/college-football/players/full/5302469.png
5302483,Isaiah Champagne,WR,https://a.espncdn.com/i/headshots/college-football/players/full/5302483.png
5302489,Ben McCreary,RB,https://a.espncdn.com/i/headshots/college-football/players/full/5302489.png
5302501,Ian Reynolds,QB,https://a.espncdn.com/i/headshots/college-football/players/full/5302501.png
5302525,Halim Hardnett,WR,https://a.espncdn.com/i/headshots/college-football/players/full/5302525.png
5302526,Julio Carrecter,WR,https://a.espncdn.com/i/headshots/college-football/players/full/5302526.png
5302527,Traveion Slaughter,WR,https://a.espncdn.com/i/headshots/college-football/players/full/5302527.png
5302597,Richard Perkins Jr.,WR,https://a.espncdn.com/i/headshots/college-football/players/full/5302597.png
5302599,Uriah Moats-Maynard,RB,https://a.espncdn.com/i/headshots/college-football/players/full/5302599.png
5302607,Karlos Grier,WR,https://a.espncdn.com/i/headshots/college-football/players/full/5302607.png
5302638,Benjamin Newman,QB,https://a.espncdn.com/i/headshots/college-football/players/full/5302638.png
5302641,Malik Redd,WR,https://a.espncdn.com/i/headshots/college-football/players/full/5302641.png
5302651,Alex Simmons,TE,https://a.espncdn.com/i/headshots/college-football/players/full/5302651.png
5302655,Dante Archie,WR,https://a.espncdn.com/i/headshots/college-football/players/full/5302655.png
5302656,Justin Perry,WR,https://a.espncdn.com/i/headshots/college-football/players/full/5302656.png
5302672,Nicholas Williams,WR,https://a.espncdn.com/i/headshots/college-football/players/full/5302672.png
5302676,William Johns,WR,https://a.espncdn.com/i/headshots/college-football/players/full/5302676.png
5302677,Malachi Bryant,TE,https://a.espncdn.com/i/headshots/college-football/players/full/5302677.png
5302734,Brody Dawyot,TE,https://a.espncdn.com/i/headshots/college-football/players/full/5302734.png
5302741,Jeremiah Daoud,QB,https://a.espncdn.com/i/headshots/college-football/players/full/5302741.png
5302760,Tae'Sean Robinson,WR,https://a.espncdn.com/i/headshots/college-football/players/full/5302760.png
5302804,Zach Hackleman,WR,https://a.espncdn.com/i/headshots/college-football/players/full/5302804.png
5302825,Deshon Jenkins,RB,https://a.espncdn.com/i/headshots/college-football/players/full/5302825.png
5302828,Pauly Sadler,WR,https://a.espncdn.com/i/headshots/college-football/players/full/5302828.png
5302862,Zaire McKinney,WR,https://a.espncdn.com/i/headshots/college-football/players/full/5302862.png
5302869,TK Davis,RB,https://a.espncdn.com/i/headshots/college-football/players/full/5302869.png
5302914,RJ Lancaster,WR,https://a.espncdn.com/i/headshots/college-football/players/full/5302914.png
5303116,Andrew Korkosz,TE,https://a.espncdn.com/i/headshots/college-football/players/full/5303116.png
5303173,Galamama Mulbah,RB,https://a.espncdn.com/i/headshots/college-football/players/full/5303173.png
5303239,Zay Hilliard,WR,https://a.espncdn.com/i/headshots/college-football/players/full/5303239.png
5303254,Jaylin Taylor,WR,https://a.espncdn.com/i/headshots/college-football/players/full/5303254.png
5303264,Dameon Crowe,WR,https://a.espncdn.com/i/headshots/college-football/players/full/5303264.png
5303299,Terrence Rone,WR,https://a.espncdn.com/i/headshots/college-football/players/full/5303299.png
5303302,Sean Weston Jr.,RB,https://a.espncdn.com/i/headshots/college-football/players/full/5303302.png
5303335,Maury Sullivan,WR,https://a.espncdn.com/i/headshots/college-football/players/full/5303335.png
5303353,Maurice Sims,RB,https://a.espncdn.com/i/headshots/college-football/players/full/5303353.png
5303362,Christian Peters,QB,https://a.espncdn.com/i/headshots/college-football/players/full/5303362.png
5303364,Garrison Davis,QB,https://a.espncdn.com/i/headshots/college-football/players/full/5303364.png
5303366,Bryant Sanchez,WR,https://a.espncdn.com/i/headshots/college-football/players/full/5303366.png
5303367,Jaylen Jennings,RB,https://a.espncdn.com/i/headshots/college-football/players/full/5303367.png
5303387,Ellis Stewart,WR,https://a.espncdn.com/i/headshots/college-football/players/full/5303387.png
5303389,Tyreke Jinks,TE,https://a.espncdn.com/i/headshots/college-football/players/full/5303389.png
5303390,Bryce Robinson,WR,https://a.espncdn.com/i/headshots/college-football/players/full/5303390.png
5303488,Chad Elzy Jr.,RB,https://a.espncdn.com/i/headshots/college-football/players/full/5303488.png
5303530,Callum Brent,RB,https://a.espncdn.com/i/headshots/college-football/players/full/5303530.png
5303826,Evan Chieca,TE,https://a.espncdn.com/i/headshots/college-football/players/full/5303826.png
5303997,Brenden Hodge,WR,https://a.espncdn.com/i/headshots/college-football/players/full/5303997.png
5304030,Peyton Nelson,WR,https://a.espncdn.com/i/headshots/college-football/players/full/5304030.png
5304039,Emmanuel Dyson,WR,https://a.espncdn.com/i/headshots/college-football/players/full/5304039.png
5304069,Norman Taylor,RB,https://a.espncdn.com/i/headshots/college-football/players/full/5304069.png
5304102,Kelton Wafer,WR,https://a.espncdn.com/i/headshots/college-football/players/full/5304102.png
5304122,Robert Young,WR,https://a.espncdn.com/i/headshots/college-football/players/full/5304122.png
5304129,Emanuel Fincher,RB,https://a.espncdn.com/i/headshots/college-football/players/full/5304129.png
5304132,Tyler Tusai,QB,https://a.espncdn.com/i/headshots/college-football/players/full/5304132.png
5304135,Camden Lewis,TE,https://a.espncdn.com/i/headshots/college-football/players/full/5304135.png
5304138,Jameir Gamble,RB,https://a.espncdn.com/i/headshots/college-football/players/full/5304138.png
5304167,Sha'lik Hampton,TE,https://a.espncdn.com/i/headshots/college-football/players/full/5304167.png
5304322,Juan Rodriguez,RB,https://a.espncdn.com/i/headshots/college-football/players/full/5304322.png
5304323,Willie Anderson,WR,https://a.espncdn.com/i/headshots/college-football/players/full/5304323.png
5304325,Rashon Brown,RB,https://a.espncdn.com/i/headshots/college-football/players/full/5304325.png
5304415,Tanner Rubinstein,RB,https://a.espncdn.com/i/headshots/college-football/players/full/5304415.png
5304536,Mekhi Moore,QB,https://a.espncdn.com/i/headshots/college-football/players/full/5304536.png
5304537,Mason Pickett-Hicks,RB,https://a.espncdn.com/i/headshots/college-football/players/full/5304537.png
5304541,Julian Milligan,RB,https://a.espncdn.com/i/headshots/college-football/players/full/5304541.png
5304542,DaeMon Cherry,WR,https://a.espncdn.com/i/headshots/college-football/players/full/5304542.png
5304952,Boakai Veikei,WR,https://a.espncdn.com/i/headshots/college-football/players/full/5304952.png
5304953,Tristin McFarland,TE,https://a.espncdn.com/i/headshots/college-football/players/full/5304953.png
5304955,Jayden Simpson,WR,https://a.espncdn.com/i/headshots/college-football/players/full/5304955.png
5305431,Kieren Jackson,WR,https://a.espncdn.com/i/headshots/college-football/players/full/5305431.png
5305463,Nick Woodford,RB,https://a.espncdn.com/i/headshots/college-football/players/full/5305463.png
5305901,Shamar Vick,WR,https://a.espncdn.com/i/headshots/college-football/players/full/5305901.png
5306440,Evan Medders,QB,https://a.espncdn.com/i/headshots/college-football/players/full/5306440.png
5306457,Hayden Benoit,QB,https://a.espncdn.com/i/headshots/college-football/players/full/5306457.png
5306510,Zerrick Jones,RB,https://a.espncdn.com/i/headshots/college-football/players/full/5306510.png
5306630,Kyjuan Taylor,RB,https://a.espncdn.com/i/headshots/college-football/players/full/5306630.png
5306635,Keenan Jackson Jr.,RB,https://a.espncdn.com/i/headshots/college-football/players/full/5306635.png
5306654,Jaquan McGee,WR,https://a.espncdn.com/i/headshots/college-football/players/full/5306654.png
5306774,Jalen Williams,TE,https://a.espncdn.com/i/headshots/college-football/players/full/5306774.png
5306988,Terrence Brown,RB,https://a.espncdn.com/i/headshots/college-football/players/full/5306988.png
5307005,Mason McKenzie,QB,https://a.espncdn.com/i/headshots/college-football/players/full/5307005.png
5308438,Ashton Strother,QB,https://a.espncdn.com/i/headshots/college-football/players/full/5308438.png
5308878,Zach Stair,WR,https://a.espncdn.com/i/headshots/college-football/players/full/5308878.png
5309672,Sylas Maiava-Alaimalo,WR,https://a.espncdn.com/i/headshots/college-football/players/full/5309672.png
5310001,Paul Summers II,WR,https://a.espncdn.com/i/headshots/college-football/players/full/5310001.png
5310132,Daniel Swinney,RB,https://a.espncdn.com/i/headshots/college-football/players/full/5310132.png
5310992,Barry Kpeenu,RB,https://a.espncdn.com/i/headshots/college-football/players/full/5310992.png
5311304,George Rohl,TE,https://a.espncdn.com/i/headshots/college-football/players/full/5311304.png
5323149,Dorian Patterson,WR,https://a.espncdn.com/i/headshots/college-football/players/full/5323149.png
5325545,Tre Garrison,RB,https://a.espncdn.com/i/headshots/college-football/players/full/5325545.png
5326123,Jamal Polite Jr.,WR,https://a.espncdn.com/i/headshots/college-football/players/full/5326123.png
5326902,Jerrod Williams Jr.,WR,https://a.espncdn.com/i/headshots/college-football/players/full/5326902.png
5326947,Bailen George,WR,https://a.espncdn.com/i/headshots/college-football/players/full/5326947.png
5327017,Amar'e Johnson,RB,https://a.espncdn.com/i/headshots/college-football/players/full/5327017.png
5327140,Niko Castillo,RB,https://a.espncdn.com/i/headshots/college-football/players/full/5327140.png
5327228,Kaden Winkfield,RB,https://a.espncdn.com/i/headshots/college-football/players/full/5327228.png
5327235,Solomon Baggett,RB,https://a.espncdn.com/i/headshots/college-football/players/full/5327235.png
5327431,Gatlin Bair,WR,https://a.espncdn.com/i/headshots/college-football/players/full/5327431.png
5327494,Nakeem Powell,RB,https://a.espncdn.com/i/headshots/college-football/players/full/5327494.png
5327568,Bodey Weaver,QB,https://a.espncdn.com/i/headshots/college-football/players/full/5327568.png
5327583,Tavian Dashiell,WR,https://a.espncdn.com/i/headshots/college-football/players/full/5327583.png
5327585,Aedan McCarthy,QB,https://a.espncdn.com/i/headshots/college-football/players/full/5327585.png
5327601,Brandon White,RB,https://a.espncdn.com/i/headshots/college-football/players/full/5327601.png
5327618,Isaiah Watson,WR,
5327659,Trae'shawn Brown,RB,https://a.espncdn.com/i/headshots/college-football/players/full/5327659.png
5328086,Elijah Holmes,QB,https://a.espncdn.com/i/headshots/college-football/players/full/5328086.png
5328488,Luke Dehnicke,TE,https://a.espncdn.com/i/headshots/college-football/players/full/5328488.png
5331284,Stone Furrey,WR,https://a.espncdn.com/i/headshots/college-football/players/full/5331284.png
5331747,Tyree Holloway,WR,https://a.espncdn.com/i/headshots/college-football/players/full/5331747.png
5332125,Tanner Vibabul,QB,https://a.espncdn.com/i/headshots/college-football/players/full/5332125.png
5333436,Preston Hatfield,RB,https://a.espncdn.com/i/headshots/college-football/players/full/5333436.png
5334231,Adarion Nettles,RB,https://a.espncdn.com/i/headshots/college-football/players/full/5334231.png
5363611,Raymond Liggins III,WR,
5369943,Ejani Shakir,WR,https://a.espncdn.com/i/headshots/college-football/players/full/5369943.png
5369947,Quayd Hendryx,WR,https://a.espncdn.com/i/headshots/college-football/players/full/5369947.png
5371961,Gordon Sellars III,WR,https://a.espncdn.com/i/headshots/college-football/players/full/5371961.png
5372128,Matt Mayfield,WR,https://a.espncdn.com/i/headshots/college-football/players/full/5372128.png
5372196,Amari Thomas,RB,https://a.espncdn.com/i/headshots/college-football/players/full/5372196.png
5378098,Tex Vaughn,TE,https://a.espncdn.com/i/headshots/college-football/players/full/5378098.png
5379835,Zeke Marshall,WR,https://a.espncdn.com/i/headshots/college-football/players/full/5379835.png
5379841,Ben Verges,TE,https://a.espncdn.com/i/headshots/college-football/players/full/5379841.png
5381375,Gavin Nuckolls,QB,https://a.espncdn.com/i/headshots/college-football/players/full/5381375.png
5381512,Jordyn Adams,WR,https://a.espncdn.com/i/headshots/college-football/players/full/5381512.png
5381523,James Lewis,RB,https://a.espncdn.com/i/headshots/college-football/players/full/5381523.png
5381557,Braeden Robinson,WR,https://a.espncdn.com/i/headshots/college-football/players/full/5381557.png
5382290,Keawe Browne,TE,https://a.espncdn.com/i/headshots/college-football/players/full/5382290.png
5382524,Andrew Chavez,RB,https://a.espncdn.com/i/headshots/college-football/players/full/5382524.png
5382529,Deuce Lawrence,RB,https://a.espncdn.com/i/headshots/college-football/players/full/5382529.png
5382841,LT Robinson,WR,https://a.espncdn.com/i/headshots/college-football/players/full/5382841.png
5382854,CJ Phillip,RB,https://a.espncdn.com/i/headshots/college-football/players/full/5382854.png
5382856,Bryson Roland,RB,https://a.espncdn.com/i/headshots/college-football/players/full/5382856.png
5382857,Trevon Kinchen,RB,https://a.espncdn.com/i/headshots/college-football/players/full/5382857.png
5382869,Marcellus Jackson,WR,https://a.espncdn.com/i/headshots/college-football/players/full/5382869.png
5382898,Landon Varnes,QB,https://a.espncdn.com/i/headshots/college-football/players/full/5382898.png
5382927,Jordan Thompson,RB,
5382933,Joshua Joseph,WR,https://a.espncdn.com/i/headshots/college-football/players/full/5382933.png
5382987,Jaden Miller,RB,https://a.espncdn.com/i/headshots/college-football/players/full/5382987.png
5382992,Rayshun Hurt,RB,https://a.espncdn.com/i/headshots/college-football/players/full/5382992.png
5383058,Koraun Perdue,WR,
5383072,Michael Osei-Bonsu,TE,https://a.espncdn.com/i/headshots/college-football/players/full/5383072.png
5383813,Tom Flintoff,RB,https://a.espncdn.com/i/headshots/college-football/players/full/5383813.png
5384625,Jack Reeves,RB,https://a.espncdn.com/i/headshots/college-football/players/full/5384625.png
5384681,Derrick Salley Jr.,WR,https://a.espncdn.com/i/headshots/college-football/players/full/5384681.png
5384719,Jaylen Stokes,WR,
5384739,Justin Powell,RB,https://a.espncdn.com/i/headshots/college-football/players/full/5384739.png
5384797,Brett Holloway,QB,https://a.espncdn.com/i/headshots/college-football/players/full/5384797.png
5384799,MJ Dowdy,RB,https://a.espncdn.com/i/headshots/college-football/players/full/5384799.png
5384819,Kedrick Triplett,WR,https://a.espncdn.com/i/headshots/college-football/players/full/5384819.png
5384821,Martavious Boswell,RB,https://a.espncdn.com/i/headshots/college-football/players/full/5384821.png
5385726,Tyren Hornes,WR,https://a.espncdn.com/i/headshots/college-football/players/full/5385726.png
5385742,Ace Cooper,WR,https://a.espncdn.com/i/headshots/college-football/players/full/5385742.png
5385753,Jay Kastantin,QB,https://a.espncdn.com/i/headshots/college-football/players/full/5385753.png
5385754,Marceles Carey,RB,https://a.espncdn.com/i/headshots/college-football/players/full/5385754.png
5387611,Jaylen Andrews,WR,https://a.espncdn.com/i/headshots/college-football/players/full/5387611.png
5387612,Clint Walker,TE,https://a.espncdn.com/i/headshots/college-football/players/full/5387612.png
5387646,Myles Peters,TE,https://a.espncdn.com/i/headshots/college-football/players/full/5387646.png
5387647,Gavin Spillers,TE,https://a.espncdn.com/i/headshots/college-football/players/full/5387647.png
5388300,Demonte Greene,WR,https://a.espncdn.com/i/headshots/college-football/players/full/5388300.png
5388310,Ethan Thanthanavong,QB,https://a.espncdn.com/i/headshots/college-football/players/full/5388310.png
5388331,Curtis Kimmons IV,RB,https://a.espncdn.com/i/headshots/college-football/players/full/5388331.png
5388332,Jabari Lewis,WR,https://a.espncdn.com/i/headshots/college-football/players/full/5388332.png
5388359,Keegan Sack,WR,https://a.espncdn.com/i/headshots/college-football/players/full/5388359.png
5388364,Price Davis,RB,https://a.espncdn.com/i/headshots/college-football/players/full/5388364.png
5388370,Oswaldo Morales,RB,https://a.espncdn.com/i/headshots/college-football/players/full/5388370.png
5388435,Caleb Heavner,QB,https://a.espncdn.com/i/headshots/college-football/players/full/5388435.png
5388754,Gavin Griffin,RB,https://a.espncdn.com/i/headshots/college-football/players/full/5388754.png
5388762,Howard Kinchen,WR,https://a.espncdn.com/i/headshots/college-football/players/full/5388762.png
5388763,Nick Hampton,TE,https://a.espncdn.com/i/headshots/college-football/players/full/5388763.png
5388765,Bryce Burgess,RB,https://a.espncdn.com/i/headshots/college-football/players/full/5388765.png
5388800,Janerious Jackson,RB,https://a.espncdn.com/i/headshots/college-football/players/full/5388800.png
5388802,Don Henry,WR,https://a.espncdn.com/i/headshots/college-football/players/full/5388802.png
5388850,Trey Moore,TE,https://a.espncdn.com/i/headshots/college-football/players/full/5388850.png
5388929,Kelan McInerney,WR,https://a.espncdn.com/i/headshots/college-football/players/full/5388929.png
5388937,Glen Weber,TE,https://a.espncdn.com/i/headshots/college-football/players/full/5388937.png
5389943,Skylar Vann,RB,https://a.espncdn.com/i/headshots/college-football/players/full/5389943.png
5390014,Braesen Leon,QB,https://a.espncdn.com/i/headshots/college-football/players/full/5390014.png
5390015,Jaden Moore,RB,https://a.espncdn.com/i/headshots/college-football/players/full/5390015.png
5390016,Chris Hunter,RB,https://a.espncdn.com/i/headshots/college-football/players/full/5390016.png
5390023,Jeremiah Nash,WR,https://a.espncdn.com/i/headshots/college-football/players/full/5390023.png
5390043,King Phillips,WR,https://a.espncdn.com/i/headshots/college-football/players/full/5390043.png
5390044,Tyrese Woodgett,RB,https://a.espncdn.com/i/headshots/college-football/players/full/5390044.png
5390417,Antojuan Woody,WR,https://a.espncdn.com/i/headshots/college-football/players/full/5390417.png
5390418,Leonard Farrow,RB,https://a.espncdn.com/i/headshots/college-football/players/full/5390418.png
5390431,Peter Cannon,TE,https://a.espncdn.com/i/headshots/college-football/players/full/5390431.png
5390453,William Mason,RB,https://a.espncdn.com/i/headshots/college-football/players/full/5390453.png
5391236,Kari Ashley,TE,https://a.espncdn.com/i/headshots/college-football/players/full/5391236.png
5391321,Truman Brasfield,WR,https://a.espncdn.com/i/headshots/college-football/players/full/5391321.png
5391331,Evan Blouir,QB,https://a.espncdn.com/i/headshots/college-football/players/full/5391331.png
5391336,Garrison Edwards,RB,https://a.espncdn.com/i/headshots/college-football/players/full/5391336.png
5391358,Jacob Williams,RB,https://a.espncdn.com/i/headshots/college-football/players/full/5391358.png
5393157,Journee Tonga,RB,https://a.espncdn.com/i/headshots/college-football/players/full/5393157.png
5393160,Jared Esplin,WR,https://a.espncdn.com/i/headshots/college-football/players/full/5393160.png
5393807,Jayson Moll,RB,https://a.espncdn.com/i/headshots/college-football/players/full/5393807.png
5393808,JR Mosley,RB,https://a.espncdn.com/i/headshots/college-football/players/full/5393808.png
5394410,Riley Palmeter,TE,https://a.espncdn.com/i/headshots/college-football/players/full/5394410.png
5394415,Khamoni Robinson,QB,https://a.espncdn.com/i/headshots/college-football/players/full/5394415.png
5394557,Ja'Varien Salter,RB,https://a.espncdn.com/i/headshots/college-football/players/full/5394557.png
5394591,Eelijah Singleton,WR,https://a.espncdn.com/i/headshots/college-football/players/full/5394591.png
5394595,Jaylen Himes,WR,https://a.espncdn.com/i/headshots/college-football/players/full/5394595.png
5394596,Steven Robinson,RB,https://a.espncdn.com/i/headshots/college-football/players/full/5394596.png
5394605,Dusty Zimmer,RB,https://a.espncdn.com/i/headshots/college-football/players/full/5394605.png
5397589,Elijah Alexander,TE,https://a.espncdn.com/i/headshots/college-football/players/full/5397589.png
5397590,Gentz Hilburn,WR,https://a.espncdn.com/i/headshots/college-football/players/full/5397590.png
5401457,Kenyon Shabazz,WR,https://a.espncdn.com/i/headshots/college-football/players/full/5401457.png
5401458,Brian Salazar,QB,https://a.espncdn.com/i/headshots/college-football/players/full/5401458.png
5402059,Emmett Dowling,QB,https://a.espncdn.com/i/headshots/college-football/players/full/5402059.png
5402081,Matthew Giannantonio,WR,https://a.espncdn.com/i/headshots/college-football/players/full/5402081.png
5402082,Nick Wonsala,WR,https://a.espncdn.com/i/headshots/college-football/players/full/5402082.png
5402083,Tom Arth,TE,https://a.espncdn.com/i/headshots/college-football/players/full/5402083.png
5402097,O'Shea Faison,RB,https://a.espncdn.com/i/headshots/college-football/players/full/5402097.png
5402131,Crew Colon,QB,https://a.espncdn.com/i/headshots/college-football/players/full/5402131.png
5402132,Barrett Fallon,RB,https://a.espncdn.com/i/headshots/college-football/players/full/5402132.png
5402213,Kameron Vance,WR,https://a.espncdn.com/i/headshots/college-football/players/full/5402213.png
5402220,Malachi Gamble,RB,https://a.espncdn.com/i/headshots/college-football/players/full/5402220.png
5402231,Drew Watson,WR,https://a.espncdn.com/i/headshots/college-football/players/full/5402231.png
5402260,Bryce Allen,WR,https://a.espncdn.com/i/headshots/college-football/players/full/5402260.png
5402290,Nolan DiLucia,QB,https://a.espncdn.com/i/headshots/college-football/players/full/5402290.png
5402298,Jake Hilton,WR,https://a.espncdn.com/i/headshots/college-football/players/full/5402298.png
5402312,Brandon Way Jr.,RB,https://a.espncdn.com/i/headshots/college-football/players/full/5402312.png
5402325,Khylil Johnson,WR,https://a.espncdn.com/i/headshots/college-football/players/full/5402325.png
5402328,Patrick Blee,QB,https://a.espncdn.com/i/headshots/college-football/players/full/5402328.png
5402476,TJ Smith,WR,https://a.espncdn.com/i/headshots/college-football/players/full/5402476.png
5402478,Dwayne Wright,RB,https://a.espncdn.com/i/headshots/college-football/players/full/5402478.png
5402482,Harry Smalls,RB,https://a.espncdn.com/i/headshots/college-football/players/full/5402482.png
5402564,Tyren Buggs,RB,https://a.espncdn.com/i/headshots/college-football/players/full/5402564.png
5402597,Noah Triplett,RB,https://a.espncdn.com/i/headshots/college-football/players/full/5402597.png
5402599,Carter Dowell,RB,https://a.espncdn.com/i/headshots/college-football/players/full/5402599.png
5402635,Tristin Purnell,WR,https://a.espncdn.com/i/headshots/college-football/players/full/5402635.png
5405077,Tayvion McCoy,WR,https://a.espncdn.com/i/headshots/college-football/players/full/5405077.png
5405194,An'Tiyan Neal,WR,https://a.espncdn.com/i/headshots/college-football/players/full/5405194.png
5405195,Jaylin Baker,WR,https://a.espncdn.com/i/headshots/college-football/players/full/5405195.png
5405196,Rayshaun King,RB,https://a.espncdn.com/i/headshots/college-football/players/full/5405196.png
5405239,Kendrick Agenor,RB,https://a.espncdn.com/i/headshots/college-football/players/full/5405239.png
5405241,Jordan Bennett,RB,https://a.espncdn.com/i/headshots/college-football/players/full/5405241.png
5405268,Israel Robles,RB,https://a.espncdn.com/i/headshots/college-football/players/full/5405268.png
5405271,Jaxon Bell,RB,https://a.espncdn.com/i/headshots/college-football/players/full/5405271.png
5405293,Oliver Luebkert,WR,https://a.espncdn.com/i/headshots/college-football/players/full/5405293.png
5405311,Paul Kamdem,RB,https://a.espncdn.com/i/headshots/college-football/players/full/5405311.png
5405328,Daniel Smith,TE,https://a.espncdn.com/i/headshots/college-football/players/full/5405328.png
5405369,Chaz Portis,WR,https://a.espncdn.com/i/headshots/college-football/players/full/5405369.png
5405370,Amari Pryear,RB,https://a.espncdn.com/i/headshots/college-football/players/full/5405370.png
5405431,Corey Rideout,WR,https://a.espncdn.com/i/headshots/college-football/players/full/5405431.png
5405435,Keyon Concepcion,WR,https://a.espncdn.com/i/headshots/college-football/players/full/5405435.png
5405446,Aidan Winter,RB,https://a.espncdn.com/i/headshots/college-football/players/full/5405446.png
5405455,Major Leak,WR,https://a.espncdn.com/i/headshots/college-football/players/full/5405455.png
5405465,Chandler Coe,TE,https://a.espncdn.com/i/headshots/college-football/players/full/5405465.png
5405473,Jon Gullette,RB,https://a.espncdn.com/i/headshots/college-football/players/full/5405473.png
5405477,Taeshon Martin,RB,https://a.espncdn.com/i/headshots/college-football/players/full/5405477.png
5405498,Christian Campbell,WR,https://a.espncdn.com/i/headshots/college-football/players/full/5405498.png
5405516,Damonte Bias,RB,https://a.espncdn.com/i/headshots/college-football/players/full/5405516.png
5405522,Kenny Golston,RB,https://a.espncdn.com/i/headshots/college-football/players/full/5405522.png
5405525,Ferrari Miller,RB,https://a.espncdn.com/i/headshots/college-football/players/full/5405525.png
5405544,Derrick Miller,WR,https://a.espncdn.com/i/headshots/college-football/players/full/5405544.png
5405549,Jadarian Collins,WR,https://a.espncdn.com/i/headshots/college-football/players/full/5405549.png
5405601,Desmen Jefferson,WR,https://a.espncdn.com/i/headshots/college-football/players/full/5405601.png
5405627,Ethan Holbrook,WR,https://a.espncdn.com/i/headshots/college-football/players/full/5405627.png
5405662,Christian Harrison,WR,https://a.espncdn.com/i/headshots/college-football/players/full/5405662.png
5405672,Frankie Tackett Jr,WR,https://a.espncdn.com/i/headshots/college-football/players/full/5405672.png
5405704,Jimmy Trilla,WR,https://a.espncdn.com/i/headshots/college-football/players/full/5405704.png
5405751,Ty Carlson,WR,https://a.espncdn.com/i/headshots/college-football/players/full/5405751.png
5405779,Carter Dahlke,WR,https://a.espncdn.com/i/headshots/college-football/players/full/5405779.png
5405824,Frenchmon Bethea,WR,https://a.espncdn.com/i/headshots/college-football/players/full/5405824.png
5405829,Kendric Thomas,RB,https://a.espncdn.com/i/headshots/college-football/players/full/5405829.png
5405830,Isaac Matthews IV,WR,https://a.espncdn.com/i/headshots/college-football/players/full/5405830.png
5405880,Sage Ingram,RB,https://a.espncdn.com/i/headshots/college-football/players/full/5405880.png
5405895,Darius Haskin,WR,https://a.espncdn.com/i/headshots/college-football/players/full/5405895.png
5405896,Donivan Dixon,QB,https://a.espncdn.com/i/headshots/college-football/players/full/5405896.png
5405929,Jashaun Amin,WR,https://a.espncdn.com/i/headshots/college-football/players/full/5405929.png
5405930,Xavier Pugh,RB,https://a.espncdn.com/i/headshots/college-football/players/full/5405930.png
5405931,Jacob Davis,QB,https://a.espncdn.com/i/headshots/college-football/players/full/5405931.png
5405933,Mason Cunningham,WR,https://a.espncdn.com/i/headshots/college-football/players/full/5405933.png
5405957,Xavier Colbert,TE,https://a.espncdn.com/i/headshots/college-football/players/full/5405957.png
5406177,Lynn Wyche-El,WR,https://a.espncdn.com/i/headshots/college-football/players/full/5406177.png
5406179,Bryan Hunt,WR,https://a.espncdn.com/i/headshots/college-football/players/full/5406179.png
5406698,Adrian Cormier,RB,https://a.espncdn.com/i/headshots/college-football/players/full/5406698.png
5410232,Brevin Caldwell,WR,https://a.espncdn.com/i/headshots/college-football/players/full/5410232.png
5413484,Connor Ackerley,QB,https://a.espncdn.com/i/headshots/college-football/players/full/5413484.png
5414672,Darius Bailey,WR,
5414973,Davin Driskell,TE,https://a.espncdn.com/i/headshots/college-football/players/full/5414973.png
5415903,Dominic Haney,WR,https://a.espncdn.com/i/headshots/college-football/players/full/5415903.png
5416075,Donovyn Omolo,QB,https://a.espncdn.com/i/headshots/college-football/players/full/5416075.png
5417142,Eric Rasheed,RB,
5419701,Israel Hiraldo,WR,https://a.espncdn.com/i/headshots/college-football/players/full/5419701.png
5421621,Bam Knox,WR,https://a.espncdn.com/i/headshots/college-football/players/full/5421621.png
5421924,Jareese Howard,RB,https://a.espncdn.com/i/headshots/college-football/players/full/5421924.png
5422379,Jayden Hibbler,RB,
5423820,Jordan Barnett,RB,https://a.espncdn.com/i/headshots/college-football/players/full/5423820.png
5425111,Kaeden Smith,RB,
5426067,Keyon Butler,RB,
5432343,Rahshan La Mons,RB,https://a.espncdn.com/i/headshots/college-football/players/full/5432343.png
5434670,TJ Ramsey,WR,https://a.espncdn.com/i/headshots/college-football/players/full/5434670.png
5437807,Zach Phipps,WR,
5437957,Zahmari Palode-Gary,RB,
5438084,Zayvion Turner-Knox,RB,
5438540,Attawan Mays,WR,https://a.espncdn.com/i/headshots/college-football/players/full/5438540.png
5438546,Mykel Allen,RB,https://a.espncdn.com/i/headshots/college-football/players/full/5438546.png
5438586,Trenton Walker,WR,https://a.espncdn.com/i/headshots/college-football/players/full/5438586.png
5438595,Justus Murray Jr.,WR,https://a.espncdn.com/i/headshots/college-football/players/full/5438595.png
5438626,Jacob Kania,WR,https://a.espncdn.com/i/headshots/college-football/players/full/5438626.png
5438628,Xavier Coleman,WR,https://a.espncdn.com/i/headshots/college-football/players/full/5438628.png
5438631,Cornell Conely,WR,https://a.espncdn.com/i/headshots/college-football/players/full/5438631.png
5438659,Jayden McCaster,RB,https://a.espncdn.com/i/headshots/college-football/players/full/5438659.png
5438683,Nathan Gray,RB,https://a.espncdn.com/i/headshots/college-football/players/full/5438683.png
5438687,Jesiah Mcknight,RB,https://a.espncdn.com/i/headshots/college-football/players/full/5438687.png
5438704,Gianni Marino,TE,https://a.espncdn.com/i/headshots/college-football/players/full/5438704.png
5438897,Christian Monfort,RB,https://a.espncdn.com/i/headshots/college-football/players/full/5438897.png
5438965,Makhia Sherrard,WR,https://a.espncdn.com/i/headshots/college-football/players/full/5438965.png
5438970,Jaydon Peete,RB,https://a.espncdn.com/i/headshots/college-football/players/full/5438970.png
5439150,Que Tillman,TE,https://a.espncdn.com/i/headshots/college-football/players/full/5439150.png
5439243,Jamaal Hall II,WR,https://a.espncdn.com/i/headshots/college-football/players/full/5439243.png
5439249,Hayden Drinkard,RB,https://a.espncdn.com/i/headshots/college-football/players/full/5439249.png
5439274,Romeo Brown,RB,https://a.espncdn.com/i/headshots/college-football/players/full/5439274.png
5439315,Keven Williams,RB,https://a.espncdn.com/i/headshots/college-football/players/full/5439315.png
5439345,Dezmond Ray,RB,https://a.espncdn.com/i/headshots/college-football/players/full/5439345.png
5439371,Nicholas Buggs,WR,https://a.espncdn.com/i/headshots/college-football/players/full/5439371.png
5439372,Montrell Conner,WR,https://a.espncdn.com/i/headshots/college-football/players/full/5439372.png
5439373,Jaylen King,TE,https://a.espncdn.com/i/headshots/college-football/players/full/5439373.png
5439441,Da'Jean Golmond,QB,https://a.espncdn.com/i/headshots/college-football/players/full/5439441.png
5439443,Ty Jackson,QB,https://a.espncdn.com/i/headshots/college-football/players/full/5439443.png
5439447,Kameron Casnave,RB,https://a.espncdn.com/i/headshots/college-football/players/full/5439447.png
5439505,Nate Dahle,QB,https://a.espncdn.com/i/headshots/college-football/players/full/5439505.png
5439508,Jasean Mayberry,WR,https://a.espncdn.com/i/headshots/college-football/players/full/5439508.png
5439516,Seth Rigtrup,RB,https://a.espncdn.com/i/headshots/college-football/players/full/5439516.png
5439519,Semisi Kinikini,RB,https://a.espncdn.com/i/headshots/college-football/players/full/5439519.png
5439526,Dyson Parker,RB,https://a.espncdn.com/i/headshots/college-football/players/full/5439526.png
5439605,James Moore,RB,https://a.espncdn.com/i/headshots/college-football/players/full/5439605.png
5439734,Jalile Bost,WR,https://a.espncdn.com/i/headshots/college-football/players/full/5439734.png
5439850,Trevin Simon,RB,https://a.espncdn.com/i/headshots/college-football/players/full/5439850.png
5439920,Marquez Spells,RB,https://a.espncdn.com/i/headshots/college-football/players/full/5439920.png
5439949,Elijah Stevenson,TE,https://a.espncdn.com/i/headshots/college-football/players/full/5439949.png
5439961,Schuylar Turnbull,QB,https://a.espncdn.com/i/headshots/college-football/players/full/5439961.png
5440041,Malachi Casey,WR,https://a.espncdn.com/i/headshots/college-football/players/full/5440041.png
5440070,Gino Addison,RB,https://a.espncdn.com/i/headshots/college-football/players/full/5440070.png
5440073,Jaylen Moore,RB,https://a.espncdn.com/i/headshots/college-football/players/full/5440073.png
5440714,Shawn James,RB,https://a.espncdn.com/i/headshots/college-football/players/full/5440714.png
5440760,Jason Wiley,QB,https://a.espncdn.com/i/headshots/college-football/players/full/5440760.png
5441133,Brenton Paul,RB,
5441141,Jerimiah Treadaway,RB,
5441159,Daion Gaston,WR,
5441193,Patrick Harding,RB,
5441194,Joshua Balloon,RB,
5441258,Devon Caldwell,RB,
5441315,Devon Anderson,RB,https://a.espncdn.com/i/headshots/college-football/players/full/5441315.png
5441326,Niall Raby,RB,https://a.espncdn.com/i/headshots/college-football/players/full/5441326.png
5441351,Tyson Hunt,WR,
5441396,Aaron Frye,RB,
5441413,John Austin,WR,
5441426,Cayden Aukerman,WR,
5441429,Kevonte Corbin,WR,
5441436,Marquise Henderson,WR,
5441448,Lee Norman-Lester,RB,
5441452,Jackson Stevens,RB,
5441596,Jackson Fay,WR,
5441599,Coby Herman,RB,
5441620,Romelo Boykin,WR,
5441652,Nolan Chambers,WR,
5441654,Joshua Tate,RB,
5441684,Junior Curtis,RB,
5441693,Isaac McMullin,WR,
5441729,Zay Morris,WR,
5441738,Trevor Haman,WR,
5441850,Jalen Williams,RB,
5441874,David Brewer IV,WR,
5441876,Troyce Grimsley,RB,
5441891,Ky'Yon Harris,RB,
5441947,Reese Mooney,QB,
5441948,Quay Middlebrooks,RB,
5441950,Micah Simpson,WR,
5441952,Tyler Stewart,WR,
5442040,Armond Parker,QB,
5442088,Jayden Reed,WR,
5442098,Jackson Fields,QB,
5442169,Tanner Schmidt,WR,
5442196,Champ Davis,WR,https://a.espncdn.com/i/headshots/college-football/players/full/5442196.png
5442201,Wyatt McCauley,QB,
5442202,Christian Johnson,QB,https://a.espncdn.com/i/headshots/college-football/players/full/5442202.png
5442207,Damien Henderson Jr.,WR,https://a.espncdn.com/i/headshots/college-football/players/full/5442207.png
5442214,Macario Dade Jr.,WR,https://a.espncdn.com/i/headshots/college-football/players/full/5442214.png
5442215,Wydell Clark Jr.,WR,
5442237,Floyd Jones,WR,
5442249,Gabriel Wiggins,WR,https://a.espncdn.com/i/headshots/college-football/players/full/5442249.png
5442341,Nelson Peterson Jr.,QB,
5442389,Darius Chukwuemeka,RB,
5442410,JaKobe McKinnie,RB,https://a.espncdn.com/i/headshots/college-football/players/full/5442410.png
5442917,Caleb Kamara,RB,
5442947,Trey Graham,WR,
5443047,Isaiah Daniel,RB,
5446579,James Lee,WR,
5446698,Jaivyn Moore,WR,
5446770,Nick Peal,RB,
5446994,Jordan Colbert,RB,
5446999,Collin Remenowsky,WR,
5447033,Darrion Gilliam,WR,
5451047,Brayden Mitchum,RB,
