src,team,slot,stat,avg,rank,lg,gp
2025,ANA,C,g,1.366,5,1.209,82
2025,ANA,C,a,1.549,26,1.771,82
2025,ANA,C,p,2.915,19,2.979,82
2025,ANA,C,sog,10.841,2,9.497,82
2025,ANA,C,blk,3.305,20,3.495,82
2025,ANA,C,hit,5.939,31,7.271,82
2025,ANA,C,pim,2.756,8,2.434,82
2025,ANA,C,ppg,0.354,1,0.25,82
2025,ANA,C,toi,88.753,22,89.594,82
2025,ANA,C,sv,0.0,1,0.0,82
2025,ANA,C,ga,0.0,1,0.0,82
2025,ANA,C,sa,0.0,1,0.0,82
2025,ANA,D,g,0.427,19,0.441,82
2025,ANA,D,a,1.683,9,1.573,82
2025,ANA,D,p,2.11,12,2.015,82
2025,ANA,D,sog,9.524,1,7.944,82
2025,ANA,D,blk,8.537,20,8.823,82
2025,ANA,D,hit,4.841,32,6.68,82
2025,ANA,D,pim,2.659,21,2.908,82
2025,ANA,D,ppg,0.037,24,0.06,82
2025,ANA,D,toi,116.165,30,116.91,82
2025,ANA,D,sv,0.0,1,0.0,82
2025,ANA,D,ga,0.0,1,0.0,82
2025,ANA,D,sa,0.0,1,0.0,82
2025,ANA,G,g,0.0,1,0.0,82
2025,ANA,G,a,0.0,1,0.0,82
2025,ANA,G,p,0.0,1,0.0,82
2025,ANA,G,sog,0.0,1,0.0,82
2025,ANA,G,blk,0.0,1,0.0,82
2025,ANA,G,hit,0.0,1,0.0,82
2025,ANA,G,pim,0.0,25,0.043,82
2025,ANA,G,ppg,0.0,1,0.0,82
2025,ANA,G,toi,60.119,15,60.114,82
2025,ANA,G,sv,25.037,16,25.188,82
2025,ANA,G,ga,2.5,28,2.804,82
2025,ANA,G,sa,27.537,20,27.984,82
2025,ANA,W,g,1.39,14,1.381,82
2025,ANA,W,a,2.256,1,1.762,82
2025,ANA,W,p,3.646,5,3.144,82
2025,ANA,W,sog,11.915,4,10.867,82
2025,ANA,W,blk,2.89,21,3.018,82
2025,ANA,W,hit,6.878,32,8.449,82
2025,ANA,W,pim,2.232,29,2.797,82
2025,ANA,W,ppg,0.39,1,0.286,82
2025,ANA,W,toi,92.625,10,91.596,82
2025,ANA,W,sv,0.0,1,0.0,82
2025,ANA,W,ga,0.0,1,0.0,82
2025,ANA,W,sa,0.0,1,0.0,82
2025,BOS,C,g,1.402,4,1.209,82
2025,BOS,C,a,1.841,14,1.771,82
2025,BOS,C,p,3.244,7,2.979,82
2025,BOS,C,sog,9.805,10,9.497,82
2025,BOS,C,blk,3.537,14,3.495,82
2025,BOS,C,hit,7.415,14,7.271,82
2025,BOS,C,pim,2.305,21,2.434,82
2025,BOS,C,ppg,0.293,6,0.25,82
2025,BOS,C,toi,89.083,19,89.594,82
2025,BOS,C,sv,0.0,2,0.0,82
2025,BOS,C,ga,0.0,2,0.0,82
2025,BOS,C,sa,0.0,2,0.0,82
2025,BOS,D,g,0.402,21,0.441,82
2025,BOS,D,a,1.768,7,1.573,82
2025,BOS,D,p,2.171,9,2.015,82
2025,BOS,D,sog,7.744,23,7.944,82
2025,BOS,D,blk,8.354,25,8.823,82
2025,BOS,D,hit,6.171,23,6.68,82
2025,BOS,D,pim,3.659,3,2.908,82
2025,BOS,D,ppg,0.049,18,0.06,82
2025,BOS,D,toi,116.615,20,116.91,82
2025,BOS,D,sv,0.0,2,0.0,82
2025,BOS,D,ga,0.0,2,0.0,82
2025,BOS,D,sa,0.0,2,0.0,82
2025,BOS,G,g,0.0,2,0.0,82
2025,BOS,G,a,0.0,2,0.0,82
2025,BOS,G,p,0.0,2,0.0,82
2025,BOS,G,sog,0.0,2,0.0,82
2025,BOS,G,blk,0.0,2,0.0,82
2025,BOS,G,hit,0.0,2,0.0,82
2025,BOS,G,pim,0.146,1,0.043,82
2025,BOS,G,ppg,0.0,2,0.0,82
2025,BOS,G,toi,60.117,16,60.114,82
2025,BOS,G,sv,23.805,28,25.188,82
2025,BOS,G,ga,2.5,29,2.804,82
2025,BOS,G,sa,26.305,28,27.984,82
2025,BOS,W,g,1.5,9,1.381,82
2025,BOS,W,a,1.72,16,1.762,82
2025,BOS,W,p,3.22,11,3.144,82
2025,BOS,W,sog,11.061,12,10.867,82
2025,BOS,W,blk,2.622,27,3.018,82
2025,BOS,W,hit,8.28,19,8.449,82
2025,BOS,W,pim,3.073,10,2.797,82
2025,BOS,W,ppg,0.341,6,0.286,82
2025,BOS,W,toi,91.287,21,91.596,82
2025,BOS,W,sv,0.0,2,0.0,82
2025,BOS,W,ga,0.0,2,0.0,82
2025,BOS,W,sa,0.0,2,0.0,82
2025,BUF,C,g,1.439,3,1.209,82
2025,BUF,C,a,1.939,8,1.771,82
2025,BUF,C,p,3.378,4,2.979,82
2025,BUF,C,sog,10.268,3,9.497,82
2025,BUF,C,blk,3.195,23,3.495,82
2025,BUF,C,hit,7.573,10,7.271,82
2025,BUF,C,pim,2.537,11,2.434,82
2025,BUF,C,ppg,0.28,11,0.25,82
2025,BUF,C,toi,89.442,16,89.594,82
2025,BUF,C,sv,0.0,3,0.0,82
2025,BUF,C,ga,0.0,3,0.0,82
2025,BUF,C,sa,0.0,3,0.0,82
2025,BUF,D,g,0.5,7,0.441,82
2025,BUF,D,a,1.817,5,1.573,82
2025,BUF,D,p,2.317,5,2.015,82
2025,BUF,D,sog,8.061,14,7.944,82
2025,BUF,D,blk,9.415,5,8.823,82
2025,BUF,D,hit,6.159,24,6.68,82
2025,BUF,D,pim,3.72,2,2.908,82
2025,BUF,D,ppg,0.037,25,0.06,82
2025,BUF,D,toi,116.059,32,116.91,82
2025,BUF,D,sv,0.0,3,0.0,82
2025,BUF,D,ga,0.0,3,0.0,82
2025,BUF,D,sa,0.0,3,0.0,82
2025,BUF,G,g,0.0,3,0.0,82
2025,BUF,G,a,0.0,3,0.0,82
2025,BUF,G,p,0.0,3,0.0,82
2025,BUF,G,sog,0.0,3,0.0,82
2025,BUF,G,blk,0.0,3,0.0,82
2025,BUF,G,hit,0.0,3,0.0,82
2025,BUF,G,pim,0.098,3,0.043,82
2025,BUF,G,ppg,0.0,3,0.0,82
2025,BUF,G,toi,59.954,23,60.114,82
2025,BUF,G,sv,24.573,21,25.188,82
2025,BUF,G,ga,3.073,5,2.804,82
2025,BUF,G,sa,27.634,18,27.984,82
2025,BUF,W,g,1.549,5,1.381,82
2025,BUF,W,a,2.22,3,1.762,82
2025,BUF,W,p,3.768,3,3.144,82
2025,BUF,W,sog,10.524,20,10.867,82
2025,BUF,W,blk,2.5,30,3.018,82
2025,BUF,W,hit,8.195,20,8.449,82
2025,BUF,W,pim,3.134,8,2.797,82
2025,BUF,W,ppg,0.378,3,0.286,82
2025,BUF,W,toi,91.337,19,91.596,82
2025,BUF,W,sv,0.0,3,0.0,82
2025,BUF,W,ga,0.0,3,0.0,82
2025,BUF,W,sa,0.0,3,0.0,82
2025,CAR,C,g,1.082,27,1.209,97
2025,CAR,C,a,1.742,18,1.771,97
2025,CAR,C,p,2.825,22,2.979,97
2025,CAR,C,sog,8.371,32,9.497,97
2025,CAR,C,blk,4.278,1,3.495,97
2025,CAR,C,hit,7.753,7,7.271,97
2025,CAR,C,pim,2.856,5,2.434,97
2025,CAR,C,ppg,0.216,25,0.25,97
2025,CAR,C,toi,86.739,30,89.594,97
2025,CAR,C,sv,0.0,4,0.0,97
2025,CAR,C,ga,0.0,4,0.0,97
2025,CAR,C,sa,0.0,4,0.0,97
2025,CAR,D,g,0.33,28,0.441,97
2025,CAR,D,a,1.289,29,1.573,97
2025,CAR,D,p,1.619,32,2.015,97
2025,CAR,D,sog,6.021,32,7.944,97
2025,CAR,D,blk,9.814,3,8.823,97
2025,CAR,D,hit,9.021,1,6.68,97
2025,CAR,D,pim,2.443,29,2.908,97
2025,CAR,D,ppg,0.052,17,0.06,97
2025,CAR,D,toi,117.382,7,116.91,97
2025,CAR,D,sv,0.0,4,0.0,97
2025,CAR,D,ga,0.0,4,0.0,97
2025,CAR,D,sa,0.0,4,0.0,97
2025,CAR,G,g,0.0,4,0.0,97
2025,CAR,G,a,0.0,4,0.0,97
2025,CAR,G,p,0.0,4,0.0,97
2025,CAR,G,sog,0.0,4,0.0,97
2025,CAR,G,blk,0.0,4,0.0,97
2025,CAR,G,hit,0.0,4,0.0,97
2025,CAR,G,pim,0.041,17,0.043,97
2025,CAR,G,ppg,0.0,4,0.0,97
2025,CAR,G,toi,60.283,9,60.114,97
2025,CAR,G,sv,28.32,2,25.188,97
2025,CAR,G,ga,2.897,14,2.804,97
2025,CAR,G,sa,31.206,2,27.984,97
2025,CAR,W,g,1.361,19,1.381,97
2025,CAR,W,a,1.433,30,1.762,97
2025,CAR,W,p,2.794,27,3.144,97
2025,CAR,W,sog,10.33,25,10.867,97
2025,CAR,W,blk,4.495,1,3.018,97
2025,CAR,W,hit,9.546,4,8.449,97
2025,CAR,W,pim,3.371,4,2.797,97
2025,CAR,W,ppg,0.216,28,0.286,97
2025,CAR,W,toi,94.043,3,91.596,97
2025,CAR,W,sv,0.0,4,0.0,97
2025,CAR,W,ga,0.0,4,0.0,97
2025,CAR,W,sa,0.0,4,0.0,97
2025,CBJ,C,g,1.122,24,1.209,82
2025,CBJ,C,a,2.012,5,1.771,82
2025,CBJ,C,p,3.134,11,2.979,82
2025,CBJ,C,sog,9.793,11,9.497,82
2025,CBJ,C,blk,3.11,29,3.495,82
2025,CBJ,C,hit,6.402,25,7.271,82
2025,CBJ,C,pim,2.524,12,2.434,82
2025,CBJ,C,ppg,0.256,16,0.25,82
2025,CBJ,C,toi,89.391,17,89.594,82
2025,CBJ,C,sv,0.0,5,0.0,82
2025,CBJ,C,ga,0.0,5,0.0,82
2025,CBJ,C,sa,0.0,5,0.0,82
2025,CBJ,D,g,0.5,8,0.441,82
2025,CBJ,D,a,1.561,17,1.573,82
2025,CBJ,D,p,2.061,13,2.015,82
2025,CBJ,D,sog,8.232,9,7.944,82
2025,CBJ,D,blk,9.159,8,8.823,82
2025,CBJ,D,hit,5.049,30,6.68,82
2025,CBJ,D,pim,2.5,28,2.908,82
2025,CBJ,D,ppg,0.134,1,0.06,82
2025,CBJ,D,toi,116.96,13,116.91,82
2025,CBJ,D,sv,0.0,5,0.0,82
2025,CBJ,D,ga,0.0,5,0.0,82
2025,CBJ,D,sa,0.0,5,0.0,82
2025,CBJ,G,g,0.0,5,0.0,82
2025,CBJ,G,a,0.0,5,0.0,82
2025,CBJ,G,p,0.0,5,0.0,82
2025,CBJ,G,sog,0.0,5,0.0,82
2025,CBJ,G,blk,0.0,5,0.0,82
2025,CBJ,G,hit,0.0,5,0.0,82
2025,CBJ,G,pim,0.0,26,0.043,82
2025,CBJ,G,ppg,0.0,5,0.0,82
2025,CBJ,G,toi,60.105,18,60.114,82
2025,CBJ,G,sv,25.793,10,25.188,82
2025,CBJ,G,ga,3.085,3,2.804,82
2025,CBJ,G,sa,28.878,9,27.984,82
2025,CBJ,W,g,1.634,3,1.381,82
2025,CBJ,W,a,1.976,7,1.762,82
2025,CBJ,W,p,3.61,6,3.144,82
2025,CBJ,W,sog,11.866,5,10.867,82
2025,CBJ,W,blk,3.037,18,3.018,82
2025,CBJ,W,hit,8.195,21,8.449,82
2025,CBJ,W,pim,2.354,28,2.797,82
2025,CBJ,W,ppg,0.22,26,0.286,82
2025,CBJ,W,toi,92.11,14,91.596,82
2025,CBJ,W,sv,0.0,5,0.0,82
2025,CBJ,W,ga,0.0,5,0.0,82
2025,CBJ,W,sa,0.0,5,0.0,82
2025,CGY,C,g,1.256,11,1.209,82
2025,CGY,C,a,1.671,22,1.771,82
2025,CGY,C,p,2.927,17,2.979,82
2025,CGY,C,sog,9.646,14,9.497,82
2025,CGY,C,blk,4.024,4,3.495,82
2025,CGY,C,hit,6.39,26,7.271,82
2025,CGY,C,pim,2.756,9,2.434,82
2025,CGY,C,ppg,0.317,3,0.25,82
2025,CGY,C,toi,90.222,10,89.594,82
2025,CGY,C,sv,0.0,6,0.0,82
2025,CGY,C,ga,0.0,6,0.0,82
2025,CGY,C,sa,0.0,6,0.0,82
2025,CGY,D,g,0.305,31,0.441,82
2025,CGY,D,a,1.585,15,1.573,82
2025,CGY,D,p,1.89,22,2.015,82
2025,CGY,D,sog,8.098,11,7.944,82
2025,CGY,D,blk,10.293,1,8.823,82
2025,CGY,D,hit,6.244,20,6.68,82
2025,CGY,D,pim,3.159,8,2.908,82
2025,CGY,D,ppg,0.037,26,0.06,82
2025,CGY,D,toi,116.85,16,116.91,82
2025,CGY,D,sv,0.0,6,0.0,82
2025,CGY,D,ga,0.0,6,0.0,82
2025,CGY,D,sa,0.0,6,0.0,82
2025,CGY,G,g,0.0,6,0.0,82
2025,CGY,G,a,0.0,6,0.0,82
2025,CGY,G,p,0.0,6,0.0,82
2025,CGY,G,sog,0.0,6,0.0,82
2025,CGY,G,blk,0.0,6,0.0,82
2025,CGY,G,hit,0.0,6,0.0,82
2025,CGY,G,pim,0.098,4,0.043,82
2025,CGY,G,ppg,0.0,6,0.0,82
2025,CGY,G,toi,60.285,8,60.114,82
2025,CGY,G,sv,26.756,7,25.188,82
2025,CGY,G,ga,2.476,30,2.804,82
2025,CGY,G,sa,29.232,7,27.984,82
2025,CGY,W,g,1.317,22,1.381,82
2025,CGY,W,a,1.671,19,1.762,82
2025,CGY,W,p,2.988,19,3.144,82
2025,CGY,W,sog,11.183,10,10.867,82
2025,CGY,W,blk,3.256,7,3.018,82
2025,CGY,W,hit,7.5,26,8.449,82
2025,CGY,W,pim,3.378,3,2.797,82
2025,CGY,W,ppg,0.305,12,0.286,82
2025,CGY,W,toi,91.054,23,91.596,82
2025,CGY,W,sv,0.0,6,0.0,82
2025,CGY,W,ga,0.0,6,0.0,82
2025,CGY,W,sa,0.0,6,0.0,82
2025,CHI,C,g,1.451,1,1.209,82
2025,CHI,C,a,2.037,3,1.771,82
2025,CHI,C,p,3.488,3,2.979,82
2025,CHI,C,sog,11.232,1,9.497,82
2025,CHI,C,blk,2.866,32,3.495,82
2025,CHI,C,hit,6.829,21,7.271,82
2025,CHI,C,pim,2.146,24,2.434,82
2025,CHI,C,ppg,0.244,18,0.25,82
2025,CHI,C,toi,89.708,13,89.594,82
2025,CHI,C,sv,0.0,7,0.0,82
2025,CHI,C,ga,0.0,7,0.0,82
2025,CHI,C,sa,0.0,7,0.0,82
2025,CHI,D,g,0.561,4,0.441,82
2025,CHI,D,a,1.841,4,1.573,82
2025,CHI,D,p,2.402,4,2.015,82
2025,CHI,D,sog,8.061,15,7.944,82
2025,CHI,D,blk,7.427,32,8.823,82
2025,CHI,D,hit,6.012,28,6.68,82
2025,CHI,D,pim,2.878,15,2.908,82
2025,CHI,D,ppg,0.037,27,0.06,82
2025,CHI,D,toi,116.399,26,116.91,82
2025,CHI,D,sv,0.0,7,0.0,82
2025,CHI,D,ga,0.0,7,0.0,82
2025,CHI,D,sa,0.0,7,0.0,82
2025,CHI,G,g,0.0,7,0.0,82
2025,CHI,G,a,0.0,7,0.0,82
2025,CHI,G,p,0.0,7,0.0,82
2025,CHI,G,sog,0.0,7,0.0,82
2025,CHI,G,blk,0.0,7,0.0,82
2025,CHI,G,hit,0.0,7,0.0,82
2025,CHI,G,pim,0.024,19,0.043,82
2025,CHI,G,ppg,0.0,7,0.0,82
2025,CHI,G,toi,60.005,20,60.114,82
2025,CHI,G,sv,21.72,32,25.188,82
2025,CHI,G,ga,2.634,24,2.804,82
2025,CHI,G,sa,24.354,32,27.984,82
2025,CHI,W,g,1.549,6,1.381,82
2025,CHI,W,a,2.195,4,1.762,82
2025,CHI,W,p,3.744,4,3.144,82
2025,CHI,W,sog,11.817,6,10.867,82
2025,CHI,W,blk,2.329,32,3.018,82
2025,CHI,W,hit,8.305,18,8.449,82
2025,CHI,W,pim,2.061,30,2.797,82
2025,CHI,W,ppg,0.293,15,0.286,82
2025,CHI,W,toi,91.916,16,91.596,82
2025,CHI,W,sv,0.0,7,0.0,82
2025,CHI,W,ga,0.0,7,0.0,82
2025,CHI,W,sa,0.0,7,0.0,82
2025,COL,C,g,1.135,22,1.209,89
2025,COL,C,a,1.719,19,1.771,89
2025,COL,C,p,2.854,21,2.979,89
2025,COL,C,sog,9.0,23,9.497,89
2025,COL,C,blk,4.146,2,3.495,89
2025,COL,C,hit,6.247,27,7.271,89
2025,COL,C,pim,2.337,20,2.434,89
2025,COL,C,ppg,0.281,10,0.25,89
2025,COL,C,toi,94.179,1,89.594,89
2025,COL,C,sv,0.0,8,0.0,89
2025,COL,C,ga,0.0,8,0.0,89
2025,COL,C,sa,0.0,8,0.0,89
2025,COL,D,g,0.292,32,0.441,89
2025,COL,D,a,1.427,24,1.573,89
2025,COL,D,p,1.719,26,2.015,89
2025,COL,D,sog,6.573,31,7.944,89
2025,COL,D,blk,9.371,6,8.823,89
2025,COL,D,hit,7.236,8,6.68,89
2025,COL,D,pim,2.326,31,2.908,89
2025,COL,D,ppg,0.022,32,0.06,89
2025,COL,D,toi,116.975,12,116.91,89
2025,COL,D,sv,0.0,8,0.0,89
2025,COL,D,ga,0.0,8,0.0,89
2025,COL,D,sa,0.0,8,0.0,89
2025,COL,G,g,0.0,8,0.0,89
2025,COL,G,a,0.0,8,0.0,89
2025,COL,G,p,0.0,8,0.0,89
2025,COL,G,sog,0.0,8,0.0,89
2025,COL,G,blk,0.0,8,0.0,89
2025,COL,G,hit,0.0,8,0.0,89
2025,COL,G,pim,0.045,15,0.043,89
2025,COL,G,ppg,0.0,8,0.0,89
2025,COL,G,toi,60.106,17,60.114,89
2025,COL,G,sv,26.91,4,25.188,89
2025,COL,G,ga,3.0,7,2.804,89
2025,COL,G,sa,29.91,4,27.984,89
2025,COL,W,g,1.404,12,1.381,89
2025,COL,W,a,1.584,24,1.762,89
2025,COL,W,p,2.989,18,3.144,89
2025,COL,W,sog,10.404,24,10.867,89
2025,COL,W,blk,3.562,2,3.018,89
2025,COL,W,hit,7.202,29,8.449,89
2025,COL,W,pim,2.517,24,2.797,89
2025,COL,W,ppg,0.247,23,0.286,89
2025,COL,W,toi,87.158,32,91.596,89
2025,COL,W,sv,0.0,8,0.0,89
2025,COL,W,ga,0.0,8,0.0,89
2025,COL,W,sa,0.0,8,0.0,89
2025,DAL,C,g,1.21,14,1.209,100
2025,DAL,C,a,1.79,16,1.771,100
2025,DAL,C,p,3.0,15,2.979,100
2025,DAL,C,sog,9.64,15,9.497,100
2025,DAL,C,blk,3.73,9,3.495,100
2025,DAL,C,hit,9.81,1,7.271,100
2025,DAL,C,pim,2.17,23,2.434,100
2025,DAL,C,ppg,0.27,13,0.25,100
2025,DAL,C,toi,90.691,8,89.594,100
2025,DAL,C,sv,0.0,9,0.0,100
2025,DAL,C,ga,0.0,9,0.0,100
2025,DAL,C,sa,0.0,9,0.0,100
2025,DAL,D,g,0.34,27,0.441,100
2025,DAL,D,a,1.4,25,1.573,100
2025,DAL,D,p,1.74,25,2.015,100
2025,DAL,D,sog,8.61,5,7.944,100
2025,DAL,D,blk,9.15,9,8.823,100
2025,DAL,D,hit,8.24,3,6.68,100
2025,DAL,D,pim,3.04,12,2.908,100
2025,DAL,D,ppg,0.07,11,0.06,100
2025,DAL,D,toi,116.541,23,116.91,100
2025,DAL,D,sv,0.0,9,0.0,100
2025,DAL,D,ga,0.0,9,0.0,100
2025,DAL,D,sa,0.0,9,0.0,100
2025,DAL,G,g,0.0,9,0.0,100
2025,DAL,G,a,0.0,9,0.0,100
2025,DAL,G,p,0.0,9,0.0,100
2025,DAL,G,sog,0.0,9,0.0,100
2025,DAL,G,blk,0.0,9,0.0,100
2025,DAL,G,hit,0.0,9,0.0,100
2025,DAL,G,pim,0.02,24,0.043,100
2025,DAL,G,ppg,0.0,9,0.0,100
2025,DAL,G,toi,59.811,31,60.114,100
2025,DAL,G,sv,24.61,20,25.188,100
2025,DAL,G,ga,2.97,11,2.804,100
2025,DAL,G,sa,27.58,19,27.984,100
2025,DAL,W,g,1.27,25,1.381,100
2025,DAL,W,a,1.6,23,1.762,100
2025,DAL,W,p,2.87,25,3.144,100
2025,DAL,W,sog,11.02,13,10.867,100
2025,DAL,W,blk,3.32,6,3.018,100
2025,DAL,W,hit,10.63,2,8.449,100
2025,DAL,W,pim,2.66,21,2.797,100
2025,DAL,W,ppg,0.19,32,0.286,100
2025,DAL,W,toi,90.558,24,91.596,100
2025,DAL,W,sv,0.0,9,0.0,100
2025,DAL,W,ga,0.0,9,0.0,100
2025,DAL,W,sa,0.0,9,0.0,100
2025,DET,C,g,1.183,15,1.209,82
2025,DET,C,a,1.854,13,1.771,82
2025,DET,C,p,3.037,13,2.979,82
2025,DET,C,sog,9.732,12,9.497,82
2025,DET,C,blk,3.073,31,3.495,82
2025,DET,C,hit,7.28,16,7.271,82
2025,DET,C,pim,2.232,22,2.434,82
2025,DET,C,ppg,0.268,14,0.25,82
2025,DET,C,toi,89.116,18,89.594,82
2025,DET,C,sv,0.0,10,0.0,82
2025,DET,C,ga,0.0,10,0.0,82
2025,DET,C,sa,0.0,10,0.0,82
2025,DET,D,g,0.451,13,0.441,82
2025,DET,D,a,1.756,8,1.573,82
2025,DET,D,p,2.207,7,2.015,82
2025,DET,D,sog,8.329,7,7.944,82
2025,DET,D,blk,8.878,15,8.823,82
2025,DET,D,hit,6.073,26,6.68,82
2025,DET,D,pim,2.61,24,2.908,82
2025,DET,D,ppg,0.073,10,0.06,82
2025,DET,D,toi,117.218,11,116.91,82
2025,DET,D,sv,0.0,10,0.0,82
2025,DET,D,ga,0.0,10,0.0,82
2025,DET,D,sa,0.0,10,0.0,82
2025,DET,G,g,0.0,10,0.0,82
2025,DET,G,a,0.0,10,0.0,82
2025,DET,G,p,0.0,10,0.0,82
2025,DET,G,sog,0.0,10,0.0,82
2025,DET,G,blk,0.0,10,0.0,82
2025,DET,G,hit,0.0,10,0.0,82
2025,DET,G,pim,0.049,10,0.043,82
2025,DET,G,ppg,0.0,10,0.0,82
2025,DET,G,toi,59.922,25,60.114,82
2025,DET,G,sv,24.573,22,25.188,82
2025,DET,G,ga,2.634,25,2.804,82
2025,DET,G,sa,27.195,22,27.984,82
2025,DET,W,g,1.524,8,1.381,82
2025,DET,W,a,1.78,13,1.762,82
2025,DET,W,p,3.305,10,3.144,82
2025,DET,W,sog,10.427,23,10.867,82
2025,DET,W,blk,2.573,28,3.018,82
2025,DET,W,hit,8.927,9,8.449,82
2025,DET,W,pim,3.073,11,2.797,82
2025,DET,W,ppg,0.329,9,0.286,82
2025,DET,W,toi,91.14,22,91.596,82
2025,DET,W,sv,0.0,10,0.0,82
2025,DET,W,ga,0.0,10,0.0,82
2025,DET,W,sa,0.0,10,0.0,82
2025,EDM,C,g,1.115,25,1.209,104
2025,EDM,C,a,1.913,10,1.771,104
2025,EDM,C,p,3.029,14,2.979,104
2025,EDM,C,sog,8.865,25,9.497,104
2025,EDM,C,blk,3.5,16,3.495,104
2025,EDM,C,hit,7.471,11,7.271,104
2025,EDM,C,pim,2.394,16,2.434,104
2025,EDM,C,ppg,0.202,26,0.25,104
2025,EDM,C,toi,89.623,15,89.594,104
2025,EDM,C,sv,0.0,11,0.0,104
2025,EDM,C,ga,0.0,11,0.0,104
2025,EDM,C,sa,0.0,11,0.0,104
2025,EDM,D,g,0.462,11,0.441,104
2025,EDM,D,a,1.308,28,1.573,104
2025,EDM,D,p,1.769,24,2.015,104
2025,EDM,D,sog,7.01,29,7.944,104
2025,EDM,D,blk,9.115,12,8.823,104
2025,EDM,D,hit,7.192,10,6.68,104
2025,EDM,D,pim,2.596,26,2.908,104
2025,EDM,D,ppg,0.115,2,0.06,104
2025,EDM,D,toi,118.072,2,116.91,104
2025,EDM,D,sv,0.0,11,0.0,104
2025,EDM,D,ga,0.0,11,0.0,104
2025,EDM,D,sa,0.0,11,0.0,104
2025,EDM,G,g,0.0,11,0.0,104
2025,EDM,G,a,0.0,11,0.0,104
2025,EDM,G,p,0.0,11,0.0,104
2025,EDM,G,sog,0.0,11,0.0,104
2025,EDM,G,blk,0.0,11,0.0,104
2025,EDM,G,hit,0.0,11,0.0,104
2025,EDM,G,pim,0.077,6,0.043,104
2025,EDM,G,ppg,0.0,11,0.0,104
2025,EDM,G,toi,60.565,1,60.114,104
2025,EDM,G,sv,28.702,1,25.188,104
2025,EDM,G,ga,3.096,2,2.804,104
2025,EDM,G,sa,31.788,1,27.984,104
2025,EDM,W,g,1.385,17,1.381,104
2025,EDM,W,a,1.577,26,1.762,104
2025,EDM,W,p,2.962,21,3.144,104
2025,EDM,W,sog,11.346,9,10.867,104
2025,EDM,W,blk,3.356,4,3.018,104
2025,EDM,W,hit,9.019,8,8.449,104
2025,EDM,W,pim,2.721,17,2.797,104
2025,EDM,W,ppg,0.337,7,0.286,104
2025,EDM,W,toi,93.928,4,91.596,104
2025,EDM,W,sv,0.0,11,0.0,104
2025,EDM,W,ga,0.0,11,0.0,104
2025,EDM,W,sa,0.0,11,0.0,104
2025,FLA,C,g,1.143,21,1.209,105
2025,FLA,C,a,1.524,27,1.771,105
2025,FLA,C,p,2.667,28,2.979,105
2025,FLA,C,sog,8.829,26,9.497,105
2025,FLA,C,blk,4.038,3,3.495,105
2025,FLA,C,hit,9.533,2,7.271,105
2025,FLA,C,pim,3.276,2,2.434,105
2025,FLA,C,ppg,0.238,21,0.25,105
2025,FLA,C,toi,92.2,4,89.594,105
2025,FLA,C,sv,0.0,12,0.0,105
2025,FLA,C,ga,0.0,12,0.0,105
2025,FLA,C,sa,0.0,12,0.0,105
2025,FLA,D,g,0.39,23,0.441,105
2025,FLA,D,a,1.552,18,1.573,105
2025,FLA,D,p,1.943,19,2.015,105
2025,FLA,D,sog,8.343,6,7.944,105
2025,FLA,D,blk,10.038,2,8.823,105
2025,FLA,D,hit,7.2,9,6.68,105
2025,FLA,D,pim,3.248,7,2.908,105
2025,FLA,D,ppg,0.029,29,0.06,105
2025,FLA,D,toi,117.282,10,116.91,105
2025,FLA,D,sv,0.0,12,0.0,105
2025,FLA,D,ga,0.0,12,0.0,105
2025,FLA,D,sa,0.0,12,0.0,105
2025,FLA,G,g,0.0,12,0.0,105
2025,FLA,G,a,0.0,12,0.0,105
2025,FLA,G,p,0.0,12,0.0,105
2025,FLA,G,sog,0.0,12,0.0,105
2025,FLA,G,blk,0.0,12,0.0,105
2025,FLA,G,hit,0.0,12,0.0,105
2025,FLA,G,pim,0.038,18,0.043,105
2025,FLA,G,ppg,0.0,12,0.0,105
2025,FLA,G,toi,60.502,2,60.114,105
2025,FLA,G,sv,27.6,3,25.188,105
2025,FLA,G,ga,3.01,6,2.804,105
2025,FLA,G,sa,30.61,3,27.984,105
2025,FLA,W,g,1.124,29,1.381,105
2025,FLA,W,a,1.419,31,1.762,105
2025,FLA,W,p,2.543,31,3.144,105
2025,FLA,W,sog,9.2,32,10.867,105
2025,FLA,W,blk,3.2,9,3.018,105
2025,FLA,W,hit,8.829,10,8.449,105
2025,FLA,W,pim,3.695,1,2.797,105
2025,FLA,W,ppg,0.286,18,0.286,105
2025,FLA,W,toi,90.277,25,91.596,105
2025,FLA,W,sv,0.0,12,0.0,105
2025,FLA,W,ga,0.0,12,0.0,105
2025,FLA,W,sa,0.0,12,0.0,105
2025,LA,C,g,1.102,26,1.209,88
2025,LA,C,a,1.477,31,1.771,88
2025,LA,C,p,2.58,29,2.979,88
2025,LA,C,sog,8.739,30,9.497,88
2025,LA,C,blk,3.943,5,3.495,88
2025,LA,C,hit,7.659,8,7.271,88
2025,LA,C,pim,1.784,32,2.434,88
2025,LA,C,ppg,0.307,4,0.25,88
2025,LA,C,toi,89.7,14,89.594,88
2025,LA,C,sv,0.0,13,0.0,88
2025,LA,C,ga,0.0,13,0.0,88
2025,LA,C,sa,0.0,13,0.0,88
2025,LA,D,g,0.42,20,0.441,88
2025,LA,D,a,1.239,31,1.573,88
2025,LA,D,p,1.659,30,2.015,88
2025,LA,D,sog,7.489,27,7.944,88
2025,LA,D,blk,8.932,13,8.823,88
2025,LA,D,hit,6.511,16,6.68,88
2025,LA,D,pim,2.83,18,2.908,88
2025,LA,D,ppg,0.057,15,0.06,88
2025,LA,D,toi,116.562,22,116.91,88
2025,LA,D,sv,0.0,13,0.0,88
2025,LA,D,ga,0.0,13,0.0,88
2025,LA,D,sa,0.0,13,0.0,88
2025,LA,G,g,0.0,13,0.0,88
2025,LA,G,a,0.0,13,0.0,88
2025,LA,G,p,0.0,13,0.0,88
2025,LA,G,sog,0.0,13,0.0,88
2025,LA,G,blk,0.0,13,0.0,88
2025,LA,G,hit,0.0,13,0.0,88
2025,LA,G,pim,0.068,8,0.043,88
2025,LA,G,ppg,0.0,13,0.0,88
2025,LA,G,toi,59.913,26,60.114,88
2025,LA,G,sv,25.114,15,25.188,88
2025,LA,G,ga,2.841,15,2.804,88
2025,LA,G,sa,27.943,16,27.984,88
2025,LA,W,g,1.091,32,1.381,88
2025,LA,W,a,1.648,21,1.762,88
2025,LA,W,p,2.739,29,3.144,88
2025,LA,W,sog,9.932,29,10.867,88
2025,LA,W,blk,3.045,17,3.018,88
2025,LA,W,hit,9.33,5,8.449,88
2025,LA,W,pim,2.864,13,2.797,88
2025,LA,W,ppg,0.193,31,0.286,88
2025,LA,W,toi,91.895,17,91.596,88
2025,LA,W,sv,0.0,13,0.0,88
2025,LA,W,ga,0.0,13,0.0,88
2025,LA,W,sa,0.0,13,0.0,88
2025,MIN,C,g,1.239,13,1.209,88
2025,MIN,C,a,1.625,23,1.771,88
2025,MIN,C,p,2.864,20,2.979,88
2025,MIN,C,sog,9.92,9,9.497,88
2025,MIN,C,blk,3.239,21,3.495,88
2025,MIN,C,hit,6.045,30,7.271,88
2025,MIN,C,pim,1.943,28,2.434,88
2025,MIN,C,ppg,0.239,20,0.25,88
2025,MIN,C,toi,88.951,21,89.594,88
2025,MIN,C,sv,0.0,14,0.0,88
2025,MIN,C,ga,0.0,14,0.0,88
2025,MIN,C,sa,0.0,14,0.0,88
2025,MIN,D,g,0.398,22,0.441,88
2025,MIN,D,a,1.648,11,1.573,88
2025,MIN,D,p,2.045,14,2.015,88
2025,MIN,D,sog,9.273,2,7.944,88
2025,MIN,D,blk,8.341,26,8.823,88
2025,MIN,D,hit,6.614,15,6.68,88
2025,MIN,D,pim,2.625,23,2.908,88
2025,MIN,D,ppg,0.102,4,0.06,88
2025,MIN,D,toi,117.495,6,116.91,88
2025,MIN,D,sv,0.0,14,0.0,88
2025,MIN,D,ga,0.0,14,0.0,88
2025,MIN,D,sa,0.0,14,0.0,88
2025,MIN,G,g,0.0,14,0.0,88
2025,MIN,G,a,0.0,14,0.0,88
2025,MIN,G,p,0.0,14,0.0,88
2025,MIN,G,sog,0.0,14,0.0,88
2025,MIN,G,blk,0.0,14,0.0,88
2025,MIN,G,hit,0.0,14,0.0,88
2025,MIN,G,pim,0.023,23,0.043,88
2025,MIN,G,ppg,0.0,14,0.0,88
2025,MIN,G,toi,60.126,14,60.114,88
2025,MIN,G,sv,24.693,19,25.188,88
2025,MIN,G,ga,2.511,27,2.804,88
2025,MIN,G,sa,27.193,23,27.984,88
2025,MIN,W,g,1.25,26,1.381,88
2025,MIN,W,a,1.682,18,1.762,88
2025,MIN,W,p,2.932,23,3.144,88
2025,MIN,W,sog,10.591,19,10.867,88
2025,MIN,W,blk,2.795,23,3.018,88
2025,MIN,W,hit,7.773,25,8.449,88
2025,MIN,W,pim,2.523,23,2.797,88
2025,MIN,W,ppg,0.352,5,0.286,88
2025,MIN,W,toi,92.603,11,91.596,88
2025,MIN,W,sv,0.0,14,0.0,88
2025,MIN,W,ga,0.0,14,0.0,88
2025,MIN,W,sa,0.0,14,0.0,88
2025,MTL,C,g,1.126,23,1.209,87
2025,MTL,C,a,1.793,15,1.771,87
2025,MTL,C,p,2.92,18,2.979,87
2025,MTL,C,sog,9.103,21,9.497,87
2025,MTL,C,blk,3.345,19,3.495,87
2025,MTL,C,hit,7.287,15,7.271,87
2025,MTL,C,pim,2.356,18,2.434,87
2025,MTL,C,ppg,0.218,24,0.25,87
2025,MTL,C,toi,86.739,31,89.594,87
2025,MTL,C,sv,0.0,15,0.0,87
2025,MTL,C,ga,0.0,15,0.0,87
2025,MTL,C,sa,0.0,15,0.0,87
2025,MTL,D,g,0.517,6,0.441,87
2025,MTL,D,a,1.621,13,1.573,87
2025,MTL,D,p,2.138,11,2.015,87
2025,MTL,D,sog,7.839,22,7.944,87
2025,MTL,D,blk,8.851,16,8.823,87
2025,MTL,D,hit,6.322,18,6.68,87
2025,MTL,D,pim,3.126,10,2.908,87
2025,MTL,D,ppg,0.092,5,0.06,87
2025,MTL,D,toi,116.394,27,116.91,87
2025,MTL,D,sv,0.0,15,0.0,87
2025,MTL,D,ga,0.0,15,0.0,87
2025,MTL,D,sa,0.0,15,0.0,87
2025,MTL,G,g,0.0,15,0.0,87
2025,MTL,G,a,0.0,15,0.0,87
2025,MTL,G,p,0.0,15,0.0,87
2025,MTL,G,sog,0.0,15,0.0,87
2025,MTL,G,blk,0.0,15,0.0,87
2025,MTL,G,hit,0.0,15,0.0,87
2025,MTL,G,pim,0.069,7,0.043,87
2025,MTL,G,ppg,0.0,15,0.0,87
2025,MTL,G,toi,60.091,19,60.114,87
2025,MTL,G,sv,22.862,30,25.188,87
2025,MTL,G,ga,2.759,20,2.804,87
2025,MTL,G,sa,25.621,30,27.984,87
2025,MTL,W,g,1.563,4,1.381,87
2025,MTL,W,a,1.931,8,1.762,87
2025,MTL,W,p,3.494,7,3.144,87
2025,MTL,W,sog,12.034,2,10.867,87
2025,MTL,W,blk,2.92,20,3.018,87
2025,MTL,W,hit,8.701,13,8.449,87
2025,MTL,W,pim,2.77,15,2.797,87
2025,MTL,W,ppg,0.287,17,0.286,87
2025,MTL,W,toi,94.264,2,91.596,87
2025,MTL,W,sv,0.0,15,0.0,87
2025,MTL,W,ga,0.0,15,0.0,87
2025,MTL,W,sa,0.0,15,0.0,87
2025,NJ,C,g,1.057,30,1.209,87
2025,NJ,C,a,1.517,28,1.771,87
2025,NJ,C,p,2.575,30,2.979,87
2025,NJ,C,sog,8.793,28,9.497,87
2025,NJ,C,blk,3.586,13,3.495,87
2025,NJ,C,hit,7.471,12,7.271,87
2025,NJ,C,pim,1.977,27,2.434,87
2025,NJ,C,ppg,0.184,28,0.25,87
2025,NJ,C,toi,89.938,12,89.594,87
2025,NJ,C,sv,0.0,16,0.0,87
2025,NJ,C,ga,0.0,16,0.0,87
2025,NJ,C,sa,0.0,16,0.0,87
2025,NJ,D,g,0.46,12,0.441,87
2025,NJ,D,a,1.494,20,1.573,87
2025,NJ,D,p,1.954,18,2.015,87
2025,NJ,D,sog,8.299,8,7.944,87
2025,NJ,D,blk,9.448,4,8.823,87
2025,NJ,D,hit,6.851,13,6.68,87
2025,NJ,D,pim,2.563,27,2.908,87
2025,NJ,D,ppg,0.115,3,0.06,87
2025,NJ,D,toi,117.53,4,116.91,87
2025,NJ,D,sv,0.0,16,0.0,87
2025,NJ,D,ga,0.0,16,0.0,87
2025,NJ,D,sa,0.0,16,0.0,87
2025,NJ,G,g,0.0,16,0.0,87
2025,NJ,G,a,0.0,16,0.0,87
2025,NJ,G,p,0.0,16,0.0,87
2025,NJ,G,sog,0.0,16,0.0,87
2025,NJ,G,blk,0.0,16,0.0,87
2025,NJ,G,hit,0.0,16,0.0,87
2025,NJ,G,pim,0.046,13,0.043,87
2025,NJ,G,ppg,0.0,16,0.0,87
2025,NJ,G,toi,60.389,5,60.114,87
2025,NJ,G,sv,25.253,14,25.188,87
2025,NJ,G,ga,2.759,21,2.804,87
2025,NJ,G,sa,28.011,14,27.984,87
2025,NJ,W,g,1.23,27,1.381,87
2025,NJ,W,a,1.517,29,1.762,87
2025,NJ,W,p,2.747,28,3.144,87
2025,NJ,W,sog,9.839,31,10.867,87
2025,NJ,W,blk,3.207,8,3.018,87
2025,NJ,W,hit,8.31,17,8.449,87
2025,NJ,W,pim,2.713,19,2.797,87
2025,NJ,W,ppg,0.218,27,0.286,87
2025,NJ,W,toi,92.282,13,91.596,87
2025,NJ,W,sv,0.0,16,0.0,87
2025,NJ,W,ga,0.0,16,0.0,87
2025,NJ,W,sa,0.0,16,0.0,87
2025,NSH,C,g,1.329,8,1.209,82
2025,NSH,C,a,2.195,2,1.771,82
2025,NSH,C,p,3.524,2,2.979,82
2025,NSH,C,sog,9.988,8,9.497,82
2025,NSH,C,blk,3.756,7,3.495,82
2025,NSH,C,hit,6.61,22,7.271,82
2025,NSH,C,pim,2.341,19,2.434,82
2025,NSH,C,ppg,0.293,7,0.25,82
2025,NSH,C,toi,91.09,7,89.594,82
2025,NSH,C,sv,0.0,17,0.0,82
2025,NSH,C,ga,0.0,17,0.0,82
2025,NSH,C,sa,0.0,17,0.0,82
2025,NSH,D,g,0.671,1,0.441,82
2025,NSH,D,a,1.622,12,1.573,82
2025,NSH,D,p,2.293,6,2.015,82
2025,NSH,D,sog,8.085,12,7.944,82
2025,NSH,D,blk,9.146,10,8.823,82
2025,NSH,D,hit,7.305,7,6.68,82
2025,NSH,D,pim,3.378,5,2.908,82
2025,NSH,D,ppg,0.049,19,0.06,82
2025,NSH,D,toi,116.203,29,116.91,82
2025,NSH,D,sv,0.0,17,0.0,82
2025,NSH,D,ga,0.0,17,0.0,82
2025,NSH,D,sa,0.0,17,0.0,82
2025,NSH,G,g,0.0,17,0.0,82
2025,NSH,G,a,0.0,17,0.0,82
2025,NSH,G,p,0.0,17,0.0,82
2025,NSH,G,sog,0.0,17,0.0,82
2025,NSH,G,blk,0.0,17,0.0,82
2025,NSH,G,hit,0.0,17,0.0,82
2025,NSH,G,pim,0.0,27,0.043,82
2025,NSH,G,ppg,0.0,17,0.0,82
2025,NSH,G,toi,59.844,28,60.114,82
2025,NSH,G,sv,26.72,8,25.188,82
2025,NSH,G,ga,2.366,32,2.804,82
2025,NSH,G,sa,29.085,8,27.984,82
2025,NSH,W,g,1.329,21,1.381,82
2025,NSH,W,a,1.829,10,1.762,82
2025,NSH,W,p,3.159,14,3.144,82
2025,NSH,W,sog,10.488,21,10.867,82
2025,NSH,W,blk,3.134,11,3.018,82
2025,NSH,W,hit,7.098,30,8.449,82
2025,NSH,W,pim,3.341,5,2.797,82
2025,NSH,W,ppg,0.207,29,0.286,82
2025,NSH,W,toi,89.068,28,91.596,82
2025,NSH,W,sv,0.0,17,0.0,82
2025,NSH,W,ga,0.0,17,0.0,82
2025,NSH,W,sa,0.0,17,0.0,82
2025,NYI,C,g,1.329,9,1.209,82
2025,NYI,C,a,2.012,6,1.771,82
2025,NYI,C,p,3.341,5,2.979,82
2025,NYI,C,sog,9.707,13,9.497,82
2025,NYI,C,blk,3.122,27,3.495,82
2025,NYI,C,hit,6.5,23,7.271,82
2025,NYI,C,pim,1.805,31,2.434,82
2025,NYI,C,ppg,0.293,8,0.25,82
2025,NYI,C,toi,88.536,25,89.594,82
2025,NYI,C,sv,0.0,18,0.0,82
2025,NYI,C,ga,0.0,18,0.0,82
2025,NYI,C,sa,0.0,18,0.0,82
2025,NYI,D,g,0.39,24,0.441,82
2025,NYI,D,a,1.817,6,1.573,82
2025,NYI,D,p,2.207,8,2.015,82
2025,NYI,D,sog,7.927,18,7.944,82
2025,NYI,D,blk,9.146,11,8.823,82
2025,NYI,D,hit,6.073,27,6.68,82
2025,NYI,D,pim,2.415,30,2.908,82
2025,NYI,D,ppg,0.024,30,0.06,82
2025,NYI,D,toi,117.505,5,116.91,82
2025,NYI,D,sv,0.0,18,0.0,82
2025,NYI,D,ga,0.0,18,0.0,82
2025,NYI,D,sa,0.0,18,0.0,82
2025,NYI,G,g,0.0,18,0.0,82
2025,NYI,G,a,0.0,18,0.0,82
2025,NYI,G,p,0.0,18,0.0,82
2025,NYI,G,sog,0.0,18,0.0,82
2025,NYI,G,blk,0.0,18,0.0,82
2025,NYI,G,hit,0.0,18,0.0,82
2025,NYI,G,pim,0.024,20,0.043,82
2025,NYI,G,ppg,0.0,18,0.0,82
2025,NYI,G,toi,59.956,22,60.114,82
2025,NYI,G,sv,26.805,6,25.188,82
2025,NYI,G,ga,2.549,26,2.804,82
2025,NYI,G,sa,29.341,6,27.984,82
2025,NYI,W,g,1.415,11,1.381,82
2025,NYI,W,a,1.549,27,1.762,82
2025,NYI,W,p,2.963,20,3.144,82
2025,NYI,W,sog,11.098,11,10.867,82
2025,NYI,W,blk,3.195,10,3.018,82
2025,NYI,W,hit,8.793,11,8.449,82
2025,NYI,W,pim,1.866,32,2.797,82
2025,NYI,W,ppg,0.293,16,0.286,82
2025,NYI,W,toi,91.729,18,91.596,82
2025,NYI,W,sv,0.0,18,0.0,82
2025,NYI,W,ga,0.0,18,0.0,82
2025,NYI,W,sa,0.0,18,0.0,82
2025,NYR,C,g,1.329,10,1.209,82
2025,NYR,C,a,1.902,11,1.771,82
2025,NYR,C,p,3.232,9,2.979,82
2025,NYR,C,sog,10.085,6,9.497,82
2025,NYR,C,blk,3.195,24,3.495,82
2025,NYR,C,hit,6.134,28,7.271,82
2025,NYR,C,pim,1.841,30,2.434,82
2025,NYR,C,ppg,0.244,19,0.25,82
2025,NYR,C,toi,87.723,27,89.594,82
2025,NYR,C,sv,0.0,19,0.0,82
2025,NYR,C,ga,0.0,19,0.0,82
2025,NYR,C,sa,0.0,19,0.0,82
2025,NYR,D,g,0.378,25,0.441,82
2025,NYR,D,a,1.61,14,1.573,82
2025,NYR,D,p,1.988,17,2.015,82
2025,NYR,D,sog,7.854,21,7.944,82
2025,NYR,D,blk,8.793,18,8.823,82
2025,NYR,D,hit,4.89,31,6.68,82
2025,NYR,D,pim,2.829,19,2.908,82
2025,NYR,D,ppg,0.061,12,0.06,82
2025,NYR,D,toi,116.133,31,116.91,82
2025,NYR,D,sv,0.0,19,0.0,82
2025,NYR,D,ga,0.0,19,0.0,82
2025,NYR,D,sa,0.0,19,0.0,82
2025,NYR,G,g,0.0,19,0.0,82
2025,NYR,G,a,0.0,19,0.0,82
2025,NYR,G,p,0.0,19,0.0,82
2025,NYR,G,sog,0.0,19,0.0,82
2025,NYR,G,blk,0.0,19,0.0,82
2025,NYR,G,hit,0.0,19,0.0,82
2025,NYR,G,pim,0.049,11,0.043,82
2025,NYR,G,ppg,0.0,19,0.0,82
2025,NYR,G,toi,59.805,32,60.114,82
2025,NYR,G,sv,25.476,12,25.188,82
2025,NYR,G,ga,2.951,12,2.804,82
2025,NYR,G,sa,28.427,11,27.984,82
2025,NYR,W,g,1.402,13,1.381,82
2025,NYR,W,a,1.817,11,1.762,82
2025,NYR,W,p,3.22,12,3.144,82
2025,NYR,W,sog,11.939,3,10.867,82
2025,NYR,W,blk,3.012,19,3.018,82
2025,NYR,W,hit,8.439,16,8.449,82
2025,NYR,W,pim,2.72,18,2.797,82
2025,NYR,W,ppg,0.268,20,0.286,82
2025,NYR,W,toi,92.818,8,91.596,82
2025,NYR,W,sv,0.0,19,0.0,82
2025,NYR,W,ga,0.0,19,0.0,82
2025,NYR,W,sa,0.0,19,0.0,82
2025,OTT,C,g,1.159,19,1.209,88
2025,OTT,C,a,1.602,24,1.771,88
2025,OTT,C,p,2.761,24,2.979,88
2025,OTT,C,sog,10.034,7,9.497,88
2025,OTT,C,blk,3.409,18,3.495,88
2025,OTT,C,hit,9.148,4,7.271,88
2025,OTT,C,pim,2.511,13,2.434,88
2025,OTT,C,ppg,0.261,15,0.25,88
2025,OTT,C,toi,91.517,6,89.594,88
2025,OTT,C,sv,0.0,20,0.0,88
2025,OTT,C,ga,0.0,20,0.0,88
2025,OTT,C,sa,0.0,20,0.0,88
2025,OTT,D,g,0.307,30,0.441,88
2025,OTT,D,a,1.511,19,1.573,88
2025,OTT,D,p,1.818,23,2.015,88
2025,OTT,D,sog,7.591,26,7.944,88
2025,OTT,D,blk,8.886,14,8.823,88
2025,OTT,D,hit,6.489,17,6.68,88
2025,OTT,D,pim,3.545,4,2.908,88
2025,OTT,D,ppg,0.023,31,0.06,88
2025,OTT,D,toi,116.622,19,116.91,88
2025,OTT,D,sv,0.0,20,0.0,88
2025,OTT,D,ga,0.0,20,0.0,88
2025,OTT,D,sa,0.0,20,0.0,88
2025,OTT,G,g,0.0,20,0.0,88
2025,OTT,G,a,0.0,20,0.0,88
2025,OTT,G,p,0.0,20,0.0,88
2025,OTT,G,sog,0.0,20,0.0,88
2025,OTT,G,blk,0.0,20,0.0,88
2025,OTT,G,hit,0.0,20,0.0,88
2025,OTT,G,pim,0.114,2,0.043,88
2025,OTT,G,ppg,0.0,20,0.0,88
2025,OTT,G,toi,59.827,29,60.114,88
2025,OTT,G,sv,26.011,9,25.188,88
2025,OTT,G,ga,2.761,19,2.804,88
2025,OTT,G,sa,28.773,10,27.984,88
2025,OTT,W,g,1.386,16,1.381,88
2025,OTT,W,a,1.761,14,1.762,88
2025,OTT,W,p,3.148,15,3.144,88
2025,OTT,W,sog,10.75,15,10.867,88
2025,OTT,W,blk,3.341,5,3.018,88
2025,OTT,W,hit,9.295,6,8.449,88
2025,OTT,W,pim,3.489,2,2.797,88
2025,OTT,W,ppg,0.364,4,0.286,88
2025,OTT,W,toi,88.862,29,91.596,88
2025,OTT,W,sv,0.0,20,0.0,88
2025,OTT,W,ga,0.0,20,0.0,88
2025,OTT,W,sa,0.0,20,0.0,88
2025,PHI,C,g,1.341,6,1.209,82
2025,PHI,C,a,1.963,7,1.771,82
2025,PHI,C,p,3.305,6,2.979,82
2025,PHI,C,sog,9.427,19,9.497,82
2025,PHI,C,blk,3.207,22,3.495,82
2025,PHI,C,hit,6.963,20,7.271,82
2025,PHI,C,pim,2.061,25,2.434,82
2025,PHI,C,ppg,0.256,17,0.25,82
2025,PHI,C,toi,90.447,9,89.594,82
2025,PHI,C,sv,0.0,21,0.0,82
2025,PHI,C,ga,0.0,21,0.0,82
2025,PHI,C,sa,0.0,21,0.0,82
2025,PHI,D,g,0.659,2,0.441,82
2025,PHI,D,a,1.927,3,1.573,82
2025,PHI,D,p,2.585,2,2.015,82
2025,PHI,D,sog,7.646,24,7.944,82
2025,PHI,D,blk,8.11,29,8.823,82
2025,PHI,D,hit,6.232,21,6.68,82
2025,PHI,D,pim,2.61,25,2.908,82
2025,PHI,D,ppg,0.061,13,0.06,82
2025,PHI,D,toi,117.377,8,116.91,82
2025,PHI,D,sv,0.0,21,0.0,82
2025,PHI,D,ga,0.0,21,0.0,82
2025,PHI,D,sa,0.0,21,0.0,82
2025,PHI,G,g,0.0,21,0.0,82
2025,PHI,G,a,0.0,21,0.0,82
2025,PHI,G,p,0.0,21,0.0,82
2025,PHI,G,sog,0.0,21,0.0,82
2025,PHI,G,blk,0.0,21,0.0,82
2025,PHI,G,hit,0.0,21,0.0,82
2025,PHI,G,pim,0.0,28,0.043,82
2025,PHI,G,ppg,0.0,21,0.0,82
2025,PHI,G,toi,60.371,6,60.114,82
2025,PHI,G,sv,24.146,26,25.188,82
2025,PHI,G,ga,2.671,23,2.804,82
2025,PHI,G,sa,26.805,26,27.984,82
2025,PHI,W,g,1.451,10,1.381,82
2025,PHI,W,a,1.988,6,1.762,82
2025,PHI,W,p,3.439,8,3.144,82
2025,PHI,W,sog,9.878,30,10.867,82
2025,PHI,W,blk,2.744,24,3.018,82
2025,PHI,W,hit,7.866,22,8.449,82
2025,PHI,W,pim,2.476,25,2.797,82
2025,PHI,W,ppg,0.232,24,0.286,82
2025,PHI,W,toi,90.27,26,91.596,82
2025,PHI,W,sv,0.0,21,0.0,82
2025,PHI,W,ga,0.0,21,0.0,82
2025,PHI,W,sa,0.0,21,0.0,82
2025,PIT,C,g,1.341,7,1.209,82
2025,PIT,C,a,1.902,12,1.771,82
2025,PIT,C,p,3.244,8,2.979,82
2025,PIT,C,sog,9.524,17,9.497,82
2025,PIT,C,blk,3.695,11,3.495,82
2025,PIT,C,hit,5.829,32,7.271,82
2025,PIT,C,pim,1.939,29,2.434,82
2025,PIT,C,ppg,0.183,29,0.25,82
2025,PIT,C,toi,88.984,20,89.594,82
2025,PIT,C,sv,0.0,22,0.0,82
2025,PIT,C,ga,0.0,22,0.0,82
2025,PIT,C,sa,0.0,22,0.0,82
2025,PIT,D,g,0.476,9,0.441,82
2025,PIT,D,a,1.939,2,1.573,82
2025,PIT,D,p,2.415,3,2.015,82
2025,PIT,D,sog,8.805,4,7.944,82
2025,PIT,D,blk,8.805,17,8.823,82
2025,PIT,D,hit,7.171,11,6.68,82
2025,PIT,D,pim,2.659,22,2.908,82
2025,PIT,D,ppg,0.085,6,0.06,82
2025,PIT,D,toi,116.789,18,116.91,82
2025,PIT,D,sv,0.0,22,0.0,82
2025,PIT,D,ga,0.0,22,0.0,82
2025,PIT,D,sa,0.0,22,0.0,82
2025,PIT,G,g,0.0,22,0.0,82
2025,PIT,G,a,0.0,22,0.0,82
2025,PIT,G,p,0.0,22,0.0,82
2025,PIT,G,sog,0.0,22,0.0,82
2025,PIT,G,blk,0.0,22,0.0,82
2025,PIT,G,hit,0.0,22,0.0,82
2025,PIT,G,pim,0.049,12,0.043,82
2025,PIT,G,ppg,0.0,22,0.0,82
2025,PIT,G,toi,60.207,10,60.114,82
2025,PIT,G,sv,25.427,13,25.188,82
2025,PIT,G,ga,2.78,17,2.804,82
2025,PIT,G,sa,28.171,13,27.984,82
2025,PIT,W,g,1.683,2,1.381,82
2025,PIT,W,a,2.244,2,1.762,82
2025,PIT,W,p,3.927,1,3.144,82
2025,PIT,W,sog,11.793,7,10.867,82
2025,PIT,W,blk,3.085,15,3.018,82
2025,PIT,W,hit,7.085,31,8.449,82
2025,PIT,W,pim,2.415,27,2.797,82
2025,PIT,W,ppg,0.317,10,0.286,82
2025,PIT,W,toi,91.951,15,91.596,82
2025,PIT,W,sv,0.0,22,0.0,82
2025,PIT,W,ga,0.0,22,0.0,82
2025,PIT,W,sa,0.0,22,0.0,82
2025,SEA,C,g,1.171,17,1.209,82
2025,SEA,C,a,2.024,4,1.771,82
2025,SEA,C,p,3.195,10,2.979,82
2025,SEA,C,sog,8.902,24,9.497,82
2025,SEA,C,blk,3.72,10,3.495,82
2025,SEA,C,hit,6.122,29,7.271,82
2025,SEA,C,pim,2.402,15,2.434,82
2025,SEA,C,ppg,0.232,22,0.25,82
2025,SEA,C,toi,87.081,29,89.594,82
2025,SEA,C,sv,0.0,23,0.0,82
2025,SEA,C,ga,0.0,23,0.0,82
2025,SEA,C,sa,0.0,23,0.0,82
2025,SEA,D,g,0.476,10,0.441,82
2025,SEA,D,a,1.671,10,1.573,82
2025,SEA,D,p,2.146,10,2.015,82
2025,SEA,D,sog,8.037,16,7.944,82
2025,SEA,D,blk,8.256,28,8.823,82
2025,SEA,D,hit,6.634,14,6.68,82
2025,SEA,D,pim,2.939,13,2.908,82
2025,SEA,D,ppg,0.049,20,0.06,82
2025,SEA,D,toi,116.892,14,116.91,82
2025,SEA,D,sv,0.0,23,0.0,82
2025,SEA,D,ga,0.0,23,0.0,82
2025,SEA,D,sa,0.0,23,0.0,82
2025,SEA,G,g,0.0,23,0.0,82
2025,SEA,G,a,0.0,23,0.0,82
2025,SEA,G,p,0.0,23,0.0,82
2025,SEA,G,sog,0.0,23,0.0,82
2025,SEA,G,blk,0.0,23,0.0,82
2025,SEA,G,hit,0.0,23,0.0,82
2025,SEA,G,pim,0.024,21,0.043,82
2025,SEA,G,ppg,0.0,23,0.0,82
2025,SEA,G,toi,59.823,30,60.114,82
2025,SEA,G,sv,24.366,24,25.188,82
2025,SEA,G,ga,2.805,16,2.804,82
2025,SEA,G,sa,27.171,24,27.984,82
2025,SEA,W,g,1.549,7,1.381,82
2025,SEA,W,a,1.841,9,1.762,82
2025,SEA,W,p,3.39,9,3.144,82
2025,SEA,W,sog,11.61,8,10.867,82
2025,SEA,W,blk,2.854,22,3.018,82
2025,SEA,W,hit,7.829,24,8.449,82
2025,SEA,W,pim,2.427,26,2.797,82
2025,SEA,W,ppg,0.256,22,0.286,82
2025,SEA,W,toi,92.511,12,91.596,82
2025,SEA,W,sv,0.0,23,0.0,82
2025,SEA,W,ga,0.0,23,0.0,82
2025,SEA,W,sa,0.0,23,0.0,82
2025,SJ,C,g,1.451,2,1.209,82
2025,SJ,C,a,2.305,1,1.771,82
2025,SJ,C,p,3.756,1,2.979,82
2025,SJ,C,sog,10.207,4,9.497,82
2025,SJ,C,blk,3.171,25,3.495,82
2025,SJ,C,hit,7.012,19,7.271,82
2025,SJ,C,pim,2.744,10,2.434,82
2025,SJ,C,ppg,0.329,2,0.25,82
2025,SJ,C,toi,87.473,28,89.594,82
2025,SJ,C,sv,0.0,24,0.0,82
2025,SJ,C,ga,0.0,24,0.0,82
2025,SJ,C,sa,0.0,24,0.0,82
2025,SJ,D,g,0.585,3,0.441,82
2025,SJ,D,a,2.073,1,1.573,82
2025,SJ,D,p,2.659,1,2.015,82
2025,SJ,D,sog,8.841,3,7.944,82
2025,SJ,D,blk,8.5,21,8.823,82
2025,SJ,D,hit,5.805,29,6.68,82
2025,SJ,D,pim,2.939,14,2.908,82
2025,SJ,D,ppg,0.085,7,0.06,82
2025,SJ,D,toi,116.216,28,116.91,82
2025,SJ,D,sv,0.0,24,0.0,82
2025,SJ,D,ga,0.0,24,0.0,82
2025,SJ,D,sa,0.0,24,0.0,82
2025,SJ,G,g,0.0,24,0.0,82
2025,SJ,G,a,0.0,24,0.0,82
2025,SJ,G,p,0.0,24,0.0,82
2025,SJ,G,sog,0.0,24,0.0,82
2025,SJ,G,blk,0.0,24,0.0,82
2025,SJ,G,hit,0.0,24,0.0,82
2025,SJ,G,pim,0.0,29,0.043,82
2025,SJ,G,ppg,0.0,24,0.0,82
2025,SJ,G,toi,60.18,12,60.114,82
2025,SJ,G,sv,24.329,25,25.188,82
2025,SJ,G,ga,2.463,31,2.804,82
2025,SJ,G,sa,26.793,27,27.984,82
2025,SJ,W,g,1.744,1,1.381,82
2025,SJ,W,a,2.146,5,1.762,82
2025,SJ,W,p,3.89,2,3.144,82
2025,SJ,W,sog,12.732,1,10.867,82
2025,SJ,W,blk,3.134,12,3.018,82
2025,SJ,W,hit,7.463,27,8.449,82
2025,SJ,W,pim,2.829,14,2.797,82
2025,SJ,W,ppg,0.39,2,0.286,82
2025,SJ,W,toi,93.475,6,91.596,82
2025,SJ,W,sv,0.0,24,0.0,82
2025,SJ,W,ga,0.0,24,0.0,82
2025,SJ,W,sa,0.0,24,0.0,82
2025,STL,C,g,1.079,28,1.209,89
2025,STL,C,a,1.697,20,1.771,89
2025,STL,C,p,2.775,23,2.979,89
2025,STL,C,sog,9.449,18,9.497,89
2025,STL,C,blk,3.112,28,3.495,89
2025,STL,C,hit,7.461,13,7.271,89
2025,STL,C,pim,2.989,4,2.434,89
2025,STL,C,ppg,0.202,27,0.25,89
2025,STL,C,toi,93.706,2,89.594,89
2025,STL,C,sv,0.0,25,0.0,89
2025,STL,C,ga,0.0,25,0.0,89
2025,STL,C,sa,0.0,25,0.0,89
2025,STL,D,g,0.449,15,0.441,89
2025,STL,D,a,1.483,22,1.573,89
2025,STL,D,p,1.933,21,2.015,89
2025,STL,D,sog,7.618,25,7.944,89
2025,STL,D,blk,8.73,19,8.823,89
2025,STL,D,hit,7.91,4,6.68,89
2025,STL,D,pim,3.843,1,2.908,89
2025,STL,D,ppg,0.079,8,0.06,89
2025,STL,D,toi,118.008,3,116.91,89
2025,STL,D,sv,0.0,25,0.0,89
2025,STL,D,ga,0.0,25,0.0,89
2025,STL,D,sa,0.0,25,0.0,89
2025,STL,G,g,0.0,25,0.0,89
2025,STL,G,a,0.0,25,0.0,89
2025,STL,G,p,0.0,25,0.0,89
2025,STL,G,sog,0.0,25,0.0,89
2025,STL,G,blk,0.0,25,0.0,89
2025,STL,G,hit,0.0,25,0.0,89
2025,STL,G,pim,0.0,30,0.043,89
2025,STL,G,ppg,0.0,25,0.0,89
2025,STL,G,toi,60.42,3,60.114,89
2025,STL,G,sv,23.315,29,25.188,89
2025,STL,G,ga,2.989,10,2.804,89
2025,STL,G,sa,26.303,29,27.984,89
2025,STL,W,g,1.292,24,1.381,89
2025,STL,W,a,1.584,25,1.762,89
2025,STL,W,p,2.876,24,3.144,89
2025,STL,W,sog,10.225,26,10.867,89
2025,STL,W,blk,2.674,25,3.018,89
2025,STL,W,hit,7.337,28,8.449,89
2025,STL,W,pim,2.629,22,2.797,89
2025,STL,W,ppg,0.315,11,0.286,89
2025,STL,W,toi,88.183,30,91.596,89
2025,STL,W,sv,0.0,25,0.0,89
2025,STL,W,ga,0.0,25,0.0,89
2025,STL,W,sa,0.0,25,0.0,89
2025,TB,C,g,1.149,20,1.209,87
2025,TB,C,a,1.586,25,1.771,87
2025,TB,C,p,2.736,26,2.979,87
2025,TB,C,sog,9.241,20,9.497,87
2025,TB,C,blk,3.885,6,3.495,87
2025,TB,C,hit,8.356,5,7.271,87
2025,TB,C,pim,3.425,1,2.434,87
2025,TB,C,ppg,0.161,30,0.25,87
2025,TB,C,toi,92.153,5,89.594,87
2025,TB,C,sv,0.0,26,0.0,87
2025,TB,C,ga,0.0,26,0.0,87
2025,TB,C,sa,0.0,26,0.0,87
2025,TB,D,g,0.437,17,0.441,87
2025,TB,D,a,1.207,32,1.573,87
2025,TB,D,p,1.644,31,2.015,87
2025,TB,D,sog,8.08,13,7.944,87
2025,TB,D,blk,8.368,24,8.823,87
2025,TB,D,hit,8.632,2,6.68,87
2025,TB,D,pim,3.092,11,2.908,87
2025,TB,D,ppg,0.046,21,0.06,87
2025,TB,D,toi,116.889,15,116.91,87
2025,TB,D,sv,0.0,26,0.0,87
2025,TB,D,ga,0.0,26,0.0,87
2025,TB,D,sa,0.0,26,0.0,87
2025,TB,G,g,0.0,26,0.0,87
2025,TB,G,a,0.0,26,0.0,87
2025,TB,G,p,0.0,26,0.0,87
2025,TB,G,sog,0.0,26,0.0,87
2025,TB,G,blk,0.0,26,0.0,87
2025,TB,G,hit,0.0,26,0.0,87
2025,TB,G,pim,0.046,14,0.043,87
2025,TB,G,ppg,0.0,26,0.0,87
2025,TB,G,toi,59.958,21,60.114,87
2025,TB,G,sv,24.724,18,25.188,87
2025,TB,G,ga,3.161,1,2.804,87
2025,TB,G,sa,27.874,17,27.984,87
2025,TB,W,g,1.115,31,1.381,87
2025,TB,W,a,1.391,32,1.762,87
2025,TB,W,p,2.506,32,3.144,87
2025,TB,W,sog,10.713,17,10.867,87
2025,TB,W,blk,3.103,14,3.018,87
2025,TB,W,hit,8.448,14,8.449,87
2025,TB,W,pim,2.736,16,2.797,87
2025,TB,W,ppg,0.276,19,0.286,87
2025,TB,W,toi,87.54,31,91.596,87
2025,TB,W,sv,0.0,26,0.0,87
2025,TB,W,ga,0.0,26,0.0,87
2025,TB,W,sa,0.0,26,0.0,87
2025,TOR,C,g,1.074,29,1.209,95
2025,TOR,C,a,1.684,21,1.771,95
2025,TOR,C,p,2.758,25,2.979,95
2025,TOR,C,sog,10.116,5,9.497,95
2025,TOR,C,blk,3.126,26,3.495,95
2025,TOR,C,hit,9.253,3,7.271,95
2025,TOR,C,pim,2.505,14,2.434,95
2025,TOR,C,ppg,0.284,9,0.25,95
2025,TOR,C,toi,92.675,3,89.594,95
2025,TOR,C,sv,0.0,27,0.0,95
2025,TOR,C,ga,0.0,27,0.0,95
2025,TOR,C,sa,0.0,27,0.0,95
2025,TOR,D,g,0.442,16,0.441,95
2025,TOR,D,a,1.579,16,1.573,95
2025,TOR,D,p,2.021,15,2.015,95
2025,TOR,D,sog,8.189,10,7.944,95
2025,TOR,D,blk,8.084,30,8.823,95
2025,TOR,D,hit,6.137,25,6.68,95
2025,TOR,D,pim,2.853,16,2.908,95
2025,TOR,D,ppg,0.042,22,0.06,95
2025,TOR,D,toi,116.85,17,116.91,95
2025,TOR,D,sv,0.0,27,0.0,95
2025,TOR,D,ga,0.0,27,0.0,95
2025,TOR,D,sa,0.0,27,0.0,95
2025,TOR,G,g,0.0,27,0.0,95
2025,TOR,G,a,0.0,27,0.0,95
2025,TOR,G,p,0.0,27,0.0,95
2025,TOR,G,sog,0.0,27,0.0,95
2025,TOR,G,blk,0.0,27,0.0,95
2025,TOR,G,hit,0.0,27,0.0,95
2025,TOR,G,pim,0.084,5,0.043,95
2025,TOR,G,ppg,0.0,27,0.0,95
2025,TOR,G,toi,59.949,24,60.114,95
2025,TOR,G,sv,24.411,23,25.188,95
2025,TOR,G,ga,2.947,13,2.804,95
2025,TOR,G,sa,27.347,21,27.984,95
2025,TOR,W,g,1.337,20,1.381,95
2025,TOR,W,a,1.663,20,1.762,95
2025,TOR,W,p,3.0,17,3.144,95
2025,TOR,W,sog,10.811,14,10.867,95
2025,TOR,W,blk,2.347,31,3.018,95
2025,TOR,W,hit,9.158,7,8.449,95
2025,TOR,W,pim,2.674,20,2.797,95
2025,TOR,W,ppg,0.295,14,0.286,95
2025,TOR,W,toi,89.506,27,91.596,95
2025,TOR,W,sv,0.0,27,0.0,95
2025,TOR,W,ga,0.0,27,0.0,95
2025,TOR,W,sa,0.0,27,0.0,95
2025,UTA,C,g,1.244,12,1.209,82
2025,UTA,C,a,1.756,17,1.771,82
2025,UTA,C,p,3.0,16,2.979,82
2025,UTA,C,sog,9.573,16,9.497,82
2025,UTA,C,blk,3.744,8,3.495,82
2025,UTA,C,hit,7.098,17,7.271,82
2025,UTA,C,pim,3.037,3,2.434,82
2025,UTA,C,ppg,0.305,5,0.25,82
2025,UTA,C,toi,88.612,24,89.594,82
2025,UTA,C,sv,0.0,28,0.0,82
2025,UTA,C,ga,0.0,28,0.0,82
2025,UTA,C,sa,0.0,28,0.0,82
2025,UTA,D,g,0.451,14,0.441,82
2025,UTA,D,a,1.488,21,1.573,82
2025,UTA,D,p,1.939,20,2.015,82
2025,UTA,D,sog,7.915,20,7.944,82
2025,UTA,D,blk,9.366,7,8.823,82
2025,UTA,D,hit,7.61,6,6.68,82
2025,UTA,D,pim,3.28,6,2.908,82
2025,UTA,D,ppg,0.061,14,0.06,82
2025,UTA,D,toi,116.444,24,116.91,82
2025,UTA,D,sv,0.0,28,0.0,82
2025,UTA,D,ga,0.0,28,0.0,82
2025,UTA,D,sa,0.0,28,0.0,82
2025,UTA,G,g,0.0,28,0.0,82
2025,UTA,G,a,0.0,28,0.0,82
2025,UTA,G,p,0.0,28,0.0,82
2025,UTA,G,sog,0.0,28,0.0,82
2025,UTA,G,blk,0.0,28,0.0,82
2025,UTA,G,hit,0.0,28,0.0,82
2025,UTA,G,pim,0.0,31,0.043,82
2025,UTA,G,ppg,0.0,28,0.0,82
2025,UTA,G,toi,60.407,4,60.114,82
2025,UTA,G,sv,25.634,11,25.188,82
2025,UTA,G,ga,2.78,18,2.804,82
2025,UTA,G,sa,28.415,12,27.984,82
2025,UTA,W,g,1.317,23,1.381,82
2025,UTA,W,a,1.622,22,1.762,82
2025,UTA,W,p,2.939,22,3.144,82
2025,UTA,W,sog,10.22,27,10.867,82
2025,UTA,W,blk,2.549,29,3.018,82
2025,UTA,W,hit,8.756,12,8.449,82
2025,UTA,W,pim,3.012,12,2.797,82
2025,UTA,W,ppg,0.268,21,0.286,82
2025,UTA,W,toi,92.708,9,91.596,82
2025,UTA,W,sv,0.0,28,0.0,82
2025,UTA,W,ga,0.0,28,0.0,82
2025,UTA,W,sa,0.0,28,0.0,82
2025,VAN,C,g,1.171,18,1.209,82
2025,VAN,C,a,1.915,9,1.771,82
2025,VAN,C,p,3.085,12,2.979,82
2025,VAN,C,sog,8.756,29,9.497,82
2025,VAN,C,blk,3.476,17,3.495,82
2025,VAN,C,hit,6.463,24,7.271,82
2025,VAN,C,pim,2.793,7,2.434,82
2025,VAN,C,ppg,0.232,23,0.25,82
2025,VAN,C,toi,90.148,11,89.594,82
2025,VAN,C,sv,0.0,29,0.0,82
2025,VAN,C,ga,0.0,29,0.0,82
2025,VAN,C,sa,0.0,29,0.0,82
2025,VAN,D,g,0.524,5,0.441,82
2025,VAN,D,a,1.476,23,1.573,82
2025,VAN,D,p,2.0,16,2.015,82
2025,VAN,D,sog,7.305,28,7.944,82
2025,VAN,D,blk,8.402,23,8.823,82
2025,VAN,D,hit,6.183,22,6.68,82
2025,VAN,D,pim,2.683,20,2.908,82
2025,VAN,D,ppg,0.037,28,0.06,82
2025,VAN,D,toi,116.585,21,116.91,82
2025,VAN,D,sv,0.0,29,0.0,82
2025,VAN,D,ga,0.0,29,0.0,82
2025,VAN,D,sa,0.0,29,0.0,82
2025,VAN,G,g,0.0,29,0.0,82
2025,VAN,G,a,0.0,29,0.0,82
2025,VAN,G,p,0.0,29,0.0,82
2025,VAN,G,sog,0.0,29,0.0,82
2025,VAN,G,blk,0.0,29,0.0,82
2025,VAN,G,hit,0.0,29,0.0,82
2025,VAN,G,pim,0.024,22,0.043,82
2025,VAN,G,ppg,0.0,29,0.0,82
2025,VAN,G,toi,60.366,7,60.114,82
2025,VAN,G,sv,22.72,31,25.188,82
2025,VAN,G,ga,2.683,22,2.804,82
2025,VAN,G,sa,25.378,31,27.984,82
2025,VAN,W,g,1.366,18,1.381,82
2025,VAN,W,a,1.744,15,1.762,82
2025,VAN,W,p,3.11,16,3.144,82
2025,VAN,W,sog,10.744,16,10.867,82
2025,VAN,W,blk,3.049,16,3.018,82
2025,VAN,W,hit,7.866,23,8.449,82
2025,VAN,W,pim,3.317,6,2.797,82
2025,VAN,W,ppg,0.207,30,0.286,82
2025,VAN,W,toi,91.336,20,91.596,82
2025,VAN,W,sv,0.0,29,0.0,82
2025,VAN,W,ga,0.0,29,0.0,82
2025,VAN,W,sa,0.0,29,0.0,82
2025,VGK,C,g,0.914,32,1.209,93
2025,VGK,C,a,1.484,30,1.771,93
2025,VGK,C,p,2.398,31,2.979,93
2025,VGK,C,sog,8.828,27,9.497,93
2025,VGK,C,blk,3.677,12,3.495,93
2025,VGK,C,hit,7.624,9,7.271,93
2025,VGK,C,pim,1.989,26,2.434,93
2025,VGK,C,ppg,0.129,32,0.25,93
2025,VGK,C,toi,88.614,23,89.594,93
2025,VGK,C,sv,0.0,30,0.0,93
2025,VGK,C,ga,0.0,30,0.0,93
2025,VGK,C,sa,0.0,30,0.0,93
2025,VGK,D,g,0.376,26,0.441,93
2025,VGK,D,a,1.312,27,1.573,93
2025,VGK,D,p,1.688,28,2.015,93
2025,VGK,D,sog,6.849,30,7.944,93
2025,VGK,D,blk,8.484,22,8.823,93
2025,VGK,D,hit,6.86,12,6.68,93
2025,VGK,D,pim,2.043,32,2.908,93
2025,VGK,D,ppg,0.054,16,0.06,93
2025,VGK,D,toi,118.409,1,116.91,93
2025,VGK,D,sv,0.0,30,0.0,93
2025,VGK,D,ga,0.0,30,0.0,93
2025,VGK,D,sa,0.0,30,0.0,93
2025,VGK,G,g,0.0,30,0.0,93
2025,VGK,G,a,0.0,30,0.0,93
2025,VGK,G,p,0.0,30,0.0,93
2025,VGK,G,sog,0.0,30,0.0,93
2025,VGK,G,blk,0.0,30,0.0,93
2025,VGK,G,hit,0.0,30,0.0,93
2025,VGK,G,pim,0.0,32,0.043,93
2025,VGK,G,ppg,0.0,30,0.0,93
2025,VGK,G,toi,60.204,11,60.114,93
2025,VGK,G,sv,26.806,5,25.188,93
2025,VGK,G,ga,3.0,8,2.804,93
2025,VGK,G,sa,29.806,5,27.984,93
2025,VGK,W,g,1.387,15,1.381,93
2025,VGK,W,a,1.785,12,1.762,93
2025,VGK,W,p,3.172,13,3.144,93
2025,VGK,W,sog,10.602,18,10.867,93
2025,VGK,W,blk,3.462,3,3.018,93
2025,VGK,W,hit,10.204,3,8.449,93
2025,VGK,W,pim,2.011,31,2.797,93
2025,VGK,W,ppg,0.301,13,0.286,93
2025,VGK,W,toi,93.738,5,91.596,93
2025,VGK,W,sv,0.0,30,0.0,93
2025,VGK,W,ga,0.0,30,0.0,93
2025,VGK,W,sa,0.0,30,0.0,93
2025,WPG,C,g,0.989,31,1.209,95
2025,WPG,C,a,1.126,32,1.771,95
2025,WPG,C,p,2.116,32,2.979,95
2025,WPG,C,sog,8.411,31,9.497,95
2025,WPG,C,blk,3.095,30,3.495,95
2025,WPG,C,hit,7.926,6,7.271,95
2025,WPG,C,pim,2.8,6,2.434,95
2025,WPG,C,ppg,0.274,12,0.25,95
2025,WPG,C,toi,85.701,32,89.594,95
2025,WPG,C,sv,0.0,31,0.0,95
2025,WPG,C,ga,0.0,31,0.0,95
2025,WPG,C,sa,0.0,31,0.0,95
2025,WPG,D,g,0.316,29,0.441,95
2025,WPG,D,a,1.389,26,1.573,95
2025,WPG,D,p,1.705,27,2.015,95
2025,WPG,D,sog,8.032,17,7.944,95
2025,WPG,D,blk,7.8,31,8.823,95
2025,WPG,D,hit,7.779,5,6.68,95
2025,WPG,D,pim,2.842,17,2.908,95
2025,WPG,D,ppg,0.042,23,0.06,95
2025,WPG,D,toi,117.311,9,116.91,95
2025,WPG,D,sv,0.0,31,0.0,95
2025,WPG,D,ga,0.0,31,0.0,95
2025,WPG,D,sa,0.0,31,0.0,95
2025,WPG,G,g,0.0,31,0.0,95
2025,WPG,G,a,0.0,31,0.0,95
2025,WPG,G,p,0.0,31,0.0,95
2025,WPG,G,sog,0.0,31,0.0,95
2025,WPG,G,blk,0.0,31,0.0,95
2025,WPG,G,hit,0.0,31,0.0,95
2025,WPG,G,pim,0.063,9,0.043,95
2025,WPG,G,ppg,0.0,31,0.0,95
2025,WPG,G,toi,60.159,13,60.114,95
2025,WPG,G,sv,24.968,17,25.188,95
2025,WPG,G,ga,3.0,9,2.804,95
2025,WPG,G,sa,27.947,15,27.984,95
2025,WPG,W,g,1.116,30,1.381,95
2025,WPG,W,a,1.537,28,1.762,95
2025,WPG,W,p,2.653,30,3.144,95
2025,WPG,W,sog,10.2,28,10.867,95
2025,WPG,W,blk,3.105,13,3.018,95
2025,WPG,W,hit,10.674,1,8.449,95
2025,WPG,W,pim,3.295,7,2.797,95
2025,WPG,W,ppg,0.232,25,0.286,95
2025,WPG,W,toi,95.725,1,91.596,95
2025,WPG,W,sv,0.0,31,0.0,95
2025,WPG,W,ga,0.0,31,0.0,95
2025,WPG,W,sa,0.0,31,0.0,95
2025,WSH,C,g,1.174,16,1.209,92
2025,WSH,C,a,1.5,29,1.771,92
2025,WSH,C,p,2.674,27,2.979,92
2025,WSH,C,sog,9.076,22,9.497,92
2025,WSH,C,blk,3.533,15,3.495,92
2025,WSH,C,hit,7.054,18,7.271,92
2025,WSH,C,pim,2.37,17,2.434,92
2025,WSH,C,ppg,0.141,31,0.25,92
2025,WSH,C,toi,88.077,26,89.594,92
2025,WSH,C,sv,0.0,32,0.0,92
2025,WSH,C,ga,0.0,32,0.0,92
2025,WSH,C,sa,0.0,32,0.0,92
2025,WSH,D,g,0.435,18,0.441,92
2025,WSH,D,a,1.25,30,1.573,92
2025,WSH,D,p,1.685,29,2.015,92
2025,WSH,D,sog,7.924,19,7.944,92
2025,WSH,D,blk,8.337,27,8.823,92
2025,WSH,D,hit,6.304,19,6.68,92
2025,WSH,D,pim,3.13,9,2.908,92
2025,WSH,D,ppg,0.076,9,0.06,92
2025,WSH,D,toi,116.401,25,116.91,92
2025,WSH,D,sv,0.0,32,0.0,92
2025,WSH,D,ga,0.0,32,0.0,92
2025,WSH,D,sa,0.0,32,0.0,92
2025,WSH,G,g,0.0,32,0.0,92
2025,WSH,G,a,0.0,32,0.0,92
2025,WSH,G,p,0.0,32,0.0,92
2025,WSH,G,sog,0.0,32,0.0,92
2025,WSH,G,blk,0.0,32,0.0,92
2025,WSH,G,hit,0.0,32,0.0,92
2025,WSH,G,pim,0.043,16,0.043,92
2025,WSH,G,ppg,0.0,32,0.0,92
2025,WSH,G,toi,59.867,27,60.114,92
2025,WSH,G,sv,23.826,27,25.188,92
2025,WSH,G,ga,3.076,4,2.804,92
2025,WSH,G,sa,26.87,25,27.984,92
2025,WSH,W,g,1.174,28,1.381,92
2025,WSH,W,a,1.685,17,1.762,92
2025,WSH,W,p,2.859,26,3.144,92
2025,WSH,W,sog,10.457,22,10.867,92
2025,WSH,W,blk,2.674,26,3.018,92
2025,WSH,W,hit,8.446,15,8.449,92
2025,WSH,W,pim,3.13,9,2.797,92
2025,WSH,W,ppg,0.337,8,0.286,92
2025,WSH,W,toi,93.191,7,91.596,92
2025,WSH,W,sv,0.0,32,0.0,92
2025,WSH,W,ga,0.0,32,0.0,92
2025,WSH,W,sa,0.0,32,0.0,92
2026,ANA,C,g,1.277,12,1.201,94
2026,ANA,C,a,2.16,2,1.769,94
2026,ANA,C,p,3.436,2,2.97,94
2026,ANA,C,sog,9.426,14,9.398,94
2026,ANA,C,blk,3.394,7,3.182,94
2026,ANA,C,hit,7.723,7,7.063,94
2026,ANA,C,pim,3.117,6,2.664,94
2026,ANA,C,ppg,0.266,16,0.252,94
2026,ANA,C,toi,94.206,3,89.784,94
2026,ANA,C,sv,0.0,1,0.0,94
2026,ANA,C,ga,0.0,1,0.0,94
2026,ANA,C,sa,0.0,1,0.0,94
2026,ANA,D,g,0.564,6,0.469,94
2026,ANA,D,a,2.053,2,1.63,94
2026,ANA,D,p,2.617,2,2.099,94
2026,ANA,D,sog,7.872,13,7.708,94
2026,ANA,D,blk,9.266,5,8.236,94
2026,ANA,D,hit,5.309,25,6.014,94
2026,ANA,D,pim,3.511,10,3.281,94
2026,ANA,D,ppg,0.074,15,0.072,94
2026,ANA,D,toi,116.729,22,116.974,94
2026,ANA,D,sv,0.0,1,0.0,94
2026,ANA,D,ga,0.0,1,0.0,94
2026,ANA,D,sa,0.0,1,0.0,94
2026,ANA,G,g,0.0,1,0.0,94
2026,ANA,G,a,0.0,1,0.0,94
2026,ANA,G,p,0.0,1,0.0,94
2026,ANA,G,sog,0.0,1,0.0,94
2026,ANA,G,blk,0.0,1,0.0,94
2026,ANA,G,hit,0.0,1,0.0,94
2026,ANA,G,pim,0.106,9,0.079,94
2026,ANA,G,ppg,0.0,1,0.0,94
2026,ANA,G,toi,60.514,8,60.316,94
2026,ANA,G,sv,27.691,3,24.743,94
2026,ANA,G,ga,3.032,13,2.865,94
2026,ANA,G,sa,30.713,3,27.599,94
2026,ANA,W,g,1.67,2,1.413,94
2026,ANA,W,a,1.979,5,1.811,94
2026,ANA,W,p,3.649,4,3.224,94
2026,ANA,W,sog,10.798,19,10.808,94
2026,ANA,W,blk,2.702,20,2.831,94
2026,ANA,W,hit,7.266,24,8.07,94
2026,ANA,W,pim,3.202,7,2.899,94
2026,ANA,W,ppg,0.404,1,0.288,94
2026,ANA,W,toi,86.727,30,91.6,94
2026,ANA,W,sv,0.0,1,0.0,94
2026,ANA,W,ga,0.0,1,0.0,94
2026,ANA,W,sa,0.0,1,0.0,94
2026,BOS,C,g,1.114,23,1.201,88
2026,BOS,C,a,1.739,18,1.769,88
2026,BOS,C,p,2.852,24,2.97,88
2026,BOS,C,sog,9.909,10,9.398,88
2026,BOS,C,blk,3.364,8,3.182,88
2026,BOS,C,hit,7.284,10,7.063,88
2026,BOS,C,pim,3.193,4,2.664,88
2026,BOS,C,ppg,0.352,1,0.252,88
2026,BOS,C,toi,87.651,28,89.784,88
2026,BOS,C,sv,0.0,2,0.0,88
2026,BOS,C,ga,0.0,2,0.0,88
2026,BOS,C,sa,0.0,2,0.0,88
2026,BOS,D,g,0.489,13,0.469,88
2026,BOS,D,a,1.614,14,1.63,88
2026,BOS,D,p,2.102,14,2.099,88
2026,BOS,D,sog,7.932,12,7.708,88
2026,BOS,D,blk,8.33,13,8.236,88
2026,BOS,D,hit,6.318,12,6.014,88
2026,BOS,D,pim,3.648,7,3.281,88
2026,BOS,D,ppg,0.08,13,0.072,88
2026,BOS,D,toi,115.98,31,116.974,88
2026,BOS,D,sv,0.0,2,0.0,88
2026,BOS,D,ga,0.0,2,0.0,88
2026,BOS,D,sa,0.0,2,0.0,88
2026,BOS,G,g,0.0,2,0.0,88
2026,BOS,G,a,0.0,2,0.0,88
2026,BOS,G,p,0.0,2,0.0,88
2026,BOS,G,sog,0.0,2,0.0,88
2026,BOS,G,blk,0.0,2,0.0,88
2026,BOS,G,hit,0.0,2,0.0,88
2026,BOS,G,pim,0.148,3,0.079,88
2026,BOS,G,ppg,0.0,2,0.0,88
2026,BOS,G,toi,60.181,17,60.316,88
2026,BOS,G,sv,23.716,21,24.743,88
2026,BOS,G,ga,3.011,14,2.865,88
2026,BOS,G,sa,26.727,21,27.599,88
2026,BOS,W,g,1.432,18,1.413,88
2026,BOS,W,a,1.852,11,1.811,88
2026,BOS,W,p,3.284,12,3.224,88
2026,BOS,W,sog,11.966,2,10.808,88
2026,BOS,W,blk,2.648,24,2.831,88
2026,BOS,W,hit,9.227,5,8.07,88
2026,BOS,W,pim,3.807,2,2.899,88
2026,BOS,W,ppg,0.307,13,0.288,88
2026,BOS,W,toi,94.73,3,91.6,88
2026,BOS,W,sv,0.0,2,0.0,88
2026,BOS,W,ga,0.0,2,0.0,88
2026,BOS,W,sa,0.0,2,0.0,88
2026,BUF,C,g,1.253,13,1.201,95
2026,BUF,C,a,1.663,25,1.769,95
2026,BUF,C,p,2.916,19,2.97,95
2026,BUF,C,sog,9.937,8,9.398,95
2026,BUF,C,blk,3.011,24,3.182,95
2026,BUF,C,hit,9.042,2,7.063,95
2026,BUF,C,pim,3.463,2,2.664,95
2026,BUF,C,ppg,0.147,31,0.252,95
2026,BUF,C,toi,94.539,2,89.784,95
2026,BUF,C,sv,0.0,3,0.0,95
2026,BUF,C,ga,0.0,3,0.0,95
2026,BUF,C,sa,0.0,3,0.0,95
2026,BUF,D,g,0.347,30,0.469,95
2026,BUF,D,a,1.611,15,1.63,95
2026,BUF,D,p,1.958,24,2.099,95
2026,BUF,D,sog,7.8,15,7.708,95
2026,BUF,D,blk,7.842,21,8.236,95
2026,BUF,D,hit,6.989,4,6.014,95
2026,BUF,D,pim,4.716,2,3.281,95
2026,BUF,D,ppg,0.084,12,0.072,95
2026,BUF,D,toi,116.419,27,116.974,95
2026,BUF,D,sv,0.0,3,0.0,95
2026,BUF,D,ga,0.0,3,0.0,95
2026,BUF,D,sa,0.0,3,0.0,95
2026,BUF,G,g,0.0,3,0.0,95
2026,BUF,G,a,0.0,3,0.0,95
2026,BUF,G,p,0.0,3,0.0,95
2026,BUF,G,sog,0.0,3,0.0,95
2026,BUF,G,blk,0.0,3,0.0,95
2026,BUF,G,hit,0.0,3,0.0,95
2026,BUF,G,pim,0.063,19,0.079,95
2026,BUF,G,ppg,0.0,3,0.0,95
2026,BUF,G,toi,59.792,32,60.316,95
2026,BUF,G,sv,25.021,14,24.743,95
2026,BUF,G,ga,3.105,9,2.865,95
2026,BUF,G,sa,28.116,11,27.599,95
2026,BUF,W,g,1.337,23,1.413,95
2026,BUF,W,a,1.547,29,1.811,95
2026,BUF,W,p,2.884,30,3.224,95
2026,BUF,W,sog,10.989,15,10.808,95
2026,BUF,W,blk,2.453,30,2.831,95
2026,BUF,W,hit,7.989,14,8.07,95
2026,BUF,W,pim,3.147,8,2.899,95
2026,BUF,W,ppg,0.316,11,0.288,95
2026,BUF,W,toi,86.346,32,91.6,95
2026,BUF,W,sv,0.0,3,0.0,95
2026,BUF,W,ga,0.0,3,0.0,95
2026,BUF,W,sa,0.0,3,0.0,95
2026,CAR,C,g,1.149,20,1.201,101
2026,CAR,C,a,1.653,26,1.769,101
2026,CAR,C,p,2.802,27,2.97,101
2026,CAR,C,sog,8.96,21,9.398,101
2026,CAR,C,blk,4.485,1,3.182,101
2026,CAR,C,hit,9.099,1,7.063,101
2026,CAR,C,pim,2.624,16,2.664,101
2026,CAR,C,ppg,0.178,28,0.252,101
2026,CAR,C,toi,94.111,4,89.784,101
2026,CAR,C,sv,0.0,4,0.0,101
2026,CAR,C,ga,0.0,4,0.0,101
2026,CAR,C,sa,0.0,4,0.0,101
2026,CAR,D,g,0.356,28,0.469,101
2026,CAR,D,a,1.317,32,1.63,101
2026,CAR,D,p,1.673,31,2.099,101
2026,CAR,D,sog,5.782,32,7.708,101
2026,CAR,D,blk,9.683,2,8.236,101
2026,CAR,D,hit,7.426,1,6.014,101
2026,CAR,D,pim,3.653,6,3.281,101
2026,CAR,D,ppg,0.089,9,0.072,101
2026,CAR,D,toi,118.172,3,116.974,101
2026,CAR,D,sv,0.0,4,0.0,101
2026,CAR,D,ga,0.0,4,0.0,101
2026,CAR,D,sa,0.0,4,0.0,101
2026,CAR,G,g,0.0,4,0.0,101
2026,CAR,G,a,0.0,4,0.0,101
2026,CAR,G,p,0.0,4,0.0,101
2026,CAR,G,sog,0.0,4,0.0,101
2026,CAR,G,blk,0.0,4,0.0,101
2026,CAR,G,hit,0.0,4,0.0,101
2026,CAR,G,pim,0.079,14,0.079,101
2026,CAR,G,ppg,0.0,4,0.0,101
2026,CAR,G,toi,60.965,3,60.316,101
2026,CAR,G,sv,28.535,2,24.743,101
2026,CAR,G,ga,3.307,1,2.865,101
2026,CAR,G,sa,31.832,2,27.599,101
2026,CAR,W,g,1.218,30,1.413,101
2026,CAR,W,a,1.683,26,1.811,101
2026,CAR,W,p,2.901,29,3.224,101
2026,CAR,W,sog,9.05,32,10.808,101
2026,CAR,W,blk,3.782,1,2.831,101
2026,CAR,W,hit,9.376,4,8.07,101
2026,CAR,W,pim,2.277,27,2.899,101
2026,CAR,W,ppg,0.238,26,0.288,101
2026,CAR,W,toi,89.991,25,91.6,101
2026,CAR,W,sv,0.0,4,0.0,101
2026,CAR,W,ga,0.0,4,0.0,101
2026,CAR,W,sa,0.0,4,0.0,101
2026,CBJ,C,g,1.085,24,1.201,82
2026,CBJ,C,a,1.854,11,1.769,82
2026,CBJ,C,p,2.939,17,2.97,82
2026,CBJ,C,sog,9.915,9,9.398,82
2026,CBJ,C,blk,3.195,11,3.182,82
2026,CBJ,C,hit,6.159,29,7.063,82
2026,CBJ,C,pim,2.415,23,2.664,82
2026,CBJ,C,ppg,0.28,12,0.252,82
2026,CBJ,C,toi,89.353,18,89.784,82
2026,CBJ,C,sv,0.0,5,0.0,82
2026,CBJ,C,ga,0.0,5,0.0,82
2026,CBJ,C,sa,0.0,5,0.0,82
2026,CBJ,D,g,0.72,1,0.469,82
2026,CBJ,D,a,1.5,27,1.63,82
2026,CBJ,D,p,2.22,8,2.099,82
2026,CBJ,D,sog,8.354,7,7.708,82
2026,CBJ,D,blk,8.89,8,8.236,82
2026,CBJ,D,hit,5.366,24,6.014,82
2026,CBJ,D,pim,2.427,29,3.281,82
2026,CBJ,D,ppg,0.122,3,0.072,82
2026,CBJ,D,toi,116.831,18,116.974,82
2026,CBJ,D,sv,0.0,5,0.0,82
2026,CBJ,D,ga,0.0,5,0.0,82
2026,CBJ,D,sa,0.0,5,0.0,82
2026,CBJ,G,g,0.0,5,0.0,82
2026,CBJ,G,a,0.0,5,0.0,82
2026,CBJ,G,p,0.0,5,0.0,82
2026,CBJ,G,sog,0.0,5,0.0,82
2026,CBJ,G,blk,0.0,5,0.0,82
2026,CBJ,G,hit,0.0,5,0.0,82
2026,CBJ,G,pim,0.0,29,0.079,82
2026,CBJ,G,ppg,0.0,5,0.0,82
2026,CBJ,G,toi,60.334,13,60.316,82
2026,CBJ,G,sv,26.402,5,24.743,82
2026,CBJ,G,ga,2.805,19,2.865,82
2026,CBJ,G,sa,29.207,6,27.599,82
2026,CBJ,W,g,1.256,26,1.413,82
2026,CBJ,W,a,1.902,8,1.811,82
2026,CBJ,W,p,3.159,19,3.224,82
2026,CBJ,W,sog,10.561,21,10.808,82
2026,CBJ,W,blk,3.256,4,2.831,82
2026,CBJ,W,hit,6.78,28,8.07,82
2026,CBJ,W,pim,2.159,30,2.899,82
2026,CBJ,W,ppg,0.244,25,0.288,82
2026,CBJ,W,toi,92.561,10,91.6,82
2026,CBJ,W,sv,0.0,5,0.0,82
2026,CBJ,W,ga,0.0,5,0.0,82
2026,CBJ,W,sa,0.0,5,0.0,82
2026,CGY,C,g,1.28,10,1.201,82
2026,CGY,C,a,1.866,10,1.769,82
2026,CGY,C,p,3.146,10,2.97,82
2026,CGY,C,sog,10.195,6,9.398,82
2026,CGY,C,blk,3.171,14,3.182,82
2026,CGY,C,hit,6.402,23,7.063,82
2026,CGY,C,pim,3.28,3,2.664,82
2026,CGY,C,ppg,0.28,13,0.252,82
2026,CGY,C,toi,88.059,26,89.784,82
2026,CGY,C,sv,0.0,6,0.0,82
2026,CGY,C,ga,0.0,6,0.0,82
2026,CGY,C,sa,0.0,6,0.0,82
2026,CGY,D,g,0.402,23,0.469,82
2026,CGY,D,a,1.573,20,1.63,82
2026,CGY,D,p,1.976,22,2.099,82
2026,CGY,D,sog,8.024,10,7.708,82
2026,CGY,D,blk,9.134,7,8.236,82
2026,CGY,D,hit,5.244,27,6.014,82
2026,CGY,D,pim,3.488,12,3.281,82
2026,CGY,D,ppg,0.085,10,0.072,82
2026,CGY,D,toi,117.009,13,116.974,82
2026,CGY,D,sv,0.0,6,0.0,82
2026,CGY,D,ga,0.0,6,0.0,82
2026,CGY,D,sa,0.0,6,0.0,82
2026,CGY,G,g,0.0,6,0.0,82
2026,CGY,G,a,0.0,6,0.0,82
2026,CGY,G,p,0.0,6,0.0,82
2026,CGY,G,sog,0.0,6,0.0,82
2026,CGY,G,blk,0.0,6,0.0,82
2026,CGY,G,hit,0.0,6,0.0,82
2026,CGY,G,pim,0.098,10,0.079,82
2026,CGY,G,ppg,0.0,6,0.0,82
2026,CGY,G,toi,59.951,29,60.316,82
2026,CGY,G,sv,25.585,9,24.743,82
2026,CGY,G,ga,2.378,32,2.865,82
2026,CGY,G,sa,27.951,14,27.599,82
2026,CGY,W,g,1.439,16,1.413,82
2026,CGY,W,a,1.793,15,1.811,82
2026,CGY,W,p,3.232,15,3.224,82
2026,CGY,W,sog,11.695,4,10.808,82
2026,CGY,W,blk,3.037,6,2.831,82
2026,CGY,W,hit,7.854,15,8.07,82
2026,CGY,W,pim,2.927,13,2.899,82
2026,CGY,W,ppg,0.22,28,0.288,82
2026,CGY,W,toi,92.113,16,91.6,82
2026,CGY,W,sv,0.0,6,0.0,82
2026,CGY,W,ga,0.0,6,0.0,82
2026,CGY,W,sa,0.0,6,0.0,82
2026,CHI,C,g,1.159,17,1.201,82
2026,CHI,C,a,1.927,7,1.769,82
2026,CHI,C,p,3.085,11,2.97,82
2026,CHI,C,sog,9.768,12,9.398,82
2026,CHI,C,blk,2.573,32,3.182,82
2026,CHI,C,hit,7.22,11,7.063,82
2026,CHI,C,pim,2.451,22,2.664,82
2026,CHI,C,ppg,0.232,22,0.252,82
2026,CHI,C,toi,87.837,27,89.784,82
2026,CHI,C,sv,0.0,7,0.0,82
2026,CHI,C,ga,0.0,7,0.0,82
2026,CHI,C,sa,0.0,7,0.0,82
2026,CHI,D,g,0.671,3,0.469,82
2026,CHI,D,a,1.659,11,1.63,82
2026,CHI,D,p,2.329,6,2.099,82
2026,CHI,D,sog,8.634,3,7.708,82
2026,CHI,D,blk,6.78,32,8.236,82
2026,CHI,D,hit,6.024,17,6.014,82
2026,CHI,D,pim,3.476,13,3.281,82
2026,CHI,D,ppg,0.024,31,0.072,82
2026,CHI,D,toi,116.747,21,116.974,82
2026,CHI,D,sv,0.0,7,0.0,82
2026,CHI,D,ga,0.0,7,0.0,82
2026,CHI,D,sa,0.0,7,0.0,82
2026,CHI,G,g,0.0,7,0.0,82
2026,CHI,G,a,0.0,7,0.0,82
2026,CHI,G,p,0.0,7,0.0,82
2026,CHI,G,sog,0.0,7,0.0,82
2026,CHI,G,blk,0.0,7,0.0,82
2026,CHI,G,hit,0.0,7,0.0,82
2026,CHI,G,pim,0.122,6,0.079,82
2026,CHI,G,ppg,0.0,7,0.0,82
2026,CHI,G,toi,60.398,11,60.316,82
2026,CHI,G,sv,22.024,32,24.743,82
2026,CHI,G,ga,2.451,31,2.865,82
2026,CHI,G,sa,24.476,32,27.599,82
2026,CHI,W,g,1.463,12,1.413,82
2026,CHI,W,a,1.951,6,1.811,82
2026,CHI,W,p,3.415,6,3.224,82
2026,CHI,W,sog,11.549,5,10.808,82
2026,CHI,W,blk,2.293,32,2.831,82
2026,CHI,W,hit,9.439,3,8.07,82
2026,CHI,W,pim,2.22,28,2.899,82
2026,CHI,W,ppg,0.22,29,0.288,82
2026,CHI,W,toi,92.828,7,91.6,82
2026,CHI,W,sv,0.0,7,0.0,82
2026,CHI,W,ga,0.0,7,0.0,82
2026,CHI,W,sa,0.0,7,0.0,82
2026,COL,C,g,1.032,28,1.201,95
2026,COL,C,a,1.105,32,1.769,95
2026,COL,C,p,2.137,32,2.97,95
2026,COL,C,sog,8.579,27,9.398,95
2026,COL,C,blk,4.316,2,3.182,95
2026,COL,C,hit,7.021,18,7.063,95
2026,COL,C,pim,2.295,26,2.664,95
2026,COL,C,ppg,0.189,26,0.252,95
2026,COL,C,toi,85.99,31,89.784,95
2026,COL,C,sv,0.0,8,0.0,95
2026,COL,C,ga,0.0,8,0.0,95
2026,COL,C,sa,0.0,8,0.0,95
2026,COL,D,g,0.274,32,0.469,95
2026,COL,D,a,1.379,31,1.63,95
2026,COL,D,p,1.653,32,2.099,95
2026,COL,D,sog,6.411,31,7.708,95
2026,COL,D,blk,9.495,3,8.236,95
2026,COL,D,hit,7.242,3,6.014,95
2026,COL,D,pim,2.916,20,3.281,95
2026,COL,D,ppg,0.053,22,0.072,95
2026,COL,D,toi,116.765,20,116.974,95
2026,COL,D,sv,0.0,8,0.0,95
2026,COL,D,ga,0.0,8,0.0,95
2026,COL,D,sa,0.0,8,0.0,95
2026,COL,G,g,0.0,8,0.0,95
2026,COL,G,a,0.0,8,0.0,95
2026,COL,G,p,0.0,8,0.0,95
2026,COL,G,sog,0.0,8,0.0,95
2026,COL,G,blk,0.0,8,0.0,95
2026,COL,G,hit,0.0,8,0.0,95
2026,COL,G,pim,0.063,20,0.079,95
2026,COL,G,ppg,0.0,8,0.0,95
2026,COL,G,toi,60.034,25,60.316,95
2026,COL,G,sv,29.937,1,24.743,95
2026,COL,G,ga,3.295,2,2.865,95
2026,COL,G,sa,33.221,1,27.599,95
2026,COL,W,g,1.158,31,1.413,95
2026,COL,W,a,1.547,30,1.811,95
2026,COL,W,p,2.705,31,3.224,95
2026,COL,W,sog,11.116,13,10.808,95
2026,COL,W,blk,3.558,2,2.831,95
2026,COL,W,hit,8.242,13,8.07,95
2026,COL,W,pim,2.663,22,2.899,95
2026,COL,W,ppg,0.221,27,0.288,95
2026,COL,W,toi,94.755,2,91.6,95
2026,COL,W,sv,0.0,8,0.0,95
2026,COL,W,ga,0.0,8,0.0,95
2026,COL,W,sa,0.0,8,0.0,95
2026,DAL,C,g,1.023,29,1.201,88
2026,DAL,C,a,1.375,30,1.769,88
2026,DAL,C,p,2.398,30,2.97,88
2026,DAL,C,sog,7.636,32,9.398,88
2026,DAL,C,blk,2.818,26,3.182,88
2026,DAL,C,hit,8.352,3,7.063,88
2026,DAL,C,pim,2.511,19,2.664,88
2026,DAL,C,ppg,0.205,24,0.252,88
2026,DAL,C,toi,83.943,32,89.784,88
2026,DAL,C,sv,0.0,9,0.0,88
2026,DAL,C,ga,0.0,9,0.0,88
2026,DAL,C,sa,0.0,9,0.0,88
2026,DAL,D,g,0.511,12,0.469,88
2026,DAL,D,a,1.432,29,1.63,88
2026,DAL,D,p,1.943,25,2.099,88
2026,DAL,D,sog,7.841,14,7.708,88
2026,DAL,D,blk,7.045,30,8.236,88
2026,DAL,D,hit,6.375,11,6.014,88
2026,DAL,D,pim,2.761,26,3.281,88
2026,DAL,D,ppg,0.08,14,0.072,88
2026,DAL,D,toi,117.356,7,116.974,88
2026,DAL,D,sv,0.0,9,0.0,88
2026,DAL,D,ga,0.0,9,0.0,88
2026,DAL,D,sa,0.0,9,0.0,88
2026,DAL,G,g,0.0,9,0.0,88
2026,DAL,G,a,0.0,9,0.0,88
2026,DAL,G,p,0.0,9,0.0,88
2026,DAL,G,sog,0.0,9,0.0,88
2026,DAL,G,blk,0.0,9,0.0,88
2026,DAL,G,hit,0.0,9,0.0,88
2026,DAL,G,pim,0.068,17,0.079,88
2026,DAL,G,ppg,0.0,9,0.0,88
2026,DAL,G,toi,60.932,4,60.316,88
2026,DAL,G,sv,22.432,30,24.743,88
2026,DAL,G,ga,3.136,5,2.865,88
2026,DAL,G,sa,25.545,27,27.599,88
2026,DAL,W,g,1.25,27,1.413,88
2026,DAL,W,a,1.852,12,1.811,88
2026,DAL,W,p,3.102,22,3.224,88
2026,DAL,W,sog,10.955,17,10.808,88
2026,DAL,W,blk,2.875,12,2.831,88
2026,DAL,W,hit,10.409,1,8.07,88
2026,DAL,W,pim,2.966,11,2.899,88
2026,DAL,W,ppg,0.318,8,0.288,88
2026,DAL,W,toi,99.258,1,91.6,88
2026,DAL,W,sv,0.0,9,0.0,88
2026,DAL,W,ga,0.0,9,0.0,88
2026,DAL,W,sa,0.0,9,0.0,88
2026,DET,C,g,1.159,18,1.201,82
2026,DET,C,a,1.732,19,1.769,82
2026,DET,C,p,2.89,21,2.97,82
2026,DET,C,sog,8.951,22,9.398,82
2026,DET,C,blk,3.146,16,3.182,82
2026,DET,C,hit,7.037,17,7.063,82
2026,DET,C,pim,2.768,12,2.664,82
2026,DET,C,ppg,0.195,25,0.252,82
2026,DET,C,toi,90.478,10,89.784,82
2026,DET,C,sv,0.0,10,0.0,82
2026,DET,C,ga,0.0,10,0.0,82
2026,DET,C,sa,0.0,10,0.0,82
2026,DET,D,g,0.439,16,0.469,82
2026,DET,D,a,1.707,9,1.63,82
2026,DET,D,p,2.146,12,2.099,82
2026,DET,D,sog,7.524,22,7.708,82
2026,DET,D,blk,8.244,14,8.236,82
2026,DET,D,hit,5.902,19,6.014,82
2026,DET,D,pim,3.244,17,3.281,82
2026,DET,D,ppg,0.037,28,0.072,82
2026,DET,D,toi,117.02,12,116.974,82
2026,DET,D,sv,0.0,10,0.0,82
2026,DET,D,ga,0.0,10,0.0,82
2026,DET,D,sa,0.0,10,0.0,82
2026,DET,G,g,0.0,10,0.0,82
2026,DET,G,a,0.0,10,0.0,82
2026,DET,G,p,0.0,10,0.0,82
2026,DET,G,sog,0.0,10,0.0,82
2026,DET,G,blk,0.0,10,0.0,82
2026,DET,G,hit,0.0,10,0.0,82
2026,DET,G,pim,0.22,2,0.079,82
2026,DET,G,ppg,0.0,10,0.0,82
2026,DET,G,toi,59.964,28,60.316,82
2026,DET,G,sv,25.329,11,24.743,82
2026,DET,G,ga,2.659,23,2.865,82
2026,DET,G,sa,27.988,13,27.599,82
2026,DET,W,g,1.5,7,1.413,82
2026,DET,W,a,1.854,10,1.811,82
2026,DET,W,p,3.354,9,3.224,82
2026,DET,W,sog,11.268,8,10.808,82
2026,DET,W,blk,2.695,21,2.831,82
2026,DET,W,hit,8.463,12,8.07,82
2026,DET,W,pim,2.634,23,2.899,82
2026,DET,W,ppg,0.354,3,0.288,82
2026,DET,W,toi,89.573,27,91.6,82
2026,DET,W,sv,0.0,10,0.0,82
2026,DET,W,ga,0.0,10,0.0,82
2026,DET,W,sa,0.0,10,0.0,82
2026,EDM,C,g,1.318,7,1.201,88
2026,EDM,C,a,1.875,9,1.769,88
2026,EDM,C,p,3.193,9,2.97,88
2026,EDM,C,sog,9.057,20,9.398,88
2026,EDM,C,blk,2.818,27,3.182,88
2026,EDM,C,hit,6.205,28,7.063,88
2026,EDM,C,pim,2.727,14,2.664,88
2026,EDM,C,ppg,0.284,10,0.252,88
2026,EDM,C,toi,87.298,29,89.784,88
2026,EDM,C,sv,0.0,11,0.0,88
2026,EDM,C,ga,0.0,11,0.0,88
2026,EDM,C,sa,0.0,11,0.0,88
2026,EDM,D,g,0.398,24,0.469,88
2026,EDM,D,a,1.784,7,1.63,88
2026,EDM,D,p,2.182,11,2.099,88
2026,EDM,D,sog,6.92,29,7.708,88
2026,EDM,D,blk,7.83,22,8.236,88
2026,EDM,D,hit,5.864,21,6.014,88
2026,EDM,D,pim,3.58,8,3.281,88
2026,EDM,D,ppg,0.023,32,0.072,88
2026,EDM,D,toi,117.692,5,116.974,88
2026,EDM,D,sv,0.0,11,0.0,88
2026,EDM,D,ga,0.0,11,0.0,88
2026,EDM,D,sa,0.0,11,0.0,88
2026,EDM,G,g,0.0,11,0.0,88
2026,EDM,G,a,0.0,11,0.0,88
2026,EDM,G,p,0.0,11,0.0,88
2026,EDM,G,sog,0.0,11,0.0,88
2026,EDM,G,blk,0.0,11,0.0,88
2026,EDM,G,hit,0.0,11,0.0,88
2026,EDM,G,pim,0.045,24,0.079,88
2026,EDM,G,ppg,0.0,11,0.0,88
2026,EDM,G,toi,60.106,21,60.316,88
2026,EDM,G,sv,26.227,6,24.743,88
2026,EDM,G,ga,3.25,3,2.865,88
2026,EDM,G,sa,29.455,4,27.599,88
2026,EDM,W,g,1.591,4,1.413,88
2026,EDM,W,a,1.705,24,1.811,88
2026,EDM,W,p,3.295,11,3.224,88
2026,EDM,W,sog,11.102,14,10.808,88
2026,EDM,W,blk,2.818,15,2.831,88
2026,EDM,W,hit,7.716,17,8.07,88
2026,EDM,W,pim,2.875,18,2.899,88
2026,EDM,W,ppg,0.341,5,0.288,88
2026,EDM,W,toi,92.589,9,91.6,88
2026,EDM,W,sv,0.0,11,0.0,88
2026,EDM,W,ga,0.0,11,0.0,88
2026,EDM,W,sa,0.0,11,0.0,88
2026,FLA,C,g,1.415,2,1.201,82
2026,FLA,C,a,1.963,6,1.769,82
2026,FLA,C,p,3.378,3,2.97,82
2026,FLA,C,sog,9.073,19,9.398,82
2026,FLA,C,blk,3.159,15,3.182,82
2026,FLA,C,hit,7.171,14,7.063,82
2026,FLA,C,pim,3.146,5,2.664,82
2026,FLA,C,ppg,0.244,19,0.252,82
2026,FLA,C,toi,89.544,15,89.784,82
2026,FLA,C,sv,0.0,12,0.0,82
2026,FLA,C,ga,0.0,12,0.0,82
2026,FLA,C,sa,0.0,12,0.0,82
2026,FLA,D,g,0.512,10,0.469,82
2026,FLA,D,a,1.854,3,1.63,82
2026,FLA,D,p,2.366,5,2.099,82
2026,FLA,D,sog,8.28,8,7.708,82
2026,FLA,D,blk,9.317,4,8.236,82
2026,FLA,D,hit,6.134,14,6.014,82
2026,FLA,D,pim,4.451,4,3.281,82
2026,FLA,D,ppg,0.073,16,0.072,82
2026,FLA,D,toi,116.069,29,116.974,82
2026,FLA,D,sv,0.0,12,0.0,82
2026,FLA,D,ga,0.0,12,0.0,82
2026,FLA,D,sa,0.0,12,0.0,82
2026,FLA,G,g,0.0,12,0.0,82
2026,FLA,G,a,0.0,12,0.0,82
2026,FLA,G,p,0.0,12,0.0,82
2026,FLA,G,sog,0.0,12,0.0,82
2026,FLA,G,blk,0.0,12,0.0,82
2026,FLA,G,hit,0.0,12,0.0,82
2026,FLA,G,pim,0.11,8,0.079,82
2026,FLA,G,ppg,0.0,12,0.0,82
2026,FLA,G,toi,60.099,23,60.316,82
2026,FLA,G,sv,25.012,15,24.743,82
2026,FLA,G,ga,2.829,18,2.865,82
2026,FLA,G,sa,27.817,16,27.599,82
2026,FLA,W,g,1.415,19,1.413,82
2026,FLA,W,a,1.768,19,1.811,82
2026,FLA,W,p,3.183,16,3.224,82
2026,FLA,W,sog,9.439,31,10.808,82
2026,FLA,W,blk,2.659,23,2.831,82
2026,FLA,W,hit,6.756,30,8.07,82
2026,FLA,W,pim,3.707,3,2.899,82
2026,FLA,W,ppg,0.317,10,0.288,82
2026,FLA,W,toi,90.568,24,91.6,82
2026,FLA,W,sv,0.0,12,0.0,82
2026,FLA,W,ga,0.0,12,0.0,82
2026,FLA,W,sa,0.0,12,0.0,82
2026,LA,C,g,1.36,3,1.201,86
2026,LA,C,a,1.709,21,1.769,86
2026,LA,C,p,3.07,12,2.97,86
2026,LA,C,sog,10.105,7,9.398,86
2026,LA,C,blk,3.942,3,3.182,86
2026,LA,C,hit,7.047,16,7.063,86
2026,LA,C,pim,2.558,17,2.664,86
2026,LA,C,ppg,0.326,3,0.252,86
2026,LA,C,toi,93.474,5,89.784,86
2026,LA,C,sv,0.0,13,0.0,86
2026,LA,C,ga,0.0,13,0.0,86
2026,LA,C,sa,0.0,13,0.0,86
2026,LA,D,g,0.43,18,0.469,86
2026,LA,D,a,1.535,22,1.63,86
2026,LA,D,p,1.965,23,2.099,86
2026,LA,D,sog,7.221,25,7.708,86
2026,LA,D,blk,9.849,1,8.236,86
2026,LA,D,hit,5.64,22,6.014,86
2026,LA,D,pim,3.081,18,3.281,86
2026,LA,D,ppg,0.07,17,0.072,86
2026,LA,D,toi,117.95,4,116.974,86
2026,LA,D,sv,0.0,13,0.0,86
2026,LA,D,ga,0.0,13,0.0,86
2026,LA,D,sa,0.0,13,0.0,86
2026,LA,G,g,0.0,13,0.0,86
2026,LA,G,a,0.0,13,0.0,86
2026,LA,G,p,0.0,13,0.0,86
2026,LA,G,sog,0.0,13,0.0,86
2026,LA,G,blk,0.0,13,0.0,86
2026,LA,G,hit,0.0,13,0.0,86
2026,LA,G,pim,0.047,23,0.079,86
2026,LA,G,ppg,0.0,13,0.0,86
2026,LA,G,toi,60.664,6,60.316,86
2026,LA,G,sv,25.279,12,24.743,86
2026,LA,G,ga,2.5,29,2.865,86
2026,LA,G,sa,27.767,17,27.599,86
2026,LA,W,g,1.128,32,1.413,86
2026,LA,W,a,1.779,17,1.811,86
2026,LA,W,p,2.907,28,3.224,86
2026,LA,W,sog,10.012,27,10.808,86
2026,LA,W,blk,2.837,14,2.831,86
2026,LA,W,hit,7.43,22,8.07,86
2026,LA,W,pim,2.128,31,2.899,86
2026,LA,W,ppg,0.326,7,0.288,86
2026,LA,W,toi,88.129,29,91.6,86
2026,LA,W,sv,0.0,13,0.0,86
2026,LA,W,ga,0.0,13,0.0,86
2026,LA,W,sa,0.0,13,0.0,86
2026,MIN,C,g,1.204,16,1.201,93
2026,MIN,C,a,1.989,5,1.769,93
2026,MIN,C,p,3.194,8,2.97,93
2026,MIN,C,sog,10.935,2,9.398,93
2026,MIN,C,blk,3.043,21,3.182,93
2026,MIN,C,hit,7.054,15,7.063,93
2026,MIN,C,pim,2.796,11,2.664,93
2026,MIN,C,ppg,0.312,6,0.252,93
2026,MIN,C,toi,95.898,1,89.784,93
2026,MIN,C,sv,0.0,14,0.0,93
2026,MIN,C,ga,0.0,14,0.0,93
2026,MIN,C,sa,0.0,14,0.0,93
2026,MIN,D,g,0.516,9,0.469,93
2026,MIN,D,a,1.516,23,1.63,93
2026,MIN,D,p,2.032,19,2.099,93
2026,MIN,D,sog,8.645,2,7.708,93
2026,MIN,D,blk,8.172,15,8.236,93
2026,MIN,D,hit,5.903,18,6.014,93
2026,MIN,D,pim,3.312,15,3.281,93
2026,MIN,D,ppg,0.054,21,0.072,93
2026,MIN,D,toi,118.263,2,116.974,93
2026,MIN,D,sv,0.0,14,0.0,93
2026,MIN,D,ga,0.0,14,0.0,93
2026,MIN,D,sa,0.0,14,0.0,93
2026,MIN,G,g,0.0,14,0.0,93
2026,MIN,G,a,0.0,14,0.0,93
2026,MIN,G,p,0.0,14,0.0,93
2026,MIN,G,sog,0.0,14,0.0,93
2026,MIN,G,blk,0.0,14,0.0,93
2026,MIN,G,hit,0.0,14,0.0,93
2026,MIN,G,pim,0.022,28,0.079,93
2026,MIN,G,ppg,0.0,14,0.0,93
2026,MIN,G,toi,60.909,5,60.316,93
2026,MIN,G,sv,25.817,7,24.743,93
2026,MIN,G,ga,3.075,10,2.865,93
2026,MIN,G,sa,28.882,7,27.599,93
2026,MIN,W,g,1.226,29,1.413,93
2026,MIN,W,a,1.43,32,1.811,93
2026,MIN,W,p,2.656,32,3.224,93
2026,MIN,W,sog,10.172,25,10.808,93
2026,MIN,W,blk,2.344,31,2.831,93
2026,MIN,W,hit,6.774,29,8.07,93
2026,MIN,W,pim,2.753,20,2.899,93
2026,MIN,W,ppg,0.258,23,0.288,93
2026,MIN,W,toi,86.415,31,91.6,93
2026,MIN,W,sv,0.0,14,0.0,93
2026,MIN,W,ga,0.0,14,0.0,93
2026,MIN,W,sa,0.0,14,0.0,93
2026,MTL,C,g,1.079,25,1.201,101
2026,MTL,C,a,1.762,17,1.769,101
2026,MTL,C,p,2.842,25,2.97,101
2026,MTL,C,sog,9.356,16,9.398,101
2026,MTL,C,blk,2.832,25,3.182,101
2026,MTL,C,hit,8.119,5,7.063,101
2026,MTL,C,pim,2.921,9,2.664,101
2026,MTL,C,ppg,0.257,17,0.252,101
2026,MTL,C,toi,90.314,11,89.784,101
2026,MTL,C,sv,0.0,15,0.0,101
2026,MTL,C,ga,0.0,15,0.0,101
2026,MTL,C,sa,0.0,15,0.0,101
2026,MTL,D,g,0.475,15,0.469,101
2026,MTL,D,a,1.604,16,1.63,101
2026,MTL,D,p,2.079,15,2.099,101
2026,MTL,D,sog,7.703,18,7.708,101
2026,MTL,D,blk,7.772,23,8.236,101
2026,MTL,D,hit,6.733,6,6.014,101
2026,MTL,D,pim,4.881,1,3.281,101
2026,MTL,D,ppg,0.129,2,0.072,101
2026,MTL,D,toi,117.2,9,116.974,101
2026,MTL,D,sv,0.0,15,0.0,101
2026,MTL,D,ga,0.0,15,0.0,101
2026,MTL,D,sa,0.0,15,0.0,101
2026,MTL,G,g,0.0,15,0.0,101
2026,MTL,G,a,0.0,15,0.0,101
2026,MTL,G,p,0.0,15,0.0,101
2026,MTL,G,sog,0.0,15,0.0,101
2026,MTL,G,blk,0.0,15,0.0,101
2026,MTL,G,hit,0.0,15,0.0,101
2026,MTL,G,pim,0.0,30,0.079,101
2026,MTL,G,ppg,0.0,15,0.0,101
2026,MTL,G,toi,60.491,9,60.316,101
2026,MTL,G,sv,22.436,29,24.743,101
2026,MTL,G,ga,3.119,7,2.865,101
2026,MTL,G,sa,25.554,26,27.599,101
2026,MTL,W,g,1.485,8,1.413,101
2026,MTL,W,a,1.891,9,1.811,101
2026,MTL,W,p,3.376,8,3.224,101
2026,MTL,W,sog,11.158,12,10.808,101
2026,MTL,W,blk,2.96,10,2.831,101
2026,MTL,W,hit,8.95,9,8.07,101
2026,MTL,W,pim,3.406,5,2.899,101
2026,MTL,W,ppg,0.307,14,0.288,101
2026,MTL,W,toi,92.496,11,91.6,101
2026,MTL,W,sv,0.0,15,0.0,101
2026,MTL,W,ga,0.0,15,0.0,101
2026,MTL,W,sa,0.0,15,0.0,101
2026,NJ,C,g,1.293,9,1.201,82
2026,NJ,C,a,1.695,23,1.769,82
2026,NJ,C,p,2.988,15,2.97,82
2026,NJ,C,sog,8.768,25,9.398,82
2026,NJ,C,blk,3.451,5,3.182,82
2026,NJ,C,hit,6.488,22,7.063,82
2026,NJ,C,pim,2.122,30,2.664,82
2026,NJ,C,ppg,0.28,14,0.252,82
2026,NJ,C,toi,89.932,13,89.784,82
2026,NJ,C,sv,0.0,16,0.0,82
2026,NJ,C,ga,0.0,16,0.0,82
2026,NJ,C,sa,0.0,16,0.0,82
2026,NJ,D,g,0.415,20,0.469,82
2026,NJ,D,a,1.646,12,1.63,82
2026,NJ,D,p,2.061,17,2.099,82
2026,NJ,D,sog,7.695,19,7.708,82
2026,NJ,D,blk,8.695,10,8.236,82
2026,NJ,D,hit,6.061,16,6.014,82
2026,NJ,D,pim,2.183,32,3.281,82
2026,NJ,D,ppg,0.037,29,0.072,82
2026,NJ,D,toi,116.834,17,116.974,82
2026,NJ,D,sv,0.0,16,0.0,82
2026,NJ,D,ga,0.0,16,0.0,82
2026,NJ,D,sa,0.0,16,0.0,82
2026,NJ,G,g,0.0,16,0.0,82
2026,NJ,G,a,0.0,16,0.0,82
2026,NJ,G,p,0.0,16,0.0,82
2026,NJ,G,sog,0.0,16,0.0,82
2026,NJ,G,blk,0.0,16,0.0,82
2026,NJ,G,hit,0.0,16,0.0,82
2026,NJ,G,pim,0.085,12,0.079,82
2026,NJ,G,ppg,0.0,16,0.0,82
2026,NJ,G,toi,59.977,27,60.316,82
2026,NJ,G,sv,26.829,4,24.743,82
2026,NJ,G,ga,2.537,27,2.865,82
2026,NJ,G,sa,29.366,5,27.599,82
2026,NJ,W,g,1.378,20,1.413,82
2026,NJ,W,a,1.744,20,1.811,82
2026,NJ,W,p,3.122,21,3.224,82
2026,NJ,W,sog,10.902,18,10.808,82
2026,NJ,W,blk,3.037,7,2.831,82
2026,NJ,W,hit,7.146,26,8.07,82
2026,NJ,W,pim,2.732,21,2.899,82
2026,NJ,W,ppg,0.207,31,0.288,82
2026,NJ,W,toi,91.238,21,91.6,82
2026,NJ,W,sv,0.0,16,0.0,82
2026,NJ,W,ga,0.0,16,0.0,82
2026,NJ,W,sa,0.0,16,0.0,82
2026,NSH,C,g,1.354,4,1.201,82
2026,NSH,C,a,1.841,14,1.769,82
2026,NSH,C,p,3.195,7,2.97,82
2026,NSH,C,sog,10.427,4,9.398,82
2026,NSH,C,blk,3.012,23,3.182,82
2026,NSH,C,hit,6.329,25,7.063,82
2026,NSH,C,pim,2.28,27,2.664,82
2026,NSH,C,ppg,0.232,23,0.252,82
2026,NSH,C,toi,89.113,20,89.784,82
2026,NSH,C,sv,0.0,17,0.0,82
2026,NSH,C,ga,0.0,17,0.0,82
2026,NSH,C,sa,0.0,17,0.0,82
2026,NSH,D,g,0.427,19,0.469,82
2026,NSH,D,a,1.793,5,1.63,82
2026,NSH,D,p,2.22,9,2.099,82
2026,NSH,D,sog,7.39,23,7.708,82
2026,NSH,D,blk,8.476,12,8.236,82
2026,NSH,D,hit,6.415,10,6.014,82
2026,NSH,D,pim,3.256,16,3.281,82
2026,NSH,D,ppg,0.049,23,0.072,82
2026,NSH,D,toi,116.603,24,116.974,82
2026,NSH,D,sv,0.0,17,0.0,82
2026,NSH,D,ga,0.0,17,0.0,82
2026,NSH,D,sa,0.0,17,0.0,82
2026,NSH,G,g,0.0,17,0.0,82
2026,NSH,G,a,0.0,17,0.0,82
2026,NSH,G,p,0.0,17,0.0,82
2026,NSH,G,sog,0.0,17,0.0,82
2026,NSH,G,blk,0.0,17,0.0,82
2026,NSH,G,hit,0.0,17,0.0,82
2026,NSH,G,pim,0.0,31,0.079,82
2026,NSH,G,ppg,0.0,17,0.0,82
2026,NSH,G,toi,60.173,18,60.316,82
2026,NSH,G,sv,24.915,17,24.743,82
2026,NSH,G,ga,2.756,20,2.865,82
2026,NSH,G,sa,27.671,19,27.599,82
2026,NSH,W,g,1.476,9,1.413,82
2026,NSH,W,a,1.988,4,1.811,82
2026,NSH,W,p,3.463,5,3.224,82
2026,NSH,W,sog,11.805,3,10.808,82
2026,NSH,W,blk,2.671,22,2.831,82
2026,NSH,W,hit,7.512,21,8.07,82
2026,NSH,W,pim,2.524,25,2.899,82
2026,NSH,W,ppg,0.268,19,0.288,82
2026,NSH,W,toi,91.736,19,91.6,82
2026,NSH,W,sv,0.0,17,0.0,82
2026,NSH,W,ga,0.0,17,0.0,82
2026,NSH,W,sa,0.0,17,0.0,82
2026,NYI,C,g,0.976,32,1.201,82
2026,NYI,C,a,1.5,29,1.769,82
2026,NYI,C,p,2.476,29,2.97,82
2026,NYI,C,sog,9.402,15,9.398,82
2026,NYI,C,blk,3.098,19,3.182,82
2026,NYI,C,hit,6.634,20,7.063,82
2026,NYI,C,pim,2.39,25,2.664,82
2026,NYI,C,ppg,0.171,29,0.252,82
2026,NYI,C,toi,88.616,22,89.784,82
2026,NYI,C,sv,0.0,18,0.0,82
2026,NYI,C,ga,0.0,18,0.0,82
2026,NYI,C,sa,0.0,18,0.0,82
2026,NYI,D,g,0.439,17,0.469,82
2026,NYI,D,a,1.585,19,1.63,82
2026,NYI,D,p,2.024,20,2.099,82
2026,NYI,D,sog,7.683,20,7.708,82
2026,NYI,D,blk,7.683,24,8.236,82
2026,NYI,D,hit,5.89,20,6.014,82
2026,NYI,D,pim,2.878,21,3.281,82
2026,NYI,D,ppg,0.061,18,0.072,82
2026,NYI,D,toi,116.951,14,116.974,82
2026,NYI,D,sv,0.0,18,0.0,82
2026,NYI,D,ga,0.0,18,0.0,82
2026,NYI,D,sa,0.0,18,0.0,82
2026,NYI,G,g,0.0,18,0.0,82
2026,NYI,G,a,0.0,18,0.0,82
2026,NYI,G,p,0.0,18,0.0,82
2026,NYI,G,sog,0.0,18,0.0,82
2026,NYI,G,blk,0.0,18,0.0,82
2026,NYI,G,hit,0.0,18,0.0,82
2026,NYI,G,pim,0.049,21,0.079,82
2026,NYI,G,ppg,0.0,18,0.0,82
2026,NYI,G,toi,60.027,26,60.316,82
2026,NYI,G,sv,25.415,10,24.743,82
2026,NYI,G,ga,2.707,22,2.865,82
2026,NYI,G,sa,28.085,12,27.599,82
2026,NYI,W,g,1.463,13,1.413,82
2026,NYI,W,a,1.695,25,1.811,82
2026,NYI,W,p,3.159,20,3.224,82
2026,NYI,W,sog,10.61,20,10.808,82
2026,NYI,W,blk,3.024,8,2.831,82
2026,NYI,W,hit,7.817,16,8.07,82
2026,NYI,W,pim,2.902,15,2.899,82
2026,NYI,W,ppg,0.268,20,0.288,82
2026,NYI,W,toi,91.943,17,91.6,82
2026,NYI,W,sv,0.0,18,0.0,82
2026,NYI,W,ga,0.0,18,0.0,82
2026,NYI,W,sa,0.0,18,0.0,82
2026,NYR,C,g,1.146,21,1.201,82
2026,NYR,C,a,1.854,12,1.769,82
2026,NYR,C,p,3.0,14,2.97,82
2026,NYR,C,sog,8.915,24,9.398,82
2026,NYR,C,blk,3.476,4,3.182,82
2026,NYR,C,hit,6.78,19,7.063,82
2026,NYR,C,pim,2.402,24,2.664,82
2026,NYR,C,ppg,0.268,15,0.252,82
2026,NYR,C,toi,87.261,30,89.784,82
2026,NYR,C,sv,0.0,19,0.0,82
2026,NYR,C,ga,0.0,19,0.0,82
2026,NYR,C,sa,0.0,19,0.0,82
2026,NYR,D,g,0.415,21,0.469,82
2026,NYR,D,a,1.463,28,1.63,82
2026,NYR,D,p,1.878,29,2.099,82
2026,NYR,D,sog,8.561,4,7.708,82
2026,NYR,D,blk,8.012,19,8.236,82
2026,NYR,D,hit,5.232,28,6.014,82
2026,NYR,D,pim,2.5,28,3.281,82
2026,NYR,D,ppg,0.037,30,0.072,82
2026,NYR,D,toi,116.534,25,116.974,82
2026,NYR,D,sv,0.0,19,0.0,82
2026,NYR,D,ga,0.0,19,0.0,82
2026,NYR,D,sa,0.0,19,0.0,82
2026,NYR,G,g,0.0,19,0.0,82
2026,NYR,G,a,0.0,19,0.0,82
2026,NYR,G,p,0.0,19,0.0,82
2026,NYR,G,sog,0.0,19,0.0,82
2026,NYR,G,blk,0.0,19,0.0,82
2026,NYR,G,hit,0.0,19,0.0,82
2026,NYR,G,pim,0.134,5,0.079,82
2026,NYR,G,ppg,0.0,19,0.0,82
2026,NYR,G,toi,60.106,22,60.316,82
2026,NYR,G,sv,22.329,31,24.743,82
2026,NYR,G,ga,2.72,21,2.865,82
2026,NYR,G,sa,25.049,31,27.599,82
2026,NYR,W,g,1.476,10,1.413,82
2026,NYR,W,a,1.793,16,1.811,82
2026,NYR,W,p,3.268,14,3.224,82
2026,NYR,W,sog,11.354,7,10.808,82
2026,NYR,W,blk,3.268,3,2.831,82
2026,NYR,W,hit,7.634,19,8.07,82
2026,NYR,W,pim,2.073,32,2.899,82
2026,NYR,W,ppg,0.305,15,0.288,82
2026,NYR,W,toi,94.13,4,91.6,82
2026,NYR,W,sv,0.0,19,0.0,82
2026,NYR,W,ga,0.0,19,0.0,82
2026,NYR,W,sa,0.0,19,0.0,82
2026,OTT,C,g,1.151,19,1.201,86
2026,OTT,C,a,1.779,16,1.769,86
2026,OTT,C,p,2.93,18,2.97,86
2026,OTT,C,sog,8.349,31,9.398,86
2026,OTT,C,blk,3.035,22,3.182,86
2026,OTT,C,hit,8.349,4,7.063,86
2026,OTT,C,pim,3.012,7,2.664,86
2026,OTT,C,ppg,0.291,9,0.252,86
2026,OTT,C,toi,89.386,17,89.784,86
2026,OTT,C,sv,0.0,20,0.0,86
2026,OTT,C,ga,0.0,20,0.0,86
2026,OTT,C,sa,0.0,20,0.0,86
2026,OTT,D,g,0.477,14,0.469,86
2026,OTT,D,a,1.593,18,1.63,86
2026,OTT,D,p,2.07,16,2.099,86
2026,OTT,D,sog,6.779,30,7.708,86
2026,OTT,D,blk,7.895,20,8.236,86
2026,OTT,D,hit,6.442,9,6.014,86
2026,OTT,D,pim,3.512,9,3.281,86
2026,OTT,D,ppg,0.093,8,0.072,86
2026,OTT,D,toi,116.934,16,116.974,86
2026,OTT,D,sv,0.0,20,0.0,86
2026,OTT,D,ga,0.0,20,0.0,86
2026,OTT,D,sa,0.0,20,0.0,86
2026,OTT,G,g,0.0,20,0.0,86
2026,OTT,G,a,0.0,20,0.0,86
2026,OTT,G,p,0.0,20,0.0,86
2026,OTT,G,sog,0.0,20,0.0,86
2026,OTT,G,blk,0.0,20,0.0,86
2026,OTT,G,hit,0.0,20,0.0,86
2026,OTT,G,pim,0.116,7,0.079,86
2026,OTT,G,ppg,0.0,20,0.0,86
2026,OTT,G,toi,60.275,15,60.316,86
2026,OTT,G,sv,25.605,8,24.743,86
2026,OTT,G,ga,3.035,11,2.865,86
2026,OTT,G,sa,28.628,8,27.599,86
2026,OTT,W,g,1.349,22,1.413,86
2026,OTT,W,a,1.826,14,1.811,86
2026,OTT,W,p,3.174,17,3.224,86
2026,OTT,W,sog,9.709,30,10.808,86
2026,OTT,W,blk,3.233,5,2.831,86
2026,OTT,W,hit,9.221,6,8.07,86
2026,OTT,W,pim,3.372,6,2.899,86
2026,OTT,W,ppg,0.302,16,0.288,86
2026,OTT,W,toi,91.54,20,91.6,86
2026,OTT,W,sv,0.0,20,0.0,86
2026,OTT,W,ga,0.0,20,0.0,86
2026,OTT,W,sa,0.0,20,0.0,86
2026,PHI,C,g,1.054,27,1.201,92
2026,PHI,C,a,1.641,27,1.769,92
2026,PHI,C,p,2.696,28,2.97,92
2026,PHI,C,sog,8.467,30,9.398,92
2026,PHI,C,blk,2.707,28,3.182,92
2026,PHI,C,hit,7.185,12,7.063,92
2026,PHI,C,pim,3.011,8,2.664,92
2026,PHI,C,ppg,0.239,21,0.252,92
2026,PHI,C,toi,90.569,8,89.784,92
2026,PHI,C,sv,0.0,21,0.0,92
2026,PHI,C,ga,0.0,21,0.0,92
2026,PHI,C,sa,0.0,21,0.0,92
2026,PHI,D,g,0.37,27,0.469,92
2026,PHI,D,a,1.511,25,1.63,92
2026,PHI,D,p,1.88,28,2.099,92
2026,PHI,D,sog,7.098,27,7.708,92
2026,PHI,D,blk,7.207,29,8.236,92
2026,PHI,D,hit,6.076,15,6.014,92
2026,PHI,D,pim,4.326,5,3.281,92
2026,PHI,D,ppg,0.109,6,0.072,92
2026,PHI,D,toi,117.64,6,116.974,92
2026,PHI,D,sv,0.0,21,0.0,92
2026,PHI,D,ga,0.0,21,0.0,92
2026,PHI,D,sa,0.0,21,0.0,92
2026,PHI,G,g,0.0,21,0.0,92
2026,PHI,G,a,0.0,21,0.0,92
2026,PHI,G,p,0.0,21,0.0,92
2026,PHI,G,sog,0.0,21,0.0,92
2026,PHI,G,blk,0.0,21,0.0,92
2026,PHI,G,hit,0.0,21,0.0,92
2026,PHI,G,pim,0.065,18,0.079,92
2026,PHI,G,ppg,0.0,21,0.0,92
2026,PHI,G,toi,61.012,2,60.316,92
2026,PHI,G,sv,22.554,27,24.743,92
2026,PHI,G,ga,2.587,26,2.865,92
2026,PHI,G,sa,25.13,30,27.599,92
2026,PHI,W,g,1.435,17,1.413,92
2026,PHI,W,a,1.837,13,1.811,92
2026,PHI,W,p,3.272,13,3.224,92
2026,PHI,W,sog,10.326,22,10.808,92
2026,PHI,W,blk,2.467,29,2.831,92
2026,PHI,W,hit,9.141,7,8.07,92
2026,PHI,W,pim,2.913,14,2.899,92
2026,PHI,W,ppg,0.315,12,0.288,92
2026,PHI,W,toi,92.298,15,91.6,92
2026,PHI,W,sv,0.0,21,0.0,92
2026,PHI,W,ga,0.0,21,0.0,92
2026,PHI,W,sa,0.0,21,0.0,92
2026,PIT,C,g,1.0,31,1.201,88
2026,PIT,C,a,1.898,8,1.769,88
2026,PIT,C,p,2.898,20,2.97,88
2026,PIT,C,sog,8.648,26,9.398,88
2026,PIT,C,blk,3.352,9,3.182,88
2026,PIT,C,hit,7.182,13,7.063,88
2026,PIT,C,pim,2.5,20,2.664,88
2026,PIT,C,ppg,0.17,30,0.252,88
2026,PIT,C,toi,89.402,16,89.784,88
2026,PIT,C,sv,0.0,22,0.0,88
2026,PIT,C,ga,0.0,22,0.0,88
2026,PIT,C,sa,0.0,22,0.0,88
2026,PIT,D,g,0.534,8,0.469,88
2026,PIT,D,a,1.511,26,1.63,88
2026,PIT,D,p,2.045,18,2.099,88
2026,PIT,D,sog,7.386,24,7.708,88
2026,PIT,D,blk,8.068,17,8.236,88
2026,PIT,D,hit,6.466,7,6.014,88
2026,PIT,D,pim,3.511,11,3.281,88
2026,PIT,D,ppg,0.057,19,0.072,88
2026,PIT,D,toi,117.112,11,116.974,88
2026,PIT,D,sv,0.0,22,0.0,88
2026,PIT,D,ga,0.0,22,0.0,88
2026,PIT,D,sa,0.0,22,0.0,88
2026,PIT,G,g,0.0,22,0.0,88
2026,PIT,G,a,0.0,22,0.0,88
2026,PIT,G,p,0.0,22,0.0,88
2026,PIT,G,sog,0.0,22,0.0,88
2026,PIT,G,blk,0.0,22,0.0,88
2026,PIT,G,hit,0.0,22,0.0,88
2026,PIT,G,pim,0.045,25,0.079,88
2026,PIT,G,ppg,0.0,22,0.0,88
2026,PIT,G,toi,60.629,7,60.316,88
2026,PIT,G,sv,25.011,16,24.743,88
2026,PIT,G,ga,3.227,4,2.865,88
2026,PIT,G,sa,28.239,10,27.599,88
2026,PIT,W,g,1.58,6,1.413,88
2026,PIT,W,a,1.773,18,1.811,88
2026,PIT,W,p,3.352,10,3.224,88
2026,PIT,W,sog,11.227,10,10.808,88
2026,PIT,W,blk,2.716,19,2.831,88
2026,PIT,W,hit,8.943,10,8.07,88
2026,PIT,W,pim,2.568,24,2.899,88
2026,PIT,W,ppg,0.295,17,0.288,88
2026,PIT,W,toi,92.45,12,91.6,88
2026,PIT,W,sv,0.0,22,0.0,88
2026,PIT,W,ga,0.0,22,0.0,88
2026,PIT,W,sa,0.0,22,0.0,88
2026,SEA,C,g,1.305,8,1.201,82
2026,SEA,C,a,2.049,3,1.769,82
2026,SEA,C,p,3.354,4,2.97,82
2026,SEA,C,sog,9.829,11,9.398,82
2026,SEA,C,blk,2.695,30,3.182,82
2026,SEA,C,hit,5.89,31,7.063,82
2026,SEA,C,pim,1.878,32,2.664,82
2026,SEA,C,ppg,0.317,4,0.252,82
2026,SEA,C,toi,88.134,25,89.784,82
2026,SEA,C,sv,0.0,23,0.0,82
2026,SEA,C,ga,0.0,23,0.0,82
2026,SEA,C,sa,0.0,23,0.0,82
2026,SEA,D,g,0.354,29,0.469,82
2026,SEA,D,a,1.756,8,1.63,82
2026,SEA,D,p,2.11,13,2.099,82
2026,SEA,D,sog,8.463,5,7.708,82
2026,SEA,D,blk,7.634,25,8.236,82
2026,SEA,D,hit,6.878,5,6.014,82
2026,SEA,D,pim,2.732,27,3.281,82
2026,SEA,D,ppg,0.085,11,0.072,82
2026,SEA,D,toi,117.184,10,116.974,82
2026,SEA,D,sv,0.0,23,0.0,82
2026,SEA,D,ga,0.0,23,0.0,82
2026,SEA,D,sa,0.0,23,0.0,82
2026,SEA,G,g,0.0,23,0.0,82
2026,SEA,G,a,0.0,23,0.0,82
2026,SEA,G,p,0.0,23,0.0,82
2026,SEA,G,sog,0.0,23,0.0,82
2026,SEA,G,blk,0.0,23,0.0,82
2026,SEA,G,hit,0.0,23,0.0,82
2026,SEA,G,pim,0.098,11,0.079,82
2026,SEA,G,ppg,0.0,23,0.0,82
2026,SEA,G,toi,60.317,14,60.316,82
2026,SEA,G,sv,22.854,25,24.743,82
2026,SEA,G,ga,2.524,28,2.865,82
2026,SEA,G,sa,25.378,28,27.599,82
2026,SEA,W,g,1.476,11,1.413,82
2026,SEA,W,a,1.512,31,1.811,82
2026,SEA,W,p,2.988,25,3.224,82
2026,SEA,W,sog,11.159,11,10.808,82
2026,SEA,W,blk,2.744,17,2.831,82
2026,SEA,W,hit,7.11,27,8.07,82
2026,SEA,W,pim,2.963,12,2.899,82
2026,SEA,W,ppg,0.329,6,0.288,82
2026,SEA,W,toi,92.659,8,91.6,82
2026,SEA,W,sv,0.0,23,0.0,82
2026,SEA,W,ga,0.0,23,0.0,82
2026,SEA,W,sa,0.0,23,0.0,82
2026,SJ,C,g,1.354,5,1.201,82
2026,SJ,C,a,1.854,13,1.769,82
2026,SJ,C,p,3.207,6,2.97,82
2026,SJ,C,sog,10.354,5,9.398,82
2026,SJ,C,blk,3.146,17,3.182,82
2026,SJ,C,hit,5.537,32,7.063,82
2026,SJ,C,pim,2.085,31,2.664,82
2026,SJ,C,ppg,0.341,2,0.252,82
2026,SJ,C,toi,88.479,24,89.784,82
2026,SJ,C,sv,0.0,24,0.0,82
2026,SJ,C,ga,0.0,24,0.0,82
2026,SJ,C,sa,0.0,24,0.0,82
2026,SJ,D,g,0.598,4,0.469,82
2026,SJ,D,a,1.841,4,1.63,82
2026,SJ,D,p,2.439,3,2.099,82
2026,SJ,D,sog,7.756,16,7.708,82
2026,SJ,D,blk,8.134,16,8.236,82
2026,SJ,D,hit,5.171,31,6.014,82
2026,SJ,D,pim,2.878,22,3.281,82
2026,SJ,D,ppg,0.11,4,0.072,82
2026,SJ,D,toi,116.069,30,116.974,82
2026,SJ,D,sv,0.0,24,0.0,82
2026,SJ,D,ga,0.0,24,0.0,82
2026,SJ,D,sa,0.0,24,0.0,82
2026,SJ,G,g,0.0,24,0.0,82
2026,SJ,G,a,0.0,24,0.0,82
2026,SJ,G,p,0.0,24,0.0,82
2026,SJ,G,sog,0.0,24,0.0,82
2026,SJ,G,blk,0.0,24,0.0,82
2026,SJ,G,hit,0.0,24,0.0,82
2026,SJ,G,pim,0.085,13,0.079,82
2026,SJ,G,ppg,0.0,24,0.0,82
2026,SJ,G,toi,60.117,20,60.316,82
2026,SJ,G,sv,22.744,26,24.743,82
2026,SJ,G,ga,2.89,15,2.865,82
2026,SJ,G,sa,25.61,25,27.599,82
2026,SJ,W,g,1.585,5,1.413,82
2026,SJ,W,a,2.22,2,1.811,82
2026,SJ,W,p,3.805,2,3.224,82
2026,SJ,W,sog,11.524,6,10.808,82
2026,SJ,W,blk,2.72,18,2.831,82
2026,SJ,W,hit,7.207,25,8.07,82
2026,SJ,W,pim,2.976,10,2.899,82
2026,SJ,W,ppg,0.256,24,0.288,82
2026,SJ,W,toi,92.394,14,91.6,82
2026,SJ,W,sv,0.0,24,0.0,82
2026,SJ,W,ga,0.0,24,0.0,82
2026,SJ,W,sa,0.0,24,0.0,82
2026,STL,C,g,1.22,15,1.201,82
2026,STL,C,a,1.732,20,1.769,82
2026,STL,C,p,2.951,16,2.97,82
2026,STL,C,sog,9.122,18,9.398,82
2026,STL,C,blk,3.085,20,3.182,82
2026,STL,C,hit,6.244,26,7.063,82
2026,STL,C,pim,2.5,21,2.664,82
2026,STL,C,ppg,0.317,5,0.252,82
2026,STL,C,toi,90.285,12,89.784,82
2026,STL,C,sv,0.0,25,0.0,82
2026,STL,C,ga,0.0,25,0.0,82
2026,STL,C,sa,0.0,25,0.0,82
2026,STL,D,g,0.415,22,0.469,82
2026,STL,D,a,1.793,6,1.63,82
2026,STL,D,p,2.207,10,2.099,82
2026,STL,D,sog,8.463,6,7.708,82
2026,STL,D,blk,7.488,27,8.236,82
2026,STL,D,hit,5.183,30,6.014,82
2026,STL,D,pim,2.268,31,3.281,82
2026,STL,D,ppg,0.049,24,0.072,82
2026,STL,D,toi,116.635,23,116.974,82
2026,STL,D,sv,0.0,25,0.0,82
2026,STL,D,ga,0.0,25,0.0,82
2026,STL,D,sa,0.0,25,0.0,82
2026,STL,G,g,0.0,25,0.0,82
2026,STL,G,a,0.0,25,0.0,82
2026,STL,G,p,0.0,25,0.0,82
2026,STL,G,sog,0.0,25,0.0,82
2026,STL,G,blk,0.0,25,0.0,82
2026,STL,G,hit,0.0,25,0.0,82
2026,STL,G,pim,0.146,4,0.079,82
2026,STL,G,ppg,0.0,25,0.0,82
2026,STL,G,toi,59.929,31,60.316,82
2026,STL,G,sv,22.537,28,24.743,82
2026,STL,G,ga,2.646,24,2.865,82
2026,STL,G,sa,25.171,29,27.599,82
2026,STL,W,g,1.463,14,1.413,82
2026,STL,W,a,1.707,23,1.811,82
2026,STL,W,p,3.171,18,3.224,82
2026,STL,W,sog,10.122,26,10.808,82
2026,STL,W,blk,2.646,25,2.831,82
2026,STL,W,hit,6.707,31,8.07,82
2026,STL,W,pim,2.841,19,2.899,82
2026,STL,W,ppg,0.268,21,0.288,82
2026,STL,W,toi,90.844,22,91.6,82
2026,STL,W,sv,0.0,25,0.0,82
2026,STL,W,ga,0.0,25,0.0,82
2026,STL,W,sa,0.0,25,0.0,82
2026,TB,C,g,1.011,30,1.201,89
2026,TB,C,a,1.36,31,1.769,89
2026,TB,C,p,2.371,31,2.97,89
2026,TB,C,sog,8.472,29,9.398,89
2026,TB,C,blk,3.416,6,3.182,89
2026,TB,C,hit,7.697,8,7.063,89
2026,TB,C,pim,3.607,1,2.664,89
2026,TB,C,ppg,0.135,32,0.252,89
2026,TB,C,toi,90.524,9,89.784,89
2026,TB,C,sv,0.0,26,0.0,89
2026,TB,C,ga,0.0,26,0.0,89
2026,TB,C,sa,0.0,26,0.0,89
2026,TB,D,g,0.382,26,0.469,89
2026,TB,D,a,1.404,30,1.63,89
2026,TB,D,p,1.787,30,2.099,89
2026,TB,D,sog,7.629,21,7.708,89
2026,TB,D,blk,8.539,11,8.236,89
2026,TB,D,hit,7.258,2,6.014,89
2026,TB,D,pim,4.506,3,3.281,89
2026,TB,D,ppg,0.045,26,0.072,89
2026,TB,D,toi,116.302,28,116.974,89
2026,TB,D,sv,0.0,26,0.0,89
2026,TB,D,ga,0.0,26,0.0,89
2026,TB,D,sa,0.0,26,0.0,89
2026,TB,G,g,0.0,26,0.0,89
2026,TB,G,a,0.0,26,0.0,89
2026,TB,G,p,0.0,26,0.0,89
2026,TB,G,sog,0.0,26,0.0,89
2026,TB,G,blk,0.0,26,0.0,89
2026,TB,G,hit,0.0,26,0.0,89
2026,TB,G,pim,0.258,1,0.079,89
2026,TB,G,ppg,0.0,26,0.0,89
2026,TB,G,toi,60.25,16,60.316,89
2026,TB,G,sv,24.742,19,24.743,89
2026,TB,G,ga,3.124,6,2.865,89
2026,TB,G,sa,27.854,15,27.599,89
2026,TB,W,g,1.36,21,1.413,89
2026,TB,W,a,1.708,22,1.811,89
2026,TB,W,p,3.067,23,3.224,89
2026,TB,W,sog,10.247,24,10.808,89
2026,TB,W,blk,3.0,9,2.831,89
2026,TB,W,hit,8.933,11,8.07,89
2026,TB,W,pim,5.112,1,2.899,89
2026,TB,W,ppg,0.382,2,0.288,89
2026,TB,W,toi,90.581,23,91.6,89
2026,TB,W,sv,0.0,26,0.0,89
2026,TB,W,ga,0.0,26,0.0,89
2026,TB,W,sa,0.0,26,0.0,89
2026,TOR,C,g,1.28,11,1.201,82
2026,TOR,C,a,2.037,4,1.769,82
2026,TOR,C,p,3.317,5,2.97,82
2026,TOR,C,sog,10.976,1,9.398,82
2026,TOR,C,blk,2.61,31,3.182,82
2026,TOR,C,hit,6.244,27,7.063,82
2026,TOR,C,pim,2.244,28,2.664,82
2026,TOR,C,ppg,0.256,18,0.252,82
2026,TOR,C,toi,88.774,21,89.784,82
2026,TOR,C,sv,0.0,27,0.0,82
2026,TOR,C,ga,0.0,27,0.0,82
2026,TOR,C,sa,0.0,27,0.0,82
2026,TOR,D,g,0.72,2,0.469,82
2026,TOR,D,a,1.695,10,1.63,82
2026,TOR,D,p,2.415,4,2.099,82
2026,TOR,D,sog,8.695,1,7.708,82
2026,TOR,D,blk,6.951,31,8.236,82
2026,TOR,D,hit,4.354,32,6.014,82
2026,TOR,D,pim,3.402,14,3.281,82
2026,TOR,D,ppg,0.049,25,0.072,82
2026,TOR,D,toi,116.812,19,116.974,82
2026,TOR,D,sv,0.0,27,0.0,82
2026,TOR,D,ga,0.0,27,0.0,82
2026,TOR,D,sa,0.0,27,0.0,82
2026,TOR,G,g,0.0,27,0.0,82
2026,TOR,G,a,0.0,27,0.0,82
2026,TOR,G,p,0.0,27,0.0,82
2026,TOR,G,sog,0.0,27,0.0,82
2026,TOR,G,blk,0.0,27,0.0,82
2026,TOR,G,hit,0.0,27,0.0,82
2026,TOR,G,pim,0.0,32,0.079,82
2026,TOR,G,ppg,0.0,27,0.0,82
2026,TOR,G,toi,60.372,12,60.316,82
2026,TOR,G,sv,23.268,24,24.743,82
2026,TOR,G,ga,2.841,17,2.865,82
2026,TOR,G,sa,26.098,23,27.599,82
2026,TOR,W,g,1.598,3,1.413,82
2026,TOR,W,a,2.195,3,1.811,82
2026,TOR,W,p,3.793,3,3.224,82
2026,TOR,W,sog,12.768,1,10.808,82
2026,TOR,W,blk,2.488,28,2.831,82
2026,TOR,W,hit,7.646,18,8.07,82
2026,TOR,W,pim,2.207,29,2.899,82
2026,TOR,W,ppg,0.22,30,0.288,82
2026,TOR,W,toi,92.884,6,91.6,82
2026,TOR,W,sv,0.0,27,0.0,82
2026,TOR,W,ga,0.0,27,0.0,82
2026,TOR,W,sa,0.0,27,0.0,82
2026,UTA,C,g,1.352,6,1.201,88
2026,UTA,C,a,1.705,22,1.769,88
2026,UTA,C,p,3.057,13,2.97,88
2026,UTA,C,sog,8.932,23,9.398,88
2026,UTA,C,blk,3.193,12,3.182,88
2026,UTA,C,hit,7.443,9,7.063,88
2026,UTA,C,pim,2.75,13,2.664,88
2026,UTA,C,ppg,0.284,11,0.252,88
2026,UTA,C,toi,89.658,14,89.784,88
2026,UTA,C,sv,0.0,28,0.0,88
2026,UTA,C,ga,0.0,28,0.0,88
2026,UTA,C,sa,0.0,28,0.0,88
2026,UTA,D,g,0.318,31,0.469,88
2026,UTA,D,a,1.602,17,1.63,88
2026,UTA,D,p,1.92,27,2.099,88
2026,UTA,D,sog,7.75,17,7.708,88
2026,UTA,D,blk,9.17,6,8.236,88
2026,UTA,D,hit,6.193,13,6.014,88
2026,UTA,D,pim,2.818,24,3.281,88
2026,UTA,D,ppg,0.057,20,0.072,88
2026,UTA,D,toi,116.532,26,116.974,88
2026,UTA,D,sv,0.0,28,0.0,88
2026,UTA,D,ga,0.0,28,0.0,88
2026,UTA,D,sa,0.0,28,0.0,88
2026,UTA,G,g,0.0,28,0.0,88
2026,UTA,G,a,0.0,28,0.0,88
2026,UTA,G,p,0.0,28,0.0,88
2026,UTA,G,sog,0.0,28,0.0,88
2026,UTA,G,blk,0.0,28,0.0,88
2026,UTA,G,hit,0.0,28,0.0,88
2026,UTA,G,pim,0.023,27,0.079,88
2026,UTA,G,ppg,0.0,28,0.0,88
2026,UTA,G,toi,60.155,19,60.316,88
2026,UTA,G,sv,24.477,20,24.743,88
2026,UTA,G,ga,3.034,12,2.865,88
2026,UTA,G,sa,27.5,20,27.599,88
2026,UTA,W,g,1.318,24,1.413,88
2026,UTA,W,a,1.67,28,1.811,88
2026,UTA,W,p,2.989,24,3.224,88
2026,UTA,W,sog,9.773,29,10.808,88
2026,UTA,W,blk,2.875,13,2.831,88
2026,UTA,W,hit,9.0,8,8.07,88
2026,UTA,W,pim,3.466,4,2.899,88
2026,UTA,W,ppg,0.318,9,0.288,88
2026,UTA,W,toi,92.438,13,91.6,88
2026,UTA,W,sv,0.0,28,0.0,88
2026,UTA,W,ga,0.0,28,0.0,88
2026,UTA,W,sa,0.0,28,0.0,88
2026,VAN,C,g,1.561,1,1.201,82
2026,VAN,C,a,2.183,1,1.769,82
2026,VAN,C,p,3.744,1,2.97,82
2026,VAN,C,sog,10.805,3,9.398,82
2026,VAN,C,blk,3.232,10,3.182,82
2026,VAN,C,hit,6.573,21,7.063,82
2026,VAN,C,pim,2.659,15,2.664,82
2026,VAN,C,ppg,0.305,7,0.252,82
2026,VAN,C,toi,90.966,7,89.784,82
2026,VAN,C,sv,0.0,29,0.0,82
2026,VAN,C,ga,0.0,29,0.0,82
2026,VAN,C,sa,0.0,29,0.0,82
2026,VAN,D,g,0.549,7,0.469,82
2026,VAN,D,a,2.134,1,1.63,82
2026,VAN,D,p,2.683,1,2.099,82
2026,VAN,D,sog,8.024,11,7.708,82
2026,VAN,D,blk,7.488,28,8.236,82
2026,VAN,D,hit,5.207,29,6.014,82
2026,VAN,D,pim,2.878,23,3.281,82
2026,VAN,D,ppg,0.134,1,0.072,82
2026,VAN,D,toi,117.345,8,116.974,82
2026,VAN,D,sv,0.0,29,0.0,82
2026,VAN,D,ga,0.0,29,0.0,82
2026,VAN,D,sa,0.0,29,0.0,82
2026,VAN,G,g,0.0,29,0.0,82
2026,VAN,G,a,0.0,29,0.0,82
2026,VAN,G,p,0.0,29,0.0,82
2026,VAN,G,sog,0.0,29,0.0,82
2026,VAN,G,blk,0.0,29,0.0,82
2026,VAN,G,hit,0.0,29,0.0,82
2026,VAN,G,pim,0.049,22,0.079,82
2026,VAN,G,ppg,0.0,29,0.0,82
2026,VAN,G,toi,60.424,10,60.316,82
2026,VAN,G,sv,23.402,23,24.743,82
2026,VAN,G,ga,2.463,30,2.865,82
2026,VAN,G,sa,25.866,24,27.599,82
2026,VAN,W,g,1.72,1,1.413,82
2026,VAN,W,a,2.378,1,1.811,82
2026,VAN,W,p,4.098,1,3.224,82
2026,VAN,W,sog,10.988,16,10.808,82
2026,VAN,W,blk,2.549,27,2.831,82
2026,VAN,W,hit,7.354,23,8.07,82
2026,VAN,W,pim,2.878,17,2.899,82
2026,VAN,W,ppg,0.354,4,0.288,82
2026,VAN,W,toi,89.313,28,91.6,82
2026,VAN,W,sv,0.0,29,0.0,82
2026,VAN,W,ga,0.0,29,0.0,82
2026,VAN,W,sa,0.0,29,0.0,82
2026,VGK,C,g,1.24,14,1.201,104
2026,VGK,C,a,1.625,28,1.769,104
2026,VGK,C,p,2.865,23,2.97,104
2026,VGK,C,sog,8.5,28,9.398,104
2026,VGK,C,blk,3.144,18,3.182,104
2026,VGK,C,hit,7.971,6,7.063,104
2026,VGK,C,pim,2.529,18,2.664,104
2026,VGK,C,ppg,0.183,27,0.252,104
2026,VGK,C,toi,89.189,19,89.784,104
2026,VGK,C,sv,0.0,30,0.0,104
2026,VGK,C,ga,0.0,30,0.0,104
2026,VGK,C,sa,0.0,30,0.0,104
2026,VGK,D,g,0.394,25,0.469,104
2026,VGK,D,a,1.538,21,1.63,104
2026,VGK,D,p,1.933,26,2.099,104
2026,VGK,D,sog,6.952,28,7.708,104
2026,VGK,D,blk,8.779,9,8.236,104
2026,VGK,D,hit,6.452,8,6.014,104
2026,VGK,D,pim,2.769,25,3.281,104
2026,VGK,D,ppg,0.038,27,0.072,104
2026,VGK,D,toi,118.729,1,116.974,104
2026,VGK,D,sv,0.0,30,0.0,104
2026,VGK,D,ga,0.0,30,0.0,104
2026,VGK,D,sa,0.0,30,0.0,104
2026,VGK,G,g,0.0,30,0.0,104
2026,VGK,G,a,0.0,30,0.0,104
2026,VGK,G,p,0.0,30,0.0,104
2026,VGK,G,sog,0.0,30,0.0,104
2026,VGK,G,blk,0.0,30,0.0,104
2026,VGK,G,hit,0.0,30,0.0,104
2026,VGK,G,pim,0.077,15,0.079,104
2026,VGK,G,ppg,0.0,30,0.0,104
2026,VGK,G,toi,61.029,1,60.316,104
2026,VGK,G,sv,25.202,13,24.743,104
2026,VGK,G,ga,3.115,8,2.865,104
2026,VGK,G,sa,28.317,9,27.599,104
2026,VGK,W,g,1.288,25,1.413,104
2026,VGK,W,a,1.683,27,1.811,104
2026,VGK,W,p,2.971,27,3.224,104
2026,VGK,W,sog,9.933,28,10.808,104
2026,VGK,W,blk,2.788,16,2.831,104
2026,VGK,W,hit,9.875,2,8.07,104
2026,VGK,W,pim,2.385,26,2.899,104
2026,VGK,W,ppg,0.26,22,0.288,104
2026,VGK,W,toi,93.956,5,91.6,104
2026,VGK,W,sv,0.0,30,0.0,104
2026,VGK,W,ga,0.0,30,0.0,104
2026,VGK,W,sa,0.0,30,0.0,104
2026,WPG,C,g,1.073,26,1.201,82
2026,WPG,C,a,1.805,15,1.769,82
2026,WPG,C,p,2.878,22,2.97,82
2026,WPG,C,sog,9.232,17,9.398,82
2026,WPG,C,blk,2.707,29,3.182,82
2026,WPG,C,hit,6.146,30,7.063,82
2026,WPG,C,pim,2.195,29,2.664,82
2026,WPG,C,ppg,0.244,20,0.252,82
2026,WPG,C,toi,88.584,23,89.784,82
2026,WPG,C,sv,0.0,31,0.0,82
2026,WPG,C,ga,0.0,31,0.0,82
2026,WPG,C,sa,0.0,31,0.0,82
2026,WPG,D,g,0.598,5,0.469,82
2026,WPG,D,a,1.646,13,1.63,82
2026,WPG,D,p,2.244,7,2.099,82
2026,WPG,D,sog,8.232,9,7.708,82
2026,WPG,D,blk,7.634,26,8.236,82
2026,WPG,D,hit,5.256,26,6.014,82
2026,WPG,D,pim,2.378,30,3.281,82
2026,WPG,D,ppg,0.098,7,0.072,82
2026,WPG,D,toi,116.95,15,116.974,82
2026,WPG,D,sv,0.0,31,0.0,82
2026,WPG,D,ga,0.0,31,0.0,82
2026,WPG,D,sa,0.0,31,0.0,82
2026,WPG,G,g,0.0,31,0.0,82
2026,WPG,G,a,0.0,31,0.0,82
2026,WPG,G,p,0.0,31,0.0,82
2026,WPG,G,sog,0.0,31,0.0,82
2026,WPG,G,blk,0.0,31,0.0,82
2026,WPG,G,hit,0.0,31,0.0,82
2026,WPG,G,pim,0.024,26,0.079,82
2026,WPG,G,ppg,0.0,31,0.0,82
2026,WPG,G,toi,60.046,24,60.316,82
2026,WPG,G,sv,23.573,22,24.743,82
2026,WPG,G,ga,2.634,25,2.865,82
2026,WPG,G,sa,26.207,22,27.599,82
2026,WPG,W,g,1.451,15,1.413,82
2026,WPG,W,a,1.939,7,1.811,82
2026,WPG,W,p,3.39,7,3.224,82
2026,WPG,W,sog,10.305,23,10.808,82
2026,WPG,W,blk,2.561,26,2.831,82
2026,WPG,W,hit,7.622,20,8.07,82
2026,WPG,W,pim,2.902,16,2.899,82
2026,WPG,W,ppg,0.28,18,0.288,82
2026,WPG,W,toi,91.923,18,91.6,82
2026,WPG,W,sv,0.0,31,0.0,82
2026,WPG,W,ga,0.0,31,0.0,82
2026,WPG,W,sa,0.0,31,0.0,82
2026,WSH,C,g,1.146,22,1.201,82
2026,WSH,C,a,1.683,24,1.769,82
2026,WSH,C,p,2.829,26,2.97,82
2026,WSH,C,sog,9.72,13,9.398,82
2026,WSH,C,blk,3.183,13,3.182,82
2026,WSH,C,hit,6.378,24,7.063,82
2026,WSH,C,pim,2.805,10,2.664,82
2026,WSH,C,ppg,0.293,8,0.252,82
2026,WSH,C,toi,91.522,6,89.784,82
2026,WSH,C,sv,0.0,32,0.0,82
2026,WSH,C,ga,0.0,32,0.0,82
2026,WSH,C,sa,0.0,32,0.0,82
2026,WSH,D,g,0.512,11,0.469,82
2026,WSH,D,a,1.512,24,1.63,82
2026,WSH,D,p,2.024,21,2.099,82
2026,WSH,D,sog,7.146,26,7.708,82
2026,WSH,D,blk,8.049,18,8.236,82
2026,WSH,D,hit,5.439,23,6.014,82
2026,WSH,D,pim,3.061,19,3.281,82
2026,WSH,D,ppg,0.11,5,0.072,82
2026,WSH,D,toi,115.812,32,116.974,82
2026,WSH,D,sv,0.0,32,0.0,82
2026,WSH,D,ga,0.0,32,0.0,82
2026,WSH,D,sa,0.0,32,0.0,82
2026,WSH,G,g,0.0,32,0.0,82
2026,WSH,G,a,0.0,32,0.0,82
2026,WSH,G,p,0.0,32,0.0,82
2026,WSH,G,sog,0.0,32,0.0,82
2026,WSH,G,blk,0.0,32,0.0,82
2026,WSH,G,hit,0.0,32,0.0,82
2026,WSH,G,pim,0.073,16,0.079,82
2026,WSH,G,ppg,0.0,32,0.0,82
2026,WSH,G,toi,59.95,30,60.316,82
2026,WSH,G,sv,24.878,18,24.743,82
2026,WSH,G,ga,2.878,16,2.865,82
2026,WSH,G,sa,27.744,18,27.599,82
2026,WSH,W,g,1.244,28,1.413,82
2026,WSH,W,a,1.744,21,1.811,82
2026,WSH,W,p,2.988,26,3.224,82
2026,WSH,W,sog,11.268,9,10.808,82
2026,WSH,W,blk,2.89,11,2.831,82
2026,WSH,W,hit,6.707,32,8.07,82
2026,WSH,W,pim,3.073,9,2.899,82
2026,WSH,W,ppg,0.207,32,0.288,82
2026,WSH,W,toi,89.783,26,91.6,82
2026,WSH,W,sv,0.0,32,0.0,82
2026,WSH,W,ga,0.0,32,0.0,82
2026,WSH,W,sa,0.0,32,0.0,82
2027,ANA,C,g,1.0,15,1.112,2
2027,ANA,C,a,2.5,8,1.924,2
2027,ANA,C,p,3.5,11,3.036,2
2027,ANA,C,sog,13.5,5,9.826,2
2027,ANA,C,blk,2.0,27,3.18,2
2027,ANA,C,hit,6.5,21,8.175,2
2027,ANA,C,pim,2.0,19,2.656,2
2027,ANA,C,ppg,0.5,5,0.297,2
2027,ANA,C,toi,99.7,10,90.152,2
2027,ANA,C,sv,0.0,1,0.0,2
2027,ANA,C,ga,0.0,1,0.0,2
2027,ANA,C,sa,0.0,1,0.0,2
2027,ANA,D,g,0.5,13,0.492,2
2027,ANA,D,a,0.5,25,1.604,2
2027,ANA,D,p,1.0,25,2.096,2
2027,ANA,D,sog,7.5,12,6.872,2
2027,ANA,D,blk,8.5,17,8.625,2
2027,ANA,D,hit,3.0,31,6.013,2
2027,ANA,D,pim,2.0,25,4.31,2
2027,ANA,D,ppg,0.0,6,0.057,2
2027,ANA,D,toi,115.7,16,115.565,2
2027,ANA,D,sv,0.0,1,0.0,2
2027,ANA,D,ga,0.0,1,0.0,2
2027,ANA,D,sa,0.0,1,0.0,2
2027,ANA,G,g,0.0,1,0.0,2
2027,ANA,G,a,0.0,1,0.0,2
2027,ANA,G,p,0.0,1,0.0,2
2027,ANA,G,sog,0.0,1,0.0,2
2027,ANA,G,blk,0.0,1,0.0,2
2027,ANA,G,hit,0.0,1,0.0,2
2027,ANA,G,pim,0.0,2,0.021,2
2027,ANA,G,ppg,0.0,1,0.0,2
2027,ANA,G,toi,60.692,7,60.044,2
2027,ANA,G,sv,17.0,30,24.083,2
2027,ANA,G,ga,3.5,9,2.924,2
2027,ANA,G,sa,20.5,29,26.997,2
2027,ANA,W,g,1.0,19,1.385,2
2027,ANA,W,a,1.5,15,1.568,2
2027,ANA,W,p,2.5,20,2.953,2
2027,ANA,W,sog,9.5,19,10.102,2
2027,ANA,W,blk,2.0,22,2.784,2
2027,ANA,W,hit,13.0,4,9.581,2
2027,ANA,W,pim,1.0,28,3.318,2
2027,ANA,W,ppg,0.0,18,0.31,2
2027,ANA,W,toi,88.7,20,90.337,2
2027,ANA,W,sv,0.0,1,0.0,2
2027,ANA,W,ga,0.0,1,0.0,2
2027,ANA,W,sa,0.0,1,0.0,2
2027,BOS,C,g,0.5,24,1.112,4
2027,BOS,C,a,2.5,9,1.924,4
2027,BOS,C,p,3.0,15,3.036,4
2027,BOS,C,sog,9.25,19,9.826,4
2027,BOS,C,blk,3.0,18,3.18,4
2027,BOS,C,hit,11.75,3,8.175,4
2027,BOS,C,pim,3.5,9,2.656,4
2027,BOS,C,ppg,0.0,18,0.297,4
2027,BOS,C,toi,82.4,23,90.152,4
2027,BOS,C,sv,0.0,2,0.0,4
2027,BOS,C,ga,0.0,2,0.0,4
2027,BOS,C,sa,0.0,2,0.0,4
2027,BOS,D,g,1.0,2,0.492,4
2027,BOS,D,a,0.25,32,1.604,4
2027,BOS,D,p,1.25,24,2.096,4
2027,BOS,D,sog,7.0,15,6.872,4
2027,BOS,D,blk,7.0,24,8.625,4
2027,BOS,D,hit,3.75,29,6.013,4
2027,BOS,D,pim,4.25,15,4.31,4
2027,BOS,D,ppg,0.25,4,0.057,4
2027,BOS,D,toi,118.35,4,115.565,4
2027,BOS,D,sv,0.0,2,0.0,4
2027,BOS,D,ga,0.0,2,0.0,4
2027,BOS,D,sa,0.0,2,0.0,4
2027,BOS,G,g,0.0,2,0.0,4
2027,BOS,G,a,0.0,2,0.0,4
2027,BOS,G,p,0.0,2,0.0,4
2027,BOS,G,sog,0.0,2,0.0,4
2027,BOS,G,blk,0.0,2,0.0,4
2027,BOS,G,hit,0.0,2,0.0,4
2027,BOS,G,pim,0.0,3,0.021,4
2027,BOS,G,ppg,0.0,2,0.0,4
2027,BOS,G,toi,60.683,8,60.044,4
2027,BOS,G,sv,22.5,20,24.083,4
2027,BOS,G,ga,2.0,19,2.924,4
2027,BOS,G,sa,24.5,21,26.997,4
2027,BOS,W,g,1.25,18,1.385,4
2027,BOS,W,a,1.25,22,1.568,4
2027,BOS,W,p,2.5,21,2.953,4
2027,BOS,W,sog,11.5,9,10.102,4
2027,BOS,W,blk,3.25,10,2.784,4
2027,BOS,W,hit,9.5,19,9.581,4
2027,BOS,W,pim,1.5,25,3.318,4
2027,BOS,W,ppg,0.5,7,0.31,4
2027,BOS,W,toi,96.917,11,90.337,4
2027,BOS,W,sv,0.0,2,0.0,4
2027,BOS,W,ga,0.0,2,0.0,4
2027,BOS,W,sa,0.0,2,0.0,4
2027,BUF,C,g,2.5,2,1.112,2
2027,BUF,C,a,3.5,2,1.924,2
2027,BUF,C,p,6.0,2,3.036,2
2027,BUF,C,sog,6.5,28,9.826,2
2027,BUF,C,blk,2.5,23,3.18,2
2027,BUF,C,hit,6.0,24,8.175,2
2027,BUF,C,pim,4.0,3,2.656,2
2027,BUF,C,ppg,0.5,6,0.297,2
2027,BUF,C,toi,83.617,20,90.152,2
2027,BUF,C,sv,0.0,3,0.0,2
2027,BUF,C,ga,0.0,3,0.0,2
2027,BUF,C,sa,0.0,3,0.0,2
2027,BUF,D,g,0.0,25,0.492,2
2027,BUF,D,a,3.0,3,1.604,2
2027,BUF,D,p,3.0,6,2.096,2
2027,BUF,D,sog,6.0,23,6.872,2
2027,BUF,D,blk,8.0,21,8.625,2
2027,BUF,D,hit,5.5,18,6.013,2
2027,BUF,D,pim,1.0,31,4.31,2
2027,BUF,D,ppg,0.0,7,0.057,2
2027,BUF,D,toi,117.042,8,115.565,2
2027,BUF,D,sv,0.0,3,0.0,2
2027,BUF,D,ga,0.0,3,0.0,2
2027,BUF,D,sa,0.0,3,0.0,2
2027,BUF,G,g,0.0,3,0.0,2
2027,BUF,G,a,0.0,3,0.0,2
2027,BUF,G,p,0.0,3,0.0,2
2027,BUF,G,sog,0.0,3,0.0,2
2027,BUF,G,blk,0.0,3,0.0,2
2027,BUF,G,hit,0.0,3,0.0,2
2027,BUF,G,pim,0.0,4,0.021,2
2027,BUF,G,ppg,0.0,3,0.0,2
2027,BUF,G,toi,59.508,22,60.044,2
2027,BUF,G,sv,23.5,18,24.083,2
2027,BUF,G,ga,3.5,10,2.924,2
2027,BUF,G,sa,27.0,16,26.997,2
2027,BUF,W,g,2.0,6,1.385,2
2027,BUF,W,a,2.0,6,1.568,2
2027,BUF,W,p,4.0,7,2.953,2
2027,BUF,W,sog,6.5,29,10.102,2
2027,BUF,W,blk,2.5,16,2.784,2
2027,BUF,W,hit,10.0,14,9.581,2
2027,BUF,W,pim,5.5,6,3.318,2
2027,BUF,W,ppg,0.5,8,0.31,2
2027,BUF,W,toi,91.833,17,90.337,2
2027,BUF,W,sv,0.0,3,0.0,2
2027,BUF,W,ga,0.0,3,0.0,2
2027,BUF,W,sa,0.0,3,0.0,2
2027,CAR,C,g,0.0,29,1.112,3
2027,CAR,C,a,2.333,13,1.924,3
2027,CAR,C,p,2.333,18,3.036,3
2027,CAR,C,sog,6.0,29,9.826,3
2027,CAR,C,blk,3.333,16,3.18,3
2027,CAR,C,hit,8.333,15,8.175,3
2027,CAR,C,pim,2.0,20,2.656,3
2027,CAR,C,ppg,0.0,19,0.297,3
2027,CAR,C,toi,82.661,22,90.152,3
2027,CAR,C,sv,0.0,4,0.0,3
2027,CAR,C,ga,0.0,4,0.0,3
2027,CAR,C,sa,0.0,4,0.0,3
2027,CAR,D,g,1.0,3,0.492,3
2027,CAR,D,a,0.333,30,1.604,3
2027,CAR,D,p,1.333,21,2.096,3
2027,CAR,D,sog,5.333,27,6.872,3
2027,CAR,D,blk,11.333,4,8.625,3
2027,CAR,D,hit,9.0,2,6.013,3
2027,CAR,D,pim,4.667,11,4.31,3
2027,CAR,D,ppg,0.333,3,0.057,3
2027,CAR,D,toi,117.833,5,115.565,3
2027,CAR,D,sv,0.0,4,0.0,3
2027,CAR,D,ga,0.0,4,0.0,3
2027,CAR,D,sa,0.0,4,0.0,3
2027,CAR,G,g,0.0,4,0.0,3
2027,CAR,G,a,0.0,4,0.0,3
2027,CAR,G,p,0.0,4,0.0,3
2027,CAR,G,sog,0.0,4,0.0,3
2027,CAR,G,blk,0.0,4,0.0,3
2027,CAR,G,hit,0.0,4,0.0,3
2027,CAR,G,pim,0.0,5,0.021,3
2027,CAR,G,ppg,0.0,4,0.0,3
2027,CAR,G,toi,62.533,2,60.044,3
2027,CAR,G,sv,27.667,6,24.083,3
2027,CAR,G,ga,1.667,25,2.924,3
2027,CAR,G,sa,29.333,12,26.997,3
2027,CAR,W,g,1.667,11,1.385,3
2027,CAR,W,a,1.667,13,1.568,3
2027,CAR,W,p,3.333,12,2.953,3
2027,CAR,W,sog,10.333,15,10.102,3
2027,CAR,W,blk,4.667,2,2.784,3
2027,CAR,W,hit,13.0,5,9.581,3
2027,CAR,W,pim,6.333,5,3.318,3
2027,CAR,W,ppg,0.0,19,0.31,3
2027,CAR,W,toi,97.433,10,90.337,3
2027,CAR,W,sv,0.0,4,0.0,3
2027,CAR,W,ga,0.0,4,0.0,3
2027,CAR,W,sa,0.0,4,0.0,3
2027,CBJ,C,g,1.5,8,1.112,2
2027,CBJ,C,a,2.5,10,1.924,2
2027,CBJ,C,p,4.0,8,3.036,2
2027,CBJ,C,sog,11.0,10,9.826,2
2027,CBJ,C,blk,3.5,14,3.18,2
2027,CBJ,C,hit,10.0,10,8.175,2
2027,CBJ,C,pim,1.0,29,2.656,2
2027,CBJ,C,ppg,0.5,7,0.297,2
2027,CBJ,C,toi,105.208,7,90.152,2
2027,CBJ,C,sv,0.0,5,0.0,2
2027,CBJ,C,ga,0.0,5,0.0,2
2027,CBJ,C,sa,0.0,5,0.0,2
2027,CBJ,D,g,1.0,4,0.492,2
2027,CBJ,D,a,2.0,9,1.604,2
2027,CBJ,D,p,3.0,7,2.096,2
2027,CBJ,D,sog,6.5,18,6.872,2
2027,CBJ,D,blk,5.5,29,8.625,2
2027,CBJ,D,hit,3.5,30,6.013,2
2027,CBJ,D,pim,6.5,7,4.31,2
2027,CBJ,D,ppg,0.5,1,0.057,2
2027,CBJ,D,toi,114.7,23,115.565,2
2027,CBJ,D,sv,0.0,5,0.0,2
2027,CBJ,D,ga,0.0,5,0.0,2
2027,CBJ,D,sa,0.0,5,0.0,2
2027,CBJ,G,g,0.0,5,0.0,2
2027,CBJ,G,a,0.0,5,0.0,2
2027,CBJ,G,p,0.0,5,0.0,2
2027,CBJ,G,sog,0.0,5,0.0,2
2027,CBJ,G,blk,0.0,5,0.0,2
2027,CBJ,G,hit,0.0,5,0.0,2
2027,CBJ,G,pim,0.0,6,0.021,2
2027,CBJ,G,ppg,0.0,5,0.0,2
2027,CBJ,G,toi,59.567,21,60.044,2
2027,CBJ,G,sv,17.0,31,24.083,2
2027,CBJ,G,ga,3.0,14,2.924,2
2027,CBJ,G,sa,20.0,30,26.997,2
2027,CBJ,W,g,1.0,20,1.385,2
2027,CBJ,W,a,2.5,4,1.568,2
2027,CBJ,W,p,3.5,9,2.953,2
2027,CBJ,W,sog,11.0,12,10.102,2
2027,CBJ,W,blk,3.0,11,2.784,2
2027,CBJ,W,hit,10.0,15,9.581,2
2027,CBJ,W,pim,0.0,31,3.318,2
2027,CBJ,W,ppg,0.5,9,0.31,2
2027,CBJ,W,toi,76.083,27,90.337,2
2027,CBJ,W,sv,0.0,5,0.0,2
2027,CBJ,W,ga,0.0,5,0.0,2
2027,CBJ,W,sa,0.0,5,0.0,2
2027,CGY,C,g,2.333,3,1.112,3
2027,CGY,C,a,3.333,4,1.924,3
2027,CGY,C,p,5.667,3,3.036,3
2027,CGY,C,sog,13.0,6,9.826,3
2027,CGY,C,blk,6.0,1,3.18,3
2027,CGY,C,hit,10.667,7,8.175,3
2027,CGY,C,pim,0.667,30,2.656,3
2027,CGY,C,ppg,0.0,20,0.297,3
2027,CGY,C,toi,106.167,6,90.152,3
2027,CGY,C,sv,0.0,6,0.0,3
2027,CGY,C,ga,0.0,6,0.0,3
2027,CGY,C,sa,0.0,6,0.0,3
2027,CGY,D,g,0.667,9,0.492,3
2027,CGY,D,a,3.0,4,1.604,3
2027,CGY,D,p,3.667,5,2.096,3
2027,CGY,D,sog,5.667,25,6.872,3
2027,CGY,D,blk,12.333,2,8.625,3
2027,CGY,D,hit,8.667,3,6.013,3
2027,CGY,D,pim,7.667,4,4.31,3
2027,CGY,D,ppg,0.0,8,0.057,3
2027,CGY,D,toi,115.45,19,115.565,3
2027,CGY,D,sv,0.0,6,0.0,3
2027,CGY,D,ga,0.0,6,0.0,3
2027,CGY,D,sa,0.0,6,0.0,3
2027,CGY,G,g,0.0,6,0.0,3
2027,CGY,G,a,0.0,6,0.0,3
2027,CGY,G,p,0.0,6,0.0,3
2027,CGY,G,sog,0.0,6,0.0,3
2027,CGY,G,blk,0.0,6,0.0,3
2027,CGY,G,hit,0.0,6,0.0,3
2027,CGY,G,pim,0.0,7,0.021,3
2027,CGY,G,ppg,0.0,6,0.0,3
2027,CGY,G,toi,59.833,17,60.044,3
2027,CGY,G,sv,26.333,11,24.083,3
2027,CGY,G,ga,1.0,31,2.924,3
2027,CGY,G,sa,27.333,15,26.997,3
2027,CGY,W,g,2.333,4,1.385,3
2027,CGY,W,a,2.333,5,1.568,3
2027,CGY,W,p,4.667,6,2.953,3
2027,CGY,W,sog,9.667,17,10.102,3
2027,CGY,W,blk,2.667,14,2.784,3
2027,CGY,W,hit,5.667,29,9.581,3
2027,CGY,W,pim,2.0,20,3.318,3
2027,CGY,W,ppg,0.333,13,0.31,3
2027,CGY,W,toi,74.739,28,90.337,3
2027,CGY,W,sv,0.0,6,0.0,3
2027,CGY,W,ga,0.0,6,0.0,3
2027,CGY,W,sa,0.0,6,0.0,3
2027,CHI,C,g,1.333,11,1.112,3
2027,CHI,C,a,3.333,5,1.924,3
2027,CHI,C,p,4.667,6,3.036,3
2027,CHI,C,sog,11.333,9,9.826,3
2027,CHI,C,blk,1.667,29,3.18,3
2027,CHI,C,hit,12.333,1,8.175,3
2027,CHI,C,pim,2.0,21,2.656,3
2027,CHI,C,ppg,0.0,21,0.297,3
2027,CHI,C,toi,99.478,11,90.152,3
2027,CHI,C,sv,0.0,7,0.0,3
2027,CHI,C,ga,0.0,7,0.0,3
2027,CHI,C,sa,0.0,7,0.0,3
2027,CHI,D,g,0.667,10,0.492,3
2027,CHI,D,a,4.0,1,1.604,3
2027,CHI,D,p,4.667,1,2.096,3
2027,CHI,D,sog,8.667,4,6.872,3
2027,CHI,D,blk,5.333,31,8.625,3
2027,CHI,D,hit,8.333,4,6.013,3
2027,CHI,D,pim,3.0,18,4.31,3
2027,CHI,D,ppg,0.0,9,0.057,3
2027,CHI,D,toi,116.211,13,115.565,3
2027,CHI,D,sv,0.0,7,0.0,3
2027,CHI,D,ga,0.0,7,0.0,3
2027,CHI,D,sa,0.0,7,0.0,3
2027,CHI,G,g,0.0,7,0.0,3
2027,CHI,G,a,0.0,7,0.0,3
2027,CHI,G,p,0.0,7,0.0,3
2027,CHI,G,sog,0.0,7,0.0,3
2027,CHI,G,blk,0.0,7,0.0,3
2027,CHI,G,hit,0.0,7,0.0,3
2027,CHI,G,pim,0.0,8,0.021,3
2027,CHI,G,ppg,0.0,7,0.0,3
2027,CHI,G,toi,59.983,14,60.044,3
2027,CHI,G,sv,17.0,32,24.083,3
2027,CHI,G,ga,1.667,26,2.924,3
2027,CHI,G,sa,18.667,32,26.997,3
2027,CHI,W,g,3.0,1,1.385,3
2027,CHI,W,a,2.0,7,1.568,3
2027,CHI,W,p,5.0,2,2.953,3
2027,CHI,W,sog,12.333,8,10.102,3
2027,CHI,W,blk,2.0,23,2.784,3
2027,CHI,W,hit,10.667,9,9.581,3
2027,CHI,W,pim,2.0,21,3.318,3
2027,CHI,W,ppg,1.0,1,0.31,3
2027,CHI,W,toi,79.661,25,90.337,3
2027,CHI,W,sv,0.0,7,0.0,3
2027,CHI,W,ga,0.0,7,0.0,3
2027,CHI,W,sa,0.0,7,0.0,3
2027,COL,C,g,0.0,30,1.112,2
2027,COL,C,a,0.5,29,1.924,2
2027,COL,C,p,0.5,32,3.036,2
2027,COL,C,sog,4.0,32,9.826,2
2027,COL,C,blk,1.0,30,3.18,2
2027,COL,C,hit,6.0,25,8.175,2
2027,COL,C,pim,4.0,4,2.656,2
2027,COL,C,ppg,0.0,22,0.297,2
2027,COL,C,toi,55.625,32,90.152,2
2027,COL,C,sv,0.0,8,0.0,2
2027,COL,C,ga,0.0,8,0.0,2
2027,COL,C,sa,0.0,8,0.0,2
2027,COL,D,g,0.5,14,0.492,2
2027,COL,D,a,2.0,10,1.604,2
2027,COL,D,p,2.5,12,2.096,2
2027,COL,D,sog,8.5,5,6.872,2
2027,COL,D,blk,9.5,8,8.625,2
2027,COL,D,hit,5.5,19,6.013,2
2027,COL,D,pim,4.5,14,4.31,2
2027,COL,D,ppg,0.0,10,0.057,2
2027,COL,D,toi,114.308,25,115.565,2
2027,COL,D,sv,0.0,8,0.0,2
2027,COL,D,ga,0.0,8,0.0,2
2027,COL,D,sa,0.0,8,0.0,2
2027,COL,G,g,0.0,8,0.0,2
2027,COL,G,a,0.0,8,0.0,2
2027,COL,G,p,0.0,8,0.0,2
2027,COL,G,sog,0.0,8,0.0,2
2027,COL,G,blk,0.0,8,0.0,2
2027,COL,G,hit,0.0,8,0.0,2
2027,COL,G,pim,0.0,9,0.021,2
2027,COL,G,ppg,0.0,8,0.0,2
2027,COL,G,toi,59.708,19,60.044,2
2027,COL,G,sv,25.5,15,24.083,2
2027,COL,G,ga,7.0,1,2.924,2
2027,COL,G,sa,32.5,4,26.997,2
2027,COL,W,g,2.0,7,1.385,2
2027,COL,W,a,1.5,16,1.568,2
2027,COL,W,p,3.5,10,2.953,2
2027,COL,W,sog,16.0,1,10.102,2
2027,COL,W,blk,4.0,6,2.784,2
2027,COL,W,hit,11.0,6,9.581,2
2027,COL,W,pim,3.0,12,3.318,2
2027,COL,W,ppg,0.0,20,0.31,2
2027,COL,W,toi,122.808,1,90.337,2
2027,COL,W,sv,0.0,8,0.0,2
2027,COL,W,ga,0.0,8,0.0,2
2027,COL,W,sa,0.0,8,0.0,2
2027,DAL,C,g,1.0,16,1.112,3
2027,DAL,C,a,1.0,22,1.924,3
2027,DAL,C,p,2.0,21,3.036,3
2027,DAL,C,sog,8.0,23,9.826,3
2027,DAL,C,blk,4.0,4,3.18,3
2027,DAL,C,hit,8.667,14,8.175,3
2027,DAL,C,pim,1.333,25,2.656,3
2027,DAL,C,ppg,0.333,12,0.297,3
2027,DAL,C,toi,91.344,13,90.152,3
2027,DAL,C,sv,0.0,9,0.0,3
2027,DAL,C,ga,0.0,9,0.0,3
2027,DAL,C,sa,0.0,9,0.0,3
2027,DAL,D,g,0.0,26,0.492,3
2027,DAL,D,a,1.333,18,1.604,3
2027,DAL,D,p,1.333,22,2.096,3
2027,DAL,D,sog,6.0,24,6.872,3
2027,DAL,D,blk,9.667,7,8.625,3
2027,DAL,D,hit,4.0,26,6.013,3
2027,DAL,D,pim,7.0,6,4.31,3
2027,DAL,D,ppg,0.0,11,0.057,3
2027,DAL,D,toi,115.061,21,115.565,3
2027,DAL,D,sv,0.0,9,0.0,3
2027,DAL,D,ga,0.0,9,0.0,3
2027,DAL,D,sa,0.0,9,0.0,3
2027,DAL,G,g,0.0,9,0.0,3
2027,DAL,G,a,0.0,9,0.0,3
2027,DAL,G,p,0.0,9,0.0,3
2027,DAL,G,sog,0.0,9,0.0,3
2027,DAL,G,blk,0.0,9,0.0,3
2027,DAL,G,hit,0.0,9,0.0,3
2027,DAL,G,pim,0.0,10,0.021,3
2027,DAL,G,ppg,0.0,9,0.0,3
2027,DAL,G,toi,59.922,16,60.044,3
2027,DAL,G,sv,25.0,16,24.083,3
2027,DAL,G,ga,2.0,20,2.924,3
2027,DAL,G,sa,27.0,17,26.997,3
2027,DAL,W,g,1.0,21,1.385,3
2027,DAL,W,a,0.667,27,1.568,3
2027,DAL,W,p,1.667,25,2.953,3
2027,DAL,W,sog,7.0,27,10.102,3
2027,DAL,W,blk,2.333,19,2.784,3
2027,DAL,W,hit,10.333,13,9.581,3
2027,DAL,W,pim,2.333,18,3.318,3
2027,DAL,W,ppg,0.333,14,0.31,3
2027,DAL,W,toi,87.339,21,90.337,3
2027,DAL,W,sv,0.0,9,0.0,3
2027,DAL,W,ga,0.0,9,0.0,3
2027,DAL,W,sa,0.0,9,0.0,3
2027,DET,C,g,0.5,25,1.112,2
2027,DET,C,a,1.5,18,1.924,2
2027,DET,C,p,2.0,22,3.036,2
2027,DET,C,sog,8.0,24,9.826,2
2027,DET,C,blk,0.5,32,3.18,2
2027,DET,C,hit,7.5,17,8.175,2
2027,DET,C,pim,4.0,5,2.656,2
2027,DET,C,ppg,0.5,8,0.297,2
2027,DET,C,toi,92.208,12,90.152,2
2027,DET,C,sv,0.0,10,0.0,2
2027,DET,C,ga,0.0,10,0.0,2
2027,DET,C,sa,0.0,10,0.0,2
2027,DET,D,g,0.5,15,0.492,2
2027,DET,D,a,1.5,16,1.604,2
2027,DET,D,p,2.0,13,2.096,2
2027,DET,D,sog,8.0,9,6.872,2
2027,DET,D,blk,9.0,13,8.625,2
2027,DET,D,hit,7.5,6,6.013,2
2027,DET,D,pim,9.0,3,4.31,2
2027,DET,D,ppg,0.5,2,0.057,2
2027,DET,D,toi,114.125,27,115.565,2
2027,DET,D,sv,0.0,10,0.0,2
2027,DET,D,ga,0.0,10,0.0,2
2027,DET,D,sa,0.0,10,0.0,2
2027,DET,G,g,0.0,10,0.0,2
2027,DET,G,a,0.0,10,0.0,2
2027,DET,G,p,0.0,10,0.0,2
2027,DET,G,sog,0.0,10,0.0,2
2027,DET,G,blk,0.0,10,0.0,2
2027,DET,G,hit,0.0,10,0.0,2
2027,DET,G,pim,0.0,11,0.021,2
2027,DET,G,ppg,0.0,10,0.0,2
2027,DET,G,toi,60.0,11,60.044,2
2027,DET,G,sv,27.5,8,24.083,2
2027,DET,G,ga,1.0,32,2.924,2
2027,DET,G,sa,28.5,13,26.997,2
2027,DET,W,g,1.5,13,1.385,2
2027,DET,W,a,2.0,8,1.568,2
2027,DET,W,p,3.5,11,2.953,2
2027,DET,W,sog,8.0,24,10.102,2
2027,DET,W,blk,4.5,5,2.784,2
2027,DET,W,hit,8.0,22,9.581,2
2027,DET,W,pim,0.0,32,3.318,2
2027,DET,W,ppg,1.0,2,0.31,2
2027,DET,W,toi,87.133,22,90.337,2
2027,DET,W,sv,0.0,10,0.0,2
2027,DET,W,ga,0.0,10,0.0,2
2027,DET,W,sa,0.0,10,0.0,2
2027,EDM,C,g,2.333,4,1.112,3
2027,EDM,C,a,2.0,15,1.924,3
2027,EDM,C,p,4.333,7,3.036,3
2027,EDM,C,sog,7.667,25,9.826,3
2027,EDM,C,blk,4.0,5,3.18,3
2027,EDM,C,hit,4.333,31,8.175,3
2027,EDM,C,pim,2.667,17,2.656,3
2027,EDM,C,ppg,1.0,2,0.297,3
2027,EDM,C,toi,80.478,25,90.152,3
2027,EDM,C,sv,0.0,11,0.0,3
2027,EDM,C,ga,0.0,11,0.0,3
2027,EDM,C,sa,0.0,11,0.0,3
2027,EDM,D,g,0.333,20,0.492,3
2027,EDM,D,a,2.667,7,1.604,3
2027,EDM,D,p,3.0,8,2.096,3
2027,EDM,D,sog,6.333,20,6.872,3
2027,EDM,D,blk,9.0,14,8.625,3
2027,EDM,D,hit,7.333,10,6.013,3
2027,EDM,D,pim,9.667,2,4.31,3
2027,EDM,D,ppg,0.0,12,0.057,3
2027,EDM,D,toi,119.022,2,115.565,3
2027,EDM,D,sv,0.0,11,0.0,3
2027,EDM,D,ga,0.0,11,0.0,3
2027,EDM,D,sa,0.0,11,0.0,3
2027,EDM,G,g,0.0,11,0.0,3
2027,EDM,G,a,0.0,11,0.0,3
2027,EDM,G,p,0.0,11,0.0,3
2027,EDM,G,sog,0.0,11,0.0,3
2027,EDM,G,blk,0.0,11,0.0,3
2027,EDM,G,hit,0.0,11,0.0,3
2027,EDM,G,pim,0.667,1,0.021,3
2027,EDM,G,ppg,0.0,11,0.0,3
2027,EDM,G,toi,59.961,15,60.044,3
2027,EDM,G,sv,25.667,13,24.083,3
2027,EDM,G,ga,5.333,2,2.924,3
2027,EDM,G,sa,30.667,8,26.997,3
2027,EDM,W,g,2.0,8,1.385,3
2027,EDM,W,a,3.333,1,1.568,3
2027,EDM,W,p,5.333,1,2.953,3
2027,EDM,W,sog,7.667,25,10.102,3
2027,EDM,W,blk,4.0,7,2.784,3
2027,EDM,W,hit,8.0,23,9.581,3
2027,EDM,W,pim,1.333,27,3.318,3
2027,EDM,W,ppg,0.0,21,0.31,3
2027,EDM,W,toi,95.2,14,90.337,3
2027,EDM,W,sv,0.0,11,0.0,3
2027,EDM,W,ga,0.0,11,0.0,3
2027,EDM,W,sa,0.0,11,0.0,3
2027,FLA,C,g,1.0,17,1.112,3
2027,FLA,C,a,2.333,14,1.924,3
2027,FLA,C,p,3.333,13,3.036,3
2027,FLA,C,sog,8.667,22,9.826,3
2027,FLA,C,blk,4.0,6,3.18,3
2027,FLA,C,hit,5.667,27,8.175,3
2027,FLA,C,pim,1.333,26,2.656,3
2027,FLA,C,ppg,0.667,4,0.297,3
2027,FLA,C,toi,84.739,19,90.152,3
2027,FLA,C,sv,0.0,12,0.0,3
2027,FLA,C,ga,0.0,12,0.0,3
2027,FLA,C,sa,0.0,12,0.0,3
2027,FLA,D,g,0.333,21,0.492,3
2027,FLA,D,a,0.667,23,1.604,3
2027,FLA,D,p,1.0,26,2.096,3
2027,FLA,D,sog,6.333,21,6.872,3
2027,FLA,D,blk,11.333,5,8.625,3
2027,FLA,D,hit,8.0,5,6.013,3
2027,FLA,D,pim,6.333,8,4.31,3
2027,FLA,D,ppg,0.0,13,0.057,3
2027,FLA,D,toi,119.1,1,115.565,3
2027,FLA,D,sv,0.0,12,0.0,3
2027,FLA,D,ga,0.0,12,0.0,3
2027,FLA,D,sa,0.0,12,0.0,3
2027,FLA,G,g,0.0,12,0.0,3
2027,FLA,G,a,0.0,12,0.0,3
2027,FLA,G,p,0.0,12,0.0,3
2027,FLA,G,sog,0.0,12,0.0,3
2027,FLA,G,blk,0.0,12,0.0,3
2027,FLA,G,hit,0.0,12,0.0,3
2027,FLA,G,pim,0.0,12,0.021,3
2027,FLA,G,ppg,0.0,12,0.0,3
2027,FLA,G,toi,63.956,1,60.044,3
2027,FLA,G,sv,23.667,17,24.083,3
2027,FLA,G,ga,2.0,21,2.924,3
2027,FLA,G,sa,25.667,20,26.997,3
2027,FLA,W,g,1.0,22,1.385,3
2027,FLA,W,a,0.667,28,1.568,3
2027,FLA,W,p,1.667,26,2.953,3
2027,FLA,W,sog,7.667,26,10.102,3
2027,FLA,W,blk,4.667,3,2.784,3
2027,FLA,W,hit,16.667,2,9.581,3
2027,FLA,W,pim,8.0,3,3.318,3
2027,FLA,W,ppg,0.667,5,0.31,3
2027,FLA,W,toi,98.767,9,90.337,3
2027,FLA,W,sv,0.0,12,0.0,3
2027,FLA,W,ga,0.0,12,0.0,3
2027,FLA,W,sa,0.0,12,0.0,3
2027,LA,C,g,3.0,1,1.112,2
2027,LA,C,a,5.0,1,1.924,2
2027,LA,C,p,8.0,1,3.036,2
2027,LA,C,sog,15.0,2,9.826,2
2027,LA,C,blk,4.0,7,3.18,2
2027,LA,C,hit,9.5,12,8.175,2
2027,LA,C,pim,3.5,10,2.656,2
2027,LA,C,ppg,1.5,1,0.297,2
2027,LA,C,toi,112.325,2,90.152,2
2027,LA,C,sv,0.0,13,0.0,2
2027,LA,C,ga,0.0,13,0.0,2
2027,LA,C,sa,0.0,13,0.0,2
2027,LA,D,g,0.5,16,0.492,2
2027,LA,D,a,3.5,2,1.604,2
2027,LA,D,p,4.0,2,2.096,2
2027,LA,D,sog,5.5,26,6.872,2
2027,LA,D,blk,7.0,25,8.625,2
2027,LA,D,hit,4.0,27,6.013,2
2027,LA,D,pim,3.0,19,4.31,2
2027,LA,D,ppg,0.0,14,0.057,2
2027,LA,D,toi,116.55,11,115.565,2
2027,LA,D,sv,0.0,13,0.0,2
2027,LA,D,ga,0.0,13,0.0,2
2027,LA,D,sa,0.0,13,0.0,2
2027,LA,G,g,0.0,13,0.0,2
2027,LA,G,a,0.0,13,0.0,2
2027,LA,G,p,0.0,13,0.0,2
2027,LA,G,sog,0.0,13,0.0,2
2027,LA,G,blk,0.0,13,0.0,2
2027,LA,G,hit,0.0,13,0.0,2
2027,LA,G,pim,0.0,13,0.021,2
2027,LA,G,ppg,0.0,13,0.0,2
2027,LA,G,toi,61.65,4,60.044,2
2027,LA,G,sv,29.0,2,24.083,2
2027,LA,G,ga,4.0,6,2.924,2
2027,LA,G,sa,33.0,3,26.997,2
2027,LA,W,g,3.0,2,1.385,2
2027,LA,W,a,2.0,9,1.568,2
2027,LA,W,p,5.0,3,2.953,2
2027,LA,W,sog,6.5,30,10.102,2
2027,LA,W,blk,2.0,24,2.784,2
2027,LA,W,hit,7.5,24,9.581,2
2027,LA,W,pim,3.0,13,3.318,2
2027,LA,W,ppg,1.0,3,0.31,2
2027,LA,W,toi,70.317,30,90.337,2
2027,LA,W,sv,0.0,13,0.0,2
2027,LA,W,ga,0.0,13,0.0,2
2027,LA,W,sa,0.0,13,0.0,2
2027,MIN,C,g,0.0,31,1.112,2
2027,MIN,C,a,1.0,23,1.924,2
2027,MIN,C,p,1.0,28,3.036,2
2027,MIN,C,sog,14.5,3,9.826,2
2027,MIN,C,blk,3.0,19,3.18,2
2027,MIN,C,hit,9.5,13,8.175,2
2027,MIN,C,pim,3.0,12,2.656,2
2027,MIN,C,ppg,0.0,23,0.297,2
2027,MIN,C,toi,120.933,1,90.152,2
2027,MIN,C,sv,0.0,14,0.0,2
2027,MIN,C,ga,0.0,14,0.0,2
2027,MIN,C,sa,0.0,14,0.0,2
2027,MIN,D,g,0.5,17,0.492,2
2027,MIN,D,a,0.5,26,1.604,2
2027,MIN,D,p,1.0,27,2.096,2
2027,MIN,D,sog,3.5,31,6.872,2
2027,MIN,D,blk,8.5,18,8.625,2
2027,MIN,D,hit,7.5,7,6.013,2
2027,MIN,D,pim,3.0,20,4.31,2
2027,MIN,D,ppg,0.0,15,0.057,2
2027,MIN,D,toi,111.592,30,115.565,2
2027,MIN,D,sv,0.0,14,0.0,2
2027,MIN,D,ga,0.0,14,0.0,2
2027,MIN,D,sa,0.0,14,0.0,2
2027,MIN,G,g,0.0,14,0.0,2
2027,MIN,G,a,0.0,14,0.0,2
2027,MIN,G,p,0.0,14,0.0,2
2027,MIN,G,sog,0.0,14,0.0,2
2027,MIN,G,blk,0.0,14,0.0,2
2027,MIN,G,hit,0.0,14,0.0,2
2027,MIN,G,pim,0.0,14,0.021,2
2027,MIN,G,ppg,0.0,14,0.0,2
2027,MIN,G,toi,58.1,32,60.044,2
2027,MIN,G,sv,26.5,10,24.083,2
2027,MIN,G,ga,3.0,15,2.924,2
2027,MIN,G,sa,29.5,10,26.997,2
2027,MIN,W,g,0.5,26,1.385,2
2027,MIN,W,a,0.5,31,1.568,2
2027,MIN,W,p,1.0,31,2.953,2
2027,MIN,W,sog,5.5,31,10.102,2
2027,MIN,W,blk,1.5,28,2.784,2
2027,MIN,W,hit,4.0,32,9.581,2
2027,MIN,W,pim,1.0,29,3.318,2
2027,MIN,W,ppg,0.0,22,0.31,2
2027,MIN,W,toi,63.067,32,90.337,2
2027,MIN,W,sv,0.0,14,0.0,2
2027,MIN,W,ga,0.0,14,0.0,2
2027,MIN,W,sa,0.0,14,0.0,2
2027,MTL,C,g,2.0,5,1.112,2
2027,MTL,C,a,3.0,6,1.924,2
2027,MTL,C,p,5.0,4,3.036,2
2027,MTL,C,sog,11.0,11,9.826,2
2027,MTL,C,blk,4.0,8,3.18,2
2027,MTL,C,hit,5.5,29,8.175,2
2027,MTL,C,pim,2.0,22,2.656,2
2027,MTL,C,ppg,1.0,3,0.297,2
2027,MTL,C,toi,100.217,9,90.152,2
2027,MTL,C,sv,0.0,15,0.0,2
2027,MTL,C,ga,0.0,15,0.0,2
2027,MTL,C,sa,0.0,15,0.0,2
2027,MTL,D,g,1.0,5,0.492,2
2027,MTL,D,a,3.0,5,1.604,2
2027,MTL,D,p,4.0,3,2.096,2
2027,MTL,D,sog,9.0,2,6.872,2
2027,MTL,D,blk,9.5,9,8.625,2
2027,MTL,D,hit,4.0,28,6.013,2
2027,MTL,D,pim,3.0,21,4.31,2
2027,MTL,D,ppg,0.0,16,0.057,2
2027,MTL,D,toi,114.7,24,115.565,2
2027,MTL,D,sv,0.0,15,0.0,2
2027,MTL,D,ga,0.0,15,0.0,2
2027,MTL,D,sa,0.0,15,0.0,2
2027,MTL,G,g,0.0,15,0.0,2
2027,MTL,G,a,0.0,15,0.0,2
2027,MTL,G,p,0.0,15,0.0,2
2027,MTL,G,sog,0.0,15,0.0,2
2027,MTL,G,blk,0.0,15,0.0,2
2027,MTL,G,hit,0.0,15,0.0,2
2027,MTL,G,pim,0.0,15,0.021,2
2027,MTL,G,ppg,0.0,15,0.0,2
2027,MTL,G,toi,60.15,10,60.044,2
2027,MTL,G,sv,20.5,25,24.083,2
2027,MTL,G,ga,4.0,7,2.924,2
2027,MTL,G,sa,24.5,22,26.997,2
2027,MTL,W,g,1.0,23,1.385,2
2027,MTL,W,a,2.0,10,1.568,2
2027,MTL,W,p,3.0,13,2.953,2
2027,MTL,W,sog,9.0,21,10.102,2
2027,MTL,W,blk,3.5,8,2.784,2
2027,MTL,W,hit,6.5,27,9.581,2
2027,MTL,W,pim,3.0,14,3.318,2
2027,MTL,W,ppg,0.0,23,0.31,2
2027,MTL,W,toi,81.033,23,90.337,2
2027,MTL,W,sv,0.0,15,0.0,2
2027,MTL,W,ga,0.0,15,0.0,2
2027,MTL,W,sa,0.0,15,0.0,2
2027,NJ,C,g,1.5,9,1.112,2
2027,NJ,C,a,2.5,11,1.924,2
2027,NJ,C,p,4.0,9,3.036,2
2027,NJ,C,sog,10.5,13,9.826,2
2027,NJ,C,blk,4.0,9,3.18,2
2027,NJ,C,hit,7.0,18,8.175,2
2027,NJ,C,pim,7.0,1,2.656,2
2027,NJ,C,ppg,0.5,9,0.297,2
2027,NJ,C,toi,80.992,24,90.152,2
2027,NJ,C,sv,0.0,16,0.0,2
2027,NJ,C,ga,0.0,16,0.0,2
2027,NJ,C,sa,0.0,16,0.0,2
2027,NJ,D,g,1.0,6,0.492,2
2027,NJ,D,a,3.0,6,1.604,2
2027,NJ,D,p,4.0,4,2.096,2
2027,NJ,D,sog,8.5,6,6.872,2
2027,NJ,D,blk,13.5,1,8.625,2
2027,NJ,D,hit,7.5,8,6.013,2
2027,NJ,D,pim,1.0,32,4.31,2
2027,NJ,D,ppg,0.0,17,0.057,2
2027,NJ,D,toi,118.475,3,115.565,2
2027,NJ,D,sv,0.0,16,0.0,2
2027,NJ,D,ga,0.0,16,0.0,2
2027,NJ,D,sa,0.0,16,0.0,2
2027,NJ,G,g,0.0,16,0.0,2
2027,NJ,G,a,0.0,16,0.0,2
2027,NJ,G,p,0.0,16,0.0,2
2027,NJ,G,sog,0.0,16,0.0,2
2027,NJ,G,blk,0.0,16,0.0,2
2027,NJ,G,hit,0.0,16,0.0,2
2027,NJ,G,pim,0.0,16,0.021,2
2027,NJ,G,ppg,0.0,16,0.0,2
2027,NJ,G,toi,61.408,6,60.044,2
2027,NJ,G,sv,39.0,1,24.083,2
2027,NJ,G,ga,1.5,27,2.924,2
2027,NJ,G,sa,40.5,1,26.997,2
2027,NJ,W,g,1.5,14,1.385,2
2027,NJ,W,a,1.5,17,1.568,2
2027,NJ,W,p,3.0,14,2.953,2
2027,NJ,W,sog,9.5,20,10.102,2
2027,NJ,W,blk,5.5,1,2.784,2
2027,NJ,W,hit,10.0,16,9.581,2
2027,NJ,W,pim,1.0,30,3.318,2
2027,NJ,W,ppg,0.0,24,0.31,2
2027,NJ,W,toi,96.892,12,90.337,2
2027,NJ,W,sv,0.0,16,0.0,2
2027,NJ,W,ga,0.0,16,0.0,2
2027,NJ,W,sa,0.0,16,0.0,2
2027,NSH,C,g,0.0,32,1.112,2
2027,NSH,C,a,1.0,24,1.924,2
2027,NSH,C,p,1.0,29,3.036,2
2027,NSH,C,sog,10.0,14,9.826,2
2027,NSH,C,blk,2.5,24,3.18,2
2027,NSH,C,hit,11.0,5,8.175,2
2027,NSH,C,pim,0.0,32,2.656,2
2027,NSH,C,ppg,0.0,24,0.297,2
2027,NSH,C,toi,78.075,28,90.152,2
2027,NSH,C,sv,0.0,17,0.0,2
2027,NSH,C,ga,0.0,17,0.0,2
2027,NSH,C,sa,0.0,17,0.0,2
2027,NSH,D,g,0.5,18,0.492,2
2027,NSH,D,a,1.5,17,1.604,2
2027,NSH,D,p,2.0,14,2.096,2
2027,NSH,D,sog,8.5,7,6.872,2
2027,NSH,D,blk,8.5,19,8.625,2
2027,NSH,D,hit,6.5,11,6.013,2
2027,NSH,D,pim,2.0,26,4.31,2
2027,NSH,D,ppg,0.0,18,0.057,2
2027,NSH,D,toi,115.85,14,115.565,2
2027,NSH,D,sv,0.0,17,0.0,2
2027,NSH,D,ga,0.0,17,0.0,2
2027,NSH,D,sa,0.0,17,0.0,2
2027,NSH,G,g,0.0,17,0.0,2
2027,NSH,G,a,0.0,17,0.0,2
2027,NSH,G,p,0.0,17,0.0,2
2027,NSH,G,sog,0.0,17,0.0,2
2027,NSH,G,blk,0.0,17,0.0,2
2027,NSH,G,hit,0.0,17,0.0,2
2027,NSH,G,pim,0.0,17,0.021,2
2027,NSH,G,ppg,0.0,17,0.0,2
2027,NSH,G,toi,58.817,29,60.044,2
2027,NSH,G,sv,21.5,23,24.083,2
2027,NSH,G,ga,1.5,28,2.924,2
2027,NSH,G,sa,23.0,26,26.997,2
2027,NSH,W,g,1.5,15,1.385,2
2027,NSH,W,a,1.5,18,1.568,2
2027,NSH,W,p,3.0,15,2.953,2
2027,NSH,W,sog,11.5,10,10.102,2
2027,NSH,W,blk,1.0,31,2.784,2
2027,NSH,W,hit,7.0,25,9.581,2
2027,NSH,W,pim,5.0,7,3.318,2
2027,NSH,W,ppg,0.5,10,0.31,2
2027,NSH,W,toi,100.708,6,90.337,2
2027,NSH,W,sv,0.0,17,0.0,2
2027,NSH,W,ga,0.0,17,0.0,2
2027,NSH,W,sa,0.0,17,0.0,2
2027,NYI,C,g,0.5,26,1.112,2
2027,NYI,C,a,0.5,30,1.924,2
2027,NYI,C,p,1.0,30,3.036,2
2027,NYI,C,sog,9.5,18,9.826,2
2027,NYI,C,blk,4.0,10,3.18,2
2027,NYI,C,hit,5.5,30,8.175,2
2027,NYI,C,pim,3.0,13,2.656,2
2027,NYI,C,ppg,0.0,25,0.297,2
2027,NYI,C,toi,88.558,15,90.152,2
2027,NYI,C,sv,0.0,18,0.0,2
2027,NYI,C,ga,0.0,18,0.0,2
2027,NYI,C,sa,0.0,18,0.0,2
2027,NYI,D,g,0.0,27,0.492,2
2027,NYI,D,a,0.5,27,1.604,2
2027,NYI,D,p,0.5,31,2.096,2
2027,NYI,D,sog,9.0,3,6.872,2
2027,NYI,D,blk,8.0,22,8.625,2
2027,NYI,D,hit,3.0,32,6.013,2
2027,NYI,D,pim,2.0,27,4.31,2
2027,NYI,D,ppg,0.0,19,0.057,2
2027,NYI,D,toi,111.408,32,115.565,2
2027,NYI,D,sv,0.0,18,0.0,2
2027,NYI,D,ga,0.0,18,0.0,2
2027,NYI,D,sa,0.0,18,0.0,2
2027,NYI,G,g,0.0,18,0.0,2
2027,NYI,G,a,0.0,18,0.0,2
2027,NYI,G,p,0.0,18,0.0,2
2027,NYI,G,sog,0.0,18,0.0,2
2027,NYI,G,blk,0.0,18,0.0,2
2027,NYI,G,hit,0.0,18,0.0,2
2027,NYI,G,pim,0.0,18,0.021,2
2027,NYI,G,ppg,0.0,18,0.0,2
2027,NYI,G,toi,59.117,26,60.044,2
2027,NYI,G,sv,26.0,12,24.083,2
2027,NYI,G,ga,3.5,11,2.924,2
2027,NYI,G,sa,29.5,11,26.997,2
2027,NYI,W,g,0.5,27,1.385,2
2027,NYI,W,a,1.0,23,1.568,2
2027,NYI,W,p,1.5,28,2.953,2
2027,NYI,W,sog,13.0,5,10.102,2
2027,NYI,W,blk,2.5,17,2.784,2
2027,NYI,W,hit,8.5,21,9.581,2
2027,NYI,W,pim,2.0,22,3.318,2
2027,NYI,W,ppg,0.5,11,0.31,2
2027,NYI,W,toi,94.542,15,90.337,2
2027,NYI,W,sv,0.0,18,0.0,2
2027,NYI,W,ga,0.0,18,0.0,2
2027,NYI,W,sa,0.0,18,0.0,2
2027,NYR,C,g,0.75,20,1.112,4
2027,NYR,C,a,1.0,25,1.924,4
2027,NYR,C,p,1.75,25,3.036,4
2027,NYR,C,sog,9.75,15,9.826,4
2027,NYR,C,blk,3.75,12,3.18,4
2027,NYR,C,hit,11.5,4,8.175,4
2027,NYR,C,pim,4.5,2,2.656,4
2027,NYR,C,ppg,0.25,16,0.297,4
2027,NYR,C,toi,103.9,8,90.152,4
2027,NYR,C,sv,0.0,19,0.0,4
2027,NYR,C,ga,0.0,19,0.0,4
2027,NYR,C,sa,0.0,19,0.0,4
2027,NYR,D,g,0.25,24,0.492,4
2027,NYR,D,a,0.5,28,1.604,4
2027,NYR,D,p,0.75,30,2.096,4
2027,NYR,D,sog,7.0,16,6.872,4
2027,NYR,D,blk,9.25,12,8.625,4
2027,NYR,D,hit,12.75,1,6.013,4
2027,NYR,D,pim,4.0,16,4.31,4
2027,NYR,D,ppg,0.0,20,0.057,4
2027,NYR,D,toi,115.05,22,115.565,4
2027,NYR,D,sv,0.0,19,0.0,4
2027,NYR,D,ga,0.0,19,0.0,4
2027,NYR,D,sa,0.0,19,0.0,4
2027,NYR,G,g,0.0,19,0.0,4
2027,NYR,G,a,0.0,19,0.0,4
2027,NYR,G,p,0.0,19,0.0,4
2027,NYR,G,sog,0.0,19,0.0,4
2027,NYR,G,blk,0.0,19,0.0,4
2027,NYR,G,hit,0.0,19,0.0,4
2027,NYR,G,pim,0.0,19,0.021,4
2027,NYR,G,ppg,0.0,19,0.0,4
2027,NYR,G,toi,58.392,30,60.044,4
2027,NYR,G,sv,20.25,27,24.083,4
2027,NYR,G,ga,2.0,22,2.924,4
2027,NYR,G,sa,22.25,28,26.997,4
2027,NYR,W,g,0.5,28,1.385,4
2027,NYR,W,a,0.75,26,1.568,4
2027,NYR,W,p,1.25,30,2.953,4
2027,NYR,W,sog,8.25,23,10.102,4
2027,NYR,W,blk,2.25,20,2.784,4
2027,NYR,W,hit,7.0,26,9.581,4
2027,NYR,W,pim,1.5,26,3.318,4
2027,NYR,W,ppg,0.0,25,0.31,4
2027,NYR,W,toi,77.05,26,90.337,4
2027,NYR,W,sv,0.0,19,0.0,4
2027,NYR,W,ga,0.0,19,0.0,4
2027,NYR,W,sa,0.0,19,0.0,4
2027,OTT,C,g,1.0,18,1.112,2
2027,OTT,C,a,0.5,31,1.924,2
2027,OTT,C,p,1.5,27,3.036,2
2027,OTT,C,sog,12.5,8,9.826,2
2027,OTT,C,blk,3.5,15,3.18,2
2027,OTT,C,hit,10.5,9,8.175,2
2027,OTT,C,pim,4.0,6,2.656,2
2027,OTT,C,ppg,0.0,26,0.297,2
2027,OTT,C,toi,109.917,4,90.152,2
2027,OTT,C,sv,0.0,20,0.0,2
2027,OTT,C,ga,0.0,20,0.0,2
2027,OTT,C,sa,0.0,20,0.0,2
2027,OTT,D,g,0.0,28,0.492,2
2027,OTT,D,a,1.0,20,1.604,2
2027,OTT,D,p,1.0,28,2.096,2
2027,OTT,D,sog,6.5,19,6.872,2
2027,OTT,D,blk,5.5,30,8.625,2
2027,OTT,D,hit,5.0,21,6.013,2
2027,OTT,D,pim,6.0,9,4.31,2
2027,OTT,D,ppg,0.0,21,0.057,2
2027,OTT,D,toi,112.758,28,115.565,2
2027,OTT,D,sv,0.0,20,0.0,2
2027,OTT,D,ga,0.0,20,0.0,2
2027,OTT,D,sa,0.0,20,0.0,2
2027,OTT,G,g,0.0,20,0.0,2
2027,OTT,G,a,0.0,20,0.0,2
2027,OTT,G,p,0.0,20,0.0,2
2027,OTT,G,sog,0.0,20,0.0,2
2027,OTT,G,blk,0.0,20,0.0,2
2027,OTT,G,hit,0.0,20,0.0,2
2027,OTT,G,pim,0.0,20,0.021,2
2027,OTT,G,ppg,0.0,20,0.0,2
2027,OTT,G,toi,59.417,23,60.044,2
2027,OTT,G,sv,23.0,19,24.083,2
2027,OTT,G,ga,3.5,12,2.924,2
2027,OTT,G,sa,26.5,18,26.997,2
2027,OTT,W,g,0.5,29,1.385,2
2027,OTT,W,a,0.5,32,1.568,2
2027,OTT,W,p,1.0,32,2.953,2
2027,OTT,W,sog,5.0,32,10.102,2
2027,OTT,W,blk,1.5,29,2.784,2
2027,OTT,W,hit,10.5,12,9.581,2
2027,OTT,W,pim,9.0,1,3.318,2
2027,OTT,W,ppg,0.5,12,0.31,2
2027,OTT,W,toi,69.875,31,90.337,2
2027,OTT,W,sv,0.0,20,0.0,2
2027,OTT,W,ga,0.0,20,0.0,2
2027,OTT,W,sa,0.0,20,0.0,2
2027,PHI,C,g,1.75,7,1.112,4
2027,PHI,C,a,1.75,17,1.924,4
2027,PHI,C,p,3.5,12,3.036,4
2027,PHI,C,sog,13.0,7,9.826,4
2027,PHI,C,blk,2.0,28,3.18,4
2027,PHI,C,hit,6.25,23,8.175,4
2027,PHI,C,pim,2.0,23,2.656,4
2027,PHI,C,ppg,0.5,10,0.297,4
2027,PHI,C,toi,90.004,14,90.152,4
2027,PHI,C,sv,0.0,21,0.0,4
2027,PHI,C,ga,0.0,21,0.0,4
2027,PHI,C,sa,0.0,21,0.0,4
2027,PHI,D,g,0.75,8,0.492,4
2027,PHI,D,a,2.0,11,1.604,4
2027,PHI,D,p,2.75,11,2.096,4
2027,PHI,D,sog,12.0,1,6.872,4
2027,PHI,D,blk,7.25,23,8.625,4
2027,PHI,D,hit,4.75,24,6.013,4
2027,PHI,D,pim,2.5,24,4.31,4
2027,PHI,D,ppg,0.25,5,0.057,4
2027,PHI,D,toi,116.746,9,115.565,4
2027,PHI,D,sv,0.0,21,0.0,4
2027,PHI,D,ga,0.0,21,0.0,4
2027,PHI,D,sa,0.0,21,0.0,4
2027,PHI,G,g,0.0,21,0.0,4
2027,PHI,G,a,0.0,21,0.0,4
2027,PHI,G,p,0.0,21,0.0,4
2027,PHI,G,sog,0.0,21,0.0,4
2027,PHI,G,blk,0.0,21,0.0,4
2027,PHI,G,hit,0.0,21,0.0,4
2027,PHI,G,pim,0.0,21,0.021,4
2027,PHI,G,ppg,0.0,21,0.0,4
2027,PHI,G,toi,61.558,5,60.044,4
2027,PHI,G,sv,17.75,29,24.083,4
2027,PHI,G,ga,1.25,30,2.924,4
2027,PHI,G,sa,19.0,31,26.997,4
2027,PHI,W,g,1.75,10,1.385,4
2027,PHI,W,a,3.0,2,1.568,4
2027,PHI,W,p,4.75,5,2.953,4
2027,PHI,W,sog,14.5,3,10.102,4
2027,PHI,W,blk,2.25,21,2.784,4
2027,PHI,W,hit,6.25,28,9.581,4
2027,PHI,W,pim,2.75,15,3.318,4
2027,PHI,W,ppg,0.25,17,0.31,4
2027,PHI,W,toi,93.138,16,90.337,4
2027,PHI,W,sv,0.0,21,0.0,4
2027,PHI,W,ga,0.0,21,0.0,4
2027,PHI,W,sa,0.0,21,0.0,4
2027,PIT,C,g,1.0,19,1.112,3
2027,PIT,C,a,1.0,26,1.924,3
2027,PIT,C,p,2.0,23,3.036,3
2027,PIT,C,sog,9.667,17,9.826,3
2027,PIT,C,blk,3.333,17,3.18,3
2027,PIT,C,hit,10.667,8,8.175,3
2027,PIT,C,pim,1.333,27,2.656,3
2027,PIT,C,ppg,0.0,27,0.297,3
2027,PIT,C,toi,87.511,16,90.152,3
2027,PIT,C,sv,0.0,22,0.0,3
2027,PIT,C,ga,0.0,22,0.0,3
2027,PIT,C,sa,0.0,22,0.0,3
2027,PIT,D,g,0.0,29,0.492,3
2027,PIT,D,a,2.0,12,1.604,3
2027,PIT,D,p,2.0,15,2.096,3
2027,PIT,D,sog,5.333,28,6.872,3
2027,PIT,D,blk,6.667,27,8.625,3
2027,PIT,D,hit,5.667,16,6.013,3
2027,PIT,D,pim,4.667,12,4.31,3
2027,PIT,D,ppg,0.0,22,0.057,3
2027,PIT,D,toi,116.717,10,115.565,3
2027,PIT,D,sv,0.0,22,0.0,3
2027,PIT,D,ga,0.0,22,0.0,3
2027,PIT,D,sa,0.0,22,0.0,3
2027,PIT,G,g,0.0,22,0.0,3
2027,PIT,G,a,0.0,22,0.0,3
2027,PIT,G,p,0.0,22,0.0,3
2027,PIT,G,sog,0.0,22,0.0,3
2027,PIT,G,blk,0.0,22,0.0,3
2027,PIT,G,hit,0.0,22,0.0,3
2027,PIT,G,pim,0.0,22,0.021,3
2027,PIT,G,ppg,0.0,22,0.0,3
2027,PIT,G,toi,59.583,20,60.044,3
2027,PIT,G,sv,28.333,3,24.083,3
2027,PIT,G,ga,5.0,3,2.924,3
2027,PIT,G,sa,33.333,2,26.997,3
2027,PIT,W,g,1.667,12,1.385,3
2027,PIT,W,a,1.0,24,1.568,3
2027,PIT,W,p,2.667,18,2.953,3
2027,PIT,W,sog,11.0,13,10.102,3
2027,PIT,W,blk,1.333,30,2.784,3
2027,PIT,W,hit,10.0,17,9.581,3
2027,PIT,W,pim,2.0,23,3.318,3
2027,PIT,W,ppg,0.0,26,0.31,3
2027,PIT,W,toi,91.606,18,90.337,3
2027,PIT,W,sv,0.0,22,0.0,3
2027,PIT,W,ga,0.0,22,0.0,3
2027,PIT,W,sa,0.0,22,0.0,3
2027,SEA,C,g,1.333,12,1.112,3
2027,SEA,C,a,1.0,27,1.924,3
2027,SEA,C,p,2.333,19,3.036,3
2027,SEA,C,sog,10.667,12,9.826,3
2027,SEA,C,blk,1.0,31,3.18,3
2027,SEA,C,hit,12.0,2,8.175,3
2027,SEA,C,pim,3.0,14,2.656,3
2027,SEA,C,ppg,0.333,13,0.297,3
2027,SEA,C,toi,85.656,17,90.152,3
2027,SEA,C,sv,0.0,23,0.0,3
2027,SEA,C,ga,0.0,23,0.0,3
2027,SEA,C,sa,0.0,23,0.0,3
2027,SEA,D,g,0.0,30,0.492,3
2027,SEA,D,a,0.333,31,1.604,3
2027,SEA,D,p,0.333,32,2.096,3
2027,SEA,D,sog,7.333,14,6.872,3
2027,SEA,D,blk,4.333,32,8.625,3
2027,SEA,D,hit,6.0,13,6.013,3
2027,SEA,D,pim,4.667,13,4.31,3
2027,SEA,D,ppg,0.0,23,0.057,3
2027,SEA,D,toi,117.206,6,115.565,3
2027,SEA,D,sv,0.0,23,0.0,3
2027,SEA,D,ga,0.0,23,0.0,3
2027,SEA,D,sa,0.0,23,0.0,3
2027,SEA,G,g,0.0,23,0.0,3
2027,SEA,G,a,0.0,23,0.0,3
2027,SEA,G,p,0.0,23,0.0,3
2027,SEA,G,sog,0.0,23,0.0,3
2027,SEA,G,blk,0.0,23,0.0,3
2027,SEA,G,hit,0.0,23,0.0,3
2027,SEA,G,pim,0.0,23,0.021,3
2027,SEA,G,ppg,0.0,23,0.0,3
2027,SEA,G,toi,59.822,18,60.044,3
2027,SEA,G,sv,22.0,22,24.083,3
2027,SEA,G,ga,4.333,5,2.924,3
2027,SEA,G,sa,26.333,19,26.997,3
2027,SEA,W,g,0.333,31,1.385,3
2027,SEA,W,a,1.333,19,1.568,3
2027,SEA,W,p,1.667,27,2.953,3
2027,SEA,W,sog,9.667,18,10.102,3
2027,SEA,W,blk,2.667,15,2.784,3
2027,SEA,W,hit,10.0,18,9.581,3
2027,SEA,W,pim,4.0,11,3.318,3
2027,SEA,W,ppg,0.0,27,0.31,3
2027,SEA,W,toi,91.372,19,90.337,3
2027,SEA,W,sv,0.0,23,0.0,3
2027,SEA,W,ga,0.0,23,0.0,3
2027,SEA,W,sa,0.0,23,0.0,3
2027,SJ,C,g,0.667,21,1.112,3
2027,SJ,C,a,2.667,7,1.924,3
2027,SJ,C,p,3.333,14,3.036,3
2027,SJ,C,sog,7.0,26,9.826,3
2027,SJ,C,blk,2.667,21,3.18,3
2027,SJ,C,hit,7.0,19,8.175,3
2027,SJ,C,pim,1.333,28,2.656,3
2027,SJ,C,ppg,0.333,14,0.297,3
2027,SJ,C,toi,85.244,18,90.152,3
2027,SJ,C,sv,0.0,24,0.0,3
2027,SJ,C,ga,0.0,24,0.0,3
2027,SJ,C,sa,0.0,24,0.0,3
2027,SJ,D,g,0.333,22,0.492,3
2027,SJ,D,a,1.667,15,1.604,3
2027,SJ,D,p,2.0,16,2.096,3
2027,SJ,D,sog,7.0,17,6.872,3
2027,SJ,D,blk,6.333,28,8.625,3
2027,SJ,D,hit,6.0,14,6.013,3
2027,SJ,D,pim,5.0,10,4.31,3
2027,SJ,D,ppg,0.0,24,0.057,3
2027,SJ,D,toi,117.122,7,115.565,3
2027,SJ,D,sv,0.0,24,0.0,3
2027,SJ,D,ga,0.0,24,0.0,3
2027,SJ,D,sa,0.0,24,0.0,3
2027,SJ,G,g,0.0,24,0.0,3
2027,SJ,G,a,0.0,24,0.0,3
2027,SJ,G,p,0.0,24,0.0,3
2027,SJ,G,sog,0.0,24,0.0,3
2027,SJ,G,blk,0.0,24,0.0,3
2027,SJ,G,hit,0.0,24,0.0,3
2027,SJ,G,pim,0.0,24,0.021,3
2027,SJ,G,ppg,0.0,24,0.0,3
2027,SJ,G,toi,62.033,3,60.044,3
2027,SJ,G,sv,20.333,26,24.083,3
2027,SJ,G,ga,3.0,16,2.924,3
2027,SJ,G,sa,23.333,25,26.997,3
2027,SJ,W,g,3.0,3,1.385,3
2027,SJ,W,a,2.0,11,1.568,3
2027,SJ,W,p,5.0,4,2.953,3
2027,SJ,W,sog,15.0,2,10.102,3
2027,SJ,W,blk,3.333,9,2.784,3
2027,SJ,W,hit,10.667,10,9.581,3
2027,SJ,W,pim,2.333,19,3.318,3
2027,SJ,W,ppg,0.667,6,0.31,3
2027,SJ,W,toi,100.194,8,90.337,3
2027,SJ,W,sv,0.0,24,0.0,3
2027,SJ,W,ga,0.0,24,0.0,3
2027,SJ,W,sa,0.0,24,0.0,3
2027,STL,C,g,1.5,10,1.112,2
2027,STL,C,a,3.5,3,1.924,2
2027,STL,C,p,5.0,5,3.036,2
2027,STL,C,sog,16.0,1,9.826,2
2027,STL,C,blk,6.0,2,3.18,2
2027,STL,C,hit,6.5,22,8.175,2
2027,STL,C,pim,4.0,7,2.656,2
2027,STL,C,ppg,0.0,28,0.297,2
2027,STL,C,toi,110.55,3,90.152,2
2027,STL,C,sv,0.0,25,0.0,2
2027,STL,C,ga,0.0,25,0.0,2
2027,STL,C,sa,0.0,25,0.0,2
2027,STL,D,g,1.0,7,0.492,2
2027,STL,D,a,0.5,29,1.604,2
2027,STL,D,p,1.5,19,2.096,2
2027,STL,D,sog,7.5,13,6.872,2
2027,STL,D,blk,9.0,15,8.625,2
2027,STL,D,hit,7.5,9,6.013,2
2027,STL,D,pim,2.0,28,4.31,2
2027,STL,D,ppg,0.0,25,0.057,2
2027,STL,D,toi,111.575,31,115.565,2
2027,STL,D,sv,0.0,25,0.0,2
2027,STL,D,ga,0.0,25,0.0,2
2027,STL,D,sa,0.0,25,0.0,2
2027,STL,G,g,0.0,25,0.0,2
2027,STL,G,a,0.0,25,0.0,2
2027,STL,G,p,0.0,25,0.0,2
2027,STL,G,sog,0.0,25,0.0,2
2027,STL,G,blk,0.0,25,0.0,2
2027,STL,G,hit,0.0,25,0.0,2
2027,STL,G,pim,0.0,25,0.021,2
2027,STL,G,ppg,0.0,25,0.0,2
2027,STL,G,toi,59.142,25,60.044,2
2027,STL,G,sv,22.5,21,24.083,2
2027,STL,G,ga,1.5,29,2.924,2
2027,STL,G,sa,24.0,23,26.997,2
2027,STL,W,g,0.5,30,1.385,2
2027,STL,W,a,1.0,25,1.568,2
2027,STL,W,p,1.5,29,2.953,2
2027,STL,W,sog,7.0,28,10.102,2
2027,STL,W,blk,2.0,25,2.784,2
2027,STL,W,hit,4.5,31,9.581,2
2027,STL,W,pim,2.5,17,3.318,2
2027,STL,W,ppg,0.0,28,0.31,2
2027,STL,W,toi,71.733,29,90.337,2
2027,STL,W,sv,0.0,25,0.0,2
2027,STL,W,ga,0.0,25,0.0,2
2027,STL,W,sa,0.0,25,0.0,2
2027,TB,C,g,0.667,22,1.112,3
2027,TB,C,a,1.333,19,1.924,3
2027,TB,C,p,2.0,24,3.036,3
2027,TB,C,sog,4.333,31,9.826,3
2027,TB,C,blk,4.333,3,3.18,3
2027,TB,C,hit,6.0,26,8.175,3
2027,TB,C,pim,3.333,11,2.656,3
2027,TB,C,ppg,0.333,15,0.297,3
2027,TB,C,toi,68.472,31,90.152,3
2027,TB,C,sv,0.0,26,0.0,3
2027,TB,C,ga,0.0,26,0.0,3
2027,TB,C,sa,0.0,26,0.0,3
2027,TB,D,g,0.0,31,0.492,3
2027,TB,D,a,1.333,19,1.604,3
2027,TB,D,p,1.333,23,2.096,3
2027,TB,D,sog,4.333,29,6.872,3
2027,TB,D,blk,11.333,6,8.625,3
2027,TB,D,hit,6.333,12,6.013,3
2027,TB,D,pim,7.333,5,4.31,3
2027,TB,D,ppg,0.0,26,0.057,3
2027,TB,D,toi,115.728,15,115.565,3
2027,TB,D,sv,0.0,26,0.0,3
2027,TB,D,ga,0.0,26,0.0,3
2027,TB,D,sa,0.0,26,0.0,3
2027,TB,G,g,0.0,26,0.0,3
2027,TB,G,a,0.0,26,0.0,3
2027,TB,G,p,0.0,26,0.0,3
2027,TB,G,sog,0.0,26,0.0,3
2027,TB,G,blk,0.0,26,0.0,3
2027,TB,G,hit,0.0,26,0.0,3
2027,TB,G,pim,0.0,26,0.021,3
2027,TB,G,ppg,0.0,26,0.0,3
2027,TB,G,toi,58.333,31,60.044,3
2027,TB,G,sv,27.667,7,24.083,3
2027,TB,G,ga,2.0,23,2.924,3
2027,TB,G,sa,29.667,9,26.997,3
2027,TB,W,g,1.333,16,1.385,3
2027,TB,W,a,0.667,29,1.568,3
2027,TB,W,p,2.0,23,2.953,3
2027,TB,W,sog,11.0,14,10.102,3
2027,TB,W,blk,3.0,12,2.784,3
2027,TB,W,hit,10.667,11,9.581,3
2027,TB,W,pim,6.667,4,3.318,3
2027,TB,W,ppg,0.0,29,0.31,3
2027,TB,W,toi,107.15,2,90.337,3
2027,TB,W,sv,0.0,26,0.0,3
2027,TB,W,ga,0.0,26,0.0,3
2027,TB,W,sa,0.0,26,0.0,3
2027,TOR,C,g,0.333,27,1.112,3
2027,TOR,C,a,1.333,20,1.924,3
2027,TOR,C,p,1.667,26,3.036,3
2027,TOR,C,sog,9.0,20,9.826,3
2027,TOR,C,blk,3.667,13,3.18,3
2027,TOR,C,hit,11.0,6,8.175,3
2027,TOR,C,pim,2.667,18,2.656,3
2027,TOR,C,ppg,0.0,29,0.297,3
2027,TOR,C,toi,82.811,21,90.152,3
2027,TOR,C,sv,0.0,27,0.0,3
2027,TOR,C,ga,0.0,27,0.0,3
2027,TOR,C,sa,0.0,27,0.0,3
2027,TOR,D,g,0.667,11,0.492,3
2027,TOR,D,a,1.0,21,1.604,3
2027,TOR,D,p,1.667,18,2.096,3
2027,TOR,D,sog,6.333,22,6.872,3
2027,TOR,D,blk,9.333,10,8.625,3
2027,TOR,D,hit,5.0,22,6.013,3
2027,TOR,D,pim,1.333,29,4.31,3
2027,TOR,D,ppg,0.0,27,0.057,3
2027,TOR,D,toi,114.133,26,115.565,3
2027,TOR,D,sv,0.0,27,0.0,3
2027,TOR,D,ga,0.0,27,0.0,3
2027,TOR,D,sa,0.0,27,0.0,3
2027,TOR,G,g,0.0,27,0.0,3
2027,TOR,G,a,0.0,27,0.0,3
2027,TOR,G,p,0.0,27,0.0,3
2027,TOR,G,sog,0.0,27,0.0,3
2027,TOR,G,blk,0.0,27,0.0,3
2027,TOR,G,hit,0.0,27,0.0,3
2027,TOR,G,pim,0.0,27,0.021,3
2027,TOR,G,ppg,0.0,27,0.0,3
2027,TOR,G,toi,59.178,24,60.044,3
2027,TOR,G,sv,25.667,14,24.083,3
2027,TOR,G,ga,2.0,24,2.924,3
2027,TOR,G,sa,27.667,14,26.997,3
2027,TOR,W,g,1.333,17,1.385,3
2027,TOR,W,a,1.333,20,1.568,3
2027,TOR,W,p,2.667,19,2.953,3
2027,TOR,W,sog,11.333,11,10.102,3
2027,TOR,W,blk,1.0,32,2.784,3
2027,TOR,W,hit,11.0,7,9.581,3
2027,TOR,W,pim,4.667,9,3.318,3
2027,TOR,W,ppg,0.0,30,0.31,3
2027,TOR,W,toi,95.767,13,90.337,3
2027,TOR,W,sv,0.0,27,0.0,3
2027,TOR,W,ga,0.0,27,0.0,3
2027,TOR,W,sa,0.0,27,0.0,3
2027,UTA,C,g,0.667,23,1.112,3
2027,UTA,C,a,0.333,32,1.924,3
2027,UTA,C,p,1.0,31,3.036,3
2027,UTA,C,sog,6.0,30,9.826,3
2027,UTA,C,blk,2.667,22,3.18,3
2027,UTA,C,hit,4.0,32,8.175,3
2027,UTA,C,pim,3.0,15,2.656,3
2027,UTA,C,ppg,0.0,30,0.297,3
2027,UTA,C,toi,79.044,26,90.152,3
2027,UTA,C,sv,0.0,28,0.0,3
2027,UTA,C,ga,0.0,28,0.0,3
2027,UTA,C,sa,0.0,28,0.0,3
2027,UTA,D,g,0.333,23,0.492,3
2027,UTA,D,a,0.667,24,1.604,3
2027,UTA,D,p,1.0,29,2.096,3
2027,UTA,D,sog,4.0,30,6.872,3
2027,UTA,D,blk,11.667,3,8.625,3
2027,UTA,D,hit,5.667,17,6.013,3
2027,UTA,D,pim,3.333,17,4.31,3
2027,UTA,D,ppg,0.0,28,0.057,3
2027,UTA,D,toi,115.583,18,115.565,3
2027,UTA,D,sv,0.0,28,0.0,3
2027,UTA,D,ga,0.0,28,0.0,3
2027,UTA,D,sa,0.0,28,0.0,3
2027,UTA,G,g,0.0,28,0.0,3
2027,UTA,G,a,0.0,28,0.0,3
2027,UTA,G,p,0.0,28,0.0,3
2027,UTA,G,sog,0.0,28,0.0,3
2027,UTA,G,blk,0.0,28,0.0,3
2027,UTA,G,hit,0.0,28,0.0,3
2027,UTA,G,pim,0.0,28,0.021,3
2027,UTA,G,ppg,0.0,28,0.0,3
2027,UTA,G,toi,59.989,13,60.044,3
2027,UTA,G,sv,27.0,9,24.083,3
2027,UTA,G,ga,4.0,8,2.924,3
2027,UTA,G,sa,31.0,7,26.997,3
2027,UTA,W,g,0.667,24,1.385,3
2027,UTA,W,a,1.333,21,1.568,3
2027,UTA,W,p,2.0,24,2.953,3
2027,UTA,W,sog,8.333,22,10.102,3
2027,UTA,W,blk,4.667,4,2.784,3
2027,UTA,W,hit,9.0,20,9.581,3
2027,UTA,W,pim,5.0,8,3.318,3
2027,UTA,W,ppg,0.0,31,0.31,3
2027,UTA,W,toi,101.35,5,90.337,3
2027,UTA,W,sv,0.0,28,0.0,3
2027,UTA,W,ga,0.0,28,0.0,3
2027,UTA,W,sa,0.0,28,0.0,3
2027,VAN,C,g,1.25,14,1.112,4
2027,VAN,C,a,2.5,12,1.924,4
2027,VAN,C,p,3.75,10,3.036,4
2027,VAN,C,sog,9.75,16,9.826,4
2027,VAN,C,blk,2.5,25,3.18,4
2027,VAN,C,hit,6.75,20,8.175,4
2027,VAN,C,pim,1.5,24,2.656,4
2027,VAN,C,ppg,0.25,17,0.297,4
2027,VAN,C,toi,77.75,29,90.152,4
2027,VAN,C,sv,0.0,29,0.0,4
2027,VAN,C,ga,0.0,29,0.0,4
2027,VAN,C,sa,0.0,29,0.0,4
2027,VAN,D,g,1.25,1,0.492,4
2027,VAN,D,a,1.75,14,1.604,4
2027,VAN,D,p,3.0,9,2.096,4
2027,VAN,D,sog,7.75,11,6.872,4
2027,VAN,D,blk,9.0,16,8.625,4
2027,VAN,D,hit,5.0,23,6.013,4
2027,VAN,D,pim,3.0,22,4.31,4
2027,VAN,D,ppg,0.0,29,0.057,4
2027,VAN,D,toi,115.642,17,115.565,4
2027,VAN,D,sv,0.0,29,0.0,4
2027,VAN,D,ga,0.0,29,0.0,4
2027,VAN,D,sa,0.0,29,0.0,4
2027,VAN,G,g,0.0,29,0.0,4
2027,VAN,G,a,0.0,29,0.0,4
2027,VAN,G,p,0.0,29,0.0,4
2027,VAN,G,sog,0.0,29,0.0,4
2027,VAN,G,blk,0.0,29,0.0,4
2027,VAN,G,hit,0.0,29,0.0,4
2027,VAN,G,pim,0.0,29,0.021,4
2027,VAN,G,ppg,0.0,29,0.0,4
2027,VAN,G,toi,60.292,9,60.044,4
2027,VAN,G,sv,18.0,28,24.083,4
2027,VAN,G,ga,4.5,4,2.924,4
2027,VAN,G,sa,22.5,27,26.997,4
2027,VAN,W,g,2.0,9,1.385,4
2027,VAN,W,a,2.0,12,1.568,4
2027,VAN,W,p,4.0,8,2.953,4
2027,VAN,W,sog,12.5,7,10.102,4
2027,VAN,W,blk,3.0,13,2.784,4
2027,VAN,W,hit,14.5,3,9.581,4
2027,VAN,W,pim,8.75,2,3.318,4
2027,VAN,W,ppg,1.0,4,0.31,4
2027,VAN,W,toi,102.308,4,90.337,4
2027,VAN,W,sv,0.0,29,0.0,4
2027,VAN,W,ga,0.0,29,0.0,4
2027,VAN,W,sa,0.0,29,0.0,4
2027,VGK,C,g,0.333,28,1.112,3
2027,VGK,C,a,2.0,16,1.924,3
2027,VGK,C,p,2.333,20,3.036,3
2027,VGK,C,sog,6.667,27,9.826,3
2027,VGK,C,blk,4.0,11,3.18,3
2027,VGK,C,hit,5.667,28,8.175,3
2027,VGK,C,pim,0.667,31,2.656,3
2027,VGK,C,ppg,0.0,31,0.297,3
2027,VGK,C,toi,78.1,27,90.152,3
2027,VGK,C,sv,0.0,30,0.0,3
2027,VGK,C,ga,0.0,30,0.0,3
2027,VGK,C,sa,0.0,30,0.0,3
2027,VGK,D,g,0.0,32,0.492,3
2027,VGK,D,a,2.0,13,1.604,3
2027,VGK,D,p,2.0,17,2.096,3
2027,VGK,D,sog,2.667,32,6.872,3
2027,VGK,D,blk,9.333,11,8.625,3
2027,VGK,D,hit,4.667,25,6.013,3
2027,VGK,D,pim,2.667,23,4.31,3
2027,VGK,D,ppg,0.0,30,0.057,3
2027,VGK,D,toi,116.217,12,115.565,3
2027,VGK,D,sv,0.0,30,0.0,3
2027,VGK,D,ga,0.0,30,0.0,3
2027,VGK,D,sa,0.0,30,0.0,3
2027,VGK,G,g,0.0,30,0.0,3
2027,VGK,G,a,0.0,30,0.0,3
2027,VGK,G,p,0.0,30,0.0,3
2027,VGK,G,sog,0.0,30,0.0,3
2027,VGK,G,blk,0.0,30,0.0,3
2027,VGK,G,hit,0.0,30,0.0,3
2027,VGK,G,pim,0.0,30,0.021,3
2027,VGK,G,ppg,0.0,30,0.0,3
2027,VGK,G,toi,59.089,27,60.044,3
2027,VGK,G,sv,28.0,5,24.083,3
2027,VGK,G,ga,3.333,13,2.924,3
2027,VGK,G,sa,31.333,5,26.997,3
2027,VGK,W,g,2.333,5,1.385,3
2027,VGK,W,a,0.667,30,1.568,3
2027,VGK,W,p,3.0,16,2.953,3
2027,VGK,W,sog,12.667,6,10.102,3
2027,VGK,W,blk,2.0,26,2.784,3
2027,VGK,W,hit,11.0,8,9.581,3
2027,VGK,W,pim,2.667,16,3.318,3
2027,VGK,W,ppg,0.333,15,0.31,3
2027,VGK,W,toi,100.261,7,90.337,3
2027,VGK,W,sv,0.0,30,0.0,3
2027,VGK,W,ga,0.0,30,0.0,3
2027,VGK,W,sa,0.0,30,0.0,3
2027,WPG,C,g,1.333,13,1.112,3
2027,WPG,C,a,1.333,21,1.924,3
2027,WPG,C,p,2.667,17,3.036,3
2027,WPG,C,sog,13.667,4,9.826,3
2027,WPG,C,blk,2.333,26,3.18,3
2027,WPG,C,hit,10.0,11,8.175,3
2027,WPG,C,pim,3.667,8,2.656,3
2027,WPG,C,ppg,0.0,32,0.297,3
2027,WPG,C,toi,106.322,5,90.152,3
2027,WPG,C,sv,0.0,31,0.0,3
2027,WPG,C,ga,0.0,31,0.0,3
2027,WPG,C,sa,0.0,31,0.0,3
2027,WPG,D,g,0.667,12,0.492,3
2027,WPG,D,a,2.333,8,1.604,3
2027,WPG,D,p,3.0,10,2.096,3
2027,WPG,D,sog,8.333,8,6.872,3
2027,WPG,D,blk,7.0,26,8.625,3
2027,WPG,D,hit,6.0,15,6.013,3
2027,WPG,D,pim,1.333,30,4.31,3
2027,WPG,D,ppg,0.0,31,0.057,3
2027,WPG,D,toi,115.422,20,115.565,3
2027,WPG,D,sv,0.0,31,0.0,3
2027,WPG,D,ga,0.0,31,0.0,3
2027,WPG,D,sa,0.0,31,0.0,3
2027,WPG,G,g,0.0,31,0.0,3
2027,WPG,G,a,0.0,31,0.0,3
2027,WPG,G,p,0.0,31,0.0,3
2027,WPG,G,sog,0.0,31,0.0,3
2027,WPG,G,blk,0.0,31,0.0,3
2027,WPG,G,hit,0.0,31,0.0,3
2027,WPG,G,pim,0.0,31,0.021,3
2027,WPG,G,ppg,0.0,31,0.0,3
2027,WPG,G,toi,58.994,28,60.044,3
2027,WPG,G,sv,28.333,4,24.083,3
2027,WPG,G,ga,3.0,17,2.924,3
2027,WPG,G,sa,31.333,6,26.997,3
2027,WPG,W,g,0.667,25,1.385,3
2027,WPG,W,a,1.667,14,1.568,3
2027,WPG,W,p,2.333,22,2.953,3
2027,WPG,W,sog,10.333,16,10.102,3
2027,WPG,W,blk,2.0,27,2.784,3
2027,WPG,W,hit,4.667,30,9.581,3
2027,WPG,W,pim,4.333,10,3.318,3
2027,WPG,W,ppg,0.333,16,0.31,3
2027,WPG,W,toi,79.944,24,90.337,3
2027,WPG,W,sv,0.0,31,0.0,3
2027,WPG,W,ga,0.0,31,0.0,3
2027,WPG,W,sa,0.0,31,0.0,3
2027,WSH,C,g,2.0,6,1.112,2
2027,WSH,C,a,1.0,28,1.924,2
2027,WSH,C,p,3.0,16,3.036,2
2027,WSH,C,sog,9.0,21,9.826,2
2027,WSH,C,blk,3.0,20,3.18,2
2027,WSH,C,hit,8.0,16,8.175,2
2027,WSH,C,pim,3.0,16,2.656,2
2027,WSH,C,ppg,0.5,11,0.297,2
2027,WSH,C,toi,74.867,30,90.152,2
2027,WSH,C,sv,0.0,32,0.0,2
2027,WSH,C,ga,0.0,32,0.0,2
2027,WSH,C,sa,0.0,32,0.0,2
2027,WSH,D,g,0.5,19,0.492,2
2027,WSH,D,a,1.0,22,1.604,2
2027,WSH,D,p,1.5,20,2.096,2
2027,WSH,D,sog,8.0,10,6.872,2
2027,WSH,D,blk,8.5,20,8.625,2
2027,WSH,D,hit,5.5,20,6.013,2
2027,WSH,D,pim,10.5,1,4.31,2
2027,WSH,D,ppg,0.0,32,0.057,2
2027,WSH,D,toi,112.692,29,115.565,2
2027,WSH,D,sv,0.0,32,0.0,2
2027,WSH,D,ga,0.0,32,0.0,2
2027,WSH,D,sa,0.0,32,0.0,2
2027,WSH,G,g,0.0,32,0.0,2
2027,WSH,G,a,0.0,32,0.0,2
2027,WSH,G,p,0.0,32,0.0,2
2027,WSH,G,sog,0.0,32,0.0,2
2027,WSH,G,blk,0.0,32,0.0,2
2027,WSH,G,hit,0.0,32,0.0,2
2027,WSH,G,pim,0.0,32,0.021,2
2027,WSH,G,ppg,0.0,32,0.0,2
2027,WSH,G,toi,60.0,12,60.044,2
2027,WSH,G,sv,21.0,24,24.083,2
2027,WSH,G,ga,3.0,18,2.924,2
2027,WSH,G,sa,24.0,24,26.997,2
2027,WSH,W,g,0.0,32,1.385,2
2027,WSH,W,a,3.0,3,1.568,2
2027,WSH,W,p,3.0,17,2.953,2
2027,WSH,W,sog,14.5,4,10.102,2
2027,WSH,W,blk,2.5,18,2.784,2
2027,WSH,W,hit,17.5,1,9.581,2
2027,WSH,W,pim,2.0,24,3.318,2
2027,WSH,W,ppg,0.0,32,0.31,2
2027,WSH,W,toi,105.867,3,90.337,2
2027,WSH,W,sv,0.0,32,0.0,2
2027,WSH,W,ga,0.0,32,0.0,2
2027,WSH,W,sa,0.0,32,0.0,2
combined,ANA,C,g,1.185,15,1.16,2
combined,ANA,C,a,2.273,7,1.824,2
combined,ANA,C,p,3.457,9,2.984,2
combined,ANA,C,sog,10.784,6,9.535,2
combined,ANA,C,blk,2.929,24,3.184,2
combined,ANA,C,hit,7.315,17,7.53,2
combined,ANA,C,pim,2.745,15,2.64,2
combined,ANA,C,ppg,0.344,9,0.265,2
combined,ANA,C,toi,96.037,6,89.818,2
combined,ANA,C,sv,0.0,25,0.0,2
combined,ANA,C,ga,0.0,25,0.0,2
combined,ANA,C,sa,0.0,25,0.0,2
combined,ANA,D,g,0.543,12,0.479,2
combined,ANA,D,a,1.535,18,1.612,2
combined,ANA,D,p,2.078,16,2.091,2
combined,ANA,D,sog,7.748,12,7.367,2
combined,ANA,D,blk,9.011,9,8.404,2
combined,ANA,D,hit,4.539,32,6.048,2
combined,ANA,D,pim,3.007,24,3.692,2
combined,ANA,D,ppg,0.049,15,0.066,2
combined,ANA,D,toi,116.386,15,116.472,2
combined,ANA,D,sv,0.0,25,0.0,2
combined,ANA,D,ga,0.0,25,0.0,2
combined,ANA,D,sa,0.0,25,0.0,2
combined,ANA,G,g,0.0,25,0.0,2
combined,ANA,G,a,0.0,25,0.0,2
combined,ANA,G,p,0.0,25,0.0,2
combined,ANA,G,sog,0.0,25,0.0,2
combined,ANA,G,blk,0.0,25,0.0,2
combined,ANA,G,hit,0.0,25,0.0,2
combined,ANA,G,pim,0.071,7,0.056,2
combined,ANA,G,ppg,0.0,25,0.0,2
combined,ANA,G,toi,60.573,6,60.215,2
combined,ANA,G,sv,24.127,19,24.486,2
combined,ANA,G,ga,3.188,11,2.878,2
combined,ANA,G,sa,27.309,17,27.354,2
combined,ANA,W,g,1.447,14,1.408,2
combined,ANA,W,a,1.819,15,1.711,2
combined,ANA,W,p,3.266,12,3.119,2
combined,ANA,W,sog,10.365,19,10.563,2
combined,ANA,W,blk,2.468,23,2.817,2
combined,ANA,W,hit,9.177,12,8.664,2
combined,ANA,W,pim,2.468,23,3.089,2
combined,ANA,W,ppg,0.269,17,0.297,2
combined,ANA,W,toi,87.385,23,91.186,2
combined,ANA,W,sv,0.0,25,0.0,2
combined,ANA,W,ga,0.0,25,0.0,2
combined,ANA,W,sa,0.0,25,0.0,2
combined,BOS,C,g,0.807,29,1.16,4
combined,BOS,C,a,2.119,11,1.824,4
combined,BOS,C,p,2.926,15,2.984,4
combined,BOS,C,sog,9.579,16,9.535,4
combined,BOS,C,blk,3.182,18,3.184,4
combined,BOS,C,hit,9.517,1,7.53,4
combined,BOS,C,pim,3.346,5,2.64,4
combined,BOS,C,ppg,0.176,21,0.265,4
combined,BOS,C,toi,85.025,27,89.818,4
combined,BOS,C,sv,0.0,5,0.0,4
combined,BOS,C,ga,0.0,5,0.0,4
combined,BOS,C,sa,0.0,5,0.0,4
combined,BOS,D,g,0.744,3,0.479,4
combined,BOS,D,a,0.932,31,1.612,4
combined,BOS,D,p,1.676,26,2.091,4
combined,BOS,D,sog,7.466,16,7.367,4
combined,BOS,D,blk,7.665,25,8.404,4
combined,BOS,D,hit,5.034,28,6.048,4
combined,BOS,D,pim,3.949,12,3.692,4
combined,BOS,D,ppg,0.165,5,0.066,4
combined,BOS,D,toi,117.165,9,116.472,4
combined,BOS,D,sv,0.0,5,0.0,4
combined,BOS,D,ga,0.0,5,0.0,4
combined,BOS,D,sa,0.0,5,0.0,4
combined,BOS,G,g,0.0,5,0.0,4
combined,BOS,G,a,0.0,5,0.0,4
combined,BOS,G,p,0.0,5,0.0,4
combined,BOS,G,sog,0.0,5,0.0,4
combined,BOS,G,blk,0.0,5,0.0,4
combined,BOS,G,hit,0.0,5,0.0,4
combined,BOS,G,pim,0.074,6,0.056,4
combined,BOS,G,ppg,0.0,5,0.0,4
combined,BOS,G,toi,60.432,9,60.215,4
combined,BOS,G,sv,23.108,24,24.486,4
combined,BOS,G,ga,2.506,22,2.878,4
combined,BOS,G,sa,25.614,25,27.354,4
combined,BOS,W,g,1.341,19,1.408,4
combined,BOS,W,a,1.551,19,1.711,4
combined,BOS,W,p,2.892,22,3.119,4
combined,BOS,W,sog,11.733,8,10.563,4
combined,BOS,W,blk,2.949,12,2.817,4
combined,BOS,W,hit,9.364,11,8.664,4
combined,BOS,W,pim,2.654,19,3.089,4
combined,BOS,W,ppg,0.403,7,0.297,4
combined,BOS,W,toi,95.823,5,91.186,4
combined,BOS,W,sv,0.0,5,0.0,4
combined,BOS,W,ga,0.0,5,0.0,4
combined,BOS,W,sa,0.0,5,0.0,4
combined,BUF,C,g,1.669,4,1.16,2
combined,BUF,C,a,2.275,6,1.824,2
combined,BUF,C,p,3.944,3,2.984,2
combined,BUF,C,sog,8.791,24,9.535,2
combined,BUF,C,blk,2.841,27,3.184,2
combined,BUF,C,hit,8.028,11,7.53,2
combined,BUF,C,pim,3.642,2,2.64,2
combined,BUF,C,ppg,0.265,14,0.265,2
combined,BUF,C,toi,90.898,13,89.818,2
combined,BUF,C,sv,0.0,6,0.0,2
combined,BUF,C,ga,0.0,6,0.0,2
combined,BUF,C,sa,0.0,6,0.0,2
combined,BUF,D,g,0.231,29,0.479,2
combined,BUF,D,a,2.074,6,1.612,2
combined,BUF,D,p,2.305,11,2.091,2
combined,BUF,D,sog,7.2,20,7.367,2
combined,BUF,D,blk,7.895,22,8.404,2
combined,BUF,D,hit,6.493,11,6.048,2
combined,BUF,D,pim,3.477,16,3.692,2
combined,BUF,D,ppg,0.056,11,0.066,2
combined,BUF,D,toi,116.627,11,116.472,2
combined,BUF,D,sv,0.0,6,0.0,2
combined,BUF,D,ga,0.0,6,0.0,2
combined,BUF,D,sa,0.0,6,0.0,2
combined,BUF,G,g,0.0,6,0.0,2
combined,BUF,G,a,0.0,6,0.0,2
combined,BUF,G,p,0.0,6,0.0,2
combined,BUF,G,sog,0.0,6,0.0,2
combined,BUF,G,blk,0.0,6,0.0,2
combined,BUF,G,hit,0.0,6,0.0,2
combined,BUF,G,pim,0.042,19,0.056,2
combined,BUF,G,ppg,0.0,6,0.0,2
combined,BUF,G,toi,59.697,28,60.215,2
combined,BUF,G,sv,24.514,16,24.486,2
combined,BUF,G,ga,3.237,8,2.878,2
combined,BUF,G,sa,27.744,15,27.354,2
combined,BUF,W,g,1.558,10,1.408,2
combined,BUF,W,a,1.698,16,1.711,2
combined,BUF,W,p,3.256,13,3.119,2
combined,BUF,W,sog,9.493,25,10.563,2
combined,BUF,W,blk,2.469,22,2.817,2
combined,BUF,W,hit,8.659,17,8.664,2
combined,BUF,W,pim,3.931,7,3.089,2
combined,BUF,W,ppg,0.377,8,0.297,2
combined,BUF,W,toi,88.175,22,91.186,2
combined,BUF,W,sv,0.0,6,0.0,2
combined,BUF,W,ga,0.0,6,0.0,2
combined,BUF,W,sa,0.0,6,0.0,2
combined,CAR,C,g,0.657,32,1.16,3
combined,CAR,C,a,1.944,14,1.824,3
combined,CAR,C,p,2.601,21,2.984,3
combined,CAR,C,sog,7.691,29,9.535,3
combined,CAR,C,blk,3.991,3,3.184,3
combined,CAR,C,hit,8.771,5,7.53,3
combined,CAR,C,pim,2.357,23,2.64,3
combined,CAR,C,ppg,0.102,31,0.265,3
combined,CAR,C,toi,89.204,15,89.818,3
combined,CAR,C,sv,0.0,30,0.0,3
combined,CAR,C,ga,0.0,30,0.0,3
combined,CAR,C,sa,0.0,30,0.0,3
combined,CAR,D,g,0.632,7,0.479,3
combined,CAR,D,a,0.895,32,1.612,3
combined,CAR,D,p,1.527,28,2.091,3
combined,CAR,D,sog,5.59,31,7.367,3
combined,CAR,D,blk,10.39,2,8.404,3
combined,CAR,D,hit,8.101,2,6.048,3
combined,CAR,D,pim,4.088,10,3.692,3
combined,CAR,D,ppg,0.194,2,0.066,3
combined,CAR,D,toi,118.027,2,116.472,3
combined,CAR,D,sv,0.0,30,0.0,3
combined,CAR,D,ga,0.0,30,0.0,3
combined,CAR,D,sa,0.0,30,0.0,3
combined,CAR,G,g,0.0,30,0.0,3
combined,CAR,G,a,0.0,30,0.0,3
combined,CAR,G,p,0.0,30,0.0,3
combined,CAR,G,sog,0.0,30,0.0,3
combined,CAR,G,blk,0.0,30,0.0,3
combined,CAR,G,hit,0.0,30,0.0,3
combined,CAR,G,pim,0.045,16,0.056,3
combined,CAR,G,ppg,0.0,30,0.0,3
combined,CAR,G,toi,61.637,2,60.215,3
combined,CAR,G,sv,28.163,3,24.486,3
combined,CAR,G,ga,2.604,21,2.878,3
combined,CAR,G,sa,30.761,3,27.354,3
combined,CAR,W,g,1.41,17,1.408,3
combined,CAR,W,a,1.676,17,1.711,3
combined,CAR,W,p,3.086,15,3.119,3
combined,CAR,W,sog,9.6,24,10.563,3
combined,CAR,W,blk,4.161,1,2.817,3
combined,CAR,W,hit,10.929,2,8.664,3
combined,CAR,W,pim,4.015,6,3.089,3
combined,CAR,W,ppg,0.136,31,0.297,3
combined,CAR,W,toi,93.18,14,91.186,3
combined,CAR,W,sv,0.0,30,0.0,3
combined,CAR,W,ga,0.0,30,0.0,3
combined,CAR,W,sa,0.0,30,0.0,3
combined,CBJ,C,g,1.223,14,1.16,2
combined,CBJ,C,a,2.069,12,1.824,2
combined,CBJ,C,p,3.293,12,2.984,2
combined,CBJ,C,sog,10.277,10,9.535,2
combined,CBJ,C,blk,3.297,14,3.184,2
combined,CBJ,C,hit,7.439,16,7.53,2
combined,CBJ,C,pim,1.943,29,2.64,2
combined,CBJ,C,ppg,0.353,7,0.265,2
combined,CBJ,C,toi,94.638,9,89.818,2
combined,CBJ,C,sv,0.0,7,0.0,2
combined,CBJ,C,ga,0.0,7,0.0,2
combined,CBJ,C,sa,0.0,7,0.0,2
combined,CBJ,D,g,0.813,2,0.479,2
combined,CBJ,D,a,1.667,15,1.612,2
combined,CBJ,D,p,2.48,9,2.091,2
combined,CBJ,D,sog,7.736,13,7.367,2
combined,CBJ,D,blk,7.76,24,8.404,2
combined,CBJ,D,hit,4.744,30,6.048,2
combined,CBJ,D,pim,3.785,14,3.692,2
combined,CBJ,D,ppg,0.248,1,0.066,2
combined,CBJ,D,toi,116.121,22,116.472,2
combined,CBJ,D,sv,0.0,7,0.0,2
combined,CBJ,D,ga,0.0,7,0.0,2
combined,CBJ,D,sa,0.0,7,0.0,2
combined,CBJ,G,g,0.0,7,0.0,2
combined,CBJ,G,a,0.0,7,0.0,2
combined,CBJ,G,p,0.0,7,0.0,2
combined,CBJ,G,sog,0.0,7,0.0,2
combined,CBJ,G,blk,0.0,7,0.0,2
combined,CBJ,G,hit,0.0,7,0.0,2
combined,CBJ,G,pim,0.0,30,0.056,2
combined,CBJ,G,ppg,0.0,7,0.0,2
combined,CBJ,G,toi,60.078,17,60.215,2
combined,CBJ,G,sv,23.268,23,24.486,2
combined,CBJ,G,ga,2.87,17,2.878,2
combined,CBJ,G,sa,26.138,22,27.354,2
combined,CBJ,W,g,1.171,22,1.408,2
combined,CBJ,W,a,2.101,6,1.711,2
combined,CBJ,W,p,3.273,11,3.119,2
combined,CBJ,W,sog,10.707,14,10.563,2
combined,CBJ,W,blk,3.171,8,2.817,2
combined,CBJ,W,hit,7.853,23,8.664,2
combined,CBJ,W,pim,1.439,32,3.089,2
combined,CBJ,W,ppg,0.329,12,0.297,2
combined,CBJ,W,toi,87.068,25,91.186,2
combined,CBJ,W,sv,0.0,7,0.0,2
combined,CBJ,W,ga,0.0,7,0.0,2
combined,CBJ,W,sa,0.0,7,0.0,2
combined,CGY,C,g,1.731,3,1.16,3
combined,CGY,C,a,2.495,3,1.824,3
combined,CGY,C,p,4.226,2,2.984,3
combined,CGY,C,sog,11.397,4,9.535,3
combined,CGY,C,blk,4.383,1,3.184,3
combined,CGY,C,hit,8.23,10,7.53,3
combined,CGY,C,pim,2.16,25,2.64,3
combined,CGY,C,ppg,0.16,23,0.265,3
combined,CGY,C,toi,95.82,7,89.818,3
combined,CGY,C,sv,0.0,16,0.0,3
combined,CGY,C,ga,0.0,16,0.0,3
combined,CGY,C,sa,0.0,16,0.0,3
combined,CGY,D,g,0.516,13,0.479,3
combined,CGY,D,a,2.185,3,1.612,3
combined,CGY,D,p,2.701,5,2.091,3
combined,CGY,D,sog,7.014,23,7.367,3
combined,CGY,D,blk,10.505,1,8.404,3
combined,CGY,D,hit,6.711,6,6.048,3
combined,CGY,D,pim,5.279,4,3.692,3
combined,CGY,D,ppg,0.049,14,0.066,3
combined,CGY,D,toi,116.341,19,116.472,3
combined,CGY,D,sv,0.0,16,0.0,3
combined,CGY,D,ga,0.0,16,0.0,3
combined,CGY,D,sa,0.0,16,0.0,3
combined,CGY,G,g,0.0,16,0.0,3
combined,CGY,G,a,0.0,16,0.0,3
combined,CGY,G,p,0.0,16,0.0,3
combined,CGY,G,sog,0.0,16,0.0,3
combined,CGY,G,blk,0.0,16,0.0,3
combined,CGY,G,hit,0.0,16,0.0,3
combined,CGY,G,pim,0.056,13,0.056,3
combined,CGY,G,ppg,0.0,16,0.0,3
combined,CGY,G,toi,59.9,24,60.215,3
combined,CGY,G,sv,25.906,11,24.486,3
combined,CGY,G,ga,1.787,32,2.878,3
combined,CGY,G,sa,27.686,16,27.354,3
combined,CGY,W,g,1.822,4,1.408,3
combined,CGY,W,a,2.024,7,1.711,3
combined,CGY,W,p,3.847,6,3.119,3
combined,CGY,W,sog,10.826,13,10.563,3
combined,CGY,W,blk,2.878,13,2.817,3
combined,CGY,W,hit,6.917,29,8.664,3
combined,CGY,W,pim,2.53,21,3.089,3
combined,CGY,W,ppg,0.268,18,0.297,3
combined,CGY,W,toi,84.667,28,91.186,3
combined,CGY,W,sv,0.0,16,0.0,3
combined,CGY,W,ga,0.0,16,0.0,3
combined,CGY,W,sa,0.0,16,0.0,3
combined,CHI,C,g,1.234,13,1.16,3
combined,CHI,C,a,2.53,2,1.824,3
combined,CHI,C,p,3.763,4,2.984,3
combined,CHI,C,sog,10.439,8,9.535,3
combined,CHI,C,blk,2.185,31,3.184,3
combined,CHI,C,hit,9.411,2,7.53,3
combined,CHI,C,pim,2.258,24,2.64,3
combined,CHI,C,ppg,0.133,27,0.265,3
combined,CHI,C,toi,92.826,11,89.818,3
combined,CHI,C,sv,0.0,14,0.0,3
combined,CHI,C,ga,0.0,14,0.0,3
combined,CHI,C,sa,0.0,14,0.0,3
combined,CHI,D,g,0.669,5,0.479,3
combined,CHI,D,a,2.662,1,1.612,3
combined,CHI,D,p,3.331,1,2.091,3
combined,CHI,D,sog,8.648,2,7.367,3
combined,CHI,D,blk,6.16,32,8.404,3
combined,CHI,D,hit,7.014,3,6.048,3
combined,CHI,D,pim,3.272,19,3.692,3
combined,CHI,D,ppg,0.014,31,0.066,3
combined,CHI,D,toi,116.517,13,116.472,3
combined,CHI,D,sv,0.0,14,0.0,3
combined,CHI,D,ga,0.0,14,0.0,3
combined,CHI,D,sa,0.0,14,0.0,3
combined,CHI,G,g,0.0,14,0.0,3
combined,CHI,G,a,0.0,14,0.0,3
combined,CHI,G,p,0.0,14,0.0,3
combined,CHI,G,sog,0.0,14,0.0,3
combined,CHI,G,blk,0.0,14,0.0,3
combined,CHI,G,hit,0.0,14,0.0,3
combined,CHI,G,pim,0.07,8,0.056,3
combined,CHI,G,ppg,0.0,14,0.0,3
combined,CHI,G,toi,60.22,12,60.215,3
combined,CHI,G,sv,19.871,32,24.486,3
combined,CHI,G,ga,2.115,29,2.878,3
combined,CHI,G,sa,21.986,32,27.354,3
combined,CHI,W,g,2.122,2,1.408,3
combined,CHI,W,a,1.972,8,1.711,3
combined,CHI,W,p,4.094,3,3.119,3
combined,CHI,W,sog,11.885,6,10.563,3
combined,CHI,W,blk,2.167,28,2.817,3
combined,CHI,W,hit,9.965,7,8.664,3
combined,CHI,W,pim,2.126,29,3.089,3
combined,CHI,W,ppg,0.554,3,0.297,3
combined,CHI,W,toi,87.185,24,91.186,3
combined,CHI,W,sv,0.0,14,0.0,3
combined,CHI,W,ga,0.0,14,0.0,3
combined,CHI,W,sa,0.0,14,0.0,3
combined,COL,C,g,0.688,31,1.16,2
combined,COL,C,a,0.903,32,1.824,2
combined,COL,C,p,1.591,32,2.984,2
combined,COL,C,sog,7.053,31,9.535,2
combined,COL,C,blk,3.211,16,3.184,2
combined,COL,C,hit,6.681,24,7.53,2
combined,COL,C,pim,2.863,12,2.64,2
combined,COL,C,ppg,0.126,28,0.265,2
combined,COL,C,toi,75.868,32,89.818,2
combined,COL,C,sv,0.0,3,0.0,2
combined,COL,C,ga,0.0,3,0.0,2
combined,COL,C,sa,0.0,3,0.0,2
combined,COL,D,g,0.349,22,0.479,2
combined,COL,D,a,1.586,17,1.612,2
combined,COL,D,p,1.935,20,2.091,2
combined,COL,D,sog,7.107,21,7.367,2
combined,COL,D,blk,9.497,7,8.404,2
combined,COL,D,hit,6.661,7,6.048,2
combined,COL,D,pim,3.444,17,3.692,2
combined,COL,D,ppg,0.035,21,0.066,2
combined,COL,D,toi,115.946,26,116.472,2
combined,COL,D,sv,0.0,3,0.0,2
combined,COL,D,ga,0.0,3,0.0,2
combined,COL,D,sa,0.0,3,0.0,2
combined,COL,G,g,0.0,3,0.0,2
combined,COL,G,a,0.0,3,0.0,2
combined,COL,G,p,0.0,3,0.0,2
combined,COL,G,sog,0.0,3,0.0,2
combined,COL,G,blk,0.0,3,0.0,2
combined,COL,G,hit,0.0,3,0.0,2
combined,COL,G,pim,0.042,18,0.056,2
combined,COL,G,ppg,0.0,3,0.0,2
combined,COL,G,toi,59.925,23,60.215,2
combined,COL,G,sv,28.458,2,24.486,2
combined,COL,G,ga,4.53,1,2.878,2
combined,COL,G,sa,32.981,2,27.354,2
combined,COL,W,g,1.439,15,1.408,2
combined,COL,W,a,1.531,20,1.711,2
combined,COL,W,p,2.97,20,3.119,2
combined,COL,W,sog,12.744,2,10.563,2
combined,COL,W,blk,3.705,3,2.817,2
combined,COL,W,hit,9.161,13,8.664,2
combined,COL,W,pim,2.775,14,3.089,2
combined,COL,W,ppg,0.147,28,0.297,2
combined,COL,W,toi,104.106,1,91.186,2
combined,COL,W,sv,0.0,3,0.0,2
combined,COL,W,ga,0.0,3,0.0,2
combined,COL,W,sa,0.0,3,0.0,2
combined,DAL,C,g,1.013,20,1.16,3
combined,DAL,C,a,1.214,29,1.824,3
combined,DAL,C,p,2.227,28,2.984,3
combined,DAL,C,sog,7.792,27,9.535,3
combined,DAL,C,blk,3.325,12,3.184,3
combined,DAL,C,hit,8.487,8,7.53,3
combined,DAL,C,pim,2.006,27,2.64,3
combined,DAL,C,ppg,0.26,15,0.265,3
combined,DAL,C,toi,87.115,19,89.818,3
combined,DAL,C,sv,0.0,13,0.0,3
combined,DAL,C,ga,0.0,13,0.0,3
combined,DAL,C,sa,0.0,13,0.0,3
combined,DAL,D,g,0.292,28,0.479,3
combined,DAL,D,a,1.39,21,1.612,3
combined,DAL,D,p,1.682,25,2.091,3
combined,DAL,D,sog,7.052,22,7.367,3
combined,DAL,D,blk,8.169,19,8.404,3
combined,DAL,D,hit,5.357,25,6.048,3
combined,DAL,D,pim,4.578,7,3.692,3
combined,DAL,D,ppg,0.046,17,0.066,3
combined,DAL,D,toi,116.372,16,116.472,3
combined,DAL,D,sv,0.0,13,0.0,3
combined,DAL,D,ga,0.0,13,0.0,3
combined,DAL,D,sa,0.0,13,0.0,3
combined,DAL,G,g,0.0,13,0.0,3
combined,DAL,G,a,0.0,13,0.0,3
combined,DAL,G,p,0.0,13,0.0,3
combined,DAL,G,sog,0.0,13,0.0,3
combined,DAL,G,blk,0.0,13,0.0,3
combined,DAL,G,hit,0.0,13,0.0,3
combined,DAL,G,pim,0.039,20,0.056,3
combined,DAL,G,ppg,0.0,13,0.0,3
combined,DAL,G,toi,60.499,7,60.215,3
combined,DAL,G,sv,23.533,22,24.486,3
combined,DAL,G,ga,2.649,19,2.878,3
combined,DAL,G,sa,26.169,21,27.354,3
combined,DAL,W,g,1.143,23,1.408,3
combined,DAL,W,a,1.344,27,1.711,3
combined,DAL,W,p,2.487,28,3.119,3
combined,DAL,W,sog,9.26,26,10.563,3
combined,DAL,W,blk,2.643,20,2.817,3
combined,DAL,W,hit,10.376,4,8.664,3
combined,DAL,W,pim,2.695,18,3.089,3
combined,DAL,W,ppg,0.324,13,0.297,3
combined,DAL,W,toi,94.15,10,91.186,3
combined,DAL,W,sv,0.0,13,0.0,3
combined,DAL,W,ga,0.0,13,0.0,3
combined,DAL,W,sa,0.0,13,0.0,3
combined,DET,C,g,0.939,23,1.16,2
combined,DET,C,a,1.655,20,1.824,2
combined,DET,C,p,2.593,22,2.984,2
combined,DET,C,sog,8.634,25,9.535,2
combined,DET,C,blk,2.264,30,3.184,2
combined,DET,C,hit,7.191,19,7.53,2
combined,DET,C,pim,3.179,7,2.64,2
combined,DET,C,ppg,0.297,12,0.265,2
combined,DET,C,toi,91.055,12,89.818,2
combined,DET,C,sv,0.0,1,0.0,2
combined,DET,C,ga,0.0,1,0.0,2
combined,DET,C,sa,0.0,1,0.0,2
combined,DET,D,g,0.459,17,0.479,2
combined,DET,D,a,1.638,16,1.612,2
combined,DET,D,p,2.097,14,2.091,2
combined,DET,D,sog,7.683,14,7.367,2
combined,DET,D,blk,8.496,12,8.404,2
combined,DET,D,hit,6.435,13,6.048,2
combined,DET,D,pim,5.163,6,3.692,2
combined,DET,D,ppg,0.191,3,0.066,2
combined,DET,D,toi,116.055,24,116.472,2
combined,DET,D,sv,0.0,1,0.0,2
combined,DET,D,ga,0.0,1,0.0,2
combined,DET,D,sa,0.0,1,0.0,2
combined,DET,G,g,0.0,1,0.0,2
combined,DET,G,a,0.0,1,0.0,2
combined,DET,G,p,0.0,1,0.0,2
combined,DET,G,sog,0.0,1,0.0,2
combined,DET,G,blk,0.0,1,0.0,2
combined,DET,G,hit,0.0,1,0.0,2
combined,DET,G,pim,0.147,2,0.056,2
combined,DET,G,ppg,0.0,1,0.0,2
combined,DET,G,toi,59.976,20,60.215,2
combined,DET,G,sv,26.053,7,24.486,2
combined,DET,G,ga,2.106,30,2.878,2
combined,DET,G,sa,28.159,13,27.354,2
combined,DET,W,g,1.5,11,1.408,2
combined,DET,W,a,1.903,10,1.711,2
combined,DET,W,p,3.403,8,3.119,2
combined,DET,W,sog,10.179,21,10.563,2
combined,DET,W,blk,3.297,7,2.817,2
combined,DET,W,hit,8.309,19,8.664,2
combined,DET,W,pim,1.756,31,3.089,2
combined,DET,W,ppg,0.569,2,0.297,2
combined,DET,W,toi,88.76,20,91.186,2
combined,DET,W,sv,0.0,1,0.0,2
combined,DET,W,ga,0.0,1,0.0,2
combined,DET,W,sa,0.0,1,0.0,2
combined,EDM,C,g,1.753,2,1.16,3
combined,EDM,C,a,1.929,15,1.824,3
combined,EDM,C,p,3.682,6,2.984,3
combined,EDM,C,sog,8.461,26,9.535,3
combined,EDM,C,blk,3.325,13,3.184,3
combined,EDM,C,hit,5.403,32,7.53,3
combined,EDM,C,pim,2.701,16,2.64,3
combined,EDM,C,ppg,0.591,2,0.265,3
combined,EDM,C,toi,84.375,29,89.818,3
combined,EDM,C,sv,0.0,27,0.0,3
combined,EDM,C,ga,0.0,27,0.0,3
combined,EDM,C,sa,0.0,27,0.0,3
combined,EDM,D,g,0.37,21,0.479,3
combined,EDM,D,a,2.162,4,1.612,3
combined,EDM,D,p,2.533,8,2.091,3
combined,EDM,D,sog,6.668,26,7.367,3
combined,EDM,D,blk,8.331,15,8.404,3
combined,EDM,D,hit,6.494,10,6.048,3
combined,EDM,D,pim,6.189,1,3.692,3
combined,EDM,D,ppg,0.013,32,0.066,3
combined,EDM,D,toi,118.262,1,116.472,3
combined,EDM,D,sv,0.0,27,0.0,3
combined,EDM,D,ga,0.0,27,0.0,3
combined,EDM,D,sa,0.0,27,0.0,3
combined,EDM,G,g,0.0,27,0.0,3
combined,EDM,G,a,0.0,27,0.0,3
combined,EDM,G,p,0.0,27,0.0,3
combined,EDM,G,sog,0.0,27,0.0,3
combined,EDM,G,blk,0.0,27,0.0,3
combined,EDM,G,hit,0.0,27,0.0,3
combined,EDM,G,pim,0.312,1,0.056,3
combined,EDM,G,ppg,0.0,27,0.0,3
combined,EDM,G,toi,60.044,18,60.215,3
combined,EDM,G,sv,25.987,10,24.486,3
combined,EDM,G,ga,4.143,2,2.878,3
combined,EDM,G,sa,29.974,5,27.354,3
combined,EDM,W,g,1.766,5,1.408,3
combined,EDM,W,a,2.403,2,1.711,3
combined,EDM,W,p,4.168,2,3.119,3
combined,EDM,W,sog,9.63,23,10.563,3
combined,EDM,W,blk,3.325,6,2.817,3
combined,EDM,W,hit,7.838,24,8.664,3
combined,EDM,W,pim,2.214,26,3.089,3
combined,EDM,W,ppg,0.195,21,0.297,3
combined,EDM,W,toi,93.708,13,91.186,3
combined,EDM,W,sv,0.0,27,0.0,3
combined,EDM,W,ga,0.0,27,0.0,3
combined,EDM,W,sa,0.0,27,0.0,3
combined,FLA,C,g,1.237,12,1.16,3
combined,FLA,C,a,2.122,10,1.824,3
combined,FLA,C,p,3.359,10,2.984,3
combined,FLA,C,sog,8.899,23,9.535,3
combined,FLA,C,blk,3.519,8,3.184,3
combined,FLA,C,hit,6.526,27,7.53,3
combined,FLA,C,pim,2.369,21,2.64,3
combined,FLA,C,ppg,0.425,4,0.265,3
combined,FLA,C,toi,87.485,18,89.818,3
combined,FLA,C,sv,0.0,31,0.0,3
combined,FLA,C,ga,0.0,31,0.0,3
combined,FLA,C,sa,0.0,31,0.0,3
combined,FLA,D,g,0.435,20,0.479,3
combined,FLA,D,a,1.345,24,1.612,3
combined,FLA,D,p,1.781,22,2.091,3
combined,FLA,D,sog,7.446,17,7.367,3
combined,FLA,D,blk,10.181,5,8.404,3
combined,FLA,D,hit,6.934,4,6.048,3
combined,FLA,D,pim,5.258,5,3.692,3
combined,FLA,D,ppg,0.042,18,0.066,3
combined,FLA,D,toi,117.368,6,116.472,3
combined,FLA,D,sv,0.0,31,0.0,3
combined,FLA,D,ga,0.0,31,0.0,3
combined,FLA,D,sa,0.0,31,0.0,3
combined,FLA,G,g,0.0,31,0.0,3
combined,FLA,G,a,0.0,31,0.0,3
combined,FLA,G,p,0.0,31,0.0,3
combined,FLA,G,sog,0.0,31,0.0,3
combined,FLA,G,blk,0.0,31,0.0,3
combined,FLA,G,hit,0.0,31,0.0,3
combined,FLA,G,pim,0.063,10,0.056,3
combined,FLA,G,ppg,0.0,31,0.0,3
combined,FLA,G,toi,61.752,1,60.215,3
combined,FLA,G,sv,24.436,17,24.486,3
combined,FLA,G,ga,2.474,24,2.878,3
combined,FLA,G,sa,26.896,18,27.354,3
combined,FLA,W,g,1.237,21,1.408,3
combined,FLA,W,a,1.296,28,1.711,3
combined,FLA,W,p,2.533,27,3.119,3
combined,FLA,W,sog,8.68,30,10.563,3
combined,FLA,W,blk,3.52,5,2.817,3
combined,FLA,W,hit,11.004,1,8.664,3
combined,FLA,W,pim,5.547,3,3.089,3
combined,FLA,W,ppg,0.467,5,0.297,3
combined,FLA,W,toi,94.082,12,91.186,3
combined,FLA,W,sv,0.0,31,0.0,3
combined,FLA,W,ga,0.0,31,0.0,3
combined,FLA,W,sa,0.0,31,0.0,3
combined,LA,C,g,1.907,1,1.16,2
combined,LA,C,a,2.806,1,1.824,2
combined,LA,C,p,4.713,1,2.984,2
combined,LA,C,sog,11.737,2,9.535,2
combined,LA,C,blk,3.961,4,3.184,2
combined,LA,C,hit,7.865,14,7.53,2
combined,LA,C,pim,2.872,9,2.64,2
combined,LA,C,ppg,0.717,1,0.265,2
combined,LA,C,toi,99.758,2,89.818,2
combined,LA,C,sv,0.0,20,0.0,2
combined,LA,C,ga,0.0,20,0.0,2
combined,LA,C,sa,0.0,20,0.0,2
combined,LA,D,g,0.453,18,0.479,2
combined,LA,D,a,2.19,2,1.612,2
combined,LA,D,p,2.643,6,2.091,2
combined,LA,D,sog,6.647,27,7.367,2
combined,LA,D,blk,8.899,10,8.404,2
combined,LA,D,hit,5.093,27,6.048,2
combined,LA,D,pim,3.054,22,3.692,2
combined,LA,D,ppg,0.047,16,0.066,2
combined,LA,D,toi,117.483,4,116.472,2
combined,LA,D,sv,0.0,20,0.0,2
combined,LA,D,ga,0.0,20,0.0,2
combined,LA,D,sa,0.0,20,0.0,2
combined,LA,G,g,0.0,20,0.0,2
combined,LA,G,a,0.0,20,0.0,2
combined,LA,G,p,0.0,20,0.0,2
combined,LA,G,sog,0.0,20,0.0,2
combined,LA,G,blk,0.0,20,0.0,2
combined,LA,G,hit,0.0,20,0.0,2
combined,LA,G,pim,0.031,23,0.056,2
combined,LA,G,ppg,0.0,20,0.0,2
combined,LA,G,toi,60.993,4,60.215,2
combined,LA,G,sv,26.519,4,24.486,2
combined,LA,G,ga,3.0,13,2.878,2
combined,LA,G,sa,29.511,7,27.354,2
combined,LA,W,g,1.752,6,1.408,2
combined,LA,W,a,1.853,11,1.711,2
combined,LA,W,p,3.605,7,3.119,2
combined,LA,W,sog,8.841,29,10.563,2
combined,LA,W,blk,2.558,21,2.817,2
combined,LA,W,hit,7.453,26,8.664,2
combined,LA,W,pim,2.419,24,3.089,2
combined,LA,W,ppg,0.551,4,0.297,2
combined,LA,W,toi,82.192,31,91.186,2
combined,LA,W,sv,0.0,20,0.0,2
combined,LA,W,ga,0.0,20,0.0,2
combined,LA,W,sa,0.0,20,0.0,2
combined,MIN,C,g,0.803,30,1.16,2
combined,MIN,C,a,1.659,19,1.824,2
combined,MIN,C,p,2.463,25,2.984,2
combined,MIN,C,sog,12.123,1,9.535,2
combined,MIN,C,blk,3.029,21,3.184,2
combined,MIN,C,hit,7.869,13,7.53,2
combined,MIN,C,pim,2.864,11,2.64,2
combined,MIN,C,ppg,0.208,19,0.265,2
combined,MIN,C,toi,104.243,1,89.818,2
combined,MIN,C,sv,0.0,8,0.0,2
combined,MIN,C,ga,0.0,8,0.0,2
combined,MIN,C,sa,0.0,8,0.0,2
combined,MIN,D,g,0.511,14,0.479,2
combined,MIN,D,a,1.177,28,1.612,2
combined,MIN,D,p,1.688,24,2.091,2
combined,MIN,D,sog,6.93,24,7.367,2
combined,MIN,D,blk,8.281,16,8.404,2
combined,MIN,D,hit,6.435,14,6.048,2
combined,MIN,D,pim,3.208,21,3.692,2
combined,MIN,D,ppg,0.036,20,0.066,2
combined,MIN,D,toi,116.039,25,116.472,2
combined,MIN,D,sv,0.0,8,0.0,2
combined,MIN,D,ga,0.0,8,0.0,2
combined,MIN,D,sa,0.0,8,0.0,2
combined,MIN,G,g,0.0,8,0.0,2
combined,MIN,G,a,0.0,8,0.0,2
combined,MIN,G,p,0.0,8,0.0,2
combined,MIN,G,sog,0.0,8,0.0,2
combined,MIN,G,blk,0.0,8,0.0,2
combined,MIN,G,hit,0.0,8,0.0,2
combined,MIN,G,pim,0.015,26,0.056,2
combined,MIN,G,ppg,0.0,8,0.0,2
combined,MIN,G,toi,59.973,21,60.215,2
combined,MIN,G,sv,26.045,8,24.486,2
combined,MIN,G,ga,3.05,12,2.878,2
combined,MIN,G,sa,29.088,8,27.354,2
combined,MIN,W,g,0.984,31,1.408,2
combined,MIN,W,a,1.12,32,1.711,2
combined,MIN,W,p,2.104,32,3.119,2
combined,MIN,W,sog,8.615,31,10.563,2
combined,MIN,W,blk,2.063,31,2.817,2
combined,MIN,W,hit,5.849,32,8.664,2
combined,MIN,W,pim,2.169,27,3.089,2
combined,MIN,W,ppg,0.172,25,0.297,2
combined,MIN,W,toi,78.632,32,91.186,2
combined,MIN,W,sv,0.0,8,0.0,2
combined,MIN,W,ga,0.0,8,0.0,2
combined,MIN,W,sa,0.0,8,0.0,2
combined,MTL,C,g,1.386,8,1.16,2
combined,MTL,C,a,2.175,9,1.824,2
combined,MTL,C,p,3.561,8,2.984,2
combined,MTL,C,sog,9.904,14,9.535,2
combined,MTL,C,blk,3.221,15,3.184,2
combined,MTL,C,hit,7.246,18,7.53,2
combined,MTL,C,pim,2.614,17,2.64,2
combined,MTL,C,ppg,0.505,3,0.265,2
combined,MTL,C,toi,93.615,10,89.818,2
combined,MTL,C,sv,0.0,23,0.0,2
combined,MTL,C,ga,0.0,23,0.0,2
combined,MTL,C,sa,0.0,23,0.0,2
combined,MTL,D,g,0.65,6,0.479,2
combined,MTL,D,a,2.069,7,1.612,2
combined,MTL,D,p,2.719,3,2.091,2
combined,MTL,D,sog,8.135,5,7.367,2
combined,MTL,D,blk,8.348,14,8.404,2
combined,MTL,D,hit,5.822,19,6.048,2
combined,MTL,D,pim,4.254,9,3.692,2
combined,MTL,D,ppg,0.086,6,0.066,2
combined,MTL,D,toi,116.367,17,116.472,2
combined,MTL,D,sv,0.0,23,0.0,2
combined,MTL,D,ga,0.0,23,0.0,2
combined,MTL,D,sa,0.0,23,0.0,2
combined,MTL,G,g,0.0,23,0.0,2
combined,MTL,G,a,0.0,23,0.0,2
combined,MTL,G,p,0.0,23,0.0,2
combined,MTL,G,sog,0.0,23,0.0,2
combined,MTL,G,blk,0.0,23,0.0,2
combined,MTL,G,hit,0.0,23,0.0,2
combined,MTL,G,pim,0.0,32,0.056,2
combined,MTL,G,ppg,0.0,23,0.0,2
combined,MTL,G,toi,60.377,10,60.215,2
combined,MTL,G,sv,21.791,27,24.486,2
combined,MTL,G,ga,3.413,6,2.878,2
combined,MTL,G,sa,25.203,26,27.354,2
combined,MTL,W,g,1.323,20,1.408,2
combined,MTL,W,a,1.927,9,1.711,2
combined,MTL,W,p,3.251,14,3.119,2
combined,MTL,W,sog,10.439,17,10.563,2
combined,MTL,W,blk,3.14,9,2.817,2
combined,MTL,W,hit,8.133,20,8.664,2
combined,MTL,W,pim,3.271,11,3.089,2
combined,MTL,W,ppg,0.205,20,0.297,2
combined,MTL,W,toi,88.675,21,91.186,2
combined,MTL,W,sv,0.0,23,0.0,2
combined,MTL,W,ga,0.0,23,0.0,2
combined,MTL,W,sa,0.0,23,0.0,2
combined,NJ,C,g,1.362,9,1.16,2
combined,NJ,C,a,1.963,13,1.824,2
combined,NJ,C,p,3.325,11,2.984,2
combined,NJ,C,sog,9.345,19,9.535,2
combined,NJ,C,blk,3.634,6,3.184,2
combined,NJ,C,hit,6.659,26,7.53,2
combined,NJ,C,pim,3.748,1,2.64,2
combined,NJ,C,ppg,0.353,8,0.265,2
combined,NJ,C,toi,86.952,22,89.818,2
combined,NJ,C,sv,0.0,29,0.0,2
combined,NJ,C,ga,0.0,29,0.0,2
combined,NJ,C,sa,0.0,29,0.0,2
combined,NJ,D,g,0.61,10,0.479,2
combined,NJ,D,a,2.097,5,1.612,2
combined,NJ,D,p,2.707,4,2.091,2
combined,NJ,D,sog,7.963,8,7.367,2
combined,NJ,D,blk,10.297,3,8.404,2
combined,NJ,D,hit,6.541,8,6.048,2
combined,NJ,D,pim,1.789,32,3.692,2
combined,NJ,D,ppg,0.025,28,0.066,2
combined,NJ,D,toi,117.381,5,116.472,2
combined,NJ,D,sv,0.0,29,0.0,2
combined,NJ,D,ga,0.0,29,0.0,2
combined,NJ,D,sa,0.0,29,0.0,2
combined,NJ,G,g,0.0,29,0.0,2
combined,NJ,G,a,0.0,29,0.0,2
combined,NJ,G,p,0.0,29,0.0,2
combined,NJ,G,sog,0.0,29,0.0,2
combined,NJ,G,blk,0.0,29,0.0,2
combined,NJ,G,hit,0.0,29,0.0,2
combined,NJ,G,pim,0.057,11,0.056,2
combined,NJ,G,ppg,0.0,29,0.0,2
combined,NJ,G,toi,60.454,8,60.215,2
combined,NJ,G,sv,30.886,1,24.486,2
combined,NJ,G,ga,2.191,28,2.878,2
combined,NJ,G,sa,33.077,1,27.354,2
combined,NJ,W,g,1.419,16,1.408,2
combined,NJ,W,a,1.663,18,1.711,2
combined,NJ,W,p,3.081,16,3.119,2
combined,NJ,W,sog,10.435,18,10.563,2
combined,NJ,W,blk,3.858,2,2.817,2
combined,NJ,W,hit,8.097,21,8.664,2
combined,NJ,W,pim,2.155,28,3.089,2
combined,NJ,W,ppg,0.138,30,0.297,2
combined,NJ,W,toi,93.123,15,91.186,2
combined,NJ,W,sv,0.0,29,0.0,2
combined,NJ,W,ga,0.0,29,0.0,2
combined,NJ,W,sa,0.0,29,0.0,2
combined,NSH,C,g,0.903,24,1.16,2
combined,NSH,C,a,1.561,23,1.824,2
combined,NSH,C,p,2.463,24,2.984,2
combined,NSH,C,sog,10.285,9,9.535,2
combined,NSH,C,blk,2.841,26,3.184,2
combined,NSH,C,hit,7.886,12,7.53,2
combined,NSH,C,pim,1.52,32,2.64,2
combined,NSH,C,ppg,0.155,24,0.265,2
combined,NSH,C,toi,85.434,25,89.818,2
combined,NSH,C,sv,0.0,2,0.0,2
combined,NSH,C,ga,0.0,2,0.0,2
combined,NSH,C,sa,0.0,2,0.0,2
combined,NSH,D,g,0.451,19,0.479,2
combined,NSH,D,a,1.695,14,1.612,2
combined,NSH,D,p,2.147,13,2.091,2
combined,NSH,D,sog,7.76,11,7.367,2
combined,NSH,D,blk,8.484,13,8.404,2
combined,NSH,D,hit,6.443,12,6.048,2
combined,NSH,D,pim,2.837,26,3.692,2
combined,NSH,D,ppg,0.033,22,0.066,2
combined,NSH,D,toi,116.352,18,116.472,2
combined,NSH,D,sv,0.0,2,0.0,2
combined,NSH,D,ga,0.0,2,0.0,2
combined,NSH,D,sa,0.0,2,0.0,2
combined,NSH,G,g,0.0,2,0.0,2
combined,NSH,G,a,0.0,2,0.0,2
combined,NSH,G,p,0.0,2,0.0,2
combined,NSH,G,sog,0.0,2,0.0,2
combined,NSH,G,blk,0.0,2,0.0,2
combined,NSH,G,hit,0.0,2,0.0,2
combined,NSH,G,pim,0.0,29,0.056,2
combined,NSH,G,ppg,0.0,2,0.0,2
combined,NSH,G,toi,59.721,27,60.215,2
combined,NSH,G,sv,23.777,20,24.486,2
combined,NSH,G,ga,2.337,26,2.878,2
combined,NSH,G,sa,26.114,23,27.354,2
combined,NSH,W,g,1.484,12,1.408,2
combined,NSH,W,a,1.825,13,1.711,2
combined,NSH,W,p,3.309,10,3.119,2
combined,NSH,W,sog,11.703,9,10.563,2
combined,NSH,W,blk,2.114,30,2.817,2
combined,NSH,W,hit,7.341,27,8.664,2
combined,NSH,W,pim,3.349,10,3.089,2
combined,NSH,W,ppg,0.345,10,0.297,2
combined,NSH,W,toi,94.727,9,91.186,2
combined,NSH,W,sv,0.0,2,0.0,2
combined,NSH,W,ga,0.0,2,0.0,2
combined,NSH,W,sa,0.0,2,0.0,2
combined,NYI,C,g,0.817,28,1.16,2
combined,NYI,C,a,1.167,30,1.824,2
combined,NYI,C,p,1.984,31,2.984,2
combined,NYI,C,sog,9.435,18,9.535,2
combined,NYI,C,blk,3.399,10,3.184,2
combined,NYI,C,hit,6.256,29,7.53,2
combined,NYI,C,pim,2.593,18,2.64,2
combined,NYI,C,ppg,0.114,29,0.265,2
combined,NYI,C,toi,88.597,16,89.818,2
combined,NYI,C,sv,0.0,4,0.0,2
combined,NYI,C,ga,0.0,4,0.0,2
combined,NYI,C,sa,0.0,4,0.0,2
combined,NYI,D,g,0.293,27,0.479,2
combined,NYI,D,a,1.223,26,1.612,2
combined,NYI,D,p,1.516,30,2.091,2
combined,NYI,D,sog,8.122,6,7.367,2
combined,NYI,D,blk,7.789,23,8.404,2
combined,NYI,D,hit,4.927,29,6.048,2
combined,NYI,D,pim,2.585,28,3.692,2
combined,NYI,D,ppg,0.041,19,0.066,2
combined,NYI,D,toi,115.103,30,116.472,2
combined,NYI,D,sv,0.0,4,0.0,2
combined,NYI,D,ga,0.0,4,0.0,2
combined,NYI,D,sa,0.0,4,0.0,2
combined,NYI,G,g,0.0,4,0.0,2
combined,NYI,G,a,0.0,4,0.0,2
combined,NYI,G,p,0.0,4,0.0,2
combined,NYI,G,sog,0.0,4,0.0,2
combined,NYI,G,blk,0.0,4,0.0,2
combined,NYI,G,hit,0.0,4,0.0,2
combined,NYI,G,pim,0.033,21,0.056,2
combined,NYI,G,ppg,0.0,4,0.0,2
combined,NYI,G,toi,59.724,26,60.215,2
combined,NYI,G,sv,25.61,13,24.486,2
combined,NYI,G,ga,2.971,14,2.878,2
combined,NYI,G,sa,28.557,11,27.354,2
combined,NYI,W,g,1.142,24,1.408,2
combined,NYI,W,a,1.463,23,1.711,2
combined,NYI,W,p,2.606,25,3.119,2
combined,NYI,W,sog,11.407,10,10.563,2
combined,NYI,W,blk,2.849,14,2.817,2
combined,NYI,W,hit,8.045,22,8.664,2
combined,NYI,W,pim,2.601,20,3.089,2
combined,NYI,W,ppg,0.345,11,0.297,2
combined,NYI,W,toi,92.809,16,91.186,2
combined,NYI,W,sv,0.0,4,0.0,2
combined,NYI,W,ga,0.0,4,0.0,2
combined,NYI,W,sa,0.0,4,0.0,2
combined,NYR,C,g,0.948,22,1.16,4
combined,NYR,C,a,1.427,26,1.824,4
combined,NYR,C,p,2.375,27,2.984,4
combined,NYR,C,sog,9.332,20,9.535,4
combined,NYR,C,blk,3.613,7,3.184,4
combined,NYR,C,hit,9.14,3,7.53,4
combined,NYR,C,pim,3.451,4,2.64,4
combined,NYR,C,ppg,0.259,16,0.265,4
combined,NYR,C,toi,95.581,8,89.818,4
combined,NYR,C,sv,0.0,28,0.0,4
combined,NYR,C,ga,0.0,28,0.0,4
combined,NYR,C,sa,0.0,28,0.0,4
combined,NYR,D,g,0.333,23,0.479,4
combined,NYR,D,a,0.982,30,1.612,4
combined,NYR,D,p,1.314,32,2.091,4
combined,NYR,D,sog,7.78,10,7.367,4
combined,NYR,D,blk,8.631,11,8.404,4
combined,NYR,D,hit,8.991,1,6.048,4
combined,NYR,D,pim,3.25,20,3.692,4
combined,NYR,D,ppg,0.018,30,0.066,4
combined,NYR,D,toi,115.792,27,116.472,4
combined,NYR,D,sv,0.0,28,0.0,4
combined,NYR,D,ga,0.0,28,0.0,4
combined,NYR,D,sa,0.0,28,0.0,4
combined,NYR,G,g,0.0,28,0.0,4
combined,NYR,G,a,0.0,28,0.0,4
combined,NYR,G,p,0.0,28,0.0,4
combined,NYR,G,sog,0.0,28,0.0,4
combined,NYR,G,blk,0.0,28,0.0,4
combined,NYR,G,hit,0.0,28,0.0,4
combined,NYR,G,pim,0.067,9,0.056,4
combined,NYR,G,ppg,0.0,28,0.0,4
combined,NYR,G,toi,59.249,32,60.215,4
combined,NYR,G,sv,21.29,29,24.486,4
combined,NYR,G,ga,2.36,25,2.878,4
combined,NYR,G,sa,23.649,30,27.354,4
combined,NYR,W,g,0.988,29,1.408,4
combined,NYR,W,a,1.272,29,1.711,4
combined,NYR,W,p,2.259,31,3.119,4
combined,NYR,W,sog,9.802,22,10.563,4
combined,NYR,W,blk,2.759,17,2.817,4
combined,NYR,W,hit,7.317,28,8.664,4
combined,NYR,W,pim,1.786,30,3.089,4
combined,NYR,W,ppg,0.152,27,0.297,4
combined,NYR,W,toi,85.59,27,91.186,4
combined,NYR,W,sv,0.0,28,0.0,4
combined,NYR,W,ga,0.0,28,0.0,4
combined,NYR,W,sa,0.0,28,0.0,4
combined,OTT,C,g,1.101,17,1.16,2
combined,OTT,C,a,1.353,27,1.824,2
combined,OTT,C,p,2.453,26,2.984,2
combined,OTT,C,sog,9.733,15,9.535,2
combined,OTT,C,blk,3.19,17,3.184,2
combined,OTT,C,hit,9.066,4,7.53,2
combined,OTT,C,pim,3.341,6,2.64,2
combined,OTT,C,ppg,0.194,20,0.265,2
combined,OTT,C,toi,96.23,4,89.818,2
combined,OTT,C,sv,0.0,26,0.0,2
combined,OTT,C,ga,0.0,26,0.0,2
combined,OTT,C,sa,0.0,26,0.0,2
combined,OTT,D,g,0.318,25,0.479,2
combined,OTT,D,a,1.395,20,1.612,2
combined,OTT,D,p,1.713,23,2.091,2
combined,OTT,D,sog,6.686,25,7.367,2
combined,OTT,D,blk,7.097,30,8.404,2
combined,OTT,D,hit,5.961,17,6.048,2
combined,OTT,D,pim,4.341,8,3.692,2
combined,OTT,D,ppg,0.062,10,0.066,2
combined,OTT,D,toi,115.542,29,116.472,2
combined,OTT,D,sv,0.0,26,0.0,2
combined,OTT,D,ga,0.0,26,0.0,2
combined,OTT,D,sa,0.0,26,0.0,2
combined,OTT,G,g,0.0,26,0.0,2
combined,OTT,G,a,0.0,26,0.0,2
combined,OTT,G,p,0.0,26,0.0,2
combined,OTT,G,sog,0.0,26,0.0,2
combined,OTT,G,blk,0.0,26,0.0,2
combined,OTT,G,hit,0.0,26,0.0,2
combined,OTT,G,pim,0.077,5,0.056,2
combined,OTT,G,ppg,0.0,26,0.0,2
combined,OTT,G,toi,59.989,19,60.215,2
combined,OTT,G,sv,24.737,15,24.486,2
combined,OTT,G,ga,3.19,10,2.878,2
combined,OTT,G,sa,27.919,14,27.354,2
combined,OTT,W,g,1.066,27,1.408,2
combined,OTT,W,a,1.384,26,1.711,2
combined,OTT,W,p,2.449,29,3.119,2
combined,OTT,W,sog,8.139,32,10.563,2
combined,OTT,W,blk,2.655,19,2.817,2
combined,OTT,W,hit,9.647,9,8.664,2
combined,OTT,W,pim,5.248,4,3.089,2
combined,OTT,W,ppg,0.368,9,0.297,2
combined,OTT,W,toi,84.318,30,91.186,2
combined,OTT,W,sv,0.0,26,0.0,2
combined,OTT,W,ga,0.0,26,0.0,2
combined,OTT,W,sa,0.0,26,0.0,2
combined,PHI,C,g,1.402,7,1.16,4
combined,PHI,C,a,1.696,18,1.824,4
combined,PHI,C,p,3.098,14,2.984,4
combined,PHI,C,sog,10.733,7,9.535,4
combined,PHI,C,blk,2.353,29,3.184,4
combined,PHI,C,hit,6.717,23,7.53,4
combined,PHI,C,pim,2.506,19,2.64,4
combined,PHI,C,ppg,0.369,5,0.265,4
combined,PHI,C,toi,90.287,14,89.818,4
combined,PHI,C,sv,0.0,18,0.0,4
combined,PHI,C,ga,0.0,18,0.0,4
combined,PHI,C,sa,0.0,18,0.0,4
combined,PHI,D,g,0.56,11,0.479,4
combined,PHI,D,a,1.756,11,1.612,4
combined,PHI,D,p,2.315,10,2.091,4
combined,PHI,D,sog,9.549,1,7.367,4
combined,PHI,D,blk,7.229,29,8.404,4
combined,PHI,D,hit,5.413,24,6.048,4
combined,PHI,D,pim,3.413,18,3.692,4
combined,PHI,D,ppg,0.179,4,0.066,4
combined,PHI,D,toi,117.193,8,116.472,4
combined,PHI,D,sv,0.0,18,0.0,4
combined,PHI,D,ga,0.0,18,0.0,4
combined,PHI,D,sa,0.0,18,0.0,4
combined,PHI,G,g,0.0,18,0.0,4
combined,PHI,G,a,0.0,18,0.0,4
combined,PHI,G,p,0.0,18,0.0,4
combined,PHI,G,sog,0.0,18,0.0,4
combined,PHI,G,blk,0.0,18,0.0,4
combined,PHI,G,hit,0.0,18,0.0,4
combined,PHI,G,pim,0.033,22,0.056,4
combined,PHI,G,ppg,0.0,18,0.0,4
combined,PHI,G,toi,61.285,3,60.215,4
combined,PHI,G,sv,20.152,31,24.486,4
combined,PHI,G,ga,1.919,31,2.878,4
combined,PHI,G,sa,22.065,31,27.354,4
combined,PHI,W,g,1.593,9,1.408,4
combined,PHI,W,a,2.418,1,1.711,4
combined,PHI,W,p,4.011,5,3.119,4
combined,PHI,W,sog,12.413,3,10.563,4
combined,PHI,W,blk,2.359,26,2.817,4
combined,PHI,W,hit,7.696,25,8.664,4
combined,PHI,W,pim,2.832,13,3.089,4
combined,PHI,W,ppg,0.282,16,0.297,4
combined,PHI,W,toi,92.718,17,91.186,4
combined,PHI,W,sv,0.0,18,0.0,4
combined,PHI,W,ga,0.0,18,0.0,4
combined,PHI,W,sa,0.0,18,0.0,4
combined,PIT,C,g,1.0,21,1.16,3
combined,PIT,C,a,1.513,24,1.824,3
combined,PIT,C,p,2.513,23,2.984,3
combined,PIT,C,sog,9.085,21,9.535,3
combined,PIT,C,blk,3.344,11,3.184,3
combined,PIT,C,hit,8.676,6,7.53,3
combined,PIT,C,pim,2.0,28,2.64,3
combined,PIT,C,ppg,0.097,32,0.265,3
combined,PIT,C,toi,88.592,17,89.818,3
combined,PIT,C,sv,0.0,17,0.0,3
combined,PIT,C,ga,0.0,17,0.0,3
combined,PIT,C,sa,0.0,17,0.0,3
combined,PIT,D,g,0.305,26,0.479,3
combined,PIT,D,a,1.721,13,1.612,3
combined,PIT,D,p,2.026,17,2.091,3
combined,PIT,D,sog,6.506,28,7.367,3
combined,PIT,D,blk,7.468,26,8.404,3
combined,PIT,D,hit,6.124,15,6.048,3
combined,PIT,D,pim,4.006,11,3.692,3
combined,PIT,D,ppg,0.033,25,0.066,3
combined,PIT,D,toi,116.943,10,116.472,3
combined,PIT,D,sv,0.0,17,0.0,3
combined,PIT,D,ga,0.0,17,0.0,3
combined,PIT,D,sa,0.0,17,0.0,3
combined,PIT,G,g,0.0,17,0.0,3
combined,PIT,G,a,0.0,17,0.0,3
combined,PIT,G,p,0.0,17,0.0,3
combined,PIT,G,sog,0.0,17,0.0,3
combined,PIT,G,blk,0.0,17,0.0,3
combined,PIT,G,hit,0.0,17,0.0,3
combined,PIT,G,pim,0.026,24,0.056,3
combined,PIT,G,ppg,0.0,17,0.0,3
combined,PIT,G,toi,60.181,14,60.215,3
combined,PIT,G,sv,26.435,5,24.486,3
combined,PIT,G,ga,3.987,3,2.878,3
combined,PIT,G,sa,30.422,4,27.354,3
combined,PIT,W,g,1.617,8,1.408,3
combined,PIT,W,a,1.442,24,1.711,3
combined,PIT,W,p,3.058,17,3.119,3
combined,PIT,W,sog,11.13,11,10.563,3
combined,PIT,W,blk,2.123,29,2.817,3
combined,PIT,W,hit,9.396,10,8.664,3
combined,PIT,W,pim,2.325,25,3.089,3
combined,PIT,W,ppg,0.169,26,0.297,3
combined,PIT,W,toi,92.088,19,91.186,3
combined,PIT,W,sv,0.0,17,0.0,3
combined,PIT,W,ga,0.0,17,0.0,3
combined,PIT,W,sa,0.0,17,0.0,3
combined,SEA,C,g,1.317,10,1.16,3
combined,SEA,C,a,1.599,22,1.824,3
combined,SEA,C,p,2.916,16,2.984,3
combined,SEA,C,sog,10.188,12,9.535,3
combined,SEA,C,blk,1.969,32,3.184,3
combined,SEA,C,hit,8.509,7,7.53,3
combined,SEA,C,pim,2.359,22,2.64,3
combined,SEA,C,ppg,0.324,11,0.265,3
combined,SEA,C,toi,87.072,21,89.818,3
combined,SEA,C,sv,0.0,15,0.0,3
combined,SEA,C,ga,0.0,15,0.0,3
combined,SEA,C,sa,0.0,15,0.0,3
combined,SEA,D,g,0.202,32,0.479,3
combined,SEA,D,a,1.146,29,1.612,3
combined,SEA,D,p,1.348,31,2.091,3
combined,SEA,D,sog,7.979,7,7.367,3
combined,SEA,D,blk,6.219,31,8.404,3
combined,SEA,D,hit,6.502,9,6.048,3
combined,SEA,D,pim,3.561,15,3.692,3
combined,SEA,D,ppg,0.049,13,0.066,3
combined,SEA,D,toi,117.193,7,116.472,3
combined,SEA,D,sv,0.0,15,0.0,3
combined,SEA,D,ga,0.0,15,0.0,3
combined,SEA,D,sa,0.0,15,0.0,3
combined,SEA,G,g,0.0,15,0.0,3
combined,SEA,G,a,0.0,15,0.0,3
combined,SEA,G,p,0.0,15,0.0,3
combined,SEA,G,sog,0.0,15,0.0,3
combined,SEA,G,blk,0.0,15,0.0,3
combined,SEA,G,hit,0.0,15,0.0,3
combined,SEA,G,pim,0.056,12,0.056,3
combined,SEA,G,ppg,0.0,15,0.0,3
combined,SEA,G,toi,60.105,15,60.215,3
combined,SEA,G,sv,22.488,26,24.486,3
combined,SEA,G,ga,3.299,7,2.878,3
combined,SEA,G,sa,25.787,24,27.354,3
combined,SEA,W,g,0.986,30,1.408,3
combined,SEA,W,a,1.435,25,1.711,3
combined,SEA,W,p,2.422,30,3.119,3
combined,SEA,W,sog,10.52,16,10.563,3
combined,SEA,W,blk,2.711,18,2.817,3
combined,SEA,W,hit,8.349,18,8.664,3
combined,SEA,W,pim,3.407,9,3.089,3
combined,SEA,W,ppg,0.188,22,0.297,3
combined,SEA,W,toi,92.107,18,91.186,3
combined,SEA,W,sv,0.0,15,0.0,3
combined,SEA,W,ga,0.0,15,0.0,3
combined,SEA,W,sa,0.0,15,0.0,3
combined,SJ,C,g,1.06,18,1.16,3
combined,SJ,C,a,2.202,8,1.824,3
combined,SJ,C,p,3.261,13,2.984,3
combined,SJ,C,sog,8.917,22,9.535,3
combined,SJ,C,blk,2.941,23,3.184,3
combined,SJ,C,hit,6.164,30,7.53,3
combined,SJ,C,pim,1.763,30,2.64,3
combined,SJ,C,ppg,0.338,10,0.265,3
combined,SJ,C,toi,87.093,20,89.818,3
combined,SJ,C,sv,0.0,11,0.0,3
combined,SJ,C,ga,0.0,11,0.0,3
combined,SJ,C,sa,0.0,11,0.0,3
combined,SJ,D,g,0.484,16,0.479,3
combined,SJ,D,a,1.766,10,1.612,3
combined,SJ,D,p,2.251,12,2.091,3
combined,SJ,D,sog,7.432,18,7.367,3
combined,SJ,D,blk,7.362,27,8.404,3
combined,SJ,D,hit,5.526,22,6.048,3
combined,SJ,D,pim,3.787,13,3.692,3
combined,SJ,D,ppg,0.063,9,0.066,3
combined,SJ,D,toi,116.52,12,116.472,3
combined,SJ,D,sv,0.0,11,0.0,3
combined,SJ,D,ga,0.0,11,0.0,3
combined,SJ,D,sa,0.0,11,0.0,3
combined,SJ,G,g,0.0,11,0.0,3
combined,SJ,G,a,0.0,11,0.0,3
combined,SJ,G,p,0.0,11,0.0,3
combined,SJ,G,sog,0.0,11,0.0,3
combined,SJ,G,blk,0.0,11,0.0,3
combined,SJ,G,hit,0.0,11,0.0,3
combined,SJ,G,pim,0.049,14,0.056,3
combined,SJ,G,ppg,0.0,11,0.0,3
combined,SJ,G,toi,60.938,5,60.215,3
combined,SJ,G,sv,21.711,28,24.486,3
combined,SJ,G,ga,2.937,15,2.878,3
combined,SJ,G,sa,24.634,28,27.354,3
combined,SJ,W,g,2.191,1,1.408,3
combined,SJ,W,a,2.126,5,1.711,3
combined,SJ,W,p,4.317,1,3.119,3
combined,SJ,W,sog,13.014,1,10.563,3
combined,SJ,W,blk,2.983,11,2.817,3
combined,SJ,W,hit,8.69,16,8.664,3
combined,SJ,W,pim,2.7,17,3.089,3
combined,SJ,W,ppg,0.432,6,0.297,3
combined,SJ,W,toi,95.737,7,91.186,3
combined,SJ,W,sv,0.0,11,0.0,3
combined,SJ,W,ga,0.0,11,0.0,3
combined,SJ,W,sa,0.0,11,0.0,3
combined,STL,C,g,1.313,11,1.16,2
combined,STL,C,a,2.321,5,1.824,2
combined,STL,C,p,3.634,7,2.984,2
combined,STL,C,sog,11.415,3,9.535,2
combined,STL,C,blk,4.057,2,3.184,2
combined,STL,C,hit,6.329,28,7.53,2
combined,STL,C,pim,3.0,8,2.64,2
combined,STL,C,ppg,0.211,18,0.265,2
combined,STL,C,toi,97.04,3,89.818,2
combined,STL,C,sv,0.0,10,0.0,2
combined,STL,C,ga,0.0,10,0.0,2
combined,STL,C,sa,0.0,10,0.0,2
combined,STL,D,g,0.61,9,0.479,2
combined,STL,D,a,1.362,23,1.612,2
combined,STL,D,p,1.971,18,2.091,2
combined,STL,D,sog,8.142,4,7.367,2
combined,STL,D,blk,7.992,20,8.404,2
combined,STL,D,hit,5.955,18,6.048,2
combined,STL,D,pim,2.179,30,3.692,2
combined,STL,D,ppg,0.033,24,0.066,2
combined,STL,D,toi,114.948,31,116.472,2
combined,STL,D,sv,0.0,10,0.0,2
combined,STL,D,ga,0.0,10,0.0,2
combined,STL,D,sa,0.0,10,0.0,2
combined,STL,G,g,0.0,10,0.0,2
combined,STL,G,a,0.0,10,0.0,2
combined,STL,G,p,0.0,10,0.0,2
combined,STL,G,sog,0.0,10,0.0,2
combined,STL,G,blk,0.0,10,0.0,2
combined,STL,G,hit,0.0,10,0.0,2
combined,STL,G,pim,0.097,4,0.056,2
combined,STL,G,ppg,0.0,10,0.0,2
combined,STL,G,toi,59.667,29,60.215,2
combined,STL,G,sv,22.525,25,24.486,2
combined,STL,G,ga,2.264,27,2.878,2
combined,STL,G,sa,24.781,27,27.354,2
combined,STL,W,g,1.142,25,1.408,2
combined,STL,W,a,1.471,22,1.711,2
combined,STL,W,p,2.614,23,3.119,2
combined,STL,W,sog,9.081,28,10.563,2
combined,STL,W,blk,2.431,25,2.817,2
combined,STL,W,hit,5.971,31,8.664,2
combined,STL,W,pim,2.727,15,3.089,2
combined,STL,W,ppg,0.179,24,0.297,2
combined,STL,W,toi,84.474,29,91.186,2
combined,STL,W,sv,0.0,10,0.0,2
combined,STL,W,ga,0.0,10,0.0,2
combined,STL,W,sa,0.0,10,0.0,2
combined,TB,C,g,0.864,26,1.16,3
combined,TB,C,a,1.348,28,1.824,3
combined,TB,C,p,2.212,29,2.984,3
combined,TB,C,sog,6.698,32,9.535,3
combined,TB,C,blk,3.809,5,3.184,3
combined,TB,C,hit,6.97,21,7.53,3
combined,TB,C,pim,3.49,3,2.64,3
combined,TB,C,ppg,0.22,17,0.265,3
combined,TB,C,toi,81.073,31,89.818,3
combined,TB,C,sv,0.0,24,0.0,3
combined,TB,C,ga,0.0,24,0.0,3
combined,TB,C,sa,0.0,24,0.0,3
combined,TB,D,g,0.218,31,0.479,3
combined,TB,D,a,1.374,22,1.612,3
combined,TB,D,p,1.592,27,2.091,3
combined,TB,D,sog,6.216,29,7.367,3
combined,TB,D,blk,9.736,6,8.404,3
combined,TB,D,hit,6.862,5,6.048,3
combined,TB,D,pim,5.718,2,3.692,3
combined,TB,D,ppg,0.026,27,0.066,3
combined,TB,D,toi,116.056,23,116.472,3
combined,TB,D,sv,0.0,24,0.0,3
combined,TB,D,ga,0.0,24,0.0,3
combined,TB,D,sa,0.0,24,0.0,3
combined,TB,G,g,0.0,24,0.0,3
combined,TB,G,a,0.0,24,0.0,3
combined,TB,G,p,0.0,24,0.0,3
combined,TB,G,sog,0.0,24,0.0,3
combined,TB,G,blk,0.0,24,0.0,3
combined,TB,G,hit,0.0,24,0.0,3
combined,TB,G,pim,0.147,3,0.056,3
combined,TB,G,ppg,0.0,24,0.0,3
combined,TB,G,toi,59.428,31,60.215,3
combined,TB,G,sv,25.996,9,24.486,3
combined,TB,G,ga,2.642,20,2.878,3
combined,TB,G,sa,28.631,10,27.354,3
combined,TB,W,g,1.348,18,1.408,3
combined,TB,W,a,1.262,30,1.711,3
combined,TB,W,p,2.61,24,3.119,3
combined,TB,W,sog,10.57,15,10.563,3
combined,TB,W,blk,3.0,10,2.817,3
combined,TB,W,hit,9.676,8,8.664,3
combined,TB,W,pim,5.778,2,3.089,3
combined,TB,W,ppg,0.218,19,0.297,3
combined,TB,W,toi,97.682,2,91.186,3
combined,TB,W,sv,0.0,24,0.0,3
combined,TB,W,ga,0.0,24,0.0,3
combined,TB,W,sa,0.0,24,0.0,3
combined,TOR,C,g,0.874,25,1.16,3
combined,TOR,C,a,1.735,17,1.824,3
combined,TOR,C,p,2.61,20,2.984,3
combined,TOR,C,sog,10.129,13,9.535,3
combined,TOR,C,blk,3.063,20,3.184,3
combined,TOR,C,hit,8.282,9,7.53,3
combined,TOR,C,pim,2.425,20,2.64,3
combined,TOR,C,ppg,0.146,25,0.265,3
combined,TOR,C,toi,86.218,23,89.818,3
combined,TOR,C,sv,0.0,12,0.0,3
combined,TOR,C,ga,0.0,12,0.0,3
combined,TOR,C,sa,0.0,12,0.0,3
combined,TOR,D,g,0.697,4,0.479,3
combined,TOR,D,a,1.397,19,1.612,3
combined,TOR,D,p,2.094,15,2.091,3
combined,TOR,D,sog,7.683,15,7.367,3
combined,TOR,D,blk,7.972,21,8.404,3
combined,TOR,D,hit,4.631,31,6.048,3
combined,TOR,D,pim,2.515,29,3.692,3
combined,TOR,D,ppg,0.028,26,0.066,3
combined,TOR,D,toi,115.664,28,116.472,3
combined,TOR,D,sv,0.0,12,0.0,3
combined,TOR,D,ga,0.0,12,0.0,3
combined,TOR,D,sa,0.0,12,0.0,3
combined,TOR,G,g,0.0,12,0.0,3
combined,TOR,G,a,0.0,12,0.0,3
combined,TOR,G,p,0.0,12,0.0,3
combined,TOR,G,sog,0.0,12,0.0,3
combined,TOR,G,blk,0.0,12,0.0,3
combined,TOR,G,hit,0.0,12,0.0,3
combined,TOR,G,pim,0.0,31,0.056,3
combined,TOR,G,ppg,0.0,12,0.0,3
combined,TOR,G,toi,59.86,25,60.215,3
combined,TOR,G,sv,24.296,18,24.486,3
combined,TOR,G,ga,2.481,23,2.878,3
combined,TOR,G,sa,26.77,19,27.354,3
combined,TOR,W,g,1.484,13,1.408,3
combined,TOR,W,a,1.826,12,1.711,3
combined,TOR,W,p,3.31,9,3.119,3
combined,TOR,W,sog,12.153,5,10.563,3
combined,TOR,W,blk,1.85,32,2.817,3
combined,TOR,W,hit,9.083,14,8.664,3
combined,TOR,W,pim,3.261,12,3.089,3
combined,TOR,W,ppg,0.126,32,0.297,3
combined,TOR,W,toi,94.12,11,91.186,3
combined,TOR,W,sv,0.0,12,0.0,3
combined,TOR,W,ga,0.0,12,0.0,3
combined,TOR,W,sa,0.0,12,0.0,3
combined,UTA,C,g,1.058,19,1.16,3
combined,UTA,C,a,1.117,31,1.824,3
combined,UTA,C,p,2.175,30,2.984,3
combined,UTA,C,sog,7.675,30,9.535,3
combined,UTA,C,blk,2.968,22,3.184,3
combined,UTA,C,hit,5.967,31,7.53,3
combined,UTA,C,pim,2.857,13,2.64,3
combined,UTA,C,ppg,0.162,22,0.265,3
combined,UTA,C,toi,85.109,26,89.818,3
combined,UTA,C,sv,0.0,9,0.0,3
combined,UTA,C,ga,0.0,9,0.0,3
combined,UTA,C,sa,0.0,9,0.0,3
combined,UTA,D,g,0.324,24,0.479,3
combined,UTA,D,a,1.201,27,1.612,3
combined,UTA,D,p,1.526,29,2.091,3
combined,UTA,D,sog,6.143,30,7.367,3
combined,UTA,D,blk,10.24,4,8.404,3
combined,UTA,D,hit,5.968,16,6.048,3
combined,UTA,D,pim,3.039,23,3.692,3
combined,UTA,D,ppg,0.033,23,0.066,3
combined,UTA,D,toi,116.125,21,116.472,3
combined,UTA,D,sv,0.0,9,0.0,3
combined,UTA,D,ga,0.0,9,0.0,3
combined,UTA,D,sa,0.0,9,0.0,3
combined,UTA,G,g,0.0,9,0.0,3
combined,UTA,G,a,0.0,9,0.0,3
combined,UTA,G,p,0.0,9,0.0,3
combined,UTA,G,sog,0.0,9,0.0,3
combined,UTA,G,blk,0.0,9,0.0,3
combined,UTA,G,hit,0.0,9,0.0,3
combined,UTA,G,pim,0.013,28,0.056,3
combined,UTA,G,ppg,0.0,9,0.0,3
combined,UTA,G,toi,60.084,16,60.215,3
combined,UTA,G,sv,25.558,14,24.486,3
combined,UTA,G,ga,3.448,5,2.878,3
combined,UTA,G,sa,29.0,9,27.354,3
combined,UTA,W,g,1.039,28,1.408,3
combined,UTA,W,a,1.526,21,1.711,3
combined,UTA,W,p,2.565,26,3.119,3
combined,UTA,W,sog,9.156,27,10.563,3
combined,UTA,W,blk,3.643,4,2.817,3
combined,UTA,W,hit,9.0,15,8.664,3
combined,UTA,W,pim,4.123,5,3.089,3
combined,UTA,W,ppg,0.182,23,0.297,3
combined,UTA,W,toi,96.257,4,91.186,3
combined,UTA,W,sv,0.0,9,0.0,3
combined,UTA,W,ga,0.0,9,0.0,3
combined,UTA,W,sa,0.0,9,0.0,3
combined,VAN,C,g,1.405,6,1.16,4
combined,VAN,C,a,2.341,4,1.824,4
combined,VAN,C,p,3.747,5,2.984,4
combined,VAN,C,sog,10.277,11,9.535,4
combined,VAN,C,blk,2.866,25,3.184,4
combined,VAN,C,hit,6.662,25,7.53,4
combined,VAN,C,pim,2.079,26,2.64,4
combined,VAN,C,ppg,0.277,13,0.265,4
combined,VAN,C,toi,84.358,30,89.818,4
combined,VAN,C,sv,0.0,32,0.0,4
combined,VAN,C,ga,0.0,32,0.0,4
combined,VAN,C,sa,0.0,32,0.0,4
combined,VAN,D,g,0.899,1,0.479,4
combined,VAN,D,a,1.942,8,1.612,4
combined,VAN,D,p,2.841,2,2.091,4
combined,VAN,D,sog,7.887,9,7.367,4
combined,VAN,D,blk,8.244,17,8.404,4
combined,VAN,D,hit,5.104,26,6.048,4
combined,VAN,D,pim,2.939,25,3.692,4
combined,VAN,D,ppg,0.067,8,0.066,4
combined,VAN,D,toi,116.493,14,116.472,4
combined,VAN,D,sv,0.0,32,0.0,4
combined,VAN,D,ga,0.0,32,0.0,4
combined,VAN,D,sa,0.0,32,0.0,4
combined,VAN,G,g,0.0,32,0.0,4
combined,VAN,G,a,0.0,32,0.0,4
combined,VAN,G,p,0.0,32,0.0,4
combined,VAN,G,sog,0.0,32,0.0,4
combined,VAN,G,blk,0.0,32,0.0,4
combined,VAN,G,hit,0.0,32,0.0,4
combined,VAN,G,pim,0.025,25,0.056,4
combined,VAN,G,ppg,0.0,32,0.0,4
combined,VAN,G,toi,60.358,11,60.215,4
combined,VAN,G,sv,20.701,30,24.486,4
combined,VAN,G,ga,3.482,4,2.878,4
combined,VAN,G,sa,24.183,29,27.354,4
combined,VAN,W,g,1.86,3,1.408,4
combined,VAN,W,a,2.189,3,1.711,4
combined,VAN,W,p,4.049,4,3.119,4
combined,VAN,W,sog,11.744,7,10.563,4
combined,VAN,W,blk,2.774,15,2.817,4
combined,VAN,W,hit,10.927,3,8.664,4
combined,VAN,W,pim,5.814,1,3.089,4
combined,VAN,W,ppg,0.677,1,0.297,4
combined,VAN,W,toi,95.811,6,91.186,4
combined,VAN,W,sv,0.0,32,0.0,4
combined,VAN,W,ga,0.0,32,0.0,4
combined,VAN,W,sa,0.0,32,0.0,4
combined,VGK,C,g,0.851,27,1.16,3
combined,VGK,C,a,1.786,16,1.824,3
combined,VGK,C,p,2.637,19,2.984,3
combined,VGK,C,sog,7.714,28,9.535,3
combined,VGK,C,blk,3.511,9,3.184,3
combined,VGK,C,hit,6.984,20,7.53,3
combined,VGK,C,pim,1.731,31,2.64,3
combined,VGK,C,ppg,0.105,30,0.265,3
combined,VGK,C,toi,84.437,28,89.818,3
combined,VGK,C,sv,0.0,22,0.0,3
combined,VGK,C,ga,0.0,22,0.0,3
combined,VGK,C,sa,0.0,22,0.0,3
combined,VGK,D,g,0.225,30,0.479,3
combined,VGK,D,a,1.736,12,1.612,3
combined,VGK,D,p,1.962,19,2.091,3
combined,VGK,D,sog,5.116,32,7.367,3
combined,VGK,D,blk,9.016,8,8.404,3
combined,VGK,D,hit,5.687,20,6.048,3
combined,VGK,D,pim,2.725,27,3.692,3
combined,VGK,D,ppg,0.022,29,0.066,3
combined,VGK,D,toi,117.652,3,116.472,3
combined,VGK,D,sv,0.0,22,0.0,3
combined,VGK,D,ga,0.0,22,0.0,3
combined,VGK,D,sa,0.0,22,0.0,3
combined,VGK,G,g,0.0,22,0.0,3
combined,VGK,G,a,0.0,22,0.0,3
combined,VGK,G,p,0.0,22,0.0,3
combined,VGK,G,sog,0.0,22,0.0,3
combined,VGK,G,blk,0.0,22,0.0,3
combined,VGK,G,hit,0.0,22,0.0,3
combined,VGK,G,pim,0.044,17,0.056,3
combined,VGK,G,ppg,0.0,22,0.0,3
combined,VGK,G,toi,60.198,13,60.215,3
combined,VGK,G,sv,26.401,6,24.486,3
combined,VGK,G,ga,3.208,9,2.878,3
combined,VGK,G,sa,29.61,6,27.354,3
combined,VGK,W,g,1.736,7,1.408,3
combined,VGK,W,a,1.248,31,1.711,3
combined,VGK,W,p,2.983,19,3.119,3
combined,VGK,W,sog,11.105,12,10.563,3
combined,VGK,W,blk,2.45,24,2.817,3
combined,VGK,W,hit,10.357,5,8.664,3
combined,VGK,W,pim,2.506,22,3.089,3
combined,VGK,W,ppg,0.291,15,0.297,3
combined,VGK,W,toi,96.658,3,91.186,3
combined,VGK,W,sv,0.0,22,0.0,3
combined,VGK,W,ga,0.0,22,0.0,3
combined,VGK,W,sa,0.0,22,0.0,3
combined,WPG,C,g,1.184,16,1.16,3
combined,WPG,C,a,1.603,21,1.824,3
combined,WPG,C,p,2.788,18,2.984,3
combined,WPG,C,sog,11.133,5,9.535,3
combined,WPG,C,blk,2.547,28,3.184,3
combined,WPG,C,hit,7.798,15,7.53,3
combined,WPG,C,pim,2.826,14,2.64,3
combined,WPG,C,ppg,0.139,26,0.265,3
combined,WPG,C,toi,96.186,5,89.818,3
combined,WPG,C,sv,0.0,19,0.0,3
combined,WPG,C,ga,0.0,19,0.0,3
combined,WPG,C,sa,0.0,19,0.0,3
combined,WPG,D,g,0.628,8,0.479,3
combined,WPG,D,a,1.94,9,1.612,3
combined,WPG,D,p,2.568,7,2.091,3
combined,WPG,D,sog,8.275,3,7.367,3
combined,WPG,D,blk,7.362,28,8.404,3
combined,WPG,D,hit,5.575,21,6.048,3
combined,WPG,D,pim,1.93,31,3.692,3
combined,WPG,D,ppg,0.056,12,0.066,3
combined,WPG,D,toi,116.295,20,116.472,3
combined,WPG,D,sv,0.0,19,0.0,3
combined,WPG,D,ga,0.0,19,0.0,3
combined,WPG,D,sa,0.0,19,0.0,3
combined,WPG,G,g,0.0,19,0.0,3
combined,WPG,G,a,0.0,19,0.0,3
combined,WPG,G,p,0.0,19,0.0,3
combined,WPG,G,sog,0.0,19,0.0,3
combined,WPG,G,blk,0.0,19,0.0,3
combined,WPG,G,hit,0.0,19,0.0,3
combined,WPG,G,pim,0.014,27,0.056,3
combined,WPG,G,ppg,0.0,19,0.0,3
combined,WPG,G,toi,59.595,30,60.215,3
combined,WPG,G,sv,25.613,12,24.486,3
combined,WPG,G,ga,2.791,18,2.878,3
combined,WPG,G,sa,28.404,12,27.354,3
combined,WPG,W,g,1.115,26,1.408,3
combined,WPG,W,a,1.822,14,1.711,3
combined,WPG,W,p,2.937,21,3.119,3
combined,WPG,W,sog,10.317,20,10.563,3
combined,WPG,W,blk,2.321,27,2.817,3
combined,WPG,W,hit,6.356,30,8.664,3
combined,WPG,W,pim,3.515,8,3.089,3
combined,WPG,W,ppg,0.303,14,0.297,3
combined,WPG,W,toi,86.789,26,91.186,3
combined,WPG,W,sv,0.0,19,0.0,3
combined,WPG,W,ga,0.0,19,0.0,3
combined,WPG,W,sa,0.0,19,0.0,3
combined,WSH,C,g,1.431,5,1.16,2
combined,WSH,C,a,1.455,25,1.824,2
combined,WSH,C,p,2.886,17,2.984,2
combined,WSH,C,sog,9.48,17,9.535,2
combined,WSH,C,blk,3.122,19,3.184,2
combined,WSH,C,hit,6.919,22,7.53,2
combined,WSH,C,pim,2.87,10,2.64,2
combined,WSH,C,ppg,0.362,6,0.265,2
combined,WSH,C,toi,85.97,24,89.818,2
combined,WSH,C,sv,0.0,21,0.0,2
combined,WSH,C,ga,0.0,21,0.0,2
combined,WSH,C,sa,0.0,21,0.0,2
combined,WSH,D,g,0.508,15,0.479,2
combined,WSH,D,a,1.341,25,1.612,2
combined,WSH,D,p,1.849,21,2.091,2
combined,WSH,D,sog,7.431,19,7.367,2
combined,WSH,D,blk,8.199,18,8.404,2
combined,WSH,D,hit,5.459,23,6.048,2
combined,WSH,D,pim,5.541,3,3.692,2
combined,WSH,D,ppg,0.073,7,0.066,2
combined,WSH,D,toi,114.772,32,116.472,2
combined,WSH,D,sv,0.0,21,0.0,2
combined,WSH,D,ga,0.0,21,0.0,2
combined,WSH,D,sa,0.0,21,0.0,2
combined,WSH,G,g,0.0,21,0.0,2
combined,WSH,G,a,0.0,21,0.0,2
combined,WSH,G,p,0.0,21,0.0,2
combined,WSH,G,sog,0.0,21,0.0,2
combined,WSH,G,blk,0.0,21,0.0,2
combined,WSH,G,hit,0.0,21,0.0,2
combined,WSH,G,pim,0.049,15,0.056,2
combined,WSH,G,ppg,0.0,21,0.0,2
combined,WSH,G,toi,59.967,22,60.215,2
combined,WSH,G,sv,23.585,21,24.486,2
combined,WSH,G,ga,2.919,16,2.878,2
combined,WSH,G,sa,26.496,20,27.354,2
combined,WSH,W,g,0.829,32,1.408,2
combined,WSH,W,a,2.163,4,1.711,2
combined,WSH,W,p,2.992,18,3.119,2
combined,WSH,W,sog,12.345,4,10.563,2
combined,WSH,W,blk,2.76,16,2.817,2
combined,WSH,W,hit,10.305,6,8.664,2
combined,WSH,W,pim,2.715,16,3.089,2
combined,WSH,W,ppg,0.138,29,0.297,2
combined,WSH,W,toi,95.144,8,91.186,2
combined,WSH,W,sv,0.0,21,0.0,2
combined,WSH,W,ga,0.0,21,0.0,2
combined,WSH,W,sa,0.0,21,0.0,2
