pid,player,team,slot,gp,gp_prior,gp_all,last_date,starter_rate,g,g_prior,g_all,g_l5,g_l10,g_sd,a,a_prior,a_all,a_l5,a_l10,a_sd,p,p_prior,p_all,p_l5,p_l10,p_sd,sog,sog_prior,sog_all,sog_l5,sog_l10,sog_sd,blk,blk_prior,blk_all,blk_l5,blk_l10,blk_sd,hit,hit_prior,hit_all,hit_l5,hit_l10,hit_sd,pim,pim_prior,pim_all,pim_l5,pim_l10,pim_sd,ppg,ppg_prior,ppg_all,ppg_l5,ppg_l10,ppg_sd,toi,toi_prior,toi_all,toi_l5,toi_l10,toi_sd,sv,sv_prior,sv_all,sv_l5,sv_l10,sv_sd,ga,ga_prior,ga_all,ga_l5,ga_l10,ga_sd,sa,sa_prior,sa_all,sa_l5,sa_l10,sa_sd
8470594,M. Fleury,MIN,G,0,0,88,2025-05-01,0.28,,,,,,,,,,,,,,,,,,,,,,,,,,,,,,,,,,,,,,,0.023,0.0,0.0,0.0,,,,,,,,,16.072,4.817,9.94,19.417,,,6.909,1.2,3.8,8.419,,,0.784,0.2,0.8,1.577,,,7.693,1.4,4.6,9.841
8470600,R. Suter,STL,D,0,0,87,2025-05-04,1.0,,,0.023,0.0,0.1,0.196,,,0.161,0.2,0.1,0.325,,,0.184,0.2,0.2,0.367,,,0.736,0.4,0.5,0.862,,,1.356,1.8,1.9,1.222,,,0.471,0.4,0.6,0.753,,,0.276,0.0,0.2,0.543,,,0.0,0.0,0.0,0.0,,,19.324,16.907,16.868,1.44,,,,,,,,,,,,,,,,,,
8470613,B. Burns,COL,D,2,95,194,2026-10-03,1.0,0.0,0.126,0.098,0.0,0.0,0.271,0.5,0.284,0.284,0.4,0.5,0.557,0.5,0.411,0.381,0.4,0.5,0.697,1.0,2.053,2.046,1.8,1.8,1.356,0.5,1.095,1.144,1.0,1.1,0.871,0.5,0.411,0.314,1.0,1.4,1.055,1.0,0.4,0.402,1.2,0.8,0.854,0.0,0.0,0.0,0.0,0.0,0.0,14.275,18.779,19.973,16.77,17.373,1.933,,,,,,,,,,,,,,,,,,
8470621,C. Perry,LA,W,2,79,184,2026-10-06,0.0,0.0,0.215,0.25,0.0,0.1,0.367,0.0,0.253,0.19,0.0,0.0,0.271,0.0,0.468,0.44,0.0,0.1,0.512,1.5,1.494,1.424,0.8,1.2,1.243,0.0,0.291,0.283,0.0,0.4,0.512,0.0,0.456,0.582,0.6,0.6,0.566,0.0,1.076,0.859,0.0,0.6,1.632,0.0,0.063,0.076,0.0,0.0,0.196,10.825,13.263,12.892,9.45,10.133,2.406,,,,,,,,,,,,,,,,,,
8471214,A. Ovechkin,WSH,W,2,82,159,2026-10-03,1.0,0.0,0.39,0.509,0.2,0.3,0.8,0.5,0.39,0.396,0.6,0.5,0.531,0.5,0.78,0.906,0.8,0.8,0.835,0.5,2.976,3.239,3.0,3.2,1.477,0.5,0.195,0.208,0.4,0.3,0.601,2.0,1.634,1.755,2.0,2.0,1.265,0.0,0.317,0.289,0.0,0.0,0.65,0.0,0.061,0.138,0.0,0.0,0.196,13.167,17.448,17.481,15.26,16.117,1.938,,,,,,,,,,,,,,,,,,
8471215,E. Malkin,PIT,C,3,62,133,2026-10-05,1.0,0.667,0.339,0.293,0.4,0.4,0.748,0.667,0.694,0.594,0.4,0.3,0.693,1.333,1.032,0.887,0.8,0.7,1.131,2.333,2.516,2.165,2.0,1.7,1.899,0.333,0.29,0.504,0.2,0.2,0.4,0.0,0.452,0.451,0.0,0.4,0.7,0.667,1.081,0.835,0.8,0.8,3.428,0.667,0.081,0.083,0.4,0.3,0.367,17.75,17.627,17.711,17.463,17.922,3.021,,,,,,,,,,,,,,,,,,
8471675,S. Crosby,PIT,C,3,74,157,2026-10-05,1.0,0.0,0.405,0.401,0.0,0.1,0.325,0.667,0.662,0.694,0.8,0.6,0.731,0.667,1.068,1.096,0.8,0.7,0.871,3.333,2.419,2.65,3.0,3.1,1.795,0.0,0.473,0.471,0.2,0.5,0.64,1.333,0.932,0.892,1.0,1.5,1.155,0.0,0.676,0.516,0.0,0.8,1.229,0.0,0.149,0.146,0.0,0.1,0.196,18.994,19.37,19.875,20.07,20.263,3.083,,,,,,,,,,,,,,,,,,
8471677,J. Johnson,CBJ,D,0,0,41,2025-04-06,0.56,,,0.0,0.0,0.0,0.0,,,0.146,0.2,0.2,0.49,,,0.146,0.2,0.2,0.49,,,0.561,0.8,0.6,0.898,,,0.854,1.0,0.9,0.774,,,0.512,0.8,1.0,0.7,,,0.049,0.0,0.0,0.0,,,0.0,0.0,0.0,0.0,,,12.873,14.75,13.695,2.919,,,,,,,,,,,,,,,,,,
8471685,A. Kopitar,LA,C,0,71,158,2026-04-26,0.99,,0.169,0.222,0.0,0.0,0.512,,0.366,0.5,0.0,0.2,0.449,,0.535,0.722,0.0,0.2,0.574,,1.465,1.329,1.2,1.5,1.324,,0.944,0.886,1.6,1.1,1.23,,0.507,0.475,0.6,0.5,0.632,,0.141,0.089,0.0,0.0,0.392,,0.07,0.063,0.0,0.0,0.392,,19.117,19.125,19.177,19.685,1.364,,,,,,,,,,,,,,,,,,
8471709,M. Vlasic,SJ,D,0,0,27,2025-04-16,0.85,,,0.037,0.0,0.1,0.196,,,0.074,0.0,0.0,0.196,,,0.111,0.0,0.1,0.271,,,0.741,1.2,1.2,0.776,,,1.481,0.6,1.1,1.136,,,0.148,0.0,0.0,0.463,,,0.074,0.4,0.2,0.392,,,0.0,0.0,0.0,0.0,,,14.625,13.4,13.198,2.318,,,,,,,,,,,,,,,,,,
8471724,K. Letang,PIT,D,3,80,157,2026-10-05,1.0,0.0,0.062,0.089,0.2,0.2,0.271,1.0,0.388,0.35,0.6,0.3,0.693,1.0,0.45,0.439,0.8,0.5,0.7,3.0,1.438,1.834,2.4,2.0,1.106,0.333,1.25,1.28,0.6,0.7,0.824,1.0,1.325,1.459,2.0,1.4,1.2,0.0,0.725,0.701,0.4,2.0,2.778,0.0,0.013,0.032,0.0,0.0,0.0,20.539,21.843,22.611,23.41,22.223,3.077,,,,,,,,,,,,,,,,,,
8471734,J. Quick,NYR,G,0,68,150,2026-04-13,0.33,,,,,,,,,,,,,,,,,,,,,,,,,,,,,,,,,,,,,,0.206,0.107,0.0,0.0,0.0,,,,,,,,20.853,18.291,23.607,17.803,29.076,,8.794,7.9,9.0,7.8,13.647,,1.074,0.953,0.8,1.0,1.897,,9.868,8.853,9.8,8.8,15.097
8471817,R. Reaves,SJ,W,0,50,85,2026-03-21,0.02,,0.06,0.035,0.0,0.0,0.196,,0.0,0.024,0.0,0.0,0.0,,0.06,0.059,0.0,0.0,0.196,,0.5,0.459,0.4,0.4,0.557,,0.3,0.271,0.0,0.3,0.557,,3.2,3.094,4.0,3.1,2.637,,0.74,0.765,1.0,0.7,1.563,,0.0,0.0,0.0,0.0,0.0,,7.808,7.805,5.877,7.112,2.627,,,,,,,,,,,,,,,,,,
8473419,B. Marchand,FLA,W,2,52,148,2026-10-06,0.5,0.5,0.519,0.412,0.2,0.3,0.7,0.0,0.519,0.439,0.2,0.2,0.574,0.5,1.038,0.851,0.4,0.5,0.916,2.5,2.654,2.595,1.6,1.8,1.52,0.0,0.308,0.426,0.0,0.0,0.431,1.0,0.692,1.047,0.8,0.4,0.98,0.0,0.731,1.014,0.8,0.4,1.091,0.0,0.115,0.081,0.0,0.0,0.367,11.383,17.735,17.767,12.3,13.03,3.724,,,,,,,,,,,,,,,,,,
8473422,N. Foligno,MIN,W,3,65,146,2026-10-06,0.67,0.333,0.092,0.151,0.6,0.3,0.463,0.0,0.185,0.219,0.0,0.0,0.325,0.333,0.277,0.37,0.6,0.3,0.601,1.0,0.908,1.137,1.6,1.1,1.166,0.0,0.585,0.493,0.2,0.4,0.632,0.0,2.538,2.5,1.0,2.3,1.769,0.0,0.769,0.671,0.0,0.0,1.592,0.0,0.0,0.014,0.0,0.0,0.0,9.95,12.553,14.301,10.363,11.088,2.907,,,,,,,,,,,,,,,,,,
8473446,E. Johnson,COL,D,0,0,38,2025-04-21,0.87,,,0.053,0.2,0.1,0.196,,,0.079,0.0,0.1,0.271,,,0.132,0.2,0.2,0.325,,,1.079,2.2,1.8,1.204,,,0.737,1.2,1.1,0.8,,,1.684,1.6,1.6,1.25,,,0.395,0.4,0.2,0.65,,,0.0,0.0,0.0,0.0,,,14.6,17.453,16.893,2.479,,,,,,,,,,,,,,,,,,
8473453,T. Lewis,LA,C,0,0,62,2025-04-27,0.24,,,0.097,0.0,0.2,0.325,,,0.097,0.2,0.1,0.271,,,0.194,0.2,0.3,0.4,,,0.855,1.0,0.9,1.032,,,0.581,0.8,0.8,0.686,,,1.694,2.2,2.1,1.378,,,0.323,0.0,0.0,0.543,,,0.0,0.0,0.0,0.0,,,10.026,9.7,9.22,3.018,,,,,,,,,,,,,,,,,,
8473503,J. Reimer,OTT,G,0,40,117,2026-04-25,0.32,,,,,,,,,,,,,,,,,,,,,,,,,,,,,,,,,,,,,,0.0,0.0,0.0,0.0,0.0,,,,,,,,20.445,18.638,12.0,12.33,26.105,,6.4,7.265,3.8,4.5,8.344,,0.825,0.872,0.2,0.5,1.136,,7.225,8.128,4.0,5.0,9.351
8473507,J. Petry,MIN,D,0,70,114,2026-05-13,0.89,,0.0,0.009,0.0,0.0,0.0,,0.129,0.14,0.0,0.0,0.196,,0.129,0.149,0.0,0.0,0.196,,0.786,0.772,0.8,0.5,0.907,,0.943,1.254,1.2,0.8,0.786,,0.971,1.044,1.2,0.7,1.084,,0.343,0.351,0.4,0.2,0.65,,0.0,0.0,0.0,0.0,0.0,,14.497,16.195,12.507,12.838,3.55,,,,,,,,,,,,,,,,,,
8473512,C. Giroux,OTT,W,3,86,176,2026-10-06,1.0,0.0,0.163,0.17,0.0,0.0,0.325,0.667,0.407,0.432,0.4,0.5,0.614,0.667,0.57,0.602,0.4,0.5,0.637,1.667,1.733,1.699,2.2,2.4,2.0,0.0,0.349,0.409,0.6,0.3,0.786,0.667,0.849,0.83,1.0,1.0,0.95,0.667,0.256,0.239,0.4,0.2,0.392,0.0,0.012,0.034,0.0,0.0,0.0,15.933,16.491,17.305,16.787,17.438,3.047,,,,,,,,,,,,,,,,,,
8473533,J. Staal,CAR,C,4,94,188,2026-10-06,1.0,0.0,0.298,0.229,0.0,0.6,0.557,0.0,0.213,0.234,0.0,0.1,0.427,0.0,0.511,0.463,0.0,0.7,0.748,1.25,1.521,1.452,1.2,2.3,1.532,0.25,0.606,0.596,0.2,0.4,0.64,4.0,2.681,2.521,3.6,3.8,2.358,0.0,0.447,0.351,0.0,0.2,1.473,0.0,0.074,0.037,0.0,0.2,0.325,16.396,16.554,16.134,16.523,17.592,2.766,,,,,,,,,,,,,,,,,,
8473575,S. Varlamov,NYI,G,3,0,29,2026-10-06,0.33,,,,,,,,,,,,,,,,,,,,,,,,,,,,,,,,,,,,,0.0,,0.0,0.0,0.0,0.0,,,,,,,19.811,,22.822,11.887,17.8,28.974,6.333,,8.69,3.8,5.7,11.284,1.0,,1.103,0.6,1.1,1.575,7.333,,9.793,4.4,6.8,12.536
8473604,J. Toews,WPG,C,0,82,82,2026-04-16,0.83,,0.134,0.134,0.2,0.2,0.367,,0.22,0.22,0.2,0.3,0.427,,0.354,0.354,0.4,0.5,0.566,,1.28,1.28,0.6,0.8,1.046,,0.415,0.415,0.6,0.4,0.614,,0.207,0.207,0.0,0.2,0.325,,0.463,0.463,0.8,0.4,0.733,,0.061,0.061,0.0,0.1,0.271,,14.489,14.489,14.917,14.085,2.277,,,,,,,,,,,,,,,,,,
8473986,A. Killorn,ANA,W,2,94,178,2026-10-04,1.0,0.5,0.202,0.219,0.4,0.3,0.466,0.0,0.245,0.23,0.2,0.2,0.531,0.5,0.447,0.449,0.6,0.5,0.748,1.0,1.84,1.736,1.4,1.7,1.256,0.5,0.362,0.326,0.4,0.4,0.449,1.0,0.894,0.916,1.2,1.1,1.286,0.0,0.511,0.438,0.4,0.4,1.024,0.0,0.064,0.034,0.2,0.2,0.325,15.883,16.984,17.106,19.133,18.228,2.092,,,,,,,,,,,,,,,,,,
8473994,J. Benn,DAL,W,3,66,167,2026-10-05,0.67,0.333,0.227,0.198,0.2,0.1,0.271,0.333,0.318,0.341,0.2,0.2,0.531,0.667,0.545,0.539,0.4,0.3,0.625,2.0,1.212,1.479,2.0,1.4,1.488,0.333,0.364,0.503,0.2,0.2,0.7,1.0,1.364,1.635,1.2,1.4,0.935,0.0,0.924,0.94,0.4,0.8,2.076,0.0,0.03,0.024,0.0,0.0,0.0,12.528,13.338,14.238,12.69,13.428,2.249,,,,,,,,,,,,,,,,,,
8474013,I. Cole,CHI,D,4,88,174,2026-10-06,1.0,0.0,0.045,0.029,0.0,0.1,0.196,0.0,0.239,0.213,0.0,0.1,0.4,0.0,0.284,0.241,0.0,0.2,0.427,0.5,0.761,0.776,0.8,0.7,0.863,1.5,1.841,2.178,1.4,1.7,1.098,0.25,0.977,1.109,0.2,1.4,1.129,0.5,0.614,0.764,0.4,0.6,1.203,0.0,0.0,0.0,0.0,0.0,0.0,16.946,18.306,19.206,17.127,18.068,2.649,,,,,,,,,,,,,,,,,,
8474034,P. Maroon,CHI,W,0,0,68,2025-04-12,0.38,,,0.074,0.0,0.1,0.325,,,0.206,0.2,0.2,0.4,,,0.279,0.2,0.3,0.546,,,1.074,1.0,1.0,1.031,,,0.132,0.0,0.1,0.325,,,1.5,0.8,1.2,1.211,,,1.426,1.8,2.1,2.108,,,0.015,0.0,0.0,0.196,,,11.54,11.067,11.247,1.89,,,,,,,,,,,,,,,,,,
8474037,J. van Riemsdyk,DET,W,0,72,143,2026-04-15,0.5,,0.208,0.217,0.0,0.0,0.196,,0.222,0.252,0.2,0.3,0.427,,0.431,0.469,0.2,0.3,0.531,,1.375,1.287,0.6,0.4,0.833,,0.389,0.308,0.4,0.2,0.49,,0.208,0.322,0.0,0.3,0.531,,0.194,0.259,0.0,0.0,0.392,,0.097,0.056,0.0,0.0,0.196,,11.752,12.074,10.47,10.218,2.522,,,,,,,,,,,,,,,,,,
8474090,B. Smith,CBJ,D,0,15,47,2025-12-29,0.53,,0.0,0.021,0.0,0.0,0.196,,0.133,0.149,0.0,0.0,0.367,,0.133,0.17,0.0,0.0,0.4,,0.667,0.787,0.4,0.5,1.001,,0.733,0.723,1.2,0.9,0.907,,0.8,1.128,0.2,0.5,0.765,,0.733,0.936,0.0,0.2,1.709,,0.0,0.0,0.0,0.0,0.0,,11.078,12.529,11.47,11.03,2.305,,,,,,,,,,,,,,,,,,
8474102,D. Perron,DET,W,0,65,114,2026-04-15,0.82,,0.2,0.211,0.4,0.3,0.4,,0.231,0.202,0.0,0.0,0.271,,0.431,0.412,0.4,0.3,0.531,,1.431,1.518,1.8,1.6,1.382,,0.354,0.289,0.8,0.5,0.531,,1.385,1.535,1.8,1.5,1.098,,0.615,0.491,0.8,1.4,2.126,,0.046,0.061,0.0,0.0,0.0,,13.57,13.737,15.113,14.025,2.185,,,,,,,,,,,,,,,,,,
8474141,P. Kane,CHI,W,4,67,143,2026-10-06,1.0,0.25,0.239,0.266,0.2,0.3,0.546,0.0,0.612,0.552,0.0,0.5,0.733,0.25,0.851,0.818,0.2,0.8,0.938,1.5,2.522,2.448,1.6,1.9,1.525,0.5,0.358,0.343,0.4,0.2,0.49,1.0,0.313,0.308,0.8,0.5,0.693,1.5,0.239,0.238,1.2,0.8,0.8,0.0,0.03,0.098,0.0,0.0,0.0,20.213,17.695,17.909,19.8,18.832,1.778,,,,,,,,,,,,,,,,,,
8474145,R. Bortuzzo,UTA,D,0,0,17,2025-04-15,0.47,,,0.0,0.0,0.0,0.0,,,0.118,0.2,0.2,0.322,,,0.118,0.2,0.2,0.322,,,0.471,0.6,0.5,0.606,,,1.529,1.4,1.4,1.144,,,1.235,1.2,1.5,1.165,,,1.294,0.4,0.6,2.371,,,0.0,0.0,0.0,0.0,,,10.953,10.743,11.212,3.285,,,,,,,,,,,,,,,,,,
8474149,E. Dadonov,NJ,W,0,24,120,2026-04-14,0.65,,0.042,0.183,0.2,0.1,0.196,,0.0,0.192,0.0,0.0,0.0,,0.042,0.375,0.2,0.1,0.196,,0.875,1.333,0.8,0.9,0.784,,0.5,0.483,0.2,0.4,0.806,,0.292,0.583,0.2,0.1,0.449,,0.083,0.117,0.0,0.0,0.392,,0.0,0.042,0.0,0.0,0.0,,10.655,12.706,9.477,10.905,2.398,,,,,,,,,,,,,,,,,,
8474150,M. Backlund,CGY,C,3,82,161,2026-10-04,1.0,0.0,0.207,0.199,0.0,0.1,0.367,0.0,0.317,0.267,0.2,0.1,0.367,0.0,0.524,0.466,0.2,0.2,0.466,3.0,2.268,2.298,2.2,2.3,1.505,0.333,0.341,0.497,0.2,0.3,0.625,1.333,0.28,0.422,0.8,0.5,0.531,0.0,0.195,0.298,0.0,0.0,0.392,0.0,0.012,0.012,0.0,0.0,0.0,17.111,17.949,18.305,16.86,17.783,1.919,,,,,,,,,,,,,,,,,,
8474151,R. McDonagh,TB,D,3,55,145,2026-10-05,1.0,0.0,0.109,0.069,0.0,0.0,0.196,0.0,0.291,0.317,0.0,0.1,0.48,0.0,0.4,0.386,0.0,0.1,0.49,0.333,0.782,0.897,0.4,0.5,0.637,1.333,1.636,1.731,2.0,1.8,1.162,0.333,0.545,0.421,0.6,1.2,1.009,0.667,0.218,0.248,0.4,0.8,0.98,0.0,0.0,0.0,0.0,0.0,0.0,15.661,19.306,19.826,17.027,18.45,2.328,,,,,,,,,,,,,,,,,,
8474157,M. Pacioretty,TOR,W,0,0,48,2025-05-18,0.79,,,0.167,0.2,0.3,0.325,,,0.271,0.2,0.5,0.531,,,0.438,0.4,0.8,0.693,,,1.75,1.0,1.3,1.287,,,0.417,0.4,0.6,0.804,,,3.458,5.4,5.4,2.135,,,0.417,0.8,0.4,0.733,,,0.021,0.0,0.1,0.196,,,13.349,12.937,12.893,2.075,,,,,,,,,,,,,,,,,,
8474166,A. Martinez,CHI,D,0,0,44,2025-04-12,0.95,,,0.114,0.0,0.0,0.325,,,0.159,0.0,0.0,0.431,,,0.273,0.0,0.0,0.585,,,0.864,0.4,0.4,1.069,,,1.841,0.4,0.7,1.031,,,0.545,0.4,0.6,0.574,,,0.182,0.0,0.4,0.862,,,0.0,0.0,0.0,0.0,,,18.728,14.453,14.882,4.562,,,,,,,,,,,,,,,,,,
8474189,L. Eller,FLA,C,4,72,165,2026-10-06,0.5,0.0,0.069,0.091,0.0,0.0,0.271,0.75,0.139,0.158,0.6,0.3,0.4,0.75,0.208,0.248,0.6,0.3,0.449,1.25,0.986,1.109,1.0,0.9,0.98,1.0,0.5,0.473,1.2,0.7,0.697,1.0,0.75,0.776,1.0,0.9,0.909,0.5,0.167,0.315,0.4,0.2,0.543,0.0,0.0,0.0,0.0,0.0,0.0,12.746,11.306,12.273,11.903,11.708,2.467,,,,,,,,,,,,,,,,,,
8474563,D. Doughty,LA,D,3,76,115,2026-10-06,1.0,0.0,0.066,0.087,0.0,0.0,0.196,0.333,0.237,0.304,0.2,0.2,0.427,0.333,0.303,0.391,0.2,0.2,0.449,0.333,1.342,1.383,0.4,0.5,0.977,1.667,1.092,1.217,1.6,1.5,0.833,0.333,0.75,0.835,1.0,1.1,1.353,1.333,0.526,0.609,0.8,0.6,0.898,0.0,0.0,0.009,0.0,0.0,0.0,19.883,23.198,23.565,21.273,22.698,2.672,,,,,,,,,,,,,,,,,,
8474564,S. Stamkos,NSH,C,3,82,167,2026-10-06,1.0,1.0,0.512,0.431,1.0,0.8,0.693,0.333,0.293,0.305,0.4,0.3,0.557,1.333,0.805,0.737,1.4,1.1,0.871,2.667,2.512,2.323,4.0,3.2,1.83,0.333,0.439,0.497,0.6,0.6,0.697,1.0,1.085,0.946,0.8,0.8,0.916,0.0,0.707,0.635,0.4,0.6,2.049,0.667,0.171,0.18,0.6,0.5,0.449,19.506,17.827,17.942,19.633,19.0,2.126,,,,,,,,,,,,,,,,,,
8474565,A. Pietrangelo,VGK,D,0,0,81,2025-05-14,1.0,,,0.074,0.2,0.2,0.325,,,0.407,0.4,0.4,0.566,,,0.481,0.6,0.6,0.64,,,1.679,0.8,1.3,1.048,,,2.049,3.0,2.7,1.617,,,0.617,0.6,0.9,0.742,,,0.198,0.0,0.0,0.543,,,0.0,0.0,0.0,0.0,,,22.481,23.263,23.042,2.415,,,,,,,,,,,,,,,,,,
8474567,Z. Bogosian,MIN,D,3,50,140,2026-10-06,1.0,0.0,0.04,0.043,0.0,0.0,0.196,0.0,0.08,0.121,0.0,0.0,0.0,0.0,0.12,0.164,0.0,0.0,0.196,0.333,0.66,0.821,0.4,0.4,0.64,0.333,0.9,0.929,0.2,0.7,0.894,0.333,1.14,1.036,0.6,0.8,1.184,0.0,0.44,0.464,0.4,0.2,0.898,0.0,0.0,0.0,0.0,0.0,0.0,14.878,14.222,15.101,13.473,13.533,2.108,,,,,,,,,,,,,,,,,,
8474568,L. Schenn,VAN,D,4,52,143,2026-10-04,0.75,0.0,0.019,0.014,0.0,0.0,0.0,0.5,0.115,0.105,0.4,0.2,0.367,0.5,0.135,0.119,0.4,0.2,0.367,0.5,0.673,0.874,0.4,0.5,0.7,0.5,1.135,1.245,0.4,0.7,1.148,2.25,2.865,3.615,1.8,1.9,1.709,5.25,0.827,0.986,4.2,3.2,3.715,0.0,0.0,0.0,0.0,0.0,0.0,12.408,13.429,14.979,11.53,11.585,2.391,,,,,,,,,,,,,,,,,,
8474574,T. Myers,DAL,D,3,78,152,2026-10-05,1.0,0.0,0.013,0.046,0.0,0.0,0.0,0.0,0.128,0.184,0.0,0.0,0.325,0.0,0.141,0.23,0.0,0.0,0.325,0.667,1.244,1.224,1.8,1.5,1.306,1.0,1.731,1.73,1.8,2.4,1.383,1.333,1.231,1.23,1.0,1.6,1.235,0.0,0.718,0.855,0.4,0.4,1.091,0.0,0.0,0.0,0.0,0.0,0.0,14.994,19.528,20.029,17.317,18.57,3.727,,,,,,,,,,,,,,,,,,
8474578,E. Karlsson,PIT,D,3,81,166,2026-10-05,1.0,0.0,0.198,0.163,0.0,0.1,0.632,1.333,0.654,0.596,0.8,0.6,0.907,1.333,0.852,0.759,0.8,0.7,1.255,1.333,2.333,2.313,2.0,1.7,1.746,0.667,0.852,0.994,0.8,0.8,0.65,0.333,0.284,0.319,0.6,0.4,0.531,0.0,0.395,0.313,0.4,1.0,1.061,0.0,0.062,0.042,0.0,0.1,0.325,21.206,23.972,23.558,25.273,25.527,3.625,,,,,,,,,,,,,,,,,,
8474586,J. Eberle,SEA,W,4,80,126,2026-10-06,1.0,0.5,0.325,0.294,0.4,0.3,0.427,0.5,0.362,0.381,0.4,0.3,0.753,1.0,0.688,0.675,0.8,0.6,0.786,1.75,2.1,1.913,1.4,1.3,1.265,1.0,0.537,0.571,0.8,0.6,0.625,0.75,0.688,0.563,0.8,0.5,0.926,0.0,0.35,0.333,0.0,0.0,1.131,0.25,0.05,0.048,0.2,0.1,0.196,16.212,18.476,17.667,16.013,17.155,2.069,,,,,,,,,,,,,,,,,,
8474590,J. Carlson,TB,D,3,83,175,2026-10-05,1.0,0.0,0.169,0.114,0.0,0.0,0.612,0.667,0.627,0.583,0.4,0.4,0.7,0.667,0.795,0.697,0.4,0.4,0.843,1.667,2.145,2.074,2.2,2.1,1.549,1.0,1.482,1.56,1.2,1.1,1.299,0.333,0.482,0.571,0.8,1.1,0.826,0.0,0.434,0.343,0.0,0.4,0.733,0.0,0.024,0.023,0.0,0.0,0.392,20.706,23.288,23.423,22.283,22.818,2.437,,,,,,,,,,,,,,,,,,
8474593,J. Markstrom,FLA,G,4,74,153,2026-10-06,0.75,,,,,,,,,,,,,,,,,,,,,,,,,,,,,,,,,,,,,0.0,0.176,0.085,0.0,0.7,1.372,,,,,,,47.158,34.379,39.09,37.727,36.67,28.283,13.0,13.284,14.98,10.4,10.4,10.583,1.0,1.757,1.771,0.8,1.2,1.662,14.0,15.041,16.752,11.2,11.6,11.846
8474596,J. Allen,NJ,G,3,82,169,2026-10-06,0.67,,,,,,,,,,,,,,,,,,,,,,,,,,,,,,,,,,,,,0.0,0.0,0.0,0.0,0.0,0.0,,,,,,,40.289,26.665,23.938,24.173,30.5,29.588,16.333,11.366,10.207,9.8,12.5,12.692,2.333,1.22,1.089,1.4,1.7,1.709,18.667,12.573,11.278,11.2,14.2,14.272
8474600,R. Josi,NSH,D,3,68,124,2026-10-06,1.0,0.333,0.191,0.185,0.2,0.2,0.325,0.667,0.618,0.589,0.6,0.8,0.566,1.0,0.809,0.774,0.8,1.0,0.601,1.333,2.662,2.702,1.8,2.5,1.191,1.333,1.485,1.613,1.2,1.4,1.054,1.0,0.353,0.556,1.0,0.7,0.64,0.0,0.441,0.387,0.0,0.4,0.926,0.0,0.059,0.048,0.0,0.0,0.0,25.539,24.877,24.96,25.917,25.527,2.685,,,,,,,,,,,,,,,,,,
8474612,T. Hamonic,DET,D,0,26,85,2026-04-15,0.88,,0.0,0.012,0.0,0.0,0.0,,0.077,0.094,0.0,0.1,0.271,,0.077,0.106,0.0,0.1,0.271,,0.808,1.094,0.6,0.6,0.814,,1.577,1.565,2.0,1.9,1.196,,1.231,1.235,1.8,1.7,1.184,,1.115,0.565,1.4,1.3,1.973,,0.0,0.0,0.0,0.0,0.0,,14.378,16.245,13.117,14.46,2.142,,,,,,,,,,,,,,,,,,
8474641,A. Henrique,EDM,C,0,66,169,2026-04-20,0.88,,0.045,0.112,0.0,0.1,0.196,,0.182,0.178,0.0,0.1,0.463,,0.227,0.29,0.0,0.2,0.49,,1.394,1.367,1.6,1.4,1.02,,1.136,1.118,0.8,1.0,0.731,,0.53,0.864,1.2,0.8,0.753,,0.273,0.225,0.8,0.4,0.65,,0.0,0.012,0.0,0.0,0.0,,13.08,14.038,11.323,12.362,3.22,,,,,,,,,,,,,,,,,,
8474673,T. Brodie,CHI,D,0,0,54,2025-03-01,0.96,,,0.037,0.0,0.0,0.0,,,0.148,0.2,0.1,0.271,,,0.185,0.2,0.1,0.271,,,0.426,0.4,0.5,0.557,,,1.074,0.8,0.8,0.693,,,0.296,0.2,0.2,0.512,,,0.333,0.4,0.4,0.8,,,0.0,0.0,0.0,0.0,,,15.632,13.417,14.538,1.933,,,,,,,,,,,,,,,,,,
8474679,G. Nyquist,WPG,W,0,51,136,2026-03-26,0.86,,0.02,0.088,0.0,0.0,0.196,,0.216,0.206,0.2,0.2,0.367,,0.235,0.294,0.2,0.2,0.4,,1.216,1.228,1.0,1.3,0.952,,0.373,0.39,0.2,0.1,0.686,,0.549,0.551,0.8,0.4,0.574,,0.196,0.191,0.4,0.2,0.65,,0.0,0.015,0.0,0.0,0.0,,12.679,15.036,11.237,11.648,2.032,,,,,,,,,,,,,,,,,,
8474682,D. Tokarski,CAR,G,0,0,20,2025-01-15,0.3,,,,,,,,,,,,,,,,,,,,,,,,,,,,,,,,,,,,,,,0.0,0.0,0.0,0.0,,,,,,,,,17.916,23.543,23.89,27.374,,,5.95,7.0,7.2,9.367,,,0.65,0.6,0.8,1.236,,,6.6,7.6,8.0,10.37
8474709,M. Martin,NYI,W,0,0,32,2025-04-17,0.09,,,0.0,0.0,0.0,0.0,,,0.062,0.0,0.1,0.196,,,0.062,0.0,0.1,0.196,,,0.531,1.0,0.5,0.854,,,0.594,0.6,0.7,0.571,,,2.562,1.6,2.0,1.607,,,0.312,0.0,0.5,0.98,,,0.0,0.0,0.0,0.0,,,8.549,12.04,9.652,2.244,,,,,,,,,,,,,,,,,,
8474715,C. Atkinson,TB,W,0,0,39,2025-04-17,0.08,,,0.103,0.2,0.1,0.325,,,0.128,0.4,0.2,0.367,,,0.231,0.6,0.3,0.531,,,1.205,1.8,1.5,1.457,,,0.256,0.4,0.2,0.427,,,0.385,0.2,0.1,0.941,,,0.282,0.0,0.7,1.411,,,0.026,0.0,0.0,0.196,,,8.993,10.707,8.865,2.623,,,,,,,,,,,,,,,,,,
8474716,J. Spurgeon,MIN,D,3,90,165,2026-10-06,1.0,0.333,0.067,0.091,0.2,0.1,0.196,0.667,0.189,0.267,0.4,0.2,0.449,1.0,0.256,0.358,0.6,0.3,0.466,0.667,1.122,1.345,0.6,0.7,0.871,1.667,1.767,1.818,1.8,1.9,1.411,0.333,1.067,0.933,0.8,1.0,1.032,1.333,0.2,0.218,0.8,0.6,0.733,0.0,0.022,0.018,0.0,0.0,0.0,20.356,19.766,20.163,20.097,19.658,3.898,,,,,,,,,,,,,,,,,,
8474870,T. Johnson,BOS,C,0,0,9,2024-12-12,0.78,,,0.0,0.0,0.0,0.0,,,0.222,0.4,0.222,0.416,,,0.222,0.4,0.222,0.416,,,0.667,0.8,0.667,0.943,,,0.222,0.2,0.222,0.416,,,0.556,0.4,0.556,0.497,,,1.111,1.6,1.111,1.37,,,0.0,0.0,0.0,0.0,,,13.078,12.913,13.078,1.397,,,,,,,,,,,,,,,,,,
8475149,M. Johansson,MIN,W,0,86,163,2026-05-13,0.94,,0.221,0.184,0.6,0.4,0.427,,0.395,0.362,0.0,0.0,0.531,,0.616,0.546,0.6,0.4,0.755,,1.442,1.534,1.4,1.6,1.229,,0.291,0.325,0.6,0.4,0.557,,0.64,0.687,0.8,1.8,1.242,,0.163,0.16,0.0,0.0,0.543,,0.047,0.031,0.0,0.1,0.196,,15.381,15.782,13.157,15.388,3.187,,,,,,,,,,,,,,,,,,
8475151,K. Palmieri,NYI,C,3,25,110,2026-10-06,1.0,0.0,0.24,0.273,0.0,0.1,0.4,0.0,0.48,0.327,0.2,0.4,0.49,0.0,0.72,0.6,0.2,0.5,0.632,2.667,2.84,2.255,2.8,2.7,1.229,0.667,0.36,0.536,0.4,0.4,0.557,0.333,0.76,0.673,0.6,0.4,0.835,1.333,0.32,0.291,0.8,0.4,0.926,0.0,0.04,0.055,0.0,0.0,0.196,16.606,18.877,18.546,16.34,17.757,2.724,,,,,,,,,,,,,,,,,,
8475158,R. O'Reilly,NSH,C,3,81,163,2026-10-06,1.0,0.0,0.309,0.282,0.0,0.1,0.367,0.667,0.605,0.509,0.6,0.8,0.632,0.667,0.914,0.791,0.6,0.9,0.709,2.0,1.901,1.908,2.0,1.7,1.708,0.667,0.815,0.859,0.6,1.0,0.909,0.667,0.21,0.239,0.8,0.6,0.557,0.0,0.272,0.282,0.0,0.2,0.733,0.0,0.062,0.086,0.0,0.0,0.271,21.872,20.395,19.74,21.937,21.567,1.805,,,,,,,,,,,,,,,,,,
8475166,J. Tavares,TOR,C,4,82,174,2026-10-06,1.0,0.25,0.378,0.431,0.2,0.3,0.566,0.5,0.488,0.46,0.4,0.6,0.753,0.75,0.866,0.891,0.6,0.9,0.916,3.5,2.341,2.563,2.8,2.3,1.411,1.0,0.293,0.5,1.0,0.7,0.755,0.25,0.902,1.086,0.8,0.9,1.084,1.0,0.341,0.506,0.8,0.4,0.98,0.0,0.146,0.155,0.0,0.2,0.4,17.596,18.177,18.213,18.093,18.707,1.626,,,,,,,,,,,,,,,,,,
8475167,V. Hedman,TB,D,3,33,120,2026-10-05,1.0,0.0,0.03,0.133,0.0,0.0,0.196,0.0,0.485,0.583,0.0,0.2,0.466,0.0,0.515,0.717,0.0,0.2,0.557,1.333,1.515,2.042,1.0,1.5,1.091,2.667,1.333,1.592,2.0,1.6,1.336,0.667,0.576,0.525,0.4,0.9,0.849,0.0,0.303,0.333,0.0,0.0,0.8,0.0,0.0,0.033,0.0,0.0,0.0,15.778,18.867,21.799,13.86,16.985,4.192,,,,,,,,,,,,,,,,,,
8475168,M. Duchene,DAL,C,0,63,163,2026-04-30,0.99,,0.286,0.301,0.4,0.2,0.427,,0.571,0.571,1.4,1.2,0.814,,0.857,0.871,1.8,1.4,0.894,,1.556,1.675,1.2,1.6,1.17,,0.413,0.368,0.6,0.4,0.64,,0.476,0.46,0.2,0.2,0.882,,0.19,0.184,0.8,0.4,0.543,,0.111,0.098,0.4,0.2,0.325,,16.93,17.001,21.08,19.445,2.604,,,,,,,,,,,,,,,,,,
8475169,E. Kane,VAN,W,0,71,92,2026-04-04,0.97,,0.183,0.207,0.2,0.2,0.427,,0.254,0.261,0.2,0.2,0.367,,0.437,0.467,0.4,0.4,0.49,,2.408,2.37,3.2,2.5,1.597,,0.394,0.38,0.4,0.4,0.64,,1.563,2.239,1.0,0.9,1.386,,1.296,1.478,0.4,1.4,3.431,,0.028,0.022,0.0,0.0,0.0,,16.415,16.43,14.633,14.927,2.342,,,,,,,,,,,,,,,,,,
8475170,B. Schenn,NYI,C,3,80,172,2026-10-06,1.0,0.333,0.225,0.227,0.2,0.3,0.449,1.0,0.263,0.331,0.6,0.4,0.806,1.333,0.487,0.558,0.8,0.7,0.95,2.333,1.488,1.634,2.2,1.6,1.484,0.333,0.512,0.599,0.2,0.2,1.048,2.667,2.25,2.337,2.2,2.8,1.256,3.0,0.85,0.977,2.2,1.1,2.487,0.0,0.05,0.035,0.0,0.0,0.196,15.128,16.769,17.167,17.033,17.302,1.955,,,,,,,,,,,,,,,,,,
8475171,O. Ekman-Larsson,TOR,D,4,78,172,2026-10-06,1.0,0.0,0.103,0.081,0.0,0.0,0.0,0.0,0.397,0.337,0.0,0.1,0.49,0.0,0.5,0.419,0.0,0.1,0.49,0.75,1.385,1.401,0.8,0.7,1.02,0.75,0.923,1.023,0.8,0.9,1.093,1.0,1.103,1.256,0.8,0.8,0.731,0.5,0.897,0.767,0.8,1.4,2.368,0.0,0.0,0.012,0.0,0.0,0.0,17.05,20.596,20.609,17.853,17.638,3.707,,,,,,,,,,,,,,,,,,
8475172,N. Kadri,COL,C,2,90,174,2026-10-03,1.0,0.0,0.211,0.31,0.2,0.2,0.512,1.0,0.444,0.425,0.8,0.6,0.571,1.0,0.656,0.736,1.0,0.8,0.614,3.0,2.756,3.063,2.2,2.9,1.879,0.5,0.356,0.362,0.2,0.2,0.748,0.5,0.733,0.701,1.6,1.4,1.07,0.0,0.378,0.609,0.4,0.2,0.98,0.0,0.067,0.086,0.0,0.1,0.463,18.2,18.705,19.005,18.443,18.088,2.87,,,,,,,,,,,,,,,,,,
8475177,C. de Haan,NYR,D,0,0,47,2025-03-05,0.94,,,0.0,0.0,0.0,0.0,,,0.17,0.2,0.1,0.325,,,0.17,0.2,0.1,0.325,,,1.085,1.0,1.0,0.776,,,1.34,1.4,0.9,0.871,,,1.511,3.0,2.0,1.542,,,0.255,0.4,0.4,0.543,,,0.0,0.0,0.0,0.0,,,14.974,15.367,14.717,2.089,,,,,,,,,,,,,,,,,,
8475179,D. Kulikov,FLA,D,4,19,116,2026-10-06,0.75,0.0,0.0,0.052,0.0,0.0,0.0,0.25,0.0,0.112,0.2,0.1,0.196,0.25,0.0,0.164,0.2,0.1,0.196,0.25,0.789,0.871,0.4,0.9,0.686,1.25,0.842,0.983,1.2,1.0,0.744,1.25,1.158,1.94,1.6,1.3,1.001,1.5,0.526,0.586,1.6,1.2,1.091,0.0,0.0,0.0,0.0,0.0,0.0,16.358,18.032,18.438,16.263,17.563,3.302,,,,,,,,,,,,,,,,,,
8475181,N. Leddy,SJ,D,0,32,70,2026-04-11,0.96,,0.031,0.043,0.2,0.1,0.196,,0.188,0.143,0.2,0.2,0.367,,0.219,0.186,0.4,0.3,0.49,,0.5,0.543,1.0,0.5,0.849,,1.25,0.986,0.8,1.0,1.233,,0.219,0.257,0.2,0.3,0.49,,0.188,0.143,0.0,0.0,0.392,,0.0,0.0,0.0,0.0,0.0,,17.87,17.855,18.273,18.998,1.986,,,,,,,,,,,,,,,,,,
8475184,C. Kreider,MTL,W,3,87,158,2026-10-06,1.0,0.333,0.276,0.297,0.2,0.3,0.325,1.0,0.379,0.278,0.6,0.6,0.7,1.333,0.655,0.576,0.8,0.9,0.849,1.0,1.747,1.943,0.8,1.2,1.058,0.333,0.264,0.316,0.2,0.2,0.4,2.333,1.138,1.171,1.8,2.3,1.573,0.0,0.391,0.367,0.0,0.0,0.733,0.0,0.092,0.089,0.0,0.0,0.0,14.6,16.792,16.734,14.893,16.115,2.542,,,,,,,,,,,,,,,,,,
8475188,B. McNabb,VGK,D,4,84,181,2026-10-06,1.0,0.0,0.071,0.061,0.0,0.0,0.196,1.0,0.19,0.215,0.8,1.0,0.806,1.0,0.262,0.276,0.8,1.0,0.804,1.0,1.19,1.166,0.8,0.5,0.977,1.5,2.131,2.105,1.2,1.2,1.401,1.25,1.75,1.746,1.2,0.9,1.434,0.0,0.583,0.481,0.0,0.4,2.965,0.0,0.0,0.0,0.0,0.0,0.0,18.829,20.595,20.377,19.103,19.942,6.5,,,,,,,,,,,,,,,,,,
8475191,R. Smith,VGK,W,0,76,166,2026-06-14,0.89,,0.211,0.193,0.0,0.3,0.531,,0.158,0.241,0.4,0.3,0.4,,0.368,0.434,0.4,0.6,0.755,,1.382,1.512,0.8,2.0,1.505,,0.184,0.373,0.0,0.2,0.367,,0.434,0.608,1.4,0.8,0.898,,0.079,0.205,0.4,0.2,0.543,,0.013,0.018,0.0,0.0,0.0,,13.572,14.596,13.053,12.577,2.559,,,,,,,,,,,,,,,,,,
8475193,T. Tatar,NJ,W,0,0,78,2025-04-29,0.36,,,0.09,0.0,0.0,0.196,,,0.128,0.0,0.0,0.271,,,0.218,0.0,0.0,0.325,,,0.885,1.0,0.6,0.814,,,0.256,0.4,0.3,0.427,,,0.808,1.4,0.9,0.938,,,0.282,0.4,0.2,0.733,,,0.013,0.0,0.0,0.0,,,11.134,12.207,12.268,1.282,,,,,,,,,,,,,,,,,,
8475197,T. Barrie,CGY,D,0,0,13,2025-02-04,1.0,,,0.077,0.0,0.1,0.266,,,0.154,0.2,0.2,0.361,,,0.231,0.2,0.3,0.421,,,1.462,1.6,1.6,0.929,,,0.923,1.0,1.1,1.591,,,0.769,0.6,0.9,0.799,,,0.308,0.4,0.4,0.722,,,0.0,0.0,0.0,0.0,,,15.801,16.693,15.818,1.709,,,,,,,,,,,,,,,,,,
8475200,D. Orlov,SJ,D,3,82,176,2026-10-05,1.0,0.0,0.037,0.051,0.0,0.0,0.271,0.0,0.415,0.341,0.2,0.3,0.49,0.0,0.451,0.392,0.2,0.3,0.574,0.667,1.11,1.312,0.6,1.2,1.348,1.333,0.939,0.903,1.0,1.1,0.845,1.0,1.5,1.511,1.0,1.1,1.265,0.667,0.585,0.477,0.4,0.6,0.96,0.0,0.012,0.006,0.0,0.0,0.196,18.478,21.196,20.675,18.083,19.603,1.949,,,,,,,,,,,,,,,,,,
8475208,B. Dumoulin,LA,D,3,86,174,2026-10-06,1.0,0.333,0.023,0.034,0.2,0.1,0.196,0.0,0.174,0.195,0.0,0.0,0.196,0.333,0.198,0.23,0.2,0.1,0.271,1.0,0.733,0.799,0.8,0.5,0.546,0.667,1.047,1.236,0.4,0.6,0.849,0.667,0.477,0.753,1.0,0.7,0.8,0.0,0.279,0.218,0.4,0.4,0.8,0.0,0.0,0.0,0.0,0.0,0.0,15.306,17.691,18.837,16.183,16.355,1.504,,,,,,,,,,,,,,,,,,
8475218,M. Ekholm,EDM,D,3,88,163,2026-10-03,1.0,0.0,0.068,0.098,0.0,0.0,0.0,0.0,0.42,0.405,0.0,0.2,0.466,0.0,0.489,0.503,0.0,0.2,0.466,0.667,1.557,1.81,0.8,0.8,1.058,0.667,1.557,1.528,1.0,1.6,1.359,1.333,0.784,0.718,1.4,0.8,0.826,3.333,0.341,0.515,2.0,1.0,1.982,0.0,0.0,0.018,0.0,0.0,0.0,21.439,20.514,21.248,19.577,19.998,1.858,,,,,,,,,,,,,,,,,,
8475220,M. Foligno,MIN,W,3,67,153,2026-10-06,1.0,0.0,0.149,0.176,0.0,0.1,0.367,0.0,0.09,0.144,0.0,0.1,0.271,0.0,0.239,0.32,0.0,0.2,0.427,1.0,1.075,1.15,0.6,0.7,0.863,0.0,0.776,0.68,0.4,0.3,0.8,3.333,3.507,3.529,3.4,4.1,2.171,0.0,1.119,1.02,0.4,0.4,1.592,0.0,0.03,0.013,0.0,0.0,0.0,12.583,12.622,13.693,11.673,11.193,1.557,,,,,,,,,,,,,,,,,,
8475225,C. Smith,DET,C,0,0,59,2025-04-17,0.41,,,0.153,0.0,0.0,0.196,,,0.153,0.0,0.0,0.367,,,0.305,0.0,0.0,0.4,,,1.525,0.6,0.5,0.748,,,0.525,0.8,0.5,1.063,,,0.949,0.2,1.1,1.378,,,0.576,0.0,0.2,0.8,,,0.034,0.0,0.0,0.0,,,11.339,11.13,10.057,1.985,,,,,,,,,,,,,,,,,,
8475231,C. Cizikas,NYI,C,3,81,166,2026-10-06,0.67,0.333,0.123,0.108,0.4,0.2,0.367,0.333,0.099,0.114,0.2,0.1,0.196,0.667,0.222,0.223,0.6,0.3,0.49,1.333,0.988,1.09,1.2,1.6,1.52,0.0,0.704,0.741,0.0,0.4,0.693,1.333,1.889,2.163,1.0,1.6,1.069,0.667,0.247,0.44,0.4,0.4,0.854,0.0,0.0,0.0,0.0,0.0,0.0,12.333,11.768,12.407,12.163,12.643,1.502,,,,,,,,,,,,,,,,,,
8475233,D. Savard,MTL,D,0,0,80,2025-04-30,0.86,,,0.013,0.0,0.0,0.0,,,0.188,0.2,0.1,0.367,,,0.2,0.2,0.1,0.367,,,0.625,0.4,0.3,0.755,,,2.362,1.8,1.6,1.897,,,0.8,1.6,1.0,0.95,,,0.45,0.0,0.2,0.8,,,0.0,0.0,0.0,0.0,,,16.28,11.647,11.947,2.399,,,,,,,,,,,,,,,,,,
8475235,N. Deslauriers,CAR,W,2,32,65,2026-10-02,0.0,0.0,0.0,0.031,0.0,0.0,0.0,0.0,0.062,0.046,0.0,0.1,0.271,0.0,0.062,0.077,0.0,0.1,0.271,0.0,0.594,0.677,0.4,0.6,0.843,0.0,0.281,0.277,0.2,0.1,0.614,5.0,3.906,3.385,5.2,4.9,2.519,2.5,1.312,0.954,1.8,1.4,2.385,0.0,0.0,0.0,0.0,0.0,0.0,7.217,8.379,7.988,7.887,8.858,2.706,,,,,,,,,,,,,,,,,,
8475253,G. Wilson,PHI,W,0,3,3,2026-04-14,0.0,,0.0,0.0,0.0,0.0,0.0,,0.0,0.0,0.0,0.0,0.0,,0.0,0.0,0.0,0.0,0.0,,1.0,1.0,1.0,1.0,0.816,,0.0,0.0,0.0,0.0,0.0,,2.0,2.0,2.0,2.0,1.414,,1.667,1.667,1.667,1.667,2.357,,0.0,0.0,0.0,0.0,0.0,,8.678,8.678,8.678,8.678,0.974,,,,,,,,,,,,,,,,,,
8475279,B. Chiarot,DET,D,3,82,166,2026-10-06,1.0,0.0,0.061,0.054,0.0,0.0,0.0,0.0,0.122,0.114,0.4,0.3,0.325,0.0,0.183,0.169,0.4,0.3,0.325,1.0,1.256,1.295,1.0,1.2,0.731,1.333,1.951,1.843,1.2,1.3,1.015,2.333,2.073,1.831,1.6,1.6,1.532,1.333,0.915,0.892,0.8,1.7,1.744,0.0,0.0,0.0,0.0,0.0,0.0,18.044,20.837,20.979,18.197,19.617,2.117,,,,,,,,,,,,,,,,,,
8475287,E. Haula,LA,W,3,81,158,2026-10-06,1.0,0.333,0.173,0.165,0.2,0.4,0.427,0.667,0.296,0.234,0.4,0.5,0.4,1.0,0.469,0.399,0.6,0.9,0.571,2.667,1.568,1.608,1.8,2.1,1.429,0.333,0.63,0.57,0.4,1.0,1.009,0.333,1.457,1.519,1.6,1.7,2.034,0.0,0.79,0.665,0.0,1.0,2.126,0.0,0.049,0.038,0.0,0.1,0.271,15.439,16.674,15.851,15.803,15.843,1.607,,,,,,,,,,,,,,,,,,
8475311,D. Kuemper,LA,G,3,76,155,2026-10-06,0.67,,,,,,,,,,,,,,,,,,,,,,,,,,,,,,,,,,,,,0.0,0.079,0.116,0.0,0.0,0.0,,,,,,,39.117,37.999,40.956,23.47,17.992,30.22,15.667,14.474,16.123,9.4,6.8,11.15,3.333,1.763,1.723,2.0,1.4,2.261,19.0,16.237,17.839,11.4,8.2,12.786
8475314,A. Lee,UTA,W,4,82,168,2026-10-06,0.75,0.25,0.232,0.292,0.2,0.2,0.427,0.5,0.28,0.298,0.4,0.2,0.4,0.75,0.512,0.589,0.6,0.4,0.496,2.0,2.427,2.619,2.2,2.4,1.388,1.0,0.451,0.476,1.0,0.7,0.753,1.25,1.11,1.292,1.2,1.2,1.267,0.0,0.537,0.47,0.0,0.5,1.625,0.0,0.061,0.06,0.0,0.0,0.271,12.425,15.638,16.256,13.243,14.632,2.071,,,,,,,,,,,,,,,,,,
8475324,N. Jensen,OTT,D,0,61,138,2026-03-11,1.0,,0.066,0.051,0.0,0.0,0.325,,0.213,0.225,0.4,0.2,0.427,,0.279,0.275,0.4,0.2,0.557,,0.59,0.841,0.6,0.4,0.697,,1.066,1.188,0.8,1.0,1.143,,0.623,0.732,0.8,0.6,0.693,,0.361,0.217,0.0,0.0,0.392,,0.0,0.0,0.0,0.0,0.0,,17.009,18.831,18.017,17.933,2.118,,,,,,,,,,,,,,,,,,
8475343,N. Dowd,VGK,C,4,97,193,2026-10-06,0.5,0.0,0.082,0.114,0.0,0.0,0.271,0.5,0.175,0.171,0.4,0.2,0.325,0.5,0.258,0.285,0.4,0.2,0.4,0.5,0.938,0.979,0.4,0.7,0.999,0.25,0.711,0.902,0.4,0.6,0.849,1.25,2.072,1.85,1.4,2.9,1.836,0.5,0.835,0.762,0.4,0.4,0.98,0.0,0.0,0.0,0.0,0.0,0.0,11.508,14.306,14.66,11.503,12.815,2.79,,,,,,,,,,,,,,,,,,
8475413,J. Dowling,NYR,C,0,2,59,2026-01-05,0.24,,0.0,0.034,0.0,0.0,0.0,,0.0,0.085,0.0,0.0,0.325,,0.0,0.119,0.0,0.0,0.325,,0.5,0.661,0.2,0.8,0.95,,0.5,0.407,0.4,0.2,0.625,,1.5,1.119,2.0,1.8,0.849,,0.0,0.102,0.0,0.0,0.543,,0.0,0.0,0.0,0.0,0.0,,7.192,10.206,9.2,10.597,1.986,,,,,,,,,,,,,,,,,,
8475455,B. Dillon,NJ,D,3,82,168,2026-10-06,0.67,0.0,0.037,0.03,0.0,0.0,0.0,0.0,0.146,0.155,0.0,0.0,0.325,0.0,0.183,0.185,0.0,0.0,0.325,0.0,0.671,0.613,0.4,0.5,0.753,1.333,1.256,1.28,1.8,1.0,1.15,1.667,2.463,2.393,2.2,1.9,1.592,3.0,1.085,0.982,1.8,3.0,3.888,0.0,0.0,0.0,0.0,0.0,0.0,13.289,17.998,18.141,16.09,16.962,2.451,,,,,,,,,,,,,,,,,,
8475461,A. Agozzino,UTA,W,0,2,2,2025-10-11,0.0,,0.0,0.0,0.0,0.0,,,0.0,0.0,0.0,0.0,,,0.0,0.0,0.0,0.0,,,0.0,0.0,0.0,0.0,,,0.5,0.5,0.5,0.5,,,2.0,2.0,2.0,2.0,,,0.0,0.0,0.0,0.0,,,0.0,0.0,0.0,0.0,,,6.133,6.133,6.133,6.133,,,,,,,,,,,,,,,,,,,
8475462,R. Gudas,FLA,D,4,57,142,2026-10-06,0.75,0.0,0.035,0.021,0.0,0.0,0.196,0.0,0.193,0.183,0.0,0.0,0.325,0.0,0.228,0.204,0.0,0.0,0.367,0.5,1.123,1.092,0.6,0.7,0.796,2.25,1.561,1.944,2.0,1.5,1.473,2.5,2.912,3.077,2.4,2.2,1.573,0.0,1.175,1.077,0.0,3.7,4.381,0.0,0.0,0.0,0.0,0.0,0.0,13.046,16.069,18.149,12.37,11.272,3.58,,,,,,,,,,,,,,,,,,
8475660,C. Talbot,CBJ,G,2,81,155,2026-10-03,0.0,,,,,,,,,,,,,,,,,,,,,,,,,,,,,,,,,,,,,0.0,0.0,0.0,0.0,0.0,0.0,,,,,,,0.0,21.607,28.338,17.71,17.628,22.986,0.0,8.691,12.071,5.4,5.3,8.747,0.0,1.148,1.432,1.6,1.4,1.755,0.0,9.84,13.497,7.0,6.7,10.271
8475683,S. Bobrovsky,TOR,G,4,82,189,2026-10-06,0.5,,,,,,,,,,,,,,,,,,,,,,,,,,,,,,,,,,,,,0.0,0.11,0.069,0.0,0.0,0.0,,,,,,,29.396,36.703,41.11,23.517,17.678,29.152,11.75,13.366,15.635,9.4,6.8,11.618,1.5,1.878,1.815,1.2,1.0,1.811,13.25,15.244,17.45,10.6,7.8,12.762
8475690,C. Tanev,TOR,D,4,11,103,2026-10-06,1.0,0.0,0.0,0.039,0.0,0.0,0.196,0.0,0.182,0.184,0.0,0.1,0.367,0.0,0.182,0.223,0.0,0.1,0.49,0.25,0.727,0.534,0.4,0.6,0.7,2.5,1.364,2.447,2.8,1.9,1.622,0.25,0.182,0.291,0.2,0.1,0.676,0.0,0.0,0.252,0.0,0.0,0.0,0.0,0.0,0.0,0.0,0.0,0.0,18.85,17.973,19.498,19.113,17.572,3.387,,,,,,,,,,,,,,,,,,
8475692,M. Zuccarello,LA,W,3,67,145,2026-10-06,1.0,0.0,0.254,0.255,0.0,0.2,0.4,0.333,0.687,0.579,0.2,0.5,1.007,0.333,0.94,0.834,0.2,0.7,0.958,0.333,2.045,2.048,0.6,1.5,1.549,0.0,0.448,0.545,0.6,0.3,0.546,0.0,0.328,0.448,0.4,0.4,0.531,0.0,0.328,0.303,0.0,0.2,1.061,0.0,0.09,0.062,0.0,0.0,0.271,18.183,18.61,19.101,18.68,18.473,1.632,,,,,,,,,,,,,,,,,,
8475714,C. Jarnkrok,TOR,C,0,56,87,2026-04-13,0.51,,0.107,0.08,0.0,0.0,0.0,,0.036,0.103,0.0,0.0,0.196,,0.143,0.184,0.0,0.0,0.196,,0.804,0.655,0.2,0.6,0.733,,0.196,0.299,0.6,0.3,0.449,,0.589,0.805,0.4,0.5,0.637,,0.143,0.161,0.0,0.0,0.392,,0.0,0.011,0.0,0.0,0.0,,11.839,12.256,13.533,13.41,2.432,,,,,,,,,,,,,,,,,,
8475717,C. Pickard,MIN,G,3,48,149,2026-10-06,0.0,,,,,,,,,,,,,,,,,,,,,,,,,,,,,,,,,,,,,0.0,0.0,0.0,0.0,0.0,0.0,,,,,,,0.0,18.003,21.96,0.0,11.715,24.857,0.0,7.438,8.826,0.0,3.7,12.2,0.0,1.104,1.094,0.0,0.7,1.523,0.0,8.542,9.919,0.0,4.4,13.441
8475718,J. Holl,STL,D,0,9,82,2026-04-16,0.91,,0.111,0.037,0.2,0.2,0.271,,0.111,0.085,0.0,0.2,0.325,,0.222,0.122,0.2,0.4,0.49,,0.778,0.585,1.0,1.1,0.862,,0.556,1.012,0.4,0.9,1.058,,0.556,0.488,0.6,0.6,0.574,,0.667,0.268,0.4,0.6,0.65,,0.0,0.0,0.0,0.0,0.0,,15.672,14.889,15.523,15.892,2.566,,,,,,,,,,,,,,,,,,
8475722,J. Zucker,BUF,W,0,75,148,2026-05-18,0.95,,0.347,0.318,0.4,0.2,0.512,,0.307,0.372,0.2,0.2,0.427,,0.653,0.689,0.6,0.4,0.755,,1.947,1.953,1.0,1.1,1.356,,0.347,0.324,0.4,0.5,0.557,,1.027,0.98,1.2,1.1,1.046,,0.36,0.568,0.4,0.2,0.65,,0.147,0.149,0.2,0.1,0.431,,15.435,15.711,12.547,13.763,2.786,,,,,,,,,,,,,,,,,,
8475726,T. Toffoli,SJ,C,3,79,160,2026-10-05,0.67,0.333,0.241,0.312,0.2,0.2,0.367,0.333,0.38,0.344,0.2,0.2,0.557,0.667,0.62,0.656,0.4,0.4,0.755,2.333,2.177,2.575,1.6,1.9,1.02,0.333,0.392,0.4,0.2,0.3,0.49,0.667,0.608,0.65,0.4,0.5,0.637,0.667,0.127,0.163,0.4,0.2,0.392,0.333,0.076,0.081,0.2,0.1,0.271,12.667,14.973,15.883,12.807,13.082,2.333,,,,,,,,,,,,,,,,,,
8475745,C. Coyle,CBJ,C,2,82,174,2026-10-03,1.0,0.0,0.244,0.218,0.4,0.2,0.49,1.5,0.463,0.339,0.6,0.3,0.898,1.5,0.707,0.557,1.0,0.5,1.054,0.0,1.756,1.529,2.4,1.5,1.808,0.5,0.646,0.678,0.6,0.6,0.794,1.5,1.354,1.408,0.8,2.1,1.414,0.0,0.171,0.23,0.0,0.0,0.65,0.0,0.085,0.057,0.2,0.1,0.325,17.233,18.099,17.348,18.55,19.198,2.344,,,,,,,,,,,,,,,,,,
8475750,J. Merrill,MIN,D,0,0,72,2025-05-01,0.85,,,0.028,0.0,0.0,0.196,,,0.056,0.0,0.1,0.196,,,0.083,0.0,0.1,0.271,,,0.667,0.2,0.4,0.748,,,1.208,0.4,0.8,1.113,,,0.583,0.4,0.5,0.794,,,0.278,0.0,0.2,0.543,,,0.0,0.0,0.0,0.0,,,14.046,12.807,12.452,1.323,,,,,,,,,,,,,,,,,,
8475752,T. Pitlick,MIN,C,0,32,32,2026-03-01,0.03,,0.062,0.062,0.2,0.1,0.271,,0.0,0.0,0.0,0.0,0.0,,0.062,0.062,0.2,0.1,0.271,,0.812,0.812,0.2,0.9,0.98,,0.594,0.594,1.0,0.7,0.804,,2.438,2.438,2.4,2.2,1.274,,0.75,0.75,0.0,0.2,3.922,,0.0,0.0,0.0,0.0,0.0,,7.773,7.773,8.183,7.717,2.213,,,,,,,,,,,,,,,,,,
8475753,J. Faulk,DET,D,3,78,166,2026-10-06,1.0,0.333,0.205,0.133,0.4,0.5,0.512,0.333,0.308,0.331,0.4,0.2,0.614,0.667,0.513,0.464,0.8,0.7,0.804,2.333,1.897,1.753,2.6,2.6,1.306,0.0,1.692,1.524,0.0,1.0,1.131,1.0,0.897,1.048,0.8,1.0,1.189,0.667,0.538,0.494,0.4,0.8,1.329,0.0,0.026,0.018,0.0,0.0,0.0,19.789,22.01,22.249,19.96,19.813,2.645,,,,,,,,,,,,,,,,,,
8475754,B. Nelson,COL,C,2,94,183,2026-10-03,1.0,0.5,0.372,0.339,0.2,0.2,0.367,1.0,0.351,0.377,0.4,0.3,0.625,1.5,0.723,0.716,0.6,0.5,0.755,1.0,2.234,2.284,1.2,1.6,1.312,0.5,0.851,0.732,1.0,0.8,1.176,0.0,0.574,0.536,0.6,0.8,0.95,0.0,0.489,0.361,0.4,0.6,1.091,0.5,0.106,0.077,0.2,0.1,0.271,17.708,19.442,19.093,18.37,18.195,1.837,,,,,,,,,,,,,,,,,,
8475755,A. Petrovic,DAL,D,0,55,77,2026-04-30,0.86,,0.036,0.039,0.0,0.0,0.0,,0.145,0.117,0.2,0.1,0.196,,0.182,0.156,0.2,0.1,0.196,,1.036,0.948,1.0,0.7,1.031,,1.4,1.273,0.0,1.0,1.084,,1.709,1.766,2.4,1.8,1.341,,0.855,0.714,0.0,0.0,2.368,,0.0,0.0,0.0,0.0,0.0,,15.291,14.654,12.533,12.75,2.005,,,,,,,,,,,,,,,,,,
8475760,N. Bjugstad,NJ,C,0,61,127,2026-04-14,0.5,,0.098,0.11,0.0,0.0,0.0,,0.049,0.11,0.0,0.1,0.271,,0.148,0.22,0.0,0.1,0.271,,1.262,1.512,0.4,0.8,0.863,,0.541,0.488,0.2,0.6,0.571,,1.77,1.669,0.6,1.2,1.25,,0.541,0.386,0.0,0.4,0.733,,0.0,0.008,0.0,0.0,0.0,,10.937,11.654,12.21,11.05,2.088,,,,,,,,,,,,,,,,,,
8475762,D. Forbort,VAN,D,0,2,56,2025-10-11,0.98,,0.0,0.036,0.0,0.0,0.271,,0.0,0.161,0.2,0.2,0.367,,0.0,0.196,0.2,0.2,0.427,,0.5,0.714,0.6,0.5,0.835,,2.0,1.446,1.4,1.2,1.269,,1.0,1.196,1.0,2.1,1.709,,1.0,0.839,1.4,0.9,1.348,,0.0,0.0,0.0,0.0,0.0,,13.933,16.988,13.957,15.3,2.017,,,,,,,,,,,,,,,,,,
8475763,K. Hayes,PIT,W,0,28,92,2026-04-14,0.49,,0.143,0.185,0.2,0.1,0.367,,0.143,0.152,0.4,0.2,0.463,,0.286,0.337,0.6,0.3,0.546,,1.607,1.554,1.2,1.2,0.968,,0.357,0.228,0.4,0.4,0.566,,1.143,0.913,1.0,1.1,0.999,,0.286,0.174,0.4,0.6,0.733,,0.0,0.043,0.0,0.0,0.0,,12.474,12.177,11.467,11.047,3.135,,,,,,,,,,,,,,,,,,
8475764,C. Fowler,STL,D,3,82,160,2026-10-06,1.0,0.0,0.049,0.094,0.0,0.1,0.325,0.0,0.317,0.406,0.2,0.2,0.48,0.0,0.366,0.5,0.2,0.3,0.574,1.667,1.11,1.225,1.4,0.9,0.8,1.667,0.878,1.081,1.6,1.0,0.891,0.0,0.11,0.119,0.0,0.0,0.196,0.667,0.171,0.188,0.4,0.2,0.392,0.0,0.012,0.019,0.0,0.0,0.196,23.033,21.079,21.41,22.253,20.427,2.224,,,,,,,,,,,,,,,,,,
8475765,V. Tarasenko,MIN,W,0,86,166,2026-05-13,0.95,,0.291,0.217,0.2,0.2,0.449,,0.314,0.295,0.4,0.3,0.449,,0.605,0.512,0.6,0.5,0.571,,1.93,1.801,1.6,1.7,0.784,,0.465,0.452,1.0,0.6,0.637,,0.86,0.825,1.4,1.3,0.871,,0.14,0.108,0.4,0.2,0.543,,0.058,0.036,0.0,0.0,0.196,,14.844,14.813,12.74,14.157,2.855,,,,,,,,,,,,,,,,,,
8475766,A. Watson,DET,W,0,0,13,2025-04-17,0.08,,,0.231,0.2,0.3,0.421,,,0.0,0.0,0.0,0.0,,,0.231,0.2,0.3,0.421,,,1.0,1.2,1.1,1.109,,,0.154,0.2,0.2,0.361,,,2.769,3.0,2.6,1.887,,,1.308,0.0,1.5,3.988,,,0.0,0.0,0.0,0.0,,,7.854,10.563,7.922,3.211,,,,,,,,,,,,,,,,,,
8475768,J. Schwartz,COL,W,2,50,133,2026-10-03,1.0,0.0,0.22,0.278,0.0,0.1,0.325,1.0,0.3,0.301,0.8,0.6,0.566,1.0,0.52,0.579,0.8,0.7,0.64,2.5,1.64,2.113,1.4,1.3,1.299,0.5,0.84,0.639,0.4,0.4,0.96,1.0,0.64,0.579,0.6,0.3,0.676,1.0,0.16,0.256,0.4,0.2,0.392,0.0,0.04,0.06,0.0,0.0,0.0,13.525,16.141,17.162,15.017,15.208,2.267,,,,,,,,,,,,,,,,,,
8475780,C. Wagner,COL,W,0,0,28,2025-04-13,0.0,,,0.036,0.0,0.0,0.196,,,0.0,0.0,0.0,0.0,,,0.036,0.0,0.0,0.196,,,1.036,1.0,1.1,1.113,,,0.464,0.8,0.4,0.574,,,2.036,2.0,1.9,1.341,,,0.5,1.0,0.5,1.389,,,0.0,0.0,0.0,0.0,,,7.095,7.94,7.338,1.664,,,,,,,,,,,,,,,,,,
8475784,J. Skinner,SJ,W,0,32,109,2026-01-11,0.63,,0.188,0.211,0.2,0.2,0.325,,0.219,0.193,0.8,0.4,0.512,,0.406,0.404,1.0,0.6,0.557,,1.75,1.917,2.0,1.6,1.203,,0.344,0.33,0.2,0.4,0.566,,0.531,0.67,0.8,0.6,0.7,,0.438,0.367,0.0,0.0,1.061,,0.062,0.018,0.2,0.2,0.271,,12.342,12.771,11.243,11.567,2.922,,,,,,,,,,,,,,,,,,
8475786,Z. Hyman,EDM,W,1,64,153,2026-09-29,1.0,0.0,0.516,0.425,0.2,0.2,0.566,0.0,0.328,0.288,0.0,0.2,0.531,0.0,0.844,0.712,0.2,0.4,0.786,3.0,2.688,2.712,1.8,1.8,1.728,0.0,0.328,0.34,0.4,0.3,0.676,2.0,1.25,1.647,2.6,3.0,2.298,0.0,0.531,0.471,1.2,0.8,1.265,0.0,0.156,0.105,0.0,0.0,0.271,20.55,19.874,19.192,18.147,18.593,2.22,,,,,,,,,,,,,,,,,,
8475789,J. Campbell,DET,G,0,0,1,2024-12-14,0.0,,,,,,,,,,,,,,,,,,,,,,,,,,,,,,,,,,,,,,,0.0,0.0,0.0,,,,,,,,,,0.0,0.0,0.0,,,,0.0,0.0,0.0,,,,0.0,0.0,0.0,,,,0.0,0.0,0.0,
8475790,E. Gudbranson,CBJ,D,2,37,55,2026-10-03,1.0,0.0,0.027,0.018,0.0,0.0,0.0,0.0,0.054,0.109,0.0,0.0,0.0,0.0,0.081,0.127,0.0,0.0,0.0,0.0,0.919,0.836,0.6,0.7,0.909,3.0,1.73,1.618,2.8,2.3,1.354,1.5,1.216,1.345,1.2,1.4,0.98,0.0,0.514,0.455,0.4,0.2,1.134,0.0,0.0,0.0,0.0,0.0,0.0,17.158,17.771,17.749,17.383,17.288,3.403,,,,,,,,,,,,,,,,,,
8475791,T. Hall,CAR,W,4,99,195,2026-10-06,1.0,0.5,0.253,0.241,0.6,0.4,0.566,0.0,0.424,0.359,0.0,0.1,0.806,0.5,0.677,0.6,0.6,0.5,0.977,2.0,1.939,1.918,2.0,2.6,1.493,0.25,0.434,0.467,0.2,0.6,0.697,2.0,0.778,0.754,1.6,1.5,1.078,2.0,0.586,0.533,1.6,1.0,1.275,0.0,0.03,0.041,0.0,0.0,0.0,14.158,14.903,14.99,14.253,15.687,2.76,,,,,,,,,,,,,,,,,,
8475794,T. Seguin,DAL,C,3,27,68,2026-10-05,1.0,0.0,0.259,0.294,0.0,0.0,0.427,0.0,0.37,0.382,0.0,0.5,0.676,0.0,0.63,0.676,0.0,0.5,0.753,3.0,1.148,1.676,2.2,1.4,1.078,0.0,0.222,0.221,0.0,0.1,0.463,0.0,0.667,0.529,0.4,0.7,0.753,2.0,0.074,0.324,1.2,0.6,1.224,0.0,0.037,0.074,0.0,0.0,0.196,14.65,16.662,16.01,12.21,14.66,4.023,,,,,,,,,,,,,,,,,,
8475795,D. McIlrath,WSH,D,0,13,30,2026-04-14,0.27,,0.0,0.0,0.0,0.0,0.0,,0.0,0.067,0.0,0.0,0.0,,0.0,0.067,0.0,0.0,0.0,,0.385,0.5,0.6,0.4,0.755,,0.692,0.767,0.8,0.7,0.924,,2.0,2.133,2.2,1.9,1.163,,0.769,1.267,0.0,1.0,2.185,,0.0,0.0,0.0,0.0,0.0,,9.313,10.641,9.44,8.632,3.995,,,,,,,,,,,,,,,,,,
8475798,M. Granlund,ANA,C,2,70,173,2026-10-04,1.0,0.5,0.343,0.301,0.6,0.4,0.686,0.5,0.386,0.445,0.2,0.2,0.9,1.0,0.729,0.746,0.8,0.6,1.07,1.0,1.957,1.948,1.6,1.7,1.461,0.5,0.686,0.723,0.2,0.7,0.763,0.0,0.829,0.896,1.4,1.4,1.434,0.0,0.314,0.335,0.4,0.4,0.543,0.5,0.157,0.116,0.4,0.2,0.512,20.583,19.179,19.145,21.48,19.51,2.652,,,,,,,,,,,,,,,,,,
8475799,N. Niederreiter,WPG,W,2,61,158,2026-10-04,0.5,0.0,0.131,0.184,0.0,0.0,0.271,0.0,0.18,0.209,0.0,0.0,0.271,0.0,0.311,0.392,0.0,0.0,0.367,0.0,1.377,1.639,1.0,1.3,1.401,0.0,0.328,0.399,0.0,0.0,0.676,1.0,1.148,1.652,0.8,0.9,1.046,0.0,0.295,0.329,0.8,0.4,0.98,0.0,0.016,0.038,0.0,0.0,0.0,11.767,13.769,14.447,12.77,12.515,1.634,,,,,,,,,,,,,,,,,,
8475809,S. Wedgewood,COL,G,2,91,173,2026-10-03,0.0,,,,,,,,,,,,,,,,,,,,,,,,,,,,,,,,,,,,,0.0,0.022,0.012,0.0,0.0,0.0,,,,,,,0.0,34.672,26.282,22.757,29.865,27.595,0.0,13.648,10.26,8.0,10.9,11.485,0.0,1.22,0.948,1.2,1.4,1.497,0.0,14.868,11.208,9.2,12.3,12.432
8475810,B. Rust,PIT,W,0,78,149,2026-04-29,0.99,,0.385,0.409,0.0,0.3,0.566,,0.474,0.477,0.2,0.2,0.574,,0.859,0.886,0.2,0.5,0.796,,2.538,2.611,2.4,2.1,1.523,,0.949,0.859,0.6,0.5,0.873,,0.538,0.698,1.2,0.9,0.814,,0.385,0.322,0.8,1.0,1.418,,0.103,0.087,0.0,0.0,0.325,,20.004,19.884,20.687,19.515,2.028,,,,,,,,,,,,,,,,,,
8475825,J. Hakanpää,TOR,D,0,0,2,2024-11-16,1.0,,,0.0,0.0,0.0,,,,0.0,0.0,0.0,,,,0.0,0.0,0.0,,,,1.0,1.0,1.0,,,,2.0,2.0,2.0,,,,0.5,0.5,0.5,,,,0.0,0.0,0.0,,,,0.0,0.0,0.0,,,,14.083,14.083,14.083,,,,,,,,,,,,,,,,,,,
8475831,P. Grubauer,SEA,G,4,70,144,2026-10-06,0.5,,,,,,,,,,,,,,,,,,,,,,,,,,,,,,,,,,,,,0.5,0.0,0.014,0.4,0.2,0.392,,,,,,,19.775,25.587,23.13,22.487,35.805,27.947,7.0,11.243,9.799,8.6,15.5,12.537,0.75,1.129,1.16,1.2,1.6,1.51,7.75,12.371,10.958,9.8,17.1,13.826
8475839,L. Domingue,NYR,G,0,0,4,2025-01-07,0.25,,,,,,,,,,,,,,,,,,,,,,,,,,,,,,,,,,,,,,,0.0,0.0,0.0,0.0,,,,,,,,,15.0,15.0,15.0,25.981,,,6.25,6.25,6.25,10.825,,,0.5,0.5,0.5,0.866,,,6.75,6.75,6.75,11.691
8475842,S. Carrick,BUF,C,2,74,156,2026-10-03,0.0,0.0,0.122,0.096,0.0,0.3,0.531,0.0,0.095,0.135,0.0,0.0,0.196,0.0,0.216,0.231,0.0,0.3,0.546,0.5,1.041,1.038,1.2,1.5,1.076,0.0,0.473,0.494,0.0,0.2,0.625,1.5,1.432,1.577,1.4,1.2,0.843,0.0,0.905,0.801,1.4,0.7,1.766,0.0,0.0,0.0,0.0,0.0,0.0,7.525,10.414,11.155,7.79,9.757,2.632,,,,,,,,,,,,,,,,,,
8475848,B. Gallagher,VAN,W,4,80,171,2026-10-04,0.0,0.0,0.1,0.17,0.0,0.2,0.271,0.0,0.2,0.205,0.0,0.0,0.325,0.0,0.3,0.374,0.0,0.2,0.4,1.0,1.525,1.678,0.8,1.0,1.166,0.25,0.25,0.351,0.2,0.1,0.427,1.75,1.288,1.275,1.4,1.6,1.389,1.0,0.487,0.48,0.8,0.4,1.497,0.0,0.025,0.041,0.0,0.0,0.0,9.933,12.128,13.035,9.307,9.172,2.051,,,,,,,,,,,,,,,,,,
8475852,P. Mrazek,ANA,G,0,33,97,2026-01-05,0.47,,,,,,,,,,,,,,,,,,,,,,,,,,,,,,,,,,,,,,0.0,0.0,0.0,0.0,0.0,,,,,,,,15.633,26.763,12.787,15.807,24.119,,6.424,11.979,4.4,4.9,10.638,,1.061,1.557,1.2,1.3,1.587,,7.485,13.536,5.6,6.2,11.938
8475857,K. Gravel,NSH,D,0,1,7,2026-04-16,1.0,,0.0,0.0,0.0,0.0,0.0,,0.0,0.143,0.0,0.143,0.35,,0.0,0.143,0.0,0.143,0.35,,1.0,1.0,1.2,1.0,1.069,,3.0,1.571,2.0,1.571,1.178,,1.0,1.143,1.2,1.143,0.639,,0.0,0.0,0.0,0.0,0.0,,0.0,0.0,0.0,0.0,0.0,,16.6,17.66,17.177,17.66,1.404,,,,,,,,,,,,,,,,,,
8475883,F. Andersen,CAR,G,0,90,148,2026-06-06,0.58,,,,,,,,,,,,,,,,,,,,,,,,,,,,,,,,,,,,,,0.067,0.041,0.0,0.0,0.392,,,,,,,,34.624,34.992,56.433,60.212,24.574,,11.822,12.155,18.8,16.4,9.782,,1.544,1.48,2.6,2.5,1.607,,13.367,13.635,21.4,18.9,10.404
8475906,J. Klingberg,SJ,D,0,56,86,2026-04-16,1.0,,0.179,0.14,0.0,0.0,0.196,,0.304,0.267,0.6,0.6,0.748,,0.482,0.407,0.6,0.6,0.804,,1.411,1.407,0.4,0.5,1.209,,1.107,1.244,0.4,0.5,1.046,,0.821,0.872,0.8,1.0,0.935,,0.429,0.395,0.4,0.6,0.733,,0.089,0.07,0.0,0.0,0.196,,20.467,19.758,18.28,18.038,1.88,,,,,,,,,,,,,,,,,,
8475913,M. Stone,VGK,W,4,77,157,2026-10-06,1.0,0.5,0.455,0.382,0.4,0.4,0.574,0.5,0.649,0.662,0.4,0.2,0.557,1.0,1.104,1.045,0.8,0.6,0.765,2.0,2.169,2.083,2.0,2.2,1.365,1.0,0.74,0.726,0.8,1.0,1.031,1.75,0.896,0.745,2.0,2.6,1.536,1.75,0.247,0.255,1.4,1.1,1.348,0.0,0.169,0.121,0.0,0.0,0.427,18.358,19.357,19.355,19.45,20.458,4.837,,,,,,,,,,,,,,,,,,
8475958,M. Sgarbossa,WSH,C,0,0,3,2024-11-09,0.0,,,0.333,0.333,0.333,0.471,,,0.333,0.333,0.333,0.471,,,0.667,0.667,0.667,0.943,,,0.333,0.333,0.333,0.471,,,0.333,0.333,0.333,0.471,,,0.333,0.333,0.333,0.471,,,0.667,0.667,0.667,0.943,,,0.0,0.0,0.0,0.0,,,9.339,9.339,9.339,1.483,,,,,,,,,,,,,,,,,,
8476278,C. Blackwell,DAL,C,1,76,151,2026-10-03,0.0,0.0,0.053,0.073,0.0,0.1,0.196,0.0,0.145,0.146,0.0,0.1,0.4,0.0,0.197,0.219,0.0,0.2,0.512,0.0,0.868,0.96,0.4,0.7,0.938,0.0,0.5,0.437,0.2,0.3,0.574,1.0,1.697,1.589,2.0,1.9,1.656,0.0,0.526,0.411,0.0,0.2,2.771,0.0,0.0,0.0,0.0,0.0,0.0,7.483,11.894,11.664,11.61,11.517,2.505,,,,,,,,,,,,,,,,,,
8476292,O. Palat,NYI,W,3,80,165,2026-10-06,0.33,0.333,0.062,0.127,0.2,0.1,0.196,0.0,0.125,0.152,0.0,0.1,0.271,0.333,0.188,0.279,0.2,0.2,0.325,2.333,1.038,1.158,1.4,1.1,1.177,1.0,0.838,0.812,0.6,0.7,0.814,1.667,1.663,1.679,1.8,1.8,1.382,0.0,0.175,0.17,0.0,0.0,0.392,0.0,0.013,0.018,0.0,0.0,0.0,11.5,12.82,13.379,11.38,11.007,2.074,,,,,,,,,,,,,,,,,,
8476312,J. Manson,COL,D,2,88,145,2026-10-03,1.0,0.5,0.057,0.062,0.2,0.1,0.196,1.0,0.33,0.317,0.6,0.5,0.48,1.5,0.386,0.379,0.8,0.6,0.566,1.5,1.591,1.559,1.0,1.2,1.069,1.0,1.193,1.214,1.0,0.8,0.632,2.0,2.295,2.31,2.8,2.6,1.786,0.0,1.148,0.945,0.4,1.0,1.744,0.0,0.0,0.0,0.0,0.0,0.0,15.558,17.536,17.738,15.833,15.335,3.223,,,,,,,,,,,,,,,,,,
8476316,L. Brossoit,SJ,G,0,6,6,2026-03-28,0.17,,,,,,,,,,,,,,,,,,,,,,,,,,,,,,,,,,,,,,0.0,0.0,0.0,0.0,0.0,,,,,,,,9.858,9.858,11.83,9.858,22.044,,3.0,3.0,3.6,3.0,6.708,,1.0,1.0,1.2,1.0,2.236,,3.833,3.833,4.6,3.833,8.572
8476329,T. Boyd,MIN,C,0,0,3,2024-12-21,0.0,,,0.0,0.0,0.0,0.0,,,0.0,0.0,0.0,0.0,,,0.0,0.0,0.0,0.0,,,0.0,0.0,0.0,0.0,,,1.0,1.0,1.0,0.816,,,0.333,0.333,0.333,0.471,,,0.0,0.0,0.0,0.0,,,0.0,0.0,0.0,0.0,,,7.806,7.806,7.806,0.648,,,,,,,,,,,,,,,,,,
8476331,D. DeMelo,WPG,D,3,82,179,2026-10-05,1.0,0.333,0.037,0.045,0.2,0.1,0.196,0.333,0.195,0.201,0.2,0.1,0.325,0.667,0.232,0.246,0.4,0.2,0.367,0.667,0.915,0.95,0.6,0.7,0.833,1.333,1.329,1.335,1.2,1.1,0.833,0.667,1.402,1.553,1.2,1.4,1.2,1.333,0.488,0.514,1.2,0.8,0.98,0.0,0.0,0.0,0.0,0.0,0.0,22.056,21.457,21.53,20.773,21.468,2.733,,,,,,,,,,,,,,,,,,
8476341,A. Forsberg,LA,G,3,86,171,2026-10-06,0.33,,,,,,,,,,,,,,,,,,,,,,,,,,,,,,,,,,,,,0.0,0.047,0.023,0.0,0.0,0.0,,,,,,,20.956,26.469,23.484,36.127,42.565,29.813,6.667,11.349,9.871,13.2,17.7,12.975,1.667,1.14,1.047,2.4,2.1,1.642,8.333,12.477,10.912,15.6,19.8,14.114
8476372,N. Seeler,PHI,D,4,90,171,2026-10-05,1.0,0.0,0.056,0.047,0.0,0.0,0.325,0.25,0.067,0.14,0.2,0.1,0.196,0.25,0.122,0.187,0.2,0.1,0.367,0.25,1.111,1.07,0.4,0.4,0.849,3.0,1.867,2.222,2.6,2.2,1.537,1.5,1.656,1.637,1.4,1.7,1.076,1.0,0.733,0.62,0.8,1.8,3.226,0.0,0.0,0.0,0.0,0.0,0.0,18.083,17.398,17.361,17.503,16.532,3.012,,,,,,,,,,,,,,,,,,
8476374,S. Kuraly,BOS,C,3,88,173,2026-10-03,0.33,0.0,0.08,0.075,0.0,0.1,0.271,0.0,0.193,0.162,0.0,0.3,0.566,0.0,0.273,0.237,0.0,0.4,0.722,2.0,1.284,1.197,1.2,1.1,1.121,1.0,0.568,0.566,0.6,0.7,0.697,2.333,1.068,1.526,1.8,1.4,1.588,0.667,0.489,0.491,0.4,0.4,0.543,0.0,0.0,0.0,0.0,0.0,0.0,12.217,13.283,12.545,11.963,13.043,2.329,,,,,,,,,,,,,,,,,,
8476389,V. Trocheck,UTA,C,4,67,153,2026-10-06,1.0,0.25,0.239,0.281,0.2,0.2,0.4,0.25,0.552,0.464,0.2,0.3,0.753,0.5,0.791,0.745,0.4,0.5,0.794,1.0,1.701,2.092,0.8,1.3,1.2,1.0,0.731,0.856,1.0,0.8,0.776,3.25,2.881,2.745,3.4,2.6,1.378,0.0,0.955,0.706,0.0,0.8,1.697,0.0,0.03,0.046,0.0,0.0,0.196,16.908,20.551,20.75,17.59,17.997,2.061,,,,,,,,,,,,,,,,,,
8476391,T. Tynan,COL,C,0,1,10,2026-01-10,0.0,,0.0,0.0,0.0,0.0,0.0,,0.0,0.1,0.2,0.1,0.3,,0.0,0.1,0.2,0.1,0.3,,1.0,0.6,0.4,0.6,0.663,,0.0,0.4,0.2,0.4,0.663,,0.0,0.5,0.6,0.5,0.671,,0.0,0.4,0.4,0.4,0.8,,0.0,0.0,0.0,0.0,0.0,,8.217,7.893,7.603,7.893,0.926,,,,,,,,,,,,,,,,,,
8476392,A. Lowry,WPG,C,3,70,159,2026-10-05,1.0,0.333,0.071,0.164,0.2,0.1,0.271,0.667,0.229,0.226,0.4,0.3,0.512,1.0,0.3,0.39,0.6,0.4,0.546,1.0,1.014,1.239,1.2,0.9,0.891,1.0,0.686,0.755,0.8,0.9,0.907,2.667,2.143,2.258,1.6,2.0,1.9,0.0,0.457,0.478,0.4,0.6,1.3,0.0,0.0,0.0,0.0,0.0,0.0,15.739,14.971,15.399,15.563,15.403,1.549,,,,,,,,,,,,,,,,,,
8476393,N. Cousins,OTT,C,3,85,143,2026-10-06,0.0,0.0,0.106,0.105,0.0,0.0,0.196,0.333,0.176,0.175,0.4,0.3,0.4,0.333,0.282,0.28,0.4,0.3,0.427,0.333,0.953,1.063,0.6,0.7,1.038,0.667,0.482,0.49,0.4,0.4,0.7,3.333,2.176,2.056,3.6,2.8,1.921,4.0,1.106,1.028,2.4,1.6,2.67,0.0,0.0,0.0,0.0,0.0,0.0,8.117,11.377,11.421,7.837,10.475,2.453,,,,,,,,,,,,,,,,,,
8476399,B. Coleman,MIN,W,3,69,154,2026-10-06,1.0,0.333,0.29,0.234,0.4,0.4,0.546,0.333,0.217,0.26,0.2,0.3,0.546,0.667,0.507,0.494,0.6,0.7,0.686,1.667,2.551,2.435,1.8,2.2,1.582,0.333,0.696,0.747,0.6,0.9,0.722,2.0,2.203,2.169,1.6,1.6,1.15,0.667,0.71,0.565,0.8,0.6,1.131,0.333,0.0,0.032,0.2,0.1,0.196,15.011,17.329,17.473,15.68,17.782,1.999,,,,,,,,,,,,,,,,,,
8476412,J. Binnington,STL,G,3,81,173,2026-10-06,0.33,,,,,,,,,,,,,,,,,,,,,,,,,,,,,,,,,,,,,0.0,0.049,0.058,0.0,0.0,0.0,,,,,,,20.0,28.491,35.013,24.0,17.855,28.654,10.0,10.889,13.855,9.6,7.9,11.355,2.0,1.58,1.723,2.2,1.4,1.637,12.0,12.469,15.578,11.8,9.3,12.681
8476419,J. Pageau,NYI,C,3,74,156,2026-10-06,1.0,0.0,0.23,0.199,0.0,0.2,0.325,0.333,0.243,0.301,0.2,0.2,0.512,0.333,0.473,0.5,0.2,0.4,0.557,1.0,1.095,1.308,0.8,1.1,0.816,0.667,0.689,0.705,0.4,0.4,0.557,2.333,1.554,1.679,1.4,1.8,1.642,0.0,0.054,0.173,0.0,0.0,0.392,0.0,0.0,0.013,0.0,0.0,0.0,14.494,15.666,16.317,14.983,15.952,1.582,,,,,,,,,,,,,,,,,,
8476422,M. Reilly,CAR,D,2,44,64,2026-10-06,0.0,0.0,0.023,0.016,0.0,0.0,0.0,0.0,0.227,0.188,0.4,0.2,0.512,0.0,0.25,0.203,0.4,0.2,0.512,1.0,1.477,1.531,1.0,1.2,0.907,0.5,0.841,0.812,0.6,0.7,0.693,0.5,0.432,0.359,0.4,0.3,0.574,0.0,0.636,0.469,0.8,1.0,1.265,0.0,0.0,0.0,0.0,0.0,0.0,10.483,14.872,14.818,13.79,13.078,3.02,,,,,,,,,,,,,,,,,,
8476425,J. LaBate,VAN,C,0,1,7,2025-10-21,0.0,,0.0,0.0,0.0,0.0,0.0,,0.0,0.143,0.2,0.143,0.35,,0.0,0.143,0.2,0.143,0.35,,2.0,0.714,1.0,0.714,0.7,,2.0,1.857,2.4,1.857,1.959,,6.0,2.857,3.0,2.857,1.641,,0.0,1.429,1.0,1.429,2.259,,0.0,0.0,0.0,0.0,0.0,,9.533,9.167,9.39,9.167,1.598,,,,,,,,,,,,,,,,,,
8476429,S. Mayfield,NYI,D,0,80,146,2026-04-14,0.95,,0.025,0.034,0.0,0.0,0.196,,0.163,0.13,0.4,0.3,0.427,,0.188,0.164,0.4,0.3,0.531,,0.887,0.836,0.8,0.5,1.143,,1.025,1.281,0.6,0.6,0.835,,0.938,1.123,0.8,0.7,0.98,,1.038,0.753,0.4,0.9,1.134,,0.0,0.0,0.0,0.0,0.0,,16.471,16.711,14.827,14.063,2.216,,,,,,,,,,,,,,,,,,
8476432,B. Jenner,WSH,C,2,67,95,2026-10-03,1.0,0.0,0.194,0.211,0.4,0.2,0.4,0.5,0.373,0.4,0.4,0.3,0.449,0.5,0.567,0.611,0.8,0.5,0.574,3.0,1.97,2.189,2.8,2.4,1.47,2.0,0.985,0.926,1.6,1.7,1.341,0.0,2.194,2.0,0.8,1.9,1.562,0.0,0.657,0.505,0.4,0.2,1.091,0.0,0.015,0.032,0.0,0.0,0.0,15.625,16.079,16.592,15.77,16.0,2.008,,,,,,,,,,,,,,,,,,
8476433,M. Hellberg,DAL,G,0,0,1,2024-12-14,0.0,,,,,,,,,,,,,,,,,,,,,,,,,,,,,,,,,,,,,,,0.0,0.0,0.0,,,,,,,,,,0.0,0.0,0.0,,,,0.0,0.0,0.0,,,,0.0,0.0,0.0,,,,0.0,0.0,0.0,
8476434,J. Gibson,DET,G,3,81,135,2026-10-06,1.0,,,,,,,,,,,,,,,,,,,,,,,,,,,,,,,,,,,,,0.0,0.049,0.059,0.0,0.0,0.0,,,,,,,58.706,39.274,36.441,41.603,41.798,21.086,21.667,16.259,15.719,15.2,16.5,9.309,2.333,1.778,1.652,2.2,2.3,1.305,24.0,18.037,17.363,17.4,18.8,9.961
8476438,B. Saad,VGK,W,0,54,134,2026-05-22,0.82,,0.056,0.119,0.0,0.0,0.271,,0.148,0.201,0.4,0.3,0.4,,0.204,0.321,0.4,0.3,0.449,,1.537,1.664,1.0,1.2,1.204,,0.333,0.299,0.0,0.1,0.325,,0.259,0.246,0.6,0.4,0.571,,0.259,0.164,0.0,0.0,0.0,,0.0,0.0,0.0,0.0,0.0,,12.95,14.043,8.69,9.902,2.932,,,,,,,,,,,,,,,,,,
8476441,J. Edmundson,LA,D,3,86,168,2026-10-06,1.0,0.0,0.035,0.054,0.2,0.1,0.196,0.0,0.244,0.214,0.0,0.1,0.427,0.0,0.279,0.268,0.2,0.2,0.449,1.333,1.291,1.238,1.8,1.6,1.235,0.667,1.349,1.446,0.6,1.2,1.191,0.667,1.256,1.345,2.0,1.5,1.265,2.333,0.291,0.333,1.4,0.7,1.134,0.0,0.0,0.0,0.0,0.0,0.0,14.05,18.447,19.47,15.653,16.553,2.054,,,,,,,,,,,,,,,,,,
8476442,M. Nieto,PIT,W,0,0,32,2025-04-08,0.56,,,0.031,0.0,0.0,0.196,,,0.062,0.0,0.0,0.271,,,0.094,0.0,0.0,0.325,,,0.969,1.8,1.5,0.952,,,0.625,0.2,0.4,0.849,,,1.219,2.2,1.5,1.287,,,0.125,0.4,0.4,0.543,,,0.0,0.0,0.0,0.0,,,12.25,11.62,11.425,1.591,,,,,,,,,,,,,,,,,,
8476448,W. Karlsson,VGK,C,4,29,97,2026-10-06,1.0,0.0,0.241,0.196,0.0,0.2,0.367,0.0,0.31,0.33,0.0,0.2,0.466,0.0,0.552,0.526,0.0,0.4,0.64,1.5,1.862,2.021,1.4,1.8,1.085,0.0,0.862,0.722,0.0,0.3,1.009,0.0,0.31,0.32,0.0,0.3,0.614,0.0,0.276,0.124,0.0,0.0,0.543,0.0,0.034,0.01,0.0,0.0,0.0,18.679,16.209,17.019,16.687,17.923,3.9,,,,,,,,,,,,,,,,,,
8476453,N. Kucherov,TB,W,3,84,170,2026-10-05,1.0,0.333,0.536,0.488,0.2,0.2,0.755,1.0,1.083,1.071,0.6,0.8,0.816,1.333,1.619,1.559,0.8,1.0,1.261,1.667,3.119,3.171,2.8,3.6,2.041,0.333,0.369,0.388,0.4,0.3,0.449,0.0,0.488,0.406,0.2,0.5,0.566,0.0,0.714,0.629,0.4,1.0,1.114,0.0,0.095,0.094,0.0,0.0,0.196,22.956,20.177,20.773,22.393,21.823,2.237,,,,,,,,,,,,,,,,,,
8476454,R. Nugent-Hopkins,EDM,C,0,78,178,2026-04-30,1.0,,0.282,0.27,0.4,0.3,0.531,,0.5,0.461,0.6,0.4,0.512,,0.782,0.73,1.0,0.7,0.64,,1.795,1.978,1.4,1.5,1.242,,0.462,0.59,1.0,0.7,0.806,,0.397,0.472,0.8,0.7,0.806,,0.295,0.298,0.4,0.4,0.543,,0.154,0.129,0.2,0.2,0.367,,18.958,19.042,17.643,18.342,1.47,,,,,,,,,,,,,,,,,,
8476455,G. Landeskog,COL,W,2,73,80,2026-10-03,1.0,0.5,0.274,0.275,0.6,0.5,0.496,0.5,0.356,0.375,0.2,0.3,0.512,1.0,0.63,0.65,0.8,0.8,0.614,0.5,2.315,2.25,2.4,2.9,1.72,0.5,0.562,0.562,0.4,0.4,0.786,0.5,1.726,1.788,1.4,2.4,1.778,0.0,0.836,0.762,0.4,0.4,1.399,0.0,0.055,0.05,0.0,0.2,0.325,16.225,16.929,16.93,19.317,20.257,3.398,,,,,,,,,,,,,,,,,,
8476456,J. Huberdeau,CGY,W,0,50,131,2026-02-04,1.0,,0.2,0.29,0.4,0.2,0.4,,0.3,0.374,0.4,0.2,0.427,,0.5,0.664,0.8,0.4,0.496,,1.66,1.802,2.4,1.8,1.401,,0.6,0.718,0.6,0.5,0.753,,0.6,0.611,1.0,0.6,0.835,,0.82,0.573,0.0,0.2,1.061,,0.06,0.099,0.2,0.1,0.271,,18.131,19.004,16.2,16.247,1.74,,,,,,,,,,,,,,,,,,
8476457,A. Larsson,SEA,D,4,82,168,2026-10-06,1.0,0.0,0.085,0.083,0.0,0.2,0.271,0.0,0.22,0.232,0.0,0.1,0.367,0.0,0.305,0.315,0.0,0.3,0.427,1.0,1.293,1.321,1.6,1.8,1.429,3.25,1.988,1.929,3.2,1.8,1.324,3.0,1.341,1.345,2.6,1.6,1.6,0.0,0.512,0.435,0.0,0.0,0.98,0.0,0.0,0.0,0.0,0.0,0.0,21.704,21.373,21.29,21.743,21.112,2.239,,,,,,,,,,,,,,,,,,
8476458,R. Strome,CGY,C,3,52,137,2026-10-04,0.67,0.333,0.154,0.139,0.2,0.3,0.427,0.0,0.25,0.321,0.2,0.1,0.466,0.333,0.404,0.46,0.4,0.4,0.637,2.0,1.096,1.46,1.4,1.2,1.12,0.333,0.288,0.38,0.2,0.5,0.566,1.0,0.423,0.562,0.6,0.6,0.753,0.0,0.673,0.766,0.0,0.8,1.17,0.0,0.019,0.007,0.0,0.0,0.0,13.983,13.293,15.337,13.803,13.765,2.844,,,,,,,,,,,,,,,,,,
8476459,M. Zibanejad,NYR,C,5,81,168,2026-10-06,1.0,0.2,0.42,0.327,0.2,0.2,0.632,0.8,0.543,0.536,0.8,0.9,0.786,1.0,0.963,0.863,1.0,1.1,0.935,1.8,2.654,2.423,1.8,1.9,1.929,1.0,0.617,0.601,1.0,0.9,0.854,1.2,1.296,0.923,1.2,1.2,1.055,0.0,0.173,0.214,0.0,0.0,0.543,0.2,0.198,0.143,0.2,0.2,0.4,20.673,20.898,19.849,20.673,20.65,2.075,,,,,,,,,,,,,,,,,,
8476460,M. Scheifele,WPG,C,3,82,178,2026-10-05,1.0,0.0,0.439,0.449,0.2,0.2,0.546,0.0,0.817,0.68,0.2,0.9,0.993,0.0,1.256,1.129,0.4,1.1,1.131,1.667,2.134,2.152,1.4,1.8,1.567,0.333,0.573,0.64,0.4,0.5,0.843,0.333,0.39,0.713,0.2,0.2,0.48,0.0,0.524,0.674,0.0,0.8,1.488,0.0,0.085,0.107,0.0,0.0,0.0,20.628,21.504,20.844,20.337,20.882,2.05,,,,,,,,,,,,,,,,,,
8476461,S. Couturier,PHI,C,4,88,171,2026-10-05,1.0,0.0,0.148,0.164,0.0,0.1,0.49,0.5,0.307,0.345,0.4,0.2,0.531,0.5,0.455,0.509,0.4,0.3,0.755,0.75,1.602,1.749,0.6,1.7,1.414,0.0,0.523,0.532,0.2,0.2,0.48,1.25,1.523,1.129,1.4,2.7,1.891,0.5,0.432,0.474,0.8,0.6,1.061,0.0,0.0,0.006,0.0,0.0,0.0,16.163,16.744,16.984,17.037,17.625,3.315,,,,,,,,,,,,,,,,,,
8476462,D. Hamilton,NJ,D,3,77,149,2026-10-06,1.0,0.333,0.156,0.148,0.2,0.1,0.4,0.333,0.351,0.409,0.4,0.6,0.64,0.667,0.506,0.557,0.6,0.7,0.722,3.333,2.636,2.745,3.2,2.5,1.342,1.667,1.0,1.168,1.2,0.8,0.845,1.667,1.13,1.188,1.0,0.9,1.196,0.0,0.649,0.577,0.0,0.4,0.8,0.0,0.052,0.06,0.0,0.0,0.0,22.183,21.54,20.946,21.903,21.408,2.435,,,,,,,,,,,,,,,,,,
8476463,J. Brodin,MIN,D,3,67,126,2026-10-06,1.0,0.0,0.06,0.063,0.0,0.0,0.196,0.0,0.224,0.254,0.0,0.2,0.325,0.0,0.284,0.317,0.0,0.2,0.367,0.333,1.224,1.254,0.6,1.0,1.3,3.333,2.09,2.103,2.8,2.8,1.324,0.0,0.179,0.357,0.0,0.2,0.463,0.667,0.299,0.317,0.4,0.6,0.854,0.0,0.0,0.0,0.0,0.0,0.0,20.472,20.245,21.54,18.897,19.682,3.628,,,,,,,,,,,,,,,,,,
8476467,J. Oleksiak,VAN,D,4,78,164,2026-10-04,1.0,0.25,0.064,0.061,0.2,0.1,0.325,0.5,0.128,0.152,0.6,0.4,0.4,0.75,0.192,0.213,0.8,0.5,0.614,0.25,0.987,0.878,0.6,1.0,0.958,1.5,1.359,1.652,1.4,0.9,1.131,2.0,1.436,1.183,2.0,1.2,2.254,1.0,0.462,0.451,1.2,1.1,1.583,0.0,0.0,0.0,0.0,0.0,0.0,20.158,16.927,17.93,19.833,18.502,3.388,,,,,,,,,,,,,,,,,,
8476468,J. Miller,NYR,C,5,68,145,2026-10-06,1.0,0.2,0.25,0.276,0.2,0.2,0.367,0.2,0.529,0.586,0.2,0.5,0.693,0.4,0.779,0.862,0.4,0.7,0.814,1.8,2.118,2.0,1.8,1.9,1.376,0.8,0.5,0.607,0.8,0.9,0.814,2.0,1.809,2.076,2.0,1.5,1.292,1.8,0.485,0.669,1.8,1.4,1.685,0.0,0.088,0.076,0.0,0.1,0.271,17.23,20.146,19.079,17.23,17.543,1.983,,,,,,,,,,,,,,,,,,
8476469,J. Armia,LA,W,3,70,159,2026-10-06,1.0,0.333,0.186,0.157,0.2,0.1,0.367,0.0,0.171,0.201,0.0,0.0,0.325,0.333,0.357,0.358,0.2,0.1,0.531,1.333,1.329,1.289,1.0,1.1,1.233,1.667,0.6,0.516,1.2,1.1,1.095,1.333,1.171,1.138,2.0,1.5,1.203,0.0,0.514,0.34,0.4,0.6,1.061,0.0,0.014,0.006,0.0,0.0,0.0,12.95,14.004,14.085,12.763,13.162,2.19,,,,,,,,,,,,,,,,,,
8476473,C. Murphy,EDM,D,3,86,157,2026-10-03,1.0,0.0,0.081,0.057,0.2,0.2,0.325,0.0,0.151,0.191,0.0,0.2,0.367,0.0,0.233,0.248,0.2,0.4,0.449,1.0,0.942,1.07,1.6,1.6,1.017,4.0,1.779,2.07,3.4,2.8,1.593,0.333,1.186,1.401,1.4,1.4,1.235,0.667,0.826,0.796,0.4,0.7,1.671,0.0,0.0,0.0,0.0,0.0,0.0,20.872,17.801,19.078,20.743,20.683,2.111,,,,,,,,,,,,,,,,,,
8476474,S. Noesen,NJ,W,2,38,123,2026-10-03,0.0,0.0,0.079,0.211,0.0,0.0,0.271,0.0,0.105,0.195,0.0,0.1,0.325,0.0,0.184,0.407,0.0,0.1,0.4,1.0,1.368,1.837,1.0,1.3,1.203,0.0,0.395,0.341,0.2,0.3,0.625,2.0,0.868,1.602,1.2,0.8,0.938,0.0,0.868,0.789,0.0,0.4,1.896,0.0,0.026,0.098,0.0,0.0,0.196,7.4,11.754,14.527,9.757,9.932,2.755,,,,,,,,,,,,,,,,,,
8476479,P. Danault,MTL,C,3,94,183,2026-10-06,0.67,0.0,0.085,0.098,0.0,0.2,0.271,0.333,0.202,0.333,0.2,0.4,0.625,0.333,0.287,0.432,0.2,0.6,0.697,1.0,1.16,1.333,1.2,1.0,1.131,0.0,0.628,0.787,0.2,1.2,1.069,0.333,1.021,1.055,0.4,1.2,1.169,0.0,0.362,0.328,0.4,0.6,0.733,0.0,0.0,0.005,0.0,0.0,0.0,13.617,15.658,16.669,14.177,15.063,2.32,,,,,,,,,,,,,,,,,,
8476480,V. Namestnikov,WPG,C,3,60,154,2026-10-05,0.33,0.0,0.133,0.143,0.0,0.1,0.271,0.0,0.1,0.234,0.0,0.0,0.463,0.0,0.233,0.377,0.0,0.1,0.512,2.0,1.267,1.234,2.2,1.6,1.256,0.667,0.617,0.617,0.6,0.6,0.733,0.667,1.267,1.247,1.2,1.1,1.046,1.333,0.467,0.558,0.8,0.4,1.131,0.0,0.033,0.032,0.0,0.0,0.0,11.989,13.777,14.624,12.267,11.588,2.611,,,,,,,,,,,,,,,,,,
8476483,R. Rakell,PIT,W,3,66,150,2026-10-05,1.0,0.0,0.379,0.4,0.0,0.1,0.7,0.667,0.409,0.427,0.4,0.5,0.574,0.667,0.788,0.827,0.4,0.6,0.824,2.0,2.758,2.607,3.0,2.4,1.783,0.333,0.682,0.82,0.2,0.5,0.571,2.0,1.288,1.38,2.2,2.0,0.96,0.667,0.121,0.16,0.4,0.2,0.543,0.0,0.106,0.107,0.0,0.0,0.325,19.194,19.082,19.201,20.147,19.885,2.052,,,,,,,,,,,,,,,,,,
8476525,C. Miller,WPG,D,0,18,82,2026-04-16,0.89,,0.0,0.049,0.0,0.0,0.196,,0.111,0.183,0.4,0.2,0.4,,0.111,0.232,0.4,0.2,0.427,,1.111,1.134,1.2,1.3,1.176,,0.722,0.817,0.8,0.6,0.8,,1.611,1.476,1.2,1.5,1.649,,0.333,0.585,0.0,0.2,0.854,,0.0,0.012,0.0,0.0,0.196,,14.275,14.505,14.17,14.18,3.696,,,,,,,,,,,,,,,,,,
8476539,J. Marchessault,NSH,W,3,62,143,2026-10-06,1.0,0.0,0.194,0.231,0.0,0.1,0.271,0.0,0.306,0.378,0.0,0.2,0.806,0.0,0.5,0.608,0.0,0.3,0.852,1.667,2.129,2.399,1.2,1.8,1.394,0.0,0.145,0.238,0.2,0.1,0.325,0.667,1.21,1.077,0.6,1.0,0.894,1.333,0.484,0.497,0.8,0.6,0.854,0.0,0.065,0.056,0.0,0.0,0.0,15.661,16.707,17.378,15.937,16.782,1.834,,,,,,,,,,,,,,,,,,
8476624,B. Goodrow,SJ,C,3,82,162,2026-10-05,0.67,0.0,0.061,0.062,0.0,0.0,0.0,0.0,0.085,0.062,0.0,0.0,0.271,0.0,0.146,0.123,0.0,0.0,0.271,0.333,0.805,0.864,0.2,0.4,0.8,0.333,0.732,0.747,0.4,0.6,0.753,2.667,1.72,1.846,1.6,2.2,1.281,0.0,0.89,0.914,0.0,0.2,3.433,0.0,0.0,0.0,0.0,0.0,0.0,13.1,11.348,12.538,12.72,11.99,1.383,,,,,,,,,,,,,,,,,,
8476822,L. Glendening,PHI,C,0,80,162,2026-05-09,0.28,,0.037,0.049,0.0,0.1,0.325,,0.087,0.068,0.0,0.0,0.271,,0.125,0.117,0.0,0.1,0.4,,0.688,0.66,0.4,0.5,1.177,,0.775,0.772,0.8,0.9,0.753,,1.45,1.444,2.8,1.9,1.281,,0.175,0.148,0.4,0.6,0.733,,0.0,0.0,0.0,0.0,0.0,,10.963,10.84,15.383,13.935,2.04,,,,,,,,,,,,,,,,,,
8476826,Y. Gourde,TB,C,0,89,151,2026-05-03,0.98,,0.101,0.106,0.0,0.0,0.271,,0.225,0.298,0.2,0.1,0.367,,0.326,0.404,0.2,0.1,0.427,,1.348,1.305,0.6,0.7,1.058,,0.382,0.503,0.4,0.3,0.557,,1.427,1.623,1.8,1.8,1.578,,0.854,0.848,0.8,1.0,1.497,,0.0,0.0,0.0,0.0,0.0,,16.308,16.15,14.637,16.025,1.821,,,,,,,,,,,,,,,,,,
8476853,M. Rielly,TOR,D,4,78,177,2026-10-06,1.0,0.0,0.141,0.124,0.0,0.1,0.325,0.75,0.321,0.367,0.6,0.3,0.367,0.75,0.462,0.492,0.6,0.4,0.531,1.25,1.808,1.638,1.2,1.3,0.917,1.0,1.462,1.571,1.0,1.5,1.2,0.5,0.449,0.407,0.6,0.6,0.7,0.5,0.372,0.316,0.4,0.6,1.516,0.0,0.013,0.011,0.0,0.0,0.0,20.087,21.137,21.271,20.08,20.278,1.761,,,,,,,,,,,,,,,,,,
8476854,H. Lindholm,BOS,D,4,73,94,2026-10-05,1.0,0.25,0.068,0.096,0.2,0.1,0.271,0.25,0.315,0.298,0.4,0.3,0.512,0.5,0.384,0.394,0.6,0.4,0.546,1.0,1.452,1.543,0.8,1.0,1.095,1.0,1.534,1.415,1.2,1.3,1.07,0.5,0.205,0.234,0.8,0.5,0.614,0.0,0.904,0.745,0.4,0.8,0.898,0.0,0.014,0.011,0.0,0.0,0.0,20.179,21.724,21.502,20.787,21.785,2.009,,,,,,,,,,,,,,,,,,
8476856,M. Dumba,PIT,D,0,11,74,2025-12-07,0.95,,0.091,0.027,0.2,0.1,0.196,,0.182,0.149,0.0,0.2,0.4,,0.273,0.176,0.2,0.3,0.427,,0.636,0.865,0.8,0.7,0.871,,1.091,0.973,1.4,1.2,0.935,,1.455,1.162,1.2,1.5,0.952,,1.0,0.959,0.0,0.9,1.365,,0.0,0.0,0.0,0.0,0.0,,14.936,15.246,15.123,14.915,2.052,,,,,,,,,,,,,,,,,,
8476858,P. Di Giuseppe,VAN,W,0,0,20,2025-01-31,0.5,,,0.05,0.0,0.1,0.218,,,0.25,0.2,0.2,0.536,,,0.3,0.2,0.3,0.557,,,1.15,1.8,1.3,0.853,,,0.3,0.0,0.2,0.458,,,2.7,2.2,2.0,1.9,,,0.2,0.0,0.0,0.6,,,0.0,0.0,0.0,0.0,,,11.565,11.857,11.482,1.64,,,,,,,,,,,,,,,,,,
8476861,O. Dansk,ANA,G,0,0,3,2025-02-27,0.0,,,,,,,,,,,,,,,,,,,,,,,,,,,,,,,,,,,,,,,0.0,0.0,0.0,0.0,,,,,,,,,0.0,0.0,0.0,0.0,,,0.0,0.0,0.0,0.0,,,0.0,0.0,0.0,0.0,,,0.0,0.0,0.0,0.0
8476867,B. Gaunce,CBJ,C,0,25,37,2026-01-20,0.27,,0.08,0.054,0.0,0.1,0.271,,0.16,0.135,0.2,0.1,0.367,,0.24,0.189,0.2,0.2,0.427,,1.16,1.081,1.2,1.6,1.007,,0.84,0.757,1.2,1.2,0.88,,1.76,1.676,1.0,0.8,2.045,,0.48,0.432,0.0,0.2,1.024,,0.0,0.0,0.0,0.0,0.0,,11.903,11.186,11.153,12.228,1.924,,,,,,,,,,,,,,,,,,
8476869,B. Skjei,NSH,D,3,82,167,2026-10-06,1.0,0.0,0.037,0.078,0.0,0.1,0.271,0.333,0.28,0.281,0.2,0.2,0.466,0.333,0.317,0.359,0.2,0.3,0.566,0.667,1.354,1.611,0.6,1.0,0.824,1.0,1.024,1.078,1.2,1.4,0.824,0.667,0.854,0.743,0.4,0.5,1.058,0.0,0.488,0.491,0.4,1.0,1.203,0.0,0.0,0.012,0.0,0.0,0.0,20.617,22.61,22.221,21.11,22.38,1.96,,,,,,,,,,,,,,,,,,
8476871,T. Pearson,BUF,W,0,56,142,2026-04-15,0.33,,0.125,0.134,0.0,0.0,0.325,,0.143,0.169,0.8,0.5,0.512,,0.268,0.303,0.8,0.5,0.557,,0.929,1.176,0.8,1.1,0.999,,0.482,0.521,0.2,0.3,0.466,,1.321,1.338,1.4,1.3,0.9,,0.482,0.246,0.4,0.4,0.543,,0.0,0.0,0.0,0.0,0.0,,10.832,11.243,10.823,10.643,2.234,,,,,,,,,,,,,,,,,,
8476872,S. Laughton,LA,C,3,68,164,2026-10-06,1.0,0.0,0.191,0.159,0.0,0.0,0.325,0.0,0.103,0.165,0.0,0.0,0.271,0.0,0.294,0.323,0.0,0.0,0.4,1.667,1.574,1.482,2.2,2.4,1.575,1.0,0.662,0.689,0.6,0.8,0.665,2.667,1.985,2.207,4.0,2.6,1.903,0.0,0.456,0.433,0.0,0.0,1.024,0.0,0.015,0.006,0.0,0.0,0.196,13.972,14.477,14.479,14.823,15.32,1.326,,,,,,,,,,,,,,,,,,
8476873,M. Jankowski,CAR,W,4,87,158,2026-10-06,1.0,0.25,0.138,0.158,0.2,0.2,0.325,0.25,0.161,0.133,0.2,0.1,0.49,0.5,0.299,0.291,0.4,0.3,0.614,0.5,0.885,0.956,0.4,0.5,0.776,0.5,0.678,0.627,0.6,0.5,0.938,0.75,0.713,0.646,1.0,0.7,0.833,0.0,0.368,0.411,0.0,0.4,2.095,0.0,0.0,0.0,0.0,0.0,0.0,12.608,11.248,11.8,11.853,11.372,2.116,,,,,,,,,,,,,,,,,,
8476874,O. Maatta,MIN,D,3,43,46,2026-10-06,1.0,0.0,0.047,0.043,0.0,0.0,0.271,0.333,0.302,0.304,0.2,0.5,0.574,0.333,0.349,0.348,0.2,0.5,0.632,0.333,0.791,0.761,0.8,0.6,0.8,1.0,1.442,1.413,1.8,1.8,1.612,0.0,0.07,0.065,0.0,0.0,0.271,0.667,0.093,0.13,0.4,0.2,0.543,0.0,0.0,0.0,0.0,0.0,0.0,21.361,17.214,17.484,22.143,22.918,3.073,,,,,,,,,,,,,,,,,,
8476874,O. Määttä,UTA,D,0,0,77,2025-04-15,0.99,,,0.026,0.0,0.0,0.0,,,0.208,0.4,0.3,0.427,,,0.234,0.4,0.3,0.427,,,0.948,1.4,0.9,0.891,,,1.61,0.6,0.7,1.032,,,0.325,0.2,0.3,0.566,,,0.208,0.0,0.2,0.543,,,0.0,0.0,0.0,0.0,,,19.555,18.21,16.683,3.024,,,,,,,,,,,,,,,,,,
8476875,M. Matheson,MTL,D,3,97,185,2026-10-06,1.0,0.0,0.093,0.081,0.0,0.1,0.271,0.333,0.33,0.319,0.2,0.2,0.325,0.333,0.423,0.4,0.2,0.3,0.4,2.333,1.423,1.649,2.2,1.5,1.009,2.333,2.01,2.027,1.4,1.7,1.394,0.667,0.825,0.805,0.6,0.8,1.055,1.333,0.557,0.6,1.2,1.2,1.697,0.0,0.0,0.005,0.0,0.0,0.0,24.683,24.299,24.658,23.763,24.365,3.295,,,,,,,,,,,,,,,,,,
8476878,Z. Girgensons,TB,C,3,81,171,2026-10-05,0.67,0.0,0.111,0.064,0.0,0.0,0.196,0.333,0.136,0.094,0.2,0.1,0.4,0.333,0.247,0.158,0.2,0.1,0.427,0.333,1.123,1.041,0.2,0.3,0.632,1.667,0.654,0.632,1.8,1.4,1.017,3.667,2.741,2.456,4.6,3.8,1.632,0.667,0.432,0.491,0.4,0.6,0.733,0.0,0.0,0.0,0.0,0.0,0.0,12.161,14.501,12.995,12.643,11.823,2.484,,,,,,,,,,,,,,,,,,
8476879,C. Ceci,LA,D,3,86,192,2026-10-06,1.0,0.0,0.012,0.026,0.0,0.0,0.0,0.333,0.093,0.167,0.2,0.1,0.271,0.333,0.105,0.193,0.2,0.1,0.271,1.0,0.721,0.906,1.0,0.8,0.614,1.333,1.43,1.599,1.4,1.8,1.582,0.333,0.465,0.724,0.4,0.6,0.686,0.0,0.186,0.219,0.0,0.0,0.784,0.0,0.0,0.0,0.0,0.0,0.0,17.739,17.523,19.534,17.26,17.645,1.496,,,,,,,,,,,,,,,,,,
8476880,T. Wilson,WSH,W,2,72,165,2026-10-03,1.0,0.0,0.417,0.4,0.2,0.5,0.546,0.5,0.444,0.418,0.6,0.6,0.449,0.5,0.861,0.818,0.8,1.1,0.693,1.0,2.125,2.079,2.0,1.8,1.183,2.0,0.736,0.83,1.2,0.8,0.824,2.5,2.486,2.836,1.6,1.7,1.477,6.0,1.625,1.473,2.4,1.2,4.617,0.0,0.097,0.115,0.0,0.0,0.0,17.217,19.463,19.107,17.21,18.248,2.784,,,,,,,,,,,,,,,,,,
8476881,T. Hertl,VGK,C,4,104,192,2026-10-06,1.0,0.75,0.279,0.349,0.6,0.5,0.546,0.5,0.413,0.396,0.4,0.5,0.566,1.25,0.692,0.745,1.0,1.0,0.96,3.5,2.317,2.396,3.4,2.6,1.183,0.75,0.5,0.599,0.6,0.5,0.566,2.25,1.538,1.578,2.6,2.2,1.521,0.5,0.433,0.349,0.8,0.6,0.733,0.75,0.135,0.161,0.6,0.4,0.463,16.421,16.305,16.729,16.537,15.685,2.492,,,,,,,,,,,,,,,,,,
8476882,T. Teravainen,CHI,C,3,75,160,2026-10-06,0.67,0.0,0.187,0.181,0.0,0.1,0.271,0.667,0.28,0.412,0.4,0.4,0.546,0.667,0.467,0.594,0.4,0.5,0.566,0.667,1.187,1.262,0.8,1.2,0.894,0.333,0.573,0.456,0.4,0.6,0.8,0.333,0.28,0.306,0.2,0.1,0.49,0.0,0.08,0.113,0.0,0.0,0.392,0.0,0.093,0.087,0.0,0.1,0.271,12.294,17.752,17.298,13.933,16.328,2.796,,,,,,,,,,,,,,,,,,
8476883,A. Vasilevskiy,TB,G,3,82,170,2026-10-05,1.0,,,,,,,,,,,,,,,,,,,,,,,,,,,,,,,,,,,,,0.0,0.134,0.112,0.0,0.0,0.0,,,,,,,58.622,47.201,47.546,60.483,61.562,22.444,17.667,18.207,19.035,18.0,19.3,9.011,2.0,1.805,1.8,1.6,2.2,1.294,19.667,19.988,20.818,19.6,21.5,9.685
8476885,J. Trouba,SJ,D,3,93,173,2026-10-05,1.0,0.0,0.118,0.069,0.0,0.0,0.196,0.333,0.269,0.225,0.2,0.1,0.367,0.333,0.387,0.295,0.2,0.1,0.4,1.0,2.043,1.757,1.4,2.0,1.155,1.667,1.774,2.185,1.2,1.2,1.676,1.667,1.968,2.035,2.6,3.0,1.489,1.667,0.376,0.613,1.4,0.7,1.091,0.0,0.0,0.0,0.0,0.0,0.0,20.744,23.044,21.88,22.04,22.855,2.516,,,,,,,,,,,,,,,,,,
8476887,F. Forsberg,NSH,W,3,82,167,2026-10-06,1.0,0.0,0.488,0.425,0.4,0.5,0.697,1.0,0.427,0.497,0.6,0.5,0.748,1.0,0.915,0.922,1.0,1.0,1.155,1.667,3.0,3.186,2.6,2.2,1.577,0.333,0.402,0.515,0.6,0.5,0.933,1.333,1.512,1.671,1.0,0.9,0.88,0.0,0.415,0.467,0.0,0.2,0.862,0.0,0.134,0.126,0.2,0.3,0.4,20.717,18.887,18.793,20.297,19.51,1.846,,,,,,,,,,,,,,,,,,
8476889,R. Faksa,DAL,C,3,64,144,2026-10-05,0.33,0.0,0.031,0.056,0.0,0.0,0.196,0.333,0.234,0.208,0.2,0.1,0.271,0.333,0.266,0.264,0.2,0.1,0.325,1.0,0.672,0.806,0.8,1.1,0.952,1.333,0.781,0.757,0.8,1.2,1.12,1.667,1.375,1.59,1.8,1.8,1.3,0.0,0.344,0.375,0.4,0.6,0.733,0.0,0.0,0.0,0.0,0.0,0.0,11.361,11.865,12.575,10.497,12.598,2.538,,,,,,,,,,,,,,,,,,
8476891,M. Grzelcyk,BUF,D,1,69,152,2026-10-01,1.0,0.0,0.0,0.007,0.0,0.0,0.0,0.0,0.174,0.336,0.0,0.0,0.196,0.0,0.174,0.342,0.0,0.0,0.196,0.0,0.986,1.066,0.2,0.6,0.907,1.0,0.783,1.026,0.8,0.8,0.731,0.0,0.406,0.467,0.2,0.2,0.449,0.0,0.464,0.316,0.8,0.4,0.898,0.0,0.0,0.0,0.0,0.0,0.0,14.45,16.971,18.919,13.92,15.595,4.124,,,,,,,,,,,,,,,,,,
8476892,C. Parayko,STL,D,3,77,151,2026-10-06,1.0,0.0,0.052,0.139,0.0,0.2,0.367,0.333,0.182,0.265,0.2,0.1,0.325,0.333,0.234,0.404,0.2,0.3,0.531,2.0,1.364,1.662,1.8,1.4,1.256,2.667,2.234,2.298,2.2,1.8,1.078,1.0,1.234,1.325,0.8,1.0,1.058,0.0,0.299,0.245,0.0,0.7,1.372,0.0,0.0,0.013,0.0,0.0,0.0,20.456,22.196,22.904,20.587,20.47,2.015,,,,,,,,,,,,,,,,,,
8476897,O. Sundqvist,STL,C,0,52,126,2026-04-14,0.76,,0.096,0.095,0.2,0.1,0.367,,0.231,0.214,0.4,0.2,0.325,,0.327,0.31,0.6,0.3,0.531,,0.712,0.817,0.2,0.3,1.091,,0.5,0.635,0.2,0.2,0.983,,1.327,1.373,2.0,2.0,1.196,,0.5,0.508,1.2,1.0,1.061,,0.0,0.032,0.0,0.0,0.0,,12.966,13.224,11.837,11.835,1.968,,,,,,,,,,,,,,,,,,
8476899,M. Murray,SEA,G,0,16,27,2026-04-07,0.3,,,,,,,,,,,,,,,,,,,,,,,,,,,,,,,,,,,,,,0.0,0.0,0.0,0.0,0.0,,,,,,,,13.555,12.931,3.94,15.932,21.77,,5.875,5.593,1.2,6.4,10.35,,0.5,0.593,0.2,0.5,1.024,,6.375,6.185,1.4,6.9,11.232
8476902,E. Lindell,DAL,D,3,88,189,2026-10-05,1.0,0.0,0.068,0.063,0.0,0.1,0.196,0.0,0.307,0.259,0.0,0.2,0.512,0.0,0.375,0.323,0.0,0.3,0.601,0.667,1.045,1.116,0.4,1.4,1.248,2.0,2.182,2.18,1.8,2.1,1.076,1.0,0.364,0.519,0.8,0.6,0.632,0.667,0.295,0.243,0.4,0.8,0.98,0.0,0.011,0.011,0.0,0.1,0.196,18.933,23.376,22.814,19.903,23.087,3.422,,,,,,,,,,,,,,,,,,
8476904,C. Driedger,WPG,G,0,0,5,2025-04-13,0.0,,,,,,,,,,,,,,,,,,,,,,,,,,,,,,,,,,,,,,,0.0,0.0,0.0,0.0,,,,,,,,,0.0,0.0,0.0,0.0,,,0.0,0.0,0.0,0.0,,,0.0,0.0,0.0,0.0,,,0.0,0.0,0.0,0.0
8476905,C. Stephenson,SEA,C,4,80,162,2026-10-06,1.0,0.25,0.2,0.185,0.2,0.2,0.325,0.75,0.412,0.457,0.6,0.6,0.571,1.0,0.613,0.642,0.8,0.8,0.637,1.0,1.163,1.049,1.0,0.8,0.816,0.25,0.7,0.66,0.2,0.6,0.697,0.0,0.25,0.327,0.0,0.1,0.367,0.5,0.175,0.247,0.4,0.2,0.543,0.0,0.075,0.043,0.0,0.0,0.0,17.096,19.382,19.387,17.53,17.55,2.136,,,,,,,,,,,,,,,,,,
8476906,S. Gostisbehere,CAR,D,4,74,163,2026-10-06,1.0,0.25,0.216,0.166,0.2,0.2,0.367,0.25,0.622,0.558,0.2,0.6,0.806,0.5,0.838,0.724,0.4,0.8,0.794,1.5,1.919,1.804,1.6,1.2,1.411,0.5,1.014,0.975,0.4,0.6,0.804,0.5,0.554,0.589,0.4,0.4,0.843,0.5,0.486,0.577,0.4,0.2,2.03,0.25,0.095,0.08,0.2,0.1,0.271,18.779,18.886,18.731,17.403,16.942,3.024,,,,,,,,,,,,,,,,,,
8476907,M. MacEachern,VAN,W,0,8,8,2025-11-23,0.25,,0.125,0.125,0.2,0.125,0.331,,0.375,0.375,0.4,0.375,0.484,,0.5,0.5,0.6,0.5,0.707,,0.75,0.75,0.4,0.75,0.968,,0.75,0.75,0.4,0.75,0.661,,1.25,1.25,1.0,1.25,0.968,,1.5,1.5,2.4,1.5,3.969,,0.0,0.0,0.0,0.0,0.0,,10.183,10.183,9.483,10.183,1.95,,,,,,,,,,,,,,,,,,
8476913,D. Shore,MIN,C,0,0,55,2025-04-06,0.04,,,0.018,0.0,0.0,0.0,,,0.073,0.0,0.1,0.271,,,0.091,0.0,0.1,0.271,,,0.745,1.0,1.0,0.8,,,0.673,0.6,0.7,0.8,,,1.382,1.2,1.4,0.753,,,0.109,0.0,0.2,0.543,,,0.0,0.0,0.0,0.0,,,8.652,9.087,9.132,1.784,,,,,,,,,,,,,,,,,,
8476914,J. Korpisalo,NYR,G,1,88,171,2026-09-29,0.0,,,,,,,,,,,,,,,,,,,,,,,,,,,,,,,,,,,,,0.0,0.023,0.012,0.0,0.0,0.392,,,,,,,0.0,19.618,19.042,2.663,7.332,24.625,0.0,8.716,8.105,1.2,3.9,10.746,0.0,1.023,0.959,0.0,0.2,1.166,0.0,9.739,9.064,1.2,4.1,11.785
8476917,A. Pelech,NYI,D,3,82,145,2026-10-06,1.0,0.0,0.049,0.028,0.0,0.0,0.196,0.333,0.146,0.234,0.2,0.2,0.427,0.333,0.195,0.262,0.2,0.2,0.449,0.0,1.488,1.593,0.6,1.2,1.5,1.0,1.512,1.476,0.8,0.9,0.938,1.0,0.805,0.979,1.0,1.0,1.017,2.333,0.61,0.614,1.8,1.5,1.742,0.0,0.0,0.0,0.0,0.0,0.0,20.222,20.891,20.969,19.533,19.698,1.754,,,,,,,,,,,,,,,,,,
8476918,J. Vesey,COL,W,0,0,43,2025-04-13,0.26,,,0.116,0.2,0.1,0.271,,,0.07,0.2,0.1,0.271,,,0.186,0.4,0.2,0.463,,,0.837,0.6,0.6,1.058,,,0.279,0.2,0.2,0.665,,,0.744,1.0,1.3,0.826,,,0.0,0.0,0.0,0.0,,,0.0,0.0,0.0,0.0,,,10.648,10.217,10.56,2.848,,,,,,,,,,,,,,,,,,
8476921,J. Martinook,CAR,W,4,96,194,2026-10-06,1.0,0.0,0.146,0.155,0.0,0.1,0.271,0.0,0.208,0.237,0.0,0.1,0.431,0.0,0.354,0.392,0.0,0.2,0.49,2.0,1.542,1.459,2.2,2.0,1.562,0.25,0.677,0.68,0.4,0.4,0.826,2.5,1.625,1.546,2.4,2.5,1.649,0.5,0.51,0.397,0.4,0.6,0.933,0.0,0.0,0.0,0.0,0.0,0.0,14.7,15.098,15.269,14.963,15.678,2.751,,,,,,,,,,,,,,,,,,
8476923,D. Severson,CBJ,D,0,71,141,2026-03-26,0.99,,0.113,0.099,0.6,0.3,0.4,,0.338,0.305,0.4,0.3,0.625,,0.451,0.404,1.0,0.6,0.697,,1.31,1.305,2.2,1.7,1.091,,1.211,1.348,0.4,0.8,1.499,,0.549,0.582,0.0,0.3,0.546,,0.634,0.652,0.0,0.8,1.365,,0.014,0.007,0.0,0.0,0.0,,21.073,20.071,22.8,21.968,2.35,,,,,,,,,,,,,,,,,,
8476925,C. Sissons,TOR,C,4,88,164,2026-10-06,0.75,0.25,0.091,0.098,0.2,0.1,0.271,0.0,0.125,0.152,0.0,0.2,0.4,0.25,0.216,0.25,0.2,0.3,0.449,2.0,1.08,1.116,1.8,1.5,0.993,0.75,0.773,0.841,0.8,0.8,0.891,3.0,1.818,1.659,3.4,3.5,1.536,0.0,0.386,0.341,0.0,0.2,0.65,0.0,0.0,0.0,0.0,0.0,0.0,13.596,12.826,13.518,13.513,13.9,1.979,,,,,,,,,,,,,,,,,,
8476927,T. Blueger,TOR,C,4,35,121,2026-10-06,0.25,0.0,0.257,0.14,0.0,0.1,0.463,0.0,0.229,0.215,0.0,0.1,0.49,0.0,0.486,0.355,0.0,0.2,0.625,0.5,1.457,1.215,0.4,0.6,1.12,0.25,0.457,0.496,0.4,0.5,0.64,1.0,1.571,1.347,1.0,0.8,1.038,0.0,0.629,0.504,0.4,0.9,1.709,0.0,0.029,0.008,0.0,0.1,0.196,10.646,16.512,14.831,11.807,13.818,2.75,,,,,,,,,,,,,,,,,,
8476931,J. McCabe,TOR,D,4,80,163,2026-10-06,0.75,0.0,0.062,0.043,0.0,0.0,0.271,0.0,0.25,0.276,0.0,0.1,0.367,0.0,0.312,0.319,0.0,0.1,0.427,1.0,0.963,1.012,1.0,1.0,0.98,1.5,2.375,2.227,1.6,1.5,2.03,1.75,1.3,1.546,1.8,1.2,0.967,1.0,0.8,0.675,0.8,0.4,3.347,0.0,0.0,0.0,0.0,0.0,0.0,17.421,22.405,21.885,17.853,20.018,3.256,,,,,,,,,,,,,,,,,,
8476932,A. Stolarz,TOR,G,4,44,114,2026-10-06,0.5,,,,,,,,,,,,,,,,,,,,,,,,,,,,,,,,,,,,,0.0,0.045,0.035,0.0,0.0,0.392,,,,,,,30.783,31.574,34.295,25.14,24.773,29.362,11.75,14.364,14.904,9.8,9.8,14.136,1.25,1.727,1.465,1.0,1.2,1.567,13.0,16.091,16.368,10.8,11.0,15.497
8476934,B. McGinn,ANA,W,0,0,26,2024-12-23,0.62,,,0.154,0.0,0.1,0.367,,,0.154,0.2,0.1,0.325,,,0.308,0.2,0.2,0.449,,,1.154,1.0,1.6,1.275,,,1.077,0.8,0.7,1.076,,,2.346,1.6,1.8,1.52,,,0.0,0.0,0.0,0.0,,,0.0,0.0,0.0,0.0,,,11.708,10.517,11.018,3.02,,,,,,,,,,,,,,,,,,
8476945,C. Hellebuyck,WPG,G,0,70,163,2026-04-16,0.81,,,,,,,,,,,,,,,,,,,,,,,,,,,,,,,,,,,,,,0.057,0.037,0.0,0.0,0.392,,,,,,,,48.592,48.479,32.0,45.783,22.238,,19.786,19.479,13.4,16.1,10.4,,2.314,2.0,2.6,2.4,1.814,,22.1,21.479,16.0,18.5,11.433
8476952,D. Toninato,CHI,C,0,8,15,2026-04-13,0.0,,0.0,0.0,0.0,0.0,0.0,,0.125,0.067,0.0,0.1,0.249,,0.125,0.067,0.0,0.1,0.249,,1.0,0.667,1.0,0.8,0.789,,0.125,0.333,0.2,0.2,0.596,,1.5,1.8,0.4,2.0,1.759,,0.75,0.533,0.4,0.8,0.884,,0.0,0.0,0.0,0.0,0.0,,9.154,8.806,8.887,9.077,1.441,,,,,,,,,,,,,,,,,,
8476958,J. Slavin,CAR,D,4,58,157,2026-10-06,1.0,0.0,0.017,0.057,0.0,0.0,0.196,0.5,0.207,0.236,0.6,0.5,0.546,0.5,0.224,0.293,0.6,0.5,0.557,1.75,1.5,1.497,1.4,1.2,1.329,2.75,1.517,1.726,2.6,1.7,1.311,0.5,0.276,0.299,0.4,0.4,0.64,0.0,0.069,0.076,0.0,0.0,0.0,0.0,0.0,0.0,0.0,0.0,0.0,21.783,22.035,21.955,21.93,23.22,3.389,,,,,,,,,,,,,,,,,,
8476960,A. Athanasiou,CHI,C,0,0,8,2025-03-05,0.12,,,0.125,0.2,0.125,0.331,,,0.0,0.0,0.0,0.0,,,0.125,0.2,0.125,0.331,,,1.0,0.6,1.0,1.0,,,0.75,0.6,0.75,0.661,,,0.75,1.0,0.75,0.968,,,0.0,0.0,0.0,0.0,,,0.0,0.0,0.0,0.0,,,10.027,10.177,10.027,1.939,,,,,,,,,,,,,,,,,,
8476967,B. Kulak,COL,D,2,96,202,2026-10-03,1.0,0.0,0.021,0.05,0.0,0.1,0.196,0.0,0.156,0.183,0.0,0.3,0.49,0.0,0.177,0.233,0.0,0.4,0.585,0.0,1.115,1.322,0.6,0.8,0.871,2.0,1.385,1.475,1.8,1.4,1.466,0.5,0.25,0.347,0.8,0.4,0.557,0.0,0.458,0.347,0.0,0.0,0.98,0.0,0.0,0.0,0.0,0.0,0.0,18.267,19.187,20.185,17.667,19.852,2.547,,,,,,,,,,,,,,,,,,
8476979,E. Gustafsson,LA,D,2,2,64,2026-10-06,1.0,0.0,0.0,0.031,0.0,0.0,0.0,0.5,0.0,0.266,0.2,0.2,0.427,0.5,0.0,0.297,0.2,0.2,0.427,1.0,1.5,1.125,1.0,0.9,0.938,0.0,0.5,0.703,0.2,0.5,0.917,0.0,1.0,0.469,0.4,0.6,0.686,0.0,1.0,0.344,0.4,0.2,0.543,0.0,0.0,0.016,0.0,0.0,0.0,16.117,18.742,16.384,16.657,17.51,2.459,,,,,,,,,,,,,,,,,,
8476981,J. Anderson,MTL,W,3,91,180,2026-10-06,1.0,0.333,0.209,0.194,0.2,0.3,0.531,0.333,0.121,0.139,0.2,0.1,0.325,0.667,0.33,0.333,0.4,0.4,0.632,2.0,1.308,1.361,2.2,1.7,1.36,0.0,0.604,0.528,0.6,0.7,0.755,2.333,1.923,2.133,2.0,1.5,2.025,0.667,1.319,1.289,1.2,0.8,3.124,0.0,0.0,0.0,0.0,0.0,0.0,12.517,14.307,14.271,12.48,14.283,2.025,,,,,,,,,,,,,,,,,,
8476988,M. Benning,TOR,D,0,1,8,2026-01-03,0.75,,0.0,0.0,0.0,0.0,0.0,,0.0,0.0,0.0,0.0,0.0,,0.0,0.0,0.0,0.0,0.0,,0.0,0.875,0.6,0.875,1.053,,3.0,1.625,2.0,1.625,0.857,,0.0,1.125,1.0,1.125,1.364,,0.0,0.5,0.8,0.5,0.866,,0.0,0.0,0.0,0.0,0.0,,12.433,12.965,13.057,12.965,1.457,,,,,,,,,,,,,,,,,,
8476994,V. Hinostroza,FLA,C,0,65,104,2026-04-15,0.46,,0.092,0.106,0.2,0.1,0.367,,0.185,0.163,0.4,0.3,0.427,,0.277,0.269,0.6,0.4,0.566,,1.0,1.096,0.6,1.0,0.993,,0.415,0.385,0.6,0.5,0.755,,0.631,0.798,1.4,0.8,0.843,,0.477,0.413,0.4,0.4,2.53,,0.0,0.029,0.0,0.0,0.0,,10.938,11.707,13.99,12.833,3.198,,,,,,,,,,,,,,,,,,
8476999,L. Ullmark,OTT,G,2,70,137,2026-10-05,1.0,,,,,,,,,,,,,,,,,,,,,,,,,,,,,,,,,,,,,0.0,0.029,0.015,0.0,0.0,0.0,,,,,,,50.0,44.998,44.505,61.92,48.642,26.119,18.5,17.014,18.088,26.8,20.6,12.061,1.0,2.0,1.985,1.8,1.2,1.457,19.5,19.014,20.066,28.6,21.8,12.832
8477015,C. Brown,NJ,W,0,75,177,2026-04-14,0.92,,0.24,0.203,0.2,0.4,0.466,,0.333,0.26,0.4,0.3,0.7,,0.573,0.463,0.6,0.7,0.784,,1.547,1.503,1.6,2.0,1.47,,0.493,0.48,0.6,0.6,0.466,,0.333,0.35,0.0,0.5,0.733,,0.293,0.192,0.0,1.0,1.982,,0.053,0.023,0.0,0.2,0.325,,17.551,15.699,18.78,19.673,1.881,,,,,,,,,,,,,,,,,,
8477018,B. Hutton,VGK,D,0,62,73,2026-05-20,0.81,,0.097,0.082,0.0,0.0,0.0,,0.161,0.164,0.2,0.1,0.325,,0.258,0.247,0.2,0.1,0.325,,1.274,1.233,1.2,1.0,1.129,,1.0,1.11,1.0,1.1,0.849,,0.484,0.548,0.4,0.6,0.9,,0.371,0.315,0.4,0.4,0.733,,0.0,0.0,0.0,0.0,0.0,,14.437,14.255,14.6,12.94,2.331,,,,,,,,,,,,,,,,,,
8477021,A. Kerfoot,NSH,C,3,40,124,2026-10-06,1.0,0.0,0.175,0.145,0.0,0.0,0.49,0.333,0.175,0.202,0.4,0.2,0.449,0.333,0.35,0.347,0.4,0.2,0.64,1.0,0.825,1.105,1.0,0.8,0.784,0.667,0.75,0.798,0.6,0.7,0.686,0.667,1.05,0.831,1.6,1.5,0.95,0.0,0.725,0.347,0.4,0.6,0.8,0.0,0.0,0.0,0.0,0.0,0.0,16.183,13.419,14.684,16.55,16.707,2.469,,,,,,,,,,,,,,,,,,
8477034,J. Megna,VGK,D,0,4,12,2026-01-19,0.75,,0.0,0.0,0.0,0.0,0.0,,0.0,0.0,0.0,0.0,0.0,,0.0,0.0,0.0,0.0,0.0,,0.25,0.5,0.2,0.5,0.764,,0.25,0.833,0.4,0.8,0.799,,1.5,0.75,1.2,0.8,0.829,,0.5,0.333,0.8,0.4,0.745,,0.0,0.0,0.0,0.0,0.0,,10.621,14.274,11.32,14.3,3.814,,,,,,,,,,,,,,,,,,
8477035,M. Tomkins,TB,G,0,0,5,2025-02-25,0.0,,,,,,,,,,,,,,,,,,,,,,,,,,,,,,,,,,,,,,,0.0,0.0,0.0,0.0,,,,,,,,,0.0,0.0,0.0,0.0,,,0.0,0.0,0.0,0.0,,,0.0,0.0,0.0,0.0,,,0.0,0.0,0.0,0.0
8477070,L. O'Brien,UTA,C,0,41,69,2026-04-27,0.06,,0.073,0.043,0.0,0.1,0.196,,0.049,0.058,0.2,0.1,0.196,,0.122,0.101,0.2,0.2,0.271,,0.854,1.0,0.4,1.0,0.748,,0.415,0.406,1.0,0.6,0.7,,3.073,3.275,3.0,3.7,2.022,,1.098,1.377,0.4,0.2,2.392,,0.0,0.0,0.0,0.0,0.0,,9.034,9.141,8.73,9.007,1.663,,,,,,,,,,,,,,,,,,
8477073,K. MacDermid,OTT,W,0,19,42,2026-04-15,0.0,,0.0,0.0,0.0,0.0,0.0,,0.053,0.024,0.0,0.1,0.196,,0.053,0.024,0.0,0.1,0.196,,0.211,0.262,0.4,0.2,0.512,,0.316,0.333,0.2,0.2,0.557,,0.947,1.381,1.0,1.0,1.317,,1.737,1.333,1.0,1.7,2.402,,0.0,0.0,0.0,0.0,0.0,,4.202,5.064,4.21,4.15,2.379,,,,,,,,,,,,,,,,,,
8477149,S. Sabourin,TB,W,0,28,29,2026-04-24,0.0,,0.036,0.034,0.0,0.0,0.0,,0.143,0.138,0.2,0.1,0.325,,0.179,0.172,0.2,0.1,0.325,,0.393,0.379,0.2,0.2,0.427,,0.393,0.414,0.2,0.1,0.693,,2.464,2.448,2.4,2.8,1.578,,3.25,3.138,0.4,1.1,5.513,,0.0,0.0,0.0,0.0,0.0,,7.815,7.906,8.4,7.797,2.229,,,,,,,,,,,,,,,,,,
8477220,N. Schmidt,UTA,D,4,88,195,2026-10-06,1.0,0.0,0.057,0.067,0.0,0.0,0.196,0.25,0.205,0.215,0.2,0.2,0.4,0.25,0.261,0.282,0.2,0.2,0.427,1.25,1.068,1.0,1.2,1.3,1.058,0.75,1.193,1.01,0.6,1.3,1.07,1.75,0.943,1.062,1.4,1.2,0.894,0.0,0.273,0.297,0.0,0.2,0.65,0.0,0.0,0.005,0.0,0.0,0.0,21.646,19.831,18.093,21.027,21.648,3.136,,,,,,,,,,,,,,,,,,
8477244,C. Ruhwedel,NYR,D,0,0,5,2024-12-22,1.0,,,0.0,0.0,0.0,0.0,,,0.2,0.2,0.2,0.4,,,0.2,0.2,0.2,0.4,,,0.2,0.2,0.2,0.4,,,1.0,1.0,1.0,1.549,,,1.6,1.6,1.6,1.02,,,0.0,0.0,0.0,0.0,,,0.0,0.0,0.0,0.0,,,14.103,14.103,14.103,0.64,,,,,,,,,,,,,,,,,,
8477320,A. Blidh,NYR,W,0,4,4,2026-02-05,0.0,,0.0,0.0,0.0,0.0,0.0,,0.25,0.25,0.25,0.25,0.433,,0.25,0.25,0.25,0.25,0.433,,1.0,1.0,1.0,1.0,1.225,,0.0,0.0,0.0,0.0,0.0,,2.5,2.5,2.5,2.5,1.658,,0.0,0.0,0.0,0.0,0.0,,0.0,0.0,0.0,0.0,0.0,,7.704,7.704,7.704,7.704,1.011,,,,,,,,,,,,,,,,,,
8477335,K. Burroughs,LA,D,0,0,33,2025-04-15,0.18,,,0.0,0.0,0.0,0.0,,,0.091,0.2,0.1,0.271,,,0.091,0.2,0.1,0.271,,,0.182,0.2,0.3,0.325,,,0.424,0.6,0.6,0.632,,,1.273,1.2,1.0,0.863,,,1.182,1.6,1.0,1.365,,,0.0,0.0,0.0,0.0,,,7.818,8.677,7.453,2.952,,,,,,,,,,,,,,,,,,
8477346,M. Weegar,UTA,D,4,85,170,2026-10-06,1.0,0.25,0.071,0.088,0.2,0.3,0.367,0.0,0.318,0.388,0.2,0.3,0.546,0.25,0.388,0.476,0.4,0.6,0.64,1.5,1.918,2.076,1.2,1.5,0.941,4.0,2.153,2.3,3.4,2.4,1.549,4.25,2.271,2.547,4.6,4.3,2.221,3.75,1.059,0.812,3.0,1.7,1.782,0.0,0.0,0.024,0.0,0.0,0.0,20.821,22.443,23.225,20.497,21.638,1.844,,,,,,,,,,,,,,,,,,
8477353,T. Motte,DET,C,0,0,55,2025-04-17,0.35,,,0.073,0.2,0.1,0.271,,,0.091,0.0,0.1,0.325,,,0.164,0.2,0.2,0.4,,,1.2,1.8,1.2,1.15,,,0.873,0.8,1.3,1.183,,,1.309,1.4,1.6,1.2,,,0.109,0.0,0.0,0.784,,,0.0,0.0,0.0,0.0,,,11.314,12.473,11.573,2.023,,,,,,,,,,,,,,,,,,
8477361,C. Petersen,MIN,G,0,2,2,2026-02-04,0.0,,,,,,,,,,,,,,,,,,,,,,,,,,,,,,,,,,,,,,0.0,0.0,0.0,0.0,,,,,,,,,0.0,0.0,0.0,0.0,,,0.0,0.0,0.0,0.0,,,0.0,0.0,0.0,0.0,,,0.0,0.0,0.0,0.0,
8477365,C. Clifton,BOS,D,4,53,130,2026-10-05,1.0,0.0,0.038,0.023,0.0,0.0,0.0,0.25,0.075,0.154,0.2,0.1,0.271,0.25,0.113,0.177,0.2,0.1,0.271,1.25,0.679,0.8,1.2,0.9,0.862,1.0,1.604,1.577,0.8,1.1,1.299,1.5,3.547,3.092,1.4,1.9,1.673,0.5,1.0,0.769,0.4,0.2,1.583,0.0,0.0,0.0,0.0,0.0,0.0,19.838,16.486,16.344,17.78,17.48,3.062,,,,,,,,,,,,,,,,,,
8477369,C. Soucy,CBJ,D,2,76,153,2026-10-03,1.0,0.0,0.066,0.059,0.0,0.0,0.196,0.0,0.092,0.105,0.0,0.0,0.271,0.0,0.158,0.163,0.0,0.0,0.325,1.0,0.816,0.948,0.8,0.6,0.814,1.5,1.197,1.307,0.8,0.8,1.2,2.5,1.382,1.471,2.0,1.4,1.046,1.0,0.5,0.562,0.8,0.8,1.114,0.0,0.0,0.0,0.0,0.0,0.0,18.358,16.519,17.228,15.89,16.52,3.087,,,,,,,,,,,,,,,,,,
8477380,J. Brodzinski,NYR,C,0,55,106,2026-04-13,0.41,,0.109,0.17,0.0,0.2,0.392,,0.182,0.16,0.4,0.3,0.4,,0.291,0.33,0.4,0.5,0.531,,1.145,1.283,1.4,1.8,1.07,,0.345,0.358,0.2,0.1,0.427,,0.855,0.698,1.4,1.2,1.411,,0.218,0.151,0.0,0.2,0.543,,0.0,0.0,0.0,0.0,0.0,,11.172,11.414,12.087,11.715,2.552,,,,,,,,,,,,,,,,,,
8477384,J. Brown,EDM,D,0,0,11,2025-04-21,0.36,,,0.0,0.0,0.0,0.0,,,0.091,0.2,0.1,0.287,,,0.091,0.2,0.1,0.287,,,0.818,1.0,0.9,0.833,,,1.909,2.4,2.1,1.443,,,1.909,1.8,1.9,1.621,,,1.0,0.8,0.9,1.537,,,0.0,0.0,0.0,0.0,,,11.909,13.227,11.903,4.298,,,,,,,,,,,,,,,,,,
8477392,H. Fasching,NYI,W,0,0,43,2025-04-17,0.35,,,0.047,0.4,0.2,0.271,,,0.047,0.0,0.0,0.271,,,0.093,0.4,0.2,0.367,,,1.186,3.6,2.4,1.618,,,0.395,0.4,0.3,0.748,,,0.651,0.4,0.6,0.968,,,0.14,0.0,0.4,0.543,,,0.0,0.0,0.0,0.0,,,11.082,14.187,13.675,1.945,,,,,,,,,,,,,,,,,,
8477401,J. Hayden,SEA,C,0,3,23,2025-10-21,0.0,,0.0,0.043,0.0,0.0,0.204,,0.0,0.043,0.0,0.0,0.204,,0.0,0.087,0.0,0.0,0.282,,0.667,0.957,1.2,0.9,0.908,,0.667,0.913,0.8,0.9,0.83,,2.333,2.217,2.0,1.9,1.531,,0.667,1.435,0.4,1.4,3.449,,0.0,0.0,0.0,0.0,0.0,,10.078,8.713,9.9,9.448,1.488,,,,,,,,,,,,,,,,,,
8477402,P. Buchnevich,STL,W,3,81,167,2026-10-06,1.0,0.0,0.247,0.257,0.4,0.3,0.449,0.333,0.346,0.425,0.2,0.2,0.427,0.333,0.593,0.683,0.6,0.5,0.64,1.333,1.753,1.826,1.6,1.3,0.941,0.0,0.494,0.455,0.2,0.5,0.755,0.667,0.37,0.539,0.4,0.5,0.546,0.0,0.321,0.377,0.0,0.0,0.926,0.0,0.049,0.042,0.0,0.0,0.0,16.872,17.938,18.525,16.233,16.08,1.227,,,,,,,,,,,,,,,,,,
8477404,J. Guentzel,TB,C,3,88,176,2026-10-05,1.0,0.333,0.455,0.483,0.2,0.3,0.5,0.667,0.636,0.568,0.4,0.8,0.835,1.0,1.091,1.051,0.6,1.1,0.967,3.667,2.739,2.756,3.6,3.2,1.562,0.333,0.466,0.545,0.2,0.1,0.531,0.333,0.5,0.449,0.4,0.6,0.968,0.0,0.784,0.562,0.4,0.8,1.386,0.0,0.091,0.153,0.0,0.0,0.196,21.222,20.391,20.291,20.19,21.82,2.624,,,,,,,,,,,,,,,,,,
8477405,M. Hogberg,NYI,G,0,5,47,2026-01-01,0.34,,,,,,,,,,,,,,,,,,,,,,,,,,,,,,,,,,,,,,0.0,0.0,0.0,0.0,0.0,,,,,,,,2.697,15.781,2.697,19.195,24.978,,1.0,6.362,1.0,6.6,9.941,,0.4,0.915,0.4,1.9,2.315,,1.4,7.277,1.4,8.5,12.016
8477406,M. Janmark,EDM,C,0,43,145,2026-02-25,0.61,,0.023,0.041,0.0,0.0,0.0,,0.163,0.166,0.0,0.1,0.271,,0.186,0.207,0.0,0.1,0.271,,0.558,0.621,0.0,0.1,0.686,,0.302,0.414,0.2,0.2,0.686,,0.233,0.593,0.0,0.0,0.367,,0.512,0.4,0.8,0.4,2.018,,0.0,0.0,0.0,0.0,0.0,,11.858,12.717,7.807,10.533,3.043,,,,,,,,,,,,,,,,,,
8477407,A. Duclair,NYI,W,3,62,109,2026-10-06,0.67,0.0,0.194,0.174,0.0,0.0,0.49,0.0,0.242,0.174,0.0,0.1,0.463,0.0,0.435,0.349,0.0,0.1,0.625,1.333,1.194,1.266,1.2,1.0,1.243,0.667,0.677,0.596,0.6,0.9,1.02,0.333,0.145,0.33,0.2,0.5,0.531,0.0,0.194,0.202,0.0,0.0,0.543,0.0,0.065,0.064,0.0,0.0,0.325,12.811,13.205,13.936,12.337,11.958,3.244,,,,,,,,,,,,,,,,,,
8477409,C. Verhaeghe,FLA,C,4,77,185,2026-10-06,1.0,0.25,0.325,0.286,0.2,0.5,0.632,0.25,0.39,0.432,0.2,0.2,0.49,0.5,0.714,0.719,0.4,0.7,0.8,1.5,2.429,2.632,1.4,2.4,1.568,0.25,0.286,0.308,0.2,0.3,0.427,0.25,0.883,1.205,0.4,0.7,0.873,0.5,0.416,0.465,0.4,0.2,0.543,0.0,0.078,0.081,0.0,0.2,0.325,18.417,17.613,17.904,18.383,18.857,2.24,,,,,,,,,,,,,,,,,,
8477416,O. Bjorkstrand,NYR,W,5,84,168,2026-10-06,0.6,0.4,0.143,0.208,0.4,0.3,0.431,0.2,0.238,0.274,0.2,0.1,0.325,0.6,0.381,0.482,0.6,0.4,0.512,1.6,1.607,1.768,1.6,1.5,1.255,0.4,0.524,0.429,0.4,0.9,0.742,0.6,1.107,1.012,0.6,1.3,1.356,1.0,0.19,0.232,1.0,0.7,1.134,0.2,0.107,0.089,0.2,0.1,0.196,11.423,13.555,14.241,11.423,12.407,2.958,,,,,,,,,,,,,,,,,,
8477419,M. Geertsen,BUF,W,0,5,5,2025-11-04,0.0,,0.0,0.0,0.0,0.0,0.0,,0.0,0.0,0.0,0.0,0.0,,0.0,0.0,0.0,0.0,0.0,,0.2,0.2,0.2,0.2,0.4,,0.0,0.0,0.0,0.0,0.0,,1.6,1.6,1.6,1.6,1.02,,2.4,2.4,2.4,2.4,3.878,,0.0,0.0,0.0,0.0,0.0,,4.12,4.12,4.12,4.12,1.14,,,,,,,,,,,,,,,,,,
8477424,J. Saros,NSH,G,3,80,163,2026-10-06,1.0,,,,,,,,,,,,,,,,,,,,,,,,,,,,,,,,,,,,,0.0,0.025,0.037,0.0,0.0,0.0,,,,,,,60.95,42.907,42.78,48.453,42.667,27.515,29.333,18.988,18.607,24.6,19.6,13.354,3.0,2.263,2.19,2.8,2.3,1.632,32.333,21.25,20.791,27.4,21.9,14.703
8477425,M. Wood,CBJ,W,0,54,92,2026-04-14,0.51,,0.148,0.13,0.0,0.0,0.0,,0.111,0.109,0.0,0.0,0.271,,0.259,0.239,0.0,0.0,0.271,,1.315,1.435,1.2,1.2,0.909,,0.352,0.37,0.4,0.5,0.697,,1.167,1.283,0.6,1.3,1.017,,0.481,0.804,0.4,0.6,0.8,,0.0,0.0,0.0,0.0,0.0,,11.856,11.664,9.223,9.783,2.235,,,,,,,,,,,,,,,,,,
8477426,N. Paul,TOR,W,4,57,142,2026-10-06,1.0,0.0,0.123,0.218,0.0,0.0,0.196,0.25,0.14,0.197,0.2,0.1,0.325,0.25,0.263,0.415,0.2,0.1,0.463,1.25,1.316,1.641,1.4,1.2,1.106,0.5,0.474,0.423,0.6,0.7,0.574,2.0,1.684,1.324,2.4,2.9,1.572,1.0,0.632,0.507,0.8,0.8,2.405,0.0,0.018,0.021,0.0,0.0,0.0,15.438,13.432,15.211,14.877,12.963,3.307,,,,,,,,,,,,,,,,,,
8477429,A. Copp,DET,C,3,79,138,2026-10-06,1.0,0.0,0.114,0.138,0.0,0.0,0.196,0.333,0.43,0.348,0.2,0.3,0.566,0.333,0.544,0.486,0.2,0.3,0.571,1.667,1.456,1.362,1.6,1.7,0.854,0.667,0.81,0.732,1.0,0.9,0.845,1.333,0.557,0.413,0.8,0.7,0.975,0.667,0.304,0.246,0.4,0.4,0.98,0.0,0.013,0.007,0.0,0.0,0.0,21.472,16.573,15.921,19.263,18.95,2.623,,,,,,,,,,,,,,,,,,
8477435,R. Graves,PIT,D,0,22,83,2026-04-14,0.95,,0.045,0.024,0.0,0.0,0.196,,0.0,0.036,0.0,0.0,0.0,,0.045,0.06,0.0,0.0,0.196,,0.955,0.723,0.4,0.8,1.222,,1.727,1.337,1.4,1.7,0.983,,1.045,1.181,2.0,1.6,1.262,,0.455,0.47,0.4,0.4,0.8,,0.0,0.0,0.0,0.0,0.0,,15.304,15.073,15.233,14.678,1.907,,,,,,,,,,,,,,,,,,
8477444,A. Burakovsky,CHI,W,0,75,154,2026-04-15,0.92,,0.147,0.136,0.0,0.0,0.196,,0.293,0.318,0.2,0.2,0.271,,0.44,0.455,0.2,0.2,0.325,,1.16,1.312,0.6,0.6,0.917,,0.467,0.403,0.6,0.5,0.566,,0.24,0.331,0.0,0.0,0.325,,0.213,0.182,0.0,0.0,0.543,,0.04,0.019,0.0,0.0,0.0,,16.41,15.39,13.387,12.982,2.538,,,,,,,,,,,,,,,,,,
8477446,M. McCarron,MIN,C,3,90,167,2026-10-06,1.0,0.0,0.111,0.09,0.0,0.1,0.367,1.0,0.122,0.138,0.6,0.5,0.4,1.0,0.233,0.228,0.6,0.6,0.48,2.667,1.367,1.263,2.0,1.8,1.204,0.667,1.011,0.922,1.2,1.3,0.894,3.333,2.578,2.341,3.0,2.3,1.541,0.0,1.033,1.168,0.0,0.0,1.675,0.0,0.0,0.0,0.0,0.0,0.0,15.211,14.148,13.994,15.48,14.743,2.606,,,,,,,,,,,,,,,,,,
8477447,S. Theodore,VGK,D,4,92,174,2026-10-06,1.0,0.25,0.174,0.149,0.2,0.3,0.449,0.5,0.446,0.552,0.4,0.7,0.637,0.75,0.62,0.701,0.6,1.0,0.88,2.75,1.87,1.925,2.4,2.2,1.324,1.5,1.576,1.454,1.2,1.8,1.622,0.0,0.076,0.08,0.0,0.2,0.4,0.0,0.37,0.345,0.0,0.4,0.98,0.0,0.033,0.04,0.0,0.0,0.196,21.825,23.586,22.896,22.317,25.093,4.599,,,,,,,,,,,,,,,,,,
8477450,J. Dickinson,EDM,C,0,68,127,2026-04-30,0.94,,0.132,0.126,0.4,0.2,0.431,,0.162,0.157,0.2,0.3,0.367,,0.294,0.283,0.6,0.5,0.531,,1.147,1.055,1.0,1.2,0.891,,0.794,0.843,1.0,0.8,0.731,,1.338,1.52,1.2,1.0,1.541,,0.294,0.457,0.0,0.0,1.265,,0.0,0.0,0.0,0.0,0.0,,15.333,15.503,12.21,13.43,2.0,,,,,,,,,,,,,,,,,,
8477451,R. Hartman,MIN,W,3,87,165,2026-10-06,0.67,0.0,0.299,0.236,0.0,0.2,0.632,0.333,0.276,0.267,0.2,0.3,0.566,0.333,0.575,0.503,0.2,0.5,0.748,0.0,2.322,2.291,1.2,2.3,1.977,0.667,1.218,0.97,0.8,0.8,0.873,0.667,0.943,0.982,0.6,0.9,1.189,1.333,0.759,0.891,0.8,1.4,1.466,0.0,0.08,0.061,0.0,0.1,0.271,12.689,17.077,16.129,15.843,16.848,3.168,,,,,,,,,,,,,,,,,,
8477454,A. Erne,DAL,W,0,46,46,2026-04-18,0.09,,0.13,0.13,0.0,0.1,0.325,,0.043,0.043,0.0,0.1,0.196,,0.174,0.174,0.0,0.2,0.463,,0.978,0.978,1.4,1.1,1.046,,0.435,0.435,0.4,0.6,0.693,,3.13,3.13,2.6,2.4,1.766,,0.413,0.413,0.4,0.4,1.3,,0.0,0.0,0.0,0.0,0.0,,9.966,9.966,10.71,10.53,1.549,,,,,,,,,,,,,,,,,,
8477456,J. Compher,DET,W,2,82,160,2026-10-04,1.0,0.0,0.134,0.138,0.0,0.1,0.325,0.0,0.207,0.237,0.4,0.3,0.512,0.0,0.341,0.375,0.4,0.4,0.557,1.5,1.159,1.225,1.0,1.2,0.863,0.0,0.659,0.738,0.4,0.7,0.709,0.5,0.268,0.325,0.2,0.2,0.367,1.0,0.329,0.331,0.8,0.4,0.65,0.0,0.0,0.031,0.0,0.0,0.0,14.658,15.667,16.136,14.723,16.093,3.118,,,,,,,,,,,,,,,,,,
8477462,R. Hagg,VGK,D,0,0,2,2024-11-25,0.5,,,0.0,0.0,0.0,,,,0.0,0.0,0.0,,,,0.0,0.0,0.0,,,,0.0,0.0,0.0,,,,1.0,1.0,1.0,,,,5.5,5.5,5.5,,,,0.0,0.0,0.0,,,,0.0,0.0,0.0,,,,11.142,11.142,11.142,,,,,,,,,,,,,,,,,,,
8477463,S. Santini,TB,D,0,12,13,2026-04-15,0.38,,0.0,0.0,0.0,0.0,0.0,,0.083,0.077,0.0,0.1,0.266,,0.083,0.077,0.0,0.1,0.266,,0.333,0.385,0.2,0.3,0.625,,0.583,0.692,0.4,0.5,0.722,,0.75,0.769,0.8,0.5,0.697,,0.167,0.154,0.4,0.2,0.533,,0.0,0.0,0.0,0.0,0.0,,10.335,10.433,7.99,10.247,3.176,,,,,,,,,,,,,,,,,,
8477465,T. Jarry,EDM,G,3,68,125,2026-10-03,0.33,,,,,,,,,,,,,,,,,,,,,,,,,,,,,,,,,,,,,0.0,0.0,0.016,0.0,0.0,0.0,,,,,,,20.517,27.001,31.34,12.31,12.403,24.256,5.667,11.294,13.216,3.4,5.1,9.209,2.0,1.5,1.704,1.2,1.0,1.773,7.667,12.794,14.912,4.6,6.1,10.772
8477476,A. Lehkonen,COL,W,2,81,159,2026-10-03,1.0,1.5,0.296,0.358,0.6,0.4,0.546,0.5,0.37,0.314,0.2,0.3,0.466,2.0,0.667,0.673,0.8,0.7,0.794,2.5,2.111,2.17,2.0,1.7,1.098,2.0,0.519,0.566,1.2,0.9,0.722,1.5,0.877,0.774,1.4,2.1,1.422,0.0,0.222,0.352,0.0,0.2,0.65,1.0,0.025,0.031,0.4,0.3,0.431,19.442,18.313,19.265,18.003,17.713,3.43,,,,,,,,,,,,,,,,,,
8477478,W. Carrier,CAR,W,4,89,151,2026-10-06,0.5,0.0,0.079,0.073,0.0,0.0,0.0,0.5,0.169,0.159,0.4,0.3,0.427,0.5,0.247,0.232,0.4,0.3,0.427,1.0,1.067,1.126,1.0,0.7,1.032,0.25,0.281,0.305,0.2,0.3,0.48,3.5,2.955,3.285,3.4,3.9,2.798,0.0,0.202,0.278,0.0,0.0,0.0,0.0,0.0,0.0,0.0,0.0,0.0,10.812,10.597,11.031,10.737,9.833,2.016,,,,,,,,,,,,,,,,,,
8477479,T. Bertuzzi,CHI,W,4,79,165,2026-10-06,1.0,0.25,0.405,0.339,0.2,0.2,0.531,0.25,0.329,0.303,0.4,0.3,0.466,0.5,0.734,0.642,0.6,0.5,0.693,0.75,2.076,1.806,0.8,1.3,1.229,0.0,0.304,0.315,0.2,0.2,0.367,1.25,0.696,0.727,1.0,0.8,1.031,0.0,0.532,0.564,0.0,0.4,0.65,0.0,0.139,0.127,0.0,0.0,0.196,17.304,18.447,17.205,17.013,18.288,1.774,,,,,,,,,,,,,,,,,,
8477480,E. Comrie,WPG,G,0,82,177,2026-04-16,0.27,,,,,,,,,,,,,,,,,,,,,,,,,,,,,,,,,,,,,,0.0,0.0,0.0,0.0,0.0,,,,,,,,16.848,14.712,27.887,13.943,22.366,,7.098,6.181,11.8,5.9,10.454,,0.878,0.678,2.4,1.2,1.466,,7.976,6.859,14.2,7.1,11.728
8477484,S. Martin,NYR,G,0,15,34,2026-02-05,0.38,,,,,,,,,,,,,,,,,,,,,,,,,,,,,,,,,,,,,,0.0,0.0,0.0,0.0,0.0,,,,,,,,19.377,20.783,12.0,26.208,27.085,,8.467,8.088,6.2,11.7,11.004,,1.333,1.382,1.0,1.6,1.998,,9.8,9.471,7.2,13.3,12.852
8477488,B. Pesce,NJ,D,3,37,117,2026-10-06,1.0,0.0,0.027,0.034,0.0,0.0,0.0,0.0,0.162,0.197,0.2,0.1,0.431,0.0,0.189,0.231,0.2,0.1,0.431,1.0,1.216,1.325,1.2,0.9,1.131,0.667,2.162,2.034,1.4,1.4,1.157,0.333,0.297,0.325,0.2,0.2,0.601,0.0,0.162,0.316,0.0,0.2,0.543,0.0,0.0,0.0,0.0,0.0,0.0,19.783,20.305,21.19,19.953,19.668,2.174,,,,,,,,,,,,,,,,,,
8477492,N. MacKinnon,COL,C,2,93,181,2026-10-03,1.0,1.0,0.645,0.558,0.4,0.6,0.637,1.5,0.882,0.956,0.8,0.7,0.889,2.5,1.527,1.514,1.2,1.3,1.131,6.0,4.269,4.243,4.0,4.3,2.218,0.0,0.43,0.552,0.6,0.3,0.601,1.0,0.806,0.702,1.2,0.9,1.131,2.5,0.484,0.514,1.0,0.7,1.2,0.5,0.151,0.149,0.2,0.3,0.4,18.0,22.115,22.389,19.74,21.0,2.285,,,,,,,,,,,,,,,,,,
8477493,A. Barkov,FLA,C,2,0,92,2026-10-01,0.5,0.0,,0.283,0.0,0.0,0.512,0.0,,0.728,1.0,0.7,0.794,0.0,,1.011,1.0,0.7,0.863,1.0,,2.13,1.2,1.5,1.557,1.0,,0.87,1.2,1.0,0.824,0.5,,1.511,1.0,1.5,1.573,0.0,,0.217,0.4,0.2,0.543,0.0,,0.12,0.0,0.0,0.271,14.892,,20.199,18.607,21.2,3.888,,,,,,,,,,,,,,,,,,
8477494,J. Drouin,STL,W,0,64,114,2026-04-14,0.96,,0.062,0.132,0.0,0.1,0.196,,0.312,0.43,0.4,0.2,0.325,,0.375,0.561,0.4,0.3,0.367,,1.344,1.325,2.0,1.3,1.196,,0.5,0.421,1.0,0.6,0.917,,0.281,0.325,0.4,0.5,0.466,,0.297,0.219,0.0,0.0,0.392,,0.016,0.035,0.0,0.1,0.196,,16.867,17.225,14.897,15.143,1.555,,,,,,,,,,,,,,,,,,
8477495,S. Jones,FLA,D,4,52,142,2026-10-06,1.0,0.25,0.135,0.148,0.2,0.2,0.325,0.0,0.481,0.401,0.2,0.5,0.755,0.25,0.615,0.549,0.4,0.7,0.748,2.25,1.692,1.796,2.0,1.5,1.737,0.75,1.173,1.437,1.6,1.3,1.401,0.75,0.904,1.366,0.8,0.7,0.95,0.5,0.346,0.366,0.4,0.2,0.98,0.0,0.096,0.077,0.0,0.0,0.196,27.708,23.698,24.522,28.057,26.382,4.992,,,,,,,,,,,,,,,,,,
8477496,E. Lindholm,BOS,C,4,75,161,2026-10-05,1.0,0.25,0.253,0.23,0.2,0.3,0.546,0.25,0.413,0.385,0.2,0.1,0.367,0.5,0.667,0.615,0.4,0.4,0.7,2.25,1.653,1.77,2.2,1.9,1.327,0.25,0.827,0.882,0.2,0.4,0.794,0.75,0.8,1.099,1.4,2.2,1.327,1.0,0.533,0.36,0.8,0.6,0.8,0.0,0.093,0.056,0.0,0.0,0.196,16.083,17.948,17.968,16.34,17.657,1.852,,,,,,,,,,,,,,,,,,
8477497,S. Monahan,CBJ,C,2,78,134,2026-10-03,1.0,0.5,0.167,0.246,0.4,0.2,0.325,0.0,0.295,0.455,0.0,0.0,0.512,0.5,0.462,0.701,0.4,0.2,0.557,1.0,1.679,1.948,1.6,1.6,1.47,0.5,0.436,0.515,0.2,0.1,0.894,0.5,0.59,0.575,1.2,0.7,0.862,0.0,0.154,0.239,0.0,0.0,0.0,0.5,0.013,0.067,0.2,0.1,0.196,16.2,17.125,17.873,15.48,15.925,1.797,,,,,,,,,,,,,,,,,,
8477498,D. Nurse,SJ,D,3,88,189,2026-10-05,1.0,0.0,0.08,0.079,0.0,0.0,0.0,0.0,0.193,0.265,0.0,0.1,0.325,0.0,0.273,0.344,0.0,0.1,0.325,1.0,2.034,2.185,1.2,2.0,1.399,2.667,2.034,1.937,2.2,2.1,1.262,1.667,1.693,1.968,1.8,1.7,1.572,1.333,1.227,1.138,0.8,0.8,1.024,0.0,0.0,0.0,0.0,0.0,0.0,20.411,21.118,21.86,22.073,22.04,2.025,,,,,,,,,,,,,,,,,,
8477499,R. Ristolainen,PHI,D,3,54,120,2026-10-03,1.0,0.333,0.037,0.058,0.2,0.1,0.271,0.0,0.315,0.267,0.0,0.2,0.693,0.333,0.352,0.325,0.2,0.3,0.7,1.333,1.407,1.5,1.0,1.7,1.196,2.333,1.333,1.442,1.6,1.3,1.046,1.333,1.259,1.408,1.8,1.7,1.323,0.0,0.667,0.417,0.8,0.6,2.408,0.0,0.0,0.0,0.0,0.0,0.0,18.278,22.055,21.157,19.71,23.047,3.077,,,,,,,,,,,,,,,,,,
8477500,B. Horvat,NYI,C,3,68,152,2026-10-06,1.0,0.667,0.456,0.401,0.6,0.3,0.48,0.333,0.382,0.368,0.2,0.5,0.748,1.0,0.838,0.77,0.8,0.8,0.709,3.333,3.324,3.151,3.0,2.7,2.022,0.667,0.559,0.526,0.4,0.4,0.755,1.333,0.75,1.02,0.8,0.5,0.889,0.667,0.588,0.382,0.4,0.2,0.65,0.667,0.103,0.079,0.4,0.2,0.325,19.617,20.763,20.426,19.973,20.687,1.736,,,,,,,,,,,,,,,,,,
8477501,V. Nichushkin,CBJ,W,2,84,136,2026-10-03,1.0,0.0,0.226,0.316,0.2,0.2,0.463,0.5,0.405,0.36,0.2,0.3,0.686,0.5,0.631,0.676,0.4,0.5,0.755,1.0,2.131,2.294,1.8,1.8,1.523,1.0,0.381,0.434,0.4,0.5,0.697,0.5,0.857,1.088,1.4,1.6,0.958,0.0,0.31,0.25,0.0,0.0,0.543,0.0,0.012,0.044,0.0,0.0,0.0,16.267,17.424,18.251,13.973,15.13,2.308,,,,,,,,,,,,,,,,,,
8477503,M. Domi,TOR,C,0,80,167,2026-04-15,0.87,,0.15,0.138,0.2,0.1,0.325,,0.3,0.317,0.0,0.2,0.271,,0.45,0.455,0.2,0.3,0.4,,1.475,1.377,1.8,1.3,0.95,,0.438,0.395,0.6,0.5,0.566,,0.463,0.515,0.4,0.3,0.804,,1.188,1.222,0.8,3.0,5.147,,0.025,0.012,0.0,0.0,0.196,,14.882,14.43,14.603,14.1,2.166,,,,,,,,,,,,,,,,,,
8477504,J. Morrissey,WPG,D,3,77,172,2026-10-05,1.0,0.0,0.182,0.163,0.0,0.1,0.367,1.0,0.532,0.57,0.6,0.5,0.64,1.0,0.714,0.733,0.6,0.6,0.742,3.667,1.896,2.023,2.8,2.8,1.673,1.333,1.532,1.488,1.4,1.3,1.155,0.333,0.468,0.622,0.2,0.5,0.64,0.667,0.39,0.36,0.8,0.6,0.8,0.0,0.026,0.029,0.0,0.0,0.0,23.583,24.72,24.297,23.637,23.913,2.147,,,,,,,,,,,,,,,,,,
8477505,A. Wennberg,SJ,C,3,80,160,2026-10-05,1.0,0.0,0.225,0.175,0.0,0.1,0.531,0.0,0.463,0.388,0.2,0.3,0.49,0.0,0.688,0.562,0.2,0.4,0.733,1.667,1.163,1.125,1.0,1.1,1.095,1.0,1.163,1.1,1.0,1.0,0.952,0.333,0.35,0.369,0.2,0.3,0.557,0.0,0.225,0.2,0.0,0.0,0.543,0.0,0.1,0.069,0.0,0.0,0.431,19.367,20.456,19.666,19.773,19.673,2.005,,,,,,,,,,,,,,,,,,
8477506,R. Pulock,NYI,D,3,76,153,2026-10-06,1.0,0.0,0.039,0.052,0.0,0.0,0.196,0.0,0.316,0.275,0.2,0.1,0.367,0.0,0.355,0.327,0.2,0.1,0.4,0.333,1.224,1.248,0.6,0.9,1.143,1.0,1.947,2.0,1.6,1.9,1.324,0.667,0.645,0.987,0.6,0.4,0.742,0.0,0.211,0.209,0.4,0.4,0.65,0.0,0.0,0.007,0.0,0.0,0.0,17.328,20.816,20.875,17.157,18.592,1.756,,,,,,,,,,,,,,,,,,
8477507,N. Zadorov,BOS,D,4,87,172,2026-10-05,1.0,0.0,0.023,0.035,0.0,0.0,0.196,0.5,0.241,0.238,0.4,0.3,0.585,0.5,0.264,0.273,0.4,0.3,0.601,1.0,1.299,1.291,0.8,1.0,0.991,1.25,1.253,1.285,1.2,1.2,0.935,4.25,2.471,2.622,3.6,3.6,2.092,3.5,2.172,2.023,2.8,5.1,5.006,0.0,0.0,0.0,0.0,0.0,0.0,19.55,20.792,20.678,20.013,19.57,2.264,,,,,,,,,,,,,,,,,,
8477508,C. Lazar,EDM,C,0,50,98,2026-04-30,0.12,,0.08,0.061,0.0,0.1,0.196,,0.04,0.051,0.0,0.0,0.271,,0.12,0.112,0.0,0.1,0.325,,0.64,0.602,0.4,0.6,0.557,,0.42,0.388,0.2,0.3,0.557,,2.14,2.184,2.4,2.6,1.6,,0.2,0.245,0.0,0.0,0.926,,0.0,0.0,0.0,0.0,0.0,,8.82,9.676,7.927,8.705,2.194,,,,,,,,,,,,,,,,,,
8477511,A. Mantha,NJ,W,3,87,103,2026-10-06,1.0,0.0,0.379,0.359,0.0,0.1,0.557,0.0,0.368,0.34,0.2,0.2,0.449,0.0,0.747,0.699,0.2,0.3,0.843,1.0,1.839,1.728,1.2,1.4,1.365,0.0,0.506,0.505,0.4,0.4,0.697,0.333,0.782,0.825,0.8,1.7,1.383,0.0,0.724,0.718,0.4,2.2,2.08,0.0,0.08,0.078,0.0,0.0,0.271,15.0,15.08,14.929,15.163,14.522,2.509,,,,,,,,,,,,,,,,,,
8477527,R. Johnston,STL,W,2,67,112,2026-10-06,0.0,0.0,0.045,0.036,0.0,0.0,0.196,0.0,0.164,0.125,0.0,0.0,0.196,0.0,0.209,0.161,0.0,0.0,0.271,0.5,0.552,0.42,0.4,0.6,0.755,1.5,0.269,0.366,0.8,0.5,0.557,4.5,3.134,3.152,3.8,3.7,1.744,1.0,1.657,1.652,0.8,2.0,2.874,0.0,0.0,0.0,0.0,0.0,0.0,8.592,9.806,9.356,9.953,9.862,1.502,,,,,,,,,,,,,,,,,,
8477541,D. Mermis,TOR,D,0,11,15,2025-12-08,0.73,,0.091,0.067,0.0,0.1,0.249,,0.0,0.067,0.0,0.0,0.249,,0.091,0.133,0.0,0.1,0.34,,0.455,0.733,0.4,0.4,0.68,,0.818,0.867,1.6,0.9,1.087,,0.727,0.733,0.6,0.8,0.68,,1.0,0.867,2.2,1.1,1.821,,0.0,0.0,0.0,0.0,0.0,,13.027,13.608,12.937,13.01,2.672,,,,,,,,,,,,,,,,,,
8477573,N. Walker,STL,W,0,46,126,2026-04-16,0.54,,0.087,0.119,0.0,0.0,0.196,,0.152,0.127,0.0,0.0,0.325,,0.239,0.246,0.0,0.0,0.367,,0.826,0.96,0.6,0.5,0.64,,0.761,0.841,0.8,0.8,0.722,,3.891,3.968,3.8,3.8,1.275,,0.609,0.897,0.8,0.4,1.091,,0.0,0.0,0.0,0.0,0.0,,11.99,12.204,11.407,11.14,1.615,,,,,,,,,,,,,,,,,,
8477574,P. Milner,WSH,G,0,1,1,2025-12-05,0.0,,,,,,,,,,,,,,,,,,,,,,,,,,,,,,,,,,,,,,0.0,0.0,0.0,0.0,,,,,,,,,0.0,0.0,0.0,0.0,,,0.0,0.0,0.0,0.0,,,0.0,0.0,0.0,0.0,,,0.0,0.0,0.0,0.0,
8477810,J. Hanley,CGY,D,1,68,122,2026-10-03,1.0,0.0,0.0,0.016,0.0,0.0,0.0,0.0,0.103,0.115,0.0,0.0,0.196,0.0,0.103,0.131,0.0,0.0,0.196,0.0,0.632,0.697,0.8,0.9,0.849,3.0,1.324,1.5,2.2,1.6,1.229,1.0,0.618,0.803,0.8,0.5,0.697,0.0,0.647,0.533,0.0,0.6,1.891,0.0,0.0,0.0,0.0,0.0,0.0,16.3,14.67,16.382,15.24,15.78,2.167,,,,,,,,,,,,,,,,,,
8477831,P. Copley,LA,G,0,9,15,2025-12-29,0.13,,,,,,,,,,,,,,,,,,,,,,,,,,,,,,,,,,,,,,0.0,0.0,0.0,0.0,0.0,,,,,,,,6.507,5.737,11.713,5.857,15.688,,2.778,2.333,5.0,2.5,6.549,,0.333,0.333,0.6,0.3,0.869,,3.111,2.667,5.6,2.8,7.4
8477839,C. Sheary,NYR,W,0,62,67,2026-04-15,0.79,,0.113,0.104,0.2,0.3,0.427,,0.177,0.164,0.2,0.2,0.325,,0.29,0.269,0.4,0.5,0.48,,1.306,1.254,1.4,1.5,0.871,,0.581,0.552,0.4,0.4,0.637,,0.355,0.358,0.0,0.3,0.49,,0.226,0.269,0.0,0.4,0.65,,0.0,0.0,0.0,0.0,0.0,,14.098,13.891,12.647,12.913,1.433,,,,,,,,,,,,,,,,,,
8477845,T. van Riemsdyk,PIT,D,3,68,163,2026-10-05,1.0,0.0,0.044,0.025,0.2,0.1,0.196,0.0,0.162,0.202,0.2,0.1,0.4,0.0,0.206,0.227,0.4,0.2,0.427,0.333,0.647,0.785,1.2,0.7,1.184,2.333,1.426,1.675,2.0,1.7,1.136,0.667,0.176,0.153,0.4,0.4,0.466,0.667,0.265,0.356,0.4,0.4,0.543,0.0,0.0,0.0,0.0,0.0,0.0,19.5,16.24,16.996,19.507,19.157,2.161,,,,,,,,,,,,,,,,,,
8477851,J. Oesterle,NSH,D,0,1,38,2026-04-09,0.97,,0.0,0.105,0.4,0.3,0.367,,0.0,0.158,0.2,0.1,0.325,,0.0,0.263,0.6,0.4,0.531,,0.0,1.0,1.6,1.4,0.916,,2.0,1.553,1.6,1.3,1.02,,1.0,0.737,0.6,0.4,0.889,,0.0,0.105,0.0,0.0,0.543,,0.0,0.0,0.0,0.0,0.0,,14.083,17.071,19.377,16.72,2.703,,,,,,,,,,,,,,,,,,
8477887,P. Brown,BOS,C,0,0,15,2025-04-03,0.2,,,0.0,0.0,0.0,0.0,,,0.067,0.0,0.0,0.249,,,0.067,0.0,0.0,0.249,,,0.733,1.0,0.6,0.772,,,0.8,0.6,0.6,0.98,,,3.067,2.8,3.2,1.652,,,0.533,0.4,0.4,0.884,,,0.0,0.0,0.0,0.0,,,10.566,10.78,10.36,1.317,,,,,,,,,,,,,,,,,,
8477903,G. Hathaway,FLA,W,4,74,145,2026-10-06,0.0,0.0,0.027,0.083,0.0,0.0,0.196,0.0,0.041,0.097,0.0,0.0,0.271,0.0,0.068,0.179,0.0,0.0,0.431,0.25,0.608,0.869,0.6,1.1,0.796,0.25,0.851,0.862,0.2,0.5,0.916,4.5,3.851,3.862,4.4,3.8,2.191,2.25,0.986,0.966,1.8,2.3,1.598,0.0,0.0,0.0,0.0,0.0,0.0,8.258,10.495,11.066,9.677,9.975,1.956,,,,,,,,,,,,,,,,,,
8477919,F. Gaudreau,SEA,C,4,68,160,2026-10-06,0.75,0.25,0.103,0.163,0.2,0.3,0.367,0.0,0.25,0.225,0.0,0.0,0.325,0.25,0.353,0.388,0.2,0.3,0.449,1.25,1.029,1.169,1.0,1.1,1.613,0.75,0.765,0.762,0.6,0.4,0.835,0.75,0.515,0.581,1.0,0.7,0.991,0.0,0.162,0.119,0.0,0.0,0.0,0.0,0.015,0.037,0.0,0.0,0.0,14.583,16.144,15.794,14.7,15.35,1.612,,,,,,,,,,,,,,,,,,
8477931,T. Nosek,FLA,W,0,21,96,2026-04-13,0.35,,0.095,0.031,0.4,0.2,0.392,,0.095,0.135,0.0,0.1,0.271,,0.19,0.167,0.4,0.3,0.463,,0.381,0.719,0.6,0.5,0.676,,0.571,0.469,0.6,0.5,0.64,,2.429,1.854,2.4,1.9,1.058,,0.19,0.188,0.4,0.2,0.543,,0.0,0.01,0.0,0.0,0.0,,14.114,10.982,13.88,14.435,2.251,,,,,,,,,,,,,,,,,,
8477932,A. Ekblad,FLA,D,2,72,149,2026-10-01,1.0,0.0,0.056,0.074,0.0,0.1,0.196,0.5,0.306,0.416,0.2,0.1,0.566,0.5,0.361,0.49,0.2,0.2,0.585,0.0,1.347,1.604,0.6,1.3,1.189,0.0,1.431,1.302,0.4,0.5,0.977,1.0,1.167,1.597,0.6,0.8,1.183,0.0,0.764,0.98,0.0,0.2,1.395,0.0,0.014,0.013,0.0,0.0,0.0,20.917,22.478,23.039,21.6,21.615,2.112,,,,,,,,,,,,,,,,,,
8477933,S. Reinhart,FLA,C,4,64,168,2026-10-06,1.0,0.0,0.453,0.47,0.2,0.2,0.427,0.0,0.5,0.512,0.2,0.3,0.637,0.0,0.953,0.982,0.4,0.5,0.786,2.5,2.594,2.69,2.6,2.6,1.746,0.25,0.625,0.75,0.4,0.2,0.753,2.25,0.922,1.244,1.8,1.1,1.248,0.0,0.156,0.256,0.0,0.0,0.65,0.0,0.172,0.143,0.2,0.1,0.325,21.958,21.287,20.962,21.14,21.132,2.113,,,,,,,,,,,,,,,,,,
8477934,L. Draisaitl,EDM,C,3,71,167,2026-10-03,1.0,1.0,0.535,0.623,1.0,0.7,0.742,0.667,0.972,0.88,0.6,0.9,1.155,1.667,1.507,1.503,1.6,1.6,1.233,5.0,2.803,3.054,4.0,3.0,1.685,0.0,0.239,0.359,0.2,0.2,0.512,0.333,0.521,0.563,0.2,0.4,0.98,0.0,0.394,0.407,0.4,0.2,0.65,0.333,0.239,0.228,0.4,0.3,0.531,21.9,21.682,21.759,22.617,20.593,4.461,,,,,,,,,,,,,,,,,,
8477935,S. Bennett,FLA,C,4,76,179,2026-10-06,1.0,0.0,0.342,0.369,0.0,0.1,0.531,0.75,0.421,0.38,0.6,0.6,0.64,0.75,0.763,0.749,0.6,0.7,0.709,1.75,2.645,2.894,2.0,2.8,1.575,0.0,0.421,0.492,0.2,0.3,0.632,3.0,1.513,2.117,2.6,1.5,1.509,1.0,1.079,1.251,0.8,1.0,2.474,0.0,0.066,0.089,0.0,0.0,0.325,20.325,18.493,17.973,19.807,19.337,1.974,,,,,,,,,,,,,,,,,,
8477938,H. Fleury,WPG,D,0,38,85,2026-04-16,0.74,,0.053,0.024,0.2,0.1,0.271,,0.053,0.129,0.2,0.1,0.271,,0.105,0.153,0.4,0.2,0.463,,0.684,0.788,0.8,0.5,0.742,,1.474,1.435,1.2,1.6,1.267,,1.421,1.388,1.0,1.1,1.318,,0.316,0.306,0.4,0.6,0.733,,0.0,0.0,0.0,0.0,0.0,,13.927,14.971,14.397,12.81,4.073,,,,,,,,,,,,,,,,,,
8477939,W. Nylander,TOR,W,4,65,164,2026-10-06,1.0,0.75,0.462,0.512,0.8,0.7,0.64,0.75,0.754,0.61,0.6,0.6,0.794,1.5,1.215,1.122,1.4,1.3,1.046,2.25,2.4,2.774,2.4,2.6,1.76,0.5,0.4,0.378,0.4,0.5,0.574,0.25,0.2,0.213,0.4,0.4,0.566,0.0,0.246,0.28,0.0,0.0,0.392,0.25,0.108,0.128,0.2,0.2,0.367,20.154,19.416,19.455,20.217,20.953,1.89,,,,,,,,,,,,,,,,,,
8477940,N. Ehlers,CAR,W,4,100,181,2026-10-06,1.0,0.0,0.34,0.348,0.2,0.4,0.632,0.5,0.55,0.541,0.4,0.7,0.849,0.5,0.89,0.89,0.6,1.1,0.98,2.5,2.46,2.547,2.6,2.4,1.552,0.25,0.31,0.381,0.2,0.1,0.676,0.5,0.35,0.481,0.4,0.4,1.054,0.0,0.2,0.227,0.0,0.4,0.926,0.0,0.11,0.099,0.0,0.0,0.271,16.988,17.006,16.556,16.683,17.908,2.702,,,,,,,,,,,,,,,,,,
8477942,K. Fiala,LA,W,0,56,143,2026-02-05,0.99,,0.321,0.392,0.0,0.1,0.449,,0.393,0.357,0.6,0.6,0.571,,0.714,0.748,0.6,0.7,0.776,,2.625,2.909,1.4,1.8,1.395,,0.429,0.357,0.6,0.5,0.571,,0.696,0.853,1.2,1.1,0.999,,0.607,0.517,0.4,0.6,1.091,,0.071,0.14,0.0,0.0,0.196,,19.121,18.893,18.267,19.058,2.346,,,,,,,,,,,,,,,,,,
8477944,J. Vrana,NSH,W,0,0,39,2025-04-16,0.18,,,0.231,0.2,0.1,0.4,,,0.128,0.0,0.1,0.271,,,0.359,0.2,0.2,0.449,,,1.205,1.4,1.3,1.189,,,0.205,0.4,0.3,0.4,,,0.487,0.6,0.6,0.7,,,0.256,0.8,0.4,0.926,,,0.103,0.0,0.0,0.325,,,10.35,10.233,11.247,1.886,,,,,,,,,,,,,,,,,,
8477946,D. Larkin,DET,C,1,74,157,2026-10-06,1.0,1.0,0.459,0.414,1.0,0.6,0.753,1.0,0.446,0.471,1.0,0.6,0.637,2.0,0.905,0.885,2.0,1.2,0.98,4.0,3.095,2.975,3.6,3.6,1.789,1.0,0.446,0.427,0.2,0.3,0.531,0.0,0.622,0.573,0.8,1.0,1.306,2.0,0.649,0.573,0.4,0.6,0.96,0.0,0.189,0.172,0.4,0.3,0.427,20.683,20.187,20.13,20.253,19.247,2.395,,,,,,,,,,,,,,,,,,
8477947,S. Milano,WSH,W,0,31,34,2026-02-03,0.06,,0.129,0.118,0.0,0.0,0.431,,0.129,0.118,0.2,0.2,0.367,,0.258,0.235,0.2,0.2,0.531,,1.097,1.118,1.0,0.9,0.916,,0.097,0.088,0.0,0.1,0.325,,0.29,0.294,0.4,0.4,0.427,,0.129,0.118,0.0,0.0,0.543,,0.0,0.0,0.0,0.0,0.0,,8.883,8.736,7.76,7.68,2.204,,,,,,,,,,,,,,,,,,
8477948,T. Sanheim,PHI,D,4,91,177,2026-10-05,1.0,0.25,0.143,0.124,0.2,0.2,0.427,0.25,0.297,0.282,0.2,0.1,0.4,0.5,0.44,0.407,0.4,0.3,0.697,2.0,1.187,1.441,2.0,1.7,1.024,2.25,1.901,1.989,2.0,2.4,1.695,0.5,0.637,0.814,0.6,1.1,1.069,0.0,0.286,0.373,0.0,0.0,0.862,0.0,0.011,0.006,0.0,0.0,0.0,24.546,24.469,24.483,25.39,26.127,2.68,,,,,,,,,,,,,,,,,,
8477949,A. Tuch,WSH,W,2,92,176,2026-10-03,1.0,1.0,0.402,0.426,0.4,0.3,0.566,0.0,0.391,0.381,0.0,0.0,0.427,1.0,0.793,0.807,0.4,0.3,0.742,2.5,2.62,2.511,3.2,3.3,1.671,0.5,1.163,1.256,1.2,1.1,0.938,1.5,1.293,1.108,2.0,2.1,2.233,0.0,0.707,0.636,0.4,0.4,1.061,0.0,0.076,0.057,0.0,0.0,0.0,17.258,19.213,19.21,18.417,19.433,2.028,,,,,,,,,,,,,,,,,,
8477950,T. DeAngelo,NYI,D,3,76,114,2026-10-06,1.0,0.0,0.066,0.079,0.0,0.0,0.196,0.0,0.395,0.395,0.0,0.3,0.637,0.0,0.461,0.474,0.0,0.3,0.64,1.333,1.947,2.0,1.6,1.8,1.274,1.333,0.921,1.018,1.2,0.8,1.23,0.0,0.434,0.439,0.2,0.6,0.755,0.0,0.566,0.465,0.0,0.6,0.926,0.0,0.013,0.009,0.0,0.0,0.0,17.722,19.141,20.394,19.107,18.53,3.306,,,,,,,,,,,,,,,,,,
8477951,N. Schmaltz,UTA,C,4,88,174,2026-10-06,1.0,1.25,0.386,0.339,1.0,0.6,0.748,0.5,0.5,0.511,0.4,0.5,0.571,1.75,0.886,0.851,1.4,1.1,0.871,4.25,2.477,2.42,3.4,2.9,2.2,0.25,0.67,0.603,0.2,0.8,0.742,0.5,0.364,0.276,1.2,1.1,1.009,0.5,0.341,0.264,0.4,0.4,0.65,0.75,0.125,0.132,0.6,0.3,0.546,18.233,19.956,19.272,18.71,21.177,3.15,,,,,,,,,,,,,,,,,,
8477952,R. Fabbri,MIN,C,0,21,65,2026-04-14,0.82,,0.095,0.154,0.2,0.2,0.271,,0.143,0.169,0.0,0.0,0.367,,0.238,0.323,0.2,0.2,0.427,,1.429,1.462,2.2,1.8,1.204,,0.429,0.585,0.2,0.2,0.637,,2.095,1.569,1.6,2.4,1.44,,0.762,0.554,0.8,0.8,1.091,,0.0,0.0,0.0,0.0,0.0,,11.808,14.784,9.957,10.952,2.798,,,,,,,,,,,,,,,,,,
8477953,K. Kapanen,EDM,W,3,47,129,2026-10-03,1.0,0.333,0.255,0.171,0.2,0.5,0.531,0.333,0.234,0.178,0.4,0.3,0.367,0.667,0.489,0.349,0.6,0.8,0.637,1.667,1.702,1.38,1.4,2.1,1.389,0.333,0.426,0.31,0.4,0.3,0.566,1.667,1.957,1.767,2.4,2.2,1.317,0.667,0.298,0.388,0.4,0.2,0.98,0.0,0.0,0.0,0.0,0.0,0.0,18.172,15.01,13.335,18.363,17.505,2.116,,,,,,,,,,,,,,,,,,
8477955,J. McCann,SEA,W,4,52,138,2026-10-06,1.0,0.25,0.385,0.312,0.2,0.3,0.4,1.0,0.385,0.457,1.0,0.6,0.693,1.25,0.769,0.768,1.2,0.9,0.693,3.75,2.25,2.42,3.4,2.6,1.632,0.0,0.481,0.543,0.0,0.2,0.601,0.0,0.769,0.63,0.0,0.3,1.25,0.0,0.212,0.21,0.0,0.0,0.65,0.25,0.135,0.087,0.2,0.2,0.271,15.8,16.434,16.877,15.613,15.808,1.958,,,,,,,,,,,,,,,,,,
8477956,D. Pastrnak,BOS,W,4,83,169,2026-10-05,1.0,0.0,0.386,0.444,0.2,0.3,0.427,0.5,0.904,0.828,0.4,0.6,0.909,0.5,1.289,1.272,0.6,0.9,1.032,3.75,3.41,3.651,4.0,3.7,1.713,0.5,0.446,0.373,0.4,0.7,0.637,2.0,1.181,0.97,1.8,2.0,1.466,0.0,0.964,0.722,0.0,0.8,1.509,0.0,0.133,0.118,0.0,0.1,0.271,20.408,20.678,20.433,20.043,20.738,2.464,,,,,,,,,,,,,,,,,,
8477960,A. Kempe,LA,W,3,85,175,2026-10-06,1.0,0.333,0.435,0.44,0.4,0.4,0.7,0.333,0.447,0.474,0.4,0.2,0.557,0.667,0.882,0.914,0.8,0.6,0.952,4.0,2.718,2.863,2.8,2.9,1.92,0.0,0.482,0.486,0.0,0.2,0.512,1.667,1.565,1.429,1.6,1.4,0.845,0.667,0.729,0.594,0.4,0.8,0.8,0.333,0.059,0.074,0.4,0.2,0.325,21.028,19.306,19.349,20.323,19.852,1.417,,,,,,,,,,,,,,,,,,
8477964,I. Barbashev,VGK,W,4,104,189,2026-10-06,1.0,0.0,0.279,0.28,0.0,0.1,0.49,0.75,0.442,0.413,0.6,0.4,0.571,0.75,0.721,0.693,0.6,0.5,0.742,1.0,1.644,1.587,1.2,1.8,1.353,0.0,0.471,0.466,0.0,0.3,0.943,2.0,2.375,2.127,2.2,3.5,2.514,0.5,0.212,0.212,0.4,0.2,0.8,0.0,0.019,0.021,0.0,0.0,0.0,14.521,16.421,16.583,13.977,15.61,2.994,,,,,,,,,,,,,,,,,,
8477967,T. Demko,VAN,G,0,30,68,2026-01-10,0.62,,,,,,,,,,,,,,,,,,,,,,,,,,,,,,,,,,,,,,0.0,0.0,0.0,0.0,0.0,,,,,,,,37.196,35.556,28.77,32.128,27.911,,15.367,14.221,8.6,13.6,12.673,,1.8,1.721,2.0,2.3,1.719,,17.133,15.926,10.6,15.8,13.803
8477968,A. Nedeljkovic,SJ,G,3,81,160,2026-10-05,0.0,,,,,,,,,,,,,,,,,,,,,,,,,,,,,,,,,,,,,0.0,0.111,0.069,0.0,0.0,0.0,,,,,,,0.0,28.123,27.68,12.0,23.977,29.273,0.0,11.605,11.762,5.2,10.0,12.684,0.0,1.346,1.381,0.2,1.0,1.857,0.0,12.951,13.144,5.4,11.0,13.875
8477969,M. Pettersson,NYR,D,5,82,165,2026-10-06,1.0,0.0,0.037,0.042,0.0,0.1,0.271,0.0,0.183,0.242,0.0,0.0,0.392,0.0,0.22,0.285,0.0,0.1,0.612,0.8,0.805,0.848,0.8,0.7,0.637,2.0,1.659,1.758,2.0,1.3,1.378,0.8,0.963,0.988,0.8,0.6,0.891,0.4,0.732,0.648,0.4,0.2,0.65,0.0,0.0,0.0,0.0,0.0,0.0,20.423,21.453,21.534,20.423,20.853,2.364,,,,,,,,,,,,,,,,,,
8477970,V. Vanecek,UTA,G,0,88,170,2026-05-01,0.28,,,,,,,,,,,,,,,,,,,,,,,,,,,,,,,,,,,,,,0.0,0.0,0.0,0.0,0.0,,,,,,,,13.707,15.293,0.0,7.828,23.144,,5.08,6.394,0.0,2.8,8.635,,0.67,0.841,0.0,0.5,1.556,,5.75,7.235,0.0,3.3,9.977
8477971,A. Englund,DET,D,1,3,39,2026-10-04,0.0,0.0,0.0,0.026,0.0,0.0,0.0,0.0,0.0,0.051,0.0,0.1,0.271,0.0,0.0,0.077,0.0,0.1,0.271,0.0,0.667,0.487,0.4,0.2,0.64,0.0,0.333,1.051,0.6,0.9,1.007,3.0,1.333,2.179,2.2,2.2,1.737,0.0,0.667,1.282,0.4,0.7,3.568,0.0,0.0,0.0,0.0,0.0,0.0,7.25,8.817,12.765,10.243,11.887,3.478,,,,,,,,,,,,,,,,,,
8477979,N. Aube-Kubel,MIN,W,0,6,28,2026-04-14,0.11,,0.0,0.036,0.0,0.0,0.196,,0.333,0.107,0.4,0.2,0.325,,0.333,0.143,0.4,0.2,0.367,,0.833,0.821,0.8,0.5,0.849,,0.833,0.286,1.0,0.5,0.676,,1.167,1.679,1.0,1.5,1.242,,1.0,0.893,1.2,0.8,1.376,,0.0,0.0,0.0,0.0,0.0,,11.617,9.892,11.953,10.275,2.236,,,,,,,,,,,,,,,,,,
8477986,B. Montour,SEA,D,4,64,149,2026-10-06,1.0,0.0,0.172,0.195,0.0,0.1,0.463,0.5,0.328,0.309,0.4,0.2,0.601,0.5,0.5,0.503,0.4,0.3,0.697,1.75,2.719,2.765,2.2,2.5,1.573,2.0,1.219,1.248,2.0,1.4,0.96,1.5,1.172,1.107,1.2,1.6,1.563,6.75,0.703,0.953,5.4,3.1,3.796,0.0,0.031,0.047,0.0,0.0,0.196,22.704,22.56,22.79,22.553,22.21,2.343,,,,,,,,,,,,,,,,,,
8477987,R. Donato,CHI,C,4,82,166,2026-10-06,0.25,0.25,0.183,0.283,0.2,0.2,0.325,0.0,0.183,0.277,0.2,0.1,0.325,0.25,0.366,0.56,0.4,0.3,0.427,1.0,1.488,1.855,1.8,2.0,1.473,0.5,0.256,0.247,0.6,0.5,0.632,1.0,0.951,1.12,1.0,0.6,0.742,1.25,0.561,0.554,1.4,0.9,1.224,0.0,0.012,0.036,0.0,0.0,0.0,10.9,14.737,15.402,11.93,13.71,1.986,,,,,,,,,,,,,,,,,,
8477989,C. Dvorak,PHI,C,4,90,181,2026-10-05,1.0,0.0,0.2,0.177,0.0,0.0,0.367,0.25,0.411,0.326,0.4,0.2,0.49,0.25,0.611,0.503,0.4,0.2,0.697,1.25,1.856,1.564,1.0,1.4,1.085,1.0,0.644,0.779,1.0,0.7,0.748,1.75,0.644,0.63,2.0,2.1,1.157,0.5,0.389,0.315,0.4,0.8,1.3,0.0,0.033,0.022,0.0,0.0,0.0,16.15,18.419,16.874,16.283,17.562,2.063,,,,,,,,,,,,,,,,,,
8477990,B. Halverson,TB,G,0,9,16,2026-04-15,0.12,,,,,,,,,,,,,,,,,,,,,,,,,,,,,,,,,,,,,,0.0,0.0,0.0,0.0,0.0,,,,,,,,6.32,7.177,11.377,5.688,18.971,,1.889,2.25,3.4,1.7,5.963,,0.444,0.562,0.8,0.4,1.499,,2.333,2.812,4.2,2.1,7.46
8477992,J. Johansson,OTT,G,1,86,163,2026-10-06,0.0,,,,,,,,,,,,,,,,,,,,,,,,,,,,,,,,,,,,,0.0,0.0,0.0,0.0,0.0,0.0,,,,,,,0.0,16.553,15.545,0.0,0.0,19.327,0.0,6.884,6.675,0.0,0.0,8.686,0.0,0.907,0.834,0.0,0.0,1.267,0.0,7.791,7.509,0.0,0.0,9.863
8477993,J. Kirkland,CGY,C,0,20,41,2026-01-29,0.1,,0.05,0.073,0.2,0.1,0.196,,0.05,0.171,0.0,0.0,0.271,,0.1,0.244,0.2,0.1,0.325,,0.55,0.488,0.8,0.6,0.7,,0.5,0.634,0.6,0.5,0.693,,1.45,1.805,1.4,1.4,1.162,,0.1,0.317,0.4,0.2,0.392,,0.0,0.0,0.0,0.0,0.0,,9.822,9.76,11.037,10.143,2.062,,,,,,,,,,,,,,,,,,
8477996,J. Lammikko,NJ,C,0,24,24,2026-02-03,0.17,,0.0,0.0,0.0,0.0,0.0,,0.083,0.083,0.0,0.2,0.4,,0.083,0.083,0.0,0.2,0.4,,0.625,0.625,0.0,0.3,0.696,,0.583,0.583,0.2,0.3,0.812,,1.667,1.667,2.4,1.9,1.213,,0.167,0.167,0.0,0.2,0.553,,0.0,0.0,0.0,0.0,0.0,,9.875,9.875,7.963,9.91,2.166,,,,,,,,,,,,,,,,,,
8477998,W. Foegele,OTT,W,3,72,163,2026-10-06,0.67,0.0,0.181,0.233,0.0,0.1,0.4,0.0,0.056,0.172,0.0,0.0,0.271,0.0,0.236,0.405,0.0,0.1,0.531,0.0,1.528,2.049,0.2,1.0,0.833,0.0,0.264,0.393,0.0,0.1,0.546,1.333,1.097,1.08,1.2,1.5,1.02,0.667,0.25,0.27,0.4,0.2,0.543,0.0,0.014,0.012,0.0,0.1,0.196,11.361,13.734,15.097,10.97,12.858,2.923,,,,,,,,,,,,,,,,,,
8478007,E. Merzlikins,CBJ,G,0,82,154,2026-04-14,0.53,,,,,,,,,,,,,,,,,,,,,,,,,,,,,,,,,,,,,,0.0,0.052,0.0,0.0,0.0,,,,,,,,20.471,31.49,0.0,11.905,27.05,,8.744,13.675,0.0,4.9,10.064,,1.159,1.708,0.0,0.8,1.623,,9.902,15.383,0.0,5.7,11.51
8478009,I. Sorokin,NYI,G,3,77,159,2026-10-06,0.67,,,,,,,,,,,,,,,,,,,,,,,,,,,,,,,,,,,,,0.0,0.052,0.038,0.0,0.0,0.392,,,,,,,39.311,41.898,43.037,34.977,45.87,23.194,20.333,18.0,18.774,15.8,18.7,11.281,0.667,1.87,1.912,1.2,2.2,1.98,21.0,19.87,20.679,17.0,20.9,12.272
8478010,B. Point,TB,C,3,70,155,2026-10-05,1.0,0.333,0.271,0.413,0.2,0.2,0.367,0.333,0.457,0.471,0.2,0.1,0.4,0.667,0.729,0.884,0.4,0.3,0.48,2.333,2.014,2.252,2.0,1.9,1.341,1.0,0.371,0.49,0.8,0.6,0.64,0.0,0.157,0.252,0.4,0.3,0.367,0.667,0.229,0.187,0.8,0.4,0.65,0.0,0.1,0.148,0.0,0.1,0.271,20.439,18.32,19.049,18.753,19.343,1.96,,,,,,,,,,,,,,,,,,
8478013,J. Walman,EDM,D,3,59,149,2026-10-03,1.0,0.0,0.136,0.114,0.0,0.0,0.0,0.0,0.271,0.383,0.0,0.4,0.512,0.0,0.407,0.497,0.0,0.4,0.512,1.333,1.78,2.087,1.6,1.6,1.15,1.333,1.576,2.067,0.8,0.7,1.189,0.0,0.356,0.772,0.4,0.6,0.697,0.667,0.305,0.497,0.4,1.0,0.98,0.0,0.017,0.007,0.0,0.0,0.0,14.439,18.561,20.552,15.983,16.393,1.721,,,,,,,,,,,,,,,,,,
8478017,M. Friedman,VAN,D,0,0,5,2025-01-23,0.8,,,0.0,0.0,0.0,0.0,,,0.0,0.0,0.0,0.0,,,0.0,0.0,0.0,0.0,,,0.8,0.8,0.8,0.748,,,1.2,1.2,1.2,1.166,,,1.2,1.2,1.2,1.6,,,2.0,2.0,2.0,4.0,,,0.0,0.0,0.0,0.0,,,14.063,14.063,14.063,2.158,,,,,,,,,,,,,,,,,,
8478020,M. Amadio,OTT,W,3,85,166,2026-10-06,1.0,0.667,0.176,0.169,0.4,0.4,0.449,0.333,0.235,0.229,0.2,0.2,0.49,1.0,0.412,0.398,0.6,0.6,0.755,1.0,1.176,1.163,0.8,1.1,0.824,0.667,0.659,0.614,1.0,1.1,0.816,0.667,1.353,1.488,1.8,1.6,1.233,0.0,0.235,0.241,0.4,0.2,0.543,0.0,0.0,0.006,0.0,0.0,0.0,16.867,16.157,15.289,15.667,17.062,2.436,,,,,,,,,,,,,,,,,,
8478021,W. Lagesson,DET,D,0,0,7,2025-04-17,0.86,,,0.0,0.0,0.0,0.0,,,0.143,0.2,0.143,0.35,,,0.143,0.2,0.143,0.35,,,0.714,0.6,0.714,0.7,,,1.0,1.0,1.0,1.069,,,0.857,1.0,0.857,0.833,,,0.571,0.4,0.571,0.904,,,0.0,0.0,0.0,0.0,,,14.569,14.017,14.569,1.719,,,,,,,,,,,,,,,,,,
8478024,V. Husso,ANA,G,2,64,98,2026-10-04,0.0,,,,,,,,,,,,,,,,,,,,,,,,,,,,,,,,,,,,,0.0,0.062,0.041,0.0,0.2,0.392,,,,,,,0.0,19.229,19.086,0.0,8.505,24.219,0.0,7.797,8.143,0.0,2.7,7.896,0.0,1.016,1.041,0.0,0.3,1.457,0.0,8.812,9.184,0.0,3.0,9.241
8478038,D. Toews,COL,D,2,81,166,2026-10-03,1.0,0.0,0.062,0.096,0.0,0.0,0.325,1.0,0.37,0.416,0.8,0.6,0.849,1.0,0.432,0.512,0.8,0.6,0.96,0.0,1.642,1.663,1.6,1.3,1.127,0.5,1.235,1.331,1.4,1.2,1.196,1.0,0.358,0.458,0.4,0.3,0.466,1.0,0.42,0.386,0.4,0.4,0.65,0.0,0.012,0.012,0.0,0.0,0.196,19.492,22.896,23.7,23.143,24.742,3.297,,,,,,,,,,,,,,,,,,
8478039,K. Kahkonen,MTL,G,0,1,3,2025-12-07,0.33,,,,,,,,,,,,,,,,,,,,,,,,,,,,,,,,,,,,,,0.0,0.0,0.0,0.0,0.0,,,,,,,,0.0,19.422,19.422,19.422,27.467,,0.0,5.333,5.333,5.333,7.542,,0.0,1.333,1.333,1.333,1.886,,0.0,6.667,6.667,6.667,9.428
8478042,V. Arvidsson,DET,W,3,73,158,2026-10-06,1.0,0.667,0.37,0.291,0.4,0.5,0.753,0.333,0.397,0.297,0.2,0.3,0.755,1.0,0.767,0.589,0.6,0.8,0.958,2.333,2.548,2.373,2.2,2.4,1.45,1.0,0.534,0.437,0.8,0.8,0.693,0.333,0.342,0.468,0.2,0.3,0.686,0.667,0.329,0.354,0.4,0.2,0.65,0.667,0.055,0.044,0.4,0.2,0.271,18.339,14.421,14.472,14.757,14.56,2.991,,,,,,,,,,,,,,,,,,
8478043,S. Lafferty,CHI,C,0,29,89,2026-04-15,0.15,,0.034,0.056,0.0,0.0,0.196,,0.034,0.045,0.0,0.0,0.196,,0.069,0.101,0.0,0.0,0.271,,0.31,0.663,0.6,0.3,0.557,,0.172,0.236,0.0,0.2,0.4,,1.207,1.393,0.8,1.2,0.967,,0.483,0.472,0.0,0.0,1.96,,0.0,0.0,0.0,0.0,0.0,,8.597,9.459,8.72,8.03,1.644,,,,,,,,,,,,,,,,,,
8478046,D. Heinen,CBJ,W,2,46,127,2026-10-03,0.5,0.0,0.13,0.118,0.0,0.1,0.367,0.0,0.13,0.205,0.6,0.3,0.367,0.0,0.261,0.323,0.6,0.4,0.466,1.0,0.957,1.0,0.6,0.9,0.916,1.5,0.522,0.504,0.6,0.5,0.7,0.0,1.174,1.063,0.0,0.4,0.95,0.0,0.348,0.37,0.0,0.4,0.733,0.0,0.0,0.008,0.0,0.0,0.0,11.8,11.34,12.655,11.667,12.158,1.614,,,,,,,,,,,,,,,,,,
8478047,M. Bunting,DAL,W,0,75,151,2026-04-30,0.96,,0.187,0.219,0.0,0.0,0.271,,0.267,0.258,0.2,0.1,0.325,,0.453,0.477,0.2,0.1,0.4,,1.693,1.868,1.4,1.2,1.466,,0.333,0.291,0.4,0.3,0.557,,0.627,0.775,1.2,1.0,0.8,,0.267,0.583,0.0,0.4,0.733,,0.08,0.113,0.0,0.0,0.271,,14.371,14.955,10.453,11.742,2.688,,,,,,,,,,,,,,,,,,
8478048,I. Shesterkin,NYR,G,5,69,150,2026-10-06,0.8,,,,,,,,,,,,,,,,,,,,,,,,,,,,,,,,,,,,,0.0,0.159,0.113,0.0,0.0,1.372,,,,,,,47.87,43.829,45.125,47.87,41.733,27.724,17.8,18.826,19.813,17.8,14.8,12.933,1.4,1.826,2.0,1.4,1.3,1.444,19.2,20.652,21.813,19.2,16.1,13.923
8478055,G. Forsling,FLA,D,3,80,186,2026-10-06,1.0,0.333,0.025,0.081,0.2,0.1,0.196,0.0,0.325,0.269,0.0,0.3,0.449,0.333,0.35,0.349,0.2,0.4,0.466,1.333,1.4,1.839,1.4,1.7,1.095,1.667,1.225,1.22,1.8,1.9,1.063,1.0,0.65,0.914,0.8,0.4,0.843,1.333,0.637,0.425,0.8,0.6,0.898,0.0,0.0,0.0,0.0,0.0,0.0,21.483,22.629,22.828,20.063,22.665,2.754,,,,,,,,,,,,,,,,,,
8478056,C. Bishop,CGY,C,0,0,6,2025-02-01,0.0,,,0.167,0.2,0.167,0.373,,,0.0,0.0,0.0,0.0,,,0.167,0.2,0.167,0.373,,,0.667,0.6,0.667,0.745,,,0.333,0.4,0.333,0.471,,,1.333,1.6,1.333,0.745,,,0.0,0.0,0.0,0.0,,,0.0,0.0,0.0,0.0,,,7.25,7.613,7.25,1.441,,,,,,,,,,,,,,,,,,
8478057,D. Joshua,TOR,C,0,55,112,2026-04-08,0.61,,0.182,0.152,0.0,0.2,0.367,,0.145,0.134,0.4,0.3,0.367,,0.327,0.286,0.4,0.5,0.546,,0.945,0.929,0.8,1.2,1.113,,0.582,0.545,0.0,0.1,0.625,,3.545,3.464,3.0,3.3,1.96,,0.891,0.777,1.2,1.7,1.822,,0.0,0.009,0.0,0.0,0.0,,12.248,12.611,12.6,12.412,1.685,,,,,,,,,,,,,,,,,,
8478062,D. Mayo,CBJ,D,0,3,3,2026-01-13,0.0,,0.0,0.0,0.0,0.0,0.0,,0.333,0.333,0.333,0.333,0.471,,0.333,0.333,0.333,0.333,0.471,,1.667,1.667,1.667,1.667,0.943,,0.333,0.333,0.333,0.333,0.471,,0.0,0.0,0.0,0.0,0.0,,0.0,0.0,0.0,0.0,0.0,,0.0,0.0,0.0,0.0,0.0,,8.4,8.4,8.4,8.4,0.873,,,,,,,,,,,,,,,,,,
8478099,K. Labanc,CBJ,W,0,0,34,2025-02-04,0.21,,,0.059,0.0,0.0,0.196,,,0.294,0.0,0.1,0.49,,,0.353,0.0,0.1,0.512,,,1.029,1.2,1.0,0.894,,,0.412,0.4,0.4,0.48,,,0.853,0.6,0.5,0.814,,,0.353,0.4,0.2,0.8,,,0.0,0.0,0.0,0.0,,,10.495,9.55,9.39,1.639,,,,,,,,,,,,,,,,,,
8478104,S. Blais,MTL,W,0,21,21,2026-01-15,0.0,,0.143,0.143,0.0,0.1,0.35,,0.238,0.238,0.2,0.2,0.426,,0.381,0.381,0.2,0.3,0.653,,0.857,0.857,0.6,0.9,0.99,,0.571,0.571,0.8,0.4,0.583,,3.714,3.714,3.8,4.0,1.829,,0.476,0.476,0.8,0.4,0.852,,0.0,0.0,0.0,0.0,0.0,,8.425,8.425,8.133,8.458,1.645,,,,,,,,,,,,,,,,,,
8478109,V. Olofsson,VGK,W,4,78,147,2026-10-06,0.75,1.0,0.167,0.231,0.8,0.4,0.512,0.25,0.231,0.238,0.2,0.2,0.4,1.25,0.397,0.469,1.0,0.6,0.571,2.25,1.885,1.898,2.0,1.7,1.562,0.25,0.269,0.286,0.2,0.1,0.614,0.0,0.231,0.388,0.0,0.1,0.512,0.0,0.077,0.15,0.0,0.0,0.0,0.5,0.026,0.082,0.4,0.2,0.271,13.137,13.561,13.956,12.32,13.037,2.091,,,,,,,,,,,,,,,,,,
8478115,P. Engvall,NYI,W,0,0,62,2025-04-17,0.58,,,0.129,0.0,0.2,0.49,,,0.113,0.2,0.2,0.325,,,0.242,0.2,0.4,0.546,,,1.5,3.6,2.5,1.51,,,0.194,0.0,0.1,0.367,,,0.758,1.2,1.0,1.166,,,0.258,0.0,0.2,0.543,,,0.0,0.0,0.0,0.0,,,11.817,13.967,14.155,2.106,,,,,,,,,,,,,,,,,,
8478133,J. Evans,MTL,C,3,87,177,2026-10-06,1.0,0.0,0.161,0.153,0.0,0.1,0.325,0.0,0.23,0.249,0.0,0.3,0.557,0.0,0.391,0.401,0.0,0.4,0.64,0.667,1.103,1.028,1.0,0.7,1.032,1.0,0.77,0.746,0.6,0.9,0.916,1.667,1.448,1.503,1.4,1.5,1.641,0.0,0.575,0.35,0.0,1.4,2.405,0.0,0.0,0.0,0.0,0.0,0.0,14.583,15.699,15.607,15.94,17.7,2.461,,,,,,,,,,,,,,,,,,
8478136,J. Middleton,CGY,D,3,86,162,2026-10-04,1.0,0.0,0.023,0.062,0.0,0.0,0.196,0.0,0.174,0.185,0.0,0.1,0.271,0.0,0.198,0.247,0.0,0.1,0.325,1.333,0.779,1.08,0.8,0.8,0.722,1.0,1.547,1.926,1.2,1.6,1.68,2.333,1.209,1.377,2.4,1.9,1.007,1.333,0.907,0.765,0.8,0.6,2.108,0.0,0.0,0.0,0.0,0.0,0.0,18.45,17.379,19.428,17.997,17.678,2.69,,,,,,,,,,,,,,,,,,
8478146,M. Highmore,OTT,C,0,0,42,2025-04-20,0.26,,,0.048,0.0,0.1,0.196,,,0.095,0.0,0.0,0.196,,,0.143,0.0,0.1,0.271,,,0.81,0.4,0.4,0.637,,,0.476,0.2,0.2,0.637,,,1.262,1.4,1.7,1.33,,,0.333,1.6,0.8,0.98,,,0.0,0.0,0.0,0.0,,,11.117,10.727,10.36,2.228,,,,,,,,,,,,,,,,,,
8478147,B. Imama,FLA,W,4,2,22,2026-10-06,0.0,0.0,0.0,0.045,0.0,0.1,0.208,0.0,0.0,0.0,0.0,0.0,0.0,0.0,0.0,0.045,0.0,0.1,0.208,0.25,1.0,0.591,0.2,0.8,0.651,0.25,0.0,0.364,0.2,0.4,0.643,4.0,1.5,2.909,3.2,3.3,1.676,1.75,2.5,1.909,2.4,3.3,3.515,0.0,0.0,0.0,0.0,0.0,0.0,6.342,7.642,5.968,6.2,6.733,1.74,,,,,,,,,,,,,,,,,,
8478173,H. Hodgson,OTT,W,2,10,14,2026-10-05,0.0,0.0,0.0,0.0,0.0,0.0,0.0,0.0,0.0,0.0,0.0,0.0,0.0,0.0,0.0,0.0,0.0,0.0,0.0,0.0,0.4,0.429,0.4,0.4,0.728,0.0,0.0,0.071,0.0,0.0,0.258,3.5,2.9,3.071,3.2,3.1,1.437,1.0,1.1,1.286,0.8,1.3,2.119,0.0,0.0,0.0,0.0,0.0,0.0,5.375,7.025,7.011,6.727,6.702,2.647,,,,,,,,,,,,,,,,,,
8478178,D. Raddysh,TOR,D,4,80,161,2026-10-06,1.0,0.0,0.287,0.18,0.0,0.0,0.427,0.25,0.613,0.503,0.2,0.2,0.625,0.25,0.9,0.683,0.2,0.2,0.8,2.75,3.0,2.255,2.6,3.3,1.718,1.25,0.9,0.925,1.2,0.8,0.814,0.0,1.05,0.776,0.2,1.3,1.294,0.0,0.975,0.571,0.0,0.6,2.828,0.0,0.138,0.081,0.0,0.0,0.271,23.25,22.99,20.194,23.823,25.178,3.042,,,,,,,,,,,,,,,,,,
8478211,D. Hunt,CGY,W,0,3,8,2026-01-15,0.5,,0.0,0.0,0.0,0.0,0.0,,0.0,0.375,0.4,0.375,0.696,,0.0,0.375,0.4,0.375,0.696,,1.333,1.125,1.0,1.125,0.599,,1.333,0.875,1.2,0.875,0.781,,3.0,2.375,2.6,2.375,1.317,,0.667,0.25,0.4,0.25,0.661,,0.0,0.0,0.0,0.0,0.0,,8.933,10.635,10.733,10.635,2.956,,,,,,,,,,,,,,,,,,
8478233,A. Mangiapane,CHI,W,1,62,154,2026-09-29,0.0,0.0,0.129,0.149,0.0,0.1,0.325,0.0,0.129,0.149,0.2,0.1,0.271,0.0,0.258,0.299,0.2,0.2,0.49,1.0,0.935,1.078,0.4,0.8,0.967,0.0,0.452,0.422,0.4,0.9,0.854,1.0,1.048,1.006,1.2,1.2,1.098,2.0,0.677,0.532,0.4,0.6,2.408,0.0,0.0,0.0,0.0,0.0,0.0,5.383,12.484,12.641,10.01,11.543,2.085,,,,,,,,,,,,,,,,,,
8478366,F. Vatrano,ANA,W,1,50,132,2026-10-02,0.0,0.0,0.1,0.197,0.2,0.1,0.325,0.0,0.08,0.212,0.0,0.0,0.325,0.0,0.18,0.409,0.2,0.1,0.427,0.0,1.58,2.371,1.0,0.9,1.267,0.0,0.56,0.735,0.4,0.2,0.753,0.0,1.68,1.917,1.8,1.4,1.038,0.0,0.8,0.909,0.4,0.4,3.156,0.0,0.0,0.023,0.0,0.0,0.0,10.567,11.822,15.325,10.893,9.727,2.833,,,,,,,,,,,,,,,,,,
8478396,N. Hanifin,VGK,D,4,93,188,2026-10-06,1.0,0.25,0.032,0.08,0.2,0.1,0.196,0.0,0.344,0.346,0.0,0.1,0.49,0.25,0.376,0.426,0.2,0.2,0.512,1.5,1.72,1.793,1.2,0.8,1.095,1.25,1.731,1.559,1.4,2.0,1.414,0.0,0.591,0.617,0.0,0.4,0.776,0.0,0.172,0.17,0.0,0.0,0.392,0.0,0.0,0.011,0.0,0.0,0.0,19.775,22.713,22.176,19.13,20.475,3.636,,,,,,,,,,,,,,,,,,
8478397,R. Andersson,VGK,D,4,103,188,2026-10-06,1.0,0.0,0.165,0.149,0.0,0.0,0.0,0.25,0.35,0.303,0.2,0.2,0.449,0.25,0.515,0.452,0.2,0.2,0.449,1.25,2.058,2.021,1.0,1.7,1.33,0.25,1.816,2.043,0.4,1.2,1.204,0.0,0.427,0.426,0.2,0.2,0.4,1.5,0.864,0.824,1.6,1.0,1.143,0.0,0.058,0.048,0.0,0.0,0.0,18.15,23.252,23.459,18.357,21.047,4.094,,,,,,,,,,,,,,,,,,
8478398,K. Connor,WPG,W,3,82,180,2026-10-05,1.0,1.0,0.476,0.489,0.8,0.8,0.693,0.667,0.646,0.683,0.6,0.4,0.697,1.667,1.122,1.172,1.4,1.2,0.967,6.667,3.341,3.367,6.6,4.9,2.148,1.0,0.232,0.406,1.0,0.6,0.637,0.667,0.439,0.389,0.8,0.8,0.744,0.0,0.195,0.228,0.0,0.0,0.0,1.0,0.061,0.094,0.8,0.5,0.49,21.0,21.506,21.048,20.433,20.698,1.902,,,,,,,,,,,,,,,,,,
8478399,J. Siegenthaler,NJ,D,3,82,143,2026-10-06,1.0,0.0,0.0,0.014,0.0,0.0,0.0,0.0,0.195,0.161,0.0,0.4,0.625,0.0,0.195,0.175,0.0,0.4,0.625,0.667,0.732,0.818,0.8,0.5,0.776,1.0,1.646,1.671,1.0,1.5,1.3,0.333,1.122,1.252,0.2,0.3,0.938,0.0,0.585,0.685,0.0,0.2,0.543,0.0,0.0,0.0,0.0,0.0,0.0,18.894,19.478,19.661,19.357,19.53,2.456,,,,,,,,,,,,,,,,,,
8478400,C. White,SJ,C,0,0,3,2025-02-04,0.0,,,0.0,0.0,0.0,0.0,,,0.0,0.0,0.0,0.0,,,0.0,0.0,0.0,0.0,,,0.333,0.333,0.333,0.471,,,0.333,0.333,0.333,0.471,,,0.667,0.667,0.667,0.471,,,0.0,0.0,0.0,0.0,,,0.0,0.0,0.0,0.0,,,7.306,7.306,7.306,0.92,,,,,,,,,,,,,,,,,,
8478401,P. Zacha,BOS,C,4,84,170,2026-10-05,1.0,0.0,0.369,0.265,0.0,0.1,0.7,0.0,0.44,0.412,0.2,0.2,0.49,0.0,0.81,0.676,0.2,0.3,0.863,2.0,1.69,1.659,1.8,1.9,1.354,1.25,0.333,0.347,1.0,0.7,0.748,0.5,0.869,0.812,0.4,1.1,1.189,0.0,0.357,0.3,0.0,0.2,0.392,0.0,0.143,0.082,0.0,0.1,0.49,18.608,16.937,18.001,18.557,18.313,3.328,,,,,,,,,,,,,,,,,,
8478402,C. McDavid,EDM,C,3,88,180,2026-10-03,1.0,0.667,0.557,0.467,0.4,0.3,0.748,2.333,1.08,1.122,1.8,1.6,1.243,3.0,1.636,1.589,2.2,1.9,1.457,2.333,3.705,3.383,2.8,3.0,1.849,0.667,0.364,0.411,0.6,0.4,0.625,0.667,0.523,0.622,0.6,0.8,0.7,0.0,0.523,0.483,0.0,0.4,1.229,0.0,0.159,0.128,0.0,0.1,0.325,23.728,23.024,22.837,24.03,23.073,2.334,,,,,,,,,,,,,,,,,,
8478403,J. Eichel,VGK,C,4,96,188,2026-10-06,1.0,0.5,0.302,0.319,0.4,0.2,0.367,2.0,0.865,0.883,1.6,1.2,0.952,2.5,1.167,1.202,2.0,1.4,1.078,2.0,3.25,3.101,2.0,1.8,1.662,0.25,0.698,0.718,0.6,1.2,1.093,0.25,0.583,0.505,0.8,0.9,0.909,0.5,0.354,0.234,0.8,0.6,1.114,0.0,0.01,0.032,0.0,0.0,0.0,19.579,21.485,21.152,20.487,21.632,3.264,,,,,,,,,,,,,,,,,,
8478406,M. Blackwood,COL,G,2,79,169,2026-10-03,1.0,,,,,,,,,,,,,,,,,,,,,,,,,,,,,,,,,,,,,0.0,0.0,0.012,0.0,0.0,0.0,,,,,,,60.0,29.443,36.038,35.58,29.035,27.144,26.0,11.494,14.97,15.2,11.7,11.723,2.5,1.241,1.533,1.4,1.3,1.573,28.5,12.734,16.497,16.6,13.0,12.783
8478407,V. Dunn,SEA,D,4,81,147,2026-10-06,1.0,0.25,0.136,0.156,0.2,0.1,0.271,0.75,0.407,0.435,0.6,0.6,0.625,1.0,0.543,0.592,0.8,0.7,0.753,1.0,2.21,2.177,1.0,1.9,1.504,1.25,1.062,1.156,1.4,1.7,0.826,0.75,0.333,0.401,1.2,0.7,0.753,1.5,0.667,0.633,2.4,1.6,1.505,0.0,0.025,0.027,0.0,0.0,0.0,21.758,21.662,21.841,21.527,20.712,2.099,,,,,,,,,,,,,,,,,,
8478408,T. Dermott,MIN,D,0,0,19,2025-01-26,0.58,,,0.0,0.0,0.0,0.0,,,0.0,0.0,0.0,0.0,,,0.0,0.0,0.0,0.0,,,0.421,0.4,0.5,0.674,,,0.842,0.4,0.7,0.987,,,0.316,0.0,0.0,0.653,,,0.105,0.0,0.0,0.447,,,0.0,0.0,0.0,0.0,,,12.273,13.463,11.523,3.54,,,,,,,,,,,,,,,,,,
8478409,A. Richard,PHI,C,0,1,16,2026-04-14,0.56,,0.0,0.125,0.0,0.0,0.331,,0.0,0.25,0.0,0.0,0.559,,0.0,0.375,0.0,0.0,0.696,,0.0,1.188,0.6,1.1,0.882,,0.0,0.5,0.2,0.3,0.866,,0.0,0.5,0.4,0.4,0.612,,0.0,0.0,0.0,0.0,0.0,,0.0,0.0,0.0,0.0,0.0,,7.133,12.036,12.34,12.035,2.576,,,,,,,,,,,,,,,,,,
8478413,J. Greenway,CHI,W,4,53,91,2026-10-06,1.0,0.25,0.057,0.077,0.4,0.2,0.325,0.0,0.113,0.121,0.0,0.0,0.271,0.25,0.17,0.198,0.4,0.2,0.4,2.25,0.736,0.923,2.2,1.3,1.106,0.75,0.509,0.648,0.6,0.7,0.748,2.0,1.642,2.143,2.2,1.8,1.461,0.0,0.66,0.879,0.0,0.2,0.854,0.0,0.0,0.0,0.0,0.0,0.0,14.154,12.145,13.327,13.56,12.25,1.891,,,,,,,,,,,,,,,,,,
8478414,T. Meier,NJ,W,3,77,165,2026-10-06,1.0,0.0,0.312,0.315,0.0,0.2,0.466,0.333,0.26,0.303,0.4,0.4,0.449,0.333,0.571,0.618,0.4,0.6,0.632,6.0,3.494,3.297,4.2,3.9,2.341,0.667,0.688,0.776,0.4,0.5,0.907,2.0,1.701,1.812,1.4,1.6,1.33,1.333,0.286,0.545,0.8,0.4,0.98,0.0,0.078,0.079,0.0,0.0,0.0,18.289,18.516,18.294,17.503,18.21,1.321,,,,,,,,,,,,,,,,,,
8478416,E. Cernak,TB,D,3,68,152,2026-10-05,1.0,0.0,0.044,0.046,0.0,0.0,0.271,0.0,0.132,0.178,0.0,0.1,0.196,0.0,0.176,0.224,0.0,0.1,0.325,2.0,0.868,0.941,1.6,1.2,1.143,1.333,1.618,1.447,1.2,1.5,0.849,3.667,1.824,2.02,2.8,2.3,1.509,0.0,1.118,0.855,0.0,0.2,2.408,0.0,0.0,0.0,0.0,0.0,0.0,19.606,17.806,18.073,19.857,19.505,2.823,,,,,,,,,,,,,,,,,,
8478420,M. Rantanen,DAL,W,3,70,173,2026-10-05,1.0,0.333,0.329,0.376,0.2,0.2,0.4,0.333,0.871,0.757,0.6,0.7,0.531,0.667,1.2,1.133,0.8,0.9,0.688,2.333,2.186,2.439,1.8,2.2,1.401,1.0,0.529,0.607,1.6,1.0,0.8,0.667,0.857,0.723,1.6,1.5,1.095,0.0,1.5,1.012,0.4,1.2,1.509,0.0,0.1,0.116,0.0,0.1,0.271,21.217,20.39,20.852,21.79,21.828,2.295,,,,,,,,,,,,,,,,,,
8478421,A. Greer,ANA,W,2,78,177,2026-10-04,1.0,0.0,0.218,0.141,0.4,0.3,0.427,0.5,0.192,0.158,0.4,0.5,0.427,0.5,0.41,0.299,0.8,0.8,0.64,3.0,1.333,1.175,2.0,1.9,1.203,0.5,0.372,0.39,0.2,0.5,0.632,2.5,2.603,2.729,2.6,2.5,1.563,2.0,1.449,1.52,0.8,0.8,3.463,0.0,0.013,0.006,0.2,0.1,0.196,14.217,12.429,10.718,14.293,15.26,2.721,,,,,,,,,,,,,,,,,,
8478424,J. Harkins,TB,C,1,47,110,2026-10-01,0.0,0.0,0.085,0.055,0.2,0.1,0.196,0.0,0.106,0.082,0.0,0.0,0.49,0.0,0.191,0.136,0.2,0.1,0.512,1.0,0.894,0.836,1.2,1.3,1.12,0.0,0.532,0.6,0.2,0.4,0.557,4.0,2.638,2.4,3.0,2.8,1.733,0.0,0.596,0.445,0.0,1.5,2.167,0.0,0.0,0.0,0.0,0.0,0.0,10.917,9.566,10.345,8.12,7.795,2.877,,,,,,,,,,,,,,,,,,
8478427,S. Aho,CAR,C,4,98,196,2026-10-06,1.0,1.0,0.327,0.367,0.8,0.5,0.632,0.75,0.612,0.592,0.6,0.7,0.637,1.75,0.939,0.959,1.4,1.2,0.88,3.75,2.367,2.526,3.2,2.6,1.6,0.25,0.337,0.378,0.2,0.5,0.7,0.5,0.918,1.0,0.8,1.1,1.317,2.5,0.571,0.612,2.0,1.0,1.28,0.75,0.082,0.097,0.6,0.3,0.367,20.004,19.845,20.024,20.05,20.148,2.329,,,,,,,,,,,,,,,,,,
8478430,O. Kylington,ANA,D,0,0,19,2025-04-09,0.68,,,0.053,0.0,0.0,0.223,,,0.211,0.2,0.3,0.521,,,0.263,0.2,0.3,0.636,,,0.316,0.4,0.4,0.729,,,0.947,0.6,1.0,1.191,,,0.158,0.2,0.1,0.365,,,0.421,0.8,0.4,0.815,,,0.0,0.0,0.0,0.0,,,12.295,11.773,12.282,3.89,,,,,,,,,,,,,,,,,,
8478432,C. Fischer,CBJ,W,0,0,46,2025-03-13,0.33,,,0.022,0.0,0.0,0.0,,,0.13,0.0,0.3,0.367,,,0.152,0.0,0.3,0.367,,,0.674,0.4,0.7,1.275,,,0.413,0.2,0.6,0.637,,,2.022,2.6,2.0,1.541,,,0.239,0.0,0.0,0.392,,,0.0,0.0,0.0,0.0,,,11.114,9.15,9.712,2.105,,,,,,,,,,,,,,,,,,
8478433,F. Sandstrom,BUF,G,0,0,1,2025-02-04,0.0,,,,,,,,,,,,,,,,,,,,,,,,,,,,,,,,,,,,,,,0.0,0.0,0.0,,,,,,,,,,0.0,0.0,0.0,,,,0.0,0.0,0.0,,,,0.0,0.0,0.0,,,,0.0,0.0,0.0,
8478434,K. Kolesar,DET,W,3,103,199,2026-10-06,0.33,0.0,0.068,0.095,0.0,0.1,0.196,0.0,0.107,0.151,0.0,0.0,0.0,0.0,0.175,0.246,0.0,0.1,0.196,0.333,0.777,0.884,0.2,0.4,0.753,1.333,0.534,0.568,1.0,0.7,1.048,3.667,3.417,3.281,3.0,2.7,2.324,3.667,0.592,0.658,2.2,1.1,1.516,0.0,0.0,0.0,0.0,0.0,0.0,12.106,11.274,12.082,10.5,9.718,2.568,,,,,,,,,,,,,,,,,,
8478435,D. Vladar,PHI,G,4,84,169,2026-10-05,0.5,,,,,,,,,,,,,,,,,,,,,,,,,,,,,,,,,,,,,0.0,0.071,0.047,0.0,0.2,0.392,,,,,,,29.271,43.197,32.702,36.52,51.217,25.619,15.75,17.06,13.154,20.0,24.6,12.825,2.5,1.714,1.402,2.6,2.6,1.8,18.25,18.774,14.556,22.6,27.2,13.561
8478438,T. Novak,PIT,C,3,88,145,2026-10-05,1.0,0.667,0.182,0.214,0.4,0.2,0.431,0.667,0.318,0.269,0.4,0.4,0.466,1.333,0.5,0.483,0.8,0.6,0.697,1.667,1.557,1.614,1.6,1.4,1.269,0.667,0.398,0.434,0.4,0.3,0.753,0.333,0.205,0.172,0.6,0.7,0.686,0.0,0.273,0.193,0.0,0.0,0.0,0.0,0.057,0.041,0.0,0.0,0.0,15.322,14.26,13.899,15.48,14.973,1.808,,,,,,,,,,,,,,,,,,
8478439,T. Konecny,PHI,W,4,87,173,2026-10-05,1.0,0.0,0.322,0.301,0.0,0.0,0.325,0.5,0.517,0.572,0.6,0.4,0.64,0.5,0.839,0.873,0.6,0.4,0.632,1.5,2.08,2.168,1.4,1.4,1.323,0.75,0.494,0.509,1.0,0.7,0.7,2.0,1.713,1.451,3.0,3.3,1.945,1.0,0.977,0.821,0.8,2.4,2.869,0.0,0.023,0.058,0.0,0.0,0.196,16.746,18.999,19.707,16.707,18.27,2.442,,,,,,,,,,,,,,,,,,
8478440,D. Strome,WSH,C,2,80,174,2026-10-03,1.0,0.0,0.237,0.287,0.0,0.2,0.325,1.0,0.487,0.592,0.6,0.4,0.632,1.0,0.725,0.879,0.6,0.6,0.7,1.5,1.788,1.782,1.4,1.2,1.229,1.0,0.662,0.672,0.6,0.8,0.748,1.0,0.138,0.236,0.4,0.3,0.431,0.0,0.575,0.471,0.0,0.6,1.024,0.0,0.075,0.086,0.0,0.0,0.196,15.608,18.038,17.665,16.493,16.273,1.937,,,,,,,,,,,,,,,,,,
8478443,B. Carlo,STL,D,3,55,154,2026-10-06,1.0,0.0,0.0,0.006,0.0,0.0,0.0,0.0,0.127,0.117,0.0,0.0,0.271,0.0,0.127,0.123,0.0,0.0,0.271,1.0,1.2,1.039,1.0,1.1,0.907,1.0,1.782,1.883,1.6,1.4,1.237,1.667,1.182,1.097,1.2,1.3,1.17,5.0,0.673,0.63,3.0,1.7,3.086,0.0,0.0,0.0,0.0,0.0,0.0,17.006,19.365,19.044,16.477,18.22,2.383,,,,,,,,,,,,,,,,,,
8478444,B. Boeser,VAN,W,4,75,154,2026-10-04,1.0,0.25,0.293,0.312,0.2,0.2,0.748,0.5,0.347,0.344,0.4,0.5,0.697,0.75,0.64,0.656,0.6,0.7,1.038,1.5,2.213,2.058,1.4,1.6,1.243,0.25,0.347,0.396,0.2,0.2,0.367,1.25,0.72,0.877,1.0,1.0,0.907,0.0,0.107,0.156,0.0,0.0,0.392,0.0,0.08,0.097,0.0,0.0,0.325,17.35,19.053,18.575,17.53,19.35,2.034,,,,,,,,,,,,,,,,,,
8478445,M. Barzal,NYI,C,0,81,111,2026-04-14,0.99,,0.235,0.225,0.0,0.1,0.325,,0.654,0.604,0.6,0.6,0.763,,0.889,0.829,0.6,0.7,0.863,,2.272,2.36,2.8,2.4,1.472,,0.617,0.667,1.0,0.6,0.804,,0.358,0.477,0.0,0.1,0.753,,0.753,0.586,0.0,0.2,2.764,,0.025,0.027,0.0,0.0,0.0,,20.651,20.569,20.7,20.202,2.348,,,,,,,,,,,,,,,,,,
8478449,R. Hintz,DAL,C,3,53,149,2026-10-05,1.0,0.0,0.283,0.329,0.0,0.1,0.367,0.667,0.547,0.51,0.6,0.7,0.7,0.667,0.83,0.839,0.6,0.8,0.686,1.0,2.377,2.188,1.8,1.8,2.258,0.0,0.34,0.523,0.4,0.6,0.557,2.333,1.132,0.899,2.4,1.9,1.499,0.0,0.34,0.389,0.4,0.4,0.733,0.0,0.113,0.114,0.0,0.1,0.271,16.172,17.342,17.129,15.017,16.217,1.994,,,,,,,,,,,,,,,,,,
8478450,P. Wotherspoon,VGK,D,4,86,145,2026-10-06,1.0,0.0,0.035,0.028,0.0,0.0,0.0,0.0,0.326,0.234,0.0,0.1,0.697,0.0,0.36,0.262,0.0,0.1,0.697,0.75,0.86,0.834,0.8,0.7,0.776,0.75,1.442,1.331,1.0,1.5,1.02,0.25,2.116,1.779,1.0,2.1,1.341,0.5,0.779,0.545,0.4,1.4,2.682,0.0,0.0,0.0,0.0,0.0,0.0,18.371,20.306,19.389,20.677,20.61,2.616,,,,,,,,,,,,,,,,,,
8478452,C. Jones,PIT,D,0,7,13,2025-10-23,0.77,,0.0,0.0,0.0,0.0,0.0,,0.143,0.077,0.2,0.1,0.266,,0.143,0.077,0.2,0.1,0.266,,0.714,0.846,0.8,0.6,1.026,,2.143,1.538,2.6,1.7,1.151,,1.429,1.538,1.2,1.4,0.843,,0.0,0.154,0.0,0.0,0.533,,0.0,0.0,0.0,0.0,0.0,,17.171,15.047,17.85,14.895,3.75,,,,,,,,,,,,,,,,,,
8478454,N. Juulsen,COL,D,2,57,94,2026-10-03,0.0,0.0,0.018,0.011,0.0,0.0,0.0,0.0,0.193,0.117,0.0,0.2,0.49,0.0,0.211,0.128,0.0,0.2,0.49,0.5,0.474,0.574,0.4,0.2,0.676,1.0,0.93,1.223,1.4,1.2,0.765,2.0,2.088,2.383,2.8,2.2,1.541,1.0,0.263,0.404,0.4,0.2,1.411,0.0,0.0,0.0,0.0,0.0,0.0,11.083,13.555,14.521,11.31,12.122,3.014,,,,,,,,,,,,,,,,,,
8478458,J. Roslovic,TOR,C,4,75,169,2026-10-06,1.0,0.25,0.28,0.266,0.2,0.1,0.49,0.5,0.213,0.225,0.4,0.3,0.449,0.75,0.493,0.491,0.6,0.4,0.7,2.5,2.0,1.864,2.2,1.9,1.148,0.25,0.4,0.355,0.4,0.4,0.697,0.75,0.747,0.509,0.8,1.3,0.975,0.5,0.24,0.178,0.4,0.4,0.543,0.0,0.053,0.036,0.0,0.0,0.196,16.425,15.559,14.648,16.023,14.452,2.045,,,,,,,,,,,,,,,,,,
8478460,Z. Werenski,CBJ,D,2,75,158,2026-10-03,1.0,0.0,0.293,0.285,0.0,0.1,0.271,1.0,0.787,0.759,0.6,0.5,0.95,1.0,1.08,1.044,0.6,0.6,1.007,2.0,3.467,3.557,3.8,3.3,2.045,3.0,1.253,1.462,1.8,1.9,1.386,0.0,0.4,0.31,0.0,0.2,0.742,0.0,0.24,0.31,0.4,0.2,0.65,0.0,0.053,0.057,0.0,0.1,0.196,30.242,26.614,26.727,28.523,28.195,2.866,,,,,,,,,,,,,,,,,,
8478462,N. Roy,COL,C,2,87,171,2026-10-03,1.0,1.0,0.126,0.175,0.4,0.3,0.427,0.5,0.23,0.228,0.2,0.3,0.427,1.5,0.356,0.404,0.6,0.6,0.574,2.5,1.057,1.257,1.6,1.4,0.96,1.0,0.552,0.591,0.6,0.5,0.794,2.5,1.092,1.129,2.0,2.0,1.169,1.0,0.31,0.544,0.8,0.4,0.8,0.0,0.023,0.029,0.0,0.0,0.0,12.542,14.093,14.561,11.933,11.963,1.986,,,,,,,,,,,,,,,,,,
8478463,A. Beauvillier,WSH,W,2,82,175,2026-10-03,0.5,0.0,0.183,0.183,0.2,0.1,0.325,0.0,0.159,0.154,0.0,0.1,0.49,0.0,0.341,0.337,0.2,0.2,0.614,2.5,1.89,1.886,2.0,1.4,1.131,0.5,0.585,0.509,0.4,0.5,0.786,1.5,1.134,1.52,1.4,0.9,0.833,0.0,0.366,0.263,0.0,0.2,0.98,0.0,0.012,0.006,0.0,0.0,0.196,12.767,15.797,14.252,15.15,15.793,2.072,,,,,,,,,,,,,,,,,,
8478465,G. Brisebois,VAN,D,0,0,3,2025-01-11,1.0,,,0.0,0.0,0.0,0.0,,,0.0,0.0,0.0,0.0,,,0.0,0.0,0.0,0.0,,,0.667,0.667,0.667,0.943,,,1.333,1.333,1.333,1.247,,,0.667,0.667,0.667,0.471,,,0.0,0.0,0.0,0.0,,,0.0,0.0,0.0,0.0,,,15.806,15.806,15.806,0.828,,,,,,,,,,,,,,,,,,
8478466,D. Sprong,NJ,W,0,0,31,2025-04-20,0.45,,,0.065,0.0,0.0,0.196,,,0.161,0.4,0.2,0.325,,,0.226,0.4,0.2,0.367,,,1.774,2.6,1.9,1.99,,,0.194,0.8,0.5,0.512,,,1.097,2.4,1.9,1.386,,,0.065,0.0,0.0,0.0,,,0.032,0.0,0.0,0.0,,,12.162,13.637,12.288,2.358,,,,,,,,,,,,,,,,,,
8478468,J. Lauzon,VGK,D,4,80,112,2026-10-06,1.0,0.0,0.013,0.009,0.0,0.0,0.196,0.0,0.15,0.116,0.0,0.0,0.271,0.0,0.163,0.125,0.0,0.0,0.431,1.5,0.988,0.982,1.4,0.7,1.248,1.25,1.462,1.393,1.0,1.7,1.386,4.0,3.625,3.866,4.6,4.1,1.876,0.5,1.188,1.196,0.4,0.4,0.8,0.0,0.0,0.0,0.0,0.0,0.0,16.375,17.096,17.289,16.19,16.553,2.709,,,,,,,,,,,,,,,,,,
8478469,T. Chabot,OTT,D,3,61,150,2026-10-06,1.0,0.333,0.115,0.12,0.2,0.1,0.325,0.333,0.393,0.427,0.2,0.1,0.546,0.667,0.508,0.547,0.4,0.2,0.697,2.667,1.754,2.033,2.8,2.0,1.233,3.667,1.984,1.9,2.8,2.5,1.45,0.667,0.623,0.707,0.6,0.4,0.571,0.667,0.393,0.347,0.8,0.4,0.926,0.0,0.033,0.02,0.0,0.0,0.0,25.839,23.139,23.205,26.897,25.777,5.109,,,,,,,,,,,,,,,,,,
8478470,S. Montembeault,MTL,G,3,53,141,2026-10-06,0.0,,,,,,,,,,,,,,,,,,,,,,,,,,,,,,,,,,,,,0.0,0.0,0.0,0.0,0.0,0.0,,,,,,,0.0,26.758,36.201,0.0,12.627,30.056,0.0,10.453,15.149,0.0,5.0,13.612,0.0,1.528,1.801,0.0,0.9,1.755,0.0,11.981,16.943,0.0,5.9,15.043
8478472,M. Joseph,EDM,W,3,53,119,2026-10-03,1.0,0.0,0.038,0.059,0.0,0.0,0.0,0.333,0.17,0.168,0.2,0.1,0.463,0.333,0.208,0.227,0.2,0.1,0.463,1.0,0.717,0.975,1.0,0.8,0.697,1.333,0.66,0.697,1.0,0.9,0.849,3.667,2.321,2.244,3.8,3.2,1.411,0.667,0.208,0.429,0.8,0.9,1.091,0.0,0.0,0.0,0.0,0.0,0.0,15.044,11.848,12.002,12.343,9.868,2.721,,,,,,,,,,,,,,,,,,
8478474,L. Crouse,UTA,W,4,87,172,2026-10-06,1.0,0.25,0.31,0.233,0.2,0.4,0.64,0.25,0.253,0.169,0.2,0.3,0.449,0.5,0.563,0.401,0.4,0.7,0.763,2.25,1.747,1.669,1.8,2.0,1.341,0.25,0.644,0.599,0.4,0.5,0.8,3.0,2.874,2.645,3.0,5.0,2.772,0.5,0.552,0.517,0.4,0.4,3.433,0.0,0.011,0.012,0.0,0.0,0.196,14.929,16.938,15.381,15.543,18.9,3.886,,,,,,,,,,,,,,,,,,
8478476,K. Capobianco,DAL,D,0,33,34,2026-04-13,0.65,,0.061,0.059,0.0,0.0,0.271,,0.091,0.088,0.0,0.0,0.271,,0.152,0.147,0.0,0.0,0.367,,0.545,0.529,0.6,0.5,0.632,,0.818,0.794,0.8,1.0,0.744,,0.364,0.382,0.4,0.2,0.614,,0.242,0.353,0.0,0.2,0.65,,0.0,0.0,0.0,0.0,0.0,,12.133,12.111,12.303,11.997,2.013,,,,,,,,,,,,,,,,,,
8478477,M. Stephens,SEA,C,0,0,28,2025-02-25,0.04,,,0.036,0.0,0.1,0.196,,,0.071,0.0,0.0,0.271,,,0.107,0.0,0.1,0.325,,,0.679,0.4,0.6,0.843,,,0.143,0.2,0.1,0.367,,,0.893,0.8,1.0,0.894,,,0.214,0.4,0.2,0.65,,,0.0,0.0,0.0,0.0,,,9.226,7.843,8.575,1.67,,,,,,,,,,,,,,,,,,
8478483,M. Marner,VGK,W,4,103,201,2026-10-06,1.0,0.25,0.33,0.318,0.2,0.4,0.898,0.25,0.728,0.806,0.2,0.6,0.763,0.5,1.058,1.124,0.4,1.0,1.233,2.5,2.155,2.095,2.6,2.8,2.095,0.5,0.563,0.577,0.4,0.5,0.64,0.5,0.447,0.637,1.0,1.3,0.909,0.0,0.291,0.229,0.0,0.0,0.65,0.0,0.068,0.065,0.0,0.0,0.271,20.546,20.348,20.86,21.03,22.127,2.626,,,,,,,,,,,,,,,,,,
8478492,I. Samsonov,VGK,G,0,0,70,2025-04-16,0.41,,,,,,,,,,,,,,,,,,,,,,,,,,,,,,,,,,,,,,,0.057,0.0,0.2,0.392,,,,,,,,,24.934,12.94,18.47,29.546,,,9.571,4.8,8.3,10.826,,,1.171,0.8,0.9,1.689,,,10.743,5.6,9.2,12.096
8478493,J. Eriksson Ek,MIN,C,3,76,131,2026-10-06,1.0,0.0,0.289,0.275,0.0,0.3,0.49,0.333,0.447,0.405,0.2,0.3,0.566,0.333,0.737,0.679,0.2,0.6,0.849,1.667,2.868,2.916,2.4,3.5,1.787,0.333,0.487,0.641,0.6,0.5,0.926,1.0,1.592,1.634,1.2,1.9,1.155,0.0,0.5,0.489,0.4,0.6,1.091,0.0,0.118,0.107,0.0,0.2,0.392,19.517,19.446,19.677,19.763,21.912,3.848,,,,,,,,,,,,,,,,,,
8478498,J. DeBrusk,VAN,W,2,81,165,2026-10-01,1.0,0.0,0.284,0.309,0.6,0.6,0.566,0.5,0.235,0.242,0.2,0.1,0.4,0.5,0.519,0.552,0.8,0.7,0.632,2.0,2.704,2.388,2.8,3.4,2.021,0.0,0.42,0.497,0.0,0.3,0.748,0.5,0.815,0.988,0.4,0.7,0.686,1.0,0.148,0.194,0.4,0.4,0.65,0.0,0.235,0.2,0.4,0.5,0.466,15.6,16.864,16.742,16.707,16.94,1.756,,,,,,,,,,,,,,,,,,
8478499,A. Hill,VGK,G,4,66,161,2026-10-06,0.25,,,,,,,,,,,,,,,,,,,,,,,,,,,,,,,,,,,,,0.0,0.03,0.037,0.0,0.0,0.0,,,,,,,15.0,22.694,32.14,12.0,6.0,11.758,4.5,7.742,12.174,3.6,1.8,3.527,0.5,1.152,1.441,0.4,0.2,0.392,5.0,8.894,13.615,4.0,2.0,3.919
8478500,I. Provorov,CBJ,D,0,82,164,2026-04-14,0.99,,0.11,0.098,0.0,0.1,0.325,,0.268,0.293,0.2,0.3,0.546,,0.378,0.39,0.2,0.4,0.697,,1.927,1.573,3.2,2.4,1.327,,1.634,1.591,0.8,1.3,1.602,,0.341,0.341,0.2,0.3,0.4,,0.39,0.384,0.4,0.6,0.65,,0.012,0.012,0.0,0.0,0.196,,24.814,24.084,25.01,24.35,2.274,,,,,,,,,,,,,,,,,,
8478502,D. Gilbert,OTT,D,0,11,40,2026-04-25,0.35,,0.0,0.0,0.0,0.0,0.0,,0.091,0.175,0.0,0.1,0.427,,0.091,0.175,0.0,0.1,0.427,,0.182,0.275,0.0,0.2,0.742,,1.273,1.25,0.4,1.3,1.169,,1.909,2.1,3.2,2.1,1.633,,0.727,1.45,1.2,0.8,1.327,,0.0,0.0,0.0,0.0,0.0,,11.92,10.874,12.583,11.728,3.685,,,,,,,,,,,,,,,,,,
8478507,J. Marino,UTA,D,4,86,125,2026-10-06,1.0,0.0,0.058,0.048,0.0,0.1,0.196,0.25,0.372,0.368,0.2,0.1,0.449,0.25,0.43,0.416,0.2,0.2,0.466,0.5,0.686,0.728,0.4,0.6,0.7,0.5,0.953,1.04,0.8,1.6,1.131,0.0,0.349,0.312,0.2,0.2,0.546,0.5,0.186,0.16,0.4,0.2,0.65,0.0,0.0,0.0,0.0,0.0,0.0,20.537,20.359,20.591,20.373,21.688,2.885,,,,,,,,,,,,,,,,,,
8478508,Y. Trenin,MIN,C,3,91,176,2026-10-06,1.0,0.0,0.066,0.074,0.0,0.0,0.0,0.0,0.209,0.165,0.0,0.2,0.4,0.0,0.275,0.239,0.0,0.2,0.4,1.333,1.121,1.102,1.0,0.7,1.163,0.333,0.484,0.466,0.2,0.4,0.64,4.0,5.099,4.267,4.8,4.7,2.546,0.0,0.484,0.557,0.4,0.6,1.327,0.0,0.0,0.0,0.0,0.0,0.0,13.617,13.065,12.716,13.157,12.4,2.475,,,,,,,,,,,,,,,,,,
8478519,A. Cirelli,TB,C,3,78,166,2026-10-05,1.0,0.0,0.295,0.307,0.0,0.0,0.733,0.0,0.397,0.38,0.0,0.2,0.65,0.0,0.692,0.687,0.0,0.2,1.061,1.667,1.667,1.807,1.0,1.0,1.36,1.333,0.692,0.831,1.0,1.1,0.816,1.0,0.846,0.651,1.4,1.9,1.383,0.667,0.641,0.59,0.4,0.4,1.2,0.0,0.038,0.036,0.0,0.0,0.0,18.05,17.543,18.066,19.033,19.312,2.548,,,,,,,,,,,,,,,,,,
8478542,E. Rodrigues,NJ,C,3,69,175,2026-10-06,1.0,0.0,0.159,0.16,0.0,0.0,0.271,0.0,0.29,0.286,0.2,0.3,0.614,0.0,0.449,0.446,0.2,0.3,0.693,0.667,2.319,2.034,0.8,1.4,2.084,0.0,0.377,0.343,0.2,0.1,0.531,1.667,0.913,1.371,1.0,0.6,0.816,0.0,0.551,0.491,0.0,0.2,0.898,0.0,0.014,0.034,0.0,0.0,0.0,16.428,16.993,16.056,13.973,15.482,3.82,,,,,,,,,,,,,,,,,,
8478550,A. Panarin,LA,W,3,82,165,2026-10-06,1.0,0.667,0.366,0.418,0.4,0.4,0.496,0.333,0.695,0.667,0.4,0.3,0.697,1.0,1.061,1.085,0.8,0.7,0.849,3.333,2.78,2.879,2.2,1.7,1.442,0.0,0.195,0.164,0.0,0.1,0.4,0.333,0.159,0.194,0.6,0.3,0.4,0.667,0.244,0.23,0.4,0.2,0.65,0.0,0.073,0.085,0.0,0.2,0.367,21.011,20.887,20.306,21.267,20.998,2.101,,,,,,,,,,,,,,,,,,
8478569,N. Acciari,PHI,C,4,73,156,2026-10-05,1.0,0.0,0.178,0.115,0.0,0.0,0.4,0.0,0.178,0.128,0.0,0.1,0.367,0.0,0.356,0.244,0.0,0.1,0.557,0.5,1.384,1.141,0.6,1.0,1.353,1.25,0.918,1.103,1.2,1.0,1.184,2.75,1.164,1.769,2.8,3.1,1.597,0.5,0.507,0.353,0.8,1.4,2.03,0.0,0.0,0.0,0.0,0.0,0.0,15.367,13.732,13.788,16.023,14.545,2.027,,,,,,,,,,,,,,,,,,
8478585,D. Ryan,EDM,C,0,0,36,2025-04-13,0.03,,,0.028,0.0,0.1,0.196,,,0.139,0.4,0.3,0.4,,,0.167,0.4,0.4,0.427,,,0.556,0.6,0.4,0.566,,,0.583,0.2,0.5,0.632,,,0.694,0.4,0.7,0.909,,,0.333,0.0,0.0,0.784,,,0.0,0.0,0.0,0.0,,,9.356,8.443,8.883,1.561,,,,,,,,,,,,,,,,,,
8478831,K. Stenlund,UTA,C,4,86,172,2026-10-06,1.0,0.0,0.058,0.11,0.0,0.1,0.196,0.25,0.163,0.169,0.2,0.1,0.49,0.25,0.221,0.279,0.2,0.2,0.512,0.75,0.86,1.041,1.0,1.1,1.055,1.5,0.767,0.791,1.6,1.1,0.977,0.5,0.535,0.57,0.4,0.5,0.755,0.0,0.302,0.384,0.0,0.2,0.543,0.0,0.0,0.0,0.0,0.0,0.0,13.996,14.501,14.418,14.137,14.475,1.566,,,,,,,,,,,,,,,,,,
8478840,W. Borgen,BOS,D,4,75,163,2026-10-05,1.0,0.0,0.067,0.061,0.0,0.0,0.196,0.25,0.133,0.129,0.2,0.1,0.427,0.25,0.2,0.19,0.2,0.1,0.449,0.25,0.92,0.926,0.2,0.2,0.742,1.0,1.32,1.35,1.6,1.2,1.243,2.75,1.48,1.497,2.4,1.6,1.204,0.0,0.547,0.509,0.0,0.2,1.3,0.0,0.0,0.0,0.0,0.0,0.0,18.254,18.042,17.552,17.86,17.372,1.427,,,,,,,,,,,,,,,,,,
8478841,C. White,NJ,D,0,23,23,2026-01-06,0.61,,0.0,0.0,0.0,0.0,0.0,,0.174,0.174,0.0,0.1,0.48,,0.174,0.174,0.0,0.1,0.48,,0.609,0.609,0.4,0.7,0.766,,0.696,0.696,0.6,0.7,0.856,,1.0,1.0,1.0,1.0,1.022,,0.087,0.087,0.0,0.2,0.408,,0.0,0.0,0.0,0.0,0.0,,12.256,12.256,12.223,12.082,1.416,,,,,,,,,,,,,,,,,,
8478848,A. Stezka,SEA,G,0,0,14,2025-02-23,0.07,,,,,,,,,,,,,,,,,,,,,,,,,,,,,,,,,,,,,,,0.0,0.0,0.0,0.0,,,,,,,,,4.167,11.667,5.833,15.023,,,1.429,4.0,2.0,5.151,,,0.214,0.6,0.3,0.773,,,1.643,4.6,2.3,5.923
8478851,A. Carrier,MTL,D,3,92,179,2026-10-06,0.67,0.333,0.087,0.073,0.2,0.1,0.271,0.333,0.228,0.251,0.2,0.4,0.449,0.667,0.315,0.324,0.4,0.5,0.557,1.333,0.685,0.877,1.0,0.7,0.697,1.0,2.25,2.201,2.0,2.5,1.769,0.333,0.609,0.777,0.4,0.7,0.894,0.667,0.652,0.57,0.4,1.6,2.658,0.0,0.0,0.0,0.0,0.0,0.0,16.206,19.689,20.056,18.24,20.223,3.877,,,,,,,,,,,,,,,,,,
8478854,R. Shea,EDM,D,3,86,128,2026-10-03,1.0,0.333,0.07,0.07,0.2,0.1,0.325,0.667,0.349,0.273,0.6,0.4,0.637,1.0,0.419,0.344,0.8,0.5,0.637,0.333,0.895,0.758,0.6,0.7,0.632,0.0,1.174,1.188,0.8,0.9,1.076,1.0,0.477,0.5,0.6,0.6,0.632,0.0,0.279,0.297,0.0,0.2,0.392,0.0,0.0,0.0,0.0,0.0,0.0,22.428,18.743,18.215,21.08,19.027,3.552,,,,,,,,,,,,,,,,,,
8478856,C. Garland,CBJ,W,2,71,154,2026-10-03,1.0,0.0,0.169,0.201,0.0,0.0,0.566,0.0,0.296,0.338,0.0,0.0,0.271,0.0,0.465,0.539,0.0,0.0,0.601,0.0,1.93,2.0,0.4,0.9,1.416,0.5,0.451,0.591,0.4,0.3,0.531,0.5,0.634,0.617,0.2,0.3,0.873,0.0,0.479,0.558,0.0,0.4,0.543,0.0,0.028,0.058,0.0,0.0,0.196,12.433,17.192,17.899,11.883,13.288,2.17,,,,,,,,,,,,,,,,,,
8478859,N. Mikkola,FLA,D,4,68,170,2026-10-06,1.0,0.0,0.044,0.071,0.0,0.1,0.271,0.0,0.118,0.159,0.0,0.0,0.196,0.0,0.162,0.229,0.0,0.1,0.325,2.0,1.0,1.235,2.0,1.6,1.017,1.5,1.191,1.171,1.4,1.6,1.02,0.5,1.706,1.788,1.0,1.9,2.037,0.5,0.691,0.918,0.8,0.4,1.061,0.0,0.0,0.0,0.0,0.0,0.0,20.671,20.356,20.272,19.94,20.048,2.617,,,,,,,,,,,,,,,,,,
8478864,K. Kaprizov,MIN,W,3,89,139,2026-10-06,1.0,1.0,0.551,0.59,0.6,0.6,0.804,0.0,0.618,0.647,0.2,0.6,0.753,1.0,1.169,1.237,0.8,1.2,1.07,3.0,3.303,3.381,2.0,2.4,1.607,0.0,0.427,0.468,0.8,0.9,0.742,0.333,0.764,0.655,0.4,1.3,1.148,0.0,0.337,0.36,0.0,0.2,0.543,0.333,0.213,0.194,0.2,0.1,0.463,21.556,22.369,22.413,22.343,22.047,3.827,,,,,,,,,,,,,,,,,,
8478872,K. Vejmelka,UTA,G,4,85,171,2026-10-06,0.75,,,,,,,,,,,,,,,,,,,,,,,,,,,,,,,,,,,,,0.0,0.024,0.012,0.0,0.0,0.0,,,,,,,44.608,48.175,44.688,47.557,58.052,22.963,15.75,19.047,17.813,16.8,22.4,10.365,1.5,2.235,1.994,2.0,2.7,1.675,17.25,21.271,19.801,18.8,25.1,11.332
8478873,T. Terry,ANA,W,0,73,150,2026-05-14,1.0,,0.301,0.287,0.0,0.1,0.614,,0.63,0.533,0.6,0.6,0.637,,0.932,0.82,0.6,0.7,0.907,,2.548,2.493,1.6,2.0,2.117,,0.26,0.32,0.4,0.3,0.4,,0.096,0.093,0.4,0.5,0.601,,0.192,0.227,0.0,0.0,0.392,,0.027,0.04,0.0,0.0,0.271,,18.279,18.572,17.977,18.017,1.627,,,,,,,,,,,,,,,,,,
8478874,A. Gaudette,SJ,W,0,66,153,2026-04-15,0.3,,0.258,0.242,0.0,0.2,0.427,,0.121,0.111,0.0,0.0,0.196,,0.379,0.353,0.0,0.2,0.449,,1.455,1.242,1.0,1.2,1.091,,0.5,0.431,0.2,0.7,0.843,,0.803,0.85,0.8,0.7,0.7,,0.303,0.235,0.4,0.4,0.65,,0.045,0.039,0.0,0.0,0.0,,11.474,10.831,10.09,10.003,1.49,,,,,,,,,,,,,,,,,,
8478882,V. Gavrikov,NYR,D,5,82,175,2026-10-06,1.0,0.2,0.171,0.114,0.2,0.1,0.325,0.6,0.256,0.291,0.6,0.5,0.697,0.8,0.427,0.406,0.8,0.6,0.852,1.4,1.451,1.389,1.4,1.7,1.191,2.6,1.268,1.526,2.6,1.7,1.305,1.0,0.61,0.623,1.0,0.8,0.676,0.0,0.61,0.457,0.0,0.2,1.353,0.0,0.037,0.017,0.0,0.0,0.0,21.547,23.725,23.27,21.547,22.253,2.153,,,,,,,,,,,,,,,,,,
8478888,C. Hughes,DAL,C,0,3,3,2026-04-11,0.0,,0.333,0.333,0.333,0.333,0.471,,0.0,0.0,0.0,0.0,0.0,,0.333,0.333,0.333,0.333,0.471,,0.667,0.667,0.667,0.667,0.471,,0.667,0.667,0.667,0.667,0.943,,1.0,1.0,1.0,1.0,0.0,,0.0,0.0,0.0,0.0,0.0,,0.0,0.0,0.0,0.0,0.0,,7.317,7.317,7.317,7.317,1.156,,,,,,,,,,,,,,,,,,
8478891,M. Appleton,DET,C,2,65,151,2026-10-04,0.0,0.0,0.092,0.106,0.2,0.1,0.196,0.0,0.123,0.179,0.0,0.0,0.392,0.0,0.215,0.285,0.2,0.1,0.431,0.5,0.969,1.238,0.6,0.9,0.863,0.0,0.446,0.43,0.2,0.1,0.637,3.0,1.369,1.318,3.2,2.7,1.52,0.0,0.677,0.53,0.4,1.2,1.091,0.0,0.0,0.0,0.0,0.0,0.0,9.842,13.524,14.204,12.77,12.112,2.35,,,,,,,,,,,,,,,,,,
8478904,S. Lorentz,TOR,C,0,71,164,2026-04-15,0.38,,0.099,0.091,0.2,0.2,0.325,,0.155,0.146,0.2,0.1,0.196,,0.254,0.238,0.4,0.3,0.367,,0.986,0.97,1.4,1.4,0.909,,0.676,0.695,0.6,0.8,0.826,,2.169,2.409,3.8,2.9,1.978,,0.225,0.177,0.8,0.4,0.543,,0.0,0.0,0.0,0.0,0.0,,11.866,11.245,14.363,13.115,1.855,,,,,,,,,,,,,,,,,,
8478905,I. Fedotov,PHI,G,0,0,64,2025-04-15,0.41,,,,,,,,,,,,,,,,,,,,,,,,,,,,,,,,,,,,,,,0.0,0.0,0.0,0.0,,,,,,,,,22.328,24.333,20.135,28.031,,,8.578,9.8,7.2,10.971,,,1.172,1.0,1.4,1.796,,,9.75,10.8,8.6,12.204
8478911,M. Roy,WSH,D,2,79,160,2026-10-03,1.0,0.0,0.025,0.031,0.0,0.0,0.196,0.0,0.215,0.25,0.0,0.2,0.431,0.0,0.241,0.281,0.0,0.2,0.463,0.0,1.19,1.156,0.4,0.6,0.796,2.5,1.848,1.837,2.4,2.2,1.229,2.5,1.481,1.644,1.4,1.3,1.204,0.0,0.152,0.244,0.0,0.0,0.392,0.0,0.0,0.0,0.0,0.0,0.0,18.425,20.61,20.471,19.277,19.183,2.077,,,,,,,,,,,,,,,,,,
8478916,J. Daccord,SEA,G,4,69,149,2026-10-06,0.75,,,,,,,,,,,,,,,,,,,,,,,,,,,,,,,,,,,,,0.0,0.058,0.027,0.0,0.0,0.0,,,,,,,39.846,39.032,41.261,44.877,36.852,26.805,18.0,17.0,18.081,20.8,16.3,12.119,1.75,1.971,1.973,2.0,2.2,2.0,19.75,18.942,20.034,22.8,18.5,13.366
8478967,L. Pederson,PHI,C,0,5,5,2026-01-28,0.0,,0.0,0.0,0.0,0.0,0.0,,0.0,0.0,0.0,0.0,0.0,,0.0,0.0,0.0,0.0,0.0,,0.0,0.0,0.0,0.0,0.0,,0.6,0.6,0.6,0.6,0.49,,3.2,3.2,3.2,3.2,2.04,,0.0,0.0,0.0,0.0,0.0,,0.0,0.0,0.0,0.0,0.0,,8.863,8.863,8.863,8.863,1.267,,,,,,,,,,,,,,,,,,
8478970,J. Chatfield,CAR,D,4,91,183,2026-10-06,1.0,0.0,0.033,0.06,0.0,0.0,0.196,0.25,0.242,0.186,0.2,0.4,0.614,0.25,0.275,0.246,0.2,0.4,0.625,1.25,1.429,1.404,1.0,1.2,1.134,1.25,1.066,0.967,1.8,2.0,1.296,0.75,0.582,0.705,0.8,1.2,1.058,0.5,0.33,0.503,0.4,0.4,1.061,0.0,0.0,0.0,0.0,0.0,0.0,20.404,20.641,19.863,21.047,22.122,3.746,,,,,,,,,,,,,,,,,,
8478971,C. Ingram,EDM,G,0,51,92,2026-04-30,0.64,,,,,,,,,,,,,,,,,,,,,,,,,,,,,,,,,,,,,,0.039,0.065,0.0,0.0,0.0,,,,,,,,40.655,35.69,47.033,51.708,23.962,,16.078,14.261,21.8,20.4,10.969,,1.882,1.761,3.2,2.4,1.774,,17.961,16.022,25.0,22.8,12.098
8478975,M. Marchment,SJ,W,3,68,151,2026-10-05,1.0,0.333,0.279,0.285,0.4,0.2,0.427,0.0,0.382,0.364,0.2,0.6,0.571,0.333,0.662,0.649,0.6,0.8,0.733,2.0,1.75,1.94,2.2,1.7,1.275,0.333,0.412,0.411,0.2,0.7,0.806,3.667,1.235,1.616,2.4,1.9,1.523,0.667,0.824,0.854,0.8,0.6,0.8,0.0,0.044,0.053,0.0,0.0,0.196,15.106,17.372,16.241,16.833,17.128,2.533,,,,,,,,,,,,,,,,,,
8479022,R. Abols,PHI,C,0,42,64,2026-01-17,0.23,,0.071,0.078,0.2,0.1,0.271,,0.167,0.156,0.2,0.3,0.531,,0.238,0.234,0.4,0.4,0.557,,1.024,1.062,0.8,1.1,0.849,,0.571,0.562,0.2,0.6,0.733,,1.167,1.156,1.4,0.9,1.058,,0.524,0.406,1.8,1.1,1.849,,0.0,0.0,0.0,0.0,0.0,,10.501,10.05,8.897,10.495,2.524,,,,,,,,,,,,,,,,,,
8479026,P. Myers,TOR,D,0,39,75,2026-04-09,0.88,,0.0,0.027,0.0,0.0,0.0,,0.051,0.067,0.0,0.0,0.196,,0.051,0.093,0.0,0.0,0.196,,1.077,1.173,1.0,1.0,1.306,,1.308,1.24,1.2,1.7,1.242,,1.41,1.747,1.2,1.4,1.3,,0.564,0.493,0.8,0.6,0.933,,0.0,0.0,0.0,0.0,0.0,,14.543,15.353,17.257,16.537,2.962,,,,,,,,,,,,,,,,,,
8479066,R. Lomberg,CBJ,W,2,57,139,2026-10-03,0.0,0.0,0.07,0.05,0.0,0.1,0.196,0.0,0.088,0.108,0.0,0.1,0.367,0.0,0.158,0.158,0.0,0.2,0.4,1.0,0.93,0.871,1.2,0.8,0.98,0.0,0.298,0.259,0.0,0.2,0.427,2.5,2.263,1.827,2.4,2.1,1.484,0.0,1.035,0.835,0.0,0.2,1.134,0.0,0.0,0.0,0.0,0.0,0.0,9.225,9.044,8.823,9.057,9.555,1.639,,,,,,,,,,,,,,,,,,
8479193,C. DeSmith,DAL,G,3,87,189,2026-10-05,0.33,,,,,,,,,,,,,,,,,,,,,,,,,,,,,,,,,,,,,0.0,0.023,0.021,0.0,0.0,0.0,,,,,,,19.467,20.172,17.926,11.68,5.84,25.608,8.0,7.92,7.614,4.8,2.4,10.323,0.667,0.816,0.751,0.4,0.2,1.477,8.667,8.736,8.365,5.2,2.6,11.526
8479249,A. Poturalski,SJ,C,0,0,3,2025-02-08,1.0,,,0.0,0.0,0.0,0.0,,,0.333,0.333,0.333,0.471,,,0.333,0.333,0.333,0.471,,,1.667,1.667,1.667,0.471,,,1.333,1.333,1.333,0.471,,,0.0,0.0,0.0,0.0,,,0.667,0.667,0.667,0.943,,,0.0,0.0,0.0,0.0,,,14.456,14.456,14.456,1.627,,,,,,,,,,,,,,,,,,
8479291,K. Rooney,UTA,C,0,1,71,2025-11-28,0.07,,1.0,0.085,0.2,0.2,0.271,,0.0,0.07,0.0,0.1,0.367,,1.0,0.155,0.2,0.3,0.427,,1.0,0.775,0.4,0.7,0.862,,0.0,0.549,0.2,0.5,0.755,,0.0,1.535,1.6,1.5,1.382,,0.0,0.197,0.0,0.0,0.0,,0.0,0.0,0.0,0.0,0.0,,9.733,9.421,9.783,9.793,1.617,,,,,,,,,,,,,,,,,,
8479292,C. Lindgren,WSH,G,2,71,161,2026-10-03,0.5,,,,,,,,,,,,,,,,,,,,,,,,,,,,,,,,,,,,,0.0,0.113,0.05,0.0,0.0,0.543,,,,,,,28.8,17.55,22.343,23.52,11.76,25.81,13.5,7.451,8.963,10.4,5.2,11.157,1.0,1.028,1.118,2.0,1.0,2.068,14.5,8.479,10.068,12.4,6.2,12.901
8479293,B. Tanev,UTA,W,0,62,154,2026-05-01,0.4,,0.0,0.065,0.0,0.0,0.0,,0.048,0.097,0.0,0.0,0.196,,0.048,0.162,0.0,0.0,0.196,,0.758,1.006,1.0,1.1,0.907,,0.581,1.032,0.2,0.3,0.755,,2.903,2.545,4.6,3.8,1.685,,0.871,0.571,0.4,0.4,3.507,,0.0,0.0,0.0,0.0,0.0,,9.29,11.449,8.77,9.052,1.596,,,,,,,,,,,,,,,,,,
8479312,A. Lyon,BUF,G,0,66,124,2026-05-18,0.58,,,,,,,,,,,,,,,,,,,,,,,,,,,,,,,,,,,,,,0.061,0.048,0.0,0.0,0.392,,,,,,,,37.204,32.38,16.507,38.935,27.88,,16.318,13.782,6.8,15.8,11.602,,1.697,1.492,1.8,1.9,1.68,,18.0,15.266,8.6,17.7,12.509
8479314,M. Tkachuk,FLA,W,4,31,110,2026-10-06,1.0,0.5,0.419,0.409,0.4,0.3,0.755,0.25,0.677,0.655,0.6,0.7,0.926,0.75,1.097,1.064,1.0,1.0,1.084,1.75,2.839,2.655,1.4,2.0,1.292,0.25,0.226,0.3,0.2,0.3,0.512,2.25,0.935,1.527,1.8,1.5,1.076,0.0,1.548,1.227,0.4,1.1,1.849,0.0,0.129,0.182,0.0,0.0,0.271,21.671,18.303,18.202,20.0,19.138,2.615,,,,,,,,,,,,,,,,,,
8479315,J. Anderson,CHI,W,0,0,18,2024-12-23,0.67,,,0.0,0.0,0.0,0.0,,,0.056,0.0,0.0,0.229,,,0.056,0.0,0.0,0.229,,,0.944,0.6,1.1,1.129,,,0.722,0.8,0.6,0.65,,,0.667,0.6,0.5,0.882,,,0.0,0.0,0.0,0.0,,,0.0,0.0,0.0,0.0,,,12.394,7.527,11.182,3.939,,,,,,,,,,,,,,,,,,
8479316,L. Kunin,FLA,C,0,62,137,2026-04-15,0.56,,0.065,0.109,0.4,0.2,0.392,,0.097,0.095,0.6,0.3,0.4,,0.161,0.204,1.0,0.5,0.665,,0.79,1.175,1.2,0.7,1.143,,0.758,0.905,0.8,1.0,0.676,,1.984,2.263,3.0,2.6,1.211,,0.758,0.745,0.4,1.2,2.323,,0.0,0.0,0.0,0.0,0.0,,9.68,12.423,14.283,12.703,2.752,,,,,,,,,,,,,,,,,,
8479318,A. Matthews,TOR,C,4,60,144,2026-10-06,1.0,0.5,0.45,0.451,0.6,0.3,0.449,0.75,0.433,0.569,0.6,0.4,0.753,1.25,0.883,1.021,1.2,0.7,1.007,3.5,3.783,3.812,3.2,4.2,2.156,0.75,1.35,1.319,0.6,1.0,0.894,0.5,0.7,0.847,0.6,1.2,0.88,0.0,0.3,0.278,0.0,0.0,0.392,0.0,0.083,0.111,0.2,0.1,0.196,22.404,20.804,20.68,20.583,21.648,2.772,,,,,,,,,,,,,,,,,,
8479323,A. Fox,NYR,D,5,55,134,2026-10-06,1.0,0.0,0.164,0.142,0.0,0.2,0.4,1.0,0.8,0.746,1.0,0.9,0.72,1.0,0.964,0.888,1.0,1.1,0.784,0.6,1.655,1.709,0.6,1.2,1.007,0.8,1.345,1.388,0.8,0.6,1.129,0.4,0.436,0.493,0.4,0.3,0.625,0.4,0.364,0.403,0.4,0.4,0.8,0.0,0.091,0.045,0.0,0.2,0.325,21.143,23.629,23.326,21.143,22.385,2.159,,,,,,,,,,,,,,,,,,
8479324,R. Lindgren,SEA,D,4,76,159,2026-10-06,0.75,0.0,0.026,0.038,0.0,0.0,0.0,0.0,0.092,0.176,0.0,0.0,0.0,0.0,0.118,0.214,0.0,0.0,0.0,0.75,0.632,0.767,0.6,0.5,0.697,1.0,1.553,1.648,1.0,1.1,1.177,0.25,0.618,0.887,0.4,0.6,0.632,1.75,0.789,0.723,1.4,0.9,1.17,0.0,0.0,0.0,0.0,0.0,0.0,12.746,18.339,18.829,13.59,15.77,4.509,,,,,,,,,,,,,,,,,,
8479325,C. McAvoy,BOS,D,0,75,125,2026-05-01,1.0,,0.147,0.144,0.0,0.0,0.49,,0.693,0.544,0.4,0.5,0.637,,0.84,0.688,0.4,0.5,0.709,,1.653,1.776,2.2,1.5,1.129,,1.893,1.784,2.6,2.1,1.843,,1.267,1.472,3.0,1.8,1.7,,1.08,1.016,3.8,2.5,3.035,,0.027,0.032,0.0,0.0,0.196,,24.488,24.161,25.883,24.967,2.362,,,,,,,,,,,,,,,,,,
8479328,J. Gauthier,NYI,W,0,0,1,2024-10-19,0.0,,,0.0,0.0,0.0,,,,0.0,0.0,0.0,,,,0.0,0.0,0.0,,,,0.0,0.0,0.0,,,,0.0,0.0,0.0,,,,2.0,2.0,2.0,,,,0.0,0.0,0.0,,,,0.0,0.0,0.0,,,,7.7,7.7,7.7,,,,,,,,,,,,,,,,,,,
8479335,R. Asplund,FLA,C,0,0,6,2025-04-15,0.0,,,0.0,0.0,0.0,0.0,,,0.0,0.0,0.0,0.0,,,0.0,0.0,0.0,0.0,,,0.333,0.4,0.333,0.471,,,0.333,0.4,0.333,0.471,,,0.5,0.4,0.5,0.5,,,0.333,0.4,0.333,0.745,,,0.0,0.0,0.0,0.0,,,7.931,7.93,7.931,1.366,,,,,,,,,,,,,,,,,,
8479336,C. Grundstrom,PHI,W,4,50,110,2026-10-05,0.5,0.0,0.18,0.109,0.0,0.0,0.196,0.0,0.1,0.1,0.0,0.1,0.325,0.0,0.28,0.209,0.0,0.1,0.367,1.0,1.2,1.382,1.0,1.0,0.871,1.0,0.46,0.409,0.8,0.4,0.637,3.25,3.08,3.082,3.6,3.5,1.642,0.0,0.42,0.409,0.0,0.4,1.473,0.0,0.0,0.0,0.0,0.0,0.0,11.117,11.917,10.707,11.7,11.738,1.932,,,,,,,,,,,,,,,,,,
8479337,A. DeBrincat,DET,W,3,82,167,2026-10-06,1.0,0.667,0.5,0.491,0.6,0.4,0.64,0.667,0.537,0.461,0.6,0.5,0.776,1.333,1.037,0.952,1.2,0.9,0.95,2.667,3.5,3.228,3.0,2.6,1.856,1.0,0.476,0.479,0.8,0.5,0.686,1.333,0.463,0.449,0.8,0.8,1.023,1.333,0.232,0.311,1.2,0.6,1.3,0.333,0.183,0.174,0.2,0.2,0.4,20.578,18.5,18.229,19.643,19.475,1.797,,,,,,,,,,,,,,,,,,
8479339,P. Laine,MTL,W,0,5,59,2025-10-16,0.76,,0.0,0.339,0.0,0.0,0.427,,0.2,0.254,0.2,0.2,0.4,,0.2,0.593,0.2,0.2,0.637,,1.2,2.169,1.2,1.8,1.509,,0.0,0.492,0.0,0.1,0.4,,0.4,0.542,0.4,0.6,0.894,,0.4,0.305,0.4,0.4,0.733,,0.0,0.254,0.0,0.0,0.367,,12.607,14.075,12.607,12.487,2.12,,,,,,,,,,,,,,,,,,
8479341,C. Dineen,EDM,D,0,0,4,2025-04-16,1.0,,,0.0,0.0,0.0,0.0,,,0.0,0.0,0.0,0.0,,,0.0,0.0,0.0,0.0,,,2.0,2.0,2.0,2.0,,,1.5,1.5,1.5,1.5,,,0.25,0.25,0.25,0.433,,,0.0,0.0,0.0,0.0,,,0.0,0.0,0.0,0.0,,,17.188,17.188,17.188,3.609,,,,,,,,,,,,,,,,,,
8479343,C. Keller,UTA,W,4,88,173,2026-10-06,1.0,0.25,0.307,0.335,0.2,0.2,0.742,1.5,0.75,0.763,1.2,1.0,0.935,1.75,1.057,1.098,1.4,1.2,1.023,2.75,2.795,2.746,3.6,3.2,1.818,0.75,0.42,0.405,1.0,0.8,0.7,0.25,0.159,0.15,0.6,0.7,0.601,0.5,0.432,0.393,0.4,0.2,1.061,0.25,0.034,0.081,0.2,0.1,0.325,17.783,19.25,19.154,18.36,20.007,3.235,,,,,,,,,,,,,,,,,,
8479344,J. Puljujarvi,FLA,W,0,0,31,2025-04-15,0.45,,,0.129,0.2,0.1,0.325,,,0.194,0.0,0.1,0.271,,,0.323,0.2,0.2,0.4,,,1.613,2.4,1.6,1.549,,,0.29,0.4,0.3,0.466,,,2.581,7.0,5.0,2.648,,,0.806,3.0,1.7,2.965,,,0.0,0.0,0.0,0.0,,,11.783,12.727,12.137,2.097,,,,,,,,,,,,,,,,,,
8479345,J. Chychrun,WSH,D,2,80,166,2026-10-03,1.0,0.5,0.325,0.301,0.4,0.4,0.427,1.0,0.425,0.392,0.4,0.6,0.637,1.5,0.75,0.693,0.8,1.0,0.835,2.5,2.763,2.548,1.4,1.8,1.504,1.0,1.425,1.404,1.4,1.3,1.416,0.0,0.725,0.783,0.4,0.4,0.7,2.0,0.775,0.747,0.8,0.9,1.2,0.5,0.1,0.084,0.4,0.3,0.325,23.017,23.341,22.354,22.923,21.813,2.568,,,,,,,,,,,,,,,,,,
8479346,D. Dube,STL,C,2,0,2,2026-10-06,0.5,0.0,,0.0,0.0,0.0,,0.0,,0.0,0.0,0.0,,0.0,,0.0,0.0,0.0,,0.0,,0.0,0.0,0.0,,0.0,,0.0,0.0,0.0,,1.0,,1.0,1.0,1.0,,1.0,,1.0,1.0,1.0,,0.0,,0.0,0.0,0.0,,11.733,,11.733,11.733,11.733,,,,,,,,,,,,,,,,,,,
8479351,S. Steel,DAL,C,3,79,179,2026-10-05,0.67,0.0,0.152,0.106,0.0,0.0,0.49,0.333,0.266,0.263,0.2,0.1,0.512,0.333,0.418,0.369,0.2,0.1,0.804,2.0,1.114,1.095,1.4,1.2,1.131,0.0,0.392,0.385,0.2,0.2,0.466,1.0,1.114,1.022,1.0,1.4,0.968,0.0,0.329,0.419,0.0,0.2,0.65,0.0,0.013,0.006,0.0,0.0,0.0,14.067,16.108,14.984,13.873,15.795,2.378,,,,,,,,,,,,,,,,,,
8479353,B. Howden,VGK,C,4,80,175,2026-10-06,1.0,0.0,0.325,0.297,0.0,0.4,0.637,0.25,0.175,0.183,0.2,0.3,0.4,0.25,0.5,0.48,0.2,0.7,0.814,1.75,1.337,1.451,1.6,2.0,1.055,0.0,0.338,0.514,0.0,0.4,0.676,1.25,2.05,1.863,1.4,2.3,1.67,0.5,0.588,0.566,0.4,0.4,0.65,0.0,0.0,0.006,0.0,0.0,0.0,16.337,15.364,15.061,16.043,16.237,2.13,,,,,,,,,,,,,,,,,,
8479356,K. Bellows,NSH,W,0,0,19,2025-04-06,0.26,,,0.105,0.0,0.1,0.307,,,0.105,0.0,0.2,0.307,,,0.211,0.0,0.3,0.408,,,1.474,2.0,1.6,1.186,,,0.316,0.4,0.4,0.567,,,1.842,1.8,2.0,1.531,,,0.316,0.0,0.2,0.729,,,0.0,0.0,0.0,0.0,,,10.675,10.797,10.373,1.703,,,,,,,,,,,,,,,,,,
8479359,B. Malenstyn,BUF,W,3,94,173,2026-10-06,0.0,0.0,0.085,0.069,0.0,0.0,0.271,0.0,0.096,0.087,0.2,0.1,0.271,0.0,0.181,0.156,0.2,0.1,0.367,0.333,0.851,0.855,0.6,0.5,0.733,0.333,0.904,0.861,0.2,0.5,0.968,4.0,3.447,3.046,3.4,3.2,1.7,0.0,0.489,0.434,0.0,0.4,0.98,0.0,0.0,0.0,0.0,0.0,0.0,8.389,11.141,10.825,8.847,9.448,1.804,,,,,,,,,,,,,,,,,,
8479361,J. Woll,PHI,G,4,60,152,2026-10-05,0.5,,,,,,,,,,,,,,,,,,,,,,,,,,,,,,,,,,,,,0.0,0.033,0.013,0.0,0.0,0.0,,,,,,,31.404,37.168,34.115,25.123,30.29,29.87,19.5,18.283,16.171,15.6,14.4,16.538,1.5,2.067,1.737,1.2,2.0,2.123,21.0,20.333,17.901,16.8,16.4,18.32
8479362,R. Tufte,BOS,W,0,4,10,2025-11-28,0.2,,0.25,0.1,0.2,0.1,0.3,,0.0,0.0,0.0,0.0,0.0,,0.25,0.1,0.2,0.1,0.3,,1.0,0.5,1.0,0.5,0.922,,0.25,0.2,0.2,0.2,0.4,,1.75,1.5,1.8,1.5,1.36,,0.0,0.4,0.0,0.4,1.2,,0.25,0.1,0.2,0.1,0.3,,11.671,10.185,12.29,10.185,2.849,,,,,,,,,,,,,,,,,,
8479365,T. Frederic,EDM,C,3,78,161,2026-10-03,0.0,0.333,0.051,0.087,0.2,0.1,0.325,0.0,0.038,0.081,0.0,0.0,0.271,0.333,0.09,0.168,0.2,0.1,0.4,1.0,1.038,1.143,1.4,1.3,0.96,0.333,0.295,0.422,0.2,0.3,0.566,4.0,2.628,2.851,3.6,3.2,1.896,2.333,0.744,0.832,1.4,0.7,1.563,0.0,0.0,0.006,0.0,0.0,0.0,9.506,10.944,11.981,9.497,10.772,2.455,,,,,,,,,,,,,,,,,,
8479368,M. Jones,EDM,W,3,21,50,2026-10-03,0.33,0.0,0.143,0.08,0.0,0.1,0.367,0.0,0.095,0.06,0.0,0.1,0.271,0.0,0.238,0.14,0.0,0.2,0.427,1.333,1.048,0.86,0.8,1.0,1.07,0.0,0.143,0.22,0.0,0.0,0.325,3.0,2.667,2.72,2.6,2.3,1.783,2.0,0.429,0.66,1.2,0.8,1.327,0.0,0.0,0.0,0.0,0.0,0.0,11.228,8.346,9.057,9.233,9.462,2.361,,,,,,,,,,,,,,,,,,
8479369,A. Peeke,UTA,D,4,83,163,2026-10-06,1.0,0.25,0.06,0.043,0.2,0.1,0.271,0.25,0.12,0.166,0.2,0.2,0.325,0.5,0.181,0.209,0.4,0.3,0.4,1.25,1.06,1.061,1.2,1.1,1.256,2.0,1.771,1.724,2.2,2.0,1.233,1.0,1.349,1.356,0.8,1.1,1.17,0.5,0.434,0.325,0.4,1.6,2.392,0.0,0.0,0.0,0.0,0.0,0.0,15.8,19.412,18.948,16.653,18.175,2.193,,,,,,,,,,,,,,,,,,
8479370,T. Jost,NSH,C,0,69,108,2026-04-16,0.48,,0.116,0.111,0.0,0.1,0.49,,0.116,0.12,0.2,0.3,0.431,,0.232,0.231,0.2,0.4,0.733,,1.377,1.287,2.0,2.2,1.557,,0.449,0.444,0.6,0.8,0.826,,0.971,1.046,0.6,0.8,0.601,,0.435,0.583,1.6,0.8,1.203,,0.0,0.0,0.0,0.0,0.0,,12.414,11.677,14.987,15.487,2.299,,,,,,,,,,,,,,,,,,
8479371,D. Fabbro,CBJ,D,0,74,142,2026-04-14,0.95,,0.068,0.099,0.0,0.0,0.196,,0.081,0.162,0.2,0.1,0.271,,0.149,0.261,0.2,0.1,0.325,,0.919,1.106,0.8,0.7,0.546,,1.622,1.852,1.4,1.6,1.063,,0.878,0.93,0.2,0.5,0.977,,0.446,0.514,0.4,0.6,1.516,,0.0,0.0,0.0,0.0,0.0,,16.566,18.639,18.693,19.037,2.744,,,,,,,,,,,,,,,,,,
8479372,J. Mahura,SEA,D,1,23,88,2026-10-01,1.0,0.0,0.043,0.011,0.0,0.0,0.196,0.0,0.087,0.125,0.2,0.1,0.271,0.0,0.13,0.136,0.2,0.1,0.325,0.0,0.652,0.83,0.6,0.6,0.8,4.0,1.565,1.068,2.0,1.9,1.054,1.0,1.13,1.318,1.0,1.1,0.977,2.0,0.696,0.432,0.4,0.2,2.03,0.0,0.0,0.0,0.0,0.0,0.0,14.467,15.662,14.262,16.83,16.477,2.043,,,,,,,,,,,,,,,,,,
8479378,L. Stanley,NYI,D,3,84,155,2026-10-06,1.0,0.0,0.107,0.065,0.0,0.0,0.0,0.667,0.202,0.206,0.4,0.2,0.665,0.667,0.31,0.271,0.4,0.2,0.665,0.667,1.214,0.994,0.6,0.8,1.107,1.667,1.119,1.168,1.4,1.5,0.909,3.0,1.429,1.465,2.2,1.8,1.141,0.667,1.75,1.735,3.2,2.1,2.883,0.0,0.0,0.0,0.0,0.0,0.0,17.872,16.351,15.917,15.183,14.625,2.531,,,,,,,,,,,,,,,,,,
8479379,G. Smith,COL,W,0,0,13,2024-12-27,0.0,,,0.0,0.0,0.0,0.0,,,0.0,0.0,0.0,0.0,,,0.0,0.0,0.0,0.0,,,0.385,0.4,0.3,0.625,,,0.385,0.2,0.3,0.487,,,1.538,1.4,1.3,1.447,,,1.385,0.8,1.3,1.778,,,0.0,0.0,0.0,0.0,,,6.326,5.937,6.51,1.384,,,,,,,,,,,,,,,,,,
8479383,B. Katchouk,TB,W,0,3,3,2025-11-16,0.67,,0.0,0.0,0.0,0.0,0.0,,0.0,0.0,0.0,0.0,0.0,,0.0,0.0,0.0,0.0,0.0,,0.0,0.0,0.0,0.0,0.0,,0.667,0.667,0.667,0.667,0.943,,1.667,1.667,1.667,1.667,0.943,,0.0,0.0,0.0,0.0,0.0,,0.0,0.0,0.0,0.0,0.0,,12.189,12.189,12.189,12.189,1.152,,,,,,,,,,,,,,,,,,
8479385,J. Kyrou,WSH,W,2,72,163,2026-10-03,1.0,0.0,0.25,0.35,0.0,0.1,0.367,0.0,0.389,0.38,0.6,0.5,0.557,0.0,0.639,0.73,0.6,0.6,0.574,1.5,2.403,2.656,1.8,2.0,1.428,0.5,0.389,0.405,0.6,0.7,0.496,0.0,0.194,0.429,0.0,0.2,0.325,0.0,0.111,0.172,0.0,0.2,0.543,0.0,0.056,0.08,0.0,0.1,0.271,13.508,15.731,16.663,14.07,14.263,1.643,,,,,,,,,,,,,,,,,,
8479387,K. Middleton,COL,D,0,3,44,2026-01-31,0.41,,0.0,0.0,0.0,0.0,0.0,,0.333,0.068,0.2,0.1,0.325,,0.333,0.068,0.2,0.1,0.325,,0.0,1.0,0.8,0.8,0.935,,0.333,0.864,0.8,1.0,0.916,,2.0,1.705,1.4,1.5,1.336,,1.333,0.727,0.8,0.6,1.383,,0.0,0.0,0.0,0.0,0.0,,10.756,11.437,12.42,12.035,2.5,,,,,,,,,,,,,,,,,,
8479388,R. Stillman,EDM,D,0,4,9,2026-01-08,0.22,,0.0,0.0,0.0,0.0,0.0,,0.0,0.0,0.0,0.0,0.0,,0.0,0.0,0.0,0.0,0.0,,0.25,0.222,0.2,0.222,0.416,,1.0,0.556,1.0,0.556,0.685,,1.75,1.667,1.4,1.667,1.155,,0.0,0.778,0.4,0.778,1.618,,0.0,0.0,0.0,0.0,0.0,,12.033,9.337,12.597,9.337,4.769,,,,,,,,,,,,,,,,,,
8479390,T. Raddysh,NYR,W,0,68,155,2026-04-15,0.5,,0.132,0.103,0.0,0.0,0.271,,0.147,0.2,0.2,0.3,0.427,,0.279,0.303,0.2,0.3,0.466,,0.779,0.981,1.0,0.8,0.748,,0.588,0.452,0.2,0.9,0.826,,0.721,0.781,0.6,0.3,0.637,,0.176,0.219,0.8,0.4,0.65,,0.0,0.0,0.0,0.0,0.0,,11.843,12.08,11.307,11.463,2.59,,,,,,,,,,,,,,,,,,
8479393,N. Gregor,FLA,W,0,37,89,2026-04-15,0.34,,0.108,0.09,0.0,0.2,0.367,,0.135,0.09,0.4,0.2,0.367,,0.243,0.18,0.4,0.4,0.546,,1.108,1.135,1.4,1.3,1.032,,0.297,0.494,0.4,0.4,0.48,,1.0,1.472,0.6,0.9,0.894,,0.703,0.607,0.0,1.5,3.066,,0.0,0.0,0.0,0.0,0.0,,9.56,10.463,13.52,12.298,3.014,,,,,,,,,,,,,,,,,,
8479394,C. Hart,VGK,G,4,45,49,2026-10-06,0.75,,,,,,,,,,,,,,,,,,,,,,,,,,,,,,,,,,,,,0.0,0.089,0.082,0.0,0.0,0.392,,,,,,,44.404,53.336,52.606,47.13,55.968,14.568,16.25,21.222,20.816,17.0,20.4,8.1,2.0,2.333,2.306,2.0,3.0,1.296,18.25,23.533,23.102,19.0,23.4,8.197
8479395,D. Cholowski,NJ,D,0,17,58,2026-04-11,0.74,,0.0,0.052,0.0,0.0,0.0,,0.118,0.155,0.2,0.1,0.271,,0.118,0.207,0.2,0.1,0.271,,0.706,0.759,0.8,0.7,0.776,,1.0,0.897,1.2,0.7,1.07,,0.176,0.138,0.2,0.3,0.325,,0.118,0.207,0.4,0.2,0.392,,0.0,0.0,0.0,0.0,0.0,,14.672,13.399,14.773,14.932,2.12,,,,,,,,,,,,,,,,,,
8479398,S. Girard,PIT,D,3,66,149,2026-10-05,1.0,0.333,0.045,0.054,0.2,0.1,0.196,0.667,0.242,0.275,0.4,0.2,0.625,1.0,0.288,0.329,0.6,0.3,0.632,2.0,0.697,1.034,1.4,1.1,0.835,1.0,0.939,1.235,0.8,0.9,1.294,1.0,0.409,0.678,0.8,0.9,0.804,0.0,0.409,0.275,0.4,0.4,0.854,0.0,0.0,0.0,0.0,0.0,0.0,19.806,18.258,19.529,21.373,19.543,2.197,,,,,,,,,,,,,,,,,,
8479400,P. Dubois,WSH,C,2,29,123,2026-10-03,1.0,0.0,0.172,0.203,0.0,0.1,0.49,1.0,0.483,0.528,0.8,1.1,0.933,1.0,0.655,0.732,0.8,1.2,1.084,1.0,1.448,1.618,1.0,1.2,1.442,0.5,0.448,0.675,0.4,0.2,0.571,1.5,0.793,0.919,0.8,0.8,0.849,2.0,0.655,0.902,0.8,0.4,3.016,0.0,0.103,0.057,0.0,0.1,0.325,15.35,16.822,17.135,13.623,15.243,3.16,,,,,,,,,,,,,,,,,,
8479402,J. Bean,CGY,D,0,16,80,2025-12-06,0.95,,0.062,0.037,0.2,0.1,0.196,,0.062,0.075,0.0,0.1,0.196,,0.125,0.113,0.2,0.2,0.271,,1.0,1.087,0.6,1.0,0.958,,1.812,0.9,2.0,1.5,1.318,,0.188,0.312,0.0,0.0,0.48,,1.0,0.3,2.4,1.4,2.381,,0.0,0.0,0.0,0.0,0.0,,15.954,15.262,14.92,15.482,2.671,,,,,,,,,,,,,,,,,,
8479406,F. Gustavsson,MIN,G,0,93,175,2026-05-13,0.66,,,,,,,,,,,,,,,,,,,,,,,,,,,,,,,,,,,,,,0.0,0.0,0.0,0.0,0.0,,,,,,,,32.527,38.874,11.427,5.713,28.439,,13.581,17.023,3.6,1.8,10.866,,1.473,1.709,0.8,0.4,1.933,,15.043,18.726,4.4,2.2,12.43
8479407,J. Bratt,NJ,W,3,82,171,2026-10-06,1.0,0.0,0.268,0.257,0.0,0.2,0.557,0.667,0.598,0.702,0.4,0.5,0.924,0.667,0.866,0.959,0.4,0.7,1.233,3.333,2.171,2.269,3.2,2.6,1.733,0.0,0.293,0.415,0.0,0.0,0.463,1.0,0.902,1.047,0.8,1.0,0.95,0.0,0.146,0.175,0.0,0.0,0.392,0.0,0.061,0.053,0.0,0.0,0.196,18.711,18.763,18.985,19.017,18.657,1.949,,,,,,,,,,,,,,,,,,
8479410,M. Sergachev,UTA,D,4,84,165,2026-10-06,1.0,0.25,0.119,0.158,0.2,0.1,0.196,1.25,0.643,0.588,1.2,1.0,1.076,1.5,0.762,0.745,1.4,1.1,1.093,3.0,1.976,1.879,2.8,1.9,1.47,1.5,1.667,1.733,1.6,2.1,1.372,0.75,0.512,0.648,1.0,0.8,0.854,1.5,0.571,0.521,1.2,1.0,1.114,0.25,0.06,0.055,0.2,0.1,0.196,20.971,24.519,24.712,21.27,24.838,3.844,,,,,,,,,,,,,,,,,,
8479414,N. Bastian,DAL,W,0,36,100,2026-03-28,0.26,,0.167,0.1,0.0,0.2,0.49,,0.028,0.07,0.2,0.1,0.196,,0.194,0.17,0.2,0.3,0.512,,0.694,0.75,0.4,0.5,0.975,,0.194,0.37,0.2,0.1,0.367,,2.361,2.38,2.2,2.4,1.446,,0.583,0.52,0.4,0.6,1.365,,0.0,0.01,0.0,0.0,0.0,,8.644,10.146,7.957,9.252,2.188,,,,,,,,,,,,,,,,,,
8479419,B. Murray,BUF,W,0,0,3,2025-03-23,0.0,,,0.0,0.0,0.0,0.0,,,0.0,0.0,0.0,0.0,,,0.0,0.0,0.0,0.0,,,0.0,0.0,0.0,0.0,,,0.0,0.0,0.0,0.0,,,1.0,1.0,1.0,0.0,,,0.0,0.0,0.0,0.0,,,0.0,0.0,0.0,0.0,,,7.911,7.911,7.911,2.431,,,,,,,,,,,,,,,,,,
8479420,T. Thompson,BUF,C,3,94,173,2026-10-06,1.0,0.667,0.479,0.526,0.6,0.5,0.637,0.667,0.543,0.468,1.0,0.7,0.748,1.333,1.021,0.994,1.6,1.2,1.113,5.667,3.383,3.335,5.6,3.7,2.069,0.667,0.596,0.514,0.4,0.4,0.938,1.0,1.117,1.029,1.2,1.3,1.378,0.667,0.606,0.543,0.4,0.6,2.828,0.0,0.074,0.081,0.0,0.1,0.271,19.944,19.344,19.096,20.0,19.752,2.045,,,,,,,,,,,,,,,,,,
8479421,J. Moverare,LA,D,0,15,66,2026-02-28,0.39,,0.0,0.015,0.0,0.0,0.0,,0.0,0.106,0.0,0.0,0.271,,0.0,0.121,0.0,0.0,0.271,,0.467,0.561,0.6,0.3,0.7,,0.8,1.121,1.4,0.7,1.113,,0.2,0.515,0.0,0.1,0.794,,0.0,0.152,0.0,0.0,0.0,,0.0,0.0,0.0,0.0,0.0,,8.78,10.876,8.24,8.687,4.443,,,,,,,,,,,,,,,,,,
8479423,A. Nylander,TOR,W,0,0,5,2024-12-07,0.0,,,0.0,0.0,0.0,0.0,,,0.0,0.0,0.0,0.0,,,0.0,0.0,0.0,0.0,,,0.8,0.8,0.8,0.98,,,0.0,0.0,0.0,0.0,,,0.0,0.0,0.0,0.0,,,0.8,0.8,0.8,0.98,,,0.0,0.0,0.0,0.0,,,9.887,9.887,9.887,0.822,,,,,,,,,,,,,,,,,,
8479425,F. Hronek,VAN,D,4,82,147,2026-10-04,1.0,0.0,0.098,0.088,0.0,0.0,0.271,1.25,0.5,0.503,1.0,0.8,0.733,1.25,0.598,0.592,1.0,0.8,0.763,1.25,1.671,1.531,1.2,2.3,1.541,4.25,1.22,1.306,3.6,2.0,1.72,1.25,1.622,1.544,1.2,1.5,1.33,0.0,0.402,0.497,0.0,0.9,1.833,0.0,0.049,0.027,0.0,0.0,0.196,25.863,25.006,24.568,26.237,26.675,1.867,,,,,,,,,,,,,,,,,,
8479442,T. Stecher,TOR,D,4,64,142,2026-10-06,1.0,0.0,0.047,0.042,0.0,0.0,0.0,0.0,0.172,0.106,0.0,0.1,0.325,0.0,0.219,0.148,0.0,0.1,0.325,0.75,1.0,0.908,1.0,0.6,0.862,0.75,1.234,1.092,0.6,0.9,1.457,0.5,0.469,0.514,0.4,0.6,0.566,0.0,0.312,0.345,0.0,0.0,0.392,0.0,0.0,0.0,0.0,0.0,0.0,17.667,19.187,16.394,17.963,19.048,2.122,,,,,,,,,,,,,,,,,,
8479465,D. Caggiula,EDM,W,0,0,7,2024-12-03,0.0,,,0.0,0.0,0.0,0.0,,,0.143,0.0,0.143,0.35,,,0.143,0.0,0.143,0.35,,,0.857,0.8,0.857,0.35,,,0.429,0.2,0.429,0.495,,,1.143,1.0,1.143,1.245,,,0.714,1.0,0.714,1.75,,,0.0,0.0,0.0,0.0,,,7.3,7.183,7.3,1.509,,,,,,,,,,,,,,,,,,
8479496,D. Rittich,NYI,G,0,82,170,2026-04-14,0.36,,,,,,,,,,,,,,,,,,,,,,,,,,,,,,,,,,,,,,0.0,0.012,0.0,0.0,0.0,,,,,,,,20.138,20.658,11.297,6.858,21.06,,7.854,7.812,3.8,2.1,9.222,,0.927,0.965,0.4,0.3,1.256,,8.78,8.771,4.2,2.4,10.338
8479520,B. Duhaime,TOR,W,4,82,178,2026-10-06,0.25,0.0,0.049,0.09,0.0,0.0,0.0,0.0,0.061,0.101,0.0,0.0,0.325,0.0,0.11,0.191,0.0,0.0,0.325,0.75,0.78,0.904,0.8,0.9,0.935,1.25,0.695,0.803,1.0,0.8,1.248,3.0,1.939,2.112,3.0,2.4,1.414,0.0,0.951,1.045,0.0,0.7,1.811,0.0,0.0,0.0,0.0,0.0,0.0,11.233,11.069,12.295,10.99,11.49,2.026,,,,,,,,,,,,,,,,,,
8479523,L. Carlsson,SJ,D,0,0,13,2025-04-16,1.0,,,0.077,0.0,0.0,0.266,,,0.231,0.2,0.1,0.421,,,0.308,0.2,0.1,0.606,,,1.154,0.8,1.1,0.533,,,1.077,1.6,1.3,1.206,,,0.308,0.2,0.3,0.462,,,1.077,0.4,0.8,1.492,,,0.0,0.0,0.0,0.0,,,19.363,20.327,19.675,2.027,,,,,,,,,,,,,,,,,,
8479525,R. Colton,NSH,C,3,84,149,2026-10-06,1.0,0.0,0.131,0.181,0.0,0.2,0.271,0.0,0.214,0.208,0.0,0.1,0.325,0.0,0.345,0.389,0.0,0.3,0.4,1.333,2.06,2.034,1.2,1.8,1.269,0.667,0.345,0.49,0.4,0.3,0.531,3.667,2.345,2.389,3.4,3.5,1.673,1.333,0.345,0.342,3.2,2.0,2.4,0.0,0.0,0.034,0.0,0.0,0.0,13.478,12.145,13.069,11.55,10.583,2.213,,,,,,,,,,,,,,,,,,
8479533,J. Koppanen,PIT,W,0,13,24,2026-04-14,0.58,,0.0,0.042,0.0,0.0,0.2,,0.077,0.042,0.0,0.1,0.2,,0.077,0.083,0.0,0.1,0.276,,0.538,0.708,0.4,0.6,0.735,,0.308,0.292,0.2,0.4,0.538,,0.846,2.125,0.8,0.8,1.965,,0.154,0.083,0.0,0.0,0.4,,0.0,0.0,0.0,0.0,0.0,,12.138,12.709,11.8,12.412,1.907,,,,,,,,,,,,,,,,,,
8479542,B. Hagel,TB,W,3,78,166,2026-10-05,1.0,0.333,0.538,0.47,0.2,0.7,0.637,0.667,0.513,0.584,0.6,0.4,0.804,1.0,1.051,1.054,0.8,1.1,1.032,5.667,3.0,2.904,4.6,3.7,1.69,0.333,0.538,0.633,0.6,0.5,0.571,0.333,0.692,0.717,1.0,1.3,0.852,0.667,0.91,0.819,0.4,1.5,2.506,0.0,0.09,0.042,0.0,0.2,0.367,21.989,20.218,20.464,23.387,23.998,2.913,,,,,,,,,,,,,,,,,,
8479543,M. Pezzetta,TOR,W,0,9,34,2026-04-15,0.0,,0.0,0.0,0.0,0.0,0.0,,0.0,0.0,0.0,0.0,0.0,,0.0,0.0,0.0,0.0,0.0,,0.222,0.471,0.2,0.2,0.637,,0.333,0.294,0.4,0.3,0.512,,3.333,3.029,4.0,3.3,2.02,,3.889,1.735,4.8,3.7,4.539,,0.0,0.0,0.0,0.0,0.0,,6.472,6.076,6.847,6.315,1.931,,,,,,,,,,,,,,,,,,
8479550,T. Laczynski,VGK,C,0,10,18,2026-02-25,0.22,,0.0,0.056,0.0,0.0,0.229,,0.5,0.278,0.6,0.5,0.731,,0.5,0.333,0.6,0.5,0.745,,1.2,0.778,0.2,1.2,1.272,,0.5,0.444,0.4,0.5,0.598,,0.2,0.278,0.2,0.2,0.558,,0.4,0.556,0.4,0.4,0.896,,0.0,0.0,0.0,0.0,0.0,,10.77,9.806,10.607,10.77,2.517,,,,,,,,,,,,,,,,,,
8479576,V. Desharnais,WSH,D,2,53,106,2026-10-03,1.0,0.0,0.019,0.009,0.0,0.0,0.0,0.0,0.113,0.085,0.0,0.0,0.325,0.0,0.132,0.094,0.0,0.0,0.325,0.5,0.642,0.594,0.2,0.6,0.693,1.5,1.566,1.594,1.0,1.2,1.17,3.5,1.943,1.858,3.4,2.5,1.429,2.5,1.283,1.113,1.4,1.1,2.178,0.0,0.0,0.0,0.0,0.0,0.0,18.333,18.177,17.094,20.013,20.373,2.017,,,,,,,,,,,,,,,,,,
8479591,M. Eyssimont,BOS,C,0,58,135,2026-05-01,0.3,,0.138,0.126,0.0,0.0,0.392,,0.172,0.126,0.0,0.0,0.271,,0.31,0.252,0.0,0.0,0.463,,1.914,1.874,1.6,1.7,1.169,,0.379,0.333,0.8,0.7,0.7,,1.034,1.259,1.6,1.8,1.203,,0.534,0.696,0.0,0.2,0.854,,0.017,0.007,0.0,0.0,0.0,,10.946,10.757,11.777,11.243,2.172,,,,,,,,,,,,,,,,,,
8479594,N. Clurman,PIT,D,0,0,1,2024-12-29,0.0,,,0.0,0.0,0.0,,,,0.0,0.0,0.0,,,,0.0,0.0,0.0,,,,4.0,4.0,4.0,,,,0.0,0.0,0.0,,,,1.0,1.0,1.0,,,,2.0,2.0,2.0,,,,0.0,0.0,0.0,,,,11.083,11.083,11.083,,,,,,,,,,,,,,,,,,,
8479619,M. Carcone,UTA,W,4,85,142,2026-10-06,0.75,0.25,0.212,0.183,0.2,0.3,0.427,0.25,0.176,0.197,0.2,0.1,0.463,0.5,0.388,0.38,0.4,0.4,0.632,2.5,1.847,1.704,2.2,2.0,0.967,0.0,0.212,0.204,0.2,0.2,0.271,2.75,2.0,1.613,3.4,3.4,1.641,0.0,0.282,0.423,0.0,0.2,0.543,0.0,0.035,0.021,0.0,0.0,0.271,12.317,12.809,12.282,13.257,13.275,1.941,,,,,,,,,,,,,,,,,,
8479638,J. Brazeau,PIT,W,0,65,147,2026-04-22,0.55,,0.262,0.19,0.0,0.1,0.325,,0.262,0.204,0.0,0.3,0.65,,0.523,0.395,0.0,0.4,0.794,,1.6,1.327,0.6,0.9,1.353,,0.692,0.578,1.0,1.0,0.909,,1.415,1.612,0.6,1.6,1.627,,0.215,0.218,0.4,0.2,0.543,,0.046,0.048,0.0,0.0,0.0,,12.589,12.025,13.05,11.938,2.19,,,,,,,,,,,,,,,,,,
8479639,D. Coghlan,VGK,D,0,16,22,2026-06-11,0.77,,0.062,0.045,0.0,0.1,0.208,,0.125,0.091,0.0,0.2,0.287,,0.188,0.136,0.0,0.3,0.343,,0.938,1.091,0.4,1.0,0.793,,1.125,1.136,1.2,1.2,0.967,,0.812,0.682,0.4,0.7,1.144,,0.375,0.455,0.4,0.2,0.838,,0.0,0.0,0.0,0.0,0.0,,14.391,14.653,12.877,13.3,3.289,,,,,,,,,,,,,,,,,,
8479644,M. Luff,STL,W,0,5,5,2025-12-18,0.2,,0.2,0.2,0.2,0.2,0.4,,0.0,0.0,0.0,0.0,0.0,,0.2,0.2,0.2,0.2,0.4,,1.0,1.0,1.0,1.0,0.894,,0.8,0.8,0.8,0.8,0.98,,1.6,1.6,1.6,1.6,1.02,,0.0,0.0,0.0,0.0,0.0,,0.0,0.0,0.0,0.0,0.0,,9.133,9.133,9.133,9.133,2.025,,,,,,,,,,,,,,,,,,
8479661,T. Jeannot,BOS,W,4,83,154,2026-10-05,0.25,0.25,0.084,0.097,0.2,0.2,0.271,0.0,0.193,0.143,0.0,0.0,0.196,0.25,0.277,0.24,0.2,0.2,0.325,0.5,1.048,0.942,0.6,1.1,1.084,0.25,0.747,0.649,0.2,0.5,0.794,4.0,3.108,3.149,3.6,3.5,1.602,3.0,0.867,1.123,2.4,1.8,2.263,0.0,0.0,0.0,0.0,0.0,0.0,10.604,12.554,11.834,10.643,11.088,2.288,,,,,,,,,,,,,,,,,,
8479671,M. Olivier,CBJ,W,2,61,145,2026-10-03,1.0,0.5,0.246,0.234,0.2,0.4,0.64,0.0,0.18,0.172,0.0,0.1,0.367,0.5,0.426,0.407,0.2,0.5,0.843,2.0,1.525,1.434,1.6,2.3,1.2,0.0,0.689,0.841,0.2,0.4,0.571,3.5,3.426,3.6,3.0,3.6,1.428,3.5,1.656,1.703,2.4,1.9,5.468,0.0,0.0,0.0,0.0,0.0,0.0,14.958,14.228,14.369,12.293,13.132,2.718,,,,,,,,,,,,,,,,,,
8479675,T. Moore,LA,W,3,73,153,2026-10-06,1.0,0.333,0.192,0.229,0.4,0.3,0.466,0.0,0.274,0.288,0.0,0.4,0.557,0.333,0.466,0.516,0.4,0.7,0.676,2.0,2.329,2.242,2.2,2.7,1.661,1.0,0.507,0.503,0.6,0.6,0.753,0.333,0.877,0.993,1.0,0.9,0.958,0.0,0.11,0.144,0.0,0.0,0.0,0.0,0.0,0.007,0.0,0.0,0.0,15.75,16.896,16.984,17.39,18.153,1.646,,,,,,,,,,,,,,,,,,
8479705,J. Viel,TB,W,3,57,65,2026-10-05,0.0,0.0,0.088,0.077,0.0,0.0,0.325,0.0,0.158,0.138,0.0,0.2,0.367,0.0,0.246,0.215,0.0,0.2,0.449,1.0,1.386,1.308,1.0,1.1,1.136,0.333,0.421,0.415,0.2,0.2,0.4,4.333,3.018,3.031,4.0,4.8,2.263,2.333,1.684,1.8,1.4,1.5,2.065,0.0,0.0,0.0,0.0,0.0,0.0,8.4,11.98,11.484,10.087,11.215,1.876,,,,,,,,,,,,,,,,,,
8479718,A. Barré-Boulet,COL,C,0,2,4,2026-04-16,0.25,,0.0,0.0,0.0,0.0,0.0,,0.5,0.25,0.25,0.25,0.433,,0.5,0.25,0.25,0.25,0.433,,0.0,0.0,0.0,0.0,0.0,,0.0,0.0,0.0,0.0,0.0,,1.5,1.5,1.5,1.5,0.5,,0.0,0.5,0.5,0.5,0.866,,0.0,0.0,0.0,0.0,0.0,,8.4,9.279,9.279,9.279,3.395,,,,,,,,,,,,,,,,,,
8479746,T. Felhaber,COL,W,0,0,5,2025-01-11,0.0,,,0.0,0.0,0.0,0.0,,,0.0,0.0,0.0,0.0,,,0.0,0.0,0.0,0.0,,,0.4,0.4,0.4,0.49,,,0.0,0.0,0.0,0.0,,,1.4,1.4,1.4,0.8,,,0.0,0.0,0.0,0.0,,,0.0,0.0,0.0,0.0,,,5.517,5.517,5.517,1.8,,,,,,,,,,,,,,,,,,
8479772,Z. MacEwen,TOR,W,1,3,25,2026-09-29,0.0,0.0,0.0,0.08,0.0,0.0,0.392,0.0,0.0,0.04,0.0,0.0,0.196,0.0,0.0,0.12,0.0,0.0,0.431,0.0,1.333,1.2,1.0,0.9,1.095,0.0,0.333,0.32,0.2,0.1,0.466,0.0,2.0,2.2,1.8,2.1,1.497,0.0,0.0,0.84,1.0,1.0,2.167,0.0,0.0,0.0,0.0,0.0,0.0,5.417,6.333,7.496,6.073,6.135,2.287,,,,,,,,,,,,,,,,,,
8479941,J. Danforth,BUF,W,1,4,66,2026-10-06,0.0,0.0,0.0,0.136,0.0,0.0,0.325,0.0,0.0,0.182,0.0,0.1,0.367,0.0,0.0,0.318,0.0,0.1,0.531,0.0,0.5,1.455,0.4,1.1,1.095,0.0,1.0,0.803,0.8,0.6,0.755,0.0,0.75,1.955,0.6,1.3,1.292,0.0,0.5,0.303,0.4,0.4,0.8,0.0,0.0,0.0,0.0,0.0,0.0,8.283,11.704,14.13,11.02,12.175,2.471,,,,,,,,,,,,,,,,,,
8479942,D. Shine,DET,W,0,18,27,2026-04-11,0.0,,0.167,0.111,0.0,0.2,0.325,,0.0,0.037,0.0,0.0,0.196,,0.167,0.148,0.0,0.2,0.367,,0.722,0.667,0.8,0.7,0.776,,0.333,0.333,0.0,0.1,0.546,,0.778,1.111,1.4,0.8,1.113,,0.389,0.815,0.0,0.5,2.321,,0.0,0.0,0.0,0.0,0.0,,6.935,7.505,6.923,6.312,1.854,,,,,,,,,,,,,,,,,,
8479944,Z. Aston-Reese,CBJ,W,0,27,106,2026-04-04,0.6,,0.037,0.066,0.2,0.1,0.196,,0.148,0.142,0.0,0.1,0.325,,0.185,0.208,0.2,0.2,0.367,,0.63,1.113,0.4,0.4,0.748,,0.63,0.708,0.8,0.8,0.557,,2.889,2.425,4.2,3.7,1.782,,0.444,0.368,0.8,0.6,0.8,,0.0,0.0,0.0,0.0,0.0,,9.733,12.499,9.243,9.29,1.929,,,,,,,,,,,,,,,,,,
8479968,V. Lettieri,BOS,C,0,0,26,2025-04-15,0.85,,,0.115,0.0,0.1,0.325,,,0.077,0.2,0.1,0.271,,,0.192,0.2,0.2,0.4,,,2.0,2.8,2.7,1.354,,,0.615,1.0,0.6,0.843,,,2.308,1.0,1.7,1.766,,,0.231,0.4,0.2,0.65,,,0.0,0.0,0.0,0.0,,,13.518,14.57,14.498,1.716,,,,,,,,,,,,,,,,,,
8479973,S. Skinner,WPG,G,3,87,186,2026-10-05,0.67,,,,,,,,,,,,,,,,,,,,,,,,,,,,,,,,,,,,,0.0,0.0,0.011,0.0,0.0,0.0,,,,,,,41.117,35.599,37.873,24.67,33.855,29.123,19.667,13.644,14.984,11.8,13.8,12.545,2.0,1.736,1.823,1.2,1.9,1.886,21.667,15.379,16.806,13.0,15.7,14.204
8479976,J. Välimäki,UTA,D,0,0,43,2025-01-26,0.93,,,0.047,0.0,0.0,0.271,,,0.07,0.2,0.1,0.271,,,0.116,0.2,0.1,0.367,,,0.93,1.0,0.7,1.038,,,1.14,1.4,1.2,0.917,,,0.535,0.6,0.9,0.794,,,0.326,0.4,0.4,0.8,,,0.0,0.0,0.0,0.0,,,16.553,15.89,15.702,2.074,,,,,,,,,,,,,,,,,,
8479977,K. Yamamoto,UTA,W,0,65,77,2026-05-01,0.48,,0.215,0.208,0.2,0.2,0.4,,0.215,0.195,0.8,0.4,0.585,,0.431,0.403,1.0,0.6,0.637,,0.985,1.0,0.6,1.4,1.177,,0.308,0.312,0.0,0.2,0.466,,1.062,1.013,3.8,2.7,1.98,,0.246,0.234,0.0,0.2,0.543,,0.0,0.013,0.0,0.0,0.0,,12.025,12.039,14.42,13.278,2.732,,,,,,,,,,,,,,,,,,
8479979,J. Oettinger,DAL,G,3,88,191,2026-10-05,0.67,,,,,,,,,,,,,,,,,,,,,,,,,,,,,,,,,,,,,0.0,0.0,0.01,0.0,0.0,0.0,,,,,,,39.428,40.88,42.655,46.25,58.65,28.216,11.0,15.83,17.513,14.6,21.3,11.597,0.667,1.784,1.853,1.6,2.4,1.608,11.667,17.614,19.366,16.2,23.7,12.452
8479980,N. Hague,NSH,D,3,62,144,2026-10-06,1.0,0.0,0.048,0.056,0.0,0.0,0.196,0.0,0.194,0.146,0.0,0.1,0.325,0.0,0.242,0.201,0.0,0.1,0.367,0.333,0.903,0.986,0.4,1.0,1.113,1.667,0.871,1.049,1.2,0.8,0.977,1.333,1.226,1.278,1.0,1.0,0.744,0.0,0.758,0.667,0.0,0.4,1.17,0.0,0.0,0.0,0.0,0.0,0.0,18.528,19.63,18.103,15.53,18.018,4.606,,,,,,,,,,,,,,,,,,
8479981,J. Gadjovich,FLA,W,0,10,68,2025-10-25,0.04,,0.0,0.088,0.0,0.0,0.196,,0.3,0.059,0.4,0.3,0.367,,0.3,0.147,0.4,0.3,0.4,,0.8,0.897,1.2,0.8,0.693,,0.3,0.515,0.2,0.3,0.697,,3.0,3.235,3.0,3.0,2.698,,0.7,1.471,1.4,0.7,3.763,,0.0,0.0,0.0,0.0,0.0,,7.943,8.178,7.613,7.943,1.857,,,,,,,,,,,,,,,,,,
8479982,C. Timmins,BUF,D,0,52,120,2026-05-18,0.97,,0.0,0.025,0.0,0.0,0.0,,0.192,0.183,0.2,0.2,0.367,,0.192,0.208,0.2,0.2,0.367,,1.096,1.05,0.8,0.7,1.51,,2.135,1.675,2.2,2.2,1.647,,0.731,0.775,0.6,0.6,0.676,,0.5,0.467,0.4,0.2,0.854,,0.0,0.0,0.0,0.0,0.0,,18.272,17.507,17.217,17.562,2.5,,,,,,,,,,,,,,,,,,
8479983,M. Ferraro,WPG,D,3,82,163,2026-10-05,1.0,0.333,0.085,0.08,0.4,0.2,0.367,0.0,0.195,0.172,0.2,0.1,0.427,0.333,0.28,0.252,0.6,0.3,0.566,1.667,1.146,1.092,1.8,1.6,0.924,1.333,1.829,1.712,1.6,1.7,0.96,1.667,1.671,1.791,1.8,1.9,1.267,0.0,0.427,0.54,0.0,0.2,0.543,0.0,0.0,0.0,0.0,0.0,0.0,18.378,21.028,21.158,19.05,21.148,2.018,,,,,,,,,,,,,,,,,,
8479985,C. Fleury,SEA,D,2,23,39,2026-10-06,1.0,0.0,0.043,0.026,0.0,0.0,0.196,0.5,0.087,0.103,0.2,0.2,0.325,0.5,0.13,0.128,0.2,0.2,0.367,1.5,0.957,1.051,0.6,0.6,1.02,2.0,1.478,1.692,2.0,2.0,1.17,1.0,2.174,2.103,1.8,2.3,1.765,0.0,0.304,0.179,0.4,0.2,1.04,0.0,0.0,0.0,0.0,0.0,0.0,14.917,16.296,14.994,14.267,13.36,3.926,,,,,,,,,,,,,,,,,,
8479987,M. Geekie,BOS,C,4,87,168,2026-10-05,1.0,0.0,0.471,0.44,0.0,0.2,0.665,0.25,0.356,0.333,0.2,0.3,0.742,0.25,0.828,0.774,0.2,0.5,0.975,1.25,2.218,2.071,1.8,1.7,1.131,0.25,0.425,0.399,0.4,0.4,0.7,2.75,1.437,1.464,3.4,2.6,1.627,0.0,0.322,0.298,0.4,0.6,0.98,0.0,0.138,0.095,0.0,0.0,0.0,18.725,17.459,17.242,18.77,18.395,1.744,,,,,,,,,,,,,,,,,,
8479992,M. Rasmussen,DET,C,3,64,144,2026-10-06,1.0,0.0,0.094,0.118,0.0,0.0,0.0,0.0,0.125,0.125,0.0,0.0,0.0,0.0,0.219,0.243,0.0,0.0,0.0,1.333,1.016,1.167,0.8,0.8,1.12,0.667,0.984,0.861,1.2,1.3,1.048,3.667,1.0,1.5,2.6,1.8,1.523,0.667,0.125,0.236,0.4,0.2,0.543,0.0,0.0,0.014,0.0,0.0,0.0,17.044,12.65,13.149,14.243,12.88,2.794,,,,,,,,,,,,,,,,,,
8479994,J. Anderson-Dolan,WPG,C,0,0,12,2025-04-30,0.0,,,0.083,0.2,0.1,0.276,,,0.167,0.2,0.2,0.373,,,0.25,0.4,0.3,0.433,,,0.917,0.6,0.9,1.256,,,0.667,0.4,0.7,0.943,,,3.5,3.8,3.5,2.062,,,0.5,0.4,0.6,0.866,,,0.0,0.0,0.0,0.0,,,9.268,8.333,9.192,1.621,,,,,,,,,,,,,,,,,,
8479996,C. Glass,NJ,C,3,70,143,2026-10-06,0.33,0.0,0.271,0.175,0.0,0.3,0.427,0.0,0.1,0.161,0.0,0.0,0.196,0.0,0.371,0.336,0.0,0.3,0.449,1.333,1.486,1.434,1.2,1.2,1.017,0.333,0.557,0.573,0.2,0.3,0.574,0.667,0.6,0.741,0.4,0.5,0.64,0.0,0.557,0.399,0.0,0.0,2.381,0.0,0.014,0.014,0.0,0.0,0.0,10.828,13.614,13.591,12.08,12.642,1.547,,,,,,,,,,,,,,,,,,
8479998,M. Anderson,LA,D,3,84,170,2026-10-06,1.0,0.0,0.048,0.059,0.0,0.0,0.196,0.333,0.19,0.212,0.2,0.1,0.546,0.333,0.238,0.271,0.2,0.1,0.625,1.0,0.75,0.906,0.8,0.6,0.763,2.667,1.726,1.671,2.4,2.6,1.489,1.0,1.512,1.594,1.8,2.3,1.633,0.667,0.286,0.329,0.4,0.4,1.024,0.0,0.0,0.0,0.0,0.0,0.0,17.283,20.596,21.656,18.05,19.995,2.225,,,,,,,,,,,,,,,,,,
8479999,C. Mittelstadt,BOS,C,4,77,162,2026-10-05,1.0,0.0,0.195,0.185,0.0,0.0,0.271,0.0,0.377,0.333,0.0,0.2,0.794,0.0,0.571,0.519,0.0,0.2,0.804,1.5,1.143,1.228,1.4,1.4,0.796,0.25,0.286,0.346,0.4,0.2,0.427,0.25,0.403,0.383,0.8,0.9,1.015,0.5,0.156,0.235,0.4,0.2,0.926,0.0,0.026,0.031,0.0,0.0,0.0,14.679,15.148,16.094,15.223,14.858,1.493,,,,,,,,,,,,,,,,,,
8480001,U. Vaakanainen,NYR,D,0,34,85,2026-04-11,0.91,,0.0,0.024,0.0,0.0,0.0,,0.176,0.235,0.2,0.2,0.4,,0.176,0.259,0.2,0.2,0.4,,0.676,0.765,0.4,0.7,0.693,,0.765,0.882,0.6,0.7,0.693,,0.324,0.353,0.2,0.2,0.466,,0.412,0.376,0.0,0.2,0.733,,0.0,0.0,0.0,0.0,0.0,,13.855,15.389,13.08,14.017,3.379,,,,,,,,,,,,,,,,,,
8480002,N. Hischier,NJ,C,3,82,165,2026-10-06,1.0,0.0,0.341,0.406,0.4,0.2,0.676,0.0,0.463,0.436,0.2,0.3,0.748,0.0,0.805,0.842,0.6,0.5,1.093,1.667,2.573,2.539,2.0,2.2,1.588,1.0,0.756,0.8,0.6,0.5,0.742,0.667,0.707,0.697,0.4,0.5,0.794,0.0,0.354,0.297,0.0,0.0,0.543,0.0,0.134,0.152,0.2,0.1,0.4,20.461,20.717,20.668,20.367,20.56,1.938,,,,,,,,,,,,,,,,,,
8480003,J. Boqvist,NJ,C,1,73,165,2026-10-06,0.0,1.0,0.055,0.115,0.4,0.2,0.271,0.0,0.123,0.139,0.0,0.1,0.4,1.0,0.178,0.255,0.4,0.3,0.449,2.0,0.877,0.97,1.6,1.5,0.958,0.0,0.452,0.388,0.4,0.4,0.49,1.0,1.932,2.267,1.2,1.2,1.286,0.0,0.219,0.182,0.0,0.0,0.392,0.0,0.0,0.0,0.0,0.0,0.0,9.817,11.829,12.307,14.453,14.455,3.019,,,,,,,,,,,,,,,,,,
8480007,J. Rondbjerg,VGK,W,0,4,17,2026-02-01,0.24,,0.0,0.0,0.0,0.0,0.0,,0.25,0.059,0.2,0.1,0.235,,0.25,0.059,0.2,0.1,0.235,,1.5,1.0,1.6,1.4,0.907,,0.0,0.235,0.0,0.2,0.424,,0.0,0.176,0.2,0.1,0.381,,0.0,0.0,0.0,0.0,0.0,,0.0,0.0,0.0,0.0,0.0,,12.079,10.203,12.257,11.077,2.417,,,,,,,,,,,,,,,,,,
8480009,E. Tolvanen,NYR,W,5,78,164,2026-10-06,0.8,0.6,0.154,0.232,0.6,0.3,0.367,0.0,0.308,0.22,0.0,0.0,0.367,0.6,0.462,0.451,0.6,0.3,0.466,1.2,1.808,1.732,1.2,1.6,1.209,1.6,1.038,0.939,1.6,0.9,1.442,2.0,2.397,2.646,2.0,1.9,1.547,0.4,0.385,0.335,0.4,0.4,0.898,0.0,0.064,0.043,0.0,0.0,0.0,13.573,16.042,15.116,13.573,13.838,2.042,,,,,,,,,,,,,,,,,,
8480011,K. Kostin,SJ,C,0,0,35,2025-03-29,0.34,,,0.029,0.0,0.0,0.196,,,0.171,0.0,0.3,0.427,,,0.2,0.0,0.3,0.531,,,0.8,1.0,0.9,1.211,,,0.486,0.8,0.6,0.889,,,3.171,3.6,2.9,1.676,,,0.771,0.4,0.2,1.641,,,0.0,0.0,0.0,0.0,,,10.677,11.753,10.303,2.856,,,,,,,,,,,,,,,,,,
8480012,E. Pettersson,VAN,C,4,74,142,2026-10-04,1.0,0.5,0.203,0.225,0.4,0.2,0.463,1.0,0.486,0.493,0.8,0.7,0.742,1.5,0.689,0.718,1.2,0.9,0.849,1.75,1.784,1.746,1.4,2.0,1.567,1.5,1.459,1.345,1.2,1.1,0.796,4.75,0.905,1.127,4.2,2.5,2.08,0.0,0.27,0.239,0.0,0.0,0.543,0.5,0.054,0.092,0.4,0.2,0.463,19.967,18.961,18.854,19.17,19.397,1.775,,,,,,,,,,,,,,,,,,
8480014,G. Vilardi,WPG,C,3,82,165,2026-10-05,1.0,0.0,0.366,0.352,0.0,0.2,0.449,0.667,0.476,0.473,0.8,0.7,0.574,0.667,0.841,0.824,0.8,0.9,0.814,2.0,1.829,1.861,1.4,1.7,1.442,0.333,0.427,0.57,0.2,0.1,0.804,0.0,0.244,0.315,0.2,0.2,0.427,0.667,0.293,0.267,0.4,0.4,0.733,0.0,0.159,0.158,0.0,0.2,0.4,16.15,18.74,18.486,16.713,16.963,2.099,,,,,,,,,,,,,,,,,,
8480015,O. Tippett,PHI,W,4,87,168,2026-10-05,1.0,0.25,0.333,0.298,0.2,0.2,0.676,0.0,0.276,0.28,0.0,0.1,0.512,0.25,0.609,0.577,0.2,0.3,0.898,2.25,2.632,2.536,2.4,1.8,1.92,1.0,0.621,0.72,0.8,0.8,0.843,3.75,2.241,1.935,4.2,4.4,2.361,1.0,0.368,0.31,0.8,0.4,0.8,0.0,0.034,0.018,0.0,0.0,0.196,15.504,16.87,16.435,16.763,16.538,2.036,,,,,,,,,,,,,,,,,,
8480018,N. Suzuki,MTL,C,3,101,191,2026-10-06,1.0,0.667,0.327,0.351,0.4,0.2,0.449,1.333,0.832,0.77,0.8,0.8,0.917,2.0,1.158,1.12,1.2,1.0,1.095,2.667,2.208,2.183,2.8,2.4,1.265,0.333,0.802,0.822,0.4,0.7,1.07,2.667,0.96,0.937,2.0,2.0,1.106,0.667,0.337,0.241,0.8,0.6,0.733,0.0,0.129,0.094,0.0,0.0,0.271,21.083,21.092,20.68,21.46,22.0,2.606,,,,,,,,,,,,,,,,,,
8480021,J. Studnicka,FLA,C,0,19,19,2026-03-28,0.05,,0.0,0.0,0.0,0.0,0.0,,0.0,0.0,0.0,0.0,0.0,,0.0,0.0,0.0,0.0,0.0,,0.842,0.842,0.4,0.5,0.933,,0.316,0.316,0.4,0.3,0.465,,1.0,1.0,0.4,0.6,1.298,,0.211,0.211,0.0,0.2,0.614,,0.0,0.0,0.0,0.0,0.0,,7.096,7.096,6.143,6.138,2.186,,,,,,,,,,,,,,,,,,
8480022,M. DiPietro,BOS,G,4,1,6,2026-10-05,0.25,,,,,,,,,,,,,,,,,,,,,,,,,,,,,,,,,,,,,0.0,0.0,0.0,0.0,0.0,0.0,,,,,,,14.471,6.05,10.656,12.787,10.656,21.236,6.5,2.0,4.667,5.6,4.667,9.568,0.75,0.0,0.5,0.6,0.5,1.118,7.25,2.0,5.167,6.2,5.167,10.684
8480023,R. Thomas,STL,C,3,64,144,2026-10-06,1.0,0.0,0.391,0.333,0.6,0.7,0.898,0.0,0.609,0.729,0.4,0.4,0.733,0.0,1.0,1.062,1.0,1.1,0.95,1.0,1.594,1.792,1.4,1.7,1.442,0.333,0.625,0.632,0.8,0.4,0.96,0.0,0.156,0.236,0.0,0.0,0.431,0.0,0.375,0.333,0.0,0.2,1.024,0.0,0.047,0.049,0.0,0.0,0.0,19.994,19.015,19.59,19.157,19.425,2.279,,,,,,,,,,,,,,,,,,
8480027,J. Robertson,DAL,W,3,88,184,2026-10-05,1.0,0.333,0.568,0.489,0.4,0.6,0.566,0.333,0.614,0.554,0.4,0.4,0.7,0.667,1.182,1.043,0.8,1.0,0.977,2.333,3.682,3.065,2.8,3.8,2.078,0.0,0.409,0.478,0.2,0.2,0.48,0.333,0.58,0.674,0.4,0.4,0.64,0.667,0.386,0.304,0.4,0.4,0.854,0.0,0.193,0.147,0.0,0.2,0.4,18.75,20.46,18.968,21.023,21.338,3.061,,,,,,,,,,,,,,,,,,
8480028,M. Frost,CGY,C,3,82,166,2026-10-04,1.0,0.333,0.268,0.223,0.4,0.4,0.566,0.0,0.256,0.265,0.0,0.1,0.566,0.333,0.524,0.488,0.4,0.5,0.894,2.667,1.707,1.759,2.4,2.5,1.412,1.0,0.476,0.614,0.6,0.6,0.794,1.0,0.72,0.789,1.0,1.1,0.871,0.0,0.341,0.301,0.0,0.2,0.543,0.333,0.098,0.066,0.4,0.2,0.367,15.483,15.502,15.625,16.247,16.645,2.02,,,,,,,,,,,,,,,,,,
8480029,A. Formenton,EDM,W,3,0,3,2026-10-03,1.0,0.0,,0.0,0.0,0.0,0.0,0.667,,0.667,0.667,0.667,0.471,0.667,,0.667,0.667,0.667,0.471,1.333,,1.333,1.333,1.333,0.943,0.333,,0.333,0.333,0.333,0.471,2.667,,2.667,2.667,2.667,1.7,0.0,,0.0,0.0,0.0,0.0,0.0,,0.0,0.0,0.0,0.0,15.15,,15.15,15.15,15.15,0.898,,,,,,,,,,,,,,,,,,
8480032,S. Bowers,NJ,C,0,0,4,2024-11-30,0.0,,,0.0,0.0,0.0,0.0,,,0.0,0.0,0.0,0.0,,,0.0,0.0,0.0,0.0,,,0.5,0.5,0.5,0.866,,,0.25,0.25,0.25,0.433,,,2.25,2.25,2.25,1.09,,,0.0,0.0,0.0,0.0,,,0.0,0.0,0.0,0.0,,,8.254,8.254,8.254,1.914,,,,,,,,,,,,,,,,,,
8480035,H. Jokiharju,BOS,D,0,43,103,2026-05-01,0.96,,0.047,0.049,0.4,0.2,0.271,,0.302,0.194,0.4,0.4,0.566,,0.349,0.243,0.8,0.6,0.7,,1.023,1.0,2.2,1.4,0.993,,0.907,0.893,0.8,1.3,0.796,,0.674,0.767,1.0,1.0,0.776,,0.326,0.272,0.0,0.2,0.733,,0.0,0.0,0.0,0.0,0.0,,17.712,17.778,16.723,16.883,2.416,,,,,,,,,,,,,,,,,,
8480036,M. Heiskanen,DAL,D,3,83,144,2026-10-05,1.0,0.667,0.133,0.132,0.6,0.4,0.367,0.0,0.699,0.562,0.2,0.4,0.697,0.667,0.831,0.694,0.8,0.8,0.722,2.667,2.036,2.076,2.4,2.9,1.708,1.667,1.675,1.646,1.2,1.2,1.466,0.0,0.265,0.319,0.2,0.1,0.367,0.0,0.386,0.292,0.0,0.2,1.024,0.0,0.048,0.035,0.2,0.2,0.271,23.983,25.837,25.34,25.667,26.073,5.783,,,,,,,,,,,,,,,,,,
8480039,M. Necas,COL,C,2,91,179,2026-10-03,1.0,1.0,0.429,0.385,0.4,0.3,0.531,1.0,0.813,0.76,0.8,0.9,0.833,2.0,1.242,1.145,1.2,1.2,1.07,4.0,2.615,2.542,2.4,2.5,1.262,0.0,0.308,0.291,0.0,0.1,0.367,1.0,1.165,1.039,1.4,1.4,0.873,0.0,0.396,0.291,0.8,0.4,0.862,0.0,0.099,0.117,0.0,0.0,0.0,19.267,21.378,20.281,20.203,21.342,2.675,,,,,,,,,,,,,,,,,,
8480043,T. Liljegren,WSH,D,2,47,117,2026-10-03,1.0,0.0,0.021,0.06,0.0,0.1,0.196,0.0,0.213,0.179,0.0,0.1,0.512,0.0,0.234,0.239,0.0,0.2,0.531,0.5,0.851,1.222,1.0,1.2,0.916,2.0,1.915,1.752,1.4,1.5,1.378,1.0,0.809,0.889,0.8,0.6,0.763,0.0,0.617,0.573,0.0,0.2,1.2,0.0,0.0,0.017,0.0,0.0,0.0,17.992,19.852,19.439,17.767,18.372,2.543,,,,,,,,,,,,,,,,,,
8480045,U. Luukkonen,BUF,G,3,70,151,2026-10-06,0.67,,,,,,,,,,,,,,,,,,,,,,,,,,,,,,,,,,,,,0.0,0.057,0.04,0.0,0.0,0.0,,,,,,,39.711,33.557,37.353,48.037,34.018,28.9,9.667,13.8,15.338,13.8,11.6,10.913,2.667,1.457,1.848,2.2,1.8,1.714,12.333,15.243,17.179,16.0,13.4,12.189
8480049,D. Samberg,WPG,D,3,66,142,2026-10-05,1.0,0.0,0.015,0.049,0.0,0.0,0.0,0.0,0.197,0.211,0.0,0.0,0.196,0.0,0.212,0.261,0.0,0.0,0.196,0.667,1.318,1.401,1.2,1.2,1.2,2.667,1.742,1.824,1.8,1.6,1.386,0.667,0.803,0.873,0.8,0.8,0.665,0.0,0.212,0.296,0.0,0.2,0.65,0.0,0.0,0.0,0.0,0.0,0.0,21.217,21.822,21.725,21.247,22.008,2.028,,,,,,,,,,,,,,,,,,
8480051,C. Primeau,TOR,G,0,14,50,2025-11-05,0.26,,,,,,,,,,,,,,,,,,,,,,,,,,,,,,,,,,,,,,0.0,0.04,0.0,0.0,0.0,,,,,,,,12.962,14.103,12.0,12.147,19.616,,4.786,5.52,3.6,4.1,7.33,,0.929,1.08,1.2,0.9,1.546,,5.714,6.6,4.8,5.0,8.714
8480058,P. Joseph,VAN,D,0,31,78,2026-04-09,0.71,,0.032,0.013,0.0,0.0,0.196,,0.161,0.103,0.2,0.2,0.4,,0.194,0.115,0.2,0.2,0.427,,0.71,0.821,0.4,0.5,0.753,,0.903,0.821,1.4,0.9,1.038,,0.581,0.692,1.4,1.0,0.894,,0.258,0.679,0.8,0.6,0.65,,0.0,0.0,0.0,0.0,0.0,,13.305,14.484,12.997,13.108,2.375,,,,,,,,,,,,,,,,,,
8480064,J. Norris,BUF,C,3,54,113,2026-10-06,1.0,0.0,0.259,0.31,0.0,0.0,0.367,0.333,0.426,0.336,0.4,0.3,0.625,0.333,0.685,0.646,0.4,0.3,0.64,0.667,1.574,1.619,1.0,1.4,1.02,0.333,0.556,0.69,0.2,0.3,0.755,1.333,0.907,1.664,1.6,1.8,1.365,0.0,0.63,0.69,0.8,0.6,2.338,0.0,0.037,0.071,0.0,0.0,0.0,16.528,16.025,17.189,17.33,16.84,1.944,,,,,,,,,,,,,,,,,,
8480068,R. Poehling,ANA,C,2,86,156,2026-10-04,1.0,0.0,0.174,0.173,0.0,0.2,0.512,0.0,0.302,0.288,0.0,0.1,0.367,0.0,0.477,0.462,0.0,0.3,0.632,1.5,1.291,1.186,1.2,1.6,1.121,1.5,1.081,1.122,0.6,0.8,1.095,0.0,0.651,0.526,0.8,1.0,0.907,0.0,0.186,0.205,0.0,0.2,0.733,0.0,0.0,0.013,0.0,0.0,0.0,14.483,14.773,14.38,12.21,12.837,3.162,,,,,,,,,,,,,,,,,,
8480069,C. Makar,COL,D,2,86,175,2026-10-03,1.0,0.5,0.279,0.32,0.2,0.4,0.512,1.0,0.698,0.731,0.4,0.3,0.894,1.5,0.977,1.051,0.6,0.7,0.967,2.0,2.651,2.88,2.2,2.2,1.229,1.5,1.663,1.617,2.2,1.7,1.709,0.0,0.407,0.543,0.0,0.0,0.367,0.0,0.326,0.251,0.0,0.2,0.65,0.0,0.047,0.091,0.0,0.0,0.196,19.15,24.92,25.293,23.773,23.868,3.391,,,,,,,,,,,,,,,,,,
8480070,I. Mitchell,BOS,D,0,0,15,2025-04-13,0.93,,,0.0,0.0,0.0,0.0,,,0.067,0.0,0.0,0.249,,,0.067,0.0,0.0,0.249,,,0.667,0.6,0.5,1.011,,,1.533,2.2,1.8,0.718,,,0.333,0.4,0.3,0.596,,,0.133,0.0,0.2,0.499,,,0.0,0.0,0.0,0.0,,,15.6,16.733,16.242,1.704,,,,,,,,,,,,,,,,,,
8480073,E. Brannstrom,VAN,D,0,0,28,2024-12-31,0.82,,,0.107,0.0,0.1,0.325,,,0.179,0.2,0.1,0.367,,,0.286,0.2,0.2,0.531,,,1.179,1.0,0.9,1.141,,,1.393,1.2,1.8,1.33,,,0.5,0.2,0.5,0.7,,,0.607,2.2,1.5,1.2,,,0.0,0.0,0.0,0.0,,,14.936,14.86,14.93,2.439,,,,,,,,,,,,,,,,,,
8480074,A. Texier,MTL,W,3,70,107,2026-10-06,0.33,0.0,0.171,0.168,0.0,0.1,0.367,0.667,0.243,0.234,0.4,0.3,0.531,0.667,0.414,0.402,0.4,0.4,0.637,0.333,1.329,1.364,0.2,0.4,0.977,0.667,0.271,0.299,0.4,0.4,0.427,1.667,1.257,1.131,1.2,1.1,1.224,0.667,0.429,0.393,0.4,0.4,0.8,0.0,0.0,0.009,0.0,0.0,0.0,11.094,13.44,13.059,9.97,12.418,2.721,,,,,,,,,,,,,,,,,,
8480075,C. Crotty,OTT,D,2,7,10,2026-10-06,0.0,0.0,0.0,0.0,0.0,0.0,0.0,0.0,0.143,0.1,0.0,0.1,0.3,0.0,0.143,0.1,0.0,0.1,0.3,0.0,0.857,0.6,0.8,0.6,0.663,0.0,0.571,0.4,0.2,0.4,0.917,0.5,0.571,0.5,0.6,0.5,0.5,0.0,0.0,0.0,0.0,0.0,0.0,0.0,0.0,0.0,0.0,0.0,0.0,10.892,14.071,12.542,12.237,12.542,3.717,,,,,,,,,,,,,,,,,,
8480078,F. Chytil,VAN,C,0,12,68,2026-02-02,0.88,,0.25,0.235,0.0,0.1,0.463,,0.0,0.191,0.0,0.0,0.431,,0.25,0.426,0.0,0.1,0.601,,2.0,2.309,1.4,1.8,1.3,,0.333,0.25,0.0,0.2,0.614,,0.333,0.338,0.0,0.3,0.571,,0.5,0.353,0.0,0.2,0.8,,0.0,0.015,0.0,0.0,0.0,,15.006,14.975,13.553,14.637,3.392,,,,,,,,,,,,,,,,,,
8480084,N. DeSimone,UTA,D,0,40,60,2026-04-16,0.88,,0.05,0.05,0.0,0.0,0.0,,0.15,0.183,0.4,0.3,0.4,,0.2,0.233,0.4,0.3,0.4,,0.875,0.983,0.6,0.6,0.843,,0.775,0.75,1.0,1.3,0.907,,0.475,0.55,0.4,0.4,0.574,,0.25,0.167,0.0,0.4,0.733,,0.0,0.0,0.0,0.0,0.0,,14.213,14.669,13.583,14.582,2.925,,,,,,,,,,,,,,,,,,
8480113,A. Iafallo,WPG,W,3,79,177,2026-10-05,0.33,0.333,0.165,0.169,0.4,0.2,0.4,0.333,0.203,0.192,0.2,0.3,0.512,0.667,0.367,0.362,0.6,0.5,0.697,1.0,1.443,1.373,1.8,1.8,1.095,1.0,0.709,0.729,1.2,0.9,0.862,1.0,1.519,1.254,0.8,1.9,1.6,0.0,0.177,0.22,0.0,0.0,0.392,0.0,0.025,0.045,0.0,0.0,0.0,11.433,15.59,14.489,13.763,16.0,2.615,,,,,,,,,,,,,,,,,,
8480144,D. Kampf,WSH,C,0,40,100,2026-04-02,0.73,,0.05,0.07,0.0,0.0,0.196,,0.1,0.12,0.0,0.0,0.463,,0.15,0.19,0.0,0.0,0.566,,0.9,0.82,0.2,0.7,1.095,,0.65,0.52,1.4,1.0,0.894,,1.125,0.98,1.0,1.1,1.015,,0.3,0.26,0.8,0.6,0.733,,0.0,0.0,0.0,0.0,0.0,,14.728,13.329,11.55,13.39,1.944,,,,,,,,,,,,,,,,,,
8480145,N. Pionk,WPG,D,3,51,136,2026-10-05,1.0,0.0,0.059,0.103,0.0,0.0,0.196,0.0,0.176,0.324,0.0,0.3,0.4,0.0,0.235,0.426,0.0,0.3,0.427,2.333,1.902,1.838,2.4,1.8,1.593,2.0,1.471,1.463,1.8,1.3,1.127,1.333,2.176,2.015,1.4,2.5,1.394,0.0,0.725,0.699,0.4,1.4,2.529,0.0,0.02,0.044,0.0,0.0,0.0,22.856,22.71,22.546,22.527,22.563,2.048,,,,,,,,,,,,,,,,,,
8480172,J. Rutta,SJ,D,0,0,54,2025-04-16,1.0,,,0.056,0.2,0.2,0.325,,,0.111,0.0,0.1,0.325,,,0.167,0.2,0.3,0.427,,,1.019,1.0,1.0,1.296,,,1.5,1.2,1.4,1.414,,,0.741,1.0,0.8,0.804,,,0.519,0.4,0.2,1.024,,,0.0,0.0,0.0,0.0,,,17.256,19.047,18.525,2.578,,,,,,,,,,,,,,,,,,
8480185,E. Luostarinen,FLA,C,4,73,180,2026-10-06,1.0,0.5,0.151,0.15,0.4,0.4,0.512,0.0,0.301,0.283,0.2,0.4,0.49,0.5,0.452,0.433,0.6,0.8,0.753,1.5,1.466,1.3,1.4,1.4,1.04,1.0,0.781,0.811,0.8,0.7,0.862,2.0,1.658,2.217,1.6,1.2,1.058,1.0,0.438,0.494,0.8,0.8,1.203,0.25,0.014,0.011,0.2,0.1,0.196,15.587,16.574,15.829,15.07,15.922,2.539,,,,,,,,,,,,,,,,,,
8480188,F. Zetterlund,OTT,W,3,86,179,2026-10-06,1.0,0.0,0.198,0.201,0.0,0.1,0.49,0.667,0.186,0.223,0.4,0.3,0.427,0.667,0.384,0.425,0.4,0.4,0.637,1.0,1.605,1.849,1.4,1.5,0.943,0.333,0.372,0.648,0.2,0.2,0.531,3.0,1.93,1.927,3.0,2.8,1.401,0.0,0.209,0.179,0.0,0.2,0.392,0.0,0.058,0.056,0.0,0.0,0.196,14.6,12.832,14.531,12.377,12.788,2.348,,,,,,,,,,,,,,,,,,
8480191,M. Villalta,UTA,G,0,2,12,2026-04-12,0.08,,,,,,,,,,,,,,,,,,,,,,,,,,,,,,,,,,,,,,0.0,0.0,0.0,0.0,0.0,,,,,,,,0.0,5.0,12.0,6.0,16.583,,0.0,2.333,5.6,2.8,7.739,,0.0,0.25,0.6,0.3,0.829,,0.0,2.583,6.2,3.1,8.568
8480192,J. Kovacevic,NJ,D,0,34,118,2026-04-14,0.99,,0.0,0.008,0.0,0.0,0.0,,0.235,0.203,0.2,0.3,0.512,,0.235,0.212,0.2,0.3,0.512,,0.882,0.915,0.4,0.5,0.8,,1.147,1.169,1.0,0.9,0.863,,1.676,1.415,1.2,1.6,1.229,,1.118,0.949,0.0,1.0,2.361,,0.0,0.0,0.0,0.0,0.0,,17.867,19.105,18.953,19.233,2.19,,,,,,,,,,,,,,,,,,
8480193,D. Tarasov,DET,G,3,82,160,2026-10-06,0.0,,,,,,,,,,,,,,,,,,,,,,,,,,,,,,,,,,,,,0.0,0.0,0.0,0.0,0.0,0.0,,,,,,,0.0,23.24,18.788,24.0,33.512,29.275,0.0,10.098,8.169,10.0,12.3,14.185,0.0,1.183,1.012,0.6,1.6,1.908,0.0,11.28,9.181,10.6,13.9,15.707
8480196,J. Bryson,WPG,D,0,50,98,2026-04-14,0.58,,0.04,0.02,0.0,0.0,0.196,,0.12,0.133,0.2,0.2,0.325,,0.16,0.153,0.2,0.2,0.367,,0.44,0.429,0.8,0.7,0.7,,0.58,0.816,1.0,0.7,0.786,,0.28,0.296,0.6,0.4,0.531,,0.2,0.204,0.0,0.0,0.543,,0.0,0.0,0.0,0.0,0.0,,10.863,12.592,14.307,12.51,3.059,,,,,,,,,,,,,,,,,,
8480205,E. Bemstrom,PIT,C,0,0,14,2025-04-11,0.14,,,0.0,0.0,0.0,0.0,,,0.071,0.2,0.1,0.258,,,0.071,0.2,0.1,0.258,,,0.929,0.8,0.9,0.457,,,0.214,0.2,0.3,0.558,,,0.857,1.0,1.1,0.915,,,0.0,0.0,0.0,0.0,,,0.0,0.0,0.0,0.0,,,8.331,6.587,7.543,2.753,,,,,,,,,,,,,,,,,,
8480208,D. Batherson,OTT,W,3,83,174,2026-10-06,1.0,0.667,0.434,0.374,0.8,0.6,0.64,0.333,0.47,0.477,0.4,0.3,0.546,1.0,0.904,0.851,1.2,0.9,0.731,2.0,2.12,2.201,1.8,2.1,1.129,0.333,0.277,0.328,0.4,0.3,0.4,3.333,1.663,1.862,3.4,3.0,1.47,1.333,0.446,0.466,1.6,1.4,1.229,0.333,0.169,0.161,0.4,0.3,0.427,16.778,17.54,17.809,18.117,18.71,2.99,,,,,,,,,,,,,,,,,,
8480220,N. Cates,PHI,W,4,90,172,2026-10-05,0.5,0.0,0.211,0.203,0.0,0.1,0.367,0.0,0.356,0.308,0.0,0.3,0.557,0.0,0.567,0.512,0.0,0.4,0.806,0.75,1.589,1.488,0.8,1.1,1.095,0.25,0.644,0.657,0.6,0.6,0.693,0.75,1.344,1.227,1.2,2.0,1.632,0.0,0.489,0.337,0.0,0.0,0.392,0.0,0.044,0.029,0.0,0.1,0.271,12.475,16.252,15.994,14.157,14.738,2.334,,,,,,,,,,,,,,,,,,
8480238,J. Patera,VAN,G,0,16,16,2026-04-09,0.06,,,,,,,,,,,,,,,,,,,,,,,,,,,,,,,,,,,,,,0.0,0.0,0.0,0.0,0.0,,,,,,,,3.551,3.551,0.0,0.0,13.753,,2.062,2.062,0.0,0.0,7.988,,0.438,0.438,0.0,0.0,1.694,,2.5,2.5,0.0,0.0,9.682
8480245,O. Lycksell,OTT,W,0,7,26,2025-12-20,0.46,,0.143,0.038,0.2,0.1,0.196,,0.143,0.231,0.2,0.3,0.512,,0.286,0.269,0.4,0.4,0.531,,1.0,0.654,1.2,0.8,0.753,,0.571,0.346,0.4,0.4,0.625,,0.571,0.5,0.6,0.6,0.574,,0.0,0.077,0.0,0.0,0.392,,0.0,0.0,0.0,0.0,0.0,,9.876,11.349,9.77,9.817,2.341,,,,,,,,,,,,,,,,,,
8480246,N. Perbix,NSH,D,3,79,161,2026-10-06,1.0,0.0,0.038,0.056,0.0,0.0,0.0,0.0,0.127,0.149,0.2,0.3,0.367,0.0,0.165,0.205,0.2,0.3,0.367,0.667,1.0,0.932,0.4,0.8,0.748,2.667,1.203,1.062,2.2,2.3,1.131,0.0,0.392,0.509,0.0,0.0,0.427,0.667,0.253,0.286,0.4,0.2,0.65,0.0,0.0,0.0,0.0,0.0,0.0,19.178,19.112,16.887,19.09,19.287,2.777,,,,,,,,,,,,,,,,,,
8480259,B. Jones,MIN,C,0,28,54,2026-04-14,0.07,,0.036,0.019,0.0,0.1,0.196,,0.071,0.037,0.4,0.2,0.271,,0.107,0.056,0.4,0.3,0.325,,0.929,0.926,0.8,1.1,1.148,,0.393,0.407,0.6,0.5,0.686,,2.071,2.019,1.2,1.4,1.562,,0.0,0.185,0.0,0.0,0.0,,0.0,0.0,0.0,0.0,0.0,,8.832,8.615,9.54,9.205,1.905,,,,,,,,,,,,,,,,,,
8480263,D. Ferguson,MIN,G,0,0,1,2025-01-18,0.0,,,,,,,,,,,,,,,,,,,,,,,,,,,,,,,,,,,,,,,0.0,0.0,0.0,,,,,,,,,,0.0,0.0,0.0,,,,0.0,0.0,0.0,,,,0.0,0.0,0.0,,,,0.0,0.0,0.0,
8480280,J. Swayman,BOS,G,4,87,172,2026-10-05,0.75,,,,,,,,,,,,,,,,,,,,,,,,,,,,,,,,,,,,,0.0,0.126,0.076,0.0,0.0,0.0,,,,,,,45.604,41.216,41.621,48.11,53.293,24.333,18.5,18.276,18.14,19.2,23.8,11.604,1.75,1.874,2.012,2.0,2.4,1.625,20.25,20.138,20.145,21.2,26.2,12.539
8480281,A. Toropchenko,STL,W,1,65,153,2026-10-02,0.0,0.0,0.062,0.065,0.2,0.1,0.196,0.0,0.108,0.15,0.4,0.2,0.325,0.0,0.169,0.216,0.6,0.3,0.367,0.0,1.046,1.085,0.8,1.0,1.076,0.0,0.862,0.745,0.2,0.5,0.835,1.0,2.031,2.503,2.2,2.1,1.365,0.0,0.431,0.412,0.0,0.0,0.543,0.0,0.0,0.0,0.0,0.0,0.0,5.133,11.991,12.303,11.68,10.948,2.1,,,,,,,,,,,,,,,,,,
8480289,M. Barron,WPG,C,3,65,155,2026-10-05,1.0,0.0,0.169,0.123,0.0,0.1,0.367,0.333,0.185,0.142,0.2,0.1,0.431,0.333,0.354,0.265,0.2,0.2,0.531,1.333,1.431,1.303,1.2,1.0,0.748,0.667,0.615,0.523,0.6,0.7,0.991,4.333,2.031,1.961,3.2,2.1,1.765,0.667,0.477,0.329,0.4,0.7,1.134,0.0,0.0,0.0,0.0,0.0,0.0,16.522,12.8,11.65,15.327,14.255,2.03,,,,,,,,,,,,,,,,,,
8480291,S. Brind'Amour,CAR,C,0,4,6,2026-04-14,1.0,,0.0,0.167,0.2,0.167,0.373,,0.0,0.0,0.0,0.0,0.0,,0.0,0.167,0.2,0.167,0.373,,0.5,0.5,0.6,0.5,0.5,,0.0,0.167,0.0,0.167,0.373,,1.25,1.0,1.0,1.0,0.816,,0.5,0.667,0.4,0.667,0.943,,0.0,0.0,0.0,0.0,0.0,,15.017,15.539,15.553,15.539,1.1,,,,,,,,,,,,,,,,,,
8480306,G. Hutton,NYI,D,0,0,13,2025-01-11,0.85,,,0.0,0.0,0.0,0.0,,,0.154,0.0,0.2,0.533,,,0.154,0.0,0.2,0.533,,,0.769,0.4,0.7,0.799,,,0.923,0.6,0.7,0.828,,,1.0,1.0,1.0,0.784,,,0.308,0.0,0.2,0.722,,,0.0,0.0,0.0,0.0,,,13.462,12.86,13.378,2.983,,,,,,,,,,,,,,,,,,
8480313,L. Thompson,WSH,G,2,78,165,2026-10-03,0.5,,,,,,,,,,,,,,,,,,,,,,,,,,,,,,,,,,,,,0.0,0.0,0.0,0.0,0.0,0.0,,,,,,,29.942,44.167,40.222,35.977,41.733,24.069,15.5,18.551,17.036,12.6,16.5,11.675,1.0,1.795,1.642,1.0,1.7,1.598,16.5,20.346,18.679,13.6,18.2,12.461
8480326,S. Dries,DET,C,0,5,5,2026-03-21,0.0,,0.0,0.0,0.0,0.0,0.0,,0.0,0.0,0.0,0.0,0.0,,0.0,0.0,0.0,0.0,0.0,,0.4,0.4,0.4,0.4,0.8,,0.6,0.6,0.6,0.6,0.49,,1.6,1.6,1.6,1.6,1.2,,0.0,0.0,0.0,0.0,0.0,,0.0,0.0,0.0,0.0,0.0,,6.973,6.973,6.973,6.973,2.437,,,,,,,,,,,,,,,,,,
8480336,S. Walker,CAR,D,4,100,198,2026-10-06,1.0,0.0,0.09,0.076,0.0,0.0,0.196,0.0,0.25,0.192,0.0,0.1,0.367,0.0,0.34,0.268,0.0,0.1,0.4,2.0,2.06,1.929,1.6,1.4,1.17,2.0,1.54,1.354,1.6,1.6,1.296,1.5,2.09,1.626,1.6,3.2,1.751,1.5,0.75,0.652,1.2,0.6,1.399,0.0,0.0,0.0,0.0,0.0,0.0,20.688,21.97,19.601,21.317,22.613,3.992,,,,,,,,,,,,,,,,,,
8480355,M. Kastelic,BOS,C,4,88,153,2026-10-05,0.25,0.25,0.136,0.118,0.2,0.1,0.463,0.5,0.125,0.144,0.4,0.3,0.367,0.75,0.261,0.261,0.6,0.4,0.614,0.75,1.216,1.157,0.6,1.0,1.275,1.25,0.773,0.732,1.0,0.9,0.852,2.5,2.716,3.052,2.2,3.4,1.939,1.25,1.716,1.712,1.0,1.6,1.833,0.0,0.0,0.0,0.0,0.0,0.0,10.925,12.537,11.777,10.673,11.223,2.017,,,,,,,,,,,,,,,,,,
8480382,A. Georgiev,SJ,G,0,0,78,2025-04-16,0.62,,,,,,,,,,,,,,,,,,,,,,,,,,,,,,,,,,,,,,,0.0,0.0,0.0,0.0,,,,,,,,,34.254,36.62,33.94,28.27,,,14.769,19.2,16.4,13.25,,,2.115,2.4,2.5,2.282,,,16.885,21.6,18.9,14.983
8480426,C. D'Astous,TB,D,3,73,76,2026-10-05,0.67,0.333,0.082,0.092,0.2,0.1,0.367,0.0,0.329,0.316,0.2,0.1,0.546,0.333,0.411,0.408,0.4,0.2,0.64,1.333,1.164,1.171,1.8,1.5,1.25,1.333,1.041,1.053,1.2,1.0,0.849,0.667,1.411,1.382,1.6,1.2,1.269,0.667,1.562,1.526,0.8,2.4,2.484,0.0,0.0,0.0,0.0,0.0,0.0,14.611,18.608,18.45,16.0,15.715,3.561,,,,,,,,,,,,,,,,,,
8480434,S. Durzi,NYR,D,5,66,101,2026-10-06,1.0,0.2,0.076,0.099,0.2,0.1,0.196,0.2,0.364,0.317,0.2,0.2,0.546,0.4,0.439,0.416,0.4,0.3,0.557,0.6,1.348,1.297,0.6,0.7,1.296,1.6,1.53,1.594,1.6,2.0,1.229,0.6,0.652,0.604,0.6,0.6,0.786,1.8,0.818,0.812,1.8,1.1,1.641,0.2,0.0,0.02,0.2,0.1,0.196,20.797,19.044,19.607,20.797,19.017,2.933,,,,,,,,,,,,,,,,,,
8480448,P. Kelly,COL,C,2,95,184,2026-10-03,1.0,0.5,0.242,0.174,0.2,0.3,0.449,1.5,0.168,0.168,0.8,0.5,0.601,2.0,0.411,0.342,1.0,0.8,0.852,1.0,1.284,1.245,0.8,1.2,0.894,1.0,0.674,0.788,0.4,0.3,0.753,2.0,2.221,2.283,1.6,2.4,1.695,0.0,0.4,0.462,0.0,0.6,1.024,0.0,0.0,0.0,0.0,0.0,0.0,14.2,12.496,12.627,12.587,11.023,1.903,,,,,,,,,,,,,,,,,,
8480459,P. Suter,STL,C,3,64,148,2026-10-06,1.0,0.333,0.203,0.264,0.2,0.2,0.427,0.333,0.25,0.257,0.4,0.4,0.427,0.667,0.453,0.52,0.6,0.6,0.64,1.333,1.484,1.601,1.0,1.1,1.162,0.0,0.375,0.453,0.0,0.1,0.531,2.0,0.641,0.716,1.6,1.3,0.889,0.0,0.312,0.257,0.0,0.0,0.733,0.0,0.016,0.02,0.0,0.0,0.0,14.65,15.894,16.662,14.717,14.712,1.391,,,,,,,,,,,,,,,,,,
8480528,J. Kowalkoski,SJ,G,0,1,1,2025-12-09,0.0,,,,,,,,,,,,,,,,,,,,,,,,,,,,,,,,,,,,,,0.0,0.0,0.0,0.0,,,,,,,,,0.0,0.0,0.0,0.0,,,0.0,0.0,0.0,0.0,,,0.0,0.0,0.0,0.0,,,0.0,0.0,0.0,0.0,
8480727,Z. Whitecloud,CGY,D,3,78,166,2026-10-04,1.0,0.0,0.026,0.036,0.0,0.0,0.0,0.0,0.192,0.157,0.4,0.4,0.512,0.0,0.218,0.193,0.4,0.4,0.512,0.667,0.859,0.898,0.8,0.7,0.977,2.333,1.795,1.602,3.2,2.8,1.638,1.0,1.59,1.639,1.4,1.1,1.196,0.0,0.385,0.452,0.0,0.2,0.733,0.0,0.0,0.0,0.0,0.0,0.0,21.078,20.317,18.892,19.667,22.502,4.512,,,,,,,,,,,,,,,,,,
8480748,K. Sherwood,SJ,W,3,72,153,2026-10-05,0.67,0.333,0.319,0.281,0.2,0.3,0.4,0.0,0.181,0.222,0.6,0.3,0.512,0.333,0.5,0.503,0.8,0.6,0.637,1.333,2.389,2.072,1.6,1.7,1.23,0.0,0.417,0.392,0.2,0.1,0.733,6.667,4.708,5.366,5.4,5.5,2.211,1.333,0.694,0.582,0.8,0.6,2.126,0.0,0.097,0.046,0.0,0.0,0.0,13.622,17.266,15.983,14.647,15.713,2.082,,,,,,,,,,,,,,,,,,
8480762,E. Robinson,CAR,W,4,86,187,2026-10-06,0.25,0.25,0.174,0.166,0.2,0.1,0.367,0.25,0.128,0.171,0.2,0.3,0.427,0.5,0.302,0.337,0.4,0.4,0.566,0.75,1.279,1.316,0.8,0.9,1.287,0.0,0.198,0.198,0.0,0.1,0.367,2.25,1.547,1.738,2.4,2.2,1.505,0.0,0.279,0.193,0.4,0.2,2.03,0.0,0.0,0.0,0.0,0.0,0.0,11.129,11.285,11.721,10.68,11.307,2.795,,,,,,,,,,,,,,,,,,
8480789,O. Wahlstrom,BOS,W,0,0,43,2025-02-25,0.21,,,0.07,0.0,0.1,0.271,,,0.07,0.0,0.1,0.271,,,0.14,0.0,0.2,0.367,,,1.256,1.0,1.6,1.134,,,0.698,0.4,0.7,0.816,,,0.791,2.4,1.9,1.12,,,0.86,2.2,1.1,3.111,,,0.0,0.0,0.0,0.0,,,10.226,9.233,10.192,2.23,,,,,,,,,,,,,,,,,,
8480796,M. Fehérváry,WSH,D,2,81,164,2026-10-03,1.0,0.0,0.062,0.061,0.0,0.1,0.196,0.0,0.272,0.256,0.4,0.4,0.512,0.0,0.333,0.317,0.4,0.5,0.601,0.5,0.901,0.915,0.6,0.6,0.566,3.5,2.173,2.03,1.8,2.1,1.899,1.5,1.358,1.537,1.4,1.0,1.353,2.0,0.481,0.415,1.6,1.8,2.117,0.0,0.0,0.0,0.0,0.0,0.0,18.833,19.281,19.139,18.88,19.122,1.409,,,,,,,,,,,,,,,,,,
8480797,J. Farabee,CGY,W,3,82,166,2026-10-04,1.0,0.0,0.244,0.187,0.2,0.3,0.531,0.667,0.22,0.205,0.4,0.3,0.466,0.667,0.463,0.392,0.6,0.6,0.748,2.0,1.732,1.801,2.8,2.1,1.429,1.0,0.634,0.633,0.8,0.7,0.686,0.333,0.598,0.867,0.2,0.2,0.625,2.0,0.341,0.41,1.6,0.8,1.024,0.0,0.012,0.006,0.0,0.0,0.0,16.206,16.917,15.927,17.403,17.002,1.587,,,,,,,,,,,,,,,,,,
8480798,P. Kurashev,SJ,C,0,43,94,2026-04-16,0.77,,0.163,0.149,0.0,0.1,0.271,,0.302,0.213,0.2,0.3,0.449,,0.465,0.362,0.2,0.4,0.48,,1.442,1.234,1.0,1.3,1.055,,0.326,0.319,0.6,0.4,0.601,,0.93,0.745,1.0,0.6,1.095,,0.372,0.319,0.4,0.8,0.8,,0.0,0.011,0.0,0.0,0.0,,15.491,14.53,13.14,14.177,2.606,,,,,,,,,,,,,,,,,,
8480800,Q. Hughes,MIN,D,3,85,156,2026-10-06,1.0,0.333,0.129,0.179,0.2,0.5,0.512,1.0,0.941,0.917,1.0,1.0,0.652,1.333,1.071,1.096,1.2,1.5,0.909,3.333,2.435,2.622,2.8,2.2,1.423,0.667,1.165,1.077,1.2,1.1,0.917,0.0,0.094,0.135,0.2,0.1,0.271,0.0,0.424,0.417,0.0,0.2,0.733,0.333,0.035,0.051,0.2,0.2,0.271,26.461,28.153,27.064,28.837,28.558,4.321,,,,,,,,,,,,,,,,,,
8480801,B. Tkachuk,FLA,W,4,64,146,2026-10-06,1.0,0.0,0.344,0.377,0.0,0.0,0.49,0.0,0.578,0.452,0.0,0.1,0.852,0.0,0.922,0.829,0.0,0.1,0.975,2.75,3.625,3.842,2.4,2.4,1.853,0.25,0.344,0.39,0.4,0.5,0.48,4.25,2.734,3.082,4.4,3.9,1.727,1.75,1.312,1.507,1.8,2.7,2.254,0.0,0.078,0.137,0.0,0.0,0.196,17.35,17.245,17.78,18.003,18.307,2.943,,,,,,,,,,,,,,,,,,
8480802,R. McLeod,BUF,C,3,94,176,2026-10-06,1.0,0.0,0.16,0.199,0.0,0.1,0.325,0.333,0.468,0.443,0.6,0.4,0.449,0.333,0.628,0.642,0.6,0.5,0.632,0.667,1.138,1.17,1.0,1.2,0.748,0.333,0.415,0.426,0.4,0.4,0.571,0.0,0.191,0.199,0.2,0.2,0.271,0.667,0.191,0.205,0.4,0.2,0.733,0.0,0.011,0.006,0.0,0.1,0.196,14.322,17.527,17.158,17.11,15.42,2.927,,,,,,,,,,,,,,,,,,
8480803,E. Bouchard,EDM,D,3,88,195,2026-10-03,1.0,1.333,0.25,0.241,0.8,0.5,0.665,1.333,0.909,0.785,1.4,1.3,1.017,2.667,1.159,1.026,2.2,1.8,1.292,4.0,2.602,2.8,2.6,2.2,1.51,1.0,1.227,1.292,1.2,1.1,1.113,1.0,0.364,0.39,0.8,0.6,0.466,0.0,0.341,0.359,0.0,0.0,0.543,0.0,0.091,0.067,0.0,0.1,0.196,25.683,24.69,24.359,25.747,24.808,2.325,,,,,,,,,,,,,,,,,,
8480806,I. Lundestrom,CBJ,C,0,68,147,2026-04-14,0.71,,0.059,0.054,0.0,0.0,0.271,,0.118,0.129,0.0,0.1,0.325,,0.176,0.184,0.0,0.1,0.4,,0.779,0.769,0.2,0.1,0.907,,0.515,0.701,0.4,0.6,1.121,,0.515,0.565,0.6,0.6,0.637,,0.059,0.095,0.0,0.0,0.0,,0.0,0.0,0.0,0.0,0.0,,12.385,13.01,12.843,12.602,2.195,,,,,,,,,,,,,,,,,,
8480807,M. Samuelsson,BUF,D,3,91,156,2026-10-06,1.0,0.333,0.176,0.135,0.2,0.2,0.4,0.333,0.352,0.276,0.6,0.5,0.427,0.667,0.527,0.41,0.8,0.7,0.496,1.333,1.407,1.179,1.4,1.5,1.127,1.0,1.967,1.763,1.2,2.0,1.406,1.0,1.934,1.821,0.8,2.8,2.616,1.333,0.33,0.359,0.8,0.6,0.98,0.0,0.0,0.0,0.0,0.0,0.0,21.739,22.762,21.368,23.337,23.037,2.712,,,,,,,,,,,,,,,,,,
8480813,J. Veleno,NYR,C,4,70,148,2026-10-04,0.75,0.0,0.029,0.068,0.0,0.0,0.0,0.0,0.057,0.088,0.0,0.0,0.271,0.0,0.086,0.155,0.0,0.0,0.271,0.5,0.8,0.899,0.4,0.3,0.64,1.25,0.457,0.547,1.0,0.5,0.943,1.75,2.657,2.243,1.4,1.6,2.088,0.5,0.271,0.257,0.4,0.2,0.65,0.0,0.0,0.0,0.0,0.0,0.0,11.621,11.666,11.891,10.607,9.417,3.09,,,,,,,,,,,,,,,,,,
8480817,K. Miller,CAR,D,4,91,169,2026-10-06,1.0,0.0,0.088,0.089,0.0,0.0,0.196,0.25,0.418,0.349,0.2,0.2,0.49,0.25,0.505,0.438,0.2,0.2,0.496,0.75,1.56,1.509,0.6,0.7,1.2,1.75,1.187,1.331,1.6,1.8,1.418,1.25,1.473,1.456,1.2,1.1,1.292,0.5,0.725,0.533,0.4,0.8,0.898,0.0,0.011,0.006,0.0,0.0,0.0,23.212,22.738,22.403,23.167,23.87,4.021,,,,,,,,,,,,,,,,,,
8480819,J. Skarek,SJ,G,0,1,16,2025-11-13,0.12,,,,,,,,,,,,,,,,,,,,,,,,,,,,,,,,,,,,,,0.0,0.0,0.0,0.0,0.0,,,,,,,,0.0,4.759,0.0,1.94,14.218,,0.0,2.125,0.0,0.7,6.641,,0.0,0.312,0.0,0.0,1.21,,0.0,2.438,0.0,0.7,7.818
8480823,A. Alexeyev,WSH,D,0,0,18,2025-05-15,0.56,,,0.0,0.0,0.0,0.0,,,0.0,0.0,0.0,0.0,,,0.0,0.0,0.0,0.0,,,0.722,0.4,0.6,0.65,,,1.444,1.4,1.2,1.301,,,1.167,1.6,1.2,0.957,,,0.222,0.4,0.4,0.629,,,0.0,0.0,0.0,0.0,,,12.929,9.79,10.415,4.405,,,,,,,,,,,,,,,,,,
8480825,P. Giles,SJ,W,0,3,20,2025-11-02,0.1,,0.0,0.05,0.0,0.1,0.218,,0.333,0.05,0.2,0.1,0.218,,0.333,0.1,0.2,0.2,0.3,,0.667,0.85,1.0,1.1,0.963,,0.667,0.45,0.4,0.5,0.669,,1.0,1.2,0.6,0.5,1.288,,0.0,0.0,0.0,0.0,0.0,,0.0,0.0,0.0,0.0,0.0,,8.867,9.177,10.05,10.738,2.31,,,,,,,,,,,,,,,,,,
8480828,M. Callahan,BOS,D,0,5,22,2025-12-02,0.82,,0.0,0.045,0.0,0.1,0.208,,0.0,0.0,0.0,0.0,0.0,,0.0,0.045,0.0,0.1,0.208,,0.6,0.545,0.6,0.7,0.582,,1.8,0.955,1.8,1.1,1.021,,0.6,0.5,0.6,0.6,0.657,,0.0,0.318,0.0,0.7,1.458,,0.0,0.0,0.0,0.0,0.0,,12.99,13.881,12.99,14.78,3.815,,,,,,,,,,,,,,,,,,
8480829,J. Kotkaniemi,CAR,C,2,42,136,2026-10-06,0.0,0.0,0.048,0.103,0.0,0.0,0.0,0.0,0.167,0.235,0.0,0.0,0.325,0.0,0.214,0.338,0.0,0.0,0.325,0.5,1.0,1.301,0.8,0.5,0.845,0.0,0.429,0.404,0.6,0.4,0.531,1.0,1.5,1.199,0.8,1.0,1.095,1.0,0.19,0.544,0.4,0.2,0.543,0.0,0.0,0.0,0.0,0.0,0.0,9.1,11.351,13.092,12.18,11.753,2.586,,,,,,,,,,,,,,,,,,
8480830,A. Svechnikov,CAR,W,4,98,189,2026-10-06,1.0,0.25,0.378,0.349,0.2,0.4,0.557,0.75,0.449,0.418,0.6,0.4,0.557,1.0,0.827,0.767,0.8,0.8,0.722,3.75,2.612,2.598,3.6,2.5,1.925,0.5,0.245,0.265,0.4,0.4,0.566,3.75,2.265,2.365,4.2,3.9,2.197,0.5,0.918,0.915,0.4,0.2,1.705,0.0,0.163,0.143,0.0,0.3,0.49,17.796,17.128,17.213,17.523,17.362,3.056,,,,,,,,,,,,,,,,,,
8480831,A. Regula,EDM,D,0,29,29,2026-01-20,0.83,,0.0,0.0,0.0,0.0,0.0,,0.103,0.103,0.0,0.2,0.325,,0.103,0.103,0.0,0.2,0.325,,0.621,0.621,0.8,0.6,0.693,,1.517,1.517,2.0,2.3,1.473,,0.517,0.517,0.2,0.3,0.755,,1.207,1.207,0.8,2.0,2.572,,0.0,0.0,0.0,0.0,0.0,,14.469,14.469,11.52,13.253,4.869,,,,,,,,,,,,,,,,,,
8480834,T. Emberson,EDM,D,1,78,164,2026-10-03,0.0,0.0,0.026,0.024,0.0,0.0,0.196,0.0,0.141,0.134,0.0,0.1,0.196,0.0,0.167,0.159,0.0,0.1,0.271,0.0,0.628,0.707,0.4,0.6,0.786,0.0,1.436,1.299,0.8,0.7,0.909,1.0,1.577,1.604,2.6,2.0,1.287,0.0,0.295,0.25,0.0,0.0,0.392,0.0,0.0,0.0,0.0,0.0,0.0,11.367,15.264,14.853,12.71,12.47,3.09,,,,,,,,,,,,,,,,,,
8480835,J. Drury,NSH,C,3,95,177,2026-10-06,1.0,0.0,0.137,0.124,0.2,0.2,0.325,0.0,0.2,0.169,0.0,0.1,0.325,0.0,0.337,0.294,0.2,0.3,0.427,0.333,1.189,1.22,0.4,0.8,1.148,1.0,0.632,0.661,0.6,0.5,0.632,1.0,0.621,0.65,1.0,1.0,0.722,1.333,0.368,0.367,0.8,0.4,0.8,0.0,0.0,0.006,0.0,0.0,0.0,13.828,13.946,13.485,12.59,11.238,2.051,,,,,,,,,,,,,,,,,,
8480839,R. Dahlin,BUF,D,3,90,166,2026-10-06,1.0,0.333,0.256,0.247,0.6,0.4,0.48,0.333,0.722,0.705,1.0,0.8,0.933,0.667,0.978,0.952,1.6,1.2,1.058,3.333,2.667,2.711,3.6,3.5,1.311,1.333,1.033,1.175,1.0,1.2,1.211,2.333,0.911,1.145,1.6,1.2,1.113,0.667,1.067,0.916,0.8,1.6,1.372,0.0,0.089,0.078,0.0,0.1,0.325,26.867,24.154,24.239,26.743,24.708,3.143,,,,,,,,,,,,,,,,,,
8480840,O. Back,DAL,C,0,0,1,2024-10-10,0.0,,,0.0,0.0,0.0,,,,0.0,0.0,0.0,,,,0.0,0.0,0.0,,,,0.0,0.0,0.0,,,,0.0,0.0,0.0,,,,0.0,0.0,0.0,,,,0.0,0.0,0.0,,,,0.0,0.0,0.0,,,,9.067,9.067,9.067,,,,,,,,,,,,,,,,,,,
8480840,O. Bäck,DAL,C,3,78,164,2026-10-05,0.33,0.0,0.064,0.055,0.0,0.0,0.0,0.333,0.103,0.14,0.2,0.2,0.367,0.333,0.167,0.195,0.2,0.2,0.367,1.0,0.577,0.573,0.8,0.7,0.733,2.0,0.538,0.537,1.6,1.1,0.907,0.333,0.41,0.421,0.2,0.4,0.637,0.667,0.128,0.134,0.4,0.2,0.392,0.0,0.0,0.0,0.0,0.0,0.0,11.161,12.472,12.031,11.623,13.005,2.31,,,,,,,,,,,,,,,,,,
8480842,F. Hallander,PIT,C,2,13,15,2026-10-03,0.0,0.5,0.077,0.133,0.2,0.1,0.34,1.0,0.231,0.333,0.4,0.4,0.596,1.5,0.308,0.467,0.6,0.5,0.806,1.5,1.692,1.667,1.6,1.9,1.3,0.5,0.385,0.4,0.4,0.6,0.611,0.5,0.231,0.267,0.2,0.3,0.442,0.0,0.154,0.133,0.0,0.2,0.499,0.0,0.0,0.0,0.0,0.0,0.0,10.283,13.142,12.761,12.17,13.238,2.125,,,,,,,,,,,,,,,,,,
8480843,L. Dostal,ANA,G,2,85,169,2026-10-04,1.0,,,,,,,,,,,,,,,,,,,,,,,,,,,,,,,,,,,,,0.0,0.094,0.047,0.0,0.0,0.392,,,,,,,61.858,45.831,41.876,60.657,51.167,23.87,28.0,18.718,18.426,23.8,19.5,10.198,2.5,2.424,2.183,3.2,2.7,1.638,30.5,21.141,20.609,27.0,22.2,11.216
8480844,G. Denisenko,VGK,W,0,0,1,2024-11-13,0.0,,,0.0,0.0,0.0,,,,0.0,0.0,0.0,,,,0.0,0.0,0.0,,,,0.0,0.0,0.0,,,,0.0,0.0,0.0,,,,5.0,5.0,5.0,,,,2.0,2.0,2.0,,,,0.0,0.0,0.0,,,,8.45,8.45,8.45,,,,,,,,,,,,,,,,,,,
8480845,R. Kupari,WPG,C,0,0,59,2025-03-25,0.25,,,0.085,0.0,0.1,0.325,,,0.051,0.2,0.1,0.271,,,0.136,0.2,0.2,0.4,,,0.898,1.0,1.2,0.849,,,0.525,0.2,0.3,1.009,,,1.305,0.6,1.2,1.114,,,0.271,0.0,0.0,0.862,,,0.0,0.0,0.0,0.0,,,10.259,8.423,10.312,3.267,,,,,,,,,,,,,,,,,,
8480848,T. Dellandrea,SJ,C,1,46,115,2026-10-05,1.0,0.0,0.043,0.026,0.0,0.0,0.0,0.0,0.196,0.139,0.0,0.0,0.325,0.0,0.239,0.165,0.0,0.0,0.325,0.0,1.087,0.87,1.2,0.9,1.113,1.0,0.804,0.739,0.4,0.6,0.891,2.0,2.826,2.565,3.0,2.5,1.72,0.0,0.478,0.704,0.8,1.0,1.114,0.0,0.0,0.0,0.0,0.0,0.0,14.333,14.189,12.78,12.42,12.46,2.895,,,,,,,,,,,,,,,,,,
8480849,B. Hayton,UTA,C,4,68,154,2026-10-06,1.0,0.0,0.147,0.195,0.0,0.1,0.367,0.25,0.221,0.273,0.2,0.2,0.427,0.25,0.368,0.468,0.2,0.3,0.566,1.75,1.779,1.838,1.8,1.6,1.335,0.25,0.441,0.487,0.4,0.3,0.557,0.25,0.5,0.429,0.2,0.2,0.826,1.0,0.794,0.669,0.8,0.8,1.148,0.0,0.059,0.071,0.0,0.0,0.196,13.379,15.089,15.584,13.267,12.98,3.262,,,,,,,,,,,,,,,,,,
8480851,A. Thomas,LA,C,0,0,25,2025-04-17,0.12,,,0.04,0.0,0.0,0.196,,,0.08,0.0,0.0,0.271,,,0.12,0.0,0.0,0.325,,,0.8,0.2,0.2,1.166,,,0.48,0.4,0.2,0.7,,,1.68,2.0,1.8,0.835,,,0.28,0.0,0.5,1.04,,,0.0,0.0,0.0,0.0,,,9.914,9.463,8.757,2.1,,,,,,,,,,,,,,,,,,
8480853,L. Foudy,NYI,C,0,1,3,2026-04-14,0.0,,0.0,0.0,0.0,0.0,0.0,,0.0,0.0,0.0,0.0,0.0,,0.0,0.0,0.0,0.0,0.0,,1.0,0.667,0.667,0.667,0.471,,1.0,0.667,0.667,0.667,0.471,,1.0,0.333,0.333,0.333,0.471,,0.0,0.0,0.0,0.0,0.0,,0.0,0.0,0.0,0.0,0.0,,11.283,8.728,8.728,8.728,1.839,,,,,,,,,,,,,,,,,,
8480855,J. McBain,UTA,C,4,77,163,2026-10-06,0.75,0.0,0.117,0.135,0.0,0.1,0.325,0.0,0.208,0.184,0.0,0.0,0.431,0.0,0.325,0.319,0.0,0.1,0.512,0.75,1.39,1.227,0.8,0.6,1.106,1.0,0.558,0.595,0.8,0.6,0.632,4.0,3.584,3.577,3.6,3.1,2.209,3.0,1.091,1.067,2.4,2.4,2.498,0.0,0.0,0.006,0.0,0.0,0.0,13.108,13.731,13.636,12.427,12.088,2.234,,,,,,,,,,,,,,,,,,
8480860,K. Bahl,CGY,D,3,76,152,2026-10-04,1.0,0.0,0.053,0.046,0.0,0.0,0.196,0.0,0.184,0.204,0.2,0.1,0.367,0.0,0.237,0.25,0.2,0.1,0.4,0.333,0.75,0.921,0.2,0.1,0.854,0.667,1.303,1.428,0.8,0.7,1.032,1.333,1.5,1.493,1.0,1.2,1.323,2.0,0.618,0.579,1.2,1.4,1.265,0.0,0.0,0.007,0.0,0.0,0.0,21.172,21.949,21.664,17.81,20.628,4.709,,,,,,,,,,,,,,,,,,
8480865,N. Dobson,MTL,D,3,93,167,2026-10-06,1.0,0.0,0.129,0.132,0.0,0.0,0.0,0.333,0.387,0.395,0.2,0.1,0.325,0.333,0.516,0.527,0.2,0.1,0.325,1.333,1.925,2.269,1.6,1.4,1.237,1.333,2.312,2.066,1.4,1.5,1.084,1.333,0.839,0.832,1.6,1.2,1.442,2.0,0.387,0.419,1.2,0.8,0.98,0.0,0.022,0.018,0.0,0.0,0.0,23.094,22.423,22.796,21.997,23.457,3.085,,,,,,,,,,,,,,,,,,
8480867,K. Mandolese,COL,G,0,0,2,2025-04-02,0.0,,,,,,,,,,,,,,,,,,,,,,,,,,,,,,,,,,,,,,,0.0,0.0,0.0,,,,,,,,,,0.0,0.0,0.0,,,,0.0,0.0,0.0,,,,0.0,0.0,0.0,,,,0.0,0.0,0.0,
8480870,B. Groulx,TOR,C,3,13,16,2026-10-06,0.0,0.0,0.231,0.188,0.0,0.0,0.527,0.0,0.154,0.125,0.0,0.0,0.331,0.0,0.385,0.312,0.0,0.0,0.583,0.667,1.154,1.062,0.6,0.7,0.899,0.333,0.462,0.438,0.4,0.4,0.496,2.333,2.615,2.562,1.8,2.1,1.54,0.0,0.0,0.0,0.0,0.0,0.0,0.0,0.0,0.0,0.0,0.0,0.0,8.233,15.692,14.294,10.893,13.252,3.508,,,,,,,,,,,,,,,,,,
8480871,A. Boqvist,NYI,D,0,28,63,2026-04-03,0.7,,0.0,0.063,0.0,0.0,0.0,,0.143,0.222,0.4,0.3,0.463,,0.143,0.286,0.4,0.3,0.463,,0.607,0.905,1.4,1.0,0.742,,0.821,0.667,0.4,0.6,0.98,,0.393,0.381,0.0,0.5,0.571,,0.286,0.286,0.4,0.4,0.733,,0.0,0.016,0.0,0.0,0.0,,13.096,13.638,14.577,14.673,2.413,,,,,,,,,,,,,,,,,,
8480873,R. Sandin,WSH,D,0,73,165,2026-04-11,0.99,,0.068,0.055,0.0,0.1,0.325,,0.329,0.309,0.2,0.3,0.557,,0.397,0.364,0.2,0.4,0.7,,1.233,1.091,1.0,1.1,0.991,,1.74,1.655,2.0,1.8,1.497,,1.205,1.127,1.4,1.1,0.835,,0.164,0.212,0.0,0.2,0.543,,0.0,0.006,0.0,0.0,0.0,,19.201,19.323,19.21,19.51,1.758,,,,,,,,,,,,,,,,,,
8480874,A. Ginning,PHI,D,0,5,6,2025-10-25,1.0,,0.0,0.0,0.0,0.0,0.0,,0.0,0.0,0.0,0.0,0.0,,0.0,0.0,0.0,0.0,0.0,,0.4,0.333,0.4,0.333,0.745,,1.0,1.0,1.0,1.0,0.577,,0.8,0.833,0.8,0.833,0.687,,0.0,0.0,0.0,0.0,0.0,,0.0,0.0,0.0,0.0,0.0,,15.34,14.917,15.34,14.917,3.081,,,,,,,,,,,,,,,,,,
8480876,C. Douglas,SEA,C,2,43,45,2026-10-04,0.0,0.0,0.023,0.022,0.2,0.1,0.196,0.0,0.07,0.067,0.2,0.1,0.196,0.0,0.093,0.089,0.4,0.2,0.271,0.5,0.674,0.667,0.4,0.8,1.131,1.0,0.279,0.311,0.6,0.4,0.742,4.5,1.488,1.622,2.8,2.4,1.442,0.0,2.512,2.4,1.0,0.7,4.377,0.0,0.0,0.0,0.0,0.0,0.0,6.867,6.75,6.755,7.85,7.93,2.283,,,,,,,,,,,,,,,,,,
8480878,N. Lundkvist,DAL,D,3,56,98,2026-10-05,1.0,0.0,0.054,0.031,0.0,0.0,0.0,0.0,0.179,0.153,0.0,0.3,0.49,0.0,0.232,0.184,0.0,0.3,0.49,1.667,0.857,1.071,1.2,0.7,1.095,1.333,0.964,0.939,1.4,1.4,0.98,0.0,0.5,0.52,0.2,0.2,0.427,0.0,0.321,0.388,0.4,0.2,0.65,0.0,0.0,0.0,0.0,0.0,0.0,17.25,16.5,15.93,17.077,16.687,2.537,,,,,,,,,,,,,,,,,,
8480879,J. Bernard-Docker,DET,D,0,63,103,2026-04-11,0.82,,0.016,0.029,0.0,0.1,0.196,,0.063,0.097,0.0,0.0,0.0,,0.079,0.126,0.0,0.1,0.196,,0.651,0.709,0.4,0.4,0.889,,1.381,1.33,0.8,0.6,1.233,,1.048,0.932,1.0,0.9,0.873,,0.397,0.408,0.0,0.7,1.134,,0.0,0.0,0.0,0.0,0.0,,14.81,14.346,14.093,12.76,3.349,,,,,,,,,,,,,,,,,,
8480880,J. Lauko,BOS,C,0,0,56,2025-04-15,0.32,,,0.089,0.4,0.2,0.325,,,0.107,0.2,0.1,0.325,,,0.196,0.6,0.3,0.427,,,0.75,1.0,0.9,0.786,,,0.696,0.8,0.9,1.007,,,2.125,2.2,2.3,1.675,,,0.839,0.4,0.9,1.478,,,0.0,0.0,0.0,0.0,,,10.714,11.863,11.972,1.977,,,,,,,,,,,,,,,,,,
8480883,T. Smith,CAR,D,0,0,8,2025-01-10,1.0,,,0.125,0.0,0.125,0.331,,,0.125,0.2,0.125,0.331,,,0.25,0.2,0.25,0.433,,,1.75,2.2,1.75,1.299,,,0.625,0.6,0.625,0.857,,,0.25,0.2,0.25,0.433,,,0.5,0.4,0.5,0.866,,,0.125,0.0,0.125,0.331,,,13.665,13.44,13.665,1.319,,,,,,,,,,,,,,,,,,
8480885,O. Rodrigue,EDM,G,0,0,13,2025-05-25,0.15,,,,,,,,,,,,,,,,,,,,,,,,,,,,,,,,,,,,,,,0.0,0.0,0.0,0.0,,,,,,,,,5.955,0.0,5.742,15.776,,,1.923,0.0,1.8,4.999,,,0.308,0.0,0.3,0.821,,,2.231,0.0,2.1,5.82
8480887,J. Harris,BOS,D,0,9,42,2026-04-26,0.57,,0.111,0.048,0.0,0.1,0.271,,0.222,0.143,0.2,0.3,0.4,,0.333,0.19,0.2,0.4,0.449,,1.333,0.643,1.2,1.3,1.009,,0.889,1.024,1.2,0.8,0.891,,0.667,0.69,0.4,0.8,0.889,,0.0,0.143,0.0,0.0,0.0,,0.0,0.0,0.0,0.0,0.0,,15.644,12.3,15.597,15.923,4.314,,,,,,,,,,,,,,,,,,
8480890,J. Jenik,OTT,C,0,0,2,2025-02-26,0.0,,,0.0,0.0,0.0,,,,0.0,0.0,0.0,,,,0.0,0.0,0.0,,,,0.0,0.0,0.0,,,,0.0,0.0,0.0,,,,1.0,1.0,1.0,,,,0.0,0.0,0.0,,,,0.0,0.0,0.0,,,,7.692,7.692,7.692,,,,,,,,,,,,,,,,,,,
8480891,M. Kesselring,SJ,D,3,35,120,2026-10-05,1.0,0.0,0.0,0.058,0.0,0.0,0.0,0.0,0.057,0.2,0.0,0.1,0.271,0.0,0.057,0.258,0.0,0.1,0.271,0.667,1.314,1.65,0.4,1.1,1.176,1.333,1.086,0.908,0.8,0.7,1.055,0.667,0.714,0.95,0.6,0.7,0.835,0.0,1.429,1.158,0.0,0.7,3.095,0.0,0.0,0.008,0.0,0.0,0.0,20.617,13.138,16.433,16.263,13.657,4.086,,,,,,,,,,,,,,,,,,
8480893,K. Marchenko,TOR,W,4,76,159,2026-10-06,1.0,0.25,0.355,0.371,0.2,0.2,0.427,0.5,0.526,0.535,0.4,0.5,0.64,0.75,0.882,0.906,0.6,0.7,0.722,3.0,2.868,2.748,3.2,2.8,1.523,0.5,0.526,0.503,0.4,0.4,0.753,2.0,0.803,0.78,1.6,1.6,1.324,1.5,0.421,0.365,1.2,0.6,1.024,0.25,0.079,0.057,0.2,0.1,0.325,19.854,18.942,18.787,19.683,20.11,2.356,,,,,,,,,,,,,,,,,,
8480947,K. Lankinen,VAN,G,4,77,158,2026-10-04,0.75,,,,,,,,,,,,,,,,,,,,,,,,,,,,,,,,,,,,,0.0,0.052,0.025,0.0,0.0,0.392,,,,,,,36.896,33.667,36.454,41.517,39.548,26.408,17.5,14.61,15.241,19.8,18.3,12.47,4.0,2.078,1.949,4.4,3.4,2.25,21.25,16.688,17.184,24.0,21.6,14.029
8480950,I. Lyubushkin,DAL,D,0,55,149,2026-04-30,0.93,,0.018,0.013,0.0,0.0,0.0,,0.164,0.168,0.4,0.2,0.325,,0.182,0.181,0.4,0.2,0.325,,0.618,0.651,0.8,0.4,0.625,,1.673,1.631,1.4,1.4,0.9,,1.309,1.168,1.0,1.2,1.248,,0.727,0.51,0.4,0.4,1.833,,0.0,0.0,0.0,0.0,0.0,,15.66,16.718,15.23,14.353,2.947,,,,,,,,,,,,,,,,,,
8480980,C. Dewar,PIT,C,3,84,135,2026-10-05,1.0,0.0,0.19,0.148,0.2,0.2,0.325,0.0,0.19,0.163,0.0,0.0,0.49,0.0,0.381,0.311,0.2,0.2,0.546,1.667,1.417,1.326,2.6,1.5,1.567,0.667,0.571,0.644,0.4,0.5,0.625,2.333,1.94,2.215,2.4,2.6,1.949,0.667,0.25,0.274,0.4,0.4,1.17,0.0,0.0,0.0,0.0,0.0,0.0,14.506,13.917,13.091,15.207,14.493,2.32,,,,,,,,,,,,,,,,,,
8480981,J. Hofer,STL,G,3,82,174,2026-10-06,0.67,,,,,,,,,,,,,,,,,,,,,,,,,,,,,,,,,,,,,0.0,0.049,0.034,0.0,0.0,0.0,,,,,,,39.411,32.008,25.412,35.647,41.392,29.133,14.0,13.866,10.759,12.4,18.1,14.438,0.667,1.39,1.092,1.0,1.6,1.489,14.667,15.244,11.845,13.4,19.7,15.469
8480990,D. Chisholm,NJ,D,3,26,95,2026-10-06,1.0,0.0,0.038,0.032,0.0,0.1,0.196,0.333,0.231,0.179,0.4,0.4,0.427,0.333,0.269,0.211,0.4,0.5,0.449,0.667,0.769,0.958,0.4,0.6,1.141,1.333,0.846,1.0,1.2,0.8,0.977,0.0,0.423,0.463,0.0,0.3,0.625,0.0,0.154,0.147,0.0,0.0,0.543,0.0,0.0,0.011,0.0,0.0,0.0,14.1,13.726,16.007,13.583,12.647,2.121,,,,,,,,,,,,,,,,,,
8480995,P. Holmberg,TB,W,3,70,153,2026-10-05,1.0,0.333,0.157,0.124,0.2,0.1,0.325,0.333,0.157,0.163,0.2,0.1,0.367,0.667,0.314,0.288,0.4,0.2,0.531,2.0,1.286,1.144,1.6,1.8,1.2,0.333,0.443,0.608,0.4,0.2,0.546,0.667,0.943,0.843,0.6,0.9,0.849,0.667,0.443,0.418,1.2,1.0,1.632,0.0,0.0,0.0,0.0,0.0,0.0,14.494,13.349,13.016,13.033,12.877,1.903,,,,,,,,,,,,,,,,,,
8481004,J. Slavin,CAR,W,0,2,2,2026-04-11,1.0,,0.0,0.0,0.0,0.0,,,0.0,0.0,0.0,0.0,,,0.0,0.0,0.0,0.0,,,0.0,0.0,0.0,0.0,,,0.5,0.5,0.5,0.5,,,0.5,0.5,0.5,0.5,,,1.0,1.0,1.0,1.0,,,0.0,0.0,0.0,0.0,,,15.017,15.017,15.017,15.017,,,,,,,,,,,,,,,,,,,
8481006,T. Tucker,STL,D,0,69,110,2026-04-16,0.8,,0.043,0.064,0.0,0.0,0.196,,0.203,0.164,0.6,0.4,0.531,,0.246,0.227,0.6,0.4,0.546,,0.986,0.955,1.2,0.6,1.055,,0.739,0.836,1.0,0.8,0.907,,1.449,1.755,0.6,1.3,1.063,,1.174,1.273,0.0,0.4,3.47,,0.0,0.0,0.0,0.0,0.0,,14.36,14.436,17.047,15.073,2.58,,,,,,,,,,,,,,,,,,
8481013,J. Berggren,STL,W,3,51,129,2026-10-06,1.0,0.0,0.157,0.155,0.0,0.1,0.325,0.0,0.275,0.202,0.4,0.2,0.614,0.0,0.431,0.357,0.4,0.3,0.697,1.333,1.137,1.163,1.0,1.1,0.916,0.0,0.275,0.233,0.0,0.3,0.614,0.667,0.804,0.651,0.6,0.8,1.017,0.667,0.235,0.217,0.4,0.6,0.926,0.0,0.059,0.047,0.0,0.0,0.196,14.806,13.822,13.354,14.58,15.157,2.147,,,,,,,,,,,,,,,,,,
8481014,A. Romanov,NYI,D,3,15,82,2026-10-06,1.0,0.0,0.0,0.049,0.0,0.0,0.0,0.0,0.067,0.207,0.0,0.1,0.325,0.0,0.067,0.256,0.0,0.1,0.325,1.0,1.133,1.463,1.6,1.2,1.36,2.333,2.067,2.476,2.4,1.7,1.163,1.667,2.067,2.232,2.2,1.6,1.661,0.0,0.4,0.317,0.0,0.0,0.65,0.0,0.0,0.0,0.0,0.0,0.0,16.567,19.446,21.574,18.08,19.003,2.311,,,,,,,,,,,,,,,,,,
8481019,D. Gustafsson,WPG,C,0,0,40,2025-04-27,0.03,,,0.075,0.2,0.1,0.325,,,0.1,0.0,0.0,0.367,,,0.175,0.2,0.1,0.449,,,0.825,1.0,0.6,0.814,,,0.5,0.4,0.2,0.64,,,0.525,0.4,0.3,0.466,,,0.175,0.0,0.0,0.0,,,0.0,0.0,0.0,0.0,,,8.812,7.893,8.053,2.075,,,,,,,,,,,,,,,,,,
8481020,J. Annunen,NSH,G,1,82,164,2026-10-01,0.0,,,,,,,,,,,,,,,,,,,,,,,,,,,,,,,,,,,,,0.0,0.024,0.012,0.0,0.2,0.392,,,,,,,0.0,18.299,20.063,23.627,23.675,28.323,0.0,7.866,8.317,8.2,10.9,14.06,0.0,0.817,0.988,0.6,0.6,1.054,0.0,8.671,9.299,8.8,11.5,14.775
8481024,L. Karlsson,VAN,C,4,79,106,2026-10-04,1.0,0.0,0.19,0.17,0.0,0.0,0.463,1.0,0.253,0.255,0.8,0.6,0.566,1.0,0.443,0.425,0.8,0.6,0.697,1.75,1.468,1.425,1.8,1.4,0.849,0.25,0.278,0.292,0.6,0.7,0.632,0.25,1.051,1.047,0.2,0.2,0.571,0.5,0.532,0.472,0.4,0.2,2.03,0.0,0.025,0.028,0.0,0.0,0.0,14.767,12.514,12.256,15.077,14.538,1.726,,,,,,,,,,,,,,,,,,
8481028,M. Pospisil,CGY,C,3,22,106,2026-10-04,1.0,0.0,0.045,0.047,0.0,0.0,0.196,0.0,0.091,0.217,0.0,0.1,0.271,0.0,0.136,0.264,0.0,0.1,0.325,1.667,0.864,1.302,1.0,0.8,1.076,0.333,0.273,0.311,0.2,0.2,0.531,5.333,3.818,3.783,5.2,5.2,2.227,0.667,0.773,0.972,0.8,0.4,1.242,0.0,0.0,0.009,0.0,0.0,0.0,12.894,10.152,13.023,11.327,10.628,2.037,,,,,,,,,,,,,,,,,,
8481030,J. St. Ivany,WPG,D,1,20,40,2026-10-05,1.0,0.0,0.0,0.0,0.0,0.0,0.0,0.0,0.35,0.2,0.0,0.4,0.665,0.0,0.35,0.2,0.0,0.4,0.665,0.0,0.85,0.725,0.2,0.2,1.001,1.0,1.2,1.25,0.6,1.1,0.894,1.0,2.4,2.175,1.8,2.1,1.52,0.0,0.3,0.575,0.0,0.2,0.854,0.0,0.0,0.0,0.0,0.0,0.0,14.167,16.326,16.292,15.51,16.605,3.805,,,,,,,,,,,,,,,,,,
8481032,P. Cotter,VAN,W,4,79,167,2026-10-04,0.75,1.0,0.114,0.174,0.8,0.5,0.601,0.5,0.076,0.09,0.4,0.2,0.325,1.5,0.19,0.263,1.2,0.7,0.693,1.75,0.772,0.976,2.2,1.2,1.04,0.25,0.278,0.347,0.4,0.2,0.49,3.0,2.43,2.82,2.6,2.3,1.461,0.0,0.241,0.497,0.0,0.0,0.392,0.25,0.0,0.006,0.2,0.1,0.196,15.225,10.678,12.034,14.683,12.267,3.041,,,,,,,,,,,,,,,,,,
8481033,A. Schmid,FLA,G,4,75,104,2026-10-06,0.25,,,,,,,,,,,,,,,,,,,,,,,,,,,,,,,,,,,,,0.0,0.0,0.0,0.0,0.0,0.0,,,,,,,15.808,26.21,21.981,12.647,11.843,25.962,7.0,9.413,7.962,5.6,4.4,10.038,1.0,1.133,0.904,0.8,0.8,1.47,8.0,10.547,8.865,6.4,5.2,11.383
8481035,S. Ersson,OTT,G,3,85,153,2026-10-06,0.67,,,,,,,,,,,,,,,,,,,,,,,,,,,,,,,,,,,,,0.0,0.024,0.026,0.0,0.0,0.0,,,,,,,25.978,21.96,29.714,15.587,7.793,24.051,13.0,7.612,11.19,7.8,3.9,9.608,1.667,1.141,1.556,1.0,0.5,1.166,14.667,8.753,12.745,8.8,4.4,10.591
8481042,N. Kovalenko,SJ,W,0,0,57,2025-04-16,0.56,,,0.123,0.2,0.1,0.325,,,0.228,0.2,0.2,0.463,,,0.351,0.4,0.3,0.531,,,0.789,0.4,0.4,0.625,,,0.421,0.6,0.4,0.676,,,1.474,1.4,1.5,1.318,,,0.281,0.0,0.0,0.862,,,0.053,0.0,0.0,0.196,,,12.34,15.283,13.787,1.996,,,,,,,,,,,,,,,,,,
8481043,C. Koepke,WPG,W,1,66,140,2026-10-05,0.0,0.0,0.121,0.129,0.2,0.1,0.325,0.0,0.136,0.114,0.2,0.1,0.325,0.0,0.258,0.243,0.4,0.2,0.427,1.0,1.303,1.229,1.4,1.7,1.054,1.0,0.288,0.329,1.0,1.0,0.697,0.0,2.818,2.593,2.0,2.2,1.523,0.0,0.242,0.236,0.0,0.2,0.392,0.0,0.0,0.0,0.0,0.0,0.0,8.483,10.459,10.855,12.567,12.418,2.363,,,,,,,,,,,,,,,,,,
8481056,S. Stastney,EDM,D,0,66,89,2026-03-19,0.96,,0.03,0.022,0.0,0.0,0.196,,0.121,0.124,0.0,0.0,0.0,,0.152,0.146,0.0,0.0,0.196,,0.848,0.798,0.2,0.3,0.889,,0.955,0.978,1.0,0.7,1.265,,0.197,0.236,0.0,0.0,0.367,,0.303,0.27,0.4,0.6,0.8,,0.0,0.0,0.0,0.0,0.0,,15.503,15.677,15.343,15.84,2.055,,,,,,,,,,,,,,,,,,
8481059,S. Perunovich,NYI,D,0,0,35,2025-04-17,0.83,,,0.057,0.0,0.0,0.196,,,0.2,0.2,0.2,0.512,,,0.257,0.2,0.2,0.531,,,0.514,1.0,0.7,0.804,,,1.057,1.8,1.5,0.863,,,0.429,0.2,0.5,0.48,,,0.286,0.4,0.4,0.543,,,0.0,0.0,0.0,0.0,,,16.007,19.43,19.058,3.637,,,,,,,,,,,,,,,,,,
8481064,M. Gibson,WSH,G,0,2,3,2026-04-11,0.0,,,,,,,,,,,,,,,,,,,,,,,,,,,,,,,,,,,,,,0.0,0.0,0.0,0.0,0.0,,,,,,,,0.0,0.0,0.0,0.0,0.0,,0.0,0.0,0.0,0.0,0.0,,0.0,0.0,0.0,0.0,0.0,,0.0,0.0,0.0,0.0,0.0
8481065,A. Crookshank,NJ,C,0,8,16,2025-12-19,0.12,,0.125,0.062,0.2,0.1,0.242,,0.0,0.062,0.0,0.1,0.242,,0.125,0.125,0.2,0.2,0.331,,0.5,0.812,0.8,0.7,1.13,,0.875,0.688,0.8,0.7,0.682,,0.625,1.0,0.8,0.9,0.791,,0.5,0.25,0.4,0.4,0.661,,0.0,0.0,0.0,0.0,0.0,,8.606,9.22,8.38,9.263,2.245,,,,,,,,,,,,,,,,,,
8481068,Y. Sharangovich,CGY,C,3,78,154,2026-10-04,1.0,0.0,0.192,0.208,0.0,0.1,0.325,0.333,0.179,0.195,0.2,0.1,0.427,0.333,0.372,0.403,0.2,0.2,0.48,0.667,1.821,1.766,1.2,1.0,1.063,0.333,0.397,0.409,0.4,0.3,0.546,0.667,0.269,0.24,0.6,0.3,0.546,0.0,0.154,0.13,0.4,0.2,0.543,0.0,0.051,0.058,0.0,0.0,0.0,16.511,16.044,16.344,15.01,14.962,1.88,,,,,,,,,,,,,,,,,,
8481070,H. McGing,STL,W,0,3,3,2025-12-15,0.33,,0.333,0.333,0.333,0.333,0.471,,0.333,0.333,0.333,0.333,0.471,,0.667,0.667,0.667,0.667,0.471,,1.333,1.333,1.333,1.333,0.471,,0.667,0.667,0.667,0.667,0.471,,0.0,0.0,0.0,0.0,0.0,,0.0,0.0,0.0,0.0,0.0,,0.0,0.0,0.0,0.0,0.0,,10.872,10.872,10.872,10.872,2.171,,,,,,,,,,,,,,,,,,
8481077,J. Leonard,DET,W,0,11,11,2026-03-16,0.55,,0.182,0.182,0.0,0.2,0.386,,0.182,0.182,0.0,0.2,0.386,,0.364,0.364,0.0,0.4,0.481,,1.0,1.0,0.8,0.9,0.853,,0.818,0.818,1.0,0.8,0.575,,1.091,1.091,1.0,1.1,0.9,,0.0,0.0,0.0,0.0,0.0,,0.0,0.0,0.0,0.0,0.0,,11.502,11.502,9.637,11.348,1.993,,,,,,,,,,,,,,,,,,
8481093,R. Harvey-Pinard,PIT,W,0,1,2,2026-04-14,0.0,,0.0,0.0,0.0,0.0,,,0.0,0.0,0.0,0.0,,,0.0,0.0,0.0,0.0,,,2.0,1.0,1.0,1.0,,,0.0,0.0,0.0,0.0,,,0.0,0.5,0.5,0.5,,,0.0,0.0,0.0,0.0,,,0.0,0.0,0.0,0.0,,,11.017,9.958,9.958,9.958,,,,,,,,,,,,,,,,,,,
8481122,S. Benoit,PHI,D,3,73,167,2026-10-05,0.67,0.0,0.0,0.012,0.0,0.0,0.0,0.0,0.082,0.096,0.2,0.1,0.325,0.0,0.082,0.108,0.2,0.1,0.325,0.333,0.822,0.719,1.0,1.2,0.863,0.333,1.562,1.587,1.0,1.2,1.261,2.0,2.658,2.671,2.0,2.1,1.442,2.333,0.562,0.701,1.4,0.7,1.17,0.0,0.0,0.0,0.0,0.0,0.0,14.611,17.296,16.983,16.133,17.133,1.982,,,,,,,,,,,,,,,,,,
8481133,C. Reinhardt,FLA,W,0,59,76,2026-04-15,0.22,,0.153,0.132,1.0,0.5,0.531,,0.102,0.092,0.4,0.2,0.271,,0.254,0.224,1.4,0.7,0.625,,0.831,0.816,2.0,1.1,1.183,,0.271,0.237,0.2,0.6,0.637,,2.186,2.184,2.8,3.3,1.899,,0.356,0.474,0.4,0.2,1.411,,0.0,0.0,0.0,0.0,0.0,,10.649,10.102,14.2,13.198,2.547,,,,,,,,,,,,,,,,,,
8481147,R. Johnson,MIN,C,0,0,3,2024-12-14,0.0,,,0.0,0.0,0.0,0.0,,,0.0,0.0,0.0,0.0,,,0.0,0.0,0.0,0.0,,,0.333,0.333,0.333,0.471,,,1.0,1.0,1.0,0.816,,,2.0,2.0,2.0,0.816,,,0.0,0.0,0.0,0.0,,,0.0,0.0,0.0,0.0,,,9.528,9.528,9.528,0.994,,,,,,,,,,,,,,,,,,
8481161,J. Christiansen,CBJ,D,2,40,110,2026-10-03,0.0,0.0,0.0,0.009,0.0,0.0,0.0,0.0,0.075,0.091,0.2,0.1,0.325,0.0,0.075,0.1,0.2,0.1,0.325,0.0,0.65,0.764,0.4,0.4,0.852,1.0,0.6,0.827,0.6,1.1,1.106,1.5,0.75,0.755,1.2,0.8,1.007,0.0,0.2,0.173,0.4,0.4,0.65,0.0,0.0,0.0,0.0,0.0,0.0,8.433,10.044,11.558,7.427,9.245,2.415,,,,,,,,,,,,,,,,,,
8481167,B. Pachal,CGY,D,0,39,115,2026-04-16,0.83,,0.026,0.035,0.2,0.1,0.196,,0.154,0.13,0.4,0.3,0.431,,0.179,0.165,0.6,0.4,0.612,,0.718,0.774,0.4,0.7,0.709,,1.026,1.07,2.0,1.7,1.155,,2.282,2.157,1.0,1.9,1.941,,1.205,1.174,0.4,0.4,1.376,,0.0,0.0,0.0,0.0,0.0,,13.876,14.117,14.847,15.418,2.449,,,,,,,,,,,,,,,,,,
8481178,E. Zamula,CBJ,D,0,33,96,2026-04-12,0.83,,0.0,0.031,0.0,0.0,0.0,,0.091,0.156,0.0,0.1,0.271,,0.091,0.188,0.0,0.1,0.271,,0.545,0.573,0.4,0.4,0.7,,1.212,1.365,0.6,1.1,0.98,,0.212,0.323,0.2,0.4,0.512,,0.121,0.104,0.0,0.0,0.392,,0.0,0.0,0.0,0.0,0.0,,13.067,15.335,9.807,10.363,3.835,,,,,,,,,,,,,,,,,,
8481186,L. O'Connor,COL,W,0,26,113,2026-05-26,0.74,,0.038,0.115,0.0,0.0,0.196,,0.115,0.159,0.0,0.1,0.271,,0.154,0.274,0.0,0.1,0.325,,1.077,1.133,1.0,1.3,1.211,,0.231,0.54,0.2,0.2,0.427,,1.154,0.982,0.6,1.9,1.405,,0.154,0.407,0.0,0.0,0.392,,0.0,0.0,0.0,0.0,0.0,,11.286,13.434,11.18,11.472,1.966,,,,,,,,,,,,,,,,,,
8481206,J. Ludvig,COL,D,0,0,8,2024-12-05,0.62,,,0.0,0.0,0.0,0.0,,,0.25,0.2,0.25,0.433,,,0.25,0.2,0.25,0.433,,,1.125,1.4,1.125,1.269,,,0.75,0.8,0.75,0.433,,,2.0,2.2,2.0,1.323,,,0.75,1.2,0.75,0.968,,,0.0,0.0,0.0,0.0,,,12.95,12.297,12.95,2.261,,,,,,,,,,,,,,,,,,
8481219,J. Aspirot,BOS,D,3,67,70,2026-10-03,1.0,0.0,0.045,0.043,0.0,0.0,0.196,0.0,0.179,0.171,0.0,0.2,0.463,0.0,0.224,0.214,0.0,0.2,0.49,1.333,0.776,0.8,1.4,1.1,0.824,2.0,1.403,1.429,1.6,2.0,1.048,1.333,1.448,1.443,1.2,1.6,0.891,1.333,0.672,0.7,1.2,0.6,1.024,0.0,0.0,0.0,0.0,0.0,0.0,16.633,16.702,16.699,17.15,16.878,1.692,,,,,,,,,,,,,,,,,,
8481237,K. MacLean,NYI,C,0,59,140,2026-04-12,0.16,,0.034,0.043,0.0,0.0,0.0,,0.085,0.086,0.0,0.0,0.325,,0.119,0.129,0.0,0.0,0.325,,0.729,0.743,0.6,0.7,0.566,,0.39,0.371,0.4,0.7,0.693,,2.051,1.636,2.8,2.5,1.317,,0.678,0.386,0.4,0.2,1.134,,0.0,0.0,0.0,0.0,0.0,,10.519,10.197,10.707,10.302,1.612,,,,,,,,,,,,,,,,,,
8481320,M. Matyas,SEA,G,0,0,1,2024-12-08,0.0,,,,,,,,,,,,,,,,,,,,,,,,,,,,,,,,,,,,,,,0.0,0.0,0.0,,,,,,,,,,0.0,0.0,0.0,,,,0.0,0.0,0.0,,,,0.0,0.0,0.0,,,,0.0,0.0,0.0,
8481422,J. Lucchini,NSH,C,0,0,3,2025-03-06,0.67,,,0.0,0.0,0.0,0.0,,,0.0,0.0,0.0,0.0,,,0.0,0.0,0.0,0.0,,,0.667,0.667,0.667,0.471,,,0.0,0.0,0.0,0.0,,,0.667,0.667,0.667,0.943,,,0.667,0.667,0.667,0.943,,,0.0,0.0,0.0,0.0,,,11.489,11.489,11.489,2.101,,,,,,,,,,,,,,,,,,
8481461,C. Schueneman,STL,D,0,0,4,2024-11-21,1.0,,,0.0,0.0,0.0,0.0,,,0.0,0.0,0.0,0.0,,,0.0,0.0,0.0,0.0,,,1.0,1.0,1.0,1.225,,,1.75,1.75,1.75,1.299,,,0.25,0.25,0.25,0.433,,,0.0,0.0,0.0,0.0,,,0.0,0.0,0.0,0.0,,,14.05,14.05,14.05,1.031,,,,,,,,,,,,,,,,,,
8481462,M. Morelli,VGK,W,0,0,1,2024-11-25,0.0,,,0.0,0.0,0.0,,,,0.0,0.0,0.0,,,,0.0,0.0,0.0,,,,0.0,0.0,0.0,,,,0.0,0.0,0.0,,,,4.0,4.0,4.0,,,,0.0,0.0,0.0,,,,0.0,0.0,0.0,,,,7.517,7.517,7.517,,,,,,,,,,,,,,,,,,,
8481477,N. Sturm,MIN,C,0,57,127,2026-05-13,0.24,,0.105,0.102,0.2,0.1,0.325,,0.175,0.134,0.4,0.4,0.463,,0.281,0.236,0.6,0.5,0.531,,0.825,0.858,1.6,1.2,0.873,,0.404,0.465,0.6,0.4,0.49,,1.263,1.535,1.8,2.0,1.269,,0.281,0.283,0.0,0.2,0.733,,0.0,0.0,0.0,0.0,0.0,,10.869,10.527,10.807,10.85,1.682,,,,,,,,,,,,,,,,,,
8481481,B. Lizotte,PIT,C,3,61,123,2026-10-05,1.0,0.0,0.115,0.146,0.0,0.0,0.196,0.0,0.23,0.187,0.2,0.2,0.601,0.0,0.344,0.333,0.2,0.2,0.614,2.0,0.852,0.886,1.4,1.0,1.001,1.0,0.623,0.569,0.8,0.8,0.748,0.0,0.984,0.976,1.0,1.3,1.017,0.667,0.443,0.447,0.4,0.4,0.733,0.0,0.0,0.008,0.0,0.0,0.0,13.411,13.906,13.326,14.46,14.12,1.668,,,,,,,,,,,,,,,,,,
8481486,J. Schuldt,SJ,D,0,0,8,2025-04-16,0.88,,,0.0,0.0,0.0,0.0,,,0.0,0.0,0.0,0.0,,,0.0,0.0,0.0,0.0,,,0.5,0.0,0.5,1.0,,,0.625,0.6,0.625,0.696,,,1.625,1.4,1.625,1.409,,,0.0,0.0,0.0,0.0,,,0.0,0.0,0.0,0.0,,,13.783,12.95,13.783,2.111,,,,,,,,,,,,,,,,,,
8481491,N. Philp,CAR,C,0,17,32,2026-01-06,0.12,,0.118,0.062,0.0,0.0,0.271,,0.059,0.094,0.0,0.0,0.271,,0.176,0.156,0.0,0.0,0.367,,0.824,0.969,0.6,0.8,0.849,,0.118,0.281,0.0,0.1,0.49,,1.765,1.406,2.0,1.8,1.015,,0.235,0.188,0.0,0.0,0.543,,0.0,0.0,0.0,0.0,0.0,,9.943,9.536,8.873,9.205,2.172,,,,,,,,,,,,,,,,,,
8481517,B. Leason,WSH,W,0,6,68,2026-01-17,0.56,,0.0,0.074,0.0,0.0,0.0,,0.0,0.176,0.0,0.0,0.271,,0.0,0.25,0.0,0.0,0.271,,0.167,1.176,0.2,0.3,0.637,,0.0,0.647,0.0,0.1,1.04,,1.667,1.088,1.8,1.4,0.935,,0.0,0.324,0.0,0.2,0.733,,0.0,0.015,0.0,0.0,0.0,,8.581,12.593,9.183,9.347,2.381,,,,,,,,,,,,,,,,,,
8481518,N. Foote,FLA,W,0,12,19,2026-04-15,0.16,,0.083,0.053,0.0,0.1,0.223,,0.0,0.053,0.0,0.0,0.223,,0.083,0.105,0.0,0.1,0.307,,1.083,0.947,0.6,0.8,1.05,,0.333,0.263,0.2,0.4,0.547,,2.25,2.0,2.8,2.3,1.257,,0.5,0.316,0.4,0.4,0.729,,0.0,0.0,0.0,0.0,0.0,,10.793,10.436,11.177,11.143,2.251,,,,,,,,,,,,,,,,,,
8481519,S. Knight,CHI,G,4,77,163,2026-10-06,0.75,,,,,,,,,,,,,,,,,,,,,,,,,,,,,,,,,,,,,0.0,0.0,0.0,0.0,0.0,0.0,,,,,,,44.7,42.769,34.815,47.76,41.708,26.952,20.5,18.545,14.859,19.4,15.3,13.267,2.5,2.013,1.626,2.4,2.7,1.96,23.0,20.558,16.479,21.8,18.0,14.603
8481522,P. Krebs,BUF,C,3,95,179,2026-10-06,1.0,0.0,0.147,0.134,0.0,0.0,0.4,0.667,0.326,0.285,0.4,0.2,0.466,0.667,0.474,0.419,0.4,0.2,0.574,0.667,1.084,1.034,0.6,0.6,0.891,0.0,0.516,0.453,0.4,0.3,0.755,1.0,2.4,2.05,1.2,1.7,1.388,0.667,1.053,0.905,2.8,1.6,2.474,0.0,0.0,0.006,0.0,0.0,0.0,14.672,13.876,13.915,12.33,13.553,3.143,,,,,,,,,,,,,,,,,,
8481523,K. Dach,MTL,C,3,56,116,2026-10-06,0.0,0.0,0.214,0.19,0.0,0.0,0.367,0.333,0.143,0.181,0.2,0.1,0.325,0.333,0.357,0.371,0.2,0.1,0.531,0.333,1.179,1.302,0.2,0.5,1.107,1.333,0.661,0.664,1.0,0.8,0.806,2.0,1.589,1.681,1.8,2.0,1.2,0.667,0.911,0.802,0.8,1.4,2.049,0.0,0.0,0.009,0.0,0.0,0.0,10.806,12.576,14.053,10.31,10.198,1.192,,,,,,,,,,,,,,,,,,
8481524,B. Byram,CHI,D,3,95,180,2026-10-06,1.0,0.0,0.158,0.122,0.0,0.1,0.4,0.0,0.358,0.361,0.2,0.1,0.531,0.0,0.516,0.483,0.2,0.2,0.7,0.667,1.453,1.3,1.0,1.6,1.134,1.333,1.105,1.256,1.2,1.0,0.98,0.0,0.632,0.75,0.6,0.6,0.755,0.0,0.632,0.589,0.0,1.0,1.3,0.0,0.021,0.011,0.0,0.1,0.196,23.772,22.348,22.531,23.9,22.518,1.896,,,,,,,,,,,,,,,,,,
8481525,M. Robertson,NYR,D,0,72,74,2026-04-15,0.99,,0.083,0.081,0.2,0.2,0.271,,0.167,0.162,0.0,0.1,0.4,,0.25,0.243,0.2,0.3,0.449,,1.097,1.095,0.8,0.8,1.184,,1.111,1.095,0.6,0.8,0.601,,1.486,1.473,1.4,1.4,0.806,,0.528,0.514,0.4,0.2,0.733,,0.0,0.0,0.0,0.0,0.0,,17.404,17.411,16.157,16.743,2.065,,,,,,,,,,,,,,,,,,
8481526,T. Gauthier,PIT,G,0,1,1,2026-04-05,0.0,,,,,,,,,,,,,,,,,,,,,,,,,,,,,,,,,,,,,,0.0,0.0,0.0,0.0,,,,,,,,,0.0,0.0,0.0,0.0,,,0.0,0.0,0.0,0.0,,,0.0,0.0,0.0,0.0,,,0.0,0.0,0.0,0.0,
8481527,K. Korczak,PIT,D,3,91,135,2026-10-05,1.0,0.0,0.033,0.022,0.0,0.0,0.0,1.0,0.176,0.215,0.6,0.5,0.614,1.0,0.209,0.237,0.6,0.5,0.614,1.333,0.692,0.756,0.8,0.4,0.7,2.333,1.143,1.126,1.4,1.3,0.999,0.333,1.374,1.378,0.6,1.0,1.287,0.0,0.286,0.207,0.0,0.0,0.392,0.0,0.0,0.0,0.0,0.0,0.0,16.511,15.412,15.319,14.993,13.1,2.425,,,,,,,,,,,,,,,,,,
8481528,D. Cozens,OTT,C,3,86,177,2026-10-06,1.0,0.0,0.349,0.266,0.2,0.3,0.449,0.0,0.36,0.356,0.0,0.1,0.4,0.0,0.709,0.621,0.2,0.4,0.574,2.333,2.512,2.395,2.6,2.8,1.484,0.667,0.302,0.418,0.6,0.5,0.566,3.667,2.756,2.712,4.8,4.0,1.811,0.0,0.686,0.785,0.0,0.2,0.733,0.0,0.151,0.102,0.0,0.0,0.196,18.8,17.178,17.131,18.01,18.893,2.513,,,,,,,,,,,,,,,,,,
8481529,T. Miner,COL,G,0,19,30,2026-01-12,0.2,,,,,,,,,,,,,,,,,,,,,,,,,,,,,,,,,,,,,,0.0,0.0,0.0,0.0,0.0,,,,,,,,12.451,10.94,24.67,18.523,21.762,,5.105,4.2,11.4,7.7,9.052,,0.421,0.4,0.8,0.8,1.085,,5.474,4.567,12.0,8.4,9.686
8481532,A. Turcotte,LA,C,3,63,137,2026-10-06,0.67,0.0,0.048,0.088,0.0,0.0,0.0,0.333,0.175,0.204,0.2,0.2,0.4,0.333,0.222,0.292,0.2,0.2,0.4,0.333,1.063,1.073,0.2,0.4,1.017,0.333,0.571,0.504,0.8,0.9,0.843,1.333,0.905,0.803,2.4,1.9,1.274,1.333,0.333,0.328,0.8,0.4,0.733,0.0,0.0,0.007,0.0,0.0,0.0,14.106,10.851,11.25,12.27,11.155,2.499,,,,,,,,,,,,,,,,,,
8481533,T. Zegras,PHI,C,4,91,152,2026-10-05,1.0,0.0,0.308,0.263,0.0,0.1,0.512,0.25,0.495,0.434,0.4,0.2,0.5,0.25,0.802,0.697,0.4,0.3,0.722,0.5,1.967,1.836,0.4,0.8,1.67,0.25,0.341,0.388,0.2,0.2,0.574,0.0,0.747,0.776,0.0,1.3,1.563,1.0,0.967,0.757,0.8,2.0,3.314,0.0,0.121,0.079,0.0,0.0,0.325,18.704,18.649,18.047,18.667,19.245,2.981,,,,,,,,,,,,,,,,,,
8481534,R. Lavoie,VGK,C,0,1,10,2026-03-03,0.2,,0.0,0.0,0.0,0.0,0.0,,0.0,0.0,0.0,0.0,0.0,,0.0,0.0,0.0,0.0,0.0,,0.0,1.0,0.8,1.0,1.342,,0.0,0.0,0.0,0.0,0.0,,1.0,1.7,1.2,1.7,0.9,,0.0,0.2,0.4,0.2,0.6,,0.0,0.0,0.0,0.0,0.0,,8.567,9.93,9.073,9.93,2.032,,,,,,,,,,,,,,,,,,
8481535,N. Hoglander,NSH,W,3,38,113,2026-10-06,0.0,1.0,0.053,0.115,0.6,0.3,0.49,0.0,0.079,0.177,0.2,0.1,0.196,1.0,0.132,0.292,0.8,0.4,0.512,1.333,0.921,1.08,1.2,1.1,0.688,0.0,0.211,0.274,0.0,0.1,0.4,1.0,1.368,1.159,1.0,1.4,0.88,0.0,0.211,0.336,0.0,0.0,0.392,0.333,0.0,0.009,0.2,0.1,0.196,10.928,11.522,11.893,12.087,12.02,2.075,,,,,,,,,,,,,,,,,,
8481536,D.Misyul,NJ,D,0,0,1,2024-10-22,1.0,,,0.0,0.0,0.0,,,,0.0,0.0,0.0,,,,0.0,0.0,0.0,,,,0.0,0.0,0.0,,,,1.0,1.0,1.0,,,,1.0,1.0,1.0,,,,0.0,0.0,0.0,,,,0.0,0.0,0.0,,,,12.383,12.383,12.383,,,,,,,,,,,,,,,,,,,
8481538,J. Caulfield,ANA,W,2,0,2,2026-10-04,0.5,0.0,,0.0,0.0,0.0,,0.0,,0.0,0.0,0.0,,0.0,,0.0,0.0,0.0,,0.0,,0.0,0.0,0.0,,0.0,,0.0,0.0,0.0,,2.0,,2.0,2.0,2.0,,0.0,,0.0,0.0,0.0,,0.0,,0.0,0.0,0.0,,11.55,,11.55,11.55,11.55,,,,,,,,,,,,,,,,,,,
8481540,C. Caufield,MTL,W,3,100,190,2026-10-06,1.0,0.667,0.57,0.521,0.6,0.4,0.557,0.0,0.44,0.411,0.0,0.3,0.531,0.667,1.01,0.932,0.6,0.7,0.742,2.333,3.01,3.011,2.4,2.3,1.942,0.333,0.24,0.295,0.2,0.3,0.367,1.667,0.77,0.805,1.6,1.2,1.287,1.333,0.14,0.168,0.8,0.4,0.543,0.0,0.15,0.142,0.2,0.1,0.4,20.167,18.222,18.225,19.61,18.808,2.694,,,,,,,,,,,,,,,,,,
8481541,S. Bolduc,NYI,D,0,0,1,2024-11-03,0.0,,,0.0,0.0,0.0,,,,0.0,0.0,0.0,,,,0.0,0.0,0.0,,,,0.0,0.0,0.0,,,,0.0,0.0,0.0,,,,0.0,0.0,0.0,,,,0.0,0.0,0.0,,,,0.0,0.0,0.0,,,,5.933,5.933,5.933,,,,,,,,,,,,,,,,,,,
8481542,M. Seider,DET,D,3,82,167,2026-10-06,1.0,0.0,0.122,0.108,0.0,0.1,0.325,0.333,0.61,0.533,0.2,0.6,0.96,0.333,0.732,0.641,0.2,0.7,1.155,2.667,2.28,2.138,3.0,2.2,1.673,2.333,2.195,2.204,1.8,2.3,1.708,1.333,1.561,2.06,1.0,1.6,1.058,0.667,0.695,0.593,0.4,0.4,1.091,0.0,0.037,0.042,0.0,0.1,0.271,24.989,25.666,25.362,23.53,25.205,2.986,,,,,,,,,,,,,,,,,,
8481544,M. Sogaard,OTT,G,0,4,9,2026-01-25,0.44,,,,,,,,,,,,,,,,,,,,,,,,,,,,,,,,,,,,,,0.0,0.222,0.0,0.222,0.629,,,,,,,,19.354,18.774,15.483,18.774,23.983,,7.5,6.889,6.0,6.889,8.061,,1.5,1.556,1.2,1.556,2.006,,9.0,8.444,7.2,8.444,9.616
8481546,C. York,PHI,D,4,84,155,2026-10-05,1.0,0.0,0.06,0.058,0.0,0.1,0.196,0.0,0.274,0.232,0.0,0.0,0.271,0.0,0.333,0.29,0.0,0.1,0.325,1.0,1.274,1.135,0.8,1.6,1.274,2.0,2.036,1.968,3.2,2.6,1.523,1.25,0.452,0.665,1.2,1.1,0.938,0.0,0.405,0.387,0.0,0.4,0.65,0.0,0.012,0.006,0.0,0.0,0.0,22.708,22.635,21.702,23.083,23.882,2.312,,,,,,,,,,,,,,,,,,
8481547,S. Lundmark,TB,D,0,1,1,2026-01-24,1.0,,0.0,0.0,0.0,0.0,,,0.0,0.0,0.0,0.0,,,0.0,0.0,0.0,0.0,,,1.0,1.0,1.0,1.0,,,2.0,2.0,2.0,2.0,,,2.0,2.0,2.0,2.0,,,0.0,0.0,0.0,0.0,,,0.0,0.0,0.0,0.0,,,16.75,16.75,16.75,16.75,,,,,,,,,,,,,,,,,,,
8481551,C. Ellis,BUF,G,3,54,57,2026-10-06,0.33,,,,,,,,,,,,,,,,,,,,,,,,,,,,,,,,,,,,,0.0,0.0,0.0,0.0,0.0,0.0,,,,,,,21.456,16.877,17.118,25.873,24.35,22.385,6.0,7.611,7.526,8.6,10.0,9.629,0.667,0.815,0.807,1.0,0.8,0.882,6.667,8.426,8.333,9.6,10.8,10.228
8481553,B. Brink,MIN,W,3,72,154,2026-10-06,0.33,0.0,0.208,0.175,0.0,0.0,0.271,0.667,0.222,0.305,0.4,0.3,0.449,0.667,0.431,0.481,0.4,0.3,0.557,1.667,1.472,1.403,1.2,1.1,0.816,0.667,0.625,0.5,1.2,0.8,0.873,1.0,1.236,1.234,0.8,1.7,1.15,0.0,0.389,0.325,0.4,0.4,0.926,0.0,0.042,0.032,0.0,0.0,0.0,12.156,15.266,14.982,13.953,15.263,3.562,,,,,,,,,,,,,,,,,,
8481554,K. Kakko,SEA,W,4,65,148,2026-10-06,1.0,0.25,0.2,0.189,0.2,0.1,0.427,0.75,0.415,0.405,0.6,0.6,0.693,1.0,0.615,0.595,0.8,0.7,0.88,0.75,1.2,1.338,1.4,0.7,1.222,0.75,0.185,0.291,0.6,0.4,0.449,0.5,0.462,0.676,0.4,0.2,0.614,0.0,0.215,0.351,0.0,0.0,0.543,0.0,0.031,0.041,0.0,0.0,0.196,14.55,14.257,14.991,14.1,14.468,1.816,,,,,,,,,,,,,,,,,,
8481556,J. Beecher,CGY,C,0,35,113,2026-04-09,0.35,,0.086,0.053,0.4,0.2,0.392,,0.114,0.106,0.2,0.2,0.325,,0.2,0.159,0.6,0.4,0.49,,1.057,0.717,2.0,1.6,1.113,,0.886,0.903,1.6,1.3,1.038,,0.657,0.956,0.6,0.5,0.806,,0.886,0.504,0.4,0.2,3.791,,0.0,0.0,0.0,0.0,0.0,,10.434,11.021,12.287,11.972,2.34,,,,,,,,,,,,,,,,,,
8481557,M. Boldy,MIN,W,3,87,178,2026-10-06,1.0,0.0,0.563,0.455,0.0,0.4,0.697,0.0,0.563,0.545,0.4,0.4,0.64,0.0,1.126,1.0,0.4,0.8,1.017,5.333,3.471,3.421,4.4,4.3,1.918,1.333,0.759,0.809,0.8,0.9,0.999,0.667,0.908,0.815,1.4,1.3,1.07,0.667,0.391,0.5,0.4,0.2,0.733,0.0,0.138,0.101,0.0,0.1,0.196,20.983,20.952,20.783,21.943,21.568,4.306,,,,,,,,,,,,,,,,,,
8481558,J. Farinacci,BOS,C,0,0,1,2025-04-15,0.0,,,1.0,1.0,1.0,,,,0.0,0.0,0.0,,,,1.0,1.0,1.0,,,,1.0,1.0,1.0,,,,0.0,0.0,0.0,,,,3.0,3.0,3.0,,,,0.0,0.0,0.0,,,,0.0,0.0,0.0,,,,10.967,10.967,10.967,,,,,,,,,,,,,,,,,,,
8481559,J. Hughes,NJ,C,3,61,126,2026-10-06,1.0,0.333,0.443,0.437,0.2,0.4,0.843,0.333,0.82,0.746,0.6,0.7,0.999,0.667,1.262,1.183,0.8,1.1,1.386,4.333,3.738,3.73,3.6,4.2,1.582,0.333,0.525,0.492,0.2,1.0,1.127,0.0,0.066,0.087,0.0,0.1,0.196,0.0,0.164,0.222,0.4,0.6,0.733,0.0,0.066,0.079,0.0,0.0,0.271,22.783,21.316,21.146,23.0,22.645,2.277,,,,,,,,,,,,,,,,,,
8481560,A. Kaliyev,OTT,W,0,2,16,2025-10-18,0.38,,0.0,0.188,0.0,0.2,0.39,,0.5,0.125,0.2,0.2,0.331,,0.5,0.312,0.2,0.4,0.464,,2.0,1.562,1.2,1.7,0.933,,0.0,0.125,0.0,0.1,0.331,,0.0,0.438,0.2,0.3,0.704,,0.0,0.125,0.0,0.0,0.484,,0.0,0.0,0.0,0.0,0.0,,10.608,11.135,10.723,11.107,1.408,,,,,,,,,,,,,,,,,,
8481562,D. Fensore,CAR,D,0,1,3,2025-10-28,1.0,,0.0,0.0,0.0,0.0,0.0,,0.0,0.0,0.0,0.0,0.0,,0.0,0.0,0.0,0.0,0.0,,2.0,2.333,2.333,2.333,2.055,,3.0,2.0,2.0,2.0,0.816,,1.0,1.333,1.333,1.333,0.471,,0.0,0.667,0.667,0.667,0.943,,0.0,0.0,0.0,0.0,0.0,,19.367,19.167,19.167,19.167,1.517,,,,,,,,,,,,,,,,,,
8481563,D. Helleson,ANA,D,0,68,124,2026-05-08,0.89,,0.029,0.048,0.0,0.0,0.0,,0.206,0.185,0.0,0.1,0.512,,0.235,0.234,0.0,0.1,0.512,,0.647,0.863,0.4,0.5,0.755,,1.162,1.226,0.0,0.2,0.933,,1.059,1.379,1.0,1.1,1.038,,0.324,0.556,0.0,0.2,0.733,,0.0,0.0,0.0,0.0,0.0,,16.054,16.188,9.797,10.523,3.489,,,,,,,,,,,,,,,,,,
8481564,R. Johnson,BUF,D,0,3,6,2025-10-15,0.5,,0.0,0.0,0.0,0.0,0.0,,0.0,0.0,0.0,0.0,0.0,,0.0,0.0,0.0,0.0,0.0,,0.0,0.5,0.6,0.5,0.764,,1.0,1.167,1.0,1.167,0.898,,0.667,0.5,0.6,0.5,0.5,,0.667,1.0,1.2,1.0,1.528,,0.0,0.0,0.0,0.0,0.0,,9.0,13.333,11.833,13.333,5.053,,,,,,,,,,,,,,,,,,
8481567,H. Thrun,TOR,D,0,4,64,2025-12-18,1.0,,0.0,0.031,0.0,0.1,0.271,,0.0,0.156,0.0,0.1,0.271,,0.0,0.188,0.0,0.2,0.367,,1.0,0.875,1.0,0.9,0.88,,1.0,1.094,0.8,1.4,0.916,,0.75,0.719,0.8,0.9,0.748,,0.0,0.469,0.0,0.0,1.327,,0.0,0.0,0.0,0.0,0.0,,14.863,17.348,16.71,19.45,3.615,,,,,,,,,,,,,,,,,,
8481568,A. Vlasic,CHI,D,4,81,167,2026-10-06,1.0,0.0,0.025,0.036,0.0,0.0,0.0,0.5,0.235,0.281,0.4,0.3,0.546,0.5,0.259,0.317,0.4,0.3,0.546,0.5,1.062,1.144,0.8,1.0,0.891,1.0,1.469,1.677,1.0,1.2,1.1,0.25,0.358,0.533,0.4,0.2,0.546,0.0,0.21,0.174,0.0,0.0,0.862,0.0,0.0,0.006,0.0,0.0,0.0,20.667,21.133,22.167,20.8,20.183,2.012,,,,,,,,,,,,,,,,,,
8481569,M. Warren,NYI,D,0,8,8,2026-01-01,0.38,,0.0,0.0,0.0,0.0,0.0,,0.375,0.375,0.2,0.375,0.696,,0.375,0.375,0.2,0.375,0.696,,0.875,0.875,1.2,0.875,1.053,,0.625,0.625,1.0,0.625,0.484,,0.875,0.875,0.8,0.875,0.781,,0.5,0.5,0.0,0.5,0.866,,0.0,0.0,0.0,0.0,0.0,,11.477,11.477,11.54,11.477,1.894,,,,,,,,,,,,,,,,,,
8481572,V. Heinola,WPG,D,0,5,23,2026-04-16,0.96,,0.0,0.0,0.0,0.0,0.0,,0.0,0.043,0.0,0.1,0.204,,0.0,0.043,0.0,0.1,0.204,,1.4,0.826,1.4,1.2,0.761,,0.6,0.826,0.6,0.9,0.816,,1.2,0.609,1.2,0.8,0.706,,0.8,0.348,0.8,0.4,0.96,,0.0,0.0,0.0,0.0,0.0,,14.1,14.169,14.1,14.725,1.933,,,,,,,,,,,,,,,,,,
8481575,L. Thomson,OTT,D,0,12,12,2026-04-20,0.75,,0.0,0.0,0.0,0.0,0.0,,0.25,0.25,0.2,0.3,0.433,,0.25,0.25,0.2,0.3,0.433,,1.0,1.0,1.2,1.0,0.913,,0.917,0.917,1.0,0.9,0.862,,0.5,0.5,0.6,0.5,0.645,,0.0,0.0,0.0,0.0,0.0,,0.0,0.0,0.0,0.0,0.0,,13.685,13.685,13.993,14.84,4.302,,,,,,,,,,,,,,,,,,
8481576,R. Suzuki,CAR,C,0,0,2,2025-02-01,0.0,,,0.0,0.0,0.0,,,,0.0,0.0,0.0,,,,0.0,0.0,0.0,,,,0.0,0.0,0.0,,,,0.0,0.0,0.0,,,,1.0,1.0,1.0,,,,0.0,0.0,0.0,,,,0.0,0.0,0.0,,,,6.592,6.592,6.592,,,,,,,,,,,,,,,,,,,
8481577,P. Tomasino,PIT,W,0,9,70,2025-11-16,0.7,,0.0,0.157,0.0,0.1,0.271,,0.111,0.2,0.2,0.2,0.427,,0.111,0.357,0.2,0.3,0.614,,1.0,1.614,0.8,1.2,1.281,,0.778,0.429,0.2,0.7,0.894,,1.222,1.057,1.2,1.2,1.078,,0.0,0.114,0.0,0.0,0.543,,0.0,0.043,0.0,0.0,0.0,,12.172,12.951,12.217,12.495,3.013,,,,,,,,,,,,,,,,,,
8481580,C. McMichael,STL,W,3,78,173,2026-10-06,1.0,0.333,0.179,0.26,0.6,0.5,0.601,0.667,0.41,0.387,0.6,0.5,0.571,1.0,0.59,0.647,1.2,1.0,0.873,2.667,1.821,1.994,2.0,1.9,1.372,0.333,0.577,0.52,0.4,0.7,0.8,0.333,0.577,0.549,0.2,0.6,0.693,0.0,0.385,0.468,0.0,0.4,0.898,0.333,0.026,0.04,0.2,0.1,0.271,15.417,16.906,16.837,15.64,15.863,1.645,,,,,,,,,,,,,,,,,,
8481581,T. Harley,DAL,D,3,76,175,2026-10-05,1.0,0.0,0.079,0.149,0.0,0.0,0.0,0.0,0.395,0.423,0.0,0.0,0.531,0.0,0.474,0.571,0.0,0.0,0.531,1.0,1.684,1.903,1.8,2.2,1.546,0.333,2.092,1.766,0.6,1.5,1.607,0.667,0.579,0.577,0.4,0.7,0.574,0.667,0.368,0.32,0.4,0.4,0.8,0.0,0.013,0.017,0.0,0.0,0.0,22.817,23.151,23.538,23.25,23.673,2.635,,,,,,,,,,,,,,,,,,
8481582,N. Robertson,PIT,W,3,78,153,2026-10-05,1.0,0.667,0.205,0.222,0.6,0.4,0.512,0.0,0.205,0.157,0.0,0.0,0.271,0.667,0.41,0.379,0.6,0.4,0.546,2.0,1.628,1.614,2.4,1.9,1.656,0.667,0.462,0.49,0.4,0.2,0.614,0.0,0.962,1.026,0.0,0.3,0.7,0.667,0.128,0.222,0.4,0.4,0.8,0.0,0.026,0.026,0.0,0.0,0.0,14.617,12.66,12.35,14.287,13.36,1.845,,,,,,,,,,,,,,,,,,
8481591,S. Poulin,PIT,W,0,2,9,2025-11-22,0.11,,0.0,0.0,0.0,0.0,0.0,,0.0,0.111,0.0,0.111,0.314,,0.0,0.111,0.0,0.111,0.314,,0.5,0.444,0.6,0.444,0.497,,1.0,0.222,0.4,0.222,0.629,,1.0,1.333,1.2,1.333,0.943,,0.0,0.222,0.0,0.222,0.629,,0.0,0.0,0.0,0.0,0.0,,13.817,10.906,11.437,10.906,1.948,,,,,,,,,,,,,,,,,,
8481592,J. Pelletier,TB,W,0,5,54,2026-04-15,0.48,,0.0,0.13,0.0,0.2,0.325,,0.0,0.222,0.0,0.0,0.367,,0.0,0.352,0.0,0.2,0.449,,0.8,1.074,0.8,1.1,0.863,,0.6,0.407,0.6,0.5,0.449,,1.6,1.019,1.6,1.1,0.958,,0.0,0.185,0.0,0.2,0.543,,0.0,0.0,0.0,0.0,0.0,,9.343,11.351,9.343,10.983,2.464,,,,,,,,,,,,,,,,,,
8481593,J. Struble,MTL,D,3,71,132,2026-10-06,0.33,0.0,0.028,0.03,0.0,0.0,0.196,0.0,0.141,0.159,0.0,0.0,0.0,0.0,0.169,0.189,0.0,0.0,0.196,0.0,0.451,0.606,0.2,0.3,0.571,1.0,0.549,0.727,1.0,0.9,1.017,1.333,2.085,2.106,1.6,2.5,1.418,0.0,1.014,0.939,2.0,1.4,3.046,0.0,0.0,0.0,0.0,0.0,0.0,12.089,13.621,14.132,11.873,11.892,3.377,,,,,,,,,,,,,,,,,,
8481594,N. Légaré,NJ,W,0,1,4,2025-11-15,0.0,,0.0,0.0,0.0,0.0,0.0,,0.0,0.0,0.0,0.0,0.0,,0.0,0.0,0.0,0.0,0.0,,0.0,0.75,0.75,0.75,0.829,,1.0,0.5,0.5,0.5,0.5,,2.0,3.5,3.5,3.5,2.062,,0.0,0.0,0.0,0.0,0.0,,0.0,0.0,0.0,0.0,0.0,,8.25,10.071,10.071,10.071,1.227,,,,,,,,,,,,,,,,,,
8481596,S. Pinto,OTT,C,3,76,155,2026-10-06,1.0,0.0,0.303,0.29,0.0,0.1,0.427,0.667,0.303,0.271,0.4,0.4,0.546,0.667,0.605,0.561,0.4,0.5,0.637,2.333,2.158,1.968,1.8,2.1,1.327,0.0,0.789,0.781,1.0,1.1,1.055,4.0,1.329,1.277,2.8,2.2,1.359,2.0,0.579,0.503,1.2,0.8,1.024,0.0,0.066,0.039,0.0,0.1,0.325,18.333,18.866,18.304,19.28,20.093,2.594,,,,,,,,,,,,,,,,,,
8481598,P. Broberg,STL,D,3,81,159,2026-10-06,1.0,0.0,0.074,0.094,0.0,0.0,0.325,0.667,0.346,0.327,0.8,0.5,0.571,0.667,0.42,0.421,0.8,0.5,0.546,1.667,1.21,1.308,2.0,1.5,1.093,1.0,1.21,1.346,0.8,1.1,0.826,0.667,0.432,0.528,0.4,0.3,0.755,0.0,0.198,0.214,0.4,0.2,0.65,0.0,0.025,0.013,0.0,0.0,0.271,21.944,23.358,22.054,21.93,22.243,2.779,,,,,,,,,,,,,,,,,,
8481599,V. Soderstrom,BOS,D,0,8,8,2025-12-21,0.88,,0.0,0.0,0.0,0.0,0.0,,0.125,0.125,0.0,0.125,0.331,,0.125,0.125,0.0,0.125,0.331,,1.0,1.0,1.2,1.0,1.0,,1.25,1.25,1.4,1.25,0.829,,0.125,0.125,0.2,0.125,0.331,,0.0,0.0,0.0,0.0,0.0,,0.0,0.0,0.0,0.0,0.0,,13.677,13.677,13.413,13.677,1.095,,,,,,,,,,,,,,,,,,
8481600,T. Bjornfot,FLA,D,0,19,33,2026-04-15,0.67,,0.105,0.061,0.0,0.0,0.392,,0.105,0.061,0.2,0.1,0.271,,0.211,0.121,0.2,0.1,0.463,,0.632,0.667,0.6,0.4,0.983,,1.211,1.0,2.0,1.6,1.143,,0.737,0.818,1.2,0.7,0.786,,0.105,0.121,0.4,0.2,0.543,,0.0,0.0,0.0,0.0,0.0,,14.18,13.722,19.153,16.458,3.786,,,,,,,,,,,,,,,,,,
8481601,S. Holmstrom,NYI,W,3,79,157,2026-10-06,1.0,0.333,0.241,0.255,0.2,0.1,0.531,0.333,0.278,0.306,0.2,0.3,0.4,0.667,0.519,0.561,0.4,0.4,0.64,0.667,1.266,1.261,0.8,1.0,1.1,0.333,0.57,0.643,0.6,0.4,0.546,0.667,0.203,0.287,0.8,0.4,0.466,0.0,0.203,0.153,0.0,0.0,0.0,0.0,0.013,0.019,0.0,0.0,0.196,17.411,16.729,16.807,16.997,17.123,1.794,,,,,,,,,,,,,,,,,,
8481604,P. Dorofeyev,NYR,W,5,104,199,2026-10-06,1.0,0.2,0.471,0.432,0.2,0.3,0.854,0.2,0.298,0.251,0.2,0.1,0.49,0.4,0.769,0.683,0.4,0.4,0.917,3.0,2.769,2.935,3.0,2.8,1.537,0.4,0.346,0.392,0.4,0.3,0.748,0.4,0.308,0.342,0.4,0.3,0.367,0.0,0.231,0.281,0.0,0.0,0.0,0.0,0.24,0.196,0.0,0.1,0.4,16.283,17.492,17.061,16.283,17.087,2.093,,,,,,,,,,,,,,,,,,
8481605,J. LaCombe,ANA,D,2,94,171,2026-10-04,1.0,0.0,0.117,0.146,0.0,0.0,0.271,1.0,0.606,0.515,0.4,0.4,0.776,1.0,0.723,0.661,0.4,0.4,0.8,1.0,1.894,1.836,1.2,1.4,1.422,2.0,1.564,1.637,2.0,1.4,1.127,1.0,0.979,0.953,1.0,1.5,1.656,0.0,0.245,0.298,0.0,0.2,0.543,0.0,0.032,0.029,0.0,0.0,0.0,29.15,24.584,23.636,29.113,27.403,2.715,,,,,,,,,,,,,,,,,,
8481606,J. Spence,OTT,D,3,77,164,2026-10-06,1.0,0.0,0.091,0.073,0.0,0.0,0.325,0.0,0.312,0.293,0.0,0.1,0.557,0.0,0.403,0.366,0.0,0.1,0.574,1.333,1.455,1.244,1.0,1.6,1.516,1.0,0.87,0.927,1.4,1.4,0.952,0.333,0.805,0.89,0.8,1.0,1.148,0.0,0.312,0.244,0.4,0.8,1.061,0.0,0.0,0.0,0.0,0.0,0.0,23.267,19.054,17.688,21.457,23.815,4.521,,,,,,,,,,,,,,,,,,
8481607,A. Johansson,DET,D,3,82,146,2026-10-06,1.0,0.0,0.037,0.041,0.0,0.1,0.271,0.0,0.098,0.096,0.0,0.1,0.271,0.0,0.134,0.137,0.0,0.2,0.367,1.333,0.744,0.774,1.2,0.9,0.88,1.333,1.134,1.233,0.8,0.9,0.697,0.333,0.683,0.87,0.4,0.4,0.64,0.0,0.195,0.315,0.0,0.2,0.392,0.0,0.0,0.0,0.0,0.0,0.0,15.7,15.94,16.111,15.13,14.665,2.625,,,,,,,,,,,,,,,,,,
8481609,V. Kolyachonok,BOS,D,0,13,48,2025-12-27,0.58,,0.077,0.062,0.0,0.1,0.196,,0.154,0.146,0.2,0.2,0.367,,0.231,0.208,0.2,0.3,0.4,,0.923,0.667,0.8,0.8,0.938,,1.0,0.917,1.2,1.2,1.296,,0.385,0.667,0.2,0.5,0.776,,0.308,0.292,0.0,0.4,1.024,,0.0,0.0,0.0,0.0,0.0,,12.541,12.888,13.637,13.327,2.852,,,,,,,,,,,,,,,,,,
8481611,P. Kochetkov,CAR,G,4,17,113,2026-10-06,0.25,,,,,,,,,,,,,,,,,,,,,,,,,,,,,,,,,,,,,0.0,0.0,0.088,0.0,0.0,0.392,,,,,,,15.713,28.832,31.36,12.57,12.195,29.373,4.0,10.0,11.584,3.2,3.9,10.53,0.5,1.118,1.363,0.4,0.7,1.705,4.5,11.118,12.938,3.6,4.6,11.741
8481617,V. Podkolzin,EDM,W,3,88,195,2026-10-03,1.0,1.0,0.25,0.185,1.0,0.6,0.566,0.667,0.239,0.236,0.4,0.5,0.557,1.667,0.489,0.421,1.4,1.1,0.709,4.333,1.716,1.518,3.4,2.8,1.411,0.0,0.625,0.61,0.0,0.3,0.849,4.333,3.114,3.067,5.0,4.8,1.746,0.0,0.773,0.697,0.0,0.5,1.642,0.667,0.011,0.015,0.4,0.2,0.325,18.922,15.439,14.061,17.62,17.147,1.899,,,,,,,,,,,,,,,,,,
8481618,A. Newhook,MTL,C,3,61,151,2026-10-06,1.0,0.0,0.328,0.238,0.0,0.1,0.614,0.333,0.246,0.185,0.2,0.2,0.4,0.333,0.574,0.424,0.2,0.3,0.7,1.0,1.541,1.477,1.0,1.2,1.386,1.0,0.459,0.43,0.6,0.6,0.637,1.0,1.295,1.166,0.8,1.2,1.269,0.667,0.426,0.371,0.4,0.2,2.03,0.0,0.033,0.026,0.0,0.0,0.0,16.178,15.339,15.25,17.107,18.063,1.943,,,,,,,,,,,,,,,,,,
8481624,I. Mikheyev,TB,W,3,77,160,2026-10-05,0.67,0.333,0.234,0.244,0.2,0.4,0.546,0.667,0.234,0.212,0.6,0.4,0.546,1.0,0.468,0.456,0.8,0.8,0.794,1.0,1.597,1.65,1.2,1.4,1.131,0.667,0.299,0.25,0.6,0.4,0.466,2.0,0.403,0.444,1.2,0.9,1.024,0.0,0.234,0.212,0.0,0.0,0.543,0.0,0.0,0.0,0.0,0.0,0.0,13.867,17.433,16.488,15.02,16.537,1.855,,,,,,,,,,,,,,,,,,
8481641,J. Kiviranta,DAL,W,2,56,144,2026-10-05,0.0,0.5,0.054,0.139,0.2,0.1,0.271,0.0,0.107,0.09,0.0,0.0,0.0,0.5,0.161,0.229,0.2,0.1,0.271,1.5,0.982,1.049,1.0,1.5,1.354,0.5,0.286,0.396,0.4,0.4,0.427,1.5,1.357,1.479,2.2,1.9,1.069,0.0,0.143,0.208,0.0,0.0,0.392,0.0,0.0,0.0,0.0,0.0,0.0,10.458,10.295,11.509,9.973,10.023,1.83,,,,,,,,,,,,,,,,,,
8481655,C. Schwindt,FLA,W,0,29,72,2026-04-15,0.12,,0.172,0.083,0.2,0.2,0.367,,0.069,0.125,0.0,0.1,0.271,,0.241,0.208,0.2,0.3,0.427,,0.862,0.792,2.0,1.3,1.189,,0.379,0.389,0.6,0.4,0.686,,1.345,1.111,1.8,1.7,1.134,,0.069,0.028,0.0,0.0,0.392,,0.0,0.0,0.0,0.0,0.0,,10.038,9.525,14.88,12.698,3.472,,,,,,,,,,,,,,,,,,
8481656,A. Protas,WSH,W,2,76,160,2026-10-03,1.0,0.0,0.329,0.35,0.2,0.2,0.449,0.5,0.355,0.406,0.4,0.4,0.566,0.5,0.684,0.756,0.6,0.6,0.733,1.0,2.092,1.913,1.4,1.7,1.114,0.5,0.553,0.506,0.6,0.7,0.64,0.0,0.434,0.356,0.2,0.1,0.625,1.0,0.263,0.25,0.4,0.2,0.543,0.0,0.0,0.0,0.0,0.0,0.0,16.475,18.236,17.345,17.03,16.262,2.836,,,,,,,,,,,,,,,,,,
8481668,A. Silovs,PIT,G,3,88,137,2026-10-05,0.67,,,,,,,,,,,,,,,,,,,,,,,,,,,,,,,,,,,,,0.0,0.045,0.044,0.0,0.0,0.392,,,,,,,40.517,27.771,22.685,51.777,33.632,30.629,13.0,11.17,8.956,17.6,12.3,11.839,1.667,1.364,1.153,1.6,1.2,1.814,14.667,12.523,10.102,19.2,13.5,13.217
8481692,D. Wolf,CGY,G,3,82,167,2026-10-04,0.67,,,,,,,,,,,,,,,,,,,,,,,,,,,,,,,,,,,,,0.0,0.049,0.036,0.0,0.0,0.392,,,,,,,39.944,38.405,38.631,35.85,29.687,28.919,15.667,17.085,17.108,16.4,14.8,13.387,4.0,1.927,1.856,2.8,1.7,2.144,19.667,19.0,18.958,19.2,16.5,14.908
8481703,V. Puustinen,PIT,W,0,0,13,2025-04-17,0.15,,,0.154,0.2,0.1,0.361,,,0.077,0.0,0.1,0.266,,,0.231,0.2,0.2,0.421,,,0.615,0.6,0.7,0.625,,,0.385,0.0,0.1,0.625,,,0.769,1.4,0.9,0.799,,,0.308,0.0,0.4,0.722,,,0.154,0.2,0.1,0.361,,,9.892,9.563,9.862,1.563,,,,,,,,,,,,,,,,,,
8481704,J. Parssinen,NYR,C,0,20,68,2026-03-23,0.26,,0.1,0.118,0.0,0.0,0.367,,0.05,0.162,0.0,0.0,0.463,,0.15,0.279,0.0,0.0,0.733,,0.8,0.676,0.8,0.6,0.849,,0.45,0.559,0.0,0.0,0.882,,1.4,1.676,1.4,1.5,1.261,,0.5,0.426,1.2,0.8,0.898,,0.0,0.0,0.0,0.0,0.0,,8.844,10.038,8.497,8.372,1.971,,,,,,,,,,,,,,,,,,
8481707,E. Portillo,LA,G,0,1,7,2026-03-02,0.14,,,,,,,,,,,,,,,,,,,,,,,,,,,,,,,,,,,,,,0.0,0.0,0.0,0.0,0.0,,,,,,,,0.0,8.374,11.723,8.374,20.512,,0.0,4.0,5.6,4.0,9.798,,0.0,0.143,0.2,0.143,0.35,,0.0,4.143,5.8,4.143,10.148
8481708,Z. Jones,NYR,D,0,0,46,2025-04-17,1.0,,,0.022,0.0,0.0,0.0,,,0.217,0.0,0.0,0.325,,,0.239,0.0,0.0,0.325,,,1.109,2.0,1.4,1.04,,,1.0,1.0,1.0,1.191,,,0.609,0.4,0.6,1.048,,,0.522,0.4,0.6,1.329,,,0.0,0.0,0.0,0.0,,,17.254,18.443,18.057,2.041,,,,,,,,,,,,,,,,,,
8481711,M. Maccelli,NYI,W,3,71,129,2026-10-06,1.0,0.0,0.197,0.171,0.0,0.0,0.367,0.333,0.352,0.279,0.2,0.3,0.697,0.333,0.549,0.45,0.2,0.3,0.8,1.333,1.268,1.395,1.2,0.9,0.863,0.0,0.239,0.209,0.0,0.0,0.431,0.333,0.338,0.24,0.6,0.6,0.9,0.667,0.225,0.202,0.4,0.2,0.733,0.0,0.028,0.016,0.0,0.0,0.0,15.433,14.565,14.228,14.527,14.223,2.451,,,,,,,,,,,,,,,,,,
8481712,M. Blümel,BOS,W,0,4,11,2025-11-26,0.36,,0.0,0.091,0.0,0.1,0.287,,0.0,0.0,0.0,0.0,0.0,,0.0,0.091,0.0,0.1,0.287,,1.0,1.273,0.8,1.2,1.135,,0.5,0.273,0.4,0.3,0.445,,0.5,0.727,0.4,0.7,0.617,,0.0,0.0,0.0,0.0,0.0,,0.0,0.0,0.0,0.0,0.0,,10.867,9.318,9.7,9.45,3.992,,,,,,,,,,,,,,,,,,
8481715,H. Skinner,STL,D,0,1,1,2025-11-14,0.0,,0.0,0.0,0.0,0.0,,,0.0,0.0,0.0,0.0,,,0.0,0.0,0.0,0.0,,,0.0,0.0,0.0,0.0,,,1.0,1.0,1.0,1.0,,,4.0,4.0,4.0,4.0,,,0.0,0.0,0.0,0.0,,,0.0,0.0,0.0,0.0,,,10.75,10.75,10.75,10.75,,,,,,,,,,,,,,,,,,,
8481716,D. Voronkov,CBJ,W,2,63,138,2026-10-03,0.5,0.0,0.27,0.29,0.0,0.0,0.325,0.5,0.238,0.29,0.2,0.1,0.367,0.5,0.508,0.58,0.2,0.1,0.449,0.5,1.746,1.92,0.6,0.7,1.141,0.5,0.429,0.543,0.6,0.3,0.632,3.0,1.667,1.319,1.8,1.5,1.356,1.0,0.937,0.841,0.4,0.2,0.898,0.0,0.111,0.109,0.0,0.0,0.196,11.783,13.94,15.415,9.777,9.67,2.88,,,,,,,,,,,,,,,,,,
8481719,M. Crozier,TB,D,1,37,43,2026-10-05,1.0,0.0,0.027,0.023,0.0,0.0,0.196,0.0,0.243,0.209,0.0,0.0,0.4,0.0,0.27,0.233,0.0,0.0,0.427,2.0,1.324,1.372,1.8,1.4,0.924,1.0,0.865,0.907,0.4,0.5,1.211,3.0,1.081,1.256,1.2,1.2,1.058,0.0,1.135,0.977,0.4,0.2,3.115,0.0,0.0,0.0,0.0,0.0,0.0,15.4,15.945,16.019,15.013,16.832,2.778,,,,,,,,,,,,,,,,,,
8481721,A. Gritsyuk,NJ,W,3,66,69,2026-10-06,0.67,0.0,0.197,0.188,0.0,0.2,0.4,0.0,0.273,0.261,0.2,0.2,0.466,0.0,0.47,0.449,0.2,0.4,0.7,2.0,2.258,2.246,2.4,2.7,1.429,0.667,0.273,0.29,0.4,0.2,0.733,1.333,0.879,0.899,1.4,1.2,0.894,0.0,0.394,0.377,0.0,0.0,0.98,0.0,0.03,0.029,0.0,0.0,0.0,15.294,15.174,15.179,15.48,15.205,2.11,,,,,,,,,,,,,,,,,,
8481725,E. Soderblom,PIT,W,1,64,91,2026-09-30,1.0,0.0,0.125,0.132,0.2,0.2,0.427,0.0,0.094,0.143,0.0,0.1,0.4,0.0,0.219,0.275,0.2,0.3,0.637,0.0,1.234,1.286,1.4,1.3,1.015,0.0,0.281,0.33,0.0,0.2,0.449,2.0,1.766,1.736,3.2,2.3,1.183,0.0,0.359,0.319,0.0,0.2,1.134,0.0,0.0,0.0,0.0,0.0,0.0,12.65,11.082,11.753,11.193,12.042,2.026,,,,,,,,,,,,,,,,,,
8481726,A. Edstrom,NSH,C,3,35,89,2026-10-06,0.67,0.0,0.086,0.09,0.0,0.1,0.325,0.0,0.057,0.067,0.0,0.0,0.0,0.0,0.143,0.157,0.0,0.1,0.325,2.667,0.886,0.888,1.6,1.4,0.938,0.667,0.629,0.652,0.8,0.8,0.907,4.667,1.857,1.944,4.2,2.5,1.918,0.0,0.057,0.326,0.0,0.0,0.0,0.0,0.0,0.0,0.0,0.0,0.0,12.817,9.461,9.467,10.15,9.965,2.515,,,,,,,,,,,,,,,,,,
8481732,A. Lee,LA,W,1,7,27,2026-09-30,0.0,0.0,0.143,0.074,0.0,0.2,0.271,0.0,0.143,0.111,0.2,0.1,0.325,0.0,0.286,0.185,0.2,0.3,0.4,1.0,0.714,0.889,0.8,0.8,1.032,0.0,0.429,0.481,0.4,0.4,0.7,1.0,2.429,2.0,2.6,2.0,1.341,2.0,0.0,0.481,0.4,0.2,1.17,0.0,0.0,0.0,0.0,0.0,0.0,7.933,10.283,9.414,10.467,9.393,1.809,,,,,,,,,,,,,,,,,,
8481737,M. Stienburg,COL,C,0,0,8,2024-10-30,0.0,,,0.0,0.0,0.0,0.0,,,0.0,0.0,0.0,0.0,,,0.0,0.0,0.0,0.0,,,0.5,0.2,0.5,0.707,,,0.125,0.2,0.125,0.331,,,2.0,2.2,2.0,1.0,,,2.75,3.4,2.75,5.629,,,0.0,0.0,0.0,0.0,,,6.09,6.107,6.09,2.079,,,,,,,,,,,,,,,,,,
8481743,M. Del Gaizo,NSH,D,0,0,46,2025-04-16,0.98,,,0.043,0.2,0.1,0.271,,,0.152,0.0,0.0,0.463,,,0.196,0.2,0.1,0.585,,,1.652,1.6,1.9,1.495,,,1.152,1.0,0.8,0.849,,,1.543,0.6,1.2,1.602,,,0.457,0.0,0.2,0.543,,,0.0,0.0,0.0,0.0,,,16.752,16.51,17.088,2.187,,,,,,,,,,,,,,,,,,
8481754,N. Nesterenko,ANA,C,2,29,51,2026-10-04,0.0,0.0,0.034,0.098,0.0,0.0,0.196,0.0,0.276,0.196,0.0,0.1,0.367,0.0,0.31,0.294,0.0,0.1,0.49,0.0,1.069,1.0,1.0,1.0,1.076,0.0,0.276,0.294,0.4,0.3,0.49,3.0,1.828,2.059,2.2,2.0,1.058,0.0,0.276,0.196,0.0,0.0,0.926,0.0,0.0,0.0,0.0,0.0,0.0,11.108,12.257,11.451,11.373,12.155,2.162,,,,,,,,,,,,,,,,,,
8481789,T. Kartye,NYR,W,5,64,132,2026-10-06,1.0,0.0,0.125,0.106,0.0,0.2,0.49,0.4,0.219,0.174,0.4,0.4,0.49,0.4,0.344,0.28,0.4,0.6,0.8,0.8,0.875,0.879,0.8,0.9,0.967,0.2,0.641,0.538,0.2,0.5,0.882,2.8,2.703,2.742,2.8,2.7,1.789,0.4,0.594,0.629,0.4,1.3,1.242,0.0,0.0,0.0,0.0,0.0,0.0,14.76,11.963,10.98,14.76,13.915,1.641,,,,,,,,,,,,,,,,,,
8481806,L. Crevier,BUF,D,3,78,113,2026-10-06,1.0,0.0,0.09,0.088,0.4,0.2,0.431,0.333,0.231,0.177,0.2,0.3,0.614,0.333,0.321,0.265,0.6,0.5,0.753,1.333,1.462,1.292,1.4,1.0,1.091,1.667,1.218,1.319,1.6,1.6,1.169,1.333,1.59,1.752,1.4,1.4,1.054,0.0,0.808,0.646,0.4,0.4,1.114,0.0,0.0,0.0,0.0,0.0,0.0,15.894,17.137,17.146,17.103,18.287,1.583,,,,,,,,,,,,,,,,,,
8481848,J. Gaucher,PHI,C,0,4,8,2026-04-14,0.0,,0.0,0.0,0.0,0.0,0.0,,0.0,0.0,0.0,0.0,0.0,,0.0,0.0,0.0,0.0,0.0,,1.0,0.875,0.8,0.875,0.781,,0.25,0.375,0.2,0.375,0.484,,0.75,0.875,0.6,0.875,0.927,,0.0,0.0,0.0,0.0,0.0,,0.0,0.0,0.0,0.0,0.0,,8.808,8.075,8.423,8.075,1.48,,,,,,,,,,,,,,,,,,
8482055,D. O'Connor,VAN,W,4,82,170,2026-10-04,1.0,0.25,0.207,0.165,0.2,0.1,0.367,0.25,0.146,0.165,0.2,0.1,0.463,0.5,0.354,0.329,0.4,0.2,0.546,2.0,1.659,1.535,1.6,1.8,1.47,1.0,0.317,0.512,0.8,0.5,0.566,1.75,0.939,0.982,1.4,1.3,1.091,0.5,0.573,0.488,1.4,0.9,1.2,0.0,0.0,0.006,0.0,0.0,0.0,16.346,14.589,14.568,15.327,16.113,1.908,,,,,,,,,,,,,,,,,,
8482062,C. Smith,CHI,W,4,85,160,2026-10-06,1.0,0.25,0.129,0.1,0.2,0.1,0.367,0.0,0.082,0.094,0.0,0.1,0.271,0.25,0.212,0.194,0.2,0.2,0.427,0.75,0.976,0.969,0.6,0.7,0.693,0.0,0.318,0.35,0.0,0.1,0.557,1.5,3.212,2.763,1.6,4.0,2.897,0.5,0.753,0.844,0.4,0.4,1.399,0.0,0.0,0.0,0.0,0.0,0.0,14.817,12.894,13.258,13.997,13.155,3.014,,,,,,,,,,,,,,,,,,
8482067,C. Mackey,NYR,D,0,3,5,2026-03-23,1.0,,0.0,0.0,0.0,0.0,0.0,,0.0,0.0,0.0,0.0,0.0,,0.0,0.0,0.0,0.0,0.0,,0.667,0.6,0.6,0.6,0.49,,0.667,0.6,0.6,0.6,0.49,,0.667,1.2,1.2,1.2,0.98,,1.333,1.8,1.8,1.8,1.833,,0.0,0.0,0.0,0.0,0.0,,12.783,14.12,14.12,14.12,1.692,,,,,,,,,,,,,,,,,,
8482070,M. Chaffee,TB,W,0,11,81,2026-04-15,0.48,,0.0,0.16,0.0,0.0,0.271,,0.091,0.086,0.2,0.1,0.271,,0.091,0.247,0.2,0.1,0.367,,0.818,0.963,0.8,0.8,0.993,,0.455,0.333,0.6,0.5,0.566,,2.636,2.099,2.8,1.9,2.243,,0.364,0.309,0.0,0.0,0.862,,0.0,0.049,0.0,0.0,0.0,,9.561,11.665,9.777,9.177,2.331,,,,,,,,,,,,,,,,,,
8482072,J. Ahcan,NSH,D,2,14,18,2026-10-06,0.0,0.0,0.0,0.0,0.0,0.0,0.0,0.5,0.143,0.167,0.2,0.2,0.373,0.5,0.143,0.167,0.2,0.2,0.373,0.0,0.571,0.5,0.0,0.6,0.687,0.5,0.929,0.833,1.6,1.0,0.898,1.0,0.714,0.833,1.2,0.7,0.833,0.0,0.143,0.222,0.0,0.2,0.629,0.0,0.0,0.0,0.0,0.0,0.0,6.892,10.365,10.582,6.41,9.077,3.317,,,,,,,,,,,,,,,,,,
8482073,B. Schneider,NYR,D,5,82,167,2026-10-06,1.0,0.0,0.024,0.048,0.0,0.0,0.0,0.0,0.195,0.186,0.0,0.1,0.49,0.0,0.22,0.234,0.0,0.1,0.49,1.6,1.244,1.228,1.6,1.5,0.909,1.2,1.707,1.743,1.2,1.5,0.871,2.2,1.988,1.916,2.2,1.8,1.68,0.8,0.317,0.287,0.8,0.6,1.024,0.0,0.0,0.0,0.0,0.0,0.0,17.397,20.442,19.117,17.397,18.485,2.271,,,,,,,,,,,,,,,,,,
8482074,C. Zary,CGY,C,2,74,130,2026-10-04,1.0,0.0,0.162,0.192,0.2,0.1,0.367,0.5,0.176,0.215,0.2,0.1,0.271,0.5,0.338,0.408,0.4,0.2,0.512,1.0,1.486,1.715,2.0,1.3,1.386,0.0,0.23,0.331,0.0,0.1,0.367,0.5,0.608,0.554,0.2,0.5,0.854,0.0,0.297,0.277,0.4,0.4,0.926,0.0,0.027,0.023,0.0,0.0,0.0,13.625,14.369,15.066,13.75,13.143,2.259,,,,,,,,,,,,,,,,,,
8482076,N. Daws,NJ,G,3,8,20,2026-10-06,0.33,,,,,,,,,,,,,,,,,,,,,,,,,,,,,,,,,,,,,0.0,0.0,0.0,0.0,0.0,0.0,,,,,,,19.956,22.908,25.299,36.627,24.313,29.18,8.667,9.875,10.6,15.0,10.5,12.484,2.0,1.0,1.05,2.6,1.4,1.746,10.667,10.875,11.65,17.6,11.9,13.723
8482077,D. Holloway,STL,W,3,59,139,2026-10-06,1.0,0.0,0.373,0.345,0.4,0.3,0.637,0.0,0.492,0.475,0.6,0.8,0.907,0.0,0.864,0.82,1.0,1.1,0.98,1.333,2.746,2.475,2.2,2.5,1.6,0.667,0.695,0.669,0.8,0.6,0.625,3.0,2.186,2.18,2.4,1.7,1.141,0.0,0.339,0.216,0.4,0.4,1.091,0.0,0.068,0.072,0.0,0.1,0.431,16.994,18.254,17.435,17.423,18.223,2.083,,,,,,,,,,,,,,,,,,
8482078,L. Raymond,DET,W,3,80,165,2026-10-06,1.0,0.0,0.312,0.315,0.0,0.0,0.427,1.0,0.637,0.648,0.6,0.7,0.753,1.0,0.95,0.964,0.6,0.7,0.786,3.333,2.163,2.273,2.8,2.6,1.401,0.333,0.362,0.388,0.4,0.3,0.427,0.333,0.537,0.521,0.2,0.4,0.697,0.667,0.275,0.255,0.4,0.4,0.854,0.0,0.087,0.091,0.0,0.0,0.271,21.239,18.799,18.836,19.547,19.262,2.088,,,,,,,,,,,,,,,,,,
8482079,M. Rossi,VAN,C,4,50,142,2026-10-04,1.0,0.75,0.24,0.289,0.6,0.5,0.557,0.25,0.46,0.43,0.2,0.3,0.755,1.0,0.7,0.718,0.8,0.8,1.032,1.75,1.32,1.535,1.6,1.4,0.907,1.0,0.6,0.549,1.0,0.8,0.753,2.25,0.94,0.88,2.0,1.5,1.33,1.0,0.2,0.324,0.8,0.4,0.98,0.0,0.06,0.07,0.0,0.1,0.271,17.233,17.475,17.645,16.437,17.087,1.741,,,,,,,,,,,,,,,,,,
8482087,K. Guhle,MTL,D,0,58,118,2026-05-29,1.0,,0.034,0.068,0.0,0.0,0.0,,0.293,0.246,0.4,0.3,0.557,,0.328,0.314,0.4,0.3,0.557,,0.897,1.093,0.0,0.3,0.894,,1.776,1.949,2.2,2.2,1.536,,2.362,2.169,1.6,1.6,2.08,,1.5,1.169,3.2,3.0,3.25,,0.0,0.0,0.0,0.0,0.0,,19.796,20.524,18.933,19.068,2.872,,,,,,,,,,,,,,,,,,
8482088,J. Sourdif,WSH,C,2,78,81,2026-10-03,1.0,0.5,0.192,0.21,0.2,0.1,0.367,0.0,0.256,0.247,0.2,0.3,0.512,0.5,0.449,0.457,0.4,0.4,0.748,0.5,1.385,1.37,0.4,0.6,1.294,0.0,0.513,0.494,0.2,0.2,0.98,0.0,1.256,1.21,0.4,0.7,1.216,2.0,0.449,0.481,0.8,0.8,1.203,0.0,0.038,0.037,0.0,0.0,0.196,12.7,14.739,14.623,14.497,15.092,2.54,,,,,,,,,,,,,,,,,,
8482089,J. Neighbours,STL,W,3,69,161,2026-10-06,1.0,0.0,0.217,0.236,0.0,0.1,0.196,0.0,0.304,0.311,0.4,0.3,0.748,0.0,0.522,0.547,0.4,0.4,0.753,0.667,1.246,1.354,1.0,1.3,1.076,0.667,0.522,0.596,0.8,0.4,0.852,4.0,2.203,2.298,3.4,3.2,1.865,2.333,0.623,0.758,1.4,0.9,1.907,0.0,0.014,0.043,0.0,0.0,0.0,14.006,15.23,15.66,14.013,14.44,1.309,,,,,,,,,,,,,,,,,,
8482090,J. Finley,STL,C,0,44,45,2026-04-16,0.16,,0.045,0.044,0.0,0.0,0.0,,0.068,0.067,0.0,0.0,0.271,,0.114,0.111,0.0,0.0,0.271,,0.591,0.6,0.6,0.5,0.843,,0.205,0.2,0.2,0.4,0.49,,1.705,1.689,1.4,2.1,1.176,,0.864,0.844,0.4,1.1,1.365,,0.0,0.0,0.0,0.0,0.0,,9.709,9.68,11.357,11.042,1.808,,,,,,,,,,,,,,,,,,
8482092,R. Greig,OTT,C,1,81,166,2026-10-06,1.0,0.0,0.16,0.163,0.0,0.1,0.367,1.0,0.284,0.271,0.4,0.3,0.531,1.0,0.444,0.434,0.4,0.4,0.697,2.0,1.691,1.608,2.0,1.6,1.442,0.0,0.728,0.651,1.4,0.9,1.106,2.0,1.333,1.56,2.8,2.1,1.5,6.0,1.049,0.958,1.6,1.0,1.582,0.0,0.012,0.024,0.0,0.0,0.0,13.167,16.793,16.95,17.6,17.918,2.78,,,,,,,,,,,,,,,,,,
8482093,S. Jarvis,CAR,W,0,90,178,2026-06-14,0.99,,0.4,0.416,0.2,0.2,0.512,,0.456,0.483,0.4,0.4,0.557,,0.856,0.899,0.6,0.6,0.8,,3.011,2.871,2.2,2.4,1.36,,0.467,0.596,0.8,0.7,0.742,,1.278,1.461,2.6,1.8,1.134,,0.3,0.275,0.4,0.2,0.65,,0.067,0.084,0.2,0.1,0.196,,19.165,19.303,20.903,19.923,2.713,,,,,,,,,,,,,,,,,,
8482094,D. Hunt,MIN,D,3,37,41,2026-10-06,0.67,0.0,0.0,0.0,0.0,0.0,0.0,0.0,0.189,0.171,0.0,0.2,0.367,0.0,0.189,0.171,0.0,0.2,0.367,0.333,0.568,0.585,0.2,0.6,0.917,0.667,1.378,1.341,1.4,1.3,1.048,0.333,0.73,0.683,0.6,0.8,0.676,0.667,0.162,0.195,0.4,0.2,0.543,0.0,0.0,0.0,0.0,0.0,0.0,12.794,12.516,12.426,12.377,14.312,3.366,,,,,,,,,,,,,,,,,,
8482095,T. Kleven,OTT,D,3,72,160,2026-10-06,1.0,0.0,0.042,0.044,0.0,0.0,0.271,0.0,0.208,0.144,0.0,0.2,0.49,0.0,0.25,0.188,0.0,0.2,0.531,1.333,1.264,1.106,1.0,1.1,1.25,3.0,1.347,1.319,2.4,1.6,1.525,1.333,1.875,1.625,2.6,2.2,1.442,0.667,0.764,0.562,0.8,0.6,3.338,0.0,0.0,0.0,0.0,0.0,0.0,21.344,17.393,15.961,20.383,20.862,5.194,,,,,,,,,,,,,,,,,,
8482097,J. Quinn,BUF,W,3,95,172,2026-10-06,1.0,0.667,0.232,0.227,0.8,0.4,0.531,0.0,0.379,0.349,0.2,0.2,0.449,0.667,0.611,0.576,1.0,0.6,0.753,3.667,2.274,2.035,3.2,2.4,1.839,0.667,0.284,0.302,0.6,0.4,0.367,1.0,0.705,0.634,0.8,0.7,1.163,0.0,0.189,0.209,0.0,0.0,0.392,0.0,0.063,0.052,0.4,0.2,0.431,20.544,15.763,15.459,19.827,17.468,2.326,,,,,,,,,,,,,,,,,,
8482100,A. Nikishin,CAR,D,0,98,102,2026-06-14,0.96,,0.112,0.108,0.0,0.0,0.196,,0.235,0.235,0.0,0.1,0.367,,0.347,0.343,0.0,0.1,0.4,,1.378,1.353,0.8,1.0,0.991,,1.051,1.029,0.4,0.4,1.069,,1.602,1.706,2.0,1.7,1.472,,0.357,0.402,0.0,0.2,0.65,,0.041,0.039,0.0,0.0,0.0,,17.602,17.538,14.293,13.953,4.911,,,,,,,,,,,,,,,,,,
8482101,D. Gushchin,SJ,W,0,0,12,2025-04-16,0.5,,,0.0,0.0,0.0,0.0,,,0.083,0.0,0.1,0.276,,,0.083,0.0,0.1,0.276,,,1.333,1.6,1.2,0.85,,,0.5,0.4,0.6,0.645,,,0.5,0.4,0.4,0.5,,,0.5,0.4,0.4,0.866,,,0.0,0.0,0.0,0.0,,,12.3,11.947,12.197,1.85,,,,,,,,,,,,,,,,,,
8482102,V. Ponomarev,PIT,C,0,0,7,2025-04-17,0.0,,,0.0,0.0,0.0,0.0,,,0.0,0.0,0.0,0.0,,,0.0,0.0,0.0,0.0,,,1.143,1.0,1.143,0.99,,,0.286,0.4,0.286,0.452,,,0.714,0.8,0.714,0.7,,,0.286,0.0,0.286,0.7,,,0.0,0.0,0.0,0.0,,,10.029,10.587,10.029,1.122,,,,,,,,,,,,,,,,,,
8482103,O. Wiesblatt,NSH,C,0,40,45,2026-04-16,0.22,,0.025,0.022,0.0,0.0,0.196,,0.1,0.111,0.0,0.1,0.271,,0.125,0.133,0.0,0.1,0.325,,0.625,0.644,0.2,0.1,0.755,,0.45,0.467,0.6,0.4,0.806,,2.5,2.511,1.2,2.6,1.92,,0.95,0.844,0.4,0.4,1.541,,0.0,0.0,0.0,0.0,0.0,,10.182,10.284,9.163,9.745,2.625,,,,,,,,,,,,,,,,,,
8482105,J. Sanderson,OTT,D,1,70,157,2026-10-03,0.0,0.0,0.2,0.166,0.2,0.3,0.49,0.0,0.6,0.573,0.4,0.5,0.843,0.0,0.8,0.739,0.6,0.8,1.007,0.0,2.171,2.268,1.4,2.2,1.084,1.0,1.971,2.0,2.6,2.4,1.275,1.0,0.486,0.503,1.2,0.7,1.121,0.0,0.143,0.153,0.4,0.2,0.862,0.0,0.071,0.064,0.2,0.2,0.325,4.483,24.972,24.623,23.19,22.702,6.57,,,,,,,,,,,,,,,,,,
8482107,M. Benning,FLA,D,0,18,18,2026-04-15,1.0,,0.111,0.111,0.4,0.2,0.458,,0.222,0.222,0.0,0.1,0.533,,0.333,0.333,0.4,0.3,0.667,,0.833,0.833,1.2,1.2,0.764,,0.889,0.889,0.6,0.8,0.936,,0.222,0.222,0.2,0.1,0.416,,0.111,0.111,0.0,0.2,0.458,,0.0,0.0,0.0,0.0,0.0,,16.902,16.902,19.21,17.547,2.292,,,,,,,,,,,,,,,,,,
8482109,A. Lafrenière,NYR,W,5,82,169,2026-10-06,1.0,0.6,0.293,0.26,0.6,0.5,0.9,0.4,0.402,0.373,0.4,0.5,0.574,1.0,0.695,0.633,1.0,1.0,1.131,2.2,2.0,1.941,2.2,1.8,1.694,0.4,0.512,0.42,0.4,0.2,0.49,1.6,1.024,1.249,1.6,0.8,1.024,0.4,0.244,0.355,0.4,0.2,0.65,0.0,0.11,0.065,0.0,0.1,0.427,19.133,17.598,17.356,19.133,19.023,2.033,,,,,,,,,,,,,,,,,,
8482110,D. Mercer,NJ,C,3,82,172,2026-10-06,0.67,0.0,0.244,0.238,0.2,0.3,0.531,0.0,0.268,0.227,0.2,0.1,0.4,0.0,0.512,0.465,0.4,0.4,0.64,2.667,1.927,1.831,3.0,2.3,1.394,0.667,0.573,0.64,0.4,0.4,0.5,0.333,0.402,0.523,0.4,0.3,0.557,0.0,0.402,0.331,0.0,0.0,0.392,0.0,0.049,0.058,0.0,0.0,0.196,14.078,18.227,18.074,15.517,17.7,2.608,,,,,,,,,,,,,,,,,,
8482111,J. Barron,NSH,D,0,52,114,2026-04-16,0.87,,0.0,0.053,0.0,0.0,0.0,,0.173,0.14,0.0,0.2,0.4,,0.173,0.193,0.0,0.2,0.4,,0.596,0.912,0.6,0.6,0.693,,1.154,1.254,0.8,1.7,1.365,,0.712,1.026,0.8,0.9,0.924,,0.327,0.351,0.4,0.2,1.411,,0.0,0.0,0.0,0.0,0.0,,14.25,15.98,17.927,17.283,3.526,,,,,,,,,,,,,,,,,,
8482113,A. Lundell,FLA,C,4,64,170,2026-10-06,1.0,0.0,0.281,0.241,0.2,0.1,0.4,0.25,0.406,0.394,0.2,0.1,0.625,0.25,0.688,0.635,0.4,0.2,0.804,2.5,2.156,2.082,2.4,1.8,1.685,0.5,0.547,0.653,0.4,0.2,0.557,1.75,1.172,1.294,1.4,1.0,1.001,0.0,0.531,0.494,0.0,0.4,0.854,0.0,0.062,0.035,0.2,0.1,0.196,18.992,19.152,17.609,18.477,18.91,2.228,,,,,,,,,,,,,,,,,,
8482116,T. Stützle,OTT,C,3,84,175,2026-10-06,1.0,1.0,0.405,0.36,0.6,0.4,0.531,1.0,0.595,0.634,0.8,0.7,0.686,2.0,1.0,0.994,1.4,1.1,0.935,2.333,2.405,2.2,1.8,2.4,1.095,1.0,0.536,0.549,0.8,0.6,0.557,3.0,1.595,1.754,2.8,1.8,1.412,0.667,0.464,0.509,0.4,0.6,0.98,0.0,0.107,0.086,0.0,0.1,0.271,21.133,20.517,20.181,22.66,22.18,2.954,,,,,,,,,,,,,,,,,,
8482117,L. Reichel,BOS,W,0,30,100,2026-04-26,0.51,,0.1,0.11,0.0,0.0,0.196,,0.167,0.19,0.0,0.1,0.325,,0.267,0.3,0.0,0.1,0.463,,0.8,0.96,0.6,0.8,1.001,,0.533,0.45,0.2,0.5,0.64,,0.3,0.33,0.0,0.1,0.546,,0.2,0.18,0.0,0.0,0.543,,0.0,0.0,0.0,0.0,0.0,,12.496,12.086,12.077,12.73,2.843,,,,,,,,,,,,,,,,,,
8482118,S. Colangelo,ANA,W,1,9,42,2026-10-04,0.0,0.0,0.111,0.262,0.0,0.1,0.531,0.0,0.0,0.048,0.0,0.0,0.196,0.0,0.111,0.31,0.0,0.1,0.614,0.0,0.778,1.143,1.0,0.7,1.058,1.0,0.111,0.452,0.2,0.2,0.733,3.0,1.222,1.929,1.4,1.4,1.497,0.0,0.444,0.143,0.4,0.4,0.543,0.0,0.0,0.048,0.0,0.0,0.196,10.4,10.178,11.942,9.947,10.2,2.629,,,,,,,,,,,,,,,,,,
8482122,B. Faber,MIN,D,0,91,175,2026-05-13,0.99,,0.209,0.166,0.2,0.4,0.49,,0.462,0.349,0.6,0.5,0.755,,0.67,0.514,0.8,0.9,0.917,,2.22,1.886,2.4,2.6,1.791,,1.857,1.691,2.0,2.0,1.305,,0.418,0.446,0.4,0.5,0.835,,0.538,0.423,1.6,1.0,1.353,,0.011,0.017,0.0,0.0,0.196,,25.289,25.455,29.013,30.253,4.21,,,,,,,,,,,,,,,,,,
8482123,D. Commesso,CHI,G,0,4,12,2026-03-09,0.33,,,,,,,,,,,,,,,,,,,,,,,,,,,,,,,,,,,,,,0.0,0.0,0.0,0.0,0.0,,,,,,,,45.429,21.089,36.343,25.307,27.989,,19.5,8.333,15.6,10.0,12.099,,1.75,0.917,1.4,1.1,1.706,,21.25,9.25,17.0,11.1,13.071
8482124,Q. Byfield,LA,W,3,83,173,2026-10-06,1.0,0.333,0.289,0.295,0.2,0.5,0.7,0.333,0.325,0.347,0.4,0.4,0.546,0.667,0.614,0.642,0.6,0.9,0.894,2.333,2.373,2.191,3.0,3.7,1.6,0.667,0.59,0.497,0.8,0.8,0.742,0.333,0.892,0.977,1.2,1.2,0.935,0.0,0.627,0.578,0.8,0.8,1.091,0.333,0.048,0.046,0.2,0.1,0.196,20.939,20.104,19.506,20.907,21.095,1.422,,,,,,,,,,,,,,,,,,
8482125,A. Holtz,VGK,W,0,28,81,2026-02-27,0.42,,0.107,0.086,0.2,0.1,0.325,,0.214,0.173,0.4,0.3,0.427,,0.321,0.259,0.6,0.4,0.625,,1.071,1.222,1.6,1.0,1.095,,0.393,0.321,0.0,0.3,0.686,,1.036,0.84,1.4,1.9,1.286,,0.357,0.247,0.0,0.2,0.98,,0.0,0.012,0.0,0.0,0.0,,11.481,11.549,11.84,10.78,2.994,,,,,,,,,,,,,,,,,,
8482126,E. Andrae,CBJ,D,2,65,109,2026-10-03,1.0,0.0,0.031,0.028,0.0,0.0,0.196,0.5,0.185,0.174,0.4,0.2,0.325,0.5,0.215,0.202,0.4,0.2,0.367,0.0,0.569,0.817,0.0,0.2,0.804,2.0,0.938,1.055,1.4,1.1,0.935,0.5,1.154,1.119,1.4,1.2,0.967,1.0,0.4,0.404,1.2,0.6,0.854,0.0,0.0,0.0,0.0,0.0,0.0,14.667,15.075,15.942,12.797,13.532,3.083,,,,,,,,,,,,,,,,,,
8482131,D. Sebrango,FLA,D,0,42,44,2026-04-15,0.73,,0.0,0.0,0.0,0.0,0.0,,0.19,0.182,0.8,0.5,0.427,,0.19,0.182,0.8,0.5,0.427,,0.786,0.75,1.4,1.2,1.017,,0.762,0.727,0.6,0.6,0.8,,1.833,1.75,1.6,1.8,1.28,,1.619,1.545,0.4,0.6,2.354,,0.0,0.0,0.0,0.0,0.0,,15.104,14.886,20.26,19.41,3.552,,,,,,,,,,,,,,,,,,
8482132,B. Berard,NYR,W,0,13,48,2026-01-29,0.23,,0.0,0.125,0.0,0.0,0.392,,0.0,0.083,0.0,0.0,0.0,,0.0,0.208,0.0,0.0,0.392,,0.769,1.438,0.0,0.3,1.336,,0.692,0.604,0.4,0.7,0.804,,1.308,1.458,1.2,1.2,1.169,,0.462,0.292,0.0,0.0,0.862,,0.0,0.0,0.0,0.0,0.0,,10.542,10.668,9.537,10.627,1.893,,,,,,,,,,,,,,,,,,
8482133,T. Bordeleau,SJ,C,0,0,1,2025-04-13,0.0,,,0.0,0.0,0.0,,,,0.0,0.0,0.0,,,,0.0,0.0,0.0,,,,1.0,1.0,1.0,,,,0.0,0.0,0.0,,,,0.0,0.0,0.0,,,,0.0,0.0,0.0,,,,0.0,0.0,0.0,,,,10.633,10.633,10.633,,,,,,,,,,,,,,,,,,,
8482137,Y. Askarov,SJ,G,3,74,101,2026-10-05,1.0,,,,,,,,,,,,,,,,,,,,,,,,,,,,,,,,,,,,,0.0,0.027,0.02,0.0,0.0,0.392,,,,,,,62.117,35.088,34.65,49.2,37.1,27.871,25.0,16.014,15.644,18.8,15.6,13.296,4.0,2.122,2.04,3.4,2.6,2.099,29.0,18.122,17.673,22.2,18.2,14.892
8482142,J. Drysdale,PHI,D,4,88,162,2026-10-05,1.0,0.0,0.114,0.105,0.0,0.1,0.271,0.0,0.295,0.241,0.0,0.0,0.585,0.0,0.409,0.346,0.0,0.1,0.614,0.25,1.33,1.117,0.4,0.8,1.365,2.25,1.25,1.364,2.6,1.8,1.418,0.5,0.216,0.241,0.4,0.2,0.49,0.5,0.489,0.414,0.4,1.0,1.329,0.0,0.023,0.025,0.0,0.1,0.196,20.179,21.626,20.852,20.68,22.372,3.301,,,,,,,,,,,,,,,,,,
8482144,J. Thompson,SJ,D,0,0,31,2025-04-13,1.0,,,0.129,0.0,0.2,0.367,,,0.194,0.4,0.3,0.431,,,0.323,0.4,0.5,0.531,,,1.323,0.6,1.2,1.127,,,1.742,3.0,2.2,1.242,,,0.387,0.0,0.3,0.625,,,0.323,0.0,0.2,0.733,,,0.0,0.0,0.0,0.0,,,15.79,16.67,15.392,2.438,,,,,,,,,,,,,,,,,,
8482145,M. Bourque,NSH,C,3,88,167,2026-10-06,1.0,0.0,0.239,0.192,0.2,0.2,0.733,0.333,0.239,0.216,0.2,0.1,0.367,0.333,0.477,0.407,0.4,0.3,0.985,2.333,1.83,1.533,2.6,2.2,1.549,0.0,0.261,0.377,0.0,0.2,0.49,1.333,1.17,0.952,2.4,3.0,1.705,0.667,0.295,0.228,0.4,0.8,0.898,0.0,0.011,0.012,0.0,0.0,0.0,18.433,15.576,14.273,17.177,17.322,2.015,,,,,,,,,,,,,,,,,,
8482146,L. Evangelista,NJ,W,3,81,152,2026-10-06,1.0,0.667,0.148,0.158,0.8,0.4,0.585,0.333,0.543,0.441,0.6,0.5,0.546,1.0,0.691,0.599,1.4,0.9,0.697,3.0,2.173,2.099,3.0,2.7,1.131,1.0,0.259,0.243,0.6,0.4,0.48,0.333,0.259,0.329,0.6,0.5,0.637,0.667,0.346,0.342,0.4,0.2,2.03,0.333,0.012,0.02,0.2,0.1,0.196,18.461,16.622,15.428,17.77,16.35,2.478,,,,,,,,,,,,,,,,,,
8482148,H. Lapierre,PIT,C,3,74,104,2026-10-05,0.33,0.333,0.054,0.048,0.2,0.2,0.367,0.667,0.162,0.212,0.4,0.4,0.449,1.0,0.216,0.26,0.6,0.6,0.637,0.667,0.716,0.702,0.6,0.5,0.917,0.333,0.297,0.356,0.4,0.3,0.466,1.667,0.662,0.635,1.6,1.4,0.935,0.0,0.419,0.337,1.0,1.7,2.518,0.0,0.0,0.0,0.0,0.0,0.0,11.789,8.834,9.169,11.843,11.237,2.483,,,,,,,,,,,,,,,,,,
8482149,C. Perfetti,WPG,C,3,68,166,2026-10-05,1.0,0.667,0.176,0.211,0.4,0.2,0.427,1.0,0.294,0.349,0.6,0.4,0.557,1.667,0.471,0.56,1.0,0.6,0.693,3.333,2.0,1.91,2.6,1.8,1.386,0.667,0.485,0.518,0.8,0.6,0.637,2.0,0.794,0.982,1.2,1.1,1.166,0.0,0.294,0.253,0.0,0.0,0.733,0.333,0.044,0.066,0.2,0.1,0.271,18.083,15.624,15.504,17.69,16.133,2.059,,,,,,,,,,,,,,,,,,
8482153,B. Brisson,NYR,C,0,3,12,2026-03-02,0.08,,0.0,0.0,0.0,0.0,0.0,,0.333,0.083,0.2,0.1,0.276,,0.333,0.083,0.2,0.1,0.276,,0.667,0.75,0.4,0.8,0.595,,0.333,0.083,0.2,0.1,0.276,,0.333,0.833,0.6,1.0,1.143,,0.0,0.0,0.0,0.0,0.0,,0.0,0.0,0.0,0.0,0.0,,10.589,10.047,9.867,10.068,1.183,,,,,,,,,,,,,,,,,,
8482155,A. Laferriere,LA,W,3,86,172,2026-10-06,1.0,0.333,0.244,0.238,0.2,0.3,0.427,0.667,0.314,0.32,1.0,0.9,0.686,1.0,0.558,0.558,1.2,1.2,0.816,1.667,2.605,2.512,2.4,3.0,1.505,0.667,0.605,0.587,0.8,0.5,0.574,3.667,3.174,2.488,3.8,3.5,1.733,0.667,0.209,0.244,0.4,0.4,0.65,0.0,0.035,0.029,0.0,0.1,0.271,16.478,18.503,17.576,18.823,20.098,2.226,,,,,,,,,,,,,,,,,,
8482157,W. Cuylle,NYR,W,5,82,169,2026-10-06,1.0,0.0,0.244,0.237,0.0,0.3,0.612,0.6,0.22,0.272,0.6,0.4,0.4,0.6,0.463,0.509,0.6,0.7,0.686,2.8,1.915,1.911,2.8,2.4,2.029,0.2,0.829,0.704,0.2,0.5,0.557,3.6,3.683,3.675,3.6,4.6,1.932,2.6,0.793,0.71,2.6,2.8,2.858,0.0,0.049,0.036,0.0,0.0,0.0,15.16,16.857,15.943,15.16,14.91,1.521,,,,,,,,,,,,,,,,,,
8482159,T. Foerster,PHI,W,4,39,124,2026-10-05,1.0,0.25,0.359,0.323,0.4,0.2,0.531,0.0,0.103,0.177,0.0,0.0,0.196,0.25,0.462,0.5,0.4,0.2,0.546,2.5,1.949,1.839,2.4,1.9,1.131,0.5,0.769,0.694,0.4,0.5,0.676,1.5,1.385,1.089,2.2,2.6,1.484,0.0,0.718,0.621,0.0,0.2,0.854,0.0,0.077,0.073,0.0,0.0,0.196,18.4,17.584,17.139,18.587,18.713,2.636,,,,,,,,,,,,,,,,,,
8482162,R. Jarventie,EDM,W,0,3,3,2026-03-26,0.0,,0.0,0.0,0.0,0.0,0.0,,0.0,0.0,0.0,0.0,0.0,,0.0,0.0,0.0,0.0,0.0,,0.667,0.667,0.667,0.667,0.471,,1.333,1.333,1.333,1.333,0.943,,0.333,0.333,0.333,0.333,0.471,,0.0,0.0,0.0,0.0,0.0,,0.0,0.0,0.0,0.0,0.0,,8.006,8.006,8.006,8.006,0.97,,,,,,,,,,,,,,,,,,
8482165,Y. Kuznetsov,CGY,D,2,57,59,2026-10-04,1.0,0.0,0.07,0.068,0.0,0.0,0.0,0.0,0.14,0.136,0.0,0.1,0.325,0.0,0.211,0.203,0.0,0.1,0.325,2.0,1.123,1.153,1.8,1.4,0.968,0.5,1.789,1.746,2.0,1.8,1.327,1.5,1.386,1.39,1.4,1.2,1.023,0.0,0.491,0.475,0.0,0.0,0.862,0.0,0.0,0.0,0.0,0.0,0.0,18.85,20.085,20.043,20.063,18.625,2.0,,,,,,,,,,,,,,,,,,
8482166,S. Mukhamadullin,EDM,D,2,50,82,2026-10-01,0.5,0.0,0.1,0.085,0.0,0.1,0.196,0.0,0.14,0.171,0.0,0.0,0.431,0.0,0.24,0.256,0.0,0.1,0.463,0.0,0.98,0.963,0.4,0.9,0.958,1.0,1.26,1.415,1.0,0.8,1.177,0.0,0.7,0.732,0.6,0.7,0.909,0.0,0.44,0.366,0.8,0.4,0.98,0.0,0.0,0.0,0.0,0.0,0.0,11.533,17.142,17.344,16.51,16.915,2.768,,,,,,,,,,,,,,,,,,
8482167,B. Trineyev,WSH,W,0,2,2,2025-12-18,0.0,,0.0,0.0,0.0,0.0,,,0.0,0.0,0.0,0.0,,,0.0,0.0,0.0,0.0,,,0.5,0.5,0.5,0.5,,,1.0,1.0,1.0,1.0,,,0.5,0.5,0.5,0.5,,,0.0,0.0,0.0,0.0,,,0.0,0.0,0.0,0.0,,,10.525,10.525,10.525,10.525,,,,,,,,,,,,,,,,,,,
8482168,M. Groshev,TB,D,0,2,2,2026-01-26,0.5,,0.0,0.0,0.0,0.0,,,0.5,0.5,0.5,0.5,,,0.5,0.5,0.5,0.5,,,0.5,0.5,0.5,0.5,,,0.5,0.5,0.5,0.5,,,0.0,0.0,0.0,0.0,,,0.0,0.0,0.0,0.0,,,0.0,0.0,0.0,0.0,,,11.5,11.5,11.5,11.5,,,,,,,,,,,,,,,,,,,
8482169,H. Grans,PHI,D,0,0,6,2024-11-29,1.0,,,0.0,0.0,0.0,0.0,,,0.167,0.0,0.167,0.373,,,0.167,0.0,0.167,0.373,,,0.833,0.6,0.833,0.687,,,0.833,0.6,0.833,0.687,,,0.667,0.6,0.667,0.471,,,0.333,0.0,0.333,0.745,,,0.0,0.0,0.0,0.0,,,14.458,14.113,14.458,1.291,,,,,,,,,,,,,,,,,,
8482171,W. Wallinder,DET,D,1,0,1,2026-10-06,0.0,0.0,,0.0,0.0,0.0,,1.0,,1.0,1.0,1.0,,1.0,,1.0,1.0,1.0,,0.0,,0.0,0.0,0.0,,1.0,,1.0,1.0,1.0,,0.0,,0.0,0.0,0.0,,0.0,,0.0,0.0,0.0,,0.0,,0.0,0.0,0.0,,9.117,,9.117,9.117,9.117,,,,,,,,,,,,,,,,,,,
8482172,L. Slaggert,CHI,W,0,53,86,2026-04-15,0.29,,0.057,0.058,0.0,0.0,0.196,,0.075,0.093,0.2,0.1,0.196,,0.132,0.151,0.2,0.1,0.271,,0.887,0.942,0.6,0.9,0.784,,0.453,0.43,0.6,0.3,0.637,,1.491,1.209,1.0,1.6,1.1,,0.302,0.453,0.4,0.2,0.392,,0.0,0.0,0.0,0.0,0.0,,10.554,11.227,10.42,10.55,1.494,,,,,,,,,,,,,,,,,,
8482174,W. Villeneuve,TOR,D,0,3,3,2026-04-15,1.0,,0.0,0.0,0.0,0.0,0.0,,0.0,0.0,0.0,0.0,0.0,,0.0,0.0,0.0,0.0,0.0,,0.667,0.667,0.667,0.667,0.943,,1.667,1.667,1.667,1.667,0.943,,0.333,0.333,0.333,0.333,0.471,,0.0,0.0,0.0,0.0,0.0,,0.0,0.0,0.0,0.0,0.0,,17.328,17.328,17.328,17.328,1.006,,,,,,,,,,,,,,,,,,
8482175,J. Peterka,BOS,W,4,88,169,2026-10-05,1.0,0.5,0.284,0.32,0.4,0.2,0.4,0.0,0.25,0.373,0.0,0.0,0.367,0.5,0.534,0.692,0.4,0.2,0.48,2.0,1.864,2.041,1.6,1.3,1.414,0.5,0.227,0.225,0.4,0.3,0.427,0.25,0.25,0.314,0.2,0.7,0.748,0.0,0.341,0.379,0.0,0.2,0.543,0.0,0.034,0.053,0.0,0.0,0.0,18.3,15.824,16.958,17.76,15.497,2.544,,,,,,,,,,,,,,,,,,
8482176,W. Kaiser,CHI,D,4,77,138,2026-10-06,1.0,0.0,0.078,0.072,0.0,0.0,0.196,0.25,0.143,0.116,0.4,0.4,0.49,0.25,0.221,0.188,0.4,0.4,0.512,0.75,0.974,1.043,1.0,0.8,0.894,1.75,0.896,1.225,1.8,1.8,1.046,0.75,0.584,0.739,0.8,0.5,0.755,0.0,0.442,0.348,0.0,0.0,0.98,0.0,0.0,0.0,0.0,0.0,0.0,20.338,19.613,19.016,20.57,20.695,4.148,,,,,,,,,,,,,,,,,,
8482177,M. Khusnutdinov,BOS,C,4,83,162,2026-10-05,0.75,0.0,0.181,0.123,0.0,0.0,0.271,0.25,0.217,0.16,0.2,0.1,0.325,0.25,0.398,0.284,0.2,0.1,0.4,0.25,0.976,0.759,0.4,0.4,0.755,0.25,0.518,0.562,0.2,0.5,0.753,1.0,0.795,0.772,1.8,2.8,1.879,0.0,0.217,0.235,0.0,0.2,0.543,0.0,0.0,0.0,0.0,0.0,0.0,13.387,14.57,13.391,13.76,14.637,2.168,,,,,,,,,,,,,,,,,,
8482178,I. Moore,ANA,D,0,77,80,2026-05-14,0.57,,0.065,0.062,0.2,0.1,0.196,,0.104,0.113,0.0,0.0,0.0,,0.169,0.175,0.2,0.1,0.196,,1.026,1.038,1.6,1.3,0.958,,1.13,1.1,0.6,0.7,0.755,,0.844,0.825,2.0,2.3,1.299,,0.338,0.325,0.0,0.2,0.543,,0.0,0.0,0.0,0.0,0.0,,13.205,13.221,10.083,10.107,2.641,,,,,,,,,,,,,,,,,,
8482187,R. Seeley,CAR,D,0,1,1,2026-04-14,1.0,,0.0,0.0,0.0,0.0,,,0.0,0.0,0.0,0.0,,,0.0,0.0,0.0,0.0,,,0.0,0.0,0.0,0.0,,,2.0,2.0,2.0,2.0,,,0.0,0.0,0.0,0.0,,,0.0,0.0,0.0,0.0,,,0.0,0.0,0.0,0.0,,,15.2,15.2,15.2,15.2,,,,,,,,,,,,,,,,,,,
8482188,G. Bjorklund,WSH,G,0,4,4,2026-02-03,0.0,,,,,,,,,,,,,,,,,,,,,,,,,,,,,,,,,,,,,,0.0,0.0,0.0,0.0,0.0,,,,,,,,0.0,0.0,0.0,0.0,0.0,,0.0,0.0,0.0,0.0,0.0,,0.0,0.0,0.0,0.0,0.0,,0.0,0.0,0.0,0.0,0.0
8482192,I. Phillips,WPG,D,0,3,6,2026-03-05,0.33,,0.0,0.167,0.2,0.167,0.373,,0.0,0.0,0.0,0.0,0.0,,0.0,0.167,0.2,0.167,0.373,,1.0,1.0,1.2,1.0,0.816,,0.333,0.833,0.8,0.833,0.687,,1.0,1.0,1.0,1.0,0.816,,0.667,0.333,0.4,0.333,0.745,,0.0,0.0,0.0,0.0,0.0,,9.517,10.706,10.603,10.706,2.089,,,,,,,,,,,,,,,,,,
8482193,D. Garand,NYR,G,4,12,18,2026-10-06,0.25,,,,,,,,,,,,,,,,,,,,,,,,,,,,,,,,,,,,,0.0,0.0,0.0,0.0,0.0,0.0,,,,,,,15.0,15.417,13.611,24.0,18.0,25.485,5.5,7.583,6.278,10.2,7.8,11.948,0.0,0.417,0.278,0.4,0.3,0.65,5.5,8.0,6.556,10.6,8.1,12.527
8482201,G. Goncalves,TB,C,3,81,149,2026-10-05,1.0,0.0,0.148,0.141,0.2,0.1,0.196,0.0,0.296,0.262,0.2,0.2,0.557,0.0,0.444,0.403,0.4,0.3,0.566,0.667,1.074,1.034,1.4,1.2,0.924,0.0,0.383,0.369,0.2,0.2,0.546,1.0,1.173,1.235,1.0,1.3,0.958,0.0,0.506,0.383,0.0,0.0,0.543,0.0,0.0,0.007,0.0,0.0,0.0,14.711,13.209,13.196,14.823,14.545,2.444,,,,,,,,,,,,,,,,,,
8482206,E. Cardwell,SJ,W,0,7,13,2025-12-23,0.31,,0.143,0.154,0.0,0.2,0.361,,0.0,0.0,0.0,0.0,0.0,,0.143,0.154,0.0,0.2,0.361,,0.857,0.846,0.8,0.8,0.662,,0.143,0.308,0.2,0.3,0.606,,1.286,1.308,1.2,1.2,1.066,,0.286,0.308,0.0,0.2,0.722,,0.0,0.0,0.0,0.0,0.0,,11.931,11.746,11.24,11.452,1.994,,,,,,,,,,,,,,,,,,
8482209,R. Kerins,CGY,C,0,4,9,2026-04-16,0.67,,0.0,0.0,0.0,0.0,0.0,,0.0,0.444,0.0,0.444,0.685,,0.0,0.444,0.0,0.444,0.685,,0.25,0.444,0.2,0.444,0.685,,1.25,0.778,1.0,0.778,0.629,,0.75,0.778,0.8,0.778,0.416,,0.5,0.222,0.4,0.222,0.629,,0.0,0.0,0.0,0.0,0.0,,14.996,13.457,13.387,13.457,2.866,,,,,,,,,,,,,,,,,,
8482213,R. Duran,BOS,C,0,0,2,2025-04-13,0.5,,,0.0,0.0,0.0,,,,0.0,0.0,0.0,,,,0.0,0.0,0.0,,,,2.5,2.5,2.5,,,,0.0,0.0,0.0,,,,3.0,3.0,3.0,,,,1.0,1.0,1.0,,,,0.0,0.0,0.0,,,,12.725,12.725,12.725,,,,,,,,,,,,,,,,,,,
8482221,D. Levi,EDM,G,3,0,23,2026-10-03,0.67,,,,,,,,,,,,,,,,,,,,,,,,,,,,,,,,,,,,,0.0,,0.0,0.0,0.0,0.0,,,,,,,39.828,,26.092,47.063,36.992,28.374,11.333,,11.261,19.6,15.1,13.398,2.667,,1.783,3.4,2.6,2.206,14.0,,13.043,23.0,17.7,15.153
8482245,A. Zub,OTT,D,0,82,144,2026-04-18,0.99,,0.061,0.049,0.2,0.1,0.196,,0.305,0.257,0.2,0.3,0.566,,0.366,0.306,0.4,0.4,0.571,,1.122,1.056,1.6,1.2,1.129,,1.463,1.757,1.2,1.5,1.269,,0.841,0.903,0.8,0.7,0.938,,0.695,0.646,0.4,0.6,1.262,,0.0,0.0,0.0,0.0,0.0,,20.633,20.715,20.74,21.277,3.612,,,,,,,,,,,,,,,,,,
8482250,C. Burke,VGK,C,0,0,7,2025-01-30,0.43,,,0.143,0.2,0.143,0.35,,,0.0,0.0,0.0,0.0,,,0.143,0.2,0.143,0.35,,,1.714,1.8,1.714,1.161,,,0.429,0.6,0.429,0.495,,,0.0,0.0,0.0,0.0,,,0.286,0.4,0.286,0.7,,,0.0,0.0,0.0,0.0,,,10.84,11.107,10.84,2.21,,,,,,,,,,,,,,,,,,
8482259,B. McMann,SEA,C,4,78,169,2026-10-06,1.0,0.5,0.372,0.302,0.4,0.4,0.574,0.0,0.218,0.201,0.0,0.0,0.367,0.5,0.59,0.503,0.4,0.4,0.843,3.75,2.346,2.278,3.4,3.7,1.461,1.0,0.346,0.343,0.8,0.5,0.676,2.25,2.115,2.124,1.8,1.8,1.131,0.0,0.538,0.503,0.0,0.0,0.392,0.25,0.051,0.047,0.2,0.1,0.325,16.587,15.931,15.062,16.59,17.297,2.086,,,,,,,,,,,,,,,,,,
8482408,J. Malott,ANA,W,2,62,82,2026-10-04,0.0,0.5,0.048,0.049,0.2,0.1,0.196,0.0,0.097,0.085,0.0,0.0,0.196,0.5,0.145,0.134,0.2,0.1,0.271,1.0,0.887,0.878,0.6,0.8,1.131,1.0,0.452,0.524,0.4,0.4,0.571,4.0,2.871,2.646,3.0,3.0,1.618,0.0,1.113,0.927,2.8,1.8,2.993,0.0,0.0,0.0,0.0,0.0,0.0,9.292,8.705,8.669,8.043,7.633,2.037,,,,,,,,,,,,,,,,,,
8482411,H. Shepard,OTT,G,0,12,20,2026-02-05,0.1,,,,,,,,,,,,,,,,,,,,,,,,,,,,,,,,,,,,,,0.0,0.0,0.0,0.0,0.0,,,,,,,,2.982,4.789,0.0,3.578,14.869,,0.833,1.45,0.0,1.0,4.577,,0.167,0.45,0.0,0.2,1.564,,1.0,1.9,0.0,1.2,6.115
8482445,D. Cooley,CGY,G,3,80,84,2026-10-04,0.33,,,,,,,,,,,,,,,,,,,,,,,,,,,,,,,,,,,,,0.0,0.025,0.024,0.0,0.0,0.0,,,,,,,19.922,21.475,21.164,11.953,24.222,28.781,7.333,9.625,9.429,4.4,9.6,13.237,1.0,0.963,0.952,0.6,1.3,1.814,8.333,10.588,10.381,5.0,10.9,14.705
8482446,J. Blomqvist,PIT,G,0,0,34,2025-03-02,0.41,,,,,,,,,,,,,,,,,,,,,,,,,,,,,,,,,,,,,,,0.0,0.0,0.0,0.0,,,,,,,,,22.719,30.613,23.695,26.187,,,11.059,12.0,9.1,11.866,,,1.441,2.2,1.7,1.805,,,12.5,14.2,10.8,13.354
8482447,L. Meriläinen,VAN,G,4,46,74,2026-10-04,0.5,,,,,,,,,,,,,,,,,,,,,,,,,,,,,,,,,,,,,0.0,0.0,0.0,0.0,0.0,0.0,,,,,,,22.671,23.793,24.975,18.137,37.162,27.258,8.25,8.543,9.446,6.6,11.6,9.394,0.5,1.391,1.189,0.4,1.9,1.733,8.75,9.935,10.635,7.0,13.5,10.701
8482451,M. Pyyhtia,CBJ,W,0,5,52,2026-01-15,0.42,,0.2,0.096,0.2,0.1,0.271,,0.0,0.058,0.0,0.1,0.196,,0.2,0.154,0.2,0.2,0.325,,1.2,0.731,1.2,0.8,0.843,,0.4,0.788,0.4,0.4,0.697,,0.2,0.5,0.2,0.2,0.742,,0.0,0.115,0.0,0.0,0.543,,0.0,0.0,0.0,0.0,0.0,,10.26,11.923,10.26,10.567,1.609,,,,,,,,,,,,,,,,,,
8482459,T. Bauer,WPG,D,2,0,2,2026-10-04,0.0,0.0,,0.0,0.0,0.0,,0.0,,0.0,0.0,0.0,,0.0,,0.0,0.0,0.0,,0.0,,0.0,0.0,0.0,,1.0,,1.0,1.0,1.0,,2.5,,2.5,2.5,2.5,,7.0,,7.0,7.0,7.0,,0.0,,0.0,0.0,0.0,,7.275,,7.275,7.275,7.275,,,,,,,,,,,,,,,,,,,
8482460,M. Rempe,NYR,C,1,26,69,2026-09-29,0.0,0.0,0.038,0.058,0.0,0.0,0.196,0.0,0.0,0.072,0.0,0.0,0.0,0.0,0.038,0.13,0.0,0.0,0.196,1.0,0.577,0.667,0.2,0.4,0.8,0.0,0.231,0.29,0.2,0.4,0.49,6.0,3.308,3.029,4.2,3.9,1.72,0.0,0.423,1.13,0.4,0.4,1.134,0.0,0.0,0.0,0.0,0.0,0.0,9.817,8.608,8.564,8.457,8.558,2.613,,,,,,,,,,,,,,,,,,
8482465,R. Poirier,DAL,G,0,1,1,2026-01-04,0.0,,,,,,,,,,,,,,,,,,,,,,,,,,,,,,,,,,,,,,0.0,0.0,0.0,0.0,,,,,,,,,0.0,0.0,0.0,0.0,,,0.0,0.0,0.0,0.0,,,0.0,0.0,0.0,0.0,,,0.0,0.0,0.0,0.0,
8482470,I. Solovyov,PIT,D,0,33,38,2026-04-29,0.58,,0.03,0.026,0.0,0.0,0.196,,0.212,0.211,0.0,0.1,0.449,,0.242,0.237,0.0,0.1,0.466,,0.697,0.763,0.6,0.5,0.753,,1.061,1.132,1.0,0.9,1.017,,1.212,1.368,1.6,1.5,0.693,,0.485,0.474,0.4,0.4,0.898,,0.0,0.0,0.0,0.0,0.0,,12.239,12.691,11.153,12.148,3.254,,,,,,,,,,,,,,,,,,
8482475,E. Chinakhov,PIT,W,3,78,111,2026-10-05,1.0,0.333,0.269,0.261,0.2,0.1,0.546,0.333,0.269,0.27,0.2,0.1,0.697,0.667,0.538,0.532,0.4,0.2,0.907,1.667,1.897,1.991,1.4,1.6,1.341,0.333,0.436,0.405,0.2,0.5,0.96,0.667,0.769,0.982,1.2,1.3,0.917,0.667,0.128,0.144,0.4,0.2,0.392,0.333,0.026,0.045,0.2,0.1,0.271,16.317,13.551,14.213,15.53,15.24,2.16,,,,,,,,,,,,,,,,,,
8482476,E. Heineman,NYI,W,3,82,152,2026-10-06,1.0,0.333,0.268,0.224,0.2,0.2,0.546,0.0,0.11,0.112,0.0,0.0,0.196,0.333,0.378,0.336,0.2,0.2,0.557,0.667,2.122,1.605,0.8,0.9,1.666,0.0,0.659,0.539,0.0,0.3,0.806,2.667,3.012,2.921,1.8,2.0,1.746,0.0,0.22,0.25,0.4,0.4,0.543,0.0,0.049,0.046,0.0,0.1,0.271,15.55,16.616,14.216,15.097,14.872,1.759,,,,,,,,,,,,,,,,,,
8482477,C. Clang,ANA,G,0,0,2,2024-12-29,0.0,,,,,,,,,,,,,,,,,,,,,,,,,,,,,,,,,,,,,,,0.0,0.0,0.0,,,,,,,,,,0.0,0.0,0.0,,,,0.0,0.0,0.0,,,,0.0,0.0,0.0,,,,0.0,0.0,0.0,
8482479,T. Kuntar,BUF,C,0,1,1,2025-12-11,0.0,,0.0,0.0,0.0,0.0,,,0.0,0.0,0.0,0.0,,,0.0,0.0,0.0,0.0,,,0.0,0.0,0.0,0.0,,,0.0,0.0,0.0,0.0,,,1.0,1.0,1.0,1.0,,,0.0,0.0,0.0,0.0,,,0.0,0.0,0.0,0.0,,,5.2,5.2,5.2,5.2,,,,,,,,,,,,,,,,,,,
8482482,A. Wilsby,NSH,D,3,58,84,2026-10-06,1.0,0.0,0.017,0.024,0.0,0.0,0.0,0.333,0.259,0.238,0.2,0.4,0.632,0.333,0.276,0.262,0.2,0.4,0.632,1.0,1.017,1.131,0.6,1.0,0.924,1.667,0.81,0.821,1.2,1.2,0.845,0.667,0.483,0.571,0.6,0.8,0.742,0.0,0.5,0.417,0.0,0.0,1.17,0.0,0.0,0.0,0.0,0.0,0.0,15.239,17.008,17.244,16.507,18.977,3.452,,,,,,,,,,,,,,,,,,
8482484,J. Vikman,VGK,G,0,1,1,2025-12-05,0.0,,,,,,,,,,,,,,,,,,,,,,,,,,,,,,,,,,,,,,0.0,0.0,0.0,0.0,,,,,,,,,0.0,0.0,0.0,0.0,,,0.0,0.0,0.0,0.0,,,0.0,0.0,0.0,0.0,,,0.0,0.0,0.0,0.0,
8482487,J. Dobes,MTL,G,3,96,152,2026-10-06,1.0,,,,,,,,,,,,,,,,,,,,,,,,,,,,,,,,,,,,,0.0,0.104,0.066,0.0,0.4,0.926,,,,,,,58.628,38.529,32.194,58.653,61.218,13.099,26.0,16.479,13.895,28.4,29.1,8.681,4.333,1.76,1.507,4.2,3.7,1.536,30.333,18.24,15.401,32.6,32.8,8.94
8482496,N. Aman,VAN,C,0,2,21,2025-10-23,0.1,,0.0,0.048,0.0,0.0,0.213,,0.0,0.238,0.0,0.3,0.526,,0.0,0.286,0.0,0.3,0.547,,0.5,0.429,0.4,0.4,0.495,,0.5,0.143,0.2,0.2,0.35,,1.0,1.143,1.0,0.9,1.082,,0.0,0.095,0.0,0.0,0.426,,0.0,0.0,0.0,0.0,0.0,,8.658,10.31,9.257,9.992,1.38,,,,,,,,,,,,,,,,,,
8482507,C. Bradley,COL,W,0,0,2,2024-11-29,0.0,,,0.0,0.0,0.0,,,,0.0,0.0,0.0,,,,0.0,0.0,0.0,,,,0.0,0.0,0.0,,,,0.5,0.5,0.5,,,,0.5,0.5,0.5,,,,0.0,0.0,0.0,,,,0.0,0.0,0.0,,,,5.575,5.575,5.575,,,,,,,,,,,,,,,,,,,
8482511,M. Lohrei,BOS,D,4,76,157,2026-10-05,1.0,0.0,0.092,0.076,0.0,0.0,0.196,0.5,0.25,0.312,0.4,0.3,0.367,0.5,0.342,0.389,0.4,0.3,0.4,0.5,0.947,1.057,0.4,0.5,0.742,0.5,1.289,1.293,0.8,1.1,1.2,0.0,0.434,0.369,0.0,0.3,0.49,0.0,0.263,0.229,0.0,0.0,0.65,0.0,0.026,0.019,0.0,0.0,0.0,20.812,16.8,18.24,19.71,18.35,3.119,,,,,,,,,,,,,,,,,,
8482515,A. Akhtyamov,TOR,G,0,8,8,2026-04-13,0.25,,,,,,,,,,,,,,,,,,,,,,,,,,,,,,,,,,,,,,0.0,0.0,0.0,0.0,0.0,,,,,,,,15.75,15.75,25.2,15.75,24.486,,8.875,8.875,14.2,8.875,14.339,,1.375,1.375,2.2,1.375,2.395,,10.125,10.125,16.2,10.125,16.45
8482516,M. Kessel,STL,D,0,29,58,2026-04-14,0.64,,0.069,0.034,0.0,0.0,0.271,,0.034,0.069,0.0,0.0,0.196,,0.103,0.103,0.0,0.0,0.325,,0.69,0.638,1.2,0.9,0.826,,0.897,0.845,2.2,1.6,1.2,,0.759,0.759,1.8,1.5,1.211,,0.345,0.345,0.8,0.6,0.65,,0.0,0.0,0.0,0.0,0.0,,12.537,12.839,14.377,13.752,2.321,,,,,,,,,,,,,,,,,,
8482525,R. Tverberg,TOR,C,0,2,2,2026-04-15,0.0,,0.0,0.0,0.0,0.0,,,0.0,0.0,0.0,0.0,,,0.0,0.0,0.0,0.0,,,0.5,0.5,0.5,0.5,,,0.5,0.5,0.5,0.5,,,1.5,1.5,1.5,1.5,,,1.0,1.0,1.0,1.0,,,0.0,0.0,0.0,0.0,,,9.867,9.867,9.867,9.867,,,,,,,,,,,,,,,,,,,
8482623,J. Dunne,BUF,C,0,36,38,2026-04-21,0.16,,0.028,0.026,0.0,0.0,0.0,,0.083,0.079,0.0,0.0,0.325,,0.111,0.105,0.0,0.0,0.325,,0.833,0.816,0.6,0.8,0.632,,0.5,0.526,1.2,0.6,0.697,,1.167,1.237,1.0,1.3,1.07,,1.056,1.132,0.4,0.9,1.224,,0.0,0.0,0.0,0.0,0.0,,9.388,9.268,8.587,8.717,2.054,,,,,,,,,,,,,,,,,,
8482624,D. Miromanov,CGY,D,0,1,45,2025-10-14,0.91,,0.0,0.044,0.0,0.1,0.196,,0.0,0.156,0.2,0.2,0.367,,0.0,0.2,0.2,0.3,0.4,,0.0,1.156,1.0,1.0,1.107,,2.0,1.267,0.8,0.8,1.405,,0.0,0.422,0.2,0.2,0.898,,0.0,0.267,0.0,0.4,0.65,,0.0,0.0,0.0,0.0,0.0,,17.817,17.683,16.23,14.803,3.636,,,,,,,,,,,,,,,,,,
8482634,A. Steeves,BOS,C,0,45,52,2026-05-01,0.4,,0.2,0.192,0.0,0.1,0.271,,0.156,0.154,0.0,0.1,0.4,,0.356,0.346,0.0,0.2,0.449,,1.289,1.25,1.4,1.4,1.058,,0.6,0.538,0.2,0.4,0.64,,3.356,3.269,3.4,3.2,1.573,,0.756,0.654,0.4,0.2,1.6,,0.022,0.019,0.0,0.0,0.196,,11.979,11.698,11.83,11.078,1.677,,,,,,,,,,,,,,,,,,
8482635,M. Hardman,NJ,W,0,0,2,2025-04-16,0.0,,,0.0,0.0,0.0,,,,0.5,0.5,0.5,,,,0.5,0.5,0.5,,,,1.0,1.0,1.0,,,,1.5,1.5,1.5,,,,2.0,2.0,2.0,,,,0.0,0.0,0.0,,,,0.0,0.0,0.0,,,,9.042,9.042,9.042,,,,,,,,,,,,,,,,,,,
8482641,M. Kiersted,MIN,D,0,6,8,2026-04-14,0.75,,0.0,0.0,0.0,0.0,0.0,,0.167,0.25,0.2,0.25,0.433,,0.167,0.25,0.2,0.25,0.433,,0.667,0.5,0.6,0.5,1.0,,1.667,1.375,1.8,1.375,1.867,,0.0,0.375,0.0,0.375,0.696,,0.0,0.25,0.0,0.25,0.661,,0.0,0.0,0.0,0.0,0.0,,15.728,14.965,16.393,14.965,4.011,,,,,,,,,,,,,,,,,,
8482652,W. Duehr,WPG,W,0,3,27,2026-03-05,0.0,,0.0,0.074,0.2,0.1,0.271,,0.0,0.037,0.0,0.0,0.196,,0.0,0.111,0.2,0.1,0.325,,0.667,0.63,0.6,0.7,0.625,,0.667,0.63,0.6,0.5,0.843,,3.333,2.185,2.8,2.9,1.294,,0.0,0.0,0.0,0.0,0.0,,0.0,0.0,0.0,0.0,0.0,,9.5,8.881,9.07,9.01,1.355,,,,,,,,,,,,,,,,,,
8482655,J. Moser,TB,D,3,86,148,2026-10-05,1.0,0.0,0.093,0.068,0.0,0.1,0.196,0.0,0.279,0.243,0.0,0.2,0.531,0.0,0.372,0.311,0.0,0.3,0.546,1.0,1.395,1.176,0.8,1.2,1.129,1.0,1.221,1.257,0.8,1.7,1.166,1.0,0.814,0.73,1.0,1.2,0.849,1.333,0.826,0.655,1.2,0.6,1.348,0.0,0.0,0.0,0.0,0.0,0.0,17.111,21.732,20.371,19.82,21.608,2.814,,,,,,,,,,,,,,,,,,
8482657,S. Cossa,UTA,G,4,1,10,2026-10-06,0.25,,,,,,,,,,,,,,,,,,,,,,,,,,,,,,,,,,,,,0.0,0.0,0.0,0.0,0.0,0.0,,,,,,,15.0,0.0,10.5,12.0,10.5,21.266,4.25,0.0,2.9,3.4,2.9,5.907,0.25,0.0,0.3,0.2,0.3,0.64,4.5,0.0,3.2,3.6,3.2,6.462
8482659,J. Doan,BUF,W,3,95,149,2026-10-06,1.0,0.0,0.295,0.235,0.0,0.2,0.49,0.0,0.358,0.309,0.0,0.5,0.566,0.0,0.653,0.544,0.0,0.7,0.748,1.333,2.126,1.973,1.8,2.3,1.395,1.0,0.347,0.336,0.8,0.5,0.531,1.667,1.084,1.027,1.4,1.6,0.983,0.667,0.347,0.289,0.4,0.8,1.024,0.0,0.095,0.081,0.0,0.0,0.0,16.428,15.928,15.113,16.887,17.09,2.253,,,,,,,,,,,,,,,,,,
8482660,K. Johnson,CBJ,C,2,76,146,2026-10-03,1.0,0.5,0.092,0.219,0.2,0.1,0.271,0.5,0.197,0.336,0.4,0.2,0.367,1.0,0.289,0.555,0.6,0.3,0.427,3.0,1.5,1.664,2.0,1.3,1.204,0.5,0.5,0.466,0.4,0.2,0.637,0.0,0.197,0.123,0.0,0.2,0.449,1.0,0.263,0.26,0.8,0.6,0.8,0.0,0.013,0.034,0.0,0.0,0.0,16.058,13.241,15.167,13.423,12.06,2.435,,,,,,,,,,,,,,,,,,
8482661,J. Wallstedt,MIN,G,3,91,99,2026-10-06,1.0,,,,,,,,,,,,,,,,,,,,,,,,,,,,,,,,,,,,,0.0,0.022,0.04,0.0,0.0,0.0,,,,,,,61.2,29.094,29.784,61.09,54.377,29.142,23.333,13.549,13.596,25.8,23.9,13.673,1.667,1.286,1.313,2.4,2.5,1.773,25.0,14.824,14.899,28.2,26.4,14.876
8482663,D. Duke,TB,W,0,1,3,2026-04-07,0.0,,0.0,0.333,0.333,0.333,0.471,,0.0,0.0,0.0,0.0,0.0,,0.0,0.333,0.333,0.333,0.471,,1.0,0.667,0.667,0.667,0.471,,0.0,0.0,0.0,0.0,0.0,,0.0,1.667,1.667,1.667,1.247,,0.0,0.0,0.0,0.0,0.0,,0.0,0.0,0.0,0.0,0.0,,9.367,8.361,8.361,8.361,0.734,,,,,,,,,,,,,,,,,,
8482665,M. Beniers,SEA,C,4,82,168,2026-10-06,1.0,0.25,0.244,0.244,0.2,0.2,0.427,0.5,0.366,0.327,0.4,0.4,0.625,0.75,0.61,0.571,0.6,0.6,0.8,0.5,1.817,1.774,0.4,0.8,1.162,0.5,0.841,0.881,0.6,0.7,0.826,1.0,0.378,0.458,0.8,0.5,0.637,0.0,0.28,0.22,0.0,0.0,0.98,0.0,0.073,0.065,0.0,0.0,0.0,16.346,19.277,18.919,16.19,17.598,2.162,,,,,,,,,,,,,,,,,,
8482666,S. Morrow,NYR,D,0,29,48,2026-02-28,0.9,,0.0,0.021,0.0,0.0,0.0,,0.207,0.229,0.0,0.3,0.4,,0.207,0.25,0.0,0.3,0.4,,0.828,1.062,0.6,0.9,0.952,,1.0,0.979,0.4,0.8,0.98,,0.379,0.312,0.4,0.4,0.697,,0.138,0.125,0.4,0.2,0.543,,0.0,0.0,0.0,0.0,0.0,,15.669,15.167,14.87,15.595,1.803,,,,,,,,,,,,,,,,,,
8482667,W. Eklund,OTT,W,3,78,158,2026-10-06,1.0,0.333,0.192,0.209,0.4,0.3,0.4,0.333,0.487,0.506,0.6,0.6,0.574,0.667,0.679,0.715,1.0,0.9,0.882,3.0,2.256,2.127,2.6,2.1,1.046,0.333,0.654,0.62,0.4,0.2,0.637,0.333,0.923,0.804,0.4,0.9,0.999,0.667,0.41,0.399,0.4,0.4,0.733,0.0,0.038,0.057,0.0,0.0,0.0,18.1,18.541,19.026,17.15,17.0,2.208,,,,,,,,,,,,,,,,,,
8482668,T. Lennox,NYI,G,0,0,2,2025-04-12,0.0,,,,,,,,,,,,,,,,,,,,,,,,,,,,,,,,,,,,,,,0.0,0.0,0.0,,,,,,,,,,2.358,2.358,2.358,,,,0.5,0.5,0.5,,,,0.5,0.5,0.5,,,,1.0,1.0,1.0,
8482671,O. Power,BUF,D,3,94,176,2026-10-06,1.0,0.333,0.085,0.091,0.2,0.1,0.196,1.333,0.287,0.364,1.0,0.6,0.64,1.667,0.372,0.455,1.2,0.7,0.697,1.0,1.362,1.534,0.8,0.4,0.891,0.333,1.128,1.227,0.6,0.8,0.958,0.333,0.404,0.369,0.4,0.7,0.637,0.0,0.17,0.182,0.0,0.0,0.392,0.0,0.0,0.006,0.0,0.0,0.0,26.561,21.628,21.57,26.167,23.51,2.806,,,,,,,,,,,,,,,,,,
8482673,X. Bourgault,OTT,W,0,2,2,2026-01-28,0.0,,0.0,0.0,0.0,0.0,,,0.0,0.0,0.0,0.0,,,0.0,0.0,0.0,0.0,,,1.5,1.5,1.5,1.5,,,0.0,0.0,0.0,0.0,,,1.5,1.5,1.5,1.5,,,0.0,0.0,0.0,0.0,,,0.0,0.0,0.0,0.0,,,5.958,5.958,5.958,5.958,,,,,,,,,,,,,,,,,,,
8482679,M. Coronato,CGY,W,3,80,160,2026-10-04,1.0,0.333,0.225,0.269,0.4,0.2,0.4,0.0,0.338,0.312,0.2,0.5,0.571,0.333,0.562,0.581,0.6,0.7,0.742,2.333,2.462,2.4,2.4,2.3,1.662,0.667,0.287,0.388,0.4,0.3,0.4,0.0,0.287,0.369,0.4,0.4,0.7,0.0,0.4,0.356,0.4,0.8,1.061,0.333,0.087,0.081,0.2,0.1,0.271,17.467,16.652,17.114,17.853,17.31,2.21,,,,,,,,,,,,,,,,,,
8482684,L. Hughes,NJ,D,3,68,143,2026-10-06,1.0,0.333,0.088,0.098,0.2,0.1,0.271,0.0,0.426,0.462,0.0,0.2,0.566,0.333,0.515,0.559,0.2,0.3,0.64,3.667,2.206,1.986,2.6,2.3,1.523,0.0,0.765,0.79,0.0,0.3,0.64,0.0,0.279,0.266,0.4,0.2,0.427,0.667,0.471,0.35,1.2,0.6,0.98,0.0,0.029,0.014,0.0,0.0,0.196,24.061,23.011,22.108,23.893,24.11,3.222,,,,,,,,,,,,,,,,,,
8482691,A. Räty,VAN,C,2,66,101,2026-10-04,0.0,0.5,0.061,0.119,0.2,0.1,0.271,0.0,0.152,0.139,0.2,0.1,0.196,0.5,0.212,0.257,0.4,0.2,0.325,1.5,0.985,1.01,1.6,1.5,1.038,0.0,0.242,0.228,0.6,0.3,0.531,2.0,2.5,2.465,1.6,2.5,1.607,1.0,0.333,0.376,0.4,0.2,0.65,0.0,0.0,0.0,0.0,0.0,0.0,9.717,12.021,11.53,11.13,11.758,1.294,,,,,,,,,,,,,,,,,,
8482698,T. Broz,PIT,C,0,1,1,2025-11-26,0.0,,0.0,0.0,0.0,0.0,,,0.0,0.0,0.0,0.0,,,0.0,0.0,0.0,0.0,,,2.0,2.0,2.0,2.0,,,0.0,0.0,0.0,0.0,,,0.0,0.0,0.0,0.0,,,0.0,0.0,0.0,0.0,,,0.0,0.0,0.0,0.0,,,11.5,11.5,11.5,11.5,,,,,,,,,,,,,,,,,,,
8482699,D. Guenther,UTA,W,4,85,159,2026-10-06,1.0,0.75,0.506,0.459,0.6,0.6,0.693,0.75,0.412,0.447,0.6,0.5,0.7,1.5,0.918,0.906,1.2,1.1,0.952,4.25,3.165,3.082,3.6,4.4,2.018,0.0,0.353,0.453,0.0,0.2,0.49,0.5,0.965,0.862,1.2,1.8,1.382,0.0,0.353,0.352,0.0,0.2,0.543,0.75,0.118,0.157,0.6,0.4,0.531,16.167,17.635,17.317,16.37,18.933,2.952,,,,,,,,,,,,,,,,,,
8482700,N. Allan,SJ,D,2,0,45,2026-10-03,1.0,0.5,,0.044,0.2,0.1,0.271,0.0,,0.156,0.0,0.1,0.325,0.5,,0.2,0.2,0.2,0.4,1.5,,0.444,1.0,0.8,0.64,1.0,,1.111,1.8,1.9,1.169,1.0,,1.4,1.6,1.8,1.342,1.0,,0.4,0.4,0.4,0.733,0.0,,0.0,0.0,0.0,0.0,18.367,,15.272,16.137,15.553,2.237,,,,,,,,,,,,,,,,,,
8482702,L. Stankoven,CAR,C,4,100,197,2026-10-06,1.0,0.25,0.32,0.264,0.2,0.3,0.574,0.0,0.28,0.279,0.2,0.2,0.531,0.25,0.6,0.543,0.4,0.5,0.763,2.25,2.21,2.274,2.0,1.8,1.795,0.5,0.25,0.325,0.4,0.2,0.512,0.75,0.92,0.817,1.6,2.2,1.689,0.5,0.33,0.279,0.8,0.4,0.8,0.0,0.06,0.051,0.0,0.0,0.271,18.754,15.784,15.552,18.253,18.245,2.966,,,,,,,,,,,,,,,,,,
8482703,C. Dach,EDM,C,3,66,94,2026-10-03,1.0,0.0,0.076,0.074,0.0,0.1,0.271,0.0,0.136,0.149,0.2,0.2,0.367,0.0,0.212,0.223,0.2,0.3,0.512,1.667,0.939,1.0,1.2,1.0,0.863,1.0,0.455,0.479,0.8,0.6,0.625,2.667,3.667,3.574,3.2,3.7,2.098,0.667,0.848,0.798,0.8,1.1,1.17,0.0,0.015,0.011,0.0,0.0,0.0,13.378,11.248,11.55,11.133,10.788,3.051,,,,,,,,,,,,,,,,,,
8482705,C. Sillinger,CBJ,C,2,81,149,2026-10-03,1.0,0.5,0.099,0.134,0.2,0.1,0.325,0.0,0.309,0.315,0.0,0.0,0.566,0.5,0.407,0.45,0.2,0.1,0.733,2.5,1.679,1.812,2.2,1.7,1.466,0.0,0.543,0.537,0.0,0.2,0.697,0.5,1.383,1.255,1.4,1.1,1.023,2.0,0.457,0.51,0.8,0.4,1.632,0.0,0.0,0.013,0.0,0.0,0.0,14.35,15.221,15.959,14.413,14.51,1.655,,,,,,,,,,,,,,,,,,
8482712,O. Olausson,COL,W,0,0,2,2025-01-04,0.0,,,0.0,0.0,0.0,,,,0.0,0.0,0.0,,,,0.0,0.0,0.0,,,,1.5,1.5,1.5,,,,1.0,1.0,1.0,,,,0.5,0.5,0.5,,,,0.0,0.0,0.0,,,,0.0,0.0,0.0,,,,6.808,6.808,6.808,,,,,,,,,,,,,,,,,,,
8482713,M. Samoskevich,SEA,W,3,77,156,2026-10-06,0.67,0.667,0.156,0.186,0.6,0.5,0.546,0.0,0.26,0.237,0.2,0.3,0.49,0.667,0.416,0.423,0.8,0.8,0.755,2.0,2.091,1.936,1.4,2.2,1.414,0.333,0.429,0.423,0.6,0.3,0.64,1.667,1.766,1.833,1.2,1.3,1.47,0.667,0.39,0.308,0.4,0.4,0.854,0.0,0.052,0.051,0.0,0.0,0.196,14.856,14.469,13.867,14.05,15.697,3.059,,,,,,,,,,,,,,,,,,
8482715,R. Ufko,NSH,D,1,18,20,2026-10-01,1.0,0.0,0.111,0.1,0.0,0.0,0.3,0.0,0.5,0.45,0.8,0.6,0.669,0.0,0.611,0.55,0.8,0.6,0.669,1.0,0.611,0.6,1.0,0.7,0.583,1.0,0.722,0.7,0.6,0.8,0.714,0.0,0.556,0.55,0.4,0.6,0.74,0.0,0.333,0.3,0.4,0.4,0.714,0.0,0.0,0.0,0.0,0.0,0.0,15.45,13.883,14.048,16.763,14.893,2.364,,,,,,,,,,,,,,,,,,
8482720,M. Knies,CBJ,W,2,79,172,2026-10-03,1.0,1.0,0.291,0.343,0.4,0.5,0.693,1.0,0.544,0.442,0.8,0.6,0.806,2.0,0.835,0.785,1.2,1.1,1.211,2.5,1.772,1.895,1.6,1.4,1.162,0.5,0.405,0.477,0.4,0.3,0.557,0.5,1.924,2.128,1.2,1.6,1.265,0.0,0.367,0.453,0.0,0.2,0.733,0.5,0.076,0.081,0.2,0.2,0.325,16.917,18.792,18.721,17.3,17.988,2.114,,,,,,,,,,,,,,,,,,
8482726,S. Helenius,LA,C,1,57,114,2026-09-30,0.0,0.0,0.088,0.079,0.0,0.0,0.196,0.0,0.07,0.07,0.0,0.0,0.271,0.0,0.158,0.149,0.0,0.0,0.325,1.0,0.737,0.64,1.0,0.6,1.2,0.0,0.316,0.316,0.2,0.2,0.427,3.0,2.737,2.833,3.0,2.2,1.689,0.0,1.123,0.781,2.8,2.3,2.786,0.0,0.0,0.0,0.0,0.0,0.0,6.983,7.968,8.05,7.65,7.245,1.468,,,,,,,,,,,,,,,,,,
8482730,B. Clarke,LA,D,3,86,173,2026-10-06,1.0,0.0,0.093,0.087,0.0,0.0,0.0,0.667,0.384,0.364,0.4,0.3,0.742,0.667,0.477,0.451,0.4,0.3,0.742,2.0,1.907,1.775,1.6,1.5,1.429,2.0,2.302,1.913,2.2,2.7,1.787,0.0,0.384,0.347,0.2,0.5,0.531,3.667,0.733,0.694,2.2,1.1,3.212,0.0,0.023,0.029,0.0,0.0,0.0,19.644,19.8,17.967,19.413,19.917,1.298,,,,,,,,,,,,,,,,,,
8482731,T. Hinds,ANA,D,2,15,17,2026-10-04,0.5,0.0,0.0,0.0,0.0,0.0,0.0,0.0,0.067,0.059,0.0,0.1,0.235,0.0,0.067,0.059,0.0,0.1,0.235,2.0,0.667,0.824,1.0,0.5,1.339,0.5,1.0,0.941,0.6,0.6,0.998,1.5,1.533,1.529,2.0,2.0,1.289,0.0,0.133,0.118,0.0,0.0,0.471,0.0,0.0,0.0,0.0,0.0,0.0,11.992,12.852,12.751,11.967,11.118,3.641,,,,,,,,,,,,,,,,,,
8482733,L. Mailloux,STL,D,0,67,74,2026-04-16,0.89,,0.075,0.095,0.4,0.2,0.367,,0.119,0.135,0.4,0.2,0.512,,0.194,0.23,0.8,0.4,0.632,,1.209,1.23,1.6,1.5,1.255,,0.836,0.865,0.6,0.7,1.414,,1.388,1.378,1.4,1.5,1.095,,0.716,0.73,0.0,0.6,1.327,,0.0,0.0,0.0,0.0,0.0,,16.769,16.716,21.79,20.883,1.985,,,,,,,,,,,,,,,,,,
8482737,Z. Bolduc,MTL,W,3,97,179,2026-10-06,0.33,1.0,0.155,0.207,0.6,0.4,0.531,0.0,0.227,0.223,0.0,0.0,0.49,1.0,0.381,0.43,0.6,0.4,0.7,1.667,1.227,1.402,1.4,1.1,1.058,0.333,0.526,0.503,0.4,0.4,0.574,1.333,2.237,1.944,1.4,2.3,1.577,0.0,0.515,0.575,0.4,0.2,3.154,0.333,0.041,0.067,0.2,0.2,0.271,12.233,13.192,13.024,12.123,11.857,1.887,,,,,,,,,,,,,,,,,,
8482740,W. Johnston,DAL,C,3,88,191,2026-10-05,1.0,0.0,0.557,0.45,0.2,0.4,0.7,0.333,0.489,0.461,0.2,0.3,0.449,0.333,1.045,0.911,0.4,0.7,0.894,3.0,2.568,2.476,2.4,2.9,1.442,1.333,0.648,0.597,1.0,0.6,0.8,0.667,0.716,0.759,0.4,1.0,0.952,0.0,0.386,0.283,0.0,0.2,1.17,0.0,0.341,0.225,0.2,0.3,0.466,20.467,20.376,19.66,21.723,22.258,2.81,,,,,,,,,,,,,,,,,,
8482742,Z. L'Heureux,NSH,W,0,25,87,2026-04-16,0.56,,0.16,0.103,0.2,0.3,0.367,,0.04,0.126,0.2,0.1,0.196,,0.2,0.23,0.4,0.4,0.4,,1.28,1.264,1.4,1.8,1.51,,0.6,0.46,0.2,0.4,0.748,,2.56,3.011,1.6,2.4,1.651,,0.84,0.966,0.0,1.2,2.525,,0.0,0.0,0.0,0.0,0.0,,13.391,12.43,13.8,14.327,2.383,,,,,,,,,,,,,,,,,,
8482744,J. Malatesta,CBJ,W,0,0,2,2024-12-21,0.0,,,0.0,0.0,0.0,,,,0.0,0.0,0.0,,,,0.0,0.0,0.0,,,,0.0,0.0,0.0,,,,0.5,0.5,0.5,,,,3.0,3.0,3.0,,,,0.0,0.0,0.0,,,,0.0,0.0,0.0,,,,10.567,10.567,10.567,,,,,,,,,,,,,,,,,,,
8482745,M. McTavish,STL,C,3,85,164,2026-10-06,1.0,0.667,0.212,0.256,0.4,0.2,0.531,0.0,0.341,0.36,0.4,0.5,0.557,0.667,0.553,0.616,0.8,0.7,0.625,2.667,2.012,2.189,3.2,2.5,1.489,0.0,0.447,0.421,0.0,0.4,0.601,2.333,1.388,1.189,2.2,2.1,1.341,0.0,0.518,0.5,0.0,0.2,0.543,0.0,0.071,0.073,0.0,0.0,0.271,15.628,14.979,15.87,14.747,13.257,2.432,,,,,,,,,,,,,,,,,,
8482747,B. Othmann,CGY,W,1,19,42,2026-10-03,0.0,0.0,0.105,0.048,0.2,0.1,0.271,0.0,0.053,0.071,0.2,0.1,0.196,0.0,0.158,0.119,0.4,0.2,0.325,1.0,0.789,0.857,0.8,0.7,0.585,1.0,0.421,0.381,0.4,0.3,0.49,3.0,2.316,2.143,2.2,3.0,1.588,0.0,0.579,0.31,0.4,0.2,1.134,0.0,0.0,0.0,0.0,0.0,0.0,10.5,10.002,9.998,10.253,10.553,2.162,,,,,,,,,,,,,,,,,,
8482749,J. Roy,MTL,W,0,3,15,2025-11-20,0.07,,0.0,0.133,0.0,0.2,0.34,,0.0,0.0,0.0,0.0,0.0,,0.0,0.133,0.0,0.2,0.34,,0.667,1.067,0.8,1.2,0.573,,0.0,0.533,0.0,0.7,0.884,,2.0,0.8,1.6,1.1,0.98,,0.667,0.267,0.4,0.2,0.68,,0.0,0.0,0.0,0.0,0.0,,9.789,10.772,9.883,10.427,1.373,,,,,,,,,,,,,,,,,,
8482751,R. Winterton,SEA,C,4,68,84,2026-10-06,0.75,0.0,0.059,0.048,0.0,0.0,0.196,0.25,0.206,0.19,0.2,0.1,0.4,0.25,0.265,0.238,0.2,0.1,0.512,2.0,1.279,1.31,1.6,2.1,1.371,1.0,0.485,0.512,1.2,0.9,0.632,0.75,1.088,1.155,0.8,1.8,1.401,1.75,0.221,0.286,1.4,0.7,1.04,0.0,0.0,0.0,0.0,0.0,0.0,13.979,11.979,11.911,13.96,13.95,1.773,,,,,,,,,,,,,,,,,,
8482758,V. Koivunen,PIT,W,2,39,49,2026-10-05,1.0,0.5,0.051,0.061,0.2,0.1,0.271,0.5,0.128,0.265,0.2,0.1,0.367,1.0,0.179,0.327,0.4,0.2,0.427,1.5,0.923,1.102,1.2,0.8,1.017,0.5,0.359,0.469,0.4,0.4,0.449,0.0,0.128,0.122,0.0,0.2,0.325,0.0,0.256,0.286,0.0,0.2,0.733,0.0,0.026,0.02,0.0,0.0,0.0,13.667,12.738,13.653,14.99,12.957,2.119,,,,,,,,,,,,,,,,,,
8482761,C. Lindbom,VGK,G,0,21,21,2026-01-14,0.38,,,,,,,,,,,,,,,,,,,,,,,,,,,,,,,,,,,,,,0.0,0.0,0.0,0.0,0.0,,,,,,,,22.889,22.889,23.99,17.855,29.202,,7.857,7.857,7.2,5.4,10.213,,1.143,1.143,1.0,0.8,1.552,,9.0,9.0,8.2,6.2,11.65
8482762,S. Edvinsson,DET,D,0,72,150,2026-04-15,0.99,,0.125,0.107,0.0,0.0,0.367,,0.222,0.267,0.2,0.3,0.4,,0.347,0.373,0.2,0.3,0.557,,1.222,1.16,1.8,1.2,1.261,,2.056,1.947,0.8,1.9,1.488,,1.306,1.2,1.4,1.2,1.04,,1.042,0.947,0.4,0.2,1.641,,0.0,0.0,0.0,0.0,0.0,,22.356,21.714,21.07,21.577,2.672,,,,,,,,,,,,,,,,,,
8482763,F. Lysell,BOS,W,0,0,12,2025-04-15,0.75,,,0.083,0.2,0.1,0.276,,,0.167,0.4,0.2,0.373,,,0.25,0.6,0.3,0.433,,,1.75,1.8,1.8,1.164,,,0.167,0.2,0.2,0.373,,,0.417,0.2,0.5,0.862,,,0.5,0.4,0.6,0.866,,,0.083,0.2,0.1,0.276,,,13.442,13.887,13.65,1.483,,,,,,,,,,,,,,,,,,
8482765,I. Rosen,WPG,W,3,37,48,2026-10-05,0.67,0.0,0.162,0.125,0.2,0.1,0.325,0.0,0.108,0.104,0.0,0.0,0.0,0.0,0.27,0.229,0.2,0.1,0.325,0.667,0.946,0.938,1.0,1.0,0.744,0.667,0.541,0.5,0.4,0.4,0.7,0.0,0.459,0.417,0.0,0.4,0.571,0.0,0.0,0.0,0.0,0.0,0.0,0.0,0.027,0.021,0.2,0.1,0.196,11.939,11.505,11.221,12.207,11.655,1.895,,,,,,,,,,,,,,,,,,
8482766,W. Stromgren,CGY,W,0,3,3,2026-01-13,0.0,,0.0,0.0,0.0,0.0,0.0,,0.0,0.0,0.0,0.0,0.0,,0.0,0.0,0.0,0.0,0.0,,0.667,0.667,0.667,0.667,0.471,,0.0,0.0,0.0,0.0,0.0,,0.0,0.0,0.0,0.0,0.0,,0.0,0.0,0.0,0.0,0.0,,0.0,0.0,0.0,0.0,0.0,,7.289,7.289,7.289,7.289,0.71,,,,,,,,,,,,,,,,,,
8482768,F. Svechkov,COL,C,2,70,124,2026-10-03,1.0,0.0,0.057,0.097,0.0,0.1,0.271,0.0,0.186,0.177,0.0,0.0,0.427,0.0,0.243,0.274,0.0,0.1,0.466,1.0,1.0,1.097,1.0,1.0,0.835,0.5,0.414,0.435,0.6,0.5,0.571,0.5,0.857,0.75,0.4,0.6,0.784,0.0,0.314,0.29,0.4,0.2,0.733,0.0,0.0,0.016,0.0,0.0,0.0,15.275,12.077,12.467,14.25,13.2,2.802,,,,,,,,,,,,,,,,,,
8482775,O. Kapanen,MTL,C,0,89,110,2026-05-23,0.68,,0.247,0.2,0.0,0.0,0.271,,0.169,0.164,0.0,0.0,0.271,,0.416,0.364,0.0,0.0,0.463,,1.517,1.382,0.4,0.5,0.871,,0.787,0.709,0.0,0.2,0.786,,0.371,0.327,0.0,0.2,0.546,,0.27,0.236,0.4,0.4,0.543,,0.011,0.009,0.0,0.0,0.0,,13.992,13.292,7.973,9.37,2.838,,,,,,,,,,,,,,,,,,
8482781,C. Lambos,MIN,D,0,1,1,2025-12-18,0.0,,0.0,0.0,0.0,0.0,,,0.0,0.0,0.0,0.0,,,0.0,0.0,0.0,0.0,,,1.0,1.0,1.0,1.0,,,1.0,1.0,1.0,1.0,,,0.0,0.0,0.0,0.0,,,0.0,0.0,0.0,0.0,,,0.0,0.0,0.0,0.0,,,10.267,10.267,10.267,10.267,,,,,,,,,,,,,,,,,,,
8482783,A. Kolosov,PHI,G,0,15,49,2026-04-14,0.41,,,,,,,,,,,,,,,,,,,,,,,,,,,,,,,,,,,,,,0.0,0.0,0.0,0.0,0.0,,,,,,,,8.001,20.856,0.0,4.613,23.364,,2.6,7.98,0.0,1.3,8.675,,0.533,1.265,0.0,0.6,1.755,,3.133,9.245,0.0,1.9,10.217
8482784,Z. Dean,STL,C,1,0,1,2026-10-03,1.0,0.0,,0.0,0.0,0.0,,0.0,,0.0,0.0,0.0,,0.0,,0.0,0.0,0.0,,0.0,,0.0,0.0,0.0,,0.0,,0.0,0.0,0.0,,2.0,,2.0,2.0,2.0,,4.0,,4.0,4.0,4.0,,0.0,,0.0,0.0,0.0,,12.617,,12.617,12.617,12.617,,,,,,,,,,,,,,,,,,,
8482785,J. Robidas,CAR,C,0,2,4,2025-11-28,0.25,,0.0,0.25,0.25,0.25,0.433,,0.5,0.5,0.5,0.5,0.5,,0.5,0.75,0.75,0.75,0.433,,1.0,1.25,1.25,1.25,0.433,,0.5,0.25,0.25,0.25,0.433,,1.5,1.25,1.25,1.25,0.829,,0.0,0.0,0.0,0.0,0.0,,0.0,0.0,0.0,0.0,0.0,,10.683,10.912,10.912,10.912,2.255,,,,,,,,,,,,,,,,,,
8482787,N. Chibrikov,WPG,W,0,11,15,2026-04-16,0.07,,0.0,0.133,0.0,0.0,0.34,,0.0,0.067,0.0,0.0,0.249,,0.0,0.2,0.0,0.0,0.542,,0.818,1.0,1.4,0.9,0.966,,0.455,0.6,0.4,0.5,0.8,,1.455,1.667,1.6,1.5,0.869,,1.273,0.933,0.4,1.4,1.611,,0.0,0.0,0.0,0.0,0.0,,9.191,9.781,8.45,9.097,1.747,,,,,,,,,,,,,,,,,,
8482802,C. Mazur,DET,W,1,8,10,2026-10-06,0.0,0.0,0.0,0.0,0.0,0.0,0.0,1.0,0.0,0.1,0.2,0.1,0.3,1.0,0.0,0.1,0.2,0.1,0.3,1.0,0.375,0.4,0.6,0.4,0.663,0.0,0.75,0.6,1.0,0.6,0.8,1.0,1.25,1.1,1.0,1.1,0.943,0.0,0.0,0.0,0.0,0.0,0.0,0.0,0.0,0.0,0.0,0.0,0.0,7.417,10.698,9.417,11.797,9.417,3.749,,,,,,,,,,,,,,,,,,
8482803,O. Zellweger,BUF,D,2,79,143,2026-10-06,1.0,0.0,0.101,0.105,0.2,0.1,0.196,0.0,0.203,0.203,0.2,0.3,0.367,0.0,0.304,0.308,0.4,0.4,0.4,0.5,1.544,1.769,0.8,0.6,0.938,0.5,1.114,1.126,0.8,1.1,1.2,0.0,0.418,0.49,0.0,0.2,0.466,0.0,0.43,0.378,0.0,0.0,0.98,0.0,0.013,0.014,0.0,0.0,0.0,15.192,16.862,17.747,14.453,13.648,2.904,,,,,,,,,,,,,,,,,,
8482804,T. Murchison,PHI,D,0,3,3,2025-12-13,1.0,,0.0,0.0,0.0,0.0,0.0,,0.0,0.0,0.0,0.0,0.0,,0.0,0.0,0.0,0.0,0.0,,0.333,0.333,0.333,0.333,0.471,,0.667,0.667,0.667,0.667,0.471,,1.667,1.667,1.667,1.667,0.943,,0.0,0.0,0.0,0.0,0.0,,0.0,0.0,0.0,0.0,0.0,,15.006,15.006,15.006,15.006,1.11,,,,,,,,,,,,,,,,,,
8482806,W. Trudeau,NSH,D,2,0,2,2026-10-06,0.5,0.0,,0.0,0.0,0.0,,0.0,,0.0,0.0,0.0,,0.0,,0.0,0.0,0.0,,1.0,,1.0,1.0,1.0,,1.0,,1.0,1.0,1.0,,1.5,,1.5,1.5,1.5,,0.0,,0.0,0.0,0.0,,0.0,,0.0,0.0,0.0,,11.167,,11.167,11.167,11.167,,,,,,,,,,,,,,,,,,,
8482807,E. Del Mastro,CHI,D,1,19,44,2026-10-03,1.0,0.0,0.0,0.045,0.0,0.0,0.0,0.0,0.053,0.114,0.2,0.1,0.325,0.0,0.053,0.159,0.2,0.1,0.325,0.0,0.947,0.841,1.2,0.9,0.784,2.0,1.158,1.023,1.2,1.4,0.88,2.0,1.0,1.386,0.8,0.8,1.497,0.0,0.947,0.545,0.0,0.4,2.4,0.0,0.0,0.0,0.0,0.0,0.0,15.017,14.131,16.43,15.243,15.478,3.351,,,,,,,,,,,,,,,,,,
8482809,J. Blake,CAR,W,4,100,199,2026-10-06,1.0,0.0,0.29,0.246,0.2,0.2,0.531,0.75,0.44,0.337,0.8,0.6,0.614,0.75,0.73,0.583,1.0,0.8,0.871,2.25,2.17,1.98,2.4,2.1,1.229,0.75,0.48,0.412,1.0,0.7,1.078,0.0,0.31,0.337,0.0,0.5,1.04,0.5,0.64,0.563,0.8,0.8,2.408,0.0,0.03,0.05,0.0,0.0,0.0,18.887,16.762,15.644,18.017,17.813,3.155,,,,,,,,,,,,,,,,,,
8482821,A. Soderblom,CHI,G,4,80,164,2026-10-06,0.25,,,,,,,,,,,,,,,,,,,,,,,,,,,,,,,,,,,,,0.0,0.05,0.024,0.0,0.0,0.0,,,,,,,15.0,18.358,22.104,12.0,17.747,27.658,6.5,8.512,10.262,5.2,7.4,14.797,1.5,1.163,1.28,1.2,1.3,2.098,8.0,9.675,11.543,6.4,8.7,16.623
8482829,M. Milne,MIN,W,0,0,1,2024-11-16,0.0,,,0.0,0.0,0.0,,,,0.0,0.0,0.0,,,,0.0,0.0,0.0,,,,0.0,0.0,0.0,,,,0.0,0.0,0.0,,,,3.0,3.0,3.0,,,,0.0,0.0,0.0,,,,0.0,0.0,0.0,,,,6.567,6.567,6.567,,,,,,,,,,,,,,,,,,,
8482858,R. Evans,SEA,D,4,67,144,2026-10-06,1.0,0.0,0.119,0.09,0.0,0.0,0.271,0.5,0.134,0.215,0.4,0.4,0.463,0.5,0.254,0.306,0.4,0.4,0.512,1.0,0.687,0.757,1.0,0.7,0.625,0.75,1.119,1.278,1.2,1.4,0.991,1.75,0.716,1.236,1.8,1.5,0.924,0.5,0.597,0.5,0.8,0.6,0.933,0.0,0.0,0.007,0.0,0.0,0.0,21.617,17.805,18.76,21.113,20.802,2.48,,,,,,,,,,,,,,,,,,
8482859,Z. Ostapchuk,SJ,C,3,59,118,2026-10-05,0.0,0.0,0.068,0.042,0.0,0.0,0.196,0.0,0.051,0.051,0.0,0.0,0.196,0.0,0.119,0.093,0.0,0.0,0.392,1.333,0.746,0.627,1.4,0.9,0.796,2.333,0.492,0.483,1.4,0.8,0.993,1.333,2.373,2.153,1.4,2.0,0.993,0.0,0.763,0.763,0.0,0.0,3.552,0.0,0.0,0.0,0.0,0.0,0.0,11.1,10.095,9.8,11.77,10.962,1.605,,,,,,,,,,,,,,,,,,
8482861,V. Iorio,NYR,D,0,27,27,2026-03-25,0.93,,0.0,0.0,0.0,0.0,0.0,,0.111,0.111,0.0,0.0,0.325,,0.111,0.111,0.0,0.0,0.325,,0.556,0.556,1.0,0.9,0.806,,1.444,1.444,0.8,1.5,1.267,,0.556,0.556,0.6,0.5,0.64,,0.444,0.444,0.0,0.4,0.854,,0.0,0.0,0.0,0.0,0.0,,15.737,15.737,12.85,14.06,2.85,,,,,,,,,,,,,,,,,,
8482866,V. Ottavainen,SEA,D,1,0,2,2026-10-04,1.0,0.0,,0.0,0.0,0.0,,0.0,,0.5,0.5,0.5,,0.0,,0.5,0.5,0.5,,0.0,,0.5,0.5,0.5,,1.0,,1.0,1.0,1.0,,0.0,,1.5,1.5,1.5,,2.0,,1.0,1.0,1.0,,0.0,,0.0,0.0,0.0,,15.85,,15.125,15.125,15.125,,,,,,,,,,,,,,,,,,,
8482873,T. Vilen,NJ,D,0,2,2,2026-04-14,1.0,,0.0,0.0,0.0,0.0,,,0.0,0.0,0.0,0.0,,,0.0,0.0,0.0,0.0,,,0.0,0.0,0.0,0.0,,,0.5,0.5,0.5,0.5,,,0.0,0.0,0.0,0.0,,,0.0,0.0,0.0,0.0,,,0.0,0.0,0.0,0.0,,,15.458,15.458,15.458,15.458,,,,,,,,,,,,,,,,,,,
8482874,J. Melanson,SEA,W,1,36,38,2026-10-01,0.0,0.0,0.056,0.053,0.0,0.0,0.196,0.0,0.083,0.079,0.0,0.0,0.0,0.0,0.139,0.132,0.0,0.0,0.196,1.0,0.917,0.895,1.4,1.0,1.017,1.0,0.361,0.368,0.6,0.5,0.571,2.0,5.222,5.105,4.6,4.2,3.008,2.0,0.889,0.895,2.2,1.1,2.77,0.0,0.0,0.0,0.0,0.0,0.0,9.517,9.367,9.384,8.37,8.235,2.121,,,,,,,,,,,,,,,,,,
8482877,J. Chmelar,NYR,W,4,28,32,2026-10-06,0.0,0.0,0.143,0.125,0.0,0.1,0.325,0.0,0.071,0.062,0.0,0.1,0.271,0.0,0.214,0.188,0.0,0.2,0.4,0.5,0.821,0.781,0.6,0.7,1.046,0.0,0.571,0.5,0.2,0.5,0.7,2.25,1.893,1.938,2.6,2.5,1.28,0.0,0.393,0.344,0.8,0.4,0.784,0.0,0.0,0.0,0.0,0.0,0.0,7.508,9.151,8.946,8.693,10.278,2.322,,,,,,,,,,,,,,,,,,
8482896,T. Kozak,BUF,C,0,52,73,2026-05-08,0.37,,0.038,0.068,0.0,0.0,0.0,,0.096,0.096,0.2,0.3,0.325,,0.135,0.164,0.2,0.3,0.325,,0.692,0.644,1.0,0.9,0.637,,0.788,0.877,0.8,0.8,0.826,,2.538,2.164,1.8,2.6,1.813,,0.038,0.055,0.0,0.0,0.0,,0.0,0.014,0.0,0.0,0.0,,11.291,11.061,11.977,11.332,1.953,,,,,,,,,,,,,,,,,,
8482911,J. Nystrom,CAR,D,0,38,38,2026-04-14,0.89,,0.026,0.026,0.2,0.1,0.196,,0.237,0.237,0.2,0.2,0.427,,0.263,0.263,0.4,0.3,0.449,,1.132,1.132,1.0,0.7,0.894,,0.579,0.579,0.2,0.3,0.697,,0.263,0.263,0.2,0.3,0.466,,0.158,0.158,0.4,0.2,0.543,,0.0,0.0,0.0,0.0,0.0,,15.186,15.186,12.307,13.153,2.323,,,,,,,,,,,,,,,,,,
8482929,E. Lilleberg,TB,D,1,57,139,2026-10-03,0.0,0.0,0.07,0.036,0.0,0.0,0.271,0.0,0.14,0.194,0.0,0.1,0.463,0.0,0.211,0.23,0.0,0.1,0.65,1.0,0.807,0.676,0.4,0.6,0.891,0.0,0.877,0.835,0.4,0.7,0.733,3.0,2.0,1.719,2.2,2.5,1.446,5.0,1.14,1.288,1.0,1.3,1.787,0.0,0.0,0.0,0.0,0.0,0.0,10.5,17.236,15.929,14.427,16.27,3.059,,,,,,,,,,,,,,,,,,
8482941,S. Lachance,NJ,W,0,1,1,2025-11-15,0.0,,0.0,0.0,0.0,0.0,,,0.0,0.0,0.0,0.0,,,0.0,0.0,0.0,0.0,,,0.0,0.0,0.0,0.0,,,0.0,0.0,0.0,0.0,,,1.0,1.0,1.0,1.0,,,0.0,0.0,0.0,0.0,,,0.0,0.0,0.0,0.0,,,7.417,7.417,7.417,7.417,,,,,,,,,,,,,,,,,,,
8482947,Z. Bardakov,COL,C,0,60,60,2026-04-16,0.05,,0.017,0.017,0.0,0.0,0.0,,0.15,0.15,0.0,0.1,0.271,,0.167,0.167,0.0,0.1,0.271,,0.583,0.583,1.0,0.7,0.632,,0.367,0.367,0.2,0.2,0.4,,0.833,0.833,0.6,0.5,0.907,,0.233,0.233,0.0,0.2,0.65,,0.0,0.0,0.0,0.0,0.0,,7.204,7.204,8.463,7.2,2.355,,,,,,,,,,,,,,,,,,
8482949,A. Sergeev,CGY,G,0,1,1,2026-04-16,1.0,,,,,,,,,,,,,,,,,,,,,,,,,,,,,,,,,,,,,,0.0,0.0,0.0,0.0,,,,,,,,,60.0,60.0,60.0,60.0,,,27.0,27.0,27.0,27.0,,,1.0,1.0,1.0,1.0,,,28.0,28.0,28.0,28.0,
8482953,T. Makar,COL,W,0,12,12,2026-02-04,0.0,,0.0,0.0,0.0,0.0,0.0,,0.0,0.0,0.0,0.0,0.0,,0.0,0.0,0.0,0.0,0.0,,0.583,0.583,0.2,0.4,0.862,,0.083,0.083,0.0,0.1,0.276,,1.417,1.417,1.0,1.3,0.954,,0.333,0.333,0.8,0.4,0.745,,0.0,0.0,0.0,0.0,0.0,,6.21,6.21,6.52,6.122,1.786,,,,,,,,,,,,,,,,,,
8482964,A. Xhekaj,MTL,D,3,78,154,2026-10-06,0.67,0.0,0.026,0.019,0.2,0.1,0.196,0.0,0.051,0.058,0.0,0.0,0.325,0.0,0.077,0.078,0.2,0.1,0.367,0.0,0.615,0.773,0.2,0.3,0.7,0.667,0.628,0.74,0.6,0.5,0.894,1.667,2.859,2.727,1.8,1.9,2.029,0.667,1.846,1.74,2.8,1.8,2.61,0.0,0.0,0.0,0.0,0.0,0.0,11.75,10.868,12.594,8.863,7.975,3.867,,,,,,,,,,,,,,,,,,
8482982,J. Greaves,CBJ,G,2,82,101,2026-10-03,1.0,,,,,,,,,,,,,,,,,,,,,,,,,,,,,,,,,,,,,0.0,0.0,0.0,0.0,0.0,0.0,,,,,,,60.0,39.952,40.16,59.407,53.633,25.659,25.0,17.037,17.475,21.6,21.3,11.083,3.5,1.732,1.683,2.8,2.7,1.455,28.5,18.768,19.158,24.4,24.0,12.241
8482993,A. Hayes,PIT,W,0,16,16,2026-04-14,0.25,,0.312,0.312,0.6,0.3,0.682,,0.0,0.0,0.0,0.0,0.0,,0.312,0.312,0.6,0.3,0.682,,1.562,1.562,1.2,1.4,1.802,,0.562,0.562,0.4,0.6,0.609,,1.438,1.438,2.0,1.7,0.933,,0.75,0.75,0.0,0.5,1.677,,0.0,0.0,0.0,0.0,0.0,,11.169,11.169,12.373,10.888,1.896,,,,,,,,,,,,,,,,,,
8483017,F. Brunet,BOS,D,1,0,2,2026-10-05,1.0,0.0,,0.0,0.0,0.0,,0.0,,0.0,0.0,0.0,,0.0,,0.0,0.0,0.0,,1.0,,1.5,1.5,1.5,,3.0,,4.0,4.0,4.0,,0.0,,0.5,0.5,0.5,,0.0,,0.0,0.0,0.0,,0.0,,0.0,0.0,0.0,,18.717,,16.55,16.55,16.55,,,,,,,,,,,,,,,,,,,
8483039,T. Nielsen,COL,C,0,4,4,2025-11-23,0.0,,0.0,0.0,0.0,0.0,0.0,,0.25,0.25,0.25,0.25,0.433,,0.25,0.25,0.25,0.25,0.433,,0.75,0.75,0.75,0.75,0.829,,0.25,0.25,0.25,0.25,0.433,,2.25,2.25,2.25,2.25,1.09,,0.0,0.0,0.0,0.0,0.0,,0.0,0.0,0.0,0.0,0.0,,6.304,6.304,6.304,6.304,0.602,,,,,,,,,,,,,,,,,,
8483114,T. Milic,WPG,G,0,9,9,2025-12-06,0.33,,,,,,,,,,,,,,,,,,,,,,,,,,,,,,,,,,,,,,0.222,0.222,0.0,0.222,0.629,,,,,,,,15.404,15.404,16.0,15.404,22.367,,6.0,6.0,4.8,6.0,9.899,,0.889,0.889,0.8,0.889,1.37,,6.889,6.889,5.6,6.889,11.249
8483182,K. Konin,TB,G,0,1,3,2026-04-13,0.0,,,,,,,,,,,,,,,,,,,,,,,,,,,,,,,,,,,,,,0.0,0.0,0.0,0.0,0.0,,,,,,,,0.0,0.0,0.0,0.0,0.0,,0.0,0.0,0.0,0.0,0.0,,0.0,0.0,0.0,0.0,0.0,,0.0,0.0,0.0,0.0,0.0
8483203,D. Nozzolillo,CHI,G,0,1,1,2026-01-09,0.0,,,,,,,,,,,,,,,,,,,,,,,,,,,,,,,,,,,,,,0.0,0.0,0.0,0.0,,,,,,,,,0.0,0.0,0.0,0.0,,,0.0,0.0,0.0,0.0,,,0.0,0.0,0.0,0.0,,,0.0,0.0,0.0,0.0,
8483258,C. Edwards,CHI,G,0,1,1,2026-03-06,0.0,,,,,,,,,,,,,,,,,,,,,,,,,,,,,,,,,,,,,,0.0,0.0,0.0,0.0,,,,,,,,,0.0,0.0,0.0,0.0,,,0.0,0.0,0.0,0.0,,,0.0,0.0,0.0,0.0,,,0.0,0.0,0.0,0.0,
8483395,A. Bains,VAN,W,4,28,45,2026-10-04,0.25,0.25,0.036,0.067,0.2,0.2,0.271,0.25,0.143,0.111,0.2,0.1,0.325,0.5,0.179,0.178,0.4,0.3,0.49,0.75,0.643,0.644,1.0,0.8,0.96,1.0,0.179,0.356,0.8,0.5,0.601,0.5,0.857,0.956,0.6,0.6,0.862,0.0,0.429,0.267,0.0,0.2,0.98,0.0,0.0,0.0,0.0,0.0,0.0,11.871,9.206,9.818,11.5,10.36,2.413,,,,,,,,,,,,,,,,,,
8483397,M. McLaughlin,NJ,C,0,7,21,2026-04-14,0.05,,0.0,0.095,0.0,0.0,0.294,,0.0,0.048,0.0,0.1,0.213,,0.0,0.143,0.0,0.1,0.35,,0.0,0.619,0.0,0.0,1.09,,0.286,0.381,0.4,0.4,0.653,,0.571,1.524,0.8,1.3,1.139,,0.0,0.0,0.0,0.0,0.0,,0.0,0.0,0.0,0.0,0.0,,8.195,8.869,9.15,8.083,1.827,,,,,,,,,,,,,,,,,,
8483398,D. Carlile,PIT,D,3,44,50,2026-10-05,1.0,0.667,0.023,0.08,0.4,0.2,0.271,0.667,0.045,0.08,0.4,0.2,0.271,1.333,0.068,0.16,0.8,0.4,0.463,2.667,0.773,0.9,1.8,1.3,1.248,2.0,0.909,0.96,1.6,1.8,1.243,0.333,1.341,1.22,1.8,1.5,1.878,1.333,0.909,0.88,0.8,2.1,3.433,0.0,0.0,0.0,0.0,0.0,0.0,18.472,14.765,14.882,16.877,16.342,3.874,,,,,,,,,,,,,,,,,,
8483406,T. Ward,LA,W,0,37,38,2026-04-26,0.18,,0.081,0.105,0.0,0.0,0.196,,0.108,0.105,0.0,0.1,0.271,,0.189,0.211,0.0,0.1,0.325,,1.054,1.132,1.0,0.8,1.275,,0.243,0.237,0.2,0.1,0.427,,1.027,1.079,0.6,0.8,0.784,,0.189,0.184,0.0,0.5,1.04,,0.0,0.026,0.0,0.0,0.0,,9.357,9.502,6.873,6.915,2.175,,,,,,,,,,,,,,,,,,
8483424,O. Beck,MTL,C,0,15,27,2026-01-12,0.04,,0.067,0.037,0.0,0.1,0.196,,0.0,0.037,0.0,0.0,0.196,,0.067,0.074,0.0,0.1,0.271,,0.733,0.778,0.6,0.7,0.924,,0.533,0.593,0.4,0.4,0.625,,1.6,1.741,1.0,1.8,1.058,,0.4,0.222,0.4,0.4,0.65,,0.0,0.0,0.0,0.0,0.0,,9.189,9.542,8.853,9.452,1.787,,,,,,,,,,,,,,,,,,
8483425,L. Bichsel,DAL,D,3,56,115,2026-10-05,1.0,0.0,0.071,0.07,0.0,0.0,0.196,0.0,0.071,0.087,0.0,0.0,0.196,0.0,0.143,0.157,0.0,0.0,0.271,0.0,0.554,0.713,0.4,0.5,0.676,1.667,0.804,0.713,1.2,0.8,0.862,4.0,2.732,3.435,3.4,2.9,1.1,0.667,0.732,0.974,0.8,0.6,1.2,0.0,0.0,0.0,0.0,0.0,0.0,16.872,15.798,14.899,15.66,17.26,2.538,,,,,,,,,,,,,,,,,,
8483429,S. Casey,NJ,D,0,2,17,2025-10-30,0.65,,0.0,0.235,0.0,0.1,0.424,,0.0,0.235,0.4,0.3,0.424,,0.0,0.471,0.4,0.4,0.606,,2.0,0.941,1.0,1.0,0.998,,0.5,0.588,0.6,0.5,0.691,,0.0,0.647,0.6,0.7,0.681,,0.0,0.0,0.0,0.0,0.0,,0.0,0.118,0.0,0.0,0.322,,18.008,13.073,14.16,13.412,3.134,,,,,,,,,,,,,,,,,,
8483431,L. Cooley,UTA,C,4,60,139,2026-10-06,1.0,0.0,0.433,0.367,0.0,0.2,0.625,1.0,0.333,0.46,0.8,0.5,0.7,1.0,0.767,0.827,0.8,0.7,0.88,0.5,1.983,2.007,0.6,1.9,1.523,0.75,0.483,0.46,0.6,0.5,0.637,2.0,1.233,1.043,2.0,2.8,1.546,0.0,0.633,0.604,0.4,1.0,1.061,0.0,0.1,0.094,0.0,0.0,0.325,17.562,17.83,17.839,17.513,20.435,3.379,,,,,,,,,,,,,,,,,,
8483432,L. Del Bel Belluz,CBJ,C,0,14,29,2026-04-02,0.48,,0.0,0.069,0.0,0.0,0.196,,0.071,0.241,0.0,0.0,0.4,,0.071,0.31,0.0,0.0,0.512,,0.786,1.0,0.8,0.6,0.999,,0.714,0.759,0.6,0.5,0.826,,0.214,0.241,0.4,0.2,0.449,,0.286,0.138,0.4,0.4,0.543,,0.0,0.0,0.0,0.0,0.0,,9.098,11.506,9.173,8.75,2.929,,,,,,,,,,,,,,,,,,
8483433,J. Devine,FLA,W,0,6,6,2025-12-02,0.0,,0.0,0.0,0.0,0.0,0.0,,0.0,0.0,0.0,0.0,0.0,,0.0,0.0,0.0,0.0,0.0,,1.0,1.0,0.8,1.0,0.816,,0.0,0.0,0.0,0.0,0.0,,0.667,0.667,0.4,0.667,0.943,,0.333,0.333,0.4,0.333,0.745,,0.0,0.0,0.0,0.0,0.0,,8.439,8.439,8.46,8.439,0.903,,,,,,,,,,,,,,,,,,
8483435,J. Donovan,OTT,D,0,2,2,2026-03-26,0.0,,0.0,0.0,0.0,0.0,,,0.0,0.0,0.0,0.0,,,0.0,0.0,0.0,0.0,,,0.5,0.5,0.5,0.5,,,0.5,0.5,0.5,0.5,,,1.0,1.0,1.0,1.0,,,0.0,0.0,0.0,0.0,,,0.0,0.0,0.0,0.0,,,7.033,7.033,7.033,7.033,,,,,,,,,,,,,,,,,,,
8483444,N. Gaucher,ANA,C,0,3,3,2026-04-04,0.0,,0.0,0.0,0.0,0.0,0.0,,0.0,0.0,0.0,0.0,0.0,,0.0,0.0,0.0,0.0,0.0,,0.667,0.667,0.667,0.667,0.471,,0.333,0.333,0.333,0.333,0.471,,2.0,2.0,2.0,2.0,1.414,,0.0,0.0,0.0,0.0,0.0,,0.0,0.0,0.0,0.0,0.0,,8.022,8.022,8.022,8.022,0.805,,,,,,,,,,,,,,,,,,
8483445,C. Gauthier,ANA,W,2,88,172,2026-10-04,1.0,1.0,0.511,0.39,0.4,0.3,0.697,1.0,0.409,0.36,1.4,0.9,0.755,2.0,0.92,0.75,1.8,1.2,0.977,4.5,3.682,3.041,3.8,3.4,1.551,1.0,0.261,0.442,0.6,0.5,0.449,2.5,1.136,1.006,2.4,2.6,1.673,2.0,0.364,0.326,0.8,0.4,1.17,1.0,0.159,0.105,0.4,0.3,0.546,19.342,17.116,15.731,17.797,16.687,3.509,,,,,,,,,,,,,,,,,,
8483447,C. Geekie,TB,C,3,16,75,2026-10-05,0.33,0.333,0.062,0.133,0.2,0.2,0.325,0.0,0.125,0.12,0.0,0.1,0.325,0.333,0.188,0.253,0.2,0.3,0.427,1.333,0.688,1.04,1.0,0.9,0.693,0.0,0.438,0.467,0.2,0.1,0.571,2.0,2.312,1.973,2.0,1.9,1.783,0.0,0.625,0.373,0.4,0.4,0.898,0.0,0.0,0.013,0.0,0.0,0.0,11.161,9.485,11.675,9.35,9.39,2.822,,,,,,,,,,,,,,,,,,
8483448,I. George,NYI,D,0,4,37,2026-04-14,0.86,,0.0,0.027,0.0,0.0,0.196,,0.25,0.135,0.2,0.1,0.271,,0.25,0.162,0.2,0.1,0.325,,0.5,0.757,0.4,0.8,0.938,,0.75,1.0,0.6,0.7,1.248,,0.25,0.405,0.2,0.6,0.806,,0.0,0.162,0.0,0.2,0.543,,0.0,0.0,0.0,0.0,0.0,,13.371,15.4,11.507,12.675,3.319,,,,,,,,,,,,,,,,,,
8483450,R. Greene,CHI,C,4,81,87,2026-10-06,1.0,0.0,0.148,0.138,0.2,0.3,0.367,0.25,0.21,0.207,0.2,0.1,0.367,0.25,0.358,0.345,0.4,0.4,0.466,0.5,1.346,1.287,0.8,1.2,1.184,0.75,0.457,0.494,0.6,0.4,0.852,0.25,0.617,0.586,0.6,0.7,0.601,0.0,0.173,0.161,0.0,0.0,0.543,0.0,0.012,0.011,0.0,0.0,0.0,15.346,16.743,16.598,15.907,15.632,2.189,,,,,,,,,,,,,,,,,,
8483452,H. Haight,MIN,C,0,9,9,2026-04-14,0.22,,0.111,0.111,0.2,0.111,0.314,,0.111,0.111,0.2,0.111,0.314,,0.222,0.222,0.4,0.222,0.416,,1.444,1.444,1.8,1.444,1.423,,0.222,0.222,0.4,0.222,0.416,,1.111,1.111,1.0,1.111,0.994,,0.444,0.444,0.8,0.444,0.831,,0.0,0.0,0.0,0.0,0.0,,10.837,10.837,12.143,10.837,1.96,,,,,,,,,,,,,,,,,,
8483455,I. Howard,EDM,W,3,29,32,2026-10-03,0.0,0.0,0.069,0.062,0.0,0.0,0.196,0.333,0.103,0.125,0.2,0.3,0.367,0.333,0.172,0.188,0.2,0.3,0.4,1.667,1.241,1.281,1.8,1.5,1.224,0.0,0.172,0.156,0.2,0.3,0.367,0.667,0.241,0.281,0.4,0.5,0.614,0.0,0.414,0.375,0.0,0.0,0.8,0.0,0.0,0.0,0.0,0.0,0.0,10.144,10.311,10.295,9.913,11.447,2.143,,,,,,,,,,,,,,,,,,
8483457,L. Hutson,MTL,D,3,101,191,2026-10-06,1.0,0.0,0.149,0.11,0.0,0.1,0.325,1.333,0.782,0.775,1.0,0.7,0.8,1.333,0.931,0.885,1.0,0.8,0.744,1.667,1.525,1.335,1.6,1.2,1.414,1.0,1.693,1.565,0.6,2.1,1.52,0.0,0.406,0.429,0.2,0.3,0.697,0.0,0.455,0.419,0.4,0.4,0.854,0.0,0.04,0.026,0.0,0.1,0.271,27.522,24.088,23.58,25.123,25.775,3.434,,,,,,,,,,,,,,,,,,
8483460,D.Jiricek,PHI,D,2,26,40,2026-10-05,1.0,0.0,0.0,0.025,0.0,0.0,0.0,0.0,0.0,0.05,0.0,0.0,0.0,0.0,0.0,0.075,0.0,0.0,0.0,1.0,0.615,0.675,1.0,0.7,0.686,1.5,0.731,0.725,0.8,0.8,0.816,0.5,0.308,0.525,0.4,0.4,0.557,0.0,0.615,0.55,0.4,0.4,0.898,0.0,0.0,0.0,0.0,0.0,0.0,15.433,12.015,12.217,15.393,12.5,3.033,,,,,,,,,,,,,,,,,,
8483461,D. Kaplan,PHI,W,0,0,1,2025-04-17,1.0,,,0.0,0.0,0.0,,,,0.0,0.0,0.0,,,,0.0,0.0,0.0,,,,0.0,0.0,0.0,,,,0.0,0.0,0.0,,,,1.0,1.0,1.0,,,,0.0,0.0,0.0,,,,0.0,0.0,0.0,,,,12.2,12.2,12.2,,,,,,,,,,,,,,,,,,,
8483463,A. Kaskimaki,STL,C,0,5,5,2025-12-11,0.2,,0.0,0.0,0.0,0.0,0.0,,0.0,0.0,0.0,0.0,0.0,,0.0,0.0,0.0,0.0,0.0,,1.2,1.2,1.2,1.2,1.166,,0.6,0.6,0.6,0.6,0.49,,0.4,0.4,0.4,0.4,0.49,,0.0,0.0,0.0,0.0,0.0,,0.0,0.0,0.0,0.0,0.0,,10.393,10.393,10.393,10.393,2.622,,,,,,,,,,,,,,,,,,
8483464,M. Kasper,DET,C,1,81,159,2026-10-02,0.0,0.0,0.111,0.176,0.2,0.1,0.325,0.0,0.123,0.176,0.0,0.1,0.431,0.0,0.235,0.352,0.2,0.2,0.512,4.0,1.617,1.761,2.2,2.0,1.184,0.0,0.63,0.623,0.6,0.5,0.843,1.0,2.296,2.157,1.2,1.7,1.924,5.0,0.407,0.453,1.0,0.5,1.091,0.0,0.012,0.019,0.0,0.0,0.0,10.833,13.794,14.578,12.553,11.995,3.06,,,,,,,,,,,,,,,,,,
8483465,J. Kemell,NSH,W,0,16,18,2026-04-16,0.39,,0.062,0.056,0.0,0.1,0.229,,0.125,0.111,0.4,0.2,0.458,,0.188,0.167,0.4,0.3,0.5,,0.75,1.111,0.4,1.0,1.595,,0.562,0.556,0.8,0.4,0.685,,1.562,1.611,1.4,1.6,1.208,,0.0,0.0,0.0,0.0,0.0,,0.0,0.0,0.0,0.0,0.0,,10.41,10.403,10.893,10.187,2.663,,,,,,,,,,,,,,,,,,
8483466,K. Korchinski,CHI,D,1,13,30,2026-10-03,0.0,0.0,0.0,0.033,0.0,0.0,0.196,0.0,0.154,0.1,0.0,0.1,0.325,0.0,0.154,0.133,0.0,0.1,0.367,2.0,0.538,0.767,0.8,0.6,0.748,0.0,1.0,0.9,0.8,1.0,0.744,0.0,0.308,0.2,0.2,0.3,0.4,0.0,0.308,0.4,0.0,0.2,0.98,0.0,0.0,0.0,0.0,0.0,0.0,11.35,13.637,15.402,14.99,14.183,2.657,,,,,,,,,,,,,,,,,,
8483467,K. Kudryavtsev,VAN,D,0,3,5,2026-04-16,1.0,,0.0,0.0,0.0,0.0,0.0,,0.667,0.4,0.4,0.4,0.49,,0.667,0.4,0.4,0.4,0.49,,1.333,1.2,1.2,1.2,0.4,,0.333,1.2,1.2,1.2,1.166,,0.333,0.2,0.2,0.2,0.4,,0.0,0.0,0.0,0.0,0.0,,0.0,0.0,0.0,0.0,0.0,,15.633,15.033,15.033,15.033,1.356,,,,,,,,,,,,,,,,,,
8483468,J.Kulich,BUF,C,3,12,77,2026-10-06,0.67,0.333,0.25,0.247,0.2,0.3,0.4,0.333,0.167,0.156,0.2,0.3,0.4,0.667,0.417,0.403,0.4,0.6,0.566,1.333,1.667,2.052,1.2,1.3,1.405,0.333,1.0,0.636,0.2,0.6,0.894,1.333,0.75,0.688,1.2,1.0,0.776,0.0,0.333,0.286,0.0,0.2,0.543,0.0,0.0,0.0,0.0,0.0,0.0,12.067,16.364,14.931,13.12,15.145,2.474,,,,,,,,,,,,,,,,,,
8483471,B. Lambert,WPG,C,3,25,33,2026-10-05,0.33,0.0,0.12,0.091,0.0,0.1,0.271,0.0,0.12,0.121,0.0,0.0,0.325,0.0,0.24,0.212,0.0,0.1,0.49,1.0,1.08,0.939,1.0,1.4,1.017,0.0,0.24,0.303,0.0,0.3,0.566,1.0,0.88,0.909,1.0,1.5,1.055,0.0,0.24,0.242,0.4,0.4,0.65,0.0,0.0,0.0,0.0,0.0,0.0,11.661,10.806,11.005,12.63,12.007,1.987,,,,,,,,,,,,,,,,,,
8483472,M. Lamoureux,UTA,D,0,5,20,2025-12-10,0.95,,0.0,0.05,0.0,0.0,0.218,,0.2,0.15,0.2,0.2,0.357,,0.2,0.2,0.2,0.2,0.4,,0.8,1.05,0.8,1.4,0.805,,1.8,1.0,1.8,1.4,1.14,,2.2,1.45,2.2,1.8,0.921,,0.4,2.2,0.4,1.6,4.423,,0.0,0.0,0.0,0.0,0.0,,14.653,15.757,14.653,15.335,2.992,,,,,,,,,,,,,,,,,,
8483476,J. Lekkerimäki,VAN,W,4,13,41,2026-10-04,0.5,0.5,0.154,0.171,0.4,0.3,0.4,0.25,0.077,0.122,0.2,0.1,0.367,0.75,0.231,0.293,0.6,0.4,0.48,1.0,0.769,1.073,0.8,1.0,0.952,0.0,0.385,0.268,0.0,0.2,0.531,0.25,0.769,0.659,0.6,0.5,0.786,0.0,0.0,0.049,0.0,0.0,0.0,0.0,0.0,0.0,0.0,0.0,0.0,11.608,11.678,12.156,11.877,11.775,2.467,,,,,,,,,,,,,,,,,,
8483481,C. Lund,SJ,C,0,0,11,2025-04-16,0.45,,,0.182,0.0,0.2,0.386,,,0.091,0.2,0.1,0.287,,,0.273,0.2,0.3,0.445,,,1.091,0.4,1.1,1.083,,,0.182,0.2,0.2,0.386,,,0.636,1.0,0.7,0.771,,,0.364,0.0,0.4,0.771,,,0.091,0.0,0.1,0.287,,,11.506,10.96,11.547,1.774,,,,,,,,,,,,,,,,,,
8483482,T. Luneau,ANA,D,2,1,9,2026-10-04,1.0,0.0,1.0,0.111,0.2,0.111,0.314,0.5,0.0,0.111,0.2,0.111,0.314,0.5,1.0,0.222,0.4,0.222,0.416,0.5,2.0,1.0,0.6,1.0,1.247,3.5,1.0,1.889,2.2,1.889,1.286,0.0,1.0,0.667,0.8,0.667,0.667,0.0,0.0,0.222,0.0,0.222,0.629,0.0,0.0,0.0,0.0,0.0,0.0,26.783,11.617,18.28,20.013,18.28,5.071,,,,,,,,,,,,,,,,,,
8483485,D. Mateychuk,CBJ,D,2,75,122,2026-10-03,1.0,0.0,0.173,0.139,0.0,0.1,0.367,0.5,0.24,0.23,0.2,0.2,0.4,0.5,0.413,0.369,0.2,0.3,0.557,1.5,1.173,1.107,1.2,1.4,0.993,1.5,1.227,1.295,0.8,1.1,1.129,0.0,0.347,0.426,0.2,0.1,0.601,2.0,0.107,0.262,0.8,0.6,0.926,0.0,0.013,0.008,0.0,0.0,0.0,27.792,19.186,18.902,22.603,21.66,4.432,,,,,,,,,,,,,,,,,,
8483487,R. McGroarty,PIT,W,0,24,32,2026-04-14,0.66,,0.125,0.125,0.2,0.1,0.325,,0.125,0.156,0.2,0.2,0.325,,0.25,0.281,0.4,0.3,0.427,,1.542,1.5,0.6,1.0,1.578,,0.333,0.406,0.2,0.4,0.693,,1.083,1.188,1.2,1.2,1.055,,0.167,0.125,0.4,0.4,0.543,,0.0,0.0,0.0,0.0,0.0,,11.961,12.623,12.157,11.267,1.612,,,,,,,,,,,,,,,,,,
8483489,F. Minten,BOS,C,4,88,113,2026-10-05,1.0,0.25,0.193,0.186,0.2,0.1,0.325,0.25,0.205,0.186,0.2,0.1,0.367,0.5,0.398,0.372,0.4,0.2,0.531,2.0,1.398,1.372,1.8,1.5,1.134,0.0,0.625,0.575,0.0,0.4,0.849,0.75,1.795,1.85,1.4,1.9,1.281,0.0,0.227,0.195,0.0,0.0,0.65,0.0,0.011,0.009,0.0,0.0,0.0,15.592,15.573,15.1,15.47,15.763,1.954,,,,,,,,,,,,,,,,,,
8483490,P. Mintyukov,ANA,D,2,85,155,2026-10-04,1.0,0.0,0.094,0.084,0.0,0.0,0.0,0.0,0.165,0.181,0.0,0.0,0.463,0.0,0.259,0.265,0.0,0.0,0.463,0.5,1.118,1.065,1.2,1.5,0.95,1.5,1.541,1.458,1.8,1.8,1.063,0.0,0.553,0.826,0.2,0.4,0.917,0.0,0.247,0.265,0.4,0.2,1.473,0.0,0.0,0.0,0.0,0.0,0.0,20.5,18.567,18.166,17.53,18.597,2.521,,,,,,,,,,,,,,,,,,
8483491,I. Miroshnichenko,WSH,W,0,13,31,2026-04-14,0.03,,0.154,0.097,0.0,0.2,0.392,,0.077,0.129,0.0,0.1,0.196,,0.231,0.226,0.0,0.3,0.431,,0.923,0.839,0.8,0.8,0.916,,0.462,0.452,0.4,0.4,0.637,,1.462,1.516,1.2,1.2,1.061,,0.154,0.065,0.0,0.2,0.392,,0.0,0.0,0.0,0.0,0.0,,9.641,9.468,10.043,9.423,1.761,,,,,,,,,,,,,,,,,,
8483493,F. Nazar,CHI,C,4,66,123,2026-10-06,1.0,0.25,0.227,0.228,0.2,0.2,0.557,0.25,0.394,0.333,0.2,0.3,0.557,0.5,0.621,0.561,0.4,0.5,0.917,2.0,2.091,1.927,1.6,1.6,1.719,0.5,0.652,0.65,0.4,0.5,0.898,0.25,0.561,0.553,0.6,0.5,0.748,0.5,0.394,0.423,0.4,0.4,0.543,0.0,0.061,0.041,0.0,0.1,0.325,18.737,18.32,17.278,18.56,17.497,2.588,,,,,,,,,,,,,,,,,,
8483495,S. Nemec,CGY,D,3,68,102,2026-10-04,1.0,0.0,0.162,0.137,0.0,0.0,0.325,0.0,0.221,0.176,0.0,0.0,0.325,0.0,0.382,0.314,0.0,0.0,0.427,2.333,1.485,1.373,1.6,1.7,1.204,0.667,1.529,1.324,0.8,1.7,1.327,0.0,0.338,0.265,0.2,0.3,0.566,0.0,0.382,0.412,0.0,0.2,0.65,0.0,0.015,0.01,0.0,0.0,0.196,20.839,19.669,18.501,21.643,20.498,2.019,,,,,,,,,,,,,,,,,,
8483497,J. Nyman,SEA,W,0,28,40,2026-04-16,0.55,,0.143,0.175,0.0,0.0,0.325,,0.107,0.15,0.2,0.3,0.325,,0.25,0.325,0.2,0.3,0.427,,1.179,1.375,0.4,0.8,1.04,,0.214,0.325,0.4,0.3,0.4,,0.821,0.9,0.6,0.6,0.722,,0.214,0.25,0.0,0.0,0.65,,0.036,0.075,0.0,0.0,0.196,,10.568,11.593,9.787,10.852,2.386,,,,,,,,,,,,,,,,,,
8483499,L. Ohgren,VAN,W,4,69,97,2026-10-04,1.0,0.25,0.116,0.113,0.2,0.1,0.367,0.75,0.145,0.165,0.6,0.4,0.466,1.0,0.261,0.278,0.8,0.5,0.574,1.75,1.261,1.299,1.4,0.9,1.224,0.75,0.594,0.577,1.2,1.0,0.882,0.5,1.0,0.979,0.4,0.9,0.742,0.0,0.029,0.041,0.0,0.0,0.392,0.0,0.0,0.0,0.0,0.0,0.0,17.071,13.171,12.82,17.32,17.235,1.381,,,,,,,,,,,,,,,,,,
8483500,N. Ostlund,BUF,C,3,63,74,2026-10-06,1.0,0.333,0.19,0.176,0.2,0.3,0.367,0.667,0.27,0.257,0.4,0.4,0.566,1.0,0.46,0.432,0.6,0.7,0.637,2.333,1.016,1.014,1.8,1.6,1.084,0.333,0.492,0.473,0.2,0.4,0.632,0.0,0.079,0.081,0.0,0.0,0.271,0.0,0.254,0.243,0.4,0.2,0.8,0.0,0.032,0.027,0.0,0.0,0.196,18.244,13.852,13.673,14.993,14.76,3.006,,,,,,,,,,,,,,,,,,
8483503,O. Pickering,PIT,D,0,4,29,2025-11-03,0.79,,0.0,0.034,0.0,0.0,0.196,,0.0,0.069,0.0,0.1,0.196,,0.0,0.103,0.0,0.1,0.271,,0.25,0.552,0.6,0.6,0.753,,0.5,0.724,0.6,0.7,0.763,,0.25,0.483,0.2,0.5,0.806,,0.5,0.276,0.4,0.6,0.733,,0.0,0.0,0.0,0.0,0.0,,12.096,14.44,12.67,13.392,3.064,,,,,,,,,,,,,,,,,,
8483505,M. Poitras,BOS,C,1,3,37,2026-10-05,0.0,0.0,0.333,0.054,0.2,0.1,0.196,0.0,0.0,0.27,0.0,0.0,0.665,0.0,0.333,0.324,0.2,0.1,0.676,0.0,2.667,1.0,2.0,1.2,1.177,0.0,0.667,0.324,0.4,0.3,0.48,2.0,0.0,0.378,0.4,0.3,0.614,2.0,1.333,0.378,1.6,0.8,0.733,0.0,0.0,0.0,0.0,0.0,0.0,11.467,12.117,12.965,12.12,12.402,1.773,,,,,,,,,,,,,,,,,,
8483506,S. Rinzel,CHI,D,3,54,66,2026-10-06,1.0,0.333,0.074,0.076,0.4,0.2,0.325,0.0,0.185,0.227,0.0,0.0,0.271,0.333,0.259,0.303,0.4,0.2,0.4,2.0,1.537,1.682,1.6,1.4,0.755,0.667,1.167,1.045,0.8,1.0,0.909,0.667,0.907,0.955,0.6,0.8,0.796,0.0,0.815,0.667,0.4,0.4,0.854,0.333,0.0,0.015,0.2,0.1,0.196,17.839,18.273,18.947,17.757,18.682,2.102,,,,,,,,,,,,,,,,,,
8483510,E. Salomonsson,WPG,D,0,32,32,2026-04-02,0.91,,0.031,0.031,0.0,0.0,0.196,,0.125,0.125,0.2,0.2,0.367,,0.156,0.156,0.2,0.2,0.4,,1.156,1.156,0.6,1.0,1.365,,0.844,0.844,0.6,0.4,0.938,,1.562,1.562,1.4,2.0,1.312,,0.375,0.375,0.8,0.8,0.854,,0.0,0.0,0.0,0.0,0.0,,17.962,17.962,14.327,17.758,2.935,,,,,,,,,,,,,,,,,,
8483512,M. Savoie,EDM,C,0,88,92,2026-04-30,0.86,,0.205,0.196,0.0,0.3,0.676,,0.227,0.228,0.2,0.2,0.4,,0.432,0.424,0.2,0.5,0.7,,1.682,1.674,1.6,2.3,1.741,,0.466,0.457,0.8,0.6,0.742,,0.193,0.217,0.4,0.3,0.449,,0.295,0.283,0.4,0.4,0.65,,0.057,0.054,0.0,0.1,0.271,,14.748,14.651,14.29,15.25,2.408,,,,,,,,,,,,,,,,,,
8483513,R. Schaefer,NSH,W,1,47,48,2026-10-01,0.0,0.0,0.128,0.125,0.0,0.0,0.271,0.0,0.043,0.042,0.0,0.0,0.0,0.0,0.17,0.167,0.0,0.0,0.271,1.0,0.83,0.833,0.8,0.7,0.709,1.0,0.638,0.646,0.4,0.3,0.7,1.0,2.298,2.271,1.2,1.4,1.376,0.0,0.362,0.354,0.4,0.4,0.65,0.0,0.0,0.0,0.0,0.0,0.0,11.583,9.641,9.682,8.933,8.465,1.746,,,,,,,,,,,,,,,,,,
8483515,J. Slafkovský,MTL,W,3,101,188,2026-10-06,1.0,0.333,0.356,0.303,0.2,0.3,0.722,0.0,0.485,0.436,0.0,0.1,0.676,0.333,0.842,0.739,0.2,0.4,0.98,1.667,2.257,2.027,1.2,1.9,1.549,0.333,0.941,0.846,0.8,0.9,0.862,1.0,1.297,1.824,1.2,0.9,0.776,0.667,0.604,0.596,0.4,0.2,1.134,0.0,0.188,0.133,0.0,0.0,0.612,18.6,18.799,18.215,18.237,18.918,2.193,,,,,,,,,,,,,,,,,,
8483516,J. Snuggerud,STL,W,3,70,87,2026-10-06,1.0,0.333,0.3,0.287,0.6,0.5,0.64,0.333,0.429,0.414,0.8,0.9,0.794,0.667,0.729,0.701,1.4,1.4,1.107,2.667,2.414,2.287,2.6,3.1,1.907,0.333,0.557,0.54,0.6,0.5,0.755,1.333,1.014,1.0,1.0,0.7,0.924,0.0,0.257,0.207,0.0,0.2,0.733,0.0,0.071,0.08,0.2,0.1,0.196,17.6,16.696,16.66,17.207,17.553,1.818,,,,,,,,,,,,,,,,,,
8483521,N. Warren,ANA,D,2,0,2,2026-10-04,0.5,0.0,,0.0,0.0,0.0,,0.5,,0.5,0.5,0.5,,0.5,,0.5,0.5,0.5,,1.0,,1.0,1.0,1.0,,0.5,,0.5,0.5,0.5,,1.5,,1.5,1.5,1.5,,1.0,,1.0,1.0,1.0,,0.0,,0.0,0.0,0.0,,12.75,,12.75,12.75,12.75,,,,,,,,,,,,,,,,,,,
8483524,S. Wright,SEA,C,4,74,157,2026-10-06,1.0,0.5,0.162,0.21,0.4,0.3,0.49,0.25,0.203,0.261,0.2,0.2,0.4,0.75,0.365,0.471,0.6,0.5,0.566,1.75,1.311,1.242,1.4,0.9,1.095,0.75,0.797,0.79,0.8,0.8,0.765,0.25,0.689,0.675,0.2,0.2,0.632,0.0,0.135,0.178,0.0,0.0,0.392,0.0,0.027,0.057,0.0,0.0,0.196,15.021,13.802,13.967,14.71,12.988,2.48,,,,,,,,,,,,,,,,,,
8483525,D. Yurov,MIN,W,3,82,85,2026-10-06,1.0,0.333,0.159,0.165,0.4,0.2,0.367,0.333,0.207,0.212,0.2,0.3,0.325,0.667,0.366,0.376,0.6,0.5,0.449,1.333,1.085,1.094,1.4,1.1,1.02,0.333,0.537,0.529,0.4,0.2,0.748,1.333,0.89,0.906,1.0,1.0,1.127,0.0,0.439,0.424,0.8,0.6,0.898,0.333,0.024,0.035,0.4,0.2,0.325,13.172,13.168,13.168,13.15,12.752,2.002,,,,,,,,,,,,,,,,,,
8483526,D. Zhilkin,WPG,C,0,6,6,2026-03-31,0.0,,0.0,0.0,0.0,0.0,0.0,,0.167,0.167,0.2,0.167,0.373,,0.167,0.167,0.2,0.167,0.373,,0.667,0.667,0.8,0.667,0.471,,0.667,0.667,0.8,0.667,0.745,,0.833,0.833,1.0,0.833,0.898,,0.0,0.0,0.0,0.0,0.0,,0.0,0.0,0.0,0.0,0.0,,7.583,7.583,7.717,7.583,1.47,,,,,,,,,,,,,,,,,,
8483530,J. Stauber,UTA,G,0,0,31,2025-03-27,0.19,,,,,,,,,,,,,,,,,,,,,,,,,,,,,,,,,,,,,,,0.0,0.0,0.0,0.0,,,,,,,,,10.103,14.153,7.077,21.089,,,4.548,6.0,3.0,9.851,,,0.548,1.6,0.8,1.406,,,5.097,7.6,3.8,11.07
8483531,B. Halonen,NJ,W,0,15,17,2026-04-12,0.06,,0.067,0.059,0.0,0.1,0.235,,0.067,0.059,0.2,0.1,0.235,,0.133,0.118,0.2,0.2,0.322,,0.467,0.529,0.6,0.5,0.696,,0.133,0.176,0.0,0.2,0.381,,1.867,1.765,1.8,1.3,1.628,,0.6,0.529,0.8,0.4,1.289,,0.0,0.0,0.0,0.0,0.0,,7.612,8.352,8.147,7.445,2.521,,,,,,,,,,,,,,,,,,
8483532,C. Stevenson,WPG,G,3,8,13,2026-10-05,0.33,,,,,,,,,,,,,,,,,,,,,,,,,,,,,,,,,,,,,0.0,0.0,0.0,0.0,0.0,0.0,,,,,,,20.0,29.967,27.672,23.923,29.973,29.896,10.0,11.625,12.0,11.4,12.3,13.508,0.667,1.0,1.154,0.6,1.0,1.561,10.667,12.625,13.154,12.0,13.3,14.748
8483538,O. Sillinger,CBJ,C,0,0,1,2025-01-09,1.0,,,0.0,0.0,0.0,,,,0.0,0.0,0.0,,,,0.0,0.0,0.0,,,,0.0,0.0,0.0,,,,1.0,1.0,1.0,,,,1.0,1.0,1.0,,,,2.0,2.0,2.0,,,,0.0,0.0,0.0,,,,13.15,13.15,13.15,,,,,,,,,,,,,,,,,,,
8483546,M. Rifai,TOR,D,0,1,1,2026-01-31,0.0,,0.0,0.0,0.0,0.0,,,0.0,0.0,0.0,0.0,,,0.0,0.0,0.0,0.0,,,1.0,1.0,1.0,1.0,,,1.0,1.0,1.0,1.0,,,0.0,0.0,0.0,0.0,,,0.0,0.0,0.0,0.0,,,0.0,0.0,0.0,0.0,,,9.667,9.667,9.667,9.667,,,,,,,,,,,,,,,,,,,
8483548,B. Bussi,CAR,G,4,94,98,2026-10-06,0.75,,,,,,,,,,,,,,,,,,,,,,,,,,,,,,,,,,,,,0.0,0.021,0.02,0.0,0.0,0.0,,,,,,,46.229,27.513,28.277,48.983,41.035,28.724,14.25,9.543,9.735,15.8,13.8,10.257,2.5,1.096,1.153,2.0,1.6,1.365,16.75,10.628,10.878,17.8,15.4,11.234
8483549,L. Condotta,MTL,W,0,0,7,2024-11-23,0.0,,,0.143,0.2,0.143,0.35,,,0.0,0.0,0.0,0.0,,,0.143,0.2,0.143,0.35,,,0.714,0.8,0.714,0.452,,,0.429,0.2,0.429,0.495,,,1.429,1.4,1.429,1.178,,,0.0,0.0,0.0,0.0,,,0.0,0.0,0.0,0.0,,,8.202,8.327,8.202,1.057,,,,,,,,,,,,,,,,,,
8483553,M. Gatcomb,VGK,C,4,49,92,2026-10-06,0.0,0.25,0.061,0.13,0.2,0.2,0.325,0.25,0.082,0.065,0.2,0.1,0.325,0.5,0.143,0.196,0.4,0.3,0.512,2.0,1.122,1.13,1.8,2.0,1.095,0.25,0.49,0.522,0.2,0.3,0.531,3.75,3.918,3.87,3.2,3.1,1.912,2.25,0.204,0.326,1.8,1.3,1.473,0.0,0.0,0.0,0.0,0.0,0.0,9.083,10.087,9.916,9.057,9.62,1.425,,,,,,,,,,,,,,,,,,
8483565,N. Blankenburg,COL,D,0,66,126,2026-05-22,0.9,,0.136,0.103,0.2,0.3,0.367,,0.242,0.222,0.0,0.0,0.196,,0.379,0.325,0.2,0.3,0.4,,1.121,1.254,0.4,1.3,1.055,,0.909,1.063,0.2,0.5,0.843,,0.879,0.881,0.6,0.6,0.907,,0.182,0.286,0.4,0.2,0.392,,0.045,0.032,0.0,0.0,0.0,,16.238,17.816,9.413,11.588,3.384,,,,,,,,,,,,,,,,,,
8483567,G. Merkulov,BOS,C,0,1,7,2025-11-28,0.71,,0.0,0.0,0.0,0.0,0.0,,0.0,0.143,0.0,0.143,0.35,,0.0,0.143,0.0,0.143,0.35,,0.0,1.0,0.8,1.0,0.756,,0.0,1.0,1.4,1.0,1.414,,0.0,0.286,0.2,0.286,0.452,,0.0,0.286,0.4,0.286,0.7,,0.0,0.0,0.0,0.0,0.0,,10.583,13.283,12.893,13.283,1.769,,,,,,,,,,,,,,,,,,
8483569,W. Aamodt,COL,D,0,0,2,2025-04-13,1.0,,,0.5,0.5,0.5,,,,0.0,0.0,0.0,,,,0.5,0.5,0.5,,,,1.5,1.5,1.5,,,,4.5,4.5,4.5,,,,3.0,3.0,3.0,,,,0.0,0.0,0.0,,,,0.0,0.0,0.0,,,,17.117,17.117,17.117,,,,,,,,,,,,,,,,,,,
8483570,B. Meyers,SEA,C,2,52,62,2026-10-06,0.0,0.0,0.135,0.113,0.0,0.0,0.325,0.0,0.154,0.129,0.0,0.0,0.367,0.0,0.288,0.242,0.0,0.0,0.601,0.0,1.173,1.048,0.4,0.6,0.774,1.5,0.269,0.29,0.8,0.6,0.697,1.5,1.269,1.258,1.8,1.8,1.058,7.5,0.308,0.532,3.4,1.7,3.161,0.0,0.0,0.0,0.0,0.0,0.0,10.892,11.938,11.442,12.273,11.642,1.816,,,,,,,,,,,,,,,,,,
8483573,E. Frank,WSH,W,0,62,86,2026-04-05,0.45,,0.194,0.186,0.0,0.1,0.271,,0.194,0.174,0.0,0.0,0.367,,0.387,0.36,0.0,0.1,0.512,,1.468,1.326,0.8,0.9,1.222,,0.726,0.709,0.4,0.6,1.017,,0.855,0.744,1.0,0.6,1.095,,0.29,0.279,0.4,0.4,0.733,,0.032,0.023,0.0,0.0,0.0,,12.237,11.843,9.097,9.618,3.279,,,,,,,,,,,,,,,,,,
8483575,M. Murray,NSH,G,2,2,6,2026-10-06,0.0,,,,,,,,,,,,,,,,,,,,,,,,,,,,,,,,,,,,,0.0,0.0,0.0,0.0,0.0,0.0,,,,,,,0.0,0.0,0.0,0.0,0.0,0.0,0.0,0.0,0.0,0.0,0.0,0.0,0.0,0.0,0.0,0.0,0.0,0.0,0.0,0.0,0.0,0.0,0.0,0.0
8483609,A. Klapka,CGY,W,3,79,113,2026-10-04,0.0,0.0,0.076,0.106,0.0,0.0,0.196,0.0,0.152,0.142,0.0,0.2,0.49,0.0,0.228,0.248,0.0,0.2,0.512,1.0,1.013,1.124,1.2,1.0,0.977,0.333,0.646,0.681,0.2,0.4,0.843,3.667,3.734,3.664,3.2,3.6,2.018,9.0,1.418,1.487,5.4,3.3,4.906,0.0,0.013,0.009,0.0,0.0,0.196,10.294,10.634,10.356,10.983,10.443,1.607,,,,,,,,,,,,,,,,,,
8483630,P. Regenda,SJ,W,0,24,24,2026-04-16,0.71,,0.375,0.375,0.2,0.1,0.696,,0.042,0.042,0.0,0.0,0.2,,0.417,0.417,0.2,0.1,0.759,,1.75,1.75,1.2,1.0,1.534,,0.25,0.25,0.2,0.3,0.433,,2.458,2.458,3.8,3.0,1.527,,0.833,0.833,2.0,1.2,2.154,,0.167,0.167,0.0,0.0,0.373,,13.349,13.349,12.593,12.115,2.612,,,,,,,,,,,,,,,,,,
8483659,I. Poulter,NJ,G,0,0,6,2025-01-29,0.0,,,,,,,,,,,,,,,,,,,,,,,,,,,,,,,,,,,,,,,0.0,0.0,0.0,0.0,,,,,,,,,0.0,0.0,0.0,0.0,,,0.0,0.0,0.0,0.0,,,0.0,0.0,0.0,0.0,,,0.0,0.0,0.0,0.0
8483668,N. Kokko,SEA,G,0,5,7,2026-04-16,0.57,,,,,,,,,,,,,,,,,,,,,,,,,,,,,,,,,,,,,,0.0,0.0,0.0,0.0,0.0,,,,,,,,35.537,29.662,35.537,29.662,27.427,,14.6,11.0,14.6,11.0,11.674,,1.8,1.571,1.8,1.571,1.678,,16.4,12.571,16.4,12.571,12.96
8483669,A. Sykora,NYR,W,0,11,11,2026-04-15,0.36,,0.273,0.273,0.2,0.3,0.445,,0.091,0.091,0.0,0.1,0.287,,0.364,0.364,0.2,0.4,0.481,,1.364,1.364,1.6,1.2,1.15,,0.909,0.909,1.2,0.9,0.668,,1.818,1.818,1.2,2.0,1.466,,0.455,0.455,0.0,0.5,1.437,,0.0,0.0,0.0,0.0,0.0,,11.174,11.174,10.783,10.937,2.073,,,,,,,,,,,,,,,,,,
8483675,K. Connors,LA,C,0,2,2,2026-03-05,0.0,,0.0,0.0,0.0,0.0,,,0.0,0.0,0.0,0.0,,,0.0,0.0,0.0,0.0,,,2.5,2.5,2.5,2.5,,,0.5,0.5,0.5,0.5,,,1.5,1.5,1.5,1.5,,,0.0,0.0,0.0,0.0,,,0.0,0.0,0.0,0.0,,,8.658,8.658,8.658,8.658,,,,,,,,,,,,,,,,,,,
8483676,S. Halliday,OTT,C,3,30,33,2026-10-06,0.0,0.333,0.133,0.152,0.2,0.2,0.49,0.0,0.233,0.212,0.0,0.0,0.49,0.333,0.367,0.364,0.2,0.2,0.748,1.333,1.133,1.152,1.6,1.3,0.98,1.0,0.267,0.333,0.6,0.4,0.625,0.667,1.0,0.97,0.8,0.7,0.977,0.0,0.067,0.061,0.0,0.2,0.392,0.0,0.0,0.0,0.0,0.0,0.0,10.128,8.511,8.658,11.307,9.697,2.176,,,,,,,,,,,,,,,,,,
8483678,E. Pettersson,VAN,D,4,70,102,2026-10-04,1.0,0.25,0.043,0.049,0.2,0.2,0.271,0.0,0.1,0.088,0.0,0.0,0.196,0.25,0.143,0.137,0.2,0.2,0.325,0.75,0.657,0.667,0.8,0.7,0.95,2.0,1.214,1.069,2.0,1.4,1.243,1.5,1.943,1.775,1.6,2.2,1.296,0.5,0.557,0.569,1.8,1.1,2.365,0.0,0.0,0.0,0.0,0.0,0.0,16.037,14.979,14.428,15.807,15.268,2.614,,,,,,,,,,,,,,,,,,
8483679,A. Johansson,DET,D,3,0,3,2026-10-06,1.0,0.0,,0.0,0.0,0.0,0.0,0.0,,0.0,0.0,0.0,0.0,0.0,,0.0,0.0,0.0,0.0,0.0,,0.0,0.0,0.0,0.0,1.0,,1.0,1.0,1.0,0.0,1.667,,1.667,1.667,1.667,0.471,0.667,,0.667,0.667,0.667,0.943,0.0,,0.0,0.0,0.0,0.0,16.628,,16.628,16.628,16.628,2.351,,,,,,,,,,,,,,,,,,
8483686,A. Engstrom,MTL,D,0,15,15,2026-04-14,0.53,,0.0,0.0,0.0,0.0,0.0,,0.067,0.067,0.2,0.1,0.249,,0.067,0.067,0.2,0.1,0.249,,0.733,0.733,1.0,0.9,0.68,,0.533,0.533,1.0,0.6,0.806,,0.467,0.467,0.6,0.4,0.618,,0.533,0.533,0.4,0.6,0.884,,0.0,0.0,0.0,0.0,0.0,,13.052,13.052,14.183,13.623,2.412,,,,,,,,,,,,,,,,,,
8483687,M. Alscher,FLA,D,0,4,4,2026-04-15,1.0,,0.0,0.0,0.0,0.0,0.0,,0.75,0.75,0.75,0.75,0.829,,0.75,0.75,0.75,0.75,0.829,,1.5,1.5,1.5,1.5,0.866,,1.5,1.5,1.5,1.5,1.118,,1.0,1.0,1.0,1.0,1.225,,0.0,0.0,0.0,0.0,0.0,,0.0,0.0,0.0,0.0,0.0,,20.358,20.358,20.358,20.358,1.092,,,,,,,,,,,,,,,,,,
8483690,N. Laba,NYR,C,5,74,79,2026-10-06,1.0,0.0,0.122,0.114,0.0,0.0,0.325,0.2,0.203,0.203,0.2,0.3,0.427,0.2,0.324,0.316,0.2,0.3,0.557,0.6,0.986,0.962,0.6,0.9,1.038,0.8,0.581,0.595,0.8,0.5,0.64,1.4,1.486,1.481,1.4,1.3,1.242,0.8,0.419,0.443,0.8,0.9,1.17,0.0,0.041,0.038,0.0,0.0,0.196,14.73,13.471,13.551,14.73,14.177,2.084,,,,,,,,,,,,,,,,,,
8483695,A. Lombardi,NJ,C,3,0,3,2026-10-06,0.0,0.0,,0.0,0.0,0.0,0.0,0.0,,0.0,0.0,0.0,0.0,0.0,,0.0,0.0,0.0,0.0,1.333,,1.333,1.333,1.333,1.247,0.0,,0.0,0.0,0.0,0.0,0.333,,0.333,0.333,0.333,0.471,1.333,,1.333,1.333,1.333,1.886,0.0,,0.0,0.0,0.0,0.0,8.822,,8.822,8.822,8.822,0.977,,,,,,,,,,,,,,,,,,
8483696,C. O'Hara,NSH,W,0,1,1,2026-04-16,0.0,,0.0,0.0,0.0,0.0,,,1.0,1.0,1.0,1.0,,,1.0,1.0,1.0,1.0,,,1.0,1.0,1.0,1.0,,,0.0,0.0,0.0,0.0,,,2.0,2.0,2.0,2.0,,,0.0,0.0,0.0,0.0,,,0.0,0.0,0.0,0.0,,,11.383,11.383,11.383,11.383,,,,,,,,,,,,,,,,,,,
8483699,A. Booth,LA,D,0,1,1,2026-03-02,1.0,,1.0,1.0,1.0,1.0,,,0.0,0.0,0.0,0.0,,,1.0,1.0,1.0,1.0,,,1.0,1.0,1.0,1.0,,,1.0,1.0,1.0,1.0,,,2.0,2.0,2.0,2.0,,,0.0,0.0,0.0,0.0,,,0.0,0.0,0.0,0.0,,,12.3,12.3,12.3,12.3,,,,,,,,,,,,,,,,,,,
8483703,S. Murashov,PIT,G,3,9,12,2026-10-05,0.33,,,,,,,,,,,,,,,,,,,,,,,,,,,,,,,,,,,,,0.0,0.0,0.0,0.0,0.0,0.0,,,,,,,19.128,31.254,28.222,23.497,33.867,28.805,10.333,11.556,11.25,12.4,13.5,12.397,1.0,1.333,1.25,1.6,1.5,1.689,11.333,12.889,12.5,14.0,15.0,13.871
8483709,A. Wiebe,CGY,D,0,4,4,2026-04-16,0.5,,0.0,0.0,0.0,0.0,0.0,,0.0,0.0,0.0,0.0,0.0,,0.0,0.0,0.0,0.0,0.0,,0.0,0.0,0.0,0.0,0.0,,0.25,0.25,0.25,0.25,0.433,,0.5,0.5,0.5,0.5,0.5,,0.5,0.5,0.5,0.5,0.866,,0.0,0.0,0.0,0.0,0.0,,12.021,12.021,12.021,12.021,2.84,,,,,,,,,,,,,,,,,,
8483710,D. Hildeby,TB,G,3,38,66,2026-10-05,0.0,,,,,,,,,,,,,,,,,,,,,,,,,,,,,,,,,,,,,0.0,0.0,0.0,0.0,0.0,0.0,,,,,,,0.0,26.546,20.751,11.627,20.067,28.134,0.0,13.184,9.667,7.0,10.6,13.627,0.0,1.263,1.03,0.4,1.1,1.933,0.0,14.421,10.667,7.4,11.7,15.227
8483711,D. DiVincentiis,WPG,G,0,3,3,2026-02-25,0.0,,,,,,,,,,,,,,,,,,,,,,,,,,,,,,,,,,,,,,0.0,0.0,0.0,0.0,0.0,,,,,,,,0.0,0.0,0.0,0.0,0.0,,0.0,0.0,0.0,0.0,0.0,,0.0,0.0,0.0,0.0,0.0,,0.0,0.0,0.0,0.0,0.0
8483712,L. Jansson,FLA,D,0,4,4,2026-04-15,1.0,,0.0,0.0,0.0,0.0,0.0,,0.25,0.25,0.25,0.25,0.433,,0.25,0.25,0.25,0.25,0.433,,0.75,0.75,0.75,0.75,0.433,,1.25,1.25,1.25,1.25,0.433,,0.0,0.0,0.0,0.0,0.0,,0.0,0.0,0.0,0.0,0.0,,0.0,0.0,0.0,0.0,0.0,,17.271,17.271,17.271,17.271,2.121,,,,,,,,,,,,,,,,,,
8483728,J. Davidson,MTL,C,0,10,10,2025-12-11,0.1,,0.0,0.0,0.0,0.0,0.0,,0.1,0.1,0.2,0.1,0.3,,0.1,0.1,0.2,0.1,0.3,,0.9,0.9,0.6,0.9,1.136,,0.1,0.1,0.2,0.1,0.3,,1.8,1.8,1.6,1.8,1.077,,1.0,1.0,0.8,1.0,1.342,,0.0,0.0,0.0,0.0,0.0,,8.717,8.717,9.143,8.717,2.056,,,,,,,,,,,,,,,,,,
8483731,A. Bump,PHI,W,3,23,26,2026-10-03,0.67,0.0,0.304,0.269,0.2,0.3,0.427,0.0,0.174,0.154,0.0,0.0,0.367,0.0,0.478,0.423,0.2,0.3,0.632,1.333,1.435,1.423,1.4,1.5,1.2,0.0,0.478,0.423,0.4,0.5,0.566,2.333,1.087,1.231,1.6,1.8,1.141,0.0,0.087,0.077,0.0,0.0,0.392,0.0,0.0,0.0,0.0,0.0,0.0,12.133,12.978,12.88,12.46,13.687,2.06,,,,,,,,,,,,,,,,,,
8483733,N. Grebenkin,PHI,W,0,55,62,2026-03-21,0.34,,0.073,0.065,0.0,0.0,0.196,,0.182,0.161,0.0,0.2,0.325,,0.255,0.226,0.0,0.2,0.367,,0.582,0.548,0.4,0.3,1.063,,0.309,0.29,0.2,0.5,0.546,,1.564,1.597,0.8,1.1,1.388,,0.836,0.774,0.0,0.6,3.487,,0.0,0.0,0.0,0.0,0.0,,11.287,11.0,10.637,11.127,1.968,,,,,,,,,,,,,,,,,,
8483746,V. Buteyets,ANA,G,0,6,6,2025-12-11,0.17,,,,,,,,,,,,,,,,,,,,,,,,,,,,,,,,,,,,,,0.0,0.0,0.0,0.0,0.0,,,,,,,,3.333,3.333,4.0,3.333,7.454,,1.667,1.667,2.0,1.667,3.727,,0.5,0.5,0.6,0.5,1.118,,2.167,2.167,2.6,2.167,4.845
8483752,D. James,TB,C,0,50,50,2026-05-03,0.58,,0.18,0.18,0.4,0.4,0.449,,0.18,0.18,0.2,0.1,0.367,,0.36,0.36,0.6,0.5,0.571,,1.36,1.36,2.2,2.0,1.429,,0.32,0.32,0.6,0.3,0.49,,1.36,1.36,1.6,1.3,0.917,,0.16,0.16,0.0,0.0,0.543,,0.02,0.02,0.2,0.1,0.196,,12.219,12.219,12.807,12.575,2.032,,,,,,,,,,,,,,,,,,
8483756,J. Wright,LA,W,0,27,27,2026-04-26,0.44,,0.0,0.0,0.0,0.0,0.0,,0.148,0.148,0.0,0.1,0.367,,0.148,0.148,0.0,0.1,0.367,,1.37,1.37,1.0,1.3,1.095,,0.704,0.704,0.4,0.4,0.665,,1.259,1.259,1.4,1.5,1.031,,0.148,0.148,0.0,0.2,0.543,,0.0,0.0,0.0,0.0,0.0,,11.436,11.436,11.3,11.987,1.46,,,,,,,,,,,,,,,,,,
8483760,H. McDonald,PHI,D,0,1,1,2026-04-14,1.0,,0.0,0.0,0.0,0.0,,,1.0,1.0,1.0,1.0,,,1.0,1.0,1.0,1.0,,,0.0,0.0,0.0,0.0,,,1.0,1.0,1.0,1.0,,,5.0,5.0,5.0,5.0,,,4.0,4.0,4.0,4.0,,,0.0,0.0,0.0,0.0,,,15.183,15.183,15.183,15.183,,,,,,,,,,,,,,,,,,,
8483766,D. Spacek,MIN,D,0,2,2,2026-01-20,0.0,,0.0,0.0,0.0,0.0,,,0.0,0.0,0.0,0.0,,,0.0,0.0,0.0,0.0,,,0.0,0.0,0.0,0.0,,,1.0,1.0,1.0,1.0,,,0.5,0.5,0.5,0.5,,,0.0,0.0,0.0,0.0,,,0.0,0.0,0.0,0.0,,,10.75,10.75,10.75,10.75,,,,,,,,,,,,,,,,,,,
8483768,V. Mancini,VAN,D,0,24,55,2026-04-11,0.87,,0.0,0.036,0.0,0.0,0.0,,0.125,0.164,0.6,0.3,0.325,,0.125,0.2,0.6,0.3,0.325,,0.583,0.745,1.2,0.8,0.753,,1.083,1.218,0.6,0.7,0.909,,1.167,1.2,0.8,1.4,1.242,,0.292,0.309,0.4,0.2,1.04,,0.0,0.018,0.0,0.0,0.0,,13.735,14.62,13.323,14.285,3.093,,,,,,,,,,,,,,,,,,
8483771,S. Vilmanis,FLA,W,4,19,23,2026-10-06,0.5,0.0,0.158,0.13,0.0,0.1,0.337,0.0,0.105,0.087,0.0,0.0,0.282,0.0,0.263,0.217,0.0,0.1,0.412,1.75,0.789,0.957,1.4,1.2,1.042,0.75,0.263,0.348,0.6,0.5,0.698,3.0,2.0,2.174,2.8,2.4,1.833,0.0,0.211,0.174,0.0,0.0,0.564,0.0,0.0,0.0,0.0,0.0,0.0,12.287,10.397,10.726,11.943,11.525,3.078,,,,,,,,,,,,,,,,,,
8483808,A. Kuzmenko,PIT,W,2,53,127,2026-10-05,0.5,0.0,0.245,0.213,0.0,0.3,0.531,0.0,0.226,0.323,0.4,0.2,0.546,0.0,0.472,0.535,0.4,0.5,0.748,1.5,1.302,1.354,0.8,1.1,1.121,0.0,0.264,0.307,0.0,0.2,0.49,0.5,0.34,0.339,0.2,0.1,0.196,0.0,0.302,0.268,0.0,0.2,0.733,0.0,0.151,0.118,0.0,0.3,0.463,12.0,14.832,15.364,11.293,13.107,2.869,,,,,,,,,,,,,,,,,,
8483841,X. Parent,NJ,C,0,5,5,2025-12-19,0.0,,0.0,0.0,0.0,0.0,0.0,,0.0,0.0,0.0,0.0,0.0,,0.0,0.0,0.0,0.0,0.0,,0.4,0.4,0.4,0.4,0.49,,0.2,0.2,0.2,0.2,0.4,,1.4,1.4,1.4,1.4,1.02,,0.4,0.4,0.4,0.4,0.8,,0.0,0.0,0.0,0.0,0.0,,8.573,8.573,8.573,8.573,1.801,,,,,,,,,,,,,,,,,,
8483890,B. Bowman,VGK,W,4,55,59,2026-10-06,0.5,0.25,0.145,0.153,0.2,0.1,0.271,0.25,0.327,0.322,0.2,0.3,0.614,0.5,0.473,0.475,0.4,0.4,0.632,1.5,1.364,1.373,1.2,1.3,0.933,0.25,0.436,0.424,0.2,0.3,0.557,0.0,0.345,0.322,0.0,0.0,0.854,0.0,0.218,0.203,0.0,0.2,0.733,0.0,0.036,0.034,0.0,0.0,0.0,12.196,14.042,13.916,11.597,11.907,2.703,,,,,,,,,,,,,,,,,,
8483930,I. Ivan,COL,C,0,9,49,2026-03-20,0.2,,0.0,0.102,0.0,0.0,0.0,,0.111,0.082,0.0,0.1,0.196,,0.111,0.184,0.0,0.1,0.196,,0.444,0.776,0.2,0.4,0.585,,0.111,0.204,0.0,0.1,0.4,,0.333,0.306,0.4,0.3,0.449,,0.222,0.204,0.4,0.2,0.543,,0.0,0.041,0.0,0.0,0.0,,7.452,9.563,6.497,7.302,2.578,,,,,,,,,,,,,,,,,,
8484135,P. Ford,WPG,C,0,15,18,2026-04-04,0.06,,0.0,0.056,0.0,0.0,0.229,,0.067,0.056,0.0,0.0,0.229,,0.067,0.111,0.0,0.0,0.314,,0.667,0.667,0.8,0.6,0.577,,0.8,0.722,0.4,0.5,0.931,,1.8,1.778,1.8,1.4,1.133,,0.267,0.333,0.0,0.2,0.745,,0.0,0.0,0.0,0.0,0.0,,9.75,9.431,9.68,9.222,1.69,,,,,,,,,,,,,,,,,,
8484136,M. Sasson,VAN,C,4,66,99,2026-10-04,1.0,0.25,0.197,0.172,0.2,0.3,0.4,0.25,0.091,0.111,0.2,0.3,0.4,0.5,0.288,0.283,0.4,0.6,0.693,1.75,0.939,1.01,1.4,1.3,1.163,1.75,0.545,0.566,1.4,0.9,0.968,0.25,0.455,0.495,0.4,0.4,0.64,0.5,0.394,0.283,0.4,0.6,1.024,0.0,0.0,0.0,0.0,0.0,0.0,14.713,11.719,11.433,14.25,13.585,2.359,,,,,,,,,,,,,,,,,,
8484142,D. Barkey,PHI,C,1,53,54,2026-10-05,1.0,0.0,0.113,0.111,0.0,0.1,0.325,0.0,0.245,0.241,0.0,0.0,0.4,0.0,0.358,0.352,0.0,0.1,0.466,0.0,0.981,0.963,0.6,0.8,1.046,0.0,0.377,0.37,0.2,0.1,0.271,0.0,1.151,1.13,1.8,1.7,1.191,0.0,0.377,0.37,0.4,0.4,0.65,0.0,0.019,0.019,0.0,0.0,0.0,13.1,13.333,13.329,14.393,13.18,2.542,,,,,,,,,,,,,,,,,,
8484144,C. Bedard,CHI,C,0,69,151,2026-04-15,1.0,,0.435,0.351,0.0,0.0,0.449,,0.652,0.589,0.8,0.8,0.8,,1.087,0.94,0.8,0.8,0.765,,3.275,2.788,3.2,3.0,1.87,,0.391,0.424,0.8,0.6,0.566,,0.449,0.517,0.2,0.2,0.894,,0.725,0.795,1.6,0.8,1.372,,0.101,0.119,0.0,0.0,0.196,,20.867,20.551,20.993,20.403,1.696,,,,,,,,,,,,,,,,,,
8484145,Z. Benson,BUF,W,3,78,156,2026-10-06,1.0,0.0,0.231,0.179,0.2,0.3,0.546,0.333,0.436,0.34,0.4,0.4,0.566,0.333,0.667,0.519,0.6,0.7,0.776,1.333,1.821,1.705,2.4,1.9,1.306,0.333,0.372,0.378,0.6,0.7,0.64,1.667,0.718,0.615,1.2,1.4,1.076,1.333,1.359,1.09,3.2,4.0,4.544,0.0,0.026,0.032,0.0,0.1,0.196,19.6,16.091,15.547,20.597,19.287,3.273,,,,,,,,,,,,,,,,,,
8484148,O. Bonk,PHI,D,0,2,2,2026-05-09,1.0,,0.5,0.5,0.5,0.5,,,0.5,0.5,0.5,0.5,,,1.0,1.0,1.0,1.0,,,0.5,0.5,0.5,0.5,,,0.0,0.0,0.0,0.0,,,1.5,1.5,1.5,1.5,,,0.0,0.0,0.0,0.0,,,0.0,0.0,0.0,0.0,,,14.533,14.533,14.533,14.533,,,,,,,,,,,,,,,,,,,
8484149,G. Brindley,COL,C,0,56,56,2026-03-22,0.16,,0.107,0.107,0.0,0.0,0.196,,0.125,0.125,0.2,0.1,0.196,,0.232,0.232,0.2,0.1,0.271,,1.107,1.107,0.8,0.9,0.8,,0.268,0.268,0.2,0.3,0.4,,0.661,0.661,0.6,0.6,0.574,,0.143,0.143,0.0,0.0,0.0,,0.0,0.0,0.0,0.0,0.0,,9.551,9.551,7.407,8.09,2.682,,,,,,,,,,,,,,,,,,
8484150,H. Brzustewicz,CGY,D,0,34,35,2026-04-16,0.89,,0.059,0.057,0.2,0.1,0.271,,0.147,0.143,0.0,0.3,0.49,,0.206,0.2,0.2,0.4,0.531,,0.971,1.0,1.0,0.8,0.958,,0.676,0.657,1.4,0.9,1.211,,0.706,0.714,1.4,1.2,0.98,,0.118,0.171,0.0,0.2,0.543,,0.0,0.0,0.0,0.0,0.0,,16.14,16.204,19.82,18.85,2.807,,,,,,,,,,,,,,,,,,
8484152,L. Cagnoni,SJ,D,3,3,12,2026-10-05,1.0,0.333,0.0,0.083,0.2,0.1,0.276,0.333,0.0,0.25,0.2,0.2,0.433,0.667,0.0,0.333,0.4,0.3,0.624,2.0,1.333,1.417,1.8,1.5,0.954,1.667,1.0,1.417,1.2,1.5,1.256,0.333,1.667,0.583,0.8,0.6,0.759,0.667,0.667,1.0,0.8,1.0,1.291,0.0,0.0,0.0,0.0,0.0,0.0,20.55,18.028,18.465,20.17,18.307,2.738,,,,,,,,,,,,,,,,,,
8484153,L. Carlsson,ANA,C,2,82,160,2026-10-04,1.0,0.5,0.402,0.338,0.2,0.3,0.566,2.0,0.549,0.463,1.0,0.8,0.755,2.5,0.951,0.8,1.2,1.1,0.935,1.0,2.854,2.188,0.8,2.1,2.204,1.5,0.402,0.45,0.8,0.6,0.686,0.0,0.28,0.294,0.4,0.7,0.753,0.0,0.402,0.294,0.0,0.0,0.392,0.0,0.049,0.05,0.0,0.0,0.0,19.075,19.004,17.692,18.013,18.555,1.665,,,,,,,,,,,,,,,,,,
8484158,E. Cowan,TOR,W,4,66,70,2026-10-06,1.0,0.25,0.167,0.171,0.2,0.3,0.4,0.5,0.273,0.286,0.6,0.4,0.566,0.75,0.439,0.457,0.8,0.7,0.693,1.75,1.394,1.414,1.8,1.5,1.191,0.0,0.485,0.457,0.0,0.1,0.557,1.5,1.091,1.114,1.2,1.3,1.166,1.0,0.682,0.7,1.2,0.8,3.379,0.25,0.03,0.043,0.2,0.3,0.325,14.371,14.711,14.692,15.553,17.265,2.401,,,,,,,,,,,,,,,,,,
8484160,N. Danielson,DET,C,3,28,31,2026-10-06,0.0,0.0,0.071,0.065,0.0,0.0,0.196,0.333,0.179,0.194,0.2,0.1,0.4,0.333,0.25,0.258,0.2,0.1,0.427,0.667,1.107,1.065,0.4,0.6,1.107,0.0,0.321,0.29,0.0,0.1,0.512,0.333,0.286,0.29,0.2,0.3,0.449,0.667,0.143,0.194,0.8,0.4,0.65,0.0,0.0,0.0,0.0,0.0,0.0,8.622,11.053,10.818,9.893,10.368,1.421,,,,,,,,,,,,,,,,,,
8484164,D. Dvorsky,STL,W,3,71,76,2026-10-06,0.67,0.667,0.169,0.184,0.4,0.3,0.4,0.0,0.127,0.118,0.0,0.1,0.325,0.667,0.296,0.303,0.4,0.4,0.466,2.0,1.31,1.329,2.0,1.4,1.085,0.0,0.338,0.316,0.0,0.2,0.512,0.667,1.085,1.039,0.4,0.2,0.804,0.667,0.366,0.368,0.4,0.2,0.8,0.0,0.07,0.066,0.0,0.0,0.0,12.061,14.339,14.119,12.613,13.207,2.136,,,,,,,,,,,,,,,,,,
8484166,A. Fantilli,CBJ,C,2,82,166,2026-10-03,1.0,0.5,0.293,0.337,0.4,0.4,0.557,0.0,0.427,0.349,0.4,0.2,0.632,0.5,0.72,0.687,0.8,0.6,0.709,1.5,2.61,2.458,1.4,2.3,2.137,1.5,0.622,0.663,0.8,0.8,0.697,4.0,1.695,1.566,2.2,2.2,1.822,0.0,0.463,0.337,0.4,0.4,1.516,0.0,0.049,0.036,0.0,0.0,0.196,18.992,18.902,18.2,19.423,19.7,2.197,,,,,,,,,,,,,,,,,,
8484168,O. Fisker Molgaard,SEA,C,0,13,13,2026-04-13,0.15,,0.0,0.0,0.0,0.0,0.0,,0.154,0.154,0.0,0.1,0.361,,0.154,0.154,0.0,0.1,0.361,,0.462,0.462,0.2,0.5,0.634,,0.615,0.615,0.6,0.7,0.738,,0.692,0.692,0.8,0.8,0.722,,0.154,0.154,0.0,0.2,0.533,,0.0,0.0,0.0,0.0,0.0,,9.236,9.236,10.11,10.137,2.306,,,,,,,,,,,,,,,,,,
8484169,D. Fortescue,NYR,D,0,9,9,2026-04-15,0.89,,0.0,0.0,0.0,0.0,0.0,,0.222,0.222,0.2,0.222,0.416,,0.222,0.222,0.2,0.222,0.416,,0.333,0.333,0.0,0.333,0.471,,0.778,0.778,0.2,0.778,1.227,,0.667,0.667,0.4,0.667,0.667,,0.444,0.444,0.4,0.444,0.831,,0.0,0.0,0.0,0.0,0.0,,14.843,14.843,14.297,14.843,2.113,,,,,,,,,,,,,,,,,,
8484170,J. Fowler,MTL,G,0,52,52,2026-05-29,0.33,,,,,,,,,,,,,,,,,,,,,,,,,,,,,,,,,,,,,,0.0,0.0,0.0,0.0,0.0,,,,,,,,19.598,19.598,0.0,0.838,15.91,,7.846,7.846,0.0,0.1,6.969,,0.808,0.808,0.0,0.1,0.463,,8.654,8.654,0.0,0.2,7.314
8484177,L. Hameenaho,NJ,W,0,33,33,2026-04-12,0.55,,0.061,0.061,0.0,0.0,0.0,,0.182,0.182,0.2,0.2,0.367,,0.242,0.242,0.2,0.2,0.367,,1.424,1.424,1.6,1.4,1.024,,0.485,0.485,0.6,0.6,0.697,,0.606,0.606,0.4,0.6,0.686,,0.424,0.424,1.2,1.0,1.329,,0.0,0.0,0.0,0.0,0.0,,12.181,12.181,11.793,11.735,1.428,,,,,,,,,,,,,,,,,,
8484180,S. Honzek,CGY,W,3,18,26,2026-10-04,1.0,0.0,0.111,0.077,0.2,0.1,0.271,0.0,0.111,0.077,0.0,0.1,0.271,0.0,0.222,0.154,0.2,0.2,0.367,0.667,1.222,1.154,0.6,0.6,1.255,0.333,0.333,0.346,0.4,0.4,0.546,2.333,1.944,1.846,2.0,1.9,1.376,0.0,0.111,0.154,0.0,0.2,0.543,0.0,0.0,0.0,0.0,0.0,0.0,15.561,12.342,12.723,13.813,13.517,2.122,,,,,,,,,,,,,,,,,,
8484185,N. Lardis,CHI,W,4,41,45,2026-10-06,0.0,0.0,0.244,0.222,0.2,0.1,0.4,0.5,0.122,0.156,0.4,0.2,0.49,0.5,0.366,0.378,0.6,0.3,0.693,0.75,1.39,1.333,0.8,1.2,1.12,0.5,0.293,0.311,0.6,0.4,0.466,1.0,1.39,1.356,1.0,1.4,0.924,0.0,0.244,0.222,0.0,0.0,0.543,0.0,0.049,0.044,0.0,0.0,0.0,9.842,12.671,12.42,10.67,12.588,2.547,,,,,,,,,,,,,,,,,,
8484186,R. Leonard,WSH,W,2,75,94,2026-10-03,1.0,0.5,0.267,0.234,0.6,0.6,0.571,0.0,0.333,0.277,0.2,0.3,0.4,0.5,0.6,0.511,0.8,0.9,0.625,3.0,2.04,2.0,2.6,2.7,1.001,0.5,0.333,0.362,0.8,0.4,0.466,2.5,1.653,1.681,2.0,2.2,1.327,0.0,0.627,0.638,0.0,0.8,1.348,0.0,0.053,0.043,0.0,0.1,0.325,13.15,14.414,14.001,14.41,13.955,1.332,,,,,,,,,,,,,,,,,,
8484188,T. Lindstein,STL,D,3,17,20,2026-10-06,1.0,0.0,0.118,0.1,0.2,0.1,0.3,0.333,0.118,0.15,0.2,0.2,0.357,0.333,0.235,0.25,0.4,0.3,0.433,0.667,1.176,1.1,1.2,1.1,0.995,0.667,0.824,0.8,1.0,0.9,0.748,0.333,0.471,0.45,0.2,0.3,0.589,0.0,0.353,0.3,0.0,0.0,0.714,0.0,0.0,0.0,0.0,0.0,0.0,14.822,15.761,15.62,15.637,15.993,1.514,,,,,,,,,,,,,,,,,,
8484197,O. Moore,CHI,C,4,51,64,2026-10-06,0.5,0.25,0.098,0.094,0.2,0.1,0.325,0.0,0.275,0.281,0.2,0.3,0.427,0.25,0.373,0.375,0.4,0.4,0.557,1.25,1.118,1.125,1.0,1.1,0.894,0.0,0.255,0.234,0.0,0.0,0.325,1.25,0.49,0.562,1.0,0.7,0.7,1.0,0.373,0.422,0.8,0.6,1.516,0.0,0.039,0.031,0.0,0.0,0.271,11.783,12.842,12.879,9.79,10.92,3.02,,,,,,,,,,,,,,,,,,
8484203,B. Nadeau,CAR,W,0,12,14,2026-04-14,0.64,,0.25,0.214,0.2,0.3,0.41,,0.0,0.071,0.0,0.0,0.258,,0.25,0.286,0.2,0.3,0.452,,1.0,1.429,0.8,1.0,1.72,,0.417,0.429,0.2,0.3,0.623,,1.75,1.643,2.6,1.8,1.493,,0.167,0.143,0.4,0.2,0.515,,0.083,0.071,0.0,0.1,0.258,,12.961,12.75,14.683,13.353,2.204,,,,,,,,,,,,,,,,,,
8484210,G. Perreault,NYR,W,5,49,59,2026-10-06,0.8,0.4,0.245,0.237,0.4,0.4,0.686,0.4,0.306,0.288,0.4,0.2,0.571,0.8,0.551,0.525,0.8,0.6,0.8,1.0,1.49,1.407,1.0,1.3,1.299,0.8,0.449,0.458,0.8,0.6,0.571,0.6,0.51,0.492,0.6,0.7,0.566,0.0,0.204,0.169,0.0,0.0,0.65,0.0,0.061,0.051,0.0,0.0,0.271,14.91,15.986,15.764,14.91,15.327,2.332,,,,,,,,,,,,,,,,,,
8484214,L. Pinelli,CBJ,C,0,3,3,2025-12-01,0.67,,0.0,0.0,0.0,0.0,0.0,,0.0,0.0,0.0,0.0,0.0,,0.0,0.0,0.0,0.0,0.0,,2.0,2.0,2.0,2.0,0.0,,0.333,0.333,0.333,0.333,0.471,,0.667,0.667,0.667,0.667,0.471,,0.0,0.0,0.0,0.0,0.0,,0.0,0.0,0.0,0.0,0.0,,13.767,13.767,13.767,13.767,4.856,,,,,,,,,,,,,,,,,,
8484220,D. Reinbacher,MTL,D,0,2,2,2026-04-14,0.5,,0.0,0.0,0.0,0.0,,,0.5,0.5,0.5,0.5,,,0.5,0.5,0.5,0.5,,,1.5,1.5,1.5,1.5,,,1.0,1.0,1.0,1.0,,,0.5,0.5,0.5,0.5,,,0.0,0.0,0.0,0.0,,,0.0,0.0,0.0,0.0,,,13.142,13.142,13.142,13.142,,,,,,,,,,,,,,,,,,,
8484221,C. Ritchie,NYI,C,3,65,75,2026-10-06,1.0,0.333,0.2,0.2,0.2,0.3,0.449,0.333,0.262,0.24,0.2,0.3,0.557,0.667,0.462,0.44,0.4,0.6,0.742,1.667,1.215,1.267,1.8,1.7,1.191,0.333,0.523,0.493,0.6,0.4,0.566,0.667,0.262,0.333,0.6,0.5,0.531,0.0,0.338,0.293,0.0,0.2,0.65,0.0,0.077,0.067,0.0,0.2,0.367,14.733,13.466,13.453,15.86,16.152,1.567,,,,,,,,,,,,,,,,,,
8484223,A. Sandin-Pellikka,DET,D,3,68,71,2026-10-06,0.67,0.0,0.103,0.099,0.0,0.1,0.271,0.0,0.206,0.197,0.0,0.2,0.271,0.0,0.309,0.296,0.0,0.3,0.463,2.0,1.0,1.042,1.2,1.5,1.093,1.0,0.794,0.803,1.0,0.6,0.574,0.333,0.25,0.254,0.4,0.3,0.427,0.667,0.265,0.282,0.4,0.4,0.65,0.0,0.015,0.014,0.0,0.0,0.196,14.506,16.211,16.139,15.297,14.252,2.734,,,,,,,,,,,,,,,,,,
8484227,W. Smith,SJ,C,3,69,146,2026-10-05,1.0,0.667,0.348,0.301,0.6,0.4,0.601,0.333,0.507,0.432,0.4,0.4,0.7,1.0,0.855,0.733,1.0,0.8,0.991,1.667,2.406,2.041,2.0,1.9,1.733,0.333,0.174,0.199,0.2,0.3,0.367,0.667,0.232,0.212,0.4,0.6,0.546,0.0,0.232,0.233,0.0,0.0,0.392,0.333,0.116,0.096,0.2,0.1,0.325,19.1,18.183,17.021,17.583,18.023,2.404,,,,,,,,,,,,,,,,,,
8484230,O. Stenberg,STL,C,0,32,32,2026-04-13,0.88,,0.094,0.094,0.2,0.2,0.325,,0.219,0.219,0.0,0.0,0.325,,0.312,0.312,0.2,0.2,0.427,,0.969,0.969,1.0,1.0,0.938,,0.469,0.469,0.2,0.3,0.48,,1.531,1.531,0.6,1.0,1.134,,0.156,0.156,0.0,0.5,0.98,,0.0,0.0,0.0,0.0,0.0,,13.619,13.619,13.203,13.043,1.457,,,,,,,,,,,,,,,,,,
8484234,A. Suniev,CGY,W,0,6,7,2026-04-16,0.29,,0.0,0.0,0.0,0.0,0.0,,0.167,0.143,0.2,0.143,0.35,,0.167,0.143,0.2,0.143,0.35,,1.5,1.429,1.8,1.429,1.4,,0.5,0.429,0.4,0.429,0.495,,0.333,0.286,0.4,0.286,0.452,,0.333,0.286,0.4,0.286,0.7,,0.0,0.0,0.0,0.0,0.0,,11.622,12.076,11.693,12.076,1.2,,,,,,,,,,,,,,,,,,
8484240,T. Willander,VAN,D,4,70,74,2026-10-04,1.0,0.0,0.071,0.068,0.0,0.0,0.196,0.75,0.229,0.257,0.6,0.4,0.531,0.75,0.3,0.324,0.6,0.4,0.546,0.25,0.843,0.811,0.2,0.6,0.786,1.0,1.114,1.108,1.0,1.1,1.17,0.25,0.5,0.486,0.4,1.0,1.197,1.0,0.4,0.432,0.8,0.4,2.117,0.0,0.0,0.0,0.0,0.0,0.0,20.788,16.99,17.195,20.127,20.272,1.546,,,,,,,,,,,,,,,,,,
8484241,M. Wood,NSH,W,3,71,80,2026-10-06,1.0,0.0,0.239,0.212,0.0,0.1,0.531,0.333,0.183,0.188,0.2,0.2,0.4,0.333,0.423,0.4,0.2,0.3,0.574,1.333,1.451,1.438,1.0,1.5,1.203,0.333,0.352,0.35,0.4,0.3,0.557,1.333,0.746,0.738,1.2,1.1,0.814,0.0,0.197,0.2,0.0,0.4,1.024,0.0,0.056,0.05,0.0,0.0,0.196,16.789,12.321,12.433,14.857,13.978,2.14,,,,,,,,,,,,,,,,,,
8484242,B. Yager,WPG,C,0,3,3,2026-04-16,0.33,,0.0,0.0,0.0,0.0,0.0,,0.0,0.0,0.0,0.0,0.0,,0.0,0.0,0.0,0.0,0.0,,0.667,0.667,0.667,0.667,0.471,,0.0,0.0,0.0,0.0,0.0,,0.0,0.0,0.0,0.0,0.0,,0.667,0.667,0.667,0.667,0.943,,0.0,0.0,0.0,0.0,0.0,,10.989,10.989,10.989,10.989,0.917,,,,,,,,,,,,,,,,,,
8484255,J. Polin,COL,W,0,4,6,2026-04-16,0.0,,0.0,0.0,0.0,0.0,0.0,,0.0,0.0,0.0,0.0,0.0,,0.0,0.0,0.0,0.0,0.0,,0.0,0.5,0.4,0.5,0.764,,0.75,0.667,0.8,0.667,0.745,,2.75,2.0,2.2,2.0,1.633,,0.0,0.0,0.0,0.0,0.0,,0.0,0.0,0.0,0.0,0.0,,7.579,6.781,7.323,6.781,2.012,,,,,,,,,,,,,,,,,,
8484258,S. Malinski,COL,D,2,93,176,2026-10-03,1.0,0.0,0.097,0.08,0.0,0.1,0.49,0.0,0.366,0.256,0.0,0.2,0.449,0.0,0.462,0.335,0.0,0.3,0.806,1.5,2.0,1.778,2.0,1.7,1.2,2.0,1.215,1.295,1.4,1.2,1.256,0.0,0.57,0.665,0.0,0.6,0.926,0.0,0.237,0.239,0.0,0.0,0.543,0.0,0.0,0.0,0.0,0.0,0.0,15.033,17.772,16.849,15.59,17.905,2.576,,,,,,,,,,,,,,,,,,
8484262,T. Mitchell,ANA,D,2,9,11,2026-10-04,1.0,0.0,0.111,0.091,0.2,0.1,0.287,0.0,0.0,0.0,0.0,0.0,0.0,0.0,0.111,0.091,0.2,0.1,0.287,0.0,0.444,0.364,0.8,0.4,0.881,0.5,0.667,0.636,0.6,0.7,0.881,2.0,1.444,1.545,1.6,1.6,0.891,1.0,0.667,0.727,0.8,0.8,1.286,0.0,0.0,0.0,0.0,0.0,0.0,17.383,11.537,12.6,14.433,12.952,3.131,,,,,,,,,,,,,,,,,,
8484268,N. Tolopilo,VAN,G,0,41,44,2026-04-16,0.52,,,,,,,,,,,,,,,,,,,,,,,,,,,,,,,,,,,,,,0.049,0.045,0.0,0.0,0.392,,,,,,,,27.943,27.939,24.227,29.508,28.589,,12.512,12.182,9.2,12.5,12.166,,1.683,1.636,1.4,1.9,2.084,,14.195,13.818,10.6,14.4,13.997
8484287,C. McWard,NYI,D,0,3,3,2026-01-08,0.67,,0.0,0.0,0.0,0.0,0.0,,0.0,0.0,0.0,0.0,0.0,,0.0,0.0,0.0,0.0,0.0,,0.333,0.333,0.333,0.333,0.471,,1.667,1.667,1.667,1.667,0.943,,1.333,1.333,1.333,1.333,1.247,,0.0,0.0,0.0,0.0,0.0,,0.0,0.0,0.0,0.0,0.0,,13.733,13.733,13.733,13.733,1.821,,,,,,,,,,,,,,,,,,
8484293,Y. Perets,CAR,G,0,0,5,2024-11-30,0.0,,,,,,,,,,,,,,,,,,,,,,,,,,,,,,,,,,,,,,,0.0,0.0,0.0,0.0,,,,,,,,,1.64,1.64,1.64,3.28,,,1.2,1.2,1.2,2.4,,,0.2,0.2,0.2,0.4,,,1.4,1.4,1.4,2.8
8484304,U. Balinskis,FLA,D,3,54,138,2026-10-06,1.0,0.0,0.093,0.072,0.0,0.0,0.367,0.0,0.185,0.174,0.0,0.1,0.367,0.0,0.278,0.246,0.0,0.1,0.546,0.667,1.222,1.188,1.0,1.5,1.166,0.333,0.778,0.761,0.6,0.9,0.816,1.0,1.315,1.196,1.2,1.2,1.386,2.333,0.556,0.478,1.4,0.9,1.516,0.0,0.056,0.022,0.0,0.0,0.325,13.917,16.371,15.344,14.883,16.373,3.915,,,,,,,,,,,,,,,,,,
8484305,Z. Metsa,BUF,D,3,45,48,2026-10-06,0.33,0.0,0.067,0.062,0.2,0.1,0.271,0.333,0.089,0.104,0.2,0.1,0.367,0.333,0.156,0.167,0.4,0.2,0.512,0.0,0.556,0.521,0.2,0.3,0.753,1.333,0.711,0.75,1.0,0.8,0.748,0.333,0.111,0.125,0.2,0.1,0.325,1.667,0.178,0.271,1.0,0.5,1.04,0.0,0.022,0.021,0.2,0.1,0.196,10.7,10.83,10.822,9.567,12.737,3.44,,,,,,,,,,,,,,,,,,
8484312,G. Romanov,STL,G,0,1,20,2026-02-26,0.4,,,,,,,,,,,,,,,,,,,,,,,,,,,,,,,,,,,,,,0.0,0.0,0.0,0.0,0.0,,,,,,,,0.0,20.847,23.66,26.023,26.432,,0.0,9.6,11.0,12.9,13.017,,0.0,1.35,1.4,1.4,2.056,,0.0,10.95,12.4,14.3,14.797
8484321,N. Matinpalo,OTT,D,3,54,104,2026-10-06,1.0,0.0,0.0,0.01,0.0,0.0,0.0,0.0,0.093,0.077,0.0,0.0,0.196,0.0,0.093,0.087,0.0,0.0,0.196,1.333,0.704,0.846,1.0,0.5,0.863,1.667,1.148,1.0,2.2,1.5,1.157,0.667,0.963,0.788,0.8,0.6,1.017,1.333,0.333,0.423,1.2,0.8,0.854,0.0,0.0,0.0,0.0,0.0,0.0,18.544,16.017,14.577,18.2,18.912,4.17,,,,,,,,,,,,,,,,,,
8484380,W. Skoog,FLA,C,0,3,3,2026-04-15,1.0,,0.0,0.0,0.0,0.0,0.0,,0.667,0.667,0.667,0.667,0.943,,0.667,0.667,0.667,0.667,0.943,,1.333,1.333,1.333,1.333,0.943,,1.667,1.667,1.667,1.667,1.247,,0.667,0.667,0.667,0.667,0.943,,1.333,1.333,1.333,1.333,1.886,,0.0,0.0,0.0,0.0,0.0,,15.017,15.017,15.017,15.017,0.757,,,,,,,,,,,,,,,,,,
8484386,D. Simashev,UTA,D,4,28,32,2026-10-06,1.0,0.0,0.0,0.0,0.0,0.0,0.0,0.25,0.036,0.062,0.2,0.1,0.271,0.25,0.036,0.062,0.2,0.1,0.271,0.5,0.929,0.875,0.6,0.6,0.786,0.5,1.0,0.938,0.6,0.6,0.731,2.0,0.5,0.688,2.0,1.6,1.058,0.5,0.821,0.781,0.4,0.9,1.091,0.0,0.0,0.0,0.0,0.0,0.0,16.087,15.108,15.23,15.333,14.66,2.884,,,,,,,,,,,,,,,,,,
8484387,M. Michkov,PHI,W,4,89,173,2026-10-05,1.0,0.25,0.225,0.272,0.2,0.1,0.4,0.0,0.36,0.399,0.0,0.1,0.697,0.25,0.584,0.671,0.2,0.2,0.933,1.25,1.978,2.197,1.4,1.6,1.818,0.75,0.258,0.283,0.8,0.5,0.625,0.0,0.416,0.382,0.0,0.2,0.632,1.0,0.865,0.734,0.8,1.0,1.395,0.0,0.045,0.069,0.0,0.0,0.0,15.496,14.569,15.569,14.293,13.563,2.503,,,,,,,,,,,,,,,,,,
8484388,D. But,UTA,W,4,29,33,2026-10-06,0.25,0.25,0.103,0.121,0.2,0.1,0.367,0.0,0.138,0.121,0.0,0.0,0.271,0.25,0.241,0.242,0.2,0.1,0.512,0.25,1.483,1.333,0.2,0.9,1.084,0.25,0.621,0.576,0.2,0.3,0.571,2.25,0.552,0.758,1.8,1.2,1.222,0.0,0.276,0.242,0.0,0.0,0.65,0.0,0.034,0.03,0.0,0.0,0.196,11.171,12.47,12.312,10.763,11.388,1.375,,,,,,,,,,,,,,,,,,
8484390,R. Kantserov,CHI,W,4,0,4,2026-10-06,1.0,0.0,,0.0,0.0,0.0,0.0,0.0,,0.0,0.0,0.0,0.0,0.0,,0.0,0.0,0.0,0.0,0.75,,0.75,0.75,0.75,0.829,0.25,,0.25,0.25,0.25,0.433,1.5,,1.5,1.5,1.5,1.118,0.5,,0.5,0.5,0.5,0.866,0.0,,0.0,0.0,0.0,0.0,18.279,,18.279,18.279,18.279,1.568,,,,,,,,,,,,,,,,,,
8484392,F. Unger Sorum,CAR,W,0,1,1,2026-04-14,1.0,,0.0,0.0,0.0,0.0,,,1.0,1.0,1.0,1.0,,,1.0,1.0,1.0,1.0,,,0.0,0.0,0.0,0.0,,,1.0,1.0,1.0,1.0,,,0.0,0.0,0.0,0.0,,,0.0,0.0,0.0,0.0,,,0.0,0.0,0.0,0.0,,,14.583,14.583,14.583,14.583,,,,,,,,,,,,,,,,,,,
8484403,F. Xhekaj,MTL,W,1,5,6,2026-10-06,0.0,0.0,0.0,0.0,0.0,0.0,0.0,0.0,0.2,0.167,0.0,0.167,0.373,0.0,0.2,0.167,0.0,0.167,0.373,1.0,0.8,0.833,0.6,0.833,0.687,0.0,0.8,0.667,0.6,0.667,0.471,3.0,1.8,2.0,1.8,2.0,1.155,0.0,1.4,1.167,0.0,1.167,2.609,0.0,0.0,0.0,0.0,0.0,0.0,8.8,9.597,9.464,9.397,9.464,1.133,,,,,,,,,,,,,,,,,,
8484406,T. Mueller,VAN,C,0,6,8,2026-04-16,0.25,,0.167,0.125,0.2,0.125,0.331,,0.0,0.0,0.0,0.0,0.0,,0.167,0.125,0.2,0.125,0.331,,0.333,0.375,0.4,0.375,0.484,,0.667,1.0,0.8,1.0,0.866,,0.833,0.75,0.8,0.75,0.433,,0.333,0.5,0.4,0.5,0.866,,0.0,0.0,0.0,0.0,0.0,,10.856,10.715,11.043,10.715,1.413,,,,,,,,,,,,,,,,,,
8484428,C. Legault,CAR,D,2,12,14,2026-10-02,0.5,0.0,0.083,0.071,0.0,0.1,0.258,0.0,0.083,0.071,0.0,0.1,0.258,0.0,0.167,0.143,0.0,0.2,0.515,1.0,1.0,1.0,0.6,0.8,0.756,1.0,0.833,0.857,1.2,0.8,0.833,1.5,1.083,1.143,1.0,1.2,0.742,6.0,1.25,1.929,3.4,2.3,3.217,0.0,0.0,0.0,0.0,0.0,0.0,11.892,14.294,13.951,14.49,14.4,3.507,,,,,,,,,,,,,,,,,,
8484471,E. Finnie,DET,C,3,82,85,2026-10-06,1.0,0.333,0.159,0.165,0.2,0.2,0.4,0.0,0.207,0.2,0.0,0.2,0.4,0.333,0.366,0.365,0.2,0.4,0.566,1.667,1.463,1.471,1.2,1.1,1.2,0.333,0.5,0.494,0.2,0.2,0.637,1.667,1.598,1.6,1.4,2.3,1.575,0.0,0.073,0.071,0.0,0.0,0.0,0.0,0.049,0.047,0.0,0.0,0.0,16.539,15.5,15.537,16.46,16.525,1.83,,,,,,,,,,,,,,,,,,
8484509,J. Samanski,EDM,C,2,29,31,2026-10-03,0.0,0.0,0.103,0.097,0.0,0.2,0.325,0.0,0.103,0.097,0.2,0.1,0.196,0.0,0.207,0.194,0.2,0.3,0.367,0.0,0.379,0.355,0.0,0.5,0.625,0.0,0.483,0.452,0.0,0.5,0.898,0.5,1.069,1.032,0.4,1.0,0.824,0.0,0.345,0.323,0.4,0.4,0.8,0.0,0.0,0.0,0.0,0.0,0.0,7.492,10.286,10.105,7.397,9.848,2.151,,,,,,,,,,,,,,,,,,
8484529,C. Clattenburg,EDM,C,0,5,5,2025-12-04,0.2,,0.2,0.2,0.2,0.2,0.4,,0.0,0.0,0.0,0.0,0.0,,0.2,0.2,0.2,0.2,0.4,,0.6,0.6,0.6,0.6,0.8,,0.6,0.6,0.6,0.6,0.49,,3.4,3.4,3.4,3.4,2.577,,2.6,2.6,2.6,2.6,2.332,,0.0,0.0,0.0,0.0,0.0,,7.207,7.207,7.207,7.207,2.947,,,,,,,,,,,,,,,,,,
8484620,T. Palmer,EDM,G,0,0,1,2025-01-27,0.0,,,,,,,,,,,,,,,,,,,,,,,,,,,,,,,,,,,,,,,0.0,0.0,0.0,,,,,,,,,,0.0,0.0,0.0,,,,0.0,0.0,0.0,,,,0.0,0.0,0.0,,,,0.0,0.0,0.0,
8484759,C. Yakemchuk,OTT,D,3,5,8,2026-10-06,1.0,0.0,0.2,0.125,0.0,0.125,0.331,0.333,0.6,0.5,0.6,0.5,0.707,0.333,0.8,0.625,0.6,0.625,0.857,1.333,1.6,1.5,1.6,1.5,0.866,0.667,0.8,0.75,0.6,0.75,0.829,0.0,0.0,0.0,0.0,0.0,0.0,0.0,0.4,0.25,0.0,0.25,0.661,0.0,0.0,0.0,0.0,0.0,0.0,16.639,15.54,15.952,16.637,15.952,2.268,,,,,,,,,,,,,,,,,,
8484762,B. Sennecke,ANA,W,2,94,96,2026-10-04,1.0,0.5,0.298,0.302,0.6,0.5,0.466,0.5,0.404,0.406,0.4,0.2,0.49,1.0,0.702,0.708,1.0,0.7,0.64,2.0,2.457,2.448,3.0,2.3,1.651,1.5,0.287,0.312,0.6,0.4,0.733,1.0,1.191,1.188,1.2,0.8,1.155,0.0,0.702,0.688,0.4,0.2,0.933,0.0,0.032,0.031,0.4,0.2,0.271,19.9,17.384,17.436,19.99,17.462,3.32,,,,,,,,,,,,,,,,,,
8484768,Z. Parekh,CGY,D,3,37,41,2026-10-04,1.0,0.0,0.108,0.122,0.2,0.2,0.367,0.333,0.135,0.146,0.2,0.2,0.4,0.333,0.243,0.268,0.4,0.4,0.557,2.333,1.324,1.415,2.2,2.3,1.477,1.0,0.811,0.829,1.0,1.2,0.871,0.667,0.405,0.439,1.0,0.6,0.7,0.667,0.216,0.293,0.4,0.2,0.98,0.0,0.081,0.073,0.0,0.1,0.325,18.589,17.143,17.331,20.057,19.88,2.178,,,,,,,,,,,,,,,,,,
8484779,J. Luchanko,PHI,C,0,5,9,2026-05-09,0.56,,0.0,0.0,0.0,0.0,0.0,,0.0,0.0,0.0,0.0,0.0,,0.0,0.0,0.0,0.0,0.0,,0.2,0.444,0.2,0.444,0.685,,0.8,0.444,0.8,0.444,0.685,,0.8,1.111,0.8,1.111,0.994,,0.4,0.444,0.4,0.444,0.831,,0.0,0.0,0.0,0.0,0.0,,9.677,11.622,9.677,11.622,2.837,,,,,,,,,,,,,,,,,,
8484783,A. Levshunov,CHI,D,4,68,90,2026-10-06,1.0,0.0,0.029,0.022,0.0,0.0,0.0,0.25,0.324,0.322,0.2,0.1,0.367,0.25,0.353,0.344,0.2,0.1,0.367,1.25,1.235,1.222,2.0,1.5,1.183,0.75,1.103,1.089,1.2,1.2,0.991,0.5,1.441,1.322,0.8,2.0,1.433,0.5,0.647,0.6,0.4,0.8,1.061,0.0,0.015,0.011,0.0,0.0,0.0,20.438,19.579,19.765,20.86,21.602,2.523,,,,,,,,,,,,,,,,,,
8484786,C. Beaudoin,NYR,C,1,0,1,2026-10-06,0.0,0.0,,0.0,0.0,0.0,,0.0,,0.0,0.0,0.0,,0.0,,0.0,0.0,0.0,,0.0,,0.0,0.0,0.0,,1.0,,1.0,1.0,1.0,,3.0,,3.0,3.0,3.0,,2.0,,2.0,2.0,2.0,,0.0,,0.0,0.0,0.0,,9.95,,9.95,9.95,9.95,,,,,,,,,,,,,,,,,,,
8484790,A. Jiricek,STL,D,3,0,3,2026-10-06,1.0,0.0,,0.0,0.0,0.0,0.0,0.0,,0.0,0.0,0.0,0.0,0.0,,0.0,0.0,0.0,0.0,1.667,,1.667,1.667,1.667,0.471,1.0,,1.0,1.0,1.0,0.0,1.333,,1.333,1.333,1.333,0.471,0.0,,0.0,0.0,0.0,0.0,0.0,,0.0,0.0,0.0,0.0,18.167,,18.167,18.167,18.167,1.279,,,,,,,,,,,,,,,,,,
8484793,S. Boisvert,CHI,C,0,7,7,2026-04-11,0.0,,0.143,0.143,0.2,0.143,0.35,,0.143,0.143,0.2,0.143,0.35,,0.286,0.286,0.4,0.286,0.452,,0.857,0.857,1.0,0.857,0.833,,0.143,0.143,0.2,0.143,0.35,,1.286,1.286,1.2,1.286,0.7,,1.286,1.286,0.0,1.286,2.433,,0.0,0.0,0.0,0.0,0.0,,9.245,9.245,9.117,9.245,1.445,,,,,,,,,,,,,,,,,,
8484794,M. Brandsegg-Nygård,DET,W,3,14,17,2026-10-06,0.67,0.0,0.0,0.0,0.0,0.0,0.0,0.333,0.071,0.118,0.2,0.2,0.322,0.333,0.071,0.118,0.2,0.2,0.322,3.333,1.429,1.765,2.6,1.7,1.591,0.0,0.214,0.176,0.0,0.0,0.381,3.667,3.071,3.176,3.6,3.3,1.617,0.0,0.143,0.118,0.0,0.0,0.471,0.0,0.0,0.0,0.0,0.0,0.0,13.939,12.517,12.768,13.927,12.375,2.77,,,,,,,,,,,,,,,,,,
8484797,K. Helenius,BUF,C,3,13,16,2026-10-06,1.0,0.333,0.231,0.25,0.4,0.3,0.433,0.0,0.231,0.188,0.0,0.0,0.527,0.333,0.462,0.438,0.4,0.3,0.788,1.667,1.923,1.875,2.0,1.9,1.166,0.0,0.538,0.438,0.6,0.5,0.609,1.333,1.154,1.188,1.4,1.4,1.014,0.0,0.0,0.0,0.0,0.0,0.0,0.0,0.0,0.0,0.0,0.0,0.0,14.272,12.39,12.743,14.407,12.842,2.364,,,,,,,,,,,,,,,,,,
8484798,Z. Buium,VAN,D,4,76,84,2026-10-04,1.0,0.0,0.079,0.071,0.0,0.1,0.196,0.0,0.263,0.25,0.0,0.1,0.4,0.0,0.342,0.321,0.0,0.2,0.427,1.25,0.961,0.952,1.0,1.2,1.058,1.25,0.724,0.726,1.6,1.4,0.98,0.0,0.368,0.369,0.0,0.2,0.755,0.0,0.539,0.536,0.8,0.6,3.393,0.0,0.039,0.036,0.0,0.0,0.0,21.667,19.577,19.391,21.66,21.895,2.67,,,,,,,,,,,,,,,,,,
8484800,B. Catton,SEA,C,4,66,70,2026-10-06,1.0,0.25,0.106,0.114,0.2,0.2,0.325,0.25,0.152,0.157,0.2,0.1,0.4,0.5,0.258,0.271,0.4,0.3,0.614,1.75,1.182,1.214,1.4,1.3,1.136,0.25,0.455,0.443,0.2,0.5,0.546,0.0,0.121,0.114,0.2,0.1,0.325,0.0,0.47,0.443,0.4,0.2,1.3,0.0,0.015,0.014,0.0,0.0,0.0,15.733,12.936,13.095,15.29,13.952,2.997,,,,,,,,,,,,,,,,,,
8484801,M. Celebrini,SJ,C,2,82,154,2026-10-03,1.0,0.0,0.549,0.455,0.6,0.5,0.748,2.5,0.854,0.734,1.4,1.0,0.873,2.5,1.402,1.188,2.0,1.5,1.157,4.5,3.5,3.455,3.4,3.6,1.552,1.5,0.646,0.708,0.8,0.9,0.826,0.0,0.646,0.584,0.2,0.7,0.924,1.0,0.537,0.481,0.4,0.6,0.854,0.0,0.098,0.104,0.0,0.1,0.325,22.325,21.316,20.635,19.56,20.982,2.036,,,,,,,,,,,,,,,,,,
8484803,T. Connelly,VGK,W,4,0,4,2026-10-06,0.25,0.25,,0.25,0.25,0.25,0.433,0.25,,0.25,0.25,0.25,0.433,0.5,,0.5,0.5,0.5,0.5,1.5,,1.5,1.5,1.5,1.658,0.25,,0.25,0.25,0.25,0.433,0.5,,0.5,0.5,0.5,0.5,0.0,,0.0,0.0,0.0,0.0,0.0,,0.0,0.0,0.0,0.0,11.483,,11.483,11.483,11.483,0.676,,,,,,,,,,,,,,,,,,
8484806,S. Dickinson,SJ,D,1,72,73,2026-10-05,1.0,0.0,0.014,0.014,0.0,0.0,0.0,0.0,0.181,0.178,0.2,0.1,0.367,0.0,0.194,0.192,0.2,0.1,0.367,1.0,1.0,1.0,0.4,0.7,0.894,1.0,0.972,0.973,0.8,0.8,1.148,1.0,1.028,1.027,1.6,1.0,0.894,2.0,0.306,0.329,0.8,0.6,0.733,0.0,0.0,0.0,0.0,0.0,0.0,16.467,16.756,16.752,18.19,17.818,2.205,,,,,,,,,,,,,,,,,,
8484821,S. Morton,CGY,C,0,3,4,2025-11-22,0.25,,0.0,0.25,0.25,0.25,0.433,,0.0,0.0,0.0,0.0,0.0,,0.0,0.25,0.25,0.25,0.433,,1.0,1.0,1.0,1.0,0.707,,0.333,0.5,0.5,0.5,0.5,,3.0,3.25,3.25,3.25,1.299,,3.333,2.5,2.5,2.5,4.33,,0.0,0.0,0.0,0.0,0.0,,9.333,10.104,10.104,10.104,2.202,,,,,,,,,,,,,,,,,,
8484829,J. Hryckowian,DAL,C,3,87,95,2026-10-05,1.0,0.0,0.161,0.147,0.0,0.1,0.367,0.0,0.195,0.189,0.0,0.2,0.367,0.0,0.356,0.337,0.0,0.3,0.546,0.667,1.011,0.979,1.2,0.9,1.183,0.667,0.575,0.547,0.8,0.8,0.796,1.333,1.621,1.611,2.2,2.8,1.713,0.0,0.494,0.453,0.0,0.0,0.0,0.0,0.023,0.021,0.0,0.0,0.0,15.978,13.495,13.278,15.597,16.203,1.795,,,,,,,,,,,,,,,,,,
8484839,H. Brunicke,PIT,D,0,9,9,2025-11-03,1.0,,0.111,0.111,0.0,0.111,0.314,,0.0,0.0,0.0,0.0,0.0,,0.111,0.111,0.0,0.111,0.314,,0.889,0.889,0.8,0.889,0.994,,1.444,1.444,2.0,1.444,1.641,,0.444,0.444,0.6,0.444,0.685,,0.667,0.667,0.4,0.667,0.943,,0.0,0.0,0.0,0.0,0.0,,15.715,15.715,15.563,15.715,1.829,,,,,,,,,,,,,,,,,,
8484860,M. Gridin,CGY,W,3,37,40,2026-10-04,1.0,0.0,0.162,0.15,0.0,0.1,0.325,0.333,0.378,0.375,0.4,0.5,0.5,0.333,0.541,0.525,0.4,0.6,0.566,1.667,1.892,1.875,1.4,1.8,1.2,0.667,0.757,0.75,0.6,0.8,0.748,0.333,0.297,0.3,0.4,0.3,0.427,0.667,0.054,0.1,0.4,0.2,0.543,0.0,0.027,0.025,0.0,0.0,0.0,14.456,15.164,15.111,15.597,16.412,2.333,,,,,,,,,,,,,,,,,,
8484873,C. Hutson,WSH,D,2,14,16,2026-10-03,1.0,0.5,0.214,0.25,0.2,0.3,0.433,0.0,0.5,0.438,0.4,0.3,0.704,0.5,0.714,0.688,0.6,0.6,0.682,2.0,1.571,1.625,1.4,1.8,1.798,1.5,0.429,0.562,1.0,0.9,0.609,0.5,1.143,1.062,1.2,0.9,1.298,2.0,0.571,0.75,0.8,1.0,1.392,0.0,0.071,0.062,0.0,0.0,0.242,19.092,17.457,17.661,18.887,17.988,2.447,,,,,,,,,,,,,,,,,,
8484887,G. Carriere,SJ,G,0,0,1,2025-04-03,0.0,,,,,,,,,,,,,,,,,,,,,,,,,,,,,,,,,,,,,,,0.0,0.0,0.0,,,,,,,,,,0.0,0.0,0.0,,,,0.0,0.0,0.0,,,,0.0,0.0,0.0,,,,0.0,0.0,0.0,
8484901,J. Quillan,TOR,C,0,23,24,2026-04-15,0.25,,0.043,0.042,0.2,0.1,0.2,,0.087,0.083,0.2,0.2,0.276,,0.13,0.125,0.4,0.3,0.331,,0.609,0.583,0.8,0.7,0.702,,0.565,0.542,0.4,0.6,0.706,,2.0,1.958,3.4,2.2,1.338,,0.087,0.083,0.0,0.0,0.4,,0.0,0.0,0.0,0.0,0.0,,10.27,10.065,12.107,11.875,2.369,,,,,,,,,,,,,,,,,,
8484910,V. Ostman,SEA,G,0,4,5,2026-04-16,0.4,,,,,,,,,,,,,,,,,,,,,,,,,,,,,,,,,,,,,,0.0,0.0,0.0,0.0,0.0,,,,,,,,14.292,15.433,15.433,15.433,22.258,,8.25,9.0,9.0,9.0,12.869,,0.5,0.4,0.4,0.4,0.8,,8.75,9.4,9.4,9.4,13.618
8484911,C. Graf,SJ,W,3,81,117,2026-10-05,1.0,0.0,0.259,0.222,0.2,0.1,0.4,0.0,0.309,0.265,0.0,0.2,0.512,0.0,0.568,0.487,0.2,0.3,0.697,0.333,1.457,1.359,0.8,0.8,1.406,0.667,0.593,0.556,0.4,0.3,0.566,2.0,1.086,0.974,1.8,1.8,1.02,2.333,0.148,0.231,1.4,0.9,1.17,0.0,0.0,0.009,0.0,0.0,0.0,15.406,16.443,16.252,15.837,16.547,2.356,,,,,,,,,,,,,,,,,,
8484929,J. Jaaska,CAR,W,0,0,18,2025-03-22,0.06,,,0.0,0.0,0.0,0.0,,,0.222,0.6,0.3,0.533,,,0.222,0.6,0.3,0.533,,,0.611,0.2,0.7,0.826,,,0.167,0.0,0.0,0.5,,,1.111,1.0,1.0,0.936,,,0.5,1.0,0.5,1.258,,,0.0,0.0,0.0,0.0,,,8.929,8.827,8.757,1.521,,,,,,,,,,,,,,,,,,
8484933,M. Hovorka,FLA,D,0,4,4,2026-04-15,0.5,,0.0,0.0,0.0,0.0,0.0,,0.25,0.25,0.25,0.25,0.433,,0.25,0.25,0.25,0.25,0.433,,0.75,0.75,0.75,0.75,1.299,,0.5,0.5,0.5,0.5,0.5,,0.75,0.75,0.75,0.75,1.299,,0.0,0.0,0.0,0.0,0.0,,0.0,0.0,0.0,0.0,0.0,,14.908,14.908,14.908,14.908,3.644,,,,,,,,,,,,,,,,,,
8484938,A. Hyry,DAL,W,3,24,32,2026-10-05,1.0,0.0,0.125,0.094,0.0,0.1,0.325,0.0,0.083,0.094,0.0,0.0,0.271,0.0,0.208,0.188,0.0,0.1,0.49,1.0,1.125,1.094,0.6,0.8,1.148,0.0,0.333,0.344,0.0,0.4,0.466,2.667,1.625,1.594,1.8,1.8,1.296,2.333,0.083,0.281,1.4,0.9,1.091,0.0,0.0,0.0,0.0,0.0,0.0,14.178,12.02,11.764,12.333,13.412,3.07,,,,,,,,,,,,,,,,,,
8484958,M. Tsyplakov,CGY,W,3,49,129,2026-10-04,0.67,0.0,0.041,0.093,0.0,0.0,0.196,0.0,0.041,0.209,0.0,0.0,0.196,0.0,0.082,0.302,0.0,0.0,0.271,0.333,0.857,1.233,0.4,0.7,0.88,0.0,0.163,0.372,0.0,0.1,0.367,3.0,1.694,1.798,2.0,2.0,1.666,0.0,0.122,0.349,0.0,0.0,0.0,0.0,0.0,0.008,0.0,0.0,0.0,12.089,9.121,12.679,10.833,9.575,1.907,,,,,,,,,,,,,,,,,,
8484976,J. Innala,COL,W,0,0,17,2025-04-13,0.0,,,0.0,0.0,0.0,0.0,,,0.0,0.0,0.0,0.0,,,0.0,0.0,0.0,0.0,,,0.471,1.0,0.7,0.776,,,0.353,0.4,0.4,0.681,,,1.176,1.0,0.7,0.923,,,0.118,0.0,0.0,0.471,,,0.0,0.0,0.0,0.0,,,7.15,7.123,7.068,1.662,,,,,,,,,,,,,,,,,,
8484984,I. Demidov,MTL,W,2,101,110,2026-10-03,1.0,0.5,0.218,0.218,0.2,0.4,0.4,0.5,0.485,0.482,0.4,0.3,0.449,1.0,0.703,0.7,0.6,0.7,0.64,2.0,1.604,1.573,1.2,2.0,1.592,0.0,0.347,0.336,0.2,0.3,0.49,1.5,0.475,0.555,0.8,1.1,0.891,1.0,0.396,0.382,0.4,0.2,1.024,0.0,0.089,0.082,0.0,0.2,0.325,15.617,15.789,15.688,18.16,17.305,2.943,,,,,,,,,,,,,,,,,,
8484994,I. Chernyshov,SJ,W,3,28,31,2026-10-05,1.0,0.667,0.321,0.355,0.6,0.6,0.686,0.333,0.357,0.355,0.2,0.2,0.531,1.0,0.679,0.71,0.8,0.8,0.933,1.0,1.643,1.581,1.0,1.5,1.162,0.667,0.464,0.484,0.6,0.8,0.755,0.0,0.607,0.548,0.0,0.5,0.889,0.0,0.214,0.194,0.4,0.2,0.65,0.0,0.107,0.097,0.2,0.2,0.271,14.55,15.058,15.009,14.917,14.672,3.437,,,,,,,,,,,,,,,,,,
8484999,I. Protas,WSH,W,2,4,6,2026-10-03,0.0,0.0,0.25,0.167,0.2,0.167,0.373,0.5,0.75,0.667,0.6,0.667,0.745,0.5,1.0,0.833,0.8,0.833,1.067,0.0,1.75,1.167,1.4,1.167,1.344,0.5,0.5,0.5,0.4,0.5,0.5,0.0,0.0,0.0,0.0,0.0,0.0,0.0,0.5,0.333,0.0,0.333,0.745,0.0,0.25,0.167,0.2,0.167,0.373,10.725,15.892,14.169,13.88,14.169,2.486,,,,,,,,,,,,,,,,,,
8485105,N. Prishchepov,COL,C,0,0,10,2024-12-08,0.1,,,0.0,0.0,0.0,0.0,,,0.0,0.0,0.0,0.0,,,0.0,0.0,0.0,0.0,,,0.4,0.2,0.4,0.663,,,0.2,0.2,0.2,0.4,,,1.0,0.4,1.0,1.0,,,0.0,0.0,0.0,0.0,,,0.0,0.0,0.0,0.0,,,6.367,4.86,6.367,2.722,,,,,,,,,,,,,,,,,,
8485251,K. Uchacz,VGK,C,0,3,3,2026-02-25,0.67,,0.0,0.0,0.0,0.0,0.0,,0.0,0.0,0.0,0.0,0.0,,0.0,0.0,0.0,0.0,0.0,,0.667,0.667,0.667,0.667,0.471,,1.0,1.0,1.0,1.0,0.816,,2.333,2.333,2.333,2.333,1.886,,1.667,1.667,1.667,1.667,2.357,,0.0,0.0,0.0,0.0,0.0,,12.183,12.183,12.183,12.183,0.339,,,,,,,,,,,,,,,,,,
8485366,M. Schaefer,NYI,D,3,82,85,2026-10-06,1.0,0.0,0.28,0.271,0.0,0.1,0.49,0.667,0.439,0.447,0.4,0.4,0.693,0.667,0.72,0.718,0.4,0.5,0.8,2.333,2.707,2.694,3.2,3.0,1.5,0.667,1.354,1.329,0.8,1.2,1.085,0.333,0.488,0.482,0.2,0.5,0.697,0.667,0.463,0.471,0.8,0.4,0.854,0.0,0.098,0.094,0.0,0.0,0.196,24.456,24.683,24.675,25.12,26.093,2.804,,,,,,,,,,,,,,,,,,
8485385,B. Cootes,VAN,C,0,3,3,2025-10-13,0.0,,0.0,0.0,0.0,0.0,0.0,,0.0,0.0,0.0,0.0,0.0,,0.0,0.0,0.0,0.0,0.0,,0.0,0.0,0.0,0.0,0.0,,0.333,0.333,0.333,0.333,0.471,,1.0,1.0,1.0,1.0,0.0,,0.0,0.0,0.0,0.0,0.0,,0.0,0.0,0.0,0.0,0.0,,10.778,10.778,10.778,10.778,0.633,,,,,,,,,,,,,,,,,,
8485388,V. Eklund,NYI,W,3,1,4,2026-10-06,0.67,0.333,0.0,0.25,0.25,0.25,0.433,0.333,1.0,0.5,0.5,0.5,0.5,0.667,1.0,0.75,0.75,0.75,0.829,1.667,2.0,1.75,1.75,1.75,0.433,0.333,0.0,0.25,0.25,0.25,0.433,1.333,2.0,1.5,1.5,1.5,0.5,2.0,0.0,1.5,1.5,1.5,0.866,0.0,0.0,0.0,0.0,0.0,0.0,13.172,15.5,13.754,13.754,13.754,1.527,,,,,,,,,,,,,,,,,,
8485391,A. Frondell,CHI,C,4,12,16,2026-10-06,1.0,0.25,0.25,0.25,0.2,0.3,0.559,0.75,0.5,0.562,0.6,0.5,0.704,1.0,0.75,0.812,0.8,0.8,0.808,1.5,3.0,2.625,1.4,2.8,1.691,0.25,1.083,0.875,0.6,0.8,0.781,1.25,0.667,0.812,1.0,0.8,0.634,0.0,0.333,0.25,0.0,0.2,0.661,0.0,0.0,0.0,0.0,0.0,0.0,17.638,17.693,17.679,16.757,17.815,1.823,,,,,,,,,,,,,,,,,,
8485395,J. Hagens,BOS,C,4,5,9,2026-10-05,1.0,0.5,0.0,0.222,0.4,0.222,0.416,0.0,0.2,0.111,0.0,0.111,0.314,0.5,0.2,0.333,0.4,0.333,0.471,1.75,1.0,1.333,1.6,1.333,0.667,0.75,0.2,0.444,0.6,0.444,0.685,1.0,1.0,1.0,0.8,1.0,0.943,0.5,0.8,0.667,0.4,0.667,0.943,0.0,0.0,0.0,0.0,0.0,0.0,13.829,12.32,12.991,13.04,12.991,1.748,,,,,,,,,,,,,,,,,,
8485402,M. Misa,SJ,C,3,45,48,2026-10-05,0.67,0.0,0.2,0.188,0.4,0.2,0.367,0.333,0.267,0.271,0.2,0.3,0.4,0.333,0.467,0.458,0.6,0.5,0.557,1.333,1.289,1.292,2.2,1.6,1.312,0.333,0.511,0.5,0.4,0.6,0.64,0.667,0.311,0.333,0.6,0.3,0.676,0.0,0.222,0.208,0.0,0.2,0.65,0.0,0.044,0.042,0.2,0.1,0.196,13.722,12.811,12.868,13.87,13.025,1.711,,,,,,,,,,,,,,,,,,
8485405,B. Martin,NSH,C,0,3,3,2025-10-21,0.33,,0.0,0.0,0.0,0.0,0.0,,0.333,0.333,0.333,0.333,0.471,,0.333,0.333,0.333,0.333,0.471,,0.667,0.667,0.667,0.667,0.943,,0.667,0.667,0.667,0.667,0.471,,0.0,0.0,0.0,0.0,0.0,,0.0,0.0,0.0,0.0,0.0,,0.0,0.0,0.0,0.0,0.0,,11.417,11.417,11.417,11.417,0.934,,,,,,,,,,,,,,,,,,
8485406,P. Martone,PHI,W,4,19,23,2026-10-05,0.75,0.0,0.316,0.261,0.0,0.0,0.439,0.0,0.474,0.391,0.2,0.2,0.488,0.0,0.789,0.652,0.2,0.2,0.698,0.5,2.895,2.478,1.4,1.3,2.282,0.0,0.316,0.261,0.2,0.1,0.529,0.75,2.579,2.261,1.0,2.1,1.7,0.5,0.632,0.609,0.8,0.6,0.92,0.0,0.105,0.087,0.0,0.0,0.282,13.042,16.916,16.242,13.957,15.525,2.174,,,,,,,,,,,,,,,,,,
8485414,B. Kindel,PIT,C,2,83,85,2026-10-05,1.0,1.0,0.205,0.224,0.4,0.2,0.367,0.5,0.217,0.224,0.2,0.2,0.367,1.5,0.422,0.447,0.6,0.4,0.546,3.5,1.928,1.965,2.4,1.8,1.323,0.0,0.771,0.753,1.2,0.6,0.882,1.5,0.482,0.506,1.8,1.3,0.917,0.0,0.217,0.212,0.0,0.0,0.0,0.5,0.048,0.059,0.2,0.1,0.196,16.458,14.922,14.958,14.893,14.443,2.195,,,,,,,,,,,,,,,,,,
8485465,O. Say,CGY,G,0,1,1,2026-01-05,0.0,,,,,,,,,,,,,,,,,,,,,,,,,,,,,,,,,,,,,,0.0,0.0,0.0,0.0,,,,,,,,,0.0,0.0,0.0,0.0,,,0.0,0.0,0.0,0.0,,,0.0,0.0,0.0,0.0,,,0.0,0.0,0.0,0.0,
8485467,L. Haymes,TOR,C,0,4,4,2026-04-15,1.0,,0.0,0.0,0.0,0.0,0.0,,0.25,0.25,0.25,0.25,0.433,,0.25,0.25,0.25,0.25,0.433,,0.75,0.75,0.75,0.75,0.433,,0.5,0.5,0.5,0.5,0.5,,0.75,0.75,0.75,0.75,0.829,,0.5,0.5,0.5,0.5,0.866,,0.0,0.0,0.0,0.0,0.0,,13.554,13.554,13.554,13.554,1.176,,,,,,,,,,,,,,,,,,
8485469,J. Williams,CBJ,W,0,0,1,2025-04-17,0.0,,,0.0,0.0,0.0,,,,0.0,0.0,0.0,,,,0.0,0.0,0.0,,,,0.0,0.0,0.0,,,,1.0,1.0,1.0,,,,0.0,0.0,0.0,,,,0.0,0.0,0.0,,,,0.0,0.0,0.0,,,,11.15,11.15,11.15,,,,,,,,,,,,,,,,,,,
8485473,I. Posch,COL,G,0,1,1,2026-01-25,0.0,,,,,,,,,,,,,,,,,,,,,,,,,,,,,,,,,,,,,,0.0,0.0,0.0,0.0,,,,,,,,,0.0,0.0,0.0,0.0,,,0.0,0.0,0.0,0.0,,,0.0,0.0,0.0,0.0,,,0.0,0.0,0.0,0.0,
8485483,K. Dorwart,PHI,W,0,0,5,2025-04-15,0.2,,,0.0,0.0,0.0,0.0,,,0.0,0.0,0.0,0.0,,,0.0,0.0,0.0,0.0,,,0.8,0.8,0.8,0.748,,,0.4,0.4,0.4,0.49,,,1.8,1.8,1.8,1.166,,,0.4,0.4,0.4,0.8,,,0.0,0.0,0.0,0.0,,,10.98,10.98,10.98,0.687,,,,,,,,,,,,,,,,,,
8485493,D. Tomasek,EDM,W,0,22,22,2025-12-13,0.41,,0.136,0.136,0.2,0.2,0.343,,0.091,0.091,0.0,0.0,0.287,,0.227,0.227,0.2,0.2,0.419,,1.364,1.364,1.4,1.0,1.298,,0.273,0.273,0.6,0.5,0.445,,0.773,0.773,0.6,0.8,0.901,,0.455,0.455,0.4,0.4,1.033,,0.0,0.0,0.0,0.0,0.0,,10.758,10.758,10.19,9.467,2.908,,,,,,,,,,,,,,,,,,
8485511,Q. Hutson,EDM,W,0,4,6,2026-01-03,0.33,,0.25,0.167,0.2,0.167,0.373,,0.0,0.0,0.0,0.0,0.0,,0.25,0.167,0.2,0.167,0.373,,0.75,0.667,0.6,0.667,0.471,,0.25,0.167,0.2,0.167,0.373,,0.0,0.0,0.0,0.0,0.0,,0.0,0.333,0.4,0.333,0.745,,0.0,0.0,0.0,0.0,0.0,,7.996,9.806,8.877,9.806,2.834,,,,,,,,,,,,,,,,,,
8485512,T. Washe,ANA,C,2,51,55,2026-10-04,1.0,0.0,0.039,0.036,0.0,0.0,0.0,0.5,0.078,0.091,0.2,0.1,0.271,0.5,0.118,0.127,0.2,0.1,0.271,0.5,0.765,0.764,0.6,0.4,0.753,1.0,0.667,0.655,1.2,0.7,0.693,2.0,2.725,2.673,3.6,4.2,1.8,0.0,0.353,0.327,0.0,0.4,0.65,0.0,0.0,0.0,0.0,0.0,0.0,16.225,12.444,12.41,16.03,14.363,2.292,,,,,,,,,,,,,,,,,,
8485545,M. Postava,DET,G,0,1,1,2026-03-27,0.0,,,,,,,,,,,,,,,,,,,,,,,,,,,,,,,,,,,,,,0.0,0.0,0.0,0.0,,,,,,,,,0.0,0.0,0.0,0.0,,,0.0,0.0,0.0,0.0,,,0.0,0.0,0.0,0.0,,,0.0,0.0,0.0,0.0,
8485702,M. Shabanov,MIN,W,3,44,47,2026-10-06,1.0,0.333,0.114,0.128,0.4,0.2,0.325,0.333,0.295,0.298,0.4,0.3,0.531,0.667,0.409,0.426,0.8,0.5,0.566,0.667,1.273,1.234,0.8,1.3,1.07,0.667,0.364,0.383,0.8,0.6,0.637,1.333,0.614,0.66,1.4,0.8,0.849,0.0,0.045,0.043,0.0,0.0,0.0,0.0,0.0,0.0,0.0,0.0,0.0,15.856,13.683,13.822,14.8,12.835,2.545,,,,,,,,,,,,,,,,,,
8485729,S. Berezhnoy,CHI,G,0,1,1,2026-01-10,0.0,,,,,,,,,,,,,,,,,,,,,,,,,,,,,,,,,,,,,,0.0,0.0,0.0,0.0,,,,,,,,,0.0,0.0,0.0,0.0,,,0.0,0.0,0.0,0.0,,,0.0,0.0,0.0,0.0,,,0.0,0.0,0.0,0.0,
8485907,C. McIntyre,UTA,G,0,1,1,2025-12-23,0.0,,,,,,,,,,,,,,,,,,,,,,,,,,,,,,,,,,,,,,0.0,0.0,0.0,0.0,,,,,,,,,0.0,0.0,0.0,0.0,,,0.0,0.0,0.0,0.0,,,0.0,0.0,0.0,0.0,,,0.0,0.0,0.0,0.0,
8485957,A. Smits,NYR,D,5,0,5,2026-10-06,0.8,0.0,,0.0,0.0,0.0,0.0,0.0,,0.0,0.0,0.0,0.0,0.0,,0.0,0.0,0.0,0.0,0.2,,0.2,0.2,0.2,0.4,1.0,,1.0,1.0,1.0,0.632,0.8,,0.8,0.8,0.8,0.748,0.8,,0.8,0.8,0.8,0.98,0.0,,0.0,0.0,0.0,0.0,14.827,,14.827,14.827,14.827,1.926,,,,,,,,,,,,,,,,,,
8486025,V. Björck,WPG,C,3,0,3,2026-10-05,1.0,0.0,,0.0,0.0,0.0,0.0,0.0,,0.0,0.0,0.0,0.0,0.0,,0.0,0.0,0.0,0.0,1.333,,1.333,1.333,1.333,0.471,0.0,,0.0,0.0,0.0,0.0,0.0,,0.0,0.0,0.0,0.0,0.667,,0.667,0.667,0.667,0.943,0.0,,0.0,0.0,0.0,0.0,14.183,,14.183,14.183,14.183,1.074,,,,,,,,,,,,,,,,,,
8486056,T. Gross,CGY,C,0,6,6,2026-04-14,0.17,,0.167,0.167,0.2,0.167,0.373,,0.0,0.0,0.0,0.0,0.0,,0.167,0.167,0.2,0.167,0.373,,0.833,0.833,1.0,0.833,0.687,,0.833,0.833,1.0,0.833,0.898,,0.667,0.667,0.8,0.667,0.745,,0.333,0.333,0.0,0.333,0.745,,0.0,0.0,0.0,0.0,0.0,,11.025,11.025,11.607,11.025,1.764,,,,,,,,,,,,,,,,,,
8486067,G. McKenna,TOR,W,4,0,4,2026-10-06,1.0,0.25,,0.25,0.25,0.25,0.433,0.25,,0.25,0.25,0.25,0.433,0.5,,0.5,0.5,0.5,0.866,1.75,,1.75,1.75,1.75,1.299,0.25,,0.25,0.25,0.25,0.433,0.0,,0.0,0.0,0.0,0.0,0.0,,0.0,0.0,0.0,0.0,0.0,,0.0,0.0,0.0,0.0,14.592,,14.592,14.592,14.592,1.092,,,,,,,,,,,,,,,,,,
8486095,K. Chauvette,SJ,G,0,1,1,2026-03-12,0.0,,,,,,,,,,,,,,,,,,,,,,,,,,,,,,,,,,,,,,0.0,0.0,0.0,0.0,,,,,,,,,0.0,0.0,0.0,0.0,,,0.0,0.0,0.0,0.0,,,0.0,0.0,0.0,0.0,,,0.0,0.0,0.0,0.0,
8486103,I. Stenberg,SJ,W,3,0,3,2026-10-05,1.0,0.0,,0.0,0.0,0.0,0.0,0.333,,0.333,0.333,0.333,0.471,0.333,,0.333,0.333,0.333,0.471,0.333,,0.333,0.333,0.333,0.471,0.333,,0.333,0.333,0.333,0.471,0.0,,0.0,0.0,0.0,0.0,0.0,,0.0,0.0,0.0,0.0,0.0,,0.0,0.0,0.0,0.0,14.317,,14.317,14.317,14.317,0.922,,,,,,,,,,,,,,,,,,
8486161,O. Michaels,EDM,W,3,0,3,2026-10-03,0.67,0.667,,0.667,0.667,0.667,0.471,0.0,,0.0,0.0,0.0,0.0,0.667,,0.667,0.667,0.667,0.471,1.333,,1.333,1.333,1.333,1.247,0.667,,0.667,0.667,0.667,0.471,1.0,,1.0,1.0,1.0,0.816,0.0,,0.0,0.0,0.0,0.0,0.0,,0.0,0.0,0.0,0.0,11.906,,11.906,11.906,11.906,2.514,,,,,,,,,,,,,,,,,,
8486166,V. Gustafsson-Nyberg,MIN,D,0,2,2,2026-04-14,1.0,,0.0,0.0,0.0,0.0,,,0.0,0.0,0.0,0.0,,,0.0,0.0,0.0,0.0,,,0.0,0.0,0.0,0.0,,,1.5,1.5,1.5,1.5,,,1.0,1.0,1.0,1.0,,,0.0,0.0,0.0,0.0,,,0.0,0.0,0.0,0.0,,,21.292,21.292,21.292,21.292,,,,,,,,,,,,,,,,,,,
8486169,J. Livanavage,PIT,D,0,1,1,2026-04-14,1.0,,0.0,0.0,0.0,0.0,,,0.0,0.0,0.0,0.0,,,0.0,0.0,0.0,0.0,,,0.0,0.0,0.0,0.0,,,1.0,1.0,1.0,1.0,,,0.0,0.0,0.0,0.0,,,0.0,0.0,0.0,0.0,,,0.0,0.0,0.0,0.0,,,25.233,25.233,25.233,25.233,,,,,,,,,,,,,,,,,,,
8486171,T. Hughes,COL,W,2,0,2,2026-10-03,1.0,0.0,,0.0,0.0,0.0,,0.0,,0.0,0.0,0.0,,0.0,,0.0,0.0,0.0,,2.0,,2.0,2.0,2.0,,0.0,,0.0,0.0,0.0,,1.0,,1.0,1.0,1.0,,1.0,,1.0,1.0,1.0,,0.0,,0.0,0.0,0.0,,16.758,,16.758,16.758,16.758,,,,,,,,,,,,,,,,,,,
