league,home,away,commence,player,market,book,side,line,price,event,updated
cfb,NEB,IU,2026-10-10T16:00:00Z,Turbo Richard,anytime_td,fanduel,Yes,,-210,3e691b53c660a64495a44816768176e8,2026-10-08T02:14:22Z
cfb,NEB,IU,2026-10-10T16:00:00Z,Lee Beebe Jr.,anytime_td,fanduel,Yes,,-120,3e691b53c660a64495a44816768176e8,2026-10-08T02:14:22Z
cfb,NEB,IU,2026-10-10T16:00:00Z,Jamal Rule,anytime_td,fanduel,Yes,,-105,3e691b53c660a64495a44816768176e8,2026-10-08T02:14:22Z
cfb,NEB,IU,2026-10-10T16:00:00Z,Charlie Becker,anytime_td,fanduel,Yes,,100,3e691b53c660a64495a44816768176e8,2026-10-08T02:14:22Z
cfb,NEB,IU,2026-10-10T16:00:00Z,Nick Marsh,anytime_td,fanduel,Yes,,135,3e691b53c660a64495a44816768176e8,2026-10-08T02:14:22Z
cfb,NEB,IU,2026-10-10T16:00:00Z,Kwazi Gilmer,anytime_td,fanduel,Yes,,190,3e691b53c660a64495a44816768176e8,2026-10-08T02:14:22Z
cfb,NEB,IU,2026-10-10T16:00:00Z,Josh Hoover,anytime_td,fanduel,Yes,,200,3e691b53c660a64495a44816768176e8,2026-10-08T02:14:22Z
cfb,NEB,IU,2026-10-10T16:00:00Z,Mekhi Nelson,anytime_td,fanduel,Yes,,260,3e691b53c660a64495a44816768176e8,2026-10-08T02:14:22Z
cfb,NEB,IU,2026-10-10T16:00:00Z,Anthony Colandrea,anytime_td,fanduel,Yes,,260,3e691b53c660a64495a44816768176e8,2026-10-08T02:14:22Z
cfb,NEB,IU,2026-10-10T16:00:00Z,Jacory Barney Jr.,anytime_td,fanduel,Yes,,330,3e691b53c660a64495a44816768176e8,2026-10-08T02:14:22Z
cfb,NEB,IU,2026-10-10T16:00:00Z,Luke Lindenmeyer,anytime_td,fanduel,Yes,,500,3e691b53c660a64495a44816768176e8,2026-10-08T02:14:22Z
cfb,NEB,IU,2026-10-10T16:00:00Z,Davion Chandler,anytime_td,fanduel,Yes,,500,3e691b53c660a64495a44816768176e8,2026-10-08T02:14:22Z
cfb,NEB,IU,2026-10-10T16:00:00Z,Shazz Preston,anytime_td,fanduel,Yes,,500,3e691b53c660a64495a44816768176e8,2026-10-08T02:14:22Z
cfb,NEB,IU,2026-10-10T16:00:00Z,Indiana Hoosiers Defense,anytime_td,fanduel,Yes,,550,3e691b53c660a64495a44816768176e8,2026-10-08T02:14:22Z
cfb,NEB,IU,2026-10-10T16:00:00Z,Isaiah Mozee,anytime_td,fanduel,Yes,,550,3e691b53c660a64495a44816768176e8,2026-10-08T02:14:22Z
cfb,NEB,IU,2026-10-10T16:00:00Z,Nyziah Hunter,anytime_td,fanduel,Yes,,650,3e691b53c660a64495a44816768176e8,2026-10-08T02:14:22Z
cfb,NEB,IU,2026-10-10T16:00:00Z,Tyler Morris,anytime_td,fanduel,Yes,,650,3e691b53c660a64495a44816768176e8,2026-10-08T02:14:22Z
cfb,NEB,IU,2026-10-10T16:00:00Z,Nebraska Cornhuskers Defense,anytime_td,fanduel,Yes,,850,3e691b53c660a64495a44816768176e8,2026-10-08T02:14:22Z
cfb,NEB,IU,2026-10-10T16:00:00Z,Quinn Clark,anytime_td,fanduel,Yes,,1000,3e691b53c660a64495a44816768176e8,2026-10-08T02:14:22Z
cfb,NEB,IU,2026-10-10T16:00:00Z,Cortez Mills Jr.,anytime_td,fanduel,Yes,,1200,3e691b53c660a64495a44816768176e8,2026-10-08T02:14:22Z
cfb,NEB,IU,2026-10-10T16:00:00Z,Anthony Colandrea,pass_td,fanduel,Over,0.5,-230,3e691b53c660a64495a44816768176e8,2026-10-08T02:14:22Z
cfb,NEB,IU,2026-10-10T16:00:00Z,Anthony Colandrea,pass_td,fanduel,Under,0.5,168,3e691b53c660a64495a44816768176e8,2026-10-08T02:14:22Z
cfb,NEB,IU,2026-10-10T16:00:00Z,Josh Hoover,pass_td,fanduel,Under,1.5,-146,3e691b53c660a64495a44816768176e8,2026-10-08T02:14:22Z
cfb,NEB,IU,2026-10-10T16:00:00Z,Josh Hoover,pass_td,fanduel,Over,1.5,110,3e691b53c660a64495a44816768176e8,2026-10-08T02:14:22Z
cfb,NEB,IU,2026-10-10T16:00:00Z,Josh Hoover,pass_yds,fanduel,Over,207.5,-114,3e691b53c660a64495a44816768176e8,2026-10-08T02:14:22Z
cfb,NEB,IU,2026-10-10T16:00:00Z,Josh Hoover,pass_yds,fanduel,Under,207.5,-114,3e691b53c660a64495a44816768176e8,2026-10-08T02:14:22Z
cfb,NEB,IU,2026-10-10T16:00:00Z,Anthony Colandrea,pass_yds,fanduel,Over,199.5,-114,3e691b53c660a64495a44816768176e8,2026-10-08T02:14:22Z
cfb,NEB,IU,2026-10-10T16:00:00Z,Anthony Colandrea,pass_yds,fanduel,Under,199.5,-114,3e691b53c660a64495a44816768176e8,2026-10-08T02:14:22Z
cfb,NEB,IU,2026-10-10T16:00:00Z,Nyziah Hunter,rec_yds,fanduel,Over,24.5,-114,3e691b53c660a64495a44816768176e8,2026-10-08T02:14:22Z
cfb,NEB,IU,2026-10-10T16:00:00Z,Nyziah Hunter,rec_yds,fanduel,Under,24.5,-114,3e691b53c660a64495a44816768176e8,2026-10-08T02:14:22Z
cfb,NEB,IU,2026-10-10T16:00:00Z,Luke Lindenmeyer,rec_yds,fanduel,Over,19.5,-114,3e691b53c660a64495a44816768176e8,2026-10-08T02:14:22Z
cfb,NEB,IU,2026-10-10T16:00:00Z,Luke Lindenmeyer,rec_yds,fanduel,Under,19.5,-114,3e691b53c660a64495a44816768176e8,2026-10-08T02:14:22Z
cfb,NEB,IU,2026-10-10T16:00:00Z,Jacory Barney Jr.,rec_yds,fanduel,Over,29.5,-114,3e691b53c660a64495a44816768176e8,2026-10-08T02:14:22Z
cfb,NEB,IU,2026-10-10T16:00:00Z,Jacory Barney Jr.,rec_yds,fanduel,Under,29.5,-114,3e691b53c660a64495a44816768176e8,2026-10-08T02:14:22Z
cfb,NEB,IU,2026-10-10T16:00:00Z,Nick Marsh,rec_yds,fanduel,Over,57.5,-114,3e691b53c660a64495a44816768176e8,2026-10-08T02:14:22Z
cfb,NEB,IU,2026-10-10T16:00:00Z,Nick Marsh,rec_yds,fanduel,Under,57.5,-114,3e691b53c660a64495a44816768176e8,2026-10-08T02:14:22Z
cfb,NEB,IU,2026-10-10T16:00:00Z,Charlie Becker,rec_yds,fanduel,Over,82.5,-114,3e691b53c660a64495a44816768176e8,2026-10-08T02:14:22Z
cfb,NEB,IU,2026-10-10T16:00:00Z,Charlie Becker,rec_yds,fanduel,Under,82.5,-114,3e691b53c660a64495a44816768176e8,2026-10-08T02:14:22Z
cfb,NEB,IU,2026-10-10T16:00:00Z,Kwazi Gilmer,rec_yds,fanduel,Over,64.5,-114,3e691b53c660a64495a44816768176e8,2026-10-08T02:14:22Z
cfb,NEB,IU,2026-10-10T16:00:00Z,Kwazi Gilmer,rec_yds,fanduel,Under,64.5,-114,3e691b53c660a64495a44816768176e8,2026-10-08T02:14:22Z
cfb,NEB,IU,2026-10-10T16:00:00Z,Anthony Colandrea,rush_yds,fanduel,Over,36.5,-114,3e691b53c660a64495a44816768176e8,2026-10-08T02:14:22Z
cfb,NEB,IU,2026-10-10T16:00:00Z,Anthony Colandrea,rush_yds,fanduel,Under,36.5,-114,3e691b53c660a64495a44816768176e8,2026-10-08T02:14:22Z
cfb,NEB,IU,2026-10-10T16:00:00Z,Turbo Richard,rush_yds,fanduel,Over,86.5,-114,3e691b53c660a64495a44816768176e8,2026-10-08T02:14:22Z
cfb,NEB,IU,2026-10-10T16:00:00Z,Turbo Richard,rush_yds,fanduel,Under,86.5,-114,3e691b53c660a64495a44816768176e8,2026-10-08T02:14:22Z
cfb,NEB,IU,2026-10-10T16:00:00Z,Lee Beebe Jr.,rush_yds,fanduel,Over,71.5,-114,3e691b53c660a64495a44816768176e8,2026-10-08T02:14:22Z
cfb,NEB,IU,2026-10-10T16:00:00Z,Lee Beebe Jr.,rush_yds,fanduel,Under,71.5,-114,3e691b53c660a64495a44816768176e8,2026-10-08T02:14:22Z
cfb,NEB,IU,2026-10-10T16:00:00Z,Turbo Richard,anytime_td,draftkings,Yes,,-205,3e691b53c660a64495a44816768176e8,2026-10-08T02:13:27Z
cfb,NEB,IU,2026-10-10T16:00:00Z,Lee Beebe Jr.,anytime_td,draftkings,Yes,,-185,3e691b53c660a64495a44816768176e8,2026-10-08T02:13:27Z
cfb,NEB,IU,2026-10-10T16:00:00Z,Charlie Becker,anytime_td,draftkings,Yes,,-115,3e691b53c660a64495a44816768176e8,2026-10-08T02:13:27Z
cfb,NEB,IU,2026-10-10T16:00:00Z,Jamal Rule,anytime_td,draftkings,Yes,,105,3e691b53c660a64495a44816768176e8,2026-10-08T02:13:27Z
cfb,NEB,IU,2026-10-10T16:00:00Z,Mekhi Nelson,anytime_td,draftkings,Yes,,145,3e691b53c660a64495a44816768176e8,2026-10-08T02:13:27Z
cfb,NEB,IU,2026-10-10T16:00:00Z,Nick Marsh,anytime_td,draftkings,Yes,,155,3e691b53c660a64495a44816768176e8,2026-10-08T02:13:27Z
cfb,NEB,IU,2026-10-10T16:00:00Z,Kwazi Gilmer,anytime_td,draftkings,Yes,,190,3e691b53c660a64495a44816768176e8,2026-10-08T02:13:27Z
cfb,NEB,IU,2026-10-10T16:00:00Z,Anthony Colandrea,anytime_td,draftkings,Yes,,210,3e691b53c660a64495a44816768176e8,2026-10-08T02:13:27Z
cfb,NEB,IU,2026-10-10T16:00:00Z,Josh Hoover,anytime_td,draftkings,Yes,,235,3e691b53c660a64495a44816768176e8,2026-10-08T02:13:27Z
cfb,NEB,IU,2026-10-10T16:00:00Z,Jacory Barney Jr.,anytime_td,draftkings,Yes,,245,3e691b53c660a64495a44816768176e8,2026-10-08T02:13:27Z
cfb,NEB,IU,2026-10-10T16:00:00Z,Isaiah Mozee,anytime_td,draftkings,Yes,,300,3e691b53c660a64495a44816768176e8,2026-10-08T02:13:27Z
cfb,NEB,IU,2026-10-10T16:00:00Z,Davion Chandler,anytime_td,draftkings,Yes,,360,3e691b53c660a64495a44816768176e8,2026-10-08T02:13:27Z
cfb,NEB,IU,2026-10-10T16:00:00Z,Shazz Preston,anytime_td,draftkings,Yes,,360,3e691b53c660a64495a44816768176e8,2026-10-08T02:13:27Z
cfb,NEB,IU,2026-10-10T16:00:00Z,Sean Cuono,anytime_td,draftkings,Yes,,370,3e691b53c660a64495a44816768176e8,2026-10-08T02:13:27Z
cfb,NEB,IU,2026-10-10T16:00:00Z,Tyler Morris,anytime_td,draftkings,Yes,,390,3e691b53c660a64495a44816768176e8,2026-10-08T02:13:27Z
cfb,NEB,IU,2026-10-10T16:00:00Z,Luke Lindenmeyer,anytime_td,draftkings,Yes,,475,3e691b53c660a64495a44816768176e8,2026-10-08T02:13:27Z
cfb,NEB,IU,2026-10-10T16:00:00Z,Nyziah Hunter,anytime_td,draftkings,Yes,,475,3e691b53c660a64495a44816768176e8,2026-10-08T02:13:27Z
cfb,NEB,IU,2026-10-10T16:00:00Z,Indiana Hoosiers D/ST,anytime_td,draftkings,Yes,,475,3e691b53c660a64495a44816768176e8,2026-10-08T02:13:27Z
cfb,NEB,IU,2026-10-10T16:00:00Z,Nebraska Cornhuskers D/ST,anytime_td,draftkings,Yes,,550,3e691b53c660a64495a44816768176e8,2026-10-08T02:13:27Z
cfb,NEB,IU,2026-10-10T16:00:00Z,Quinn Clark,anytime_td,draftkings,Yes,,650,3e691b53c660a64495a44816768176e8,2026-10-08T02:13:27Z
cfb,NEB,IU,2026-10-10T16:00:00Z,Kwinten Ives,anytime_td,draftkings,Yes,,750,3e691b53c660a64495a44816768176e8,2026-10-08T02:13:27Z
cfb,NEB,IU,2026-10-10T16:00:00Z,Janiran Bonner,anytime_td,draftkings,Yes,,800,3e691b53c660a64495a44816768176e8,2026-10-08T02:13:27Z
cfb,NEB,IU,2026-10-10T16:00:00Z,Andrew Barker,anytime_td,draftkings,Yes,,800,3e691b53c660a64495a44816768176e8,2026-10-08T02:13:27Z
cfb,NEB,IU,2026-10-10T16:00:00Z,Brock Schott,anytime_td,draftkings,Yes,,800,3e691b53c660a64495a44816768176e8,2026-10-08T02:13:27Z
cfb,NEB,IU,2026-10-10T16:00:00Z,Lee Beebe Jr.,anytime_td,betmgm,Yes,,-130,3e691b53c660a64495a44816768176e8,2026-10-08T02:13:56Z
cfb,NEB,IU,2026-10-10T16:00:00Z,Shazz Preston,anytime_td,betmgm,Yes,,280,3e691b53c660a64495a44816768176e8,2026-10-08T02:13:56Z
cfb,NEB,IU,2026-10-10T16:00:00Z,Charlie Becker,anytime_td,betmgm,Yes,,-105,3e691b53c660a64495a44816768176e8,2026-10-08T02:13:56Z
cfb,NEB,IU,2026-10-10T16:00:00Z,Josh Hoover,anytime_td,betmgm,Yes,,145,3e691b53c660a64495a44816768176e8,2026-10-08T02:13:56Z
cfb,NEB,IU,2026-10-10T16:00:00Z,Turbo Richard,anytime_td,betmgm,Yes,,-235,3e691b53c660a64495a44816768176e8,2026-10-08T02:13:56Z
cfb,NEB,IU,2026-10-10T16:00:00Z,Nick Marsh,anytime_td,betmgm,Yes,,155,3e691b53c660a64495a44816768176e8,2026-10-08T02:13:56Z
cfb,NEB,IU,2026-10-10T16:00:00Z,Jacory Barney Jr.,anytime_td,betmgm,Yes,,280,3e691b53c660a64495a44816768176e8,2026-10-08T02:13:56Z
cfb,NEB,IU,2026-10-10T16:00:00Z,Nyziah Hunter,anytime_td,betmgm,Yes,,360,3e691b53c660a64495a44816768176e8,2026-10-08T02:13:56Z
cfb,NEB,IU,2026-10-10T16:00:00Z,Anthony Colandrea,anytime_td,betmgm,Yes,,160,3e691b53c660a64495a44816768176e8,2026-10-08T02:13:56Z
cfb,NEB,IU,2026-10-10T16:00:00Z,Jamal Rule,anytime_td,betmgm,Yes,,100,3e691b53c660a64495a44816768176e8,2026-10-08T02:13:56Z
cfb,NEB,IU,2026-10-10T16:00:00Z,Kwazi Gilmer,anytime_td,betmgm,Yes,,135,3e691b53c660a64495a44816768176e8,2026-10-08T02:13:56Z
cfb,NEB,IU,2026-10-10T16:00:00Z,Luke Lindenmeyer,anytime_td,betmgm,Yes,,340,3e691b53c660a64495a44816768176e8,2026-10-08T02:13:56Z
cfb,MIZ,TA&M,2026-10-10T16:00:00Z,Jamal Roberts,anytime_td,draftkings,Yes,,-380,9e243e91f8f94e6431da5cc5c3cc8fda,2026-10-08T02:13:27Z
cfb,MIZ,TA&M,2026-10-10T16:00:00Z,Rueben Owens II,anytime_td,draftkings,Yes,,-105,9e243e91f8f94e6431da5cc5c3cc8fda,2026-10-08T02:13:27Z
cfb,MIZ,TA&M,2026-10-10T16:00:00Z,Marcel Reed,anytime_td,draftkings,Yes,,115,9e243e91f8f94e6431da5cc5c3cc8fda,2026-10-08T02:13:27Z
cfb,MIZ,TA&M,2026-10-10T16:00:00Z,Cayden Lee,anytime_td,draftkings,Yes,,125,9e243e91f8f94e6431da5cc5c3cc8fda,2026-10-08T02:13:27Z
cfb,MIZ,TA&M,2026-10-10T16:00:00Z,Donovan Olugbode,anytime_td,draftkings,Yes,,135,9e243e91f8f94e6431da5cc5c3cc8fda,2026-10-08T02:13:27Z
cfb,MIZ,TA&M,2026-10-10T16:00:00Z,Mario Craver,anytime_td,draftkings,Yes,,190,9e243e91f8f94e6431da5cc5c3cc8fda,2026-10-08T02:13:27Z
cfb,MIZ,TA&M,2026-10-10T16:00:00Z,Carsyn Baker,anytime_td,draftkings,Yes,,210,9e243e91f8f94e6431da5cc5c3cc8fda,2026-10-08T02:13:27Z
cfb,MIZ,TA&M,2026-10-10T16:00:00Z,KJ Edwards,anytime_td,draftkings,Yes,,210,9e243e91f8f94e6431da5cc5c3cc8fda,2026-10-08T02:13:27Z
cfb,MIZ,TA&M,2026-10-10T16:00:00Z,Isaiah Horton,anytime_td,draftkings,Yes,,220,9e243e91f8f94e6431da5cc5c3cc8fda,2026-10-08T02:13:27Z
cfb,MIZ,TA&M,2026-10-10T16:00:00Z,Brett Norfleet,anytime_td,draftkings,Yes,,330,9e243e91f8f94e6431da5cc5c3cc8fda,2026-10-08T02:13:27Z
cfb,MIZ,TA&M,2026-10-10T16:00:00Z,Austin Simmons,anytime_td,draftkings,Yes,,400,9e243e91f8f94e6431da5cc5c3cc8fda,2026-10-08T02:13:27Z
cfb,MIZ,TA&M,2026-10-10T16:00:00Z,Naeshaun Montgomery,anytime_td,draftkings,Yes,,425,9e243e91f8f94e6431da5cc5c3cc8fda,2026-10-08T02:13:27Z
cfb,MIZ,TA&M,2026-10-10T16:00:00Z,Texas A&M Aggies D/ST,anytime_td,draftkings,Yes,,500,9e243e91f8f94e6431da5cc5c3cc8fda,2026-10-08T02:13:27Z
cfb,MIZ,TA&M,2026-10-10T16:00:00Z,Aaron Gregory,anytime_td,draftkings,Yes,,600,9e243e91f8f94e6431da5cc5c3cc8fda,2026-10-08T02:13:27Z
cfb,MIZ,TA&M,2026-10-10T16:00:00Z,Missouri Tigers D/ST,anytime_td,draftkings,Yes,,600,9e243e91f8f94e6431da5cc5c3cc8fda,2026-10-08T02:13:27Z
cfb,MIZ,TA&M,2026-10-10T16:00:00Z,Caleb Goodie Sr.,anytime_td,draftkings,Yes,,700,9e243e91f8f94e6431da5cc5c3cc8fda,2026-10-08T02:13:27Z
cfb,MIZ,TA&M,2026-10-10T16:00:00Z,Shaun Terry II,anytime_td,draftkings,Yes,,700,9e243e91f8f94e6431da5cc5c3cc8fda,2026-10-08T02:13:27Z
cfb,MIZ,TA&M,2026-10-10T16:00:00Z,Kelshaun Johnson,anytime_td,draftkings,Yes,,800,9e243e91f8f94e6431da5cc5c3cc8fda,2026-10-08T02:13:27Z
cfb,MIZ,TA&M,2026-10-10T16:00:00Z,Houston Thomas,anytime_td,draftkings,Yes,,800,9e243e91f8f94e6431da5cc5c3cc8fda,2026-10-08T02:13:27Z
cfb,MIZ,TA&M,2026-10-10T16:00:00Z,Ashton Bethel-Roman,anytime_td,draftkings,Yes,,900,9e243e91f8f94e6431da5cc5c3cc8fda,2026-10-08T02:13:27Z
cfb,MIZ,TA&M,2026-10-10T16:00:00Z,Micah Riley,anytime_td,draftkings,Yes,,950,9e243e91f8f94e6431da5cc5c3cc8fda,2026-10-08T02:13:27Z
cfb,MIZ,TA&M,2026-10-10T16:00:00Z,Jamal Roberts,anytime_td,fanduel,Yes,,-280,9e243e91f8f94e6431da5cc5c3cc8fda,2026-10-08T02:14:01Z
cfb,MIZ,TA&M,2026-10-10T16:00:00Z,Rueben Owens II,anytime_td,fanduel,Yes,,100,9e243e91f8f94e6431da5cc5c3cc8fda,2026-10-08T02:14:01Z
cfb,MIZ,TA&M,2026-10-10T16:00:00Z,Cayden Lee,anytime_td,fanduel,Yes,,155,9e243e91f8f94e6431da5cc5c3cc8fda,2026-10-08T02:14:01Z
cfb,MIZ,TA&M,2026-10-10T16:00:00Z,Donovan Olugbode,anytime_td,fanduel,Yes,,175,9e243e91f8f94e6431da5cc5c3cc8fda,2026-10-08T02:14:01Z
cfb,MIZ,TA&M,2026-10-10T16:00:00Z,Marcel Reed,anytime_td,fanduel,Yes,,190,9e243e91f8f94e6431da5cc5c3cc8fda,2026-10-08T02:14:01Z
cfb,MIZ,TA&M,2026-10-10T16:00:00Z,Mario Craver,anytime_td,fanduel,Yes,,220,9e243e91f8f94e6431da5cc5c3cc8fda,2026-10-08T02:14:01Z
cfb,MIZ,TA&M,2026-10-10T16:00:00Z,Isaiah Horton,anytime_td,fanduel,Yes,,220,9e243e91f8f94e6431da5cc5c3cc8fda,2026-10-08T02:14:01Z
cfb,MIZ,TA&M,2026-10-10T16:00:00Z,Carsyn Baker,anytime_td,fanduel,Yes,,260,9e243e91f8f94e6431da5cc5c3cc8fda,2026-10-08T02:14:01Z
cfb,MIZ,TA&M,2026-10-10T16:00:00Z,Brett Norfleet,anytime_td,fanduel,Yes,,420,9e243e91f8f94e6431da5cc5c3cc8fda,2026-10-08T02:14:01Z
cfb,MIZ,TA&M,2026-10-10T16:00:00Z,Aaron Gregory,anytime_td,fanduel,Yes,,470,9e243e91f8f94e6431da5cc5c3cc8fda,2026-10-08T02:14:01Z
cfb,MIZ,TA&M,2026-10-10T16:00:00Z,Austin Simmons,anytime_td,fanduel,Yes,,500,9e243e91f8f94e6431da5cc5c3cc8fda,2026-10-08T02:14:01Z
cfb,MIZ,TA&M,2026-10-10T16:00:00Z,Texas A&M Aggies Defense,anytime_td,fanduel,Yes,,500,9e243e91f8f94e6431da5cc5c3cc8fda,2026-10-08T02:14:01Z
cfb,MIZ,TA&M,2026-10-10T16:00:00Z,Missouri Tigers Defense,anytime_td,fanduel,Yes,,550,9e243e91f8f94e6431da5cc5c3cc8fda,2026-10-08T02:14:01Z
cfb,MIZ,TA&M,2026-10-10T16:00:00Z,Naeshaun Montgomery,anytime_td,fanduel,Yes,,550,9e243e91f8f94e6431da5cc5c3cc8fda,2026-10-08T02:14:01Z
cfb,MIZ,TA&M,2026-10-10T16:00:00Z,KJ Edwards,anytime_td,fanduel,Yes,,600,9e243e91f8f94e6431da5cc5c3cc8fda,2026-10-08T02:14:01Z
cfb,MIZ,TA&M,2026-10-10T16:00:00Z,Ashton Bethel-Roman,anytime_td,fanduel,Yes,,700,9e243e91f8f94e6431da5cc5c3cc8fda,2026-10-08T02:14:01Z
cfb,MIZ,TA&M,2026-10-10T16:00:00Z,Houston Thomas,anytime_td,fanduel,Yes,,750,9e243e91f8f94e6431da5cc5c3cc8fda,2026-10-08T02:14:01Z
cfb,MIZ,TA&M,2026-10-10T16:00:00Z,Caleb Goodie Sr.,anytime_td,fanduel,Yes,,900,9e243e91f8f94e6431da5cc5c3cc8fda,2026-10-08T02:14:01Z
cfb,MIZ,TA&M,2026-10-10T16:00:00Z,Micah Riley,anytime_td,fanduel,Yes,,1100,9e243e91f8f94e6431da5cc5c3cc8fda,2026-10-08T02:14:01Z
cfb,MIZ,TA&M,2026-10-10T16:00:00Z,Shaun Terry II,anytime_td,fanduel,Yes,,1100,9e243e91f8f94e6431da5cc5c3cc8fda,2026-10-08T02:14:01Z
cfb,MIZ,TA&M,2026-10-10T16:00:00Z,Marcel Reed,pass_td,fanduel,Over,1.5,188,9e243e91f8f94e6431da5cc5c3cc8fda,2026-10-08T02:14:01Z
cfb,MIZ,TA&M,2026-10-10T16:00:00Z,Marcel Reed,pass_td,fanduel,Under,1.5,-260,9e243e91f8f94e6431da5cc5c3cc8fda,2026-10-08T02:14:01Z
cfb,MIZ,TA&M,2026-10-10T16:00:00Z,Austin Simmons,pass_td,fanduel,Over,1.5,138,9e243e91f8f94e6431da5cc5c3cc8fda,2026-10-08T02:14:01Z
cfb,MIZ,TA&M,2026-10-10T16:00:00Z,Austin Simmons,pass_td,fanduel,Under,1.5,-186,9e243e91f8f94e6431da5cc5c3cc8fda,2026-10-08T02:14:01Z
cfb,MIZ,TA&M,2026-10-10T16:00:00Z,Marcel Reed,pass_yds,fanduel,Over,192.5,-114,9e243e91f8f94e6431da5cc5c3cc8fda,2026-10-08T02:14:01Z
cfb,MIZ,TA&M,2026-10-10T16:00:00Z,Marcel Reed,pass_yds,fanduel,Under,192.5,-114,9e243e91f8f94e6431da5cc5c3cc8fda,2026-10-08T02:14:01Z
cfb,MIZ,TA&M,2026-10-10T16:00:00Z,Austin Simmons,pass_yds,fanduel,Over,243.5,-114,9e243e91f8f94e6431da5cc5c3cc8fda,2026-10-08T02:14:01Z
cfb,MIZ,TA&M,2026-10-10T16:00:00Z,Austin Simmons,pass_yds,fanduel,Under,243.5,-114,9e243e91f8f94e6431da5cc5c3cc8fda,2026-10-08T02:14:01Z
cfb,MIZ,TA&M,2026-10-10T16:00:00Z,Jamal Roberts,rec_yds,fanduel,Over,16.5,-114,9e243e91f8f94e6431da5cc5c3cc8fda,2026-10-08T02:14:01Z
cfb,MIZ,TA&M,2026-10-10T16:00:00Z,Jamal Roberts,rec_yds,fanduel,Under,16.5,-114,9e243e91f8f94e6431da5cc5c3cc8fda,2026-10-08T02:14:01Z
cfb,MIZ,TA&M,2026-10-10T16:00:00Z,Donovan Olugbode,rec_yds,fanduel,Over,70.5,-114,9e243e91f8f94e6431da5cc5c3cc8fda,2026-10-08T02:14:01Z
cfb,MIZ,TA&M,2026-10-10T16:00:00Z,Donovan Olugbode,rec_yds,fanduel,Under,70.5,-114,9e243e91f8f94e6431da5cc5c3cc8fda,2026-10-08T02:14:01Z
cfb,MIZ,TA&M,2026-10-10T16:00:00Z,Cayden Lee,rec_yds,fanduel,Over,82.5,-114,9e243e91f8f94e6431da5cc5c3cc8fda,2026-10-08T02:14:01Z
cfb,MIZ,TA&M,2026-10-10T16:00:00Z,Cayden Lee,rec_yds,fanduel,Under,82.5,-114,9e243e91f8f94e6431da5cc5c3cc8fda,2026-10-08T02:14:01Z
cfb,MIZ,TA&M,2026-10-10T16:00:00Z,Isaiah Horton,rec_yds,fanduel,Over,58.5,-114,9e243e91f8f94e6431da5cc5c3cc8fda,2026-10-08T02:14:01Z
cfb,MIZ,TA&M,2026-10-10T16:00:00Z,Isaiah Horton,rec_yds,fanduel,Under,58.5,-114,9e243e91f8f94e6431da5cc5c3cc8fda,2026-10-08T02:14:01Z
cfb,MIZ,TA&M,2026-10-10T16:00:00Z,Rueben Owens II,rush_yds,fanduel,Under,56.5,-118,9e243e91f8f94e6431da5cc5c3cc8fda,2026-10-08T02:14:01Z
cfb,MIZ,TA&M,2026-10-10T16:00:00Z,Rueben Owens II,rush_yds,fanduel,Over,56.5,-112,9e243e91f8f94e6431da5cc5c3cc8fda,2026-10-08T02:14:01Z
cfb,MIZ,TA&M,2026-10-10T16:00:00Z,Jamal Roberts,rush_yds,fanduel,Over,111.5,-114,9e243e91f8f94e6431da5cc5c3cc8fda,2026-10-08T02:14:01Z
cfb,MIZ,TA&M,2026-10-10T16:00:00Z,Jamal Roberts,rush_yds,fanduel,Under,111.5,-114,9e243e91f8f94e6431da5cc5c3cc8fda,2026-10-08T02:14:01Z
cfb,MIZ,TA&M,2026-10-10T16:00:00Z,Marcel Reed,rush_yds,fanduel,Under,27.5,-118,9e243e91f8f94e6431da5cc5c3cc8fda,2026-10-08T02:14:01Z
cfb,MIZ,TA&M,2026-10-10T16:00:00Z,Marcel Reed,rush_yds,fanduel,Over,27.5,-112,9e243e91f8f94e6431da5cc5c3cc8fda,2026-10-08T02:14:01Z
cfb,MIZ,TA&M,2026-10-10T16:00:00Z,Jamal Roberts,anytime_td,betmgm,Yes,,-400,9e243e91f8f94e6431da5cc5c3cc8fda,2026-10-08T02:13:26Z
cfb,MIZ,TA&M,2026-10-10T16:00:00Z,Aaron Gregory,anytime_td,betmgm,Yes,,475,9e243e91f8f94e6431da5cc5c3cc8fda,2026-10-08T02:13:26Z
cfb,MIZ,TA&M,2026-10-10T16:00:00Z,Isaiah Horton,anytime_td,betmgm,Yes,,155,9e243e91f8f94e6431da5cc5c3cc8fda,2026-10-08T02:13:26Z
cfb,MIZ,TA&M,2026-10-10T16:00:00Z,Rueben Owens II,anytime_td,betmgm,Yes,,-120,9e243e91f8f94e6431da5cc5c3cc8fda,2026-10-08T02:13:26Z
cfb,MIZ,TA&M,2026-10-10T16:00:00Z,Marcel Reed,anytime_td,betmgm,Yes,,185,9e243e91f8f94e6431da5cc5c3cc8fda,2026-10-08T02:13:26Z
cfb,MIZ,TA&M,2026-10-10T16:00:00Z,Mario Craver,anytime_td,betmgm,Yes,,145,9e243e91f8f94e6431da5cc5c3cc8fda,2026-10-08T02:13:26Z
cfb,MIZ,TA&M,2026-10-10T16:00:00Z,Brett Norfleet,anytime_td,betmgm,Yes,,340,9e243e91f8f94e6431da5cc5c3cc8fda,2026-10-08T02:13:26Z
cfb,MIZ,TA&M,2026-10-10T16:00:00Z,Austin Simmons,anytime_td,betmgm,Yes,,350,9e243e91f8f94e6431da5cc5c3cc8fda,2026-10-08T02:13:26Z
cfb,MIZ,TA&M,2026-10-10T16:00:00Z,Donovan Olugbode,anytime_td,betmgm,Yes,,125,9e243e91f8f94e6431da5cc5c3cc8fda,2026-10-08T02:13:26Z
cfb,OKST,UCF,2026-10-10T16:00:00Z,Caleb Hawkins,anytime_td,draftkings,Yes,,-330,690e2edaba34c383d2ebfa8f8394f973,2026-10-08T02:14:15Z
cfb,OKST,UCF,2026-10-10T16:00:00Z,Duke Watson,anytime_td,draftkings,Yes,,-115,690e2edaba34c383d2ebfa8f8394f973,2026-10-08T02:14:15Z
cfb,OKST,UCF,2026-10-10T16:00:00Z,Justin Bowick,anytime_td,draftkings,Yes,,115,690e2edaba34c383d2ebfa8f8394f973,2026-10-08T02:14:15Z
cfb,OKST,UCF,2026-10-10T16:00:00Z,Wyatt Young,anytime_td,draftkings,Yes,,115,690e2edaba34c383d2ebfa8f8394f973,2026-10-08T02:14:15Z
cfb,OKST,UCF,2026-10-10T16:00:00Z,Keyone Jenkins,anytime_td,draftkings,Yes,,120,690e2edaba34c383d2ebfa8f8394f973,2026-10-08T02:14:15Z
cfb,OKST,UCF,2026-10-10T16:00:00Z,Landen Chambers,anytime_td,draftkings,Yes,,150,690e2edaba34c383d2ebfa8f8394f973,2026-10-08T02:14:15Z
cfb,OKST,UCF,2026-10-10T16:00:00Z,Ayo Adeyi,anytime_td,draftkings,Yes,,165,690e2edaba34c383d2ebfa8f8394f973,2026-10-08T02:14:15Z
cfb,OKST,UCF,2026-10-10T16:00:00Z,Drew Mestemaker,anytime_td,draftkings,Yes,,175,690e2edaba34c383d2ebfa8f8394f973,2026-10-08T02:14:15Z
cfb,OKST,UCF,2026-10-10T16:00:00Z,Taevion Swint,anytime_td,draftkings,Yes,,175,690e2edaba34c383d2ebfa8f8394f973,2026-10-08T02:14:15Z
cfb,OKST,UCF,2026-10-10T16:00:00Z,Terrence Lewis,anytime_td,draftkings,Yes,,205,690e2edaba34c383d2ebfa8f8394f973,2026-10-08T02:14:15Z
cfb,OKST,UCF,2026-10-10T16:00:00Z,Miles Coleman,anytime_td,draftkings,Yes,,245,690e2edaba34c383d2ebfa8f8394f973,2026-10-08T02:14:15Z
cfb,OKST,UCF,2026-10-10T16:00:00Z,Tre Page III,anytime_td,draftkings,Yes,,280,690e2edaba34c383d2ebfa8f8394f973,2026-10-08T02:14:15Z
cfb,OKST,UCF,2026-10-10T16:00:00Z,Dylan Wade,anytime_td,draftkings,Yes,,310,690e2edaba34c383d2ebfa8f8394f973,2026-10-08T02:14:15Z
cfb,OKST,UCF,2026-10-10T16:00:00Z,Chris Barnes,anytime_td,draftkings,Yes,,330,690e2edaba34c383d2ebfa8f8394f973,2026-10-08T02:14:15Z
cfb,OKST,UCF,2026-10-10T16:00:00Z,Josh Derry,anytime_td,draftkings,Yes,,370,690e2edaba34c383d2ebfa8f8394f973,2026-10-08T02:14:15Z
cfb,OKST,UCF,2026-10-10T16:00:00Z,Carson Kolb,anytime_td,draftkings,Yes,,390,690e2edaba34c383d2ebfa8f8394f973,2026-10-08T02:14:15Z
cfb,OKST,UCF,2026-10-10T16:00:00Z,Oklahoma State Cowboys D/ST,anytime_td,draftkings,Yes,,400,690e2edaba34c383d2ebfa8f8394f973,2026-10-08T02:14:15Z
cfb,OKST,UCF,2026-10-10T16:00:00Z,Waden Charles,anytime_td,draftkings,Yes,,475,690e2edaba34c383d2ebfa8f8394f973,2026-10-08T02:14:15Z
cfb,OKST,UCF,2026-10-10T16:00:00Z,UCF Knights D/ST,anytime_td,draftkings,Yes,,500,690e2edaba34c383d2ebfa8f8394f973,2026-10-08T02:14:15Z
cfb,OKST,UCF,2026-10-10T16:00:00Z,Tyren Hornes,anytime_td,draftkings,Yes,,600,690e2edaba34c383d2ebfa8f8394f973,2026-10-08T02:14:15Z
cfb,OKST,UCF,2026-10-10T16:00:00Z,Jonathan Bibbs,anytime_td,draftkings,Yes,,650,690e2edaba34c383d2ebfa8f8394f973,2026-10-08T02:14:15Z
cfb,OKST,UCF,2026-10-10T16:00:00Z,Kam Powell,anytime_td,draftkings,Yes,,800,690e2edaba34c383d2ebfa8f8394f973,2026-10-08T02:14:15Z
cfb,OKST,UCF,2026-10-10T16:00:00Z,Caden Piening,anytime_td,draftkings,Yes,,800,690e2edaba34c383d2ebfa8f8394f973,2026-10-08T02:14:15Z
cfb,PITT,UNC,2026-10-10T16:00:00Z,Damon Ferguson Jr.,anytime_td,betmgm,Yes,,-145,b067027cbaeaf86e6c9bb26becb97c94,2026-10-08T02:13:56Z
cfb,PITT,UNC,2026-10-10T16:00:00Z,Mason Humphrey,anytime_td,betmgm,Yes,,280,b067027cbaeaf86e6c9bb26becb97c94,2026-10-08T02:13:56Z
cfb,PITT,UNC,2026-10-10T16:00:00Z,Cataurus Hicks,anytime_td,betmgm,Yes,,155,b067027cbaeaf86e6c9bb26becb97c94,2026-10-08T02:13:56Z
cfb,PITT,UNC,2026-10-10T16:00:00Z,Benjamin Hall,anytime_td,betmgm,Yes,,-120,b067027cbaeaf86e6c9bb26becb97c94,2026-10-08T02:13:56Z
cfb,PITT,UNC,2026-10-10T16:00:00Z,Jelani Thurman,anytime_td,betmgm,Yes,,135,b067027cbaeaf86e6c9bb26becb97c94,2026-10-08T02:13:56Z
cfb,PITT,UNC,2026-10-10T16:00:00Z,Billy Edwards Jr.,anytime_td,betmgm,Yes,,350,b067027cbaeaf86e6c9bb26becb97c94,2026-10-08T02:13:56Z
cfb,PITT,UNC,2026-10-10T16:00:00Z,Jordan Shipp,anytime_td,betmgm,Yes,,130,b067027cbaeaf86e6c9bb26becb97c94,2026-10-08T02:13:56Z
cfb,PITT,UNC,2026-10-10T16:00:00Z,Trech Kekahuna,anytime_td,betmgm,Yes,,450,b067027cbaeaf86e6c9bb26becb97c94,2026-10-08T02:13:56Z
cfb,PITT,UNC,2026-10-10T16:00:00Z,Ja'Kyrian Turner,anytime_td,betmgm,Yes,,-220,b067027cbaeaf86e6c9bb26becb97c94,2026-10-08T02:13:56Z
cfb,PITT,UNC,2026-10-10T16:00:00Z,Censere Lee,anytime_td,betmgm,Yes,,180,b067027cbaeaf86e6c9bb26becb97c94,2026-10-08T02:13:56Z
cfb,PITT,UNC,2026-10-10T16:00:00Z,Bryce Yates,anytime_td,betmgm,Yes,,310,b067027cbaeaf86e6c9bb26becb97c94,2026-10-08T02:13:56Z
cfb,PITT,UNC,2026-10-10T16:00:00Z,Damon Ferguson Jr.,anytime_td,draftkings,Yes,,-175,b067027cbaeaf86e6c9bb26becb97c94,2026-10-08T02:13:26Z
cfb,PITT,UNC,2026-10-10T16:00:00Z,Benjamin Hall,anytime_td,draftkings,Yes,,-115,b067027cbaeaf86e6c9bb26becb97c94,2026-10-08T02:13:26Z
cfb,PITT,UNC,2026-10-10T16:00:00Z,Demon June,anytime_td,draftkings,Yes,,-110,b067027cbaeaf86e6c9bb26becb97c94,2026-10-08T02:13:26Z
cfb,PITT,UNC,2026-10-10T16:00:00Z,Ja'Kyrian Turner,anytime_td,draftkings,Yes,,130,b067027cbaeaf86e6c9bb26becb97c94,2026-10-08T02:13:26Z
cfb,PITT,UNC,2026-10-10T16:00:00Z,Jelani Thurman,anytime_td,draftkings,Yes,,135,b067027cbaeaf86e6c9bb26becb97c94,2026-10-08T02:13:26Z
cfb,PITT,UNC,2026-10-10T16:00:00Z,Cataurus Hicks,anytime_td,draftkings,Yes,,145,b067027cbaeaf86e6c9bb26becb97c94,2026-10-08T02:13:26Z
cfb,PITT,UNC,2026-10-10T16:00:00Z,Censere Lee,anytime_td,draftkings,Yes,,180,b067027cbaeaf86e6c9bb26becb97c94,2026-10-08T02:13:26Z
cfb,PITT,UNC,2026-10-10T16:00:00Z,Jaylen McGill,anytime_td,draftkings,Yes,,200,b067027cbaeaf86e6c9bb26becb97c94,2026-10-08T02:13:26Z
cfb,PITT,UNC,2026-10-10T16:00:00Z,Bryce Yates,anytime_td,draftkings,Yes,,270,b067027cbaeaf86e6c9bb26becb97c94,2026-10-08T02:13:26Z
cfb,PITT,UNC,2026-10-10T16:00:00Z,Carson Kent,anytime_td,draftkings,Yes,,285,b067027cbaeaf86e6c9bb26becb97c94,2026-10-08T02:13:26Z
cfb,PITT,UNC,2026-10-10T16:00:00Z,Jordan Shipp,anytime_td,draftkings,Yes,,285,b067027cbaeaf86e6c9bb26becb97c94,2026-10-08T02:13:26Z
cfb,PITT,UNC,2026-10-10T16:00:00Z,Holden Geriner,anytime_td,draftkings,Yes,,300,b067027cbaeaf86e6c9bb26becb97c94,2026-10-08T02:13:26Z
cfb,PITT,UNC,2026-10-10T16:00:00Z,Mason Humphrey,anytime_td,draftkings,Yes,,380,b067027cbaeaf86e6c9bb26becb97c94,2026-10-08T02:13:26Z
cfb,PITT,UNC,2026-10-10T16:00:00Z,Billy Edwards Jr.,anytime_td,draftkings,Yes,,390,b067027cbaeaf86e6c9bb26becb97c94,2026-10-08T02:13:26Z
cfb,PITT,UNC,2026-10-10T16:00:00Z,Elijah Lagg,anytime_td,draftkings,Yes,,450,b067027cbaeaf86e6c9bb26becb97c94,2026-10-08T02:13:26Z
cfb,PITT,UNC,2026-10-10T16:00:00Z,Tony Kinsler,anytime_td,draftkings,Yes,,475,b067027cbaeaf86e6c9bb26becb97c94,2026-10-08T02:13:26Z
cfb,PITT,UNC,2026-10-10T16:00:00Z,Demetrice McCray,anytime_td,draftkings,Yes,,475,b067027cbaeaf86e6c9bb26becb97c94,2026-10-08T02:13:26Z
cfb,PITT,UNC,2026-10-10T16:00:00Z,Pittsburgh Panthers D/ST,anytime_td,draftkings,Yes,,475,b067027cbaeaf86e6c9bb26becb97c94,2026-10-08T02:13:26Z
cfb,PITT,UNC,2026-10-10T16:00:00Z,Trech Kekahuna,anytime_td,draftkings,Yes,,500,b067027cbaeaf86e6c9bb26becb97c94,2026-10-08T02:13:26Z
cfb,PITT,UNC,2026-10-10T16:00:00Z,North Carolina Tar Heels D/ST,anytime_td,draftkings,Yes,,500,b067027cbaeaf86e6c9bb26becb97c94,2026-10-08T02:13:26Z
cfb,PITT,UNC,2026-10-10T16:00:00Z,Tyreek Robinson,anytime_td,draftkings,Yes,,600,b067027cbaeaf86e6c9bb26becb97c94,2026-10-08T02:13:26Z
cfb,PITT,UNC,2026-10-10T16:00:00Z,Shamar Easter,anytime_td,draftkings,Yes,,650,b067027cbaeaf86e6c9bb26becb97c94,2026-10-08T02:13:26Z
cfb,PITT,UNC,2026-10-10T16:00:00Z,C.J. Sadler,anytime_td,draftkings,Yes,,700,b067027cbaeaf86e6c9bb26becb97c94,2026-10-08T02:13:26Z
cfb,WVU,ARIZ,2026-10-10T16:00:00Z,Michael Hawkins Jr.,anytime_td,draftkings,Yes,,-500,5d7901b0ad44ffe1b92e18fc8d511a7e,2026-10-08T02:13:58Z
cfb,WVU,ARIZ,2026-10-10T16:00:00Z,Cam Cook,anytime_td,draftkings,Yes,,-260,5d7901b0ad44ffe1b92e18fc8d511a7e,2026-10-08T02:13:58Z
cfb,WVU,ARIZ,2026-10-10T16:00:00Z,Kedrick Reescano,anytime_td,draftkings,Yes,,-235,5d7901b0ad44ffe1b92e18fc8d511a7e,2026-10-08T02:13:58Z
cfb,WVU,ARIZ,2026-10-10T16:00:00Z,Noah Fifita,anytime_td,draftkings,Yes,,-125,5d7901b0ad44ffe1b92e18fc8d511a7e,2026-10-08T02:13:58Z
cfb,WVU,ARIZ,2026-10-10T16:00:00Z,DJ Epps,anytime_td,draftkings,Yes,,-115,5d7901b0ad44ffe1b92e18fc8d511a7e,2026-10-08T02:13:58Z
cfb,WVU,ARIZ,2026-10-10T16:00:00Z,Isaiah Mizell,anytime_td,draftkings,Yes,,100,5d7901b0ad44ffe1b92e18fc8d511a7e,2026-10-08T02:13:58Z
cfb,WVU,ARIZ,2026-10-10T16:00:00Z,Chris Hunter,anytime_td,draftkings,Yes,,105,5d7901b0ad44ffe1b92e18fc8d511a7e,2026-10-08T02:13:58Z
cfb,WVU,ARIZ,2026-10-10T16:00:00Z,Quincy Craig,anytime_td,draftkings,Yes,,130,5d7901b0ad44ffe1b92e18fc8d511a7e,2026-10-08T02:13:58Z
cfb,WVU,ARIZ,2026-10-10T16:00:00Z,Brandon Phelps,anytime_td,draftkings,Yes,,155,5d7901b0ad44ffe1b92e18fc8d511a7e,2026-10-08T02:13:58Z
cfb,WVU,ARIZ,2026-10-10T16:00:00Z,Caleb Smith,anytime_td,draftkings,Yes,,165,5d7901b0ad44ffe1b92e18fc8d511a7e,2026-10-08T02:13:58Z
cfb,WVU,ARIZ,2026-10-10T16:00:00Z,Gio Richardson,anytime_td,draftkings,Yes,,190,5d7901b0ad44ffe1b92e18fc8d511a7e,2026-10-08T02:13:58Z
cfb,WVU,ARIZ,2026-10-10T16:00:00Z,Jaden Bray,anytime_td,draftkings,Yes,,195,5d7901b0ad44ffe1b92e18fc8d511a7e,2026-10-08T02:13:58Z
cfb,WVU,ARIZ,2026-10-10T16:00:00Z,Rodney Gallagher III,anytime_td,draftkings,Yes,,220,5d7901b0ad44ffe1b92e18fc8d511a7e,2026-10-08T02:13:58Z
cfb,WVU,ARIZ,2026-10-10T16:00:00Z,Antwan Roberts Jr.,anytime_td,draftkings,Yes,,235,5d7901b0ad44ffe1b92e18fc8d511a7e,2026-10-08T02:13:58Z
cfb,WVU,ARIZ,2026-10-10T16:00:00Z,John Neider,anytime_td,draftkings,Yes,,245,5d7901b0ad44ffe1b92e18fc8d511a7e,2026-10-08T02:13:58Z
cfb,WVU,ARIZ,2026-10-10T16:00:00Z,Amari Latimer,anytime_td,draftkings,Yes,,250,5d7901b0ad44ffe1b92e18fc8d511a7e,2026-10-08T02:13:58Z
cfb,WVU,ARIZ,2026-10-10T16:00:00Z,Cole Rusk,anytime_td,draftkings,Yes,,370,5d7901b0ad44ffe1b92e18fc8d511a7e,2026-10-08T02:13:58Z
cfb,WVU,ARIZ,2026-10-10T16:00:00Z,Ismail Mahdi,anytime_td,draftkings,Yes,,380,5d7901b0ad44ffe1b92e18fc8d511a7e,2026-10-08T02:13:58Z
cfb,WVU,ARIZ,2026-10-10T16:00:00Z,Ryan Ward,anytime_td,draftkings,Yes,,400,5d7901b0ad44ffe1b92e18fc8d511a7e,2026-10-08T02:13:58Z
cfb,WVU,ARIZ,2026-10-10T16:00:00Z,Arizona Wildcats D/ST,anytime_td,draftkings,Yes,,475,5d7901b0ad44ffe1b92e18fc8d511a7e,2026-10-08T02:13:58Z
cfb,WVU,ARIZ,2026-10-10T16:00:00Z,Shane King,anytime_td,draftkings,Yes,,500,5d7901b0ad44ffe1b92e18fc8d511a7e,2026-10-08T02:13:58Z
cfb,WVU,ARIZ,2026-10-10T16:00:00Z,West Virginia Mountaineers D/ST,anytime_td,draftkings,Yes,,500,5d7901b0ad44ffe1b92e18fc8d511a7e,2026-10-08T02:13:58Z
cfb,WVU,ARIZ,2026-10-10T16:00:00Z,Martavious Boswell,anytime_td,draftkings,Yes,,600,5d7901b0ad44ffe1b92e18fc8d511a7e,2026-10-08T02:13:58Z
cfb,NCSU,WAKE,2026-10-10T16:00:00Z,Ty Clark III,anytime_td,draftkings,Yes,,-195,416ce0307b7b9d97f5365a29c1729339,2026-10-08T02:14:15Z
cfb,NCSU,WAKE,2026-10-10T16:00:00Z,Deuce Lawrence,anytime_td,draftkings,Yes,,-180,416ce0307b7b9d97f5365a29c1729339,2026-10-08T02:14:15Z
cfb,NCSU,WAKE,2026-10-10T16:00:00Z,Gio Lopez,anytime_td,draftkings,Yes,,-175,416ce0307b7b9d97f5365a29c1729339,2026-10-08T02:14:15Z
cfb,NCSU,WAKE,2026-10-10T16:00:00Z,Carlos Hernandez,anytime_td,draftkings,Yes,,-120,416ce0307b7b9d97f5365a29c1729339,2026-10-08T02:14:15Z
cfb,NCSU,WAKE,2026-10-10T16:00:00Z,Davion Gause,anytime_td,draftkings,Yes,,-115,416ce0307b7b9d97f5365a29c1729339,2026-10-08T02:14:15Z
cfb,NCSU,WAKE,2026-10-10T16:00:00Z,Jayden Scott,anytime_td,draftkings,Yes,,-115,416ce0307b7b9d97f5365a29c1729339,2026-10-08T02:14:15Z
cfb,NCSU,WAKE,2026-10-10T16:00:00Z,CJ Bailey,anytime_td,draftkings,Yes,,115,416ce0307b7b9d97f5365a29c1729339,2026-10-08T02:14:15Z
cfb,NCSU,WAKE,2026-10-10T16:00:00Z,Will Wilson,anytime_td,draftkings,Yes,,120,416ce0307b7b9d97f5365a29c1729339,2026-10-08T02:14:15Z
cfb,NCSU,WAKE,2026-10-10T16:00:00Z,Keenan Jackson,anytime_td,draftkings,Yes,,180,416ce0307b7b9d97f5365a29c1729339,2026-10-08T02:14:15Z
cfb,NCSU,WAKE,2026-10-10T16:00:00Z,Preston Douglas,anytime_td,draftkings,Yes,,245,416ce0307b7b9d97f5365a29c1729339,2026-10-08T02:14:15Z
cfb,NCSU,WAKE,2026-10-10T16:00:00Z,Kam Shanks,anytime_td,draftkings,Yes,,270,416ce0307b7b9d97f5365a29c1729339,2026-10-08T02:14:15Z
cfb,NCSU,WAKE,2026-10-10T16:00:00Z,Joshisa Trader,anytime_td,draftkings,Yes,,290,416ce0307b7b9d97f5365a29c1729339,2026-10-08T02:14:15Z
cfb,NCSU,WAKE,2026-10-10T16:00:00Z,Jack Foley,anytime_td,draftkings,Yes,,290,416ce0307b7b9d97f5365a29c1729339,2026-10-08T02:14:15Z
cfb,NCSU,WAKE,2026-10-10T16:00:00Z,Tyran Warren,anytime_td,draftkings,Yes,,310,416ce0307b7b9d97f5365a29c1729339,2026-10-08T02:14:15Z
cfb,NCSU,WAKE,2026-10-10T16:00:00Z,Antonio Meeks,anytime_td,draftkings,Yes,,320,416ce0307b7b9d97f5365a29c1729339,2026-10-08T02:14:15Z
cfb,NCSU,WAKE,2026-10-10T16:00:00Z,Hunter Provience,anytime_td,draftkings,Yes,,380,416ce0307b7b9d97f5365a29c1729339,2026-10-08T02:14:15Z
cfb,NCSU,WAKE,2026-10-10T16:00:00Z,KD Daniels,anytime_td,draftkings,Yes,,425,416ce0307b7b9d97f5365a29c1729339,2026-10-08T02:14:15Z
cfb,NCSU,WAKE,2026-10-10T16:00:00Z,Victor Snow,anytime_td,draftkings,Yes,,450,416ce0307b7b9d97f5365a29c1729339,2026-10-08T02:14:15Z
cfb,NCSU,WAKE,2026-10-10T16:00:00Z,Drayden Dickmann,anytime_td,draftkings,Yes,,450,416ce0307b7b9d97f5365a29c1729339,2026-10-08T02:14:15Z
cfb,NCSU,WAKE,2026-10-10T16:00:00Z,Davion Dozier,anytime_td,draftkings,Yes,,500,416ce0307b7b9d97f5365a29c1729339,2026-10-08T02:14:15Z
cfb,NCSU,WAKE,2026-10-10T16:00:00Z,Chance Robinson,anytime_td,draftkings,Yes,,500,416ce0307b7b9d97f5365a29c1729339,2026-10-08T02:14:15Z
cfb,NCSU,WAKE,2026-10-10T16:00:00Z,Wake Forest Demon Deacons D/ST,anytime_td,draftkings,Yes,,550,416ce0307b7b9d97f5365a29c1729339,2026-10-08T02:14:15Z
cfb,NCSU,WAKE,2026-10-10T16:00:00Z,Will Loerzel,anytime_td,draftkings,Yes,,600,416ce0307b7b9d97f5365a29c1729339,2026-10-08T02:14:15Z
cfb,NCSU,WAKE,2026-10-10T16:00:00Z,Bryce Kania,anytime_td,draftkings,Yes,,600,416ce0307b7b9d97f5365a29c1729339,2026-10-08T02:14:15Z
cfb,NCSU,WAKE,2026-10-10T16:00:00Z,Kamrean Johnson,anytime_td,draftkings,Yes,,600,416ce0307b7b9d97f5365a29c1729339,2026-10-08T02:14:15Z
cfb,NCSU,WAKE,2026-10-10T16:00:00Z,NC State Wolfpack D/ST,anytime_td,draftkings,Yes,,600,416ce0307b7b9d97f5365a29c1729339,2026-10-08T02:14:15Z
cfb,NU,BALL,2026-10-10T16:30:00Z,Caleb Komolafe,anytime_td,draftkings,Yes,,-330,71ed0e11bb0f2e5149ac4821fcde4599,2026-10-08T02:12:24Z
cfb,NU,BALL,2026-10-10T16:30:00Z,Aidan Chiles,anytime_td,draftkings,Yes,,-265,71ed0e11bb0f2e5149ac4821fcde4599,2026-10-08T02:12:24Z
cfb,NU,BALL,2026-10-10T16:30:00Z,Joseph Himon II,anytime_td,draftkings,Yes,,-260,71ed0e11bb0f2e5149ac4821fcde4599,2026-10-08T02:12:24Z
cfb,NU,BALL,2026-10-10T16:30:00Z,Gavin Sawchuk,anytime_td,draftkings,Yes,,-175,71ed0e11bb0f2e5149ac4821fcde4599,2026-10-08T02:12:24Z
cfb,NU,BALL,2026-10-10T16:30:00Z,Griffin Wilde,anytime_td,draftkings,Yes,,-110,71ed0e11bb0f2e5149ac4821fcde4599,2026-10-08T02:12:24Z
cfb,NU,BALL,2026-10-10T16:30:00Z,Drew Wagner,anytime_td,draftkings,Yes,,150,71ed0e11bb0f2e5149ac4821fcde4599,2026-10-08T02:12:24Z
cfb,NU,BALL,2026-10-10T16:30:00Z,Luke Dehnicke,anytime_td,draftkings,Yes,,220,71ed0e11bb0f2e5149ac4821fcde4599,2026-10-08T02:12:24Z
cfb,NU,BALL,2026-10-10T16:30:00Z,Alex Honig,anytime_td,draftkings,Yes,,240,71ed0e11bb0f2e5149ac4821fcde4599,2026-10-08T02:12:24Z
cfb,NU,BALL,2026-10-10T16:30:00Z,Ricky Ahumaraeze,anytime_td,draftkings,Yes,,245,71ed0e11bb0f2e5149ac4821fcde4599,2026-10-08T02:12:24Z
cfb,NU,BALL,2026-10-10T16:30:00Z,TJ Horton,anytime_td,draftkings,Yes,,295,71ed0e11bb0f2e5149ac4821fcde4599,2026-10-08T02:12:24Z
cfb,NU,BALL,2026-10-10T16:30:00Z,Northwestern Wildcats D/ST,anytime_td,draftkings,Yes,,330,71ed0e11bb0f2e5149ac4821fcde4599,2026-10-08T02:12:24Z
cfb,NU,BALL,2026-10-10T16:30:00Z,Johnny Thompson Jr.,anytime_td,draftkings,Yes,,550,71ed0e11bb0f2e5149ac4821fcde4599,2026-10-08T02:12:24Z
cfb,NU,BALL,2026-10-10T16:30:00Z,Jalen Bonds,anytime_td,draftkings,Yes,,650,71ed0e11bb0f2e5149ac4821fcde4599,2026-10-08T02:12:24Z
cfb,NU,BALL,2026-10-10T16:30:00Z,Ball State Cardinals D/ST,anytime_td,draftkings,Yes,,650,71ed0e11bb0f2e5149ac4821fcde4599,2026-10-08T02:12:24Z
cfb,NU,BALL,2026-10-10T16:30:00Z,Keldric Luster,anytime_td,draftkings,Yes,,700,71ed0e11bb0f2e5149ac4821fcde4599,2026-10-08T02:12:24Z
cfb,NU,BALL,2026-10-10T16:30:00Z,Donovan Hamilton,anytime_td,draftkings,Yes,,700,71ed0e11bb0f2e5149ac4821fcde4599,2026-10-08T02:12:24Z
cfb,NU,BALL,2026-10-10T16:30:00Z,Jabari Smith Jr.,anytime_td,draftkings,Yes,,950,71ed0e11bb0f2e5149ac4821fcde4599,2026-10-08T02:12:24Z
cfb,NU,BALL,2026-10-10T16:30:00Z,Isaiah Thacker,anytime_td,draftkings,Yes,,1000,71ed0e11bb0f2e5149ac4821fcde4599,2026-10-08T02:12:24Z
cfb,NU,BALL,2026-10-10T16:30:00Z,Tate Hoover,anytime_td,draftkings,Yes,,1000,71ed0e11bb0f2e5149ac4821fcde4599,2026-10-08T02:12:24Z
cfb,NU,BALL,2026-10-10T16:30:00Z,Jamarion McDougle,anytime_td,draftkings,Yes,,1200,71ed0e11bb0f2e5149ac4821fcde4599,2026-10-08T02:12:24Z
cfb,NU,BALL,2026-10-10T16:30:00Z,Elisha Durham,anytime_td,draftkings,Yes,,1400,71ed0e11bb0f2e5149ac4821fcde4599,2026-10-08T02:12:24Z
cfb,FLA,SC,2026-10-10T16:45:00Z,Jadan Baugh,anytime_td,draftkings,Yes,,-650,9383cbbbb905d9ee50a3341f6945eae7,2026-10-08T02:13:16Z
cfb,FLA,SC,2026-10-10T16:45:00Z,Matt Fuller,anytime_td,draftkings,Yes,,-135,9383cbbbb905d9ee50a3341f6945eae7,2026-10-08T02:13:16Z
cfb,FLA,SC,2026-10-10T16:45:00Z,LaNorris Sellers,anytime_td,draftkings,Yes,,-110,9383cbbbb905d9ee50a3341f6945eae7,2026-10-08T02:13:16Z
cfb,FLA,SC,2026-10-10T16:45:00Z,Duke Clark,anytime_td,draftkings,Yes,,100,9383cbbbb905d9ee50a3341f6945eae7,2026-10-08T02:13:16Z
cfb,FLA,SC,2026-10-10T16:45:00Z,Aaron Philo,anytime_td,draftkings,Yes,,105,9383cbbbb905d9ee50a3341f6945eae7,2026-10-08T02:13:16Z
cfb,FLA,SC,2026-10-10T16:45:00Z,Dallas Wilson,anytime_td,draftkings,Yes,,150,9383cbbbb905d9ee50a3341f6945eae7,2026-10-08T02:13:16Z
cfb,FLA,SC,2026-10-10T16:45:00Z,Vernell Brown III,anytime_td,draftkings,Yes,,150,9383cbbbb905d9ee50a3341f6945eae7,2026-10-08T02:13:16Z
cfb,FLA,SC,2026-10-10T16:45:00Z,Nyck Harbor,anytime_td,draftkings,Yes,,210,9383cbbbb905d9ee50a3341f6945eae7,2026-10-08T02:13:16Z
cfb,FLA,SC,2026-10-10T16:45:00Z,Jabree Coleman,anytime_td,draftkings,Yes,,245,9383cbbbb905d9ee50a3341f6945eae7,2026-10-08T02:13:16Z
cfb,FLA,SC,2026-10-10T16:45:00Z,London Montgomery,anytime_td,draftkings,Yes,,260,9383cbbbb905d9ee50a3341f6945eae7,2026-10-08T02:13:16Z
cfb,FLA,SC,2026-10-10T16:45:00Z,Mazeo Bennett Jr.,anytime_td,draftkings,Yes,,260,9383cbbbb905d9ee50a3341f6945eae7,2026-10-08T02:13:16Z
cfb,FLA,SC,2026-10-10T16:45:00Z,Bailey Stockton,anytime_td,draftkings,Yes,,310,9383cbbbb905d9ee50a3341f6945eae7,2026-10-08T02:13:16Z
cfb,FLA,SC,2026-10-10T16:45:00Z,Isaiah Augustave,anytime_td,draftkings,Yes,,320,9383cbbbb905d9ee50a3341f6945eae7,2026-10-08T02:13:16Z
cfb,FLA,SC,2026-10-10T16:45:00Z,Eric Singleton Jr.,anytime_td,draftkings,Yes,,350,9383cbbbb905d9ee50a3341f6945eae7,2026-10-08T02:13:16Z
cfb,FLA,SC,2026-10-10T16:45:00Z,Amir Jackson,anytime_td,draftkings,Yes,,360,9383cbbbb905d9ee50a3341f6945eae7,2026-10-08T02:13:16Z
cfb,FLA,SC,2026-10-10T16:45:00Z,DJ Black,anytime_td,draftkings,Yes,,400,9383cbbbb905d9ee50a3341f6945eae7,2026-10-08T02:13:16Z
cfb,FLA,SC,2026-10-10T16:45:00Z,Christian Clark,anytime_td,draftkings,Yes,,450,9383cbbbb905d9ee50a3341f6945eae7,2026-10-08T02:13:16Z
cfb,FLA,SC,2026-10-10T16:45:00Z,Luke Harpring,anytime_td,draftkings,Yes,,475,9383cbbbb905d9ee50a3341f6945eae7,2026-10-08T02:13:16Z
cfb,FLA,SC,2026-10-10T16:45:00Z,Brady Hunt,anytime_td,draftkings,Yes,,475,9383cbbbb905d9ee50a3341f6945eae7,2026-10-08T02:13:16Z
cfb,FLA,SC,2026-10-10T16:45:00Z,Nitro Tuggle,anytime_td,draftkings,Yes,,500,9383cbbbb905d9ee50a3341f6945eae7,2026-10-08T02:13:16Z
cfb,FLA,SC,2026-10-10T16:45:00Z,Micah Mays Jr.,anytime_td,draftkings,Yes,,550,9383cbbbb905d9ee50a3341f6945eae7,2026-10-08T02:13:16Z
cfb,FLA,SC,2026-10-10T16:45:00Z,Donovan Murph,anytime_td,draftkings,Yes,,550,9383cbbbb905d9ee50a3341f6945eae7,2026-10-08T02:13:16Z
cfb,FLA,SC,2026-10-10T16:45:00Z,Maurice Brown II,anytime_td,draftkings,Yes,,550,9383cbbbb905d9ee50a3341f6945eae7,2026-10-08T02:13:16Z
cfb,FLA,SC,2026-10-10T16:45:00Z,Florida Gators D/ST,anytime_td,draftkings,Yes,,550,9383cbbbb905d9ee50a3341f6945eae7,2026-10-08T02:13:16Z
cfb,FLA,SC,2026-10-10T16:45:00Z,TJ Abrams,anytime_td,draftkings,Yes,,600,9383cbbbb905d9ee50a3341f6945eae7,2026-10-08T02:13:16Z
cfb,FLA,SC,2026-10-10T16:45:00Z,South Carolina Gamecocks D/ST,anytime_td,draftkings,Yes,,650,9383cbbbb905d9ee50a3341f6945eae7,2026-10-08T02:13:16Z
cfb,FLA,SC,2026-10-10T16:45:00Z,Lex Cyrus,anytime_td,draftkings,Yes,,950,9383cbbbb905d9ee50a3341f6945eae7,2026-10-08T02:13:16Z
cfb,FLA,SC,2026-10-10T16:45:00Z,Jadan Baugh,anytime_td,fanduel,Yes,,-475,9383cbbbb905d9ee50a3341f6945eae7,2026-10-08T02:13:47Z
cfb,FLA,SC,2026-10-10T16:45:00Z,Matt Fuller,anytime_td,fanduel,Yes,,-150,9383cbbbb905d9ee50a3341f6945eae7,2026-10-08T02:13:47Z
cfb,FLA,SC,2026-10-10T16:45:00Z,LaNorris Sellers,anytime_td,fanduel,Yes,,115,9383cbbbb905d9ee50a3341f6945eae7,2026-10-08T02:13:47Z
cfb,FLA,SC,2026-10-10T16:45:00Z,Duke Clark,anytime_td,fanduel,Yes,,135,9383cbbbb905d9ee50a3341f6945eae7,2026-10-08T02:13:47Z
cfb,FLA,SC,2026-10-10T16:45:00Z,Vernell Brown III,anytime_td,fanduel,Yes,,145,9383cbbbb905d9ee50a3341f6945eae7,2026-10-08T02:13:47Z
cfb,FLA,SC,2026-10-10T16:45:00Z,Dallas Wilson,anytime_td,fanduel,Yes,,140,9383cbbbb905d9ee50a3341f6945eae7,2026-10-08T02:13:47Z
cfb,FLA,SC,2026-10-10T16:45:00Z,Aaron Philo,anytime_td,fanduel,Yes,,155,9383cbbbb905d9ee50a3341f6945eae7,2026-10-08T02:13:47Z
cfb,FLA,SC,2026-10-10T16:45:00Z,Nyck Harbor,anytime_td,fanduel,Yes,,220,9383cbbbb905d9ee50a3341f6945eae7,2026-10-08T02:13:47Z
cfb,FLA,SC,2026-10-10T16:45:00Z,Bailey Stockton,anytime_td,fanduel,Yes,,260,9383cbbbb905d9ee50a3341f6945eae7,2026-10-08T02:13:47Z
cfb,FLA,SC,2026-10-10T16:45:00Z,Jabree Coleman,anytime_td,fanduel,Yes,,260,9383cbbbb905d9ee50a3341f6945eae7,2026-10-08T02:13:47Z
cfb,FLA,SC,2026-10-10T16:45:00Z,Eric Singleton Jr.,anytime_td,fanduel,Yes,,260,9383cbbbb905d9ee50a3341f6945eae7,2026-10-08T02:13:47Z
cfb,FLA,SC,2026-10-10T16:45:00Z,Mazeo Bennett Jr.,anytime_td,fanduel,Yes,,260,9383cbbbb905d9ee50a3341f6945eae7,2026-10-08T02:13:47Z
cfb,FLA,SC,2026-10-10T16:45:00Z,DJ Black,anytime_td,fanduel,Yes,,370,9383cbbbb905d9ee50a3341f6945eae7,2026-10-08T02:13:47Z
cfb,FLA,SC,2026-10-10T16:45:00Z,Luke Harpring,anytime_td,fanduel,Yes,,410,9383cbbbb905d9ee50a3341f6945eae7,2026-10-08T02:13:47Z
cfb,FLA,SC,2026-10-10T16:45:00Z,Florida Gators Defense,anytime_td,fanduel,Yes,,420,9383cbbbb905d9ee50a3341f6945eae7,2026-10-08T02:13:47Z
cfb,FLA,SC,2026-10-10T16:45:00Z,Brady Hunt,anytime_td,fanduel,Yes,,450,9383cbbbb905d9ee50a3341f6945eae7,2026-10-08T02:13:47Z
cfb,FLA,SC,2026-10-10T16:45:00Z,TJ Abrams,anytime_td,fanduel,Yes,,460,9383cbbbb905d9ee50a3341f6945eae7,2026-10-08T02:13:47Z
cfb,FLA,SC,2026-10-10T16:45:00Z,Donovan Murph,anytime_td,fanduel,Yes,,500,9383cbbbb905d9ee50a3341f6945eae7,2026-10-08T02:13:47Z
cfb,FLA,SC,2026-10-10T16:45:00Z,Maurice Brown II,anytime_td,fanduel,Yes,,600,9383cbbbb905d9ee50a3341f6945eae7,2026-10-08T02:13:47Z
cfb,FLA,SC,2026-10-10T16:45:00Z,South Carolina Gamecocks Defense,anytime_td,fanduel,Yes,,750,9383cbbbb905d9ee50a3341f6945eae7,2026-10-08T02:13:47Z
cfb,FLA,SC,2026-10-10T16:45:00Z,LaNorris Sellers,pass_td,fanduel,Under,1.5,-192,9383cbbbb905d9ee50a3341f6945eae7,2026-10-08T02:13:47Z
cfb,FLA,SC,2026-10-10T16:45:00Z,LaNorris Sellers,pass_td,fanduel,Over,1.5,142,9383cbbbb905d9ee50a3341f6945eae7,2026-10-08T02:13:47Z
cfb,FLA,SC,2026-10-10T16:45:00Z,Aaron Philo,pass_td,fanduel,Over,1.5,-158,9383cbbbb905d9ee50a3341f6945eae7,2026-10-08T02:13:47Z
cfb,FLA,SC,2026-10-10T16:45:00Z,Aaron Philo,pass_td,fanduel,Under,1.5,118,9383cbbbb905d9ee50a3341f6945eae7,2026-10-08T02:13:47Z
cfb,FLA,SC,2026-10-10T16:45:00Z,Aaron Philo,pass_yds,fanduel,Over,221.5,-114,9383cbbbb905d9ee50a3341f6945eae7,2026-10-08T02:13:47Z
cfb,FLA,SC,2026-10-10T16:45:00Z,Aaron Philo,pass_yds,fanduel,Under,221.5,-114,9383cbbbb905d9ee50a3341f6945eae7,2026-10-08T02:13:47Z
cfb,FLA,SC,2026-10-10T16:45:00Z,LaNorris Sellers,pass_yds,fanduel,Over,221.5,-114,9383cbbbb905d9ee50a3341f6945eae7,2026-10-08T02:13:47Z
cfb,FLA,SC,2026-10-10T16:45:00Z,LaNorris Sellers,pass_yds,fanduel,Under,221.5,-114,9383cbbbb905d9ee50a3341f6945eae7,2026-10-08T02:13:47Z
cfb,FLA,SC,2026-10-10T16:45:00Z,Bailey Stockton,rec_yds,fanduel,Over,24.5,-114,9383cbbbb905d9ee50a3341f6945eae7,2026-10-08T02:13:47Z
cfb,FLA,SC,2026-10-10T16:45:00Z,Bailey Stockton,rec_yds,fanduel,Under,24.5,-114,9383cbbbb905d9ee50a3341f6945eae7,2026-10-08T02:13:47Z
cfb,FLA,SC,2026-10-10T16:45:00Z,Luke Harpring,rec_yds,fanduel,Over,23.5,-114,9383cbbbb905d9ee50a3341f6945eae7,2026-10-08T02:13:47Z
cfb,FLA,SC,2026-10-10T16:45:00Z,Luke Harpring,rec_yds,fanduel,Under,23.5,-114,9383cbbbb905d9ee50a3341f6945eae7,2026-10-08T02:13:47Z
cfb,FLA,SC,2026-10-10T16:45:00Z,Brady Hunt,rec_yds,fanduel,Over,20.5,-114,9383cbbbb905d9ee50a3341f6945eae7,2026-10-08T02:13:47Z
cfb,FLA,SC,2026-10-10T16:45:00Z,Brady Hunt,rec_yds,fanduel,Under,20.5,-114,9383cbbbb905d9ee50a3341f6945eae7,2026-10-08T02:13:47Z
cfb,FLA,SC,2026-10-10T16:45:00Z,Matt Fuller,rec_yds,fanduel,Under,17.5,-118,9383cbbbb905d9ee50a3341f6945eae7,2026-10-08T02:13:47Z
cfb,FLA,SC,2026-10-10T16:45:00Z,Matt Fuller,rec_yds,fanduel,Over,17.5,-112,9383cbbbb905d9ee50a3341f6945eae7,2026-10-08T02:13:47Z
cfb,FLA,SC,2026-10-10T16:45:00Z,Dallas Wilson,rec_yds,fanduel,Over,44.5,-118,9383cbbbb905d9ee50a3341f6945eae7,2026-10-08T02:13:47Z
cfb,FLA,SC,2026-10-10T16:45:00Z,Dallas Wilson,rec_yds,fanduel,Under,44.5,-112,9383cbbbb905d9ee50a3341f6945eae7,2026-10-08T02:13:47Z
cfb,FLA,SC,2026-10-10T16:45:00Z,Nyck Harbor,rec_yds,fanduel,Over,44.5,-114,9383cbbbb905d9ee50a3341f6945eae7,2026-10-08T02:13:47Z
cfb,FLA,SC,2026-10-10T16:45:00Z,Nyck Harbor,rec_yds,fanduel,Under,44.5,-114,9383cbbbb905d9ee50a3341f6945eae7,2026-10-08T02:13:47Z
cfb,FLA,SC,2026-10-10T16:45:00Z,Jadan Baugh,rec_yds,fanduel,Over,8.5,-114,9383cbbbb905d9ee50a3341f6945eae7,2026-10-08T02:13:47Z
cfb,FLA,SC,2026-10-10T16:45:00Z,Jadan Baugh,rec_yds,fanduel,Under,8.5,-114,9383cbbbb905d9ee50a3341f6945eae7,2026-10-08T02:13:47Z
cfb,FLA,SC,2026-10-10T16:45:00Z,DJ Black,rec_yds,fanduel,Over,28.5,-114,9383cbbbb905d9ee50a3341f6945eae7,2026-10-08T02:13:47Z
cfb,FLA,SC,2026-10-10T16:45:00Z,DJ Black,rec_yds,fanduel,Under,28.5,-114,9383cbbbb905d9ee50a3341f6945eae7,2026-10-08T02:13:47Z
cfb,FLA,SC,2026-10-10T16:45:00Z,Nyck Harbor,receptions,fanduel,Under,3.5,-122,9383cbbbb905d9ee50a3341f6945eae7,2026-10-08T02:13:47Z
cfb,FLA,SC,2026-10-10T16:45:00Z,Nyck Harbor,receptions,fanduel,Over,3.5,-108,9383cbbbb905d9ee50a3341f6945eae7,2026-10-08T02:13:47Z
cfb,FLA,SC,2026-10-10T16:45:00Z,Dallas Wilson,receptions,fanduel,Under,3.5,-144,9383cbbbb905d9ee50a3341f6945eae7,2026-10-08T02:13:47Z
cfb,FLA,SC,2026-10-10T16:45:00Z,Dallas Wilson,receptions,fanduel,Over,3.5,108,9383cbbbb905d9ee50a3341f6945eae7,2026-10-08T02:13:47Z
cfb,FLA,SC,2026-10-10T16:45:00Z,Aaron Philo,rush_yds,fanduel,Over,13.5,-114,9383cbbbb905d9ee50a3341f6945eae7,2026-10-08T02:13:47Z
cfb,FLA,SC,2026-10-10T16:45:00Z,Aaron Philo,rush_yds,fanduel,Under,13.5,-114,9383cbbbb905d9ee50a3341f6945eae7,2026-10-08T02:13:47Z
cfb,FLA,SC,2026-10-10T16:45:00Z,LaNorris Sellers,rush_yds,fanduel,Under,49.5,-118,9383cbbbb905d9ee50a3341f6945eae7,2026-10-08T02:13:47Z
cfb,FLA,SC,2026-10-10T16:45:00Z,LaNorris Sellers,rush_yds,fanduel,Over,49.5,-112,9383cbbbb905d9ee50a3341f6945eae7,2026-10-08T02:13:47Z
cfb,FLA,SC,2026-10-10T16:45:00Z,Matt Fuller,rush_yds,fanduel,Over,62.5,-114,9383cbbbb905d9ee50a3341f6945eae7,2026-10-08T02:13:47Z
cfb,FLA,SC,2026-10-10T16:45:00Z,Matt Fuller,rush_yds,fanduel,Under,62.5,-114,9383cbbbb905d9ee50a3341f6945eae7,2026-10-08T02:13:47Z
cfb,FLA,SC,2026-10-10T16:45:00Z,Jadan Baugh,rush_yds,fanduel,Over,121.5,-114,9383cbbbb905d9ee50a3341f6945eae7,2026-10-08T02:13:47Z
cfb,FLA,SC,2026-10-10T16:45:00Z,Jadan Baugh,rush_yds,fanduel,Under,121.5,-114,9383cbbbb905d9ee50a3341f6945eae7,2026-10-08T02:13:47Z
cfb,FLA,SC,2026-10-10T16:45:00Z,Brady Hunt,anytime_td,betmgm,Yes,,310,9383cbbbb905d9ee50a3341f6945eae7,2026-10-08T02:14:15Z
cfb,FLA,SC,2026-10-10T16:45:00Z,Duke Clark,anytime_td,betmgm,Yes,,100,9383cbbbb905d9ee50a3341f6945eae7,2026-10-08T02:14:15Z
cfb,FLA,SC,2026-10-10T16:45:00Z,Jadan Baugh,anytime_td,betmgm,Yes,,-600,9383cbbbb905d9ee50a3341f6945eae7,2026-10-08T02:14:15Z
cfb,FLA,SC,2026-10-10T16:45:00Z,DJ Black,anytime_td,betmgm,Yes,,333,9383cbbbb905d9ee50a3341f6945eae7,2026-10-08T02:14:15Z
cfb,FLA,SC,2026-10-10T16:45:00Z,Matt Fuller,anytime_td,betmgm,Yes,,-150,9383cbbbb905d9ee50a3341f6945eae7,2026-10-08T02:14:15Z
cfb,FLA,SC,2026-10-10T16:45:00Z,Luke Harpring,anytime_td,betmgm,Yes,,280,9383cbbbb905d9ee50a3341f6945eae7,2026-10-08T02:14:15Z
cfb,FLA,SC,2026-10-10T16:45:00Z,Dallas Wilson,anytime_td,betmgm,Yes,,105,9383cbbbb905d9ee50a3341f6945eae7,2026-10-08T02:14:15Z
cfb,FLA,SC,2026-10-10T16:45:00Z,Nyck Harbor,anytime_td,betmgm,Yes,,150,9383cbbbb905d9ee50a3341f6945eae7,2026-10-08T02:14:15Z
cfb,FLA,SC,2026-10-10T16:45:00Z,Vernell Brown III,anytime_td,betmgm,Yes,,-111,9383cbbbb905d9ee50a3341f6945eae7,2026-10-08T02:14:15Z
cfb,FLA,SC,2026-10-10T16:45:00Z,Mazeo Bennett Jr.,anytime_td,betmgm,Yes,,230,9383cbbbb905d9ee50a3341f6945eae7,2026-10-08T02:14:15Z
cfb,FLA,SC,2026-10-10T16:45:00Z,Aaron Philo,anytime_td,betmgm,Yes,,145,9383cbbbb905d9ee50a3341f6945eae7,2026-10-08T02:14:15Z
cfb,FLA,SC,2026-10-10T16:45:00Z,LaNorris Sellers,anytime_td,betmgm,Yes,,-135,9383cbbbb905d9ee50a3341f6945eae7,2026-10-08T02:14:15Z
cfb,OU,TEX,2026-10-10T19:30:00Z,Hollywood Smothers,anytime_td,fanduel,Yes,,130,82b83ec87fc2be5faa2e9f26ac50edef,2026-10-08T02:14:24Z
cfb,OU,TEX,2026-10-10T19:30:00Z,Raleek Brown,anytime_td,fanduel,Yes,,165,82b83ec87fc2be5faa2e9f26ac50edef,2026-10-08T02:14:24Z
cfb,OU,TEX,2026-10-10T19:30:00Z,Arch Manning,anytime_td,fanduel,Yes,,190,82b83ec87fc2be5faa2e9f26ac50edef,2026-10-08T02:14:24Z
cfb,OU,TEX,2026-10-10T19:30:00Z,Ryan Wingo,anytime_td,fanduel,Yes,,210,82b83ec87fc2be5faa2e9f26ac50edef,2026-10-08T02:14:24Z
cfb,OU,TEX,2026-10-10T19:30:00Z,Cam Coleman,anytime_td,fanduel,Yes,,210,82b83ec87fc2be5faa2e9f26ac50edef,2026-10-08T02:14:24Z
cfb,OU,TEX,2026-10-10T19:30:00Z,Isaiah Sategna III,anytime_td,fanduel,Yes,,250,82b83ec87fc2be5faa2e9f26ac50edef,2026-10-08T02:14:24Z
cfb,OU,TEX,2026-10-10T19:30:00Z,John Mateer,anytime_td,fanduel,Yes,,280,82b83ec87fc2be5faa2e9f26ac50edef,2026-10-08T02:14:24Z
cfb,OU,TEX,2026-10-10T19:30:00Z,Lloyd Avant,anytime_td,fanduel,Yes,,300,82b83ec87fc2be5faa2e9f26ac50edef,2026-10-08T02:14:24Z
cfb,OU,TEX,2026-10-10T19:30:00Z,Rocky Beers,anytime_td,fanduel,Yes,,310,82b83ec87fc2be5faa2e9f26ac50edef,2026-10-08T02:14:24Z
cfb,OU,TEX,2026-10-10T19:30:00Z,Emmett Mosley V,anytime_td,fanduel,Yes,,350,82b83ec87fc2be5faa2e9f26ac50edef,2026-10-08T02:14:24Z
cfb,OU,TEX,2026-10-10T19:30:00Z,Texas Longhorns Defense,anytime_td,fanduel,Yes,,500,82b83ec87fc2be5faa2e9f26ac50edef,2026-10-08T02:14:24Z
cfb,OU,TEX,2026-10-10T19:30:00Z,Jonathan Hatton Jr.,anytime_td,fanduel,Yes,,550,82b83ec87fc2be5faa2e9f26ac50edef,2026-10-08T02:14:24Z
cfb,OU,TEX,2026-10-10T19:30:00Z,Emaree Winston,anytime_td,fanduel,Yes,,650,82b83ec87fc2be5faa2e9f26ac50edef,2026-10-08T02:14:24Z
cfb,OU,TEX,2026-10-10T19:30:00Z,Jermaine Bishop Jr.,anytime_td,fanduel,Yes,,700,82b83ec87fc2be5faa2e9f26ac50edef,2026-10-08T02:14:24Z
cfb,OU,TEX,2026-10-10T19:30:00Z,Mackenzie Alleyne,anytime_td,fanduel,Yes,,950,82b83ec87fc2be5faa2e9f26ac50edef,2026-10-08T02:14:24Z
cfb,OU,TEX,2026-10-10T19:30:00Z,Elijah Thomas,anytime_td,fanduel,Yes,,1000,82b83ec87fc2be5faa2e9f26ac50edef,2026-10-08T02:14:24Z
cfb,OU,TEX,2026-10-10T19:30:00Z,Spencer Shannon,anytime_td,fanduel,Yes,,1000,82b83ec87fc2be5faa2e9f26ac50edef,2026-10-08T02:14:24Z
cfb,OU,TEX,2026-10-10T19:30:00Z,Hayden Hansen,anytime_td,fanduel,Yes,,1100,82b83ec87fc2be5faa2e9f26ac50edef,2026-10-08T02:14:24Z
cfb,OU,TEX,2026-10-10T19:30:00Z,Parker Livingstone,anytime_td,fanduel,Yes,,1100,82b83ec87fc2be5faa2e9f26ac50edef,2026-10-08T02:14:24Z
cfb,OU,TEX,2026-10-10T19:30:00Z,Oklahoma Sooners Defense,anytime_td,fanduel,Yes,,1400,82b83ec87fc2be5faa2e9f26ac50edef,2026-10-08T02:14:24Z
cfb,OU,TEX,2026-10-10T19:30:00Z,John Mateer,pass_td,fanduel,Over,0.5,-162,82b83ec87fc2be5faa2e9f26ac50edef,2026-10-08T02:14:24Z
cfb,OU,TEX,2026-10-10T19:30:00Z,John Mateer,pass_td,fanduel,Under,0.5,122,82b83ec87fc2be5faa2e9f26ac50edef,2026-10-08T02:14:24Z
cfb,OU,TEX,2026-10-10T19:30:00Z,Arch Manning,pass_td,fanduel,Under,1.5,-198,82b83ec87fc2be5faa2e9f26ac50edef,2026-10-08T02:14:24Z
cfb,OU,TEX,2026-10-10T19:30:00Z,Arch Manning,pass_td,fanduel,Over,1.5,146,82b83ec87fc2be5faa2e9f26ac50edef,2026-10-08T02:14:24Z
cfb,OU,TEX,2026-10-10T19:30:00Z,Arch Manning,pass_yds,fanduel,Over,210.5,-114,82b83ec87fc2be5faa2e9f26ac50edef,2026-10-08T02:14:24Z
cfb,OU,TEX,2026-10-10T19:30:00Z,Arch Manning,pass_yds,fanduel,Under,210.5,-114,82b83ec87fc2be5faa2e9f26ac50edef,2026-10-08T02:14:24Z
cfb,OU,TEX,2026-10-10T19:30:00Z,John Mateer,pass_yds,fanduel,Over,187.5,-114,82b83ec87fc2be5faa2e9f26ac50edef,2026-10-08T02:14:24Z
cfb,OU,TEX,2026-10-10T19:30:00Z,John Mateer,pass_yds,fanduel,Under,187.5,-114,82b83ec87fc2be5faa2e9f26ac50edef,2026-10-08T02:14:24Z
cfb,OU,TEX,2026-10-10T19:30:00Z,Cam Coleman,rec_yds,fanduel,Over,56.5,-114,82b83ec87fc2be5faa2e9f26ac50edef,2026-10-08T02:14:24Z
cfb,OU,TEX,2026-10-10T19:30:00Z,Cam Coleman,rec_yds,fanduel,Under,56.5,-114,82b83ec87fc2be5faa2e9f26ac50edef,2026-10-08T02:14:24Z
cfb,OU,TEX,2026-10-10T19:30:00Z,Emmett Mosley V,rec_yds,fanduel,Over,31.5,-114,82b83ec87fc2be5faa2e9f26ac50edef,2026-10-08T02:14:24Z
cfb,OU,TEX,2026-10-10T19:30:00Z,Emmett Mosley V,rec_yds,fanduel,Under,31.5,-114,82b83ec87fc2be5faa2e9f26ac50edef,2026-10-08T02:14:24Z
cfb,OU,TEX,2026-10-10T19:30:00Z,Ryan Wingo,rec_yds,fanduel,Over,48.5,-114,82b83ec87fc2be5faa2e9f26ac50edef,2026-10-08T02:14:24Z
cfb,OU,TEX,2026-10-10T19:30:00Z,Ryan Wingo,rec_yds,fanduel,Under,48.5,-114,82b83ec87fc2be5faa2e9f26ac50edef,2026-10-08T02:14:24Z
cfb,OU,TEX,2026-10-10T19:30:00Z,Lloyd Avant,rec_yds,fanduel,Over,8.5,-114,82b83ec87fc2be5faa2e9f26ac50edef,2026-10-08T02:14:24Z
cfb,OU,TEX,2026-10-10T19:30:00Z,Lloyd Avant,rec_yds,fanduel,Under,8.5,-114,82b83ec87fc2be5faa2e9f26ac50edef,2026-10-08T02:14:24Z
cfb,OU,TEX,2026-10-10T19:30:00Z,Rocky Beers,rec_yds,fanduel,Over,44.5,-114,82b83ec87fc2be5faa2e9f26ac50edef,2026-10-08T02:14:24Z
cfb,OU,TEX,2026-10-10T19:30:00Z,Rocky Beers,rec_yds,fanduel,Under,44.5,-114,82b83ec87fc2be5faa2e9f26ac50edef,2026-10-08T02:14:24Z
cfb,OU,TEX,2026-10-10T19:30:00Z,Hollywood Smothers,rec_yds,fanduel,Over,15.5,-114,82b83ec87fc2be5faa2e9f26ac50edef,2026-10-08T02:14:24Z
cfb,OU,TEX,2026-10-10T19:30:00Z,Hollywood Smothers,rec_yds,fanduel,Under,15.5,-114,82b83ec87fc2be5faa2e9f26ac50edef,2026-10-08T02:14:24Z
cfb,OU,TEX,2026-10-10T19:30:00Z,Emaree Winston,rec_yds,fanduel,Under,14.5,-118,82b83ec87fc2be5faa2e9f26ac50edef,2026-10-08T02:14:24Z
cfb,OU,TEX,2026-10-10T19:30:00Z,Emaree Winston,rec_yds,fanduel,Over,14.5,-112,82b83ec87fc2be5faa2e9f26ac50edef,2026-10-08T02:14:24Z
cfb,OU,TEX,2026-10-10T19:30:00Z,Isaiah Sategna III,rec_yds,fanduel,Over,59.5,-114,82b83ec87fc2be5faa2e9f26ac50edef,2026-10-08T02:14:24Z
cfb,OU,TEX,2026-10-10T19:30:00Z,Isaiah Sategna III,rec_yds,fanduel,Under,59.5,-114,82b83ec87fc2be5faa2e9f26ac50edef,2026-10-08T02:14:24Z
cfb,OU,TEX,2026-10-10T19:30:00Z,Mackenzie Alleyne,rec_yds,fanduel,Over,16.5,-114,82b83ec87fc2be5faa2e9f26ac50edef,2026-10-08T02:14:24Z
cfb,OU,TEX,2026-10-10T19:30:00Z,Mackenzie Alleyne,rec_yds,fanduel,Under,16.5,-114,82b83ec87fc2be5faa2e9f26ac50edef,2026-10-08T02:14:24Z
cfb,OU,TEX,2026-10-10T19:30:00Z,Hollywood Smothers,receptions,fanduel,Over,2.5,-114,82b83ec87fc2be5faa2e9f26ac50edef,2026-10-08T02:14:24Z
cfb,OU,TEX,2026-10-10T19:30:00Z,Hollywood Smothers,receptions,fanduel,Under,2.5,-114,82b83ec87fc2be5faa2e9f26ac50edef,2026-10-08T02:14:24Z
cfb,OU,TEX,2026-10-10T19:30:00Z,Cam Coleman,receptions,fanduel,Over,3.5,-138,82b83ec87fc2be5faa2e9f26ac50edef,2026-10-08T02:14:24Z
cfb,OU,TEX,2026-10-10T19:30:00Z,Cam Coleman,receptions,fanduel,Under,3.5,104,82b83ec87fc2be5faa2e9f26ac50edef,2026-10-08T02:14:24Z
cfb,OU,TEX,2026-10-10T19:30:00Z,Rocky Beers,receptions,fanduel,Over,3.5,-146,82b83ec87fc2be5faa2e9f26ac50edef,2026-10-08T02:14:24Z
cfb,OU,TEX,2026-10-10T19:30:00Z,Rocky Beers,receptions,fanduel,Under,3.5,110,82b83ec87fc2be5faa2e9f26ac50edef,2026-10-08T02:14:24Z
cfb,OU,TEX,2026-10-10T19:30:00Z,Isaiah Sategna III,receptions,fanduel,Under,5.5,-154,82b83ec87fc2be5faa2e9f26ac50edef,2026-10-08T02:14:24Z
cfb,OU,TEX,2026-10-10T19:30:00Z,Isaiah Sategna III,receptions,fanduel,Over,5.5,116,82b83ec87fc2be5faa2e9f26ac50edef,2026-10-08T02:14:24Z
cfb,OU,TEX,2026-10-10T19:30:00Z,Ryan Wingo,receptions,fanduel,Under,4.5,-174,82b83ec87fc2be5faa2e9f26ac50edef,2026-10-08T02:14:24Z
cfb,OU,TEX,2026-10-10T19:30:00Z,Ryan Wingo,receptions,fanduel,Over,4.5,130,82b83ec87fc2be5faa2e9f26ac50edef,2026-10-08T02:14:24Z
cfb,OU,TEX,2026-10-10T19:30:00Z,Emmett Mosley V,receptions,fanduel,Over,3.5,148,82b83ec87fc2be5faa2e9f26ac50edef,2026-10-08T02:14:24Z
cfb,OU,TEX,2026-10-10T19:30:00Z,Emmett Mosley V,receptions,fanduel,Under,3.5,-200,82b83ec87fc2be5faa2e9f26ac50edef,2026-10-08T02:14:24Z
cfb,OU,TEX,2026-10-10T19:30:00Z,Raleek Brown,rush_yds,fanduel,Over,41.5,-114,82b83ec87fc2be5faa2e9f26ac50edef,2026-10-08T02:14:24Z
cfb,OU,TEX,2026-10-10T19:30:00Z,Raleek Brown,rush_yds,fanduel,Under,41.5,-114,82b83ec87fc2be5faa2e9f26ac50edef,2026-10-08T02:14:24Z
cfb,OU,TEX,2026-10-10T19:30:00Z,Hollywood Smothers,rush_yds,fanduel,Over,47.5,-114,82b83ec87fc2be5faa2e9f26ac50edef,2026-10-08T02:14:24Z
cfb,OU,TEX,2026-10-10T19:30:00Z,Hollywood Smothers,rush_yds,fanduel,Under,47.5,-114,82b83ec87fc2be5faa2e9f26ac50edef,2026-10-08T02:14:24Z
cfb,OU,TEX,2026-10-10T19:30:00Z,Arch Manning,rush_yds,fanduel,Over,20.5,-114,82b83ec87fc2be5faa2e9f26ac50edef,2026-10-08T02:14:24Z
cfb,OU,TEX,2026-10-10T19:30:00Z,Arch Manning,rush_yds,fanduel,Under,20.5,-114,82b83ec87fc2be5faa2e9f26ac50edef,2026-10-08T02:14:24Z
cfb,OU,TEX,2026-10-10T19:30:00Z,John Mateer,rush_yds,fanduel,Over,14.5,-114,82b83ec87fc2be5faa2e9f26ac50edef,2026-10-08T02:14:24Z
cfb,OU,TEX,2026-10-10T19:30:00Z,John Mateer,rush_yds,fanduel,Under,14.5,-114,82b83ec87fc2be5faa2e9f26ac50edef,2026-10-08T02:14:24Z
cfb,OU,TEX,2026-10-10T19:30:00Z,Lloyd Avant,rush_yds,fanduel,Over,24.5,-114,82b83ec87fc2be5faa2e9f26ac50edef,2026-10-08T02:14:24Z
cfb,OU,TEX,2026-10-10T19:30:00Z,Lloyd Avant,rush_yds,fanduel,Under,24.5,-114,82b83ec87fc2be5faa2e9f26ac50edef,2026-10-08T02:14:24Z
cfb,OU,TEX,2026-10-10T19:30:00Z,Cam Coleman,anytime_td,betmgm,Yes,,120,82b83ec87fc2be5faa2e9f26ac50edef,2026-10-08T02:14:05Z
cfb,OU,TEX,2026-10-10T19:30:00Z,Hollywood Smothers,anytime_td,betmgm,Yes,,110,82b83ec87fc2be5faa2e9f26ac50edef,2026-10-08T02:14:05Z
cfb,OU,TEX,2026-10-10T19:30:00Z,Raleek Brown,anytime_td,betmgm,Yes,,130,82b83ec87fc2be5faa2e9f26ac50edef,2026-10-08T02:14:05Z
cfb,OU,TEX,2026-10-10T19:30:00Z,Rocky Beers,anytime_td,betmgm,Yes,,280,82b83ec87fc2be5faa2e9f26ac50edef,2026-10-08T02:14:05Z
cfb,OU,TEX,2026-10-10T19:30:00Z,Mackenzie Alleyne,anytime_td,betmgm,Yes,,550,82b83ec87fc2be5faa2e9f26ac50edef,2026-10-08T02:14:05Z
cfb,OU,TEX,2026-10-10T19:30:00Z,Emmett Mosley V,anytime_td,betmgm,Yes,,340,82b83ec87fc2be5faa2e9f26ac50edef,2026-10-08T02:14:05Z
cfb,OU,TEX,2026-10-10T19:30:00Z,Isaiah Sategna III,anytime_td,betmgm,Yes,,180,82b83ec87fc2be5faa2e9f26ac50edef,2026-10-08T02:14:05Z
cfb,OU,TEX,2026-10-10T19:30:00Z,Elijah Thomas,anytime_td,betmgm,Yes,,875,82b83ec87fc2be5faa2e9f26ac50edef,2026-10-08T02:14:05Z
cfb,OU,TEX,2026-10-10T19:30:00Z,Emaree Winston,anytime_td,betmgm,Yes,,650,82b83ec87fc2be5faa2e9f26ac50edef,2026-10-08T02:14:05Z
cfb,OU,TEX,2026-10-10T19:30:00Z,John Mateer,anytime_td,betmgm,Yes,,270,82b83ec87fc2be5faa2e9f26ac50edef,2026-10-08T02:14:05Z
cfb,OU,TEX,2026-10-10T19:30:00Z,Lloyd Avant,anytime_td,betmgm,Yes,,250,82b83ec87fc2be5faa2e9f26ac50edef,2026-10-08T02:14:05Z
cfb,OU,TEX,2026-10-10T19:30:00Z,Arch Manning,anytime_td,betmgm,Yes,,160,82b83ec87fc2be5faa2e9f26ac50edef,2026-10-08T02:14:05Z
cfb,OU,TEX,2026-10-10T19:30:00Z,Ryan Wingo,anytime_td,betmgm,Yes,,145,82b83ec87fc2be5faa2e9f26ac50edef,2026-10-08T02:14:05Z
cfb,OU,TEX,2026-10-10T19:30:00Z,Raleek Brown,anytime_td,draftkings,Yes,,-105,82b83ec87fc2be5faa2e9f26ac50edef,2026-10-08T02:12:55Z
cfb,OU,TEX,2026-10-10T19:30:00Z,Hollywood Smothers,anytime_td,draftkings,Yes,,-105,82b83ec87fc2be5faa2e9f26ac50edef,2026-10-08T02:12:55Z
cfb,OU,TEX,2026-10-10T19:30:00Z,Arch Manning,anytime_td,draftkings,Yes,,145,82b83ec87fc2be5faa2e9f26ac50edef,2026-10-08T02:12:55Z
cfb,OU,TEX,2026-10-10T19:30:00Z,Ryan Wingo,anytime_td,draftkings,Yes,,175,82b83ec87fc2be5faa2e9f26ac50edef,2026-10-08T02:12:55Z
cfb,OU,TEX,2026-10-10T19:30:00Z,Lloyd Avant,anytime_td,draftkings,Yes,,180,82b83ec87fc2be5faa2e9f26ac50edef,2026-10-08T02:12:55Z
cfb,OU,TEX,2026-10-10T19:30:00Z,Cam Coleman,anytime_td,draftkings,Yes,,190,82b83ec87fc2be5faa2e9f26ac50edef,2026-10-08T02:12:55Z
cfb,OU,TEX,2026-10-10T19:30:00Z,Isaiah Sategna III,anytime_td,draftkings,Yes,,195,82b83ec87fc2be5faa2e9f26ac50edef,2026-10-08T02:12:55Z
cfb,OU,TEX,2026-10-10T19:30:00Z,John Mateer,anytime_td,draftkings,Yes,,220,82b83ec87fc2be5faa2e9f26ac50edef,2026-10-08T02:12:55Z
cfb,OU,TEX,2026-10-10T19:30:00Z,Rocky Beers,anytime_td,draftkings,Yes,,275,82b83ec87fc2be5faa2e9f26ac50edef,2026-10-08T02:12:55Z
cfb,OU,TEX,2026-10-10T19:30:00Z,Emmett Mosley V,anytime_td,draftkings,Yes,,340,82b83ec87fc2be5faa2e9f26ac50edef,2026-10-08T02:12:55Z
cfb,OU,TEX,2026-10-10T19:30:00Z,Texas Longhorns D/ST,anytime_td,draftkings,Yes,,350,82b83ec87fc2be5faa2e9f26ac50edef,2026-10-08T02:12:55Z
cfb,OU,TEX,2026-10-10T19:30:00Z,Oklahoma Sooners D/ST,anytime_td,draftkings,Yes,,450,82b83ec87fc2be5faa2e9f26ac50edef,2026-10-08T02:12:55Z
cfb,OU,TEX,2026-10-10T19:30:00Z,Emaree Winston,anytime_td,draftkings,Yes,,550,82b83ec87fc2be5faa2e9f26ac50edef,2026-10-08T02:12:55Z
cfb,OU,TEX,2026-10-10T19:30:00Z,Xavier Robinson,anytime_td,draftkings,Yes,,550,82b83ec87fc2be5faa2e9f26ac50edef,2026-10-08T02:12:55Z
cfb,OU,TEX,2026-10-10T19:30:00Z,Mackenzie Alleyne,anytime_td,draftkings,Yes,,550,82b83ec87fc2be5faa2e9f26ac50edef,2026-10-08T02:12:55Z
cfb,OU,TEX,2026-10-10T19:30:00Z,Elijah Thomas,anytime_td,draftkings,Yes,,650,82b83ec87fc2be5faa2e9f26ac50edef,2026-10-08T02:12:55Z
cfb,OU,TEX,2026-10-10T19:30:00Z,Parker Livingstone,anytime_td,draftkings,Yes,,700,82b83ec87fc2be5faa2e9f26ac50edef,2026-10-08T02:12:55Z
cfb,OU,TEX,2026-10-10T19:30:00Z,Jonathan Hatton Jr.,anytime_td,draftkings,Yes,,750,82b83ec87fc2be5faa2e9f26ac50edef,2026-10-08T02:12:55Z
cfb,OU,TEX,2026-10-10T19:30:00Z,Jermaine Bishop Jr.,anytime_td,draftkings,Yes,,800,82b83ec87fc2be5faa2e9f26ac50edef,2026-10-08T02:12:55Z
cfb,OU,TEX,2026-10-10T19:30:00Z,Spencer Shannon,anytime_td,draftkings,Yes,,850,82b83ec87fc2be5faa2e9f26ac50edef,2026-10-08T02:12:55Z
cfb,OU,TEX,2026-10-10T19:30:00Z,Sterling Berkhalter,anytime_td,draftkings,Yes,,1100,82b83ec87fc2be5faa2e9f26ac50edef,2026-10-08T02:12:55Z
cfb,OU,TEX,2026-10-10T19:30:00Z,Tory Blaylock,anytime_td,draftkings,Yes,,1100,82b83ec87fc2be5faa2e9f26ac50edef,2026-10-08T02:12:55Z
cfb,OU,TEX,2026-10-10T19:30:00Z,Hayden Hansen,anytime_td,draftkings,Yes,,1200,82b83ec87fc2be5faa2e9f26ac50edef,2026-10-08T02:12:55Z
cfb,OU,TEX,2026-10-10T19:30:00Z,Manny Choice,anytime_td,draftkings,Yes,,1300,82b83ec87fc2be5faa2e9f26ac50edef,2026-10-08T02:12:55Z
cfb,ND,STAN,2026-10-10T19:30:00Z,Jordan Faison,anytime_td,draftkings,Yes,,-220,496f20b5a45e727fdc2d07915ab0f865,2026-10-08T02:14:15Z
cfb,ND,STAN,2026-10-10T19:30:00Z,Nolan James Jr.,anytime_td,draftkings,Yes,,-205,496f20b5a45e727fdc2d07915ab0f865,2026-10-08T02:14:15Z
cfb,ND,STAN,2026-10-10T19:30:00Z,Aneyas Williams,anytime_td,draftkings,Yes,,-180,496f20b5a45e727fdc2d07915ab0f865,2026-10-08T02:14:15Z
cfb,ND,STAN,2026-10-10T19:30:00Z,Jonaz Walton,anytime_td,draftkings,Yes,,-180,496f20b5a45e727fdc2d07915ab0f865,2026-10-08T02:14:15Z
cfb,ND,STAN,2026-10-10T19:30:00Z,Micah Gilbert,anytime_td,draftkings,Yes,,-155,496f20b5a45e727fdc2d07915ab0f865,2026-10-08T02:14:15Z
cfb,ND,STAN,2026-10-10T19:30:00Z,Jaden Greathouse,anytime_td,draftkings,Yes,,115,496f20b5a45e727fdc2d07915ab0f865,2026-10-08T02:14:15Z
cfb,ND,STAN,2026-10-10T19:30:00Z,CJ Carr,anytime_td,draftkings,Yes,,165,496f20b5a45e727fdc2d07915ab0f865,2026-10-08T02:14:15Z
cfb,ND,STAN,2026-10-10T19:30:00Z,Notre Dame Fighting Irish D/ST,anytime_td,draftkings,Yes,,185,496f20b5a45e727fdc2d07915ab0f865,2026-10-08T02:14:15Z
cfb,ND,STAN,2026-10-10T19:30:00Z,Micah Ford,anytime_td,draftkings,Yes,,195,496f20b5a45e727fdc2d07915ab0f865,2026-10-08T02:14:15Z
cfb,ND,STAN,2026-10-10T19:30:00Z,Mylan Graham,anytime_td,draftkings,Yes,,215,496f20b5a45e727fdc2d07915ab0f865,2026-10-08T02:14:15Z
cfb,ND,STAN,2026-10-10T19:30:00Z,Cooper Flanagan,anytime_td,draftkings,Yes,,300,496f20b5a45e727fdc2d07915ab0f865,2026-10-08T02:14:15Z
cfb,ND,STAN,2026-10-10T19:30:00Z,Elijah Burress,anytime_td,draftkings,Yes,,330,496f20b5a45e727fdc2d07915ab0f865,2026-10-08T02:14:15Z
cfb,ND,STAN,2026-10-10T19:30:00Z,James Flanigan,anytime_td,draftkings,Yes,,425,496f20b5a45e727fdc2d07915ab0f865,2026-10-08T02:14:15Z
cfb,ND,STAN,2026-10-10T19:30:00Z,Ty Washington,anytime_td,draftkings,Yes,,475,496f20b5a45e727fdc2d07915ab0f865,2026-10-08T02:14:15Z
cfb,ND,STAN,2026-10-10T19:30:00Z,Caden High,anytime_td,draftkings,Yes,,475,496f20b5a45e727fdc2d07915ab0f865,2026-10-08T02:14:15Z
cfb,ND,STAN,2026-10-10T19:30:00Z,Matt Jeffery,anytime_td,draftkings,Yes,,500,496f20b5a45e727fdc2d07915ab0f865,2026-10-08T02:14:15Z
cfb,ND,STAN,2026-10-10T19:30:00Z,Sedrick Irvin,anytime_td,draftkings,Yes,,550,496f20b5a45e727fdc2d07915ab0f865,2026-10-08T02:14:15Z
cfb,ND,STAN,2026-10-10T19:30:00Z,Stanford Cardinal D/ST,anytime_td,draftkings,Yes,,650,496f20b5a45e727fdc2d07915ab0f865,2026-10-08T02:14:15Z
cfb,ND,STAN,2026-10-10T19:30:00Z,Benji Blackburn,anytime_td,draftkings,Yes,,850,496f20b5a45e727fdc2d07915ab0f865,2026-10-08T02:14:15Z
cfb,ND,STAN,2026-10-10T19:30:00Z,Zion Robinson,anytime_td,draftkings,Yes,,1200,496f20b5a45e727fdc2d07915ab0f865,2026-10-08T02:14:15Z
cfb,ND,STAN,2026-10-10T19:30:00Z,Atticus Joseph,anytime_td,draftkings,Yes,,1200,496f20b5a45e727fdc2d07915ab0f865,2026-10-08T02:14:15Z
cfb,ND,STAN,2026-10-10T19:30:00Z,Nico Brown,anytime_td,draftkings,Yes,,1200,496f20b5a45e727fdc2d07915ab0f865,2026-10-08T02:14:15Z
cfb,ND,STAN,2026-10-10T19:30:00Z,Jonanthony Hall,anytime_td,draftkings,Yes,,1400,496f20b5a45e727fdc2d07915ab0f865,2026-10-08T02:14:15Z
cfb,ND,STAN,2026-10-10T19:30:00Z,Davis Warren,anytime_td,draftkings,Yes,,1400,496f20b5a45e727fdc2d07915ab0f865,2026-10-08T02:14:15Z
cfb,ND,STAN,2026-10-10T19:30:00Z,Champ Hampton,anytime_td,draftkings,Yes,,1700,496f20b5a45e727fdc2d07915ab0f865,2026-10-08T02:14:15Z
cfb,ND,STAN,2026-10-10T19:30:00Z,Jordan Onovughe,anytime_td,draftkings,Yes,,2000,496f20b5a45e727fdc2d07915ab0f865,2026-10-08T02:14:15Z
cfb,ND,STAN,2026-10-10T19:30:00Z,Jordan Faison,anytime_td,fanduel,Yes,,-230,496f20b5a45e727fdc2d07915ab0f865,2026-10-08T02:14:21Z
cfb,ND,STAN,2026-10-10T19:30:00Z,Nolan James Jr.,anytime_td,fanduel,Yes,,-165,496f20b5a45e727fdc2d07915ab0f865,2026-10-08T02:14:21Z
cfb,ND,STAN,2026-10-10T19:30:00Z,Jonaz Walton,anytime_td,fanduel,Yes,,-160,496f20b5a45e727fdc2d07915ab0f865,2026-10-08T02:14:21Z
cfb,ND,STAN,2026-10-10T19:30:00Z,Micah Gilbert,anytime_td,fanduel,Yes,,-135,496f20b5a45e727fdc2d07915ab0f865,2026-10-08T02:14:21Z
cfb,ND,STAN,2026-10-10T19:30:00Z,Aneyas Williams,anytime_td,fanduel,Yes,,-130,496f20b5a45e727fdc2d07915ab0f865,2026-10-08T02:14:21Z
cfb,ND,STAN,2026-10-10T19:30:00Z,Jaden Greathouse,anytime_td,fanduel,Yes,,105,496f20b5a45e727fdc2d07915ab0f865,2026-10-08T02:14:21Z
cfb,ND,STAN,2026-10-10T19:30:00Z,Notre Dame Fighting Irish Defense,anytime_td,fanduel,Yes,,170,496f20b5a45e727fdc2d07915ab0f865,2026-10-08T02:14:21Z
cfb,ND,STAN,2026-10-10T19:30:00Z,CJ Carr,anytime_td,fanduel,Yes,,190,496f20b5a45e727fdc2d07915ab0f865,2026-10-08T02:14:21Z
cfb,ND,STAN,2026-10-10T19:30:00Z,Cooper Flanagan,anytime_td,fanduel,Yes,,195,496f20b5a45e727fdc2d07915ab0f865,2026-10-08T02:14:21Z
cfb,ND,STAN,2026-10-10T19:30:00Z,Mylan Graham,anytime_td,fanduel,Yes,,220,496f20b5a45e727fdc2d07915ab0f865,2026-10-08T02:14:21Z
cfb,ND,STAN,2026-10-10T19:30:00Z,Micah Ford,anytime_td,fanduel,Yes,,270,496f20b5a45e727fdc2d07915ab0f865,2026-10-08T02:14:21Z
cfb,ND,STAN,2026-10-10T19:30:00Z,Caden High,anytime_td,fanduel,Yes,,600,496f20b5a45e727fdc2d07915ab0f865,2026-10-08T02:14:21Z
cfb,ND,STAN,2026-10-10T19:30:00Z,Sedrick Irvin,anytime_td,fanduel,Yes,,650,496f20b5a45e727fdc2d07915ab0f865,2026-10-08T02:14:21Z
cfb,ND,STAN,2026-10-10T19:30:00Z,Benji Blackburn,anytime_td,fanduel,Yes,,700,496f20b5a45e727fdc2d07915ab0f865,2026-10-08T02:14:21Z
cfb,ND,STAN,2026-10-10T19:30:00Z,Zion Robinson,anytime_td,fanduel,Yes,,1100,496f20b5a45e727fdc2d07915ab0f865,2026-10-08T02:14:21Z
cfb,ND,STAN,2026-10-10T19:30:00Z,Nico Brown,anytime_td,fanduel,Yes,,1200,496f20b5a45e727fdc2d07915ab0f865,2026-10-08T02:14:21Z
cfb,ND,STAN,2026-10-10T19:30:00Z,Davis Warren,anytime_td,fanduel,Yes,,1600,496f20b5a45e727fdc2d07915ab0f865,2026-10-08T02:14:21Z
cfb,ND,STAN,2026-10-10T19:30:00Z,Jonanthony Hall,anytime_td,fanduel,Yes,,1700,496f20b5a45e727fdc2d07915ab0f865,2026-10-08T02:14:21Z
cfb,ND,STAN,2026-10-10T19:30:00Z,Stanford Cardinal Defense,anytime_td,fanduel,Yes,,2200,496f20b5a45e727fdc2d07915ab0f865,2026-10-08T02:14:21Z
cfb,ND,STAN,2026-10-10T19:30:00Z,CJ Carr,pass_td,fanduel,Over,3.5,128,496f20b5a45e727fdc2d07915ab0f865,2026-10-08T02:14:21Z
cfb,ND,STAN,2026-10-10T19:30:00Z,CJ Carr,pass_td,fanduel,Under,3.5,-172,496f20b5a45e727fdc2d07915ab0f865,2026-10-08T02:14:21Z
cfb,ND,STAN,2026-10-10T19:30:00Z,Davis Warren,pass_td,fanduel,Under,0.5,-194,496f20b5a45e727fdc2d07915ab0f865,2026-10-08T02:14:21Z
cfb,ND,STAN,2026-10-10T19:30:00Z,Davis Warren,pass_td,fanduel,Over,0.5,144,496f20b5a45e727fdc2d07915ab0f865,2026-10-08T02:14:21Z
cfb,ND,STAN,2026-10-10T19:30:00Z,CJ Carr,pass_yds,fanduel,Over,279.5,-114,496f20b5a45e727fdc2d07915ab0f865,2026-10-08T02:14:21Z
cfb,ND,STAN,2026-10-10T19:30:00Z,CJ Carr,pass_yds,fanduel,Under,279.5,-114,496f20b5a45e727fdc2d07915ab0f865,2026-10-08T02:14:21Z
cfb,ND,STAN,2026-10-10T19:30:00Z,Davis Warren,pass_yds,fanduel,Over,132.5,-114,496f20b5a45e727fdc2d07915ab0f865,2026-10-08T02:14:21Z
cfb,ND,STAN,2026-10-10T19:30:00Z,Davis Warren,pass_yds,fanduel,Under,132.5,-114,496f20b5a45e727fdc2d07915ab0f865,2026-10-08T02:14:21Z
cfb,ND,STAN,2026-10-10T19:30:00Z,Micah Gilbert,rec_yds,fanduel,Over,50.5,-114,496f20b5a45e727fdc2d07915ab0f865,2026-10-08T02:14:21Z
cfb,ND,STAN,2026-10-10T19:30:00Z,Micah Gilbert,rec_yds,fanduel,Under,50.5,-114,496f20b5a45e727fdc2d07915ab0f865,2026-10-08T02:14:21Z
cfb,ND,STAN,2026-10-10T19:30:00Z,Jordan Faison,rec_yds,fanduel,Over,78.5,-114,496f20b5a45e727fdc2d07915ab0f865,2026-10-08T02:14:21Z
cfb,ND,STAN,2026-10-10T19:30:00Z,Jordan Faison,rec_yds,fanduel,Under,78.5,-114,496f20b5a45e727fdc2d07915ab0f865,2026-10-08T02:14:21Z
cfb,ND,STAN,2026-10-10T19:30:00Z,Caden High,rec_yds,fanduel,Over,27.5,-114,496f20b5a45e727fdc2d07915ab0f865,2026-10-08T02:14:21Z
cfb,ND,STAN,2026-10-10T19:30:00Z,Caden High,rec_yds,fanduel,Under,27.5,-114,496f20b5a45e727fdc2d07915ab0f865,2026-10-08T02:14:21Z
cfb,ND,STAN,2026-10-10T19:30:00Z,Micah Gilbert,receptions,fanduel,Over,3.5,108,496f20b5a45e727fdc2d07915ab0f865,2026-10-08T02:14:21Z
cfb,ND,STAN,2026-10-10T19:30:00Z,Micah Gilbert,receptions,fanduel,Under,3.5,-144,496f20b5a45e727fdc2d07915ab0f865,2026-10-08T02:14:21Z
cfb,ND,STAN,2026-10-10T19:30:00Z,Caden High,receptions,fanduel,Over,2.5,-138,496f20b5a45e727fdc2d07915ab0f865,2026-10-08T02:14:21Z
cfb,ND,STAN,2026-10-10T19:30:00Z,Caden High,receptions,fanduel,Under,2.5,104,496f20b5a45e727fdc2d07915ab0f865,2026-10-08T02:14:21Z
cfb,ND,STAN,2026-10-10T19:30:00Z,Jordan Faison,receptions,fanduel,Over,5.5,-132,496f20b5a45e727fdc2d07915ab0f865,2026-10-08T02:14:21Z
cfb,ND,STAN,2026-10-10T19:30:00Z,Jordan Faison,receptions,fanduel,Under,5.5,100,496f20b5a45e727fdc2d07915ab0f865,2026-10-08T02:14:21Z
cfb,ND,STAN,2026-10-10T19:30:00Z,Aneyas Williams,rush_yds,fanduel,Over,48.5,-114,496f20b5a45e727fdc2d07915ab0f865,2026-10-08T02:14:21Z
cfb,ND,STAN,2026-10-10T19:30:00Z,Aneyas Williams,rush_yds,fanduel,Under,48.5,-114,496f20b5a45e727fdc2d07915ab0f865,2026-10-08T02:14:21Z
cfb,ND,STAN,2026-10-10T19:30:00Z,Nolan James Jr.,rush_yds,fanduel,Over,46.5,-114,496f20b5a45e727fdc2d07915ab0f865,2026-10-08T02:14:21Z
cfb,ND,STAN,2026-10-10T19:30:00Z,Nolan James Jr.,rush_yds,fanduel,Under,46.5,-114,496f20b5a45e727fdc2d07915ab0f865,2026-10-08T02:14:21Z
cfb,ND,STAN,2026-10-10T19:30:00Z,Micah Ford,rush_yds,fanduel,Under,28.5,-118,496f20b5a45e727fdc2d07915ab0f865,2026-10-08T02:14:21Z
cfb,ND,STAN,2026-10-10T19:30:00Z,Micah Ford,rush_yds,fanduel,Over,28.5,-112,496f20b5a45e727fdc2d07915ab0f865,2026-10-08T02:14:21Z
cfb,ND,STAN,2026-10-10T19:30:00Z,Jonaz Walton,rush_yds,fanduel,Over,69.5,-114,496f20b5a45e727fdc2d07915ab0f865,2026-10-08T02:14:21Z
cfb,ND,STAN,2026-10-10T19:30:00Z,Jonaz Walton,rush_yds,fanduel,Under,69.5,-114,496f20b5a45e727fdc2d07915ab0f865,2026-10-08T02:14:21Z
cfb,ND,STAN,2026-10-10T19:30:00Z,Micah Gilbert,anytime_td,betmgm,Yes,,105,496f20b5a45e727fdc2d07915ab0f865,2026-10-08T02:13:41Z
cfb,ND,STAN,2026-10-10T19:30:00Z,Jonanthony Hall,anytime_td,betmgm,Yes,,1350,496f20b5a45e727fdc2d07915ab0f865,2026-10-08T02:13:41Z
cfb,ND,STAN,2026-10-10T19:30:00Z,Caden High,anytime_td,betmgm,Yes,,600,496f20b5a45e727fdc2d07915ab0f865,2026-10-08T02:13:41Z
cfb,ND,STAN,2026-10-10T19:30:00Z,Nolan James Jr.,anytime_td,betmgm,Yes,,-220,496f20b5a45e727fdc2d07915ab0f865,2026-10-08T02:13:41Z
cfb,ND,STAN,2026-10-10T19:30:00Z,Cooper Flanagan,anytime_td,betmgm,Yes,,150,496f20b5a45e727fdc2d07915ab0f865,2026-10-08T02:13:41Z
cfb,ND,STAN,2026-10-10T19:30:00Z,Jonaz Walton,anytime_td,betmgm,Yes,,-165,496f20b5a45e727fdc2d07915ab0f865,2026-10-08T02:13:41Z
cfb,ND,STAN,2026-10-10T19:30:00Z,Jaden Greathouse,anytime_td,betmgm,Yes,,-105,496f20b5a45e727fdc2d07915ab0f865,2026-10-08T02:13:41Z
cfb,ND,STAN,2026-10-10T19:30:00Z,Davis Warren,anytime_td,betmgm,Yes,,1550,496f20b5a45e727fdc2d07915ab0f865,2026-10-08T02:13:41Z
cfb,ND,STAN,2026-10-10T19:30:00Z,Benji Blackburn,anytime_td,betmgm,Yes,,400,496f20b5a45e727fdc2d07915ab0f865,2026-10-08T02:13:41Z
cfb,ND,STAN,2026-10-10T19:30:00Z,Jordan Faison,anytime_td,betmgm,Yes,,-250,496f20b5a45e727fdc2d07915ab0f865,2026-10-08T02:13:41Z
cfb,ND,STAN,2026-10-10T19:30:00Z,Micah Ford,anytime_td,betmgm,Yes,,250,496f20b5a45e727fdc2d07915ab0f865,2026-10-08T02:13:41Z
cfb,ND,STAN,2026-10-10T19:30:00Z,Aneyas Williams,anytime_td,betmgm,Yes,,-190,496f20b5a45e727fdc2d07915ab0f865,2026-10-08T02:13:41Z
cfb,ND,STAN,2026-10-10T19:30:00Z,Nico Brown,anytime_td,betmgm,Yes,,1200,496f20b5a45e727fdc2d07915ab0f865,2026-10-08T02:13:41Z
cfb,VAN,MISS,2026-10-10T19:30:00Z,Kewan Lacy,anytime_td,fanduel,Yes,,-300,d9b77825d169fdd683f8efa7c1948a8e,2026-10-08T02:13:59Z
cfb,VAN,MISS,2026-10-10T19:30:00Z,Sedrick Alexander,anytime_td,fanduel,Yes,,-120,d9b77825d169fdd683f8efa7c1948a8e,2026-10-08T02:13:59Z
cfb,VAN,MISS,2026-10-10T19:30:00Z,Trinidad Chambliss,anytime_td,fanduel,Yes,,-105,d9b77825d169fdd683f8efa7c1948a8e,2026-10-08T02:13:59Z
cfb,VAN,MISS,2026-10-10T19:30:00Z,Deuce Alexander,anytime_td,fanduel,Yes,,105,d9b77825d169fdd683f8efa7c1948a8e,2026-10-08T02:13:59Z
cfb,VAN,MISS,2026-10-10T19:30:00Z,Jared Curtis,anytime_td,fanduel,Yes,,165,d9b77825d169fdd683f8efa7c1948a8e,2026-10-08T02:13:59Z
cfb,VAN,MISS,2026-10-10T19:30:00Z,Junior Sherrill,anytime_td,fanduel,Yes,,175,d9b77825d169fdd683f8efa7c1948a8e,2026-10-08T02:13:59Z
cfb,VAN,MISS,2026-10-10T19:30:00Z,Makhilyn Young,anytime_td,fanduel,Yes,,200,d9b77825d169fdd683f8efa7c1948a8e,2026-10-08T02:13:59Z
cfb,VAN,MISS,2026-10-10T19:30:00Z,JT Lindsey,anytime_td,fanduel,Yes,,230,d9b77825d169fdd683f8efa7c1948a8e,2026-10-08T02:13:59Z
cfb,VAN,MISS,2026-10-10T19:30:00Z,Horatio Fields,anytime_td,fanduel,Yes,,250,d9b77825d169fdd683f8efa7c1948a8e,2026-10-08T02:13:59Z
cfb,VAN,MISS,2026-10-10T19:30:00Z,Traylon Ray,anytime_td,fanduel,Yes,,290,d9b77825d169fdd683f8efa7c1948a8e,2026-10-08T02:13:59Z
cfb,VAN,MISS,2026-10-10T19:30:00Z,Caleb Odom,anytime_td,fanduel,Yes,,310,d9b77825d169fdd683f8efa7c1948a8e,2026-10-08T02:13:59Z
cfb,VAN,MISS,2026-10-10T19:30:00Z,Jayvontay Conner,anytime_td,fanduel,Yes,,370,d9b77825d169fdd683f8efa7c1948a8e,2026-10-08T02:13:59Z
cfb,VAN,MISS,2026-10-10T19:30:00Z,Tristen Brown,anytime_td,fanduel,Yes,,460,d9b77825d169fdd683f8efa7c1948a8e,2026-10-08T02:13:59Z
cfb,VAN,MISS,2026-10-10T19:30:00Z,Ole Miss Rebels Defense,anytime_td,fanduel,Yes,,500,d9b77825d169fdd683f8efa7c1948a8e,2026-10-08T02:13:59Z
cfb,VAN,MISS,2026-10-10T19:30:00Z,Caleb Cunningham,anytime_td,fanduel,Yes,,550,d9b77825d169fdd683f8efa7c1948a8e,2026-10-08T02:13:59Z
cfb,VAN,MISS,2026-10-10T19:30:00Z,Walter Taylor,anytime_td,fanduel,Yes,,550,d9b77825d169fdd683f8efa7c1948a8e,2026-10-08T02:13:59Z
cfb,VAN,MISS,2026-10-10T19:30:00Z,Luke Hasz,anytime_td,fanduel,Yes,,750,d9b77825d169fdd683f8efa7c1948a8e,2026-10-08T02:13:59Z
cfb,VAN,MISS,2026-10-10T19:30:00Z,Brycen Coleman,anytime_td,fanduel,Yes,,750,d9b77825d169fdd683f8efa7c1948a8e,2026-10-08T02:13:59Z
cfb,VAN,MISS,2026-10-10T19:30:00Z,Johntay Cook II,anytime_td,fanduel,Yes,,800,d9b77825d169fdd683f8efa7c1948a8e,2026-10-08T02:13:59Z
cfb,VAN,MISS,2026-10-10T19:30:00Z,Vanderbilt Commodores Defense,anytime_td,fanduel,Yes,,850,d9b77825d169fdd683f8efa7c1948a8e,2026-10-08T02:13:59Z
cfb,VAN,MISS,2026-10-10T19:30:00Z,Trinidad Chambliss,pass_td,fanduel,Over,1.5,-132,d9b77825d169fdd683f8efa7c1948a8e,2026-10-08T02:13:59Z
cfb,VAN,MISS,2026-10-10T19:30:00Z,Trinidad Chambliss,pass_td,fanduel,Under,1.5,100,d9b77825d169fdd683f8efa7c1948a8e,2026-10-08T02:13:59Z
cfb,VAN,MISS,2026-10-10T19:30:00Z,Jared Curtis,pass_td,fanduel,Over,1.5,174,d9b77825d169fdd683f8efa7c1948a8e,2026-10-08T02:13:59Z
cfb,VAN,MISS,2026-10-10T19:30:00Z,Jared Curtis,pass_td,fanduel,Under,1.5,-240,d9b77825d169fdd683f8efa7c1948a8e,2026-10-08T02:13:59Z
cfb,VAN,MISS,2026-10-10T19:30:00Z,Trinidad Chambliss,pass_yds,fanduel,Over,283.5,-114,d9b77825d169fdd683f8efa7c1948a8e,2026-10-08T02:13:59Z
cfb,VAN,MISS,2026-10-10T19:30:00Z,Trinidad Chambliss,pass_yds,fanduel,Under,283.5,-114,d9b77825d169fdd683f8efa7c1948a8e,2026-10-08T02:13:59Z
cfb,VAN,MISS,2026-10-10T19:30:00Z,Jared Curtis,pass_yds,fanduel,Over,205.5,-114,d9b77825d169fdd683f8efa7c1948a8e,2026-10-08T02:13:59Z
cfb,VAN,MISS,2026-10-10T19:30:00Z,Jared Curtis,pass_yds,fanduel,Under,205.5,-114,d9b77825d169fdd683f8efa7c1948a8e,2026-10-08T02:13:59Z
cfb,VAN,MISS,2026-10-10T19:30:00Z,Caleb Odom,rec_yds,fanduel,Under,46.5,-118,d9b77825d169fdd683f8efa7c1948a8e,2026-10-08T02:13:59Z
cfb,VAN,MISS,2026-10-10T19:30:00Z,Caleb Odom,rec_yds,fanduel,Over,46.5,-112,d9b77825d169fdd683f8efa7c1948a8e,2026-10-08T02:13:59Z
cfb,VAN,MISS,2026-10-10T19:30:00Z,Kewan Lacy,rec_yds,fanduel,Over,19.5,-114,d9b77825d169fdd683f8efa7c1948a8e,2026-10-08T02:13:59Z
cfb,VAN,MISS,2026-10-10T19:30:00Z,Kewan Lacy,rec_yds,fanduel,Under,19.5,-114,d9b77825d169fdd683f8efa7c1948a8e,2026-10-08T02:13:59Z
cfb,VAN,MISS,2026-10-10T19:30:00Z,Deuce Alexander,rec_yds,fanduel,Over,73.5,-114,d9b77825d169fdd683f8efa7c1948a8e,2026-10-08T02:13:59Z
cfb,VAN,MISS,2026-10-10T19:30:00Z,Deuce Alexander,rec_yds,fanduel,Under,73.5,-114,d9b77825d169fdd683f8efa7c1948a8e,2026-10-08T02:13:59Z
cfb,VAN,MISS,2026-10-10T19:30:00Z,Junior Sherrill,rec_yds,fanduel,Over,76.5,-114,d9b77825d169fdd683f8efa7c1948a8e,2026-10-08T02:13:59Z
cfb,VAN,MISS,2026-10-10T19:30:00Z,Junior Sherrill,rec_yds,fanduel,Under,76.5,-114,d9b77825d169fdd683f8efa7c1948a8e,2026-10-08T02:13:59Z
cfb,VAN,MISS,2026-10-10T19:30:00Z,Sedrick Alexander,rush_yds,fanduel,Over,40.5,-114,d9b77825d169fdd683f8efa7c1948a8e,2026-10-08T02:13:59Z
cfb,VAN,MISS,2026-10-10T19:30:00Z,Sedrick Alexander,rush_yds,fanduel,Under,40.5,-114,d9b77825d169fdd683f8efa7c1948a8e,2026-10-08T02:13:59Z
cfb,VAN,MISS,2026-10-10T19:30:00Z,Kewan Lacy,rush_yds,fanduel,Over,82.5,-114,d9b77825d169fdd683f8efa7c1948a8e,2026-10-08T02:13:59Z
cfb,VAN,MISS,2026-10-10T19:30:00Z,Kewan Lacy,rush_yds,fanduel,Under,82.5,-114,d9b77825d169fdd683f8efa7c1948a8e,2026-10-08T02:13:59Z
cfb,VAN,MISS,2026-10-10T19:30:00Z,Trinidad Chambliss,rush_yds,fanduel,Over,27.5,-114,d9b77825d169fdd683f8efa7c1948a8e,2026-10-08T02:13:59Z
cfb,VAN,MISS,2026-10-10T19:30:00Z,Trinidad Chambliss,rush_yds,fanduel,Under,27.5,-114,d9b77825d169fdd683f8efa7c1948a8e,2026-10-08T02:13:59Z
cfb,VAN,MISS,2026-10-10T19:30:00Z,Kewan Lacy,anytime_td,draftkings,Yes,,-230,d9b77825d169fdd683f8efa7c1948a8e,2026-10-08T02:14:17Z
cfb,VAN,MISS,2026-10-10T19:30:00Z,Deuce Alexander,anytime_td,draftkings,Yes,,-220,d9b77825d169fdd683f8efa7c1948a8e,2026-10-08T02:14:17Z
cfb,VAN,MISS,2026-10-10T19:30:00Z,Trinidad Chambliss,anytime_td,draftkings,Yes,,-175,d9b77825d169fdd683f8efa7c1948a8e,2026-10-08T02:14:17Z
cfb,VAN,MISS,2026-10-10T19:30:00Z,Sedrick Alexander,anytime_td,draftkings,Yes,,-140,d9b77825d169fdd683f8efa7c1948a8e,2026-10-08T02:14:17Z
cfb,VAN,MISS,2026-10-10T19:30:00Z,Jared Curtis,anytime_td,draftkings,Yes,,100,d9b77825d169fdd683f8efa7c1948a8e,2026-10-08T02:14:17Z
cfb,VAN,MISS,2026-10-10T19:30:00Z,Junior Sherrill,anytime_td,draftkings,Yes,,115,d9b77825d169fdd683f8efa7c1948a8e,2026-10-08T02:14:17Z
cfb,VAN,MISS,2026-10-10T19:30:00Z,JT Lindsey,anytime_td,draftkings,Yes,,120,d9b77825d169fdd683f8efa7c1948a8e,2026-10-08T02:14:17Z
cfb,VAN,MISS,2026-10-10T19:30:00Z,Makhilyn Young,anytime_td,draftkings,Yes,,145,d9b77825d169fdd683f8efa7c1948a8e,2026-10-08T02:14:17Z
cfb,VAN,MISS,2026-10-10T19:30:00Z,Caleb Odom,anytime_td,draftkings,Yes,,150,d9b77825d169fdd683f8efa7c1948a8e,2026-10-08T02:14:17Z
cfb,VAN,MISS,2026-10-10T19:30:00Z,Horatio Fields,anytime_td,draftkings,Yes,,160,d9b77825d169fdd683f8efa7c1948a8e,2026-10-08T02:14:17Z
cfb,VAN,MISS,2026-10-10T19:30:00Z,Traylon Ray,anytime_td,draftkings,Yes,,165,d9b77825d169fdd683f8efa7c1948a8e,2026-10-08T02:14:17Z
cfb,VAN,MISS,2026-10-10T19:30:00Z,Makhi Frazier,anytime_td,draftkings,Yes,,190,d9b77825d169fdd683f8efa7c1948a8e,2026-10-08T02:14:17Z
cfb,VAN,MISS,2026-10-10T19:30:00Z,Caleb Cunningham,anytime_td,draftkings,Yes,,270,d9b77825d169fdd683f8efa7c1948a8e,2026-10-08T02:14:17Z
cfb,VAN,MISS,2026-10-10T19:30:00Z,Johntay Cook II,anytime_td,draftkings,Yes,,275,d9b77825d169fdd683f8efa7c1948a8e,2026-10-08T02:14:17Z
cfb,VAN,MISS,2026-10-10T19:30:00Z,Luke Hasz,anytime_td,draftkings,Yes,,400,d9b77825d169fdd683f8efa7c1948a8e,2026-10-08T02:14:17Z
cfb,VAN,MISS,2026-10-10T19:30:00Z,Jamezell Lassiter,anytime_td,draftkings,Yes,,425,d9b77825d169fdd683f8efa7c1948a8e,2026-10-08T02:14:17Z
cfb,VAN,MISS,2026-10-10T19:30:00Z,Jayvontay Conner,anytime_td,draftkings,Yes,,425,d9b77825d169fdd683f8efa7c1948a8e,2026-10-08T02:14:17Z
cfb,VAN,MISS,2026-10-10T19:30:00Z,Cole Spence,anytime_td,draftkings,Yes,,450,d9b77825d169fdd683f8efa7c1948a8e,2026-10-08T02:14:17Z
cfb,VAN,MISS,2026-10-10T19:30:00Z,Michael Smith,anytime_td,draftkings,Yes,,450,d9b77825d169fdd683f8efa7c1948a8e,2026-10-08T02:14:17Z
cfb,VAN,MISS,2026-10-10T19:30:00Z,Ole Miss Rebels D/ST,anytime_td,draftkings,Yes,,450,d9b77825d169fdd683f8efa7c1948a8e,2026-10-08T02:14:17Z
cfb,VAN,MISS,2026-10-10T19:30:00Z,Samari Reed,anytime_td,draftkings,Yes,,500,d9b77825d169fdd683f8efa7c1948a8e,2026-10-08T02:14:17Z
cfb,VAN,MISS,2026-10-10T19:30:00Z,Vanderbilt Commodores D/ST,anytime_td,draftkings,Yes,,550,d9b77825d169fdd683f8efa7c1948a8e,2026-10-08T02:14:17Z
cfb,VAN,MISS,2026-10-10T19:30:00Z,Tristen Brown,anytime_td,draftkings,Yes,,600,d9b77825d169fdd683f8efa7c1948a8e,2026-10-08T02:14:17Z
cfb,VAN,MISS,2026-10-10T19:30:00Z,Kayleb Barnett,anytime_td,draftkings,Yes,,650,d9b77825d169fdd683f8efa7c1948a8e,2026-10-08T02:14:17Z
cfb,VAN,MISS,2026-10-10T19:30:00Z,Brycen Coleman,anytime_td,draftkings,Yes,,700,d9b77825d169fdd683f8efa7c1948a8e,2026-10-08T02:14:17Z
cfb,VAN,MISS,2026-10-10T19:30:00Z,Cole Adams,anytime_td,draftkings,Yes,,800,d9b77825d169fdd683f8efa7c1948a8e,2026-10-08T02:14:17Z
cfb,VAN,MISS,2026-10-10T19:30:00Z,Deuce Alexander,anytime_td,betmgm,Yes,,-105,d9b77825d169fdd683f8efa7c1948a8e,2026-10-08T02:13:56Z
cfb,VAN,MISS,2026-10-10T19:30:00Z,Trinidad Chambliss,anytime_td,betmgm,Yes,,-125,d9b77825d169fdd683f8efa7c1948a8e,2026-10-08T02:13:56Z
cfb,VAN,MISS,2026-10-10T19:30:00Z,Kewan Lacy,anytime_td,betmgm,Yes,,-500,d9b77825d169fdd683f8efa7c1948a8e,2026-10-08T02:13:56Z
cfb,VAN,MISS,2026-10-10T19:30:00Z,Caleb Odom,anytime_td,betmgm,Yes,,220,d9b77825d169fdd683f8efa7c1948a8e,2026-10-08T02:13:56Z
cfb,VAN,MISS,2026-10-10T19:30:00Z,Sedrick Alexander,anytime_td,betmgm,Yes,,-135,d9b77825d169fdd683f8efa7c1948a8e,2026-10-08T02:13:56Z
cfb,VAN,MISS,2026-10-10T19:30:00Z,Junior Sherrill,anytime_td,betmgm,Yes,,115,d9b77825d169fdd683f8efa7c1948a8e,2026-10-08T02:13:56Z
cfb,VAN,MISS,2026-10-10T19:30:00Z,Tristen Brown,anytime_td,betmgm,Yes,,340,d9b77825d169fdd683f8efa7c1948a8e,2026-10-08T02:13:56Z
cfb,VAN,MISS,2026-10-10T19:30:00Z,Traylon Ray,anytime_td,betmgm,Yes,,250,d9b77825d169fdd683f8efa7c1948a8e,2026-10-08T02:13:56Z
cfb,VAN,MISS,2026-10-10T19:30:00Z,JT Lindsey,anytime_td,betmgm,Yes,,-105,d9b77825d169fdd683f8efa7c1948a8e,2026-10-08T02:13:56Z
cfb,ORE,UCLA,2026-10-10T19:30:00Z,Jordon Davison,anytime_td,fanduel,Yes,,-250,3ad908e99942c191b72d855b6f1b508f,2026-10-08T02:14:18Z
cfb,ORE,UCLA,2026-10-10T19:30:00Z,Wayne Knight,anytime_td,fanduel,Yes,,-180,3ad908e99942c191b72d855b6f1b508f,2026-10-08T02:14:18Z
cfb,ORE,UCLA,2026-10-10T19:30:00Z,Dierre Hill Jr.,anytime_td,fanduel,Yes,,-165,3ad908e99942c191b72d855b6f1b508f,2026-10-08T02:14:18Z
cfb,ORE,UCLA,2026-10-10T19:30:00Z,Jamari Johnson,anytime_td,fanduel,Yes,,-120,3ad908e99942c191b72d855b6f1b508f,2026-10-08T02:14:18Z
cfb,ORE,UCLA,2026-10-10T19:30:00Z,Evan Stewart,anytime_td,fanduel,Yes,,105,3ad908e99942c191b72d855b6f1b508f,2026-10-08T02:14:18Z
cfb,ORE,UCLA,2026-10-10T19:30:00Z,Dakorien Moore,anytime_td,fanduel,Yes,,120,3ad908e99942c191b72d855b6f1b508f,2026-10-08T02:14:18Z
cfb,ORE,UCLA,2026-10-10T19:30:00Z,Anthony Woods,anytime_td,fanduel,Yes,,155,3ad908e99942c191b72d855b6f1b508f,2026-10-08T02:14:18Z
cfb,ORE,UCLA,2026-10-10T19:30:00Z,Dylan Raiola,anytime_td,fanduel,Yes,,200,3ad908e99942c191b72d855b6f1b508f,2026-10-08T02:14:18Z
cfb,ORE,UCLA,2026-10-10T19:30:00Z,Messiah Hampton,anytime_td,fanduel,Yes,,200,3ad908e99942c191b72d855b6f1b508f,2026-10-08T02:14:18Z
cfb,ORE,UCLA,2026-10-10T19:30:00Z,Nico Iamaleava,anytime_td,fanduel,Yes,,230,3ad908e99942c191b72d855b6f1b508f,2026-10-08T02:14:18Z
cfb,ORE,UCLA,2026-10-10T19:30:00Z,Semaj Morgan,anytime_td,fanduel,Yes,,260,3ad908e99942c191b72d855b6f1b508f,2026-10-08T02:14:18Z
cfb,ORE,UCLA,2026-10-10T19:30:00Z,Brian Rowe Jr.,anytime_td,fanduel,Yes,,270,3ad908e99942c191b72d855b6f1b508f,2026-10-08T02:14:18Z
cfb,ORE,UCLA,2026-10-10T19:30:00Z,Jaivian Thomas,anytime_td,fanduel,Yes,,310,3ad908e99942c191b72d855b6f1b508f,2026-10-08T02:14:18Z
cfb,ORE,UCLA,2026-10-10T19:30:00Z,Oregon Ducks Defense,anytime_td,fanduel,Yes,,420,3ad908e99942c191b72d855b6f1b508f,2026-10-08T02:14:18Z
cfb,ORE,UCLA,2026-10-10T19:30:00Z,Brayden Loftin,anytime_td,fanduel,Yes,,470,3ad908e99942c191b72d855b6f1b508f,2026-10-08T02:14:18Z
cfb,ORE,UCLA,2026-10-10T19:30:00Z,Landon Ellis,anytime_td,fanduel,Yes,,500,3ad908e99942c191b72d855b6f1b508f,2026-10-08T02:14:18Z
cfb,ORE,UCLA,2026-10-10T19:30:00Z,UCLA Bruins Defense,anytime_td,fanduel,Yes,,750,3ad908e99942c191b72d855b6f1b508f,2026-10-08T02:14:18Z
cfb,ORE,UCLA,2026-10-10T19:30:00Z,Andrew Olesh,anytime_td,fanduel,Yes,,800,3ad908e99942c191b72d855b6f1b508f,2026-10-08T02:14:18Z
cfb,ORE,UCLA,2026-10-10T19:30:00Z,Nico Iamaleava,pass_td,fanduel,Over,0.5,-200,3ad908e99942c191b72d855b6f1b508f,2026-10-08T02:14:18Z
cfb,ORE,UCLA,2026-10-10T19:30:00Z,Nico Iamaleava,pass_td,fanduel,Under,0.5,148,3ad908e99942c191b72d855b6f1b508f,2026-10-08T02:14:18Z
cfb,ORE,UCLA,2026-10-10T19:30:00Z,Dylan Raiola,pass_td,fanduel,Over,2.5,124,3ad908e99942c191b72d855b6f1b508f,2026-10-08T02:14:18Z
cfb,ORE,UCLA,2026-10-10T19:30:00Z,Dylan Raiola,pass_td,fanduel,Under,2.5,-166,3ad908e99942c191b72d855b6f1b508f,2026-10-08T02:14:18Z
cfb,ORE,UCLA,2026-10-10T19:30:00Z,Dylan Raiola,pass_yds,fanduel,Over,288.5,-114,3ad908e99942c191b72d855b6f1b508f,2026-10-08T02:14:18Z
cfb,ORE,UCLA,2026-10-10T19:30:00Z,Dylan Raiola,pass_yds,fanduel,Under,288.5,-114,3ad908e99942c191b72d855b6f1b508f,2026-10-08T02:14:18Z
cfb,ORE,UCLA,2026-10-10T19:30:00Z,Nico Iamaleava,pass_yds,fanduel,Over,184.5,-114,3ad908e99942c191b72d855b6f1b508f,2026-10-08T02:14:18Z
cfb,ORE,UCLA,2026-10-10T19:30:00Z,Nico Iamaleava,pass_yds,fanduel,Under,184.5,-114,3ad908e99942c191b72d855b6f1b508f,2026-10-08T02:14:18Z
cfb,ORE,UCLA,2026-10-10T19:30:00Z,Evan Stewart,rec_yds,fanduel,Over,59.5,-114,3ad908e99942c191b72d855b6f1b508f,2026-10-08T02:14:18Z
cfb,ORE,UCLA,2026-10-10T19:30:00Z,Evan Stewart,rec_yds,fanduel,Under,59.5,-114,3ad908e99942c191b72d855b6f1b508f,2026-10-08T02:14:18Z
cfb,ORE,UCLA,2026-10-10T19:30:00Z,Brian Rowe Jr.,rec_yds,fanduel,Over,28.5,-114,3ad908e99942c191b72d855b6f1b508f,2026-10-08T02:14:18Z
cfb,ORE,UCLA,2026-10-10T19:30:00Z,Brian Rowe Jr.,rec_yds,fanduel,Under,28.5,-114,3ad908e99942c191b72d855b6f1b508f,2026-10-08T02:14:18Z
cfb,ORE,UCLA,2026-10-10T19:30:00Z,Semaj Morgan,rec_yds,fanduel,Over,29.5,-114,3ad908e99942c191b72d855b6f1b508f,2026-10-08T02:14:18Z
cfb,ORE,UCLA,2026-10-10T19:30:00Z,Semaj Morgan,rec_yds,fanduel,Under,29.5,-114,3ad908e99942c191b72d855b6f1b508f,2026-10-08T02:14:18Z
cfb,ORE,UCLA,2026-10-10T19:30:00Z,Messiah Hampton,rec_yds,fanduel,Over,34.5,-114,3ad908e99942c191b72d855b6f1b508f,2026-10-08T02:14:18Z
cfb,ORE,UCLA,2026-10-10T19:30:00Z,Messiah Hampton,rec_yds,fanduel,Under,34.5,-114,3ad908e99942c191b72d855b6f1b508f,2026-10-08T02:14:18Z
cfb,ORE,UCLA,2026-10-10T19:30:00Z,Dakorien Moore,rec_yds,fanduel,Over,49.5,-114,3ad908e99942c191b72d855b6f1b508f,2026-10-08T02:14:18Z
cfb,ORE,UCLA,2026-10-10T19:30:00Z,Dakorien Moore,rec_yds,fanduel,Under,49.5,-114,3ad908e99942c191b72d855b6f1b508f,2026-10-08T02:14:18Z
cfb,ORE,UCLA,2026-10-10T19:30:00Z,Jamari Johnson,rec_yds,fanduel,Over,57.5,-114,3ad908e99942c191b72d855b6f1b508f,2026-10-08T02:14:18Z
cfb,ORE,UCLA,2026-10-10T19:30:00Z,Jamari Johnson,rec_yds,fanduel,Under,57.5,-114,3ad908e99942c191b72d855b6f1b508f,2026-10-08T02:14:18Z
cfb,ORE,UCLA,2026-10-10T19:30:00Z,Dierre Hill Jr.,rec_yds,fanduel,Over,23.5,-114,3ad908e99942c191b72d855b6f1b508f,2026-10-08T02:14:18Z
cfb,ORE,UCLA,2026-10-10T19:30:00Z,Dierre Hill Jr.,rec_yds,fanduel,Under,23.5,-114,3ad908e99942c191b72d855b6f1b508f,2026-10-08T02:14:18Z
cfb,ORE,UCLA,2026-10-10T19:30:00Z,Brian Rowe Jr.,receptions,fanduel,Over,2.5,-122,3ad908e99942c191b72d855b6f1b508f,2026-10-08T02:14:18Z
cfb,ORE,UCLA,2026-10-10T19:30:00Z,Brian Rowe Jr.,receptions,fanduel,Under,2.5,-108,3ad908e99942c191b72d855b6f1b508f,2026-10-08T02:14:18Z
cfb,ORE,UCLA,2026-10-10T19:30:00Z,Messiah Hampton,receptions,fanduel,Over,3.5,-102,3ad908e99942c191b72d855b6f1b508f,2026-10-08T02:14:18Z
cfb,ORE,UCLA,2026-10-10T19:30:00Z,Messiah Hampton,receptions,fanduel,Under,3.5,-130,3ad908e99942c191b72d855b6f1b508f,2026-10-08T02:14:18Z
cfb,ORE,UCLA,2026-10-10T19:30:00Z,Dakorien Moore,receptions,fanduel,Over,3.5,-106,3ad908e99942c191b72d855b6f1b508f,2026-10-08T02:14:18Z
cfb,ORE,UCLA,2026-10-10T19:30:00Z,Dakorien Moore,receptions,fanduel,Under,3.5,-125,3ad908e99942c191b72d855b6f1b508f,2026-10-08T02:14:18Z
cfb,ORE,UCLA,2026-10-10T19:30:00Z,Semaj Morgan,receptions,fanduel,Over,2.5,-158,3ad908e99942c191b72d855b6f1b508f,2026-10-08T02:14:18Z
cfb,ORE,UCLA,2026-10-10T19:30:00Z,Semaj Morgan,receptions,fanduel,Under,2.5,118,3ad908e99942c191b72d855b6f1b508f,2026-10-08T02:14:18Z
cfb,ORE,UCLA,2026-10-10T19:30:00Z,Evan Stewart,receptions,fanduel,Over,5.5,114,3ad908e99942c191b72d855b6f1b508f,2026-10-08T02:14:18Z
cfb,ORE,UCLA,2026-10-10T19:30:00Z,Evan Stewart,receptions,fanduel,Under,5.5,-152,3ad908e99942c191b72d855b6f1b508f,2026-10-08T02:14:18Z
cfb,ORE,UCLA,2026-10-10T19:30:00Z,Jamari Johnson,receptions,fanduel,Over,3.5,-154,3ad908e99942c191b72d855b6f1b508f,2026-10-08T02:14:18Z
cfb,ORE,UCLA,2026-10-10T19:30:00Z,Jamari Johnson,receptions,fanduel,Under,3.5,116,3ad908e99942c191b72d855b6f1b508f,2026-10-08T02:14:18Z
cfb,ORE,UCLA,2026-10-10T19:30:00Z,Dierre Hill Jr.,rush_yds,fanduel,Over,51.5,-114,3ad908e99942c191b72d855b6f1b508f,2026-10-08T02:14:18Z
cfb,ORE,UCLA,2026-10-10T19:30:00Z,Dierre Hill Jr.,rush_yds,fanduel,Under,51.5,-114,3ad908e99942c191b72d855b6f1b508f,2026-10-08T02:14:18Z
cfb,ORE,UCLA,2026-10-10T19:30:00Z,Anthony Woods,rush_yds,fanduel,Under,37.5,-118,3ad908e99942c191b72d855b6f1b508f,2026-10-08T02:14:18Z
cfb,ORE,UCLA,2026-10-10T19:30:00Z,Anthony Woods,rush_yds,fanduel,Over,37.5,-114,3ad908e99942c191b72d855b6f1b508f,2026-10-08T02:14:18Z
cfb,ORE,UCLA,2026-10-10T19:30:00Z,Jordon Davison,rush_yds,fanduel,Over,60.5,-114,3ad908e99942c191b72d855b6f1b508f,2026-10-08T02:14:18Z
cfb,ORE,UCLA,2026-10-10T19:30:00Z,Jordon Davison,rush_yds,fanduel,Under,60.5,-114,3ad908e99942c191b72d855b6f1b508f,2026-10-08T02:14:18Z
cfb,ORE,UCLA,2026-10-10T19:30:00Z,Nico Iamaleava,rush_yds,fanduel,Over,28.5,-114,3ad908e99942c191b72d855b6f1b508f,2026-10-08T02:14:18Z
cfb,ORE,UCLA,2026-10-10T19:30:00Z,Nico Iamaleava,rush_yds,fanduel,Under,28.5,-114,3ad908e99942c191b72d855b6f1b508f,2026-10-08T02:14:18Z
cfb,ORE,UCLA,2026-10-10T19:30:00Z,Wayne Knight,rush_yds,fanduel,Over,71.5,-114,3ad908e99942c191b72d855b6f1b508f,2026-10-08T02:14:18Z
cfb,ORE,UCLA,2026-10-10T19:30:00Z,Wayne Knight,rush_yds,fanduel,Under,71.5,-114,3ad908e99942c191b72d855b6f1b508f,2026-10-08T02:14:18Z
cfb,ORE,UCLA,2026-10-10T19:30:00Z,Jordon Davison,anytime_td,draftkings,Yes,,-255,3ad908e99942c191b72d855b6f1b508f,2026-10-08T02:11:53Z
cfb,ORE,UCLA,2026-10-10T19:30:00Z,Dierre Hill Jr.,anytime_td,draftkings,Yes,,-215,3ad908e99942c191b72d855b6f1b508f,2026-10-08T02:11:53Z
cfb,ORE,UCLA,2026-10-10T19:30:00Z,Wayne Knight,anytime_td,draftkings,Yes,,-215,3ad908e99942c191b72d855b6f1b508f,2026-10-08T02:11:53Z
cfb,ORE,UCLA,2026-10-10T19:30:00Z,Dakorien Moore,anytime_td,draftkings,Yes,,-115,3ad908e99942c191b72d855b6f1b508f,2026-10-08T02:11:53Z
cfb,ORE,UCLA,2026-10-10T19:30:00Z,Evan Stewart,anytime_td,draftkings,Yes,,-110,3ad908e99942c191b72d855b6f1b508f,2026-10-08T02:11:53Z
cfb,ORE,UCLA,2026-10-10T19:30:00Z,Jamari Johnson,anytime_td,draftkings,Yes,,-110,3ad908e99942c191b72d855b6f1b508f,2026-10-08T02:11:53Z
cfb,ORE,UCLA,2026-10-10T19:30:00Z,Nico Iamaleava,anytime_td,draftkings,Yes,,110,3ad908e99942c191b72d855b6f1b508f,2026-10-08T02:11:53Z
cfb,ORE,UCLA,2026-10-10T19:30:00Z,Anthony Woods,anytime_td,draftkings,Yes,,120,3ad908e99942c191b72d855b6f1b508f,2026-10-08T02:11:53Z
cfb,ORE,UCLA,2026-10-10T19:30:00Z,Messiah Hampton,anytime_td,draftkings,Yes,,185,3ad908e99942c191b72d855b6f1b508f,2026-10-08T02:11:53Z
cfb,ORE,UCLA,2026-10-10T19:30:00Z,Dylan Raiola,anytime_td,draftkings,Yes,,200,3ad908e99942c191b72d855b6f1b508f,2026-10-08T02:11:53Z
cfb,ORE,UCLA,2026-10-10T19:30:00Z,Semaj Morgan,anytime_td,draftkings,Yes,,240,3ad908e99942c191b72d855b6f1b508f,2026-10-08T02:11:53Z
cfb,ORE,UCLA,2026-10-10T19:30:00Z,Brian Rowe Jr.,anytime_td,draftkings,Yes,,245,3ad908e99942c191b72d855b6f1b508f,2026-10-08T02:11:53Z
cfb,ORE,UCLA,2026-10-10T19:30:00Z,Jaivian Thomas,anytime_td,draftkings,Yes,,255,3ad908e99942c191b72d855b6f1b508f,2026-10-08T02:11:53Z
cfb,ORE,UCLA,2026-10-10T19:30:00Z,Oregon Ducks D/ST,anytime_td,draftkings,Yes,,425,3ad908e99942c191b72d855b6f1b508f,2026-10-08T02:11:53Z
cfb,ORE,UCLA,2026-10-10T19:30:00Z,Landon Ellis,anytime_td,draftkings,Yes,,475,3ad908e99942c191b72d855b6f1b508f,2026-10-08T02:11:53Z
cfb,ORE,UCLA,2026-10-10T19:30:00Z,Aidan Mizell,anytime_td,draftkings,Yes,,475,3ad908e99942c191b72d855b6f1b508f,2026-10-08T02:11:53Z
cfb,ORE,UCLA,2026-10-10T19:30:00Z,Andrew Olesh,anytime_td,draftkings,Yes,,500,3ad908e99942c191b72d855b6f1b508f,2026-10-08T02:11:53Z
cfb,ORE,UCLA,2026-10-10T19:30:00Z,Kendre Harrison,anytime_td,draftkings,Yes,,500,3ad908e99942c191b72d855b6f1b508f,2026-10-08T02:11:53Z
cfb,ORE,UCLA,2026-10-10T19:30:00Z,Gatlin Bair,anytime_td,draftkings,Yes,,550,3ad908e99942c191b72d855b6f1b508f,2026-10-08T02:11:53Z
cfb,ORE,UCLA,2026-10-10T19:30:00Z,Brady Bidwell,anytime_td,draftkings,Yes,,600,3ad908e99942c191b72d855b6f1b508f,2026-10-08T02:11:53Z
cfb,ORE,UCLA,2026-10-10T19:30:00Z,Brayden Loftin,anytime_td,draftkings,Yes,,650,3ad908e99942c191b72d855b6f1b508f,2026-10-08T02:11:53Z
cfb,ORE,UCLA,2026-10-10T19:30:00Z,UCLA Bruins D/ST,anytime_td,draftkings,Yes,,650,3ad908e99942c191b72d855b6f1b508f,2026-10-08T02:11:53Z
cfb,ORE,UCLA,2026-10-10T19:30:00Z,Semaj Morgan,anytime_td,betmgm,Yes,,270,3ad908e99942c191b72d855b6f1b508f,2026-10-08T02:13:57Z
cfb,ORE,UCLA,2026-10-10T19:30:00Z,Nico Iamaleava,anytime_td,betmgm,Yes,,210,3ad908e99942c191b72d855b6f1b508f,2026-10-08T02:13:57Z
cfb,ORE,UCLA,2026-10-10T19:30:00Z,Dakorien Moore,anytime_td,betmgm,Yes,,115,3ad908e99942c191b72d855b6f1b508f,2026-10-08T02:13:57Z
cfb,ORE,UCLA,2026-10-10T19:30:00Z,Brian Rowe Jr.,anytime_td,betmgm,Yes,,270,3ad908e99942c191b72d855b6f1b508f,2026-10-08T02:13:57Z
cfb,ORE,UCLA,2026-10-10T19:30:00Z,Jamari Johnson,anytime_td,betmgm,Yes,,-118,3ad908e99942c191b72d855b6f1b508f,2026-10-08T02:13:57Z
cfb,ORE,UCLA,2026-10-10T19:30:00Z,Evan Stewart,anytime_td,betmgm,Yes,,105,3ad908e99942c191b72d855b6f1b508f,2026-10-08T02:13:57Z
cfb,ORE,UCLA,2026-10-10T19:30:00Z,Anthony Woods,anytime_td,betmgm,Yes,,150,3ad908e99942c191b72d855b6f1b508f,2026-10-08T02:13:57Z
cfb,ORE,UCLA,2026-10-10T19:30:00Z,Messiah Hampton,anytime_td,betmgm,Yes,,180,3ad908e99942c191b72d855b6f1b508f,2026-10-08T02:13:57Z
cfb,ORE,UCLA,2026-10-10T19:30:00Z,Wayne Knight,anytime_td,betmgm,Yes,,-165,3ad908e99942c191b72d855b6f1b508f,2026-10-08T02:13:57Z
cfb,ORE,UCLA,2026-10-10T19:30:00Z,Jordon Davison,anytime_td,betmgm,Yes,,-250,3ad908e99942c191b72d855b6f1b508f,2026-10-08T02:13:57Z
cfb,ORE,UCLA,2026-10-10T19:30:00Z,Dierre Hill Jr.,anytime_td,betmgm,Yes,,-200,3ad908e99942c191b72d855b6f1b508f,2026-10-08T02:13:57Z
cfb,KSU,HOU,2026-10-10T19:30:00Z,Conner Weigman,anytime_td,fanduel,Yes,,-175,373204ebaf557738961c85f37a72fe10,2026-10-08T02:14:27Z
cfb,KSU,HOU,2026-10-10T19:30:00Z,Rodney Fields Jr.,anytime_td,fanduel,Yes,,-140,373204ebaf557738961c85f37a72fe10,2026-10-08T02:14:27Z
cfb,KSU,HOU,2026-10-10T19:30:00Z,Avery Johnson,anytime_td,fanduel,Yes,,-110,373204ebaf557738961c85f37a72fe10,2026-10-08T02:14:27Z
cfb,KSU,HOU,2026-10-10T19:30:00Z,Joe Jackson,anytime_td,fanduel,Yes,,110,373204ebaf557738961c85f37a72fe10,2026-10-08T02:14:27Z
cfb,KSU,HOU,2026-10-10T19:30:00Z,Makhi Hughes,anytime_td,fanduel,Yes,,110,373204ebaf557738961c85f37a72fe10,2026-10-08T02:14:27Z
cfb,KSU,HOU,2026-10-10T19:30:00Z,Amare Thomas,anytime_td,fanduel,Yes,,160,373204ebaf557738961c85f37a72fe10,2026-10-08T02:14:27Z
cfb,KSU,HOU,2026-10-10T19:30:00Z,Jaron Tibbs,anytime_td,fanduel,Yes,,160,373204ebaf557738961c85f37a72fe10,2026-10-08T02:14:27Z
cfb,KSU,HOU,2026-10-10T19:30:00Z,Patrick Overmyer,anytime_td,fanduel,Yes,,170,373204ebaf557738961c85f37a72fe10,2026-10-08T02:14:27Z
cfb,KSU,HOU,2026-10-10T19:30:00Z,Garrett Oakley,anytime_td,fanduel,Yes,,260,373204ebaf557738961c85f37a72fe10,2026-10-08T02:14:27Z
cfb,KSU,HOU,2026-10-10T19:30:00Z,Derrick Salley Jr.,anytime_td,fanduel,Yes,,260,373204ebaf557738961c85f37a72fe10,2026-10-08T02:14:27Z
cfb,KSU,HOU,2026-10-10T19:30:00Z,Josh Manning,anytime_td,fanduel,Yes,,290,373204ebaf557738961c85f37a72fe10,2026-10-08T02:14:27Z
cfb,KSU,HOU,2026-10-10T19:30:00Z,Trent Walker,anytime_td,fanduel,Yes,,320,373204ebaf557738961c85f37a72fe10,2026-10-08T02:14:27Z
cfb,KSU,HOU,2026-10-10T19:30:00Z,Brandon White,anytime_td,fanduel,Yes,,350,373204ebaf557738961c85f37a72fe10,2026-10-08T02:14:27Z
cfb,KSU,HOU,2026-10-10T19:30:00Z,Koby Young,anytime_td,fanduel,Yes,,370,373204ebaf557738961c85f37a72fe10,2026-10-08T02:14:27Z
cfb,KSU,HOU,2026-10-10T19:30:00Z,Houston Cougars Defense,anytime_td,fanduel,Yes,,650,373204ebaf557738961c85f37a72fe10,2026-10-08T02:14:27Z
cfb,KSU,HOU,2026-10-10T19:30:00Z,Kansas State Wildcats Defense,anytime_td,fanduel,Yes,,650,373204ebaf557738961c85f37a72fe10,2026-10-08T02:14:27Z
cfb,KSU,HOU,2026-10-10T19:30:00Z,Conner Weigman,pass_td,fanduel,Over,1.5,140,373204ebaf557738961c85f37a72fe10,2026-10-08T02:14:27Z
cfb,KSU,HOU,2026-10-10T19:30:00Z,Conner Weigman,pass_td,fanduel,Under,1.5,-188,373204ebaf557738961c85f37a72fe10,2026-10-08T02:14:27Z
cfb,KSU,HOU,2026-10-10T19:30:00Z,Avery Johnson,pass_td,fanduel,Over,1.5,100,373204ebaf557738961c85f37a72fe10,2026-10-08T02:14:27Z
cfb,KSU,HOU,2026-10-10T19:30:00Z,Avery Johnson,pass_td,fanduel,Under,1.5,-132,373204ebaf557738961c85f37a72fe10,2026-10-08T02:14:27Z
cfb,KSU,HOU,2026-10-10T19:30:00Z,Conner Weigman,pass_yds,fanduel,Over,226.5,-114,373204ebaf557738961c85f37a72fe10,2026-10-08T02:14:27Z
cfb,KSU,HOU,2026-10-10T19:30:00Z,Conner Weigman,pass_yds,fanduel,Under,226.5,-114,373204ebaf557738961c85f37a72fe10,2026-10-08T02:14:27Z
cfb,KSU,HOU,2026-10-10T19:30:00Z,Avery Johnson,pass_yds,fanduel,Over,225.5,-114,373204ebaf557738961c85f37a72fe10,2026-10-08T02:14:27Z
cfb,KSU,HOU,2026-10-10T19:30:00Z,Avery Johnson,pass_yds,fanduel,Under,225.5,-114,373204ebaf557738961c85f37a72fe10,2026-10-08T02:14:27Z
cfb,KSU,HOU,2026-10-10T19:30:00Z,Jaron Tibbs,rec_yds,fanduel,Over,41.5,-114,373204ebaf557738961c85f37a72fe10,2026-10-08T02:14:27Z
cfb,KSU,HOU,2026-10-10T19:30:00Z,Jaron Tibbs,rec_yds,fanduel,Under,41.5,-114,373204ebaf557738961c85f37a72fe10,2026-10-08T02:14:27Z
cfb,KSU,HOU,2026-10-10T19:30:00Z,Garrett Oakley,rec_yds,fanduel,Over,34.5,-114,373204ebaf557738961c85f37a72fe10,2026-10-08T02:14:27Z
cfb,KSU,HOU,2026-10-10T19:30:00Z,Garrett Oakley,rec_yds,fanduel,Under,34.5,-114,373204ebaf557738961c85f37a72fe10,2026-10-08T02:14:27Z
cfb,KSU,HOU,2026-10-10T19:30:00Z,Patrick Overmyer,rec_yds,fanduel,Over,51.5,-114,373204ebaf557738961c85f37a72fe10,2026-10-08T02:14:27Z
cfb,KSU,HOU,2026-10-10T19:30:00Z,Patrick Overmyer,rec_yds,fanduel,Under,51.5,-114,373204ebaf557738961c85f37a72fe10,2026-10-08T02:14:27Z
cfb,KSU,HOU,2026-10-10T19:30:00Z,Josh Manning,rec_yds,fanduel,Over,32.5,-114,373204ebaf557738961c85f37a72fe10,2026-10-08T02:14:27Z
cfb,KSU,HOU,2026-10-10T19:30:00Z,Josh Manning,rec_yds,fanduel,Under,32.5,-114,373204ebaf557738961c85f37a72fe10,2026-10-08T02:14:27Z
cfb,KSU,HOU,2026-10-10T19:30:00Z,Koby Young,rec_yds,fanduel,Over,23.5,-118,373204ebaf557738961c85f37a72fe10,2026-10-08T02:14:27Z
cfb,KSU,HOU,2026-10-10T19:30:00Z,Koby Young,rec_yds,fanduel,Under,23.5,-112,373204ebaf557738961c85f37a72fe10,2026-10-08T02:14:27Z
cfb,KSU,HOU,2026-10-10T19:30:00Z,Trent Walker,rec_yds,fanduel,Over,40.5,-114,373204ebaf557738961c85f37a72fe10,2026-10-08T02:14:27Z
cfb,KSU,HOU,2026-10-10T19:30:00Z,Trent Walker,rec_yds,fanduel,Under,40.5,-114,373204ebaf557738961c85f37a72fe10,2026-10-08T02:14:27Z
cfb,KSU,HOU,2026-10-10T19:30:00Z,Amare Thomas,rec_yds,fanduel,Under,57.5,-118,373204ebaf557738961c85f37a72fe10,2026-10-08T02:14:27Z
cfb,KSU,HOU,2026-10-10T19:30:00Z,Amare Thomas,rec_yds,fanduel,Over,57.5,-112,373204ebaf557738961c85f37a72fe10,2026-10-08T02:14:27Z
cfb,KSU,HOU,2026-10-10T19:30:00Z,Avery Johnson,rush_yds,fanduel,Under,40.5,-118,373204ebaf557738961c85f37a72fe10,2026-10-08T02:14:27Z
cfb,KSU,HOU,2026-10-10T19:30:00Z,Avery Johnson,rush_yds,fanduel,Over,40.5,-112,373204ebaf557738961c85f37a72fe10,2026-10-08T02:14:27Z
cfb,KSU,HOU,2026-10-10T19:30:00Z,Conner Weigman,rush_yds,fanduel,Over,42.5,-114,373204ebaf557738961c85f37a72fe10,2026-10-08T02:14:27Z
cfb,KSU,HOU,2026-10-10T19:30:00Z,Conner Weigman,rush_yds,fanduel,Under,42.5,-114,373204ebaf557738961c85f37a72fe10,2026-10-08T02:14:27Z
cfb,KSU,HOU,2026-10-10T19:30:00Z,Makhi Hughes,rush_yds,fanduel,Over,63.5,-114,373204ebaf557738961c85f37a72fe10,2026-10-08T02:14:27Z
cfb,KSU,HOU,2026-10-10T19:30:00Z,Makhi Hughes,rush_yds,fanduel,Under,63.5,-114,373204ebaf557738961c85f37a72fe10,2026-10-08T02:14:27Z
cfb,KSU,HOU,2026-10-10T19:30:00Z,Rodney Fields Jr.,rush_yds,fanduel,Over,65.5,-114,373204ebaf557738961c85f37a72fe10,2026-10-08T02:14:27Z
cfb,KSU,HOU,2026-10-10T19:30:00Z,Rodney Fields Jr.,rush_yds,fanduel,Under,65.5,-114,373204ebaf557738961c85f37a72fe10,2026-10-08T02:14:27Z
cfb,KSU,HOU,2026-10-10T19:30:00Z,Conner Weigman,anytime_td,draftkings,Yes,,-280,373204ebaf557738961c85f37a72fe10,2026-10-08T02:12:56Z
cfb,KSU,HOU,2026-10-10T19:30:00Z,Rodney Fields Jr.,anytime_td,draftkings,Yes,,-245,373204ebaf557738961c85f37a72fe10,2026-10-08T02:12:56Z
cfb,KSU,HOU,2026-10-10T19:30:00Z,Makhi Hughes,anytime_td,draftkings,Yes,,-220,373204ebaf557738961c85f37a72fe10,2026-10-08T02:12:56Z
cfb,KSU,HOU,2026-10-10T19:30:00Z,Joe Jackson,anytime_td,draftkings,Yes,,-200,373204ebaf557738961c85f37a72fe10,2026-10-08T02:12:56Z
cfb,KSU,HOU,2026-10-10T19:30:00Z,Avery Johnson,anytime_td,draftkings,Yes,,-200,373204ebaf557738961c85f37a72fe10,2026-10-08T02:12:56Z
cfb,KSU,HOU,2026-10-10T19:30:00Z,Amare Thomas,anytime_td,draftkings,Yes,,130,373204ebaf557738961c85f37a72fe10,2026-10-08T02:12:56Z
cfb,KSU,HOU,2026-10-10T19:30:00Z,Patrick Overmyer,anytime_td,draftkings,Yes,,135,373204ebaf557738961c85f37a72fe10,2026-10-08T02:12:56Z
cfb,KSU,HOU,2026-10-10T19:30:00Z,Jay Harris,anytime_td,draftkings,Yes,,180,373204ebaf557738961c85f37a72fe10,2026-10-08T02:12:56Z
cfb,KSU,HOU,2026-10-10T19:30:00Z,Derrick Salley Jr.,anytime_td,draftkings,Yes,,190,373204ebaf557738961c85f37a72fe10,2026-10-08T02:12:56Z
cfb,KSU,HOU,2026-10-10T19:30:00Z,Brandon White,anytime_td,draftkings,Yes,,195,373204ebaf557738961c85f37a72fe10,2026-10-08T02:12:56Z
cfb,KSU,HOU,2026-10-10T19:30:00Z,Koby Young,anytime_td,draftkings,Yes,,235,373204ebaf557738961c85f37a72fe10,2026-10-08T02:12:56Z
cfb,KSU,HOU,2026-10-10T19:30:00Z,Josh Manning,anytime_td,draftkings,Yes,,240,373204ebaf557738961c85f37a72fe10,2026-10-08T02:12:56Z
cfb,KSU,HOU,2026-10-10T19:30:00Z,Jaron Tibbs,anytime_td,draftkings,Yes,,285,373204ebaf557738961c85f37a72fe10,2026-10-08T02:12:56Z
cfb,KSU,HOU,2026-10-10T19:30:00Z,Garrett Oakley,anytime_td,draftkings,Yes,,300,373204ebaf557738961c85f37a72fe10,2026-10-08T02:12:56Z
cfb,KSU,HOU,2026-10-10T19:30:00Z,Trent Walker,anytime_td,draftkings,Yes,,320,373204ebaf557738961c85f37a72fe10,2026-10-08T02:12:56Z
cfb,KSU,HOU,2026-10-10T19:30:00Z,DJ Butler,anytime_td,draftkings,Yes,,360,373204ebaf557738961c85f37a72fe10,2026-10-08T02:12:56Z
cfb,KSU,HOU,2026-10-10T19:30:00Z,Linkon Cure,anytime_td,draftkings,Yes,,500,373204ebaf557738961c85f37a72fe10,2026-10-08T02:12:56Z
cfb,KSU,HOU,2026-10-10T19:30:00Z,Kansas State Wildcats D/ST,anytime_td,draftkings,Yes,,550,373204ebaf557738961c85f37a72fe10,2026-10-08T02:12:56Z
cfb,KSU,HOU,2026-10-10T19:30:00Z,Houston Cougars D/ST,anytime_td,draftkings,Yes,,550,373204ebaf557738961c85f37a72fe10,2026-10-08T02:12:56Z
cfb,GT,DUKE,2026-10-10T19:30:00Z,Nate Sheppard,anytime_td,fanduel,Yes,,-330,43457c08aa50a7e0038aa06eb3437680,2026-10-08T02:14:20Z
cfb,GT,DUKE,2026-10-10T19:30:00Z,Justice Haynes,anytime_td,fanduel,Yes,,-120,43457c08aa50a7e0038aa06eb3437680,2026-10-08T02:14:20Z
cfb,GT,DUKE,2026-10-10T19:30:00Z,CJ Campbell Jr.,anytime_td,fanduel,Yes,,160,43457c08aa50a7e0038aa06eb3437680,2026-10-08T02:14:20Z
cfb,GT,DUKE,2026-10-10T19:30:00Z,Jonah Burton,anytime_td,fanduel,Yes,,210,43457c08aa50a7e0038aa06eb3437680,2026-10-08T02:14:20Z
cfb,GT,DUKE,2026-10-10T19:30:00Z,Jeremiah Hasley,anytime_td,fanduel,Yes,,240,43457c08aa50a7e0038aa06eb3437680,2026-10-08T02:14:20Z
cfb,GT,DUKE,2026-10-10T19:30:00Z,Kevin Roche Jr.,anytime_td,fanduel,Yes,,290,43457c08aa50a7e0038aa06eb3437680,2026-10-08T02:14:20Z
cfb,GT,DUKE,2026-10-10T19:30:00Z,Trelain Maddox,anytime_td,fanduel,Yes,,290,43457c08aa50a7e0038aa06eb3437680,2026-10-08T02:14:20Z
cfb,GT,DUKE,2026-10-10T19:30:00Z,Jordan Allen,anytime_td,fanduel,Yes,,340,43457c08aa50a7e0038aa06eb3437680,2026-10-08T02:14:20Z
cfb,GT,DUKE,2026-10-10T19:30:00Z,Dalen Penson,anytime_td,fanduel,Yes,,390,43457c08aa50a7e0038aa06eb3437680,2026-10-08T02:14:20Z
cfb,GT,DUKE,2026-10-10T19:30:00Z,Jared Richardson,anytime_td,fanduel,Yes,,430,43457c08aa50a7e0038aa06eb3437680,2026-10-08T02:14:20Z
cfb,GT,DUKE,2026-10-10T19:30:00Z,Walker Eget,anytime_td,fanduel,Yes,,450,43457c08aa50a7e0038aa06eb3437680,2026-10-08T02:14:20Z
cfb,GT,DUKE,2026-10-10T19:30:00Z,Jayden Moore,anytime_td,fanduel,Yes,,500,43457c08aa50a7e0038aa06eb3437680,2026-10-08T02:14:20Z
cfb,GT,DUKE,2026-10-10T19:30:00Z,Jaivon Solomon,anytime_td,fanduel,Yes,,500,43457c08aa50a7e0038aa06eb3437680,2026-10-08T02:14:20Z
cfb,GT,DUKE,2026-10-10T19:30:00Z,Jaiven Plummer,anytime_td,fanduel,Yes,,550,43457c08aa50a7e0038aa06eb3437680,2026-10-08T02:14:20Z
cfb,GT,DUKE,2026-10-10T19:30:00Z,Jake Taylor,anytime_td,fanduel,Yes,,600,43457c08aa50a7e0038aa06eb3437680,2026-10-08T02:14:20Z
cfb,GT,DUKE,2026-10-10T19:30:00Z,Duke Blue Devils Defense,anytime_td,fanduel,Yes,,600,43457c08aa50a7e0038aa06eb3437680,2026-10-08T02:14:20Z
cfb,GT,DUKE,2026-10-10T19:30:00Z,Alberto Mendoza,anytime_td,fanduel,Yes,,700,43457c08aa50a7e0038aa06eb3437680,2026-10-08T02:14:20Z
cfb,GT,DUKE,2026-10-10T19:30:00Z,Chad Alexander,anytime_td,fanduel,Yes,,800,43457c08aa50a7e0038aa06eb3437680,2026-10-08T02:14:20Z
cfb,GT,DUKE,2026-10-10T19:30:00Z,Chris Corbo,anytime_td,fanduel,Yes,,950,43457c08aa50a7e0038aa06eb3437680,2026-10-08T02:14:20Z
cfb,GT,DUKE,2026-10-10T19:30:00Z,Georgia Tech Yellow Jackets Defense,anytime_td,fanduel,Yes,,1000,43457c08aa50a7e0038aa06eb3437680,2026-10-08T02:14:20Z
cfb,GT,DUKE,2026-10-10T19:30:00Z,Isaiah Fuhrmann,anytime_td,fanduel,Yes,,1000,43457c08aa50a7e0038aa06eb3437680,2026-10-08T02:14:20Z
cfb,GT,DUKE,2026-10-10T19:30:00Z,Alberto Mendoza,pass_td,fanduel,Over,0.5,-245,43457c08aa50a7e0038aa06eb3437680,2026-10-08T02:14:20Z
cfb,GT,DUKE,2026-10-10T19:30:00Z,Alberto Mendoza,pass_td,fanduel,Under,0.5,178,43457c08aa50a7e0038aa06eb3437680,2026-10-08T02:14:20Z
cfb,GT,DUKE,2026-10-10T19:30:00Z,Walker Eget,pass_td,fanduel,Under,1.5,-178,43457c08aa50a7e0038aa06eb3437680,2026-10-08T02:14:20Z
cfb,GT,DUKE,2026-10-10T19:30:00Z,Walker Eget,pass_td,fanduel,Over,1.5,132,43457c08aa50a7e0038aa06eb3437680,2026-10-08T02:14:20Z
cfb,GT,DUKE,2026-10-10T19:30:00Z,Alberto Mendoza,pass_yds,fanduel,Over,199.5,-114,43457c08aa50a7e0038aa06eb3437680,2026-10-08T02:14:20Z
cfb,GT,DUKE,2026-10-10T19:30:00Z,Alberto Mendoza,pass_yds,fanduel,Under,199.5,-114,43457c08aa50a7e0038aa06eb3437680,2026-10-08T02:14:20Z
cfb,GT,DUKE,2026-10-10T19:30:00Z,Walker Eget,pass_yds,fanduel,Over,172.5,-114,43457c08aa50a7e0038aa06eb3437680,2026-10-08T02:14:20Z
cfb,GT,DUKE,2026-10-10T19:30:00Z,Walker Eget,pass_yds,fanduel,Under,172.5,-114,43457c08aa50a7e0038aa06eb3437680,2026-10-08T02:14:20Z
cfb,GT,DUKE,2026-10-10T19:30:00Z,Dalen Penson,rec_yds,fanduel,Over,45.5,-114,43457c08aa50a7e0038aa06eb3437680,2026-10-08T02:14:20Z
cfb,GT,DUKE,2026-10-10T19:30:00Z,Dalen Penson,rec_yds,fanduel,Under,45.5,-114,43457c08aa50a7e0038aa06eb3437680,2026-10-08T02:14:20Z
cfb,GT,DUKE,2026-10-10T19:30:00Z,Jonah Burton,rec_yds,fanduel,Under,34.5,-118,43457c08aa50a7e0038aa06eb3437680,2026-10-08T02:14:20Z
cfb,GT,DUKE,2026-10-10T19:30:00Z,Jonah Burton,rec_yds,fanduel,Over,34.5,-112,43457c08aa50a7e0038aa06eb3437680,2026-10-08T02:14:20Z
cfb,GT,DUKE,2026-10-10T19:30:00Z,Kevin Roche Jr.,rec_yds,fanduel,Over,37.5,-114,43457c08aa50a7e0038aa06eb3437680,2026-10-08T02:14:20Z
cfb,GT,DUKE,2026-10-10T19:30:00Z,Kevin Roche Jr.,rec_yds,fanduel,Under,37.5,-114,43457c08aa50a7e0038aa06eb3437680,2026-10-08T02:14:20Z
cfb,GT,DUKE,2026-10-10T19:30:00Z,Jeremiah Hasley,rec_yds,fanduel,Over,32.5,-114,43457c08aa50a7e0038aa06eb3437680,2026-10-08T02:14:20Z
cfb,GT,DUKE,2026-10-10T19:30:00Z,Jeremiah Hasley,rec_yds,fanduel,Under,32.5,-114,43457c08aa50a7e0038aa06eb3437680,2026-10-08T02:14:20Z
cfb,GT,DUKE,2026-10-10T19:30:00Z,Jordan Allen,rec_yds,fanduel,Over,39.5,-114,43457c08aa50a7e0038aa06eb3437680,2026-10-08T02:14:20Z
cfb,GT,DUKE,2026-10-10T19:30:00Z,Jordan Allen,rec_yds,fanduel,Under,39.5,-114,43457c08aa50a7e0038aa06eb3437680,2026-10-08T02:14:20Z
cfb,GT,DUKE,2026-10-10T19:30:00Z,Kevin Roche Jr.,receptions,fanduel,Under,4.5,-166,43457c08aa50a7e0038aa06eb3437680,2026-10-08T02:14:20Z
cfb,GT,DUKE,2026-10-10T19:30:00Z,Kevin Roche Jr.,receptions,fanduel,Over,4.5,124,43457c08aa50a7e0038aa06eb3437680,2026-10-08T02:14:20Z
cfb,GT,DUKE,2026-10-10T19:30:00Z,Dalen Penson,receptions,fanduel,Over,3.5,-128,43457c08aa50a7e0038aa06eb3437680,2026-10-08T02:14:20Z
cfb,GT,DUKE,2026-10-10T19:30:00Z,Dalen Penson,receptions,fanduel,Under,3.5,-104,43457c08aa50a7e0038aa06eb3437680,2026-10-08T02:14:20Z
cfb,GT,DUKE,2026-10-10T19:30:00Z,Jordan Allen,receptions,fanduel,Over,3.5,-140,43457c08aa50a7e0038aa06eb3437680,2026-10-08T02:14:20Z
cfb,GT,DUKE,2026-10-10T19:30:00Z,Jordan Allen,receptions,fanduel,Under,3.5,106,43457c08aa50a7e0038aa06eb3437680,2026-10-08T02:14:20Z
cfb,GT,DUKE,2026-10-10T19:30:00Z,Nate Sheppard,rush_yds,fanduel,Over,134.5,-114,43457c08aa50a7e0038aa06eb3437680,2026-10-08T02:14:20Z
cfb,GT,DUKE,2026-10-10T19:30:00Z,Nate Sheppard,rush_yds,fanduel,Under,134.5,-114,43457c08aa50a7e0038aa06eb3437680,2026-10-08T02:14:20Z
cfb,GT,DUKE,2026-10-10T19:30:00Z,Justice Haynes,rush_yds,fanduel,Under,81.5,-118,43457c08aa50a7e0038aa06eb3437680,2026-10-08T02:14:20Z
cfb,GT,DUKE,2026-10-10T19:30:00Z,Justice Haynes,rush_yds,fanduel,Over,81.5,-112,43457c08aa50a7e0038aa06eb3437680,2026-10-08T02:14:20Z
cfb,GT,DUKE,2026-10-10T19:30:00Z,Nate Sheppard,anytime_td,draftkings,Yes,,-525,43457c08aa50a7e0038aa06eb3437680,2026-10-08T02:14:01Z
cfb,GT,DUKE,2026-10-10T19:30:00Z,Justice Haynes,anytime_td,draftkings,Yes,,-180,43457c08aa50a7e0038aa06eb3437680,2026-10-08T02:14:01Z
cfb,GT,DUKE,2026-10-10T19:30:00Z,CJ Campbell Jr.,anytime_td,draftkings,Yes,,-115,43457c08aa50a7e0038aa06eb3437680,2026-10-08T02:14:01Z
cfb,GT,DUKE,2026-10-10T19:30:00Z,Jayvian Tanelus,anytime_td,draftkings,Yes,,180,43457c08aa50a7e0038aa06eb3437680,2026-10-08T02:14:01Z
cfb,GT,DUKE,2026-10-10T19:30:00Z,Trelain Maddox,anytime_td,draftkings,Yes,,190,43457c08aa50a7e0038aa06eb3437680,2026-10-08T02:14:01Z
cfb,GT,DUKE,2026-10-10T19:30:00Z,Jeremiah Hasley,anytime_td,draftkings,Yes,,230,43457c08aa50a7e0038aa06eb3437680,2026-10-08T02:14:01Z
cfb,GT,DUKE,2026-10-10T19:30:00Z,Dalen Penson,anytime_td,draftkings,Yes,,280,43457c08aa50a7e0038aa06eb3437680,2026-10-08T02:14:01Z
cfb,GT,DUKE,2026-10-10T19:30:00Z,Walker Eget,anytime_td,draftkings,Yes,,290,43457c08aa50a7e0038aa06eb3437680,2026-10-08T02:14:01Z
cfb,GT,DUKE,2026-10-10T19:30:00Z,Kevin Roche Jr.,anytime_td,draftkings,Yes,,300,43457c08aa50a7e0038aa06eb3437680,2026-10-08T02:14:01Z
cfb,GT,DUKE,2026-10-10T19:30:00Z,Jonah Burton,anytime_td,draftkings,Yes,,320,43457c08aa50a7e0038aa06eb3437680,2026-10-08T02:14:01Z
cfb,GT,DUKE,2026-10-10T19:30:00Z,Malachi Hosley,anytime_td,draftkings,Yes,,400,43457c08aa50a7e0038aa06eb3437680,2026-10-08T02:14:01Z
cfb,GT,DUKE,2026-10-10T19:30:00Z,Jordan Allen,anytime_td,draftkings,Yes,,475,43457c08aa50a7e0038aa06eb3437680,2026-10-08T02:14:01Z
cfb,GT,DUKE,2026-10-10T19:30:00Z,Jayden Moore,anytime_td,draftkings,Yes,,475,43457c08aa50a7e0038aa06eb3437680,2026-10-08T02:14:01Z
cfb,GT,DUKE,2026-10-10T19:30:00Z,Duke Blue Devils D/ST,anytime_td,draftkings,Yes,,475,43457c08aa50a7e0038aa06eb3437680,2026-10-08T02:14:01Z
cfb,GT,DUKE,2026-10-10T19:30:00Z,Jared Richardson,anytime_td,draftkings,Yes,,550,43457c08aa50a7e0038aa06eb3437680,2026-10-08T02:14:01Z
cfb,GT,DUKE,2026-10-10T19:30:00Z,Georgia Tech Yellow Jackets D/ST,anytime_td,draftkings,Yes,,550,43457c08aa50a7e0038aa06eb3437680,2026-10-08T02:14:01Z
cfb,GT,DUKE,2026-10-10T19:30:00Z,Alberto Mendoza,anytime_td,draftkings,Yes,,600,43457c08aa50a7e0038aa06eb3437680,2026-10-08T02:14:01Z
cfb,GT,DUKE,2026-10-10T19:30:00Z,Jake Taylor,anytime_td,draftkings,Yes,,600,43457c08aa50a7e0038aa06eb3437680,2026-10-08T02:14:01Z
cfb,GT,DUKE,2026-10-10T19:30:00Z,Kavon Simmons,anytime_td,draftkings,Yes,,650,43457c08aa50a7e0038aa06eb3437680,2026-10-08T02:14:01Z
cfb,GT,DUKE,2026-10-10T19:30:00Z,Jaivon Solomon,anytime_td,draftkings,Yes,,650,43457c08aa50a7e0038aa06eb3437680,2026-10-08T02:14:01Z
cfb,GT,DUKE,2026-10-10T19:30:00Z,Gavin Harris,anytime_td,draftkings,Yes,,800,43457c08aa50a7e0038aa06eb3437680,2026-10-08T02:14:01Z
cfb,GT,DUKE,2026-10-10T19:30:00Z,Chris Corbo,anytime_td,draftkings,Yes,,850,43457c08aa50a7e0038aa06eb3437680,2026-10-08T02:14:01Z
cfb,GT,DUKE,2026-10-10T19:30:00Z,Kavon Conciauro,anytime_td,draftkings,Yes,,850,43457c08aa50a7e0038aa06eb3437680,2026-10-08T02:14:01Z
cfb,GT,DUKE,2026-10-10T19:30:00Z,Nate Kurisky,anytime_td,draftkings,Yes,,950,43457c08aa50a7e0038aa06eb3437680,2026-10-08T02:14:01Z
cfb,GT,DUKE,2026-10-10T19:30:00Z,Jaiven Plummer,anytime_td,draftkings,Yes,,1000,43457c08aa50a7e0038aa06eb3437680,2026-10-08T02:14:01Z
cfb,GT,DUKE,2026-10-10T19:30:00Z,Isaiah Fuhrmann,anytime_td,draftkings,Yes,,1000,43457c08aa50a7e0038aa06eb3437680,2026-10-08T02:14:01Z
cfb,GT,DUKE,2026-10-10T19:30:00Z,Rahkeem Smith,anytime_td,draftkings,Yes,,1100,43457c08aa50a7e0038aa06eb3437680,2026-10-08T02:14:01Z
cfb,CAL,VT,2026-10-10T19:30:00Z,Jeffrey Overton Jr.,anytime_td,draftkings,Yes,,-600,9f633922d2cc5fa338aa22d1fcb83099,2026-10-08T02:13:15Z
cfb,CAL,VT,2026-10-10T19:30:00Z,Marcellous Hawkins,anytime_td,draftkings,Yes,,-310,9f633922d2cc5fa338aa22d1fcb83099,2026-10-08T02:13:15Z
cfb,CAL,VT,2026-10-10T19:30:00Z,Adam Mohammed,anytime_td,draftkings,Yes,,-170,9f633922d2cc5fa338aa22d1fcb83099,2026-10-08T02:13:15Z
cfb,CAL,VT,2026-10-10T19:30:00Z,Luke Reynolds,anytime_td,draftkings,Yes,,-110,9f633922d2cc5fa338aa22d1fcb83099,2026-10-08T02:13:15Z
cfb,CAL,VT,2026-10-10T19:30:00Z,Ashten Emory,anytime_td,draftkings,Yes,,-105,9f633922d2cc5fa338aa22d1fcb83099,2026-10-08T02:13:15Z
cfb,CAL,VT,2026-10-10T19:30:00Z,Que'Sean Brown,anytime_td,draftkings,Yes,,125,9f633922d2cc5fa338aa22d1fcb83099,2026-10-08T02:13:15Z
cfb,CAL,VT,2026-10-10T19:30:00Z,Ian Strong,anytime_td,draftkings,Yes,,145,9f633922d2cc5fa338aa22d1fcb83099,2026-10-08T02:13:15Z
cfb,CAL,VT,2026-10-10T19:30:00Z,Ethan Grunkemeyer,anytime_td,draftkings,Yes,,185,9f633922d2cc5fa338aa22d1fcb83099,2026-10-08T02:13:15Z
cfb,CAL,VT,2026-10-10T19:30:00Z,Chase Hendricks,anytime_td,draftkings,Yes,,190,9f633922d2cc5fa338aa22d1fcb83099,2026-10-08T02:13:15Z
cfb,CAL,VT,2026-10-10T19:30:00Z,Mason Mini,anytime_td,draftkings,Yes,,205,9f633922d2cc5fa338aa22d1fcb83099,2026-10-08T02:13:15Z
cfb,CAL,VT,2026-10-10T19:30:00Z,Ayden Greene,anytime_td,draftkings,Yes,,280,9f633922d2cc5fa338aa22d1fcb83099,2026-10-08T02:13:15Z
cfb,CAL,VT,2026-10-10T19:30:00Z,Jordan King,anytime_td,draftkings,Yes,,310,9f633922d2cc5fa338aa22d1fcb83099,2026-10-08T02:13:15Z
cfb,CAL,VT,2026-10-10T19:30:00Z,Davion Brown,anytime_td,draftkings,Yes,,310,9f633922d2cc5fa338aa22d1fcb83099,2026-10-08T02:13:15Z
cfb,CAL,VT,2026-10-10T19:30:00Z,Anthony League,anytime_td,draftkings,Yes,,330,9f633922d2cc5fa338aa22d1fcb83099,2026-10-08T02:13:15Z
cfb,CAL,VT,2026-10-10T19:30:00Z,Virginia Tech Hokies D/ST,anytime_td,draftkings,Yes,,450,9f633922d2cc5fa338aa22d1fcb83099,2026-10-08T02:13:15Z
cfb,CAL,VT,2026-10-10T19:30:00Z,Cooper Perry,anytime_td,draftkings,Yes,,500,9f633922d2cc5fa338aa22d1fcb83099,2026-10-08T02:13:15Z
cfb,CAL,VT,2026-10-10T19:30:00Z,Benji Gosnell,anytime_td,draftkings,Yes,,500,9f633922d2cc5fa338aa22d1fcb83099,2026-10-08T02:13:15Z
cfb,CAL,VT,2026-10-10T19:30:00Z,Marlion Jackson,anytime_td,draftkings,Yes,,500,9f633922d2cc5fa338aa22d1fcb83099,2026-10-08T02:13:15Z
cfb,CAL,VT,2026-10-10T19:30:00Z,Tyseer Denmark,anytime_td,draftkings,Yes,,550,9f633922d2cc5fa338aa22d1fcb83099,2026-10-08T02:13:15Z
cfb,CAL,VT,2026-10-10T19:30:00Z,California Golden Bears D/ST,anytime_td,draftkings,Yes,,550,9f633922d2cc5fa338aa22d1fcb83099,2026-10-08T02:13:15Z
cfb,CAL,VT,2026-10-10T19:30:00Z,Jaron-Keawe Sagapolutele,anytime_td,draftkings,Yes,,650,9f633922d2cc5fa338aa22d1fcb83099,2026-10-08T02:13:15Z
cfb,CAL,VT,2026-10-10T19:30:00Z,Kyion Grayes,anytime_td,draftkings,Yes,,650,9f633922d2cc5fa338aa22d1fcb83099,2026-10-08T02:13:15Z
cfb,CAL,VT,2026-10-10T19:30:00Z,Keylen Adams,anytime_td,draftkings,Yes,,650,9f633922d2cc5fa338aa22d1fcb83099,2026-10-08T02:13:15Z
cfb,CAL,VT,2026-10-10T19:30:00Z,Mark Hamper,anytime_td,draftkings,Yes,,750,9f633922d2cc5fa338aa22d1fcb83099,2026-10-08T02:13:15Z
cfb,CAL,VT,2026-10-10T19:30:00Z,Dorian Thomas,anytime_td,draftkings,Yes,,850,9f633922d2cc5fa338aa22d1fcb83099,2026-10-08T02:13:15Z
cfb,MSU,ILL,2026-10-10T19:30:00Z,Aidan Laughery,anytime_td,draftkings,Yes,,-185,92f26a40bba178c47bbade8c9af0ada3,2026-10-08T02:13:44Z
cfb,MSU,ILL,2026-10-10T19:30:00Z,Jaziun Patterson,anytime_td,draftkings,Yes,,-155,92f26a40bba178c47bbade8c9af0ada3,2026-10-08T02:13:44Z
cfb,MSU,ILL,2026-10-10T19:30:00Z,Collin Dixon,anytime_td,draftkings,Yes,,-155,92f26a40bba178c47bbade8c9af0ada3,2026-10-08T02:13:44Z
cfb,MSU,ILL,2026-10-10T19:30:00Z,Katin Houser,anytime_td,draftkings,Yes,,-110,92f26a40bba178c47bbade8c9af0ada3,2026-10-08T02:13:44Z
cfb,MSU,ILL,2026-10-10T19:30:00Z,Marvis Parrish,anytime_td,draftkings,Yes,,145,92f26a40bba178c47bbade8c9af0ada3,2026-10-08T02:13:44Z
cfb,MSU,ILL,2026-10-10T19:30:00Z,Rodney Bullard Jr.,anytime_td,draftkings,Yes,,145,92f26a40bba178c47bbade8c9af0ada3,2026-10-08T02:13:44Z
cfb,MSU,ILL,2026-10-10T19:30:00Z,Hudson Clement,anytime_td,draftkings,Yes,,175,92f26a40bba178c47bbade8c9af0ada3,2026-10-08T02:13:44Z
cfb,MSU,ILL,2026-10-10T19:30:00Z,Alessio Milivojevic,anytime_td,draftkings,Yes,,185,92f26a40bba178c47bbade8c9af0ada3,2026-10-08T02:13:44Z
cfb,MSU,ILL,2026-10-10T19:30:00Z,Jordan Anderson,anytime_td,draftkings,Yes,,195,92f26a40bba178c47bbade8c9af0ada3,2026-10-08T02:13:44Z
cfb,MSU,ILL,2026-10-10T19:30:00Z,Jayden Savoury,anytime_td,draftkings,Yes,,240,92f26a40bba178c47bbade8c9af0ada3,2026-10-08T02:13:44Z
cfb,MSU,ILL,2026-10-10T19:30:00Z,Ty Robinson,anytime_td,draftkings,Yes,,270,92f26a40bba178c47bbade8c9af0ada3,2026-10-08T02:13:44Z
cfb,MSU,ILL,2026-10-10T19:30:00Z,Cam Fancher,anytime_td,draftkings,Yes,,320,92f26a40bba178c47bbade8c9af0ada3,2026-10-08T02:13:44Z
cfb,MSU,ILL,2026-10-10T19:30:00Z,Chrishon McCray,anytime_td,draftkings,Yes,,330,92f26a40bba178c47bbade8c9af0ada3,2026-10-08T02:13:44Z
cfb,MSU,ILL,2026-10-10T19:30:00Z,Fredrick Moore,anytime_td,draftkings,Yes,,370,92f26a40bba178c47bbade8c9af0ada3,2026-10-08T02:13:44Z
cfb,MSU,ILL,2026-10-10T19:30:00Z,Brayden Trimble,anytime_td,draftkings,Yes,,370,92f26a40bba178c47bbade8c9af0ada3,2026-10-08T02:13:44Z
cfb,MSU,ILL,2026-10-10T19:30:00Z,Brandon Tullis,anytime_td,draftkings,Yes,,425,92f26a40bba178c47bbade8c9af0ada3,2026-10-08T02:13:44Z
cfb,MSU,ILL,2026-10-10T19:30:00Z,Illinois Fighting Illini D/ST,anytime_td,draftkings,Yes,,450,92f26a40bba178c47bbade8c9af0ada3,2026-10-08T02:13:44Z
cfb,MSU,ILL,2026-10-10T19:30:00Z,Michigan State Spartans D/ST,anytime_td,draftkings,Yes,,475,92f26a40bba178c47bbade8c9af0ada3,2026-10-08T02:13:44Z
cfb,MSU,ILL,2026-10-10T19:30:00Z,Brennan Parachek,anytime_td,draftkings,Yes,,650,92f26a40bba178c47bbade8c9af0ada3,2026-10-08T02:13:44Z
cfb,MSU,ILL,2026-10-10T19:30:00Z,Kaden Feagin,anytime_td,draftkings,Yes,,700,92f26a40bba178c47bbade8c9af0ada3,2026-10-08T02:13:44Z
cfb,MSU,ILL,2026-10-10T19:30:00Z,Davin Stoffel,anytime_td,draftkings,Yes,,800,92f26a40bba178c47bbade8c9af0ada3,2026-10-08T02:13:44Z
cfb,MSU,ILL,2026-10-10T19:30:00Z,Christian Abney,anytime_td,draftkings,Yes,,850,92f26a40bba178c47bbade8c9af0ada3,2026-10-08T02:13:44Z
cfb,OSU,MD,2026-10-10T20:15:00Z,Jeremiah Smith,anytime_td,draftkings,Yes,,-700,031164b8d704599d8023a3e104f9a6c0,2026-10-08T02:13:43Z
cfb,OSU,MD,2026-10-10T20:15:00Z,Bo Jackson,anytime_td,draftkings,Yes,,-180,031164b8d704599d8023a3e104f9a6c0,2026-10-08T02:13:43Z
cfb,OSU,MD,2026-10-10T20:15:00Z,Bo Jackson,anytime_td,draftkings,Yes,,-180,031164b8d704599d8023a3e104f9a6c0,2026-10-08T02:13:43Z
cfb,OSU,MD,2026-10-10T20:15:00Z,Devin McCuin,anytime_td,draftkings,Yes,,-105,031164b8d704599d8023a3e104f9a6c0,2026-10-08T02:13:43Z
cfb,OSU,MD,2026-10-10T20:15:00Z,Isaiah West,anytime_td,draftkings,Yes,,195,031164b8d704599d8023a3e104f9a6c0,2026-10-08T02:13:43Z
cfb,OSU,MD,2026-10-10T20:15:00Z,Julian Sayin,anytime_td,draftkings,Yes,,205,031164b8d704599d8023a3e104f9a6c0,2026-10-08T02:13:43Z
cfb,OSU,MD,2026-10-10T20:15:00Z,Brandon Inniss,anytime_td,draftkings,Yes,,210,031164b8d704599d8023a3e104f9a6c0,2026-10-08T02:13:43Z
cfb,OSU,MD,2026-10-10T20:15:00Z,Iverson Howard,anytime_td,draftkings,Yes,,220,031164b8d704599d8023a3e104f9a6c0,2026-10-08T02:13:43Z
cfb,OSU,MD,2026-10-10T20:15:00Z,DeJuan Williams,anytime_td,draftkings,Yes,,225,031164b8d704599d8023a3e104f9a6c0,2026-10-08T02:13:43Z
cfb,OSU,MD,2026-10-10T20:15:00Z,Brock Boyd,anytime_td,draftkings,Yes,,275,031164b8d704599d8023a3e104f9a6c0,2026-10-08T02:13:43Z
cfb,OSU,MD,2026-10-10T20:15:00Z,Nate Roberts,anytime_td,draftkings,Yes,,275,031164b8d704599d8023a3e104f9a6c0,2026-10-08T02:13:43Z
cfb,OSU,MD,2026-10-10T20:15:00Z,Chris Durr Jr.,anytime_td,draftkings,Yes,,275,031164b8d704599d8023a3e104f9a6c0,2026-10-08T02:13:43Z
cfb,OSU,MD,2026-10-10T20:15:00Z,Ohio State Buckeyes D/ST,anytime_td,draftkings,Yes,,295,031164b8d704599d8023a3e104f9a6c0,2026-10-08T02:13:43Z
cfb,OSU,MD,2026-10-10T20:15:00Z,Legend Bey,anytime_td,draftkings,Yes,,340,031164b8d704599d8023a3e104f9a6c0,2026-10-08T02:13:43Z
cfb,OSU,MD,2026-10-10T20:15:00Z,Harry Dalton III,anytime_td,draftkings,Yes,,425,031164b8d704599d8023a3e104f9a6c0,2026-10-08T02:13:43Z
cfb,OSU,MD,2026-10-10T20:15:00Z,Phillip Bell,anytime_td,draftkings,Yes,,450,031164b8d704599d8023a3e104f9a6c0,2026-10-08T02:13:43Z
cfb,OSU,MD,2026-10-10T20:15:00Z,Chris Henry Jr.,anytime_td,draftkings,Yes,,450,031164b8d704599d8023a3e104f9a6c0,2026-10-08T02:13:43Z
cfb,OSU,MD,2026-10-10T20:15:00Z,Dorian Fleming,anytime_td,draftkings,Yes,,600,031164b8d704599d8023a3e104f9a6c0,2026-10-08T02:13:43Z
cfb,OSU,MD,2026-10-10T20:15:00Z,Maryland Terrapins D/ST,anytime_td,draftkings,Yes,,600,031164b8d704599d8023a3e104f9a6c0,2026-10-08T02:13:43Z
cfb,OSU,MD,2026-10-10T20:15:00Z,Liam Willson,anytime_td,draftkings,Yes,,650,031164b8d704599d8023a3e104f9a6c0,2026-10-08T02:13:43Z
cfb,OSU,MD,2026-10-10T20:15:00Z,Kaleb Webb,anytime_td,draftkings,Yes,,650,031164b8d704599d8023a3e104f9a6c0,2026-10-08T02:13:43Z
cfb,OSU,MD,2026-10-10T20:15:00Z,Malik Washington,anytime_td,draftkings,Yes,,650,031164b8d704599d8023a3e104f9a6c0,2026-10-08T02:13:43Z
cfb,OSU,MD,2026-10-10T20:15:00Z,Ryan Manning,anytime_td,draftkings,Yes,,1000,031164b8d704599d8023a3e104f9a6c0,2026-10-08T02:13:43Z
cfb,OSU,MD,2026-10-10T20:15:00Z,Jeremiah Smith,anytime_td,fanduel,Yes,,-650,031164b8d704599d8023a3e104f9a6c0,2026-10-08T02:14:03Z
cfb,OSU,MD,2026-10-10T20:15:00Z,Bo Jackson,anytime_td,fanduel,Yes,,-165,031164b8d704599d8023a3e104f9a6c0,2026-10-08T02:14:03Z
cfb,OSU,MD,2026-10-10T20:15:00Z,Ja'Kobi Jackson,anytime_td,fanduel,Yes,,-165,031164b8d704599d8023a3e104f9a6c0,2026-10-08T02:14:03Z
cfb,OSU,MD,2026-10-10T20:15:00Z,Devin McCuin,anytime_td,fanduel,Yes,,-105,031164b8d704599d8023a3e104f9a6c0,2026-10-08T02:14:03Z
cfb,OSU,MD,2026-10-10T20:15:00Z,Brandon Inniss,anytime_td,fanduel,Yes,,185,031164b8d704599d8023a3e104f9a6c0,2026-10-08T02:14:03Z
cfb,OSU,MD,2026-10-10T20:15:00Z,Julian Sayin,anytime_td,fanduel,Yes,,210,031164b8d704599d8023a3e104f9a6c0,2026-10-08T02:14:03Z
cfb,OSU,MD,2026-10-10T20:15:00Z,Ohio State Buckeyes Defense,anytime_td,fanduel,Yes,,220,031164b8d704599d8023a3e104f9a6c0,2026-10-08T02:14:03Z
cfb,OSU,MD,2026-10-10T20:15:00Z,Nate Roberts,anytime_td,fanduel,Yes,,250,031164b8d704599d8023a3e104f9a6c0,2026-10-08T02:14:03Z
cfb,OSU,MD,2026-10-10T20:15:00Z,Isaiah West,anytime_td,fanduel,Yes,,260,031164b8d704599d8023a3e104f9a6c0,2026-10-08T02:14:03Z
cfb,OSU,MD,2026-10-10T20:15:00Z,Brock Boyd,anytime_td,fanduel,Yes,,280,031164b8d704599d8023a3e104f9a6c0,2026-10-08T02:14:03Z
cfb,OSU,MD,2026-10-10T20:15:00Z,Iverson Howard,anytime_td,fanduel,Yes,,280,031164b8d704599d8023a3e104f9a6c0,2026-10-08T02:14:03Z
cfb,OSU,MD,2026-10-10T20:15:00Z,DeJuan Williams,anytime_td,fanduel,Yes,,300,031164b8d704599d8023a3e104f9a6c0,2026-10-08T02:14:03Z
cfb,OSU,MD,2026-10-10T20:15:00Z,Chris Durr Jr.,anytime_td,fanduel,Yes,,370,031164b8d704599d8023a3e104f9a6c0,2026-10-08T02:14:03Z
cfb,OSU,MD,2026-10-10T20:15:00Z,Mason Williams,anytime_td,fanduel,Yes,,390,031164b8d704599d8023a3e104f9a6c0,2026-10-08T02:14:03Z
cfb,OSU,MD,2026-10-10T20:15:00Z,Malik Washington,anytime_td,fanduel,Yes,,600,031164b8d704599d8023a3e104f9a6c0,2026-10-08T02:14:03Z
cfb,OSU,MD,2026-10-10T20:15:00Z,Kaleb Webb,anytime_td,fanduel,Yes,,650,031164b8d704599d8023a3e104f9a6c0,2026-10-08T02:14:03Z
cfb,OSU,MD,2026-10-10T20:15:00Z,Dorian Fleming,anytime_td,fanduel,Yes,,800,031164b8d704599d8023a3e104f9a6c0,2026-10-08T02:14:03Z
cfb,OSU,MD,2026-10-10T20:15:00Z,Ryan Manning,anytime_td,fanduel,Yes,,1300,031164b8d704599d8023a3e104f9a6c0,2026-10-08T02:14:03Z
cfb,OSU,MD,2026-10-10T20:15:00Z,Maryland Terrapins Defense,anytime_td,fanduel,Yes,,1700,031164b8d704599d8023a3e104f9a6c0,2026-10-08T02:14:03Z
cfb,OSU,MD,2026-10-10T20:15:00Z,Julian Sayin,pass_td,fanduel,Under,3.5,-158,031164b8d704599d8023a3e104f9a6c0,2026-10-08T02:14:03Z
cfb,OSU,MD,2026-10-10T20:15:00Z,Julian Sayin,pass_td,fanduel,Over,3.5,118,031164b8d704599d8023a3e104f9a6c0,2026-10-08T02:14:03Z
cfb,OSU,MD,2026-10-10T20:15:00Z,Malik Washington,pass_td,fanduel,Under,0.5,-158,031164b8d704599d8023a3e104f9a6c0,2026-10-08T02:14:03Z
cfb,OSU,MD,2026-10-10T20:15:00Z,Malik Washington,pass_td,fanduel,Over,0.5,118,031164b8d704599d8023a3e104f9a6c0,2026-10-08T02:14:03Z
cfb,OSU,MD,2026-10-10T20:15:00Z,Julian Sayin,pass_yds,fanduel,Over,315.5,-114,031164b8d704599d8023a3e104f9a6c0,2026-10-08T02:14:03Z
cfb,OSU,MD,2026-10-10T20:15:00Z,Julian Sayin,pass_yds,fanduel,Under,315.5,-114,031164b8d704599d8023a3e104f9a6c0,2026-10-08T02:14:03Z
cfb,OSU,MD,2026-10-10T20:15:00Z,Malik Washington,pass_yds,fanduel,Over,173.5,-114,031164b8d704599d8023a3e104f9a6c0,2026-10-08T02:14:03Z
cfb,OSU,MD,2026-10-10T20:15:00Z,Malik Washington,pass_yds,fanduel,Under,173.5,-114,031164b8d704599d8023a3e104f9a6c0,2026-10-08T02:14:03Z
cfb,OSU,MD,2026-10-10T20:15:00Z,Chris Durr Jr.,rec_yds,fanduel,Over,51.5,-114,031164b8d704599d8023a3e104f9a6c0,2026-10-08T02:14:03Z
cfb,OSU,MD,2026-10-10T20:15:00Z,Chris Durr Jr.,rec_yds,fanduel,Under,51.5,-114,031164b8d704599d8023a3e104f9a6c0,2026-10-08T02:14:03Z
cfb,OSU,MD,2026-10-10T20:15:00Z,Jeremiah Smith,rec_yds,fanduel,Over,149.5,-114,031164b8d704599d8023a3e104f9a6c0,2026-10-08T02:14:03Z
cfb,OSU,MD,2026-10-10T20:15:00Z,Jeremiah Smith,rec_yds,fanduel,Under,149.5,-114,031164b8d704599d8023a3e104f9a6c0,2026-10-08T02:14:03Z
cfb,OSU,MD,2026-10-10T20:15:00Z,Devin McCuin,rec_yds,fanduel,Over,35.5,-114,031164b8d704599d8023a3e104f9a6c0,2026-10-08T02:14:03Z
cfb,OSU,MD,2026-10-10T20:15:00Z,Devin McCuin,rec_yds,fanduel,Under,35.5,-114,031164b8d704599d8023a3e104f9a6c0,2026-10-08T02:14:03Z
cfb,OSU,MD,2026-10-10T20:15:00Z,Jeremiah Smith,receptions,fanduel,Over,8.5,-138,031164b8d704599d8023a3e104f9a6c0,2026-10-08T02:14:03Z
cfb,OSU,MD,2026-10-10T20:15:00Z,Jeremiah Smith,receptions,fanduel,Under,8.5,104,031164b8d704599d8023a3e104f9a6c0,2026-10-08T02:14:03Z
cfb,OSU,MD,2026-10-10T20:15:00Z,Chris Durr Jr.,receptions,fanduel,Over,5.5,-114,031164b8d704599d8023a3e104f9a6c0,2026-10-08T02:14:03Z
cfb,OSU,MD,2026-10-10T20:15:00Z,Chris Durr Jr.,receptions,fanduel,Under,5.5,-114,031164b8d704599d8023a3e104f9a6c0,2026-10-08T02:14:03Z
cfb,OSU,MD,2026-10-10T20:15:00Z,Devin McCuin,receptions,fanduel,Over,3.5,-118,031164b8d704599d8023a3e104f9a6c0,2026-10-08T02:14:03Z
cfb,OSU,MD,2026-10-10T20:15:00Z,Devin McCuin,receptions,fanduel,Under,3.5,-112,031164b8d704599d8023a3e104f9a6c0,2026-10-08T02:14:03Z
cfb,OSU,MD,2026-10-10T20:15:00Z,Ja'Kobi Jackson,rush_yds,fanduel,Under,50.5,-118,031164b8d704599d8023a3e104f9a6c0,2026-10-08T02:14:03Z
cfb,OSU,MD,2026-10-10T20:15:00Z,Ja'Kobi Jackson,rush_yds,fanduel,Over,50.5,-114,031164b8d704599d8023a3e104f9a6c0,2026-10-08T02:14:03Z
cfb,OSU,MD,2026-10-10T20:15:00Z,Bo Jackson,rush_yds,fanduel,Over,74.5,-114,031164b8d704599d8023a3e104f9a6c0,2026-10-08T02:14:03Z
cfb,OSU,MD,2026-10-10T20:15:00Z,Bo Jackson,rush_yds,fanduel,Under,74.5,-114,031164b8d704599d8023a3e104f9a6c0,2026-10-08T02:14:03Z
cfb,OSU,MD,2026-10-10T20:15:00Z,Jeremiah Smith,anytime_td,betmgm,Yes,,-700,031164b8d704599d8023a3e104f9a6c0,2026-10-08T02:13:27Z
cfb,OSU,MD,2026-10-10T20:15:00Z,Devin McCuin,anytime_td,betmgm,Yes,,120,031164b8d704599d8023a3e104f9a6c0,2026-10-08T02:13:27Z
cfb,OSU,MD,2026-10-10T20:15:00Z,Chris Durr Jr.,anytime_td,betmgm,Yes,,250,031164b8d704599d8023a3e104f9a6c0,2026-10-08T02:13:27Z
cfb,OSU,MD,2026-10-10T20:15:00Z,Julian Sayin,anytime_td,betmgm,Yes,,240,031164b8d704599d8023a3e104f9a6c0,2026-10-08T02:13:27Z
cfb,OSU,MD,2026-10-10T20:15:00Z,Malik Washington,anytime_td,betmgm,Yes,,600,031164b8d704599d8023a3e104f9a6c0,2026-10-08T02:13:27Z
cfb,OSU,MD,2026-10-10T20:15:00Z,Ja'Kobi Jackson,anytime_td,betmgm,Yes,,-200,031164b8d704599d8023a3e104f9a6c0,2026-10-08T02:13:27Z
cfb,OSU,MD,2026-10-10T20:15:00Z,Bo Jackson,anytime_td,betmgm,Yes,,-275,031164b8d704599d8023a3e104f9a6c0,2026-10-08T02:13:27Z
cfb,OSU,MD,2026-10-10T20:15:00Z,Brandon Inniss,anytime_td,betmgm,Yes,,160,031164b8d704599d8023a3e104f9a6c0,2026-10-08T02:13:27Z
cfb,OSU,MD,2026-10-10T20:15:00Z,Nate Roberts,anytime_td,betmgm,Yes,,165,031164b8d704599d8023a3e104f9a6c0,2026-10-08T02:13:27Z
cfb,ARK,TENN,2026-10-10T20:15:00Z,DeSean Bishop,anytime_td,draftkings,Yes,,-400,0dd06b09349f56ce8dfc2d61d5fcd042,2026-10-08T02:13:10Z
cfb,ARK,TENN,2026-10-10T20:15:00Z,Mike Matthews,anytime_td,draftkings,Yes,,-150,0dd06b09349f56ce8dfc2d61d5fcd042,2026-10-08T02:13:10Z
cfb,ARK,TENN,2026-10-10T20:15:00Z,Daune Morris,anytime_td,draftkings,Yes,,-115,0dd06b09349f56ce8dfc2d61d5fcd042,2026-10-08T02:13:10Z
cfb,ARK,TENN,2026-10-10T20:15:00Z,KJ Jackson,anytime_td,draftkings,Yes,,130,0dd06b09349f56ce8dfc2d61d5fcd042,2026-10-08T02:13:10Z
cfb,ARK,TENN,2026-10-10T20:15:00Z,Sutton Smith,anytime_td,draftkings,Yes,,160,0dd06b09349f56ce8dfc2d61d5fcd042,2026-10-08T02:13:10Z
cfb,ARK,TENN,2026-10-10T20:15:00Z,George MacIntyre,anytime_td,draftkings,Yes,,160,0dd06b09349f56ce8dfc2d61d5fcd042,2026-10-08T02:13:10Z
cfb,ARK,TENN,2026-10-10T20:15:00Z,Chris Marshall,anytime_td,draftkings,Yes,,170,0dd06b09349f56ce8dfc2d61d5fcd042,2026-10-08T02:13:10Z
cfb,ARK,TENN,2026-10-10T20:15:00Z,Braylen Russell,anytime_td,draftkings,Yes,,180,0dd06b09349f56ce8dfc2d61d5fcd042,2026-10-08T02:13:10Z
cfb,ARK,TENN,2026-10-10T20:15:00Z,Braylon Staley,anytime_td,draftkings,Yes,,205,0dd06b09349f56ce8dfc2d61d5fcd042,2026-10-08T02:13:10Z
cfb,ARK,TENN,2026-10-10T20:15:00Z,Radarious Jackson,anytime_td,draftkings,Yes,,255,0dd06b09349f56ce8dfc2d61d5fcd042,2026-10-08T02:13:10Z
cfb,ARK,TENN,2026-10-10T20:15:00Z,Cam Settles,anytime_td,draftkings,Yes,,270,0dd06b09349f56ce8dfc2d61d5fcd042,2026-10-08T02:13:10Z
cfb,ARK,TENN,2026-10-10T20:15:00Z,TK Keys,anytime_td,draftkings,Yes,,350,0dd06b09349f56ce8dfc2d61d5fcd042,2026-10-08T02:13:10Z
cfb,ARK,TENN,2026-10-10T20:15:00Z,Dasaahn Brame,anytime_td,draftkings,Yes,,350,0dd06b09349f56ce8dfc2d61d5fcd042,2026-10-08T02:13:10Z
cfb,ARK,TENN,2026-10-10T20:15:00Z,Travis Smith Jr.,anytime_td,draftkings,Yes,,390,0dd06b09349f56ce8dfc2d61d5fcd042,2026-10-08T02:13:10Z
cfb,ARK,TENN,2026-10-10T20:15:00Z,Tennessee Volunteers D/ST,anytime_td,draftkings,Yes,,390,0dd06b09349f56ce8dfc2d61d5fcd042,2026-10-08T02:13:10Z
cfb,ARK,TENN,2026-10-10T20:15:00Z,Ismael Cisse,anytime_td,draftkings,Yes,,475,0dd06b09349f56ce8dfc2d61d5fcd042,2026-10-08T02:13:10Z
cfb,ARK,TENN,2026-10-10T20:15:00Z,CJ Brown,anytime_td,draftkings,Yes,,500,0dd06b09349f56ce8dfc2d61d5fcd042,2026-10-08T02:13:10Z
cfb,ARK,TENN,2026-10-10T20:15:00Z,Arkansas Razorbacks D/ST,anytime_td,draftkings,Yes,,550,0dd06b09349f56ce8dfc2d61d5fcd042,2026-10-08T02:13:10Z
cfb,ARK,TENN,2026-10-10T20:15:00Z,Jaden Platt,anytime_td,draftkings,Yes,,800,0dd06b09349f56ce8dfc2d61d5fcd042,2026-10-08T02:13:10Z
cfb,ARK,TENN,2026-10-10T20:15:00Z,Jamari Hawkins,anytime_td,draftkings,Yes,,800,0dd06b09349f56ce8dfc2d61d5fcd042,2026-10-08T02:13:10Z
cfb,ARK,TENN,2026-10-10T20:15:00Z,Ty Lockwood,anytime_td,draftkings,Yes,,850,0dd06b09349f56ce8dfc2d61d5fcd042,2026-10-08T02:13:10Z
cfb,ARK,TENN,2026-10-10T20:15:00Z,Donovan Faupel,anytime_td,draftkings,Yes,,1100,0dd06b09349f56ce8dfc2d61d5fcd042,2026-10-08T02:13:10Z
cfb,ARK,TENN,2026-10-10T20:15:00Z,Jelani Watkins,anytime_td,draftkings,Yes,,1200,0dd06b09349f56ce8dfc2d61d5fcd042,2026-10-08T02:13:10Z
cfb,UK,LSU,2026-10-10T23:00:00Z,Dilin Jones,anytime_td,draftkings,Yes,,-280,bdfaffbf5873812f3e04de2cbd273aa6,2026-10-08T02:14:32Z
cfb,UK,LSU,2026-10-10T23:00:00Z,Sam Leavitt,anytime_td,draftkings,Yes,,-210,bdfaffbf5873812f3e04de2cbd273aa6,2026-10-08T02:14:32Z
cfb,UK,LSU,2026-10-10T23:00:00Z,CJ Baxter,anytime_td,draftkings,Yes,,-105,bdfaffbf5873812f3e04de2cbd273aa6,2026-10-08T02:14:32Z
cfb,UK,LSU,2026-10-10T23:00:00Z,Winston Watkins Jr.,anytime_td,draftkings,Yes,,145,bdfaffbf5873812f3e04de2cbd273aa6,2026-10-08T02:14:32Z
cfb,UK,LSU,2026-10-10T23:00:00Z,Kenny Darby,anytime_td,draftkings,Yes,,175,bdfaffbf5873812f3e04de2cbd273aa6,2026-10-08T02:14:32Z
cfb,UK,LSU,2026-10-10T23:00:00Z,Jovantae Barnes,anytime_td,draftkings,Yes,,200,bdfaffbf5873812f3e04de2cbd273aa6,2026-10-08T02:14:32Z
cfb,UK,LSU,2026-10-10T23:00:00Z,Trey'Dez Green,anytime_td,draftkings,Yes,,205,bdfaffbf5873812f3e04de2cbd273aa6,2026-10-08T02:14:32Z
cfb,UK,LSU,2026-10-10T23:00:00Z,Jackson Harris,anytime_td,draftkings,Yes,,225,bdfaffbf5873812f3e04de2cbd273aa6,2026-10-08T02:14:32Z
cfb,UK,LSU,2026-10-10T23:00:00Z,Eugene Wilson III,anytime_td,draftkings,Yes,,225,bdfaffbf5873812f3e04de2cbd273aa6,2026-10-08T02:14:32Z
cfb,UK,LSU,2026-10-10T23:00:00Z,Willie Rodriguez,anytime_td,draftkings,Yes,,235,bdfaffbf5873812f3e04de2cbd273aa6,2026-10-08T02:14:32Z
cfb,UK,LSU,2026-10-10T23:00:00Z,Jason Patterson,anytime_td,draftkings,Yes,,245,bdfaffbf5873812f3e04de2cbd273aa6,2026-10-08T02:14:32Z
cfb,UK,LSU,2026-10-10T23:00:00Z,Harlem Berry,anytime_td,draftkings,Yes,,330,bdfaffbf5873812f3e04de2cbd273aa6,2026-10-08T02:14:32Z
cfb,UK,LSU,2026-10-10T23:00:00Z,Stacy Gage,anytime_td,draftkings,Yes,,340,bdfaffbf5873812f3e04de2cbd273aa6,2026-10-08T02:14:32Z
cfb,UK,LSU,2026-10-10T23:00:00Z,Nic Anderson,anytime_td,draftkings,Yes,,350,bdfaffbf5873812f3e04de2cbd273aa6,2026-10-08T02:14:32Z
cfb,UK,LSU,2026-10-10T23:00:00Z,Jayce Brown,anytime_td,draftkings,Yes,,350,bdfaffbf5873812f3e04de2cbd273aa6,2026-10-08T02:14:32Z
cfb,UK,LSU,2026-10-10T23:00:00Z,LSU Tigers D/ST,anytime_td,draftkings,Yes,,370,bdfaffbf5873812f3e04de2cbd273aa6,2026-10-08T02:14:32Z
cfb,UK,LSU,2026-10-10T23:00:00Z,Kenny Minchey,anytime_td,draftkings,Yes,,450,bdfaffbf5873812f3e04de2cbd273aa6,2026-10-08T02:14:32Z
cfb,UK,LSU,2026-10-10T23:00:00Z,Kentucky Wildcats D/ST,anytime_td,draftkings,Yes,,475,bdfaffbf5873812f3e04de2cbd273aa6,2026-10-08T02:14:32Z
cfb,UK,LSU,2026-10-10T23:00:00Z,Henry Boyer,anytime_td,draftkings,Yes,,500,bdfaffbf5873812f3e04de2cbd273aa6,2026-10-08T02:14:32Z
cfb,UK,LSU,2026-10-10T23:00:00Z,Zach Grace,anytime_td,draftkings,Yes,,600,bdfaffbf5873812f3e04de2cbd273aa6,2026-10-08T02:14:32Z
cfb,UK,LSU,2026-10-10T23:00:00Z,Mikkel Skinner,anytime_td,draftkings,Yes,,650,bdfaffbf5873812f3e04de2cbd273aa6,2026-10-08T02:14:32Z
cfb,UK,LSU,2026-10-10T23:00:00Z,DJ Miller,anytime_td,draftkings,Yes,,650,bdfaffbf5873812f3e04de2cbd273aa6,2026-10-08T02:14:32Z
cfb,UK,LSU,2026-10-10T23:00:00Z,Prince Jean,anytime_td,draftkings,Yes,,1100,bdfaffbf5873812f3e04de2cbd273aa6,2026-10-08T02:14:32Z
cfb,UK,LSU,2026-10-10T23:00:00Z,Dilin Jones,anytime_td,fanduel,Yes,,-280,bdfaffbf5873812f3e04de2cbd273aa6,2026-10-08T02:13:46Z
cfb,UK,LSU,2026-10-10T23:00:00Z,Sam Leavitt,anytime_td,fanduel,Yes,,-220,bdfaffbf5873812f3e04de2cbd273aa6,2026-10-08T02:13:46Z
cfb,UK,LSU,2026-10-10T23:00:00Z,CJ Baxter,anytime_td,fanduel,Yes,,115,bdfaffbf5873812f3e04de2cbd273aa6,2026-10-08T02:13:46Z
cfb,UK,LSU,2026-10-10T23:00:00Z,Winston Watkins Jr.,anytime_td,fanduel,Yes,,155,bdfaffbf5873812f3e04de2cbd273aa6,2026-10-08T02:13:46Z
cfb,UK,LSU,2026-10-10T23:00:00Z,Kenny Darby,anytime_td,fanduel,Yes,,195,bdfaffbf5873812f3e04de2cbd273aa6,2026-10-08T02:13:46Z
cfb,UK,LSU,2026-10-10T23:00:00Z,Jovantae Barnes,anytime_td,fanduel,Yes,,200,bdfaffbf5873812f3e04de2cbd273aa6,2026-10-08T02:13:46Z
cfb,UK,LSU,2026-10-10T23:00:00Z,Willie Rodriguez,anytime_td,fanduel,Yes,,210,bdfaffbf5873812f3e04de2cbd273aa6,2026-10-08T02:13:46Z
cfb,UK,LSU,2026-10-10T23:00:00Z,Jackson Harris,anytime_td,fanduel,Yes,,230,bdfaffbf5873812f3e04de2cbd273aa6,2026-10-08T02:13:46Z
cfb,UK,LSU,2026-10-10T23:00:00Z,Eugene Wilson III,anytime_td,fanduel,Yes,,260,bdfaffbf5873812f3e04de2cbd273aa6,2026-10-08T02:13:46Z
cfb,UK,LSU,2026-10-10T23:00:00Z,Jason Patterson,anytime_td,fanduel,Yes,,270,bdfaffbf5873812f3e04de2cbd273aa6,2026-10-08T02:13:46Z
cfb,UK,LSU,2026-10-10T23:00:00Z,Harlem Berry,anytime_td,fanduel,Yes,,300,bdfaffbf5873812f3e04de2cbd273aa6,2026-10-08T02:13:46Z
cfb,UK,LSU,2026-10-10T23:00:00Z,Nic Anderson,anytime_td,fanduel,Yes,,350,bdfaffbf5873812f3e04de2cbd273aa6,2026-10-08T02:13:46Z
cfb,UK,LSU,2026-10-10T23:00:00Z,Jayce Brown,anytime_td,fanduel,Yes,,400,bdfaffbf5873812f3e04de2cbd273aa6,2026-10-08T02:13:46Z
cfb,UK,LSU,2026-10-10T23:00:00Z,LSU Tigers Defense,anytime_td,fanduel,Yes,,450,bdfaffbf5873812f3e04de2cbd273aa6,2026-10-08T02:13:46Z
cfb,UK,LSU,2026-10-10T23:00:00Z,Zach Grace,anytime_td,fanduel,Yes,,500,bdfaffbf5873812f3e04de2cbd273aa6,2026-10-08T02:13:46Z
cfb,UK,LSU,2026-10-10T23:00:00Z,Kenny Minchey,anytime_td,fanduel,Yes,,550,bdfaffbf5873812f3e04de2cbd273aa6,2026-10-08T02:13:46Z
cfb,UK,LSU,2026-10-10T23:00:00Z,Henry Boyer,anytime_td,fanduel,Yes,,550,bdfaffbf5873812f3e04de2cbd273aa6,2026-10-08T02:13:46Z
cfb,UK,LSU,2026-10-10T23:00:00Z,Kentucky Wildcats Defense,anytime_td,fanduel,Yes,,750,bdfaffbf5873812f3e04de2cbd273aa6,2026-10-08T02:13:46Z
cfb,UK,LSU,2026-10-10T23:00:00Z,Kenny Minchey,pass_td,fanduel,Over,1.5,172,bdfaffbf5873812f3e04de2cbd273aa6,2026-10-08T02:13:46Z
cfb,UK,LSU,2026-10-10T23:00:00Z,Kenny Minchey,pass_td,fanduel,Under,1.5,-235,bdfaffbf5873812f3e04de2cbd273aa6,2026-10-08T02:13:46Z
cfb,UK,LSU,2026-10-10T23:00:00Z,Sam Leavitt,pass_td,fanduel,Under,1.5,-158,bdfaffbf5873812f3e04de2cbd273aa6,2026-10-08T02:13:46Z
cfb,UK,LSU,2026-10-10T23:00:00Z,Sam Leavitt,pass_td,fanduel,Over,1.5,118,bdfaffbf5873812f3e04de2cbd273aa6,2026-10-08T02:13:46Z
cfb,UK,LSU,2026-10-10T23:00:00Z,Sam Leavitt,pass_yds,fanduel,Over,242.5,-114,bdfaffbf5873812f3e04de2cbd273aa6,2026-10-08T02:13:46Z
cfb,UK,LSU,2026-10-10T23:00:00Z,Sam Leavitt,pass_yds,fanduel,Under,242.5,-114,bdfaffbf5873812f3e04de2cbd273aa6,2026-10-08T02:13:46Z
cfb,UK,LSU,2026-10-10T23:00:00Z,Kenny Minchey,pass_yds,fanduel,Over,212.5,-114,bdfaffbf5873812f3e04de2cbd273aa6,2026-10-08T02:13:46Z
cfb,UK,LSU,2026-10-10T23:00:00Z,Kenny Minchey,pass_yds,fanduel,Under,212.5,-114,bdfaffbf5873812f3e04de2cbd273aa6,2026-10-08T02:13:46Z
cfb,UK,LSU,2026-10-10T23:00:00Z,Jackson Harris,rec_yds,fanduel,Over,46.5,-118,bdfaffbf5873812f3e04de2cbd273aa6,2026-10-08T02:13:46Z
cfb,UK,LSU,2026-10-10T23:00:00Z,Jackson Harris,rec_yds,fanduel,Under,46.5,-112,bdfaffbf5873812f3e04de2cbd273aa6,2026-10-08T02:13:46Z
cfb,UK,LSU,2026-10-10T23:00:00Z,Kenny Darby,rec_yds,fanduel,Over,57.5,-114,bdfaffbf5873812f3e04de2cbd273aa6,2026-10-08T02:13:46Z
cfb,UK,LSU,2026-10-10T23:00:00Z,Kenny Darby,rec_yds,fanduel,Under,57.5,-114,bdfaffbf5873812f3e04de2cbd273aa6,2026-10-08T02:13:46Z
cfb,UK,LSU,2026-10-10T23:00:00Z,Winston Watkins Jr.,rec_yds,fanduel,Over,57.5,-114,bdfaffbf5873812f3e04de2cbd273aa6,2026-10-08T02:13:46Z
cfb,UK,LSU,2026-10-10T23:00:00Z,Winston Watkins Jr.,rec_yds,fanduel,Under,57.5,-114,bdfaffbf5873812f3e04de2cbd273aa6,2026-10-08T02:13:46Z
cfb,UK,LSU,2026-10-10T23:00:00Z,Willie Rodriguez,rec_yds,fanduel,Over,38.5,-114,bdfaffbf5873812f3e04de2cbd273aa6,2026-10-08T02:13:46Z
cfb,UK,LSU,2026-10-10T23:00:00Z,Willie Rodriguez,rec_yds,fanduel,Under,38.5,-114,bdfaffbf5873812f3e04de2cbd273aa6,2026-10-08T02:13:46Z
cfb,UK,LSU,2026-10-10T23:00:00Z,Dilin Jones,rec_yds,fanduel,Over,9.5,-114,bdfaffbf5873812f3e04de2cbd273aa6,2026-10-08T02:13:46Z
cfb,UK,LSU,2026-10-10T23:00:00Z,Dilin Jones,rec_yds,fanduel,Under,9.5,-114,bdfaffbf5873812f3e04de2cbd273aa6,2026-10-08T02:13:46Z
cfb,UK,LSU,2026-10-10T23:00:00Z,Eugene Wilson III,rec_yds,fanduel,Over,35.5,-114,bdfaffbf5873812f3e04de2cbd273aa6,2026-10-08T02:13:46Z
cfb,UK,LSU,2026-10-10T23:00:00Z,Eugene Wilson III,rec_yds,fanduel,Under,35.5,-114,bdfaffbf5873812f3e04de2cbd273aa6,2026-10-08T02:13:46Z
cfb,UK,LSU,2026-10-10T23:00:00Z,Nic Anderson,rec_yds,fanduel,Over,22.5,-114,bdfaffbf5873812f3e04de2cbd273aa6,2026-10-08T02:13:46Z
cfb,UK,LSU,2026-10-10T23:00:00Z,Nic Anderson,rec_yds,fanduel,Under,22.5,-114,bdfaffbf5873812f3e04de2cbd273aa6,2026-10-08T02:13:46Z
cfb,UK,LSU,2026-10-10T23:00:00Z,Dilin Jones,rush_yds,fanduel,Over,92.5,-114,bdfaffbf5873812f3e04de2cbd273aa6,2026-10-08T02:13:46Z
cfb,UK,LSU,2026-10-10T23:00:00Z,Dilin Jones,rush_yds,fanduel,Under,92.5,-114,bdfaffbf5873812f3e04de2cbd273aa6,2026-10-08T02:13:46Z
cfb,UK,LSU,2026-10-10T23:00:00Z,Sam Leavitt,rush_yds,fanduel,Over,31.5,-118,bdfaffbf5873812f3e04de2cbd273aa6,2026-10-08T02:13:46Z
cfb,UK,LSU,2026-10-10T23:00:00Z,Sam Leavitt,rush_yds,fanduel,Under,31.5,-112,bdfaffbf5873812f3e04de2cbd273aa6,2026-10-08T02:13:46Z
cfb,UK,LSU,2026-10-10T23:00:00Z,CJ Baxter,rush_yds,fanduel,Over,52.5,-118,bdfaffbf5873812f3e04de2cbd273aa6,2026-10-08T02:13:46Z
cfb,UK,LSU,2026-10-10T23:00:00Z,CJ Baxter,rush_yds,fanduel,Under,52.5,-112,bdfaffbf5873812f3e04de2cbd273aa6,2026-10-08T02:13:46Z
cfb,UK,LSU,2026-10-10T23:00:00Z,Dilin Jones,anytime_td,betmgm,Yes,,-300,bdfaffbf5873812f3e04de2cbd273aa6,2026-10-08T02:13:42Z
cfb,UK,LSU,2026-10-10T23:00:00Z,CJ Baxter,anytime_td,betmgm,Yes,,-135,bdfaffbf5873812f3e04de2cbd273aa6,2026-10-08T02:13:42Z
cfb,UK,LSU,2026-10-10T23:00:00Z,Jackson Harris,anytime_td,betmgm,Yes,,190,bdfaffbf5873812f3e04de2cbd273aa6,2026-10-08T02:13:42Z
cfb,UK,LSU,2026-10-10T23:00:00Z,Willie Rodriguez,anytime_td,betmgm,Yes,,195,bdfaffbf5873812f3e04de2cbd273aa6,2026-10-08T02:13:42Z
cfb,UK,LSU,2026-10-10T23:00:00Z,Kenny Darby,anytime_td,betmgm,Yes,,140,bdfaffbf5873812f3e04de2cbd273aa6,2026-10-08T02:13:42Z
cfb,UK,LSU,2026-10-10T23:00:00Z,Jovantae Barnes,anytime_td,betmgm,Yes,,175,bdfaffbf5873812f3e04de2cbd273aa6,2026-10-08T02:13:42Z
cfb,UK,LSU,2026-10-10T23:00:00Z,Sam Leavitt,anytime_td,betmgm,Yes,,-210,bdfaffbf5873812f3e04de2cbd273aa6,2026-10-08T02:13:42Z
cfb,UK,LSU,2026-10-10T23:00:00Z,Nic Anderson,anytime_td,betmgm,Yes,,300,bdfaffbf5873812f3e04de2cbd273aa6,2026-10-08T02:13:42Z
cfb,UK,LSU,2026-10-10T23:00:00Z,Eugene Wilson III,anytime_td,betmgm,Yes,,180,bdfaffbf5873812f3e04de2cbd273aa6,2026-10-08T02:13:42Z
cfb,UK,LSU,2026-10-10T23:00:00Z,Winston Watkins Jr.,anytime_td,betmgm,Yes,,105,bdfaffbf5873812f3e04de2cbd273aa6,2026-10-08T02:13:42Z
cfb,UNLV,NDSU,2026-10-10T23:00:00Z,DJ Scott,anytime_td,draftkings,Yes,,-205,4f3a6620c44a51f7b649892be381e0eb,2026-10-08T02:14:27Z
cfb,UNLV,NDSU,2026-10-10T23:00:00Z,Jackson Arnold,anytime_td,draftkings,Yes,,-195,4f3a6620c44a51f7b649892be381e0eb,2026-10-08T02:14:27Z
cfb,UNLV,NDSU,2026-10-10T23:00:00Z,Myles Mitchell,anytime_td,draftkings,Yes,,-125,4f3a6620c44a51f7b649892be381e0eb,2026-10-08T02:14:27Z
cfb,UNLV,NDSU,2026-10-10T23:00:00Z,Jai'Den Thomas,anytime_td,draftkings,Yes,,-110,4f3a6620c44a51f7b649892be381e0eb,2026-10-08T02:14:27Z
cfb,UNLV,NDSU,2026-10-10T23:00:00Z,Nathan Hayes,anytime_td,draftkings,Yes,,125,4f3a6620c44a51f7b649892be381e0eb,2026-10-08T02:14:27Z
cfb,UNLV,NDSU,2026-10-10T23:00:00Z,Taz Reddicks,anytime_td,draftkings,Yes,,195,4f3a6620c44a51f7b649892be381e0eb,2026-10-08T02:14:27Z
cfb,UNLV,NDSU,2026-10-10T23:00:00Z,Jackson Williams,anytime_td,draftkings,Yes,,200,4f3a6620c44a51f7b649892be381e0eb,2026-10-08T02:14:27Z
cfb,UNLV,NDSU,2026-10-10T23:00:00Z,Mekhi Collins,anytime_td,draftkings,Yes,,230,4f3a6620c44a51f7b649892be381e0eb,2026-10-08T02:14:27Z
cfb,UNLV,NDSU,2026-10-10T23:00:00Z,Keyan Burnett,anytime_td,draftkings,Yes,,250,4f3a6620c44a51f7b649892be381e0eb,2026-10-08T02:14:27Z
cfb,UNLV,NDSU,2026-10-10T23:00:00Z,Reis Kessel,anytime_td,draftkings,Yes,,260,4f3a6620c44a51f7b649892be381e0eb,2026-10-08T02:14:27Z
cfb,UNLV,NDSU,2026-10-10T23:00:00Z,Kayden McGee,anytime_td,draftkings,Yes,,380,4f3a6620c44a51f7b649892be381e0eb,2026-10-08T02:14:27Z
cfb,UNLV,NDSU,2026-10-10T23:00:00Z,Darrien Jones,anytime_td,draftkings,Yes,,475,4f3a6620c44a51f7b649892be381e0eb,2026-10-08T02:14:27Z
cfb,UNLV,NDSU,2026-10-10T23:00:00Z,Taeshaun Lyons,anytime_td,draftkings,Yes,,475,4f3a6620c44a51f7b649892be381e0eb,2026-10-08T02:14:27Z
cfb,UNLV,NDSU,2026-10-10T23:00:00Z,Peyton Zachary,anytime_td,draftkings,Yes,,475,4f3a6620c44a51f7b649892be381e0eb,2026-10-08T02:14:27Z
cfb,UNLV,NDSU,2026-10-10T23:00:00Z,Barry Kpeenu,anytime_td,draftkings,Yes,,500,4f3a6620c44a51f7b649892be381e0eb,2026-10-08T02:14:27Z
cfb,UNLV,NDSU,2026-10-10T23:00:00Z,UNLV Rebels D/ST,anytime_td,draftkings,Yes,,500,4f3a6620c44a51f7b649892be381e0eb,2026-10-08T02:14:27Z
cfb,UNLV,NDSU,2026-10-10T23:00:00Z,North Dakota State Bison D/ST,anytime_td,draftkings,Yes,,500,4f3a6620c44a51f7b649892be381e0eb,2026-10-08T02:14:27Z
cfb,UNLV,NDSU,2026-10-10T23:00:00Z,Isiah St. Romain,anytime_td,draftkings,Yes,,600,4f3a6620c44a51f7b649892be381e0eb,2026-10-08T02:14:27Z
cfb,UNLV,NDSU,2026-10-10T23:00:00Z,Tavian McNair,anytime_td,draftkings,Yes,,650,4f3a6620c44a51f7b649892be381e0eb,2026-10-08T02:14:27Z
cfb,UNLV,NDSU,2026-10-10T23:00:00Z,Chris Kiel,anytime_td,draftkings,Yes,,650,4f3a6620c44a51f7b649892be381e0eb,2026-10-08T02:14:27Z
cfb,UNLV,NDSU,2026-10-10T23:00:00Z,Logan Conklin,anytime_td,draftkings,Yes,,650,4f3a6620c44a51f7b649892be381e0eb,2026-10-08T02:14:27Z
cfb,UNLV,NDSU,2026-10-10T23:00:00Z,Matt Byrnes,anytime_td,draftkings,Yes,,750,4f3a6620c44a51f7b649892be381e0eb,2026-10-08T02:14:27Z
cfb,UNLV,NDSU,2026-10-10T23:00:00Z,DeAngelo Irvin Jr.,anytime_td,draftkings,Yes,,750,4f3a6620c44a51f7b649892be381e0eb,2026-10-08T02:14:27Z
cfb,ALA,UGA,2026-10-10T23:30:00Z,Nate Frazier,anytime_td,fanduel,Yes,,100,59f8c98dee8ce77cc17c5b4958e4f325,2026-10-08T02:14:22Z
cfb,ALA,UGA,2026-10-10T23:30:00Z,Keelon Russell,anytime_td,fanduel,Yes,,135,59f8c98dee8ce77cc17c5b4958e4f325,2026-10-08T02:14:22Z
cfb,ALA,UGA,2026-10-10T23:30:00Z,Trae'shawn Brown,anytime_td,fanduel,Yes,,135,59f8c98dee8ce77cc17c5b4958e4f325,2026-10-08T02:14:22Z
cfb,ALA,UGA,2026-10-10T23:30:00Z,Daniel Hill,anytime_td,fanduel,Yes,,145,59f8c98dee8ce77cc17c5b4958e4f325,2026-10-08T02:14:22Z
cfb,ALA,UGA,2026-10-10T23:30:00Z,Ryan Coleman-Williams,anytime_td,fanduel,Yes,,170,59f8c98dee8ce77cc17c5b4958e4f325,2026-10-08T02:14:22Z
cfb,ALA,UGA,2026-10-10T23:30:00Z,Gunner Stockton,anytime_td,fanduel,Yes,,195,59f8c98dee8ce77cc17c5b4958e4f325,2026-10-08T02:14:22Z
cfb,ALA,UGA,2026-10-10T23:30:00Z,Lotzeir Brooks,anytime_td,fanduel,Yes,,190,59f8c98dee8ce77cc17c5b4958e4f325,2026-10-08T02:14:22Z
cfb,ALA,UGA,2026-10-10T23:30:00Z,Dwight Phillips Jr.,anytime_td,fanduel,Yes,,200,59f8c98dee8ce77cc17c5b4958e4f325,2026-10-08T02:14:22Z
cfb,ALA,UGA,2026-10-10T23:30:00Z,Rico Scott,anytime_td,fanduel,Yes,,220,59f8c98dee8ce77cc17c5b4958e4f325,2026-10-08T02:14:22Z
cfb,ALA,UGA,2026-10-10T23:30:00Z,Talyn Taylor,anytime_td,fanduel,Yes,,250,59f8c98dee8ce77cc17c5b4958e4f325,2026-10-08T02:14:22Z
cfb,ALA,UGA,2026-10-10T23:30:00Z,EJ Crowell,anytime_td,fanduel,Yes,,290,59f8c98dee8ce77cc17c5b4958e4f325,2026-10-08T02:14:22Z
cfb,ALA,UGA,2026-10-10T23:30:00Z,London Humphreys,anytime_td,fanduel,Yes,,330,59f8c98dee8ce77cc17c5b4958e4f325,2026-10-08T02:14:22Z
cfb,ALA,UGA,2026-10-10T23:30:00Z,Craig Dandridge,anytime_td,fanduel,Yes,,370,59f8c98dee8ce77cc17c5b4958e4f325,2026-10-08T02:14:22Z
cfb,ALA,UGA,2026-10-10T23:30:00Z,Kaleb Edwards,anytime_td,fanduel,Yes,,400,59f8c98dee8ce77cc17c5b4958e4f325,2026-10-08T02:14:22Z
cfb,ALA,UGA,2026-10-10T23:30:00Z,Sacovie White-Helton,anytime_td,fanduel,Yes,,400,59f8c98dee8ce77cc17c5b4958e4f325,2026-10-08T02:14:22Z
cfb,ALA,UGA,2026-10-10T23:30:00Z,Georgia Bulldogs Defense,anytime_td,fanduel,Yes,,420,59f8c98dee8ce77cc17c5b4958e4f325,2026-10-08T02:14:22Z
cfb,ALA,UGA,2026-10-10T23:30:00Z,Alabama Crimson Tide Defense,anytime_td,fanduel,Yes,,550,59f8c98dee8ce77cc17c5b4958e4f325,2026-10-08T02:14:22Z
cfb,ALA,UGA,2026-10-10T23:30:00Z,Jaden Reddell,anytime_td,fanduel,Yes,,550,59f8c98dee8ce77cc17c5b4958e4f325,2026-10-08T02:14:22Z
cfb,ALA,UGA,2026-10-10T23:30:00Z,Lawson Luckie,anytime_td,fanduel,Yes,,550,59f8c98dee8ce77cc17c5b4958e4f325,2026-10-08T02:14:22Z
cfb,ALA,UGA,2026-10-10T23:30:00Z,Marshall Pritchett,anytime_td,fanduel,Yes,,600,59f8c98dee8ce77cc17c5b4958e4f325,2026-10-08T02:14:22Z
cfb,ALA,UGA,2026-10-10T23:30:00Z,Gunner Stockton,pass_td,fanduel,Under,1.5,-186,59f8c98dee8ce77cc17c5b4958e4f325,2026-10-08T02:14:22Z
cfb,ALA,UGA,2026-10-10T23:30:00Z,Gunner Stockton,pass_td,fanduel,Over,1.5,138,59f8c98dee8ce77cc17c5b4958e4f325,2026-10-08T02:14:22Z
cfb,ALA,UGA,2026-10-10T23:30:00Z,Keelon Russell,pass_td,fanduel,Under,1.5,-144,59f8c98dee8ce77cc17c5b4958e4f325,2026-10-08T02:14:22Z
cfb,ALA,UGA,2026-10-10T23:30:00Z,Keelon Russell,pass_td,fanduel,Over,1.5,108,59f8c98dee8ce77cc17c5b4958e4f325,2026-10-08T02:14:22Z
cfb,ALA,UGA,2026-10-10T23:30:00Z,Keelon Russell,pass_yds,fanduel,Over,231.5,-114,59f8c98dee8ce77cc17c5b4958e4f325,2026-10-08T02:14:22Z
cfb,ALA,UGA,2026-10-10T23:30:00Z,Keelon Russell,pass_yds,fanduel,Under,231.5,-114,59f8c98dee8ce77cc17c5b4958e4f325,2026-10-08T02:14:22Z
cfb,ALA,UGA,2026-10-10T23:30:00Z,Gunner Stockton,pass_yds,fanduel,Over,209.5,-114,59f8c98dee8ce77cc17c5b4958e4f325,2026-10-08T02:14:22Z
cfb,ALA,UGA,2026-10-10T23:30:00Z,Gunner Stockton,pass_yds,fanduel,Under,209.5,-114,59f8c98dee8ce77cc17c5b4958e4f325,2026-10-08T02:14:22Z
cfb,ALA,UGA,2026-10-10T23:30:00Z,Lotzeir Brooks,rec_yds,fanduel,Over,54.5,-114,59f8c98dee8ce77cc17c5b4958e4f325,2026-10-08T02:14:22Z
cfb,ALA,UGA,2026-10-10T23:30:00Z,Lotzeir Brooks,rec_yds,fanduel,Under,54.5,-114,59f8c98dee8ce77cc17c5b4958e4f325,2026-10-08T02:14:22Z
cfb,ALA,UGA,2026-10-10T23:30:00Z,Kaleb Edwards,rec_yds,fanduel,Over,23.5,-114,59f8c98dee8ce77cc17c5b4958e4f325,2026-10-08T02:14:22Z
cfb,ALA,UGA,2026-10-10T23:30:00Z,Kaleb Edwards,rec_yds,fanduel,Under,23.5,-114,59f8c98dee8ce77cc17c5b4958e4f325,2026-10-08T02:14:22Z
cfb,ALA,UGA,2026-10-10T23:30:00Z,Marshall Pritchett,rec_yds,fanduel,Over,20.5,-114,59f8c98dee8ce77cc17c5b4958e4f325,2026-10-08T02:14:22Z
cfb,ALA,UGA,2026-10-10T23:30:00Z,Marshall Pritchett,rec_yds,fanduel,Under,20.5,-114,59f8c98dee8ce77cc17c5b4958e4f325,2026-10-08T02:14:22Z
cfb,ALA,UGA,2026-10-10T23:30:00Z,Rico Scott,rec_yds,fanduel,Over,37.5,-114,59f8c98dee8ce77cc17c5b4958e4f325,2026-10-08T02:14:22Z
cfb,ALA,UGA,2026-10-10T23:30:00Z,Rico Scott,rec_yds,fanduel,Under,37.5,-114,59f8c98dee8ce77cc17c5b4958e4f325,2026-10-08T02:14:22Z
cfb,ALA,UGA,2026-10-10T23:30:00Z,Ryan Coleman-Williams,rec_yds,fanduel,Over,65.5,-114,59f8c98dee8ce77cc17c5b4958e4f325,2026-10-08T02:14:22Z
cfb,ALA,UGA,2026-10-10T23:30:00Z,Ryan Coleman-Williams,rec_yds,fanduel,Under,65.5,-114,59f8c98dee8ce77cc17c5b4958e4f325,2026-10-08T02:14:22Z
cfb,ALA,UGA,2026-10-10T23:30:00Z,Talyn Taylor,rec_yds,fanduel,Over,30.5,-114,59f8c98dee8ce77cc17c5b4958e4f325,2026-10-08T02:14:22Z
cfb,ALA,UGA,2026-10-10T23:30:00Z,Talyn Taylor,rec_yds,fanduel,Under,30.5,-114,59f8c98dee8ce77cc17c5b4958e4f325,2026-10-08T02:14:22Z
cfb,ALA,UGA,2026-10-10T23:30:00Z,Lotzeir Brooks,receptions,fanduel,Over,3.5,-130,59f8c98dee8ce77cc17c5b4958e4f325,2026-10-08T02:14:22Z
cfb,ALA,UGA,2026-10-10T23:30:00Z,Lotzeir Brooks,receptions,fanduel,Under,3.5,-102,59f8c98dee8ce77cc17c5b4958e4f325,2026-10-08T02:14:22Z
cfb,ALA,UGA,2026-10-10T23:30:00Z,Rico Scott,receptions,fanduel,Over,3.5,-118,59f8c98dee8ce77cc17c5b4958e4f325,2026-10-08T02:14:22Z
cfb,ALA,UGA,2026-10-10T23:30:00Z,Rico Scott,receptions,fanduel,Under,3.5,-112,59f8c98dee8ce77cc17c5b4958e4f325,2026-10-08T02:14:22Z
cfb,ALA,UGA,2026-10-10T23:30:00Z,Ryan Coleman-Williams,receptions,fanduel,Over,4.5,130,59f8c98dee8ce77cc17c5b4958e4f325,2026-10-08T02:14:22Z
cfb,ALA,UGA,2026-10-10T23:30:00Z,Ryan Coleman-Williams,receptions,fanduel,Under,4.5,-174,59f8c98dee8ce77cc17c5b4958e4f325,2026-10-08T02:14:22Z
cfb,ALA,UGA,2026-10-10T23:30:00Z,Daniel Hill,rush_yds,fanduel,Under,24.5,-118,59f8c98dee8ce77cc17c5b4958e4f325,2026-10-08T02:14:22Z
cfb,ALA,UGA,2026-10-10T23:30:00Z,Daniel Hill,rush_yds,fanduel,Over,24.5,-112,59f8c98dee8ce77cc17c5b4958e4f325,2026-10-08T02:14:22Z
cfb,ALA,UGA,2026-10-10T23:30:00Z,Keelon Russell,rush_yds,fanduel,Over,20.5,-114,59f8c98dee8ce77cc17c5b4958e4f325,2026-10-08T02:14:22Z
cfb,ALA,UGA,2026-10-10T23:30:00Z,Keelon Russell,rush_yds,fanduel,Under,20.5,-114,59f8c98dee8ce77cc17c5b4958e4f325,2026-10-08T02:14:22Z
cfb,ALA,UGA,2026-10-10T23:30:00Z,Gunner Stockton,rush_yds,fanduel,Under,24.5,-118,59f8c98dee8ce77cc17c5b4958e4f325,2026-10-08T02:14:22Z
cfb,ALA,UGA,2026-10-10T23:30:00Z,Gunner Stockton,rush_yds,fanduel,Over,24.5,-112,59f8c98dee8ce77cc17c5b4958e4f325,2026-10-08T02:14:22Z
cfb,ALA,UGA,2026-10-10T23:30:00Z,Trae'shawn Brown,rush_yds,fanduel,Over,40.5,-114,59f8c98dee8ce77cc17c5b4958e4f325,2026-10-08T02:14:22Z
cfb,ALA,UGA,2026-10-10T23:30:00Z,Trae'shawn Brown,rush_yds,fanduel,Under,40.5,-114,59f8c98dee8ce77cc17c5b4958e4f325,2026-10-08T02:14:22Z
cfb,ALA,UGA,2026-10-10T23:30:00Z,Daniel Hill,anytime_td,betmgm,Yes,,105,59f8c98dee8ce77cc17c5b4958e4f325,2026-10-08T02:13:26Z
cfb,ALA,UGA,2026-10-10T23:30:00Z,Rico Scott,anytime_td,betmgm,Yes,,220,59f8c98dee8ce77cc17c5b4958e4f325,2026-10-08T02:13:26Z
cfb,ALA,UGA,2026-10-10T23:30:00Z,Lotzeir Brooks,anytime_td,betmgm,Yes,,175,59f8c98dee8ce77cc17c5b4958e4f325,2026-10-08T02:13:26Z
cfb,ALA,UGA,2026-10-10T23:30:00Z,Talyn Taylor,anytime_td,betmgm,Yes,,220,59f8c98dee8ce77cc17c5b4958e4f325,2026-10-08T02:13:26Z
cfb,ALA,UGA,2026-10-10T23:30:00Z,Ryan Williams,anytime_td,betmgm,Yes,,145,59f8c98dee8ce77cc17c5b4958e4f325,2026-10-08T02:13:26Z
cfb,ALA,UGA,2026-10-10T23:30:00Z,Chauncey Bowens,anytime_td,betmgm,Yes,,150,59f8c98dee8ce77cc17c5b4958e4f325,2026-10-08T02:13:26Z
cfb,ALA,UGA,2026-10-10T23:30:00Z,Nate Frazier,anytime_td,betmgm,Yes,,-135,59f8c98dee8ce77cc17c5b4958e4f325,2026-10-08T02:13:26Z
cfb,ALA,UGA,2026-10-10T23:30:00Z,Trae'shawn Brown,anytime_td,betmgm,Yes,,120,59f8c98dee8ce77cc17c5b4958e4f325,2026-10-08T02:13:26Z
cfb,ALA,UGA,2026-10-10T23:30:00Z,Kaleb Edwards,anytime_td,betmgm,Yes,,550,59f8c98dee8ce77cc17c5b4958e4f325,2026-10-08T02:13:26Z
cfb,ALA,UGA,2026-10-10T23:30:00Z,Gunner Stockton,anytime_td,betmgm,Yes,,-110,59f8c98dee8ce77cc17c5b4958e4f325,2026-10-08T02:13:26Z
cfb,ALA,UGA,2026-10-10T23:30:00Z,Sacovie White-Helton,anytime_td,betmgm,Yes,,375,59f8c98dee8ce77cc17c5b4958e4f325,2026-10-08T02:13:26Z
cfb,ALA,UGA,2026-10-10T23:30:00Z,Craig Dandridge,anytime_td,betmgm,Yes,,240,59f8c98dee8ce77cc17c5b4958e4f325,2026-10-08T02:13:26Z
cfb,ALA,UGA,2026-10-10T23:30:00Z,Lawson Luckie,anytime_td,betmgm,Yes,,425,59f8c98dee8ce77cc17c5b4958e4f325,2026-10-08T02:13:26Z
cfb,ALA,UGA,2026-10-10T23:30:00Z,Daniel Hill,anytime_td,draftkings,Yes,,105,59f8c98dee8ce77cc17c5b4958e4f325,2026-10-08T02:14:16Z
cfb,ALA,UGA,2026-10-10T23:30:00Z,Keelon Russell,anytime_td,draftkings,Yes,,105,59f8c98dee8ce77cc17c5b4958e4f325,2026-10-08T02:14:16Z
cfb,ALA,UGA,2026-10-10T23:30:00Z,Nate Frazier,anytime_td,draftkings,Yes,,105,59f8c98dee8ce77cc17c5b4958e4f325,2026-10-08T02:14:16Z
cfb,ALA,UGA,2026-10-10T23:30:00Z,Trae'shawn Brown,anytime_td,draftkings,Yes,,110,59f8c98dee8ce77cc17c5b4958e4f325,2026-10-08T02:14:16Z
cfb,ALA,UGA,2026-10-10T23:30:00Z,Chauncey Bowens,anytime_td,draftkings,Yes,,110,59f8c98dee8ce77cc17c5b4958e4f325,2026-10-08T02:14:16Z
cfb,ALA,UGA,2026-10-10T23:30:00Z,Ryan Coleman-Williams,anytime_td,draftkings,Yes,,125,59f8c98dee8ce77cc17c5b4958e4f325,2026-10-08T02:14:16Z
cfb,ALA,UGA,2026-10-10T23:30:00Z,Gunner Stockton,anytime_td,draftkings,Yes,,175,59f8c98dee8ce77cc17c5b4958e4f325,2026-10-08T02:14:16Z
cfb,ALA,UGA,2026-10-10T23:30:00Z,Lotzeir Brooks,anytime_td,draftkings,Yes,,180,59f8c98dee8ce77cc17c5b4958e4f325,2026-10-08T02:14:16Z
cfb,ALA,UGA,2026-10-10T23:30:00Z,Talyn Taylor,anytime_td,draftkings,Yes,,240,59f8c98dee8ce77cc17c5b4958e4f325,2026-10-08T02:14:16Z
cfb,ALA,UGA,2026-10-10T23:30:00Z,EJ Crowell,anytime_td,draftkings,Yes,,245,59f8c98dee8ce77cc17c5b4958e4f325,2026-10-08T02:14:16Z
cfb,ALA,UGA,2026-10-10T23:30:00Z,Rico Scott,anytime_td,draftkings,Yes,,260,59f8c98dee8ce77cc17c5b4958e4f325,2026-10-08T02:14:16Z
cfb,ALA,UGA,2026-10-10T23:30:00Z,Dwight Phillips Jr.,anytime_td,draftkings,Yes,,280,59f8c98dee8ce77cc17c5b4958e4f325,2026-10-08T02:14:16Z
cfb,ALA,UGA,2026-10-10T23:30:00Z,Thomas Blackshear,anytime_td,draftkings,Yes,,350,59f8c98dee8ce77cc17c5b4958e4f325,2026-10-08T02:14:16Z
cfb,ALA,UGA,2026-10-10T23:30:00Z,Kaleb Edwards,anytime_td,draftkings,Yes,,360,59f8c98dee8ce77cc17c5b4958e4f325,2026-10-08T02:14:16Z
cfb,ALA,UGA,2026-10-10T23:30:00Z,Isiah Canion,anytime_td,draftkings,Yes,,360,59f8c98dee8ce77cc17c5b4958e4f325,2026-10-08T02:14:16Z
cfb,ALA,UGA,2026-10-10T23:30:00Z,Sacovie White-Helton,anytime_td,draftkings,Yes,,360,59f8c98dee8ce77cc17c5b4958e4f325,2026-10-08T02:14:16Z
cfb,ALA,UGA,2026-10-10T23:30:00Z,London Humphreys,anytime_td,draftkings,Yes,,360,59f8c98dee8ce77cc17c5b4958e4f325,2026-10-08T02:14:16Z
cfb,ALA,UGA,2026-10-10T23:30:00Z,Craig Dandridge,anytime_td,draftkings,Yes,,370,59f8c98dee8ce77cc17c5b4958e4f325,2026-10-08T02:14:16Z
cfb,ALA,UGA,2026-10-10T23:30:00Z,Kevin Riley,anytime_td,draftkings,Yes,,400,59f8c98dee8ce77cc17c5b4958e4f325,2026-10-08T02:14:16Z
cfb,ALA,UGA,2026-10-10T23:30:00Z,Bo Walker,anytime_td,draftkings,Yes,,400,59f8c98dee8ce77cc17c5b4958e4f325,2026-10-08T02:14:16Z
cfb,ALA,UGA,2026-10-10T23:30:00Z,Alabama Crimson Tide D/ST,anytime_td,draftkings,Yes,,500,59f8c98dee8ce77cc17c5b4958e4f325,2026-10-08T02:14:16Z
cfb,ALA,UGA,2026-10-10T23:30:00Z,Georgia Bulldogs D/ST,anytime_td,draftkings,Yes,,500,59f8c98dee8ce77cc17c5b4958e4f325,2026-10-08T02:14:16Z
cfb,ALA,UGA,2026-10-10T23:30:00Z,Marshall Pritchett,anytime_td,draftkings,Yes,,550,59f8c98dee8ce77cc17c5b4958e4f325,2026-10-08T02:14:16Z
cfb,ALA,UGA,2026-10-10T23:30:00Z,Ethan Barbour,anytime_td,draftkings,Yes,,550,59f8c98dee8ce77cc17c5b4958e4f325,2026-10-08T02:14:16Z
cfb,ALA,UGA,2026-10-10T23:30:00Z,Elyiss Williams,anytime_td,draftkings,Yes,,550,59f8c98dee8ce77cc17c5b4958e4f325,2026-10-08T02:14:16Z
cfb,ALA,UGA,2026-10-10T23:30:00Z,Lawson Luckie,anytime_td,draftkings,Yes,,550,59f8c98dee8ce77cc17c5b4958e4f325,2026-10-08T02:14:16Z
cfb,ALA,UGA,2026-10-10T23:30:00Z,Jaden Reddell,anytime_td,draftkings,Yes,,600,59f8c98dee8ce77cc17c5b4958e4f325,2026-10-08T02:14:16Z
cfb,ALA,UGA,2026-10-10T23:30:00Z,Derek Meadows,anytime_td,draftkings,Yes,,650,59f8c98dee8ce77cc17c5b4958e4f325,2026-10-08T02:14:16Z
cfb,ALA,UGA,2026-10-10T23:30:00Z,Landon Roldan,anytime_td,draftkings,Yes,,750,59f8c98dee8ce77cc17c5b4958e4f325,2026-10-08T02:14:16Z
cfb,PSU,USC,2026-10-10T23:30:00Z,King Miller,anytime_td,draftkings,Yes,,-135,4462f1fa168ab2a5a25fe2807ebec8ac,2026-10-08T02:12:06Z
cfb,PSU,USC,2026-10-10T23:30:00Z,James Peoples,anytime_td,draftkings,Yes,,-125,4462f1fa168ab2a5a25fe2807ebec8ac,2026-10-08T02:12:06Z
cfb,PSU,USC,2026-10-10T23:30:00Z,Carson Hansen,anytime_td,draftkings,Yes,,-110,4462f1fa168ab2a5a25fe2807ebec8ac,2026-10-08T02:12:06Z
cfb,PSU,USC,2026-10-10T23:30:00Z,Trent Mosley,anytime_td,draftkings,Yes,,115,4462f1fa168ab2a5a25fe2807ebec8ac,2026-10-08T02:12:06Z
cfb,PSU,USC,2026-10-10T23:30:00Z,Waymond Jordan,anytime_td,draftkings,Yes,,140,4462f1fa168ab2a5a25fe2807ebec8ac,2026-10-08T02:12:06Z
cfb,PSU,USC,2026-10-10T23:30:00Z,Chase Sowell,anytime_td,draftkings,Yes,,155,4462f1fa168ab2a5a25fe2807ebec8ac,2026-10-08T02:12:06Z
cfb,PSU,USC,2026-10-10T23:30:00Z,Benjamin Brahmer,anytime_td,draftkings,Yes,,170,4462f1fa168ab2a5a25fe2807ebec8ac,2026-10-08T02:12:06Z
cfb,PSU,USC,2026-10-10T23:30:00Z,Zacharyus Williams,anytime_td,draftkings,Yes,,175,4462f1fa168ab2a5a25fe2807ebec8ac,2026-10-08T02:12:06Z
cfb,PSU,USC,2026-10-10T23:30:00Z,Tanook Hines,anytime_td,draftkings,Yes,,215,4462f1fa168ab2a5a25fe2807ebec8ac,2026-10-08T02:12:06Z
cfb,PSU,USC,2026-10-10T23:30:00Z,Andrew Rappleyea,anytime_td,draftkings,Yes,,250,4462f1fa168ab2a5a25fe2807ebec8ac,2026-10-08T02:12:06Z
cfb,PSU,USC,2026-10-10T23:30:00Z,Cam Wallace,anytime_td,draftkings,Yes,,255,4462f1fa168ab2a5a25fe2807ebec8ac,2026-10-08T02:12:06Z
cfb,PSU,USC,2026-10-10T23:30:00Z,Quinton Martin Jr.,anytime_td,draftkings,Yes,,260,4462f1fa168ab2a5a25fe2807ebec8ac,2026-10-08T02:12:06Z
cfb,PSU,USC,2026-10-10T23:30:00Z,Brett Eskildsen,anytime_td,draftkings,Yes,,260,4462f1fa168ab2a5a25fe2807ebec8ac,2026-10-08T02:12:06Z
cfb,PSU,USC,2026-10-10T23:30:00Z,Rocco Becht,anytime_td,draftkings,Yes,,280,4462f1fa168ab2a5a25fe2807ebec8ac,2026-10-08T02:12:06Z
cfb,PSU,USC,2026-10-10T23:30:00Z,Mark Bowman,anytime_td,draftkings,Yes,,280,4462f1fa168ab2a5a25fe2807ebec8ac,2026-10-08T02:12:06Z
cfb,PSU,USC,2026-10-10T23:30:00Z,Riley Wormley,anytime_td,draftkings,Yes,,295,4462f1fa168ab2a5a25fe2807ebec8ac,2026-10-08T02:12:06Z
cfb,PSU,USC,2026-10-10T23:30:00Z,Jayden Maiava,anytime_td,draftkings,Yes,,320,4462f1fa168ab2a5a25fe2807ebec8ac,2026-10-08T02:12:06Z
cfb,PSU,USC,2026-10-10T23:30:00Z,Zay Robinson,anytime_td,draftkings,Yes,,340,4462f1fa168ab2a5a25fe2807ebec8ac,2026-10-08T02:12:06Z
cfb,PSU,USC,2026-10-10T23:30:00Z,Tron Baker,anytime_td,draftkings,Yes,,475,4462f1fa168ab2a5a25fe2807ebec8ac,2026-10-08T02:12:06Z
cfb,PSU,USC,2026-10-10T23:30:00Z,Penn State Nittany Lions D/ST,anytime_td,draftkings,Yes,,500,4462f1fa168ab2a5a25fe2807ebec8ac,2026-10-08T02:12:06Z
cfb,PSU,USC,2026-10-10T23:30:00Z,Carson Tabaracci,anytime_td,draftkings,Yes,,550,4462f1fa168ab2a5a25fe2807ebec8ac,2026-10-08T02:12:06Z
cfb,PSU,USC,2026-10-10T23:30:00Z,USC Trojans D/ST,anytime_td,draftkings,Yes,,550,4462f1fa168ab2a5a25fe2807ebec8ac,2026-10-08T02:12:06Z
cfb,PSU,USC,2026-10-10T23:30:00Z,Terrell Anderson,anytime_td,draftkings,Yes,,650,4462f1fa168ab2a5a25fe2807ebec8ac,2026-10-08T02:12:06Z
cfb,PSU,USC,2026-10-10T23:30:00Z,Karon Brookins,anytime_td,draftkings,Yes,,800,4462f1fa168ab2a5a25fe2807ebec8ac,2026-10-08T02:12:06Z
cfb,PSU,USC,2026-10-10T23:30:00Z,Ethan Feaster,anytime_td,draftkings,Yes,,900,4462f1fa168ab2a5a25fe2807ebec8ac,2026-10-08T02:12:06Z
cfb,PSU,USC,2026-10-10T23:30:00Z,James Peoples,anytime_td,fanduel,Yes,,-130,4462f1fa168ab2a5a25fe2807ebec8ac,2026-10-08T02:14:20Z
cfb,PSU,USC,2026-10-10T23:30:00Z,King Miller,anytime_td,fanduel,Yes,,-125,4462f1fa168ab2a5a25fe2807ebec8ac,2026-10-08T02:14:20Z
cfb,PSU,USC,2026-10-10T23:30:00Z,Carson Hansen,anytime_td,fanduel,Yes,,100,4462f1fa168ab2a5a25fe2807ebec8ac,2026-10-08T02:14:20Z
cfb,PSU,USC,2026-10-10T23:30:00Z,Trent Mosley,anytime_td,fanduel,Yes,,130,4462f1fa168ab2a5a25fe2807ebec8ac,2026-10-08T02:14:20Z
cfb,PSU,USC,2026-10-10T23:30:00Z,Zacharyus Williams,anytime_td,fanduel,Yes,,130,4462f1fa168ab2a5a25fe2807ebec8ac,2026-10-08T02:14:20Z
cfb,PSU,USC,2026-10-10T23:30:00Z,Waymond Jordan,anytime_td,fanduel,Yes,,130,4462f1fa168ab2a5a25fe2807ebec8ac,2026-10-08T02:14:20Z
cfb,PSU,USC,2026-10-10T23:30:00Z,Chase Sowell,anytime_td,fanduel,Yes,,140,4462f1fa168ab2a5a25fe2807ebec8ac,2026-10-08T02:14:20Z
cfb,PSU,USC,2026-10-10T23:30:00Z,Benjamin Brahmer,anytime_td,fanduel,Yes,,165,4462f1fa168ab2a5a25fe2807ebec8ac,2026-10-08T02:14:20Z
cfb,PSU,USC,2026-10-10T23:30:00Z,Andrew Rappleyea,anytime_td,fanduel,Yes,,200,4462f1fa168ab2a5a25fe2807ebec8ac,2026-10-08T02:14:20Z
cfb,PSU,USC,2026-10-10T23:30:00Z,Brett Eskildsen,anytime_td,fanduel,Yes,,220,4462f1fa168ab2a5a25fe2807ebec8ac,2026-10-08T02:14:20Z
cfb,PSU,USC,2026-10-10T23:30:00Z,Tanook Hines,anytime_td,fanduel,Yes,,230,4462f1fa168ab2a5a25fe2807ebec8ac,2026-10-08T02:14:20Z
cfb,PSU,USC,2026-10-10T23:30:00Z,Mark Bowman,anytime_td,fanduel,Yes,,260,4462f1fa168ab2a5a25fe2807ebec8ac,2026-10-08T02:14:20Z
cfb,PSU,USC,2026-10-10T23:30:00Z,Rocco Becht,anytime_td,fanduel,Yes,,290,4462f1fa168ab2a5a25fe2807ebec8ac,2026-10-08T02:14:20Z
cfb,PSU,USC,2026-10-10T23:30:00Z,Jayden Maiava,anytime_td,fanduel,Yes,,290,4462f1fa168ab2a5a25fe2807ebec8ac,2026-10-08T02:14:20Z
cfb,PSU,USC,2026-10-10T23:30:00Z,Zay Robinson,anytime_td,fanduel,Yes,,330,4462f1fa168ab2a5a25fe2807ebec8ac,2026-10-08T02:14:20Z
cfb,PSU,USC,2026-10-10T23:30:00Z,Ethan Feaster,anytime_td,fanduel,Yes,,600,4462f1fa168ab2a5a25fe2807ebec8ac,2026-10-08T02:14:20Z
cfb,PSU,USC,2026-10-10T23:30:00Z,Penn State Nittany Lions Defense,anytime_td,fanduel,Yes,,600,4462f1fa168ab2a5a25fe2807ebec8ac,2026-10-08T02:14:20Z
cfb,PSU,USC,2026-10-10T23:30:00Z,USC Trojans Defense,anytime_td,fanduel,Yes,,650,4462f1fa168ab2a5a25fe2807ebec8ac,2026-10-08T02:14:20Z
cfb,PSU,USC,2026-10-10T23:30:00Z,Tucker Ashcraft,anytime_td,fanduel,Yes,,850,4462f1fa168ab2a5a25fe2807ebec8ac,2026-10-08T02:14:20Z
cfb,PSU,USC,2026-10-10T23:30:00Z,Jayden Maiava,pass_td,fanduel,Over,1.5,-146,4462f1fa168ab2a5a25fe2807ebec8ac,2026-10-08T02:14:20Z
cfb,PSU,USC,2026-10-10T23:30:00Z,Jayden Maiava,pass_td,fanduel,Under,1.5,110,4462f1fa168ab2a5a25fe2807ebec8ac,2026-10-08T02:14:20Z
cfb,PSU,USC,2026-10-10T23:30:00Z,Rocco Becht,pass_td,fanduel,Over,1.5,-130,4462f1fa168ab2a5a25fe2807ebec8ac,2026-10-08T02:14:20Z
cfb,PSU,USC,2026-10-10T23:30:00Z,Rocco Becht,pass_td,fanduel,Under,1.5,-102,4462f1fa168ab2a5a25fe2807ebec8ac,2026-10-08T02:14:20Z
cfb,PSU,USC,2026-10-10T23:30:00Z,Rocco Becht,pass_yds,fanduel,Over,233.5,-114,4462f1fa168ab2a5a25fe2807ebec8ac,2026-10-08T02:14:20Z
cfb,PSU,USC,2026-10-10T23:30:00Z,Rocco Becht,pass_yds,fanduel,Under,233.5,-114,4462f1fa168ab2a5a25fe2807ebec8ac,2026-10-08T02:14:20Z
cfb,PSU,USC,2026-10-10T23:30:00Z,Jayden Maiava,pass_yds,fanduel,Over,257.5,-114,4462f1fa168ab2a5a25fe2807ebec8ac,2026-10-08T02:14:20Z
cfb,PSU,USC,2026-10-10T23:30:00Z,Jayden Maiava,pass_yds,fanduel,Under,257.5,-114,4462f1fa168ab2a5a25fe2807ebec8ac,2026-10-08T02:14:20Z
cfb,PSU,USC,2026-10-10T23:30:00Z,Benjamin Brahmer,rec_yds,fanduel,Under,42.5,-118,4462f1fa168ab2a5a25fe2807ebec8ac,2026-10-08T02:14:20Z
cfb,PSU,USC,2026-10-10T23:30:00Z,Benjamin Brahmer,rec_yds,fanduel,Over,42.5,-112,4462f1fa168ab2a5a25fe2807ebec8ac,2026-10-08T02:14:20Z
cfb,PSU,USC,2026-10-10T23:30:00Z,Chase Sowell,rec_yds,fanduel,Over,63.5,-114,4462f1fa168ab2a5a25fe2807ebec8ac,2026-10-08T02:14:20Z
cfb,PSU,USC,2026-10-10T23:30:00Z,Chase Sowell,rec_yds,fanduel,Under,63.5,-114,4462f1fa168ab2a5a25fe2807ebec8ac,2026-10-08T02:14:20Z
cfb,PSU,USC,2026-10-10T23:30:00Z,Chase Sowell,receptions,fanduel,Under,4.5,-148,4462f1fa168ab2a5a25fe2807ebec8ac,2026-10-08T02:14:20Z
cfb,PSU,USC,2026-10-10T23:30:00Z,Chase Sowell,receptions,fanduel,Over,4.5,112,4462f1fa168ab2a5a25fe2807ebec8ac,2026-10-08T02:14:20Z
cfb,PSU,USC,2026-10-10T23:30:00Z,Benjamin Brahmer,receptions,fanduel,Over,3.5,-128,4462f1fa168ab2a5a25fe2807ebec8ac,2026-10-08T02:14:20Z
cfb,PSU,USC,2026-10-10T23:30:00Z,Benjamin Brahmer,receptions,fanduel,Under,3.5,-104,4462f1fa168ab2a5a25fe2807ebec8ac,2026-10-08T02:14:20Z
cfb,PSU,USC,2026-10-10T23:30:00Z,James Peoples,rush_yds,fanduel,Over,53.5,-114,4462f1fa168ab2a5a25fe2807ebec8ac,2026-10-08T02:14:20Z
cfb,PSU,USC,2026-10-10T23:30:00Z,James Peoples,rush_yds,fanduel,Under,53.5,-114,4462f1fa168ab2a5a25fe2807ebec8ac,2026-10-08T02:14:20Z
cfb,PSU,USC,2026-10-10T23:30:00Z,King Miller,rush_yds,fanduel,Over,68.5,-114,4462f1fa168ab2a5a25fe2807ebec8ac,2026-10-08T02:14:20Z
cfb,PSU,USC,2026-10-10T23:30:00Z,King Miller,rush_yds,fanduel,Under,68.5,-114,4462f1fa168ab2a5a25fe2807ebec8ac,2026-10-08T02:14:20Z
cfb,PSU,USC,2026-10-10T23:30:00Z,Jayden Maiava,anytime_td,betmgm,Yes,,260,4462f1fa168ab2a5a25fe2807ebec8ac,2026-10-08T02:12:23Z
cfb,PSU,USC,2026-10-10T23:30:00Z,Brett Eskildsen,anytime_td,betmgm,Yes,,200,4462f1fa168ab2a5a25fe2807ebec8ac,2026-10-08T02:12:23Z
cfb,PSU,USC,2026-10-10T23:30:00Z,Zay Robinson,anytime_td,betmgm,Yes,,325,4462f1fa168ab2a5a25fe2807ebec8ac,2026-10-08T02:12:23Z
cfb,PSU,USC,2026-10-10T23:30:00Z,Waymond Jordan,anytime_td,betmgm,Yes,,-145,4462f1fa168ab2a5a25fe2807ebec8ac,2026-10-08T02:12:23Z
cfb,PSU,USC,2026-10-10T23:30:00Z,Zacharyus Williams,anytime_td,betmgm,Yes,,185,4462f1fa168ab2a5a25fe2807ebec8ac,2026-10-08T02:12:23Z
cfb,PSU,USC,2026-10-10T23:30:00Z,Chase Sowell,anytime_td,betmgm,Yes,,150,4462f1fa168ab2a5a25fe2807ebec8ac,2026-10-08T02:12:23Z
cfb,PSU,USC,2026-10-10T23:30:00Z,Rocco Becht,anytime_td,betmgm,Yes,,240,4462f1fa168ab2a5a25fe2807ebec8ac,2026-10-08T02:12:23Z
cfb,PSU,USC,2026-10-10T23:30:00Z,James Peoples,anytime_td,betmgm,Yes,,-155,4462f1fa168ab2a5a25fe2807ebec8ac,2026-10-08T02:12:23Z
cfb,PSU,USC,2026-10-10T23:30:00Z,King Miller,anytime_td,betmgm,Yes,,-155,4462f1fa168ab2a5a25fe2807ebec8ac,2026-10-08T02:12:23Z
cfb,PSU,USC,2026-10-10T23:30:00Z,Tanook Hines,anytime_td,betmgm,Yes,,190,4462f1fa168ab2a5a25fe2807ebec8ac,2026-10-08T02:12:23Z
cfb,PSU,USC,2026-10-10T23:30:00Z,Benjamin Brahmer,anytime_td,betmgm,Yes,,120,4462f1fa168ab2a5a25fe2807ebec8ac,2026-10-08T02:12:23Z
cfb,PSU,USC,2026-10-10T23:30:00Z,Mark Bowman,anytime_td,betmgm,Yes,,225,4462f1fa168ab2a5a25fe2807ebec8ac,2026-10-08T02:12:23Z
cfb,PSU,USC,2026-10-10T23:30:00Z,Carson Hansen,anytime_td,betmgm,Yes,,-125,4462f1fa168ab2a5a25fe2807ebec8ac,2026-10-08T02:12:23Z
cfb,UVA,SYR,2026-10-10T23:30:00Z,Beau Pribula,anytime_td,draftkings,Yes,,-115,f7b49f43b10f581d991954dae86b9aa5,2026-10-08T02:14:16Z
cfb,UVA,SYR,2026-10-10T23:30:00Z,Jekail Middlebrook,anytime_td,draftkings,Yes,,-110,f7b49f43b10f581d991954dae86b9aa5,2026-10-08T02:14:16Z
cfb,UVA,SYR,2026-10-10T23:30:00Z,Tylik Hill,anytime_td,draftkings,Yes,,110,f7b49f43b10f581d991954dae86b9aa5,2026-10-08T02:14:16Z
cfb,UVA,SYR,2026-10-10T23:30:00Z,Xavier Brown,anytime_td,draftkings,Yes,,115,f7b49f43b10f581d991954dae86b9aa5,2026-10-08T02:14:16Z
cfb,UVA,SYR,2026-10-10T23:30:00Z,Xay Davis,anytime_td,draftkings,Yes,,135,f7b49f43b10f581d991954dae86b9aa5,2026-10-08T02:14:16Z
cfb,UVA,SYR,2026-10-10T23:30:00Z,Umari Hatcher,anytime_td,draftkings,Yes,,150,f7b49f43b10f581d991954dae86b9aa5,2026-10-08T02:14:16Z
cfb,UVA,SYR,2026-10-10T23:30:00Z,Kameron Courtney,anytime_td,draftkings,Yes,,160,f7b49f43b10f581d991954dae86b9aa5,2026-10-08T02:14:16Z
cfb,UVA,SYR,2026-10-10T23:30:00Z,Da'Shawn Martin,anytime_td,draftkings,Yes,,185,f7b49f43b10f581d991954dae86b9aa5,2026-10-08T02:14:16Z
cfb,UVA,SYR,2026-10-10T23:30:00Z,Shavane Anderson Jr.,anytime_td,draftkings,Yes,,225,f7b49f43b10f581d991954dae86b9aa5,2026-10-08T02:14:16Z
cfb,UVA,SYR,2026-10-10T23:30:00Z,Ahmad Miller,anytime_td,draftkings,Yes,,240,f7b49f43b10f581d991954dae86b9aa5,2026-10-08T02:14:16Z
cfb,UVA,SYR,2026-10-10T23:30:00Z,Rico Flores Jr.,anytime_td,draftkings,Yes,,270,f7b49f43b10f581d991954dae86b9aa5,2026-10-08T02:14:16Z
cfb,UVA,SYR,2026-10-10T23:30:00Z,Dakota Twitty,anytime_td,draftkings,Yes,,370,f7b49f43b10f581d991954dae86b9aa5,2026-10-08T02:14:16Z
cfb,UVA,SYR,2026-10-10T23:30:00Z,TyLyric Coleman,anytime_td,draftkings,Yes,,380,f7b49f43b10f581d991954dae86b9aa5,2026-10-08T02:14:16Z
cfb,UVA,SYR,2026-10-10T23:30:00Z,Jacquon Gibson,anytime_td,draftkings,Yes,,390,f7b49f43b10f581d991954dae86b9aa5,2026-10-08T02:14:16Z
cfb,UVA,SYR,2026-10-10T23:30:00Z,Virginia Cavaliers D/ST,anytime_td,draftkings,Yes,,390,f7b49f43b10f581d991954dae86b9aa5,2026-10-08T02:14:16Z
cfb,UVA,SYR,2026-10-10T23:30:00Z,Daunte Bacheyie,anytime_td,draftkings,Yes,,400,f7b49f43b10f581d991954dae86b9aa5,2026-10-08T02:14:16Z
cfb,UVA,SYR,2026-10-10T23:30:00Z,Isaiah Robinson,anytime_td,draftkings,Yes,,450,f7b49f43b10f581d991954dae86b9aa5,2026-10-08T02:14:16Z
cfb,UVA,SYR,2026-10-10T23:30:00Z,Syracuse Orange D/ST,anytime_td,draftkings,Yes,,450,f7b49f43b10f581d991954dae86b9aa5,2026-10-08T02:14:16Z
cfb,UVA,SYR,2026-10-10T23:30:00Z,Amari Odom,anytime_td,draftkings,Yes,,500,f7b49f43b10f581d991954dae86b9aa5,2026-10-08T02:14:16Z
cfb,UVA,SYR,2026-10-10T23:30:00Z,Justus Ross-Simmons,anytime_td,draftkings,Yes,,500,f7b49f43b10f581d991954dae86b9aa5,2026-10-08T02:14:16Z
cfb,UVA,SYR,2026-10-10T23:30:00Z,Cole Weaver,anytime_td,draftkings,Yes,,600,f7b49f43b10f581d991954dae86b9aa5,2026-10-08T02:14:16Z
cfb,UVA,SYR,2026-10-10T23:30:00Z,Darien Williams,anytime_td,draftkings,Yes,,1000,f7b49f43b10f581d991954dae86b9aa5,2026-10-08T02:14:16Z
cfb,PUR,MINN,2026-10-11T00:00:00Z,Fame Ijeboi,anytime_td,draftkings,Yes,,-350,234d9123fdc010716a5a844efaf7ab43,2026-10-08T02:14:32Z
cfb,PUR,MINN,2026-10-11T00:00:00Z,Darius Taylor,anytime_td,draftkings,Yes,,-230,234d9123fdc010716a5a844efaf7ab43,2026-10-08T02:14:32Z
cfb,PUR,MINN,2026-10-11T00:00:00Z,TJ Thomas,anytime_td,draftkings,Yes,,-110,234d9123fdc010716a5a844efaf7ab43,2026-10-08T02:14:32Z
cfb,PUR,MINN,2026-10-11T00:00:00Z,Xavier Townsend,anytime_td,draftkings,Yes,,140,234d9123fdc010716a5a844efaf7ab43,2026-10-08T02:14:32Z
cfb,PUR,MINN,2026-10-11T00:00:00Z,Asaad Waseem,anytime_td,draftkings,Yes,,145,234d9123fdc010716a5a844efaf7ab43,2026-10-08T02:14:32Z
cfb,PUR,MINN,2026-10-11T00:00:00Z,Noah Jennings,anytime_td,draftkings,Yes,,150,234d9123fdc010716a5a844efaf7ab43,2026-10-08T02:14:32Z
cfb,PUR,MINN,2026-10-11T00:00:00Z,Javon Tracy,anytime_td,draftkings,Yes,,165,234d9123fdc010716a5a844efaf7ab43,2026-10-08T02:14:32Z
cfb,PUR,MINN,2026-10-11T00:00:00Z,Jalen Smith,anytime_td,draftkings,Yes,,180,234d9123fdc010716a5a844efaf7ab43,2026-10-08T02:14:32Z
cfb,PUR,MINN,2026-10-11T00:00:00Z,Xavier Ford,anytime_td,draftkings,Yes,,230,234d9123fdc010716a5a844efaf7ab43,2026-10-08T02:14:32Z
cfb,PUR,MINN,2026-10-11T00:00:00Z,Chauncey Magwood,anytime_td,draftkings,Yes,,280,234d9123fdc010716a5a844efaf7ab43,2026-10-08T02:14:32Z
cfb,PUR,MINN,2026-10-11T00:00:00Z,Jerrick Gibson,anytime_td,draftkings,Yes,,400,234d9123fdc010716a5a844efaf7ab43,2026-10-08T02:14:32Z
cfb,PUR,MINN,2026-10-11T00:00:00Z,Travis Terrell Jr.,anytime_td,draftkings,Yes,,400,234d9123fdc010716a5a844efaf7ab43,2026-10-08T02:14:32Z
cfb,PUR,MINN,2026-10-11T00:00:00Z,Pierce Walsh,anytime_td,draftkings,Yes,,400,234d9123fdc010716a5a844efaf7ab43,2026-10-08T02:14:32Z
cfb,PUR,MINN,2026-10-11T00:00:00Z,Minnesota Golden Gophers D/ST,anytime_td,draftkings,Yes,,500,234d9123fdc010716a5a844efaf7ab43,2026-10-08T02:14:32Z
cfb,PUR,MINN,2026-10-11T00:00:00Z,De'Nylon Morrissette,anytime_td,draftkings,Yes,,550,234d9123fdc010716a5a844efaf7ab43,2026-10-08T02:14:32Z
cfb,PUR,MINN,2026-10-11T00:00:00Z,Purdue Boilermakers D/ST,anytime_td,draftkings,Yes,,550,234d9123fdc010716a5a844efaf7ab43,2026-10-08T02:14:32Z
cfb,PUR,MINN,2026-10-11T00:00:00Z,Ryan Browne,anytime_td,draftkings,Yes,,600,234d9123fdc010716a5a844efaf7ab43,2026-10-08T02:14:32Z
cfb,PUR,MINN,2026-10-11T00:00:00Z,Drake Lindsey,anytime_td,draftkings,Yes,,600,234d9123fdc010716a5a844efaf7ab43,2026-10-08T02:14:32Z
cfb,PUR,MINN,2026-10-11T00:00:00Z,George Burhenn,anytime_td,draftkings,Yes,,650,234d9123fdc010716a5a844efaf7ab43,2026-10-08T02:14:32Z
cfb,PUR,MINN,2026-10-11T00:00:00Z,Jesse Watson,anytime_td,draftkings,Yes,,950,234d9123fdc010716a5a844efaf7ab43,2026-10-08T02:14:32Z
cfb,UTAH,KU,2026-10-11T02:15:00Z,Wayshawn Parker,anytime_td,fanduel,Yes,,-340,616eba68e65fe65023aa2335e81096c8,2026-10-08T13:20:07Z
cfb,UTAH,KU,2026-10-11T02:15:00Z,Dylan Edwards,anytime_td,fanduel,Yes,,-110,616eba68e65fe65023aa2335e81096c8,2026-10-08T13:20:07Z
cfb,UTAH,KU,2026-10-11T02:15:00Z,Devon Dampier,anytime_td,fanduel,Yes,,100,616eba68e65fe65023aa2335e81096c8,2026-10-08T13:20:07Z
cfb,UTAH,KU,2026-10-11T02:15:00Z,Braden Pegan,anytime_td,fanduel,Yes,,125,616eba68e65fe65023aa2335e81096c8,2026-10-08T13:20:07Z
cfb,UTAH,KU,2026-10-11T02:15:00Z,Daniel Bray,anytime_td,fanduel,Yes,,165,616eba68e65fe65023aa2335e81096c8,2026-10-08T13:20:07Z
cfb,UTAH,KU,2026-10-11T02:15:00Z,Isaiah Marshall,anytime_td,fanduel,Yes,,185,616eba68e65fe65023aa2335e81096c8,2026-10-08T13:20:07Z
cfb,UTAH,KU,2026-10-11T02:15:00Z,Noah Bennee,anytime_td,fanduel,Yes,,280,616eba68e65fe65023aa2335e81096c8,2026-10-08T13:20:07Z
cfb,UTAH,KU,2026-10-11T02:15:00Z,Jalen Dupree,anytime_td,fanduel,Yes,,300,616eba68e65fe65023aa2335e81096c8,2026-10-08T13:20:07Z
cfb,UTAH,KU,2026-10-11T02:15:00Z,Creed Whittemore,anytime_td,fanduel,Yes,,300,616eba68e65fe65023aa2335e81096c8,2026-10-08T13:20:07Z
cfb,UTAH,KU,2026-10-11T02:15:00Z,Ricky Johnson,anytime_td,fanduel,Yes,,320,616eba68e65fe65023aa2335e81096c8,2026-10-08T13:20:07Z
cfb,UTAH,KU,2026-10-11T02:15:00Z,Nik McMillan,anytime_td,fanduel,Yes,,350,616eba68e65fe65023aa2335e81096c8,2026-10-08T13:20:07Z
cfb,UTAH,KU,2026-10-11T02:15:00Z,Cam Pickett,anytime_td,fanduel,Yes,,430,616eba68e65fe65023aa2335e81096c8,2026-10-08T13:20:07Z
cfb,UTAH,KU,2026-10-11T02:15:00Z,Utah Utes Defense,anytime_td,fanduel,Yes,,470,616eba68e65fe65023aa2335e81096c8,2026-10-08T13:20:07Z
cfb,UTAH,KU,2026-10-11T02:15:00Z,Hunter Andrews,anytime_td,fanduel,Yes,,550,616eba68e65fe65023aa2335e81096c8,2026-10-08T13:20:07Z
cfb,UTAH,KU,2026-10-11T02:15:00Z,Nahzae Cox,anytime_td,fanduel,Yes,,550,616eba68e65fe65023aa2335e81096c8,2026-10-08T13:20:07Z
cfb,UTAH,KU,2026-10-11T02:15:00Z,Tate Nagy,anytime_td,fanduel,Yes,,600,616eba68e65fe65023aa2335e81096c8,2026-10-08T13:20:07Z
cfb,UTAH,KU,2026-10-11T02:15:00Z,Keaton Kubecka,anytime_td,fanduel,Yes,,1000,616eba68e65fe65023aa2335e81096c8,2026-10-08T13:20:07Z
cfb,UTAH,KU,2026-10-11T02:15:00Z,Kansas Jayhawks Defense,anytime_td,fanduel,Yes,,1000,616eba68e65fe65023aa2335e81096c8,2026-10-08T13:20:07Z
cfb,UTAH,KU,2026-10-11T02:15:00Z,Carson Bruhn,anytime_td,fanduel,Yes,,1600,616eba68e65fe65023aa2335e81096c8,2026-10-08T13:20:07Z
cfb,UTAH,KU,2026-10-11T02:15:00Z,Isaiah Marshall,pass_td,fanduel,Over,0.5,-160,616eba68e65fe65023aa2335e81096c8,2026-10-08T13:20:07Z
cfb,UTAH,KU,2026-10-11T02:15:00Z,Isaiah Marshall,pass_td,fanduel,Under,0.5,120,616eba68e65fe65023aa2335e81096c8,2026-10-08T13:20:07Z
cfb,UTAH,KU,2026-10-11T02:15:00Z,Devon Dampier,pass_td,fanduel,Over,1.5,-138,616eba68e65fe65023aa2335e81096c8,2026-10-08T13:20:07Z
cfb,UTAH,KU,2026-10-11T02:15:00Z,Devon Dampier,pass_td,fanduel,Under,1.5,104,616eba68e65fe65023aa2335e81096c8,2026-10-08T13:20:07Z
cfb,UTAH,KU,2026-10-11T02:15:00Z,Devon Dampier,pass_yds,fanduel,Over,204.5,-114,616eba68e65fe65023aa2335e81096c8,2026-10-08T13:20:07Z
cfb,UTAH,KU,2026-10-11T02:15:00Z,Devon Dampier,pass_yds,fanduel,Under,204.5,-114,616eba68e65fe65023aa2335e81096c8,2026-10-08T13:20:07Z
cfb,UTAH,KU,2026-10-11T02:15:00Z,Isaiah Marshall,pass_yds,fanduel,Over,174.5,-114,616eba68e65fe65023aa2335e81096c8,2026-10-08T13:20:07Z
cfb,UTAH,KU,2026-10-11T02:15:00Z,Isaiah Marshall,pass_yds,fanduel,Under,174.5,-114,616eba68e65fe65023aa2335e81096c8,2026-10-08T13:20:07Z
cfb,UTAH,KU,2026-10-11T02:15:00Z,Braden Pegan,rec_yds,fanduel,Over,49.5,-114,616eba68e65fe65023aa2335e81096c8,2026-10-08T13:20:07Z
cfb,UTAH,KU,2026-10-11T02:15:00Z,Braden Pegan,rec_yds,fanduel,Under,49.5,-114,616eba68e65fe65023aa2335e81096c8,2026-10-08T13:20:07Z
cfb,UTAH,KU,2026-10-11T02:15:00Z,Nik McMillan,rec_yds,fanduel,Over,38.5,-114,616eba68e65fe65023aa2335e81096c8,2026-10-08T13:20:07Z
cfb,UTAH,KU,2026-10-11T02:15:00Z,Nik McMillan,rec_yds,fanduel,Under,38.5,-114,616eba68e65fe65023aa2335e81096c8,2026-10-08T13:20:07Z
cfb,UTAH,KU,2026-10-11T02:15:00Z,Wayshawn Parker,rec_yds,fanduel,Over,24.5,-114,616eba68e65fe65023aa2335e81096c8,2026-10-08T13:20:07Z
cfb,UTAH,KU,2026-10-11T02:15:00Z,Wayshawn Parker,rec_yds,fanduel,Under,24.5,-114,616eba68e65fe65023aa2335e81096c8,2026-10-08T13:20:07Z
cfb,UTAH,KU,2026-10-11T02:15:00Z,Noah Bennee,rec_yds,fanduel,Over,19.5,-114,616eba68e65fe65023aa2335e81096c8,2026-10-08T13:20:07Z
cfb,UTAH,KU,2026-10-11T02:15:00Z,Noah Bennee,rec_yds,fanduel,Under,19.5,-114,616eba68e65fe65023aa2335e81096c8,2026-10-08T13:20:07Z
cfb,UTAH,KU,2026-10-11T02:15:00Z,Ricky Johnson,rec_yds,fanduel,Over,19.5,-114,616eba68e65fe65023aa2335e81096c8,2026-10-08T13:20:07Z
cfb,UTAH,KU,2026-10-11T02:15:00Z,Ricky Johnson,rec_yds,fanduel,Under,19.5,-114,616eba68e65fe65023aa2335e81096c8,2026-10-08T13:20:07Z
cfb,UTAH,KU,2026-10-11T02:15:00Z,Isaiah Marshall,rush_yds,fanduel,Over,29.5,-114,616eba68e65fe65023aa2335e81096c8,2026-10-08T13:20:07Z
cfb,UTAH,KU,2026-10-11T02:15:00Z,Isaiah Marshall,rush_yds,fanduel,Under,29.5,-114,616eba68e65fe65023aa2335e81096c8,2026-10-08T13:20:07Z
cfb,UTAH,KU,2026-10-11T02:15:00Z,Wayshawn Parker,rush_yds,fanduel,Over,99.5,-114,616eba68e65fe65023aa2335e81096c8,2026-10-08T13:20:07Z
cfb,UTAH,KU,2026-10-11T02:15:00Z,Wayshawn Parker,rush_yds,fanduel,Under,99.5,-114,616eba68e65fe65023aa2335e81096c8,2026-10-08T13:20:07Z
cfb,UTAH,KU,2026-10-11T02:15:00Z,Dylan Edwards,rush_yds,fanduel,Over,57.5,-114,616eba68e65fe65023aa2335e81096c8,2026-10-08T13:20:07Z
cfb,UTAH,KU,2026-10-11T02:15:00Z,Dylan Edwards,rush_yds,fanduel,Under,57.5,-114,616eba68e65fe65023aa2335e81096c8,2026-10-08T13:20:07Z
cfb,UTAH,KU,2026-10-11T02:15:00Z,Devon Dampier,anytime_td,betmgm,Yes,,-250,616eba68e65fe65023aa2335e81096c8,2026-10-08T13:19:48Z
cfb,UTAH,KU,2026-10-11T02:15:00Z,Dylan Edwards,anytime_td,betmgm,Yes,,-110,616eba68e65fe65023aa2335e81096c8,2026-10-08T13:19:48Z
cfb,UTAH,KU,2026-10-11T02:15:00Z,Isaiah Marshall,anytime_td,betmgm,Yes,,180,616eba68e65fe65023aa2335e81096c8,2026-10-08T13:19:48Z
cfb,UTAH,KU,2026-10-11T02:15:00Z,Nik McMillan,anytime_td,betmgm,Yes,,210,616eba68e65fe65023aa2335e81096c8,2026-10-08T13:19:48Z
cfb,UTAH,KU,2026-10-11T02:15:00Z,Noah Bennee,anytime_td,betmgm,Yes,,270,616eba68e65fe65023aa2335e81096c8,2026-10-08T13:19:48Z
cfb,UTAH,KU,2026-10-11T02:15:00Z,Braden Pegan,anytime_td,betmgm,Yes,,130,616eba68e65fe65023aa2335e81096c8,2026-10-08T13:19:48Z
cfb,UTAH,KU,2026-10-11T02:15:00Z,Ricky Johnson,anytime_td,betmgm,Yes,,270,616eba68e65fe65023aa2335e81096c8,2026-10-08T13:19:48Z
cfb,UTAH,KU,2026-10-11T02:15:00Z,Creed Whittemore,anytime_td,betmgm,Yes,,220,616eba68e65fe65023aa2335e81096c8,2026-10-08T13:19:48Z
cfb,UTAH,KU,2026-10-11T02:15:00Z,Wayshawn Parker,anytime_td,betmgm,Yes,,-450,616eba68e65fe65023aa2335e81096c8,2026-10-08T13:19:48Z
cfb,UTAH,KU,2026-10-11T02:15:00Z,Nahzae Cox,anytime_td,betmgm,Yes,,310,616eba68e65fe65023aa2335e81096c8,2026-10-08T13:19:48Z
cfb,UTAH,KU,2026-10-11T02:15:00Z,Wayshawn Parker,anytime_td,draftkings,Yes,,-380,616eba68e65fe65023aa2335e81096c8,2026-10-08T13:19:36Z
cfb,UTAH,KU,2026-10-11T02:15:00Z,Dylan Edwards,anytime_td,draftkings,Yes,,-110,616eba68e65fe65023aa2335e81096c8,2026-10-08T13:19:36Z
cfb,UTAH,KU,2026-10-11T02:15:00Z,Devon Dampier,anytime_td,draftkings,Yes,,110,616eba68e65fe65023aa2335e81096c8,2026-10-08T13:19:36Z
cfb,UTAH,KU,2026-10-11T02:15:00Z,Braden Pegan,anytime_td,draftkings,Yes,,125,616eba68e65fe65023aa2335e81096c8,2026-10-08T13:19:36Z
cfb,UTAH,KU,2026-10-11T02:15:00Z,Byrd Ficklin,anytime_td,draftkings,Yes,,125,616eba68e65fe65023aa2335e81096c8,2026-10-08T13:19:36Z
cfb,UTAH,KU,2026-10-11T02:15:00Z,Isaiah Marshall,anytime_td,draftkings,Yes,,165,616eba68e65fe65023aa2335e81096c8,2026-10-08T13:19:36Z
cfb,UTAH,KU,2026-10-11T02:15:00Z,Daniel Bray,anytime_td,draftkings,Yes,,185,616eba68e65fe65023aa2335e81096c8,2026-10-08T13:19:36Z
cfb,UTAH,KU,2026-10-11T02:15:00Z,Noah Bennee,anytime_td,draftkings,Yes,,235,616eba68e65fe65023aa2335e81096c8,2026-10-08T13:19:36Z
cfb,UTAH,KU,2026-10-11T02:15:00Z,Creed Whittemore,anytime_td,draftkings,Yes,,240,616eba68e65fe65023aa2335e81096c8,2026-10-08T13:19:36Z
cfb,UTAH,KU,2026-10-11T02:15:00Z,Steve Chavez-Soto,anytime_td,draftkings,Yes,,265,616eba68e65fe65023aa2335e81096c8,2026-10-08T13:19:36Z
cfb,UTAH,KU,2026-10-11T02:15:00Z,Cam Pickett,anytime_td,draftkings,Yes,,275,616eba68e65fe65023aa2335e81096c8,2026-10-08T13:19:36Z
cfb,UTAH,KU,2026-10-11T02:15:00Z,Jalen Dupree,anytime_td,draftkings,Yes,,280,616eba68e65fe65023aa2335e81096c8,2026-10-08T13:19:36Z
cfb,UTAH,KU,2026-10-11T02:15:00Z,Nik McMillan,anytime_td,draftkings,Yes,,290,616eba68e65fe65023aa2335e81096c8,2026-10-08T13:19:36Z
cfb,UTAH,KU,2026-10-11T02:15:00Z,Ricky Johnson,anytime_td,draftkings,Yes,,300,616eba68e65fe65023aa2335e81096c8,2026-10-08T13:19:36Z
cfb,UTAH,KU,2026-10-11T02:15:00Z,Utah Utes D/ST,anytime_td,draftkings,Yes,,400,616eba68e65fe65023aa2335e81096c8,2026-10-08T13:19:36Z
cfb,UTAH,KU,2026-10-11T02:15:00Z,Tate Nagy,anytime_td,draftkings,Yes,,425,616eba68e65fe65023aa2335e81096c8,2026-10-08T13:19:36Z
cfb,UTAH,KU,2026-10-11T02:15:00Z,Nahzae Cox,anytime_td,draftkings,Yes,,450,616eba68e65fe65023aa2335e81096c8,2026-10-08T13:19:36Z
cfb,UTAH,KU,2026-10-11T02:15:00Z,Micah Johnson,anytime_td,draftkings,Yes,,500,616eba68e65fe65023aa2335e81096c8,2026-10-08T13:19:36Z
cfb,UTAH,KU,2026-10-11T02:15:00Z,Hunter Andrews,anytime_td,draftkings,Yes,,550,616eba68e65fe65023aa2335e81096c8,2026-10-08T13:19:36Z
cfb,UTAH,KU,2026-10-11T02:15:00Z,Larry Simmons,anytime_td,draftkings,Yes,,600,616eba68e65fe65023aa2335e81096c8,2026-10-08T13:19:36Z
cfb,UTAH,KU,2026-10-11T02:15:00Z,Kansas Jayhawks D/ST,anytime_td,draftkings,Yes,,600,616eba68e65fe65023aa2335e81096c8,2026-10-08T13:19:36Z
cfb,UTAH,KU,2026-10-11T02:15:00Z,Keaton Kubecka,anytime_td,draftkings,Yes,,650,616eba68e65fe65023aa2335e81096c8,2026-10-08T13:19:36Z
cfb,UTAH,KU,2026-10-11T02:15:00Z,Jailen Butler,anytime_td,draftkings,Yes,,950,616eba68e65fe65023aa2335e81096c8,2026-10-08T13:19:36Z
cfb,UTAH,KU,2026-10-11T02:15:00Z,Bryson Hayes,anytime_td,draftkings,Yes,,1100,616eba68e65fe65023aa2335e81096c8,2026-10-08T13:19:36Z
cfb,UTAH,KU,2026-10-11T02:15:00Z,Carson Bruhn,anytime_td,draftkings,Yes,,1300,616eba68e65fe65023aa2335e81096c8,2026-10-08T13:19:36Z
cfb,UTAH,KU,2026-10-11T02:15:00Z,Creed Whittemore,rec_yds,espnbet,Over,34.5,-120,616eba68e65fe65023aa2335e81096c8,2026-10-08T13:19:31Z
cfb,UTAH,KU,2026-10-11T02:15:00Z,Creed Whittemore,rec_yds,espnbet,Under,34.5,-110,616eba68e65fe65023aa2335e81096c8,2026-10-08T13:19:31Z
cfb,UTAH,KU,2026-10-11T02:15:00Z,Nahzae Cox,rec_yds,espnbet,Over,29.5,-130,616eba68e65fe65023aa2335e81096c8,2026-10-08T13:19:31Z
cfb,UTAH,KU,2026-10-11T02:15:00Z,Nahzae Cox,rec_yds,espnbet,Under,29.5,100,616eba68e65fe65023aa2335e81096c8,2026-10-08T13:19:31Z
cfb,UTAH,KU,2026-10-11T02:15:00Z,Keaton Kubecka,rec_yds,espnbet,Over,19.5,-125,616eba68e65fe65023aa2335e81096c8,2026-10-08T13:19:31Z
cfb,UTAH,KU,2026-10-11T02:15:00Z,Keaton Kubecka,rec_yds,espnbet,Under,19.5,-105,616eba68e65fe65023aa2335e81096c8,2026-10-08T13:19:31Z
cfb,FRES,BOIS,2026-10-11T02:30:00Z,Dylan Riley,anytime_td,draftkings,Yes,,-425,c4db3412210ed8e1045807c73f69b377,2026-10-08T13:19:38Z
cfb,FRES,BOIS,2026-10-11T02:30:00Z,Bryson Donelson,anytime_td,draftkings,Yes,,-125,c4db3412210ed8e1045807c73f69b377,2026-10-08T13:19:38Z
cfb,FRES,BOIS,2026-10-11T02:30:00Z,Sire Gaines,anytime_td,draftkings,Yes,,145,c4db3412210ed8e1045807c73f69b377,2026-10-08T13:19:38Z
cfb,FRES,BOIS,2026-10-11T02:30:00Z,Julius Gillick,anytime_td,draftkings,Yes,,155,c4db3412210ed8e1045807c73f69b377,2026-10-08T13:19:38Z
cfb,FRES,BOIS,2026-10-11T02:30:00Z,Jayden Mandal,anytime_td,draftkings,Yes,,160,c4db3412210ed8e1045807c73f69b377,2026-10-08T13:19:38Z
cfb,FRES,BOIS,2026-10-11T02:30:00Z,Rasean Jones,anytime_td,draftkings,Yes,,175,c4db3412210ed8e1045807c73f69b377,2026-10-08T13:19:38Z
cfb,FRES,BOIS,2026-10-11T02:30:00Z,Matt Wagner,anytime_td,draftkings,Yes,,180,c4db3412210ed8e1045807c73f69b377,2026-10-08T13:19:38Z
cfb,FRES,BOIS,2026-10-11T02:30:00Z,Maddux Madsen,anytime_td,draftkings,Yes,,195,c4db3412210ed8e1045807c73f69b377,2026-10-08T13:19:38Z
cfb,FRES,BOIS,2026-10-11T02:30:00Z,Rayshon Luke,anytime_td,draftkings,Yes,,200,c4db3412210ed8e1045807c73f69b377,2026-10-08T13:19:38Z
cfb,FRES,BOIS,2026-10-11T02:30:00Z,Josiah Freeman,anytime_td,draftkings,Yes,,215,c4db3412210ed8e1045807c73f69b377,2026-10-08T13:19:38Z
cfb,FRES,BOIS,2026-10-11T02:30:00Z,Juelz Goff,anytime_td,draftkings,Yes,,310,c4db3412210ed8e1045807c73f69b377,2026-10-08T13:19:38Z
cfb,FRES,BOIS,2026-10-11T02:30:00Z,Ezekiel Avit,anytime_td,draftkings,Yes,,340,c4db3412210ed8e1045807c73f69b377,2026-10-08T13:19:38Z
cfb,FRES,BOIS,2026-10-11T02:30:00Z,Akeem Wright,anytime_td,draftkings,Yes,,340,c4db3412210ed8e1045807c73f69b377,2026-10-08T13:19:38Z
cfb,FRES,BOIS,2026-10-11T02:30:00Z,Jahlil McClain,anytime_td,draftkings,Yes,,390,c4db3412210ed8e1045807c73f69b377,2026-10-08T13:19:38Z
cfb,FRES,BOIS,2026-10-11T02:30:00Z,Cameron Bates,anytime_td,draftkings,Yes,,400,c4db3412210ed8e1045807c73f69b377,2026-10-08T13:19:38Z
cfb,FRES,BOIS,2026-10-11T02:30:00Z,Boise State Broncos D/ST,anytime_td,draftkings,Yes,,425,c4db3412210ed8e1045807c73f69b377,2026-10-08T13:19:38Z
cfb,FRES,BOIS,2026-10-11T02:30:00Z,Ben Ford,anytime_td,draftkings,Yes,,500,c4db3412210ed8e1045807c73f69b377,2026-10-08T13:19:38Z
cfb,FRES,BOIS,2026-10-11T02:30:00Z,Fresno State Bulldogs D/ST,anytime_td,draftkings,Yes,,550,c4db3412210ed8e1045807c73f69b377,2026-10-08T13:19:38Z
cfb,FRES,BOIS,2026-10-11T02:30:00Z,Gavin Correia,anytime_td,draftkings,Yes,,700,c4db3412210ed8e1045807c73f69b377,2026-10-08T13:19:38Z
cfb,FRES,BOIS,2026-10-11T02:30:00Z,Jake Appleget,anytime_td,draftkings,Yes,,800,c4db3412210ed8e1045807c73f69b377,2026-10-08T13:19:38Z
nfl,JAX,PHI,2026-10-11T13:30:00Z,Bhayshul Tuten,anytime_td,draftkings,Yes,,-105,21b26266f3d78af02eb672e606275d95,2026-10-09T17:19:05Z
nfl,JAX,PHI,2026-10-11T13:30:00Z,Parker Washington,anytime_td,draftkings,Yes,,135,21b26266f3d78af02eb672e606275d95,2026-10-09T17:19:05Z
nfl,JAX,PHI,2026-10-11T13:30:00Z,Jalen Hurts,anytime_td,draftkings,Yes,,200,21b26266f3d78af02eb672e606275d95,2026-10-09T17:19:05Z
nfl,JAX,PHI,2026-10-11T13:30:00Z,Dallas Goedert,anytime_td,draftkings,Yes,,260,21b26266f3d78af02eb672e606275d95,2026-10-09T17:19:05Z
nfl,JAX,PHI,2026-10-11T13:30:00Z,Will Shipley,anytime_td,draftkings,Yes,,270,21b26266f3d78af02eb672e606275d95,2026-10-09T17:19:05Z
nfl,JAX,PHI,2026-10-11T13:30:00Z,Jakobi Meyers,anytime_td,draftkings,Yes,,275,21b26266f3d78af02eb672e606275d95,2026-10-09T17:19:05Z
nfl,JAX,PHI,2026-10-11T13:30:00Z,Dontayvion Wicks,anytime_td,draftkings,Yes,,285,21b26266f3d78af02eb672e606275d95,2026-10-09T17:19:05Z
nfl,JAX,PHI,2026-10-11T13:30:00Z,Brenton Strange,anytime_td,draftkings,Yes,,295,21b26266f3d78af02eb672e606275d95,2026-10-09T17:19:05Z
nfl,JAX,PHI,2026-10-11T13:30:00Z,Trevor Lawrence,anytime_td,draftkings,Yes,,320,21b26266f3d78af02eb672e606275d95,2026-10-09T17:19:05Z
nfl,JAX,PHI,2026-10-11T13:30:00Z,Chris Rodriguez Jr.,anytime_td,draftkings,Yes,,330,21b26266f3d78af02eb672e606275d95,2026-10-09T17:19:05Z
nfl,JAX,PHI,2026-10-11T13:30:00Z,Darius Cooper,anytime_td,draftkings,Yes,,360,21b26266f3d78af02eb672e606275d95,2026-10-09T17:19:05Z
nfl,JAX,PHI,2026-10-11T13:30:00Z,Brian Thomas Jr,anytime_td,draftkings,Yes,,370,21b26266f3d78af02eb672e606275d95,2026-10-09T17:19:05Z
nfl,JAX,PHI,2026-10-11T13:30:00Z,Makai Lemon,anytime_td,draftkings,Yes,,370,21b26266f3d78af02eb672e606275d95,2026-10-09T17:19:05Z
nfl,JAX,PHI,2026-10-11T13:30:00Z,Jacksonville Jaguars D/ST,anytime_td,draftkings,Yes,,450,21b26266f3d78af02eb672e606275d95,2026-10-09T17:19:05Z
nfl,JAX,PHI,2026-10-11T13:30:00Z,Dameon Pierce,anytime_td,draftkings,Yes,,500,21b26266f3d78af02eb672e606275d95,2026-10-09T17:19:05Z
nfl,JAX,PHI,2026-10-11T13:30:00Z,Philadelphia Eagles D/ST,anytime_td,draftkings,Yes,,550,21b26266f3d78af02eb672e606275d95,2026-10-09T17:19:05Z
nfl,JAX,PHI,2026-10-11T13:30:00Z,Josh Cameron,anytime_td,draftkings,Yes,,700,21b26266f3d78af02eb672e606275d95,2026-10-09T17:19:05Z
nfl,JAX,PHI,2026-10-11T13:30:00Z,Nate Boerkircher,anytime_td,draftkings,Yes,,800,21b26266f3d78af02eb672e606275d95,2026-10-09T17:19:05Z
nfl,JAX,PHI,2026-10-11T13:30:00Z,Johnny Mundt,anytime_td,draftkings,Yes,,950,21b26266f3d78af02eb672e606275d95,2026-10-09T17:19:05Z
nfl,JAX,PHI,2026-10-11T13:30:00Z,Elijah Moore,anytime_td,draftkings,Yes,,1100,21b26266f3d78af02eb672e606275d95,2026-10-09T17:19:05Z
nfl,JAX,PHI,2026-10-11T13:30:00Z,Ameer Abdullah,anytime_td,draftkings,Yes,,1200,21b26266f3d78af02eb672e606275d95,2026-10-09T17:19:05Z
nfl,JAX,PHI,2026-10-11T13:30:00Z,LeQuint Allen Jr.,anytime_td,draftkings,Yes,,1300,21b26266f3d78af02eb672e606275d95,2026-10-09T17:19:05Z
nfl,JAX,PHI,2026-10-11T13:30:00Z,Quintin Morris,anytime_td,draftkings,Yes,,1800,21b26266f3d78af02eb672e606275d95,2026-10-09T17:19:05Z
nfl,JAX,PHI,2026-10-11T13:30:00Z,Britain Covey,anytime_td,draftkings,Yes,,1900,21b26266f3d78af02eb672e606275d95,2026-10-09T17:19:05Z
nfl,JAX,PHI,2026-10-11T13:30:00Z,Travis Hunter,anytime_td,draftkings,Yes,,2000,21b26266f3d78af02eb672e606275d95,2026-10-09T17:19:05Z
nfl,JAX,PHI,2026-10-11T13:30:00Z,Tanner Koziol,anytime_td,draftkings,Yes,,2000,21b26266f3d78af02eb672e606275d95,2026-10-09T17:19:05Z
nfl,JAX,PHI,2026-10-11T13:30:00Z,CJ Williams,anytime_td,draftkings,Yes,,2500,21b26266f3d78af02eb672e606275d95,2026-10-09T17:19:05Z
nfl,JAX,PHI,2026-10-11T13:30:00Z,E.J. Jenkins,anytime_td,draftkings,Yes,,3500,21b26266f3d78af02eb672e606275d95,2026-10-09T17:19:05Z
nfl,JAX,PHI,2026-10-11T13:30:00Z,Josiah Deguara,anytime_td,draftkings,Yes,,3500,21b26266f3d78af02eb672e606275d95,2026-10-09T17:19:05Z
nfl,JAX,PHI,2026-10-11T13:30:00Z,Jalen Hurts,pass_att,draftkings,Over,31.5,-113,21b26266f3d78af02eb672e606275d95,2026-10-09T17:19:05Z
nfl,JAX,PHI,2026-10-11T13:30:00Z,Jalen Hurts,pass_att,draftkings,Under,31.5,-113,21b26266f3d78af02eb672e606275d95,2026-10-09T17:19:05Z
nfl,JAX,PHI,2026-10-11T13:30:00Z,Trevor Lawrence,pass_att,draftkings,Over,30.5,101,21b26266f3d78af02eb672e606275d95,2026-10-09T17:19:05Z
nfl,JAX,PHI,2026-10-11T13:30:00Z,Trevor Lawrence,pass_att,draftkings,Under,30.5,-129,21b26266f3d78af02eb672e606275d95,2026-10-09T17:19:05Z
nfl,JAX,PHI,2026-10-11T13:30:00Z,Trevor Lawrence,completions,draftkings,Over,19.5,-128,21b26266f3d78af02eb672e606275d95,2026-10-09T17:19:05Z
nfl,JAX,PHI,2026-10-11T13:30:00Z,Trevor Lawrence,completions,draftkings,Under,19.5,101,21b26266f3d78af02eb672e606275d95,2026-10-09T17:19:05Z
nfl,JAX,PHI,2026-10-11T13:30:00Z,Jalen Hurts,completions,draftkings,Over,18.5,-125,21b26266f3d78af02eb672e606275d95,2026-10-09T17:19:05Z
nfl,JAX,PHI,2026-10-11T13:30:00Z,Jalen Hurts,completions,draftkings,Under,18.5,-102,21b26266f3d78af02eb672e606275d95,2026-10-09T17:19:05Z
nfl,JAX,PHI,2026-10-11T13:30:00Z,Trevor Lawrence,pass_td,draftkings,Over,1.5,-111,21b26266f3d78af02eb672e606275d95,2026-10-09T17:19:05Z
nfl,JAX,PHI,2026-10-11T13:30:00Z,Trevor Lawrence,pass_td,draftkings,Under,1.5,-115,21b26266f3d78af02eb672e606275d95,2026-10-09T17:19:05Z
nfl,JAX,PHI,2026-10-11T13:30:00Z,Jalen Hurts,pass_td,draftkings,Over,0.5,-193,21b26266f3d78af02eb672e606275d95,2026-10-09T17:19:05Z
nfl,JAX,PHI,2026-10-11T13:30:00Z,Jalen Hurts,pass_td,draftkings,Under,0.5,150,21b26266f3d78af02eb672e606275d95,2026-10-09T17:19:05Z
nfl,JAX,PHI,2026-10-11T13:30:00Z,Trevor Lawrence,pass_yds,draftkings,Over,227.5,-111,21b26266f3d78af02eb672e606275d95,2026-10-09T17:19:05Z
nfl,JAX,PHI,2026-10-11T13:30:00Z,Trevor Lawrence,pass_yds,draftkings,Under,227.5,-113,21b26266f3d78af02eb672e606275d95,2026-10-09T17:19:05Z
nfl,JAX,PHI,2026-10-11T13:30:00Z,Jalen Hurts,pass_yds,draftkings,Over,187.5,-111,21b26266f3d78af02eb672e606275d95,2026-10-09T17:19:05Z
nfl,JAX,PHI,2026-10-11T13:30:00Z,Jalen Hurts,pass_yds,draftkings,Under,187.5,-113,21b26266f3d78af02eb672e606275d95,2026-10-09T17:19:05Z
nfl,JAX,PHI,2026-10-11T13:30:00Z,Parker Washington,rec_yds,draftkings,Over,63.5,-110,21b26266f3d78af02eb672e606275d95,2026-10-09T17:19:05Z
nfl,JAX,PHI,2026-10-11T13:30:00Z,Parker Washington,rec_yds,draftkings,Under,63.5,-114,21b26266f3d78af02eb672e606275d95,2026-10-09T17:19:05Z
nfl,JAX,PHI,2026-10-11T13:30:00Z,Dontayvion Wicks,rec_yds,draftkings,Over,44.5,-112,21b26266f3d78af02eb672e606275d95,2026-10-09T17:19:05Z
nfl,JAX,PHI,2026-10-11T13:30:00Z,Dontayvion Wicks,rec_yds,draftkings,Under,44.5,-112,21b26266f3d78af02eb672e606275d95,2026-10-09T17:19:05Z
nfl,JAX,PHI,2026-10-11T13:30:00Z,Jakobi Meyers,rec_yds,draftkings,Over,42.5,-113,21b26266f3d78af02eb672e606275d95,2026-10-09T17:19:05Z
nfl,JAX,PHI,2026-10-11T13:30:00Z,Jakobi Meyers,rec_yds,draftkings,Under,42.5,-111,21b26266f3d78af02eb672e606275d95,2026-10-09T17:19:05Z
nfl,JAX,PHI,2026-10-11T13:30:00Z,Dallas Goedert,rec_yds,draftkings,Over,41.5,-111,21b26266f3d78af02eb672e606275d95,2026-10-09T17:19:05Z
nfl,JAX,PHI,2026-10-11T13:30:00Z,Dallas Goedert,rec_yds,draftkings,Under,41.5,-113,21b26266f3d78af02eb672e606275d95,2026-10-09T17:19:05Z
nfl,JAX,PHI,2026-10-11T13:30:00Z,Brenton Strange,rec_yds,draftkings,Over,32.5,-111,21b26266f3d78af02eb672e606275d95,2026-10-09T17:19:05Z
nfl,JAX,PHI,2026-10-11T13:30:00Z,Brenton Strange,rec_yds,draftkings,Under,32.5,-113,21b26266f3d78af02eb672e606275d95,2026-10-09T17:19:05Z
nfl,JAX,PHI,2026-10-11T13:30:00Z,Brian Thomas Jr,rec_yds,draftkings,Over,23.5,-114,21b26266f3d78af02eb672e606275d95,2026-10-09T17:19:05Z
nfl,JAX,PHI,2026-10-11T13:30:00Z,Brian Thomas Jr,rec_yds,draftkings,Under,23.5,-110,21b26266f3d78af02eb672e606275d95,2026-10-09T17:19:05Z
nfl,JAX,PHI,2026-10-11T13:30:00Z,Will Shipley,rec_yds,draftkings,Over,13.5,-116,21b26266f3d78af02eb672e606275d95,2026-10-09T17:19:05Z
nfl,JAX,PHI,2026-10-11T13:30:00Z,Will Shipley,rec_yds,draftkings,Under,13.5,-108,21b26266f3d78af02eb672e606275d95,2026-10-09T17:19:05Z
nfl,JAX,PHI,2026-10-11T13:30:00Z,Josh Cameron,rec_yds,draftkings,Over,10.5,-113,21b26266f3d78af02eb672e606275d95,2026-10-09T17:19:05Z
nfl,JAX,PHI,2026-10-11T13:30:00Z,Josh Cameron,rec_yds,draftkings,Under,10.5,-111,21b26266f3d78af02eb672e606275d95,2026-10-09T17:19:05Z
nfl,JAX,PHI,2026-10-11T13:30:00Z,Bhayshul Tuten,rec_yds,draftkings,Over,9.5,-111,21b26266f3d78af02eb672e606275d95,2026-10-09T17:19:05Z
nfl,JAX,PHI,2026-10-11T13:30:00Z,Bhayshul Tuten,rec_yds,draftkings,Under,9.5,-113,21b26266f3d78af02eb672e606275d95,2026-10-09T17:19:05Z
nfl,JAX,PHI,2026-10-11T13:30:00Z,Parker Washington,receptions,draftkings,Over,4.5,-129,21b26266f3d78af02eb672e606275d95,2026-10-09T17:19:05Z
nfl,JAX,PHI,2026-10-11T13:30:00Z,Parker Washington,receptions,draftkings,Under,4.5,101,21b26266f3d78af02eb672e606275d95,2026-10-09T17:19:05Z
nfl,JAX,PHI,2026-10-11T13:30:00Z,Dallas Goedert,receptions,draftkings,Over,4.5,117,21b26266f3d78af02eb672e606275d95,2026-10-09T17:19:05Z
nfl,JAX,PHI,2026-10-11T13:30:00Z,Dallas Goedert,receptions,draftkings,Under,4.5,-149,21b26266f3d78af02eb672e606275d95,2026-10-09T17:19:05Z
nfl,JAX,PHI,2026-10-11T13:30:00Z,Dontayvion Wicks,receptions,draftkings,Over,3.5,-139,21b26266f3d78af02eb672e606275d95,2026-10-09T17:19:05Z
nfl,JAX,PHI,2026-10-11T13:30:00Z,Dontayvion Wicks,receptions,draftkings,Under,3.5,109,21b26266f3d78af02eb672e606275d95,2026-10-09T17:19:05Z
nfl,JAX,PHI,2026-10-11T13:30:00Z,Jakobi Meyers,receptions,draftkings,Over,3.5,-124,21b26266f3d78af02eb672e606275d95,2026-10-09T17:19:05Z
nfl,JAX,PHI,2026-10-11T13:30:00Z,Jakobi Meyers,receptions,draftkings,Under,3.5,-103,21b26266f3d78af02eb672e606275d95,2026-10-09T17:19:05Z
nfl,JAX,PHI,2026-10-11T13:30:00Z,Brenton Strange,receptions,draftkings,Over,3.5,117,21b26266f3d78af02eb672e606275d95,2026-10-09T17:19:05Z
nfl,JAX,PHI,2026-10-11T13:30:00Z,Brenton Strange,receptions,draftkings,Under,3.5,-150,21b26266f3d78af02eb672e606275d95,2026-10-09T17:19:05Z
nfl,JAX,PHI,2026-10-11T13:30:00Z,Will Shipley,receptions,draftkings,Over,2.5,-101,21b26266f3d78af02eb672e606275d95,2026-10-09T17:19:05Z
nfl,JAX,PHI,2026-10-11T13:30:00Z,Will Shipley,receptions,draftkings,Under,2.5,-126,21b26266f3d78af02eb672e606275d95,2026-10-09T17:19:05Z
nfl,JAX,PHI,2026-10-11T13:30:00Z,Brian Thomas Jr,receptions,draftkings,Over,1.5,-184,21b26266f3d78af02eb672e606275d95,2026-10-09T17:19:05Z
nfl,JAX,PHI,2026-10-11T13:30:00Z,Brian Thomas Jr,receptions,draftkings,Under,1.5,143,21b26266f3d78af02eb672e606275d95,2026-10-09T17:19:05Z
nfl,JAX,PHI,2026-10-11T13:30:00Z,Bhayshul Tuten,receptions,draftkings,Over,1.5,-107,21b26266f3d78af02eb672e606275d95,2026-10-09T17:19:05Z
nfl,JAX,PHI,2026-10-11T13:30:00Z,Bhayshul Tuten,receptions,draftkings,Under,1.5,-119,21b26266f3d78af02eb672e606275d95,2026-10-09T17:19:05Z
nfl,JAX,PHI,2026-10-11T13:30:00Z,Josh Cameron,receptions,draftkings,Over,1.5,135,21b26266f3d78af02eb672e606275d95,2026-10-09T17:19:05Z
nfl,JAX,PHI,2026-10-11T13:30:00Z,Josh Cameron,receptions,draftkings,Under,1.5,-172,21b26266f3d78af02eb672e606275d95,2026-10-09T17:19:05Z
nfl,JAX,PHI,2026-10-11T13:30:00Z,Bhayshul Tuten,rush_att,draftkings,Over,14.5,-134,21b26266f3d78af02eb672e606275d95,2026-10-09T17:19:05Z
nfl,JAX,PHI,2026-10-11T13:30:00Z,Bhayshul Tuten,rush_att,draftkings,Under,14.5,105,21b26266f3d78af02eb672e606275d95,2026-10-09T17:19:05Z
nfl,JAX,PHI,2026-10-11T13:30:00Z,Chris Rodriguez Jr.,rush_att,draftkings,Over,6.5,-132,21b26266f3d78af02eb672e606275d95,2026-10-09T17:19:05Z
nfl,JAX,PHI,2026-10-11T13:30:00Z,Chris Rodriguez Jr.,rush_att,draftkings,Under,6.5,103,21b26266f3d78af02eb672e606275d95,2026-10-09T17:19:05Z
nfl,JAX,PHI,2026-10-11T13:30:00Z,Jalen Hurts,rush_att,draftkings,Over,6.5,101,21b26266f3d78af02eb672e606275d95,2026-10-09T17:19:05Z
nfl,JAX,PHI,2026-10-11T13:30:00Z,Jalen Hurts,rush_att,draftkings,Under,6.5,-129,21b26266f3d78af02eb672e606275d95,2026-10-09T17:19:05Z
nfl,JAX,PHI,2026-10-11T13:30:00Z,Trevor Lawrence,rush_att,draftkings,Over,3.5,-108,21b26266f3d78af02eb672e606275d95,2026-10-09T17:19:05Z
nfl,JAX,PHI,2026-10-11T13:30:00Z,Trevor Lawrence,rush_att,draftkings,Under,3.5,-118,21b26266f3d78af02eb672e606275d95,2026-10-09T17:19:05Z
nfl,JAX,PHI,2026-10-11T13:30:00Z,Bhayshul Tuten,rush_yds,draftkings,Over,65.5,-109,21b26266f3d78af02eb672e606275d95,2026-10-09T17:19:05Z
nfl,JAX,PHI,2026-10-11T13:30:00Z,Bhayshul Tuten,rush_yds,draftkings,Under,65.5,-115,21b26266f3d78af02eb672e606275d95,2026-10-09T17:19:05Z
nfl,JAX,PHI,2026-10-11T13:30:00Z,Will Shipley,rush_yds,draftkings,Over,34.5,-109,21b26266f3d78af02eb672e606275d95,2026-10-09T17:19:05Z
nfl,JAX,PHI,2026-10-11T13:30:00Z,Will Shipley,rush_yds,draftkings,Under,34.5,-115,21b26266f3d78af02eb672e606275d95,2026-10-09T17:19:05Z
nfl,JAX,PHI,2026-10-11T13:30:00Z,Chris Rodriguez Jr.,rush_yds,draftkings,Over,28.5,-109,21b26266f3d78af02eb672e606275d95,2026-10-09T17:19:05Z
nfl,JAX,PHI,2026-10-11T13:30:00Z,Chris Rodriguez Jr.,rush_yds,draftkings,Under,28.5,-115,21b26266f3d78af02eb672e606275d95,2026-10-09T17:19:05Z
nfl,JAX,PHI,2026-10-11T13:30:00Z,Jalen Hurts,rush_yds,draftkings,Over,26.5,-113,21b26266f3d78af02eb672e606275d95,2026-10-09T17:19:05Z
nfl,JAX,PHI,2026-10-11T13:30:00Z,Jalen Hurts,rush_yds,draftkings,Under,26.5,-111,21b26266f3d78af02eb672e606275d95,2026-10-09T17:19:05Z
nfl,JAX,PHI,2026-10-11T13:30:00Z,Dameon Pierce,rush_yds,draftkings,Over,21.5,-107,21b26266f3d78af02eb672e606275d95,2026-10-09T17:19:05Z
nfl,JAX,PHI,2026-10-11T13:30:00Z,Dameon Pierce,rush_yds,draftkings,Under,21.5,-117,21b26266f3d78af02eb672e606275d95,2026-10-09T17:19:05Z
nfl,JAX,PHI,2026-10-11T13:30:00Z,Trevor Lawrence,rush_yds,draftkings,Over,15.5,-109,21b26266f3d78af02eb672e606275d95,2026-10-09T17:19:05Z
nfl,JAX,PHI,2026-10-11T13:30:00Z,Trevor Lawrence,rush_yds,draftkings,Under,15.5,-116,21b26266f3d78af02eb672e606275d95,2026-10-09T17:19:05Z
nfl,JAX,PHI,2026-10-11T13:30:00Z,Bhayshul Tuten,anytime_td,fanduel,Yes,,-105,21b26266f3d78af02eb672e606275d95,2026-10-09T17:19:53Z
nfl,JAX,PHI,2026-10-11T13:30:00Z,Parker Washington,anytime_td,fanduel,Yes,,140,21b26266f3d78af02eb672e606275d95,2026-10-09T17:19:53Z
nfl,JAX,PHI,2026-10-11T13:30:00Z,Jalen Hurts,anytime_td,fanduel,Yes,,195,21b26266f3d78af02eb672e606275d95,2026-10-09T17:19:53Z
nfl,JAX,PHI,2026-10-11T13:30:00Z,Will Shipley,anytime_td,fanduel,Yes,,260,21b26266f3d78af02eb672e606275d95,2026-10-09T17:19:53Z
nfl,JAX,PHI,2026-10-11T13:30:00Z,Jakobi Meyers,anytime_td,fanduel,Yes,,270,21b26266f3d78af02eb672e606275d95,2026-10-09T17:19:53Z
nfl,JAX,PHI,2026-10-11T13:30:00Z,Brenton Strange,anytime_td,fanduel,Yes,,290,21b26266f3d78af02eb672e606275d95,2026-10-09T17:19:53Z
nfl,JAX,PHI,2026-10-11T13:30:00Z,Dallas Goedert,anytime_td,fanduel,Yes,,290,21b26266f3d78af02eb672e606275d95,2026-10-09T17:19:53Z
nfl,JAX,PHI,2026-10-11T13:30:00Z,Chris Rodriguez Jr.,anytime_td,fanduel,Yes,,310,21b26266f3d78af02eb672e606275d95,2026-10-09T17:19:53Z
nfl,JAX,PHI,2026-10-11T13:30:00Z,Trevor Lawrence,anytime_td,fanduel,Yes,,310,21b26266f3d78af02eb672e606275d95,2026-10-09T17:19:53Z
nfl,JAX,PHI,2026-10-11T13:30:00Z,Dontayvion Wicks,anytime_td,fanduel,Yes,,320,21b26266f3d78af02eb672e606275d95,2026-10-09T17:19:53Z
nfl,JAX,PHI,2026-10-11T13:30:00Z,Brian Thomas Jr,anytime_td,fanduel,Yes,,350,21b26266f3d78af02eb672e606275d95,2026-10-09T17:19:53Z
nfl,JAX,PHI,2026-10-11T13:30:00Z,Darius Cooper,anytime_td,fanduel,Yes,,390,21b26266f3d78af02eb672e606275d95,2026-10-09T17:19:53Z
nfl,JAX,PHI,2026-10-11T13:30:00Z,Makai Lemon,anytime_td,fanduel,Yes,,390,21b26266f3d78af02eb672e606275d95,2026-10-09T17:19:53Z
nfl,JAX,PHI,2026-10-11T13:30:00Z,Dameon Pierce,anytime_td,fanduel,Yes,,490,21b26266f3d78af02eb672e606275d95,2026-10-09T17:19:53Z
nfl,JAX,PHI,2026-10-11T13:30:00Z,Jacksonville Jaguars Defense,anytime_td,fanduel,Yes,,650,21b26266f3d78af02eb672e606275d95,2026-10-09T17:19:53Z
nfl,JAX,PHI,2026-10-11T13:30:00Z,Josh Cameron,anytime_td,fanduel,Yes,,750,21b26266f3d78af02eb672e606275d95,2026-10-09T17:19:53Z
nfl,JAX,PHI,2026-10-11T13:30:00Z,Nate Boerkircher,anytime_td,fanduel,Yes,,800,21b26266f3d78af02eb672e606275d95,2026-10-09T17:19:53Z
nfl,JAX,PHI,2026-10-11T13:30:00Z,Philadelphia Eagles Defense,anytime_td,fanduel,Yes,,900,21b26266f3d78af02eb672e606275d95,2026-10-09T17:19:53Z
nfl,JAX,PHI,2026-10-11T13:30:00Z,Johnny Mundt,anytime_td,fanduel,Yes,,950,21b26266f3d78af02eb672e606275d95,2026-10-09T17:19:53Z
nfl,JAX,PHI,2026-10-11T13:30:00Z,Elijah Moore,anytime_td,fanduel,Yes,,1100,21b26266f3d78af02eb672e606275d95,2026-10-09T17:19:53Z
nfl,JAX,PHI,2026-10-11T13:30:00Z,Ameer Abdullah,anytime_td,fanduel,Yes,,1200,21b26266f3d78af02eb672e606275d95,2026-10-09T17:19:53Z
nfl,JAX,PHI,2026-10-11T13:30:00Z,Quintin Morris,anytime_td,fanduel,Yes,,1600,21b26266f3d78af02eb672e606275d95,2026-10-09T17:19:53Z
nfl,JAX,PHI,2026-10-11T13:30:00Z,LeQuint Allen Jr.,anytime_td,fanduel,Yes,,1600,21b26266f3d78af02eb672e606275d95,2026-10-09T17:19:53Z
nfl,JAX,PHI,2026-10-11T13:30:00Z,Britain Covey,anytime_td,fanduel,Yes,,1700,21b26266f3d78af02eb672e606275d95,2026-10-09T17:19:53Z
nfl,JAX,PHI,2026-10-11T13:30:00Z,Travis Hunter,anytime_td,fanduel,Yes,,1900,21b26266f3d78af02eb672e606275d95,2026-10-09T17:19:53Z
nfl,JAX,PHI,2026-10-11T13:30:00Z,Tanner Koziol,anytime_td,fanduel,Yes,,1900,21b26266f3d78af02eb672e606275d95,2026-10-09T17:19:53Z
nfl,JAX,PHI,2026-10-11T13:30:00Z,CJ Williams,anytime_td,fanduel,Yes,,1900,21b26266f3d78af02eb672e606275d95,2026-10-09T17:19:53Z
nfl,JAX,PHI,2026-10-11T13:30:00Z,E.J. Jenkins,anytime_td,fanduel,Yes,,3500,21b26266f3d78af02eb672e606275d95,2026-10-09T17:19:53Z
nfl,JAX,PHI,2026-10-11T13:30:00Z,Josiah Deguara,anytime_td,fanduel,Yes,,3500,21b26266f3d78af02eb672e606275d95,2026-10-09T17:19:53Z
nfl,JAX,PHI,2026-10-11T13:30:00Z,Trevor Lawrence,pass_td,fanduel,Over,1.5,-118,21b26266f3d78af02eb672e606275d95,2026-10-09T17:19:53Z
nfl,JAX,PHI,2026-10-11T13:30:00Z,Trevor Lawrence,pass_td,fanduel,Under,1.5,-112,21b26266f3d78af02eb672e606275d95,2026-10-09T17:19:53Z
nfl,JAX,PHI,2026-10-11T13:30:00Z,Jalen Hurts,pass_td,fanduel,Over,0.5,-205,21b26266f3d78af02eb672e606275d95,2026-10-09T17:19:53Z
nfl,JAX,PHI,2026-10-11T13:30:00Z,Jalen Hurts,pass_td,fanduel,Under,0.5,152,21b26266f3d78af02eb672e606275d95,2026-10-09T17:19:53Z
nfl,JAX,PHI,2026-10-11T13:30:00Z,Jalen Hurts,pass_yds,fanduel,Over,186.5,-114,21b26266f3d78af02eb672e606275d95,2026-10-09T17:19:53Z
nfl,JAX,PHI,2026-10-11T13:30:00Z,Jalen Hurts,pass_yds,fanduel,Under,186.5,-114,21b26266f3d78af02eb672e606275d95,2026-10-09T17:19:53Z
nfl,JAX,PHI,2026-10-11T13:30:00Z,Trevor Lawrence,pass_yds,fanduel,Over,225.5,-114,21b26266f3d78af02eb672e606275d95,2026-10-09T17:19:53Z
nfl,JAX,PHI,2026-10-11T13:30:00Z,Trevor Lawrence,pass_yds,fanduel,Under,225.5,-114,21b26266f3d78af02eb672e606275d95,2026-10-09T17:19:53Z
nfl,JAX,PHI,2026-10-11T13:30:00Z,Jakobi Meyers,rec_yds,fanduel,Over,41.5,-114,21b26266f3d78af02eb672e606275d95,2026-10-09T17:19:53Z
nfl,JAX,PHI,2026-10-11T13:30:00Z,Jakobi Meyers,rec_yds,fanduel,Under,41.5,-114,21b26266f3d78af02eb672e606275d95,2026-10-09T17:19:53Z
nfl,JAX,PHI,2026-10-11T13:30:00Z,Brian Thomas Jr,rec_yds,fanduel,Over,24.5,-114,21b26266f3d78af02eb672e606275d95,2026-10-09T17:19:53Z
nfl,JAX,PHI,2026-10-11T13:30:00Z,Brian Thomas Jr,rec_yds,fanduel,Under,24.5,-114,21b26266f3d78af02eb672e606275d95,2026-10-09T17:19:53Z
nfl,JAX,PHI,2026-10-11T13:30:00Z,Dallas Goedert,rec_yds,fanduel,Over,41.5,-114,21b26266f3d78af02eb672e606275d95,2026-10-09T17:19:53Z
nfl,JAX,PHI,2026-10-11T13:30:00Z,Dallas Goedert,rec_yds,fanduel,Under,41.5,-114,21b26266f3d78af02eb672e606275d95,2026-10-09T17:19:53Z
nfl,JAX,PHI,2026-10-11T13:30:00Z,Brenton Strange,rec_yds,fanduel,Over,33.5,-114,21b26266f3d78af02eb672e606275d95,2026-10-09T17:19:53Z
nfl,JAX,PHI,2026-10-11T13:30:00Z,Brenton Strange,rec_yds,fanduel,Under,33.5,-114,21b26266f3d78af02eb672e606275d95,2026-10-09T17:19:53Z
nfl,JAX,PHI,2026-10-11T13:30:00Z,Will Shipley,rec_yds,fanduel,Over,13.5,-114,21b26266f3d78af02eb672e606275d95,2026-10-09T17:19:53Z
nfl,JAX,PHI,2026-10-11T13:30:00Z,Will Shipley,rec_yds,fanduel,Under,13.5,-114,21b26266f3d78af02eb672e606275d95,2026-10-09T17:19:53Z
nfl,JAX,PHI,2026-10-11T13:30:00Z,Bhayshul Tuten,rec_yds,fanduel,Over,9.5,-114,21b26266f3d78af02eb672e606275d95,2026-10-09T17:19:53Z
nfl,JAX,PHI,2026-10-11T13:30:00Z,Bhayshul Tuten,rec_yds,fanduel,Under,9.5,-114,21b26266f3d78af02eb672e606275d95,2026-10-09T17:19:53Z
nfl,JAX,PHI,2026-10-11T13:30:00Z,Dontayvion Wicks,rec_yds,fanduel,Over,44.5,-114,21b26266f3d78af02eb672e606275d95,2026-10-09T17:19:53Z
nfl,JAX,PHI,2026-10-11T13:30:00Z,Dontayvion Wicks,rec_yds,fanduel,Under,44.5,-114,21b26266f3d78af02eb672e606275d95,2026-10-09T17:19:53Z
nfl,JAX,PHI,2026-10-11T13:30:00Z,Josh Cameron,rec_yds,fanduel,Over,12.5,-114,21b26266f3d78af02eb672e606275d95,2026-10-09T17:19:53Z
nfl,JAX,PHI,2026-10-11T13:30:00Z,Josh Cameron,rec_yds,fanduel,Under,12.5,-114,21b26266f3d78af02eb672e606275d95,2026-10-09T17:19:53Z
nfl,JAX,PHI,2026-10-11T13:30:00Z,Parker Washington,rec_yds,fanduel,Over,60.5,-114,21b26266f3d78af02eb672e606275d95,2026-10-09T17:19:53Z
nfl,JAX,PHI,2026-10-11T13:30:00Z,Parker Washington,rec_yds,fanduel,Under,60.5,-114,21b26266f3d78af02eb672e606275d95,2026-10-09T17:19:53Z
nfl,JAX,PHI,2026-10-11T13:30:00Z,Brian Thomas Jr,receptions,fanduel,Over,2.5,134,21b26266f3d78af02eb672e606275d95,2026-10-09T17:19:53Z
nfl,JAX,PHI,2026-10-11T13:30:00Z,Brian Thomas Jr,receptions,fanduel,Under,2.5,-180,21b26266f3d78af02eb672e606275d95,2026-10-09T17:19:53Z
nfl,JAX,PHI,2026-10-11T13:30:00Z,Bhayshul Tuten,receptions,fanduel,Over,1.5,-114,21b26266f3d78af02eb672e606275d95,2026-10-09T17:19:53Z
nfl,JAX,PHI,2026-10-11T13:30:00Z,Bhayshul Tuten,receptions,fanduel,Under,1.5,-114,21b26266f3d78af02eb672e606275d95,2026-10-09T17:19:53Z
nfl,JAX,PHI,2026-10-11T13:30:00Z,Dallas Goedert,receptions,fanduel,Over,4.5,112,21b26266f3d78af02eb672e606275d95,2026-10-09T17:19:53Z
nfl,JAX,PHI,2026-10-11T13:30:00Z,Dallas Goedert,receptions,fanduel,Under,4.5,-148,21b26266f3d78af02eb672e606275d95,2026-10-09T17:19:53Z
nfl,JAX,PHI,2026-10-11T13:30:00Z,Josh Cameron,receptions,fanduel,Over,1.5,114,21b26266f3d78af02eb672e606275d95,2026-10-09T17:19:53Z
nfl,JAX,PHI,2026-10-11T13:30:00Z,Josh Cameron,receptions,fanduel,Under,1.5,-152,21b26266f3d78af02eb672e606275d95,2026-10-09T17:19:53Z
nfl,JAX,PHI,2026-10-11T13:30:00Z,Dontayvion Wicks,receptions,fanduel,Over,3.5,-138,21b26266f3d78af02eb672e606275d95,2026-10-09T17:19:53Z
nfl,JAX,PHI,2026-10-11T13:30:00Z,Dontayvion Wicks,receptions,fanduel,Under,3.5,104,21b26266f3d78af02eb672e606275d95,2026-10-09T17:19:53Z
nfl,JAX,PHI,2026-10-11T13:30:00Z,Brenton Strange,receptions,fanduel,Over,3.5,112,21b26266f3d78af02eb672e606275d95,2026-10-09T17:19:53Z
nfl,JAX,PHI,2026-10-11T13:30:00Z,Brenton Strange,receptions,fanduel,Under,3.5,-148,21b26266f3d78af02eb672e606275d95,2026-10-09T17:19:53Z
nfl,JAX,PHI,2026-10-11T13:30:00Z,Will Shipley,receptions,fanduel,Over,2.5,-108,21b26266f3d78af02eb672e606275d95,2026-10-09T17:19:53Z
nfl,JAX,PHI,2026-10-11T13:30:00Z,Will Shipley,receptions,fanduel,Under,2.5,-122,21b26266f3d78af02eb672e606275d95,2026-10-09T17:19:53Z
nfl,JAX,PHI,2026-10-11T13:30:00Z,Parker Washington,receptions,fanduel,Over,4.5,-130,21b26266f3d78af02eb672e606275d95,2026-10-09T17:19:53Z
nfl,JAX,PHI,2026-10-11T13:30:00Z,Parker Washington,receptions,fanduel,Under,4.5,-102,21b26266f3d78af02eb672e606275d95,2026-10-09T17:19:53Z
nfl,JAX,PHI,2026-10-11T13:30:00Z,Jakobi Meyers,receptions,fanduel,Over,3.5,-122,21b26266f3d78af02eb672e606275d95,2026-10-09T17:19:53Z
nfl,JAX,PHI,2026-10-11T13:30:00Z,Jakobi Meyers,receptions,fanduel,Under,3.5,-106,21b26266f3d78af02eb672e606275d95,2026-10-09T17:19:53Z
nfl,JAX,PHI,2026-10-11T13:30:00Z,Dameon Pierce,rush_yds,fanduel,Over,21.5,-114,21b26266f3d78af02eb672e606275d95,2026-10-09T17:19:53Z
nfl,JAX,PHI,2026-10-11T13:30:00Z,Dameon Pierce,rush_yds,fanduel,Under,21.5,-114,21b26266f3d78af02eb672e606275d95,2026-10-09T17:19:53Z
nfl,JAX,PHI,2026-10-11T13:30:00Z,Will Shipley,rush_yds,fanduel,Over,34.5,-114,21b26266f3d78af02eb672e606275d95,2026-10-09T17:19:53Z
nfl,JAX,PHI,2026-10-11T13:30:00Z,Will Shipley,rush_yds,fanduel,Under,34.5,-114,21b26266f3d78af02eb672e606275d95,2026-10-09T17:19:53Z
nfl,JAX,PHI,2026-10-11T13:30:00Z,Chris Rodriguez Jr.,rush_yds,fanduel,Over,26.5,-114,21b26266f3d78af02eb672e606275d95,2026-10-09T17:19:53Z
nfl,JAX,PHI,2026-10-11T13:30:00Z,Chris Rodriguez Jr.,rush_yds,fanduel,Under,26.5,-114,21b26266f3d78af02eb672e606275d95,2026-10-09T17:19:53Z
nfl,JAX,PHI,2026-10-11T13:30:00Z,Jalen Hurts,rush_yds,fanduel,Over,27.5,-114,21b26266f3d78af02eb672e606275d95,2026-10-09T17:19:53Z
nfl,JAX,PHI,2026-10-11T13:30:00Z,Jalen Hurts,rush_yds,fanduel,Under,27.5,-114,21b26266f3d78af02eb672e606275d95,2026-10-09T17:19:53Z
nfl,JAX,PHI,2026-10-11T13:30:00Z,Bhayshul Tuten,rush_yds,fanduel,Over,65.5,-114,21b26266f3d78af02eb672e606275d95,2026-10-09T17:19:53Z
nfl,JAX,PHI,2026-10-11T13:30:00Z,Bhayshul Tuten,rush_yds,fanduel,Under,65.5,-114,21b26266f3d78af02eb672e606275d95,2026-10-09T17:19:53Z
nfl,JAX,PHI,2026-10-11T13:30:00Z,Trevor Lawrence,rush_yds,fanduel,Over,14.5,-114,21b26266f3d78af02eb672e606275d95,2026-10-09T17:19:53Z
nfl,JAX,PHI,2026-10-11T13:30:00Z,Trevor Lawrence,rush_yds,fanduel,Under,14.5,-114,21b26266f3d78af02eb672e606275d95,2026-10-09T17:19:53Z
nfl,JAX,PHI,2026-10-11T13:30:00Z,Josh Cameron,anytime_td,betmgm,Yes,,575,21b26266f3d78af02eb672e606275d95,2026-10-09T17:20:15Z
nfl,JAX,PHI,2026-10-11T13:30:00Z,Ameer Abdullah,anytime_td,betmgm,Yes,,1500,21b26266f3d78af02eb672e606275d95,2026-10-09T17:20:15Z
nfl,JAX,PHI,2026-10-11T13:30:00Z,Jakobi Meyers,anytime_td,betmgm,Yes,,260,21b26266f3d78af02eb672e606275d95,2026-10-09T17:20:15Z
nfl,JAX,PHI,2026-10-11T13:30:00Z,Parker Washington,anytime_td,betmgm,Yes,,150,21b26266f3d78af02eb672e606275d95,2026-10-09T17:20:15Z
nfl,JAX,PHI,2026-10-11T13:30:00Z,Chris Rodriguez Jr.,anytime_td,betmgm,Yes,,210,21b26266f3d78af02eb672e606275d95,2026-10-09T17:20:15Z
nfl,JAX,PHI,2026-10-11T13:30:00Z,Bhayshul Tuten,anytime_td,betmgm,Yes,,-110,21b26266f3d78af02eb672e606275d95,2026-10-09T17:20:15Z
nfl,JAX,PHI,2026-10-11T13:30:00Z,LeQuint Allen Jr.,anytime_td,betmgm,Yes,,1150,21b26266f3d78af02eb672e606275d95,2026-10-09T17:20:15Z
nfl,JAX,PHI,2026-10-11T13:30:00Z,Nate Boerkircher,anytime_td,betmgm,Yes,,1000,21b26266f3d78af02eb672e606275d95,2026-10-09T17:20:15Z
nfl,JAX,PHI,2026-10-11T13:30:00Z,Tanner Koziol,anytime_td,betmgm,Yes,,1850,21b26266f3d78af02eb672e606275d95,2026-10-09T17:20:15Z
nfl,JAX,PHI,2026-10-11T13:30:00Z,Darius Cooper,anytime_td,betmgm,Yes,,400,21b26266f3d78af02eb672e606275d95,2026-10-09T17:20:15Z
nfl,JAX,PHI,2026-10-11T13:30:00Z,Elijah Moore,anytime_td,betmgm,Yes,,850,21b26266f3d78af02eb672e606275d95,2026-10-09T17:20:15Z
nfl,JAX,PHI,2026-10-11T13:30:00Z,Brian Thomas Jr,anytime_td,betmgm,Yes,,360,21b26266f3d78af02eb672e606275d95,2026-10-09T17:20:15Z
nfl,JAX,PHI,2026-10-11T13:30:00Z,Philadelphia Eagles D/ST,anytime_td,betmgm,Yes,,600,21b26266f3d78af02eb672e606275d95,2026-10-09T17:20:15Z
nfl,JAX,PHI,2026-10-11T13:30:00Z,Dameon Pierce,anytime_td,betmgm,Yes,,525,21b26266f3d78af02eb672e606275d95,2026-10-09T17:20:15Z
nfl,JAX,PHI,2026-10-11T13:30:00Z,Britain Covey,anytime_td,betmgm,Yes,,2800,21b26266f3d78af02eb672e606275d95,2026-10-09T17:20:15Z
nfl,JAX,PHI,2026-10-11T13:30:00Z,Zach Ertz,anytime_td,betmgm,Yes,,700,21b26266f3d78af02eb672e606275d95,2026-10-09T17:20:15Z
nfl,JAX,PHI,2026-10-11T13:30:00Z,Jacksonville Jaguars D/ST,anytime_td,betmgm,Yes,,475,21b26266f3d78af02eb672e606275d95,2026-10-09T17:20:15Z
nfl,JAX,PHI,2026-10-11T13:30:00Z,E.J. Jenkins,anytime_td,betmgm,Yes,,3000,21b26266f3d78af02eb672e606275d95,2026-10-09T17:20:15Z
nfl,JAX,PHI,2026-10-11T13:30:00Z,Makai Lemon,anytime_td,betmgm,Yes,,390,21b26266f3d78af02eb672e606275d95,2026-10-09T17:20:15Z
nfl,JAX,PHI,2026-10-11T13:30:00Z,Johnny Mundt,anytime_td,betmgm,Yes,,950,21b26266f3d78af02eb672e606275d95,2026-10-09T17:20:15Z
nfl,JAX,PHI,2026-10-11T13:30:00Z,Jalen Hurts,anytime_td,betmgm,Yes,,185,21b26266f3d78af02eb672e606275d95,2026-10-09T17:20:15Z
nfl,JAX,PHI,2026-10-11T13:30:00Z,Dallas Goedert,anytime_td,betmgm,Yes,,270,21b26266f3d78af02eb672e606275d95,2026-10-09T17:20:15Z
nfl,JAX,PHI,2026-10-11T13:30:00Z,Dontayvion Wicks,anytime_td,betmgm,Yes,,280,21b26266f3d78af02eb672e606275d95,2026-10-09T17:20:15Z
nfl,JAX,PHI,2026-10-11T13:30:00Z,Trevor Lawrence,anytime_td,betmgm,Yes,,325,21b26266f3d78af02eb672e606275d95,2026-10-09T17:20:15Z
nfl,JAX,PHI,2026-10-11T13:30:00Z,Brenton Strange,anytime_td,betmgm,Yes,,260,21b26266f3d78af02eb672e606275d95,2026-10-09T17:20:15Z
nfl,JAX,PHI,2026-10-11T13:30:00Z,Will Shipley,anytime_td,betmgm,Yes,,260,21b26266f3d78af02eb672e606275d95,2026-10-09T17:20:15Z
nfl,JAX,PHI,2026-10-11T13:30:00Z,Jalen Hurts,pass_att,betmgm,Over,31.5,-105,21b26266f3d78af02eb672e606275d95,2026-10-09T17:20:15Z
nfl,JAX,PHI,2026-10-11T13:30:00Z,Jalen Hurts,pass_att,betmgm,Under,31.5,-125,21b26266f3d78af02eb672e606275d95,2026-10-09T17:20:15Z
nfl,JAX,PHI,2026-10-11T13:30:00Z,Trevor Lawrence,pass_att,betmgm,Over,30.5,-105,21b26266f3d78af02eb672e606275d95,2026-10-09T17:20:15Z
nfl,JAX,PHI,2026-10-11T13:30:00Z,Trevor Lawrence,pass_att,betmgm,Under,30.5,-125,21b26266f3d78af02eb672e606275d95,2026-10-09T17:20:15Z
nfl,JAX,PHI,2026-10-11T13:30:00Z,Jalen Hurts,completions,betmgm,Over,18.5,-135,21b26266f3d78af02eb672e606275d95,2026-10-09T17:20:15Z
nfl,JAX,PHI,2026-10-11T13:30:00Z,Jalen Hurts,completions,betmgm,Under,18.5,100,21b26266f3d78af02eb672e606275d95,2026-10-09T17:20:15Z
nfl,JAX,PHI,2026-10-11T13:30:00Z,Trevor Lawrence,completions,betmgm,Over,19.5,-118,21b26266f3d78af02eb672e606275d95,2026-10-09T17:20:15Z
nfl,JAX,PHI,2026-10-11T13:30:00Z,Trevor Lawrence,completions,betmgm,Under,19.5,-111,21b26266f3d78af02eb672e606275d95,2026-10-09T17:20:15Z
nfl,JAX,PHI,2026-10-11T13:30:00Z,Jalen Hurts,pass_td,betmgm,Over,0.5,-190,21b26266f3d78af02eb672e606275d95,2026-10-09T17:20:15Z
nfl,JAX,PHI,2026-10-11T13:30:00Z,Jalen Hurts,pass_td,betmgm,Under,0.5,140,21b26266f3d78af02eb672e606275d95,2026-10-09T17:20:15Z
nfl,JAX,PHI,2026-10-11T13:30:00Z,Trevor Lawrence,pass_td,betmgm,Over,1.5,-105,21b26266f3d78af02eb672e606275d95,2026-10-09T17:20:15Z
nfl,JAX,PHI,2026-10-11T13:30:00Z,Trevor Lawrence,pass_td,betmgm,Under,1.5,-125,21b26266f3d78af02eb672e606275d95,2026-10-09T17:20:15Z
nfl,JAX,PHI,2026-10-11T13:30:00Z,Jalen Hurts,pass_yds,betmgm,Over,187.5,-115,21b26266f3d78af02eb672e606275d95,2026-10-09T17:20:15Z
nfl,JAX,PHI,2026-10-11T13:30:00Z,Jalen Hurts,pass_yds,betmgm,Under,187.5,-115,21b26266f3d78af02eb672e606275d95,2026-10-09T17:20:15Z
nfl,JAX,PHI,2026-10-11T13:30:00Z,Trevor Lawrence,pass_yds,betmgm,Over,225.5,-115,21b26266f3d78af02eb672e606275d95,2026-10-09T17:20:15Z
nfl,JAX,PHI,2026-10-11T13:30:00Z,Trevor Lawrence,pass_yds,betmgm,Under,225.5,-115,21b26266f3d78af02eb672e606275d95,2026-10-09T17:20:15Z
nfl,JAX,PHI,2026-10-11T13:30:00Z,Brian Thomas Jr,rec_yds,betmgm,Over,23.5,-115,21b26266f3d78af02eb672e606275d95,2026-10-09T17:20:15Z
nfl,JAX,PHI,2026-10-11T13:30:00Z,Brian Thomas Jr,rec_yds,betmgm,Under,23.5,-115,21b26266f3d78af02eb672e606275d95,2026-10-09T17:20:15Z
nfl,JAX,PHI,2026-10-11T13:30:00Z,Josh Cameron,rec_yds,betmgm,Over,11.5,-115,21b26266f3d78af02eb672e606275d95,2026-10-09T17:20:15Z
nfl,JAX,PHI,2026-10-11T13:30:00Z,Josh Cameron,rec_yds,betmgm,Under,11.5,-115,21b26266f3d78af02eb672e606275d95,2026-10-09T17:20:15Z
nfl,JAX,PHI,2026-10-11T13:30:00Z,Bhayshul Tuten,rec_yds,betmgm,Over,9.5,-111,21b26266f3d78af02eb672e606275d95,2026-10-09T17:20:15Z
nfl,JAX,PHI,2026-10-11T13:30:00Z,Bhayshul Tuten,rec_yds,betmgm,Under,9.5,-118,21b26266f3d78af02eb672e606275d95,2026-10-09T17:20:15Z
nfl,JAX,PHI,2026-10-11T13:30:00Z,Parker Washington,rec_yds,betmgm,Over,60.5,-115,21b26266f3d78af02eb672e606275d95,2026-10-09T17:20:15Z
nfl,JAX,PHI,2026-10-11T13:30:00Z,Parker Washington,rec_yds,betmgm,Under,60.5,-115,21b26266f3d78af02eb672e606275d95,2026-10-09T17:20:15Z
nfl,JAX,PHI,2026-10-11T13:30:00Z,Will Shipley,rec_yds,betmgm,Over,13.5,-115,21b26266f3d78af02eb672e606275d95,2026-10-09T17:20:15Z
nfl,JAX,PHI,2026-10-11T13:30:00Z,Will Shipley,rec_yds,betmgm,Under,13.5,-115,21b26266f3d78af02eb672e606275d95,2026-10-09T17:20:15Z
nfl,JAX,PHI,2026-10-11T13:30:00Z,Jakobi Meyers,rec_yds,betmgm,Over,38.5,-115,21b26266f3d78af02eb672e606275d95,2026-10-09T17:20:15Z
nfl,JAX,PHI,2026-10-11T13:30:00Z,Jakobi Meyers,rec_yds,betmgm,Under,38.5,-115,21b26266f3d78af02eb672e606275d95,2026-10-09T17:20:15Z
nfl,JAX,PHI,2026-10-11T13:30:00Z,Jakobi Meyers,receptions,betmgm,Over,3.5,-135,21b26266f3d78af02eb672e606275d95,2026-10-09T17:20:15Z
nfl,JAX,PHI,2026-10-11T13:30:00Z,Jakobi Meyers,receptions,betmgm,Under,3.5,100,21b26266f3d78af02eb672e606275d95,2026-10-09T17:20:15Z
nfl,JAX,PHI,2026-10-11T13:30:00Z,Brian Thomas Jr,receptions,betmgm,Over,1.5,-200,21b26266f3d78af02eb672e606275d95,2026-10-09T17:20:15Z
nfl,JAX,PHI,2026-10-11T13:30:00Z,Brian Thomas Jr,receptions,betmgm,Under,1.5,150,21b26266f3d78af02eb672e606275d95,2026-10-09T17:20:15Z
nfl,JAX,PHI,2026-10-11T13:30:00Z,Josh Cameron,receptions,betmgm,Over,1.5,135,21b26266f3d78af02eb672e606275d95,2026-10-09T17:20:15Z
nfl,JAX,PHI,2026-10-11T13:30:00Z,Josh Cameron,receptions,betmgm,Under,1.5,-185,21b26266f3d78af02eb672e606275d95,2026-10-09T17:20:15Z
nfl,JAX,PHI,2026-10-11T13:30:00Z,Bhayshul Tuten,receptions,betmgm,Over,1.5,-125,21b26266f3d78af02eb672e606275d95,2026-10-09T17:20:15Z
nfl,JAX,PHI,2026-10-11T13:30:00Z,Bhayshul Tuten,receptions,betmgm,Under,1.5,-105,21b26266f3d78af02eb672e606275d95,2026-10-09T17:20:15Z
nfl,JAX,PHI,2026-10-11T13:30:00Z,Parker Washington,receptions,betmgm,Over,4.5,-125,21b26266f3d78af02eb672e606275d95,2026-10-09T17:20:15Z
nfl,JAX,PHI,2026-10-11T13:30:00Z,Parker Washington,receptions,betmgm,Under,4.5,-105,21b26266f3d78af02eb672e606275d95,2026-10-09T17:20:15Z
nfl,JAX,PHI,2026-10-11T13:30:00Z,Will Shipley,receptions,betmgm,Over,2.5,100,21b26266f3d78af02eb672e606275d95,2026-10-09T17:20:15Z
nfl,JAX,PHI,2026-10-11T13:30:00Z,Will Shipley,receptions,betmgm,Under,2.5,-135,21b26266f3d78af02eb672e606275d95,2026-10-09T17:20:15Z
nfl,JAX,PHI,2026-10-11T13:30:00Z,Bhayshul Tuten,rush_att,betmgm,Over,14.5,-125,21b26266f3d78af02eb672e606275d95,2026-10-09T17:20:15Z
nfl,JAX,PHI,2026-10-11T13:30:00Z,Bhayshul Tuten,rush_att,betmgm,Under,14.5,-105,21b26266f3d78af02eb672e606275d95,2026-10-09T17:20:15Z
nfl,JAX,PHI,2026-10-11T13:30:00Z,Chris Rodriguez Jr.,rush_att,betmgm,Over,6.5,-125,21b26266f3d78af02eb672e606275d95,2026-10-09T17:20:15Z
nfl,JAX,PHI,2026-10-11T13:30:00Z,Chris Rodriguez Jr.,rush_att,betmgm,Under,6.5,-105,21b26266f3d78af02eb672e606275d95,2026-10-09T17:20:15Z
nfl,JAX,PHI,2026-10-11T13:30:00Z,Chris Rodriguez Jr.,rush_yds,betmgm,Over,26.5,-115,21b26266f3d78af02eb672e606275d95,2026-10-09T17:20:15Z
nfl,JAX,PHI,2026-10-11T13:30:00Z,Chris Rodriguez Jr.,rush_yds,betmgm,Under,26.5,-115,21b26266f3d78af02eb672e606275d95,2026-10-09T17:20:15Z
nfl,JAX,PHI,2026-10-11T13:30:00Z,Jalen Hurts,rush_yds,betmgm,Over,24.5,-125,21b26266f3d78af02eb672e606275d95,2026-10-09T17:20:15Z
nfl,JAX,PHI,2026-10-11T13:30:00Z,Jalen Hurts,rush_yds,betmgm,Under,24.5,-105,21b26266f3d78af02eb672e606275d95,2026-10-09T17:20:15Z
nfl,JAX,PHI,2026-10-11T13:30:00Z,Bhayshul Tuten,rush_yds,betmgm,Over,64.5,-115,21b26266f3d78af02eb672e606275d95,2026-10-09T17:20:15Z
nfl,JAX,PHI,2026-10-11T13:30:00Z,Bhayshul Tuten,rush_yds,betmgm,Under,64.5,-115,21b26266f3d78af02eb672e606275d95,2026-10-09T17:20:15Z
nfl,JAX,PHI,2026-10-11T13:30:00Z,Trevor Lawrence,rush_yds,betmgm,Over,12.5,-120,21b26266f3d78af02eb672e606275d95,2026-10-09T17:20:15Z
nfl,JAX,PHI,2026-10-11T13:30:00Z,Trevor Lawrence,rush_yds,betmgm,Under,12.5,-110,21b26266f3d78af02eb672e606275d95,2026-10-09T17:20:15Z
nfl,JAX,PHI,2026-10-11T13:30:00Z,Will Shipley,rush_yds,betmgm,Over,35.5,-110,21b26266f3d78af02eb672e606275d95,2026-10-09T17:20:15Z
nfl,JAX,PHI,2026-10-11T13:30:00Z,Will Shipley,rush_yds,betmgm,Under,35.5,-120,21b26266f3d78af02eb672e606275d95,2026-10-09T17:20:15Z
nfl,JAX,PHI,2026-10-11T13:30:00Z,Jalen Hurts,pass_att,espnbet,Over,31.5,-110,21b26266f3d78af02eb672e606275d95,2026-10-09T17:19:32Z
nfl,JAX,PHI,2026-10-11T13:30:00Z,Jalen Hurts,pass_att,espnbet,Under,31.5,-120,21b26266f3d78af02eb672e606275d95,2026-10-09T17:19:32Z
nfl,JAX,PHI,2026-10-11T13:30:00Z,Trevor Lawrence,pass_att,espnbet,Over,30.5,100,21b26266f3d78af02eb672e606275d95,2026-10-09T17:19:32Z
nfl,JAX,PHI,2026-10-11T13:30:00Z,Trevor Lawrence,pass_att,espnbet,Under,30.5,-130,21b26266f3d78af02eb672e606275d95,2026-10-09T17:19:32Z
nfl,JAX,PHI,2026-10-11T13:30:00Z,Trevor Lawrence,completions,espnbet,Over,19.5,-120,21b26266f3d78af02eb672e606275d95,2026-10-09T17:19:32Z
nfl,JAX,PHI,2026-10-11T13:30:00Z,Trevor Lawrence,completions,espnbet,Under,19.5,-110,21b26266f3d78af02eb672e606275d95,2026-10-09T17:19:32Z
nfl,JAX,PHI,2026-10-11T13:30:00Z,Jalen Hurts,completions,espnbet,Over,18.5,-130,21b26266f3d78af02eb672e606275d95,2026-10-09T17:19:32Z
nfl,JAX,PHI,2026-10-11T13:30:00Z,Jalen Hurts,completions,espnbet,Under,18.5,100,21b26266f3d78af02eb672e606275d95,2026-10-09T17:19:32Z
nfl,JAX,PHI,2026-10-11T13:30:00Z,Trevor Lawrence,pass_td,espnbet,Over,1.5,-115,21b26266f3d78af02eb672e606275d95,2026-10-09T17:19:32Z
nfl,JAX,PHI,2026-10-11T13:30:00Z,Trevor Lawrence,pass_td,espnbet,Under,1.5,-115,21b26266f3d78af02eb672e606275d95,2026-10-09T17:19:32Z
nfl,JAX,PHI,2026-10-11T13:30:00Z,Jalen Hurts,pass_td,espnbet,Over,0.5,-200,21b26266f3d78af02eb672e606275d95,2026-10-09T17:19:32Z
nfl,JAX,PHI,2026-10-11T13:30:00Z,Jalen Hurts,pass_td,espnbet,Under,0.5,150,21b26266f3d78af02eb672e606275d95,2026-10-09T17:19:32Z
nfl,JAX,PHI,2026-10-11T13:30:00Z,Trevor Lawrence,pass_yds,espnbet,Over,224.5,-120,21b26266f3d78af02eb672e606275d95,2026-10-09T17:19:32Z
nfl,JAX,PHI,2026-10-11T13:30:00Z,Trevor Lawrence,pass_yds,espnbet,Under,224.5,-110,21b26266f3d78af02eb672e606275d95,2026-10-09T17:19:32Z
nfl,JAX,PHI,2026-10-11T13:30:00Z,Jalen Hurts,pass_yds,espnbet,Over,186.5,-115,21b26266f3d78af02eb672e606275d95,2026-10-09T17:19:32Z
nfl,JAX,PHI,2026-10-11T13:30:00Z,Jalen Hurts,pass_yds,espnbet,Under,186.5,-115,21b26266f3d78af02eb672e606275d95,2026-10-09T17:19:32Z
nfl,JAX,PHI,2026-10-11T13:30:00Z,Parker Washington,rec_yds,espnbet,Over,61.5,-120,21b26266f3d78af02eb672e606275d95,2026-10-09T17:19:32Z
nfl,JAX,PHI,2026-10-11T13:30:00Z,Parker Washington,rec_yds,espnbet,Under,61.5,-110,21b26266f3d78af02eb672e606275d95,2026-10-09T17:19:32Z
nfl,JAX,PHI,2026-10-11T13:30:00Z,Jakobi Meyers,rec_yds,espnbet,Over,39.5,-130,21b26266f3d78af02eb672e606275d95,2026-10-09T17:19:32Z
nfl,JAX,PHI,2026-10-11T13:30:00Z,Jakobi Meyers,rec_yds,espnbet,Under,39.5,100,21b26266f3d78af02eb672e606275d95,2026-10-09T17:19:32Z
nfl,JAX,PHI,2026-10-11T13:30:00Z,Brenton Strange,rec_yds,espnbet,Over,29.5,-130,21b26266f3d78af02eb672e606275d95,2026-10-09T17:19:32Z
nfl,JAX,PHI,2026-10-11T13:30:00Z,Brenton Strange,rec_yds,espnbet,Under,29.5,100,21b26266f3d78af02eb672e606275d95,2026-10-09T17:19:32Z
nfl,JAX,PHI,2026-10-11T13:30:00Z,Brian Thomas Jr,rec_yds,espnbet,Over,22.5,-125,21b26266f3d78af02eb672e606275d95,2026-10-09T17:19:32Z
nfl,JAX,PHI,2026-10-11T13:30:00Z,Brian Thomas Jr,rec_yds,espnbet,Under,22.5,-105,21b26266f3d78af02eb672e606275d95,2026-10-09T17:19:32Z
nfl,JAX,PHI,2026-10-11T13:30:00Z,Bhayshul Tuten,rec_yds,espnbet,Over,9.5,-110,21b26266f3d78af02eb672e606275d95,2026-10-09T17:19:32Z
nfl,JAX,PHI,2026-10-11T13:30:00Z,Bhayshul Tuten,rec_yds,espnbet,Under,9.5,-120,21b26266f3d78af02eb672e606275d95,2026-10-09T17:19:32Z
nfl,JAX,PHI,2026-10-11T13:30:00Z,Will Shipley,rec_yds,espnbet,Over,13.5,-115,21b26266f3d78af02eb672e606275d95,2026-10-09T17:19:32Z
nfl,JAX,PHI,2026-10-11T13:30:00Z,Will Shipley,rec_yds,espnbet,Under,13.5,-115,21b26266f3d78af02eb672e606275d95,2026-10-09T17:19:32Z
nfl,JAX,PHI,2026-10-11T13:30:00Z,Josh Cameron,rec_yds,espnbet,Over,9.5,-125,21b26266f3d78af02eb672e606275d95,2026-10-09T17:19:32Z
nfl,JAX,PHI,2026-10-11T13:30:00Z,Josh Cameron,rec_yds,espnbet,Under,9.5,-105,21b26266f3d78af02eb672e606275d95,2026-10-09T17:19:32Z
nfl,JAX,PHI,2026-10-11T13:30:00Z,Parker Washington,receptions,espnbet,Over,4.5,-130,21b26266f3d78af02eb672e606275d95,2026-10-09T17:19:32Z
nfl,JAX,PHI,2026-10-11T13:30:00Z,Parker Washington,receptions,espnbet,Under,4.5,100,21b26266f3d78af02eb672e606275d95,2026-10-09T17:19:32Z
nfl,JAX,PHI,2026-10-11T13:30:00Z,Jakobi Meyers,receptions,espnbet,Over,3.5,-125,21b26266f3d78af02eb672e606275d95,2026-10-09T17:19:32Z
nfl,JAX,PHI,2026-10-11T13:30:00Z,Jakobi Meyers,receptions,espnbet,Under,3.5,-105,21b26266f3d78af02eb672e606275d95,2026-10-09T17:19:32Z
nfl,JAX,PHI,2026-10-11T13:30:00Z,Brenton Strange,receptions,espnbet,Over,3.5,120,21b26266f3d78af02eb672e606275d95,2026-10-09T17:19:32Z
nfl,JAX,PHI,2026-10-11T13:30:00Z,Brenton Strange,receptions,espnbet,Under,3.5,-155,21b26266f3d78af02eb672e606275d95,2026-10-09T17:19:32Z
nfl,JAX,PHI,2026-10-11T13:30:00Z,Brian Thomas Jr,receptions,espnbet,Over,1.5,-190,21b26266f3d78af02eb672e606275d95,2026-10-09T17:19:32Z
nfl,JAX,PHI,2026-10-11T13:30:00Z,Brian Thomas Jr,receptions,espnbet,Under,1.5,140,21b26266f3d78af02eb672e606275d95,2026-10-09T17:19:32Z
nfl,JAX,PHI,2026-10-11T13:30:00Z,Bhayshul Tuten,receptions,espnbet,Over,1.5,-105,21b26266f3d78af02eb672e606275d95,2026-10-09T17:19:32Z
nfl,JAX,PHI,2026-10-11T13:30:00Z,Bhayshul Tuten,receptions,espnbet,Under,1.5,-125,21b26266f3d78af02eb672e606275d95,2026-10-09T17:19:32Z
nfl,JAX,PHI,2026-10-11T13:30:00Z,Will Shipley,receptions,espnbet,Over,2.5,100,21b26266f3d78af02eb672e606275d95,2026-10-09T17:19:32Z
nfl,JAX,PHI,2026-10-11T13:30:00Z,Will Shipley,receptions,espnbet,Under,2.5,-130,21b26266f3d78af02eb672e606275d95,2026-10-09T17:19:32Z
nfl,JAX,PHI,2026-10-11T13:30:00Z,Josh Cameron,receptions,espnbet,Over,1.5,135,21b26266f3d78af02eb672e606275d95,2026-10-09T17:19:32Z
nfl,JAX,PHI,2026-10-11T13:30:00Z,Josh Cameron,receptions,espnbet,Under,1.5,-180,21b26266f3d78af02eb672e606275d95,2026-10-09T17:19:32Z
nfl,JAX,PHI,2026-10-11T13:30:00Z,Bhayshul Tuten,rush_att,espnbet,Over,14.5,-135,21b26266f3d78af02eb672e606275d95,2026-10-09T17:19:32Z
nfl,JAX,PHI,2026-10-11T13:30:00Z,Bhayshul Tuten,rush_att,espnbet,Under,14.5,105,21b26266f3d78af02eb672e606275d95,2026-10-09T17:19:32Z
nfl,JAX,PHI,2026-10-11T13:30:00Z,Chris Rodriguez Jr.,rush_att,espnbet,Over,6.5,-130,21b26266f3d78af02eb672e606275d95,2026-10-09T17:19:32Z
nfl,JAX,PHI,2026-10-11T13:30:00Z,Chris Rodriguez Jr.,rush_att,espnbet,Under,6.5,100,21b26266f3d78af02eb672e606275d95,2026-10-09T17:19:32Z
nfl,JAX,PHI,2026-10-11T13:30:00Z,Jalen Hurts,rush_att,espnbet,Over,6.5,100,21b26266f3d78af02eb672e606275d95,2026-10-09T17:19:32Z
nfl,JAX,PHI,2026-10-11T13:30:00Z,Jalen Hurts,rush_att,espnbet,Under,6.5,-130,21b26266f3d78af02eb672e606275d95,2026-10-09T17:19:32Z
nfl,JAX,PHI,2026-10-11T13:30:00Z,Trevor Lawrence,rush_att,espnbet,Over,3.5,-105,21b26266f3d78af02eb672e606275d95,2026-10-09T17:19:32Z
nfl,JAX,PHI,2026-10-11T13:30:00Z,Trevor Lawrence,rush_att,espnbet,Under,3.5,-125,21b26266f3d78af02eb672e606275d95,2026-10-09T17:19:32Z
nfl,JAX,PHI,2026-10-11T13:30:00Z,Bhayshul Tuten,rush_yds,espnbet,Over,64.5,-125,21b26266f3d78af02eb672e606275d95,2026-10-09T17:19:32Z
nfl,JAX,PHI,2026-10-11T13:30:00Z,Bhayshul Tuten,rush_yds,espnbet,Under,64.5,-105,21b26266f3d78af02eb672e606275d95,2026-10-09T17:19:32Z
nfl,JAX,PHI,2026-10-11T13:30:00Z,Will Shipley,rush_yds,espnbet,Over,34.5,-105,21b26266f3d78af02eb672e606275d95,2026-10-09T17:19:32Z
nfl,JAX,PHI,2026-10-11T13:30:00Z,Will Shipley,rush_yds,espnbet,Under,34.5,-125,21b26266f3d78af02eb672e606275d95,2026-10-09T17:19:32Z
nfl,JAX,PHI,2026-10-11T13:30:00Z,Chris Rodriguez Jr.,rush_yds,espnbet,Over,26.5,-130,21b26266f3d78af02eb672e606275d95,2026-10-09T17:19:32Z
nfl,JAX,PHI,2026-10-11T13:30:00Z,Chris Rodriguez Jr.,rush_yds,espnbet,Under,26.5,100,21b26266f3d78af02eb672e606275d95,2026-10-09T17:19:32Z
nfl,JAX,PHI,2026-10-11T13:30:00Z,Jalen Hurts,rush_yds,espnbet,Over,26.5,-115,21b26266f3d78af02eb672e606275d95,2026-10-09T17:19:32Z
nfl,JAX,PHI,2026-10-11T13:30:00Z,Jalen Hurts,rush_yds,espnbet,Under,26.5,-115,21b26266f3d78af02eb672e606275d95,2026-10-09T17:19:32Z
nfl,JAX,PHI,2026-10-11T13:30:00Z,Trevor Lawrence,rush_yds,espnbet,Over,13.5,-135,21b26266f3d78af02eb672e606275d95,2026-10-09T17:19:32Z
nfl,JAX,PHI,2026-10-11T13:30:00Z,Trevor Lawrence,rush_yds,espnbet,Under,13.5,105,21b26266f3d78af02eb672e606275d95,2026-10-09T17:19:32Z
nfl,JAX,PHI,2026-10-11T13:30:00Z,Trevor Lawrence,anytime_td,betrivers,Yes,,225,21b26266f3d78af02eb672e606275d95,2026-10-09T17:20:18Z
nfl,JAX,PHI,2026-10-11T13:30:00Z,Brenton Strange,anytime_td,betrivers,Yes,,280,21b26266f3d78af02eb672e606275d95,2026-10-09T17:20:18Z
nfl,JAX,PHI,2026-10-11T13:30:00Z,Ameer Abdullah,anytime_td,betrivers,Yes,,850,21b26266f3d78af02eb672e606275d95,2026-10-09T17:20:18Z
nfl,JAX,PHI,2026-10-11T13:30:00Z,Jakobi Meyers,anytime_td,betrivers,Yes,,240,21b26266f3d78af02eb672e606275d95,2026-10-09T17:20:18Z
nfl,JAX,PHI,2026-10-11T13:30:00Z,Jalen Hurts,anytime_td,betrivers,Yes,,155,21b26266f3d78af02eb672e606275d95,2026-10-09T17:20:18Z
nfl,JAX,PHI,2026-10-11T13:30:00Z,Chris Rodriguez Jr.,anytime_td,betrivers,Yes,,270,21b26266f3d78af02eb672e606275d95,2026-10-09T17:20:18Z
nfl,JAX,PHI,2026-10-11T13:30:00Z,Dameon Pierce,anytime_td,betrivers,Yes,,475,21b26266f3d78af02eb672e606275d95,2026-10-09T17:20:18Z
nfl,JAX,PHI,2026-10-11T13:30:00Z,Britain Covey,anytime_td,betrivers,Yes,,2800,21b26266f3d78af02eb672e606275d95,2026-10-09T17:20:18Z
nfl,JAX,PHI,2026-10-11T13:30:00Z,Darius Cooper,anytime_td,betrivers,Yes,,460,21b26266f3d78af02eb672e606275d95,2026-10-09T17:20:18Z
nfl,JAX,PHI,2026-10-11T13:30:00Z,Parker Washington,anytime_td,betrivers,Yes,,123,21b26266f3d78af02eb672e606275d95,2026-10-09T17:20:18Z
nfl,JAX,PHI,2026-10-11T13:30:00Z,Nate Boerkircher,anytime_td,betrivers,Yes,,800,21b26266f3d78af02eb672e606275d95,2026-10-09T17:20:18Z
nfl,JAX,PHI,2026-10-11T13:30:00Z,Brian Thomas Jr,anytime_td,betrivers,Yes,,300,21b26266f3d78af02eb672e606275d95,2026-10-09T17:20:18Z
nfl,JAX,PHI,2026-10-11T13:30:00Z,Josh Cameron,anytime_td,betrivers,Yes,,550,21b26266f3d78af02eb672e606275d95,2026-10-09T17:20:18Z
nfl,JAX,PHI,2026-10-11T13:30:00Z,CJ Williams,anytime_td,betrivers,Yes,,1400,21b26266f3d78af02eb672e606275d95,2026-10-09T17:20:18Z
nfl,JAX,PHI,2026-10-11T13:30:00Z,Josiah Deguara,anytime_td,betrivers,Yes,,3000,21b26266f3d78af02eb672e606275d95,2026-10-09T17:20:18Z
nfl,JAX,PHI,2026-10-11T13:30:00Z,Dontayvion Wicks,anytime_td,betrivers,Yes,,265,21b26266f3d78af02eb672e606275d95,2026-10-09T17:20:18Z
nfl,JAX,PHI,2026-10-11T13:30:00Z,Bhayshul Tuten,anytime_td,betrivers,Yes,,-152,21b26266f3d78af02eb672e606275d95,2026-10-09T17:20:18Z
nfl,JAX,PHI,2026-10-11T13:30:00Z,Travis Hunter,anytime_td,betrivers,Yes,,800,21b26266f3d78af02eb672e606275d95,2026-10-09T17:20:18Z
nfl,JAX,PHI,2026-10-11T13:30:00Z,E.J. Jenkins,anytime_td,betrivers,Yes,,2400,21b26266f3d78af02eb672e606275d95,2026-10-09T17:20:18Z
nfl,JAX,PHI,2026-10-11T13:30:00Z,Elijah Moore,anytime_td,betrivers,Yes,,2200,21b26266f3d78af02eb672e606275d95,2026-10-09T17:20:18Z
nfl,JAX,PHI,2026-10-11T13:30:00Z,Tanner Koziol,anytime_td,betrivers,Yes,,1500,21b26266f3d78af02eb672e606275d95,2026-10-09T17:20:18Z
nfl,JAX,PHI,2026-10-11T13:30:00Z,Will Shipley,anytime_td,betrivers,Yes,,185,21b26266f3d78af02eb672e606275d95,2026-10-09T17:20:18Z
nfl,JAX,PHI,2026-10-11T13:30:00Z,Zach Ertz,anytime_td,betrivers,Yes,,900,21b26266f3d78af02eb672e606275d95,2026-10-09T17:20:18Z
nfl,JAX,PHI,2026-10-11T13:30:00Z,Dallas Goedert,anytime_td,betrivers,Yes,,295,21b26266f3d78af02eb672e606275d95,2026-10-09T17:20:18Z
nfl,JAX,PHI,2026-10-11T13:30:00Z,Johnny Mundt,anytime_td,betrivers,Yes,,1600,21b26266f3d78af02eb672e606275d95,2026-10-09T17:20:18Z
nfl,JAX,PHI,2026-10-11T13:30:00Z,Quintin Morris,anytime_td,betrivers,Yes,,1800,21b26266f3d78af02eb672e606275d95,2026-10-09T17:20:18Z
nfl,JAX,PHI,2026-10-11T13:30:00Z,Makai Lemon,anytime_td,betrivers,Yes,,410,21b26266f3d78af02eb672e606275d95,2026-10-09T17:20:18Z
nfl,JAX,PHI,2026-10-11T13:30:00Z,LeQuint Allen Jr.,anytime_td,betrivers,Yes,,800,21b26266f3d78af02eb672e606275d95,2026-10-09T17:20:18Z
nfl,JAX,PHI,2026-10-11T13:30:00Z,Jalen Hurts,completions,betrivers,Over,18.5,-121,21b26266f3d78af02eb672e606275d95,2026-10-09T17:20:18Z
nfl,JAX,PHI,2026-10-11T13:30:00Z,Trevor Lawrence,completions,betrivers,Over,19.5,-112,21b26266f3d78af02eb672e606275d95,2026-10-09T17:20:18Z
nfl,JAX,PHI,2026-10-11T13:30:00Z,Trevor Lawrence,pass_td,betrivers,Over,1.5,100,21b26266f3d78af02eb672e606275d95,2026-10-09T17:20:18Z
nfl,JAX,PHI,2026-10-11T13:30:00Z,Trevor Lawrence,pass_td,betrivers,Under,1.5,-132,21b26266f3d78af02eb672e606275d95,2026-10-09T17:20:18Z
nfl,JAX,PHI,2026-10-11T13:30:00Z,Jalen Hurts,pass_td,betrivers,Over,0.5,-210,21b26266f3d78af02eb672e606275d95,2026-10-09T17:20:18Z
nfl,JAX,PHI,2026-10-11T13:30:00Z,Jalen Hurts,pass_td,betrivers,Under,0.5,155,21b26266f3d78af02eb672e606275d95,2026-10-09T17:20:18Z
nfl,JAX,PHI,2026-10-11T13:30:00Z,Trevor Lawrence,pass_yds,betrivers,Over,227.5,-117,21b26266f3d78af02eb672e606275d95,2026-10-09T17:20:18Z
nfl,JAX,PHI,2026-10-11T13:30:00Z,Trevor Lawrence,pass_yds,betrivers,Under,227.5,-114,21b26266f3d78af02eb672e606275d95,2026-10-09T17:20:18Z
nfl,JAX,PHI,2026-10-11T13:30:00Z,Jalen Hurts,pass_yds,betrivers,Over,185.5,-114,21b26266f3d78af02eb672e606275d95,2026-10-09T17:20:18Z
nfl,JAX,PHI,2026-10-11T13:30:00Z,Jalen Hurts,pass_yds,betrivers,Under,185.5,-117,21b26266f3d78af02eb672e606275d95,2026-10-09T17:20:18Z
nfl,JAX,PHI,2026-10-11T13:30:00Z,Jakobi Meyers,rec_yds,betrivers,Over,41.5,-115,21b26266f3d78af02eb672e606275d95,2026-10-09T17:20:18Z
nfl,JAX,PHI,2026-10-11T13:30:00Z,Jakobi Meyers,rec_yds,betrivers,Under,41.5,-115,21b26266f3d78af02eb672e606275d95,2026-10-09T17:20:18Z
nfl,JAX,PHI,2026-10-11T13:30:00Z,Bhayshul Tuten,rec_yds,betrivers,Over,9.5,-122,21b26266f3d78af02eb672e606275d95,2026-10-09T17:20:18Z
nfl,JAX,PHI,2026-10-11T13:30:00Z,Bhayshul Tuten,rec_yds,betrivers,Under,9.5,-109,21b26266f3d78af02eb672e606275d95,2026-10-09T17:20:18Z
nfl,JAX,PHI,2026-10-11T13:30:00Z,Parker Washington,rec_yds,betrivers,Over,61.5,-117,21b26266f3d78af02eb672e606275d95,2026-10-09T17:20:18Z
nfl,JAX,PHI,2026-10-11T13:30:00Z,Parker Washington,rec_yds,betrivers,Under,61.5,-114,21b26266f3d78af02eb672e606275d95,2026-10-09T17:20:18Z
nfl,JAX,PHI,2026-10-11T13:30:00Z,Dontayvion Wicks,rec_yds,betrivers,Over,46.5,-113,21b26266f3d78af02eb672e606275d95,2026-10-09T17:20:18Z
nfl,JAX,PHI,2026-10-11T13:30:00Z,Dontayvion Wicks,rec_yds,betrivers,Under,46.5,-118,21b26266f3d78af02eb672e606275d95,2026-10-09T17:20:18Z
nfl,JAX,PHI,2026-10-11T13:30:00Z,Makai Lemon,rec_yds,betrivers,Over,34.5,-117,21b26266f3d78af02eb672e606275d95,2026-10-09T17:20:18Z
nfl,JAX,PHI,2026-10-11T13:30:00Z,Makai Lemon,rec_yds,betrivers,Under,34.5,-114,21b26266f3d78af02eb672e606275d95,2026-10-09T17:20:18Z
nfl,JAX,PHI,2026-10-11T13:30:00Z,Josh Cameron,rec_yds,betrivers,Over,12.5,-112,21b26266f3d78af02eb672e606275d95,2026-10-09T17:20:18Z
nfl,JAX,PHI,2026-10-11T13:30:00Z,Josh Cameron,rec_yds,betrivers,Under,12.5,-120,21b26266f3d78af02eb672e606275d95,2026-10-09T17:20:18Z
nfl,JAX,PHI,2026-10-11T13:30:00Z,Will Shipley,rec_yds,betrivers,Over,13.5,-115,21b26266f3d78af02eb672e606275d95,2026-10-09T17:20:18Z
nfl,JAX,PHI,2026-10-11T13:30:00Z,Will Shipley,rec_yds,betrivers,Under,13.5,-115,21b26266f3d78af02eb672e606275d95,2026-10-09T17:20:18Z
nfl,JAX,PHI,2026-10-11T13:30:00Z,Brenton Strange,rec_yds,betrivers,Over,34.5,-117,21b26266f3d78af02eb672e606275d95,2026-10-09T17:20:18Z
nfl,JAX,PHI,2026-10-11T13:30:00Z,Brenton Strange,rec_yds,betrivers,Under,34.5,-114,21b26266f3d78af02eb672e606275d95,2026-10-09T17:20:18Z
nfl,JAX,PHI,2026-10-11T13:30:00Z,Brian Thomas Jr,rec_yds,betrivers,Over,24.5,-113,21b26266f3d78af02eb672e606275d95,2026-10-09T17:20:18Z
nfl,JAX,PHI,2026-10-11T13:30:00Z,Brian Thomas Jr,rec_yds,betrivers,Under,24.5,-118,21b26266f3d78af02eb672e606275d95,2026-10-09T17:20:18Z
nfl,JAX,PHI,2026-10-11T13:30:00Z,Josh Cameron,receptions,betrivers,Over,1.5,108,21b26266f3d78af02eb672e606275d95,2026-10-09T17:20:18Z
nfl,JAX,PHI,2026-10-11T13:30:00Z,Jakobi Meyers,receptions,betrivers,Over,3.5,-129,21b26266f3d78af02eb672e606275d95,2026-10-09T17:20:18Z
nfl,JAX,PHI,2026-10-11T13:30:00Z,Parker Washington,receptions,betrivers,Over,4.5,-129,21b26266f3d78af02eb672e606275d95,2026-10-09T17:20:18Z
nfl,JAX,PHI,2026-10-11T13:30:00Z,Will Shipley,receptions,betrivers,Over,2.5,-104,21b26266f3d78af02eb672e606275d95,2026-10-09T17:20:18Z
nfl,JAX,PHI,2026-10-11T13:30:00Z,Makai Lemon,receptions,betrivers,Over,3.5,-130,21b26266f3d78af02eb672e606275d95,2026-10-09T17:20:18Z
nfl,JAX,PHI,2026-10-11T13:30:00Z,Brenton Strange,receptions,betrivers,Over,3.5,102,21b26266f3d78af02eb672e606275d95,2026-10-09T17:20:18Z
nfl,JAX,PHI,2026-10-11T13:30:00Z,Bhayshul Tuten,receptions,betrivers,Over,1.5,-117,21b26266f3d78af02eb672e606275d95,2026-10-09T17:20:18Z
nfl,JAX,PHI,2026-10-11T13:30:00Z,Brian Thomas Jr,receptions,betrivers,Over,2.5,145,21b26266f3d78af02eb672e606275d95,2026-10-09T17:20:18Z
nfl,JAX,PHI,2026-10-11T13:30:00Z,Dontayvion Wicks,receptions,betrivers,Over,3.5,-121,21b26266f3d78af02eb672e606275d95,2026-10-09T17:20:18Z
nfl,JAX,PHI,2026-10-11T13:30:00Z,Trevor Lawrence,rush_yds,betrivers,Over,13.5,-115,21b26266f3d78af02eb672e606275d95,2026-10-09T17:20:18Z
nfl,JAX,PHI,2026-10-11T13:30:00Z,Trevor Lawrence,rush_yds,betrivers,Under,13.5,-115,21b26266f3d78af02eb672e606275d95,2026-10-09T17:20:18Z
nfl,JAX,PHI,2026-10-11T13:30:00Z,Will Shipley,rush_yds,betrivers,Over,34.5,-113,21b26266f3d78af02eb672e606275d95,2026-10-09T17:20:18Z
nfl,JAX,PHI,2026-10-11T13:30:00Z,Will Shipley,rush_yds,betrivers,Under,34.5,-118,21b26266f3d78af02eb672e606275d95,2026-10-09T17:20:18Z
nfl,JAX,PHI,2026-10-11T13:30:00Z,Jalen Hurts,rush_yds,betrivers,Over,27.5,-120,21b26266f3d78af02eb672e606275d95,2026-10-09T17:20:18Z
nfl,JAX,PHI,2026-10-11T13:30:00Z,Jalen Hurts,rush_yds,betrivers,Under,27.5,-112,21b26266f3d78af02eb672e606275d95,2026-10-09T17:20:18Z
nfl,JAX,PHI,2026-10-11T13:30:00Z,Bhayshul Tuten,rush_yds,betrivers,Over,65.5,-118,21b26266f3d78af02eb672e606275d95,2026-10-09T17:20:18Z
nfl,JAX,PHI,2026-10-11T13:30:00Z,Bhayshul Tuten,rush_yds,betrivers,Under,65.5,-112,21b26266f3d78af02eb672e606275d95,2026-10-09T17:20:18Z
nfl,JAX,PHI,2026-10-11T13:30:00Z,Chris Rodriguez Jr.,rush_yds,betrivers,Over,26.5,-115,21b26266f3d78af02eb672e606275d95,2026-10-09T17:20:18Z
nfl,JAX,PHI,2026-10-11T13:30:00Z,Chris Rodriguez Jr.,rush_yds,betrivers,Under,26.5,-115,21b26266f3d78af02eb672e606275d95,2026-10-09T17:20:18Z
nfl,GB,CHI,2026-10-11T17:00:00Z,D'Andre Swift,anytime_td,draftkings,Yes,,-175,2caea57b1e5cfbba1334cfbfd46f6771,2026-10-09T17:19:42Z
nfl,GB,CHI,2026-10-11T17:00:00Z,MarShawn Lloyd,anytime_td,draftkings,Yes,,115,2caea57b1e5cfbba1334cfbfd46f6771,2026-10-09T17:19:42Z
nfl,GB,CHI,2026-10-11T17:00:00Z,Christian Watson,anytime_td,draftkings,Yes,,175,2caea57b1e5cfbba1334cfbfd46f6771,2026-10-09T17:19:42Z
nfl,GB,CHI,2026-10-11T17:00:00Z,Kaleb Johnson,anytime_td,draftkings,Yes,,185,2caea57b1e5cfbba1334cfbfd46f6771,2026-10-09T17:19:42Z
nfl,GB,CHI,2026-10-11T17:00:00Z,Rome Odunze,anytime_td,draftkings,Yes,,190,2caea57b1e5cfbba1334cfbfd46f6771,2026-10-09T17:19:42Z
nfl,GB,CHI,2026-10-11T17:00:00Z,Colston Loveland,anytime_td,draftkings,Yes,,200,2caea57b1e5cfbba1334cfbfd46f6771,2026-10-09T17:19:42Z
nfl,GB,CHI,2026-10-11T17:00:00Z,Matthew Golden,anytime_td,draftkings,Yes,,220,2caea57b1e5cfbba1334cfbfd46f6771,2026-10-09T17:19:42Z
nfl,GB,CHI,2026-10-11T17:00:00Z,Tucker Kraft,anytime_td,draftkings,Yes,,220,2caea57b1e5cfbba1334cfbfd46f6771,2026-10-09T17:19:42Z
nfl,GB,CHI,2026-10-11T17:00:00Z,Luther Burden III,anytime_td,draftkings,Yes,,220,2caea57b1e5cfbba1334cfbfd46f6771,2026-10-09T17:19:42Z
nfl,GB,CHI,2026-10-11T17:00:00Z,Chris Brooks,anytime_td,draftkings,Yes,,390,2caea57b1e5cfbba1334cfbfd46f6771,2026-10-09T17:19:42Z
nfl,GB,CHI,2026-10-11T17:00:00Z,Kalif Raymond,anytime_td,draftkings,Yes,,400,2caea57b1e5cfbba1334cfbfd46f6771,2026-10-09T17:19:42Z
nfl,GB,CHI,2026-10-11T17:00:00Z,Skyy Moore,anytime_td,draftkings,Yes,,450,2caea57b1e5cfbba1334cfbfd46f6771,2026-10-09T17:19:42Z
nfl,GB,CHI,2026-10-11T17:00:00Z,Chicago Bears D/ST,anytime_td,draftkings,Yes,,500,2caea57b1e5cfbba1334cfbfd46f6771,2026-10-09T17:19:42Z
nfl,GB,CHI,2026-10-11T17:00:00Z,Tyson Bagent,anytime_td,draftkings,Yes,,500,2caea57b1e5cfbba1334cfbfd46f6771,2026-10-09T17:19:42Z
nfl,GB,CHI,2026-10-11T17:00:00Z,Roschon Johnson,anytime_td,draftkings,Yes,,600,2caea57b1e5cfbba1334cfbfd46f6771,2026-10-09T17:19:42Z
nfl,GB,CHI,2026-10-11T17:00:00Z,Green Bay Packers D/ST,anytime_td,draftkings,Yes,,600,2caea57b1e5cfbba1334cfbfd46f6771,2026-10-09T17:19:42Z
nfl,GB,CHI,2026-10-11T17:00:00Z,Cole Kmet,anytime_td,draftkings,Yes,,700,2caea57b1e5cfbba1334cfbfd46f6771,2026-10-09T17:19:42Z
nfl,GB,CHI,2026-10-11T17:00:00Z,Jonnu Smith,anytime_td,draftkings,Yes,,800,2caea57b1e5cfbba1334cfbfd46f6771,2026-10-09T17:19:42Z
nfl,GB,CHI,2026-10-11T17:00:00Z,Jordan Love,anytime_td,draftkings,Yes,,900,2caea57b1e5cfbba1334cfbfd46f6771,2026-10-09T17:19:42Z
nfl,GB,CHI,2026-10-11T17:00:00Z,Jahdae Walker,anytime_td,draftkings,Yes,,1300,2caea57b1e5cfbba1334cfbfd46f6771,2026-10-09T17:19:42Z
nfl,GB,CHI,2026-10-11T17:00:00Z,Zavion Thomas,anytime_td,draftkings,Yes,,1300,2caea57b1e5cfbba1334cfbfd46f6771,2026-10-09T17:19:42Z
nfl,GB,CHI,2026-10-11T17:00:00Z,Sam Roush,anytime_td,draftkings,Yes,,1500,2caea57b1e5cfbba1334cfbfd46f6771,2026-10-09T17:19:42Z
nfl,GB,CHI,2026-10-11T17:00:00Z,Bo Melton,anytime_td,draftkings,Yes,,1600,2caea57b1e5cfbba1334cfbfd46f6771,2026-10-09T17:19:42Z
nfl,GB,CHI,2026-10-11T17:00:00Z,Mark Redman,anytime_td,draftkings,Yes,,1900,2caea57b1e5cfbba1334cfbfd46f6771,2026-10-09T17:19:42Z
nfl,GB,CHI,2026-10-11T17:00:00Z,J. Michael Sturdivant,anytime_td,draftkings,Yes,,2200,2caea57b1e5cfbba1334cfbfd46f6771,2026-10-09T17:19:42Z
nfl,GB,CHI,2026-10-11T17:00:00Z,Josh Whyle,anytime_td,draftkings,Yes,,3500,2caea57b1e5cfbba1334cfbfd46f6771,2026-10-09T17:19:42Z
nfl,GB,CHI,2026-10-11T17:00:00Z,Jordan Love,pass_att,draftkings,Over,33.5,-112,2caea57b1e5cfbba1334cfbfd46f6771,2026-10-09T17:19:42Z
nfl,GB,CHI,2026-10-11T17:00:00Z,Jordan Love,pass_att,draftkings,Under,33.5,-114,2caea57b1e5cfbba1334cfbfd46f6771,2026-10-09T17:19:42Z
nfl,GB,CHI,2026-10-11T17:00:00Z,Tyson Bagent,pass_att,draftkings,Over,31.5,-111,2caea57b1e5cfbba1334cfbfd46f6771,2026-10-09T17:19:42Z
nfl,GB,CHI,2026-10-11T17:00:00Z,Tyson Bagent,pass_att,draftkings,Under,31.5,-115,2caea57b1e5cfbba1334cfbfd46f6771,2026-10-09T17:19:42Z
nfl,GB,CHI,2026-10-11T17:00:00Z,Jordan Love,completions,draftkings,Over,21.5,-102,2caea57b1e5cfbba1334cfbfd46f6771,2026-10-09T17:19:42Z
nfl,GB,CHI,2026-10-11T17:00:00Z,Jordan Love,completions,draftkings,Under,21.5,-125,2caea57b1e5cfbba1334cfbfd46f6771,2026-10-09T17:19:42Z
nfl,GB,CHI,2026-10-11T17:00:00Z,Tyson Bagent,completions,draftkings,Over,20.5,-115,2caea57b1e5cfbba1334cfbfd46f6771,2026-10-09T17:19:42Z
nfl,GB,CHI,2026-10-11T17:00:00Z,Tyson Bagent,completions,draftkings,Under,20.5,-111,2caea57b1e5cfbba1334cfbfd46f6771,2026-10-09T17:19:42Z
nfl,GB,CHI,2026-10-11T17:00:00Z,Jordan Love,pass_td,draftkings,Over,1.5,-101,2caea57b1e5cfbba1334cfbfd46f6771,2026-10-09T17:19:42Z
nfl,GB,CHI,2026-10-11T17:00:00Z,Jordan Love,pass_td,draftkings,Under,1.5,-126,2caea57b1e5cfbba1334cfbfd46f6771,2026-10-09T17:19:42Z
nfl,GB,CHI,2026-10-11T17:00:00Z,Tyson Bagent,pass_td,draftkings,Over,1.5,110,2caea57b1e5cfbba1334cfbfd46f6771,2026-10-09T17:19:42Z
nfl,GB,CHI,2026-10-11T17:00:00Z,Tyson Bagent,pass_td,draftkings,Under,1.5,-141,2caea57b1e5cfbba1334cfbfd46f6771,2026-10-09T17:19:42Z
nfl,GB,CHI,2026-10-11T17:00:00Z,Jordan Love,pass_yds,draftkings,Over,237.5,-113,2caea57b1e5cfbba1334cfbfd46f6771,2026-10-09T17:19:42Z
nfl,GB,CHI,2026-10-11T17:00:00Z,Jordan Love,pass_yds,draftkings,Under,237.5,-111,2caea57b1e5cfbba1334cfbfd46f6771,2026-10-09T17:19:42Z
nfl,GB,CHI,2026-10-11T17:00:00Z,Tyson Bagent,pass_yds,draftkings,Over,218.5,-111,2caea57b1e5cfbba1334cfbfd46f6771,2026-10-09T17:19:42Z
nfl,GB,CHI,2026-10-11T17:00:00Z,Tyson Bagent,pass_yds,draftkings,Under,218.5,-113,2caea57b1e5cfbba1334cfbfd46f6771,2026-10-09T17:19:42Z
nfl,GB,CHI,2026-10-11T17:00:00Z,Christian Watson,rec_yds,draftkings,Over,61.5,-113,2caea57b1e5cfbba1334cfbfd46f6771,2026-10-09T17:19:42Z
nfl,GB,CHI,2026-10-11T17:00:00Z,Christian Watson,rec_yds,draftkings,Under,61.5,-111,2caea57b1e5cfbba1334cfbfd46f6771,2026-10-09T17:19:42Z
nfl,GB,CHI,2026-10-11T17:00:00Z,Matthew Golden,rec_yds,draftkings,Over,56.5,-112,2caea57b1e5cfbba1334cfbfd46f6771,2026-10-09T17:19:42Z
nfl,GB,CHI,2026-10-11T17:00:00Z,Matthew Golden,rec_yds,draftkings,Under,56.5,-112,2caea57b1e5cfbba1334cfbfd46f6771,2026-10-09T17:19:42Z
nfl,GB,CHI,2026-10-11T17:00:00Z,Tucker Kraft,rec_yds,draftkings,Over,49.5,-113,2caea57b1e5cfbba1334cfbfd46f6771,2026-10-09T17:19:42Z
nfl,GB,CHI,2026-10-11T17:00:00Z,Tucker Kraft,rec_yds,draftkings,Under,49.5,-111,2caea57b1e5cfbba1334cfbfd46f6771,2026-10-09T17:19:42Z
nfl,GB,CHI,2026-10-11T17:00:00Z,Luther Burden III,rec_yds,draftkings,Over,46.5,-111,2caea57b1e5cfbba1334cfbfd46f6771,2026-10-09T17:19:42Z
nfl,GB,CHI,2026-10-11T17:00:00Z,Luther Burden III,rec_yds,draftkings,Under,46.5,-113,2caea57b1e5cfbba1334cfbfd46f6771,2026-10-09T17:19:42Z
nfl,GB,CHI,2026-10-11T17:00:00Z,Rome Odunze,rec_yds,draftkings,Over,42.5,-114,2caea57b1e5cfbba1334cfbfd46f6771,2026-10-09T17:19:42Z
nfl,GB,CHI,2026-10-11T17:00:00Z,Rome Odunze,rec_yds,draftkings,Under,42.5,-110,2caea57b1e5cfbba1334cfbfd46f6771,2026-10-09T17:19:42Z
nfl,GB,CHI,2026-10-11T17:00:00Z,Colston Loveland,rec_yds,draftkings,Over,39.5,-111,2caea57b1e5cfbba1334cfbfd46f6771,2026-10-09T17:19:42Z
nfl,GB,CHI,2026-10-11T17:00:00Z,Colston Loveland,rec_yds,draftkings,Under,39.5,-113,2caea57b1e5cfbba1334cfbfd46f6771,2026-10-09T17:19:42Z
nfl,GB,CHI,2026-10-11T17:00:00Z,Kalif Raymond,rec_yds,draftkings,Over,28.5,-110,2caea57b1e5cfbba1334cfbfd46f6771,2026-10-09T17:19:42Z
nfl,GB,CHI,2026-10-11T17:00:00Z,Kalif Raymond,rec_yds,draftkings,Under,28.5,-114,2caea57b1e5cfbba1334cfbfd46f6771,2026-10-09T17:19:42Z
nfl,GB,CHI,2026-10-11T17:00:00Z,D'Andre Swift,rec_yds,draftkings,Over,16.5,-114,2caea57b1e5cfbba1334cfbfd46f6771,2026-10-09T17:19:42Z
nfl,GB,CHI,2026-10-11T17:00:00Z,D'Andre Swift,rec_yds,draftkings,Under,16.5,-110,2caea57b1e5cfbba1334cfbfd46f6771,2026-10-09T17:19:42Z
nfl,GB,CHI,2026-10-11T17:00:00Z,Skyy Moore,rec_yds,draftkings,Over,13.5,-111,2caea57b1e5cfbba1334cfbfd46f6771,2026-10-09T17:19:42Z
nfl,GB,CHI,2026-10-11T17:00:00Z,Skyy Moore,rec_yds,draftkings,Under,13.5,-113,2caea57b1e5cfbba1334cfbfd46f6771,2026-10-09T17:19:42Z
nfl,GB,CHI,2026-10-11T17:00:00Z,MarShawn Lloyd,rec_yds,draftkings,Over,13.5,-109,2caea57b1e5cfbba1334cfbfd46f6771,2026-10-09T17:19:42Z
nfl,GB,CHI,2026-10-11T17:00:00Z,MarShawn Lloyd,rec_yds,draftkings,Under,13.5,-116,2caea57b1e5cfbba1334cfbfd46f6771,2026-10-09T17:19:42Z
nfl,GB,CHI,2026-10-11T17:00:00Z,Cole Kmet,rec_yds,draftkings,Over,8.5,-117,2caea57b1e5cfbba1334cfbfd46f6771,2026-10-09T17:19:42Z
nfl,GB,CHI,2026-10-11T17:00:00Z,Cole Kmet,rec_yds,draftkings,Under,8.5,-107,2caea57b1e5cfbba1334cfbfd46f6771,2026-10-09T17:19:42Z
nfl,GB,CHI,2026-10-11T17:00:00Z,Jonnu Smith,rec_yds,draftkings,Over,7.5,-109,2caea57b1e5cfbba1334cfbfd46f6771,2026-10-09T17:19:42Z
nfl,GB,CHI,2026-10-11T17:00:00Z,Jonnu Smith,rec_yds,draftkings,Under,7.5,-115,2caea57b1e5cfbba1334cfbfd46f6771,2026-10-09T17:19:42Z
nfl,GB,CHI,2026-10-11T17:00:00Z,Matthew Golden,receptions,draftkings,Over,4.5,-114,2caea57b1e5cfbba1334cfbfd46f6771,2026-10-09T17:19:42Z
nfl,GB,CHI,2026-10-11T17:00:00Z,Matthew Golden,receptions,draftkings,Under,4.5,-112,2caea57b1e5cfbba1334cfbfd46f6771,2026-10-09T17:19:42Z
nfl,GB,CHI,2026-10-11T17:00:00Z,Luther Burden III,receptions,draftkings,Over,4.5,-101,2caea57b1e5cfbba1334cfbfd46f6771,2026-10-09T17:19:42Z
nfl,GB,CHI,2026-10-11T17:00:00Z,Luther Burden III,receptions,draftkings,Under,4.5,-126,2caea57b1e5cfbba1334cfbfd46f6771,2026-10-09T17:19:42Z
nfl,GB,CHI,2026-10-11T17:00:00Z,Tucker Kraft,receptions,draftkings,Over,4.5,100,2caea57b1e5cfbba1334cfbfd46f6771,2026-10-09T17:19:42Z
nfl,GB,CHI,2026-10-11T17:00:00Z,Tucker Kraft,receptions,draftkings,Under,4.5,-128,2caea57b1e5cfbba1334cfbfd46f6771,2026-10-09T17:19:42Z
nfl,GB,CHI,2026-10-11T17:00:00Z,Christian Watson,receptions,draftkings,Over,4.5,106,2caea57b1e5cfbba1334cfbfd46f6771,2026-10-09T17:19:42Z
nfl,GB,CHI,2026-10-11T17:00:00Z,Christian Watson,receptions,draftkings,Under,4.5,-135,2caea57b1e5cfbba1334cfbfd46f6771,2026-10-09T17:19:42Z
nfl,GB,CHI,2026-10-11T17:00:00Z,Colston Loveland,receptions,draftkings,Over,4.5,124,2caea57b1e5cfbba1334cfbfd46f6771,2026-10-09T17:19:42Z
nfl,GB,CHI,2026-10-11T17:00:00Z,Colston Loveland,receptions,draftkings,Under,4.5,-159,2caea57b1e5cfbba1334cfbfd46f6771,2026-10-09T17:19:42Z
nfl,GB,CHI,2026-10-11T17:00:00Z,Rome Odunze,receptions,draftkings,Over,3.5,120,2caea57b1e5cfbba1334cfbfd46f6771,2026-10-09T17:19:42Z
nfl,GB,CHI,2026-10-11T17:00:00Z,Rome Odunze,receptions,draftkings,Under,3.5,-154,2caea57b1e5cfbba1334cfbfd46f6771,2026-10-09T17:19:42Z
nfl,GB,CHI,2026-10-11T17:00:00Z,Kalif Raymond,receptions,draftkings,Over,3.5,128,2caea57b1e5cfbba1334cfbfd46f6771,2026-10-09T17:19:42Z
nfl,GB,CHI,2026-10-11T17:00:00Z,Kalif Raymond,receptions,draftkings,Under,3.5,-164,2caea57b1e5cfbba1334cfbfd46f6771,2026-10-09T17:19:42Z
nfl,GB,CHI,2026-10-11T17:00:00Z,D'Andre Swift,receptions,draftkings,Over,2.5,127,2caea57b1e5cfbba1334cfbfd46f6771,2026-10-09T17:19:42Z
nfl,GB,CHI,2026-10-11T17:00:00Z,D'Andre Swift,receptions,draftkings,Under,2.5,-162,2caea57b1e5cfbba1334cfbfd46f6771,2026-10-09T17:19:42Z
nfl,GB,CHI,2026-10-11T17:00:00Z,MarShawn Lloyd,receptions,draftkings,Over,2.5,138,2caea57b1e5cfbba1334cfbfd46f6771,2026-10-09T17:19:42Z
nfl,GB,CHI,2026-10-11T17:00:00Z,MarShawn Lloyd,receptions,draftkings,Under,2.5,-177,2caea57b1e5cfbba1334cfbfd46f6771,2026-10-09T17:19:42Z
nfl,GB,CHI,2026-10-11T17:00:00Z,Skyy Moore,receptions,draftkings,Over,1.5,-103,2caea57b1e5cfbba1334cfbfd46f6771,2026-10-09T17:19:42Z
nfl,GB,CHI,2026-10-11T17:00:00Z,Skyy Moore,receptions,draftkings,Under,1.5,-124,2caea57b1e5cfbba1334cfbfd46f6771,2026-10-09T17:19:42Z
nfl,GB,CHI,2026-10-11T17:00:00Z,Cole Kmet,receptions,draftkings,Over,1.5,126,2caea57b1e5cfbba1334cfbfd46f6771,2026-10-09T17:19:42Z
nfl,GB,CHI,2026-10-11T17:00:00Z,Cole Kmet,receptions,draftkings,Under,1.5,-161,2caea57b1e5cfbba1334cfbfd46f6771,2026-10-09T17:19:42Z
nfl,GB,CHI,2026-10-11T17:00:00Z,Jonnu Smith,receptions,draftkings,Over,1.5,186,2caea57b1e5cfbba1334cfbfd46f6771,2026-10-09T17:19:42Z
nfl,GB,CHI,2026-10-11T17:00:00Z,Jonnu Smith,receptions,draftkings,Under,1.5,-242,2caea57b1e5cfbba1334cfbfd46f6771,2026-10-09T17:19:42Z
nfl,GB,CHI,2026-10-11T17:00:00Z,D'Andre Swift,rush_att,draftkings,Over,19.5,-117,2caea57b1e5cfbba1334cfbfd46f6771,2026-10-09T17:19:42Z
nfl,GB,CHI,2026-10-11T17:00:00Z,D'Andre Swift,rush_att,draftkings,Under,19.5,-108,2caea57b1e5cfbba1334cfbfd46f6771,2026-10-09T17:19:42Z
nfl,GB,CHI,2026-10-11T17:00:00Z,Kaleb Johnson,rush_att,draftkings,Over,9.5,-114,2caea57b1e5cfbba1334cfbfd46f6771,2026-10-09T17:19:42Z
nfl,GB,CHI,2026-10-11T17:00:00Z,Kaleb Johnson,rush_att,draftkings,Under,9.5,-112,2caea57b1e5cfbba1334cfbfd46f6771,2026-10-09T17:19:42Z
nfl,GB,CHI,2026-10-11T17:00:00Z,MarShawn Lloyd,rush_att,draftkings,Over,8.5,-105,2caea57b1e5cfbba1334cfbfd46f6771,2026-10-09T17:19:42Z
nfl,GB,CHI,2026-10-11T17:00:00Z,MarShawn Lloyd,rush_att,draftkings,Under,8.5,-121,2caea57b1e5cfbba1334cfbfd46f6771,2026-10-09T17:19:42Z
nfl,GB,CHI,2026-10-11T17:00:00Z,D'Andre Swift,rush_yds,draftkings,Over,84.5,-112,2caea57b1e5cfbba1334cfbfd46f6771,2026-10-09T17:19:42Z
nfl,GB,CHI,2026-10-11T17:00:00Z,D'Andre Swift,rush_yds,draftkings,Under,84.5,-112,2caea57b1e5cfbba1334cfbfd46f6771,2026-10-09T17:19:42Z
nfl,GB,CHI,2026-10-11T17:00:00Z,Kaleb Johnson,rush_yds,draftkings,Over,35.5,-112,2caea57b1e5cfbba1334cfbfd46f6771,2026-10-09T17:19:42Z
nfl,GB,CHI,2026-10-11T17:00:00Z,Kaleb Johnson,rush_yds,draftkings,Under,35.5,-112,2caea57b1e5cfbba1334cfbfd46f6771,2026-10-09T17:19:42Z
nfl,GB,CHI,2026-10-11T17:00:00Z,MarShawn Lloyd,rush_yds,draftkings,Over,27.5,-113,2caea57b1e5cfbba1334cfbfd46f6771,2026-10-09T17:19:42Z
nfl,GB,CHI,2026-10-11T17:00:00Z,MarShawn Lloyd,rush_yds,draftkings,Under,27.5,-111,2caea57b1e5cfbba1334cfbfd46f6771,2026-10-09T17:19:42Z
nfl,GB,CHI,2026-10-11T17:00:00Z,Tyson Bagent,rush_yds,draftkings,Over,10.5,-107,2caea57b1e5cfbba1334cfbfd46f6771,2026-10-09T17:19:42Z
nfl,GB,CHI,2026-10-11T17:00:00Z,Tyson Bagent,rush_yds,draftkings,Under,10.5,-117,2caea57b1e5cfbba1334cfbfd46f6771,2026-10-09T17:19:42Z
nfl,GB,CHI,2026-10-11T17:00:00Z,Jordan Love,rush_yds,draftkings,Over,6.5,-112,2caea57b1e5cfbba1334cfbfd46f6771,2026-10-09T17:19:42Z
nfl,GB,CHI,2026-10-11T17:00:00Z,Jordan Love,rush_yds,draftkings,Under,6.5,-112,2caea57b1e5cfbba1334cfbfd46f6771,2026-10-09T17:19:42Z
nfl,GB,CHI,2026-10-11T17:00:00Z,D'Andre Swift,anytime_td,fanduel,Yes,,-155,2caea57b1e5cfbba1334cfbfd46f6771,2026-10-09T17:20:02Z
nfl,GB,CHI,2026-10-11T17:00:00Z,MarShawn Lloyd,anytime_td,fanduel,Yes,,115,2caea57b1e5cfbba1334cfbfd46f6771,2026-10-09T17:20:02Z
nfl,GB,CHI,2026-10-11T17:00:00Z,Christian Watson,anytime_td,fanduel,Yes,,180,2caea57b1e5cfbba1334cfbfd46f6771,2026-10-09T17:20:02Z
nfl,GB,CHI,2026-10-11T17:00:00Z,Kaleb Johnson,anytime_td,fanduel,Yes,,190,2caea57b1e5cfbba1334cfbfd46f6771,2026-10-09T17:20:02Z
nfl,GB,CHI,2026-10-11T17:00:00Z,Matthew Golden,anytime_td,fanduel,Yes,,220,2caea57b1e5cfbba1334cfbfd46f6771,2026-10-09T17:20:02Z
nfl,GB,CHI,2026-10-11T17:00:00Z,Colston Loveland,anytime_td,fanduel,Yes,,220,2caea57b1e5cfbba1334cfbfd46f6771,2026-10-09T17:20:02Z
nfl,GB,CHI,2026-10-11T17:00:00Z,Luther Burden III,anytime_td,fanduel,Yes,,230,2caea57b1e5cfbba1334cfbfd46f6771,2026-10-09T17:20:02Z
nfl,GB,CHI,2026-10-11T17:00:00Z,Tucker Kraft,anytime_td,fanduel,Yes,,230,2caea57b1e5cfbba1334cfbfd46f6771,2026-10-09T17:20:02Z
nfl,GB,CHI,2026-10-11T17:00:00Z,Rome Odunze,anytime_td,fanduel,Yes,,230,2caea57b1e5cfbba1334cfbfd46f6771,2026-10-09T17:20:02Z
nfl,GB,CHI,2026-10-11T17:00:00Z,Kalif Raymond,anytime_td,fanduel,Yes,,410,2caea57b1e5cfbba1334cfbfd46f6771,2026-10-09T17:20:02Z
nfl,GB,CHI,2026-10-11T17:00:00Z,Skyy Moore,anytime_td,fanduel,Yes,,490,2caea57b1e5cfbba1334cfbfd46f6771,2026-10-09T17:20:02Z
nfl,GB,CHI,2026-10-11T17:00:00Z,Tyson Bagent,anytime_td,fanduel,Yes,,550,2caea57b1e5cfbba1334cfbfd46f6771,2026-10-09T17:20:02Z
nfl,GB,CHI,2026-10-11T17:00:00Z,Cole Kmet,anytime_td,fanduel,Yes,,550,2caea57b1e5cfbba1334cfbfd46f6771,2026-10-09T17:20:02Z
nfl,GB,CHI,2026-10-11T17:00:00Z,Roschon Johnson,anytime_td,fanduel,Yes,,550,2caea57b1e5cfbba1334cfbfd46f6771,2026-10-09T17:20:02Z
nfl,GB,CHI,2026-10-11T17:00:00Z,Green Bay Packers Defense,anytime_td,fanduel,Yes,,600,2caea57b1e5cfbba1334cfbfd46f6771,2026-10-09T17:20:02Z
nfl,GB,CHI,2026-10-11T17:00:00Z,Chicago Bears Defense,anytime_td,fanduel,Yes,,650,2caea57b1e5cfbba1334cfbfd46f6771,2026-10-09T17:20:02Z
nfl,GB,CHI,2026-10-11T17:00:00Z,Jordan Love,anytime_td,fanduel,Yes,,800,2caea57b1e5cfbba1334cfbfd46f6771,2026-10-09T17:20:02Z
nfl,GB,CHI,2026-10-11T17:00:00Z,Jonnu Smith,anytime_td,fanduel,Yes,,900,2caea57b1e5cfbba1334cfbfd46f6771,2026-10-09T17:20:02Z
nfl,GB,CHI,2026-10-11T17:00:00Z,Jahdae Walker,anytime_td,fanduel,Yes,,1100,2caea57b1e5cfbba1334cfbfd46f6771,2026-10-09T17:20:02Z
nfl,GB,CHI,2026-10-11T17:00:00Z,Zavion Thomas,anytime_td,fanduel,Yes,,1100,2caea57b1e5cfbba1334cfbfd46f6771,2026-10-09T17:20:02Z
nfl,GB,CHI,2026-10-11T17:00:00Z,Bo Melton,anytime_td,fanduel,Yes,,1400,2caea57b1e5cfbba1334cfbfd46f6771,2026-10-09T17:20:02Z
nfl,GB,CHI,2026-10-11T17:00:00Z,Sam Roush,anytime_td,fanduel,Yes,,1400,2caea57b1e5cfbba1334cfbfd46f6771,2026-10-09T17:20:02Z
nfl,GB,CHI,2026-10-11T17:00:00Z,Mark Redman,anytime_td,fanduel,Yes,,1900,2caea57b1e5cfbba1334cfbfd46f6771,2026-10-09T17:20:02Z
nfl,GB,CHI,2026-10-11T17:00:00Z,J. Michael Sturdivant,anytime_td,fanduel,Yes,,2200,2caea57b1e5cfbba1334cfbfd46f6771,2026-10-09T17:20:02Z
nfl,GB,CHI,2026-10-11T17:00:00Z,Josh Whyle,anytime_td,fanduel,Yes,,3000,2caea57b1e5cfbba1334cfbfd46f6771,2026-10-09T17:20:02Z
nfl,GB,CHI,2026-10-11T17:00:00Z,Tyson Bagent,pass_td,fanduel,Over,1.5,102,2caea57b1e5cfbba1334cfbfd46f6771,2026-10-09T17:20:02Z
nfl,GB,CHI,2026-10-11T17:00:00Z,Tyson Bagent,pass_td,fanduel,Under,1.5,-136,2caea57b1e5cfbba1334cfbfd46f6771,2026-10-09T17:20:02Z
nfl,GB,CHI,2026-10-11T17:00:00Z,Jordan Love,pass_td,fanduel,Over,1.5,108,2caea57b1e5cfbba1334cfbfd46f6771,2026-10-09T17:20:02Z
nfl,GB,CHI,2026-10-11T17:00:00Z,Jordan Love,pass_td,fanduel,Under,1.5,-144,2caea57b1e5cfbba1334cfbfd46f6771,2026-10-09T17:20:02Z
nfl,GB,CHI,2026-10-11T17:00:00Z,Jordan Love,pass_yds,fanduel,Over,233.5,-114,2caea57b1e5cfbba1334cfbfd46f6771,2026-10-09T17:20:02Z
nfl,GB,CHI,2026-10-11T17:00:00Z,Jordan Love,pass_yds,fanduel,Under,233.5,-114,2caea57b1e5cfbba1334cfbfd46f6771,2026-10-09T17:20:02Z
nfl,GB,CHI,2026-10-11T17:00:00Z,Tyson Bagent,pass_yds,fanduel,Over,216.5,-114,2caea57b1e5cfbba1334cfbfd46f6771,2026-10-09T17:20:02Z
nfl,GB,CHI,2026-10-11T17:00:00Z,Tyson Bagent,pass_yds,fanduel,Under,216.5,-114,2caea57b1e5cfbba1334cfbfd46f6771,2026-10-09T17:20:02Z
nfl,GB,CHI,2026-10-11T17:00:00Z,Cole Kmet,rec_yds,fanduel,Over,9.5,-114,2caea57b1e5cfbba1334cfbfd46f6771,2026-10-09T17:20:02Z
nfl,GB,CHI,2026-10-11T17:00:00Z,Cole Kmet,rec_yds,fanduel,Under,9.5,-114,2caea57b1e5cfbba1334cfbfd46f6771,2026-10-09T17:20:02Z
nfl,GB,CHI,2026-10-11T17:00:00Z,Rome Odunze,rec_yds,fanduel,Over,39.5,-114,2caea57b1e5cfbba1334cfbfd46f6771,2026-10-09T17:20:02Z
nfl,GB,CHI,2026-10-11T17:00:00Z,Rome Odunze,rec_yds,fanduel,Under,39.5,-114,2caea57b1e5cfbba1334cfbfd46f6771,2026-10-09T17:20:02Z
nfl,GB,CHI,2026-10-11T17:00:00Z,D'Andre Swift,rec_yds,fanduel,Over,16.5,-114,2caea57b1e5cfbba1334cfbfd46f6771,2026-10-09T17:20:02Z
nfl,GB,CHI,2026-10-11T17:00:00Z,D'Andre Swift,rec_yds,fanduel,Under,16.5,-114,2caea57b1e5cfbba1334cfbfd46f6771,2026-10-09T17:20:02Z
nfl,GB,CHI,2026-10-11T17:00:00Z,Matthew Golden,rec_yds,fanduel,Over,55.5,-114,2caea57b1e5cfbba1334cfbfd46f6771,2026-10-09T17:20:02Z
nfl,GB,CHI,2026-10-11T17:00:00Z,Matthew Golden,rec_yds,fanduel,Under,55.5,-114,2caea57b1e5cfbba1334cfbfd46f6771,2026-10-09T17:20:02Z
nfl,GB,CHI,2026-10-11T17:00:00Z,Luther Burden III,rec_yds,fanduel,Over,46.5,-114,2caea57b1e5cfbba1334cfbfd46f6771,2026-10-09T17:20:02Z
nfl,GB,CHI,2026-10-11T17:00:00Z,Luther Burden III,rec_yds,fanduel,Under,46.5,-114,2caea57b1e5cfbba1334cfbfd46f6771,2026-10-09T17:20:02Z
nfl,GB,CHI,2026-10-11T17:00:00Z,Kalif Raymond,rec_yds,fanduel,Over,26.5,-114,2caea57b1e5cfbba1334cfbfd46f6771,2026-10-09T17:20:02Z
nfl,GB,CHI,2026-10-11T17:00:00Z,Kalif Raymond,rec_yds,fanduel,Under,26.5,-114,2caea57b1e5cfbba1334cfbfd46f6771,2026-10-09T17:20:02Z
nfl,GB,CHI,2026-10-11T17:00:00Z,Christian Watson,rec_yds,fanduel,Over,60.5,-114,2caea57b1e5cfbba1334cfbfd46f6771,2026-10-09T17:20:02Z
nfl,GB,CHI,2026-10-11T17:00:00Z,Christian Watson,rec_yds,fanduel,Under,60.5,-114,2caea57b1e5cfbba1334cfbfd46f6771,2026-10-09T17:20:02Z
nfl,GB,CHI,2026-10-11T17:00:00Z,Skyy Moore,rec_yds,fanduel,Over,12.5,-114,2caea57b1e5cfbba1334cfbfd46f6771,2026-10-09T17:20:02Z
nfl,GB,CHI,2026-10-11T17:00:00Z,Skyy Moore,rec_yds,fanduel,Under,12.5,-114,2caea57b1e5cfbba1334cfbfd46f6771,2026-10-09T17:20:02Z
nfl,GB,CHI,2026-10-11T17:00:00Z,Colston Loveland,rec_yds,fanduel,Over,37.5,-114,2caea57b1e5cfbba1334cfbfd46f6771,2026-10-09T17:20:02Z
nfl,GB,CHI,2026-10-11T17:00:00Z,Colston Loveland,rec_yds,fanduel,Under,37.5,-114,2caea57b1e5cfbba1334cfbfd46f6771,2026-10-09T17:20:02Z
nfl,GB,CHI,2026-10-11T17:00:00Z,MarShawn Lloyd,rec_yds,fanduel,Over,12.5,-114,2caea57b1e5cfbba1334cfbfd46f6771,2026-10-09T17:20:02Z
nfl,GB,CHI,2026-10-11T17:00:00Z,MarShawn Lloyd,rec_yds,fanduel,Under,12.5,-114,2caea57b1e5cfbba1334cfbfd46f6771,2026-10-09T17:20:02Z
nfl,GB,CHI,2026-10-11T17:00:00Z,Jonnu Smith,rec_yds,fanduel,Over,7.5,-114,2caea57b1e5cfbba1334cfbfd46f6771,2026-10-09T17:20:02Z
nfl,GB,CHI,2026-10-11T17:00:00Z,Jonnu Smith,rec_yds,fanduel,Under,7.5,-114,2caea57b1e5cfbba1334cfbfd46f6771,2026-10-09T17:20:02Z
nfl,GB,CHI,2026-10-11T17:00:00Z,Tucker Kraft,rec_yds,fanduel,Over,49.5,-114,2caea57b1e5cfbba1334cfbfd46f6771,2026-10-09T17:20:02Z
nfl,GB,CHI,2026-10-11T17:00:00Z,Tucker Kraft,rec_yds,fanduel,Under,49.5,-114,2caea57b1e5cfbba1334cfbfd46f6771,2026-10-09T17:20:02Z
nfl,GB,CHI,2026-10-11T17:00:00Z,Kalif Raymond,receptions,fanduel,Over,3.5,134,2caea57b1e5cfbba1334cfbfd46f6771,2026-10-09T17:20:02Z
nfl,GB,CHI,2026-10-11T17:00:00Z,Kalif Raymond,receptions,fanduel,Under,3.5,-180,2caea57b1e5cfbba1334cfbfd46f6771,2026-10-09T17:20:02Z
nfl,GB,CHI,2026-10-11T17:00:00Z,Cole Kmet,receptions,fanduel,Over,1.5,130,2caea57b1e5cfbba1334cfbfd46f6771,2026-10-09T17:20:02Z
nfl,GB,CHI,2026-10-11T17:00:00Z,Cole Kmet,receptions,fanduel,Under,1.5,-174,2caea57b1e5cfbba1334cfbfd46f6771,2026-10-09T17:20:02Z
nfl,GB,CHI,2026-10-11T17:00:00Z,D'Andre Swift,receptions,fanduel,Over,2.5,124,2caea57b1e5cfbba1334cfbfd46f6771,2026-10-09T17:20:02Z
nfl,GB,CHI,2026-10-11T17:00:00Z,D'Andre Swift,receptions,fanduel,Under,2.5,-166,2caea57b1e5cfbba1334cfbfd46f6771,2026-10-09T17:20:02Z
nfl,GB,CHI,2026-10-11T17:00:00Z,Colston Loveland,receptions,fanduel,Over,3.5,-160,2caea57b1e5cfbba1334cfbfd46f6771,2026-10-09T17:20:02Z
nfl,GB,CHI,2026-10-11T17:00:00Z,Colston Loveland,receptions,fanduel,Under,3.5,120,2caea57b1e5cfbba1334cfbfd46f6771,2026-10-09T17:20:02Z
nfl,GB,CHI,2026-10-11T17:00:00Z,Skyy Moore,receptions,fanduel,Over,1.5,112,2caea57b1e5cfbba1334cfbfd46f6771,2026-10-09T17:20:02Z
nfl,GB,CHI,2026-10-11T17:00:00Z,Skyy Moore,receptions,fanduel,Under,1.5,-148,2caea57b1e5cfbba1334cfbfd46f6771,2026-10-09T17:20:02Z
nfl,GB,CHI,2026-10-11T17:00:00Z,Tucker Kraft,receptions,fanduel,Over,4.5,-108,2caea57b1e5cfbba1334cfbfd46f6771,2026-10-09T17:20:02Z
nfl,GB,CHI,2026-10-11T17:00:00Z,Tucker Kraft,receptions,fanduel,Under,4.5,-122,2caea57b1e5cfbba1334cfbfd46f6771,2026-10-09T17:20:02Z
nfl,GB,CHI,2026-10-11T17:00:00Z,Christian Watson,receptions,fanduel,Over,4.5,112,2caea57b1e5cfbba1334cfbfd46f6771,2026-10-09T17:20:02Z
nfl,GB,CHI,2026-10-11T17:00:00Z,Christian Watson,receptions,fanduel,Under,4.5,-148,2caea57b1e5cfbba1334cfbfd46f6771,2026-10-09T17:20:02Z
nfl,GB,CHI,2026-10-11T17:00:00Z,Matthew Golden,receptions,fanduel,Over,4.5,-114,2caea57b1e5cfbba1334cfbfd46f6771,2026-10-09T17:20:02Z
nfl,GB,CHI,2026-10-11T17:00:00Z,Matthew Golden,receptions,fanduel,Under,4.5,-114,2caea57b1e5cfbba1334cfbfd46f6771,2026-10-09T17:20:02Z
nfl,GB,CHI,2026-10-11T17:00:00Z,MarShawn Lloyd,receptions,fanduel,Over,2.5,124,2caea57b1e5cfbba1334cfbfd46f6771,2026-10-09T17:20:02Z
nfl,GB,CHI,2026-10-11T17:00:00Z,MarShawn Lloyd,receptions,fanduel,Under,2.5,-166,2caea57b1e5cfbba1334cfbfd46f6771,2026-10-09T17:20:02Z
nfl,GB,CHI,2026-10-11T17:00:00Z,Jonnu Smith,receptions,fanduel,Over,1.5,168,2caea57b1e5cfbba1334cfbfd46f6771,2026-10-09T17:20:02Z
nfl,GB,CHI,2026-10-11T17:00:00Z,Jonnu Smith,receptions,fanduel,Under,1.5,-230,2caea57b1e5cfbba1334cfbfd46f6771,2026-10-09T17:20:02Z
nfl,GB,CHI,2026-10-11T17:00:00Z,Luther Burden III,receptions,fanduel,Over,4.5,102,2caea57b1e5cfbba1334cfbfd46f6771,2026-10-09T17:20:02Z
nfl,GB,CHI,2026-10-11T17:00:00Z,Luther Burden III,receptions,fanduel,Under,4.5,-136,2caea57b1e5cfbba1334cfbfd46f6771,2026-10-09T17:20:02Z
nfl,GB,CHI,2026-10-11T17:00:00Z,Rome Odunze,receptions,fanduel,Over,2.5,-182,2caea57b1e5cfbba1334cfbfd46f6771,2026-10-09T17:20:02Z
nfl,GB,CHI,2026-10-11T17:00:00Z,Rome Odunze,receptions,fanduel,Under,2.5,136,2caea57b1e5cfbba1334cfbfd46f6771,2026-10-09T17:20:02Z
nfl,GB,CHI,2026-10-11T17:00:00Z,MarShawn Lloyd,rush_yds,fanduel,Over,27.5,-114,2caea57b1e5cfbba1334cfbfd46f6771,2026-10-09T17:20:02Z
nfl,GB,CHI,2026-10-11T17:00:00Z,MarShawn Lloyd,rush_yds,fanduel,Under,27.5,-114,2caea57b1e5cfbba1334cfbfd46f6771,2026-10-09T17:20:02Z
nfl,GB,CHI,2026-10-11T17:00:00Z,Jordan Love,rush_yds,fanduel,Over,6.5,-114,2caea57b1e5cfbba1334cfbfd46f6771,2026-10-09T17:20:02Z
nfl,GB,CHI,2026-10-11T17:00:00Z,Jordan Love,rush_yds,fanduel,Under,6.5,-114,2caea57b1e5cfbba1334cfbfd46f6771,2026-10-09T17:20:02Z
nfl,GB,CHI,2026-10-11T17:00:00Z,D'Andre Swift,rush_yds,fanduel,Over,83.5,-114,2caea57b1e5cfbba1334cfbfd46f6771,2026-10-09T17:20:02Z
nfl,GB,CHI,2026-10-11T17:00:00Z,D'Andre Swift,rush_yds,fanduel,Under,83.5,-114,2caea57b1e5cfbba1334cfbfd46f6771,2026-10-09T17:20:02Z
nfl,GB,CHI,2026-10-11T17:00:00Z,Tyson Bagent,rush_yds,fanduel,Over,10.5,-114,2caea57b1e5cfbba1334cfbfd46f6771,2026-10-09T17:20:02Z
nfl,GB,CHI,2026-10-11T17:00:00Z,Tyson Bagent,rush_yds,fanduel,Under,10.5,-114,2caea57b1e5cfbba1334cfbfd46f6771,2026-10-09T17:20:02Z
nfl,GB,CHI,2026-10-11T17:00:00Z,Kaleb Johnson,rush_yds,fanduel,Over,34.5,-114,2caea57b1e5cfbba1334cfbfd46f6771,2026-10-09T17:20:02Z
nfl,GB,CHI,2026-10-11T17:00:00Z,Kaleb Johnson,rush_yds,fanduel,Under,34.5,-114,2caea57b1e5cfbba1334cfbfd46f6771,2026-10-09T17:20:02Z
nfl,GB,CHI,2026-10-11T17:00:00Z,Roschon Johnson,anytime_td,betrivers,Yes,,170,2caea57b1e5cfbba1334cfbfd46f6771,2026-10-09T17:20:16Z
nfl,GB,CHI,2026-10-11T17:00:00Z,Chris Brooks,anytime_td,betrivers,Yes,,350,2caea57b1e5cfbba1334cfbfd46f6771,2026-10-09T17:20:16Z
nfl,GB,CHI,2026-10-11T17:00:00Z,Christian Watson,anytime_td,betrivers,Yes,,160,2caea57b1e5cfbba1334cfbfd46f6771,2026-10-09T17:20:16Z
nfl,GB,CHI,2026-10-11T17:00:00Z,Cole Kmet,anytime_td,betrivers,Yes,,525,2caea57b1e5cfbba1334cfbfd46f6771,2026-10-09T17:20:16Z
nfl,GB,CHI,2026-10-11T17:00:00Z,Luther Burden III,anytime_td,betrivers,Yes,,190,2caea57b1e5cfbba1334cfbfd46f6771,2026-10-09T17:20:16Z
nfl,GB,CHI,2026-10-11T17:00:00Z,MarShawn Lloyd,anytime_td,betrivers,Yes,,-106,2caea57b1e5cfbba1334cfbfd46f6771,2026-10-09T17:20:16Z
nfl,GB,CHI,2026-10-11T17:00:00Z,Tucker Kraft,anytime_td,betrivers,Yes,,185,2caea57b1e5cfbba1334cfbfd46f6771,2026-10-09T17:20:16Z
nfl,GB,CHI,2026-10-11T17:00:00Z,J. Michael Sturdivant,anytime_td,betrivers,Yes,,1400,2caea57b1e5cfbba1334cfbfd46f6771,2026-10-09T17:20:16Z
nfl,GB,CHI,2026-10-11T17:00:00Z,Matthew Golden,anytime_td,betrivers,Yes,,180,2caea57b1e5cfbba1334cfbfd46f6771,2026-10-09T17:20:16Z
nfl,GB,CHI,2026-10-11T17:00:00Z,Josh Whyle,anytime_td,betrivers,Yes,,900,2caea57b1e5cfbba1334cfbfd46f6771,2026-10-09T17:20:16Z
nfl,GB,CHI,2026-10-11T17:00:00Z,Colston Loveland,anytime_td,betrivers,Yes,,210,2caea57b1e5cfbba1334cfbfd46f6771,2026-10-09T17:20:16Z
nfl,GB,CHI,2026-10-11T17:00:00Z,Jahdae Walker,anytime_td,betrivers,Yes,,1600,2caea57b1e5cfbba1334cfbfd46f6771,2026-10-09T17:20:16Z
nfl,GB,CHI,2026-10-11T17:00:00Z,Jonnu Smith,anytime_td,betrivers,Yes,,800,2caea57b1e5cfbba1334cfbfd46f6771,2026-10-09T17:20:16Z
nfl,GB,CHI,2026-10-11T17:00:00Z,Sam Roush,anytime_td,betrivers,Yes,,1600,2caea57b1e5cfbba1334cfbfd46f6771,2026-10-09T17:20:16Z
nfl,GB,CHI,2026-10-11T17:00:00Z,Jordan Love,anytime_td,betrivers,Yes,,850,2caea57b1e5cfbba1334cfbfd46f6771,2026-10-09T17:20:16Z
nfl,GB,CHI,2026-10-11T17:00:00Z,Bo Melton,anytime_td,betrivers,Yes,,1500,2caea57b1e5cfbba1334cfbfd46f6771,2026-10-09T17:20:16Z
nfl,GB,CHI,2026-10-11T17:00:00Z,Kalif Raymond,anytime_td,betrivers,Yes,,300,2caea57b1e5cfbba1334cfbfd46f6771,2026-10-09T17:20:16Z
nfl,GB,CHI,2026-10-11T17:00:00Z,Rome Odunze,anytime_td,betrivers,Yes,,215,2caea57b1e5cfbba1334cfbfd46f6771,2026-10-09T17:20:16Z
nfl,GB,CHI,2026-10-11T17:00:00Z,Zavion Thomas,anytime_td,betrivers,Yes,,700,2caea57b1e5cfbba1334cfbfd46f6771,2026-10-09T17:20:16Z
nfl,GB,CHI,2026-10-11T17:00:00Z,Mark Redman,anytime_td,betrivers,Yes,,950,2caea57b1e5cfbba1334cfbfd46f6771,2026-10-09T17:20:16Z
nfl,GB,CHI,2026-10-11T17:00:00Z,Tyson Bagent,anytime_td,betrivers,Yes,,430,2caea57b1e5cfbba1334cfbfd46f6771,2026-10-09T17:20:16Z
nfl,GB,CHI,2026-10-11T17:00:00Z,Skyy Moore,anytime_td,betrivers,Yes,,380,2caea57b1e5cfbba1334cfbfd46f6771,2026-10-09T17:20:16Z
nfl,GB,CHI,2026-10-11T17:00:00Z,D'Andre Swift,anytime_td,betrivers,Yes,,-190,2caea57b1e5cfbba1334cfbfd46f6771,2026-10-09T17:20:16Z
nfl,GB,CHI,2026-10-11T17:00:00Z,Kaleb Johnson,anytime_td,betrivers,Yes,,150,2caea57b1e5cfbba1334cfbfd46f6771,2026-10-09T17:20:16Z
nfl,GB,CHI,2026-10-11T17:00:00Z,Jordan Love,completions,betrivers,Over,21.5,104,2caea57b1e5cfbba1334cfbfd46f6771,2026-10-09T17:20:16Z
nfl,GB,CHI,2026-10-11T17:00:00Z,Tyson Bagent,completions,betrivers,Over,20.5,102,2caea57b1e5cfbba1334cfbfd46f6771,2026-10-09T17:20:16Z
nfl,GB,CHI,2026-10-11T17:00:00Z,Tyson Bagent,pass_td,betrivers,Over,1.5,108,2caea57b1e5cfbba1334cfbfd46f6771,2026-10-09T17:20:16Z
nfl,GB,CHI,2026-10-11T17:00:00Z,Tyson Bagent,pass_td,betrivers,Under,1.5,-143,2caea57b1e5cfbba1334cfbfd46f6771,2026-10-09T17:20:16Z
nfl,GB,CHI,2026-10-11T17:00:00Z,Jordan Love,pass_td,betrivers,Over,1.5,110,2caea57b1e5cfbba1334cfbfd46f6771,2026-10-09T17:20:16Z
nfl,GB,CHI,2026-10-11T17:00:00Z,Jordan Love,pass_td,betrivers,Under,1.5,-148,2caea57b1e5cfbba1334cfbfd46f6771,2026-10-09T17:20:16Z
nfl,GB,CHI,2026-10-11T17:00:00Z,Tyson Bagent,pass_yds,betrivers,Over,214.5,-115,2caea57b1e5cfbba1334cfbfd46f6771,2026-10-09T17:20:16Z
nfl,GB,CHI,2026-10-11T17:00:00Z,Tyson Bagent,pass_yds,betrivers,Under,214.5,-114,2caea57b1e5cfbba1334cfbfd46f6771,2026-10-09T17:20:16Z
nfl,GB,CHI,2026-10-11T17:00:00Z,Jordan Love,pass_yds,betrivers,Over,241.5,-114,2caea57b1e5cfbba1334cfbfd46f6771,2026-10-09T17:20:16Z
nfl,GB,CHI,2026-10-11T17:00:00Z,Jordan Love,pass_yds,betrivers,Under,241.5,-117,2caea57b1e5cfbba1334cfbfd46f6771,2026-10-09T17:20:16Z
nfl,GB,CHI,2026-10-11T17:00:00Z,Skyy Moore,rec_yds,betrivers,Over,11.5,-114,2caea57b1e5cfbba1334cfbfd46f6771,2026-10-09T17:20:16Z
nfl,GB,CHI,2026-10-11T17:00:00Z,Skyy Moore,rec_yds,betrivers,Under,11.5,-117,2caea57b1e5cfbba1334cfbfd46f6771,2026-10-09T17:20:16Z
nfl,GB,CHI,2026-10-11T17:00:00Z,Matthew Golden,rec_yds,betrivers,Over,57.5,-115,2caea57b1e5cfbba1334cfbfd46f6771,2026-10-09T17:20:16Z
nfl,GB,CHI,2026-10-11T17:00:00Z,Matthew Golden,rec_yds,betrivers,Under,57.5,-114,2caea57b1e5cfbba1334cfbfd46f6771,2026-10-09T17:20:16Z
nfl,GB,CHI,2026-10-11T17:00:00Z,D'Andre Swift,rec_yds,betrivers,Over,16.5,-113,2caea57b1e5cfbba1334cfbfd46f6771,2026-10-09T17:20:16Z
nfl,GB,CHI,2026-10-11T17:00:00Z,D'Andre Swift,rec_yds,betrivers,Under,16.5,-118,2caea57b1e5cfbba1334cfbfd46f6771,2026-10-09T17:20:16Z
nfl,GB,CHI,2026-10-11T17:00:00Z,Colston Loveland,rec_yds,betrivers,Over,36.5,-117,2caea57b1e5cfbba1334cfbfd46f6771,2026-10-09T17:20:16Z
nfl,GB,CHI,2026-10-11T17:00:00Z,Colston Loveland,rec_yds,betrivers,Under,36.5,-114,2caea57b1e5cfbba1334cfbfd46f6771,2026-10-09T17:20:16Z
nfl,GB,CHI,2026-10-11T17:00:00Z,Rome Odunze,rec_yds,betrivers,Over,38.5,-117,2caea57b1e5cfbba1334cfbfd46f6771,2026-10-09T17:20:16Z
nfl,GB,CHI,2026-10-11T17:00:00Z,Rome Odunze,rec_yds,betrivers,Under,38.5,-114,2caea57b1e5cfbba1334cfbfd46f6771,2026-10-09T17:20:16Z
nfl,GB,CHI,2026-10-11T17:00:00Z,MarShawn Lloyd,rec_yds,betrivers,Over,13.5,-114,2caea57b1e5cfbba1334cfbfd46f6771,2026-10-09T17:20:16Z
nfl,GB,CHI,2026-10-11T17:00:00Z,MarShawn Lloyd,rec_yds,betrivers,Under,13.5,-117,2caea57b1e5cfbba1334cfbfd46f6771,2026-10-09T17:20:16Z
nfl,GB,CHI,2026-10-11T17:00:00Z,Kalif Raymond,rec_yds,betrivers,Over,27.5,-112,2caea57b1e5cfbba1334cfbfd46f6771,2026-10-09T17:20:16Z
nfl,GB,CHI,2026-10-11T17:00:00Z,Kalif Raymond,rec_yds,betrivers,Under,27.5,-120,2caea57b1e5cfbba1334cfbfd46f6771,2026-10-09T17:20:16Z
nfl,GB,CHI,2026-10-11T17:00:00Z,Christian Watson,rec_yds,betrivers,Over,62.5,-114,2caea57b1e5cfbba1334cfbfd46f6771,2026-10-09T17:20:16Z
nfl,GB,CHI,2026-10-11T17:00:00Z,Christian Watson,rec_yds,betrivers,Under,62.5,-117,2caea57b1e5cfbba1334cfbfd46f6771,2026-10-09T17:20:16Z
nfl,GB,CHI,2026-10-11T17:00:00Z,Luther Burden III,rec_yds,betrivers,Over,46.5,-113,2caea57b1e5cfbba1334cfbfd46f6771,2026-10-09T17:20:16Z
nfl,GB,CHI,2026-10-11T17:00:00Z,Luther Burden III,rec_yds,betrivers,Under,46.5,-118,2caea57b1e5cfbba1334cfbfd46f6771,2026-10-09T17:20:16Z
nfl,GB,CHI,2026-10-11T17:00:00Z,Tucker Kraft,rec_yds,betrivers,Over,50.5,-117,2caea57b1e5cfbba1334cfbfd46f6771,2026-10-09T17:20:16Z
nfl,GB,CHI,2026-10-11T17:00:00Z,Tucker Kraft,rec_yds,betrivers,Under,50.5,-114,2caea57b1e5cfbba1334cfbfd46f6771,2026-10-09T17:20:16Z
nfl,GB,CHI,2026-10-11T17:00:00Z,Matthew Golden,receptions,betrivers,Over,4.5,-106,2caea57b1e5cfbba1334cfbfd46f6771,2026-10-09T17:20:16Z
nfl,GB,CHI,2026-10-11T17:00:00Z,Colston Loveland,receptions,betrivers,Over,3.5,-175,2caea57b1e5cfbba1334cfbfd46f6771,2026-10-09T17:20:16Z
nfl,GB,CHI,2026-10-11T17:00:00Z,Skyy Moore,receptions,betrivers,Over,1.5,112,2caea57b1e5cfbba1334cfbfd46f6771,2026-10-09T17:20:16Z
nfl,GB,CHI,2026-10-11T17:00:00Z,D'Andre Swift,receptions,betrivers,Over,2.5,118,2caea57b1e5cfbba1334cfbfd46f6771,2026-10-09T17:20:16Z
nfl,GB,CHI,2026-10-11T17:00:00Z,Luther Burden III,receptions,betrivers,Over,4.5,-115,2caea57b1e5cfbba1334cfbfd46f6771,2026-10-09T17:20:16Z
nfl,GB,CHI,2026-10-11T17:00:00Z,Kalif Raymond,receptions,betrivers,Over,3.5,133,2caea57b1e5cfbba1334cfbfd46f6771,2026-10-09T17:20:16Z
nfl,GB,CHI,2026-10-11T17:00:00Z,Christian Watson,receptions,betrivers,Over,4.5,108,2caea57b1e5cfbba1334cfbfd46f6771,2026-10-09T17:20:16Z
nfl,GB,CHI,2026-10-11T17:00:00Z,Tucker Kraft,receptions,betrivers,Over,4.5,-117,2caea57b1e5cfbba1334cfbfd46f6771,2026-10-09T17:20:16Z
nfl,GB,CHI,2026-10-11T17:00:00Z,MarShawn Lloyd,receptions,betrivers,Over,2.5,125,2caea57b1e5cfbba1334cfbfd46f6771,2026-10-09T17:20:16Z
nfl,GB,CHI,2026-10-11T17:00:00Z,Rome Odunze,receptions,betrivers,Over,3.5,130,2caea57b1e5cfbba1334cfbfd46f6771,2026-10-09T17:20:16Z
nfl,GB,CHI,2026-10-11T17:00:00Z,D'Andre Swift,rush_yds,betrivers,Over,83.5,-114,2caea57b1e5cfbba1334cfbfd46f6771,2026-10-09T17:20:16Z
nfl,GB,CHI,2026-10-11T17:00:00Z,D'Andre Swift,rush_yds,betrivers,Under,83.5,-117,2caea57b1e5cfbba1334cfbfd46f6771,2026-10-09T17:20:16Z
nfl,GB,CHI,2026-10-11T17:00:00Z,Jordan Love,rush_yds,betrivers,Over,6.5,-112,2caea57b1e5cfbba1334cfbfd46f6771,2026-10-09T17:20:16Z
nfl,GB,CHI,2026-10-11T17:00:00Z,Jordan Love,rush_yds,betrivers,Under,6.5,-120,2caea57b1e5cfbba1334cfbfd46f6771,2026-10-09T17:20:16Z
nfl,GB,CHI,2026-10-11T17:00:00Z,MarShawn Lloyd,rush_yds,betrivers,Over,27.5,-120,2caea57b1e5cfbba1334cfbfd46f6771,2026-10-09T17:20:16Z
nfl,GB,CHI,2026-10-11T17:00:00Z,MarShawn Lloyd,rush_yds,betrivers,Under,27.5,-112,2caea57b1e5cfbba1334cfbfd46f6771,2026-10-09T17:20:16Z
nfl,GB,CHI,2026-10-11T17:00:00Z,Kaleb Johnson,rush_yds,betrivers,Over,34.5,-110,2caea57b1e5cfbba1334cfbfd46f6771,2026-10-09T17:20:16Z
nfl,GB,CHI,2026-10-11T17:00:00Z,Kaleb Johnson,rush_yds,betrivers,Under,34.5,-120,2caea57b1e5cfbba1334cfbfd46f6771,2026-10-09T17:20:16Z
nfl,GB,CHI,2026-10-11T17:00:00Z,Bo Melton,anytime_td,betmgm,Yes,,1300,2caea57b1e5cfbba1334cfbfd46f6771,2026-10-09T17:20:15Z
nfl,GB,CHI,2026-10-11T17:00:00Z,Skyy Moore,anytime_td,betmgm,Yes,,550,2caea57b1e5cfbba1334cfbfd46f6771,2026-10-09T17:20:15Z
nfl,GB,CHI,2026-10-11T17:00:00Z,Colston Loveland,anytime_td,betmgm,Yes,,240,2caea57b1e5cfbba1334cfbfd46f6771,2026-10-09T17:20:15Z
nfl,GB,CHI,2026-10-11T17:00:00Z,MarShawn Lloyd,anytime_td,betmgm,Yes,,125,2caea57b1e5cfbba1334cfbfd46f6771,2026-10-09T17:20:15Z
nfl,GB,CHI,2026-10-11T17:00:00Z,Chicago Bears D/ST,anytime_td,betmgm,Yes,,575,2caea57b1e5cfbba1334cfbfd46f6771,2026-10-09T17:20:15Z
nfl,GB,CHI,2026-10-11T17:00:00Z,Cole Kmet,anytime_td,betmgm,Yes,,575,2caea57b1e5cfbba1334cfbfd46f6771,2026-10-09T17:20:15Z
nfl,GB,CHI,2026-10-11T17:00:00Z,Christian Watson,anytime_td,betmgm,Yes,,185,2caea57b1e5cfbba1334cfbfd46f6771,2026-10-09T17:20:15Z
nfl,GB,CHI,2026-10-11T17:00:00Z,Matthew Golden,anytime_td,betmgm,Yes,,185,2caea57b1e5cfbba1334cfbfd46f6771,2026-10-09T17:20:15Z
nfl,GB,CHI,2026-10-11T17:00:00Z,Tucker Kraft,anytime_td,betmgm,Yes,,210,2caea57b1e5cfbba1334cfbfd46f6771,2026-10-09T17:20:15Z
nfl,GB,CHI,2026-10-11T17:00:00Z,Rome Odunze,anytime_td,betmgm,Yes,,240,2caea57b1e5cfbba1334cfbfd46f6771,2026-10-09T17:20:15Z
nfl,GB,CHI,2026-10-11T17:00:00Z,Jonnu Smith,anytime_td,betmgm,Yes,,900,2caea57b1e5cfbba1334cfbfd46f6771,2026-10-09T17:20:15Z
nfl,GB,CHI,2026-10-11T17:00:00Z,Kaleb Johnson,anytime_td,betmgm,Yes,,175,2caea57b1e5cfbba1334cfbfd46f6771,2026-10-09T17:20:15Z
nfl,GB,CHI,2026-10-11T17:00:00Z,Jordan Love,anytime_td,betmgm,Yes,,775,2caea57b1e5cfbba1334cfbfd46f6771,2026-10-09T17:20:15Z
nfl,GB,CHI,2026-10-11T17:00:00Z,Luther Burden III,anytime_td,betmgm,Yes,,225,2caea57b1e5cfbba1334cfbfd46f6771,2026-10-09T17:20:15Z
nfl,GB,CHI,2026-10-11T17:00:00Z,Kalif Raymond,anytime_td,betmgm,Yes,,390,2caea57b1e5cfbba1334cfbfd46f6771,2026-10-09T17:20:15Z
nfl,GB,CHI,2026-10-11T17:00:00Z,Tyson Bagent,anytime_td,betmgm,Yes,,650,2caea57b1e5cfbba1334cfbfd46f6771,2026-10-09T17:20:15Z
nfl,GB,CHI,2026-10-11T17:00:00Z,Green Bay Packers D/ST,anytime_td,betmgm,Yes,,525,2caea57b1e5cfbba1334cfbfd46f6771,2026-10-09T17:20:15Z
nfl,GB,CHI,2026-10-11T17:00:00Z,Chris Brooks,anytime_td,betmgm,Yes,,340,2caea57b1e5cfbba1334cfbfd46f6771,2026-10-09T17:20:15Z
nfl,GB,CHI,2026-10-11T17:00:00Z,Sam Roush,anytime_td,betmgm,Yes,,1150,2caea57b1e5cfbba1334cfbfd46f6771,2026-10-09T17:20:15Z
nfl,GB,CHI,2026-10-11T17:00:00Z,Tyson Bagent,pass_att,betmgm,Over,31.5,-105,2caea57b1e5cfbba1334cfbfd46f6771,2026-10-09T17:20:15Z
nfl,GB,CHI,2026-10-11T17:00:00Z,Tyson Bagent,pass_att,betmgm,Under,31.5,-125,2caea57b1e5cfbba1334cfbfd46f6771,2026-10-09T17:20:15Z
nfl,GB,CHI,2026-10-11T17:00:00Z,Jordan Love,pass_att,betmgm,Over,33.5,-115,2caea57b1e5cfbba1334cfbfd46f6771,2026-10-09T17:20:15Z
nfl,GB,CHI,2026-10-11T17:00:00Z,Jordan Love,pass_att,betmgm,Under,33.5,-115,2caea57b1e5cfbba1334cfbfd46f6771,2026-10-09T17:20:15Z
nfl,GB,CHI,2026-10-11T17:00:00Z,Jordan Love,completions,betmgm,Over,20.5,-118,2caea57b1e5cfbba1334cfbfd46f6771,2026-10-09T17:20:15Z
nfl,GB,CHI,2026-10-11T17:00:00Z,Jordan Love,completions,betmgm,Under,20.5,-111,2caea57b1e5cfbba1334cfbfd46f6771,2026-10-09T17:20:15Z
nfl,GB,CHI,2026-10-11T17:00:00Z,Tyson Bagent,completions,betmgm,Over,20.5,-118,2caea57b1e5cfbba1334cfbfd46f6771,2026-10-09T17:20:15Z
nfl,GB,CHI,2026-10-11T17:00:00Z,Tyson Bagent,completions,betmgm,Under,20.5,-111,2caea57b1e5cfbba1334cfbfd46f6771,2026-10-09T17:20:15Z
nfl,GB,CHI,2026-10-11T17:00:00Z,Jordan Love,pass_td,betmgm,Over,1.5,100,2caea57b1e5cfbba1334cfbfd46f6771,2026-10-09T17:20:15Z
nfl,GB,CHI,2026-10-11T17:00:00Z,Jordan Love,pass_td,betmgm,Under,1.5,-135,2caea57b1e5cfbba1334cfbfd46f6771,2026-10-09T17:20:15Z
nfl,GB,CHI,2026-10-11T17:00:00Z,Tyson Bagent,pass_td,betmgm,Over,1.5,110,2caea57b1e5cfbba1334cfbfd46f6771,2026-10-09T17:20:15Z
nfl,GB,CHI,2026-10-11T17:00:00Z,Tyson Bagent,pass_td,betmgm,Under,1.5,-150,2caea57b1e5cfbba1334cfbfd46f6771,2026-10-09T17:20:15Z
nfl,GB,CHI,2026-10-11T17:00:00Z,Jordan Love,pass_yds,betmgm,Over,235.5,-115,2caea57b1e5cfbba1334cfbfd46f6771,2026-10-09T17:20:15Z
nfl,GB,CHI,2026-10-11T17:00:00Z,Jordan Love,pass_yds,betmgm,Under,235.5,-115,2caea57b1e5cfbba1334cfbfd46f6771,2026-10-09T17:20:15Z
nfl,GB,CHI,2026-10-11T17:00:00Z,Tyson Bagent,pass_yds,betmgm,Over,215.5,-115,2caea57b1e5cfbba1334cfbfd46f6771,2026-10-09T17:20:15Z
nfl,GB,CHI,2026-10-11T17:00:00Z,Tyson Bagent,pass_yds,betmgm,Under,215.5,-115,2caea57b1e5cfbba1334cfbfd46f6771,2026-10-09T17:20:15Z
nfl,GB,CHI,2026-10-11T17:00:00Z,Matthew Golden,rec_yds,betmgm,Over,56.5,-115,2caea57b1e5cfbba1334cfbfd46f6771,2026-10-09T17:20:15Z
nfl,GB,CHI,2026-10-11T17:00:00Z,Matthew Golden,rec_yds,betmgm,Under,56.5,-115,2caea57b1e5cfbba1334cfbfd46f6771,2026-10-09T17:20:15Z
nfl,GB,CHI,2026-10-11T17:00:00Z,Christian Watson,rec_yds,betmgm,Over,57.5,-135,2caea57b1e5cfbba1334cfbfd46f6771,2026-10-09T17:20:15Z
nfl,GB,CHI,2026-10-11T17:00:00Z,Christian Watson,rec_yds,betmgm,Under,57.5,100,2caea57b1e5cfbba1334cfbfd46f6771,2026-10-09T17:20:15Z
nfl,GB,CHI,2026-10-11T17:00:00Z,Rome Odunze,rec_yds,betmgm,Over,37.5,-135,2caea57b1e5cfbba1334cfbfd46f6771,2026-10-09T17:20:15Z
nfl,GB,CHI,2026-10-11T17:00:00Z,Rome Odunze,rec_yds,betmgm,Under,37.5,100,2caea57b1e5cfbba1334cfbfd46f6771,2026-10-09T17:20:15Z
nfl,GB,CHI,2026-10-11T17:00:00Z,Kalif Raymond,rec_yds,betmgm,Over,29.5,-111,2caea57b1e5cfbba1334cfbfd46f6771,2026-10-09T17:20:15Z
nfl,GB,CHI,2026-10-11T17:00:00Z,Kalif Raymond,rec_yds,betmgm,Under,29.5,-118,2caea57b1e5cfbba1334cfbfd46f6771,2026-10-09T17:20:15Z
nfl,GB,CHI,2026-10-11T17:00:00Z,Tucker Kraft,rec_yds,betmgm,Over,48.5,-111,2caea57b1e5cfbba1334cfbfd46f6771,2026-10-09T17:20:15Z
nfl,GB,CHI,2026-10-11T17:00:00Z,Tucker Kraft,rec_yds,betmgm,Under,48.5,-118,2caea57b1e5cfbba1334cfbfd46f6771,2026-10-09T17:20:15Z
nfl,GB,CHI,2026-10-11T17:00:00Z,Colston Loveland,rec_yds,betmgm,Over,37.5,-115,2caea57b1e5cfbba1334cfbfd46f6771,2026-10-09T17:20:15Z
nfl,GB,CHI,2026-10-11T17:00:00Z,Colston Loveland,rec_yds,betmgm,Under,37.5,-115,2caea57b1e5cfbba1334cfbfd46f6771,2026-10-09T17:20:15Z
nfl,GB,CHI,2026-10-11T17:00:00Z,Luther Burden III,rec_yds,betmgm,Over,48.5,-115,2caea57b1e5cfbba1334cfbfd46f6771,2026-10-09T17:20:15Z
nfl,GB,CHI,2026-10-11T17:00:00Z,Luther Burden III,rec_yds,betmgm,Under,48.5,-115,2caea57b1e5cfbba1334cfbfd46f6771,2026-10-09T17:20:15Z
nfl,GB,CHI,2026-10-11T17:00:00Z,Rome Odunze,receptions,betmgm,Over,3.5,125,2caea57b1e5cfbba1334cfbfd46f6771,2026-10-09T17:20:15Z
nfl,GB,CHI,2026-10-11T17:00:00Z,Rome Odunze,receptions,betmgm,Under,3.5,-165,2caea57b1e5cfbba1334cfbfd46f6771,2026-10-09T17:20:15Z
nfl,GB,CHI,2026-10-11T17:00:00Z,Kalif Raymond,receptions,betmgm,Over,3.5,125,2caea57b1e5cfbba1334cfbfd46f6771,2026-10-09T17:20:15Z
nfl,GB,CHI,2026-10-11T17:00:00Z,Kalif Raymond,receptions,betmgm,Under,3.5,-165,2caea57b1e5cfbba1334cfbfd46f6771,2026-10-09T17:20:15Z
nfl,GB,CHI,2026-10-11T17:00:00Z,Colston Loveland,receptions,betmgm,Over,3.5,-150,2caea57b1e5cfbba1334cfbfd46f6771,2026-10-09T17:20:15Z
nfl,GB,CHI,2026-10-11T17:00:00Z,Colston Loveland,receptions,betmgm,Under,3.5,110,2caea57b1e5cfbba1334cfbfd46f6771,2026-10-09T17:20:15Z
nfl,GB,CHI,2026-10-11T17:00:00Z,Luther Burden III,receptions,betmgm,Over,4.5,-115,2caea57b1e5cfbba1334cfbfd46f6771,2026-10-09T17:20:15Z
nfl,GB,CHI,2026-10-11T17:00:00Z,Luther Burden III,receptions,betmgm,Under,4.5,-115,2caea57b1e5cfbba1334cfbfd46f6771,2026-10-09T17:20:15Z
nfl,GB,CHI,2026-10-11T17:00:00Z,Tucker Kraft,receptions,betmgm,Over,4.5,-105,2caea57b1e5cfbba1334cfbfd46f6771,2026-10-09T17:20:15Z
nfl,GB,CHI,2026-10-11T17:00:00Z,Tucker Kraft,receptions,betmgm,Under,4.5,-125,2caea57b1e5cfbba1334cfbfd46f6771,2026-10-09T17:20:15Z
nfl,GB,CHI,2026-10-11T17:00:00Z,Christian Watson,receptions,betmgm,Over,4.5,100,2caea57b1e5cfbba1334cfbfd46f6771,2026-10-09T17:20:15Z
nfl,GB,CHI,2026-10-11T17:00:00Z,Christian Watson,receptions,betmgm,Under,4.5,-135,2caea57b1e5cfbba1334cfbfd46f6771,2026-10-09T17:20:15Z
nfl,GB,CHI,2026-10-11T17:00:00Z,Matthew Golden,receptions,betmgm,Over,4.5,100,2caea57b1e5cfbba1334cfbfd46f6771,2026-10-09T17:20:15Z
nfl,GB,CHI,2026-10-11T17:00:00Z,Matthew Golden,receptions,betmgm,Under,4.5,-135,2caea57b1e5cfbba1334cfbfd46f6771,2026-10-09T17:20:15Z
nfl,GB,CHI,2026-10-11T17:00:00Z,Tyson Bagent,rush_yds,betmgm,Over,10.5,-111,2caea57b1e5cfbba1334cfbfd46f6771,2026-10-09T17:20:15Z
nfl,GB,CHI,2026-10-11T17:00:00Z,Tyson Bagent,rush_yds,betmgm,Under,10.5,-118,2caea57b1e5cfbba1334cfbfd46f6771,2026-10-09T17:20:15Z
nfl,GB,CHI,2026-10-11T17:00:00Z,Jordan Love,rush_yds,betmgm,Over,5.5,-120,2caea57b1e5cfbba1334cfbfd46f6771,2026-10-09T17:20:15Z
nfl,GB,CHI,2026-10-11T17:00:00Z,Jordan Love,rush_yds,betmgm,Under,5.5,-111,2caea57b1e5cfbba1334cfbfd46f6771,2026-10-09T17:20:15Z
nfl,GB,CHI,2026-10-11T17:00:00Z,Jordan Love,pass_att,espnbet,Over,33.5,-115,2caea57b1e5cfbba1334cfbfd46f6771,2026-10-09T17:20:15Z
nfl,GB,CHI,2026-10-11T17:00:00Z,Jordan Love,pass_att,espnbet,Under,33.5,-115,2caea57b1e5cfbba1334cfbfd46f6771,2026-10-09T17:20:15Z
nfl,GB,CHI,2026-10-11T17:00:00Z,Tyson Bagent,pass_att,espnbet,Over,31.5,-105,2caea57b1e5cfbba1334cfbfd46f6771,2026-10-09T17:20:15Z
nfl,GB,CHI,2026-10-11T17:00:00Z,Tyson Bagent,pass_att,espnbet,Under,31.5,-125,2caea57b1e5cfbba1334cfbfd46f6771,2026-10-09T17:20:15Z
nfl,GB,CHI,2026-10-11T17:00:00Z,Jordan Love,completions,espnbet,Over,21.5,100,2caea57b1e5cfbba1334cfbfd46f6771,2026-10-09T17:20:15Z
nfl,GB,CHI,2026-10-11T17:00:00Z,Jordan Love,completions,espnbet,Under,21.5,-130,2caea57b1e5cfbba1334cfbfd46f6771,2026-10-09T17:20:15Z
nfl,GB,CHI,2026-10-11T17:00:00Z,Tyson Bagent,completions,espnbet,Over,20.5,-115,2caea57b1e5cfbba1334cfbfd46f6771,2026-10-09T17:20:15Z
nfl,GB,CHI,2026-10-11T17:00:00Z,Tyson Bagent,completions,espnbet,Under,20.5,-115,2caea57b1e5cfbba1334cfbfd46f6771,2026-10-09T17:20:15Z
nfl,GB,CHI,2026-10-11T17:00:00Z,Jordan Love,pass_td,espnbet,Over,1.5,100,2caea57b1e5cfbba1334cfbfd46f6771,2026-10-09T17:20:15Z
nfl,GB,CHI,2026-10-11T17:00:00Z,Jordan Love,pass_td,espnbet,Under,1.5,-130,2caea57b1e5cfbba1334cfbfd46f6771,2026-10-09T17:20:15Z
nfl,GB,CHI,2026-10-11T17:00:00Z,Tyson Bagent,pass_td,espnbet,Over,1.5,120,2caea57b1e5cfbba1334cfbfd46f6771,2026-10-09T17:20:15Z
nfl,GB,CHI,2026-10-11T17:00:00Z,Tyson Bagent,pass_td,espnbet,Under,1.5,-155,2caea57b1e5cfbba1334cfbfd46f6771,2026-10-09T17:20:15Z
nfl,GB,CHI,2026-10-11T17:00:00Z,Jordan Love,pass_yds,espnbet,Over,234.5,-125,2caea57b1e5cfbba1334cfbfd46f6771,2026-10-09T17:20:15Z
nfl,GB,CHI,2026-10-11T17:00:00Z,Jordan Love,pass_yds,espnbet,Under,234.5,-105,2caea57b1e5cfbba1334cfbfd46f6771,2026-10-09T17:20:15Z
nfl,GB,CHI,2026-10-11T17:00:00Z,Tyson Bagent,pass_yds,espnbet,Over,219.5,-105,2caea57b1e5cfbba1334cfbfd46f6771,2026-10-09T17:20:15Z
nfl,GB,CHI,2026-10-11T17:00:00Z,Tyson Bagent,pass_yds,espnbet,Under,219.5,-125,2caea57b1e5cfbba1334cfbfd46f6771,2026-10-09T17:20:15Z
nfl,GB,CHI,2026-10-11T17:00:00Z,Christian Watson,rec_yds,espnbet,Over,59.5,-125,2caea57b1e5cfbba1334cfbfd46f6771,2026-10-09T17:20:15Z
nfl,GB,CHI,2026-10-11T17:00:00Z,Christian Watson,rec_yds,espnbet,Under,59.5,-105,2caea57b1e5cfbba1334cfbfd46f6771,2026-10-09T17:20:15Z
nfl,GB,CHI,2026-10-11T17:00:00Z,Matthew Golden,rec_yds,espnbet,Over,56.5,-110,2caea57b1e5cfbba1334cfbfd46f6771,2026-10-09T17:20:15Z
nfl,GB,CHI,2026-10-11T17:00:00Z,Matthew Golden,rec_yds,espnbet,Under,56.5,-120,2caea57b1e5cfbba1334cfbfd46f6771,2026-10-09T17:20:15Z
nfl,GB,CHI,2026-10-11T17:00:00Z,Tucker Kraft,rec_yds,espnbet,Over,49.5,-110,2caea57b1e5cfbba1334cfbfd46f6771,2026-10-09T17:20:15Z
nfl,GB,CHI,2026-10-11T17:00:00Z,Tucker Kraft,rec_yds,espnbet,Under,49.5,-120,2caea57b1e5cfbba1334cfbfd46f6771,2026-10-09T17:20:15Z
nfl,GB,CHI,2026-10-11T17:00:00Z,Luther Burden III,rec_yds,espnbet,Over,44.5,-125,2caea57b1e5cfbba1334cfbfd46f6771,2026-10-09T17:20:15Z
nfl,GB,CHI,2026-10-11T17:00:00Z,Luther Burden III,rec_yds,espnbet,Under,44.5,-105,2caea57b1e5cfbba1334cfbfd46f6771,2026-10-09T17:20:15Z
nfl,GB,CHI,2026-10-11T17:00:00Z,Colston Loveland,rec_yds,espnbet,Over,39.5,-110,2caea57b1e5cfbba1334cfbfd46f6771,2026-10-09T17:20:15Z
nfl,GB,CHI,2026-10-11T17:00:00Z,Colston Loveland,rec_yds,espnbet,Under,39.5,-120,2caea57b1e5cfbba1334cfbfd46f6771,2026-10-09T17:20:15Z
nfl,GB,CHI,2026-10-11T17:00:00Z,Rome Odunze,rec_yds,espnbet,Over,44.5,100,2caea57b1e5cfbba1334cfbfd46f6771,2026-10-09T17:20:15Z
nfl,GB,CHI,2026-10-11T17:00:00Z,Rome Odunze,rec_yds,espnbet,Under,44.5,-130,2caea57b1e5cfbba1334cfbfd46f6771,2026-10-09T17:20:15Z
nfl,GB,CHI,2026-10-11T17:00:00Z,Skyy Moore,rec_yds,espnbet,Over,16.5,110,2caea57b1e5cfbba1334cfbfd46f6771,2026-10-09T17:20:15Z
nfl,GB,CHI,2026-10-11T17:00:00Z,Skyy Moore,rec_yds,espnbet,Under,16.5,-140,2caea57b1e5cfbba1334cfbfd46f6771,2026-10-09T17:20:15Z
nfl,GB,CHI,2026-10-11T17:00:00Z,Kalif Raymond,rec_yds,espnbet,Over,29.5,100,2caea57b1e5cfbba1334cfbfd46f6771,2026-10-09T17:20:15Z
nfl,GB,CHI,2026-10-11T17:00:00Z,Kalif Raymond,rec_yds,espnbet,Under,29.5,-130,2caea57b1e5cfbba1334cfbfd46f6771,2026-10-09T17:20:15Z
nfl,GB,CHI,2026-10-11T17:00:00Z,MarShawn Lloyd,rec_yds,espnbet,Over,12.5,-125,2caea57b1e5cfbba1334cfbfd46f6771,2026-10-09T17:20:15Z
nfl,GB,CHI,2026-10-11T17:00:00Z,MarShawn Lloyd,rec_yds,espnbet,Under,12.5,-105,2caea57b1e5cfbba1334cfbfd46f6771,2026-10-09T17:20:15Z
nfl,GB,CHI,2026-10-11T17:00:00Z,Jonnu Smith,rec_yds,espnbet,Over,7.5,-105,2caea57b1e5cfbba1334cfbfd46f6771,2026-10-09T17:20:15Z
nfl,GB,CHI,2026-10-11T17:00:00Z,Jonnu Smith,rec_yds,espnbet,Under,7.5,-125,2caea57b1e5cfbba1334cfbfd46f6771,2026-10-09T17:20:15Z
nfl,GB,CHI,2026-10-11T17:00:00Z,Cole Kmet,rec_yds,espnbet,Over,9.5,-105,2caea57b1e5cfbba1334cfbfd46f6771,2026-10-09T17:20:15Z
nfl,GB,CHI,2026-10-11T17:00:00Z,Cole Kmet,rec_yds,espnbet,Under,9.5,-125,2caea57b1e5cfbba1334cfbfd46f6771,2026-10-09T17:20:15Z
nfl,GB,CHI,2026-10-11T17:00:00Z,Christian Watson,receptions,espnbet,Over,4.5,110,2caea57b1e5cfbba1334cfbfd46f6771,2026-10-09T17:20:15Z
nfl,GB,CHI,2026-10-11T17:00:00Z,Christian Watson,receptions,espnbet,Under,4.5,-140,2caea57b1e5cfbba1334cfbfd46f6771,2026-10-09T17:20:15Z
nfl,GB,CHI,2026-10-11T17:00:00Z,Luther Burden III,receptions,espnbet,Over,4.5,100,2caea57b1e5cfbba1334cfbfd46f6771,2026-10-09T17:20:15Z
nfl,GB,CHI,2026-10-11T17:00:00Z,Luther Burden III,receptions,espnbet,Under,4.5,-130,2caea57b1e5cfbba1334cfbfd46f6771,2026-10-09T17:20:15Z
nfl,GB,CHI,2026-10-11T17:00:00Z,Matthew Golden,receptions,espnbet,Over,4.5,-115,2caea57b1e5cfbba1334cfbfd46f6771,2026-10-09T17:20:15Z
nfl,GB,CHI,2026-10-11T17:00:00Z,Matthew Golden,receptions,espnbet,Under,4.5,-115,2caea57b1e5cfbba1334cfbfd46f6771,2026-10-09T17:20:15Z
nfl,GB,CHI,2026-10-11T17:00:00Z,Tucker Kraft,receptions,espnbet,Over,4.5,100,2caea57b1e5cfbba1334cfbfd46f6771,2026-10-09T17:20:15Z
nfl,GB,CHI,2026-10-11T17:00:00Z,Tucker Kraft,receptions,espnbet,Under,4.5,-130,2caea57b1e5cfbba1334cfbfd46f6771,2026-10-09T17:20:15Z
nfl,GB,CHI,2026-10-11T17:00:00Z,Colston Loveland,receptions,espnbet,Over,4.5,125,2caea57b1e5cfbba1334cfbfd46f6771,2026-10-09T17:20:15Z
nfl,GB,CHI,2026-10-11T17:00:00Z,Colston Loveland,receptions,espnbet,Under,4.5,-160,2caea57b1e5cfbba1334cfbfd46f6771,2026-10-09T17:20:15Z
nfl,GB,CHI,2026-10-11T17:00:00Z,Kalif Raymond,receptions,espnbet,Over,3.5,125,2caea57b1e5cfbba1334cfbfd46f6771,2026-10-09T17:20:15Z
nfl,GB,CHI,2026-10-11T17:00:00Z,Kalif Raymond,receptions,espnbet,Under,3.5,-160,2caea57b1e5cfbba1334cfbfd46f6771,2026-10-09T17:20:15Z
nfl,GB,CHI,2026-10-11T17:00:00Z,Rome Odunze,receptions,espnbet,Over,3.5,120,2caea57b1e5cfbba1334cfbfd46f6771,2026-10-09T17:20:15Z
nfl,GB,CHI,2026-10-11T17:00:00Z,Rome Odunze,receptions,espnbet,Under,3.5,-155,2caea57b1e5cfbba1334cfbfd46f6771,2026-10-09T17:20:15Z
nfl,GB,CHI,2026-10-11T17:00:00Z,MarShawn Lloyd,receptions,espnbet,Over,2.5,135,2caea57b1e5cfbba1334cfbfd46f6771,2026-10-09T17:20:15Z
nfl,GB,CHI,2026-10-11T17:00:00Z,MarShawn Lloyd,receptions,espnbet,Under,2.5,-180,2caea57b1e5cfbba1334cfbfd46f6771,2026-10-09T17:20:15Z
nfl,GB,CHI,2026-10-11T17:00:00Z,Skyy Moore,receptions,espnbet,Over,1.5,-105,2caea57b1e5cfbba1334cfbfd46f6771,2026-10-09T17:20:15Z
nfl,GB,CHI,2026-10-11T17:00:00Z,Skyy Moore,receptions,espnbet,Under,1.5,-125,2caea57b1e5cfbba1334cfbfd46f6771,2026-10-09T17:20:15Z
nfl,GB,CHI,2026-10-11T17:00:00Z,Cole Kmet,receptions,espnbet,Over,1.5,125,2caea57b1e5cfbba1334cfbfd46f6771,2026-10-09T17:20:15Z
nfl,GB,CHI,2026-10-11T17:00:00Z,Cole Kmet,receptions,espnbet,Under,1.5,-160,2caea57b1e5cfbba1334cfbfd46f6771,2026-10-09T17:20:15Z
nfl,GB,CHI,2026-10-11T17:00:00Z,Jonnu Smith,receptions,espnbet,Over,1.5,190,2caea57b1e5cfbba1334cfbfd46f6771,2026-10-09T17:20:15Z
nfl,GB,CHI,2026-10-11T17:00:00Z,Jonnu Smith,receptions,espnbet,Under,1.5,-260,2caea57b1e5cfbba1334cfbfd46f6771,2026-10-09T17:20:15Z
nfl,GB,CHI,2026-10-11T17:00:00Z,MarShawn Lloyd,rush_yds,espnbet,Over,28.5,-115,2caea57b1e5cfbba1334cfbfd46f6771,2026-10-09T17:20:15Z
nfl,GB,CHI,2026-10-11T17:00:00Z,MarShawn Lloyd,rush_yds,espnbet,Under,28.5,-115,2caea57b1e5cfbba1334cfbfd46f6771,2026-10-09T17:20:15Z
nfl,GB,CHI,2026-10-11T17:00:00Z,Tyson Bagent,rush_yds,espnbet,Over,9.5,-115,2caea57b1e5cfbba1334cfbfd46f6771,2026-10-09T17:20:15Z
nfl,GB,CHI,2026-10-11T17:00:00Z,Tyson Bagent,rush_yds,espnbet,Under,9.5,-115,2caea57b1e5cfbba1334cfbfd46f6771,2026-10-09T17:20:15Z
nfl,GB,CHI,2026-10-11T17:00:00Z,Jordan Love,rush_yds,espnbet,Over,6.5,-110,2caea57b1e5cfbba1334cfbfd46f6771,2026-10-09T17:20:15Z
nfl,GB,CHI,2026-10-11T17:00:00Z,Jordan Love,rush_yds,espnbet,Under,6.5,-120,2caea57b1e5cfbba1334cfbfd46f6771,2026-10-09T17:20:15Z
nfl,TEN,HOU,2026-10-11T17:00:00Z,David Montgomery,anytime_td,draftkings,Yes,,120,cc52bba56e74f5cddbe9011046181c3d,2026-10-09T17:20:26Z
nfl,TEN,HOU,2026-10-11T17:00:00Z,Nico Collins,anytime_td,draftkings,Yes,,135,cc52bba56e74f5cddbe9011046181c3d,2026-10-09T17:20:26Z
nfl,TEN,HOU,2026-10-11T17:00:00Z,Tony Pollard,anytime_td,draftkings,Yes,,230,cc52bba56e74f5cddbe9011046181c3d,2026-10-09T17:20:26Z
nfl,TEN,HOU,2026-10-11T17:00:00Z,Woody Marks,anytime_td,draftkings,Yes,,230,cc52bba56e74f5cddbe9011046181c3d,2026-10-09T17:20:26Z
nfl,TEN,HOU,2026-10-11T17:00:00Z,Dalton Schultz,anytime_td,draftkings,Yes,,260,cc52bba56e74f5cddbe9011046181c3d,2026-10-09T17:20:26Z
nfl,TEN,HOU,2026-10-11T17:00:00Z,Carnell Tate,anytime_td,draftkings,Yes,,380,cc52bba56e74f5cddbe9011046181c3d,2026-10-09T17:20:26Z
nfl,TEN,HOU,2026-10-11T17:00:00Z,Wan'Dale Robinson,anytime_td,draftkings,Yes,,500,cc52bba56e74f5cddbe9011046181c3d,2026-10-09T17:20:26Z
nfl,TEN,HOU,2026-10-11T17:00:00Z,Gunnar Helm,anytime_td,draftkings,Yes,,500,cc52bba56e74f5cddbe9011046181c3d,2026-10-09T17:20:26Z
nfl,TEN,HOU,2026-10-11T17:00:00Z,Jaylin Noel,anytime_td,draftkings,Yes,,500,cc52bba56e74f5cddbe9011046181c3d,2026-10-09T17:20:26Z
nfl,TEN,HOU,2026-10-11T17:00:00Z,Kayshon Boutte,anytime_td,draftkings,Yes,,550,cc52bba56e74f5cddbe9011046181c3d,2026-10-09T17:20:26Z
nfl,TEN,HOU,2026-10-11T17:00:00Z,Xavier Hutchinson,anytime_td,draftkings,Yes,,550,cc52bba56e74f5cddbe9011046181c3d,2026-10-09T17:20:26Z
nfl,TEN,HOU,2026-10-11T17:00:00Z,Houston Texans D/ST,anytime_td,draftkings,Yes,,650,cc52bba56e74f5cddbe9011046181c3d,2026-10-09T17:20:26Z
nfl,TEN,HOU,2026-10-11T17:00:00Z,Tyjae Spears,anytime_td,draftkings,Yes,,650,cc52bba56e74f5cddbe9011046181c3d,2026-10-09T17:20:26Z
nfl,TEN,HOU,2026-10-11T17:00:00Z,Cam Ward,anytime_td,draftkings,Yes,,700,cc52bba56e74f5cddbe9011046181c3d,2026-10-09T17:20:26Z
nfl,TEN,HOU,2026-10-11T17:00:00Z,Tennessee Titans D/ST,anytime_td,draftkings,Yes,,750,cc52bba56e74f5cddbe9011046181c3d,2026-10-09T17:20:26Z
nfl,TEN,HOU,2026-10-11T17:00:00Z,Elic Ayomanor,anytime_td,draftkings,Yes,,750,cc52bba56e74f5cddbe9011046181c3d,2026-10-09T17:20:26Z
nfl,TEN,HOU,2026-10-11T17:00:00Z,C.J. Stroud,anytime_td,draftkings,Yes,,750,cc52bba56e74f5cddbe9011046181c3d,2026-10-09T17:20:26Z
nfl,TEN,HOU,2026-10-11T17:00:00Z,Foster Moreau,anytime_td,draftkings,Yes,,750,cc52bba56e74f5cddbe9011046181c3d,2026-10-09T17:20:26Z
nfl,TEN,HOU,2026-10-11T17:00:00Z,Calvin Ridley,anytime_td,draftkings,Yes,,1400,cc52bba56e74f5cddbe9011046181c3d,2026-10-09T17:20:26Z
nfl,TEN,HOU,2026-10-11T17:00:00Z,Daniel Bellinger,anytime_td,draftkings,Yes,,1400,cc52bba56e74f5cddbe9011046181c3d,2026-10-09T17:20:26Z
nfl,TEN,HOU,2026-10-11T17:00:00Z,Cade Stover,anytime_td,draftkings,Yes,,1500,cc52bba56e74f5cddbe9011046181c3d,2026-10-09T17:20:26Z
nfl,TEN,HOU,2026-10-11T17:00:00Z,Chimere Dike,anytime_td,draftkings,Yes,,1600,cc52bba56e74f5cddbe9011046181c3d,2026-10-09T17:20:26Z
nfl,TEN,HOU,2026-10-11T17:00:00Z,Jared Wayne,anytime_td,draftkings,Yes,,1700,cc52bba56e74f5cddbe9011046181c3d,2026-10-09T17:20:26Z
nfl,TEN,HOU,2026-10-11T17:00:00Z,Nicholas Singleton,anytime_td,draftkings,Yes,,2000,cc52bba56e74f5cddbe9011046181c3d,2026-10-09T17:20:26Z
nfl,TEN,HOU,2026-10-11T17:00:00Z,Dare Ogunbowale,anytime_td,draftkings,Yes,,2000,cc52bba56e74f5cddbe9011046181c3d,2026-10-09T17:20:26Z
nfl,TEN,HOU,2026-10-11T17:00:00Z,Brevin Jordan,anytime_td,draftkings,Yes,,2200,cc52bba56e74f5cddbe9011046181c3d,2026-10-09T17:20:26Z
nfl,TEN,HOU,2026-10-11T17:00:00Z,Marlin Klein,anytime_td,draftkings,Yes,,2200,cc52bba56e74f5cddbe9011046181c3d,2026-10-09T17:20:26Z
nfl,TEN,HOU,2026-10-11T17:00:00Z,Michael Carter,anytime_td,draftkings,Yes,,2500,cc52bba56e74f5cddbe9011046181c3d,2026-10-09T17:20:26Z
nfl,TEN,HOU,2026-10-11T17:00:00Z,David Martin-Robinson,anytime_td,draftkings,Yes,,3000,cc52bba56e74f5cddbe9011046181c3d,2026-10-09T17:20:26Z
nfl,TEN,HOU,2026-10-11T17:00:00Z,Kylen Granson,anytime_td,draftkings,Yes,,3500,cc52bba56e74f5cddbe9011046181c3d,2026-10-09T17:20:26Z
nfl,TEN,HOU,2026-10-11T17:00:00Z,Julius Chestnut,anytime_td,draftkings,Yes,,4500,cc52bba56e74f5cddbe9011046181c3d,2026-10-09T17:20:26Z
nfl,TEN,HOU,2026-10-11T17:00:00Z,Cam Ward,pass_att,draftkings,Over,31.5,-119,cc52bba56e74f5cddbe9011046181c3d,2026-10-09T17:20:26Z
nfl,TEN,HOU,2026-10-11T17:00:00Z,Cam Ward,pass_att,draftkings,Under,31.5,-107,cc52bba56e74f5cddbe9011046181c3d,2026-10-09T17:20:26Z
nfl,TEN,HOU,2026-10-11T17:00:00Z,C.J. Stroud,pass_att,draftkings,Over,31.5,-110,cc52bba56e74f5cddbe9011046181c3d,2026-10-09T17:20:26Z
nfl,TEN,HOU,2026-10-11T17:00:00Z,C.J. Stroud,pass_att,draftkings,Under,31.5,-116,cc52bba56e74f5cddbe9011046181c3d,2026-10-09T17:20:26Z
nfl,TEN,HOU,2026-10-11T17:00:00Z,C.J. Stroud,completions,draftkings,Over,21.5,-120,cc52bba56e74f5cddbe9011046181c3d,2026-10-09T17:20:26Z
nfl,TEN,HOU,2026-10-11T17:00:00Z,C.J. Stroud,completions,draftkings,Under,21.5,-106,cc52bba56e74f5cddbe9011046181c3d,2026-10-09T17:20:26Z
nfl,TEN,HOU,2026-10-11T17:00:00Z,Cam Ward,completions,draftkings,Over,19.5,-104,cc52bba56e74f5cddbe9011046181c3d,2026-10-09T17:20:26Z
nfl,TEN,HOU,2026-10-11T17:00:00Z,Cam Ward,completions,draftkings,Under,19.5,-123,cc52bba56e74f5cddbe9011046181c3d,2026-10-09T17:20:26Z
nfl,TEN,HOU,2026-10-11T17:00:00Z,C.J. Stroud,pass_td,draftkings,Over,1.5,-104,cc52bba56e74f5cddbe9011046181c3d,2026-10-09T17:20:26Z
nfl,TEN,HOU,2026-10-11T17:00:00Z,C.J. Stroud,pass_td,draftkings,Under,1.5,-123,cc52bba56e74f5cddbe9011046181c3d,2026-10-09T17:20:26Z
nfl,TEN,HOU,2026-10-11T17:00:00Z,Cam Ward,pass_td,draftkings,Over,0.5,-176,cc52bba56e74f5cddbe9011046181c3d,2026-10-09T17:20:26Z
nfl,TEN,HOU,2026-10-11T17:00:00Z,Cam Ward,pass_td,draftkings,Under,0.5,137,cc52bba56e74f5cddbe9011046181c3d,2026-10-09T17:20:26Z
nfl,TEN,HOU,2026-10-11T17:00:00Z,C.J. Stroud,pass_yds,draftkings,Over,245.5,-111,cc52bba56e74f5cddbe9011046181c3d,2026-10-09T17:20:26Z
nfl,TEN,HOU,2026-10-11T17:00:00Z,C.J. Stroud,pass_yds,draftkings,Under,245.5,-113,cc52bba56e74f5cddbe9011046181c3d,2026-10-09T17:20:26Z
nfl,TEN,HOU,2026-10-11T17:00:00Z,Cam Ward,pass_yds,draftkings,Over,192.5,-113,cc52bba56e74f5cddbe9011046181c3d,2026-10-09T17:20:26Z
nfl,TEN,HOU,2026-10-11T17:00:00Z,Cam Ward,pass_yds,draftkings,Under,192.5,-111,cc52bba56e74f5cddbe9011046181c3d,2026-10-09T17:20:26Z
nfl,TEN,HOU,2026-10-11T17:00:00Z,Nico Collins,rec_yds,draftkings,Over,78.5,-112,cc52bba56e74f5cddbe9011046181c3d,2026-10-09T17:20:26Z
nfl,TEN,HOU,2026-10-11T17:00:00Z,Nico Collins,rec_yds,draftkings,Under,78.5,-112,cc52bba56e74f5cddbe9011046181c3d,2026-10-09T17:20:26Z
nfl,TEN,HOU,2026-10-11T17:00:00Z,Carnell Tate,rec_yds,draftkings,Over,46.5,-109,cc52bba56e74f5cddbe9011046181c3d,2026-10-09T17:20:26Z
nfl,TEN,HOU,2026-10-11T17:00:00Z,Carnell Tate,rec_yds,draftkings,Under,46.5,-115,cc52bba56e74f5cddbe9011046181c3d,2026-10-09T17:20:26Z
nfl,TEN,HOU,2026-10-11T17:00:00Z,Dalton Schultz,rec_yds,draftkings,Over,38.5,-109,cc52bba56e74f5cddbe9011046181c3d,2026-10-09T17:20:26Z
nfl,TEN,HOU,2026-10-11T17:00:00Z,Dalton Schultz,rec_yds,draftkings,Under,38.5,-115,cc52bba56e74f5cddbe9011046181c3d,2026-10-09T17:20:26Z
nfl,TEN,HOU,2026-10-11T17:00:00Z,Wan'Dale Robinson,rec_yds,draftkings,Over,34.5,-112,cc52bba56e74f5cddbe9011046181c3d,2026-10-09T17:20:26Z
nfl,TEN,HOU,2026-10-11T17:00:00Z,Wan'Dale Robinson,rec_yds,draftkings,Under,34.5,-112,cc52bba56e74f5cddbe9011046181c3d,2026-10-09T17:20:26Z
nfl,TEN,HOU,2026-10-11T17:00:00Z,Kayshon Boutte,rec_yds,draftkings,Over,24.5,-112,cc52bba56e74f5cddbe9011046181c3d,2026-10-09T17:20:26Z
nfl,TEN,HOU,2026-10-11T17:00:00Z,Kayshon Boutte,rec_yds,draftkings,Under,24.5,-112,cc52bba56e74f5cddbe9011046181c3d,2026-10-09T17:20:26Z
nfl,TEN,HOU,2026-10-11T17:00:00Z,Jaylin Noel,rec_yds,draftkings,Over,19.5,-114,cc52bba56e74f5cddbe9011046181c3d,2026-10-09T17:20:26Z
nfl,TEN,HOU,2026-10-11T17:00:00Z,Jaylin Noel,rec_yds,draftkings,Under,19.5,-110,cc52bba56e74f5cddbe9011046181c3d,2026-10-09T17:20:26Z
nfl,TEN,HOU,2026-10-11T17:00:00Z,Elic Ayomanor,rec_yds,draftkings,Over,17.5,-107,cc52bba56e74f5cddbe9011046181c3d,2026-10-09T17:20:26Z
nfl,TEN,HOU,2026-10-11T17:00:00Z,Elic Ayomanor,rec_yds,draftkings,Under,17.5,-117,cc52bba56e74f5cddbe9011046181c3d,2026-10-09T17:20:26Z
nfl,TEN,HOU,2026-10-11T17:00:00Z,Gunnar Helm,rec_yds,draftkings,Over,16.5,-114,cc52bba56e74f5cddbe9011046181c3d,2026-10-09T17:20:26Z
nfl,TEN,HOU,2026-10-11T17:00:00Z,Gunnar Helm,rec_yds,draftkings,Under,16.5,-111,cc52bba56e74f5cddbe9011046181c3d,2026-10-09T17:20:26Z
nfl,TEN,HOU,2026-10-11T17:00:00Z,Xavier Hutchinson,rec_yds,draftkings,Over,14.5,-111,cc52bba56e74f5cddbe9011046181c3d,2026-10-09T17:20:26Z
nfl,TEN,HOU,2026-10-11T17:00:00Z,Xavier Hutchinson,rec_yds,draftkings,Under,14.5,-113,cc52bba56e74f5cddbe9011046181c3d,2026-10-09T17:20:26Z
nfl,TEN,HOU,2026-10-11T17:00:00Z,Tyjae Spears,rec_yds,draftkings,Over,11.5,-106,cc52bba56e74f5cddbe9011046181c3d,2026-10-09T17:20:26Z
nfl,TEN,HOU,2026-10-11T17:00:00Z,Tyjae Spears,rec_yds,draftkings,Under,11.5,-118,cc52bba56e74f5cddbe9011046181c3d,2026-10-09T17:20:26Z
nfl,TEN,HOU,2026-10-11T17:00:00Z,Calvin Ridley,rec_yds,draftkings,Over,10.5,-110,cc52bba56e74f5cddbe9011046181c3d,2026-10-09T17:20:26Z
nfl,TEN,HOU,2026-10-11T17:00:00Z,Calvin Ridley,rec_yds,draftkings,Under,10.5,-114,cc52bba56e74f5cddbe9011046181c3d,2026-10-09T17:20:26Z
nfl,TEN,HOU,2026-10-11T17:00:00Z,Tony Pollard,rec_yds,draftkings,Over,9.5,-109,cc52bba56e74f5cddbe9011046181c3d,2026-10-09T17:20:26Z
nfl,TEN,HOU,2026-10-11T17:00:00Z,Tony Pollard,rec_yds,draftkings,Under,9.5,-115,cc52bba56e74f5cddbe9011046181c3d,2026-10-09T17:20:26Z
nfl,TEN,HOU,2026-10-11T17:00:00Z,Woody Marks,rec_yds,draftkings,Over,8.5,-117,cc52bba56e74f5cddbe9011046181c3d,2026-10-09T17:20:26Z
nfl,TEN,HOU,2026-10-11T17:00:00Z,Woody Marks,rec_yds,draftkings,Under,8.5,-108,cc52bba56e74f5cddbe9011046181c3d,2026-10-09T17:20:26Z
nfl,TEN,HOU,2026-10-11T17:00:00Z,David Montgomery,rec_yds,draftkings,Over,7.5,-117,cc52bba56e74f5cddbe9011046181c3d,2026-10-09T17:20:26Z
nfl,TEN,HOU,2026-10-11T17:00:00Z,David Montgomery,rec_yds,draftkings,Under,7.5,-107,cc52bba56e74f5cddbe9011046181c3d,2026-10-09T17:20:26Z
nfl,TEN,HOU,2026-10-11T17:00:00Z,Nico Collins,receptions,draftkings,Over,5.5,-128,cc52bba56e74f5cddbe9011046181c3d,2026-10-09T17:20:26Z
nfl,TEN,HOU,2026-10-11T17:00:00Z,Nico Collins,receptions,draftkings,Under,5.5,100,cc52bba56e74f5cddbe9011046181c3d,2026-10-09T17:20:26Z
nfl,TEN,HOU,2026-10-11T17:00:00Z,Carnell Tate,receptions,draftkings,Over,4.5,113,cc52bba56e74f5cddbe9011046181c3d,2026-10-09T17:20:26Z
nfl,TEN,HOU,2026-10-11T17:00:00Z,Carnell Tate,receptions,draftkings,Under,4.5,-145,cc52bba56e74f5cddbe9011046181c3d,2026-10-09T17:20:26Z
nfl,TEN,HOU,2026-10-11T17:00:00Z,Dalton Schultz,receptions,draftkings,Over,4.5,114,cc52bba56e74f5cddbe9011046181c3d,2026-10-09T17:20:26Z
nfl,TEN,HOU,2026-10-11T17:00:00Z,Dalton Schultz,receptions,draftkings,Under,4.5,-145,cc52bba56e74f5cddbe9011046181c3d,2026-10-09T17:20:26Z
nfl,TEN,HOU,2026-10-11T17:00:00Z,Wan'Dale Robinson,receptions,draftkings,Over,3.5,-143,cc52bba56e74f5cddbe9011046181c3d,2026-10-09T17:20:26Z
nfl,TEN,HOU,2026-10-11T17:00:00Z,Wan'Dale Robinson,receptions,draftkings,Under,3.5,112,cc52bba56e74f5cddbe9011046181c3d,2026-10-09T17:20:26Z
nfl,TEN,HOU,2026-10-11T17:00:00Z,Gunnar Helm,receptions,draftkings,Over,2.5,116,cc52bba56e74f5cddbe9011046181c3d,2026-10-09T17:20:26Z
nfl,TEN,HOU,2026-10-11T17:00:00Z,Gunnar Helm,receptions,draftkings,Under,2.5,-148,cc52bba56e74f5cddbe9011046181c3d,2026-10-09T17:20:26Z
nfl,TEN,HOU,2026-10-11T17:00:00Z,Kayshon Boutte,receptions,draftkings,Over,2.5,125,cc52bba56e74f5cddbe9011046181c3d,2026-10-09T17:20:26Z
nfl,TEN,HOU,2026-10-11T17:00:00Z,Kayshon Boutte,receptions,draftkings,Under,2.5,-160,cc52bba56e74f5cddbe9011046181c3d,2026-10-09T17:20:26Z
nfl,TEN,HOU,2026-10-11T17:00:00Z,Tyjae Spears,receptions,draftkings,Over,1.5,-188,cc52bba56e74f5cddbe9011046181c3d,2026-10-09T17:20:26Z
nfl,TEN,HOU,2026-10-11T17:00:00Z,Tyjae Spears,receptions,draftkings,Under,1.5,147,cc52bba56e74f5cddbe9011046181c3d,2026-10-09T17:20:26Z
nfl,TEN,HOU,2026-10-11T17:00:00Z,Jaylin Noel,receptions,draftkings,Over,1.5,-157,cc52bba56e74f5cddbe9011046181c3d,2026-10-09T17:20:26Z
nfl,TEN,HOU,2026-10-11T17:00:00Z,Jaylin Noel,receptions,draftkings,Under,1.5,123,cc52bba56e74f5cddbe9011046181c3d,2026-10-09T17:20:26Z
nfl,TEN,HOU,2026-10-11T17:00:00Z,Tony Pollard,receptions,draftkings,Over,1.5,-138,cc52bba56e74f5cddbe9011046181c3d,2026-10-09T17:20:26Z
nfl,TEN,HOU,2026-10-11T17:00:00Z,Tony Pollard,receptions,draftkings,Under,1.5,108,cc52bba56e74f5cddbe9011046181c3d,2026-10-09T17:20:26Z
nfl,TEN,HOU,2026-10-11T17:00:00Z,Woody Marks,receptions,draftkings,Over,1.5,-118,cc52bba56e74f5cddbe9011046181c3d,2026-10-09T17:20:26Z
nfl,TEN,HOU,2026-10-11T17:00:00Z,Woody Marks,receptions,draftkings,Under,1.5,-108,cc52bba56e74f5cddbe9011046181c3d,2026-10-09T17:20:26Z
nfl,TEN,HOU,2026-10-11T17:00:00Z,Elic Ayomanor,receptions,draftkings,Over,1.5,-108,cc52bba56e74f5cddbe9011046181c3d,2026-10-09T17:20:26Z
nfl,TEN,HOU,2026-10-11T17:00:00Z,Elic Ayomanor,receptions,draftkings,Under,1.5,-119,cc52bba56e74f5cddbe9011046181c3d,2026-10-09T17:20:26Z
nfl,TEN,HOU,2026-10-11T17:00:00Z,David Montgomery,receptions,draftkings,Over,1.5,110,cc52bba56e74f5cddbe9011046181c3d,2026-10-09T17:20:26Z
nfl,TEN,HOU,2026-10-11T17:00:00Z,David Montgomery,receptions,draftkings,Under,1.5,-141,cc52bba56e74f5cddbe9011046181c3d,2026-10-09T17:20:26Z
nfl,TEN,HOU,2026-10-11T17:00:00Z,Xavier Hutchinson,receptions,draftkings,Over,1.5,142,cc52bba56e74f5cddbe9011046181c3d,2026-10-09T17:20:26Z
nfl,TEN,HOU,2026-10-11T17:00:00Z,Xavier Hutchinson,receptions,draftkings,Under,1.5,-183,cc52bba56e74f5cddbe9011046181c3d,2026-10-09T17:20:26Z
nfl,TEN,HOU,2026-10-11T17:00:00Z,Calvin Ridley,receptions,draftkings,Over,0.5,-205,cc52bba56e74f5cddbe9011046181c3d,2026-10-09T17:20:26Z
nfl,TEN,HOU,2026-10-11T17:00:00Z,Calvin Ridley,receptions,draftkings,Under,0.5,159,cc52bba56e74f5cddbe9011046181c3d,2026-10-09T17:20:26Z
nfl,TEN,HOU,2026-10-11T17:00:00Z,David Montgomery,rush_att,draftkings,Over,14.5,-110,cc52bba56e74f5cddbe9011046181c3d,2026-10-09T17:20:26Z
nfl,TEN,HOU,2026-10-11T17:00:00Z,David Montgomery,rush_att,draftkings,Under,14.5,-116,cc52bba56e74f5cddbe9011046181c3d,2026-10-09T17:20:26Z
nfl,TEN,HOU,2026-10-11T17:00:00Z,Tony Pollard,rush_att,draftkings,Over,14.5,-110,cc52bba56e74f5cddbe9011046181c3d,2026-10-09T17:20:26Z
nfl,TEN,HOU,2026-10-11T17:00:00Z,Tony Pollard,rush_att,draftkings,Under,14.5,-116,cc52bba56e74f5cddbe9011046181c3d,2026-10-09T17:20:26Z
nfl,TEN,HOU,2026-10-11T17:00:00Z,Woody Marks,rush_att,draftkings,Over,8.5,-108,cc52bba56e74f5cddbe9011046181c3d,2026-10-09T17:20:26Z
nfl,TEN,HOU,2026-10-11T17:00:00Z,Woody Marks,rush_att,draftkings,Under,8.5,-118,cc52bba56e74f5cddbe9011046181c3d,2026-10-09T17:20:26Z
nfl,TEN,HOU,2026-10-11T17:00:00Z,Tony Pollard,rush_yds,draftkings,Over,50.5,-113,cc52bba56e74f5cddbe9011046181c3d,2026-10-09T17:20:26Z
nfl,TEN,HOU,2026-10-11T17:00:00Z,Tony Pollard,rush_yds,draftkings,Under,50.5,-111,cc52bba56e74f5cddbe9011046181c3d,2026-10-09T17:20:26Z
nfl,TEN,HOU,2026-10-11T17:00:00Z,David Montgomery,rush_yds,draftkings,Over,45.5,-114,cc52bba56e74f5cddbe9011046181c3d,2026-10-09T17:20:26Z
nfl,TEN,HOU,2026-10-11T17:00:00Z,David Montgomery,rush_yds,draftkings,Under,45.5,-110,cc52bba56e74f5cddbe9011046181c3d,2026-10-09T17:20:26Z
nfl,TEN,HOU,2026-10-11T17:00:00Z,Woody Marks,rush_yds,draftkings,Over,31.5,-109,cc52bba56e74f5cddbe9011046181c3d,2026-10-09T17:20:26Z
nfl,TEN,HOU,2026-10-11T17:00:00Z,Woody Marks,rush_yds,draftkings,Under,31.5,-115,cc52bba56e74f5cddbe9011046181c3d,2026-10-09T17:20:26Z
nfl,TEN,HOU,2026-10-11T17:00:00Z,Tyjae Spears,rush_yds,draftkings,Over,13.5,-117,cc52bba56e74f5cddbe9011046181c3d,2026-10-09T17:20:26Z
nfl,TEN,HOU,2026-10-11T17:00:00Z,Tyjae Spears,rush_yds,draftkings,Under,13.5,-107,cc52bba56e74f5cddbe9011046181c3d,2026-10-09T17:20:26Z
nfl,TEN,HOU,2026-10-11T17:00:00Z,Cam Ward,rush_yds,draftkings,Over,10.5,-120,cc52bba56e74f5cddbe9011046181c3d,2026-10-09T17:20:26Z
nfl,TEN,HOU,2026-10-11T17:00:00Z,Cam Ward,rush_yds,draftkings,Under,10.5,-105,cc52bba56e74f5cddbe9011046181c3d,2026-10-09T17:20:26Z
nfl,TEN,HOU,2026-10-11T17:00:00Z,C.J. Stroud,rush_yds,draftkings,Over,10.5,-107,cc52bba56e74f5cddbe9011046181c3d,2026-10-09T17:20:26Z
nfl,TEN,HOU,2026-10-11T17:00:00Z,C.J. Stroud,rush_yds,draftkings,Under,10.5,-118,cc52bba56e74f5cddbe9011046181c3d,2026-10-09T17:20:26Z
nfl,TEN,HOU,2026-10-11T17:00:00Z,David Montgomery,anytime_td,fanduel,Yes,,120,cc52bba56e74f5cddbe9011046181c3d,2026-10-09T17:19:51Z
nfl,TEN,HOU,2026-10-11T17:00:00Z,Nico Collins,anytime_td,fanduel,Yes,,150,cc52bba56e74f5cddbe9011046181c3d,2026-10-09T17:19:51Z
nfl,TEN,HOU,2026-10-11T17:00:00Z,Woody Marks,anytime_td,fanduel,Yes,,230,cc52bba56e74f5cddbe9011046181c3d,2026-10-09T17:19:51Z
nfl,TEN,HOU,2026-10-11T17:00:00Z,Tony Pollard,anytime_td,fanduel,Yes,,240,cc52bba56e74f5cddbe9011046181c3d,2026-10-09T17:19:51Z
nfl,TEN,HOU,2026-10-11T17:00:00Z,Dalton Schultz,anytime_td,fanduel,Yes,,270,cc52bba56e74f5cddbe9011046181c3d,2026-10-09T17:19:51Z
nfl,TEN,HOU,2026-10-11T17:00:00Z,Carnell Tate,anytime_td,fanduel,Yes,,390,cc52bba56e74f5cddbe9011046181c3d,2026-10-09T17:19:51Z
nfl,TEN,HOU,2026-10-11T17:00:00Z,Wan'Dale Robinson,anytime_td,fanduel,Yes,,490,cc52bba56e74f5cddbe9011046181c3d,2026-10-09T17:19:51Z
nfl,TEN,HOU,2026-10-11T17:00:00Z,Kayshon Boutte,anytime_td,fanduel,Yes,,500,cc52bba56e74f5cddbe9011046181c3d,2026-10-09T17:19:51Z
nfl,TEN,HOU,2026-10-11T17:00:00Z,Gunnar Helm,anytime_td,fanduel,Yes,,500,cc52bba56e74f5cddbe9011046181c3d,2026-10-09T17:19:51Z
nfl,TEN,HOU,2026-10-11T17:00:00Z,Jaylin Noel,anytime_td,fanduel,Yes,,500,cc52bba56e74f5cddbe9011046181c3d,2026-10-09T17:19:51Z
nfl,TEN,HOU,2026-10-11T17:00:00Z,Xavier Hutchinson,anytime_td,fanduel,Yes,,550,cc52bba56e74f5cddbe9011046181c3d,2026-10-09T17:19:51Z
nfl,TEN,HOU,2026-10-11T17:00:00Z,Houston Texans Defense,anytime_td,fanduel,Yes,,650,cc52bba56e74f5cddbe9011046181c3d,2026-10-09T17:19:51Z
nfl,TEN,HOU,2026-10-11T17:00:00Z,Tennessee Titans Defense,anytime_td,fanduel,Yes,,650,cc52bba56e74f5cddbe9011046181c3d,2026-10-09T17:19:51Z
nfl,TEN,HOU,2026-10-11T17:00:00Z,Tyjae Spears,anytime_td,fanduel,Yes,,650,cc52bba56e74f5cddbe9011046181c3d,2026-10-09T17:19:51Z
nfl,TEN,HOU,2026-10-11T17:00:00Z,Elic Ayomanor,anytime_td,fanduel,Yes,,700,cc52bba56e74f5cddbe9011046181c3d,2026-10-09T17:19:51Z
nfl,TEN,HOU,2026-10-11T17:00:00Z,Cam Ward,anytime_td,fanduel,Yes,,700,cc52bba56e74f5cddbe9011046181c3d,2026-10-09T17:19:51Z
nfl,TEN,HOU,2026-10-11T17:00:00Z,C.J. Stroud,anytime_td,fanduel,Yes,,700,cc52bba56e74f5cddbe9011046181c3d,2026-10-09T17:19:51Z
nfl,TEN,HOU,2026-10-11T17:00:00Z,Foster Moreau,anytime_td,fanduel,Yes,,800,cc52bba56e74f5cddbe9011046181c3d,2026-10-09T17:19:51Z
nfl,TEN,HOU,2026-10-11T17:00:00Z,Jared Wayne,anytime_td,fanduel,Yes,,1400,cc52bba56e74f5cddbe9011046181c3d,2026-10-09T17:19:51Z
nfl,TEN,HOU,2026-10-11T17:00:00Z,Daniel Bellinger,anytime_td,fanduel,Yes,,1500,cc52bba56e74f5cddbe9011046181c3d,2026-10-09T17:19:51Z
nfl,TEN,HOU,2026-10-11T17:00:00Z,Calvin Ridley,anytime_td,fanduel,Yes,,1500,cc52bba56e74f5cddbe9011046181c3d,2026-10-09T17:19:51Z
nfl,TEN,HOU,2026-10-11T17:00:00Z,Chimere Dike,anytime_td,fanduel,Yes,,1600,cc52bba56e74f5cddbe9011046181c3d,2026-10-09T17:19:51Z
nfl,TEN,HOU,2026-10-11T17:00:00Z,Cade Stover,anytime_td,fanduel,Yes,,1700,cc52bba56e74f5cddbe9011046181c3d,2026-10-09T17:19:51Z
nfl,TEN,HOU,2026-10-11T17:00:00Z,Nicholas Singleton,anytime_td,fanduel,Yes,,1900,cc52bba56e74f5cddbe9011046181c3d,2026-10-09T17:19:51Z
nfl,TEN,HOU,2026-10-11T17:00:00Z,Dare Ogunbowale,anytime_td,fanduel,Yes,,2000,cc52bba56e74f5cddbe9011046181c3d,2026-10-09T17:19:51Z
nfl,TEN,HOU,2026-10-11T17:00:00Z,Brevin Jordan,anytime_td,fanduel,Yes,,2500,cc52bba56e74f5cddbe9011046181c3d,2026-10-09T17:19:51Z
nfl,TEN,HOU,2026-10-11T17:00:00Z,Marlin Klein,anytime_td,fanduel,Yes,,2500,cc52bba56e74f5cddbe9011046181c3d,2026-10-09T17:19:51Z
nfl,TEN,HOU,2026-10-11T17:00:00Z,David Martin-Robinson,anytime_td,fanduel,Yes,,3300,cc52bba56e74f5cddbe9011046181c3d,2026-10-09T17:19:51Z
nfl,TEN,HOU,2026-10-11T17:00:00Z,Kylen Granson,anytime_td,fanduel,Yes,,3300,cc52bba56e74f5cddbe9011046181c3d,2026-10-09T17:19:51Z
nfl,TEN,HOU,2026-10-11T17:00:00Z,Julius Chestnut,anytime_td,fanduel,Yes,,6500,cc52bba56e74f5cddbe9011046181c3d,2026-10-09T17:19:51Z
nfl,TEN,HOU,2026-10-11T17:00:00Z,Cam Ward,pass_td,fanduel,Over,0.5,-168,cc52bba56e74f5cddbe9011046181c3d,2026-10-09T17:19:51Z
nfl,TEN,HOU,2026-10-11T17:00:00Z,Cam Ward,pass_td,fanduel,Under,0.5,126,cc52bba56e74f5cddbe9011046181c3d,2026-10-09T17:19:51Z
nfl,TEN,HOU,2026-10-11T17:00:00Z,C.J. Stroud,pass_td,fanduel,Over,1.5,108,cc52bba56e74f5cddbe9011046181c3d,2026-10-09T17:19:51Z
nfl,TEN,HOU,2026-10-11T17:00:00Z,C.J. Stroud,pass_td,fanduel,Under,1.5,-144,cc52bba56e74f5cddbe9011046181c3d,2026-10-09T17:19:51Z
nfl,TEN,HOU,2026-10-11T17:00:00Z,C.J. Stroud,pass_yds,fanduel,Over,239.5,-114,cc52bba56e74f5cddbe9011046181c3d,2026-10-09T17:19:51Z
nfl,TEN,HOU,2026-10-11T17:00:00Z,C.J. Stroud,pass_yds,fanduel,Under,239.5,-114,cc52bba56e74f5cddbe9011046181c3d,2026-10-09T17:19:51Z
nfl,TEN,HOU,2026-10-11T17:00:00Z,Cam Ward,pass_yds,fanduel,Over,190.5,-114,cc52bba56e74f5cddbe9011046181c3d,2026-10-09T17:19:51Z
nfl,TEN,HOU,2026-10-11T17:00:00Z,Cam Ward,pass_yds,fanduel,Under,190.5,-114,cc52bba56e74f5cddbe9011046181c3d,2026-10-09T17:19:51Z
nfl,TEN,HOU,2026-10-11T17:00:00Z,Gunnar Helm,rec_yds,fanduel,Over,17.5,-114,cc52bba56e74f5cddbe9011046181c3d,2026-10-09T17:19:51Z
nfl,TEN,HOU,2026-10-11T17:00:00Z,Gunnar Helm,rec_yds,fanduel,Under,17.5,-114,cc52bba56e74f5cddbe9011046181c3d,2026-10-09T17:19:51Z
nfl,TEN,HOU,2026-10-11T17:00:00Z,Wan'Dale Robinson,rec_yds,fanduel,Over,32.5,-114,cc52bba56e74f5cddbe9011046181c3d,2026-10-09T17:19:51Z
nfl,TEN,HOU,2026-10-11T17:00:00Z,Wan'Dale Robinson,rec_yds,fanduel,Under,32.5,-114,cc52bba56e74f5cddbe9011046181c3d,2026-10-09T17:19:51Z
nfl,TEN,HOU,2026-10-11T17:00:00Z,Woody Marks,rec_yds,fanduel,Over,8.5,-114,cc52bba56e74f5cddbe9011046181c3d,2026-10-09T17:19:51Z
nfl,TEN,HOU,2026-10-11T17:00:00Z,Woody Marks,rec_yds,fanduel,Under,8.5,-114,cc52bba56e74f5cddbe9011046181c3d,2026-10-09T17:19:51Z
nfl,TEN,HOU,2026-10-11T17:00:00Z,Elic Ayomanor,rec_yds,fanduel,Over,17.5,-114,cc52bba56e74f5cddbe9011046181c3d,2026-10-09T17:19:51Z
nfl,TEN,HOU,2026-10-11T17:00:00Z,Elic Ayomanor,rec_yds,fanduel,Under,17.5,-114,cc52bba56e74f5cddbe9011046181c3d,2026-10-09T17:19:51Z
nfl,TEN,HOU,2026-10-11T17:00:00Z,Dalton Schultz,rec_yds,fanduel,Over,36.5,-114,cc52bba56e74f5cddbe9011046181c3d,2026-10-09T17:19:51Z
nfl,TEN,HOU,2026-10-11T17:00:00Z,Dalton Schultz,rec_yds,fanduel,Under,36.5,-114,cc52bba56e74f5cddbe9011046181c3d,2026-10-09T17:19:51Z
nfl,TEN,HOU,2026-10-11T17:00:00Z,Nico Collins,rec_yds,fanduel,Over,77.5,-114,cc52bba56e74f5cddbe9011046181c3d,2026-10-09T17:19:51Z
nfl,TEN,HOU,2026-10-11T17:00:00Z,Nico Collins,rec_yds,fanduel,Under,77.5,-114,cc52bba56e74f5cddbe9011046181c3d,2026-10-09T17:19:51Z
nfl,TEN,HOU,2026-10-11T17:00:00Z,David Montgomery,rec_yds,fanduel,Over,7.5,-114,cc52bba56e74f5cddbe9011046181c3d,2026-10-09T17:19:51Z
nfl,TEN,HOU,2026-10-11T17:00:00Z,David Montgomery,rec_yds,fanduel,Under,7.5,-114,cc52bba56e74f5cddbe9011046181c3d,2026-10-09T17:19:51Z
nfl,TEN,HOU,2026-10-11T17:00:00Z,Xavier Hutchinson,rec_yds,fanduel,Over,15.5,-114,cc52bba56e74f5cddbe9011046181c3d,2026-10-09T17:19:51Z
nfl,TEN,HOU,2026-10-11T17:00:00Z,Xavier Hutchinson,rec_yds,fanduel,Under,15.5,-114,cc52bba56e74f5cddbe9011046181c3d,2026-10-09T17:19:51Z
nfl,TEN,HOU,2026-10-11T17:00:00Z,Tony Pollard,rec_yds,fanduel,Over,8.5,-114,cc52bba56e74f5cddbe9011046181c3d,2026-10-09T17:19:51Z
nfl,TEN,HOU,2026-10-11T17:00:00Z,Tony Pollard,rec_yds,fanduel,Under,8.5,-114,cc52bba56e74f5cddbe9011046181c3d,2026-10-09T17:19:51Z
nfl,TEN,HOU,2026-10-11T17:00:00Z,Jaylin Noel,rec_yds,fanduel,Over,18.5,-114,cc52bba56e74f5cddbe9011046181c3d,2026-10-09T17:19:51Z
nfl,TEN,HOU,2026-10-11T17:00:00Z,Jaylin Noel,rec_yds,fanduel,Under,18.5,-114,cc52bba56e74f5cddbe9011046181c3d,2026-10-09T17:19:51Z
nfl,TEN,HOU,2026-10-11T17:00:00Z,Tyjae Spears,rec_yds,fanduel,Over,9.5,-114,cc52bba56e74f5cddbe9011046181c3d,2026-10-09T17:19:51Z
nfl,TEN,HOU,2026-10-11T17:00:00Z,Tyjae Spears,rec_yds,fanduel,Under,9.5,-114,cc52bba56e74f5cddbe9011046181c3d,2026-10-09T17:19:51Z
nfl,TEN,HOU,2026-10-11T17:00:00Z,Carnell Tate,rec_yds,fanduel,Over,45.5,-114,cc52bba56e74f5cddbe9011046181c3d,2026-10-09T17:19:51Z
nfl,TEN,HOU,2026-10-11T17:00:00Z,Carnell Tate,rec_yds,fanduel,Under,45.5,-114,cc52bba56e74f5cddbe9011046181c3d,2026-10-09T17:19:51Z
nfl,TEN,HOU,2026-10-11T17:00:00Z,Kayshon Boutte,rec_yds,fanduel,Over,25.5,-114,cc52bba56e74f5cddbe9011046181c3d,2026-10-09T17:19:51Z
nfl,TEN,HOU,2026-10-11T17:00:00Z,Kayshon Boutte,rec_yds,fanduel,Under,25.5,-114,cc52bba56e74f5cddbe9011046181c3d,2026-10-09T17:19:51Z
nfl,TEN,HOU,2026-10-11T17:00:00Z,Calvin Ridley,rec_yds,fanduel,Over,8.5,-114,cc52bba56e74f5cddbe9011046181c3d,2026-10-09T17:19:51Z
nfl,TEN,HOU,2026-10-11T17:00:00Z,Calvin Ridley,rec_yds,fanduel,Under,8.5,-114,cc52bba56e74f5cddbe9011046181c3d,2026-10-09T17:19:51Z
nfl,TEN,HOU,2026-10-11T17:00:00Z,Wan'Dale Robinson,receptions,fanduel,Over,3.5,-144,cc52bba56e74f5cddbe9011046181c3d,2026-10-09T17:19:51Z
nfl,TEN,HOU,2026-10-11T17:00:00Z,Wan'Dale Robinson,receptions,fanduel,Under,3.5,108,cc52bba56e74f5cddbe9011046181c3d,2026-10-09T17:19:51Z
nfl,TEN,HOU,2026-10-11T17:00:00Z,Tyjae Spears,receptions,fanduel,Over,1.5,-182,cc52bba56e74f5cddbe9011046181c3d,2026-10-09T17:19:51Z
nfl,TEN,HOU,2026-10-11T17:00:00Z,Tyjae Spears,receptions,fanduel,Under,1.5,136,cc52bba56e74f5cddbe9011046181c3d,2026-10-09T17:19:51Z
nfl,TEN,HOU,2026-10-11T17:00:00Z,Tony Pollard,receptions,fanduel,Over,1.5,-122,cc52bba56e74f5cddbe9011046181c3d,2026-10-09T17:19:51Z
nfl,TEN,HOU,2026-10-11T17:00:00Z,Tony Pollard,receptions,fanduel,Under,1.5,-108,cc52bba56e74f5cddbe9011046181c3d,2026-10-09T17:19:51Z
nfl,TEN,HOU,2026-10-11T17:00:00Z,Gunnar Helm,receptions,fanduel,Over,2.5,-110,cc52bba56e74f5cddbe9011046181c3d,2026-10-09T17:19:51Z
nfl,TEN,HOU,2026-10-11T17:00:00Z,Gunnar Helm,receptions,fanduel,Under,2.5,-120,cc52bba56e74f5cddbe9011046181c3d,2026-10-09T17:19:51Z
nfl,TEN,HOU,2026-10-11T17:00:00Z,Carnell Tate,receptions,fanduel,Over,4.5,106,cc52bba56e74f5cddbe9011046181c3d,2026-10-09T17:19:51Z
nfl,TEN,HOU,2026-10-11T17:00:00Z,Carnell Tate,receptions,fanduel,Under,4.5,-140,cc52bba56e74f5cddbe9011046181c3d,2026-10-09T17:19:51Z
nfl,TEN,HOU,2026-10-11T17:00:00Z,Dalton Schultz,receptions,fanduel,Over,4.5,120,cc52bba56e74f5cddbe9011046181c3d,2026-10-09T17:19:51Z
nfl,TEN,HOU,2026-10-11T17:00:00Z,Dalton Schultz,receptions,fanduel,Under,4.5,-160,cc52bba56e74f5cddbe9011046181c3d,2026-10-09T17:19:51Z
nfl,TEN,HOU,2026-10-11T17:00:00Z,Jaylin Noel,receptions,fanduel,Over,1.5,-138,cc52bba56e74f5cddbe9011046181c3d,2026-10-09T17:19:51Z
nfl,TEN,HOU,2026-10-11T17:00:00Z,Jaylin Noel,receptions,fanduel,Under,1.5,104,cc52bba56e74f5cddbe9011046181c3d,2026-10-09T17:19:51Z
nfl,TEN,HOU,2026-10-11T17:00:00Z,David Montgomery,receptions,fanduel,Over,1.5,110,cc52bba56e74f5cddbe9011046181c3d,2026-10-09T17:19:51Z
nfl,TEN,HOU,2026-10-11T17:00:00Z,David Montgomery,receptions,fanduel,Under,1.5,-146,cc52bba56e74f5cddbe9011046181c3d,2026-10-09T17:19:51Z
nfl,TEN,HOU,2026-10-11T17:00:00Z,Elic Ayomanor,receptions,fanduel,Over,1.5,-114,cc52bba56e74f5cddbe9011046181c3d,2026-10-09T17:19:51Z
nfl,TEN,HOU,2026-10-11T17:00:00Z,Elic Ayomanor,receptions,fanduel,Under,1.5,-114,cc52bba56e74f5cddbe9011046181c3d,2026-10-09T17:19:51Z
nfl,TEN,HOU,2026-10-11T17:00:00Z,Kayshon Boutte,receptions,fanduel,Over,2.5,124,cc52bba56e74f5cddbe9011046181c3d,2026-10-09T17:19:51Z
nfl,TEN,HOU,2026-10-11T17:00:00Z,Kayshon Boutte,receptions,fanduel,Under,2.5,-166,cc52bba56e74f5cddbe9011046181c3d,2026-10-09T17:19:51Z
nfl,TEN,HOU,2026-10-11T17:00:00Z,Xavier Hutchinson,receptions,fanduel,Over,1.5,116,cc52bba56e74f5cddbe9011046181c3d,2026-10-09T17:19:51Z
nfl,TEN,HOU,2026-10-11T17:00:00Z,Xavier Hutchinson,receptions,fanduel,Under,1.5,-154,cc52bba56e74f5cddbe9011046181c3d,2026-10-09T17:19:51Z
nfl,TEN,HOU,2026-10-11T17:00:00Z,Woody Marks,receptions,fanduel,Over,1.5,-108,cc52bba56e74f5cddbe9011046181c3d,2026-10-09T17:19:51Z
nfl,TEN,HOU,2026-10-11T17:00:00Z,Woody Marks,receptions,fanduel,Under,1.5,-122,cc52bba56e74f5cddbe9011046181c3d,2026-10-09T17:19:51Z
nfl,TEN,HOU,2026-10-11T17:00:00Z,Nico Collins,receptions,fanduel,Over,5.5,-114,cc52bba56e74f5cddbe9011046181c3d,2026-10-09T17:19:51Z
nfl,TEN,HOU,2026-10-11T17:00:00Z,Nico Collins,receptions,fanduel,Under,5.5,-114,cc52bba56e74f5cddbe9011046181c3d,2026-10-09T17:19:51Z
nfl,TEN,HOU,2026-10-11T17:00:00Z,Calvin Ridley,receptions,fanduel,Over,0.5,-188,cc52bba56e74f5cddbe9011046181c3d,2026-10-09T17:19:51Z
nfl,TEN,HOU,2026-10-11T17:00:00Z,Calvin Ridley,receptions,fanduel,Under,0.5,140,cc52bba56e74f5cddbe9011046181c3d,2026-10-09T17:19:51Z
nfl,TEN,HOU,2026-10-11T17:00:00Z,Cam Ward,rush_yds,fanduel,Over,10.5,-114,cc52bba56e74f5cddbe9011046181c3d,2026-10-09T17:19:51Z
nfl,TEN,HOU,2026-10-11T17:00:00Z,Cam Ward,rush_yds,fanduel,Under,10.5,-114,cc52bba56e74f5cddbe9011046181c3d,2026-10-09T17:19:51Z
nfl,TEN,HOU,2026-10-11T17:00:00Z,C.J. Stroud,rush_yds,fanduel,Over,9.5,-114,cc52bba56e74f5cddbe9011046181c3d,2026-10-09T17:19:51Z
nfl,TEN,HOU,2026-10-11T17:00:00Z,C.J. Stroud,rush_yds,fanduel,Under,9.5,-114,cc52bba56e74f5cddbe9011046181c3d,2026-10-09T17:19:51Z
nfl,TEN,HOU,2026-10-11T17:00:00Z,Tony Pollard,rush_yds,fanduel,Over,50.5,-114,cc52bba56e74f5cddbe9011046181c3d,2026-10-09T17:19:51Z
nfl,TEN,HOU,2026-10-11T17:00:00Z,Tony Pollard,rush_yds,fanduel,Under,50.5,-114,cc52bba56e74f5cddbe9011046181c3d,2026-10-09T17:19:51Z
nfl,TEN,HOU,2026-10-11T17:00:00Z,Woody Marks,rush_yds,fanduel,Over,31.5,-114,cc52bba56e74f5cddbe9011046181c3d,2026-10-09T17:19:51Z
nfl,TEN,HOU,2026-10-11T17:00:00Z,Woody Marks,rush_yds,fanduel,Under,31.5,-114,cc52bba56e74f5cddbe9011046181c3d,2026-10-09T17:19:51Z
nfl,TEN,HOU,2026-10-11T17:00:00Z,Tyjae Spears,rush_yds,fanduel,Over,14.5,-114,cc52bba56e74f5cddbe9011046181c3d,2026-10-09T17:19:51Z
nfl,TEN,HOU,2026-10-11T17:00:00Z,Tyjae Spears,rush_yds,fanduel,Under,14.5,-114,cc52bba56e74f5cddbe9011046181c3d,2026-10-09T17:19:51Z
nfl,TEN,HOU,2026-10-11T17:00:00Z,David Montgomery,rush_yds,fanduel,Over,43.5,-114,cc52bba56e74f5cddbe9011046181c3d,2026-10-09T17:19:51Z
nfl,TEN,HOU,2026-10-11T17:00:00Z,David Montgomery,rush_yds,fanduel,Under,43.5,-114,cc52bba56e74f5cddbe9011046181c3d,2026-10-09T17:19:51Z
nfl,TEN,HOU,2026-10-11T17:00:00Z,Marlin Klein,anytime_td,betrivers,Yes,,2200,cc52bba56e74f5cddbe9011046181c3d,2026-10-09T17:19:46Z
nfl,TEN,HOU,2026-10-11T17:00:00Z,Tony Pollard,anytime_td,betrivers,Yes,,163,cc52bba56e74f5cddbe9011046181c3d,2026-10-09T17:19:46Z
nfl,TEN,HOU,2026-10-11T17:00:00Z,Jared Wayne,anytime_td,betrivers,Yes,,1000,cc52bba56e74f5cddbe9011046181c3d,2026-10-09T17:19:46Z
nfl,TEN,HOU,2026-10-11T17:00:00Z,Cade Stover,anytime_td,betrivers,Yes,,1300,cc52bba56e74f5cddbe9011046181c3d,2026-10-09T17:19:46Z
nfl,TEN,HOU,2026-10-11T17:00:00Z,Elic Ayomanor,anytime_td,betrivers,Yes,,575,cc52bba56e74f5cddbe9011046181c3d,2026-10-09T17:19:46Z
nfl,TEN,HOU,2026-10-11T17:00:00Z,Tyjae Spears,anytime_td,betrivers,Yes,,460,cc52bba56e74f5cddbe9011046181c3d,2026-10-09T17:19:46Z
nfl,TEN,HOU,2026-10-11T17:00:00Z,Carnell Tate,anytime_td,betrivers,Yes,,255,cc52bba56e74f5cddbe9011046181c3d,2026-10-09T17:19:46Z
nfl,TEN,HOU,2026-10-11T17:00:00Z,Jaylin Noel,anytime_td,betrivers,Yes,,525,cc52bba56e74f5cddbe9011046181c3d,2026-10-09T17:19:46Z
nfl,TEN,HOU,2026-10-11T17:00:00Z,Dalton Schultz,anytime_td,betrivers,Yes,,210,cc52bba56e74f5cddbe9011046181c3d,2026-10-09T17:19:46Z
nfl,TEN,HOU,2026-10-11T17:00:00Z,Foster Moreau,anytime_td,betrivers,Yes,,800,cc52bba56e74f5cddbe9011046181c3d,2026-10-09T17:19:46Z
nfl,TEN,HOU,2026-10-11T17:00:00Z,C.J. Stroud,anytime_td,betrivers,Yes,,700,cc52bba56e74f5cddbe9011046181c3d,2026-10-09T17:19:46Z
nfl,TEN,HOU,2026-10-11T17:00:00Z,David Montgomery,anytime_td,betrivers,Yes,,104,cc52bba56e74f5cddbe9011046181c3d,2026-10-09T17:19:46Z
nfl,TEN,HOU,2026-10-11T17:00:00Z,Cam Ward,anytime_td,betrivers,Yes,,370,cc52bba56e74f5cddbe9011046181c3d,2026-10-09T17:19:46Z
nfl,TEN,HOU,2026-10-11T17:00:00Z,Calvin Ridley,anytime_td,betrivers,Yes,,800,cc52bba56e74f5cddbe9011046181c3d,2026-10-09T17:19:46Z
nfl,TEN,HOU,2026-10-11T17:00:00Z,Nico Collins,anytime_td,betrivers,Yes,,110,cc52bba56e74f5cddbe9011046181c3d,2026-10-09T17:19:46Z
nfl,TEN,HOU,2026-10-11T17:00:00Z,Chimere Dike,anytime_td,betrivers,Yes,,2000,cc52bba56e74f5cddbe9011046181c3d,2026-10-09T17:19:46Z
nfl,TEN,HOU,2026-10-11T17:00:00Z,Brevin Jordan,anytime_td,betrivers,Yes,,1800,cc52bba56e74f5cddbe9011046181c3d,2026-10-09T17:19:46Z
nfl,TEN,HOU,2026-10-11T17:00:00Z,Lewis Bond,anytime_td,betrivers,Yes,,1500,cc52bba56e74f5cddbe9011046181c3d,2026-10-09T17:19:46Z
nfl,TEN,HOU,2026-10-11T17:00:00Z,Gunnar Helm,anytime_td,betrivers,Yes,,525,cc52bba56e74f5cddbe9011046181c3d,2026-10-09T17:19:46Z
nfl,TEN,HOU,2026-10-11T17:00:00Z,Daniel Bellinger,anytime_td,betrivers,Yes,,1300,cc52bba56e74f5cddbe9011046181c3d,2026-10-09T17:19:46Z
nfl,TEN,HOU,2026-10-11T17:00:00Z,Woody Marks,anytime_td,betrivers,Yes,,170,cc52bba56e74f5cddbe9011046181c3d,2026-10-09T17:19:46Z
nfl,TEN,HOU,2026-10-11T17:00:00Z,Kayshon Boutte,anytime_td,betrivers,Yes,,420,cc52bba56e74f5cddbe9011046181c3d,2026-10-09T17:19:46Z
nfl,TEN,HOU,2026-10-11T17:00:00Z,Wan'Dale Robinson,anytime_td,betrivers,Yes,,300,cc52bba56e74f5cddbe9011046181c3d,2026-10-09T17:19:46Z
nfl,TEN,HOU,2026-10-11T17:00:00Z,Nicholas Singleton,anytime_td,betrivers,Yes,,1000,cc52bba56e74f5cddbe9011046181c3d,2026-10-09T17:19:46Z
nfl,TEN,HOU,2026-10-11T17:00:00Z,Xavier Hutchinson,anytime_td,betrivers,Yes,,800,cc52bba56e74f5cddbe9011046181c3d,2026-10-09T17:19:46Z
nfl,TEN,HOU,2026-10-11T17:00:00Z,Cam Ward,completions,betrivers,Over,18.5,-162,cc52bba56e74f5cddbe9011046181c3d,2026-10-09T17:19:46Z
nfl,TEN,HOU,2026-10-11T17:00:00Z,C.J. Stroud,completions,betrivers,Over,19.5,-195,cc52bba56e74f5cddbe9011046181c3d,2026-10-09T17:19:46Z
nfl,TEN,HOU,2026-10-11T17:00:00Z,C.J. Stroud,pass_td,betrivers,Over,1.5,107,cc52bba56e74f5cddbe9011046181c3d,2026-10-09T17:19:46Z
nfl,TEN,HOU,2026-10-11T17:00:00Z,C.J. Stroud,pass_td,betrivers,Under,1.5,-155,cc52bba56e74f5cddbe9011046181c3d,2026-10-09T17:19:46Z
nfl,TEN,HOU,2026-10-11T17:00:00Z,Cam Ward,pass_td,betrivers,Over,0.5,-175,cc52bba56e74f5cddbe9011046181c3d,2026-10-09T17:19:46Z
nfl,TEN,HOU,2026-10-11T17:00:00Z,Cam Ward,pass_td,betrivers,Under,0.5,120,cc52bba56e74f5cddbe9011046181c3d,2026-10-09T17:19:46Z
nfl,TEN,HOU,2026-10-11T17:00:00Z,Cam Ward,pass_yds,betrivers,Over,178.5,-152,cc52bba56e74f5cddbe9011046181c3d,2026-10-09T17:19:46Z
nfl,TEN,HOU,2026-10-11T17:00:00Z,Cam Ward,pass_yds,betrivers,Under,178.5,105,cc52bba56e74f5cddbe9011046181c3d,2026-10-09T17:19:46Z
nfl,TEN,HOU,2026-10-11T17:00:00Z,C.J. Stroud,pass_yds,betrivers,Over,224.5,-155,cc52bba56e74f5cddbe9011046181c3d,2026-10-09T17:19:46Z
nfl,TEN,HOU,2026-10-11T17:00:00Z,C.J. Stroud,pass_yds,betrivers,Under,224.5,106,cc52bba56e74f5cddbe9011046181c3d,2026-10-09T17:19:46Z
nfl,TEN,HOU,2026-10-11T17:00:00Z,Dalton Schultz,rec_yds,betrivers,Over,38.5,100,cc52bba56e74f5cddbe9011046181c3d,2026-10-09T17:19:46Z
nfl,TEN,HOU,2026-10-11T17:00:00Z,Dalton Schultz,rec_yds,betrivers,Under,38.5,-132,cc52bba56e74f5cddbe9011046181c3d,2026-10-09T17:19:46Z
nfl,TEN,HOU,2026-10-11T17:00:00Z,Tyjae Spears,rec_yds,betrivers,Over,13.5,107,cc52bba56e74f5cddbe9011046181c3d,2026-10-09T17:19:46Z
nfl,TEN,HOU,2026-10-11T17:00:00Z,Tyjae Spears,rec_yds,betrivers,Under,13.5,-155,cc52bba56e74f5cddbe9011046181c3d,2026-10-09T17:19:46Z
nfl,TEN,HOU,2026-10-11T17:00:00Z,Woody Marks,rec_yds,betrivers,Over,11.5,114,cc52bba56e74f5cddbe9011046181c3d,2026-10-09T17:19:46Z
nfl,TEN,HOU,2026-10-11T17:00:00Z,Woody Marks,rec_yds,betrivers,Under,11.5,-165,cc52bba56e74f5cddbe9011046181c3d,2026-10-09T17:19:46Z
nfl,TEN,HOU,2026-10-11T17:00:00Z,Kayshon Boutte,rec_yds,betrivers,Over,29.5,-105,cc52bba56e74f5cddbe9011046181c3d,2026-10-09T17:19:46Z
nfl,TEN,HOU,2026-10-11T17:00:00Z,Kayshon Boutte,rec_yds,betrivers,Under,29.5,-139,cc52bba56e74f5cddbe9011046181c3d,2026-10-09T17:19:46Z
nfl,TEN,HOU,2026-10-11T17:00:00Z,David Montgomery,rec_yds,betrivers,Over,12.5,123,cc52bba56e74f5cddbe9011046181c3d,2026-10-09T17:19:46Z
nfl,TEN,HOU,2026-10-11T17:00:00Z,David Montgomery,rec_yds,betrivers,Under,12.5,-180,cc52bba56e74f5cddbe9011046181c3d,2026-10-09T17:19:46Z
nfl,TEN,HOU,2026-10-11T17:00:00Z,Jaylin Noel,rec_yds,betrivers,Over,23.5,112,cc52bba56e74f5cddbe9011046181c3d,2026-10-09T17:19:46Z
nfl,TEN,HOU,2026-10-11T17:00:00Z,Jaylin Noel,rec_yds,betrivers,Under,23.5,-165,cc52bba56e74f5cddbe9011046181c3d,2026-10-09T17:19:46Z
nfl,TEN,HOU,2026-10-11T17:00:00Z,Carnell Tate,rec_yds,betrivers,Over,48.5,-106,cc52bba56e74f5cddbe9011046181c3d,2026-10-09T17:19:46Z
nfl,TEN,HOU,2026-10-11T17:00:00Z,Carnell Tate,rec_yds,betrivers,Under,48.5,-125,cc52bba56e74f5cddbe9011046181c3d,2026-10-09T17:19:46Z
nfl,TEN,HOU,2026-10-11T17:00:00Z,Elic Ayomanor,rec_yds,betrivers,Over,17.5,118,cc52bba56e74f5cddbe9011046181c3d,2026-10-09T17:19:46Z
nfl,TEN,HOU,2026-10-11T17:00:00Z,Elic Ayomanor,rec_yds,betrivers,Under,17.5,-157,cc52bba56e74f5cddbe9011046181c3d,2026-10-09T17:19:46Z
nfl,TEN,HOU,2026-10-11T17:00:00Z,Wan'Dale Robinson,rec_yds,betrivers,Over,37.5,100,cc52bba56e74f5cddbe9011046181c3d,2026-10-09T17:19:46Z
nfl,TEN,HOU,2026-10-11T17:00:00Z,Wan'Dale Robinson,rec_yds,betrivers,Under,37.5,-134,cc52bba56e74f5cddbe9011046181c3d,2026-10-09T17:19:46Z
nfl,TEN,HOU,2026-10-11T17:00:00Z,Tony Pollard,rec_yds,betrivers,Over,11.5,110,cc52bba56e74f5cddbe9011046181c3d,2026-10-09T17:19:46Z
nfl,TEN,HOU,2026-10-11T17:00:00Z,Tony Pollard,rec_yds,betrivers,Under,11.5,-148,cc52bba56e74f5cddbe9011046181c3d,2026-10-09T17:19:46Z
nfl,TEN,HOU,2026-10-11T17:00:00Z,Nico Collins,rec_yds,betrivers,Over,78.5,-112,cc52bba56e74f5cddbe9011046181c3d,2026-10-09T17:19:46Z
nfl,TEN,HOU,2026-10-11T17:00:00Z,Nico Collins,rec_yds,betrivers,Under,78.5,-118,cc52bba56e74f5cddbe9011046181c3d,2026-10-09T17:19:46Z
nfl,TEN,HOU,2026-10-11T17:00:00Z,Calvin Ridley,rec_yds,betrivers,Over,12.5,128,cc52bba56e74f5cddbe9011046181c3d,2026-10-09T17:19:46Z
nfl,TEN,HOU,2026-10-11T17:00:00Z,Calvin Ridley,rec_yds,betrivers,Under,12.5,-186,cc52bba56e74f5cddbe9011046181c3d,2026-10-09T17:19:46Z
nfl,TEN,HOU,2026-10-11T17:00:00Z,Gunnar Helm,rec_yds,betrivers,Over,23.5,110,cc52bba56e74f5cddbe9011046181c3d,2026-10-09T17:19:46Z
nfl,TEN,HOU,2026-10-11T17:00:00Z,Gunnar Helm,rec_yds,betrivers,Under,23.5,-162,cc52bba56e74f5cddbe9011046181c3d,2026-10-09T17:19:46Z
nfl,TEN,HOU,2026-10-11T17:00:00Z,Xavier Hutchinson,rec_yds,betrivers,Over,15.5,-103,cc52bba56e74f5cddbe9011046181c3d,2026-10-09T17:19:46Z
nfl,TEN,HOU,2026-10-11T17:00:00Z,Xavier Hutchinson,rec_yds,betrivers,Under,15.5,-143,cc52bba56e74f5cddbe9011046181c3d,2026-10-09T17:19:46Z
nfl,TEN,HOU,2026-10-11T17:00:00Z,Gunnar Helm,receptions,betrivers,Over,2.5,-109,cc52bba56e74f5cddbe9011046181c3d,2026-10-09T17:19:46Z
nfl,TEN,HOU,2026-10-11T17:00:00Z,Nico Collins,receptions,betrivers,Over,5.5,-129,cc52bba56e74f5cddbe9011046181c3d,2026-10-09T17:19:46Z
nfl,TEN,HOU,2026-10-11T17:00:00Z,Wan'Dale Robinson,receptions,betrivers,Over,3.5,-132,cc52bba56e74f5cddbe9011046181c3d,2026-10-09T17:19:46Z
nfl,TEN,HOU,2026-10-11T17:00:00Z,Tony Pollard,receptions,betrivers,Over,1.5,-139,cc52bba56e74f5cddbe9011046181c3d,2026-10-09T17:19:46Z
nfl,TEN,HOU,2026-10-11T17:00:00Z,David Montgomery,receptions,betrivers,Over,1.5,112,cc52bba56e74f5cddbe9011046181c3d,2026-10-09T17:19:46Z
nfl,TEN,HOU,2026-10-11T17:00:00Z,Tyjae Spears,receptions,betrivers,Over,1.5,-177,cc52bba56e74f5cddbe9011046181c3d,2026-10-09T17:19:46Z
nfl,TEN,HOU,2026-10-11T17:00:00Z,Calvin Ridley,receptions,betrivers,Over,0.5,-265,cc52bba56e74f5cddbe9011046181c3d,2026-10-09T17:19:46Z
nfl,TEN,HOU,2026-10-11T17:00:00Z,Jaylin Noel,receptions,betrivers,Over,1.5,-186,cc52bba56e74f5cddbe9011046181c3d,2026-10-09T17:19:46Z
nfl,TEN,HOU,2026-10-11T17:00:00Z,Elic Ayomanor,receptions,betrivers,Over,1.5,-120,cc52bba56e74f5cddbe9011046181c3d,2026-10-09T17:19:46Z
nfl,TEN,HOU,2026-10-11T17:00:00Z,Kayshon Boutte,receptions,betrivers,Over,2.5,-105,cc52bba56e74f5cddbe9011046181c3d,2026-10-09T17:19:46Z
nfl,TEN,HOU,2026-10-11T17:00:00Z,Woody Marks,receptions,betrivers,Over,1.5,102,cc52bba56e74f5cddbe9011046181c3d,2026-10-09T17:19:46Z
nfl,TEN,HOU,2026-10-11T17:00:00Z,Xavier Hutchinson,receptions,betrivers,Over,1.5,110,cc52bba56e74f5cddbe9011046181c3d,2026-10-09T17:19:46Z
nfl,TEN,HOU,2026-10-11T17:00:00Z,Carnell Tate,receptions,betrivers,Over,4.5,100,cc52bba56e74f5cddbe9011046181c3d,2026-10-09T17:19:46Z
nfl,TEN,HOU,2026-10-11T17:00:00Z,Dalton Schultz,receptions,betrivers,Over,3.5,-195,cc52bba56e74f5cddbe9011046181c3d,2026-10-09T17:19:46Z
nfl,TEN,HOU,2026-10-11T17:00:00Z,Cam Ward,rush_yds,betrivers,Over,16.5,135,cc52bba56e74f5cddbe9011046181c3d,2026-10-09T17:19:46Z
nfl,TEN,HOU,2026-10-11T17:00:00Z,Cam Ward,rush_yds,betrivers,Under,16.5,-200,cc52bba56e74f5cddbe9011046181c3d,2026-10-09T17:19:46Z
nfl,TEN,HOU,2026-10-11T17:00:00Z,Tyjae Spears,rush_yds,betrivers,Over,24.5,135,cc52bba56e74f5cddbe9011046181c3d,2026-10-09T17:19:46Z
nfl,TEN,HOU,2026-10-11T17:00:00Z,Tyjae Spears,rush_yds,betrivers,Under,24.5,-200,cc52bba56e74f5cddbe9011046181c3d,2026-10-09T17:19:46Z
nfl,TEN,HOU,2026-10-11T17:00:00Z,Tony Pollard,rush_yds,betrivers,Over,57.5,107,cc52bba56e74f5cddbe9011046181c3d,2026-10-09T17:19:46Z
nfl,TEN,HOU,2026-10-11T17:00:00Z,Tony Pollard,rush_yds,betrivers,Under,57.5,-155,cc52bba56e74f5cddbe9011046181c3d,2026-10-09T17:19:46Z
nfl,TEN,HOU,2026-10-11T17:00:00Z,David Montgomery,rush_yds,betrivers,Over,52.5,108,cc52bba56e74f5cddbe9011046181c3d,2026-10-09T17:19:46Z
nfl,TEN,HOU,2026-10-11T17:00:00Z,David Montgomery,rush_yds,betrivers,Under,52.5,-159,cc52bba56e74f5cddbe9011046181c3d,2026-10-09T17:19:46Z
nfl,TEN,HOU,2026-10-11T17:00:00Z,C.J. Stroud,rush_yds,betrivers,Over,16.5,140,cc52bba56e74f5cddbe9011046181c3d,2026-10-09T17:19:46Z
nfl,TEN,HOU,2026-10-11T17:00:00Z,C.J. Stroud,rush_yds,betrivers,Under,16.5,-190,cc52bba56e74f5cddbe9011046181c3d,2026-10-09T17:19:46Z
nfl,TEN,HOU,2026-10-11T17:00:00Z,Woody Marks,rush_yds,betrivers,Over,38.5,123,cc52bba56e74f5cddbe9011046181c3d,2026-10-09T17:19:46Z
nfl,TEN,HOU,2026-10-11T17:00:00Z,Woody Marks,rush_yds,betrivers,Under,38.5,-180,cc52bba56e74f5cddbe9011046181c3d,2026-10-09T17:19:46Z
nfl,TEN,HOU,2026-10-11T17:00:00Z,Houston Texans D/ST,anytime_td,betmgm,Yes,,450,cc52bba56e74f5cddbe9011046181c3d,2026-10-09T17:20:17Z
nfl,TEN,HOU,2026-10-11T17:00:00Z,Woody Marks,anytime_td,betmgm,Yes,,220,cc52bba56e74f5cddbe9011046181c3d,2026-10-09T17:20:17Z
nfl,TEN,HOU,2026-10-11T17:00:00Z,Kayshon Boutte,anytime_td,betmgm,Yes,,400,cc52bba56e74f5cddbe9011046181c3d,2026-10-09T17:20:17Z
nfl,TEN,HOU,2026-10-11T17:00:00Z,Tennessee Titans D/ST,anytime_td,betmgm,Yes,,600,cc52bba56e74f5cddbe9011046181c3d,2026-10-09T17:20:17Z
nfl,TEN,HOU,2026-10-11T17:00:00Z,Cam Ward,anytime_td,betmgm,Yes,,650,cc52bba56e74f5cddbe9011046181c3d,2026-10-09T17:20:17Z
nfl,TEN,HOU,2026-10-11T17:00:00Z,Nico Collins,anytime_td,betmgm,Yes,,130,cc52bba56e74f5cddbe9011046181c3d,2026-10-09T17:20:17Z
nfl,TEN,HOU,2026-10-11T17:00:00Z,Tony Pollard,anytime_td,betmgm,Yes,,210,cc52bba56e74f5cddbe9011046181c3d,2026-10-09T17:20:17Z
nfl,TEN,HOU,2026-10-11T17:00:00Z,David Montgomery,anytime_td,betmgm,Yes,,120,cc52bba56e74f5cddbe9011046181c3d,2026-10-09T17:20:17Z
nfl,TEN,HOU,2026-10-11T17:00:00Z,C.J. Stroud,anytime_td,betmgm,Yes,,700,cc52bba56e74f5cddbe9011046181c3d,2026-10-09T17:20:17Z
nfl,TEN,HOU,2026-10-11T17:00:00Z,Carnell Tate,anytime_td,betmgm,Yes,,270,cc52bba56e74f5cddbe9011046181c3d,2026-10-09T17:20:17Z
nfl,TEN,HOU,2026-10-11T17:00:00Z,Wan'Dale Robinson,anytime_td,betmgm,Yes,,425,cc52bba56e74f5cddbe9011046181c3d,2026-10-09T17:20:17Z
nfl,TEN,HOU,2026-10-11T17:00:00Z,Tyjae Spears,anytime_td,betmgm,Yes,,475,cc52bba56e74f5cddbe9011046181c3d,2026-10-09T17:20:17Z
nfl,TEN,HOU,2026-10-11T17:00:00Z,Nicholas Singleton,anytime_td,betmgm,Yes,,1150,cc52bba56e74f5cddbe9011046181c3d,2026-10-09T17:20:17Z
nfl,TEN,HOU,2026-10-11T17:00:00Z,Gunnar Helm,anytime_td,betmgm,Yes,,500,cc52bba56e74f5cddbe9011046181c3d,2026-10-09T17:20:17Z
nfl,TEN,HOU,2026-10-11T17:00:00Z,Daniel Bellinger,anytime_td,betmgm,Yes,,1100,cc52bba56e74f5cddbe9011046181c3d,2026-10-09T17:20:17Z
nfl,TEN,HOU,2026-10-11T17:00:00Z,David Martin-Robinson,anytime_td,betmgm,Yes,,3300,cc52bba56e74f5cddbe9011046181c3d,2026-10-09T17:20:17Z
nfl,TEN,HOU,2026-10-11T17:00:00Z,Elic Ayomanor,anytime_td,betmgm,Yes,,550,cc52bba56e74f5cddbe9011046181c3d,2026-10-09T17:20:17Z
nfl,TEN,HOU,2026-10-11T17:00:00Z,Calvin Ridley,anytime_td,betmgm,Yes,,750,cc52bba56e74f5cddbe9011046181c3d,2026-10-09T17:20:17Z
nfl,TEN,HOU,2026-10-11T17:00:00Z,Dalton Schultz,anytime_td,betmgm,Yes,,230,cc52bba56e74f5cddbe9011046181c3d,2026-10-09T17:20:17Z
nfl,TEN,HOU,2026-10-11T17:00:00Z,Foster Moreau,anytime_td,betmgm,Yes,,850,cc52bba56e74f5cddbe9011046181c3d,2026-10-09T17:20:17Z
nfl,TEN,HOU,2026-10-11T17:00:00Z,Cade Stover,anytime_td,betmgm,Yes,,1050,cc52bba56e74f5cddbe9011046181c3d,2026-10-09T17:20:17Z
nfl,TEN,HOU,2026-10-11T17:00:00Z,Brevin Jordan,anytime_td,betmgm,Yes,,2500,cc52bba56e74f5cddbe9011046181c3d,2026-10-09T17:20:17Z
nfl,TEN,HOU,2026-10-11T17:00:00Z,Jaylin Noel,anytime_td,betmgm,Yes,,380,cc52bba56e74f5cddbe9011046181c3d,2026-10-09T17:20:17Z
nfl,TEN,HOU,2026-10-11T17:00:00Z,Xavier Hutchinson,anytime_td,betmgm,Yes,,550,cc52bba56e74f5cddbe9011046181c3d,2026-10-09T17:20:17Z
nfl,TEN,HOU,2026-10-11T17:00:00Z,Jared Wayne,anytime_td,betmgm,Yes,,1400,cc52bba56e74f5cddbe9011046181c3d,2026-10-09T17:20:17Z
nfl,TEN,HOU,2026-10-11T17:00:00Z,Dare Ogunbowale,anytime_td,betmgm,Yes,,2200,cc52bba56e74f5cddbe9011046181c3d,2026-10-09T17:20:17Z
nfl,TEN,HOU,2026-10-11T17:00:00Z,Cam Ward,pass_att,betmgm,Over,31.5,-115,cc52bba56e74f5cddbe9011046181c3d,2026-10-09T17:20:17Z
nfl,TEN,HOU,2026-10-11T17:00:00Z,Cam Ward,pass_att,betmgm,Under,31.5,-115,cc52bba56e74f5cddbe9011046181c3d,2026-10-09T17:20:17Z
nfl,TEN,HOU,2026-10-11T17:00:00Z,C.J. Stroud,pass_att,betmgm,Over,31.5,-105,cc52bba56e74f5cddbe9011046181c3d,2026-10-09T17:20:17Z
nfl,TEN,HOU,2026-10-11T17:00:00Z,C.J. Stroud,pass_att,betmgm,Under,31.5,-125,cc52bba56e74f5cddbe9011046181c3d,2026-10-09T17:20:17Z
nfl,TEN,HOU,2026-10-11T17:00:00Z,Cam Ward,pass_td,betmgm,Over,0.5,-200,cc52bba56e74f5cddbe9011046181c3d,2026-10-09T17:20:17Z
nfl,TEN,HOU,2026-10-11T17:00:00Z,Cam Ward,pass_td,betmgm,Under,0.5,145,cc52bba56e74f5cddbe9011046181c3d,2026-10-09T17:20:17Z
nfl,TEN,HOU,2026-10-11T17:00:00Z,C.J. Stroud,pass_td,betmgm,Over,1.5,-105,cc52bba56e74f5cddbe9011046181c3d,2026-10-09T17:20:17Z
nfl,TEN,HOU,2026-10-11T17:00:00Z,C.J. Stroud,pass_td,betmgm,Under,1.5,-125,cc52bba56e74f5cddbe9011046181c3d,2026-10-09T17:20:17Z
nfl,TEN,HOU,2026-10-11T17:00:00Z,C.J. Stroud,pass_yds,betmgm,Over,243.5,-115,cc52bba56e74f5cddbe9011046181c3d,2026-10-09T17:20:17Z
nfl,TEN,HOU,2026-10-11T17:00:00Z,C.J. Stroud,pass_yds,betmgm,Under,243.5,-115,cc52bba56e74f5cddbe9011046181c3d,2026-10-09T17:20:17Z
nfl,TEN,HOU,2026-10-11T17:00:00Z,Cam Ward,pass_yds,betmgm,Over,193.5,-115,cc52bba56e74f5cddbe9011046181c3d,2026-10-09T17:20:17Z
nfl,TEN,HOU,2026-10-11T17:00:00Z,Cam Ward,pass_yds,betmgm,Under,193.5,-115,cc52bba56e74f5cddbe9011046181c3d,2026-10-09T17:20:17Z
nfl,TEN,HOU,2026-10-11T17:00:00Z,Woody Marks,rec_yds,betmgm,Over,8.5,-115,cc52bba56e74f5cddbe9011046181c3d,2026-10-09T17:20:17Z
nfl,TEN,HOU,2026-10-11T17:00:00Z,Woody Marks,rec_yds,betmgm,Under,8.5,-115,cc52bba56e74f5cddbe9011046181c3d,2026-10-09T17:20:17Z
nfl,TEN,HOU,2026-10-11T17:00:00Z,Dalton Schultz,rec_yds,betmgm,Over,38.5,-115,cc52bba56e74f5cddbe9011046181c3d,2026-10-09T17:20:17Z
nfl,TEN,HOU,2026-10-11T17:00:00Z,Dalton Schultz,rec_yds,betmgm,Under,38.5,-115,cc52bba56e74f5cddbe9011046181c3d,2026-10-09T17:20:17Z
nfl,TEN,HOU,2026-10-11T17:00:00Z,Jaylin Noel,rec_yds,betmgm,Over,17.5,-115,cc52bba56e74f5cddbe9011046181c3d,2026-10-09T17:20:17Z
nfl,TEN,HOU,2026-10-11T17:00:00Z,Jaylin Noel,rec_yds,betmgm,Under,17.5,-115,cc52bba56e74f5cddbe9011046181c3d,2026-10-09T17:20:17Z
nfl,TEN,HOU,2026-10-11T17:00:00Z,Tony Pollard,rec_yds,betmgm,Over,8.5,-115,cc52bba56e74f5cddbe9011046181c3d,2026-10-09T17:20:17Z
nfl,TEN,HOU,2026-10-11T17:00:00Z,Tony Pollard,rec_yds,betmgm,Under,8.5,-115,cc52bba56e74f5cddbe9011046181c3d,2026-10-09T17:20:17Z
nfl,TEN,HOU,2026-10-11T17:00:00Z,Kayshon Boutte,rec_yds,betmgm,Over,25.5,-115,cc52bba56e74f5cddbe9011046181c3d,2026-10-09T17:20:17Z
nfl,TEN,HOU,2026-10-11T17:00:00Z,Kayshon Boutte,rec_yds,betmgm,Under,25.5,-115,cc52bba56e74f5cddbe9011046181c3d,2026-10-09T17:20:17Z
nfl,TEN,HOU,2026-10-11T17:00:00Z,Xavier Hutchinson,rec_yds,betmgm,Over,16.5,105,cc52bba56e74f5cddbe9011046181c3d,2026-10-09T17:20:17Z
nfl,TEN,HOU,2026-10-11T17:00:00Z,Xavier Hutchinson,rec_yds,betmgm,Under,16.5,-140,cc52bba56e74f5cddbe9011046181c3d,2026-10-09T17:20:17Z
nfl,TEN,HOU,2026-10-11T17:00:00Z,Nico Collins,rec_yds,betmgm,Over,76.5,-115,cc52bba56e74f5cddbe9011046181c3d,2026-10-09T17:20:17Z
nfl,TEN,HOU,2026-10-11T17:00:00Z,Nico Collins,rec_yds,betmgm,Under,76.5,-115,cc52bba56e74f5cddbe9011046181c3d,2026-10-09T17:20:17Z
nfl,TEN,HOU,2026-10-11T17:00:00Z,David Montgomery,rec_yds,betmgm,Over,7.5,-120,cc52bba56e74f5cddbe9011046181c3d,2026-10-09T17:20:17Z
nfl,TEN,HOU,2026-10-11T17:00:00Z,David Montgomery,rec_yds,betmgm,Under,7.5,-110,cc52bba56e74f5cddbe9011046181c3d,2026-10-09T17:20:17Z
nfl,TEN,HOU,2026-10-11T17:00:00Z,Gunnar Helm,rec_yds,betmgm,Over,19.5,-115,cc52bba56e74f5cddbe9011046181c3d,2026-10-09T17:20:17Z
nfl,TEN,HOU,2026-10-11T17:00:00Z,Gunnar Helm,rec_yds,betmgm,Under,19.5,-115,cc52bba56e74f5cddbe9011046181c3d,2026-10-09T17:20:17Z
nfl,TEN,HOU,2026-10-11T17:00:00Z,Nico Collins,receptions,betmgm,Over,5.5,-118,cc52bba56e74f5cddbe9011046181c3d,2026-10-09T17:20:17Z
nfl,TEN,HOU,2026-10-11T17:00:00Z,Nico Collins,receptions,betmgm,Under,5.5,-111,cc52bba56e74f5cddbe9011046181c3d,2026-10-09T17:20:17Z
nfl,TEN,HOU,2026-10-11T17:00:00Z,Tony Pollard,receptions,betmgm,Over,1.5,-135,cc52bba56e74f5cddbe9011046181c3d,2026-10-09T17:20:17Z
nfl,TEN,HOU,2026-10-11T17:00:00Z,Tony Pollard,receptions,betmgm,Under,1.5,100,cc52bba56e74f5cddbe9011046181c3d,2026-10-09T17:20:17Z
nfl,TEN,HOU,2026-10-11T17:00:00Z,David Montgomery,receptions,betmgm,Over,1.5,120,cc52bba56e74f5cddbe9011046181c3d,2026-10-09T17:20:17Z
nfl,TEN,HOU,2026-10-11T17:00:00Z,David Montgomery,receptions,betmgm,Under,1.5,-160,cc52bba56e74f5cddbe9011046181c3d,2026-10-09T17:20:17Z
nfl,TEN,HOU,2026-10-11T17:00:00Z,Woody Marks,receptions,betmgm,Over,1.5,105,cc52bba56e74f5cddbe9011046181c3d,2026-10-09T17:20:17Z
nfl,TEN,HOU,2026-10-11T17:00:00Z,Woody Marks,receptions,betmgm,Under,1.5,-140,cc52bba56e74f5cddbe9011046181c3d,2026-10-09T17:20:17Z
nfl,TEN,HOU,2026-10-11T17:00:00Z,Tony Pollard,rush_yds,betmgm,Over,48.5,-115,cc52bba56e74f5cddbe9011046181c3d,2026-10-09T17:20:17Z
nfl,TEN,HOU,2026-10-11T17:00:00Z,Tony Pollard,rush_yds,betmgm,Under,48.5,-115,cc52bba56e74f5cddbe9011046181c3d,2026-10-09T17:20:17Z
nfl,TEN,HOU,2026-10-11T17:00:00Z,Cam Ward,rush_yds,betmgm,Over,10.5,-120,cc52bba56e74f5cddbe9011046181c3d,2026-10-09T17:20:17Z
nfl,TEN,HOU,2026-10-11T17:00:00Z,Cam Ward,rush_yds,betmgm,Under,10.5,-110,cc52bba56e74f5cddbe9011046181c3d,2026-10-09T17:20:17Z
nfl,TEN,HOU,2026-10-11T17:00:00Z,C.J. Stroud,rush_yds,betmgm,Over,9.5,-120,cc52bba56e74f5cddbe9011046181c3d,2026-10-09T17:20:17Z
nfl,TEN,HOU,2026-10-11T17:00:00Z,C.J. Stroud,rush_yds,betmgm,Under,9.5,-111,cc52bba56e74f5cddbe9011046181c3d,2026-10-09T17:20:17Z
nfl,TEN,HOU,2026-10-11T17:00:00Z,David Montgomery,rush_yds,betmgm,Over,47.5,-115,cc52bba56e74f5cddbe9011046181c3d,2026-10-09T17:20:17Z
nfl,TEN,HOU,2026-10-11T17:00:00Z,David Montgomery,rush_yds,betmgm,Under,47.5,-115,cc52bba56e74f5cddbe9011046181c3d,2026-10-09T17:20:17Z
nfl,TEN,HOU,2026-10-11T17:00:00Z,Woody Marks,rush_yds,betmgm,Over,27.5,-150,cc52bba56e74f5cddbe9011046181c3d,2026-10-09T17:20:17Z
nfl,TEN,HOU,2026-10-11T17:00:00Z,Woody Marks,rush_yds,betmgm,Under,27.5,110,cc52bba56e74f5cddbe9011046181c3d,2026-10-09T17:20:17Z
nfl,TEN,HOU,2026-10-11T17:00:00Z,C.J. Stroud,pass_att,espnbet,Over,31.5,-105,cc52bba56e74f5cddbe9011046181c3d,2026-10-09T17:19:30Z
nfl,TEN,HOU,2026-10-11T17:00:00Z,C.J. Stroud,pass_att,espnbet,Under,31.5,-125,cc52bba56e74f5cddbe9011046181c3d,2026-10-09T17:19:30Z
nfl,TEN,HOU,2026-10-11T17:00:00Z,Cam Ward,pass_att,espnbet,Over,31.5,-120,cc52bba56e74f5cddbe9011046181c3d,2026-10-09T17:19:30Z
nfl,TEN,HOU,2026-10-11T17:00:00Z,Cam Ward,pass_att,espnbet,Under,31.5,-110,cc52bba56e74f5cddbe9011046181c3d,2026-10-09T17:19:30Z
nfl,TEN,HOU,2026-10-11T17:00:00Z,C.J. Stroud,completions,espnbet,Over,21.5,-115,cc52bba56e74f5cddbe9011046181c3d,2026-10-09T17:19:30Z
nfl,TEN,HOU,2026-10-11T17:00:00Z,C.J. Stroud,completions,espnbet,Under,21.5,-115,cc52bba56e74f5cddbe9011046181c3d,2026-10-09T17:19:30Z
nfl,TEN,HOU,2026-10-11T17:00:00Z,Cam Ward,completions,espnbet,Over,18.5,-135,cc52bba56e74f5cddbe9011046181c3d,2026-10-09T17:19:30Z
nfl,TEN,HOU,2026-10-11T17:00:00Z,Cam Ward,completions,espnbet,Under,18.5,105,cc52bba56e74f5cddbe9011046181c3d,2026-10-09T17:19:30Z
nfl,TEN,HOU,2026-10-11T17:00:00Z,C.J. Stroud,pass_td,espnbet,Over,1.5,-105,cc52bba56e74f5cddbe9011046181c3d,2026-10-09T17:19:30Z
nfl,TEN,HOU,2026-10-11T17:00:00Z,C.J. Stroud,pass_td,espnbet,Under,1.5,-125,cc52bba56e74f5cddbe9011046181c3d,2026-10-09T17:19:30Z
nfl,TEN,HOU,2026-10-11T17:00:00Z,Cam Ward,pass_td,espnbet,Over,0.5,-180,cc52bba56e74f5cddbe9011046181c3d,2026-10-09T17:19:30Z
nfl,TEN,HOU,2026-10-11T17:00:00Z,Cam Ward,pass_td,espnbet,Under,0.5,135,cc52bba56e74f5cddbe9011046181c3d,2026-10-09T17:19:30Z
nfl,TEN,HOU,2026-10-11T17:00:00Z,C.J. Stroud,pass_yds,espnbet,Over,244.5,-115,cc52bba56e74f5cddbe9011046181c3d,2026-10-09T17:19:30Z
nfl,TEN,HOU,2026-10-11T17:00:00Z,C.J. Stroud,pass_yds,espnbet,Under,244.5,-115,cc52bba56e74f5cddbe9011046181c3d,2026-10-09T17:19:30Z
nfl,TEN,HOU,2026-10-11T17:00:00Z,Cam Ward,pass_yds,espnbet,Over,189.5,-125,cc52bba56e74f5cddbe9011046181c3d,2026-10-09T17:19:30Z
nfl,TEN,HOU,2026-10-11T17:00:00Z,Cam Ward,pass_yds,espnbet,Under,189.5,-105,cc52bba56e74f5cddbe9011046181c3d,2026-10-09T17:19:30Z
nfl,TEN,HOU,2026-10-11T17:00:00Z,Nico Collins,rec_yds,espnbet,Over,79.5,-105,cc52bba56e74f5cddbe9011046181c3d,2026-10-09T17:19:30Z
nfl,TEN,HOU,2026-10-11T17:00:00Z,Nico Collins,rec_yds,espnbet,Under,79.5,-125,cc52bba56e74f5cddbe9011046181c3d,2026-10-09T17:19:30Z
nfl,TEN,HOU,2026-10-11T17:00:00Z,Carnell Tate,rec_yds,espnbet,Over,44.5,-125,cc52bba56e74f5cddbe9011046181c3d,2026-10-09T17:19:30Z
nfl,TEN,HOU,2026-10-11T17:00:00Z,Carnell Tate,rec_yds,espnbet,Under,44.5,-105,cc52bba56e74f5cddbe9011046181c3d,2026-10-09T17:19:30Z
nfl,TEN,HOU,2026-10-11T17:00:00Z,Wan'Dale Robinson,rec_yds,espnbet,Over,33.5,-115,cc52bba56e74f5cddbe9011046181c3d,2026-10-09T17:19:30Z
nfl,TEN,HOU,2026-10-11T17:00:00Z,Wan'Dale Robinson,rec_yds,espnbet,Under,33.5,-115,cc52bba56e74f5cddbe9011046181c3d,2026-10-09T17:19:30Z
nfl,TEN,HOU,2026-10-11T17:00:00Z,Dalton Schultz,rec_yds,espnbet,Over,39.5,100,cc52bba56e74f5cddbe9011046181c3d,2026-10-09T17:19:30Z
nfl,TEN,HOU,2026-10-11T17:00:00Z,Dalton Schultz,rec_yds,espnbet,Under,39.5,-130,cc52bba56e74f5cddbe9011046181c3d,2026-10-09T17:19:30Z
nfl,TEN,HOU,2026-10-11T17:00:00Z,Xavier Hutchinson,rec_yds,espnbet,Over,12.5,-135,cc52bba56e74f5cddbe9011046181c3d,2026-10-09T17:19:30Z
nfl,TEN,HOU,2026-10-11T17:00:00Z,Xavier Hutchinson,rec_yds,espnbet,Under,12.5,105,cc52bba56e74f5cddbe9011046181c3d,2026-10-09T17:19:30Z
nfl,TEN,HOU,2026-10-11T17:00:00Z,Kayshon Boutte,rec_yds,espnbet,Over,26.5,100,cc52bba56e74f5cddbe9011046181c3d,2026-10-09T17:19:30Z
nfl,TEN,HOU,2026-10-11T17:00:00Z,Kayshon Boutte,rec_yds,espnbet,Under,26.5,-130,cc52bba56e74f5cddbe9011046181c3d,2026-10-09T17:19:30Z
nfl,TEN,HOU,2026-10-11T17:00:00Z,Gunnar Helm,rec_yds,espnbet,Over,18.5,105,cc52bba56e74f5cddbe9011046181c3d,2026-10-09T17:19:30Z
nfl,TEN,HOU,2026-10-11T17:00:00Z,Gunnar Helm,rec_yds,espnbet,Under,18.5,-135,cc52bba56e74f5cddbe9011046181c3d,2026-10-09T17:19:30Z
nfl,TEN,HOU,2026-10-11T17:00:00Z,Jaylin Noel,rec_yds,espnbet,Over,19.5,-115,cc52bba56e74f5cddbe9011046181c3d,2026-10-09T17:19:30Z
nfl,TEN,HOU,2026-10-11T17:00:00Z,Jaylin Noel,rec_yds,espnbet,Under,19.5,-115,cc52bba56e74f5cddbe9011046181c3d,2026-10-09T17:19:30Z
nfl,TEN,HOU,2026-10-11T17:00:00Z,Elic Ayomanor,rec_yds,espnbet,Over,17.5,-105,cc52bba56e74f5cddbe9011046181c3d,2026-10-09T17:19:30Z
nfl,TEN,HOU,2026-10-11T17:00:00Z,Elic Ayomanor,rec_yds,espnbet,Under,17.5,-125,cc52bba56e74f5cddbe9011046181c3d,2026-10-09T17:19:30Z
nfl,TEN,HOU,2026-10-11T17:00:00Z,Tyjae Spears,rec_yds,espnbet,Over,10.5,-120,cc52bba56e74f5cddbe9011046181c3d,2026-10-09T17:19:30Z
nfl,TEN,HOU,2026-10-11T17:00:00Z,Tyjae Spears,rec_yds,espnbet,Under,10.5,-110,cc52bba56e74f5cddbe9011046181c3d,2026-10-09T17:19:30Z
nfl,TEN,HOU,2026-10-11T17:00:00Z,Calvin Ridley,rec_yds,espnbet,Over,10.5,-110,cc52bba56e74f5cddbe9011046181c3d,2026-10-09T17:19:30Z
nfl,TEN,HOU,2026-10-11T17:00:00Z,Calvin Ridley,rec_yds,espnbet,Under,10.5,-120,cc52bba56e74f5cddbe9011046181c3d,2026-10-09T17:19:30Z
nfl,TEN,HOU,2026-10-11T17:00:00Z,David Montgomery,rec_yds,espnbet,Over,7.5,-120,cc52bba56e74f5cddbe9011046181c3d,2026-10-09T17:19:30Z
nfl,TEN,HOU,2026-10-11T17:00:00Z,David Montgomery,rec_yds,espnbet,Under,7.5,-110,cc52bba56e74f5cddbe9011046181c3d,2026-10-09T17:19:30Z
nfl,TEN,HOU,2026-10-11T17:00:00Z,Woody Marks,rec_yds,espnbet,Over,9.5,100,cc52bba56e74f5cddbe9011046181c3d,2026-10-09T17:19:30Z
nfl,TEN,HOU,2026-10-11T17:00:00Z,Woody Marks,rec_yds,espnbet,Under,9.5,-130,cc52bba56e74f5cddbe9011046181c3d,2026-10-09T17:19:30Z
nfl,TEN,HOU,2026-10-11T17:00:00Z,Tony Pollard,rec_yds,espnbet,Over,9.5,-105,cc52bba56e74f5cddbe9011046181c3d,2026-10-09T17:19:30Z
nfl,TEN,HOU,2026-10-11T17:00:00Z,Tony Pollard,rec_yds,espnbet,Under,9.5,-125,cc52bba56e74f5cddbe9011046181c3d,2026-10-09T17:19:30Z
nfl,TEN,HOU,2026-10-11T17:00:00Z,Nico Collins,receptions,espnbet,Over,5.5,-125,cc52bba56e74f5cddbe9011046181c3d,2026-10-09T17:19:30Z
nfl,TEN,HOU,2026-10-11T17:00:00Z,Nico Collins,receptions,espnbet,Under,5.5,-105,cc52bba56e74f5cddbe9011046181c3d,2026-10-09T17:19:30Z
nfl,TEN,HOU,2026-10-11T17:00:00Z,Carnell Tate,receptions,espnbet,Over,4.5,115,cc52bba56e74f5cddbe9011046181c3d,2026-10-09T17:19:30Z
nfl,TEN,HOU,2026-10-11T17:00:00Z,Carnell Tate,receptions,espnbet,Under,4.5,-150,cc52bba56e74f5cddbe9011046181c3d,2026-10-09T17:19:30Z
nfl,TEN,HOU,2026-10-11T17:00:00Z,Dalton Schultz,receptions,espnbet,Over,4.5,115,cc52bba56e74f5cddbe9011046181c3d,2026-10-09T17:19:30Z
nfl,TEN,HOU,2026-10-11T17:00:00Z,Dalton Schultz,receptions,espnbet,Under,4.5,-150,cc52bba56e74f5cddbe9011046181c3d,2026-10-09T17:19:30Z
nfl,TEN,HOU,2026-10-11T17:00:00Z,Wan'Dale Robinson,receptions,espnbet,Over,3.5,-140,cc52bba56e74f5cddbe9011046181c3d,2026-10-09T17:19:30Z
nfl,TEN,HOU,2026-10-11T17:00:00Z,Wan'Dale Robinson,receptions,espnbet,Under,3.5,110,cc52bba56e74f5cddbe9011046181c3d,2026-10-09T17:19:30Z
nfl,TEN,HOU,2026-10-11T17:00:00Z,Xavier Hutchinson,receptions,espnbet,Over,1.5,140,cc52bba56e74f5cddbe9011046181c3d,2026-10-09T17:19:30Z
nfl,TEN,HOU,2026-10-11T17:00:00Z,Xavier Hutchinson,receptions,espnbet,Under,1.5,-190,cc52bba56e74f5cddbe9011046181c3d,2026-10-09T17:19:30Z
nfl,TEN,HOU,2026-10-11T17:00:00Z,Kayshon Boutte,receptions,espnbet,Over,2.5,125,cc52bba56e74f5cddbe9011046181c3d,2026-10-09T17:19:30Z
nfl,TEN,HOU,2026-10-11T17:00:00Z,Kayshon Boutte,receptions,espnbet,Under,2.5,-160,cc52bba56e74f5cddbe9011046181c3d,2026-10-09T17:19:30Z
nfl,TEN,HOU,2026-10-11T17:00:00Z,Gunnar Helm,receptions,espnbet,Over,2.5,110,cc52bba56e74f5cddbe9011046181c3d,2026-10-09T17:19:30Z
nfl,TEN,HOU,2026-10-11T17:00:00Z,Gunnar Helm,receptions,espnbet,Under,2.5,-140,cc52bba56e74f5cddbe9011046181c3d,2026-10-09T17:19:30Z
nfl,TEN,HOU,2026-10-11T17:00:00Z,Jaylin Noel,receptions,espnbet,Over,1.5,-155,cc52bba56e74f5cddbe9011046181c3d,2026-10-09T17:19:30Z
nfl,TEN,HOU,2026-10-11T17:00:00Z,Jaylin Noel,receptions,espnbet,Under,1.5,120,cc52bba56e74f5cddbe9011046181c3d,2026-10-09T17:19:30Z
nfl,TEN,HOU,2026-10-11T17:00:00Z,Woody Marks,receptions,espnbet,Over,1.5,-120,cc52bba56e74f5cddbe9011046181c3d,2026-10-09T17:19:30Z
nfl,TEN,HOU,2026-10-11T17:00:00Z,Woody Marks,receptions,espnbet,Under,1.5,-110,cc52bba56e74f5cddbe9011046181c3d,2026-10-09T17:19:30Z
nfl,TEN,HOU,2026-10-11T17:00:00Z,David Montgomery,receptions,espnbet,Over,1.5,110,cc52bba56e74f5cddbe9011046181c3d,2026-10-09T17:19:30Z
nfl,TEN,HOU,2026-10-11T17:00:00Z,David Montgomery,receptions,espnbet,Under,1.5,-140,cc52bba56e74f5cddbe9011046181c3d,2026-10-09T17:19:30Z
nfl,TEN,HOU,2026-10-11T17:00:00Z,Tyjae Spears,receptions,espnbet,Over,1.5,-190,cc52bba56e74f5cddbe9011046181c3d,2026-10-09T17:19:30Z
nfl,TEN,HOU,2026-10-11T17:00:00Z,Tyjae Spears,receptions,espnbet,Under,1.5,140,cc52bba56e74f5cddbe9011046181c3d,2026-10-09T17:19:30Z
nfl,TEN,HOU,2026-10-11T17:00:00Z,Tony Pollard,receptions,espnbet,Over,1.5,-140,cc52bba56e74f5cddbe9011046181c3d,2026-10-09T17:19:30Z
nfl,TEN,HOU,2026-10-11T17:00:00Z,Tony Pollard,receptions,espnbet,Under,1.5,110,cc52bba56e74f5cddbe9011046181c3d,2026-10-09T17:19:30Z
nfl,TEN,HOU,2026-10-11T17:00:00Z,Elic Ayomanor,receptions,espnbet,Over,1.5,-105,cc52bba56e74f5cddbe9011046181c3d,2026-10-09T17:19:30Z
nfl,TEN,HOU,2026-10-11T17:00:00Z,Elic Ayomanor,receptions,espnbet,Under,1.5,-125,cc52bba56e74f5cddbe9011046181c3d,2026-10-09T17:19:30Z
nfl,TEN,HOU,2026-10-11T17:00:00Z,Calvin Ridley,receptions,espnbet,Over,0.5,-200,cc52bba56e74f5cddbe9011046181c3d,2026-10-09T17:19:30Z
nfl,TEN,HOU,2026-10-11T17:00:00Z,Calvin Ridley,receptions,espnbet,Under,0.5,150,cc52bba56e74f5cddbe9011046181c3d,2026-10-09T17:19:30Z
nfl,TEN,HOU,2026-10-11T17:00:00Z,Tony Pollard,rush_att,espnbet,Over,14.5,-110,cc52bba56e74f5cddbe9011046181c3d,2026-10-09T17:19:30Z
nfl,TEN,HOU,2026-10-11T17:00:00Z,Tony Pollard,rush_att,espnbet,Under,14.5,-120,cc52bba56e74f5cddbe9011046181c3d,2026-10-09T17:19:30Z
nfl,TEN,HOU,2026-10-11T17:00:00Z,David Montgomery,rush_att,espnbet,Over,14.5,-110,cc52bba56e74f5cddbe9011046181c3d,2026-10-09T17:19:30Z
nfl,TEN,HOU,2026-10-11T17:00:00Z,David Montgomery,rush_att,espnbet,Under,14.5,-120,cc52bba56e74f5cddbe9011046181c3d,2026-10-09T17:19:30Z
nfl,TEN,HOU,2026-10-11T17:00:00Z,Woody Marks,rush_att,espnbet,Over,7.5,-180,cc52bba56e74f5cddbe9011046181c3d,2026-10-09T17:19:30Z
nfl,TEN,HOU,2026-10-11T17:00:00Z,Woody Marks,rush_att,espnbet,Under,7.5,135,cc52bba56e74f5cddbe9011046181c3d,2026-10-09T17:19:30Z
nfl,TEN,HOU,2026-10-11T17:00:00Z,David Montgomery,rush_yds,espnbet,Over,44.5,-125,cc52bba56e74f5cddbe9011046181c3d,2026-10-09T17:19:30Z
nfl,TEN,HOU,2026-10-11T17:00:00Z,David Montgomery,rush_yds,espnbet,Under,44.5,-105,cc52bba56e74f5cddbe9011046181c3d,2026-10-09T17:19:30Z
nfl,TEN,HOU,2026-10-11T17:00:00Z,Woody Marks,rush_yds,espnbet,Over,29.5,-135,cc52bba56e74f5cddbe9011046181c3d,2026-10-09T17:19:30Z
nfl,TEN,HOU,2026-10-11T17:00:00Z,Woody Marks,rush_yds,espnbet,Under,29.5,105,cc52bba56e74f5cddbe9011046181c3d,2026-10-09T17:19:30Z
nfl,TEN,HOU,2026-10-11T17:00:00Z,Tony Pollard,rush_yds,espnbet,Over,49.5,-110,cc52bba56e74f5cddbe9011046181c3d,2026-10-09T17:19:30Z
nfl,TEN,HOU,2026-10-11T17:00:00Z,Tony Pollard,rush_yds,espnbet,Under,49.5,-120,cc52bba56e74f5cddbe9011046181c3d,2026-10-09T17:19:30Z
nfl,TEN,HOU,2026-10-11T17:00:00Z,Tyjae Spears,rush_yds,espnbet,Over,14.5,-105,cc52bba56e74f5cddbe9011046181c3d,2026-10-09T17:19:30Z
nfl,TEN,HOU,2026-10-11T17:00:00Z,Tyjae Spears,rush_yds,espnbet,Under,14.5,-125,cc52bba56e74f5cddbe9011046181c3d,2026-10-09T17:19:30Z
nfl,TEN,HOU,2026-10-11T17:00:00Z,C.J. Stroud,rush_yds,espnbet,Over,9.5,-125,cc52bba56e74f5cddbe9011046181c3d,2026-10-09T17:19:30Z
nfl,TEN,HOU,2026-10-11T17:00:00Z,C.J. Stroud,rush_yds,espnbet,Under,9.5,-105,cc52bba56e74f5cddbe9011046181c3d,2026-10-09T17:19:30Z
nfl,TEN,HOU,2026-10-11T17:00:00Z,Cam Ward,rush_yds,espnbet,Over,10.5,-130,cc52bba56e74f5cddbe9011046181c3d,2026-10-09T17:19:30Z
nfl,TEN,HOU,2026-10-11T17:00:00Z,Cam Ward,rush_yds,espnbet,Under,10.5,100,cc52bba56e74f5cddbe9011046181c3d,2026-10-09T17:19:30Z
nfl,MIA,CIN,2026-10-11T17:00:00Z,Chase Brown,anytime_td,draftkings,Yes,,-165,c4647ca1201e6768501877267ca8251b,2026-10-09T17:20:15Z
nfl,MIA,CIN,2026-10-11T17:00:00Z,Ollie Gordon II,anytime_td,draftkings,Yes,,160,c4647ca1201e6768501877267ca8251b,2026-10-09T17:20:15Z
nfl,MIA,CIN,2026-10-11T17:00:00Z,Dohnte Meyers,anytime_td,draftkings,Yes,,200,c4647ca1201e6768501877267ca8251b,2026-10-09T17:20:15Z
nfl,MIA,CIN,2026-10-11T17:00:00Z,Mitchell Tinsley,anytime_td,draftkings,Yes,,245,c4647ca1201e6768501877267ca8251b,2026-10-09T17:20:15Z
nfl,MIA,CIN,2026-10-11T17:00:00Z,Jaylen Wright,anytime_td,draftkings,Yes,,260,c4647ca1201e6768501877267ca8251b,2026-10-09T17:20:15Z
nfl,MIA,CIN,2026-10-11T17:00:00Z,Mike Gesicki,anytime_td,draftkings,Yes,,260,c4647ca1201e6768501877267ca8251b,2026-10-09T17:20:15Z
nfl,MIA,CIN,2026-10-11T17:00:00Z,Malik Washington,anytime_td,draftkings,Yes,,295,c4647ca1201e6768501877267ca8251b,2026-10-09T17:20:15Z
nfl,MIA,CIN,2026-10-11T17:00:00Z,Malik Willis,anytime_td,draftkings,Yes,,350,c4647ca1201e6768501877267ca8251b,2026-10-09T17:20:15Z
nfl,MIA,CIN,2026-10-11T17:00:00Z,Samaje Perine,anytime_td,draftkings,Yes,,370,c4647ca1201e6768501877267ca8251b,2026-10-09T17:20:15Z
nfl,MIA,CIN,2026-10-11T17:00:00Z,Colbie Young,anytime_td,draftkings,Yes,,425,c4647ca1201e6768501877267ca8251b,2026-10-09T17:20:15Z
nfl,MIA,CIN,2026-10-11T17:00:00Z,Greg Dulcich,anytime_td,draftkings,Yes,,475,c4647ca1201e6768501877267ca8251b,2026-10-09T17:20:15Z
nfl,MIA,CIN,2026-10-11T17:00:00Z,Cincinnati Bengals D/ST,anytime_td,draftkings,Yes,,500,c4647ca1201e6768501877267ca8251b,2026-10-09T17:20:15Z
nfl,MIA,CIN,2026-10-11T17:00:00Z,Chris Bell,anytime_td,draftkings,Yes,,500,c4647ca1201e6768501877267ca8251b,2026-10-09T17:20:15Z
nfl,MIA,CIN,2026-10-11T17:00:00Z,Miami Dolphins D/ST,anytime_td,draftkings,Yes,,650,c4647ca1201e6768501877267ca8251b,2026-10-09T17:20:15Z
nfl,MIA,CIN,2026-10-11T17:00:00Z,Drew Sample,anytime_td,draftkings,Yes,,650,c4647ca1201e6768501877267ca8251b,2026-10-09T17:20:15Z
nfl,MIA,CIN,2026-10-11T17:00:00Z,Caleb Douglas,anytime_td,draftkings,Yes,,700,c4647ca1201e6768501877267ca8251b,2026-10-09T17:20:15Z
nfl,MIA,CIN,2026-10-11T17:00:00Z,Joe Burrow,anytime_td,draftkings,Yes,,700,c4647ca1201e6768501877267ca8251b,2026-10-09T17:20:15Z
nfl,MIA,CIN,2026-10-11T17:00:00Z,Kevin Coleman Jr.,anytime_td,draftkings,Yes,,800,c4647ca1201e6768501877267ca8251b,2026-10-09T17:20:15Z
nfl,MIA,CIN,2026-10-11T17:00:00Z,Tanner Hudson,anytime_td,draftkings,Yes,,800,c4647ca1201e6768501877267ca8251b,2026-10-09T17:20:15Z
nfl,MIA,CIN,2026-10-11T17:00:00Z,Erick All,anytime_td,draftkings,Yes,,900,c4647ca1201e6768501877267ca8251b,2026-10-09T17:20:15Z
nfl,MIA,CIN,2026-10-11T17:00:00Z,Jack Endries,anytime_td,draftkings,Yes,,1000,c4647ca1201e6768501877267ca8251b,2026-10-09T17:20:15Z
nfl,MIA,CIN,2026-10-11T17:00:00Z,Will Kacmarek,anytime_td,draftkings,Yes,,1300,c4647ca1201e6768501877267ca8251b,2026-10-09T17:20:15Z
nfl,MIA,CIN,2026-10-11T17:00:00Z,Jalen Tolbert,anytime_td,draftkings,Yes,,1600,c4647ca1201e6768501877267ca8251b,2026-10-09T17:20:15Z
nfl,MIA,CIN,2026-10-11T17:00:00Z,DJ Herman,anytime_td,draftkings,Yes,,2200,c4647ca1201e6768501877267ca8251b,2026-10-09T17:20:15Z
nfl,MIA,CIN,2026-10-11T17:00:00Z,Ryan Miller,anytime_td,draftkings,Yes,,2200,c4647ca1201e6768501877267ca8251b,2026-10-09T17:20:15Z
nfl,MIA,CIN,2026-10-11T17:00:00Z,Justin Joly,anytime_td,draftkings,Yes,,2500,c4647ca1201e6768501877267ca8251b,2026-10-09T17:20:15Z
nfl,MIA,CIN,2026-10-11T17:00:00Z,Tahj Brooks,anytime_td,draftkings,Yes,,2500,c4647ca1201e6768501877267ca8251b,2026-10-09T17:20:15Z
nfl,MIA,CIN,2026-10-11T17:00:00Z,Seydou Traore,anytime_td,draftkings,Yes,,2800,c4647ca1201e6768501877267ca8251b,2026-10-09T17:20:15Z
nfl,MIA,CIN,2026-10-11T17:00:00Z,Joe Burrow,pass_att,draftkings,Over,32.5,-129,c4647ca1201e6768501877267ca8251b,2026-10-09T17:20:15Z
nfl,MIA,CIN,2026-10-11T17:00:00Z,Joe Burrow,pass_att,draftkings,Under,32.5,101,c4647ca1201e6768501877267ca8251b,2026-10-09T17:20:15Z
nfl,MIA,CIN,2026-10-11T17:00:00Z,Malik Willis,pass_att,draftkings,Over,28.5,-102,c4647ca1201e6768501877267ca8251b,2026-10-09T17:20:15Z
nfl,MIA,CIN,2026-10-11T17:00:00Z,Malik Willis,pass_att,draftkings,Under,28.5,-125,c4647ca1201e6768501877267ca8251b,2026-10-09T17:20:15Z
nfl,MIA,CIN,2026-10-11T17:00:00Z,Joe Burrow,completions,draftkings,Over,23.5,-117,c4647ca1201e6768501877267ca8251b,2026-10-09T17:20:15Z
nfl,MIA,CIN,2026-10-11T17:00:00Z,Joe Burrow,completions,draftkings,Under,23.5,-109,c4647ca1201e6768501877267ca8251b,2026-10-09T17:20:15Z
nfl,MIA,CIN,2026-10-11T17:00:00Z,Malik Willis,completions,draftkings,Over,16.5,-129,c4647ca1201e6768501877267ca8251b,2026-10-09T17:20:15Z
nfl,MIA,CIN,2026-10-11T17:00:00Z,Malik Willis,completions,draftkings,Under,16.5,101,c4647ca1201e6768501877267ca8251b,2026-10-09T17:20:15Z
nfl,MIA,CIN,2026-10-11T17:00:00Z,Joe Burrow,pass_td,draftkings,Over,1.5,-165,c4647ca1201e6768501877267ca8251b,2026-10-09T17:20:15Z
nfl,MIA,CIN,2026-10-11T17:00:00Z,Joe Burrow,pass_td,draftkings,Under,1.5,129,c4647ca1201e6768501877267ca8251b,2026-10-09T17:20:15Z
nfl,MIA,CIN,2026-10-11T17:00:00Z,Malik Willis,pass_td,draftkings,Over,0.5,-187,c4647ca1201e6768501877267ca8251b,2026-10-09T17:20:15Z
nfl,MIA,CIN,2026-10-11T17:00:00Z,Malik Willis,pass_td,draftkings,Under,0.5,145,c4647ca1201e6768501877267ca8251b,2026-10-09T17:20:15Z
nfl,MIA,CIN,2026-10-11T17:00:00Z,Joe Burrow,pass_yds,draftkings,Over,252.5,-112,c4647ca1201e6768501877267ca8251b,2026-10-09T17:20:15Z
nfl,MIA,CIN,2026-10-11T17:00:00Z,Joe Burrow,pass_yds,draftkings,Under,252.5,-112,c4647ca1201e6768501877267ca8251b,2026-10-09T17:20:15Z
nfl,MIA,CIN,2026-10-11T17:00:00Z,Malik Willis,pass_yds,draftkings,Over,194.5,-111,c4647ca1201e6768501877267ca8251b,2026-10-09T17:20:15Z
nfl,MIA,CIN,2026-10-11T17:00:00Z,Malik Willis,pass_yds,draftkings,Under,194.5,-113,c4647ca1201e6768501877267ca8251b,2026-10-09T17:20:15Z
nfl,MIA,CIN,2026-10-11T17:00:00Z,Malik Washington,rec_yds,draftkings,Over,46.5,-113,c4647ca1201e6768501877267ca8251b,2026-10-09T17:20:15Z
nfl,MIA,CIN,2026-10-11T17:00:00Z,Malik Washington,rec_yds,draftkings,Under,46.5,-111,c4647ca1201e6768501877267ca8251b,2026-10-09T17:20:15Z
nfl,MIA,CIN,2026-10-11T17:00:00Z,Chris Bell,rec_yds,draftkings,Over,33.5,-111,c4647ca1201e6768501877267ca8251b,2026-10-09T17:20:15Z
nfl,MIA,CIN,2026-10-11T17:00:00Z,Chris Bell,rec_yds,draftkings,Under,33.5,-113,c4647ca1201e6768501877267ca8251b,2026-10-09T17:20:15Z
nfl,MIA,CIN,2026-10-11T17:00:00Z,Greg Dulcich,rec_yds,draftkings,Over,26.5,-115,c4647ca1201e6768501877267ca8251b,2026-10-09T17:20:15Z
nfl,MIA,CIN,2026-10-11T17:00:00Z,Greg Dulcich,rec_yds,draftkings,Under,26.5,-109,c4647ca1201e6768501877267ca8251b,2026-10-09T17:20:15Z
nfl,MIA,CIN,2026-10-11T17:00:00Z,Kevin Coleman Jr.,rec_yds,draftkings,Over,18.5,-113,c4647ca1201e6768501877267ca8251b,2026-10-09T17:20:15Z
nfl,MIA,CIN,2026-10-11T17:00:00Z,Kevin Coleman Jr.,rec_yds,draftkings,Under,18.5,-111,c4647ca1201e6768501877267ca8251b,2026-10-09T17:20:15Z
nfl,MIA,CIN,2026-10-11T17:00:00Z,Ollie Gordon II,rec_yds,draftkings,Over,10.5,-106,c4647ca1201e6768501877267ca8251b,2026-10-09T17:20:15Z
nfl,MIA,CIN,2026-10-11T17:00:00Z,Ollie Gordon II,rec_yds,draftkings,Under,10.5,-119,c4647ca1201e6768501877267ca8251b,2026-10-09T17:20:15Z
nfl,MIA,CIN,2026-10-11T17:00:00Z,Malik Washington,receptions,draftkings,Over,4.5,-134,c4647ca1201e6768501877267ca8251b,2026-10-09T17:20:15Z
nfl,MIA,CIN,2026-10-11T17:00:00Z,Malik Washington,receptions,draftkings,Under,4.5,105,c4647ca1201e6768501877267ca8251b,2026-10-09T17:20:15Z
nfl,MIA,CIN,2026-10-11T17:00:00Z,Greg Dulcich,receptions,draftkings,Over,2.5,-136,c4647ca1201e6768501877267ca8251b,2026-10-09T17:20:15Z
nfl,MIA,CIN,2026-10-11T17:00:00Z,Greg Dulcich,receptions,draftkings,Under,2.5,106,c4647ca1201e6768501877267ca8251b,2026-10-09T17:20:15Z
nfl,MIA,CIN,2026-10-11T17:00:00Z,Chris Bell,receptions,draftkings,Over,2.5,-106,c4647ca1201e6768501877267ca8251b,2026-10-09T17:20:15Z
nfl,MIA,CIN,2026-10-11T17:00:00Z,Chris Bell,receptions,draftkings,Under,2.5,-120,c4647ca1201e6768501877267ca8251b,2026-10-09T17:20:15Z
nfl,MIA,CIN,2026-10-11T17:00:00Z,Kevin Coleman Jr.,receptions,draftkings,Over,1.5,-164,c4647ca1201e6768501877267ca8251b,2026-10-09T17:20:15Z
nfl,MIA,CIN,2026-10-11T17:00:00Z,Kevin Coleman Jr.,receptions,draftkings,Under,1.5,128,c4647ca1201e6768501877267ca8251b,2026-10-09T17:20:15Z
nfl,MIA,CIN,2026-10-11T17:00:00Z,Ollie Gordon II,receptions,draftkings,Over,1.5,-130,c4647ca1201e6768501877267ca8251b,2026-10-09T17:20:15Z
nfl,MIA,CIN,2026-10-11T17:00:00Z,Ollie Gordon II,receptions,draftkings,Under,1.5,102,c4647ca1201e6768501877267ca8251b,2026-10-09T17:20:15Z
nfl,MIA,CIN,2026-10-11T17:00:00Z,Chase Brown,rush_att,draftkings,Over,16.5,-120,c4647ca1201e6768501877267ca8251b,2026-10-09T17:20:15Z
nfl,MIA,CIN,2026-10-11T17:00:00Z,Chase Brown,rush_att,draftkings,Under,16.5,-106,c4647ca1201e6768501877267ca8251b,2026-10-09T17:20:15Z
nfl,MIA,CIN,2026-10-11T17:00:00Z,Ollie Gordon II,rush_att,draftkings,Over,11.5,104,c4647ca1201e6768501877267ca8251b,2026-10-09T17:20:15Z
nfl,MIA,CIN,2026-10-11T17:00:00Z,Ollie Gordon II,rush_att,draftkings,Under,11.5,-133,c4647ca1201e6768501877267ca8251b,2026-10-09T17:20:15Z
nfl,MIA,CIN,2026-10-11T17:00:00Z,Chase Brown,rush_yds,draftkings,Over,67.5,-111,c4647ca1201e6768501877267ca8251b,2026-10-09T17:20:15Z
nfl,MIA,CIN,2026-10-11T17:00:00Z,Chase Brown,rush_yds,draftkings,Under,67.5,-113,c4647ca1201e6768501877267ca8251b,2026-10-09T17:20:15Z
nfl,MIA,CIN,2026-10-11T17:00:00Z,Ollie Gordon II,rush_yds,draftkings,Over,42.5,-113,c4647ca1201e6768501877267ca8251b,2026-10-09T17:20:15Z
nfl,MIA,CIN,2026-10-11T17:00:00Z,Ollie Gordon II,rush_yds,draftkings,Under,42.5,-111,c4647ca1201e6768501877267ca8251b,2026-10-09T17:20:15Z
nfl,MIA,CIN,2026-10-11T17:00:00Z,Malik Willis,rush_yds,draftkings,Over,33.5,-110,c4647ca1201e6768501877267ca8251b,2026-10-09T17:20:15Z
nfl,MIA,CIN,2026-10-11T17:00:00Z,Malik Willis,rush_yds,draftkings,Under,33.5,-114,c4647ca1201e6768501877267ca8251b,2026-10-09T17:20:15Z
nfl,MIA,CIN,2026-10-11T17:00:00Z,Jaylen Wright,rush_yds,draftkings,Over,25.5,-108,c4647ca1201e6768501877267ca8251b,2026-10-09T17:20:15Z
nfl,MIA,CIN,2026-10-11T17:00:00Z,Jaylen Wright,rush_yds,draftkings,Under,25.5,-116,c4647ca1201e6768501877267ca8251b,2026-10-09T17:20:15Z
nfl,MIA,CIN,2026-10-11T17:00:00Z,Samaje Perine,rush_yds,draftkings,Over,14.5,-111,c4647ca1201e6768501877267ca8251b,2026-10-09T17:20:15Z
nfl,MIA,CIN,2026-10-11T17:00:00Z,Samaje Perine,rush_yds,draftkings,Under,14.5,-113,c4647ca1201e6768501877267ca8251b,2026-10-09T17:20:15Z
nfl,MIA,CIN,2026-10-11T17:00:00Z,Joe Burrow,rush_yds,draftkings,Over,8.5,-114,c4647ca1201e6768501877267ca8251b,2026-10-09T17:20:15Z
nfl,MIA,CIN,2026-10-11T17:00:00Z,Joe Burrow,rush_yds,draftkings,Under,8.5,-110,c4647ca1201e6768501877267ca8251b,2026-10-09T17:20:15Z
nfl,MIA,CIN,2026-10-11T17:00:00Z,Chase Brown,anytime_td,fanduel,Yes,,-160,c4647ca1201e6768501877267ca8251b,2026-10-09T17:19:53Z
nfl,MIA,CIN,2026-10-11T17:00:00Z,Tee Higgins,anytime_td,fanduel,Yes,,-125,c4647ca1201e6768501877267ca8251b,2026-10-09T17:19:53Z
nfl,MIA,CIN,2026-10-11T17:00:00Z,Ja'Marr Chase,anytime_td,fanduel,Yes,,-125,c4647ca1201e6768501877267ca8251b,2026-10-09T17:19:53Z
nfl,MIA,CIN,2026-10-11T17:00:00Z,Ollie Gordon II,anytime_td,fanduel,Yes,,145,c4647ca1201e6768501877267ca8251b,2026-10-09T17:19:53Z
nfl,MIA,CIN,2026-10-11T17:00:00Z,Dohnte Meyers,anytime_td,fanduel,Yes,,230,c4647ca1201e6768501877267ca8251b,2026-10-09T17:19:53Z
nfl,MIA,CIN,2026-10-11T17:00:00Z,Mitchell Tinsley,anytime_td,fanduel,Yes,,230,c4647ca1201e6768501877267ca8251b,2026-10-09T17:19:53Z
nfl,MIA,CIN,2026-10-11T17:00:00Z,Jaylen Wright,anytime_td,fanduel,Yes,,250,c4647ca1201e6768501877267ca8251b,2026-10-09T17:19:53Z
nfl,MIA,CIN,2026-10-11T17:00:00Z,Mike Gesicki,anytime_td,fanduel,Yes,,250,c4647ca1201e6768501877267ca8251b,2026-10-09T17:19:53Z
nfl,MIA,CIN,2026-10-11T17:00:00Z,Malik Washington,anytime_td,fanduel,Yes,,310,c4647ca1201e6768501877267ca8251b,2026-10-09T17:19:53Z
nfl,MIA,CIN,2026-10-11T17:00:00Z,Malik Willis,anytime_td,fanduel,Yes,,320,c4647ca1201e6768501877267ca8251b,2026-10-09T17:19:53Z
nfl,MIA,CIN,2026-10-11T17:00:00Z,Samaje Perine,anytime_td,fanduel,Yes,,390,c4647ca1201e6768501877267ca8251b,2026-10-09T17:19:53Z
nfl,MIA,CIN,2026-10-11T17:00:00Z,Greg Dulcich,anytime_td,fanduel,Yes,,460,c4647ca1201e6768501877267ca8251b,2026-10-09T17:19:53Z
nfl,MIA,CIN,2026-10-11T17:00:00Z,Chris Bell,anytime_td,fanduel,Yes,,480,c4647ca1201e6768501877267ca8251b,2026-10-09T17:19:53Z
nfl,MIA,CIN,2026-10-11T17:00:00Z,Colbie Young,anytime_td,fanduel,Yes,,500,c4647ca1201e6768501877267ca8251b,2026-10-09T17:19:53Z
nfl,MIA,CIN,2026-10-11T17:00:00Z,Miami Dolphins Defense,anytime_td,fanduel,Yes,,600,c4647ca1201e6768501877267ca8251b,2026-10-09T17:19:53Z
nfl,MIA,CIN,2026-10-11T17:00:00Z,Joe Burrow,anytime_td,fanduel,Yes,,700,c4647ca1201e6768501877267ca8251b,2026-10-09T17:19:53Z
nfl,MIA,CIN,2026-10-11T17:00:00Z,Cincinnati Bengals Defense,anytime_td,fanduel,Yes,,750,c4647ca1201e6768501877267ca8251b,2026-10-09T17:19:53Z
nfl,MIA,CIN,2026-10-11T17:00:00Z,Kevin Coleman Jr.,anytime_td,fanduel,Yes,,850,c4647ca1201e6768501877267ca8251b,2026-10-09T17:19:53Z
nfl,MIA,CIN,2026-10-11T17:00:00Z,Drew Sample,anytime_td,fanduel,Yes,,900,c4647ca1201e6768501877267ca8251b,2026-10-09T17:19:53Z
nfl,MIA,CIN,2026-10-11T17:00:00Z,Tanner Hudson,anytime_td,fanduel,Yes,,950,c4647ca1201e6768501877267ca8251b,2026-10-09T17:19:53Z
nfl,MIA,CIN,2026-10-11T17:00:00Z,Erick All,anytime_td,fanduel,Yes,,1000,c4647ca1201e6768501877267ca8251b,2026-10-09T17:19:53Z
nfl,MIA,CIN,2026-10-11T17:00:00Z,Jack Endries,anytime_td,fanduel,Yes,,1000,c4647ca1201e6768501877267ca8251b,2026-10-09T17:19:53Z
nfl,MIA,CIN,2026-10-11T17:00:00Z,Will Kacmarek,anytime_td,fanduel,Yes,,1200,c4647ca1201e6768501877267ca8251b,2026-10-09T17:19:53Z
nfl,MIA,CIN,2026-10-11T17:00:00Z,Ryan Miller,anytime_td,fanduel,Yes,,1500,c4647ca1201e6768501877267ca8251b,2026-10-09T17:19:53Z
nfl,MIA,CIN,2026-10-11T17:00:00Z,Jalen Tolbert,anytime_td,fanduel,Yes,,2200,c4647ca1201e6768501877267ca8251b,2026-10-09T17:19:53Z
nfl,MIA,CIN,2026-10-11T17:00:00Z,Justin Joly,anytime_td,fanduel,Yes,,2500,c4647ca1201e6768501877267ca8251b,2026-10-09T17:19:53Z
nfl,MIA,CIN,2026-10-11T17:00:00Z,Seydou Traore,anytime_td,fanduel,Yes,,2500,c4647ca1201e6768501877267ca8251b,2026-10-09T17:19:53Z
nfl,MIA,CIN,2026-10-11T17:00:00Z,DJ Herman,anytime_td,fanduel,Yes,,2700,c4647ca1201e6768501877267ca8251b,2026-10-09T17:19:53Z
nfl,MIA,CIN,2026-10-11T17:00:00Z,Tahj Brooks,anytime_td,fanduel,Yes,,2700,c4647ca1201e6768501877267ca8251b,2026-10-09T17:19:53Z
nfl,MIA,CIN,2026-10-11T17:00:00Z,Joe Burrow,pass_td,fanduel,Over,1.5,-166,c4647ca1201e6768501877267ca8251b,2026-10-09T17:19:53Z
nfl,MIA,CIN,2026-10-11T17:00:00Z,Joe Burrow,pass_td,fanduel,Under,1.5,124,c4647ca1201e6768501877267ca8251b,2026-10-09T17:19:53Z
nfl,MIA,CIN,2026-10-11T17:00:00Z,Malik Willis,pass_td,fanduel,Over,0.5,-198,c4647ca1201e6768501877267ca8251b,2026-10-09T17:19:53Z
nfl,MIA,CIN,2026-10-11T17:00:00Z,Malik Willis,pass_td,fanduel,Under,0.5,146,c4647ca1201e6768501877267ca8251b,2026-10-09T17:19:53Z
nfl,MIA,CIN,2026-10-11T17:00:00Z,Joe Burrow,pass_yds,fanduel,Over,252.5,-114,c4647ca1201e6768501877267ca8251b,2026-10-09T17:19:53Z
nfl,MIA,CIN,2026-10-11T17:00:00Z,Joe Burrow,pass_yds,fanduel,Under,252.5,-114,c4647ca1201e6768501877267ca8251b,2026-10-09T17:19:53Z
nfl,MIA,CIN,2026-10-11T17:00:00Z,Malik Willis,pass_yds,fanduel,Over,192.5,-114,c4647ca1201e6768501877267ca8251b,2026-10-09T17:19:53Z
nfl,MIA,CIN,2026-10-11T17:00:00Z,Malik Willis,pass_yds,fanduel,Under,192.5,-114,c4647ca1201e6768501877267ca8251b,2026-10-09T17:19:53Z
nfl,MIA,CIN,2026-10-11T17:00:00Z,Kevin Coleman Jr.,rec_yds,fanduel,Over,18.5,-114,c4647ca1201e6768501877267ca8251b,2026-10-09T17:19:53Z
nfl,MIA,CIN,2026-10-11T17:00:00Z,Kevin Coleman Jr.,rec_yds,fanduel,Under,18.5,-114,c4647ca1201e6768501877267ca8251b,2026-10-09T17:19:53Z
nfl,MIA,CIN,2026-10-11T17:00:00Z,Ollie Gordon II,rec_yds,fanduel,Over,9.5,-114,c4647ca1201e6768501877267ca8251b,2026-10-09T17:19:53Z
nfl,MIA,CIN,2026-10-11T17:00:00Z,Ollie Gordon II,rec_yds,fanduel,Under,9.5,-114,c4647ca1201e6768501877267ca8251b,2026-10-09T17:19:53Z
nfl,MIA,CIN,2026-10-11T17:00:00Z,Greg Dulcich,rec_yds,fanduel,Over,25.5,-114,c4647ca1201e6768501877267ca8251b,2026-10-09T17:19:53Z
nfl,MIA,CIN,2026-10-11T17:00:00Z,Greg Dulcich,rec_yds,fanduel,Under,25.5,-114,c4647ca1201e6768501877267ca8251b,2026-10-09T17:19:53Z
nfl,MIA,CIN,2026-10-11T17:00:00Z,Chris Bell,rec_yds,fanduel,Over,33.5,-114,c4647ca1201e6768501877267ca8251b,2026-10-09T17:19:53Z
nfl,MIA,CIN,2026-10-11T17:00:00Z,Chris Bell,rec_yds,fanduel,Under,33.5,-114,c4647ca1201e6768501877267ca8251b,2026-10-09T17:19:53Z
nfl,MIA,CIN,2026-10-11T17:00:00Z,Malik Washington,rec_yds,fanduel,Over,44.5,-114,c4647ca1201e6768501877267ca8251b,2026-10-09T17:19:53Z
nfl,MIA,CIN,2026-10-11T17:00:00Z,Malik Washington,rec_yds,fanduel,Under,44.5,-114,c4647ca1201e6768501877267ca8251b,2026-10-09T17:19:53Z
nfl,MIA,CIN,2026-10-11T17:00:00Z,Ollie Gordon II,receptions,fanduel,Over,1.5,-138,c4647ca1201e6768501877267ca8251b,2026-10-09T17:19:53Z
nfl,MIA,CIN,2026-10-11T17:00:00Z,Ollie Gordon II,receptions,fanduel,Under,1.5,104,c4647ca1201e6768501877267ca8251b,2026-10-09T17:19:53Z
nfl,MIA,CIN,2026-10-11T17:00:00Z,Chris Bell,receptions,fanduel,Over,2.5,-108,c4647ca1201e6768501877267ca8251b,2026-10-09T17:19:53Z
nfl,MIA,CIN,2026-10-11T17:00:00Z,Chris Bell,receptions,fanduel,Under,2.5,-122,c4647ca1201e6768501877267ca8251b,2026-10-09T17:19:53Z
nfl,MIA,CIN,2026-10-11T17:00:00Z,Kevin Coleman Jr.,receptions,fanduel,Over,1.5,-158,c4647ca1201e6768501877267ca8251b,2026-10-09T17:19:53Z
nfl,MIA,CIN,2026-10-11T17:00:00Z,Kevin Coleman Jr.,receptions,fanduel,Under,1.5,118,c4647ca1201e6768501877267ca8251b,2026-10-09T17:19:53Z
nfl,MIA,CIN,2026-10-11T17:00:00Z,Malik Washington,receptions,fanduel,Over,4.5,-138,c4647ca1201e6768501877267ca8251b,2026-10-09T17:19:53Z
nfl,MIA,CIN,2026-10-11T17:00:00Z,Malik Washington,receptions,fanduel,Under,4.5,104,c4647ca1201e6768501877267ca8251b,2026-10-09T17:19:53Z
nfl,MIA,CIN,2026-10-11T17:00:00Z,Greg Dulcich,receptions,fanduel,Over,2.5,-136,c4647ca1201e6768501877267ca8251b,2026-10-09T17:19:53Z
nfl,MIA,CIN,2026-10-11T17:00:00Z,Greg Dulcich,receptions,fanduel,Under,2.5,102,c4647ca1201e6768501877267ca8251b,2026-10-09T17:19:53Z
nfl,MIA,CIN,2026-10-11T17:00:00Z,Chase Brown,rush_yds,fanduel,Over,67.5,-114,c4647ca1201e6768501877267ca8251b,2026-10-09T17:19:53Z
nfl,MIA,CIN,2026-10-11T17:00:00Z,Chase Brown,rush_yds,fanduel,Under,67.5,-114,c4647ca1201e6768501877267ca8251b,2026-10-09T17:19:53Z
nfl,MIA,CIN,2026-10-11T17:00:00Z,Ollie Gordon II,rush_yds,fanduel,Over,43.5,-114,c4647ca1201e6768501877267ca8251b,2026-10-09T17:19:53Z
nfl,MIA,CIN,2026-10-11T17:00:00Z,Ollie Gordon II,rush_yds,fanduel,Under,43.5,-114,c4647ca1201e6768501877267ca8251b,2026-10-09T17:19:53Z
nfl,MIA,CIN,2026-10-11T17:00:00Z,Jaylen Wright,rush_yds,fanduel,Over,25.5,-114,c4647ca1201e6768501877267ca8251b,2026-10-09T17:19:53Z
nfl,MIA,CIN,2026-10-11T17:00:00Z,Jaylen Wright,rush_yds,fanduel,Under,25.5,-114,c4647ca1201e6768501877267ca8251b,2026-10-09T17:19:53Z
nfl,MIA,CIN,2026-10-11T17:00:00Z,Malik Willis,rush_yds,fanduel,Over,32.5,-114,c4647ca1201e6768501877267ca8251b,2026-10-09T17:19:53Z
nfl,MIA,CIN,2026-10-11T17:00:00Z,Malik Willis,rush_yds,fanduel,Under,32.5,-114,c4647ca1201e6768501877267ca8251b,2026-10-09T17:19:53Z
nfl,MIA,CIN,2026-10-11T17:00:00Z,Samaje Perine,rush_yds,fanduel,Over,14.5,-114,c4647ca1201e6768501877267ca8251b,2026-10-09T17:19:53Z
nfl,MIA,CIN,2026-10-11T17:00:00Z,Samaje Perine,rush_yds,fanduel,Under,14.5,-114,c4647ca1201e6768501877267ca8251b,2026-10-09T17:19:53Z
nfl,MIA,CIN,2026-10-11T17:00:00Z,Joe Burrow,rush_yds,fanduel,Over,8.5,-114,c4647ca1201e6768501877267ca8251b,2026-10-09T17:19:53Z
nfl,MIA,CIN,2026-10-11T17:00:00Z,Joe Burrow,rush_yds,fanduel,Under,8.5,-114,c4647ca1201e6768501877267ca8251b,2026-10-09T17:19:53Z
nfl,MIA,CIN,2026-10-11T17:00:00Z,Drew Sample,anytime_td,betrivers,Yes,,900,c4647ca1201e6768501877267ca8251b,2026-10-09T17:20:15Z
nfl,MIA,CIN,2026-10-11T17:00:00Z,Ja'Marr Chase,anytime_td,betrivers,Yes,,104,c4647ca1201e6768501877267ca8251b,2026-10-09T17:20:15Z
nfl,MIA,CIN,2026-10-11T17:00:00Z,Chase Brown,anytime_td,betrivers,Yes,,-143,c4647ca1201e6768501877267ca8251b,2026-10-09T17:20:15Z
nfl,MIA,CIN,2026-10-11T17:00:00Z,Joe Burrow,anytime_td,betrivers,Yes,,900,c4647ca1201e6768501877267ca8251b,2026-10-09T17:20:15Z
nfl,MIA,CIN,2026-10-11T17:00:00Z,Erick All,anytime_td,betrivers,Yes,,1700,c4647ca1201e6768501877267ca8251b,2026-10-09T17:20:15Z
nfl,MIA,CIN,2026-10-11T17:00:00Z,Chris Bell,anytime_td,betrivers,Yes,,440,c4647ca1201e6768501877267ca8251b,2026-10-09T17:20:15Z
nfl,MIA,CIN,2026-10-11T17:00:00Z,Colbie Young,anytime_td,betrivers,Yes,,550,c4647ca1201e6768501877267ca8251b,2026-10-09T17:20:15Z
nfl,MIA,CIN,2026-10-11T17:00:00Z,Jalen Tolbert,anytime_td,betrivers,Yes,,1000,c4647ca1201e6768501877267ca8251b,2026-10-09T17:20:15Z
nfl,MIA,CIN,2026-10-11T17:00:00Z,Malik Washington,anytime_td,betrivers,Yes,,300,c4647ca1201e6768501877267ca8251b,2026-10-09T17:20:15Z
nfl,MIA,CIN,2026-10-11T17:00:00Z,Ollie Gordon II,anytime_td,betrivers,Yes,,-113,c4647ca1201e6768501877267ca8251b,2026-10-09T17:20:15Z
nfl,MIA,CIN,2026-10-11T17:00:00Z,Jaylen Wright,anytime_td,betrivers,Yes,,235,c4647ca1201e6768501877267ca8251b,2026-10-09T17:20:15Z
nfl,MIA,CIN,2026-10-11T17:00:00Z,Will Kacmarek,anytime_td,betrivers,Yes,,2000,c4647ca1201e6768501877267ca8251b,2026-10-09T17:20:15Z
nfl,MIA,CIN,2026-10-11T17:00:00Z,Malik Willis,anytime_td,betrivers,Yes,,225,c4647ca1201e6768501877267ca8251b,2026-10-09T17:20:15Z
nfl,MIA,CIN,2026-10-11T17:00:00Z,Caleb Douglas,anytime_td,betrivers,Yes,,400,c4647ca1201e6768501877267ca8251b,2026-10-09T17:20:15Z
nfl,MIA,CIN,2026-10-11T17:00:00Z,Tee Higgins,anytime_td,betrivers,Yes,,112,c4647ca1201e6768501877267ca8251b,2026-10-09T17:20:15Z
nfl,MIA,CIN,2026-10-11T17:00:00Z,Mike Gesicki,anytime_td,betrivers,Yes,,225,c4647ca1201e6768501877267ca8251b,2026-10-09T17:20:15Z
nfl,MIA,CIN,2026-10-11T17:00:00Z,Ryan Miller,anytime_td,betrivers,Yes,,1400,c4647ca1201e6768501877267ca8251b,2026-10-09T17:20:15Z
nfl,MIA,CIN,2026-10-11T17:00:00Z,DJ Herman,anytime_td,betrivers,Yes,,1700,c4647ca1201e6768501877267ca8251b,2026-10-09T17:20:15Z
nfl,MIA,CIN,2026-10-11T17:00:00Z,Justin Joly,anytime_td,betrivers,Yes,,1800,c4647ca1201e6768501877267ca8251b,2026-10-09T17:20:15Z
nfl,MIA,CIN,2026-10-11T17:00:00Z,Greg Dulcich,anytime_td,betrivers,Yes,,425,c4647ca1201e6768501877267ca8251b,2026-10-09T17:20:15Z
nfl,MIA,CIN,2026-10-11T17:00:00Z,Seydou Traore,anytime_td,betrivers,Yes,,2200,c4647ca1201e6768501877267ca8251b,2026-10-09T17:20:15Z
nfl,MIA,CIN,2026-10-11T17:00:00Z,Samaje Perine,anytime_td,betrivers,Yes,,500,c4647ca1201e6768501877267ca8251b,2026-10-09T17:20:15Z
nfl,MIA,CIN,2026-10-11T17:00:00Z,Dohnte Meyers,anytime_td,betrivers,Yes,,285,c4647ca1201e6768501877267ca8251b,2026-10-09T17:20:15Z
nfl,MIA,CIN,2026-10-11T17:00:00Z,Tanner Hudson,anytime_td,betrivers,Yes,,1300,c4647ca1201e6768501877267ca8251b,2026-10-09T17:20:15Z
nfl,MIA,CIN,2026-10-11T17:00:00Z,Tahj Brooks,anytime_td,betrivers,Yes,,1500,c4647ca1201e6768501877267ca8251b,2026-10-09T17:20:15Z
nfl,MIA,CIN,2026-10-11T17:00:00Z,Kevin Coleman Jr.,anytime_td,betrivers,Yes,,750,c4647ca1201e6768501877267ca8251b,2026-10-09T17:20:15Z
nfl,MIA,CIN,2026-10-11T17:00:00Z,Jack Endries,anytime_td,betrivers,Yes,,2000,c4647ca1201e6768501877267ca8251b,2026-10-09T17:20:15Z
nfl,MIA,CIN,2026-10-11T17:00:00Z,Mitchell Tinsley,anytime_td,betrivers,Yes,,390,c4647ca1201e6768501877267ca8251b,2026-10-09T17:20:15Z
nfl,MIA,CIN,2026-10-11T17:00:00Z,Malik Willis,completions,betrivers,Over,16.5,-121,c4647ca1201e6768501877267ca8251b,2026-10-09T17:20:15Z
nfl,MIA,CIN,2026-10-11T17:00:00Z,Joe Burrow,completions,betrivers,Over,24.5,102,c4647ca1201e6768501877267ca8251b,2026-10-09T17:20:15Z
nfl,MIA,CIN,2026-10-11T17:00:00Z,Joe Burrow,pass_td,betrivers,Over,1.5,-175,c4647ca1201e6768501877267ca8251b,2026-10-09T17:20:15Z
nfl,MIA,CIN,2026-10-11T17:00:00Z,Joe Burrow,pass_td,betrivers,Under,1.5,128,c4647ca1201e6768501877267ca8251b,2026-10-09T17:20:15Z
nfl,MIA,CIN,2026-10-11T17:00:00Z,Malik Willis,pass_td,betrivers,Over,0.5,-182,c4647ca1201e6768501877267ca8251b,2026-10-09T17:20:15Z
nfl,MIA,CIN,2026-10-11T17:00:00Z,Malik Willis,pass_td,betrivers,Under,0.5,135,c4647ca1201e6768501877267ca8251b,2026-10-09T17:20:15Z
nfl,MIA,CIN,2026-10-11T17:00:00Z,Malik Willis,pass_yds,betrivers,Over,194.5,-115,c4647ca1201e6768501877267ca8251b,2026-10-09T17:20:15Z
nfl,MIA,CIN,2026-10-11T17:00:00Z,Malik Willis,pass_yds,betrivers,Under,194.5,-115,c4647ca1201e6768501877267ca8251b,2026-10-09T17:20:15Z
nfl,MIA,CIN,2026-10-11T17:00:00Z,Joe Burrow,pass_yds,betrivers,Over,251.5,-115,c4647ca1201e6768501877267ca8251b,2026-10-09T17:20:15Z
nfl,MIA,CIN,2026-10-11T17:00:00Z,Joe Burrow,pass_yds,betrivers,Under,251.5,-115,c4647ca1201e6768501877267ca8251b,2026-10-09T17:20:15Z
nfl,MIA,CIN,2026-10-11T17:00:00Z,Malik Washington,rec_yds,betrivers,Over,45.5,-114,c4647ca1201e6768501877267ca8251b,2026-10-09T17:20:15Z
nfl,MIA,CIN,2026-10-11T17:00:00Z,Malik Washington,rec_yds,betrivers,Under,45.5,-117,c4647ca1201e6768501877267ca8251b,2026-10-09T17:20:15Z
nfl,MIA,CIN,2026-10-11T17:00:00Z,Greg Dulcich,rec_yds,betrivers,Over,26.5,-114,c4647ca1201e6768501877267ca8251b,2026-10-09T17:20:15Z
nfl,MIA,CIN,2026-10-11T17:00:00Z,Greg Dulcich,rec_yds,betrivers,Under,26.5,-117,c4647ca1201e6768501877267ca8251b,2026-10-09T17:20:15Z
nfl,MIA,CIN,2026-10-11T17:00:00Z,Ollie Gordon II,rec_yds,betrivers,Over,10.5,-112,c4647ca1201e6768501877267ca8251b,2026-10-09T17:20:15Z
nfl,MIA,CIN,2026-10-11T17:00:00Z,Ollie Gordon II,rec_yds,betrivers,Under,10.5,-120,c4647ca1201e6768501877267ca8251b,2026-10-09T17:20:15Z
nfl,MIA,CIN,2026-10-11T17:00:00Z,Ollie Gordon II,receptions,betrivers,Over,1.5,-141,c4647ca1201e6768501877267ca8251b,2026-10-09T17:20:15Z
nfl,MIA,CIN,2026-10-11T17:00:00Z,Malik Washington,receptions,betrivers,Over,4.5,-130,c4647ca1201e6768501877267ca8251b,2026-10-09T17:20:15Z
nfl,MIA,CIN,2026-10-11T17:00:00Z,Greg Dulcich,receptions,betrivers,Over,2.5,-143,c4647ca1201e6768501877267ca8251b,2026-10-09T17:20:15Z
nfl,MIA,CIN,2026-10-11T17:00:00Z,Malik Willis,rush_yds,betrivers,Over,33.5,-118,c4647ca1201e6768501877267ca8251b,2026-10-09T17:20:15Z
nfl,MIA,CIN,2026-10-11T17:00:00Z,Malik Willis,rush_yds,betrivers,Under,33.5,-113,c4647ca1201e6768501877267ca8251b,2026-10-09T17:20:15Z
nfl,MIA,CIN,2026-10-11T17:00:00Z,Samaje Perine,rush_yds,betrivers,Over,13.5,-115,c4647ca1201e6768501877267ca8251b,2026-10-09T17:20:15Z
nfl,MIA,CIN,2026-10-11T17:00:00Z,Samaje Perine,rush_yds,betrivers,Under,13.5,-115,c4647ca1201e6768501877267ca8251b,2026-10-09T17:20:15Z
nfl,MIA,CIN,2026-10-11T17:00:00Z,Ollie Gordon II,rush_yds,betrivers,Over,43.5,-113,c4647ca1201e6768501877267ca8251b,2026-10-09T17:20:15Z
nfl,MIA,CIN,2026-10-11T17:00:00Z,Ollie Gordon II,rush_yds,betrivers,Under,43.5,-117,c4647ca1201e6768501877267ca8251b,2026-10-09T17:20:15Z
nfl,MIA,CIN,2026-10-11T17:00:00Z,Joe Burrow,rush_yds,betrivers,Over,7.5,-114,c4647ca1201e6768501877267ca8251b,2026-10-09T17:20:15Z
nfl,MIA,CIN,2026-10-11T17:00:00Z,Joe Burrow,rush_yds,betrivers,Under,7.5,-117,c4647ca1201e6768501877267ca8251b,2026-10-09T17:20:15Z
nfl,MIA,CIN,2026-10-11T17:00:00Z,Chase Brown,rush_yds,betrivers,Over,65.5,-114,c4647ca1201e6768501877267ca8251b,2026-10-09T17:20:15Z
nfl,MIA,CIN,2026-10-11T17:00:00Z,Chase Brown,rush_yds,betrivers,Under,65.5,-117,c4647ca1201e6768501877267ca8251b,2026-10-09T17:20:15Z
nfl,MIA,CIN,2026-10-11T17:00:00Z,Ryan Miller,anytime_td,betmgm,Yes,,2000,c4647ca1201e6768501877267ca8251b,2026-10-09T17:20:15Z
nfl,MIA,CIN,2026-10-11T17:00:00Z,Malik Willis,anytime_td,betmgm,Yes,,270,c4647ca1201e6768501877267ca8251b,2026-10-09T17:20:15Z
nfl,MIA,CIN,2026-10-11T17:00:00Z,Caleb Douglas,anytime_td,betmgm,Yes,,320,c4647ca1201e6768501877267ca8251b,2026-10-09T17:20:15Z
nfl,MIA,CIN,2026-10-11T17:00:00Z,Ollie Gordon II,anytime_td,betmgm,Yes,,165,c4647ca1201e6768501877267ca8251b,2026-10-09T17:20:15Z
nfl,MIA,CIN,2026-10-11T17:00:00Z,Chase Brown,anytime_td,betmgm,Yes,,-160,c4647ca1201e6768501877267ca8251b,2026-10-09T17:20:15Z
nfl,MIA,CIN,2026-10-11T17:00:00Z,Joe Burrow,anytime_td,betmgm,Yes,,700,c4647ca1201e6768501877267ca8251b,2026-10-09T17:20:15Z
nfl,MIA,CIN,2026-10-11T17:00:00Z,Jaylen Wright,anytime_td,betmgm,Yes,,280,c4647ca1201e6768501877267ca8251b,2026-10-09T17:20:15Z
nfl,MIA,CIN,2026-10-11T17:00:00Z,Will Kacmarek,anytime_td,betmgm,Yes,,1050,c4647ca1201e6768501877267ca8251b,2026-10-09T17:20:15Z
nfl,MIA,CIN,2026-10-11T17:00:00Z,Greg Dulcich,anytime_td,betmgm,Yes,,390,c4647ca1201e6768501877267ca8251b,2026-10-09T17:20:15Z
nfl,MIA,CIN,2026-10-11T17:00:00Z,Malik Washington,anytime_td,betmgm,Yes,,250,c4647ca1201e6768501877267ca8251b,2026-10-09T17:20:15Z
nfl,MIA,CIN,2026-10-11T17:00:00Z,Chris Bell,anytime_td,betmgm,Yes,,340,c4647ca1201e6768501877267ca8251b,2026-10-09T17:20:15Z
nfl,MIA,CIN,2026-10-11T17:00:00Z,Samaje Perine,anytime_td,betmgm,Yes,,310,c4647ca1201e6768501877267ca8251b,2026-10-09T17:20:15Z
nfl,MIA,CIN,2026-10-11T17:00:00Z,Kevin Coleman Jr.,anytime_td,betmgm,Yes,,675,c4647ca1201e6768501877267ca8251b,2026-10-09T17:20:15Z
nfl,MIA,CIN,2026-10-11T17:00:00Z,Miami Dolphins D/ST,anytime_td,betmgm,Yes,,775,c4647ca1201e6768501877267ca8251b,2026-10-09T17:20:15Z
nfl,MIA,CIN,2026-10-11T17:00:00Z,Cincinnati Bengals D/ST,anytime_td,betmgm,Yes,,450,c4647ca1201e6768501877267ca8251b,2026-10-09T17:20:15Z
nfl,MIA,CIN,2026-10-11T17:00:00Z,DJ Herman,anytime_td,betmgm,Yes,,1300,c4647ca1201e6768501877267ca8251b,2026-10-09T17:20:15Z
nfl,MIA,CIN,2026-10-11T17:00:00Z,Seydou Traore,anytime_td,betmgm,Yes,,2800,c4647ca1201e6768501877267ca8251b,2026-10-09T17:20:15Z
nfl,MIA,CIN,2026-10-11T17:00:00Z,Jalen Tolbert,anytime_td,betmgm,Yes,,2500,c4647ca1201e6768501877267ca8251b,2026-10-09T17:20:15Z
nfl,MIA,CIN,2026-10-11T17:00:00Z,Tahj Brooks,anytime_td,betmgm,Yes,,1700,c4647ca1201e6768501877267ca8251b,2026-10-09T17:20:15Z
nfl,MIA,CIN,2026-10-11T17:00:00Z,Mike Gesicki,anytime_td,betmgm,Yes,,260,c4647ca1201e6768501877267ca8251b,2026-10-09T17:20:15Z
nfl,MIA,CIN,2026-10-11T17:00:00Z,Erick All,anytime_td,betmgm,Yes,,1200,c4647ca1201e6768501877267ca8251b,2026-10-09T17:20:15Z
nfl,MIA,CIN,2026-10-11T17:00:00Z,Tanner Hudson,anytime_td,betmgm,Yes,,650,c4647ca1201e6768501877267ca8251b,2026-10-09T17:20:15Z
nfl,MIA,CIN,2026-10-11T17:00:00Z,Dohnte Meyers,anytime_td,betmgm,Yes,,290,c4647ca1201e6768501877267ca8251b,2026-10-09T17:20:15Z
nfl,MIA,CIN,2026-10-11T17:00:00Z,Drew Sample,anytime_td,betmgm,Yes,,775,c4647ca1201e6768501877267ca8251b,2026-10-09T17:20:15Z
nfl,MIA,CIN,2026-10-11T17:00:00Z,Colbie Young,anytime_td,betmgm,Yes,,475,c4647ca1201e6768501877267ca8251b,2026-10-09T17:20:15Z
nfl,MIA,CIN,2026-10-11T17:00:00Z,Ja'Marr Chase,anytime_td,betmgm,Yes,,-111,c4647ca1201e6768501877267ca8251b,2026-10-09T17:20:15Z
nfl,MIA,CIN,2026-10-11T17:00:00Z,Joe Burrow,pass_att,betmgm,Over,32.5,-125,c4647ca1201e6768501877267ca8251b,2026-10-09T17:20:15Z
nfl,MIA,CIN,2026-10-11T17:00:00Z,Joe Burrow,pass_att,betmgm,Under,32.5,-105,c4647ca1201e6768501877267ca8251b,2026-10-09T17:20:15Z
nfl,MIA,CIN,2026-10-11T17:00:00Z,Malik Willis,completions,betmgm,Over,16.5,-118,c4647ca1201e6768501877267ca8251b,2026-10-09T17:20:15Z
nfl,MIA,CIN,2026-10-11T17:00:00Z,Malik Willis,completions,betmgm,Under,16.5,-111,c4647ca1201e6768501877267ca8251b,2026-10-09T17:20:15Z
nfl,MIA,CIN,2026-10-11T17:00:00Z,Joe Burrow,completions,betmgm,Over,23.5,-120,c4647ca1201e6768501877267ca8251b,2026-10-09T17:20:15Z
nfl,MIA,CIN,2026-10-11T17:00:00Z,Joe Burrow,completions,betmgm,Under,23.5,-110,c4647ca1201e6768501877267ca8251b,2026-10-09T17:20:15Z
nfl,MIA,CIN,2026-10-11T17:00:00Z,Malik Willis,pass_td,betmgm,Over,0.5,-190,c4647ca1201e6768501877267ca8251b,2026-10-09T17:20:15Z
nfl,MIA,CIN,2026-10-11T17:00:00Z,Malik Willis,pass_td,betmgm,Under,0.5,140,c4647ca1201e6768501877267ca8251b,2026-10-09T17:20:15Z
nfl,MIA,CIN,2026-10-11T17:00:00Z,Joe Burrow,pass_td,betmgm,Over,1.5,-190,c4647ca1201e6768501877267ca8251b,2026-10-09T17:20:15Z
nfl,MIA,CIN,2026-10-11T17:00:00Z,Joe Burrow,pass_td,betmgm,Under,1.5,140,c4647ca1201e6768501877267ca8251b,2026-10-09T17:20:15Z
nfl,MIA,CIN,2026-10-11T17:00:00Z,Malik Willis,pass_yds,betmgm,Over,188.5,-115,c4647ca1201e6768501877267ca8251b,2026-10-09T17:20:15Z
nfl,MIA,CIN,2026-10-11T17:00:00Z,Malik Willis,pass_yds,betmgm,Under,188.5,-115,c4647ca1201e6768501877267ca8251b,2026-10-09T17:20:15Z
nfl,MIA,CIN,2026-10-11T17:00:00Z,Joe Burrow,pass_yds,betmgm,Over,250.5,-125,c4647ca1201e6768501877267ca8251b,2026-10-09T17:20:15Z
nfl,MIA,CIN,2026-10-11T17:00:00Z,Joe Burrow,pass_yds,betmgm,Under,250.5,-105,c4647ca1201e6768501877267ca8251b,2026-10-09T17:20:15Z
nfl,MIA,CIN,2026-10-11T17:00:00Z,Ollie Gordon II,rec_yds,betmgm,Over,11.5,-115,c4647ca1201e6768501877267ca8251b,2026-10-09T17:20:15Z
nfl,MIA,CIN,2026-10-11T17:00:00Z,Ollie Gordon II,rec_yds,betmgm,Under,11.5,-115,c4647ca1201e6768501877267ca8251b,2026-10-09T17:20:15Z
nfl,MIA,CIN,2026-10-11T17:00:00Z,Greg Dulcich,rec_yds,betmgm,Over,24.5,-115,c4647ca1201e6768501877267ca8251b,2026-10-09T17:20:15Z
nfl,MIA,CIN,2026-10-11T17:00:00Z,Greg Dulcich,rec_yds,betmgm,Under,24.5,-115,c4647ca1201e6768501877267ca8251b,2026-10-09T17:20:15Z
nfl,MIA,CIN,2026-10-11T17:00:00Z,Malik Washington,rec_yds,betmgm,Over,42.5,-125,c4647ca1201e6768501877267ca8251b,2026-10-09T17:20:15Z
nfl,MIA,CIN,2026-10-11T17:00:00Z,Malik Washington,rec_yds,betmgm,Under,42.5,-105,c4647ca1201e6768501877267ca8251b,2026-10-09T17:20:15Z
nfl,MIA,CIN,2026-10-11T17:00:00Z,Ollie Gordon II,receptions,betmgm,Over,1.5,-155,c4647ca1201e6768501877267ca8251b,2026-10-09T17:20:15Z
nfl,MIA,CIN,2026-10-11T17:00:00Z,Ollie Gordon II,receptions,betmgm,Under,1.5,115,c4647ca1201e6768501877267ca8251b,2026-10-09T17:20:15Z
nfl,MIA,CIN,2026-10-11T17:00:00Z,Greg Dulcich,receptions,betmgm,Over,2.5,-135,c4647ca1201e6768501877267ca8251b,2026-10-09T17:20:15Z
nfl,MIA,CIN,2026-10-11T17:00:00Z,Greg Dulcich,receptions,betmgm,Under,2.5,100,c4647ca1201e6768501877267ca8251b,2026-10-09T17:20:15Z
nfl,MIA,CIN,2026-10-11T17:00:00Z,Malik Washington,receptions,betmgm,Over,4.5,-115,c4647ca1201e6768501877267ca8251b,2026-10-09T17:20:15Z
nfl,MIA,CIN,2026-10-11T17:00:00Z,Malik Washington,receptions,betmgm,Under,4.5,-115,c4647ca1201e6768501877267ca8251b,2026-10-09T17:20:15Z
nfl,MIA,CIN,2026-10-11T17:00:00Z,Malik Willis,rush_yds,betmgm,Over,33.5,-111,c4647ca1201e6768501877267ca8251b,2026-10-09T17:20:15Z
nfl,MIA,CIN,2026-10-11T17:00:00Z,Malik Willis,rush_yds,betmgm,Under,33.5,-120,c4647ca1201e6768501877267ca8251b,2026-10-09T17:20:15Z
nfl,MIA,CIN,2026-10-11T17:00:00Z,Chase Brown,rush_yds,betmgm,Over,64.5,-115,c4647ca1201e6768501877267ca8251b,2026-10-09T17:20:15Z
nfl,MIA,CIN,2026-10-11T17:00:00Z,Chase Brown,rush_yds,betmgm,Under,64.5,-115,c4647ca1201e6768501877267ca8251b,2026-10-09T17:20:15Z
nfl,MIA,CIN,2026-10-11T17:00:00Z,Joe Burrow,rush_yds,betmgm,Over,6.5,-120,c4647ca1201e6768501877267ca8251b,2026-10-09T17:20:15Z
nfl,MIA,CIN,2026-10-11T17:00:00Z,Joe Burrow,rush_yds,betmgm,Under,6.5,-110,c4647ca1201e6768501877267ca8251b,2026-10-09T17:20:15Z
nfl,MIA,CIN,2026-10-11T17:00:00Z,Jaylen Wright,rush_yds,betmgm,Over,23.5,-120,c4647ca1201e6768501877267ca8251b,2026-10-09T17:20:15Z
nfl,MIA,CIN,2026-10-11T17:00:00Z,Jaylen Wright,rush_yds,betmgm,Under,23.5,-110,c4647ca1201e6768501877267ca8251b,2026-10-09T17:20:15Z
nfl,MIA,CIN,2026-10-11T17:00:00Z,Ollie Gordon II,rush_yds,betmgm,Over,41.5,-115,c4647ca1201e6768501877267ca8251b,2026-10-09T17:20:15Z
nfl,MIA,CIN,2026-10-11T17:00:00Z,Ollie Gordon II,rush_yds,betmgm,Under,41.5,-115,c4647ca1201e6768501877267ca8251b,2026-10-09T17:20:15Z
nfl,MIA,CIN,2026-10-11T17:00:00Z,Joe Burrow,pass_att,espnbet,Over,32.5,-130,c4647ca1201e6768501877267ca8251b,2026-10-09T17:19:43Z
nfl,MIA,CIN,2026-10-11T17:00:00Z,Joe Burrow,pass_att,espnbet,Under,32.5,100,c4647ca1201e6768501877267ca8251b,2026-10-09T17:19:43Z
nfl,MIA,CIN,2026-10-11T17:00:00Z,Malik Willis,pass_att,espnbet,Over,28.5,100,c4647ca1201e6768501877267ca8251b,2026-10-09T17:19:43Z
nfl,MIA,CIN,2026-10-11T17:00:00Z,Malik Willis,pass_att,espnbet,Under,28.5,-130,c4647ca1201e6768501877267ca8251b,2026-10-09T17:19:43Z
nfl,MIA,CIN,2026-10-11T17:00:00Z,Joe Burrow,completions,espnbet,Over,23.5,-115,c4647ca1201e6768501877267ca8251b,2026-10-09T17:19:43Z
nfl,MIA,CIN,2026-10-11T17:00:00Z,Joe Burrow,completions,espnbet,Under,23.5,-115,c4647ca1201e6768501877267ca8251b,2026-10-09T17:19:43Z
nfl,MIA,CIN,2026-10-11T17:00:00Z,Malik Willis,completions,espnbet,Over,16.5,-130,c4647ca1201e6768501877267ca8251b,2026-10-09T17:19:43Z
nfl,MIA,CIN,2026-10-11T17:00:00Z,Malik Willis,completions,espnbet,Under,16.5,100,c4647ca1201e6768501877267ca8251b,2026-10-09T17:19:43Z
nfl,MIA,CIN,2026-10-11T17:00:00Z,Malik Willis,pass_td,espnbet,Over,0.5,-190,c4647ca1201e6768501877267ca8251b,2026-10-09T17:19:43Z
nfl,MIA,CIN,2026-10-11T17:00:00Z,Malik Willis,pass_td,espnbet,Under,0.5,140,c4647ca1201e6768501877267ca8251b,2026-10-09T17:19:43Z
nfl,MIA,CIN,2026-10-11T17:00:00Z,Joe Burrow,pass_td,espnbet,Over,1.5,-170,c4647ca1201e6768501877267ca8251b,2026-10-09T17:19:43Z
nfl,MIA,CIN,2026-10-11T17:00:00Z,Joe Burrow,pass_td,espnbet,Under,1.5,130,c4647ca1201e6768501877267ca8251b,2026-10-09T17:19:43Z
nfl,MIA,CIN,2026-10-11T17:00:00Z,Joe Burrow,pass_yds,espnbet,Over,254.5,-115,c4647ca1201e6768501877267ca8251b,2026-10-09T17:19:43Z
nfl,MIA,CIN,2026-10-11T17:00:00Z,Joe Burrow,pass_yds,espnbet,Under,254.5,-115,c4647ca1201e6768501877267ca8251b,2026-10-09T17:19:43Z
nfl,MIA,CIN,2026-10-11T17:00:00Z,Malik Willis,pass_yds,espnbet,Over,194.5,-120,c4647ca1201e6768501877267ca8251b,2026-10-09T17:19:43Z
nfl,MIA,CIN,2026-10-11T17:00:00Z,Malik Willis,pass_yds,espnbet,Under,194.5,-110,c4647ca1201e6768501877267ca8251b,2026-10-09T17:19:43Z
nfl,MIA,CIN,2026-10-11T17:00:00Z,Malik Washington,rec_yds,espnbet,Over,47.5,-105,c4647ca1201e6768501877267ca8251b,2026-10-09T17:19:43Z
nfl,MIA,CIN,2026-10-11T17:00:00Z,Malik Washington,rec_yds,espnbet,Under,47.5,-125,c4647ca1201e6768501877267ca8251b,2026-10-09T17:19:43Z
nfl,MIA,CIN,2026-10-11T17:00:00Z,Chris Bell,rec_yds,espnbet,Over,31.5,-125,c4647ca1201e6768501877267ca8251b,2026-10-09T17:19:43Z
nfl,MIA,CIN,2026-10-11T17:00:00Z,Chris Bell,rec_yds,espnbet,Under,31.5,-105,c4647ca1201e6768501877267ca8251b,2026-10-09T17:19:43Z
nfl,MIA,CIN,2026-10-11T17:00:00Z,Greg Dulcich,rec_yds,espnbet,Over,27.5,-105,c4647ca1201e6768501877267ca8251b,2026-10-09T17:19:43Z
nfl,MIA,CIN,2026-10-11T17:00:00Z,Greg Dulcich,rec_yds,espnbet,Under,27.5,-125,c4647ca1201e6768501877267ca8251b,2026-10-09T17:19:43Z
nfl,MIA,CIN,2026-10-11T17:00:00Z,Kevin Coleman Jr.,rec_yds,espnbet,Over,19.5,-105,c4647ca1201e6768501877267ca8251b,2026-10-09T17:19:43Z
nfl,MIA,CIN,2026-10-11T17:00:00Z,Kevin Coleman Jr.,rec_yds,espnbet,Under,19.5,-125,c4647ca1201e6768501877267ca8251b,2026-10-09T17:19:43Z
nfl,MIA,CIN,2026-10-11T17:00:00Z,Ollie Gordon II,rec_yds,espnbet,Over,9.5,-120,c4647ca1201e6768501877267ca8251b,2026-10-09T17:19:43Z
nfl,MIA,CIN,2026-10-11T17:00:00Z,Ollie Gordon II,rec_yds,espnbet,Under,9.5,-110,c4647ca1201e6768501877267ca8251b,2026-10-09T17:19:43Z
nfl,MIA,CIN,2026-10-11T17:00:00Z,Malik Washington,receptions,espnbet,Over,4.5,-140,c4647ca1201e6768501877267ca8251b,2026-10-09T17:19:43Z
nfl,MIA,CIN,2026-10-11T17:00:00Z,Malik Washington,receptions,espnbet,Under,4.5,110,c4647ca1201e6768501877267ca8251b,2026-10-09T17:19:43Z
nfl,MIA,CIN,2026-10-11T17:00:00Z,Greg Dulcich,receptions,espnbet,Over,2.5,-140,c4647ca1201e6768501877267ca8251b,2026-10-09T17:19:43Z
nfl,MIA,CIN,2026-10-11T17:00:00Z,Greg Dulcich,receptions,espnbet,Under,2.5,110,c4647ca1201e6768501877267ca8251b,2026-10-09T17:19:43Z
nfl,MIA,CIN,2026-10-11T17:00:00Z,Chris Bell,receptions,espnbet,Over,2.5,-105,c4647ca1201e6768501877267ca8251b,2026-10-09T17:19:43Z
nfl,MIA,CIN,2026-10-11T17:00:00Z,Chris Bell,receptions,espnbet,Under,2.5,-125,c4647ca1201e6768501877267ca8251b,2026-10-09T17:19:43Z
nfl,MIA,CIN,2026-10-11T17:00:00Z,Ollie Gordon II,receptions,espnbet,Over,1.5,-130,c4647ca1201e6768501877267ca8251b,2026-10-09T17:19:43Z
nfl,MIA,CIN,2026-10-11T17:00:00Z,Ollie Gordon II,receptions,espnbet,Under,1.5,100,c4647ca1201e6768501877267ca8251b,2026-10-09T17:19:43Z
nfl,MIA,CIN,2026-10-11T17:00:00Z,Kevin Coleman Jr.,receptions,espnbet,Over,1.5,-160,c4647ca1201e6768501877267ca8251b,2026-10-09T17:19:43Z
nfl,MIA,CIN,2026-10-11T17:00:00Z,Kevin Coleman Jr.,receptions,espnbet,Under,1.5,125,c4647ca1201e6768501877267ca8251b,2026-10-09T17:19:43Z
nfl,MIA,CIN,2026-10-11T17:00:00Z,Chase Brown,rush_att,espnbet,Over,16.5,-125,c4647ca1201e6768501877267ca8251b,2026-10-09T17:19:43Z
nfl,MIA,CIN,2026-10-11T17:00:00Z,Chase Brown,rush_att,espnbet,Under,16.5,-105,c4647ca1201e6768501877267ca8251b,2026-10-09T17:19:43Z
nfl,MIA,CIN,2026-10-11T17:00:00Z,Ollie Gordon II,rush_att,espnbet,Over,11.5,105,c4647ca1201e6768501877267ca8251b,2026-10-09T17:19:43Z
nfl,MIA,CIN,2026-10-11T17:00:00Z,Ollie Gordon II,rush_att,espnbet,Under,11.5,-135,c4647ca1201e6768501877267ca8251b,2026-10-09T17:19:43Z
nfl,MIA,CIN,2026-10-11T17:00:00Z,Chase Brown,rush_yds,espnbet,Over,65.5,-125,c4647ca1201e6768501877267ca8251b,2026-10-09T17:19:43Z
nfl,MIA,CIN,2026-10-11T17:00:00Z,Chase Brown,rush_yds,espnbet,Under,65.5,-105,c4647ca1201e6768501877267ca8251b,2026-10-09T17:19:43Z
nfl,MIA,CIN,2026-10-11T17:00:00Z,Ollie Gordon II,rush_yds,espnbet,Over,44.5,100,c4647ca1201e6768501877267ca8251b,2026-10-09T17:19:43Z
nfl,MIA,CIN,2026-10-11T17:00:00Z,Ollie Gordon II,rush_yds,espnbet,Under,44.5,-130,c4647ca1201e6768501877267ca8251b,2026-10-09T17:19:43Z
nfl,MIA,CIN,2026-10-11T17:00:00Z,Jaylen Wright,rush_yds,espnbet,Over,24.5,-125,c4647ca1201e6768501877267ca8251b,2026-10-09T17:19:43Z
nfl,MIA,CIN,2026-10-11T17:00:00Z,Jaylen Wright,rush_yds,espnbet,Under,24.5,-105,c4647ca1201e6768501877267ca8251b,2026-10-09T17:19:43Z
nfl,MIA,CIN,2026-10-11T17:00:00Z,Malik Willis,rush_yds,espnbet,Over,33.5,-110,c4647ca1201e6768501877267ca8251b,2026-10-09T17:19:43Z
nfl,MIA,CIN,2026-10-11T17:00:00Z,Malik Willis,rush_yds,espnbet,Under,33.5,-120,c4647ca1201e6768501877267ca8251b,2026-10-09T17:19:43Z
nfl,MIA,CIN,2026-10-11T17:00:00Z,Samaje Perine,rush_yds,espnbet,Over,13.5,-125,c4647ca1201e6768501877267ca8251b,2026-10-09T17:19:43Z
nfl,MIA,CIN,2026-10-11T17:00:00Z,Samaje Perine,rush_yds,espnbet,Under,13.5,-105,c4647ca1201e6768501877267ca8251b,2026-10-09T17:19:43Z
nfl,MIA,CIN,2026-10-11T17:00:00Z,Joe Burrow,rush_yds,espnbet,Over,8.5,-110,c4647ca1201e6768501877267ca8251b,2026-10-09T17:19:43Z
nfl,MIA,CIN,2026-10-11T17:00:00Z,Joe Burrow,rush_yds,espnbet,Under,8.5,-120,c4647ca1201e6768501877267ca8251b,2026-10-09T17:19:43Z
nfl,NE,LV,2026-10-11T17:00:00Z,Rhamondre Stevenson,anytime_td,draftkings,Yes,,105,6b024bad1abb54f597225e4ab9b39d89,2026-10-09T17:20:17Z
nfl,NE,LV,2026-10-11T17:00:00Z,TreVeyon Henderson,anytime_td,draftkings,Yes,,135,6b024bad1abb54f597225e4ab9b39d89,2026-10-09T17:20:17Z
nfl,NE,LV,2026-10-11T17:00:00Z,Brock Bowers,anytime_td,draftkings,Yes,,135,6b024bad1abb54f597225e4ab9b39d89,2026-10-09T17:20:17Z
nfl,NE,LV,2026-10-11T17:00:00Z,Romeo Doubs,anytime_td,draftkings,Yes,,155,6b024bad1abb54f597225e4ab9b39d89,2026-10-09T17:20:17Z
nfl,NE,LV,2026-10-11T17:00:00Z,Hunter Henry,anytime_td,draftkings,Yes,,180,6b024bad1abb54f597225e4ab9b39d89,2026-10-09T17:20:17Z
nfl,NE,LV,2026-10-11T17:00:00Z,DeMario Douglas,anytime_td,draftkings,Yes,,265,6b024bad1abb54f597225e4ab9b39d89,2026-10-09T17:20:17Z
nfl,NE,LV,2026-10-11T17:00:00Z,Tre Tucker,anytime_td,draftkings,Yes,,290,6b024bad1abb54f597225e4ab9b39d89,2026-10-09T17:20:17Z
nfl,NE,LV,2026-10-11T17:00:00Z,Drake Maye,anytime_td,draftkings,Yes,,350,6b024bad1abb54f597225e4ab9b39d89,2026-10-09T17:20:17Z
nfl,NE,LV,2026-10-11T17:00:00Z,Efton Chism III,anytime_td,draftkings,Yes,,360,6b024bad1abb54f597225e4ab9b39d89,2026-10-09T17:20:17Z
nfl,NE,LV,2026-10-11T17:00:00Z,Michael Mayer,anytime_td,draftkings,Yes,,390,6b024bad1abb54f597225e4ab9b39d89,2026-10-09T17:20:17Z
nfl,NE,LV,2026-10-11T17:00:00Z,Cody White,anytime_td,draftkings,Yes,,400,6b024bad1abb54f597225e4ab9b39d89,2026-10-09T17:20:17Z
nfl,NE,LV,2026-10-11T17:00:00Z,Eli Raridon,anytime_td,draftkings,Yes,,500,6b024bad1abb54f597225e4ab9b39d89,2026-10-09T17:20:17Z
nfl,NE,LV,2026-10-11T17:00:00Z,New England Patriots D/ST,anytime_td,draftkings,Yes,,550,6b024bad1abb54f597225e4ab9b39d89,2026-10-09T17:20:17Z
nfl,NE,LV,2026-10-11T17:00:00Z,Kyle Williams,anytime_td,draftkings,Yes,,600,6b024bad1abb54f597225e4ab9b39d89,2026-10-09T17:20:17Z
nfl,NE,LV,2026-10-11T17:00:00Z,Las Vegas Raiders D/ST,anytime_td,draftkings,Yes,,600,6b024bad1abb54f597225e4ab9b39d89,2026-10-09T17:20:17Z
nfl,NE,LV,2026-10-11T17:00:00Z,Malik Benson,anytime_td,draftkings,Yes,,700,6b024bad1abb54f597225e4ab9b39d89,2026-10-09T17:20:17Z
nfl,NE,LV,2026-10-11T17:00:00Z,Connor Heyward,anytime_td,draftkings,Yes,,1100,6b024bad1abb54f597225e4ab9b39d89,2026-10-09T17:20:17Z
nfl,NE,LV,2026-10-11T17:00:00Z,Dont'e Thornton Jr.,anytime_td,draftkings,Yes,,1100,6b024bad1abb54f597225e4ab9b39d89,2026-10-09T17:20:17Z
nfl,NE,LV,2026-10-11T17:00:00Z,Corey Kiner,anytime_td,draftkings,Yes,,1600,6b024bad1abb54f597225e4ab9b39d89,2026-10-09T17:20:17Z
nfl,NE,LV,2026-10-11T17:00:00Z,Dareke Young,anytime_td,draftkings,Yes,,1600,6b024bad1abb54f597225e4ab9b39d89,2026-10-09T17:20:17Z
nfl,NE,LV,2026-10-11T17:00:00Z,Cameron Latu,anytime_td,draftkings,Yes,,1700,6b024bad1abb54f597225e4ab9b39d89,2026-10-09T17:20:17Z
nfl,NE,LV,2026-10-11T17:00:00Z,Tanner Arkin,anytime_td,draftkings,Yes,,1800,6b024bad1abb54f597225e4ab9b39d89,2026-10-09T17:20:17Z
nfl,NE,LV,2026-10-11T17:00:00Z,Kirk Cousins,anytime_td,draftkings,Yes,,1900,6b024bad1abb54f597225e4ab9b39d89,2026-10-09T17:20:17Z
nfl,NE,LV,2026-10-11T17:00:00Z,Ian Thomas,anytime_td,draftkings,Yes,,2200,6b024bad1abb54f597225e4ab9b39d89,2026-10-09T17:20:17Z
nfl,NE,LV,2026-10-11T17:00:00Z,Kirk Cousins,pass_att,draftkings,Over,33.5,-110,6b024bad1abb54f597225e4ab9b39d89,2026-10-09T17:20:17Z
nfl,NE,LV,2026-10-11T17:00:00Z,Kirk Cousins,pass_att,draftkings,Under,33.5,-116,6b024bad1abb54f597225e4ab9b39d89,2026-10-09T17:20:17Z
nfl,NE,LV,2026-10-11T17:00:00Z,Drake Maye,pass_att,draftkings,Over,29.5,-125,6b024bad1abb54f597225e4ab9b39d89,2026-10-09T17:20:17Z
nfl,NE,LV,2026-10-11T17:00:00Z,Drake Maye,pass_att,draftkings,Under,29.5,-102,6b024bad1abb54f597225e4ab9b39d89,2026-10-09T17:20:17Z
nfl,NE,LV,2026-10-11T17:00:00Z,Kirk Cousins,completions,draftkings,Over,21.5,-128,6b024bad1abb54f597225e4ab9b39d89,2026-10-09T17:20:17Z
nfl,NE,LV,2026-10-11T17:00:00Z,Kirk Cousins,completions,draftkings,Under,21.5,100,6b024bad1abb54f597225e4ab9b39d89,2026-10-09T17:20:17Z
nfl,NE,LV,2026-10-11T17:00:00Z,Drake Maye,completions,draftkings,Over,19.5,-120,6b024bad1abb54f597225e4ab9b39d89,2026-10-09T17:20:17Z
nfl,NE,LV,2026-10-11T17:00:00Z,Drake Maye,completions,draftkings,Under,19.5,-106,6b024bad1abb54f597225e4ab9b39d89,2026-10-09T17:20:17Z
nfl,NE,LV,2026-10-11T17:00:00Z,Drake Maye,pass_td,draftkings,Over,1.5,-123,6b024bad1abb54f597225e4ab9b39d89,2026-10-09T17:20:17Z
nfl,NE,LV,2026-10-11T17:00:00Z,Drake Maye,pass_td,draftkings,Under,1.5,-104,6b024bad1abb54f597225e4ab9b39d89,2026-10-09T17:20:17Z
nfl,NE,LV,2026-10-11T17:00:00Z,Kirk Cousins,pass_td,draftkings,Over,1.5,119,6b024bad1abb54f597225e4ab9b39d89,2026-10-09T17:20:17Z
nfl,NE,LV,2026-10-11T17:00:00Z,Kirk Cousins,pass_td,draftkings,Under,1.5,-153,6b024bad1abb54f597225e4ab9b39d89,2026-10-09T17:20:17Z
nfl,NE,LV,2026-10-11T17:00:00Z,Drake Maye,pass_yds,draftkings,Over,231.5,-112,6b024bad1abb54f597225e4ab9b39d89,2026-10-09T17:20:17Z
nfl,NE,LV,2026-10-11T17:00:00Z,Drake Maye,pass_yds,draftkings,Under,231.5,-112,6b024bad1abb54f597225e4ab9b39d89,2026-10-09T17:20:17Z
nfl,NE,LV,2026-10-11T17:00:00Z,Kirk Cousins,pass_yds,draftkings,Over,228.5,-113,6b024bad1abb54f597225e4ab9b39d89,2026-10-09T17:20:17Z
nfl,NE,LV,2026-10-11T17:00:00Z,Kirk Cousins,pass_yds,draftkings,Under,228.5,-111,6b024bad1abb54f597225e4ab9b39d89,2026-10-09T17:20:17Z
nfl,NE,LV,2026-10-11T17:00:00Z,Brock Bowers,rec_yds,draftkings,Over,72.5,-114,6b024bad1abb54f597225e4ab9b39d89,2026-10-09T17:20:17Z
nfl,NE,LV,2026-10-11T17:00:00Z,Brock Bowers,rec_yds,draftkings,Under,72.5,-110,6b024bad1abb54f597225e4ab9b39d89,2026-10-09T17:20:17Z
nfl,NE,LV,2026-10-11T17:00:00Z,Romeo Doubs,rec_yds,draftkings,Over,51.5,-111,6b024bad1abb54f597225e4ab9b39d89,2026-10-09T17:20:17Z
nfl,NE,LV,2026-10-11T17:00:00Z,Romeo Doubs,rec_yds,draftkings,Under,51.5,-113,6b024bad1abb54f597225e4ab9b39d89,2026-10-09T17:20:17Z
nfl,NE,LV,2026-10-11T17:00:00Z,Tre Tucker,rec_yds,draftkings,Over,39.5,-110,6b024bad1abb54f597225e4ab9b39d89,2026-10-09T17:20:17Z
nfl,NE,LV,2026-10-11T17:00:00Z,Tre Tucker,rec_yds,draftkings,Under,39.5,-114,6b024bad1abb54f597225e4ab9b39d89,2026-10-09T17:20:17Z
nfl,NE,LV,2026-10-11T17:00:00Z,Hunter Henry,rec_yds,draftkings,Over,37.5,-114,6b024bad1abb54f597225e4ab9b39d89,2026-10-09T17:20:17Z
nfl,NE,LV,2026-10-11T17:00:00Z,Hunter Henry,rec_yds,draftkings,Under,37.5,-110,6b024bad1abb54f597225e4ab9b39d89,2026-10-09T17:20:17Z
nfl,NE,LV,2026-10-11T17:00:00Z,Michael Mayer,rec_yds,draftkings,Over,29.5,-112,6b024bad1abb54f597225e4ab9b39d89,2026-10-09T17:20:17Z
nfl,NE,LV,2026-10-11T17:00:00Z,Michael Mayer,rec_yds,draftkings,Under,29.5,-112,6b024bad1abb54f597225e4ab9b39d89,2026-10-09T17:20:17Z
nfl,NE,LV,2026-10-11T17:00:00Z,DeMario Douglas,rec_yds,draftkings,Over,26.5,-109,6b024bad1abb54f597225e4ab9b39d89,2026-10-09T17:20:17Z
nfl,NE,LV,2026-10-11T17:00:00Z,DeMario Douglas,rec_yds,draftkings,Under,26.5,-115,6b024bad1abb54f597225e4ab9b39d89,2026-10-09T17:20:17Z
nfl,NE,LV,2026-10-11T17:00:00Z,Efton Chism III,rec_yds,draftkings,Over,24.5,-112,6b024bad1abb54f597225e4ab9b39d89,2026-10-09T17:20:17Z
nfl,NE,LV,2026-10-11T17:00:00Z,Efton Chism III,rec_yds,draftkings,Under,24.5,-111,6b024bad1abb54f597225e4ab9b39d89,2026-10-09T17:20:17Z
nfl,NE,LV,2026-10-11T17:00:00Z,Cody White,rec_yds,draftkings,Over,17.5,-113,6b024bad1abb54f597225e4ab9b39d89,2026-10-09T17:20:17Z
nfl,NE,LV,2026-10-11T17:00:00Z,Cody White,rec_yds,draftkings,Under,17.5,-111,6b024bad1abb54f597225e4ab9b39d89,2026-10-09T17:20:17Z
nfl,NE,LV,2026-10-11T17:00:00Z,Eli Raridon,rec_yds,draftkings,Over,10.5,-107,6b024bad1abb54f597225e4ab9b39d89,2026-10-09T17:20:17Z
nfl,NE,LV,2026-10-11T17:00:00Z,Eli Raridon,rec_yds,draftkings,Under,10.5,-117,6b024bad1abb54f597225e4ab9b39d89,2026-10-09T17:20:17Z
nfl,NE,LV,2026-10-11T17:00:00Z,Brock Bowers,receptions,draftkings,Over,6.5,-106,6b024bad1abb54f597225e4ab9b39d89,2026-10-09T17:20:17Z
nfl,NE,LV,2026-10-11T17:00:00Z,Brock Bowers,receptions,draftkings,Under,6.5,-121,6b024bad1abb54f597225e4ab9b39d89,2026-10-09T17:20:17Z
nfl,NE,LV,2026-10-11T17:00:00Z,Romeo Doubs,receptions,draftkings,Over,4.5,120,6b024bad1abb54f597225e4ab9b39d89,2026-10-09T17:20:17Z
nfl,NE,LV,2026-10-11T17:00:00Z,Romeo Doubs,receptions,draftkings,Under,4.5,-154,6b024bad1abb54f597225e4ab9b39d89,2026-10-09T17:20:17Z
nfl,NE,LV,2026-10-11T17:00:00Z,Hunter Henry,receptions,draftkings,Over,3.5,-134,6b024bad1abb54f597225e4ab9b39d89,2026-10-09T17:20:17Z
nfl,NE,LV,2026-10-11T17:00:00Z,Hunter Henry,receptions,draftkings,Under,3.5,105,6b024bad1abb54f597225e4ab9b39d89,2026-10-09T17:20:17Z
nfl,NE,LV,2026-10-11T17:00:00Z,Michael Mayer,receptions,draftkings,Over,3.5,-114,6b024bad1abb54f597225e4ab9b39d89,2026-10-09T17:20:17Z
nfl,NE,LV,2026-10-11T17:00:00Z,Michael Mayer,receptions,draftkings,Under,3.5,-112,6b024bad1abb54f597225e4ab9b39d89,2026-10-09T17:20:17Z
nfl,NE,LV,2026-10-11T17:00:00Z,Tre Tucker,receptions,draftkings,Over,3.5,117,6b024bad1abb54f597225e4ab9b39d89,2026-10-09T17:20:17Z
nfl,NE,LV,2026-10-11T17:00:00Z,Tre Tucker,receptions,draftkings,Under,3.5,-149,6b024bad1abb54f597225e4ab9b39d89,2026-10-09T17:20:17Z
nfl,NE,LV,2026-10-11T17:00:00Z,DeMario Douglas,receptions,draftkings,Over,2.5,-139,6b024bad1abb54f597225e4ab9b39d89,2026-10-09T17:20:17Z
nfl,NE,LV,2026-10-11T17:00:00Z,DeMario Douglas,receptions,draftkings,Under,2.5,109,6b024bad1abb54f597225e4ab9b39d89,2026-10-09T17:20:17Z
nfl,NE,LV,2026-10-11T17:00:00Z,Efton Chism III,receptions,draftkings,Over,1.5,-192,6b024bad1abb54f597225e4ab9b39d89,2026-10-09T17:20:17Z
nfl,NE,LV,2026-10-11T17:00:00Z,Efton Chism III,receptions,draftkings,Under,1.5,149,6b024bad1abb54f597225e4ab9b39d89,2026-10-09T17:20:17Z
nfl,NE,LV,2026-10-11T17:00:00Z,Cody White,receptions,draftkings,Over,1.5,-142,6b024bad1abb54f597225e4ab9b39d89,2026-10-09T17:20:17Z
nfl,NE,LV,2026-10-11T17:00:00Z,Cody White,receptions,draftkings,Under,1.5,111,6b024bad1abb54f597225e4ab9b39d89,2026-10-09T17:20:17Z
nfl,NE,LV,2026-10-11T17:00:00Z,Eli Raridon,receptions,draftkings,Over,1.5,125,6b024bad1abb54f597225e4ab9b39d89,2026-10-09T17:20:17Z
nfl,NE,LV,2026-10-11T17:00:00Z,Eli Raridon,receptions,draftkings,Under,1.5,-160,6b024bad1abb54f597225e4ab9b39d89,2026-10-09T17:20:17Z
nfl,NE,LV,2026-10-11T17:00:00Z,Drake Maye,rush_att,draftkings,Over,5.5,-141,6b024bad1abb54f597225e4ab9b39d89,2026-10-09T17:20:17Z
nfl,NE,LV,2026-10-11T17:00:00Z,Drake Maye,rush_att,draftkings,Under,5.5,111,6b024bad1abb54f597225e4ab9b39d89,2026-10-09T17:20:17Z
nfl,NE,LV,2026-10-11T17:00:00Z,Drake Maye,rush_yds,draftkings,Over,32.5,-111,6b024bad1abb54f597225e4ab9b39d89,2026-10-09T17:20:17Z
nfl,NE,LV,2026-10-11T17:00:00Z,Drake Maye,rush_yds,draftkings,Under,32.5,-113,6b024bad1abb54f597225e4ab9b39d89,2026-10-09T17:20:17Z
nfl,NE,LV,2026-10-11T17:00:00Z,Kirk Cousins,rush_yds,draftkings,Over,0.5,-106,6b024bad1abb54f597225e4ab9b39d89,2026-10-09T17:20:17Z
nfl,NE,LV,2026-10-11T17:00:00Z,Kirk Cousins,rush_yds,draftkings,Under,0.5,-118,6b024bad1abb54f597225e4ab9b39d89,2026-10-09T17:20:17Z
nfl,NE,LV,2026-10-11T17:00:00Z,Ashton Jeanty,anytime_td,fanduel,Yes,,100,6b024bad1abb54f597225e4ab9b39d89,2026-10-09T17:19:50Z
nfl,NE,LV,2026-10-11T17:00:00Z,Mike Washington Jr.,anytime_td,fanduel,Yes,,100,6b024bad1abb54f597225e4ab9b39d89,2026-10-09T17:19:50Z
nfl,NE,LV,2026-10-11T17:00:00Z,Rhamondre Stevenson,anytime_td,fanduel,Yes,,115,6b024bad1abb54f597225e4ab9b39d89,2026-10-09T17:19:50Z
nfl,NE,LV,2026-10-11T17:00:00Z,Brock Bowers,anytime_td,fanduel,Yes,,130,6b024bad1abb54f597225e4ab9b39d89,2026-10-09T17:19:50Z
nfl,NE,LV,2026-10-11T17:00:00Z,TreVeyon Henderson,anytime_td,fanduel,Yes,,150,6b024bad1abb54f597225e4ab9b39d89,2026-10-09T17:19:50Z
nfl,NE,LV,2026-10-11T17:00:00Z,Romeo Doubs,anytime_td,fanduel,Yes,,170,6b024bad1abb54f597225e4ab9b39d89,2026-10-09T17:19:50Z
nfl,NE,LV,2026-10-11T17:00:00Z,Hunter Henry,anytime_td,fanduel,Yes,,180,6b024bad1abb54f597225e4ab9b39d89,2026-10-09T17:19:50Z
nfl,NE,LV,2026-10-11T17:00:00Z,Tre Tucker,anytime_td,fanduel,Yes,,310,6b024bad1abb54f597225e4ab9b39d89,2026-10-09T17:19:50Z
nfl,NE,LV,2026-10-11T17:00:00Z,DeMario Douglas,anytime_td,fanduel,Yes,,320,6b024bad1abb54f597225e4ab9b39d89,2026-10-09T17:19:50Z
nfl,NE,LV,2026-10-11T17:00:00Z,Michael Mayer,anytime_td,fanduel,Yes,,360,6b024bad1abb54f597225e4ab9b39d89,2026-10-09T17:19:50Z
nfl,NE,LV,2026-10-11T17:00:00Z,Drake Maye,anytime_td,fanduel,Yes,,370,6b024bad1abb54f597225e4ab9b39d89,2026-10-09T17:19:50Z
nfl,NE,LV,2026-10-11T17:00:00Z,Cody White,anytime_td,fanduel,Yes,,480,6b024bad1abb54f597225e4ab9b39d89,2026-10-09T17:19:50Z
nfl,NE,LV,2026-10-11T17:00:00Z,Efton Chism III,anytime_td,fanduel,Yes,,500,6b024bad1abb54f597225e4ab9b39d89,2026-10-09T17:19:50Z
nfl,NE,LV,2026-10-11T17:00:00Z,Eli Raridon,anytime_td,fanduel,Yes,,500,6b024bad1abb54f597225e4ab9b39d89,2026-10-09T17:19:50Z
nfl,NE,LV,2026-10-11T17:00:00Z,New England Patriots Defense,anytime_td,fanduel,Yes,,600,6b024bad1abb54f597225e4ab9b39d89,2026-10-09T17:19:50Z
nfl,NE,LV,2026-10-11T17:00:00Z,Kyle Williams,anytime_td,fanduel,Yes,,650,6b024bad1abb54f597225e4ab9b39d89,2026-10-09T17:19:50Z
nfl,NE,LV,2026-10-11T17:00:00Z,Dylan Laube,anytime_td,fanduel,Yes,,650,6b024bad1abb54f597225e4ab9b39d89,2026-10-09T17:19:50Z
nfl,NE,LV,2026-10-11T17:00:00Z,Las Vegas Raiders Defense,anytime_td,fanduel,Yes,,700,6b024bad1abb54f597225e4ab9b39d89,2026-10-09T17:19:50Z
nfl,NE,LV,2026-10-11T17:00:00Z,Malik Benson,anytime_td,fanduel,Yes,,750,6b024bad1abb54f597225e4ab9b39d89,2026-10-09T17:19:50Z
nfl,NE,LV,2026-10-11T17:00:00Z,Corey Kiner,anytime_td,fanduel,Yes,,1000,6b024bad1abb54f597225e4ab9b39d89,2026-10-09T17:19:50Z
nfl,NE,LV,2026-10-11T17:00:00Z,Connor Heyward,anytime_td,fanduel,Yes,,1200,6b024bad1abb54f597225e4ab9b39d89,2026-10-09T17:19:50Z
nfl,NE,LV,2026-10-11T17:00:00Z,Tanner Arkin,anytime_td,fanduel,Yes,,1500,6b024bad1abb54f597225e4ab9b39d89,2026-10-09T17:19:50Z
nfl,NE,LV,2026-10-11T17:00:00Z,Cameron Latu,anytime_td,fanduel,Yes,,1500,6b024bad1abb54f597225e4ab9b39d89,2026-10-09T17:19:50Z
nfl,NE,LV,2026-10-11T17:00:00Z,Kirk Cousins,anytime_td,fanduel,Yes,,2000,6b024bad1abb54f597225e4ab9b39d89,2026-10-09T17:19:50Z
nfl,NE,LV,2026-10-11T17:00:00Z,Dareke Young,anytime_td,fanduel,Yes,,2000,6b024bad1abb54f597225e4ab9b39d89,2026-10-09T17:19:50Z
nfl,NE,LV,2026-10-11T17:00:00Z,Ian Thomas,anytime_td,fanduel,Yes,,2200,6b024bad1abb54f597225e4ab9b39d89,2026-10-09T17:19:50Z
nfl,NE,LV,2026-10-11T17:00:00Z,Kirk Cousins,pass_td,fanduel,Over,1.5,112,6b024bad1abb54f597225e4ab9b39d89,2026-10-09T17:19:50Z
nfl,NE,LV,2026-10-11T17:00:00Z,Kirk Cousins,pass_td,fanduel,Under,1.5,-148,6b024bad1abb54f597225e4ab9b39d89,2026-10-09T17:19:50Z
nfl,NE,LV,2026-10-11T17:00:00Z,Drake Maye,pass_td,fanduel,Over,1.5,-125,6b024bad1abb54f597225e4ab9b39d89,2026-10-09T17:19:50Z
nfl,NE,LV,2026-10-11T17:00:00Z,Drake Maye,pass_td,fanduel,Under,1.5,-106,6b024bad1abb54f597225e4ab9b39d89,2026-10-09T17:19:50Z
nfl,NE,LV,2026-10-11T17:00:00Z,Kirk Cousins,pass_yds,fanduel,Over,230.5,-114,6b024bad1abb54f597225e4ab9b39d89,2026-10-09T17:19:50Z
nfl,NE,LV,2026-10-11T17:00:00Z,Kirk Cousins,pass_yds,fanduel,Under,230.5,-114,6b024bad1abb54f597225e4ab9b39d89,2026-10-09T17:19:50Z
nfl,NE,LV,2026-10-11T17:00:00Z,Drake Maye,pass_yds,fanduel,Over,226.5,-114,6b024bad1abb54f597225e4ab9b39d89,2026-10-09T17:19:50Z
nfl,NE,LV,2026-10-11T17:00:00Z,Drake Maye,pass_yds,fanduel,Under,226.5,-114,6b024bad1abb54f597225e4ab9b39d89,2026-10-09T17:19:50Z
nfl,NE,LV,2026-10-11T17:00:00Z,Tre Tucker,rec_yds,fanduel,Over,39.5,-114,6b024bad1abb54f597225e4ab9b39d89,2026-10-09T17:19:50Z
nfl,NE,LV,2026-10-11T17:00:00Z,Tre Tucker,rec_yds,fanduel,Under,39.5,-114,6b024bad1abb54f597225e4ab9b39d89,2026-10-09T17:19:50Z
nfl,NE,LV,2026-10-11T17:00:00Z,DeMario Douglas,rec_yds,fanduel,Over,25.5,-114,6b024bad1abb54f597225e4ab9b39d89,2026-10-09T17:19:50Z
nfl,NE,LV,2026-10-11T17:00:00Z,DeMario Douglas,rec_yds,fanduel,Under,25.5,-114,6b024bad1abb54f597225e4ab9b39d89,2026-10-09T17:19:50Z
nfl,NE,LV,2026-10-11T17:00:00Z,Michael Mayer,rec_yds,fanduel,Over,28.5,-114,6b024bad1abb54f597225e4ab9b39d89,2026-10-09T17:19:50Z
nfl,NE,LV,2026-10-11T17:00:00Z,Michael Mayer,rec_yds,fanduel,Under,28.5,-114,6b024bad1abb54f597225e4ab9b39d89,2026-10-09T17:19:50Z
nfl,NE,LV,2026-10-11T17:00:00Z,Romeo Doubs,rec_yds,fanduel,Over,51.5,-114,6b024bad1abb54f597225e4ab9b39d89,2026-10-09T17:19:50Z
nfl,NE,LV,2026-10-11T17:00:00Z,Romeo Doubs,rec_yds,fanduel,Under,51.5,-114,6b024bad1abb54f597225e4ab9b39d89,2026-10-09T17:19:50Z
nfl,NE,LV,2026-10-11T17:00:00Z,Efton Chism III,rec_yds,fanduel,Over,23.5,-114,6b024bad1abb54f597225e4ab9b39d89,2026-10-09T17:19:50Z
nfl,NE,LV,2026-10-11T17:00:00Z,Efton Chism III,rec_yds,fanduel,Under,23.5,-114,6b024bad1abb54f597225e4ab9b39d89,2026-10-09T17:19:50Z
nfl,NE,LV,2026-10-11T17:00:00Z,Brock Bowers,rec_yds,fanduel,Over,70.5,-114,6b024bad1abb54f597225e4ab9b39d89,2026-10-09T17:19:50Z
nfl,NE,LV,2026-10-11T17:00:00Z,Brock Bowers,rec_yds,fanduel,Under,70.5,-114,6b024bad1abb54f597225e4ab9b39d89,2026-10-09T17:19:50Z
nfl,NE,LV,2026-10-11T17:00:00Z,Eli Raridon,rec_yds,fanduel,Over,9.5,-114,6b024bad1abb54f597225e4ab9b39d89,2026-10-09T17:19:50Z
nfl,NE,LV,2026-10-11T17:00:00Z,Eli Raridon,rec_yds,fanduel,Under,9.5,-114,6b024bad1abb54f597225e4ab9b39d89,2026-10-09T17:19:50Z
nfl,NE,LV,2026-10-11T17:00:00Z,Rhamondre Stevenson,rec_yds,fanduel,Over,17.5,-114,6b024bad1abb54f597225e4ab9b39d89,2026-10-09T17:19:50Z
nfl,NE,LV,2026-10-11T17:00:00Z,Rhamondre Stevenson,rec_yds,fanduel,Under,17.5,-114,6b024bad1abb54f597225e4ab9b39d89,2026-10-09T17:19:50Z
nfl,NE,LV,2026-10-11T17:00:00Z,Cody White,rec_yds,fanduel,Over,16.5,-114,6b024bad1abb54f597225e4ab9b39d89,2026-10-09T17:19:50Z
nfl,NE,LV,2026-10-11T17:00:00Z,Cody White,rec_yds,fanduel,Under,16.5,-114,6b024bad1abb54f597225e4ab9b39d89,2026-10-09T17:19:50Z
nfl,NE,LV,2026-10-11T17:00:00Z,Hunter Henry,rec_yds,fanduel,Over,37.5,-114,6b024bad1abb54f597225e4ab9b39d89,2026-10-09T17:19:50Z
nfl,NE,LV,2026-10-11T17:00:00Z,Hunter Henry,rec_yds,fanduel,Under,37.5,-114,6b024bad1abb54f597225e4ab9b39d89,2026-10-09T17:19:50Z
nfl,NE,LV,2026-10-11T17:00:00Z,Romeo Doubs,receptions,fanduel,Over,3.5,-148,6b024bad1abb54f597225e4ab9b39d89,2026-10-09T17:19:50Z
nfl,NE,LV,2026-10-11T17:00:00Z,Romeo Doubs,receptions,fanduel,Under,3.5,112,6b024bad1abb54f597225e4ab9b39d89,2026-10-09T17:19:50Z
nfl,NE,LV,2026-10-11T17:00:00Z,Rhamondre Stevenson,receptions,fanduel,Over,2.5,-172,6b024bad1abb54f597225e4ab9b39d89,2026-10-09T17:19:50Z
nfl,NE,LV,2026-10-11T17:00:00Z,Rhamondre Stevenson,receptions,fanduel,Under,2.5,128,6b024bad1abb54f597225e4ab9b39d89,2026-10-09T17:19:50Z
nfl,NE,LV,2026-10-11T17:00:00Z,Eli Raridon,receptions,fanduel,Over,1.5,144,6b024bad1abb54f597225e4ab9b39d89,2026-10-09T17:19:50Z
nfl,NE,LV,2026-10-11T17:00:00Z,Eli Raridon,receptions,fanduel,Under,1.5,-194,6b024bad1abb54f597225e4ab9b39d89,2026-10-09T17:19:50Z
nfl,NE,LV,2026-10-11T17:00:00Z,Cody White,receptions,fanduel,Over,1.5,-130,6b024bad1abb54f597225e4ab9b39d89,2026-10-09T17:19:50Z
nfl,NE,LV,2026-10-11T17:00:00Z,Cody White,receptions,fanduel,Under,1.5,-102,6b024bad1abb54f597225e4ab9b39d89,2026-10-09T17:19:50Z
nfl,NE,LV,2026-10-11T17:00:00Z,DeMario Douglas,receptions,fanduel,Over,2.5,-122,6b024bad1abb54f597225e4ab9b39d89,2026-10-09T17:19:50Z
nfl,NE,LV,2026-10-11T17:00:00Z,DeMario Douglas,receptions,fanduel,Under,2.5,-106,6b024bad1abb54f597225e4ab9b39d89,2026-10-09T17:19:50Z
nfl,NE,LV,2026-10-11T17:00:00Z,Efton Chism III,receptions,fanduel,Over,1.5,-172,6b024bad1abb54f597225e4ab9b39d89,2026-10-09T17:19:50Z
nfl,NE,LV,2026-10-11T17:00:00Z,Efton Chism III,receptions,fanduel,Under,1.5,128,6b024bad1abb54f597225e4ab9b39d89,2026-10-09T17:19:50Z
nfl,NE,LV,2026-10-11T17:00:00Z,Tre Tucker,receptions,fanduel,Over,3.5,100,6b024bad1abb54f597225e4ab9b39d89,2026-10-09T17:19:50Z
nfl,NE,LV,2026-10-11T17:00:00Z,Tre Tucker,receptions,fanduel,Under,3.5,-132,6b024bad1abb54f597225e4ab9b39d89,2026-10-09T17:19:50Z
nfl,NE,LV,2026-10-11T17:00:00Z,Hunter Henry,receptions,fanduel,Over,3.5,-132,6b024bad1abb54f597225e4ab9b39d89,2026-10-09T17:19:50Z
nfl,NE,LV,2026-10-11T17:00:00Z,Hunter Henry,receptions,fanduel,Under,3.5,100,6b024bad1abb54f597225e4ab9b39d89,2026-10-09T17:19:50Z
nfl,NE,LV,2026-10-11T17:00:00Z,Brock Bowers,receptions,fanduel,Over,6.5,-108,6b024bad1abb54f597225e4ab9b39d89,2026-10-09T17:19:50Z
nfl,NE,LV,2026-10-11T17:00:00Z,Brock Bowers,receptions,fanduel,Under,6.5,-122,6b024bad1abb54f597225e4ab9b39d89,2026-10-09T17:19:50Z
nfl,NE,LV,2026-10-11T17:00:00Z,Michael Mayer,receptions,fanduel,Over,3.5,-114,6b024bad1abb54f597225e4ab9b39d89,2026-10-09T17:19:50Z
nfl,NE,LV,2026-10-11T17:00:00Z,Michael Mayer,receptions,fanduel,Under,3.5,-114,6b024bad1abb54f597225e4ab9b39d89,2026-10-09T17:19:50Z
nfl,NE,LV,2026-10-11T17:00:00Z,Drake Maye,rush_yds,fanduel,Over,31.5,-114,6b024bad1abb54f597225e4ab9b39d89,2026-10-09T17:19:50Z
nfl,NE,LV,2026-10-11T17:00:00Z,Drake Maye,rush_yds,fanduel,Under,31.5,-114,6b024bad1abb54f597225e4ab9b39d89,2026-10-09T17:19:50Z
nfl,NE,LV,2026-10-11T17:00:00Z,TreVeyon Henderson,rush_yds,fanduel,Over,49.5,-114,6b024bad1abb54f597225e4ab9b39d89,2026-10-09T17:19:50Z
nfl,NE,LV,2026-10-11T17:00:00Z,TreVeyon Henderson,rush_yds,fanduel,Under,49.5,-114,6b024bad1abb54f597225e4ab9b39d89,2026-10-09T17:19:50Z
nfl,NE,LV,2026-10-11T17:00:00Z,Rhamondre Stevenson,rush_yds,fanduel,Over,36.5,-114,6b024bad1abb54f597225e4ab9b39d89,2026-10-09T17:19:50Z
nfl,NE,LV,2026-10-11T17:00:00Z,Rhamondre Stevenson,rush_yds,fanduel,Under,36.5,-114,6b024bad1abb54f597225e4ab9b39d89,2026-10-09T17:19:50Z
nfl,NE,LV,2026-10-11T17:00:00Z,Kirk Cousins,rush_yds,fanduel,Over,0.5,-102,6b024bad1abb54f597225e4ab9b39d89,2026-10-09T17:19:50Z
nfl,NE,LV,2026-10-11T17:00:00Z,Kirk Cousins,rush_yds,fanduel,Under,0.5,-128,6b024bad1abb54f597225e4ab9b39d89,2026-10-09T17:19:50Z
nfl,NE,LV,2026-10-11T17:00:00Z,Romeo Doubs,anytime_td,betrivers,Yes,,145,6b024bad1abb54f597225e4ab9b39d89,2026-10-09T17:19:42Z
nfl,NE,LV,2026-10-11T17:00:00Z,Kyle Williams,anytime_td,betrivers,Yes,,575,6b024bad1abb54f597225e4ab9b39d89,2026-10-09T17:19:42Z
nfl,NE,LV,2026-10-11T17:00:00Z,Cameron Latu,anytime_td,betrivers,Yes,,1600,6b024bad1abb54f597225e4ab9b39d89,2026-10-09T17:19:42Z
nfl,NE,LV,2026-10-11T17:00:00Z,Efton Chism III,anytime_td,betrivers,Yes,,340,6b024bad1abb54f597225e4ab9b39d89,2026-10-09T17:19:42Z
nfl,NE,LV,2026-10-11T17:00:00Z,Hunter Henry,anytime_td,betrivers,Yes,,163,6b024bad1abb54f597225e4ab9b39d89,2026-10-09T17:19:42Z
nfl,NE,LV,2026-10-11T17:00:00Z,Rhamondre Stevenson,anytime_td,betrivers,Yes,,-107,6b024bad1abb54f597225e4ab9b39d89,2026-10-09T17:19:42Z
nfl,NE,LV,2026-10-11T17:00:00Z,TreVeyon Henderson,anytime_td,betrivers,Yes,,123,6b024bad1abb54f597225e4ab9b39d89,2026-10-09T17:19:42Z
nfl,NE,LV,2026-10-11T17:00:00Z,Tanner Arkin,anytime_td,betrivers,Yes,,2200,6b024bad1abb54f597225e4ab9b39d89,2026-10-09T17:19:42Z
nfl,NE,LV,2026-10-11T17:00:00Z,Corey Kiner,anytime_td,betrivers,Yes,,525,6b024bad1abb54f597225e4ab9b39d89,2026-10-09T17:19:42Z
nfl,NE,LV,2026-10-11T17:00:00Z,Eli Raridon,anytime_td,betrivers,Yes,,480,6b024bad1abb54f597225e4ab9b39d89,2026-10-09T17:19:42Z
nfl,NE,LV,2026-10-11T17:00:00Z,DeMario Douglas,anytime_td,betrivers,Yes,,290,6b024bad1abb54f597225e4ab9b39d89,2026-10-09T17:19:42Z
nfl,NE,LV,2026-10-11T17:00:00Z,Drake Maye,anytime_td,betrivers,Yes,,340,6b024bad1abb54f597225e4ab9b39d89,2026-10-09T17:19:42Z
nfl,NE,LV,2026-10-11T17:00:00Z,Drake Maye,completions,betrivers,Over,19.5,-103,6b024bad1abb54f597225e4ab9b39d89,2026-10-09T17:19:42Z
nfl,NE,LV,2026-10-11T17:00:00Z,Drake Maye,pass_td,betrivers,Over,1.5,-115,6b024bad1abb54f597225e4ab9b39d89,2026-10-09T17:19:42Z
nfl,NE,LV,2026-10-11T17:00:00Z,Drake Maye,pass_td,betrivers,Under,1.5,-115,6b024bad1abb54f597225e4ab9b39d89,2026-10-09T17:19:42Z
nfl,NE,LV,2026-10-11T17:00:00Z,Drake Maye,pass_yds,betrivers,Over,228.5,-117,6b024bad1abb54f597225e4ab9b39d89,2026-10-09T17:19:42Z
nfl,NE,LV,2026-10-11T17:00:00Z,Drake Maye,pass_yds,betrivers,Under,228.5,-114,6b024bad1abb54f597225e4ab9b39d89,2026-10-09T17:19:42Z
nfl,NE,LV,2026-10-11T17:00:00Z,Eli Raridon,rec_yds,betrivers,Over,9.5,-114,6b024bad1abb54f597225e4ab9b39d89,2026-10-09T17:19:42Z
nfl,NE,LV,2026-10-11T17:00:00Z,Eli Raridon,rec_yds,betrivers,Under,9.5,-117,6b024bad1abb54f597225e4ab9b39d89,2026-10-09T17:19:42Z
nfl,NE,LV,2026-10-11T17:00:00Z,Efton Chism III,rec_yds,betrivers,Over,24.5,-113,6b024bad1abb54f597225e4ab9b39d89,2026-10-09T17:19:42Z
nfl,NE,LV,2026-10-11T17:00:00Z,Efton Chism III,rec_yds,betrivers,Under,24.5,-118,6b024bad1abb54f597225e4ab9b39d89,2026-10-09T17:19:42Z
nfl,NE,LV,2026-10-11T17:00:00Z,Hunter Henry,rec_yds,betrivers,Over,38.5,-114,6b024bad1abb54f597225e4ab9b39d89,2026-10-09T17:19:42Z
nfl,NE,LV,2026-10-11T17:00:00Z,Hunter Henry,rec_yds,betrivers,Under,38.5,-117,6b024bad1abb54f597225e4ab9b39d89,2026-10-09T17:19:42Z
nfl,NE,LV,2026-10-11T17:00:00Z,Romeo Doubs,rec_yds,betrivers,Over,53.5,-113,6b024bad1abb54f597225e4ab9b39d89,2026-10-09T17:19:42Z
nfl,NE,LV,2026-10-11T17:00:00Z,Romeo Doubs,rec_yds,betrivers,Under,53.5,-118,6b024bad1abb54f597225e4ab9b39d89,2026-10-09T17:19:42Z
nfl,NE,LV,2026-10-11T17:00:00Z,DeMario Douglas,rec_yds,betrivers,Over,26.5,-120,6b024bad1abb54f597225e4ab9b39d89,2026-10-09T17:19:42Z
nfl,NE,LV,2026-10-11T17:00:00Z,DeMario Douglas,rec_yds,betrivers,Under,26.5,-112,6b024bad1abb54f597225e4ab9b39d89,2026-10-09T17:19:42Z
nfl,NE,LV,2026-10-11T17:00:00Z,Romeo Doubs,receptions,betrivers,Over,3.5,-167,6b024bad1abb54f597225e4ab9b39d89,2026-10-09T17:19:42Z
nfl,NE,LV,2026-10-11T17:00:00Z,Hunter Henry,receptions,betrivers,Over,3.5,-139,6b024bad1abb54f597225e4ab9b39d89,2026-10-09T17:19:42Z
nfl,NE,LV,2026-10-11T17:00:00Z,DeMario Douglas,receptions,betrivers,Over,2.5,-124,6b024bad1abb54f597225e4ab9b39d89,2026-10-09T17:19:42Z
nfl,NE,LV,2026-10-11T17:00:00Z,Efton Chism III,receptions,betrivers,Over,1.5,-175,6b024bad1abb54f597225e4ab9b39d89,2026-10-09T17:19:42Z
nfl,NE,LV,2026-10-11T17:00:00Z,Eli Raridon,receptions,betrivers,Over,1.5,150,6b024bad1abb54f597225e4ab9b39d89,2026-10-09T17:19:42Z
nfl,NE,LV,2026-10-11T17:00:00Z,Drake Maye,rush_yds,betrivers,Over,30.5,-114,6b024bad1abb54f597225e4ab9b39d89,2026-10-09T17:19:42Z
nfl,NE,LV,2026-10-11T17:00:00Z,Drake Maye,rush_yds,betrivers,Under,30.5,-117,6b024bad1abb54f597225e4ab9b39d89,2026-10-09T17:19:42Z
nfl,NE,LV,2026-10-11T17:00:00Z,Drake Maye,anytime_td,betmgm,Yes,,230,6b024bad1abb54f597225e4ab9b39d89,2026-10-09T17:20:15Z
nfl,NE,LV,2026-10-11T17:00:00Z,DeMario Douglas,anytime_td,betmgm,Yes,,360,6b024bad1abb54f597225e4ab9b39d89,2026-10-09T17:20:15Z
nfl,NE,LV,2026-10-11T17:00:00Z,Romeo Doubs,anytime_td,betmgm,Yes,,175,6b024bad1abb54f597225e4ab9b39d89,2026-10-09T17:20:15Z
nfl,NE,LV,2026-10-11T17:00:00Z,Efton Chism III,anytime_td,betmgm,Yes,,340,6b024bad1abb54f597225e4ab9b39d89,2026-10-09T17:20:15Z
nfl,NE,LV,2026-10-11T17:00:00Z,Ian Thomas,anytime_td,betmgm,Yes,,1650,6b024bad1abb54f597225e4ab9b39d89,2026-10-09T17:20:15Z
nfl,NE,LV,2026-10-11T17:00:00Z,Ashton Jeanty,anytime_td,betmgm,Yes,,-120,6b024bad1abb54f597225e4ab9b39d89,2026-10-09T17:20:15Z
nfl,NE,LV,2026-10-11T17:00:00Z,Kyle Williams,anytime_td,betmgm,Yes,,450,6b024bad1abb54f597225e4ab9b39d89,2026-10-09T17:20:15Z
nfl,NE,LV,2026-10-11T17:00:00Z,Michael Mayer,anytime_td,betmgm,Yes,,310,6b024bad1abb54f597225e4ab9b39d89,2026-10-09T17:20:15Z
nfl,NE,LV,2026-10-11T17:00:00Z,New England Patriots D/ST,anytime_td,betmgm,Yes,,500,6b024bad1abb54f597225e4ab9b39d89,2026-10-09T17:20:15Z
nfl,NE,LV,2026-10-11T17:00:00Z,Cody White,anytime_td,betmgm,Yes,,500,6b024bad1abb54f597225e4ab9b39d89,2026-10-09T17:20:15Z
nfl,NE,LV,2026-10-11T17:00:00Z,Hunter Henry,anytime_td,betmgm,Yes,,200,6b024bad1abb54f597225e4ab9b39d89,2026-10-09T17:20:15Z
nfl,NE,LV,2026-10-11T17:00:00Z,Brock Bowers,anytime_td,betmgm,Yes,,140,6b024bad1abb54f597225e4ab9b39d89,2026-10-09T17:20:15Z
nfl,NE,LV,2026-10-11T17:00:00Z,Tre Tucker,anytime_td,betmgm,Yes,,270,6b024bad1abb54f597225e4ab9b39d89,2026-10-09T17:20:15Z
nfl,NE,LV,2026-10-11T17:00:00Z,Las Vegas Raiders D/ST,anytime_td,betmgm,Yes,,525,6b024bad1abb54f597225e4ab9b39d89,2026-10-09T17:20:15Z
nfl,NE,LV,2026-10-11T17:00:00Z,Kirk Cousins,anytime_td,betmgm,Yes,,1350,6b024bad1abb54f597225e4ab9b39d89,2026-10-09T17:20:15Z
nfl,NE,LV,2026-10-11T17:00:00Z,Malik Benson,anytime_td,betmgm,Yes,,850,6b024bad1abb54f597225e4ab9b39d89,2026-10-09T17:20:15Z
nfl,NE,LV,2026-10-11T17:00:00Z,Dareke Young,anytime_td,betmgm,Yes,,1700,6b024bad1abb54f597225e4ab9b39d89,2026-10-09T17:20:15Z
nfl,NE,LV,2026-10-11T17:00:00Z,Eli Raridon,anytime_td,betmgm,Yes,,600,6b024bad1abb54f597225e4ab9b39d89,2026-10-09T17:20:15Z
nfl,NE,LV,2026-10-11T17:00:00Z,Connor Heyward,anytime_td,betmgm,Yes,,650,6b024bad1abb54f597225e4ab9b39d89,2026-10-09T17:20:15Z
nfl,NE,LV,2026-10-11T17:00:00Z,Kirk Cousins,pass_att,betmgm,Over,33.5,-125,6b024bad1abb54f597225e4ab9b39d89,2026-10-09T17:20:15Z
nfl,NE,LV,2026-10-11T17:00:00Z,Kirk Cousins,pass_att,betmgm,Under,33.5,-105,6b024bad1abb54f597225e4ab9b39d89,2026-10-09T17:20:15Z
nfl,NE,LV,2026-10-11T17:00:00Z,Drake Maye,pass_att,betmgm,Over,29.5,-125,6b024bad1abb54f597225e4ab9b39d89,2026-10-09T17:20:15Z
nfl,NE,LV,2026-10-11T17:00:00Z,Drake Maye,pass_att,betmgm,Under,29.5,-105,6b024bad1abb54f597225e4ab9b39d89,2026-10-09T17:20:15Z
nfl,NE,LV,2026-10-11T17:00:00Z,Drake Maye,completions,betmgm,Over,19.5,-115,6b024bad1abb54f597225e4ab9b39d89,2026-10-09T17:20:15Z
nfl,NE,LV,2026-10-11T17:00:00Z,Drake Maye,completions,betmgm,Under,19.5,-115,6b024bad1abb54f597225e4ab9b39d89,2026-10-09T17:20:15Z
nfl,NE,LV,2026-10-11T17:00:00Z,Kirk Cousins,completions,betmgm,Over,21.5,-118,6b024bad1abb54f597225e4ab9b39d89,2026-10-09T17:20:15Z
nfl,NE,LV,2026-10-11T17:00:00Z,Kirk Cousins,completions,betmgm,Under,21.5,-111,6b024bad1abb54f597225e4ab9b39d89,2026-10-09T17:20:15Z
nfl,NE,LV,2026-10-11T17:00:00Z,Drake Maye,pass_td,betmgm,Over,1.5,-105,6b024bad1abb54f597225e4ab9b39d89,2026-10-09T17:20:15Z
nfl,NE,LV,2026-10-11T17:00:00Z,Drake Maye,pass_td,betmgm,Under,1.5,-125,6b024bad1abb54f597225e4ab9b39d89,2026-10-09T17:20:15Z
nfl,NE,LV,2026-10-11T17:00:00Z,Kirk Cousins,pass_td,betmgm,Over,1.5,115,6b024bad1abb54f597225e4ab9b39d89,2026-10-09T17:20:15Z
nfl,NE,LV,2026-10-11T17:00:00Z,Kirk Cousins,pass_td,betmgm,Under,1.5,-155,6b024bad1abb54f597225e4ab9b39d89,2026-10-09T17:20:15Z
nfl,NE,LV,2026-10-11T17:00:00Z,Drake Maye,pass_yds,betmgm,Over,227.5,-115,6b024bad1abb54f597225e4ab9b39d89,2026-10-09T17:20:15Z
nfl,NE,LV,2026-10-11T17:00:00Z,Drake Maye,pass_yds,betmgm,Under,227.5,-115,6b024bad1abb54f597225e4ab9b39d89,2026-10-09T17:20:15Z
nfl,NE,LV,2026-10-11T17:00:00Z,Kirk Cousins,pass_yds,betmgm,Over,238.5,-115,6b024bad1abb54f597225e4ab9b39d89,2026-10-09T17:20:15Z
nfl,NE,LV,2026-10-11T17:00:00Z,Kirk Cousins,pass_yds,betmgm,Under,238.5,-115,6b024bad1abb54f597225e4ab9b39d89,2026-10-09T17:20:15Z
nfl,NE,LV,2026-10-11T17:00:00Z,Romeo Doubs,rec_yds,betmgm,Over,50.5,-115,6b024bad1abb54f597225e4ab9b39d89,2026-10-09T17:20:15Z
nfl,NE,LV,2026-10-11T17:00:00Z,Romeo Doubs,rec_yds,betmgm,Under,50.5,-115,6b024bad1abb54f597225e4ab9b39d89,2026-10-09T17:20:15Z
nfl,NE,LV,2026-10-11T17:00:00Z,Brock Bowers,rec_yds,betmgm,Over,73.5,-115,6b024bad1abb54f597225e4ab9b39d89,2026-10-09T17:20:15Z
nfl,NE,LV,2026-10-11T17:00:00Z,Brock Bowers,rec_yds,betmgm,Under,73.5,-115,6b024bad1abb54f597225e4ab9b39d89,2026-10-09T17:20:15Z
nfl,NE,LV,2026-10-11T17:00:00Z,Hunter Henry,rec_yds,betmgm,Over,35.5,-115,6b024bad1abb54f597225e4ab9b39d89,2026-10-09T17:20:15Z
nfl,NE,LV,2026-10-11T17:00:00Z,Hunter Henry,rec_yds,betmgm,Under,35.5,-115,6b024bad1abb54f597225e4ab9b39d89,2026-10-09T17:20:15Z
nfl,NE,LV,2026-10-11T17:00:00Z,Michael Mayer,rec_yds,betmgm,Over,33.5,100,6b024bad1abb54f597225e4ab9b39d89,2026-10-09T17:20:15Z
nfl,NE,LV,2026-10-11T17:00:00Z,Michael Mayer,rec_yds,betmgm,Under,33.5,-135,6b024bad1abb54f597225e4ab9b39d89,2026-10-09T17:20:15Z
nfl,NE,LV,2026-10-11T17:00:00Z,Tre Tucker,rec_yds,betmgm,Over,43.5,-115,6b024bad1abb54f597225e4ab9b39d89,2026-10-09T17:20:15Z
nfl,NE,LV,2026-10-11T17:00:00Z,Tre Tucker,rec_yds,betmgm,Under,43.5,-115,6b024bad1abb54f597225e4ab9b39d89,2026-10-09T17:20:15Z
nfl,NE,LV,2026-10-11T17:00:00Z,DeMario Douglas,rec_yds,betmgm,Over,28.5,-115,6b024bad1abb54f597225e4ab9b39d89,2026-10-09T17:20:15Z
nfl,NE,LV,2026-10-11T17:00:00Z,DeMario Douglas,rec_yds,betmgm,Under,28.5,-115,6b024bad1abb54f597225e4ab9b39d89,2026-10-09T17:20:15Z
nfl,NE,LV,2026-10-11T17:00:00Z,Romeo Doubs,receptions,betmgm,Over,3.5,-165,6b024bad1abb54f597225e4ab9b39d89,2026-10-09T17:20:15Z
nfl,NE,LV,2026-10-11T17:00:00Z,Romeo Doubs,receptions,betmgm,Under,3.5,125,6b024bad1abb54f597225e4ab9b39d89,2026-10-09T17:20:15Z
nfl,NE,LV,2026-10-11T17:00:00Z,Brock Bowers,receptions,betmgm,Over,6.5,-115,6b024bad1abb54f597225e4ab9b39d89,2026-10-09T17:20:15Z
nfl,NE,LV,2026-10-11T17:00:00Z,Brock Bowers,receptions,betmgm,Under,6.5,-115,6b024bad1abb54f597225e4ab9b39d89,2026-10-09T17:20:15Z
nfl,NE,LV,2026-10-11T17:00:00Z,Michael Mayer,receptions,betmgm,Over,3.5,-120,6b024bad1abb54f597225e4ab9b39d89,2026-10-09T17:20:15Z
nfl,NE,LV,2026-10-11T17:00:00Z,Michael Mayer,receptions,betmgm,Under,3.5,-110,6b024bad1abb54f597225e4ab9b39d89,2026-10-09T17:20:15Z
nfl,NE,LV,2026-10-11T17:00:00Z,Tre Tucker,receptions,betmgm,Over,3.5,-105,6b024bad1abb54f597225e4ab9b39d89,2026-10-09T17:20:15Z
nfl,NE,LV,2026-10-11T17:00:00Z,Tre Tucker,receptions,betmgm,Under,3.5,-125,6b024bad1abb54f597225e4ab9b39d89,2026-10-09T17:20:15Z
nfl,NE,LV,2026-10-11T17:00:00Z,Hunter Henry,receptions,betmgm,Over,3.5,-118,6b024bad1abb54f597225e4ab9b39d89,2026-10-09T17:20:15Z
nfl,NE,LV,2026-10-11T17:00:00Z,Hunter Henry,receptions,betmgm,Under,3.5,-111,6b024bad1abb54f597225e4ab9b39d89,2026-10-09T17:20:15Z
nfl,NE,LV,2026-10-11T17:00:00Z,DeMario Douglas,receptions,betmgm,Over,2.5,-135,6b024bad1abb54f597225e4ab9b39d89,2026-10-09T17:20:15Z
nfl,NE,LV,2026-10-11T17:00:00Z,DeMario Douglas,receptions,betmgm,Under,2.5,100,6b024bad1abb54f597225e4ab9b39d89,2026-10-09T17:20:15Z
nfl,NE,LV,2026-10-11T17:00:00Z,Drake Maye,rush_att,betmgm,Over,5.5,-125,6b024bad1abb54f597225e4ab9b39d89,2026-10-09T17:20:15Z
nfl,NE,LV,2026-10-11T17:00:00Z,Drake Maye,rush_att,betmgm,Under,5.5,-105,6b024bad1abb54f597225e4ab9b39d89,2026-10-09T17:20:15Z
nfl,NE,LV,2026-10-11T17:00:00Z,Drake Maye,rush_yds,betmgm,Over,29.5,-115,6b024bad1abb54f597225e4ab9b39d89,2026-10-09T17:20:15Z
nfl,NE,LV,2026-10-11T17:00:00Z,Drake Maye,rush_yds,betmgm,Under,29.5,-115,6b024bad1abb54f597225e4ab9b39d89,2026-10-09T17:20:15Z
nfl,NE,LV,2026-10-11T17:00:00Z,Kirk Cousins,pass_att,espnbet,Over,33.5,-130,6b024bad1abb54f597225e4ab9b39d89,2026-10-09T17:20:17Z
nfl,NE,LV,2026-10-11T17:00:00Z,Kirk Cousins,pass_att,espnbet,Under,33.5,100,6b024bad1abb54f597225e4ab9b39d89,2026-10-09T17:20:17Z
nfl,NE,LV,2026-10-11T17:00:00Z,Drake Maye,pass_att,espnbet,Over,29.5,-125,6b024bad1abb54f597225e4ab9b39d89,2026-10-09T17:20:17Z
nfl,NE,LV,2026-10-11T17:00:00Z,Drake Maye,pass_att,espnbet,Under,29.5,-105,6b024bad1abb54f597225e4ab9b39d89,2026-10-09T17:20:17Z
nfl,NE,LV,2026-10-11T17:00:00Z,Kirk Cousins,completions,espnbet,Over,21.5,-130,6b024bad1abb54f597225e4ab9b39d89,2026-10-09T17:20:17Z
nfl,NE,LV,2026-10-11T17:00:00Z,Kirk Cousins,completions,espnbet,Under,21.5,100,6b024bad1abb54f597225e4ab9b39d89,2026-10-09T17:20:17Z
nfl,NE,LV,2026-10-11T17:00:00Z,Drake Maye,completions,espnbet,Over,19.5,-125,6b024bad1abb54f597225e4ab9b39d89,2026-10-09T17:20:17Z
nfl,NE,LV,2026-10-11T17:00:00Z,Drake Maye,completions,espnbet,Under,19.5,-105,6b024bad1abb54f597225e4ab9b39d89,2026-10-09T17:20:17Z
nfl,NE,LV,2026-10-11T17:00:00Z,Drake Maye,pass_td,espnbet,Over,1.5,-130,6b024bad1abb54f597225e4ab9b39d89,2026-10-09T17:20:17Z
nfl,NE,LV,2026-10-11T17:00:00Z,Drake Maye,pass_td,espnbet,Under,1.5,100,6b024bad1abb54f597225e4ab9b39d89,2026-10-09T17:20:17Z
nfl,NE,LV,2026-10-11T17:00:00Z,Kirk Cousins,pass_td,espnbet,Over,1.5,120,6b024bad1abb54f597225e4ab9b39d89,2026-10-09T17:20:17Z
nfl,NE,LV,2026-10-11T17:00:00Z,Kirk Cousins,pass_td,espnbet,Under,1.5,-155,6b024bad1abb54f597225e4ab9b39d89,2026-10-09T17:20:17Z
nfl,NE,LV,2026-10-11T17:00:00Z,Drake Maye,pass_yds,espnbet,Over,229.5,-110,6b024bad1abb54f597225e4ab9b39d89,2026-10-09T17:20:17Z
nfl,NE,LV,2026-10-11T17:00:00Z,Drake Maye,pass_yds,espnbet,Under,229.5,-120,6b024bad1abb54f597225e4ab9b39d89,2026-10-09T17:20:17Z
nfl,NE,LV,2026-10-11T17:00:00Z,Kirk Cousins,pass_yds,espnbet,Over,229.5,-110,6b024bad1abb54f597225e4ab9b39d89,2026-10-09T17:20:17Z
nfl,NE,LV,2026-10-11T17:00:00Z,Kirk Cousins,pass_yds,espnbet,Under,229.5,-120,6b024bad1abb54f597225e4ab9b39d89,2026-10-09T17:20:17Z
nfl,NE,LV,2026-10-11T17:00:00Z,Brock Bowers,rec_yds,espnbet,Over,74.5,-105,6b024bad1abb54f597225e4ab9b39d89,2026-10-09T17:20:17Z
nfl,NE,LV,2026-10-11T17:00:00Z,Brock Bowers,rec_yds,espnbet,Under,74.5,-125,6b024bad1abb54f597225e4ab9b39d89,2026-10-09T17:20:17Z
nfl,NE,LV,2026-10-11T17:00:00Z,Tre Tucker,rec_yds,espnbet,Over,39.5,-110,6b024bad1abb54f597225e4ab9b39d89,2026-10-09T17:20:17Z
nfl,NE,LV,2026-10-11T17:00:00Z,Tre Tucker,rec_yds,espnbet,Under,39.5,-120,6b024bad1abb54f597225e4ab9b39d89,2026-10-09T17:20:17Z
nfl,NE,LV,2026-10-11T17:00:00Z,Romeo Doubs,rec_yds,espnbet,Over,49.5,-125,6b024bad1abb54f597225e4ab9b39d89,2026-10-09T17:20:17Z
nfl,NE,LV,2026-10-11T17:00:00Z,Romeo Doubs,rec_yds,espnbet,Under,49.5,-105,6b024bad1abb54f597225e4ab9b39d89,2026-10-09T17:20:17Z
nfl,NE,LV,2026-10-11T17:00:00Z,DeMario Douglas,rec_yds,espnbet,Over,24.5,-125,6b024bad1abb54f597225e4ab9b39d89,2026-10-09T17:20:17Z
nfl,NE,LV,2026-10-11T17:00:00Z,DeMario Douglas,rec_yds,espnbet,Under,24.5,-105,6b024bad1abb54f597225e4ab9b39d89,2026-10-09T17:20:17Z
nfl,NE,LV,2026-10-11T17:00:00Z,Hunter Henry,rec_yds,espnbet,Over,38.5,-105,6b024bad1abb54f597225e4ab9b39d89,2026-10-09T17:20:17Z
nfl,NE,LV,2026-10-11T17:00:00Z,Hunter Henry,rec_yds,espnbet,Under,38.5,-125,6b024bad1abb54f597225e4ab9b39d89,2026-10-09T17:20:17Z
nfl,NE,LV,2026-10-11T17:00:00Z,Efton Chism III,rec_yds,espnbet,Over,24.5,-125,6b024bad1abb54f597225e4ab9b39d89,2026-10-09T17:20:17Z
nfl,NE,LV,2026-10-11T17:00:00Z,Efton Chism III,rec_yds,espnbet,Under,24.5,-105,6b024bad1abb54f597225e4ab9b39d89,2026-10-09T17:20:17Z
nfl,NE,LV,2026-10-11T17:00:00Z,Michael Mayer,rec_yds,espnbet,Over,29.5,-110,6b024bad1abb54f597225e4ab9b39d89,2026-10-09T17:20:17Z
nfl,NE,LV,2026-10-11T17:00:00Z,Michael Mayer,rec_yds,espnbet,Under,29.5,-120,6b024bad1abb54f597225e4ab9b39d89,2026-10-09T17:20:17Z
nfl,NE,LV,2026-10-11T17:00:00Z,Cody White,rec_yds,espnbet,Over,17.5,-115,6b024bad1abb54f597225e4ab9b39d89,2026-10-09T17:20:17Z
nfl,NE,LV,2026-10-11T17:00:00Z,Cody White,rec_yds,espnbet,Under,17.5,-115,6b024bad1abb54f597225e4ab9b39d89,2026-10-09T17:20:17Z
nfl,NE,LV,2026-10-11T17:00:00Z,Eli Raridon,rec_yds,espnbet,Over,9.5,-125,6b024bad1abb54f597225e4ab9b39d89,2026-10-09T17:20:17Z
nfl,NE,LV,2026-10-11T17:00:00Z,Eli Raridon,rec_yds,espnbet,Under,9.5,-105,6b024bad1abb54f597225e4ab9b39d89,2026-10-09T17:20:17Z
nfl,NE,LV,2026-10-11T17:00:00Z,Brock Bowers,receptions,espnbet,Over,6.5,-105,6b024bad1abb54f597225e4ab9b39d89,2026-10-09T17:20:17Z
nfl,NE,LV,2026-10-11T17:00:00Z,Brock Bowers,receptions,espnbet,Under,6.5,-125,6b024bad1abb54f597225e4ab9b39d89,2026-10-09T17:20:17Z
nfl,NE,LV,2026-10-11T17:00:00Z,Romeo Doubs,receptions,espnbet,Over,4.5,120,6b024bad1abb54f597225e4ab9b39d89,2026-10-09T17:20:17Z
nfl,NE,LV,2026-10-11T17:00:00Z,Romeo Doubs,receptions,espnbet,Under,4.5,-155,6b024bad1abb54f597225e4ab9b39d89,2026-10-09T17:20:17Z
nfl,NE,LV,2026-10-11T17:00:00Z,Michael Mayer,receptions,espnbet,Over,3.5,-115,6b024bad1abb54f597225e4ab9b39d89,2026-10-09T17:20:17Z
nfl,NE,LV,2026-10-11T17:00:00Z,Michael Mayer,receptions,espnbet,Under,3.5,-115,6b024bad1abb54f597225e4ab9b39d89,2026-10-09T17:20:17Z
nfl,NE,LV,2026-10-11T17:00:00Z,Tre Tucker,receptions,espnbet,Over,3.5,120,6b024bad1abb54f597225e4ab9b39d89,2026-10-09T17:20:17Z
nfl,NE,LV,2026-10-11T17:00:00Z,Tre Tucker,receptions,espnbet,Under,3.5,-155,6b024bad1abb54f597225e4ab9b39d89,2026-10-09T17:20:17Z
nfl,NE,LV,2026-10-11T17:00:00Z,DeMario Douglas,receptions,espnbet,Over,2.5,-135,6b024bad1abb54f597225e4ab9b39d89,2026-10-09T17:20:17Z
nfl,NE,LV,2026-10-11T17:00:00Z,DeMario Douglas,receptions,espnbet,Under,2.5,105,6b024bad1abb54f597225e4ab9b39d89,2026-10-09T17:20:17Z
nfl,NE,LV,2026-10-11T17:00:00Z,Hunter Henry,receptions,espnbet,Over,3.5,-135,6b024bad1abb54f597225e4ab9b39d89,2026-10-09T17:20:17Z
nfl,NE,LV,2026-10-11T17:00:00Z,Hunter Henry,receptions,espnbet,Under,3.5,105,6b024bad1abb54f597225e4ab9b39d89,2026-10-09T17:20:17Z
nfl,NE,LV,2026-10-11T17:00:00Z,Efton Chism III,receptions,espnbet,Over,2.5,140,6b024bad1abb54f597225e4ab9b39d89,2026-10-09T17:20:17Z
nfl,NE,LV,2026-10-11T17:00:00Z,Efton Chism III,receptions,espnbet,Under,2.5,-190,6b024bad1abb54f597225e4ab9b39d89,2026-10-09T17:20:17Z
nfl,NE,LV,2026-10-11T17:00:00Z,Eli Raridon,receptions,espnbet,Over,1.5,125,6b024bad1abb54f597225e4ab9b39d89,2026-10-09T17:20:17Z
nfl,NE,LV,2026-10-11T17:00:00Z,Eli Raridon,receptions,espnbet,Under,1.5,-160,6b024bad1abb54f597225e4ab9b39d89,2026-10-09T17:20:17Z
nfl,NE,LV,2026-10-11T17:00:00Z,Cody White,receptions,espnbet,Over,1.5,-140,6b024bad1abb54f597225e4ab9b39d89,2026-10-09T17:20:17Z
nfl,NE,LV,2026-10-11T17:00:00Z,Cody White,receptions,espnbet,Under,1.5,110,6b024bad1abb54f597225e4ab9b39d89,2026-10-09T17:20:17Z
nfl,NE,LV,2026-10-11T17:00:00Z,Drake Maye,rush_att,espnbet,Over,6.5,160,6b024bad1abb54f597225e4ab9b39d89,2026-10-09T17:20:17Z
nfl,NE,LV,2026-10-11T17:00:00Z,Drake Maye,rush_att,espnbet,Under,6.5,-220,6b024bad1abb54f597225e4ab9b39d89,2026-10-09T17:20:17Z
nfl,NE,LV,2026-10-11T17:00:00Z,Drake Maye,rush_yds,espnbet,Over,31.5,-125,6b024bad1abb54f597225e4ab9b39d89,2026-10-09T17:20:17Z
nfl,NE,LV,2026-10-11T17:00:00Z,Drake Maye,rush_yds,espnbet,Under,31.5,-105,6b024bad1abb54f597225e4ab9b39d89,2026-10-09T17:20:17Z
nfl,NE,LV,2026-10-11T17:00:00Z,Kirk Cousins,rush_yds,espnbet,Over,0.5,-105,6b024bad1abb54f597225e4ab9b39d89,2026-10-09T17:20:17Z
nfl,NE,LV,2026-10-11T17:00:00Z,Kirk Cousins,rush_yds,espnbet,Under,0.5,-125,6b024bad1abb54f597225e4ab9b39d89,2026-10-09T17:20:17Z
nfl,NO,MIN,2026-10-11T17:00:00Z,Aaron Jones,anytime_td,draftkings,Yes,,-130,2cda9bf0fbe35a2735f0dd8aaafe9eff,2026-10-09T17:20:07Z
nfl,NO,MIN,2026-10-11T17:00:00Z,Alvin Kamara,anytime_td,draftkings,Yes,,150,2cda9bf0fbe35a2735f0dd8aaafe9eff,2026-10-09T17:20:07Z
nfl,NO,MIN,2026-10-11T17:00:00Z,Justin Jefferson,anytime_td,draftkings,Yes,,170,2cda9bf0fbe35a2735f0dd8aaafe9eff,2026-10-09T17:20:07Z
nfl,NO,MIN,2026-10-11T17:00:00Z,Chris Olave,anytime_td,draftkings,Yes,,200,2cda9bf0fbe35a2735f0dd8aaafe9eff,2026-10-09T17:20:07Z
nfl,NO,MIN,2026-10-11T17:00:00Z,Jordan Addison,anytime_td,draftkings,Yes,,230,2cda9bf0fbe35a2735f0dd8aaafe9eff,2026-10-09T17:20:07Z
nfl,NO,MIN,2026-10-11T17:00:00Z,T.J. Hockenson,anytime_td,draftkings,Yes,,275,2cda9bf0fbe35a2735f0dd8aaafe9eff,2026-10-09T17:20:07Z
nfl,NO,MIN,2026-10-11T17:00:00Z,Juwan Johnson,anytime_td,draftkings,Yes,,300,2cda9bf0fbe35a2735f0dd8aaafe9eff,2026-10-09T17:20:07Z
nfl,NO,MIN,2026-10-11T17:00:00Z,Devaughn Vele,anytime_td,draftkings,Yes,,310,2cda9bf0fbe35a2735f0dd8aaafe9eff,2026-10-09T17:20:07Z
nfl,NO,MIN,2026-10-11T17:00:00Z,Kendre Miller,anytime_td,draftkings,Yes,,320,2cda9bf0fbe35a2735f0dd8aaafe9eff,2026-10-09T17:20:07Z
nfl,NO,MIN,2026-10-11T17:00:00Z,Tyler Shough,anytime_td,draftkings,Yes,,330,2cda9bf0fbe35a2735f0dd8aaafe9eff,2026-10-09T17:20:07Z
nfl,NO,MIN,2026-10-11T17:00:00Z,Kyler Murray,anytime_td,draftkings,Yes,,475,2cda9bf0fbe35a2735f0dd8aaafe9eff,2026-10-09T17:20:07Z
nfl,NO,MIN,2026-10-11T17:00:00Z,Minnesota Vikings D/ST,anytime_td,draftkings,Yes,,550,2cda9bf0fbe35a2735f0dd8aaafe9eff,2026-10-09T17:20:07Z
nfl,NO,MIN,2026-10-11T17:00:00Z,Jauan Jennings,anytime_td,draftkings,Yes,,600,2cda9bf0fbe35a2735f0dd8aaafe9eff,2026-10-09T17:20:07Z
nfl,NO,MIN,2026-10-11T17:00:00Z,New Orleans Saints D/ST,anytime_td,draftkings,Yes,,600,2cda9bf0fbe35a2735f0dd8aaafe9eff,2026-10-09T17:20:07Z
nfl,NO,MIN,2026-10-11T17:00:00Z,CJ Donaldson,anytime_td,draftkings,Yes,,650,2cda9bf0fbe35a2735f0dd8aaafe9eff,2026-10-09T17:20:07Z
nfl,NO,MIN,2026-10-11T17:00:00Z,Noah Fant,anytime_td,draftkings,Yes,,650,2cda9bf0fbe35a2735f0dd8aaafe9eff,2026-10-09T17:20:07Z
nfl,NO,MIN,2026-10-11T17:00:00Z,Bryce Lance,anytime_td,draftkings,Yes,,700,2cda9bf0fbe35a2735f0dd8aaafe9eff,2026-10-09T17:20:07Z
nfl,NO,MIN,2026-10-11T17:00:00Z,Oscar Delp,anytime_td,draftkings,Yes,,950,2cda9bf0fbe35a2735f0dd8aaafe9eff,2026-10-09T17:20:07Z
nfl,NO,MIN,2026-10-11T17:00:00Z,Demond Claiborne,anytime_td,draftkings,Yes,,1100,2cda9bf0fbe35a2735f0dd8aaafe9eff,2026-10-09T17:20:07Z
nfl,NO,MIN,2026-10-11T17:00:00Z,DeeJay Dallas,anytime_td,draftkings,Yes,,1200,2cda9bf0fbe35a2735f0dd8aaafe9eff,2026-10-09T17:20:07Z
nfl,NO,MIN,2026-10-11T17:00:00Z,Tai Felton,anytime_td,draftkings,Yes,,1300,2cda9bf0fbe35a2735f0dd8aaafe9eff,2026-10-09T17:20:07Z
nfl,NO,MIN,2026-10-11T17:00:00Z,Myles Price,anytime_td,draftkings,Yes,,1300,2cda9bf0fbe35a2735f0dd8aaafe9eff,2026-10-09T17:20:07Z
nfl,NO,MIN,2026-10-11T17:00:00Z,Gavin Bartholomew,anytime_td,draftkings,Yes,,1500,2cda9bf0fbe35a2735f0dd8aaafe9eff,2026-10-09T17:20:07Z
nfl,NO,MIN,2026-10-11T17:00:00Z,Barion Brown,anytime_td,draftkings,Yes,,1600,2cda9bf0fbe35a2735f0dd8aaafe9eff,2026-10-09T17:20:07Z
nfl,NO,MIN,2026-10-11T17:00:00Z,Kevin Austin,anytime_td,draftkings,Yes,,2200,2cda9bf0fbe35a2735f0dd8aaafe9eff,2026-10-09T17:20:07Z
nfl,NO,MIN,2026-10-11T17:00:00Z,Treyton Welch,anytime_td,draftkings,Yes,,2500,2cda9bf0fbe35a2735f0dd8aaafe9eff,2026-10-09T17:20:07Z
nfl,NO,MIN,2026-10-11T17:00:00Z,Tyler Shough,pass_att,draftkings,Over,36.5,-111,2cda9bf0fbe35a2735f0dd8aaafe9eff,2026-10-09T17:20:07Z
nfl,NO,MIN,2026-10-11T17:00:00Z,Tyler Shough,pass_att,draftkings,Under,36.5,-115,2cda9bf0fbe35a2735f0dd8aaafe9eff,2026-10-09T17:20:07Z
nfl,NO,MIN,2026-10-11T17:00:00Z,Kyler Murray,pass_att,draftkings,Over,31.5,-118,2cda9bf0fbe35a2735f0dd8aaafe9eff,2026-10-09T17:20:07Z
nfl,NO,MIN,2026-10-11T17:00:00Z,Kyler Murray,pass_att,draftkings,Under,31.5,-108,2cda9bf0fbe35a2735f0dd8aaafe9eff,2026-10-09T17:20:07Z
nfl,NO,MIN,2026-10-11T17:00:00Z,Tyler Shough,completions,draftkings,Over,22.5,-128,2cda9bf0fbe35a2735f0dd8aaafe9eff,2026-10-09T17:20:07Z
nfl,NO,MIN,2026-10-11T17:00:00Z,Tyler Shough,completions,draftkings,Under,22.5,100,2cda9bf0fbe35a2735f0dd8aaafe9eff,2026-10-09T17:20:07Z
nfl,NO,MIN,2026-10-11T17:00:00Z,Kyler Murray,completions,draftkings,Over,20.5,-126,2cda9bf0fbe35a2735f0dd8aaafe9eff,2026-10-09T17:20:07Z
nfl,NO,MIN,2026-10-11T17:00:00Z,Kyler Murray,completions,draftkings,Under,20.5,-101,2cda9bf0fbe35a2735f0dd8aaafe9eff,2026-10-09T17:20:07Z
nfl,NO,MIN,2026-10-11T17:00:00Z,Kyler Murray,pass_td,draftkings,Over,1.5,151,2cda9bf0fbe35a2735f0dd8aaafe9eff,2026-10-09T17:20:07Z
nfl,NO,MIN,2026-10-11T17:00:00Z,Kyler Murray,pass_td,draftkings,Under,1.5,-194,2cda9bf0fbe35a2735f0dd8aaafe9eff,2026-10-09T17:20:07Z
nfl,NO,MIN,2026-10-11T17:00:00Z,Tyler Shough,pass_td,draftkings,Over,1.5,154,2cda9bf0fbe35a2735f0dd8aaafe9eff,2026-10-09T17:20:07Z
nfl,NO,MIN,2026-10-11T17:00:00Z,Tyler Shough,pass_td,draftkings,Under,1.5,-198,2cda9bf0fbe35a2735f0dd8aaafe9eff,2026-10-09T17:20:07Z
nfl,NO,MIN,2026-10-11T17:00:00Z,Tyler Shough,pass_yds,draftkings,Over,235.5,-113,2cda9bf0fbe35a2735f0dd8aaafe9eff,2026-10-09T17:20:07Z
nfl,NO,MIN,2026-10-11T17:00:00Z,Tyler Shough,pass_yds,draftkings,Under,235.5,-111,2cda9bf0fbe35a2735f0dd8aaafe9eff,2026-10-09T17:20:07Z
nfl,NO,MIN,2026-10-11T17:00:00Z,Kyler Murray,pass_yds,draftkings,Over,215.5,-113,2cda9bf0fbe35a2735f0dd8aaafe9eff,2026-10-09T17:20:07Z
nfl,NO,MIN,2026-10-11T17:00:00Z,Kyler Murray,pass_yds,draftkings,Under,215.5,-111,2cda9bf0fbe35a2735f0dd8aaafe9eff,2026-10-09T17:20:07Z
nfl,NO,MIN,2026-10-11T17:00:00Z,Chris Olave,rec_yds,draftkings,Over,81.5,-110,2cda9bf0fbe35a2735f0dd8aaafe9eff,2026-10-09T17:20:07Z
nfl,NO,MIN,2026-10-11T17:00:00Z,Chris Olave,rec_yds,draftkings,Under,81.5,-114,2cda9bf0fbe35a2735f0dd8aaafe9eff,2026-10-09T17:20:07Z
nfl,NO,MIN,2026-10-11T17:00:00Z,Juwan Johnson,rec_yds,draftkings,Over,42.5,-113,2cda9bf0fbe35a2735f0dd8aaafe9eff,2026-10-09T17:20:07Z
nfl,NO,MIN,2026-10-11T17:00:00Z,Juwan Johnson,rec_yds,draftkings,Under,42.5,-111,2cda9bf0fbe35a2735f0dd8aaafe9eff,2026-10-09T17:20:07Z
nfl,NO,MIN,2026-10-11T17:00:00Z,Devaughn Vele,rec_yds,draftkings,Over,40.5,-113,2cda9bf0fbe35a2735f0dd8aaafe9eff,2026-10-09T17:20:07Z
nfl,NO,MIN,2026-10-11T17:00:00Z,Devaughn Vele,rec_yds,draftkings,Under,40.5,-111,2cda9bf0fbe35a2735f0dd8aaafe9eff,2026-10-09T17:20:07Z
nfl,NO,MIN,2026-10-11T17:00:00Z,T.J. Hockenson,rec_yds,draftkings,Over,40.5,-109,2cda9bf0fbe35a2735f0dd8aaafe9eff,2026-10-09T17:20:07Z
nfl,NO,MIN,2026-10-11T17:00:00Z,T.J. Hockenson,rec_yds,draftkings,Under,40.5,-115,2cda9bf0fbe35a2735f0dd8aaafe9eff,2026-10-09T17:20:07Z
nfl,NO,MIN,2026-10-11T17:00:00Z,Aaron Jones,rec_yds,draftkings,Over,17.5,-116,2cda9bf0fbe35a2735f0dd8aaafe9eff,2026-10-09T17:20:07Z
nfl,NO,MIN,2026-10-11T17:00:00Z,Aaron Jones,rec_yds,draftkings,Under,17.5,-109,2cda9bf0fbe35a2735f0dd8aaafe9eff,2026-10-09T17:20:07Z
nfl,NO,MIN,2026-10-11T17:00:00Z,Alvin Kamara,rec_yds,draftkings,Over,14.5,-116,2cda9bf0fbe35a2735f0dd8aaafe9eff,2026-10-09T17:20:07Z
nfl,NO,MIN,2026-10-11T17:00:00Z,Alvin Kamara,rec_yds,draftkings,Under,14.5,-108,2cda9bf0fbe35a2735f0dd8aaafe9eff,2026-10-09T17:20:07Z
nfl,NO,MIN,2026-10-11T17:00:00Z,Chris Olave,receptions,draftkings,Over,6.5,-114,2cda9bf0fbe35a2735f0dd8aaafe9eff,2026-10-09T17:20:07Z
nfl,NO,MIN,2026-10-11T17:00:00Z,Chris Olave,receptions,draftkings,Under,6.5,-111,2cda9bf0fbe35a2735f0dd8aaafe9eff,2026-10-09T17:20:07Z
nfl,NO,MIN,2026-10-11T17:00:00Z,T.J. Hockenson,receptions,draftkings,Over,4.5,-103,2cda9bf0fbe35a2735f0dd8aaafe9eff,2026-10-09T17:20:07Z
nfl,NO,MIN,2026-10-11T17:00:00Z,T.J. Hockenson,receptions,draftkings,Under,4.5,-124,2cda9bf0fbe35a2735f0dd8aaafe9eff,2026-10-09T17:20:07Z
nfl,NO,MIN,2026-10-11T17:00:00Z,Juwan Johnson,receptions,draftkings,Over,4.5,109,2cda9bf0fbe35a2735f0dd8aaafe9eff,2026-10-09T17:20:07Z
nfl,NO,MIN,2026-10-11T17:00:00Z,Juwan Johnson,receptions,draftkings,Under,4.5,-139,2cda9bf0fbe35a2735f0dd8aaafe9eff,2026-10-09T17:20:07Z
nfl,NO,MIN,2026-10-11T17:00:00Z,Devaughn Vele,receptions,draftkings,Over,3.5,-161,2cda9bf0fbe35a2735f0dd8aaafe9eff,2026-10-09T17:20:07Z
nfl,NO,MIN,2026-10-11T17:00:00Z,Devaughn Vele,receptions,draftkings,Under,3.5,126,2cda9bf0fbe35a2735f0dd8aaafe9eff,2026-10-09T17:20:07Z
nfl,NO,MIN,2026-10-11T17:00:00Z,Alvin Kamara,receptions,draftkings,Over,3.5,-101,2cda9bf0fbe35a2735f0dd8aaafe9eff,2026-10-09T17:20:07Z
nfl,NO,MIN,2026-10-11T17:00:00Z,Alvin Kamara,receptions,draftkings,Under,3.5,-126,2cda9bf0fbe35a2735f0dd8aaafe9eff,2026-10-09T17:20:07Z
nfl,NO,MIN,2026-10-11T17:00:00Z,Aaron Jones,receptions,draftkings,Over,3.5,122,2cda9bf0fbe35a2735f0dd8aaafe9eff,2026-10-09T17:20:07Z
nfl,NO,MIN,2026-10-11T17:00:00Z,Aaron Jones,receptions,draftkings,Under,3.5,-157,2cda9bf0fbe35a2735f0dd8aaafe9eff,2026-10-09T17:20:07Z
nfl,NO,MIN,2026-10-11T17:00:00Z,Aaron Jones,rush_att,draftkings,Over,17.5,100,2cda9bf0fbe35a2735f0dd8aaafe9eff,2026-10-09T17:20:07Z
nfl,NO,MIN,2026-10-11T17:00:00Z,Aaron Jones,rush_att,draftkings,Under,17.5,-128,2cda9bf0fbe35a2735f0dd8aaafe9eff,2026-10-09T17:20:07Z
nfl,NO,MIN,2026-10-11T17:00:00Z,Alvin Kamara,rush_att,draftkings,Over,10.5,-108,2cda9bf0fbe35a2735f0dd8aaafe9eff,2026-10-09T17:20:07Z
nfl,NO,MIN,2026-10-11T17:00:00Z,Alvin Kamara,rush_att,draftkings,Under,10.5,-118,2cda9bf0fbe35a2735f0dd8aaafe9eff,2026-10-09T17:20:07Z
nfl,NO,MIN,2026-10-11T17:00:00Z,Kendre Miller,rush_att,draftkings,Over,6.5,-124,2cda9bf0fbe35a2735f0dd8aaafe9eff,2026-10-09T17:20:07Z
nfl,NO,MIN,2026-10-11T17:00:00Z,Kendre Miller,rush_att,draftkings,Under,6.5,-103,2cda9bf0fbe35a2735f0dd8aaafe9eff,2026-10-09T17:20:07Z
nfl,NO,MIN,2026-10-11T17:00:00Z,Aaron Jones,rush_yds,draftkings,Over,73.5,-114,2cda9bf0fbe35a2735f0dd8aaafe9eff,2026-10-09T17:20:07Z
nfl,NO,MIN,2026-10-11T17:00:00Z,Aaron Jones,rush_yds,draftkings,Under,73.5,-110,2cda9bf0fbe35a2735f0dd8aaafe9eff,2026-10-09T17:20:07Z
nfl,NO,MIN,2026-10-11T17:00:00Z,Alvin Kamara,rush_yds,draftkings,Over,33.5,-115,2cda9bf0fbe35a2735f0dd8aaafe9eff,2026-10-09T17:20:07Z
nfl,NO,MIN,2026-10-11T17:00:00Z,Alvin Kamara,rush_yds,draftkings,Under,33.5,-109,2cda9bf0fbe35a2735f0dd8aaafe9eff,2026-10-09T17:20:07Z
nfl,NO,MIN,2026-10-11T17:00:00Z,Kendre Miller,rush_yds,draftkings,Over,21.5,-114,2cda9bf0fbe35a2735f0dd8aaafe9eff,2026-10-09T17:20:07Z
nfl,NO,MIN,2026-10-11T17:00:00Z,Kendre Miller,rush_yds,draftkings,Under,21.5,-110,2cda9bf0fbe35a2735f0dd8aaafe9eff,2026-10-09T17:20:07Z
nfl,NO,MIN,2026-10-11T17:00:00Z,Kyler Murray,rush_yds,draftkings,Over,17.5,-116,2cda9bf0fbe35a2735f0dd8aaafe9eff,2026-10-09T17:20:07Z
nfl,NO,MIN,2026-10-11T17:00:00Z,Kyler Murray,rush_yds,draftkings,Under,17.5,-108,2cda9bf0fbe35a2735f0dd8aaafe9eff,2026-10-09T17:20:07Z
nfl,NO,MIN,2026-10-11T17:00:00Z,Tyler Shough,rush_yds,draftkings,Over,8.5,-118,2cda9bf0fbe35a2735f0dd8aaafe9eff,2026-10-09T17:20:07Z
nfl,NO,MIN,2026-10-11T17:00:00Z,Tyler Shough,rush_yds,draftkings,Under,8.5,-106,2cda9bf0fbe35a2735f0dd8aaafe9eff,2026-10-09T17:20:07Z
nfl,NO,MIN,2026-10-11T17:00:00Z,Aaron Jones,anytime_td,fanduel,Yes,,-120,2cda9bf0fbe35a2735f0dd8aaafe9eff,2026-10-09T17:20:02Z
nfl,NO,MIN,2026-10-11T17:00:00Z,Alvin Kamara,anytime_td,fanduel,Yes,,165,2cda9bf0fbe35a2735f0dd8aaafe9eff,2026-10-09T17:20:02Z
nfl,NO,MIN,2026-10-11T17:00:00Z,Justin Jefferson,anytime_td,fanduel,Yes,,160,2cda9bf0fbe35a2735f0dd8aaafe9eff,2026-10-09T17:20:02Z
nfl,NO,MIN,2026-10-11T17:00:00Z,Chris Olave,anytime_td,fanduel,Yes,,195,2cda9bf0fbe35a2735f0dd8aaafe9eff,2026-10-09T17:20:02Z
nfl,NO,MIN,2026-10-11T17:00:00Z,Jordan Addison,anytime_td,fanduel,Yes,,220,2cda9bf0fbe35a2735f0dd8aaafe9eff,2026-10-09T17:20:02Z
nfl,NO,MIN,2026-10-11T17:00:00Z,T.J. Hockenson,anytime_td,fanduel,Yes,,300,2cda9bf0fbe35a2735f0dd8aaafe9eff,2026-10-09T17:20:02Z
nfl,NO,MIN,2026-10-11T17:00:00Z,Juwan Johnson,anytime_td,fanduel,Yes,,310,2cda9bf0fbe35a2735f0dd8aaafe9eff,2026-10-09T17:20:02Z
nfl,NO,MIN,2026-10-11T17:00:00Z,Tyler Shough,anytime_td,fanduel,Yes,,330,2cda9bf0fbe35a2735f0dd8aaafe9eff,2026-10-09T17:20:02Z
nfl,NO,MIN,2026-10-11T17:00:00Z,Devaughn Vele,anytime_td,fanduel,Yes,,330,2cda9bf0fbe35a2735f0dd8aaafe9eff,2026-10-09T17:20:02Z
nfl,NO,MIN,2026-10-11T17:00:00Z,Kendre Miller,anytime_td,fanduel,Yes,,390,2cda9bf0fbe35a2735f0dd8aaafe9eff,2026-10-09T17:20:02Z
nfl,NO,MIN,2026-10-11T17:00:00Z,Kyler Murray,anytime_td,fanduel,Yes,,480,2cda9bf0fbe35a2735f0dd8aaafe9eff,2026-10-09T17:20:02Z
nfl,NO,MIN,2026-10-11T17:00:00Z,Jauan Jennings,anytime_td,fanduel,Yes,,550,2cda9bf0fbe35a2735f0dd8aaafe9eff,2026-10-09T17:20:02Z
nfl,NO,MIN,2026-10-11T17:00:00Z,Noah Fant,anytime_td,fanduel,Yes,,600,2cda9bf0fbe35a2735f0dd8aaafe9eff,2026-10-09T17:20:02Z
nfl,NO,MIN,2026-10-11T17:00:00Z,Oscar Delp,anytime_td,fanduel,Yes,,600,2cda9bf0fbe35a2735f0dd8aaafe9eff,2026-10-09T17:20:02Z
nfl,NO,MIN,2026-10-11T17:00:00Z,Minnesota Vikings Defense,anytime_td,fanduel,Yes,,750,2cda9bf0fbe35a2735f0dd8aaafe9eff,2026-10-09T17:20:02Z
nfl,NO,MIN,2026-10-11T17:00:00Z,Bryce Lance,anytime_td,fanduel,Yes,,750,2cda9bf0fbe35a2735f0dd8aaafe9eff,2026-10-09T17:20:02Z
nfl,NO,MIN,2026-10-11T17:00:00Z,CJ Donaldson,anytime_td,fanduel,Yes,,900,2cda9bf0fbe35a2735f0dd8aaafe9eff,2026-10-09T17:20:02Z
nfl,NO,MIN,2026-10-11T17:00:00Z,New Orleans Saints Defense,anytime_td,fanduel,Yes,,1000,2cda9bf0fbe35a2735f0dd8aaafe9eff,2026-10-09T17:20:02Z
nfl,NO,MIN,2026-10-11T17:00:00Z,DeeJay Dallas,anytime_td,fanduel,Yes,,1300,2cda9bf0fbe35a2735f0dd8aaafe9eff,2026-10-09T17:20:02Z
nfl,NO,MIN,2026-10-11T17:00:00Z,Demond Claiborne,anytime_td,fanduel,Yes,,1300,2cda9bf0fbe35a2735f0dd8aaafe9eff,2026-10-09T17:20:02Z
nfl,NO,MIN,2026-10-11T17:00:00Z,Barion Brown,anytime_td,fanduel,Yes,,1300,2cda9bf0fbe35a2735f0dd8aaafe9eff,2026-10-09T17:20:02Z
nfl,NO,MIN,2026-10-11T17:00:00Z,Gavin Bartholomew,anytime_td,fanduel,Yes,,1400,2cda9bf0fbe35a2735f0dd8aaafe9eff,2026-10-09T17:20:02Z
nfl,NO,MIN,2026-10-11T17:00:00Z,Myles Price,anytime_td,fanduel,Yes,,1600,2cda9bf0fbe35a2735f0dd8aaafe9eff,2026-10-09T17:20:02Z
nfl,NO,MIN,2026-10-11T17:00:00Z,Tai Felton,anytime_td,fanduel,Yes,,1600,2cda9bf0fbe35a2735f0dd8aaafe9eff,2026-10-09T17:20:02Z
nfl,NO,MIN,2026-10-11T17:00:00Z,Kevin Austin,anytime_td,fanduel,Yes,,2200,2cda9bf0fbe35a2735f0dd8aaafe9eff,2026-10-09T17:20:02Z
nfl,NO,MIN,2026-10-11T17:00:00Z,Treyton Welch,anytime_td,fanduel,Yes,,2200,2cda9bf0fbe35a2735f0dd8aaafe9eff,2026-10-09T17:20:02Z
nfl,NO,MIN,2026-10-11T17:00:00Z,Tyler Shough,pass_td,fanduel,Over,1.5,154,2cda9bf0fbe35a2735f0dd8aaafe9eff,2026-10-09T17:20:02Z
nfl,NO,MIN,2026-10-11T17:00:00Z,Tyler Shough,pass_td,fanduel,Under,1.5,-210,2cda9bf0fbe35a2735f0dd8aaafe9eff,2026-10-09T17:20:02Z
nfl,NO,MIN,2026-10-11T17:00:00Z,Kyler Murray,pass_td,fanduel,Over,1.5,132,2cda9bf0fbe35a2735f0dd8aaafe9eff,2026-10-09T17:20:02Z
nfl,NO,MIN,2026-10-11T17:00:00Z,Kyler Murray,pass_td,fanduel,Under,1.5,-178,2cda9bf0fbe35a2735f0dd8aaafe9eff,2026-10-09T17:20:02Z
nfl,NO,MIN,2026-10-11T17:00:00Z,Kyler Murray,pass_yds,fanduel,Over,212.5,-114,2cda9bf0fbe35a2735f0dd8aaafe9eff,2026-10-09T17:20:02Z
nfl,NO,MIN,2026-10-11T17:00:00Z,Kyler Murray,pass_yds,fanduel,Under,212.5,-114,2cda9bf0fbe35a2735f0dd8aaafe9eff,2026-10-09T17:20:02Z
nfl,NO,MIN,2026-10-11T17:00:00Z,Tyler Shough,pass_yds,fanduel,Over,237.5,-114,2cda9bf0fbe35a2735f0dd8aaafe9eff,2026-10-09T17:20:02Z
nfl,NO,MIN,2026-10-11T17:00:00Z,Tyler Shough,pass_yds,fanduel,Under,237.5,-114,2cda9bf0fbe35a2735f0dd8aaafe9eff,2026-10-09T17:20:02Z
nfl,NO,MIN,2026-10-11T17:00:00Z,Devaughn Vele,rec_yds,fanduel,Over,40.5,-114,2cda9bf0fbe35a2735f0dd8aaafe9eff,2026-10-09T17:20:02Z
nfl,NO,MIN,2026-10-11T17:00:00Z,Devaughn Vele,rec_yds,fanduel,Under,40.5,-114,2cda9bf0fbe35a2735f0dd8aaafe9eff,2026-10-09T17:20:02Z
nfl,NO,MIN,2026-10-11T17:00:00Z,Juwan Johnson,rec_yds,fanduel,Over,42.5,-114,2cda9bf0fbe35a2735f0dd8aaafe9eff,2026-10-09T17:20:02Z
nfl,NO,MIN,2026-10-11T17:00:00Z,Juwan Johnson,rec_yds,fanduel,Under,42.5,-114,2cda9bf0fbe35a2735f0dd8aaafe9eff,2026-10-09T17:20:02Z
nfl,NO,MIN,2026-10-11T17:00:00Z,Alvin Kamara,rec_yds,fanduel,Over,13.5,-114,2cda9bf0fbe35a2735f0dd8aaafe9eff,2026-10-09T17:20:02Z
nfl,NO,MIN,2026-10-11T17:00:00Z,Alvin Kamara,rec_yds,fanduel,Under,13.5,-114,2cda9bf0fbe35a2735f0dd8aaafe9eff,2026-10-09T17:20:02Z
nfl,NO,MIN,2026-10-11T17:00:00Z,T.J. Hockenson,rec_yds,fanduel,Over,38.5,-114,2cda9bf0fbe35a2735f0dd8aaafe9eff,2026-10-09T17:20:02Z
nfl,NO,MIN,2026-10-11T17:00:00Z,T.J. Hockenson,rec_yds,fanduel,Under,38.5,-114,2cda9bf0fbe35a2735f0dd8aaafe9eff,2026-10-09T17:20:02Z
nfl,NO,MIN,2026-10-11T17:00:00Z,Aaron Jones,rec_yds,fanduel,Over,18.5,-114,2cda9bf0fbe35a2735f0dd8aaafe9eff,2026-10-09T17:20:02Z
nfl,NO,MIN,2026-10-11T17:00:00Z,Aaron Jones,rec_yds,fanduel,Under,18.5,-114,2cda9bf0fbe35a2735f0dd8aaafe9eff,2026-10-09T17:20:02Z
nfl,NO,MIN,2026-10-11T17:00:00Z,Chris Olave,rec_yds,fanduel,Over,81.5,-114,2cda9bf0fbe35a2735f0dd8aaafe9eff,2026-10-09T17:20:02Z
nfl,NO,MIN,2026-10-11T17:00:00Z,Chris Olave,rec_yds,fanduel,Under,81.5,-114,2cda9bf0fbe35a2735f0dd8aaafe9eff,2026-10-09T17:20:02Z
nfl,NO,MIN,2026-10-11T17:00:00Z,Chris Olave,receptions,fanduel,Over,6.5,-112,2cda9bf0fbe35a2735f0dd8aaafe9eff,2026-10-09T17:20:02Z
nfl,NO,MIN,2026-10-11T17:00:00Z,Chris Olave,receptions,fanduel,Under,6.5,-118,2cda9bf0fbe35a2735f0dd8aaafe9eff,2026-10-09T17:20:02Z
nfl,NO,MIN,2026-10-11T17:00:00Z,T.J. Hockenson,receptions,fanduel,Over,4.5,-106,2cda9bf0fbe35a2735f0dd8aaafe9eff,2026-10-09T17:20:02Z
nfl,NO,MIN,2026-10-11T17:00:00Z,T.J. Hockenson,receptions,fanduel,Under,4.5,-125,2cda9bf0fbe35a2735f0dd8aaafe9eff,2026-10-09T17:20:02Z
nfl,NO,MIN,2026-10-11T17:00:00Z,Juwan Johnson,receptions,fanduel,Over,4.5,106,2cda9bf0fbe35a2735f0dd8aaafe9eff,2026-10-09T17:20:02Z
nfl,NO,MIN,2026-10-11T17:00:00Z,Juwan Johnson,receptions,fanduel,Under,4.5,-140,2cda9bf0fbe35a2735f0dd8aaafe9eff,2026-10-09T17:20:02Z
nfl,NO,MIN,2026-10-11T17:00:00Z,Aaron Jones,receptions,fanduel,Over,2.5,-152,2cda9bf0fbe35a2735f0dd8aaafe9eff,2026-10-09T17:20:02Z
nfl,NO,MIN,2026-10-11T17:00:00Z,Aaron Jones,receptions,fanduel,Under,2.5,114,2cda9bf0fbe35a2735f0dd8aaafe9eff,2026-10-09T17:20:02Z
nfl,NO,MIN,2026-10-11T17:00:00Z,Devaughn Vele,receptions,fanduel,Over,3.5,-162,2cda9bf0fbe35a2735f0dd8aaafe9eff,2026-10-09T17:20:02Z
nfl,NO,MIN,2026-10-11T17:00:00Z,Devaughn Vele,receptions,fanduel,Under,3.5,122,2cda9bf0fbe35a2735f0dd8aaafe9eff,2026-10-09T17:20:02Z
nfl,NO,MIN,2026-10-11T17:00:00Z,Alvin Kamara,receptions,fanduel,Over,3.5,-108,2cda9bf0fbe35a2735f0dd8aaafe9eff,2026-10-09T17:20:02Z
nfl,NO,MIN,2026-10-11T17:00:00Z,Alvin Kamara,receptions,fanduel,Under,3.5,-122,2cda9bf0fbe35a2735f0dd8aaafe9eff,2026-10-09T17:20:02Z
nfl,NO,MIN,2026-10-11T17:00:00Z,Aaron Jones,rush_yds,fanduel,Over,72.5,-114,2cda9bf0fbe35a2735f0dd8aaafe9eff,2026-10-09T17:20:02Z
nfl,NO,MIN,2026-10-11T17:00:00Z,Aaron Jones,rush_yds,fanduel,Under,72.5,-114,2cda9bf0fbe35a2735f0dd8aaafe9eff,2026-10-09T17:20:02Z
nfl,NO,MIN,2026-10-11T17:00:00Z,Kyler Murray,rush_yds,fanduel,Over,17.5,-114,2cda9bf0fbe35a2735f0dd8aaafe9eff,2026-10-09T17:20:02Z
nfl,NO,MIN,2026-10-11T17:00:00Z,Kyler Murray,rush_yds,fanduel,Under,17.5,-114,2cda9bf0fbe35a2735f0dd8aaafe9eff,2026-10-09T17:20:02Z
nfl,NO,MIN,2026-10-11T17:00:00Z,Tyler Shough,rush_yds,fanduel,Over,8.5,-114,2cda9bf0fbe35a2735f0dd8aaafe9eff,2026-10-09T17:20:02Z
nfl,NO,MIN,2026-10-11T17:00:00Z,Tyler Shough,rush_yds,fanduel,Under,8.5,-114,2cda9bf0fbe35a2735f0dd8aaafe9eff,2026-10-09T17:20:02Z
nfl,NO,MIN,2026-10-11T17:00:00Z,Kendre Miller,rush_yds,fanduel,Over,21.5,-114,2cda9bf0fbe35a2735f0dd8aaafe9eff,2026-10-09T17:20:02Z
nfl,NO,MIN,2026-10-11T17:00:00Z,Kendre Miller,rush_yds,fanduel,Under,21.5,-114,2cda9bf0fbe35a2735f0dd8aaafe9eff,2026-10-09T17:20:02Z
nfl,NO,MIN,2026-10-11T17:00:00Z,Alvin Kamara,rush_yds,fanduel,Over,32.5,-114,2cda9bf0fbe35a2735f0dd8aaafe9eff,2026-10-09T17:20:02Z
nfl,NO,MIN,2026-10-11T17:00:00Z,Alvin Kamara,rush_yds,fanduel,Under,32.5,-114,2cda9bf0fbe35a2735f0dd8aaafe9eff,2026-10-09T17:20:02Z
nfl,NO,MIN,2026-10-11T17:00:00Z,Barion Brown,anytime_td,betrivers,Yes,,1900,2cda9bf0fbe35a2735f0dd8aaafe9eff,2026-10-09T17:20:16Z
nfl,NO,MIN,2026-10-11T17:00:00Z,Bryce Lance,anytime_td,betrivers,Yes,,850,2cda9bf0fbe35a2735f0dd8aaafe9eff,2026-10-09T17:20:16Z
nfl,NO,MIN,2026-10-11T17:00:00Z,Devaughn Vele,anytime_td,betrivers,Yes,,335,2cda9bf0fbe35a2735f0dd8aaafe9eff,2026-10-09T17:20:16Z
nfl,NO,MIN,2026-10-11T17:00:00Z,Juwan Johnson,anytime_td,betrivers,Yes,,310,2cda9bf0fbe35a2735f0dd8aaafe9eff,2026-10-09T17:20:16Z
nfl,NO,MIN,2026-10-11T17:00:00Z,Tyler Shough,anytime_td,betrivers,Yes,,330,2cda9bf0fbe35a2735f0dd8aaafe9eff,2026-10-09T17:20:16Z
nfl,NO,MIN,2026-10-11T17:00:00Z,CJ Donaldson,anytime_td,betrivers,Yes,,750,2cda9bf0fbe35a2735f0dd8aaafe9eff,2026-10-09T17:20:16Z
nfl,NO,MIN,2026-10-11T17:00:00Z,Oscar Delp,anytime_td,betrivers,Yes,,600,2cda9bf0fbe35a2735f0dd8aaafe9eff,2026-10-09T17:20:16Z
nfl,NO,MIN,2026-10-11T17:00:00Z,Kyler Murray,anytime_td,betrivers,Yes,,380,2cda9bf0fbe35a2735f0dd8aaafe9eff,2026-10-09T17:20:16Z
nfl,NO,MIN,2026-10-11T17:00:00Z,Gavin Bartholomew,anytime_td,betrivers,Yes,,1500,2cda9bf0fbe35a2735f0dd8aaafe9eff,2026-10-09T17:20:16Z
nfl,NO,MIN,2026-10-11T17:00:00Z,Noah Fant,anytime_td,betrivers,Yes,,600,2cda9bf0fbe35a2735f0dd8aaafe9eff,2026-10-09T17:20:16Z
nfl,NO,MIN,2026-10-11T17:00:00Z,Kevin Austin,anytime_td,betrivers,Yes,,2200,2cda9bf0fbe35a2735f0dd8aaafe9eff,2026-10-09T17:20:16Z
nfl,NO,MIN,2026-10-11T17:00:00Z,Treyton Welch,anytime_td,betrivers,Yes,,2000,2cda9bf0fbe35a2735f0dd8aaafe9eff,2026-10-09T17:20:16Z
nfl,NO,MIN,2026-10-11T17:00:00Z,Alvin Kamara,anytime_td,betrivers,Yes,,170,2cda9bf0fbe35a2735f0dd8aaafe9eff,2026-10-09T17:20:16Z
nfl,NO,MIN,2026-10-11T17:00:00Z,Chris Olave,anytime_td,betrivers,Yes,,175,2cda9bf0fbe35a2735f0dd8aaafe9eff,2026-10-09T17:20:16Z
nfl,NO,MIN,2026-10-11T17:00:00Z,Kendre Miller,anytime_td,betrivers,Yes,,165,2cda9bf0fbe35a2735f0dd8aaafe9eff,2026-10-09T17:20:16Z
nfl,NO,MIN,2026-10-11T17:00:00Z,T.J. Hockenson,anytime_td,betrivers,Yes,,235,2cda9bf0fbe35a2735f0dd8aaafe9eff,2026-10-09T17:20:16Z
nfl,NO,MIN,2026-10-11T17:00:00Z,Tai Felton,anytime_td,betrivers,Yes,,1100,2cda9bf0fbe35a2735f0dd8aaafe9eff,2026-10-09T17:20:16Z
nfl,NO,MIN,2026-10-11T17:00:00Z,Jauan Jennings,anytime_td,betrivers,Yes,,450,2cda9bf0fbe35a2735f0dd8aaafe9eff,2026-10-09T17:20:16Z
nfl,NO,MIN,2026-10-11T17:00:00Z,Myles Price,anytime_td,betrivers,Yes,,1100,2cda9bf0fbe35a2735f0dd8aaafe9eff,2026-10-09T17:20:16Z
nfl,NO,MIN,2026-10-11T17:00:00Z,Demond Claiborne,anytime_td,betrivers,Yes,,850,2cda9bf0fbe35a2735f0dd8aaafe9eff,2026-10-09T17:20:16Z
nfl,NO,MIN,2026-10-11T17:00:00Z,Justin Jefferson,anytime_td,betrivers,Yes,,175,2cda9bf0fbe35a2735f0dd8aaafe9eff,2026-10-09T17:20:16Z
nfl,NO,MIN,2026-10-11T17:00:00Z,Jordan Addison,anytime_td,betrivers,Yes,,235,2cda9bf0fbe35a2735f0dd8aaafe9eff,2026-10-09T17:20:16Z
nfl,NO,MIN,2026-10-11T17:00:00Z,Max Bredeson,anytime_td,betrivers,Yes,,1500,2cda9bf0fbe35a2735f0dd8aaafe9eff,2026-10-09T17:20:16Z
nfl,NO,MIN,2026-10-11T17:00:00Z,DeeJay Dallas,anytime_td,betrivers,Yes,,950,2cda9bf0fbe35a2735f0dd8aaafe9eff,2026-10-09T17:20:16Z
nfl,NO,MIN,2026-10-11T17:00:00Z,Aaron Jones,anytime_td,betrivers,Yes,,-157,2cda9bf0fbe35a2735f0dd8aaafe9eff,2026-10-09T17:20:16Z
nfl,NO,MIN,2026-10-11T17:00:00Z,Tyler Shough,completions,betrivers,Over,23.5,100,2cda9bf0fbe35a2735f0dd8aaafe9eff,2026-10-09T17:20:16Z
nfl,NO,MIN,2026-10-11T17:00:00Z,Kyler Murray,completions,betrivers,Over,20.5,-134,2cda9bf0fbe35a2735f0dd8aaafe9eff,2026-10-09T17:20:16Z
nfl,NO,MIN,2026-10-11T17:00:00Z,Kyler Murray,pass_td,betrivers,Over,1.5,150,2cda9bf0fbe35a2735f0dd8aaafe9eff,2026-10-09T17:20:16Z
nfl,NO,MIN,2026-10-11T17:00:00Z,Kyler Murray,pass_td,betrivers,Under,1.5,-200,2cda9bf0fbe35a2735f0dd8aaafe9eff,2026-10-09T17:20:16Z
nfl,NO,MIN,2026-10-11T17:00:00Z,Tyler Shough,pass_td,betrivers,Over,1.5,155,2cda9bf0fbe35a2735f0dd8aaafe9eff,2026-10-09T17:20:16Z
nfl,NO,MIN,2026-10-11T17:00:00Z,Tyler Shough,pass_td,betrivers,Under,1.5,-210,2cda9bf0fbe35a2735f0dd8aaafe9eff,2026-10-09T17:20:16Z
nfl,NO,MIN,2026-10-11T17:00:00Z,Tyler Shough,pass_yds,betrivers,Over,235.5,-115,2cda9bf0fbe35a2735f0dd8aaafe9eff,2026-10-09T17:20:16Z
nfl,NO,MIN,2026-10-11T17:00:00Z,Tyler Shough,pass_yds,betrivers,Under,235.5,-114,2cda9bf0fbe35a2735f0dd8aaafe9eff,2026-10-09T17:20:16Z
nfl,NO,MIN,2026-10-11T17:00:00Z,Kyler Murray,pass_yds,betrivers,Over,212.5,-115,2cda9bf0fbe35a2735f0dd8aaafe9eff,2026-10-09T17:20:16Z
nfl,NO,MIN,2026-10-11T17:00:00Z,Kyler Murray,pass_yds,betrivers,Under,212.5,-115,2cda9bf0fbe35a2735f0dd8aaafe9eff,2026-10-09T17:20:16Z
nfl,NO,MIN,2026-10-11T17:00:00Z,T.J. Hockenson,rec_yds,betrivers,Over,37.5,-112,2cda9bf0fbe35a2735f0dd8aaafe9eff,2026-10-09T17:20:16Z
nfl,NO,MIN,2026-10-11T17:00:00Z,T.J. Hockenson,rec_yds,betrivers,Under,37.5,-120,2cda9bf0fbe35a2735f0dd8aaafe9eff,2026-10-09T17:20:16Z
nfl,NO,MIN,2026-10-11T17:00:00Z,Alvin Kamara,rec_yds,betrivers,Over,13.5,-110,2cda9bf0fbe35a2735f0dd8aaafe9eff,2026-10-09T17:20:16Z
nfl,NO,MIN,2026-10-11T17:00:00Z,Alvin Kamara,rec_yds,betrivers,Under,13.5,-121,2cda9bf0fbe35a2735f0dd8aaafe9eff,2026-10-09T17:20:16Z
nfl,NO,MIN,2026-10-11T17:00:00Z,Chris Olave,rec_yds,betrivers,Over,80.5,-117,2cda9bf0fbe35a2735f0dd8aaafe9eff,2026-10-09T17:20:16Z
nfl,NO,MIN,2026-10-11T17:00:00Z,Chris Olave,rec_yds,betrivers,Under,80.5,-114,2cda9bf0fbe35a2735f0dd8aaafe9eff,2026-10-09T17:20:16Z
nfl,NO,MIN,2026-10-11T17:00:00Z,T.J. Hockenson,rec_yds,betrivers,Over,36.5,-120,2cda9bf0fbe35a2735f0dd8aaafe9eff,2026-10-09T17:20:16Z
nfl,NO,MIN,2026-10-11T17:00:00Z,T.J. Hockenson,rec_yds,betrivers,Under,36.5,-112,2cda9bf0fbe35a2735f0dd8aaafe9eff,2026-10-09T17:20:16Z
nfl,NO,MIN,2026-10-11T17:00:00Z,Juwan Johnson,rec_yds,betrivers,Over,43.5,-113,2cda9bf0fbe35a2735f0dd8aaafe9eff,2026-10-09T17:20:16Z
nfl,NO,MIN,2026-10-11T17:00:00Z,Juwan Johnson,rec_yds,betrivers,Under,43.5,-118,2cda9bf0fbe35a2735f0dd8aaafe9eff,2026-10-09T17:20:16Z
nfl,NO,MIN,2026-10-11T17:00:00Z,Devaughn Vele,rec_yds,betrivers,Over,39.5,-118,2cda9bf0fbe35a2735f0dd8aaafe9eff,2026-10-09T17:20:16Z
nfl,NO,MIN,2026-10-11T17:00:00Z,Devaughn Vele,rec_yds,betrivers,Under,39.5,-113,2cda9bf0fbe35a2735f0dd8aaafe9eff,2026-10-09T17:20:16Z
nfl,NO,MIN,2026-10-11T17:00:00Z,Alvin Kamara,receptions,betrivers,Over,3.5,110,2cda9bf0fbe35a2735f0dd8aaafe9eff,2026-10-09T17:20:16Z
nfl,NO,MIN,2026-10-11T17:00:00Z,Juwan Johnson,receptions,betrivers,Over,4.5,120,2cda9bf0fbe35a2735f0dd8aaafe9eff,2026-10-09T17:20:16Z
nfl,NO,MIN,2026-10-11T17:00:00Z,Aaron Jones,receptions,betrivers,Over,3.5,123,2cda9bf0fbe35a2735f0dd8aaafe9eff,2026-10-09T17:20:16Z
nfl,NO,MIN,2026-10-11T17:00:00Z,Devaughn Vele,receptions,betrivers,Over,3.5,-148,2cda9bf0fbe35a2735f0dd8aaafe9eff,2026-10-09T17:20:16Z
nfl,NO,MIN,2026-10-11T17:00:00Z,Chris Olave,receptions,betrivers,Over,6.5,-115,2cda9bf0fbe35a2735f0dd8aaafe9eff,2026-10-09T17:20:16Z
nfl,NO,MIN,2026-10-11T17:00:00Z,T.J. Hockenson,receptions,betrivers,Over,4.5,-103,2cda9bf0fbe35a2735f0dd8aaafe9eff,2026-10-09T17:20:16Z
nfl,NO,MIN,2026-10-11T17:00:00Z,Kyler Murray,rush_yds,betrivers,Over,17.5,-114,2cda9bf0fbe35a2735f0dd8aaafe9eff,2026-10-09T17:20:16Z
nfl,NO,MIN,2026-10-11T17:00:00Z,Kyler Murray,rush_yds,betrivers,Under,17.5,-117,2cda9bf0fbe35a2735f0dd8aaafe9eff,2026-10-09T17:20:16Z
nfl,NO,MIN,2026-10-11T17:00:00Z,Alvin Kamara,rush_yds,betrivers,Over,33.5,-114,2cda9bf0fbe35a2735f0dd8aaafe9eff,2026-10-09T17:20:16Z
nfl,NO,MIN,2026-10-11T17:00:00Z,Alvin Kamara,rush_yds,betrivers,Under,33.5,-117,2cda9bf0fbe35a2735f0dd8aaafe9eff,2026-10-09T17:20:16Z
nfl,NO,MIN,2026-10-11T17:00:00Z,Kendre Miller,rush_yds,betrivers,Over,23.5,-113,2cda9bf0fbe35a2735f0dd8aaafe9eff,2026-10-09T17:20:16Z
nfl,NO,MIN,2026-10-11T17:00:00Z,Kendre Miller,rush_yds,betrivers,Under,23.5,-118,2cda9bf0fbe35a2735f0dd8aaafe9eff,2026-10-09T17:20:16Z
nfl,NO,MIN,2026-10-11T17:00:00Z,Aaron Jones,rush_yds,betrivers,Over,72.5,-113,2cda9bf0fbe35a2735f0dd8aaafe9eff,2026-10-09T17:20:16Z
nfl,NO,MIN,2026-10-11T17:00:00Z,Aaron Jones,rush_yds,betrivers,Under,72.5,-118,2cda9bf0fbe35a2735f0dd8aaafe9eff,2026-10-09T17:20:16Z
nfl,NO,MIN,2026-10-11T17:00:00Z,Tyler Shough,rush_yds,betrivers,Over,9.5,-112,2cda9bf0fbe35a2735f0dd8aaafe9eff,2026-10-09T17:20:16Z
nfl,NO,MIN,2026-10-11T17:00:00Z,Tyler Shough,rush_yds,betrivers,Under,9.5,-120,2cda9bf0fbe35a2735f0dd8aaafe9eff,2026-10-09T17:20:16Z
nfl,NO,MIN,2026-10-11T17:00:00Z,Noah Fant,anytime_td,betmgm,Yes,,575,2cda9bf0fbe35a2735f0dd8aaafe9eff,2026-10-09T17:19:41Z
nfl,NO,MIN,2026-10-11T17:00:00Z,T.J. Hockenson,anytime_td,betmgm,Yes,,310,2cda9bf0fbe35a2735f0dd8aaafe9eff,2026-10-09T17:19:41Z
nfl,NO,MIN,2026-10-11T17:00:00Z,Demond Claiborne,anytime_td,betmgm,Yes,,775,2cda9bf0fbe35a2735f0dd8aaafe9eff,2026-10-09T17:19:41Z
nfl,NO,MIN,2026-10-11T17:00:00Z,New Orleans Saints D/ST,anytime_td,betmgm,Yes,,500,2cda9bf0fbe35a2735f0dd8aaafe9eff,2026-10-09T17:19:41Z
nfl,NO,MIN,2026-10-11T17:00:00Z,DeeJay Dallas,anytime_td,betmgm,Yes,,825,2cda9bf0fbe35a2735f0dd8aaafe9eff,2026-10-09T17:19:41Z
nfl,NO,MIN,2026-10-11T17:00:00Z,Minnesota Vikings D/ST,anytime_td,betmgm,Yes,,500,2cda9bf0fbe35a2735f0dd8aaafe9eff,2026-10-09T17:19:41Z
nfl,NO,MIN,2026-10-11T17:00:00Z,Juwan Johnson,anytime_td,betmgm,Yes,,260,2cda9bf0fbe35a2735f0dd8aaafe9eff,2026-10-09T17:19:41Z
nfl,NO,MIN,2026-10-11T17:00:00Z,Kevin Austin,anytime_td,betmgm,Yes,,1850,2cda9bf0fbe35a2735f0dd8aaafe9eff,2026-10-09T17:19:41Z
nfl,NO,MIN,2026-10-11T17:00:00Z,Kyler Murray,anytime_td,betmgm,Yes,,425,2cda9bf0fbe35a2735f0dd8aaafe9eff,2026-10-09T17:19:41Z
nfl,NO,MIN,2026-10-11T17:00:00Z,Gavin Bartholomew,anytime_td,betmgm,Yes,,1550,2cda9bf0fbe35a2735f0dd8aaafe9eff,2026-10-09T17:19:41Z
nfl,NO,MIN,2026-10-11T17:00:00Z,Chris Olave,anytime_td,betmgm,Yes,,150,2cda9bf0fbe35a2735f0dd8aaafe9eff,2026-10-09T17:19:41Z
nfl,NO,MIN,2026-10-11T17:00:00Z,Aaron Jones,anytime_td,betmgm,Yes,,-125,2cda9bf0fbe35a2735f0dd8aaafe9eff,2026-10-09T17:19:41Z
nfl,NO,MIN,2026-10-11T17:00:00Z,Devaughn Vele,anytime_td,betmgm,Yes,,320,2cda9bf0fbe35a2735f0dd8aaafe9eff,2026-10-09T17:19:41Z
nfl,NO,MIN,2026-10-11T17:00:00Z,Justin Jefferson,anytime_td,betmgm,Yes,,135,2cda9bf0fbe35a2735f0dd8aaafe9eff,2026-10-09T17:19:41Z
nfl,NO,MIN,2026-10-11T17:00:00Z,Bryce Lance,anytime_td,betmgm,Yes,,650,2cda9bf0fbe35a2735f0dd8aaafe9eff,2026-10-09T17:19:41Z
nfl,NO,MIN,2026-10-11T17:00:00Z,Barion Brown,anytime_td,betmgm,Yes,,1150,2cda9bf0fbe35a2735f0dd8aaafe9eff,2026-10-09T17:19:41Z
nfl,NO,MIN,2026-10-11T17:00:00Z,Jordan Addison,anytime_td,betmgm,Yes,,230,2cda9bf0fbe35a2735f0dd8aaafe9eff,2026-10-09T17:19:41Z
nfl,NO,MIN,2026-10-11T17:00:00Z,Jauan Jennings,anytime_td,betmgm,Yes,,500,2cda9bf0fbe35a2735f0dd8aaafe9eff,2026-10-09T17:19:41Z
nfl,NO,MIN,2026-10-11T17:00:00Z,Tyler Shough,anytime_td,betmgm,Yes,,325,2cda9bf0fbe35a2735f0dd8aaafe9eff,2026-10-09T17:19:41Z
nfl,NO,MIN,2026-10-11T17:00:00Z,CJ Donaldson,anytime_td,betmgm,Yes,,775,2cda9bf0fbe35a2735f0dd8aaafe9eff,2026-10-09T17:19:41Z
nfl,NO,MIN,2026-10-11T17:00:00Z,Alvin Kamara,anytime_td,betmgm,Yes,,165,2cda9bf0fbe35a2735f0dd8aaafe9eff,2026-10-09T17:19:41Z
nfl,NO,MIN,2026-10-11T17:00:00Z,Kendre Miller,anytime_td,betmgm,Yes,,310,2cda9bf0fbe35a2735f0dd8aaafe9eff,2026-10-09T17:19:41Z
nfl,NO,MIN,2026-10-11T17:00:00Z,Kyler Murray,pass_att,betmgm,Over,32.5,-115,2cda9bf0fbe35a2735f0dd8aaafe9eff,2026-10-09T17:19:41Z
nfl,NO,MIN,2026-10-11T17:00:00Z,Kyler Murray,pass_att,betmgm,Under,32.5,-115,2cda9bf0fbe35a2735f0dd8aaafe9eff,2026-10-09T17:19:41Z
nfl,NO,MIN,2026-10-11T17:00:00Z,Tyler Shough,pass_att,betmgm,Over,35.5,-125,2cda9bf0fbe35a2735f0dd8aaafe9eff,2026-10-09T17:19:41Z
nfl,NO,MIN,2026-10-11T17:00:00Z,Tyler Shough,pass_att,betmgm,Under,35.5,-105,2cda9bf0fbe35a2735f0dd8aaafe9eff,2026-10-09T17:19:41Z
nfl,NO,MIN,2026-10-11T17:00:00Z,Kyler Murray,completions,betmgm,Over,20.5,-125,2cda9bf0fbe35a2735f0dd8aaafe9eff,2026-10-09T17:19:41Z
nfl,NO,MIN,2026-10-11T17:00:00Z,Kyler Murray,completions,betmgm,Under,20.5,-105,2cda9bf0fbe35a2735f0dd8aaafe9eff,2026-10-09T17:19:41Z
nfl,NO,MIN,2026-10-11T17:00:00Z,Tyler Shough,completions,betmgm,Over,23.5,105,2cda9bf0fbe35a2735f0dd8aaafe9eff,2026-10-09T17:19:41Z
nfl,NO,MIN,2026-10-11T17:00:00Z,Tyler Shough,completions,betmgm,Under,23.5,-140,2cda9bf0fbe35a2735f0dd8aaafe9eff,2026-10-09T17:19:41Z
nfl,NO,MIN,2026-10-11T17:00:00Z,Kyler Murray,pass_td,betmgm,Over,1.5,130,2cda9bf0fbe35a2735f0dd8aaafe9eff,2026-10-09T17:19:41Z
nfl,NO,MIN,2026-10-11T17:00:00Z,Kyler Murray,pass_td,betmgm,Under,1.5,-175,2cda9bf0fbe35a2735f0dd8aaafe9eff,2026-10-09T17:19:41Z
nfl,NO,MIN,2026-10-11T17:00:00Z,Tyler Shough,pass_td,betmgm,Over,1.5,130,2cda9bf0fbe35a2735f0dd8aaafe9eff,2026-10-09T17:19:41Z
nfl,NO,MIN,2026-10-11T17:00:00Z,Tyler Shough,pass_td,betmgm,Under,1.5,-175,2cda9bf0fbe35a2735f0dd8aaafe9eff,2026-10-09T17:19:41Z
nfl,NO,MIN,2026-10-11T17:00:00Z,Tyler Shough,pass_yds,betmgm,Over,236.5,-115,2cda9bf0fbe35a2735f0dd8aaafe9eff,2026-10-09T17:19:41Z
nfl,NO,MIN,2026-10-11T17:00:00Z,Tyler Shough,pass_yds,betmgm,Under,236.5,-115,2cda9bf0fbe35a2735f0dd8aaafe9eff,2026-10-09T17:19:41Z
nfl,NO,MIN,2026-10-11T17:00:00Z,Kyler Murray,pass_yds,betmgm,Over,211.5,-120,2cda9bf0fbe35a2735f0dd8aaafe9eff,2026-10-09T17:19:41Z
nfl,NO,MIN,2026-10-11T17:00:00Z,Kyler Murray,pass_yds,betmgm,Under,211.5,-110,2cda9bf0fbe35a2735f0dd8aaafe9eff,2026-10-09T17:19:41Z
nfl,NO,MIN,2026-10-11T17:00:00Z,Juwan Johnson,rec_yds,betmgm,Over,41.5,-115,2cda9bf0fbe35a2735f0dd8aaafe9eff,2026-10-09T17:19:41Z
nfl,NO,MIN,2026-10-11T17:00:00Z,Juwan Johnson,rec_yds,betmgm,Under,41.5,-115,2cda9bf0fbe35a2735f0dd8aaafe9eff,2026-10-09T17:19:41Z
nfl,NO,MIN,2026-10-11T17:00:00Z,Chris Olave,rec_yds,betmgm,Over,78.5,-115,2cda9bf0fbe35a2735f0dd8aaafe9eff,2026-10-09T17:19:41Z
nfl,NO,MIN,2026-10-11T17:00:00Z,Chris Olave,rec_yds,betmgm,Under,78.5,-115,2cda9bf0fbe35a2735f0dd8aaafe9eff,2026-10-09T17:19:41Z
nfl,NO,MIN,2026-10-11T17:00:00Z,Aaron Jones,rec_yds,betmgm,Over,19.5,-110,2cda9bf0fbe35a2735f0dd8aaafe9eff,2026-10-09T17:19:41Z
nfl,NO,MIN,2026-10-11T17:00:00Z,Aaron Jones,rec_yds,betmgm,Under,19.5,-120,2cda9bf0fbe35a2735f0dd8aaafe9eff,2026-10-09T17:19:41Z
nfl,NO,MIN,2026-10-11T17:00:00Z,Devaughn Vele,rec_yds,betmgm,Over,36.5,-125,2cda9bf0fbe35a2735f0dd8aaafe9eff,2026-10-09T17:19:41Z
nfl,NO,MIN,2026-10-11T17:00:00Z,Devaughn Vele,rec_yds,betmgm,Under,36.5,-105,2cda9bf0fbe35a2735f0dd8aaafe9eff,2026-10-09T17:19:41Z
nfl,NO,MIN,2026-10-11T17:00:00Z,Juwan Johnson,receptions,betmgm,Over,4.5,100,2cda9bf0fbe35a2735f0dd8aaafe9eff,2026-10-09T17:19:41Z
nfl,NO,MIN,2026-10-11T17:00:00Z,Juwan Johnson,receptions,betmgm,Under,4.5,-135,2cda9bf0fbe35a2735f0dd8aaafe9eff,2026-10-09T17:19:41Z
nfl,NO,MIN,2026-10-11T17:00:00Z,Aaron Jones,receptions,betmgm,Over,2.5,-165,2cda9bf0fbe35a2735f0dd8aaafe9eff,2026-10-09T17:19:41Z
nfl,NO,MIN,2026-10-11T17:00:00Z,Aaron Jones,receptions,betmgm,Under,2.5,125,2cda9bf0fbe35a2735f0dd8aaafe9eff,2026-10-09T17:19:41Z
nfl,NO,MIN,2026-10-11T17:00:00Z,Chris Olave,receptions,betmgm,Over,6.5,-110,2cda9bf0fbe35a2735f0dd8aaafe9eff,2026-10-09T17:19:41Z
nfl,NO,MIN,2026-10-11T17:00:00Z,Chris Olave,receptions,betmgm,Under,6.5,-120,2cda9bf0fbe35a2735f0dd8aaafe9eff,2026-10-09T17:19:41Z
nfl,NO,MIN,2026-10-11T17:00:00Z,Devaughn Vele,receptions,betmgm,Over,3.5,-125,2cda9bf0fbe35a2735f0dd8aaafe9eff,2026-10-09T17:19:41Z
nfl,NO,MIN,2026-10-11T17:00:00Z,Devaughn Vele,receptions,betmgm,Under,3.5,-105,2cda9bf0fbe35a2735f0dd8aaafe9eff,2026-10-09T17:19:41Z
nfl,NO,MIN,2026-10-11T17:00:00Z,Aaron Jones,rush_att,betmgm,Over,17.5,-120,2cda9bf0fbe35a2735f0dd8aaafe9eff,2026-10-09T17:19:41Z
nfl,NO,MIN,2026-10-11T17:00:00Z,Aaron Jones,rush_att,betmgm,Under,17.5,-110,2cda9bf0fbe35a2735f0dd8aaafe9eff,2026-10-09T17:19:41Z
nfl,NO,MIN,2026-10-11T17:00:00Z,Tyler Shough,rush_yds,betmgm,Over,9.5,-115,2cda9bf0fbe35a2735f0dd8aaafe9eff,2026-10-09T17:19:41Z
nfl,NO,MIN,2026-10-11T17:00:00Z,Tyler Shough,rush_yds,betmgm,Under,9.5,-115,2cda9bf0fbe35a2735f0dd8aaafe9eff,2026-10-09T17:19:41Z
nfl,NO,MIN,2026-10-11T17:00:00Z,Aaron Jones,rush_yds,betmgm,Over,72.5,-115,2cda9bf0fbe35a2735f0dd8aaafe9eff,2026-10-09T17:19:41Z
nfl,NO,MIN,2026-10-11T17:00:00Z,Aaron Jones,rush_yds,betmgm,Under,72.5,-115,2cda9bf0fbe35a2735f0dd8aaafe9eff,2026-10-09T17:19:41Z
nfl,NO,MIN,2026-10-11T17:00:00Z,Kyler Murray,rush_yds,betmgm,Over,17.5,-115,2cda9bf0fbe35a2735f0dd8aaafe9eff,2026-10-09T17:19:41Z
nfl,NO,MIN,2026-10-11T17:00:00Z,Kyler Murray,rush_yds,betmgm,Under,17.5,-115,2cda9bf0fbe35a2735f0dd8aaafe9eff,2026-10-09T17:19:41Z
nfl,NO,MIN,2026-10-11T17:00:00Z,Tyler Shough,pass_att,espnbet,Over,36.5,-105,2cda9bf0fbe35a2735f0dd8aaafe9eff,2026-10-09T17:20:40Z
nfl,NO,MIN,2026-10-11T17:00:00Z,Tyler Shough,pass_att,espnbet,Under,36.5,-125,2cda9bf0fbe35a2735f0dd8aaafe9eff,2026-10-09T17:20:40Z
nfl,NO,MIN,2026-10-11T17:00:00Z,Kyler Murray,pass_att,espnbet,Over,31.5,-130,2cda9bf0fbe35a2735f0dd8aaafe9eff,2026-10-09T17:20:40Z
nfl,NO,MIN,2026-10-11T17:00:00Z,Kyler Murray,pass_att,espnbet,Under,31.5,100,2cda9bf0fbe35a2735f0dd8aaafe9eff,2026-10-09T17:20:40Z
nfl,NO,MIN,2026-10-11T17:00:00Z,Tyler Shough,completions,espnbet,Over,22.5,-130,2cda9bf0fbe35a2735f0dd8aaafe9eff,2026-10-09T17:20:40Z
nfl,NO,MIN,2026-10-11T17:00:00Z,Tyler Shough,completions,espnbet,Under,22.5,100,2cda9bf0fbe35a2735f0dd8aaafe9eff,2026-10-09T17:20:40Z
nfl,NO,MIN,2026-10-11T17:00:00Z,Kyler Murray,completions,espnbet,Over,20.5,-125,2cda9bf0fbe35a2735f0dd8aaafe9eff,2026-10-09T17:20:40Z
nfl,NO,MIN,2026-10-11T17:00:00Z,Kyler Murray,completions,espnbet,Under,20.5,-105,2cda9bf0fbe35a2735f0dd8aaafe9eff,2026-10-09T17:20:40Z
nfl,NO,MIN,2026-10-11T17:00:00Z,Kyler Murray,pass_td,espnbet,Over,1.5,150,2cda9bf0fbe35a2735f0dd8aaafe9eff,2026-10-09T17:20:40Z
nfl,NO,MIN,2026-10-11T17:00:00Z,Kyler Murray,pass_td,espnbet,Under,1.5,-200,2cda9bf0fbe35a2735f0dd8aaafe9eff,2026-10-09T17:20:40Z
nfl,NO,MIN,2026-10-11T17:00:00Z,Tyler Shough,pass_td,espnbet,Over,1.5,150,2cda9bf0fbe35a2735f0dd8aaafe9eff,2026-10-09T17:20:40Z
nfl,NO,MIN,2026-10-11T17:00:00Z,Tyler Shough,pass_td,espnbet,Under,1.5,-200,2cda9bf0fbe35a2735f0dd8aaafe9eff,2026-10-09T17:20:40Z
nfl,NO,MIN,2026-10-11T17:00:00Z,Tyler Shough,pass_yds,espnbet,Over,233.5,-120,2cda9bf0fbe35a2735f0dd8aaafe9eff,2026-10-09T17:20:40Z
nfl,NO,MIN,2026-10-11T17:00:00Z,Tyler Shough,pass_yds,espnbet,Under,233.5,-110,2cda9bf0fbe35a2735f0dd8aaafe9eff,2026-10-09T17:20:40Z
nfl,NO,MIN,2026-10-11T17:00:00Z,Kyler Murray,pass_yds,espnbet,Over,214.5,-120,2cda9bf0fbe35a2735f0dd8aaafe9eff,2026-10-09T17:20:40Z
nfl,NO,MIN,2026-10-11T17:00:00Z,Kyler Murray,pass_yds,espnbet,Under,214.5,-110,2cda9bf0fbe35a2735f0dd8aaafe9eff,2026-10-09T17:20:40Z
nfl,NO,MIN,2026-10-11T17:00:00Z,Chris Olave,rec_yds,espnbet,Over,79.5,-130,2cda9bf0fbe35a2735f0dd8aaafe9eff,2026-10-09T17:20:40Z
nfl,NO,MIN,2026-10-11T17:00:00Z,Chris Olave,rec_yds,espnbet,Under,79.5,100,2cda9bf0fbe35a2735f0dd8aaafe9eff,2026-10-09T17:20:40Z
nfl,NO,MIN,2026-10-11T17:00:00Z,Juwan Johnson,rec_yds,espnbet,Over,43.5,-110,2cda9bf0fbe35a2735f0dd8aaafe9eff,2026-10-09T17:20:40Z
nfl,NO,MIN,2026-10-11T17:00:00Z,Juwan Johnson,rec_yds,espnbet,Under,43.5,-120,2cda9bf0fbe35a2735f0dd8aaafe9eff,2026-10-09T17:20:40Z
nfl,NO,MIN,2026-10-11T17:00:00Z,Devaughn Vele,rec_yds,espnbet,Over,39.5,-125,2cda9bf0fbe35a2735f0dd8aaafe9eff,2026-10-09T17:20:40Z
nfl,NO,MIN,2026-10-11T17:00:00Z,Devaughn Vele,rec_yds,espnbet,Under,39.5,-105,2cda9bf0fbe35a2735f0dd8aaafe9eff,2026-10-09T17:20:40Z
nfl,NO,MIN,2026-10-11T17:00:00Z,T.J. Hockenson,rec_yds,espnbet,Over,39.5,-120,2cda9bf0fbe35a2735f0dd8aaafe9eff,2026-10-09T17:20:40Z
nfl,NO,MIN,2026-10-11T17:00:00Z,T.J. Hockenson,rec_yds,espnbet,Under,39.5,-110,2cda9bf0fbe35a2735f0dd8aaafe9eff,2026-10-09T17:20:40Z
nfl,NO,MIN,2026-10-11T17:00:00Z,Alvin Kamara,rec_yds,espnbet,Over,14.5,-115,2cda9bf0fbe35a2735f0dd8aaafe9eff,2026-10-09T17:20:40Z
nfl,NO,MIN,2026-10-11T17:00:00Z,Alvin Kamara,rec_yds,espnbet,Under,14.5,-115,2cda9bf0fbe35a2735f0dd8aaafe9eff,2026-10-09T17:20:40Z
nfl,NO,MIN,2026-10-11T17:00:00Z,Aaron Jones,rec_yds,espnbet,Over,19.5,105,2cda9bf0fbe35a2735f0dd8aaafe9eff,2026-10-09T17:20:40Z
nfl,NO,MIN,2026-10-11T17:00:00Z,Aaron Jones,rec_yds,espnbet,Under,19.5,-135,2cda9bf0fbe35a2735f0dd8aaafe9eff,2026-10-09T17:20:40Z
nfl,NO,MIN,2026-10-11T17:00:00Z,Chris Olave,receptions,espnbet,Over,6.5,-125,2cda9bf0fbe35a2735f0dd8aaafe9eff,2026-10-09T17:20:40Z
nfl,NO,MIN,2026-10-11T17:00:00Z,Chris Olave,receptions,espnbet,Under,6.5,-105,2cda9bf0fbe35a2735f0dd8aaafe9eff,2026-10-09T17:20:40Z
nfl,NO,MIN,2026-10-11T17:00:00Z,T.J. Hockenson,receptions,espnbet,Over,4.5,-105,2cda9bf0fbe35a2735f0dd8aaafe9eff,2026-10-09T17:20:40Z
nfl,NO,MIN,2026-10-11T17:00:00Z,T.J. Hockenson,receptions,espnbet,Under,4.5,-125,2cda9bf0fbe35a2735f0dd8aaafe9eff,2026-10-09T17:20:40Z
nfl,NO,MIN,2026-10-11T17:00:00Z,Juwan Johnson,receptions,espnbet,Over,4.5,120,2cda9bf0fbe35a2735f0dd8aaafe9eff,2026-10-09T17:20:40Z
nfl,NO,MIN,2026-10-11T17:00:00Z,Juwan Johnson,receptions,espnbet,Under,4.5,-155,2cda9bf0fbe35a2735f0dd8aaafe9eff,2026-10-09T17:20:40Z
nfl,NO,MIN,2026-10-11T17:00:00Z,Devaughn Vele,receptions,espnbet,Over,4.5,120,2cda9bf0fbe35a2735f0dd8aaafe9eff,2026-10-09T17:20:40Z
nfl,NO,MIN,2026-10-11T17:00:00Z,Devaughn Vele,receptions,espnbet,Under,4.5,-155,2cda9bf0fbe35a2735f0dd8aaafe9eff,2026-10-09T17:20:40Z
nfl,NO,MIN,2026-10-11T17:00:00Z,Aaron Jones,receptions,espnbet,Over,3.5,120,2cda9bf0fbe35a2735f0dd8aaafe9eff,2026-10-09T17:20:40Z
nfl,NO,MIN,2026-10-11T17:00:00Z,Aaron Jones,receptions,espnbet,Under,3.5,-155,2cda9bf0fbe35a2735f0dd8aaafe9eff,2026-10-09T17:20:40Z
nfl,NO,MIN,2026-10-11T17:00:00Z,Aaron Jones,rush_att,espnbet,Over,16.5,-135,2cda9bf0fbe35a2735f0dd8aaafe9eff,2026-10-09T17:20:40Z
nfl,NO,MIN,2026-10-11T17:00:00Z,Aaron Jones,rush_att,espnbet,Under,16.5,105,2cda9bf0fbe35a2735f0dd8aaafe9eff,2026-10-09T17:20:40Z
nfl,NO,MIN,2026-10-11T17:00:00Z,Aaron Jones,rush_yds,espnbet,Over,74.5,-110,2cda9bf0fbe35a2735f0dd8aaafe9eff,2026-10-09T17:20:40Z
nfl,NO,MIN,2026-10-11T17:00:00Z,Aaron Jones,rush_yds,espnbet,Under,74.5,-120,2cda9bf0fbe35a2735f0dd8aaafe9eff,2026-10-09T17:20:40Z
nfl,NO,MIN,2026-10-11T17:00:00Z,Alvin Kamara,rush_yds,espnbet,Over,34.5,-105,2cda9bf0fbe35a2735f0dd8aaafe9eff,2026-10-09T17:20:40Z
nfl,NO,MIN,2026-10-11T17:00:00Z,Alvin Kamara,rush_yds,espnbet,Under,34.5,-125,2cda9bf0fbe35a2735f0dd8aaafe9eff,2026-10-09T17:20:40Z
nfl,NO,MIN,2026-10-11T17:00:00Z,Kendre Miller,rush_yds,espnbet,Over,21.5,-115,2cda9bf0fbe35a2735f0dd8aaafe9eff,2026-10-09T17:20:40Z
nfl,NO,MIN,2026-10-11T17:00:00Z,Kendre Miller,rush_yds,espnbet,Under,21.5,-115,2cda9bf0fbe35a2735f0dd8aaafe9eff,2026-10-09T17:20:40Z
nfl,NO,MIN,2026-10-11T17:00:00Z,Tyler Shough,rush_yds,espnbet,Over,8.5,-115,2cda9bf0fbe35a2735f0dd8aaafe9eff,2026-10-09T17:20:40Z
nfl,NO,MIN,2026-10-11T17:00:00Z,Tyler Shough,rush_yds,espnbet,Under,8.5,-115,2cda9bf0fbe35a2735f0dd8aaafe9eff,2026-10-09T17:20:40Z
nfl,NO,MIN,2026-10-11T17:00:00Z,Kyler Murray,rush_yds,espnbet,Over,19.5,105,2cda9bf0fbe35a2735f0dd8aaafe9eff,2026-10-09T17:20:40Z
nfl,NO,MIN,2026-10-11T17:00:00Z,Kyler Murray,rush_yds,espnbet,Under,19.5,-135,2cda9bf0fbe35a2735f0dd8aaafe9eff,2026-10-09T17:20:40Z
nfl,NYJ,CLE,2026-10-11T17:00:00Z,Braelon Allen,anytime_td,draftkings,Yes,,-105,9db4ed15fe34fca1fb62f040cd244591,2026-10-09T17:20:19Z
nfl,NYJ,CLE,2026-10-11T17:00:00Z,Garrett Wilson,anytime_td,draftkings,Yes,,135,9db4ed15fe34fca1fb62f040cd244591,2026-10-09T17:20:19Z
nfl,NYJ,CLE,2026-10-11T17:00:00Z,Quinshon Judkins,anytime_td,draftkings,Yes,,160,9db4ed15fe34fca1fb62f040cd244591,2026-10-09T17:20:19Z
nfl,NYJ,CLE,2026-10-11T17:00:00Z,Denzel Boston,anytime_td,draftkings,Yes,,195,9db4ed15fe34fca1fb62f040cd244591,2026-10-09T17:20:19Z
nfl,NYJ,CLE,2026-10-11T17:00:00Z,Harold Fannin Jr.,anytime_td,draftkings,Yes,,225,9db4ed15fe34fca1fb62f040cd244591,2026-10-09T17:20:19Z
nfl,NYJ,CLE,2026-10-11T17:00:00Z,Kenyon Sadiq,anytime_td,draftkings,Yes,,235,9db4ed15fe34fca1fb62f040cd244591,2026-10-09T17:20:19Z
nfl,NYJ,CLE,2026-10-11T17:00:00Z,KC Concepcion,anytime_td,draftkings,Yes,,300,9db4ed15fe34fca1fb62f040cd244591,2026-10-09T17:20:19Z
nfl,NYJ,CLE,2026-10-11T17:00:00Z,Deshaun Watson,anytime_td,draftkings,Yes,,360,9db4ed15fe34fca1fb62f040cd244591,2026-10-09T17:20:19Z
nfl,NYJ,CLE,2026-10-11T17:00:00Z,Isaiah Williams,anytime_td,draftkings,Yes,,425,9db4ed15fe34fca1fb62f040cd244591,2026-10-09T17:20:19Z
nfl,NYJ,CLE,2026-10-11T17:00:00Z,Mason Taylor,anytime_td,draftkings,Yes,,475,9db4ed15fe34fca1fb62f040cd244591,2026-10-09T17:20:19Z
nfl,NYJ,CLE,2026-10-11T17:00:00Z,New York Jets D/ST,anytime_td,draftkings,Yes,,500,9db4ed15fe34fca1fb62f040cd244591,2026-10-09T17:20:19Z
nfl,NYJ,CLE,2026-10-11T17:00:00Z,Cleveland Browns D/ST,anytime_td,draftkings,Yes,,500,9db4ed15fe34fca1fb62f040cd244591,2026-10-09T17:20:19Z
nfl,NYJ,CLE,2026-10-11T17:00:00Z,Isaiah Davis,anytime_td,draftkings,Yes,,500,9db4ed15fe34fca1fb62f040cd244591,2026-10-09T17:20:19Z
nfl,NYJ,CLE,2026-10-11T17:00:00Z,Jerry Jeudy,anytime_td,draftkings,Yes,,700,9db4ed15fe34fca1fb62f040cd244591,2026-10-09T17:20:19Z
nfl,NYJ,CLE,2026-10-11T17:00:00Z,Raheim Sanders,anytime_td,draftkings,Yes,,750,9db4ed15fe34fca1fb62f040cd244591,2026-10-09T17:20:19Z
nfl,NYJ,CLE,2026-10-11T17:00:00Z,Blake Whiteheart,anytime_td,draftkings,Yes,,950,9db4ed15fe34fca1fb62f040cd244591,2026-10-09T17:20:19Z
nfl,NYJ,CLE,2026-10-11T17:00:00Z,Geno Smith,anytime_td,draftkings,Yes,,1000,9db4ed15fe34fca1fb62f040cd244591,2026-10-09T17:20:19Z
nfl,NYJ,CLE,2026-10-11T17:00:00Z,Jeremy Ruckert,anytime_td,draftkings,Yes,,1000,9db4ed15fe34fca1fb62f040cd244591,2026-10-09T17:20:19Z
nfl,NYJ,CLE,2026-10-11T17:00:00Z,Jelani Woods,anytime_td,draftkings,Yes,,1200,9db4ed15fe34fca1fb62f040cd244591,2026-10-09T17:20:19Z
nfl,NYJ,CLE,2026-10-11T17:00:00Z,Jaleel McLaughlin,anytime_td,draftkings,Yes,,1700,9db4ed15fe34fca1fb62f040cd244591,2026-10-09T17:20:19Z
nfl,NYJ,CLE,2026-10-11T17:00:00Z,Malachi Corley,anytime_td,draftkings,Yes,,1700,9db4ed15fe34fca1fb62f040cd244591,2026-10-09T17:20:19Z
nfl,NYJ,CLE,2026-10-11T17:00:00Z,Isaiah Bond,anytime_td,draftkings,Yes,,2000,9db4ed15fe34fca1fb62f040cd244591,2026-10-09T17:20:19Z
nfl,NYJ,CLE,2026-10-11T17:00:00Z,Kene Nwangwu,anytime_td,draftkings,Yes,,2200,9db4ed15fe34fca1fb62f040cd244591,2026-10-09T17:20:19Z
nfl,NYJ,CLE,2026-10-11T17:00:00Z,Malik McClain,anytime_td,draftkings,Yes,,2200,9db4ed15fe34fca1fb62f040cd244591,2026-10-09T17:20:19Z
nfl,NYJ,CLE,2026-10-11T17:00:00Z,Michael Burton,anytime_td,draftkings,Yes,,2500,9db4ed15fe34fca1fb62f040cd244591,2026-10-09T17:20:19Z
nfl,NYJ,CLE,2026-10-11T17:00:00Z,Jamaal Pritchett,anytime_td,draftkings,Yes,,2800,9db4ed15fe34fca1fb62f040cd244591,2026-10-09T17:20:19Z
nfl,NYJ,CLE,2026-10-11T17:00:00Z,Andrew Beck,anytime_td,draftkings,Yes,,3500,9db4ed15fe34fca1fb62f040cd244591,2026-10-09T17:20:19Z
nfl,NYJ,CLE,2026-10-11T17:00:00Z,Carsen Ryan,anytime_td,draftkings,Yes,,3500,9db4ed15fe34fca1fb62f040cd244591,2026-10-09T17:20:19Z
nfl,NYJ,CLE,2026-10-11T17:00:00Z,Deshaun Watson,pass_att,draftkings,Over,31.5,-107,9db4ed15fe34fca1fb62f040cd244591,2026-10-09T17:20:19Z
nfl,NYJ,CLE,2026-10-11T17:00:00Z,Deshaun Watson,pass_att,draftkings,Under,31.5,-120,9db4ed15fe34fca1fb62f040cd244591,2026-10-09T17:20:19Z
nfl,NYJ,CLE,2026-10-11T17:00:00Z,Geno Smith,pass_att,draftkings,Over,31.5,-103,9db4ed15fe34fca1fb62f040cd244591,2026-10-09T17:20:19Z
nfl,NYJ,CLE,2026-10-11T17:00:00Z,Geno Smith,pass_att,draftkings,Under,31.5,-124,9db4ed15fe34fca1fb62f040cd244591,2026-10-09T17:20:19Z
nfl,NYJ,CLE,2026-10-11T17:00:00Z,Geno Smith,completions,draftkings,Over,20.5,103,9db4ed15fe34fca1fb62f040cd244591,2026-10-09T17:20:19Z
nfl,NYJ,CLE,2026-10-11T17:00:00Z,Geno Smith,completions,draftkings,Under,20.5,-132,9db4ed15fe34fca1fb62f040cd244591,2026-10-09T17:20:19Z
nfl,NYJ,CLE,2026-10-11T17:00:00Z,Deshaun Watson,completions,draftkings,Over,19.5,-113,9db4ed15fe34fca1fb62f040cd244591,2026-10-09T17:20:19Z
nfl,NYJ,CLE,2026-10-11T17:00:00Z,Deshaun Watson,completions,draftkings,Under,19.5,-113,9db4ed15fe34fca1fb62f040cd244591,2026-10-09T17:20:19Z
nfl,NYJ,CLE,2026-10-11T17:00:00Z,Geno Smith,pass_td,draftkings,Over,1.5,149,9db4ed15fe34fca1fb62f040cd244591,2026-10-09T17:20:19Z
nfl,NYJ,CLE,2026-10-11T17:00:00Z,Geno Smith,pass_td,draftkings,Under,1.5,-192,9db4ed15fe34fca1fb62f040cd244591,2026-10-09T17:20:19Z
nfl,NYJ,CLE,2026-10-11T17:00:00Z,Deshaun Watson,pass_td,draftkings,Over,1.5,158,9db4ed15fe34fca1fb62f040cd244591,2026-10-09T17:20:19Z
nfl,NYJ,CLE,2026-10-11T17:00:00Z,Deshaun Watson,pass_td,draftkings,Under,1.5,-203,9db4ed15fe34fca1fb62f040cd244591,2026-10-09T17:20:19Z
nfl,NYJ,CLE,2026-10-11T17:00:00Z,Geno Smith,pass_yds,draftkings,Over,205.5,-112,9db4ed15fe34fca1fb62f040cd244591,2026-10-09T17:20:19Z
nfl,NYJ,CLE,2026-10-11T17:00:00Z,Geno Smith,pass_yds,draftkings,Under,205.5,-112,9db4ed15fe34fca1fb62f040cd244591,2026-10-09T17:20:19Z
nfl,NYJ,CLE,2026-10-11T17:00:00Z,Deshaun Watson,pass_yds,draftkings,Over,203.5,-111,9db4ed15fe34fca1fb62f040cd244591,2026-10-09T17:20:19Z
nfl,NYJ,CLE,2026-10-11T17:00:00Z,Deshaun Watson,pass_yds,draftkings,Under,203.5,-113,9db4ed15fe34fca1fb62f040cd244591,2026-10-09T17:20:19Z
nfl,NYJ,CLE,2026-10-11T17:00:00Z,Garrett Wilson,rec_yds,draftkings,Over,69.5,-112,9db4ed15fe34fca1fb62f040cd244591,2026-10-09T17:20:19Z
nfl,NYJ,CLE,2026-10-11T17:00:00Z,Garrett Wilson,rec_yds,draftkings,Under,69.5,-112,9db4ed15fe34fca1fb62f040cd244591,2026-10-09T17:20:19Z
nfl,NYJ,CLE,2026-10-11T17:00:00Z,Denzel Boston,rec_yds,draftkings,Over,47.5,-111,9db4ed15fe34fca1fb62f040cd244591,2026-10-09T17:20:19Z
nfl,NYJ,CLE,2026-10-11T17:00:00Z,Denzel Boston,rec_yds,draftkings,Under,47.5,-113,9db4ed15fe34fca1fb62f040cd244591,2026-10-09T17:20:19Z
nfl,NYJ,CLE,2026-10-11T17:00:00Z,KC Concepcion,rec_yds,draftkings,Over,39.5,-109,9db4ed15fe34fca1fb62f040cd244591,2026-10-09T17:20:19Z
nfl,NYJ,CLE,2026-10-11T17:00:00Z,KC Concepcion,rec_yds,draftkings,Under,39.5,-115,9db4ed15fe34fca1fb62f040cd244591,2026-10-09T17:20:19Z
nfl,NYJ,CLE,2026-10-11T17:00:00Z,Harold Fannin Jr.,rec_yds,draftkings,Over,35.5,-113,9db4ed15fe34fca1fb62f040cd244591,2026-10-09T17:20:19Z
nfl,NYJ,CLE,2026-10-11T17:00:00Z,Harold Fannin Jr.,rec_yds,draftkings,Under,35.5,-111,9db4ed15fe34fca1fb62f040cd244591,2026-10-09T17:20:19Z
nfl,NYJ,CLE,2026-10-11T17:00:00Z,Kenyon Sadiq,rec_yds,draftkings,Over,31.5,-110,9db4ed15fe34fca1fb62f040cd244591,2026-10-09T17:20:19Z
nfl,NYJ,CLE,2026-10-11T17:00:00Z,Kenyon Sadiq,rec_yds,draftkings,Under,31.5,-114,9db4ed15fe34fca1fb62f040cd244591,2026-10-09T17:20:19Z
nfl,NYJ,CLE,2026-10-11T17:00:00Z,Isaiah Williams,rec_yds,draftkings,Over,21.5,-112,9db4ed15fe34fca1fb62f040cd244591,2026-10-09T17:20:19Z
nfl,NYJ,CLE,2026-10-11T17:00:00Z,Isaiah Williams,rec_yds,draftkings,Under,21.5,-112,9db4ed15fe34fca1fb62f040cd244591,2026-10-09T17:20:19Z
nfl,NYJ,CLE,2026-10-11T17:00:00Z,Quinshon Judkins,rec_yds,draftkings,Over,15.5,-113,9db4ed15fe34fca1fb62f040cd244591,2026-10-09T17:20:19Z
nfl,NYJ,CLE,2026-10-11T17:00:00Z,Quinshon Judkins,rec_yds,draftkings,Under,15.5,-111,9db4ed15fe34fca1fb62f040cd244591,2026-10-09T17:20:19Z
nfl,NYJ,CLE,2026-10-11T17:00:00Z,Jerry Jeudy,rec_yds,draftkings,Over,14.5,-111,9db4ed15fe34fca1fb62f040cd244591,2026-10-09T17:20:19Z
nfl,NYJ,CLE,2026-10-11T17:00:00Z,Jerry Jeudy,rec_yds,draftkings,Under,14.5,-113,9db4ed15fe34fca1fb62f040cd244591,2026-10-09T17:20:19Z
nfl,NYJ,CLE,2026-10-11T17:00:00Z,Braelon Allen,rec_yds,draftkings,Over,14.5,-110,9db4ed15fe34fca1fb62f040cd244591,2026-10-09T17:20:19Z
nfl,NYJ,CLE,2026-10-11T17:00:00Z,Braelon Allen,rec_yds,draftkings,Under,14.5,-114,9db4ed15fe34fca1fb62f040cd244591,2026-10-09T17:20:19Z
nfl,NYJ,CLE,2026-10-11T17:00:00Z,Mason Taylor,rec_yds,draftkings,Over,13.5,-115,9db4ed15fe34fca1fb62f040cd244591,2026-10-09T17:20:19Z
nfl,NYJ,CLE,2026-10-11T17:00:00Z,Mason Taylor,rec_yds,draftkings,Under,13.5,-109,9db4ed15fe34fca1fb62f040cd244591,2026-10-09T17:20:19Z
nfl,NYJ,CLE,2026-10-11T17:00:00Z,Raheim Sanders,rec_yds,draftkings,Over,12.5,-107,9db4ed15fe34fca1fb62f040cd244591,2026-10-09T17:20:19Z
nfl,NYJ,CLE,2026-10-11T17:00:00Z,Raheim Sanders,rec_yds,draftkings,Under,12.5,-117,9db4ed15fe34fca1fb62f040cd244591,2026-10-09T17:20:19Z
nfl,NYJ,CLE,2026-10-11T17:00:00Z,Garrett Wilson,receptions,draftkings,Over,5.5,-145,9db4ed15fe34fca1fb62f040cd244591,2026-10-09T17:20:19Z
nfl,NYJ,CLE,2026-10-11T17:00:00Z,Garrett Wilson,receptions,draftkings,Under,5.5,114,9db4ed15fe34fca1fb62f040cd244591,2026-10-09T17:20:19Z
nfl,NYJ,CLE,2026-10-11T17:00:00Z,KC Concepcion,receptions,draftkings,Over,4.5,113,9db4ed15fe34fca1fb62f040cd244591,2026-10-09T17:20:19Z
nfl,NYJ,CLE,2026-10-11T17:00:00Z,KC Concepcion,receptions,draftkings,Under,4.5,-144,9db4ed15fe34fca1fb62f040cd244591,2026-10-09T17:20:19Z
nfl,NYJ,CLE,2026-10-11T17:00:00Z,Harold Fannin Jr.,receptions,draftkings,Over,4.5,116,9db4ed15fe34fca1fb62f040cd244591,2026-10-09T17:20:19Z
nfl,NYJ,CLE,2026-10-11T17:00:00Z,Harold Fannin Jr.,receptions,draftkings,Under,4.5,-148,9db4ed15fe34fca1fb62f040cd244591,2026-10-09T17:20:19Z
nfl,NYJ,CLE,2026-10-11T17:00:00Z,Kenyon Sadiq,receptions,draftkings,Over,3.5,-105,9db4ed15fe34fca1fb62f040cd244591,2026-10-09T17:20:19Z
nfl,NYJ,CLE,2026-10-11T17:00:00Z,Kenyon Sadiq,receptions,draftkings,Under,3.5,-121,9db4ed15fe34fca1fb62f040cd244591,2026-10-09T17:20:19Z
nfl,NYJ,CLE,2026-10-11T17:00:00Z,Denzel Boston,receptions,draftkings,Over,3.5,105,9db4ed15fe34fca1fb62f040cd244591,2026-10-09T17:20:19Z
nfl,NYJ,CLE,2026-10-11T17:00:00Z,Denzel Boston,receptions,draftkings,Under,3.5,-134,9db4ed15fe34fca1fb62f040cd244591,2026-10-09T17:20:19Z
nfl,NYJ,CLE,2026-10-11T17:00:00Z,Quinshon Judkins,receptions,draftkings,Over,2.5,-139,9db4ed15fe34fca1fb62f040cd244591,2026-10-09T17:20:19Z
nfl,NYJ,CLE,2026-10-11T17:00:00Z,Quinshon Judkins,receptions,draftkings,Under,2.5,109,9db4ed15fe34fca1fb62f040cd244591,2026-10-09T17:20:19Z
nfl,NYJ,CLE,2026-10-11T17:00:00Z,Braelon Allen,receptions,draftkings,Over,2.5,-101,9db4ed15fe34fca1fb62f040cd244591,2026-10-09T17:20:19Z
nfl,NYJ,CLE,2026-10-11T17:00:00Z,Braelon Allen,receptions,draftkings,Under,2.5,-126,9db4ed15fe34fca1fb62f040cd244591,2026-10-09T17:20:19Z
nfl,NYJ,CLE,2026-10-11T17:00:00Z,Isaiah Williams,receptions,draftkings,Over,2.5,124,9db4ed15fe34fca1fb62f040cd244591,2026-10-09T17:20:19Z
nfl,NYJ,CLE,2026-10-11T17:00:00Z,Isaiah Williams,receptions,draftkings,Under,2.5,-159,9db4ed15fe34fca1fb62f040cd244591,2026-10-09T17:20:19Z
nfl,NYJ,CLE,2026-10-11T17:00:00Z,Raheim Sanders,receptions,draftkings,Over,1.5,-183,9db4ed15fe34fca1fb62f040cd244591,2026-10-09T17:20:19Z
nfl,NYJ,CLE,2026-10-11T17:00:00Z,Raheim Sanders,receptions,draftkings,Under,1.5,143,9db4ed15fe34fca1fb62f040cd244591,2026-10-09T17:20:19Z
nfl,NYJ,CLE,2026-10-11T17:00:00Z,Mason Taylor,receptions,draftkings,Over,1.5,-150,9db4ed15fe34fca1fb62f040cd244591,2026-10-09T17:20:19Z
nfl,NYJ,CLE,2026-10-11T17:00:00Z,Mason Taylor,receptions,draftkings,Under,1.5,117,9db4ed15fe34fca1fb62f040cd244591,2026-10-09T17:20:19Z
nfl,NYJ,CLE,2026-10-11T17:00:00Z,Jerry Jeudy,receptions,draftkings,Over,1.5,-105,9db4ed15fe34fca1fb62f040cd244591,2026-10-09T17:20:19Z
nfl,NYJ,CLE,2026-10-11T17:00:00Z,Jerry Jeudy,receptions,draftkings,Under,1.5,-121,9db4ed15fe34fca1fb62f040cd244591,2026-10-09T17:20:19Z
nfl,NYJ,CLE,2026-10-11T17:00:00Z,Braelon Allen,rush_att,draftkings,Over,17.5,-114,9db4ed15fe34fca1fb62f040cd244591,2026-10-09T17:20:19Z
nfl,NYJ,CLE,2026-10-11T17:00:00Z,Braelon Allen,rush_att,draftkings,Under,17.5,-111,9db4ed15fe34fca1fb62f040cd244591,2026-10-09T17:20:19Z
nfl,NYJ,CLE,2026-10-11T17:00:00Z,Quinshon Judkins,rush_att,draftkings,Over,16.5,103,9db4ed15fe34fca1fb62f040cd244591,2026-10-09T17:20:19Z
nfl,NYJ,CLE,2026-10-11T17:00:00Z,Quinshon Judkins,rush_att,draftkings,Under,16.5,-132,9db4ed15fe34fca1fb62f040cd244591,2026-10-09T17:20:19Z
nfl,NYJ,CLE,2026-10-11T17:00:00Z,Deshaun Watson,rush_att,draftkings,Over,5.5,-138,9db4ed15fe34fca1fb62f040cd244591,2026-10-09T17:20:19Z
nfl,NYJ,CLE,2026-10-11T17:00:00Z,Deshaun Watson,rush_att,draftkings,Under,5.5,108,9db4ed15fe34fca1fb62f040cd244591,2026-10-09T17:20:19Z
nfl,NYJ,CLE,2026-10-11T17:00:00Z,Braelon Allen,rush_yds,draftkings,Over,72.5,-111,9db4ed15fe34fca1fb62f040cd244591,2026-10-09T17:20:19Z
nfl,NYJ,CLE,2026-10-11T17:00:00Z,Braelon Allen,rush_yds,draftkings,Under,72.5,-113,9db4ed15fe34fca1fb62f040cd244591,2026-10-09T17:20:19Z
nfl,NYJ,CLE,2026-10-11T17:00:00Z,Quinshon Judkins,rush_yds,draftkings,Over,59.5,-112,9db4ed15fe34fca1fb62f040cd244591,2026-10-09T17:20:19Z
nfl,NYJ,CLE,2026-10-11T17:00:00Z,Quinshon Judkins,rush_yds,draftkings,Under,59.5,-112,9db4ed15fe34fca1fb62f040cd244591,2026-10-09T17:20:19Z
nfl,NYJ,CLE,2026-10-11T17:00:00Z,Deshaun Watson,rush_yds,draftkings,Over,25.5,-112,9db4ed15fe34fca1fb62f040cd244591,2026-10-09T17:20:19Z
nfl,NYJ,CLE,2026-10-11T17:00:00Z,Deshaun Watson,rush_yds,draftkings,Under,25.5,-112,9db4ed15fe34fca1fb62f040cd244591,2026-10-09T17:20:19Z
nfl,NYJ,CLE,2026-10-11T17:00:00Z,Geno Smith,rush_yds,draftkings,Over,10.5,-114,9db4ed15fe34fca1fb62f040cd244591,2026-10-09T17:20:19Z
nfl,NYJ,CLE,2026-10-11T17:00:00Z,Geno Smith,rush_yds,draftkings,Under,10.5,-110,9db4ed15fe34fca1fb62f040cd244591,2026-10-09T17:20:19Z
nfl,NYJ,CLE,2026-10-11T17:00:00Z,Isaiah Davis,rush_yds,draftkings,Over,10.5,-106,9db4ed15fe34fca1fb62f040cd244591,2026-10-09T17:20:19Z
nfl,NYJ,CLE,2026-10-11T17:00:00Z,Isaiah Davis,rush_yds,draftkings,Under,10.5,-119,9db4ed15fe34fca1fb62f040cd244591,2026-10-09T17:20:19Z
nfl,NYJ,CLE,2026-10-11T17:00:00Z,Braelon Allen,anytime_td,fanduel,Yes,,-105,9db4ed15fe34fca1fb62f040cd244591,2026-10-09T17:19:48Z
nfl,NYJ,CLE,2026-10-11T17:00:00Z,Garrett Wilson,anytime_td,fanduel,Yes,,135,9db4ed15fe34fca1fb62f040cd244591,2026-10-09T17:19:48Z
nfl,NYJ,CLE,2026-10-11T17:00:00Z,Quinshon Judkins,anytime_td,fanduel,Yes,,160,9db4ed15fe34fca1fb62f040cd244591,2026-10-09T17:19:48Z
nfl,NYJ,CLE,2026-10-11T17:00:00Z,Denzel Boston,anytime_td,fanduel,Yes,,200,9db4ed15fe34fca1fb62f040cd244591,2026-10-09T17:19:48Z
nfl,NYJ,CLE,2026-10-11T17:00:00Z,Harold Fannin Jr.,anytime_td,fanduel,Yes,,220,9db4ed15fe34fca1fb62f040cd244591,2026-10-09T17:19:48Z
nfl,NYJ,CLE,2026-10-11T17:00:00Z,Kenyon Sadiq,anytime_td,fanduel,Yes,,260,9db4ed15fe34fca1fb62f040cd244591,2026-10-09T17:19:48Z
nfl,NYJ,CLE,2026-10-11T17:00:00Z,KC Concepcion,anytime_td,fanduel,Yes,,300,9db4ed15fe34fca1fb62f040cd244591,2026-10-09T17:19:48Z
nfl,NYJ,CLE,2026-10-11T17:00:00Z,Deshaun Watson,anytime_td,fanduel,Yes,,370,9db4ed15fe34fca1fb62f040cd244591,2026-10-09T17:19:48Z
nfl,NYJ,CLE,2026-10-11T17:00:00Z,Mason Taylor,anytime_td,fanduel,Yes,,420,9db4ed15fe34fca1fb62f040cd244591,2026-10-09T17:19:48Z
nfl,NYJ,CLE,2026-10-11T17:00:00Z,Isaiah Williams,anytime_td,fanduel,Yes,,450,9db4ed15fe34fca1fb62f040cd244591,2026-10-09T17:19:48Z
nfl,NYJ,CLE,2026-10-11T17:00:00Z,Isaiah Davis,anytime_td,fanduel,Yes,,500,9db4ed15fe34fca1fb62f040cd244591,2026-10-09T17:19:48Z
nfl,NYJ,CLE,2026-10-11T17:00:00Z,Jerry Jeudy,anytime_td,fanduel,Yes,,700,9db4ed15fe34fca1fb62f040cd244591,2026-10-09T17:19:48Z
nfl,NYJ,CLE,2026-10-11T17:00:00Z,Cleveland Browns Defense,anytime_td,fanduel,Yes,,700,9db4ed15fe34fca1fb62f040cd244591,2026-10-09T17:19:48Z
nfl,NYJ,CLE,2026-10-11T17:00:00Z,New York Jets Defense,anytime_td,fanduel,Yes,,700,9db4ed15fe34fca1fb62f040cd244591,2026-10-09T17:19:48Z
nfl,NYJ,CLE,2026-10-11T17:00:00Z,Raheim Sanders,anytime_td,fanduel,Yes,,750,9db4ed15fe34fca1fb62f040cd244591,2026-10-09T17:19:48Z
nfl,NYJ,CLE,2026-10-11T17:00:00Z,Geno Smith,anytime_td,fanduel,Yes,,850,9db4ed15fe34fca1fb62f040cd244591,2026-10-09T17:19:48Z
nfl,NYJ,CLE,2026-10-11T17:00:00Z,Blake Whiteheart,anytime_td,fanduel,Yes,,950,9db4ed15fe34fca1fb62f040cd244591,2026-10-09T17:19:48Z
nfl,NYJ,CLE,2026-10-11T17:00:00Z,Jelani Woods,anytime_td,fanduel,Yes,,1000,9db4ed15fe34fca1fb62f040cd244591,2026-10-09T17:19:48Z
nfl,NYJ,CLE,2026-10-11T17:00:00Z,Jeremy Ruckert,anytime_td,fanduel,Yes,,1000,9db4ed15fe34fca1fb62f040cd244591,2026-10-09T17:19:48Z
nfl,NYJ,CLE,2026-10-11T17:00:00Z,Malachi Corley,anytime_td,fanduel,Yes,,1800,9db4ed15fe34fca1fb62f040cd244591,2026-10-09T17:19:48Z
nfl,NYJ,CLE,2026-10-11T17:00:00Z,Jaleel McLaughlin,anytime_td,fanduel,Yes,,1800,9db4ed15fe34fca1fb62f040cd244591,2026-10-09T17:19:48Z
nfl,NYJ,CLE,2026-10-11T17:00:00Z,Jamaal Pritchett,anytime_td,fanduel,Yes,,2500,9db4ed15fe34fca1fb62f040cd244591,2026-10-09T17:19:48Z
nfl,NYJ,CLE,2026-10-11T17:00:00Z,Isaiah Bond,anytime_td,fanduel,Yes,,2700,9db4ed15fe34fca1fb62f040cd244591,2026-10-09T17:19:48Z
nfl,NYJ,CLE,2026-10-11T17:00:00Z,Malik McClain,anytime_td,fanduel,Yes,,2700,9db4ed15fe34fca1fb62f040cd244591,2026-10-09T17:19:48Z
nfl,NYJ,CLE,2026-10-11T17:00:00Z,Kene Nwangwu,anytime_td,fanduel,Yes,,2700,9db4ed15fe34fca1fb62f040cd244591,2026-10-09T17:19:48Z
nfl,NYJ,CLE,2026-10-11T17:00:00Z,Andrew Beck,anytime_td,fanduel,Yes,,3000,9db4ed15fe34fca1fb62f040cd244591,2026-10-09T17:19:48Z
nfl,NYJ,CLE,2026-10-11T17:00:00Z,Michael Burton,anytime_td,fanduel,Yes,,3500,9db4ed15fe34fca1fb62f040cd244591,2026-10-09T17:19:48Z
nfl,NYJ,CLE,2026-10-11T17:00:00Z,Carsen Ryan,anytime_td,fanduel,Yes,,4500,9db4ed15fe34fca1fb62f040cd244591,2026-10-09T17:19:48Z
nfl,NYJ,CLE,2026-10-11T17:00:00Z,Deshaun Watson,pass_td,fanduel,Over,1.5,152,9db4ed15fe34fca1fb62f040cd244591,2026-10-09T17:19:48Z
nfl,NYJ,CLE,2026-10-11T17:00:00Z,Deshaun Watson,pass_td,fanduel,Under,1.5,-205,9db4ed15fe34fca1fb62f040cd244591,2026-10-09T17:19:48Z
nfl,NYJ,CLE,2026-10-11T17:00:00Z,Geno Smith,pass_td,fanduel,Over,1.5,138,9db4ed15fe34fca1fb62f040cd244591,2026-10-09T17:19:48Z
nfl,NYJ,CLE,2026-10-11T17:00:00Z,Geno Smith,pass_td,fanduel,Under,1.5,-186,9db4ed15fe34fca1fb62f040cd244591,2026-10-09T17:19:48Z
nfl,NYJ,CLE,2026-10-11T17:00:00Z,Geno Smith,pass_yds,fanduel,Over,206.5,-114,9db4ed15fe34fca1fb62f040cd244591,2026-10-09T17:19:48Z
nfl,NYJ,CLE,2026-10-11T17:00:00Z,Geno Smith,pass_yds,fanduel,Under,206.5,-114,9db4ed15fe34fca1fb62f040cd244591,2026-10-09T17:19:48Z
nfl,NYJ,CLE,2026-10-11T17:00:00Z,Deshaun Watson,pass_yds,fanduel,Over,203.5,-114,9db4ed15fe34fca1fb62f040cd244591,2026-10-09T17:19:48Z
nfl,NYJ,CLE,2026-10-11T17:00:00Z,Deshaun Watson,pass_yds,fanduel,Under,203.5,-114,9db4ed15fe34fca1fb62f040cd244591,2026-10-09T17:19:48Z
nfl,NYJ,CLE,2026-10-11T17:00:00Z,Garrett Wilson,rec_yds,fanduel,Over,68.5,-114,9db4ed15fe34fca1fb62f040cd244591,2026-10-09T17:19:48Z
nfl,NYJ,CLE,2026-10-11T17:00:00Z,Garrett Wilson,rec_yds,fanduel,Under,68.5,-114,9db4ed15fe34fca1fb62f040cd244591,2026-10-09T17:19:48Z
nfl,NYJ,CLE,2026-10-11T17:00:00Z,Braelon Allen,rec_yds,fanduel,Over,13.5,-114,9db4ed15fe34fca1fb62f040cd244591,2026-10-09T17:19:48Z
nfl,NYJ,CLE,2026-10-11T17:00:00Z,Braelon Allen,rec_yds,fanduel,Under,13.5,-114,9db4ed15fe34fca1fb62f040cd244591,2026-10-09T17:19:48Z
nfl,NYJ,CLE,2026-10-11T17:00:00Z,Jerry Jeudy,rec_yds,fanduel,Over,14.5,-114,9db4ed15fe34fca1fb62f040cd244591,2026-10-09T17:19:48Z
nfl,NYJ,CLE,2026-10-11T17:00:00Z,Jerry Jeudy,rec_yds,fanduel,Under,14.5,-114,9db4ed15fe34fca1fb62f040cd244591,2026-10-09T17:19:48Z
nfl,NYJ,CLE,2026-10-11T17:00:00Z,Harold Fannin Jr.,rec_yds,fanduel,Over,35.5,-114,9db4ed15fe34fca1fb62f040cd244591,2026-10-09T17:19:48Z
nfl,NYJ,CLE,2026-10-11T17:00:00Z,Harold Fannin Jr.,rec_yds,fanduel,Under,35.5,-114,9db4ed15fe34fca1fb62f040cd244591,2026-10-09T17:19:48Z
nfl,NYJ,CLE,2026-10-11T17:00:00Z,Mason Taylor,rec_yds,fanduel,Over,13.5,-114,9db4ed15fe34fca1fb62f040cd244591,2026-10-09T17:19:48Z
nfl,NYJ,CLE,2026-10-11T17:00:00Z,Mason Taylor,rec_yds,fanduel,Under,13.5,-114,9db4ed15fe34fca1fb62f040cd244591,2026-10-09T17:19:48Z
nfl,NYJ,CLE,2026-10-11T17:00:00Z,Raheim Sanders,rec_yds,fanduel,Over,12.5,-114,9db4ed15fe34fca1fb62f040cd244591,2026-10-09T17:19:48Z
nfl,NYJ,CLE,2026-10-11T17:00:00Z,Raheim Sanders,rec_yds,fanduel,Under,12.5,-114,9db4ed15fe34fca1fb62f040cd244591,2026-10-09T17:19:48Z
nfl,NYJ,CLE,2026-10-11T17:00:00Z,Quinshon Judkins,rec_yds,fanduel,Over,15.5,-114,9db4ed15fe34fca1fb62f040cd244591,2026-10-09T17:19:48Z
nfl,NYJ,CLE,2026-10-11T17:00:00Z,Quinshon Judkins,rec_yds,fanduel,Under,15.5,-114,9db4ed15fe34fca1fb62f040cd244591,2026-10-09T17:19:48Z
nfl,NYJ,CLE,2026-10-11T17:00:00Z,KC Concepcion,rec_yds,fanduel,Over,38.5,-114,9db4ed15fe34fca1fb62f040cd244591,2026-10-09T17:19:48Z
nfl,NYJ,CLE,2026-10-11T17:00:00Z,KC Concepcion,rec_yds,fanduel,Under,38.5,-114,9db4ed15fe34fca1fb62f040cd244591,2026-10-09T17:19:48Z
nfl,NYJ,CLE,2026-10-11T17:00:00Z,Denzel Boston,rec_yds,fanduel,Over,47.5,-114,9db4ed15fe34fca1fb62f040cd244591,2026-10-09T17:19:48Z
nfl,NYJ,CLE,2026-10-11T17:00:00Z,Denzel Boston,rec_yds,fanduel,Under,47.5,-114,9db4ed15fe34fca1fb62f040cd244591,2026-10-09T17:19:48Z
nfl,NYJ,CLE,2026-10-11T17:00:00Z,Kenyon Sadiq,rec_yds,fanduel,Over,32.5,-114,9db4ed15fe34fca1fb62f040cd244591,2026-10-09T17:19:48Z
nfl,NYJ,CLE,2026-10-11T17:00:00Z,Kenyon Sadiq,rec_yds,fanduel,Under,32.5,-114,9db4ed15fe34fca1fb62f040cd244591,2026-10-09T17:19:48Z
nfl,NYJ,CLE,2026-10-11T17:00:00Z,Isaiah Williams,rec_yds,fanduel,Over,23.5,-114,9db4ed15fe34fca1fb62f040cd244591,2026-10-09T17:19:48Z
nfl,NYJ,CLE,2026-10-11T17:00:00Z,Isaiah Williams,rec_yds,fanduel,Under,23.5,-114,9db4ed15fe34fca1fb62f040cd244591,2026-10-09T17:19:48Z
nfl,NYJ,CLE,2026-10-11T17:00:00Z,Mason Taylor,receptions,fanduel,Over,1.5,-154,9db4ed15fe34fca1fb62f040cd244591,2026-10-09T17:19:48Z
nfl,NYJ,CLE,2026-10-11T17:00:00Z,Mason Taylor,receptions,fanduel,Under,1.5,116,9db4ed15fe34fca1fb62f040cd244591,2026-10-09T17:19:48Z
nfl,NYJ,CLE,2026-10-11T17:00:00Z,Quinshon Judkins,receptions,fanduel,Over,2.5,-144,9db4ed15fe34fca1fb62f040cd244591,2026-10-09T17:19:48Z
nfl,NYJ,CLE,2026-10-11T17:00:00Z,Quinshon Judkins,receptions,fanduel,Under,2.5,108,9db4ed15fe34fca1fb62f040cd244591,2026-10-09T17:19:48Z
nfl,NYJ,CLE,2026-10-11T17:00:00Z,Garrett Wilson,receptions,fanduel,Over,6.5,120,9db4ed15fe34fca1fb62f040cd244591,2026-10-09T17:19:48Z
nfl,NYJ,CLE,2026-10-11T17:00:00Z,Garrett Wilson,receptions,fanduel,Under,6.5,-160,9db4ed15fe34fca1fb62f040cd244591,2026-10-09T17:19:48Z
nfl,NYJ,CLE,2026-10-11T17:00:00Z,Jerry Jeudy,receptions,fanduel,Over,1.5,-106,9db4ed15fe34fca1fb62f040cd244591,2026-10-09T17:19:48Z
nfl,NYJ,CLE,2026-10-11T17:00:00Z,Jerry Jeudy,receptions,fanduel,Under,1.5,-125,9db4ed15fe34fca1fb62f040cd244591,2026-10-09T17:19:48Z
nfl,NYJ,CLE,2026-10-11T17:00:00Z,Raheim Sanders,receptions,fanduel,Over,1.5,-210,9db4ed15fe34fca1fb62f040cd244591,2026-10-09T17:19:48Z
nfl,NYJ,CLE,2026-10-11T17:00:00Z,Raheim Sanders,receptions,fanduel,Under,1.5,154,9db4ed15fe34fca1fb62f040cd244591,2026-10-09T17:19:48Z
nfl,NYJ,CLE,2026-10-11T17:00:00Z,Isaiah Williams,receptions,fanduel,Over,2.5,102,9db4ed15fe34fca1fb62f040cd244591,2026-10-09T17:19:48Z
nfl,NYJ,CLE,2026-10-11T17:00:00Z,Isaiah Williams,receptions,fanduel,Under,2.5,-136,9db4ed15fe34fca1fb62f040cd244591,2026-10-09T17:19:48Z
nfl,NYJ,CLE,2026-10-11T17:00:00Z,Kenyon Sadiq,receptions,fanduel,Over,3.5,102,9db4ed15fe34fca1fb62f040cd244591,2026-10-09T17:19:48Z
nfl,NYJ,CLE,2026-10-11T17:00:00Z,Kenyon Sadiq,receptions,fanduel,Under,3.5,-136,9db4ed15fe34fca1fb62f040cd244591,2026-10-09T17:19:48Z
nfl,NYJ,CLE,2026-10-11T17:00:00Z,Harold Fannin Jr.,receptions,fanduel,Over,4.5,118,9db4ed15fe34fca1fb62f040cd244591,2026-10-09T17:19:48Z
nfl,NYJ,CLE,2026-10-11T17:00:00Z,Harold Fannin Jr.,receptions,fanduel,Under,4.5,-158,9db4ed15fe34fca1fb62f040cd244591,2026-10-09T17:19:48Z
nfl,NYJ,CLE,2026-10-11T17:00:00Z,Denzel Boston,receptions,fanduel,Over,3.5,108,9db4ed15fe34fca1fb62f040cd244591,2026-10-09T17:19:48Z
nfl,NYJ,CLE,2026-10-11T17:00:00Z,Denzel Boston,receptions,fanduel,Under,3.5,-144,9db4ed15fe34fca1fb62f040cd244591,2026-10-09T17:19:48Z
nfl,NYJ,CLE,2026-10-11T17:00:00Z,Braelon Allen,receptions,fanduel,Over,2.5,-102,9db4ed15fe34fca1fb62f040cd244591,2026-10-09T17:19:48Z
nfl,NYJ,CLE,2026-10-11T17:00:00Z,Braelon Allen,receptions,fanduel,Under,2.5,-130,9db4ed15fe34fca1fb62f040cd244591,2026-10-09T17:19:48Z
nfl,NYJ,CLE,2026-10-11T17:00:00Z,KC Concepcion,receptions,fanduel,Over,4.5,116,9db4ed15fe34fca1fb62f040cd244591,2026-10-09T17:19:48Z
nfl,NYJ,CLE,2026-10-11T17:00:00Z,KC Concepcion,receptions,fanduel,Under,4.5,-154,9db4ed15fe34fca1fb62f040cd244591,2026-10-09T17:19:48Z
nfl,NYJ,CLE,2026-10-11T17:00:00Z,Geno Smith,rush_yds,fanduel,Over,10.5,-114,9db4ed15fe34fca1fb62f040cd244591,2026-10-09T17:19:48Z
nfl,NYJ,CLE,2026-10-11T17:00:00Z,Geno Smith,rush_yds,fanduel,Under,10.5,-114,9db4ed15fe34fca1fb62f040cd244591,2026-10-09T17:19:48Z
nfl,NYJ,CLE,2026-10-11T17:00:00Z,Deshaun Watson,rush_yds,fanduel,Over,26.5,-114,9db4ed15fe34fca1fb62f040cd244591,2026-10-09T17:19:48Z
nfl,NYJ,CLE,2026-10-11T17:00:00Z,Deshaun Watson,rush_yds,fanduel,Under,26.5,-114,9db4ed15fe34fca1fb62f040cd244591,2026-10-09T17:19:48Z
nfl,NYJ,CLE,2026-10-11T17:00:00Z,Isaiah Davis,rush_yds,fanduel,Over,10.5,-114,9db4ed15fe34fca1fb62f040cd244591,2026-10-09T17:19:48Z
nfl,NYJ,CLE,2026-10-11T17:00:00Z,Isaiah Davis,rush_yds,fanduel,Under,10.5,-114,9db4ed15fe34fca1fb62f040cd244591,2026-10-09T17:19:48Z
nfl,NYJ,CLE,2026-10-11T17:00:00Z,Braelon Allen,rush_yds,fanduel,Over,71.5,-114,9db4ed15fe34fca1fb62f040cd244591,2026-10-09T17:19:48Z
nfl,NYJ,CLE,2026-10-11T17:00:00Z,Braelon Allen,rush_yds,fanduel,Under,71.5,-114,9db4ed15fe34fca1fb62f040cd244591,2026-10-09T17:19:48Z
nfl,NYJ,CLE,2026-10-11T17:00:00Z,Quinshon Judkins,rush_yds,fanduel,Over,59.5,-114,9db4ed15fe34fca1fb62f040cd244591,2026-10-09T17:19:48Z
nfl,NYJ,CLE,2026-10-11T17:00:00Z,Quinshon Judkins,rush_yds,fanduel,Under,59.5,-114,9db4ed15fe34fca1fb62f040cd244591,2026-10-09T17:19:48Z
nfl,NYJ,CLE,2026-10-11T17:00:00Z,Malik McClain,anytime_td,betrivers,Yes,,1000,9db4ed15fe34fca1fb62f040cd244591,2026-10-09T17:20:19Z
nfl,NYJ,CLE,2026-10-11T17:00:00Z,Jeremy Ruckert,anytime_td,betrivers,Yes,,1100,9db4ed15fe34fca1fb62f040cd244591,2026-10-09T17:20:19Z
nfl,NYJ,CLE,2026-10-11T17:00:00Z,Isaiah Bond,anytime_td,betrivers,Yes,,1800,9db4ed15fe34fca1fb62f040cd244591,2026-10-09T17:20:19Z
nfl,NYJ,CLE,2026-10-11T17:00:00Z,Jelani Woods,anytime_td,betrivers,Yes,,1500,9db4ed15fe34fca1fb62f040cd244591,2026-10-09T17:20:19Z
nfl,NYJ,CLE,2026-10-11T17:00:00Z,Malachi Corley,anytime_td,betrivers,Yes,,1300,9db4ed15fe34fca1fb62f040cd244591,2026-10-09T17:20:19Z
nfl,NYJ,CLE,2026-10-11T17:00:00Z,Carsen Ryan,anytime_td,betrivers,Yes,,2500,9db4ed15fe34fca1fb62f040cd244591,2026-10-09T17:20:19Z
nfl,NYJ,CLE,2026-10-11T17:00:00Z,Deshaun Watson,anytime_td,betrivers,Yes,,390,9db4ed15fe34fca1fb62f040cd244591,2026-10-09T17:20:19Z
nfl,NYJ,CLE,2026-10-11T17:00:00Z,Isaiah Davis,anytime_td,betrivers,Yes,,420,9db4ed15fe34fca1fb62f040cd244591,2026-10-09T17:20:19Z
nfl,NYJ,CLE,2026-10-11T17:00:00Z,Jaleel McLaughlin,anytime_td,betrivers,Yes,,1200,9db4ed15fe34fca1fb62f040cd244591,2026-10-09T17:20:19Z
nfl,NYJ,CLE,2026-10-11T17:00:00Z,Raheim Sanders,anytime_td,betrivers,Yes,,850,9db4ed15fe34fca1fb62f040cd244591,2026-10-09T17:20:19Z
nfl,NYJ,CLE,2026-10-11T17:00:00Z,KC Concepcion,anytime_td,betrivers,Yes,,230,9db4ed15fe34fca1fb62f040cd244591,2026-10-09T17:20:19Z
nfl,NYJ,CLE,2026-10-11T17:00:00Z,Kene Nwangwu,anytime_td,betrivers,Yes,,1100,9db4ed15fe34fca1fb62f040cd244591,2026-10-09T17:20:19Z
nfl,NYJ,CLE,2026-10-11T17:00:00Z,Jamaal Pritchett,anytime_td,betrivers,Yes,,1500,9db4ed15fe34fca1fb62f040cd244591,2026-10-09T17:20:19Z
nfl,NYJ,CLE,2026-10-11T17:00:00Z,Garrett Wilson,anytime_td,betrivers,Yes,,150,9db4ed15fe34fca1fb62f040cd244591,2026-10-09T17:20:19Z
nfl,NYJ,CLE,2026-10-11T17:00:00Z,Harold Fannin Jr.,anytime_td,betrivers,Yes,,215,9db4ed15fe34fca1fb62f040cd244591,2026-10-09T17:20:19Z
nfl,NYJ,CLE,2026-10-11T17:00:00Z,Mason Taylor,anytime_td,betrivers,Yes,,460,9db4ed15fe34fca1fb62f040cd244591,2026-10-09T17:20:19Z
nfl,NYJ,CLE,2026-10-11T17:00:00Z,Tylan Wallace,anytime_td,betrivers,Yes,,1900,9db4ed15fe34fca1fb62f040cd244591,2026-10-09T17:20:19Z
nfl,NYJ,CLE,2026-10-11T17:00:00Z,Jerry Jeudy,anytime_td,betrivers,Yes,,700,9db4ed15fe34fca1fb62f040cd244591,2026-10-09T17:20:19Z
nfl,NYJ,CLE,2026-10-11T17:00:00Z,Quinshon Judkins,anytime_td,betrivers,Yes,,128,9db4ed15fe34fca1fb62f040cd244591,2026-10-09T17:20:19Z
nfl,NYJ,CLE,2026-10-11T17:00:00Z,Michael Burton,anytime_td,betrivers,Yes,,3000,9db4ed15fe34fca1fb62f040cd244591,2026-10-09T17:20:19Z
nfl,NYJ,CLE,2026-10-11T17:00:00Z,Blake Whiteheart,anytime_td,betrivers,Yes,,1300,9db4ed15fe34fca1fb62f040cd244591,2026-10-09T17:20:19Z
nfl,NYJ,CLE,2026-10-11T17:00:00Z,Kenyon Sadiq,anytime_td,betrivers,Yes,,250,9db4ed15fe34fca1fb62f040cd244591,2026-10-09T17:20:19Z
nfl,NYJ,CLE,2026-10-11T17:00:00Z,Isaiah Williams,anytime_td,betrivers,Yes,,340,9db4ed15fe34fca1fb62f040cd244591,2026-10-09T17:20:19Z
nfl,NYJ,CLE,2026-10-11T17:00:00Z,Geno Smith,anytime_td,betrivers,Yes,,700,9db4ed15fe34fca1fb62f040cd244591,2026-10-09T17:20:19Z
nfl,NYJ,CLE,2026-10-11T17:00:00Z,Braelon Allen,anytime_td,betrivers,Yes,,102,9db4ed15fe34fca1fb62f040cd244591,2026-10-09T17:20:19Z
nfl,NYJ,CLE,2026-10-11T17:00:00Z,Denzel Boston,anytime_td,betrivers,Yes,,195,9db4ed15fe34fca1fb62f040cd244591,2026-10-09T17:20:19Z
nfl,NYJ,CLE,2026-10-11T17:00:00Z,Geno Smith,completions,betrivers,Over,20.5,102,9db4ed15fe34fca1fb62f040cd244591,2026-10-09T17:20:19Z
nfl,NYJ,CLE,2026-10-11T17:00:00Z,Deshaun Watson,completions,betrivers,Over,19.5,-118,9db4ed15fe34fca1fb62f040cd244591,2026-10-09T17:20:19Z
nfl,NYJ,CLE,2026-10-11T17:00:00Z,Geno Smith,pass_td,betrivers,Over,1.5,155,9db4ed15fe34fca1fb62f040cd244591,2026-10-09T17:20:19Z
nfl,NYJ,CLE,2026-10-11T17:00:00Z,Geno Smith,pass_td,betrivers,Under,1.5,-210,9db4ed15fe34fca1fb62f040cd244591,2026-10-09T17:20:19Z
nfl,NYJ,CLE,2026-10-11T17:00:00Z,Deshaun Watson,pass_td,betrivers,Over,1.5,160,9db4ed15fe34fca1fb62f040cd244591,2026-10-09T17:20:19Z
nfl,NYJ,CLE,2026-10-11T17:00:00Z,Deshaun Watson,pass_td,betrivers,Under,1.5,-220,9db4ed15fe34fca1fb62f040cd244591,2026-10-09T17:20:19Z
nfl,NYJ,CLE,2026-10-11T17:00:00Z,Geno Smith,pass_yds,betrivers,Over,201.5,-115,9db4ed15fe34fca1fb62f040cd244591,2026-10-09T17:20:19Z
nfl,NYJ,CLE,2026-10-11T17:00:00Z,Geno Smith,pass_yds,betrivers,Under,201.5,-115,9db4ed15fe34fca1fb62f040cd244591,2026-10-09T17:20:19Z
nfl,NYJ,CLE,2026-10-11T17:00:00Z,Deshaun Watson,pass_yds,betrivers,Over,198.5,-115,9db4ed15fe34fca1fb62f040cd244591,2026-10-09T17:20:19Z
nfl,NYJ,CLE,2026-10-11T17:00:00Z,Deshaun Watson,pass_yds,betrivers,Under,198.5,-115,9db4ed15fe34fca1fb62f040cd244591,2026-10-09T17:20:19Z
nfl,NYJ,CLE,2026-10-11T17:00:00Z,Jerry Jeudy,rec_yds,betrivers,Over,15.5,-113,9db4ed15fe34fca1fb62f040cd244591,2026-10-09T17:20:19Z
nfl,NYJ,CLE,2026-10-11T17:00:00Z,Jerry Jeudy,rec_yds,betrivers,Under,15.5,-118,9db4ed15fe34fca1fb62f040cd244591,2026-10-09T17:20:19Z
nfl,NYJ,CLE,2026-10-11T17:00:00Z,Kenyon Sadiq,rec_yds,betrivers,Over,31.5,-117,9db4ed15fe34fca1fb62f040cd244591,2026-10-09T17:20:19Z
nfl,NYJ,CLE,2026-10-11T17:00:00Z,Kenyon Sadiq,rec_yds,betrivers,Under,31.5,-114,9db4ed15fe34fca1fb62f040cd244591,2026-10-09T17:20:19Z
nfl,NYJ,CLE,2026-10-11T17:00:00Z,Braelon Allen,rec_yds,betrivers,Over,12.5,-115,9db4ed15fe34fca1fb62f040cd244591,2026-10-09T17:20:19Z
nfl,NYJ,CLE,2026-10-11T17:00:00Z,Braelon Allen,rec_yds,betrivers,Under,12.5,-115,9db4ed15fe34fca1fb62f040cd244591,2026-10-09T17:20:19Z
nfl,NYJ,CLE,2026-10-11T17:00:00Z,Isaiah Williams,rec_yds,betrivers,Over,22.5,-113,9db4ed15fe34fca1fb62f040cd244591,2026-10-09T17:20:19Z
nfl,NYJ,CLE,2026-10-11T17:00:00Z,Isaiah Williams,rec_yds,betrivers,Under,22.5,-118,9db4ed15fe34fca1fb62f040cd244591,2026-10-09T17:20:19Z
nfl,NYJ,CLE,2026-10-11T17:00:00Z,Quinshon Judkins,rec_yds,betrivers,Over,14.5,-110,9db4ed15fe34fca1fb62f040cd244591,2026-10-09T17:20:19Z
nfl,NYJ,CLE,2026-10-11T17:00:00Z,Quinshon Judkins,rec_yds,betrivers,Under,14.5,-121,9db4ed15fe34fca1fb62f040cd244591,2026-10-09T17:20:19Z
nfl,NYJ,CLE,2026-10-11T17:00:00Z,Mason Taylor,rec_yds,betrivers,Over,13.5,-120,9db4ed15fe34fca1fb62f040cd244591,2026-10-09T17:20:19Z
nfl,NYJ,CLE,2026-10-11T17:00:00Z,Mason Taylor,rec_yds,betrivers,Under,13.5,-112,9db4ed15fe34fca1fb62f040cd244591,2026-10-09T17:20:19Z
nfl,NYJ,CLE,2026-10-11T17:00:00Z,KC Concepcion,rec_yds,betrivers,Over,37.5,-115,9db4ed15fe34fca1fb62f040cd244591,2026-10-09T17:20:19Z
nfl,NYJ,CLE,2026-10-11T17:00:00Z,KC Concepcion,rec_yds,betrivers,Under,37.5,-115,9db4ed15fe34fca1fb62f040cd244591,2026-10-09T17:20:19Z
nfl,NYJ,CLE,2026-10-11T17:00:00Z,Denzel Boston,rec_yds,betrivers,Over,48.5,-113,9db4ed15fe34fca1fb62f040cd244591,2026-10-09T17:20:19Z
nfl,NYJ,CLE,2026-10-11T17:00:00Z,Denzel Boston,rec_yds,betrivers,Under,48.5,-118,9db4ed15fe34fca1fb62f040cd244591,2026-10-09T17:20:19Z
nfl,NYJ,CLE,2026-10-11T17:00:00Z,Garrett Wilson,rec_yds,betrivers,Over,68.5,-115,9db4ed15fe34fca1fb62f040cd244591,2026-10-09T17:20:19Z
nfl,NYJ,CLE,2026-10-11T17:00:00Z,Garrett Wilson,rec_yds,betrivers,Under,68.5,-114,9db4ed15fe34fca1fb62f040cd244591,2026-10-09T17:20:19Z
nfl,NYJ,CLE,2026-10-11T17:00:00Z,Harold Fannin Jr.,rec_yds,betrivers,Over,37.5,-113,9db4ed15fe34fca1fb62f040cd244591,2026-10-09T17:20:19Z
nfl,NYJ,CLE,2026-10-11T17:00:00Z,Harold Fannin Jr.,rec_yds,betrivers,Under,37.5,-118,9db4ed15fe34fca1fb62f040cd244591,2026-10-09T17:20:19Z
nfl,NYJ,CLE,2026-10-11T17:00:00Z,Isaiah Williams,receptions,betrivers,Over,2.5,112,9db4ed15fe34fca1fb62f040cd244591,2026-10-09T17:20:19Z
nfl,NYJ,CLE,2026-10-11T17:00:00Z,Quinshon Judkins,receptions,betrivers,Over,2.5,-150,9db4ed15fe34fca1fb62f040cd244591,2026-10-09T17:20:19Z
nfl,NYJ,CLE,2026-10-11T17:00:00Z,Mason Taylor,receptions,betrivers,Over,1.5,-150,9db4ed15fe34fca1fb62f040cd244591,2026-10-09T17:20:19Z
nfl,NYJ,CLE,2026-10-11T17:00:00Z,Braelon Allen,receptions,betrivers,Over,2.5,-103,9db4ed15fe34fca1fb62f040cd244591,2026-10-09T17:20:19Z
nfl,NYJ,CLE,2026-10-11T17:00:00Z,Jerry Jeudy,receptions,betrivers,Over,1.5,116,9db4ed15fe34fca1fb62f040cd244591,2026-10-09T17:20:19Z
nfl,NYJ,CLE,2026-10-11T17:00:00Z,Kenyon Sadiq,receptions,betrivers,Over,3.5,-118,9db4ed15fe34fca1fb62f040cd244591,2026-10-09T17:20:19Z
nfl,NYJ,CLE,2026-10-11T17:00:00Z,Garrett Wilson,receptions,betrivers,Over,6.5,102,9db4ed15fe34fca1fb62f040cd244591,2026-10-09T17:20:19Z
nfl,NYJ,CLE,2026-10-11T17:00:00Z,Denzel Boston,receptions,betrivers,Over,3.5,110,9db4ed15fe34fca1fb62f040cd244591,2026-10-09T17:20:19Z
nfl,NYJ,CLE,2026-10-11T17:00:00Z,Harold Fannin Jr.,receptions,betrivers,Over,4.5,116,9db4ed15fe34fca1fb62f040cd244591,2026-10-09T17:20:19Z
nfl,NYJ,CLE,2026-10-11T17:00:00Z,KC Concepcion,receptions,betrivers,Over,4.5,123,9db4ed15fe34fca1fb62f040cd244591,2026-10-09T17:20:19Z
nfl,NYJ,CLE,2026-10-11T17:00:00Z,Geno Smith,rush_yds,betrivers,Over,10.5,-121,9db4ed15fe34fca1fb62f040cd244591,2026-10-09T17:20:19Z
nfl,NYJ,CLE,2026-10-11T17:00:00Z,Geno Smith,rush_yds,betrivers,Under,10.5,-110,9db4ed15fe34fca1fb62f040cd244591,2026-10-09T17:20:19Z
nfl,NYJ,CLE,2026-10-11T17:00:00Z,Quinshon Judkins,rush_yds,betrivers,Over,60.5,-113,9db4ed15fe34fca1fb62f040cd244591,2026-10-09T17:20:19Z
nfl,NYJ,CLE,2026-10-11T17:00:00Z,Quinshon Judkins,rush_yds,betrivers,Under,60.5,-118,9db4ed15fe34fca1fb62f040cd244591,2026-10-09T17:20:19Z
nfl,NYJ,CLE,2026-10-11T17:00:00Z,Braelon Allen,rush_yds,betrivers,Over,71.5,-114,9db4ed15fe34fca1fb62f040cd244591,2026-10-09T17:20:19Z
nfl,NYJ,CLE,2026-10-11T17:00:00Z,Braelon Allen,rush_yds,betrivers,Under,71.5,-117,9db4ed15fe34fca1fb62f040cd244591,2026-10-09T17:20:19Z
nfl,NYJ,CLE,2026-10-11T17:00:00Z,Deshaun Watson,rush_yds,betrivers,Over,25.5,-118,9db4ed15fe34fca1fb62f040cd244591,2026-10-09T17:20:19Z
nfl,NYJ,CLE,2026-10-11T17:00:00Z,Deshaun Watson,rush_yds,betrivers,Under,25.5,-112,9db4ed15fe34fca1fb62f040cd244591,2026-10-09T17:20:19Z
nfl,NYJ,CLE,2026-10-11T17:00:00Z,Isaiah Davis,rush_yds,betrivers,Over,10.5,-117,9db4ed15fe34fca1fb62f040cd244591,2026-10-09T17:20:19Z
nfl,NYJ,CLE,2026-10-11T17:00:00Z,Isaiah Davis,rush_yds,betrivers,Under,10.5,-114,9db4ed15fe34fca1fb62f040cd244591,2026-10-09T17:20:19Z
nfl,NYJ,CLE,2026-10-11T17:00:00Z,Blake Whiteheart,anytime_td,betmgm,Yes,,1150,9db4ed15fe34fca1fb62f040cd244591,2026-10-09T17:20:15Z
nfl,NYJ,CLE,2026-10-11T17:00:00Z,Kenyon Sadiq,anytime_td,betmgm,Yes,,280,9db4ed15fe34fca1fb62f040cd244591,2026-10-09T17:20:15Z
nfl,NYJ,CLE,2026-10-11T17:00:00Z,Garrett Wilson,anytime_td,betmgm,Yes,,150,9db4ed15fe34fca1fb62f040cd244591,2026-10-09T17:20:15Z
nfl,NYJ,CLE,2026-10-11T17:00:00Z,KC Concepcion,anytime_td,betmgm,Yes,,300,9db4ed15fe34fca1fb62f040cd244591,2026-10-09T17:20:15Z
nfl,NYJ,CLE,2026-10-11T17:00:00Z,Raheim Sanders,anytime_td,betmgm,Yes,,525,9db4ed15fe34fca1fb62f040cd244591,2026-10-09T17:20:15Z
nfl,NYJ,CLE,2026-10-11T17:00:00Z,Isaiah Bond,anytime_td,betmgm,Yes,,1900,9db4ed15fe34fca1fb62f040cd244591,2026-10-09T17:20:15Z
nfl,NYJ,CLE,2026-10-11T17:00:00Z,Andrew Beck,anytime_td,betmgm,Yes,,2800,9db4ed15fe34fca1fb62f040cd244591,2026-10-09T17:20:15Z
nfl,NYJ,CLE,2026-10-11T17:00:00Z,Isaiah Davis,anytime_td,betmgm,Yes,,500,9db4ed15fe34fca1fb62f040cd244591,2026-10-09T17:20:15Z
nfl,NYJ,CLE,2026-10-11T17:00:00Z,Denzel Boston,anytime_td,betmgm,Yes,,225,9db4ed15fe34fca1fb62f040cd244591,2026-10-09T17:20:15Z
nfl,NYJ,CLE,2026-10-11T17:00:00Z,Carsen Ryan,anytime_td,betmgm,Yes,,3500,9db4ed15fe34fca1fb62f040cd244591,2026-10-09T17:20:15Z
nfl,NYJ,CLE,2026-10-11T17:00:00Z,Jeremy Ruckert,anytime_td,betmgm,Yes,,1050,9db4ed15fe34fca1fb62f040cd244591,2026-10-09T17:20:15Z
nfl,NYJ,CLE,2026-10-11T17:00:00Z,New York Jets D/ST,anytime_td,betmgm,Yes,,475,9db4ed15fe34fca1fb62f040cd244591,2026-10-09T17:20:15Z
nfl,NYJ,CLE,2026-10-11T17:00:00Z,Deshaun Watson,anytime_td,betmgm,Yes,,290,9db4ed15fe34fca1fb62f040cd244591,2026-10-09T17:20:15Z
nfl,NYJ,CLE,2026-10-11T17:00:00Z,Braelon Allen,anytime_td,betmgm,Yes,,-115,9db4ed15fe34fca1fb62f040cd244591,2026-10-09T17:20:15Z
nfl,NYJ,CLE,2026-10-11T17:00:00Z,Cleveland Browns D/ST,anytime_td,betmgm,Yes,,525,9db4ed15fe34fca1fb62f040cd244591,2026-10-09T17:20:15Z
nfl,NYJ,CLE,2026-10-11T17:00:00Z,Jerry Jeudy,anytime_td,betmgm,Yes,,650,9db4ed15fe34fca1fb62f040cd244591,2026-10-09T17:20:15Z
nfl,NYJ,CLE,2026-10-11T17:00:00Z,Harold Fannin Jr.,anytime_td,betmgm,Yes,,270,9db4ed15fe34fca1fb62f040cd244591,2026-10-09T17:20:15Z
nfl,NYJ,CLE,2026-10-11T17:00:00Z,Malachi Corley,anytime_td,betmgm,Yes,,2000,9db4ed15fe34fca1fb62f040cd244591,2026-10-09T17:20:15Z
nfl,NYJ,CLE,2026-10-11T17:00:00Z,Geno Smith,anytime_td,betmgm,Yes,,650,9db4ed15fe34fca1fb62f040cd244591,2026-10-09T17:20:15Z
nfl,NYJ,CLE,2026-10-11T17:00:00Z,Quinshon Judkins,anytime_td,betmgm,Yes,,125,9db4ed15fe34fca1fb62f040cd244591,2026-10-09T17:20:15Z
nfl,NYJ,CLE,2026-10-11T17:00:00Z,Jaleel McLaughlin,anytime_td,betmgm,Yes,,1600,9db4ed15fe34fca1fb62f040cd244591,2026-10-09T17:20:15Z
nfl,NYJ,CLE,2026-10-11T17:00:00Z,Isaiah Williams,anytime_td,betmgm,Yes,,475,9db4ed15fe34fca1fb62f040cd244591,2026-10-09T17:20:15Z
nfl,NYJ,CLE,2026-10-11T17:00:00Z,Mason Taylor,anytime_td,betmgm,Yes,,525,9db4ed15fe34fca1fb62f040cd244591,2026-10-09T17:20:15Z
nfl,NYJ,CLE,2026-10-11T17:00:00Z,Jamaal Pritchett,anytime_td,betmgm,Yes,,2800,9db4ed15fe34fca1fb62f040cd244591,2026-10-09T17:20:15Z
nfl,NYJ,CLE,2026-10-11T17:00:00Z,Jelani Woods,anytime_td,betmgm,Yes,,1850,9db4ed15fe34fca1fb62f040cd244591,2026-10-09T17:20:15Z
nfl,NYJ,CLE,2026-10-11T17:00:00Z,Kene Nwangwu,anytime_td,betmgm,Yes,,3500,9db4ed15fe34fca1fb62f040cd244591,2026-10-09T17:20:15Z
nfl,NYJ,CLE,2026-10-11T17:00:00Z,Deshaun Watson,pass_att,betmgm,Over,30.5,-120,9db4ed15fe34fca1fb62f040cd244591,2026-10-09T17:20:15Z
nfl,NYJ,CLE,2026-10-11T17:00:00Z,Deshaun Watson,pass_att,betmgm,Under,30.5,-110,9db4ed15fe34fca1fb62f040cd244591,2026-10-09T17:20:15Z
nfl,NYJ,CLE,2026-10-11T17:00:00Z,Geno Smith,pass_att,betmgm,Over,30.5,-130,9db4ed15fe34fca1fb62f040cd244591,2026-10-09T17:20:15Z
nfl,NYJ,CLE,2026-10-11T17:00:00Z,Geno Smith,pass_att,betmgm,Under,30.5,-105,9db4ed15fe34fca1fb62f040cd244591,2026-10-09T17:20:15Z
nfl,NYJ,CLE,2026-10-11T17:00:00Z,Geno Smith,completions,betmgm,Over,20.5,-115,9db4ed15fe34fca1fb62f040cd244591,2026-10-09T17:20:15Z
nfl,NYJ,CLE,2026-10-11T17:00:00Z,Geno Smith,completions,betmgm,Under,20.5,-115,9db4ed15fe34fca1fb62f040cd244591,2026-10-09T17:20:15Z
nfl,NYJ,CLE,2026-10-11T17:00:00Z,Deshaun Watson,completions,betmgm,Over,19.5,-135,9db4ed15fe34fca1fb62f040cd244591,2026-10-09T17:20:15Z
nfl,NYJ,CLE,2026-10-11T17:00:00Z,Deshaun Watson,completions,betmgm,Under,19.5,100,9db4ed15fe34fca1fb62f040cd244591,2026-10-09T17:20:15Z
nfl,NYJ,CLE,2026-10-11T17:00:00Z,Geno Smith,pass_td,betmgm,Over,1.5,145,9db4ed15fe34fca1fb62f040cd244591,2026-10-09T17:20:15Z
nfl,NYJ,CLE,2026-10-11T17:00:00Z,Geno Smith,pass_td,betmgm,Under,1.5,-200,9db4ed15fe34fca1fb62f040cd244591,2026-10-09T17:20:15Z
nfl,NYJ,CLE,2026-10-11T17:00:00Z,Deshaun Watson,pass_td,betmgm,Over,1.5,155,9db4ed15fe34fca1fb62f040cd244591,2026-10-09T17:20:15Z
nfl,NYJ,CLE,2026-10-11T17:00:00Z,Deshaun Watson,pass_td,betmgm,Under,1.5,-210,9db4ed15fe34fca1fb62f040cd244591,2026-10-09T17:20:15Z
nfl,NYJ,CLE,2026-10-11T17:00:00Z,Deshaun Watson,pass_yds,betmgm,Over,203.5,-115,9db4ed15fe34fca1fb62f040cd244591,2026-10-09T17:20:15Z
nfl,NYJ,CLE,2026-10-11T17:00:00Z,Deshaun Watson,pass_yds,betmgm,Under,203.5,-115,9db4ed15fe34fca1fb62f040cd244591,2026-10-09T17:20:15Z
nfl,NYJ,CLE,2026-10-11T17:00:00Z,Geno Smith,pass_yds,betmgm,Over,209.5,-115,9db4ed15fe34fca1fb62f040cd244591,2026-10-09T17:20:15Z
nfl,NYJ,CLE,2026-10-11T17:00:00Z,Geno Smith,pass_yds,betmgm,Under,209.5,-115,9db4ed15fe34fca1fb62f040cd244591,2026-10-09T17:20:15Z
nfl,NYJ,CLE,2026-10-11T17:00:00Z,KC Concepcion,rec_yds,betmgm,Over,42.5,-115,9db4ed15fe34fca1fb62f040cd244591,2026-10-09T17:20:15Z
nfl,NYJ,CLE,2026-10-11T17:00:00Z,KC Concepcion,rec_yds,betmgm,Under,42.5,-115,9db4ed15fe34fca1fb62f040cd244591,2026-10-09T17:20:15Z
nfl,NYJ,CLE,2026-10-11T17:00:00Z,Denzel Boston,rec_yds,betmgm,Over,45.5,-115,9db4ed15fe34fca1fb62f040cd244591,2026-10-09T17:20:15Z
nfl,NYJ,CLE,2026-10-11T17:00:00Z,Denzel Boston,rec_yds,betmgm,Under,45.5,-115,9db4ed15fe34fca1fb62f040cd244591,2026-10-09T17:20:15Z
nfl,NYJ,CLE,2026-10-11T17:00:00Z,Harold Fannin Jr.,rec_yds,betmgm,Over,36.5,-115,9db4ed15fe34fca1fb62f040cd244591,2026-10-09T17:20:15Z
nfl,NYJ,CLE,2026-10-11T17:00:00Z,Harold Fannin Jr.,rec_yds,betmgm,Under,36.5,-115,9db4ed15fe34fca1fb62f040cd244591,2026-10-09T17:20:15Z
nfl,NYJ,CLE,2026-10-11T17:00:00Z,Quinshon Judkins,rec_yds,betmgm,Over,15.5,-111,9db4ed15fe34fca1fb62f040cd244591,2026-10-09T17:20:15Z
nfl,NYJ,CLE,2026-10-11T17:00:00Z,Quinshon Judkins,rec_yds,betmgm,Under,15.5,-120,9db4ed15fe34fca1fb62f040cd244591,2026-10-09T17:20:15Z
nfl,NYJ,CLE,2026-10-11T17:00:00Z,Raheim Sanders,rec_yds,betmgm,Over,12.5,-115,9db4ed15fe34fca1fb62f040cd244591,2026-10-09T17:20:15Z
nfl,NYJ,CLE,2026-10-11T17:00:00Z,Raheim Sanders,rec_yds,betmgm,Under,12.5,-115,9db4ed15fe34fca1fb62f040cd244591,2026-10-09T17:20:15Z
nfl,NYJ,CLE,2026-10-11T17:00:00Z,Jerry Jeudy,rec_yds,betmgm,Over,15.5,-115,9db4ed15fe34fca1fb62f040cd244591,2026-10-09T17:20:15Z
nfl,NYJ,CLE,2026-10-11T17:00:00Z,Jerry Jeudy,rec_yds,betmgm,Under,15.5,-115,9db4ed15fe34fca1fb62f040cd244591,2026-10-09T17:20:15Z
nfl,NYJ,CLE,2026-10-11T17:00:00Z,Garrett Wilson,rec_yds,betmgm,Over,72.5,-115,9db4ed15fe34fca1fb62f040cd244591,2026-10-09T17:20:15Z
nfl,NYJ,CLE,2026-10-11T17:00:00Z,Garrett Wilson,rec_yds,betmgm,Under,72.5,-115,9db4ed15fe34fca1fb62f040cd244591,2026-10-09T17:20:15Z
nfl,NYJ,CLE,2026-10-11T17:00:00Z,Kenyon Sadiq,rec_yds,betmgm,Over,34.5,-111,9db4ed15fe34fca1fb62f040cd244591,2026-10-09T17:20:15Z
nfl,NYJ,CLE,2026-10-11T17:00:00Z,Kenyon Sadiq,rec_yds,betmgm,Under,34.5,-118,9db4ed15fe34fca1fb62f040cd244591,2026-10-09T17:20:15Z
nfl,NYJ,CLE,2026-10-11T17:00:00Z,Mason Taylor,rec_yds,betmgm,Over,13.5,-120,9db4ed15fe34fca1fb62f040cd244591,2026-10-09T17:20:15Z
nfl,NYJ,CLE,2026-10-11T17:00:00Z,Mason Taylor,rec_yds,betmgm,Under,13.5,-110,9db4ed15fe34fca1fb62f040cd244591,2026-10-09T17:20:15Z
nfl,NYJ,CLE,2026-10-11T17:00:00Z,Braelon Allen,rec_yds,betmgm,Over,16.5,-120,9db4ed15fe34fca1fb62f040cd244591,2026-10-09T17:20:15Z
nfl,NYJ,CLE,2026-10-11T17:00:00Z,Braelon Allen,rec_yds,betmgm,Under,16.5,-110,9db4ed15fe34fca1fb62f040cd244591,2026-10-09T17:20:15Z
nfl,NYJ,CLE,2026-10-11T17:00:00Z,Isaiah Williams,rec_yds,betmgm,Over,21.5,-120,9db4ed15fe34fca1fb62f040cd244591,2026-10-09T17:20:15Z
nfl,NYJ,CLE,2026-10-11T17:00:00Z,Isaiah Williams,rec_yds,betmgm,Under,21.5,-111,9db4ed15fe34fca1fb62f040cd244591,2026-10-09T17:20:15Z
nfl,NYJ,CLE,2026-10-11T17:00:00Z,Harold Fannin Jr.,receptions,betmgm,Over,3.5,-175,9db4ed15fe34fca1fb62f040cd244591,2026-10-09T17:20:15Z
nfl,NYJ,CLE,2026-10-11T17:00:00Z,Harold Fannin Jr.,receptions,betmgm,Under,3.5,130,9db4ed15fe34fca1fb62f040cd244591,2026-10-09T17:20:15Z
nfl,NYJ,CLE,2026-10-11T17:00:00Z,Denzel Boston,receptions,betmgm,Over,3.5,100,9db4ed15fe34fca1fb62f040cd244591,2026-10-09T17:20:15Z
nfl,NYJ,CLE,2026-10-11T17:00:00Z,Denzel Boston,receptions,betmgm,Under,3.5,-135,9db4ed15fe34fca1fb62f040cd244591,2026-10-09T17:20:15Z
nfl,NYJ,CLE,2026-10-11T17:00:00Z,KC Concepcion,receptions,betmgm,Over,4.5,100,9db4ed15fe34fca1fb62f040cd244591,2026-10-09T17:20:15Z
nfl,NYJ,CLE,2026-10-11T17:00:00Z,KC Concepcion,receptions,betmgm,Under,4.5,-135,9db4ed15fe34fca1fb62f040cd244591,2026-10-09T17:20:15Z
nfl,NYJ,CLE,2026-10-11T17:00:00Z,Garrett Wilson,receptions,betmgm,Over,6.5,115,9db4ed15fe34fca1fb62f040cd244591,2026-10-09T17:20:15Z
nfl,NYJ,CLE,2026-10-11T17:00:00Z,Garrett Wilson,receptions,betmgm,Under,6.5,-155,9db4ed15fe34fca1fb62f040cd244591,2026-10-09T17:20:15Z
nfl,NYJ,CLE,2026-10-11T17:00:00Z,Quinshon Judkins,receptions,betmgm,Over,2.5,-135,9db4ed15fe34fca1fb62f040cd244591,2026-10-09T17:20:15Z
nfl,NYJ,CLE,2026-10-11T17:00:00Z,Quinshon Judkins,receptions,betmgm,Under,2.5,100,9db4ed15fe34fca1fb62f040cd244591,2026-10-09T17:20:15Z
nfl,NYJ,CLE,2026-10-11T17:00:00Z,Raheim Sanders,receptions,betmgm,Over,2.5,140,9db4ed15fe34fca1fb62f040cd244591,2026-10-09T17:20:15Z
nfl,NYJ,CLE,2026-10-11T17:00:00Z,Raheim Sanders,receptions,betmgm,Under,2.5,-190,9db4ed15fe34fca1fb62f040cd244591,2026-10-09T17:20:15Z
nfl,NYJ,CLE,2026-10-11T17:00:00Z,Jerry Jeudy,receptions,betmgm,Over,1.5,-105,9db4ed15fe34fca1fb62f040cd244591,2026-10-09T17:20:15Z
nfl,NYJ,CLE,2026-10-11T17:00:00Z,Jerry Jeudy,receptions,betmgm,Under,1.5,-125,9db4ed15fe34fca1fb62f040cd244591,2026-10-09T17:20:15Z
nfl,NYJ,CLE,2026-10-11T17:00:00Z,Kenyon Sadiq,receptions,betmgm,Over,3.5,-105,9db4ed15fe34fca1fb62f040cd244591,2026-10-09T17:20:15Z
nfl,NYJ,CLE,2026-10-11T17:00:00Z,Kenyon Sadiq,receptions,betmgm,Under,3.5,-125,9db4ed15fe34fca1fb62f040cd244591,2026-10-09T17:20:15Z
nfl,NYJ,CLE,2026-10-11T17:00:00Z,Mason Taylor,receptions,betmgm,Over,1.5,-165,9db4ed15fe34fca1fb62f040cd244591,2026-10-09T17:20:15Z
nfl,NYJ,CLE,2026-10-11T17:00:00Z,Mason Taylor,receptions,betmgm,Under,1.5,125,9db4ed15fe34fca1fb62f040cd244591,2026-10-09T17:20:15Z
nfl,NYJ,CLE,2026-10-11T17:00:00Z,Isaiah Williams,receptions,betmgm,Over,2.5,-105,9db4ed15fe34fca1fb62f040cd244591,2026-10-09T17:20:15Z
nfl,NYJ,CLE,2026-10-11T17:00:00Z,Isaiah Williams,receptions,betmgm,Under,2.5,-125,9db4ed15fe34fca1fb62f040cd244591,2026-10-09T17:20:15Z
nfl,NYJ,CLE,2026-10-11T17:00:00Z,Quinshon Judkins,rush_att,betmgm,Over,16.5,-105,9db4ed15fe34fca1fb62f040cd244591,2026-10-09T17:20:15Z
nfl,NYJ,CLE,2026-10-11T17:00:00Z,Quinshon Judkins,rush_att,betmgm,Under,16.5,-125,9db4ed15fe34fca1fb62f040cd244591,2026-10-09T17:20:15Z
nfl,NYJ,CLE,2026-10-11T17:00:00Z,Geno Smith,rush_yds,betmgm,Over,10.5,-110,9db4ed15fe34fca1fb62f040cd244591,2026-10-09T17:20:15Z
nfl,NYJ,CLE,2026-10-11T17:00:00Z,Geno Smith,rush_yds,betmgm,Under,10.5,-120,9db4ed15fe34fca1fb62f040cd244591,2026-10-09T17:20:15Z
nfl,NYJ,CLE,2026-10-11T17:00:00Z,Braelon Allen,rush_yds,betmgm,Over,72.5,-111,9db4ed15fe34fca1fb62f040cd244591,2026-10-09T17:20:15Z
nfl,NYJ,CLE,2026-10-11T17:00:00Z,Braelon Allen,rush_yds,betmgm,Under,72.5,-118,9db4ed15fe34fca1fb62f040cd244591,2026-10-09T17:20:15Z
nfl,NYJ,CLE,2026-10-11T17:00:00Z,Quinshon Judkins,rush_yds,betmgm,Over,57.5,-115,9db4ed15fe34fca1fb62f040cd244591,2026-10-09T17:20:15Z
nfl,NYJ,CLE,2026-10-11T17:00:00Z,Quinshon Judkins,rush_yds,betmgm,Under,57.5,-115,9db4ed15fe34fca1fb62f040cd244591,2026-10-09T17:20:15Z
nfl,NYJ,CLE,2026-10-11T17:00:00Z,Deshaun Watson,pass_att,espnbet,Over,31.5,100,9db4ed15fe34fca1fb62f040cd244591,2026-10-09T17:19:35Z
nfl,NYJ,CLE,2026-10-11T17:00:00Z,Deshaun Watson,pass_att,espnbet,Under,31.5,-130,9db4ed15fe34fca1fb62f040cd244591,2026-10-09T17:19:35Z
nfl,NYJ,CLE,2026-10-11T17:00:00Z,Deshaun Watson,completions,espnbet,Over,19.5,-115,9db4ed15fe34fca1fb62f040cd244591,2026-10-09T17:19:35Z
nfl,NYJ,CLE,2026-10-11T17:00:00Z,Deshaun Watson,completions,espnbet,Under,19.5,-115,9db4ed15fe34fca1fb62f040cd244591,2026-10-09T17:19:35Z
nfl,NYJ,CLE,2026-10-11T17:00:00Z,Deshaun Watson,pass_td,espnbet,Over,1.5,160,9db4ed15fe34fca1fb62f040cd244591,2026-10-09T17:19:35Z
nfl,NYJ,CLE,2026-10-11T17:00:00Z,Deshaun Watson,pass_td,espnbet,Under,1.5,-220,9db4ed15fe34fca1fb62f040cd244591,2026-10-09T17:19:35Z
nfl,NYJ,CLE,2026-10-11T17:00:00Z,Deshaun Watson,pass_yds,espnbet,Over,204.5,-105,9db4ed15fe34fca1fb62f040cd244591,2026-10-09T17:19:35Z
nfl,NYJ,CLE,2026-10-11T17:00:00Z,Deshaun Watson,pass_yds,espnbet,Under,204.5,-125,9db4ed15fe34fca1fb62f040cd244591,2026-10-09T17:19:35Z
nfl,NYJ,CLE,2026-10-11T17:00:00Z,Garrett Wilson,rec_yds,espnbet,Over,69.5,-105,9db4ed15fe34fca1fb62f040cd244591,2026-10-09T17:19:35Z
nfl,NYJ,CLE,2026-10-11T17:00:00Z,Garrett Wilson,rec_yds,espnbet,Under,69.5,-125,9db4ed15fe34fca1fb62f040cd244591,2026-10-09T17:19:35Z
nfl,NYJ,CLE,2026-10-11T17:00:00Z,Denzel Boston,rec_yds,espnbet,Over,48.5,-105,9db4ed15fe34fca1fb62f040cd244591,2026-10-09T17:19:35Z
nfl,NYJ,CLE,2026-10-11T17:00:00Z,Denzel Boston,rec_yds,espnbet,Under,48.5,-125,9db4ed15fe34fca1fb62f040cd244591,2026-10-09T17:19:35Z
nfl,NYJ,CLE,2026-10-11T17:00:00Z,KC Concepcion,rec_yds,espnbet,Over,39.5,-115,9db4ed15fe34fca1fb62f040cd244591,2026-10-09T17:19:35Z
nfl,NYJ,CLE,2026-10-11T17:00:00Z,KC Concepcion,rec_yds,espnbet,Under,39.5,-115,9db4ed15fe34fca1fb62f040cd244591,2026-10-09T17:19:35Z
nfl,NYJ,CLE,2026-10-11T17:00:00Z,Harold Fannin Jr.,rec_yds,espnbet,Over,35.5,-115,9db4ed15fe34fca1fb62f040cd244591,2026-10-09T17:19:35Z
nfl,NYJ,CLE,2026-10-11T17:00:00Z,Harold Fannin Jr.,rec_yds,espnbet,Under,35.5,-115,9db4ed15fe34fca1fb62f040cd244591,2026-10-09T17:19:35Z
nfl,NYJ,CLE,2026-10-11T17:00:00Z,Kenyon Sadiq,rec_yds,espnbet,Over,31.5,-115,9db4ed15fe34fca1fb62f040cd244591,2026-10-09T17:19:35Z
nfl,NYJ,CLE,2026-10-11T17:00:00Z,Kenyon Sadiq,rec_yds,espnbet,Under,31.5,-115,9db4ed15fe34fca1fb62f040cd244591,2026-10-09T17:19:35Z
nfl,NYJ,CLE,2026-10-11T17:00:00Z,Jerry Jeudy,rec_yds,espnbet,Over,14.5,-105,9db4ed15fe34fca1fb62f040cd244591,2026-10-09T17:19:35Z
nfl,NYJ,CLE,2026-10-11T17:00:00Z,Jerry Jeudy,rec_yds,espnbet,Under,14.5,-125,9db4ed15fe34fca1fb62f040cd244591,2026-10-09T17:19:35Z
nfl,NYJ,CLE,2026-10-11T17:00:00Z,Quinshon Judkins,rec_yds,espnbet,Over,15.5,-115,9db4ed15fe34fca1fb62f040cd244591,2026-10-09T17:19:35Z
nfl,NYJ,CLE,2026-10-11T17:00:00Z,Quinshon Judkins,rec_yds,espnbet,Under,15.5,-115,9db4ed15fe34fca1fb62f040cd244591,2026-10-09T17:19:35Z
nfl,NYJ,CLE,2026-10-11T17:00:00Z,Braelon Allen,rec_yds,espnbet,Over,14.5,-110,9db4ed15fe34fca1fb62f040cd244591,2026-10-09T17:19:35Z
nfl,NYJ,CLE,2026-10-11T17:00:00Z,Braelon Allen,rec_yds,espnbet,Under,14.5,-120,9db4ed15fe34fca1fb62f040cd244591,2026-10-09T17:19:35Z
nfl,NYJ,CLE,2026-10-11T17:00:00Z,Raheim Sanders,rec_yds,espnbet,Over,12.5,-110,9db4ed15fe34fca1fb62f040cd244591,2026-10-09T17:19:35Z
nfl,NYJ,CLE,2026-10-11T17:00:00Z,Raheim Sanders,rec_yds,espnbet,Under,12.5,-120,9db4ed15fe34fca1fb62f040cd244591,2026-10-09T17:19:35Z
nfl,NYJ,CLE,2026-10-11T17:00:00Z,Garrett Wilson,receptions,espnbet,Over,5.5,-140,9db4ed15fe34fca1fb62f040cd244591,2026-10-09T17:19:35Z
nfl,NYJ,CLE,2026-10-11T17:00:00Z,Garrett Wilson,receptions,espnbet,Under,5.5,110,9db4ed15fe34fca1fb62f040cd244591,2026-10-09T17:19:35Z
nfl,NYJ,CLE,2026-10-11T17:00:00Z,Harold Fannin Jr.,receptions,espnbet,Over,4.5,115,9db4ed15fe34fca1fb62f040cd244591,2026-10-09T17:19:35Z
nfl,NYJ,CLE,2026-10-11T17:00:00Z,Harold Fannin Jr.,receptions,espnbet,Under,4.5,-150,9db4ed15fe34fca1fb62f040cd244591,2026-10-09T17:19:35Z
nfl,NYJ,CLE,2026-10-11T17:00:00Z,KC Concepcion,receptions,espnbet,Over,4.5,110,9db4ed15fe34fca1fb62f040cd244591,2026-10-09T17:19:35Z
nfl,NYJ,CLE,2026-10-11T17:00:00Z,KC Concepcion,receptions,espnbet,Under,4.5,-140,9db4ed15fe34fca1fb62f040cd244591,2026-10-09T17:19:35Z
nfl,NYJ,CLE,2026-10-11T17:00:00Z,Quinshon Judkins,receptions,espnbet,Over,2.5,-135,9db4ed15fe34fca1fb62f040cd244591,2026-10-09T17:19:35Z
nfl,NYJ,CLE,2026-10-11T17:00:00Z,Quinshon Judkins,receptions,espnbet,Under,2.5,105,9db4ed15fe34fca1fb62f040cd244591,2026-10-09T17:19:35Z
nfl,NYJ,CLE,2026-10-11T17:00:00Z,Kenyon Sadiq,receptions,espnbet,Over,3.5,-105,9db4ed15fe34fca1fb62f040cd244591,2026-10-09T17:19:35Z
nfl,NYJ,CLE,2026-10-11T17:00:00Z,Kenyon Sadiq,receptions,espnbet,Under,3.5,-125,9db4ed15fe34fca1fb62f040cd244591,2026-10-09T17:19:35Z
nfl,NYJ,CLE,2026-10-11T17:00:00Z,Denzel Boston,receptions,espnbet,Over,3.5,105,9db4ed15fe34fca1fb62f040cd244591,2026-10-09T17:19:35Z
nfl,NYJ,CLE,2026-10-11T17:00:00Z,Denzel Boston,receptions,espnbet,Under,3.5,-135,9db4ed15fe34fca1fb62f040cd244591,2026-10-09T17:19:35Z
nfl,NYJ,CLE,2026-10-11T17:00:00Z,Braelon Allen,receptions,espnbet,Over,2.5,110,9db4ed15fe34fca1fb62f040cd244591,2026-10-09T17:19:35Z
nfl,NYJ,CLE,2026-10-11T17:00:00Z,Braelon Allen,receptions,espnbet,Under,2.5,-140,9db4ed15fe34fca1fb62f040cd244591,2026-10-09T17:19:35Z
nfl,NYJ,CLE,2026-10-11T17:00:00Z,Raheim Sanders,receptions,espnbet,Over,1.5,-190,9db4ed15fe34fca1fb62f040cd244591,2026-10-09T17:19:35Z
nfl,NYJ,CLE,2026-10-11T17:00:00Z,Raheim Sanders,receptions,espnbet,Under,1.5,140,9db4ed15fe34fca1fb62f040cd244591,2026-10-09T17:19:35Z
nfl,NYJ,CLE,2026-10-11T17:00:00Z,Jerry Jeudy,receptions,espnbet,Over,1.5,-105,9db4ed15fe34fca1fb62f040cd244591,2026-10-09T17:19:35Z
nfl,NYJ,CLE,2026-10-11T17:00:00Z,Jerry Jeudy,receptions,espnbet,Under,1.5,-125,9db4ed15fe34fca1fb62f040cd244591,2026-10-09T17:19:35Z
nfl,NYJ,CLE,2026-10-11T17:00:00Z,Braelon Allen,rush_att,espnbet,Over,16.5,-155,9db4ed15fe34fca1fb62f040cd244591,2026-10-09T17:19:35Z
nfl,NYJ,CLE,2026-10-11T17:00:00Z,Braelon Allen,rush_att,espnbet,Under,16.5,120,9db4ed15fe34fca1fb62f040cd244591,2026-10-09T17:19:35Z
nfl,NYJ,CLE,2026-10-11T17:00:00Z,Quinshon Judkins,rush_att,espnbet,Over,15.5,-130,9db4ed15fe34fca1fb62f040cd244591,2026-10-09T17:19:35Z
nfl,NYJ,CLE,2026-10-11T17:00:00Z,Quinshon Judkins,rush_att,espnbet,Under,15.5,100,9db4ed15fe34fca1fb62f040cd244591,2026-10-09T17:19:35Z
nfl,NYJ,CLE,2026-10-11T17:00:00Z,Deshaun Watson,rush_att,espnbet,Over,5.5,-160,9db4ed15fe34fca1fb62f040cd244591,2026-10-09T17:19:35Z
nfl,NYJ,CLE,2026-10-11T17:00:00Z,Deshaun Watson,rush_att,espnbet,Under,5.5,125,9db4ed15fe34fca1fb62f040cd244591,2026-10-09T17:19:35Z
nfl,NYJ,CLE,2026-10-11T17:00:00Z,Braelon Allen,rush_yds,espnbet,Over,69.5,-130,9db4ed15fe34fca1fb62f040cd244591,2026-10-09T17:19:35Z
nfl,NYJ,CLE,2026-10-11T17:00:00Z,Braelon Allen,rush_yds,espnbet,Under,69.5,100,9db4ed15fe34fca1fb62f040cd244591,2026-10-09T17:19:35Z
nfl,NYJ,CLE,2026-10-11T17:00:00Z,Quinshon Judkins,rush_yds,espnbet,Over,59.5,-120,9db4ed15fe34fca1fb62f040cd244591,2026-10-09T17:19:35Z
nfl,NYJ,CLE,2026-10-11T17:00:00Z,Quinshon Judkins,rush_yds,espnbet,Under,59.5,-110,9db4ed15fe34fca1fb62f040cd244591,2026-10-09T17:19:35Z
nfl,NYJ,CLE,2026-10-11T17:00:00Z,Deshaun Watson,rush_yds,espnbet,Over,24.5,-120,9db4ed15fe34fca1fb62f040cd244591,2026-10-09T17:19:35Z
nfl,NYJ,CLE,2026-10-11T17:00:00Z,Deshaun Watson,rush_yds,espnbet,Under,24.5,-110,9db4ed15fe34fca1fb62f040cd244591,2026-10-09T17:19:35Z
nfl,NYJ,CLE,2026-10-11T17:00:00Z,Isaiah Davis,rush_yds,espnbet,Over,11.5,110,9db4ed15fe34fca1fb62f040cd244591,2026-10-09T17:19:35Z
nfl,NYJ,CLE,2026-10-11T17:00:00Z,Isaiah Davis,rush_yds,espnbet,Under,11.5,-140,9db4ed15fe34fca1fb62f040cd244591,2026-10-09T17:19:35Z
nfl,PIT,IND,2026-10-11T17:00:00Z,Jonathan Taylor,anytime_td,draftkings,Yes,,-180,448d7cf18c6db4c811ed82ded1b72867,2026-10-09T17:19:41Z
nfl,PIT,IND,2026-10-11T17:00:00Z,Jaylen Warren,anytime_td,draftkings,Yes,,-135,448d7cf18c6db4c811ed82ded1b72867,2026-10-09T17:19:41Z
nfl,PIT,IND,2026-10-11T17:00:00Z,DK Metcalf,anytime_td,draftkings,Yes,,155,448d7cf18c6db4c811ed82ded1b72867,2026-10-09T17:19:41Z
nfl,PIT,IND,2026-10-11T17:00:00Z,Tyler Warren,anytime_td,draftkings,Yes,,210,448d7cf18c6db4c811ed82ded1b72867,2026-10-09T17:19:41Z
nfl,PIT,IND,2026-10-11T17:00:00Z,Josh Downs,anytime_td,draftkings,Yes,,215,448d7cf18c6db4c811ed82ded1b72867,2026-10-09T17:19:41Z
nfl,PIT,IND,2026-10-11T17:00:00Z,Roman Wilson,anytime_td,draftkings,Yes,,270,448d7cf18c6db4c811ed82ded1b72867,2026-10-09T17:19:41Z
nfl,PIT,IND,2026-10-11T17:00:00Z,Pat Freiermuth,anytime_td,draftkings,Yes,,300,448d7cf18c6db4c811ed82ded1b72867,2026-10-09T17:19:41Z
nfl,PIT,IND,2026-10-11T17:00:00Z,Darnell Washington,anytime_td,draftkings,Yes,,320,448d7cf18c6db4c811ed82ded1b72867,2026-10-09T17:19:41Z
nfl,PIT,IND,2026-10-11T17:00:00Z,Keenan Allen,anytime_td,draftkings,Yes,,370,448d7cf18c6db4c811ed82ded1b72867,2026-10-09T17:19:41Z
nfl,PIT,IND,2026-10-11T17:00:00Z,Germie Bernard,anytime_td,draftkings,Yes,,400,448d7cf18c6db4c811ed82ded1b72867,2026-10-09T17:19:41Z
nfl,PIT,IND,2026-10-11T17:00:00Z,Pittsburgh Steelers D/ST,anytime_td,draftkings,Yes,,450,448d7cf18c6db4c811ed82ded1b72867,2026-10-09T17:19:41Z
nfl,PIT,IND,2026-10-11T17:00:00Z,Indianapolis Colts D/ST,anytime_td,draftkings,Yes,,500,448d7cf18c6db4c811ed82ded1b72867,2026-10-09T17:19:41Z
nfl,PIT,IND,2026-10-11T17:00:00Z,Daniel Jones,anytime_td,draftkings,Yes,,550,448d7cf18c6db4c811ed82ded1b72867,2026-10-09T17:19:41Z
nfl,PIT,IND,2026-10-11T17:00:00Z,Ashton Dulin,anytime_td,draftkings,Yes,,600,448d7cf18c6db4c811ed82ded1b72867,2026-10-09T17:19:41Z
nfl,PIT,IND,2026-10-11T17:00:00Z,Laquon Treadwell,anytime_td,draftkings,Yes,,650,448d7cf18c6db4c811ed82ded1b72867,2026-10-09T17:19:41Z
nfl,PIT,IND,2026-10-11T17:00:00Z,Seth McGowan,anytime_td,draftkings,Yes,,850,448d7cf18c6db4c811ed82ded1b72867,2026-10-09T17:19:41Z
nfl,PIT,IND,2026-10-11T17:00:00Z,Darius Slayton,anytime_td,draftkings,Yes,,850,448d7cf18c6db4c811ed82ded1b72867,2026-10-09T17:19:41Z
nfl,PIT,IND,2026-10-11T17:00:00Z,Aaron Rodgers,anytime_td,draftkings,Yes,,1100,448d7cf18c6db4c811ed82ded1b72867,2026-10-09T17:19:41Z
nfl,PIT,IND,2026-10-11T17:00:00Z,Travis Homer,anytime_td,draftkings,Yes,,1100,448d7cf18c6db4c811ed82ded1b72867,2026-10-09T17:19:41Z
nfl,PIT,IND,2026-10-11T17:00:00Z,Ben Skowronek,anytime_td,draftkings,Yes,,1300,448d7cf18c6db4c811ed82ded1b72867,2026-10-09T17:19:41Z
nfl,PIT,IND,2026-10-11T17:00:00Z,Deion Burks,anytime_td,draftkings,Yes,,1400,448d7cf18c6db4c811ed82ded1b72867,2026-10-09T17:19:41Z
nfl,PIT,IND,2026-10-11T17:00:00Z,Mo Alie-Cox,anytime_td,draftkings,Yes,,1600,448d7cf18c6db4c811ed82ded1b72867,2026-10-09T17:19:41Z
nfl,PIT,IND,2026-10-11T17:00:00Z,Anthony Gould,anytime_td,draftkings,Yes,,1600,448d7cf18c6db4c811ed82ded1b72867,2026-10-09T17:19:41Z
nfl,PIT,IND,2026-10-11T17:00:00Z,Eli Heidenreich,anytime_td,draftkings,Yes,,1800,448d7cf18c6db4c811ed82ded1b72867,2026-10-09T17:19:41Z
nfl,PIT,IND,2026-10-11T17:00:00Z,Kaden Wetjen,anytime_td,draftkings,Yes,,2000,448d7cf18c6db4c811ed82ded1b72867,2026-10-09T17:19:41Z
nfl,PIT,IND,2026-10-11T17:00:00Z,DJ Giddens,anytime_td,draftkings,Yes,,2000,448d7cf18c6db4c811ed82ded1b72867,2026-10-09T17:19:41Z
nfl,PIT,IND,2026-10-11T17:00:00Z,Drew Ogletree,anytime_td,draftkings,Yes,,2500,448d7cf18c6db4c811ed82ded1b72867,2026-10-09T17:19:41Z
nfl,PIT,IND,2026-10-11T17:00:00Z,Robert Tonyan,anytime_td,draftkings,Yes,,3000,448d7cf18c6db4c811ed82ded1b72867,2026-10-09T17:19:41Z
nfl,PIT,IND,2026-10-11T17:00:00Z,Riley Nowakowski,anytime_td,draftkings,Yes,,3500,448d7cf18c6db4c811ed82ded1b72867,2026-10-09T17:19:41Z
nfl,PIT,IND,2026-10-11T17:00:00Z,Aaron Rodgers,pass_att,draftkings,Over,35.5,-102,448d7cf18c6db4c811ed82ded1b72867,2026-10-09T17:19:41Z
nfl,PIT,IND,2026-10-11T17:00:00Z,Aaron Rodgers,pass_att,draftkings,Under,35.5,-125,448d7cf18c6db4c811ed82ded1b72867,2026-10-09T17:19:41Z
nfl,PIT,IND,2026-10-11T17:00:00Z,Daniel Jones,pass_att,draftkings,Over,32.5,-102,448d7cf18c6db4c811ed82ded1b72867,2026-10-09T17:19:41Z
nfl,PIT,IND,2026-10-11T17:00:00Z,Daniel Jones,pass_att,draftkings,Under,32.5,-125,448d7cf18c6db4c811ed82ded1b72867,2026-10-09T17:19:41Z
nfl,PIT,IND,2026-10-11T17:00:00Z,Aaron Rodgers,completions,draftkings,Over,21.5,-110,448d7cf18c6db4c811ed82ded1b72867,2026-10-09T17:19:41Z
nfl,PIT,IND,2026-10-11T17:00:00Z,Aaron Rodgers,completions,draftkings,Under,21.5,-116,448d7cf18c6db4c811ed82ded1b72867,2026-10-09T17:19:41Z
nfl,PIT,IND,2026-10-11T17:00:00Z,Daniel Jones,completions,draftkings,Over,19.5,-116,448d7cf18c6db4c811ed82ded1b72867,2026-10-09T17:19:41Z
nfl,PIT,IND,2026-10-11T17:00:00Z,Daniel Jones,completions,draftkings,Under,19.5,-110,448d7cf18c6db4c811ed82ded1b72867,2026-10-09T17:19:41Z
nfl,PIT,IND,2026-10-11T17:00:00Z,Aaron Rodgers,pass_td,draftkings,Over,1.5,100,448d7cf18c6db4c811ed82ded1b72867,2026-10-09T17:19:41Z
nfl,PIT,IND,2026-10-11T17:00:00Z,Aaron Rodgers,pass_td,draftkings,Under,1.5,-127,448d7cf18c6db4c811ed82ded1b72867,2026-10-09T17:19:41Z
nfl,PIT,IND,2026-10-11T17:00:00Z,Daniel Jones,pass_td,draftkings,Over,1.5,181,448d7cf18c6db4c811ed82ded1b72867,2026-10-09T17:19:41Z
nfl,PIT,IND,2026-10-11T17:00:00Z,Daniel Jones,pass_td,draftkings,Under,1.5,-234,448d7cf18c6db4c811ed82ded1b72867,2026-10-09T17:19:41Z
nfl,PIT,IND,2026-10-11T17:00:00Z,Aaron Rodgers,pass_yds,draftkings,Over,225.5,-111,448d7cf18c6db4c811ed82ded1b72867,2026-10-09T17:19:41Z
nfl,PIT,IND,2026-10-11T17:00:00Z,Aaron Rodgers,pass_yds,draftkings,Under,225.5,-113,448d7cf18c6db4c811ed82ded1b72867,2026-10-09T17:19:41Z
nfl,PIT,IND,2026-10-11T17:00:00Z,Daniel Jones,pass_yds,draftkings,Over,209.5,-113,448d7cf18c6db4c811ed82ded1b72867,2026-10-09T17:19:41Z
nfl,PIT,IND,2026-10-11T17:00:00Z,Daniel Jones,pass_yds,draftkings,Under,209.5,-111,448d7cf18c6db4c811ed82ded1b72867,2026-10-09T17:19:41Z
nfl,PIT,IND,2026-10-11T17:00:00Z,Josh Downs,rec_yds,draftkings,Over,56.5,-114,448d7cf18c6db4c811ed82ded1b72867,2026-10-09T17:19:41Z
nfl,PIT,IND,2026-10-11T17:00:00Z,Josh Downs,rec_yds,draftkings,Under,56.5,-110,448d7cf18c6db4c811ed82ded1b72867,2026-10-09T17:19:41Z
nfl,PIT,IND,2026-10-11T17:00:00Z,DK Metcalf,rec_yds,draftkings,Over,52.5,-110,448d7cf18c6db4c811ed82ded1b72867,2026-10-09T17:19:41Z
nfl,PIT,IND,2026-10-11T17:00:00Z,DK Metcalf,rec_yds,draftkings,Under,52.5,-114,448d7cf18c6db4c811ed82ded1b72867,2026-10-09T17:19:41Z
nfl,PIT,IND,2026-10-11T17:00:00Z,Tyler Warren,rec_yds,draftkings,Over,46.5,-115,448d7cf18c6db4c811ed82ded1b72867,2026-10-09T17:19:41Z
nfl,PIT,IND,2026-10-11T17:00:00Z,Tyler Warren,rec_yds,draftkings,Under,46.5,-109,448d7cf18c6db4c811ed82ded1b72867,2026-10-09T17:19:41Z
nfl,PIT,IND,2026-10-11T17:00:00Z,Roman Wilson,rec_yds,draftkings,Over,40.5,-113,448d7cf18c6db4c811ed82ded1b72867,2026-10-09T17:19:41Z
nfl,PIT,IND,2026-10-11T17:00:00Z,Roman Wilson,rec_yds,draftkings,Under,40.5,-111,448d7cf18c6db4c811ed82ded1b72867,2026-10-09T17:19:41Z
nfl,PIT,IND,2026-10-11T17:00:00Z,Keenan Allen,rec_yds,draftkings,Over,29.5,-109,448d7cf18c6db4c811ed82ded1b72867,2026-10-09T17:19:41Z
nfl,PIT,IND,2026-10-11T17:00:00Z,Keenan Allen,rec_yds,draftkings,Under,29.5,-115,448d7cf18c6db4c811ed82ded1b72867,2026-10-09T17:19:41Z
nfl,PIT,IND,2026-10-11T17:00:00Z,Pat Freiermuth,rec_yds,draftkings,Over,27.5,-114,448d7cf18c6db4c811ed82ded1b72867,2026-10-09T17:19:41Z
nfl,PIT,IND,2026-10-11T17:00:00Z,Pat Freiermuth,rec_yds,draftkings,Under,27.5,-110,448d7cf18c6db4c811ed82ded1b72867,2026-10-09T17:19:41Z
nfl,PIT,IND,2026-10-11T17:00:00Z,Darnell Washington,rec_yds,draftkings,Over,21.5,-116,448d7cf18c6db4c811ed82ded1b72867,2026-10-09T17:19:41Z
nfl,PIT,IND,2026-10-11T17:00:00Z,Darnell Washington,rec_yds,draftkings,Under,21.5,-108,448d7cf18c6db4c811ed82ded1b72867,2026-10-09T17:19:41Z
nfl,PIT,IND,2026-10-11T17:00:00Z,Germie Bernard,rec_yds,draftkings,Over,20.5,-108,448d7cf18c6db4c811ed82ded1b72867,2026-10-09T17:19:41Z
nfl,PIT,IND,2026-10-11T17:00:00Z,Germie Bernard,rec_yds,draftkings,Under,20.5,-117,448d7cf18c6db4c811ed82ded1b72867,2026-10-09T17:19:41Z
nfl,PIT,IND,2026-10-11T17:00:00Z,Jonathan Taylor,rec_yds,draftkings,Over,15.5,-116,448d7cf18c6db4c811ed82ded1b72867,2026-10-09T17:19:41Z
nfl,PIT,IND,2026-10-11T17:00:00Z,Jonathan Taylor,rec_yds,draftkings,Under,15.5,-108,448d7cf18c6db4c811ed82ded1b72867,2026-10-09T17:19:41Z
nfl,PIT,IND,2026-10-11T17:00:00Z,Tyler Warren,receptions,draftkings,Over,5.5,121,448d7cf18c6db4c811ed82ded1b72867,2026-10-09T17:19:41Z
nfl,PIT,IND,2026-10-11T17:00:00Z,Tyler Warren,receptions,draftkings,Under,5.5,-154,448d7cf18c6db4c811ed82ded1b72867,2026-10-09T17:19:41Z
nfl,PIT,IND,2026-10-11T17:00:00Z,Josh Downs,receptions,draftkings,Over,4.5,-156,448d7cf18c6db4c811ed82ded1b72867,2026-10-09T17:19:41Z
nfl,PIT,IND,2026-10-11T17:00:00Z,Josh Downs,receptions,draftkings,Under,4.5,122,448d7cf18c6db4c811ed82ded1b72867,2026-10-09T17:19:41Z
nfl,PIT,IND,2026-10-11T17:00:00Z,DK Metcalf,receptions,draftkings,Over,4.5,106,448d7cf18c6db4c811ed82ded1b72867,2026-10-09T17:19:41Z
nfl,PIT,IND,2026-10-11T17:00:00Z,DK Metcalf,receptions,draftkings,Under,4.5,-135,448d7cf18c6db4c811ed82ded1b72867,2026-10-09T17:19:41Z
nfl,PIT,IND,2026-10-11T17:00:00Z,Pat Freiermuth,receptions,draftkings,Over,3.5,108,448d7cf18c6db4c811ed82ded1b72867,2026-10-09T17:19:41Z
nfl,PIT,IND,2026-10-11T17:00:00Z,Pat Freiermuth,receptions,draftkings,Under,3.5,-137,448d7cf18c6db4c811ed82ded1b72867,2026-10-09T17:19:41Z
nfl,PIT,IND,2026-10-11T17:00:00Z,Keenan Allen,receptions,draftkings,Over,3.5,111,448d7cf18c6db4c811ed82ded1b72867,2026-10-09T17:19:41Z
nfl,PIT,IND,2026-10-11T17:00:00Z,Keenan Allen,receptions,draftkings,Under,3.5,-141,448d7cf18c6db4c811ed82ded1b72867,2026-10-09T17:19:41Z
nfl,PIT,IND,2026-10-11T17:00:00Z,Roman Wilson,receptions,draftkings,Over,3.5,121,448d7cf18c6db4c811ed82ded1b72867,2026-10-09T17:19:41Z
nfl,PIT,IND,2026-10-11T17:00:00Z,Roman Wilson,receptions,draftkings,Under,3.5,-155,448d7cf18c6db4c811ed82ded1b72867,2026-10-09T17:19:41Z
nfl,PIT,IND,2026-10-11T17:00:00Z,Jonathan Taylor,receptions,draftkings,Over,2.5,-113,448d7cf18c6db4c811ed82ded1b72867,2026-10-09T17:19:41Z
nfl,PIT,IND,2026-10-11T17:00:00Z,Jonathan Taylor,receptions,draftkings,Under,2.5,-113,448d7cf18c6db4c811ed82ded1b72867,2026-10-09T17:19:41Z
nfl,PIT,IND,2026-10-11T17:00:00Z,Darnell Washington,receptions,draftkings,Over,2.5,126,448d7cf18c6db4c811ed82ded1b72867,2026-10-09T17:19:41Z
nfl,PIT,IND,2026-10-11T17:00:00Z,Darnell Washington,receptions,draftkings,Under,2.5,-162,448d7cf18c6db4c811ed82ded1b72867,2026-10-09T17:19:41Z
nfl,PIT,IND,2026-10-11T17:00:00Z,Germie Bernard,receptions,draftkings,Over,2.5,131,448d7cf18c6db4c811ed82ded1b72867,2026-10-09T17:19:41Z
nfl,PIT,IND,2026-10-11T17:00:00Z,Germie Bernard,receptions,draftkings,Under,2.5,-167,448d7cf18c6db4c811ed82ded1b72867,2026-10-09T17:19:41Z
nfl,PIT,IND,2026-10-11T17:00:00Z,Jonathan Taylor,rush_att,draftkings,Over,19.5,-104,448d7cf18c6db4c811ed82ded1b72867,2026-10-09T17:19:41Z
nfl,PIT,IND,2026-10-11T17:00:00Z,Jonathan Taylor,rush_att,draftkings,Under,19.5,-122,448d7cf18c6db4c811ed82ded1b72867,2026-10-09T17:19:41Z
nfl,PIT,IND,2026-10-11T17:00:00Z,Jonathan Taylor,rush_yds,draftkings,Over,84.5,-112,448d7cf18c6db4c811ed82ded1b72867,2026-10-09T17:19:41Z
nfl,PIT,IND,2026-10-11T17:00:00Z,Jonathan Taylor,rush_yds,draftkings,Under,84.5,-112,448d7cf18c6db4c811ed82ded1b72867,2026-10-09T17:19:41Z
nfl,PIT,IND,2026-10-11T17:00:00Z,Jaylen Warren,rush_yds,draftkings,Over,61.5,-113,448d7cf18c6db4c811ed82ded1b72867,2026-10-09T17:19:41Z
nfl,PIT,IND,2026-10-11T17:00:00Z,Jaylen Warren,rush_yds,draftkings,Under,61.5,-111,448d7cf18c6db4c811ed82ded1b72867,2026-10-09T17:19:41Z
nfl,PIT,IND,2026-10-11T17:00:00Z,Daniel Jones,rush_yds,draftkings,Over,9.5,-110,448d7cf18c6db4c811ed82ded1b72867,2026-10-09T17:19:41Z
nfl,PIT,IND,2026-10-11T17:00:00Z,Daniel Jones,rush_yds,draftkings,Under,9.5,-114,448d7cf18c6db4c811ed82ded1b72867,2026-10-09T17:19:41Z
nfl,PIT,IND,2026-10-11T17:00:00Z,Aaron Rodgers,rush_yds,draftkings,Over,0.5,-118,448d7cf18c6db4c811ed82ded1b72867,2026-10-09T17:19:41Z
nfl,PIT,IND,2026-10-11T17:00:00Z,Aaron Rodgers,rush_yds,draftkings,Under,0.5,-106,448d7cf18c6db4c811ed82ded1b72867,2026-10-09T17:19:41Z
nfl,PIT,IND,2026-10-11T17:00:00Z,Jonathan Taylor,anytime_td,fanduel,Yes,,-170,448d7cf18c6db4c811ed82ded1b72867,2026-10-09T17:20:20Z
nfl,PIT,IND,2026-10-11T17:00:00Z,Jaylen Warren,anytime_td,fanduel,Yes,,-145,448d7cf18c6db4c811ed82ded1b72867,2026-10-09T17:20:20Z
nfl,PIT,IND,2026-10-11T17:00:00Z,DK Metcalf,anytime_td,fanduel,Yes,,160,448d7cf18c6db4c811ed82ded1b72867,2026-10-09T17:20:20Z
nfl,PIT,IND,2026-10-11T17:00:00Z,Tyler Warren,anytime_td,fanduel,Yes,,200,448d7cf18c6db4c811ed82ded1b72867,2026-10-09T17:20:20Z
nfl,PIT,IND,2026-10-11T17:00:00Z,Josh Downs,anytime_td,fanduel,Yes,,230,448d7cf18c6db4c811ed82ded1b72867,2026-10-09T17:20:20Z
nfl,PIT,IND,2026-10-11T17:00:00Z,Roman Wilson,anytime_td,fanduel,Yes,,280,448d7cf18c6db4c811ed82ded1b72867,2026-10-09T17:20:20Z
nfl,PIT,IND,2026-10-11T17:00:00Z,Pat Freiermuth,anytime_td,fanduel,Yes,,290,448d7cf18c6db4c811ed82ded1b72867,2026-10-09T17:20:20Z
nfl,PIT,IND,2026-10-11T17:00:00Z,Darnell Washington,anytime_td,fanduel,Yes,,340,448d7cf18c6db4c811ed82ded1b72867,2026-10-09T17:20:20Z
nfl,PIT,IND,2026-10-11T17:00:00Z,Germie Bernard,anytime_td,fanduel,Yes,,390,448d7cf18c6db4c811ed82ded1b72867,2026-10-09T17:20:20Z
nfl,PIT,IND,2026-10-11T17:00:00Z,Keenan Allen,anytime_td,fanduel,Yes,,420,448d7cf18c6db4c811ed82ded1b72867,2026-10-09T17:20:20Z
nfl,PIT,IND,2026-10-11T17:00:00Z,Laquon Treadwell,anytime_td,fanduel,Yes,,600,448d7cf18c6db4c811ed82ded1b72867,2026-10-09T17:20:20Z
nfl,PIT,IND,2026-10-11T17:00:00Z,Daniel Jones,anytime_td,fanduel,Yes,,600,448d7cf18c6db4c811ed82ded1b72867,2026-10-09T17:20:20Z
nfl,PIT,IND,2026-10-11T17:00:00Z,Indianapolis Colts Defense,anytime_td,fanduel,Yes,,750,448d7cf18c6db4c811ed82ded1b72867,2026-10-09T17:20:20Z
nfl,PIT,IND,2026-10-11T17:00:00Z,Pittsburgh Steelers Defense,anytime_td,fanduel,Yes,,800,448d7cf18c6db4c811ed82ded1b72867,2026-10-09T17:20:20Z
nfl,PIT,IND,2026-10-11T17:00:00Z,Seth McGowan,anytime_td,fanduel,Yes,,950,448d7cf18c6db4c811ed82ded1b72867,2026-10-09T17:20:20Z
nfl,PIT,IND,2026-10-11T17:00:00Z,Darius Slayton,anytime_td,fanduel,Yes,,1000,448d7cf18c6db4c811ed82ded1b72867,2026-10-09T17:20:20Z
nfl,PIT,IND,2026-10-11T17:00:00Z,Travis Homer,anytime_td,fanduel,Yes,,1100,448d7cf18c6db4c811ed82ded1b72867,2026-10-09T17:20:20Z
nfl,PIT,IND,2026-10-11T17:00:00Z,Aaron Rodgers,anytime_td,fanduel,Yes,,1200,448d7cf18c6db4c811ed82ded1b72867,2026-10-09T17:20:20Z
nfl,PIT,IND,2026-10-11T17:00:00Z,Ben Skowronek,anytime_td,fanduel,Yes,,1400,448d7cf18c6db4c811ed82ded1b72867,2026-10-09T17:20:20Z
nfl,PIT,IND,2026-10-11T17:00:00Z,Mo Alie-Cox,anytime_td,fanduel,Yes,,1600,448d7cf18c6db4c811ed82ded1b72867,2026-10-09T17:20:20Z
nfl,PIT,IND,2026-10-11T17:00:00Z,Kaden Wetjen,anytime_td,fanduel,Yes,,1700,448d7cf18c6db4c811ed82ded1b72867,2026-10-09T17:20:20Z
nfl,PIT,IND,2026-10-11T17:00:00Z,Deion Burks,anytime_td,fanduel,Yes,,1700,448d7cf18c6db4c811ed82ded1b72867,2026-10-09T17:20:20Z
nfl,PIT,IND,2026-10-11T17:00:00Z,Anthony Gould,anytime_td,fanduel,Yes,,1700,448d7cf18c6db4c811ed82ded1b72867,2026-10-09T17:20:20Z
nfl,PIT,IND,2026-10-11T17:00:00Z,Eli Heidenreich,anytime_td,fanduel,Yes,,2200,448d7cf18c6db4c811ed82ded1b72867,2026-10-09T17:20:20Z
nfl,PIT,IND,2026-10-11T17:00:00Z,Drew Ogletree,anytime_td,fanduel,Yes,,2200,448d7cf18c6db4c811ed82ded1b72867,2026-10-09T17:20:20Z
nfl,PIT,IND,2026-10-11T17:00:00Z,Robert Tonyan,anytime_td,fanduel,Yes,,2700,448d7cf18c6db4c811ed82ded1b72867,2026-10-09T17:20:20Z
nfl,PIT,IND,2026-10-11T17:00:00Z,DJ Giddens,anytime_td,fanduel,Yes,,2700,448d7cf18c6db4c811ed82ded1b72867,2026-10-09T17:20:20Z
nfl,PIT,IND,2026-10-11T17:00:00Z,Riley Nowakowski,anytime_td,fanduel,Yes,,4000,448d7cf18c6db4c811ed82ded1b72867,2026-10-09T17:20:20Z
nfl,PIT,IND,2026-10-11T17:00:00Z,Aaron Rodgers,pass_td,fanduel,Over,1.5,-104,448d7cf18c6db4c811ed82ded1b72867,2026-10-09T17:20:20Z
nfl,PIT,IND,2026-10-11T17:00:00Z,Aaron Rodgers,pass_td,fanduel,Under,1.5,-128,448d7cf18c6db4c811ed82ded1b72867,2026-10-09T17:20:20Z
nfl,PIT,IND,2026-10-11T17:00:00Z,Daniel Jones,pass_td,fanduel,Over,1.5,152,448d7cf18c6db4c811ed82ded1b72867,2026-10-09T17:20:20Z
nfl,PIT,IND,2026-10-11T17:00:00Z,Daniel Jones,pass_td,fanduel,Under,1.5,-205,448d7cf18c6db4c811ed82ded1b72867,2026-10-09T17:20:20Z
nfl,PIT,IND,2026-10-11T17:00:00Z,Aaron Rodgers,pass_yds,fanduel,Over,222.5,-114,448d7cf18c6db4c811ed82ded1b72867,2026-10-09T17:20:20Z
nfl,PIT,IND,2026-10-11T17:00:00Z,Aaron Rodgers,pass_yds,fanduel,Under,222.5,-114,448d7cf18c6db4c811ed82ded1b72867,2026-10-09T17:20:20Z
nfl,PIT,IND,2026-10-11T17:00:00Z,Daniel Jones,pass_yds,fanduel,Over,213.5,-114,448d7cf18c6db4c811ed82ded1b72867,2026-10-09T17:20:20Z
nfl,PIT,IND,2026-10-11T17:00:00Z,Daniel Jones,pass_yds,fanduel,Under,213.5,-114,448d7cf18c6db4c811ed82ded1b72867,2026-10-09T17:20:20Z
nfl,PIT,IND,2026-10-11T17:00:00Z,Josh Downs,rec_yds,fanduel,Over,58.5,-114,448d7cf18c6db4c811ed82ded1b72867,2026-10-09T17:20:20Z
nfl,PIT,IND,2026-10-11T17:00:00Z,Josh Downs,rec_yds,fanduel,Under,58.5,-114,448d7cf18c6db4c811ed82ded1b72867,2026-10-09T17:20:20Z
nfl,PIT,IND,2026-10-11T17:00:00Z,Darnell Washington,rec_yds,fanduel,Over,22.5,-114,448d7cf18c6db4c811ed82ded1b72867,2026-10-09T17:20:20Z
nfl,PIT,IND,2026-10-11T17:00:00Z,Darnell Washington,rec_yds,fanduel,Under,22.5,-114,448d7cf18c6db4c811ed82ded1b72867,2026-10-09T17:20:20Z
nfl,PIT,IND,2026-10-11T17:00:00Z,Tyler Warren,rec_yds,fanduel,Over,46.5,-114,448d7cf18c6db4c811ed82ded1b72867,2026-10-09T17:20:20Z
nfl,PIT,IND,2026-10-11T17:00:00Z,Tyler Warren,rec_yds,fanduel,Under,46.5,-114,448d7cf18c6db4c811ed82ded1b72867,2026-10-09T17:20:20Z
nfl,PIT,IND,2026-10-11T17:00:00Z,Germie Bernard,rec_yds,fanduel,Over,18.5,-114,448d7cf18c6db4c811ed82ded1b72867,2026-10-09T17:20:20Z
nfl,PIT,IND,2026-10-11T17:00:00Z,Germie Bernard,rec_yds,fanduel,Under,18.5,-114,448d7cf18c6db4c811ed82ded1b72867,2026-10-09T17:20:20Z
nfl,PIT,IND,2026-10-11T17:00:00Z,Laquon Treadwell,rec_yds,fanduel,Over,13.5,-114,448d7cf18c6db4c811ed82ded1b72867,2026-10-09T17:20:20Z
nfl,PIT,IND,2026-10-11T17:00:00Z,Laquon Treadwell,rec_yds,fanduel,Under,13.5,-114,448d7cf18c6db4c811ed82ded1b72867,2026-10-09T17:20:20Z
nfl,PIT,IND,2026-10-11T17:00:00Z,Jonathan Taylor,rec_yds,fanduel,Over,15.5,-114,448d7cf18c6db4c811ed82ded1b72867,2026-10-09T17:20:20Z
nfl,PIT,IND,2026-10-11T17:00:00Z,Jonathan Taylor,rec_yds,fanduel,Under,15.5,-114,448d7cf18c6db4c811ed82ded1b72867,2026-10-09T17:20:20Z
nfl,PIT,IND,2026-10-11T17:00:00Z,Roman Wilson,rec_yds,fanduel,Over,41.5,-114,448d7cf18c6db4c811ed82ded1b72867,2026-10-09T17:20:20Z
nfl,PIT,IND,2026-10-11T17:00:00Z,Roman Wilson,rec_yds,fanduel,Under,41.5,-114,448d7cf18c6db4c811ed82ded1b72867,2026-10-09T17:20:20Z
nfl,PIT,IND,2026-10-11T17:00:00Z,Pat Freiermuth,rec_yds,fanduel,Over,27.5,-114,448d7cf18c6db4c811ed82ded1b72867,2026-10-09T17:20:20Z
nfl,PIT,IND,2026-10-11T17:00:00Z,Pat Freiermuth,rec_yds,fanduel,Under,27.5,-114,448d7cf18c6db4c811ed82ded1b72867,2026-10-09T17:20:20Z
nfl,PIT,IND,2026-10-11T17:00:00Z,Keenan Allen,rec_yds,fanduel,Over,30.5,-114,448d7cf18c6db4c811ed82ded1b72867,2026-10-09T17:20:20Z
nfl,PIT,IND,2026-10-11T17:00:00Z,Keenan Allen,rec_yds,fanduel,Under,30.5,-114,448d7cf18c6db4c811ed82ded1b72867,2026-10-09T17:20:20Z
nfl,PIT,IND,2026-10-11T17:00:00Z,DK Metcalf,rec_yds,fanduel,Over,53.5,-114,448d7cf18c6db4c811ed82ded1b72867,2026-10-09T17:20:20Z
nfl,PIT,IND,2026-10-11T17:00:00Z,DK Metcalf,rec_yds,fanduel,Under,53.5,-114,448d7cf18c6db4c811ed82ded1b72867,2026-10-09T17:20:20Z
nfl,PIT,IND,2026-10-11T17:00:00Z,DK Metcalf,receptions,fanduel,Over,4.5,114,448d7cf18c6db4c811ed82ded1b72867,2026-10-09T17:20:20Z
nfl,PIT,IND,2026-10-11T17:00:00Z,DK Metcalf,receptions,fanduel,Under,4.5,-152,448d7cf18c6db4c811ed82ded1b72867,2026-10-09T17:20:20Z
nfl,PIT,IND,2026-10-11T17:00:00Z,Roman Wilson,receptions,fanduel,Over,3.5,106,448d7cf18c6db4c811ed82ded1b72867,2026-10-09T17:20:20Z
nfl,PIT,IND,2026-10-11T17:00:00Z,Roman Wilson,receptions,fanduel,Under,3.5,-140,448d7cf18c6db4c811ed82ded1b72867,2026-10-09T17:20:20Z
nfl,PIT,IND,2026-10-11T17:00:00Z,Darnell Washington,receptions,fanduel,Over,2.5,120,448d7cf18c6db4c811ed82ded1b72867,2026-10-09T17:20:20Z
nfl,PIT,IND,2026-10-11T17:00:00Z,Darnell Washington,receptions,fanduel,Under,2.5,-160,448d7cf18c6db4c811ed82ded1b72867,2026-10-09T17:20:20Z
nfl,PIT,IND,2026-10-11T17:00:00Z,Keenan Allen,receptions,fanduel,Over,3.5,104,448d7cf18c6db4c811ed82ded1b72867,2026-10-09T17:20:20Z
nfl,PIT,IND,2026-10-11T17:00:00Z,Keenan Allen,receptions,fanduel,Under,3.5,-138,448d7cf18c6db4c811ed82ded1b72867,2026-10-09T17:20:20Z
nfl,PIT,IND,2026-10-11T17:00:00Z,Germie Bernard,receptions,fanduel,Over,2.5,144,448d7cf18c6db4c811ed82ded1b72867,2026-10-09T17:20:20Z
nfl,PIT,IND,2026-10-11T17:00:00Z,Germie Bernard,receptions,fanduel,Under,2.5,-194,448d7cf18c6db4c811ed82ded1b72867,2026-10-09T17:20:20Z
nfl,PIT,IND,2026-10-11T17:00:00Z,Jonathan Taylor,receptions,fanduel,Over,2.5,-110,448d7cf18c6db4c811ed82ded1b72867,2026-10-09T17:20:20Z
nfl,PIT,IND,2026-10-11T17:00:00Z,Jonathan Taylor,receptions,fanduel,Under,2.5,-120,448d7cf18c6db4c811ed82ded1b72867,2026-10-09T17:20:20Z
nfl,PIT,IND,2026-10-11T17:00:00Z,Laquon Treadwell,receptions,fanduel,Over,1.5,118,448d7cf18c6db4c811ed82ded1b72867,2026-10-09T17:20:20Z
nfl,PIT,IND,2026-10-11T17:00:00Z,Laquon Treadwell,receptions,fanduel,Under,1.5,-158,448d7cf18c6db4c811ed82ded1b72867,2026-10-09T17:20:20Z
nfl,PIT,IND,2026-10-11T17:00:00Z,Tyler Warren,receptions,fanduel,Over,5.5,124,448d7cf18c6db4c811ed82ded1b72867,2026-10-09T17:20:20Z
nfl,PIT,IND,2026-10-11T17:00:00Z,Tyler Warren,receptions,fanduel,Under,5.5,-166,448d7cf18c6db4c811ed82ded1b72867,2026-10-09T17:20:20Z
nfl,PIT,IND,2026-10-11T17:00:00Z,Pat Freiermuth,receptions,fanduel,Over,3.5,116,448d7cf18c6db4c811ed82ded1b72867,2026-10-09T17:20:20Z
nfl,PIT,IND,2026-10-11T17:00:00Z,Pat Freiermuth,receptions,fanduel,Under,3.5,-154,448d7cf18c6db4c811ed82ded1b72867,2026-10-09T17:20:20Z
nfl,PIT,IND,2026-10-11T17:00:00Z,Josh Downs,receptions,fanduel,Over,4.5,-148,448d7cf18c6db4c811ed82ded1b72867,2026-10-09T17:20:20Z
nfl,PIT,IND,2026-10-11T17:00:00Z,Josh Downs,receptions,fanduel,Under,4.5,112,448d7cf18c6db4c811ed82ded1b72867,2026-10-09T17:20:20Z
nfl,PIT,IND,2026-10-11T17:00:00Z,Jaylen Warren,rush_yds,fanduel,Over,61.5,-114,448d7cf18c6db4c811ed82ded1b72867,2026-10-09T17:20:20Z
nfl,PIT,IND,2026-10-11T17:00:00Z,Jaylen Warren,rush_yds,fanduel,Under,61.5,-114,448d7cf18c6db4c811ed82ded1b72867,2026-10-09T17:20:20Z
nfl,PIT,IND,2026-10-11T17:00:00Z,Aaron Rodgers,rush_yds,fanduel,Over,0.5,-128,448d7cf18c6db4c811ed82ded1b72867,2026-10-09T17:20:20Z
nfl,PIT,IND,2026-10-11T17:00:00Z,Aaron Rodgers,rush_yds,fanduel,Under,0.5,-102,448d7cf18c6db4c811ed82ded1b72867,2026-10-09T17:20:20Z
nfl,PIT,IND,2026-10-11T17:00:00Z,Daniel Jones,rush_yds,fanduel,Over,9.5,-114,448d7cf18c6db4c811ed82ded1b72867,2026-10-09T17:20:20Z
nfl,PIT,IND,2026-10-11T17:00:00Z,Daniel Jones,rush_yds,fanduel,Under,9.5,-114,448d7cf18c6db4c811ed82ded1b72867,2026-10-09T17:20:20Z
nfl,PIT,IND,2026-10-11T17:00:00Z,Jonathan Taylor,rush_yds,fanduel,Over,86.5,-114,448d7cf18c6db4c811ed82ded1b72867,2026-10-09T17:20:20Z
nfl,PIT,IND,2026-10-11T17:00:00Z,Jonathan Taylor,rush_yds,fanduel,Under,86.5,-114,448d7cf18c6db4c811ed82ded1b72867,2026-10-09T17:20:20Z
nfl,PIT,IND,2026-10-11T17:00:00Z,Kaden Wetjen,anytime_td,betrivers,Yes,,1600,448d7cf18c6db4c811ed82ded1b72867,2026-10-09T17:19:43Z
nfl,PIT,IND,2026-10-11T17:00:00Z,DK Metcalf,anytime_td,betrivers,Yes,,143,448d7cf18c6db4c811ed82ded1b72867,2026-10-09T17:19:43Z
nfl,PIT,IND,2026-10-11T17:00:00Z,Roman Wilson,anytime_td,betrivers,Yes,,260,448d7cf18c6db4c811ed82ded1b72867,2026-10-09T17:19:43Z
nfl,PIT,IND,2026-10-11T17:00:00Z,DJ Giddens,anytime_td,betrivers,Yes,,2200,448d7cf18c6db4c811ed82ded1b72867,2026-10-09T17:19:43Z
nfl,PIT,IND,2026-10-11T17:00:00Z,Josh Downs,anytime_td,betrivers,Yes,,180,448d7cf18c6db4c811ed82ded1b72867,2026-10-09T17:19:43Z
nfl,PIT,IND,2026-10-11T17:00:00Z,Jonathan Taylor,anytime_td,betrivers,Yes,,-200,448d7cf18c6db4c811ed82ded1b72867,2026-10-09T17:19:43Z
nfl,PIT,IND,2026-10-11T17:00:00Z,Anthony Gould,anytime_td,betrivers,Yes,,1700,448d7cf18c6db4c811ed82ded1b72867,2026-10-09T17:19:43Z
nfl,PIT,IND,2026-10-11T17:00:00Z,Keenan Allen,anytime_td,betrivers,Yes,,430,448d7cf18c6db4c811ed82ded1b72867,2026-10-09T17:19:43Z
nfl,PIT,IND,2026-10-11T17:00:00Z,Eli Heidenreich,anytime_td,betrivers,Yes,,2500,448d7cf18c6db4c811ed82ded1b72867,2026-10-09T17:19:43Z
nfl,PIT,IND,2026-10-11T17:00:00Z,Jaylen Warren,anytime_td,betrivers,Yes,,-124,448d7cf18c6db4c811ed82ded1b72867,2026-10-09T17:19:43Z
nfl,PIT,IND,2026-10-11T17:00:00Z,Riley Nowakowski,anytime_td,betrivers,Yes,,4000,448d7cf18c6db4c811ed82ded1b72867,2026-10-09T17:19:43Z
nfl,PIT,IND,2026-10-11T17:00:00Z,Pat Freiermuth,anytime_td,betrivers,Yes,,275,448d7cf18c6db4c811ed82ded1b72867,2026-10-09T17:19:43Z
nfl,PIT,IND,2026-10-11T17:00:00Z,Seth McGowan,anytime_td,betrivers,Yes,,575,448d7cf18c6db4c811ed82ded1b72867,2026-10-09T17:19:43Z
nfl,PIT,IND,2026-10-11T17:00:00Z,Aaron Rodgers,anytime_td,betrivers,Yes,,1400,448d7cf18c6db4c811ed82ded1b72867,2026-10-09T17:19:43Z
nfl,PIT,IND,2026-10-11T17:00:00Z,Travis Homer,anytime_td,betrivers,Yes,,1500,448d7cf18c6db4c811ed82ded1b72867,2026-10-09T17:19:43Z
nfl,PIT,IND,2026-10-11T17:00:00Z,Rico Dowdle,anytime_td,betrivers,Yes,,185,448d7cf18c6db4c811ed82ded1b72867,2026-10-09T17:19:43Z
nfl,PIT,IND,2026-10-11T17:00:00Z,Ben Skowronek,anytime_td,betrivers,Yes,,1000,448d7cf18c6db4c811ed82ded1b72867,2026-10-09T17:19:43Z
nfl,PIT,IND,2026-10-11T17:00:00Z,Darnell Washington,anytime_td,betrivers,Yes,,325,448d7cf18c6db4c811ed82ded1b72867,2026-10-09T17:19:43Z
nfl,PIT,IND,2026-10-11T17:00:00Z,Robert Tonyan,anytime_td,betrivers,Yes,,2500,448d7cf18c6db4c811ed82ded1b72867,2026-10-09T17:19:43Z
nfl,PIT,IND,2026-10-11T17:00:00Z,Deion Burks,anytime_td,betrivers,Yes,,1300,448d7cf18c6db4c811ed82ded1b72867,2026-10-09T17:19:43Z
nfl,PIT,IND,2026-10-11T17:00:00Z,Laquon Treadwell,anytime_td,betrivers,Yes,,510,448d7cf18c6db4c811ed82ded1b72867,2026-10-09T17:19:43Z
nfl,PIT,IND,2026-10-11T17:00:00Z,Germie Bernard,anytime_td,betrivers,Yes,,440,448d7cf18c6db4c811ed82ded1b72867,2026-10-09T17:19:43Z
nfl,PIT,IND,2026-10-11T17:00:00Z,Ashton Dulin,anytime_td,betrivers,Yes,,500,448d7cf18c6db4c811ed82ded1b72867,2026-10-09T17:19:43Z
nfl,PIT,IND,2026-10-11T17:00:00Z,Mo Alie-Cox,anytime_td,betrivers,Yes,,1150,448d7cf18c6db4c811ed82ded1b72867,2026-10-09T17:19:43Z
nfl,PIT,IND,2026-10-11T17:00:00Z,Daniel Jones,anytime_td,betrivers,Yes,,480,448d7cf18c6db4c811ed82ded1b72867,2026-10-09T17:19:43Z
nfl,PIT,IND,2026-10-11T17:00:00Z,Tyler Warren,anytime_td,betrivers,Yes,,205,448d7cf18c6db4c811ed82ded1b72867,2026-10-09T17:19:43Z
nfl,PIT,IND,2026-10-11T17:00:00Z,Drew Ogletree,anytime_td,betrivers,Yes,,2800,448d7cf18c6db4c811ed82ded1b72867,2026-10-09T17:19:43Z
nfl,PIT,IND,2026-10-11T17:00:00Z,Aaron Rodgers,completions,betrivers,Over,20.5,-114,448d7cf18c6db4c811ed82ded1b72867,2026-10-09T17:19:43Z
nfl,PIT,IND,2026-10-11T17:00:00Z,Daniel Jones,completions,betrivers,Over,19.5,-134,448d7cf18c6db4c811ed82ded1b72867,2026-10-09T17:19:43Z
nfl,PIT,IND,2026-10-11T17:00:00Z,Aaron Rodgers,pass_td,betrivers,Over,1.5,-107,448d7cf18c6db4c811ed82ded1b72867,2026-10-09T17:19:43Z
nfl,PIT,IND,2026-10-11T17:00:00Z,Aaron Rodgers,pass_td,betrivers,Under,1.5,-125,448d7cf18c6db4c811ed82ded1b72867,2026-10-09T17:19:43Z
nfl,PIT,IND,2026-10-11T17:00:00Z,Daniel Jones,pass_td,betrivers,Over,1.5,180,448d7cf18c6db4c811ed82ded1b72867,2026-10-09T17:19:43Z
nfl,PIT,IND,2026-10-11T17:00:00Z,Daniel Jones,pass_td,betrivers,Under,1.5,-245,448d7cf18c6db4c811ed82ded1b72867,2026-10-09T17:19:43Z
nfl,PIT,IND,2026-10-11T17:00:00Z,Daniel Jones,pass_yds,betrivers,Over,211.5,-117,448d7cf18c6db4c811ed82ded1b72867,2026-10-09T17:19:43Z
nfl,PIT,IND,2026-10-11T17:00:00Z,Daniel Jones,pass_yds,betrivers,Under,211.5,-114,448d7cf18c6db4c811ed82ded1b72867,2026-10-09T17:19:43Z
nfl,PIT,IND,2026-10-11T17:00:00Z,Aaron Rodgers,pass_yds,betrivers,Over,223.5,-114,448d7cf18c6db4c811ed82ded1b72867,2026-10-09T17:19:43Z
nfl,PIT,IND,2026-10-11T17:00:00Z,Aaron Rodgers,pass_yds,betrivers,Under,223.5,-117,448d7cf18c6db4c811ed82ded1b72867,2026-10-09T17:19:43Z
nfl,PIT,IND,2026-10-11T17:00:00Z,Daniel Jones,pass_yds,betrivers,Over,212.5,-114,448d7cf18c6db4c811ed82ded1b72867,2026-10-09T17:19:43Z
nfl,PIT,IND,2026-10-11T17:00:00Z,Daniel Jones,pass_yds,betrivers,Under,212.5,-117,448d7cf18c6db4c811ed82ded1b72867,2026-10-09T17:19:43Z
nfl,PIT,IND,2026-10-11T17:00:00Z,Roman Wilson,rec_yds,betrivers,Over,40.5,-115,448d7cf18c6db4c811ed82ded1b72867,2026-10-09T17:19:43Z
nfl,PIT,IND,2026-10-11T17:00:00Z,Roman Wilson,rec_yds,betrivers,Under,40.5,-115,448d7cf18c6db4c811ed82ded1b72867,2026-10-09T17:19:43Z
nfl,PIT,IND,2026-10-11T17:00:00Z,Darnell Washington,rec_yds,betrivers,Over,21.5,-120,448d7cf18c6db4c811ed82ded1b72867,2026-10-09T17:19:43Z
nfl,PIT,IND,2026-10-11T17:00:00Z,Darnell Washington,rec_yds,betrivers,Under,21.5,-112,448d7cf18c6db4c811ed82ded1b72867,2026-10-09T17:19:43Z
nfl,PIT,IND,2026-10-11T17:00:00Z,Pat Freiermuth,rec_yds,betrivers,Over,27.5,-115,448d7cf18c6db4c811ed82ded1b72867,2026-10-09T17:19:43Z
nfl,PIT,IND,2026-10-11T17:00:00Z,Pat Freiermuth,rec_yds,betrivers,Under,27.5,-115,448d7cf18c6db4c811ed82ded1b72867,2026-10-09T17:19:43Z
nfl,PIT,IND,2026-10-11T17:00:00Z,Keenan Allen,rec_yds,betrivers,Over,29.5,-113,448d7cf18c6db4c811ed82ded1b72867,2026-10-09T17:19:43Z
nfl,PIT,IND,2026-10-11T17:00:00Z,Keenan Allen,rec_yds,betrivers,Under,29.5,-118,448d7cf18c6db4c811ed82ded1b72867,2026-10-09T17:19:43Z
nfl,PIT,IND,2026-10-11T17:00:00Z,Tyler Warren,rec_yds,betrivers,Over,48.5,-113,448d7cf18c6db4c811ed82ded1b72867,2026-10-09T17:19:43Z
nfl,PIT,IND,2026-10-11T17:00:00Z,Tyler Warren,rec_yds,betrivers,Under,48.5,-118,448d7cf18c6db4c811ed82ded1b72867,2026-10-09T17:19:43Z
nfl,PIT,IND,2026-10-11T17:00:00Z,Jonathan Taylor,rec_yds,betrivers,Over,16.5,-110,448d7cf18c6db4c811ed82ded1b72867,2026-10-09T17:19:43Z
nfl,PIT,IND,2026-10-11T17:00:00Z,Jonathan Taylor,rec_yds,betrivers,Under,16.5,-121,448d7cf18c6db4c811ed82ded1b72867,2026-10-09T17:19:43Z
nfl,PIT,IND,2026-10-11T17:00:00Z,Josh Downs,rec_yds,betrivers,Over,57.5,-118,448d7cf18c6db4c811ed82ded1b72867,2026-10-09T17:19:43Z
nfl,PIT,IND,2026-10-11T17:00:00Z,Josh Downs,rec_yds,betrivers,Under,57.5,-113,448d7cf18c6db4c811ed82ded1b72867,2026-10-09T17:19:43Z
nfl,PIT,IND,2026-10-11T17:00:00Z,DK Metcalf,rec_yds,betrivers,Over,51.5,-115,448d7cf18c6db4c811ed82ded1b72867,2026-10-09T17:19:43Z
nfl,PIT,IND,2026-10-11T17:00:00Z,DK Metcalf,rec_yds,betrivers,Under,51.5,-115,448d7cf18c6db4c811ed82ded1b72867,2026-10-09T17:19:43Z
nfl,PIT,IND,2026-10-11T17:00:00Z,Germie Bernard,rec_yds,betrivers,Over,18.5,-112,448d7cf18c6db4c811ed82ded1b72867,2026-10-09T17:19:43Z
nfl,PIT,IND,2026-10-11T17:00:00Z,Germie Bernard,rec_yds,betrivers,Under,18.5,-120,448d7cf18c6db4c811ed82ded1b72867,2026-10-09T17:19:43Z
nfl,PIT,IND,2026-10-11T17:00:00Z,DK Metcalf,receptions,betrivers,Over,4.5,114,448d7cf18c6db4c811ed82ded1b72867,2026-10-09T17:19:43Z
nfl,PIT,IND,2026-10-11T17:00:00Z,Roman Wilson,receptions,betrivers,Over,3.5,110,448d7cf18c6db4c811ed82ded1b72867,2026-10-09T17:19:43Z
nfl,PIT,IND,2026-10-11T17:00:00Z,Josh Downs,receptions,betrivers,Over,5.5,118,448d7cf18c6db4c811ed82ded1b72867,2026-10-09T17:19:43Z
nfl,PIT,IND,2026-10-11T17:00:00Z,Keenan Allen,receptions,betrivers,Over,3.5,118,448d7cf18c6db4c811ed82ded1b72867,2026-10-09T17:19:43Z
nfl,PIT,IND,2026-10-11T17:00:00Z,Darnell Washington,receptions,betrivers,Over,2.5,132,448d7cf18c6db4c811ed82ded1b72867,2026-10-09T17:19:43Z
nfl,PIT,IND,2026-10-11T17:00:00Z,Pat Freiermuth,receptions,betrivers,Over,3.5,102,448d7cf18c6db4c811ed82ded1b72867,2026-10-09T17:19:43Z
nfl,PIT,IND,2026-10-11T17:00:00Z,Tyler Warren,receptions,betrivers,Over,5.5,125,448d7cf18c6db4c811ed82ded1b72867,2026-10-09T17:19:43Z
nfl,PIT,IND,2026-10-11T17:00:00Z,Jonathan Taylor,receptions,betrivers,Over,2.5,-115,448d7cf18c6db4c811ed82ded1b72867,2026-10-09T17:19:43Z
nfl,PIT,IND,2026-10-11T17:00:00Z,Germie Bernard,receptions,betrivers,Over,2.5,135,448d7cf18c6db4c811ed82ded1b72867,2026-10-09T17:19:43Z
nfl,PIT,IND,2026-10-11T17:00:00Z,Jonathan Taylor,rush_yds,betrivers,Over,85.5,-118,448d7cf18c6db4c811ed82ded1b72867,2026-10-09T17:19:43Z
nfl,PIT,IND,2026-10-11T17:00:00Z,Jonathan Taylor,rush_yds,betrivers,Under,85.5,-113,448d7cf18c6db4c811ed82ded1b72867,2026-10-09T17:19:43Z
nfl,PIT,IND,2026-10-11T17:00:00Z,Jonathan Taylor,rush_yds,betrivers,Over,86.5,-113,448d7cf18c6db4c811ed82ded1b72867,2026-10-09T17:19:43Z
nfl,PIT,IND,2026-10-11T17:00:00Z,Jonathan Taylor,rush_yds,betrivers,Under,86.5,-118,448d7cf18c6db4c811ed82ded1b72867,2026-10-09T17:19:43Z
nfl,PIT,IND,2026-10-11T17:00:00Z,Daniel Jones,rush_yds,betrivers,Over,11.5,-109,448d7cf18c6db4c811ed82ded1b72867,2026-10-09T17:19:43Z
nfl,PIT,IND,2026-10-11T17:00:00Z,Daniel Jones,rush_yds,betrivers,Under,11.5,-122,448d7cf18c6db4c811ed82ded1b72867,2026-10-09T17:19:43Z
nfl,PIT,IND,2026-10-11T17:00:00Z,Daniel Jones,anytime_td,betmgm,Yes,,600,448d7cf18c6db4c811ed82ded1b72867,2026-10-09T17:19:42Z
nfl,PIT,IND,2026-10-11T17:00:00Z,Pittsburgh Steelers D/ST,anytime_td,betmgm,Yes,,425,448d7cf18c6db4c811ed82ded1b72867,2026-10-09T17:19:42Z
nfl,PIT,IND,2026-10-11T17:00:00Z,Germie Bernard,anytime_td,betmgm,Yes,,450,448d7cf18c6db4c811ed82ded1b72867,2026-10-09T17:19:42Z
nfl,PIT,IND,2026-10-11T17:00:00Z,Jonathan Taylor,anytime_td,betmgm,Yes,,-185,448d7cf18c6db4c811ed82ded1b72867,2026-10-09T17:19:42Z
nfl,PIT,IND,2026-10-11T17:00:00Z,DK Metcalf,anytime_td,betmgm,Yes,,175,448d7cf18c6db4c811ed82ded1b72867,2026-10-09T17:19:42Z
nfl,PIT,IND,2026-10-11T17:00:00Z,Jaylen Warren,anytime_td,betmgm,Yes,,-145,448d7cf18c6db4c811ed82ded1b72867,2026-10-09T17:19:42Z
nfl,PIT,IND,2026-10-11T17:00:00Z,Josh Downs,anytime_td,betmgm,Yes,,220,448d7cf18c6db4c811ed82ded1b72867,2026-10-09T17:19:42Z
nfl,PIT,IND,2026-10-11T17:00:00Z,Indianapolis Colts D/ST,anytime_td,betmgm,Yes,,575,448d7cf18c6db4c811ed82ded1b72867,2026-10-09T17:19:42Z
nfl,PIT,IND,2026-10-11T17:00:00Z,Pat Freiermuth,anytime_td,betmgm,Yes,,325,448d7cf18c6db4c811ed82ded1b72867,2026-10-09T17:19:42Z
nfl,PIT,IND,2026-10-11T17:00:00Z,Aaron Rodgers,anytime_td,betmgm,Yes,,1200,448d7cf18c6db4c811ed82ded1b72867,2026-10-09T17:19:42Z
nfl,PIT,IND,2026-10-11T17:00:00Z,Tyler Warren,anytime_td,betmgm,Yes,,225,448d7cf18c6db4c811ed82ded1b72867,2026-10-09T17:19:42Z
nfl,PIT,IND,2026-10-11T17:00:00Z,Darnell Washington,anytime_td,betmgm,Yes,,333,448d7cf18c6db4c811ed82ded1b72867,2026-10-09T17:19:42Z
nfl,PIT,IND,2026-10-11T17:00:00Z,Roman Wilson,anytime_td,betmgm,Yes,,250,448d7cf18c6db4c811ed82ded1b72867,2026-10-09T17:19:42Z
nfl,PIT,IND,2026-10-11T17:00:00Z,Laquon Treadwell,anytime_td,betmgm,Yes,,575,448d7cf18c6db4c811ed82ded1b72867,2026-10-09T17:19:42Z
nfl,PIT,IND,2026-10-11T17:00:00Z,Riley Nowakowski,anytime_td,betmgm,Yes,,2500,448d7cf18c6db4c811ed82ded1b72867,2026-10-09T17:19:42Z
nfl,PIT,IND,2026-10-11T17:00:00Z,Keenan Allen,anytime_td,betmgm,Yes,,425,448d7cf18c6db4c811ed82ded1b72867,2026-10-09T17:19:42Z
nfl,PIT,IND,2026-10-11T17:00:00Z,Seth McGowan,anytime_td,betmgm,Yes,,850,448d7cf18c6db4c811ed82ded1b72867,2026-10-09T17:19:42Z
nfl,PIT,IND,2026-10-11T17:00:00Z,Robert Tonyan,anytime_td,betmgm,Yes,,2800,448d7cf18c6db4c811ed82ded1b72867,2026-10-09T17:19:42Z
nfl,PIT,IND,2026-10-11T17:00:00Z,Ben Skowronek,anytime_td,betmgm,Yes,,1450,448d7cf18c6db4c811ed82ded1b72867,2026-10-09T17:19:42Z
nfl,PIT,IND,2026-10-11T17:00:00Z,Mo Alie-Cox,anytime_td,betmgm,Yes,,1600,448d7cf18c6db4c811ed82ded1b72867,2026-10-09T17:19:42Z
nfl,PIT,IND,2026-10-11T17:00:00Z,Kaden Wetjen,anytime_td,betmgm,Yes,,1850,448d7cf18c6db4c811ed82ded1b72867,2026-10-09T17:19:42Z
nfl,PIT,IND,2026-10-11T17:00:00Z,Deion Burks,anytime_td,betmgm,Yes,,1550,448d7cf18c6db4c811ed82ded1b72867,2026-10-09T17:19:42Z
nfl,PIT,IND,2026-10-11T17:00:00Z,Ashton Dulin,anytime_td,betmgm,Yes,,775,448d7cf18c6db4c811ed82ded1b72867,2026-10-09T17:19:42Z
nfl,PIT,IND,2026-10-11T17:00:00Z,Daniel Jones,pass_att,betmgm,Over,32.5,-110,448d7cf18c6db4c811ed82ded1b72867,2026-10-09T17:19:42Z
nfl,PIT,IND,2026-10-11T17:00:00Z,Daniel Jones,pass_att,betmgm,Under,32.5,-120,448d7cf18c6db4c811ed82ded1b72867,2026-10-09T17:19:42Z
nfl,PIT,IND,2026-10-11T17:00:00Z,Daniel Jones,completions,betmgm,Over,20.5,-105,448d7cf18c6db4c811ed82ded1b72867,2026-10-09T17:19:42Z
nfl,PIT,IND,2026-10-11T17:00:00Z,Daniel Jones,completions,betmgm,Under,20.5,-125,448d7cf18c6db4c811ed82ded1b72867,2026-10-09T17:19:42Z
nfl,PIT,IND,2026-10-11T17:00:00Z,Daniel Jones,pass_td,betmgm,Over,1.5,175,448d7cf18c6db4c811ed82ded1b72867,2026-10-09T17:19:42Z
nfl,PIT,IND,2026-10-11T17:00:00Z,Daniel Jones,pass_td,betmgm,Under,1.5,-235,448d7cf18c6db4c811ed82ded1b72867,2026-10-09T17:19:42Z
nfl,PIT,IND,2026-10-11T17:00:00Z,Daniel Jones,pass_yds,betmgm,Over,209.5,-115,448d7cf18c6db4c811ed82ded1b72867,2026-10-09T17:19:42Z
nfl,PIT,IND,2026-10-11T17:00:00Z,Daniel Jones,pass_yds,betmgm,Under,209.5,-115,448d7cf18c6db4c811ed82ded1b72867,2026-10-09T17:19:42Z
nfl,PIT,IND,2026-10-11T17:00:00Z,Pat Freiermuth,rec_yds,betmgm,Over,29.5,-115,448d7cf18c6db4c811ed82ded1b72867,2026-10-09T17:19:42Z
nfl,PIT,IND,2026-10-11T17:00:00Z,Pat Freiermuth,rec_yds,betmgm,Under,29.5,-115,448d7cf18c6db4c811ed82ded1b72867,2026-10-09T17:19:42Z
nfl,PIT,IND,2026-10-11T17:00:00Z,Roman Wilson,rec_yds,betmgm,Over,39.5,-135,448d7cf18c6db4c811ed82ded1b72867,2026-10-09T17:19:42Z
nfl,PIT,IND,2026-10-11T17:00:00Z,Roman Wilson,rec_yds,betmgm,Under,39.5,100,448d7cf18c6db4c811ed82ded1b72867,2026-10-09T17:19:42Z
nfl,PIT,IND,2026-10-11T17:00:00Z,Jonathan Taylor,rec_yds,betmgm,Over,14.5,-120,448d7cf18c6db4c811ed82ded1b72867,2026-10-09T17:19:42Z
nfl,PIT,IND,2026-10-11T17:00:00Z,Jonathan Taylor,rec_yds,betmgm,Under,14.5,-110,448d7cf18c6db4c811ed82ded1b72867,2026-10-09T17:19:42Z
nfl,PIT,IND,2026-10-11T17:00:00Z,Tyler Warren,rec_yds,betmgm,Over,46.5,-115,448d7cf18c6db4c811ed82ded1b72867,2026-10-09T17:19:42Z
nfl,PIT,IND,2026-10-11T17:00:00Z,Tyler Warren,rec_yds,betmgm,Under,46.5,-115,448d7cf18c6db4c811ed82ded1b72867,2026-10-09T17:19:42Z
nfl,PIT,IND,2026-10-11T17:00:00Z,Germie Bernard,rec_yds,betmgm,Over,18.5,-115,448d7cf18c6db4c811ed82ded1b72867,2026-10-09T17:19:42Z
nfl,PIT,IND,2026-10-11T17:00:00Z,Germie Bernard,rec_yds,betmgm,Under,18.5,-115,448d7cf18c6db4c811ed82ded1b72867,2026-10-09T17:19:42Z
nfl,PIT,IND,2026-10-11T17:00:00Z,Darnell Washington,rec_yds,betmgm,Over,22.5,-115,448d7cf18c6db4c811ed82ded1b72867,2026-10-09T17:19:42Z
nfl,PIT,IND,2026-10-11T17:00:00Z,Darnell Washington,rec_yds,betmgm,Under,22.5,-115,448d7cf18c6db4c811ed82ded1b72867,2026-10-09T17:19:42Z
nfl,PIT,IND,2026-10-11T17:00:00Z,DK Metcalf,rec_yds,betmgm,Over,52.5,-115,448d7cf18c6db4c811ed82ded1b72867,2026-10-09T17:19:42Z
nfl,PIT,IND,2026-10-11T17:00:00Z,DK Metcalf,rec_yds,betmgm,Under,52.5,-115,448d7cf18c6db4c811ed82ded1b72867,2026-10-09T17:19:42Z
nfl,PIT,IND,2026-10-11T17:00:00Z,Josh Downs,rec_yds,betmgm,Over,55.5,-115,448d7cf18c6db4c811ed82ded1b72867,2026-10-09T17:19:42Z
nfl,PIT,IND,2026-10-11T17:00:00Z,Josh Downs,rec_yds,betmgm,Under,55.5,-115,448d7cf18c6db4c811ed82ded1b72867,2026-10-09T17:19:42Z
nfl,PIT,IND,2026-10-11T17:00:00Z,Keenan Allen,rec_yds,betmgm,Over,28.5,-115,448d7cf18c6db4c811ed82ded1b72867,2026-10-09T17:19:42Z
nfl,PIT,IND,2026-10-11T17:00:00Z,Keenan Allen,rec_yds,betmgm,Under,28.5,-115,448d7cf18c6db4c811ed82ded1b72867,2026-10-09T17:19:42Z
nfl,PIT,IND,2026-10-11T17:00:00Z,Jonathan Taylor,receptions,betmgm,Over,2.5,100,448d7cf18c6db4c811ed82ded1b72867,2026-10-09T17:19:42Z
nfl,PIT,IND,2026-10-11T17:00:00Z,Jonathan Taylor,receptions,betmgm,Under,2.5,-135,448d7cf18c6db4c811ed82ded1b72867,2026-10-09T17:19:42Z
nfl,PIT,IND,2026-10-11T17:00:00Z,DK Metcalf,receptions,betmgm,Over,4.5,105,448d7cf18c6db4c811ed82ded1b72867,2026-10-09T17:19:42Z
nfl,PIT,IND,2026-10-11T17:00:00Z,DK Metcalf,receptions,betmgm,Under,4.5,-140,448d7cf18c6db4c811ed82ded1b72867,2026-10-09T17:19:42Z
nfl,PIT,IND,2026-10-11T17:00:00Z,Tyler Warren,receptions,betmgm,Over,5.5,115,448d7cf18c6db4c811ed82ded1b72867,2026-10-09T17:19:42Z
nfl,PIT,IND,2026-10-11T17:00:00Z,Tyler Warren,receptions,betmgm,Under,5.5,-155,448d7cf18c6db4c811ed82ded1b72867,2026-10-09T17:19:42Z
nfl,PIT,IND,2026-10-11T17:00:00Z,Pat Freiermuth,receptions,betmgm,Over,3.5,120,448d7cf18c6db4c811ed82ded1b72867,2026-10-09T17:19:42Z
nfl,PIT,IND,2026-10-11T17:00:00Z,Pat Freiermuth,receptions,betmgm,Under,3.5,-160,448d7cf18c6db4c811ed82ded1b72867,2026-10-09T17:19:42Z
nfl,PIT,IND,2026-10-11T17:00:00Z,Roman Wilson,receptions,betmgm,Over,3.5,105,448d7cf18c6db4c811ed82ded1b72867,2026-10-09T17:19:42Z
nfl,PIT,IND,2026-10-11T17:00:00Z,Roman Wilson,receptions,betmgm,Under,3.5,-140,448d7cf18c6db4c811ed82ded1b72867,2026-10-09T17:19:42Z
nfl,PIT,IND,2026-10-11T17:00:00Z,Germie Bernard,receptions,betmgm,Over,2.5,120,448d7cf18c6db4c811ed82ded1b72867,2026-10-09T17:19:42Z
nfl,PIT,IND,2026-10-11T17:00:00Z,Germie Bernard,receptions,betmgm,Under,2.5,-160,448d7cf18c6db4c811ed82ded1b72867,2026-10-09T17:19:42Z
nfl,PIT,IND,2026-10-11T17:00:00Z,Darnell Washington,receptions,betmgm,Over,2.5,105,448d7cf18c6db4c811ed82ded1b72867,2026-10-09T17:19:42Z
nfl,PIT,IND,2026-10-11T17:00:00Z,Darnell Washington,receptions,betmgm,Under,2.5,-140,448d7cf18c6db4c811ed82ded1b72867,2026-10-09T17:19:42Z
nfl,PIT,IND,2026-10-11T17:00:00Z,Josh Downs,receptions,betmgm,Over,5.5,125,448d7cf18c6db4c811ed82ded1b72867,2026-10-09T17:19:42Z
nfl,PIT,IND,2026-10-11T17:00:00Z,Josh Downs,receptions,betmgm,Under,5.5,-165,448d7cf18c6db4c811ed82ded1b72867,2026-10-09T17:19:42Z
nfl,PIT,IND,2026-10-11T17:00:00Z,Keenan Allen,receptions,betmgm,Over,3.5,100,448d7cf18c6db4c811ed82ded1b72867,2026-10-09T17:19:42Z
nfl,PIT,IND,2026-10-11T17:00:00Z,Keenan Allen,receptions,betmgm,Under,3.5,-135,448d7cf18c6db4c811ed82ded1b72867,2026-10-09T17:19:42Z
nfl,PIT,IND,2026-10-11T17:00:00Z,Jonathan Taylor,rush_att,betmgm,Over,19.5,-110,448d7cf18c6db4c811ed82ded1b72867,2026-10-09T17:19:42Z
nfl,PIT,IND,2026-10-11T17:00:00Z,Jonathan Taylor,rush_att,betmgm,Under,19.5,-120,448d7cf18c6db4c811ed82ded1b72867,2026-10-09T17:19:42Z
nfl,PIT,IND,2026-10-11T17:00:00Z,Daniel Jones,rush_yds,betmgm,Over,9.5,-111,448d7cf18c6db4c811ed82ded1b72867,2026-10-09T17:19:42Z
nfl,PIT,IND,2026-10-11T17:00:00Z,Daniel Jones,rush_yds,betmgm,Under,9.5,-120,448d7cf18c6db4c811ed82ded1b72867,2026-10-09T17:19:42Z
nfl,PIT,IND,2026-10-11T17:00:00Z,Jonathan Taylor,rush_yds,betmgm,Over,83.5,-115,448d7cf18c6db4c811ed82ded1b72867,2026-10-09T17:19:42Z
nfl,PIT,IND,2026-10-11T17:00:00Z,Jonathan Taylor,rush_yds,betmgm,Under,83.5,-115,448d7cf18c6db4c811ed82ded1b72867,2026-10-09T17:19:42Z
nfl,PIT,IND,2026-10-11T17:00:00Z,Aaron Rodgers,pass_att,espnbet,Over,34.5,-130,448d7cf18c6db4c811ed82ded1b72867,2026-10-09T17:20:16Z
nfl,PIT,IND,2026-10-11T17:00:00Z,Aaron Rodgers,pass_att,espnbet,Under,34.5,100,448d7cf18c6db4c811ed82ded1b72867,2026-10-09T17:20:16Z
nfl,PIT,IND,2026-10-11T17:00:00Z,Daniel Jones,pass_att,espnbet,Over,32.5,-105,448d7cf18c6db4c811ed82ded1b72867,2026-10-09T17:20:16Z
nfl,PIT,IND,2026-10-11T17:00:00Z,Daniel Jones,pass_att,espnbet,Under,32.5,-125,448d7cf18c6db4c811ed82ded1b72867,2026-10-09T17:20:16Z
nfl,PIT,IND,2026-10-11T17:00:00Z,Aaron Rodgers,completions,espnbet,Over,21.5,-105,448d7cf18c6db4c811ed82ded1b72867,2026-10-09T17:20:16Z
nfl,PIT,IND,2026-10-11T17:00:00Z,Aaron Rodgers,completions,espnbet,Under,21.5,-125,448d7cf18c6db4c811ed82ded1b72867,2026-10-09T17:20:16Z
nfl,PIT,IND,2026-10-11T17:00:00Z,Daniel Jones,completions,espnbet,Over,19.5,-120,448d7cf18c6db4c811ed82ded1b72867,2026-10-09T17:20:16Z
nfl,PIT,IND,2026-10-11T17:00:00Z,Daniel Jones,completions,espnbet,Under,19.5,-110,448d7cf18c6db4c811ed82ded1b72867,2026-10-09T17:20:16Z
nfl,PIT,IND,2026-10-11T17:00:00Z,Aaron Rodgers,pass_td,espnbet,Over,1.5,100,448d7cf18c6db4c811ed82ded1b72867,2026-10-09T17:20:16Z
nfl,PIT,IND,2026-10-11T17:00:00Z,Aaron Rodgers,pass_td,espnbet,Under,1.5,-130,448d7cf18c6db4c811ed82ded1b72867,2026-10-09T17:20:16Z
nfl,PIT,IND,2026-10-11T17:00:00Z,Daniel Jones,pass_td,espnbet,Over,1.5,180,448d7cf18c6db4c811ed82ded1b72867,2026-10-09T17:20:16Z
nfl,PIT,IND,2026-10-11T17:00:00Z,Daniel Jones,pass_td,espnbet,Under,1.5,-250,448d7cf18c6db4c811ed82ded1b72867,2026-10-09T17:20:16Z
nfl,PIT,IND,2026-10-11T17:00:00Z,Aaron Rodgers,pass_yds,espnbet,Over,229.5,-105,448d7cf18c6db4c811ed82ded1b72867,2026-10-09T17:20:16Z
nfl,PIT,IND,2026-10-11T17:00:00Z,Aaron Rodgers,pass_yds,espnbet,Under,229.5,-125,448d7cf18c6db4c811ed82ded1b72867,2026-10-09T17:20:16Z
nfl,PIT,IND,2026-10-11T17:00:00Z,Daniel Jones,pass_yds,espnbet,Over,209.5,-110,448d7cf18c6db4c811ed82ded1b72867,2026-10-09T17:20:16Z
nfl,PIT,IND,2026-10-11T17:00:00Z,Daniel Jones,pass_yds,espnbet,Under,209.5,-120,448d7cf18c6db4c811ed82ded1b72867,2026-10-09T17:20:16Z
nfl,PIT,IND,2026-10-11T17:00:00Z,Josh Downs,rec_yds,espnbet,Over,54.5,-125,448d7cf18c6db4c811ed82ded1b72867,2026-10-09T17:20:16Z
nfl,PIT,IND,2026-10-11T17:00:00Z,Josh Downs,rec_yds,espnbet,Under,54.5,-105,448d7cf18c6db4c811ed82ded1b72867,2026-10-09T17:20:16Z
nfl,PIT,IND,2026-10-11T17:00:00Z,DK Metcalf,rec_yds,espnbet,Over,54.5,-105,448d7cf18c6db4c811ed82ded1b72867,2026-10-09T17:20:16Z
nfl,PIT,IND,2026-10-11T17:00:00Z,DK Metcalf,rec_yds,espnbet,Under,54.5,-125,448d7cf18c6db4c811ed82ded1b72867,2026-10-09T17:20:16Z
nfl,PIT,IND,2026-10-11T17:00:00Z,Tyler Warren,rec_yds,espnbet,Over,44.5,-115,448d7cf18c6db4c811ed82ded1b72867,2026-10-09T17:20:16Z
nfl,PIT,IND,2026-10-11T17:00:00Z,Tyler Warren,rec_yds,espnbet,Under,44.5,-115,448d7cf18c6db4c811ed82ded1b72867,2026-10-09T17:20:16Z
nfl,PIT,IND,2026-10-11T17:00:00Z,Pat Freiermuth,rec_yds,espnbet,Over,28.5,-105,448d7cf18c6db4c811ed82ded1b72867,2026-10-09T17:20:16Z
nfl,PIT,IND,2026-10-11T17:00:00Z,Pat Freiermuth,rec_yds,espnbet,Under,28.5,-125,448d7cf18c6db4c811ed82ded1b72867,2026-10-09T17:20:16Z
nfl,PIT,IND,2026-10-11T17:00:00Z,Roman Wilson,rec_yds,espnbet,Over,39.5,-125,448d7cf18c6db4c811ed82ded1b72867,2026-10-09T17:20:16Z
nfl,PIT,IND,2026-10-11T17:00:00Z,Roman Wilson,rec_yds,espnbet,Under,39.5,-105,448d7cf18c6db4c811ed82ded1b72867,2026-10-09T17:20:16Z
nfl,PIT,IND,2026-10-11T17:00:00Z,Keenan Allen,rec_yds,espnbet,Over,29.5,-105,448d7cf18c6db4c811ed82ded1b72867,2026-10-09T17:20:16Z
nfl,PIT,IND,2026-10-11T17:00:00Z,Keenan Allen,rec_yds,espnbet,Under,29.5,-125,448d7cf18c6db4c811ed82ded1b72867,2026-10-09T17:20:16Z
nfl,PIT,IND,2026-10-11T17:00:00Z,Darnell Washington,rec_yds,espnbet,Over,22.5,-105,448d7cf18c6db4c811ed82ded1b72867,2026-10-09T17:20:16Z
nfl,PIT,IND,2026-10-11T17:00:00Z,Darnell Washington,rec_yds,espnbet,Under,22.5,-125,448d7cf18c6db4c811ed82ded1b72867,2026-10-09T17:20:16Z
nfl,PIT,IND,2026-10-11T17:00:00Z,Germie Bernard,rec_yds,espnbet,Over,19.5,-115,448d7cf18c6db4c811ed82ded1b72867,2026-10-09T17:20:16Z
nfl,PIT,IND,2026-10-11T17:00:00Z,Germie Bernard,rec_yds,espnbet,Under,19.5,-115,448d7cf18c6db4c811ed82ded1b72867,2026-10-09T17:20:16Z
nfl,PIT,IND,2026-10-11T17:00:00Z,Jonathan Taylor,rec_yds,espnbet,Over,15.5,-115,448d7cf18c6db4c811ed82ded1b72867,2026-10-09T17:20:16Z
nfl,PIT,IND,2026-10-11T17:00:00Z,Jonathan Taylor,rec_yds,espnbet,Under,15.5,-115,448d7cf18c6db4c811ed82ded1b72867,2026-10-09T17:20:16Z
nfl,PIT,IND,2026-10-11T17:00:00Z,DK Metcalf,receptions,espnbet,Over,4.5,105,448d7cf18c6db4c811ed82ded1b72867,2026-10-09T17:20:16Z
nfl,PIT,IND,2026-10-11T17:00:00Z,DK Metcalf,receptions,espnbet,Under,4.5,-135,448d7cf18c6db4c811ed82ded1b72867,2026-10-09T17:20:16Z
nfl,PIT,IND,2026-10-11T17:00:00Z,Tyler Warren,receptions,espnbet,Over,5.5,120,448d7cf18c6db4c811ed82ded1b72867,2026-10-09T17:20:16Z
nfl,PIT,IND,2026-10-11T17:00:00Z,Tyler Warren,receptions,espnbet,Under,5.5,-155,448d7cf18c6db4c811ed82ded1b72867,2026-10-09T17:20:16Z
nfl,PIT,IND,2026-10-11T17:00:00Z,Josh Downs,receptions,espnbet,Over,4.5,-155,448d7cf18c6db4c811ed82ded1b72867,2026-10-09T17:20:16Z
nfl,PIT,IND,2026-10-11T17:00:00Z,Josh Downs,receptions,espnbet,Under,4.5,120,448d7cf18c6db4c811ed82ded1b72867,2026-10-09T17:20:16Z
nfl,PIT,IND,2026-10-11T17:00:00Z,Keenan Allen,receptions,espnbet,Over,3.5,-105,448d7cf18c6db4c811ed82ded1b72867,2026-10-09T17:20:16Z
nfl,PIT,IND,2026-10-11T17:00:00Z,Keenan Allen,receptions,espnbet,Under,3.5,-125,448d7cf18c6db4c811ed82ded1b72867,2026-10-09T17:20:16Z
nfl,PIT,IND,2026-10-11T17:00:00Z,Pat Freiermuth,receptions,espnbet,Over,3.5,105,448d7cf18c6db4c811ed82ded1b72867,2026-10-09T17:20:16Z
nfl,PIT,IND,2026-10-11T17:00:00Z,Pat Freiermuth,receptions,espnbet,Under,3.5,-135,448d7cf18c6db4c811ed82ded1b72867,2026-10-09T17:20:16Z
nfl,PIT,IND,2026-10-11T17:00:00Z,Darnell Washington,receptions,espnbet,Over,2.5,125,448d7cf18c6db4c811ed82ded1b72867,2026-10-09T17:20:16Z
nfl,PIT,IND,2026-10-11T17:00:00Z,Darnell Washington,receptions,espnbet,Under,2.5,-160,448d7cf18c6db4c811ed82ded1b72867,2026-10-09T17:20:16Z
nfl,PIT,IND,2026-10-11T17:00:00Z,Roman Wilson,receptions,espnbet,Over,3.5,120,448d7cf18c6db4c811ed82ded1b72867,2026-10-09T17:20:16Z
nfl,PIT,IND,2026-10-11T17:00:00Z,Roman Wilson,receptions,espnbet,Under,3.5,-155,448d7cf18c6db4c811ed82ded1b72867,2026-10-09T17:20:16Z
nfl,PIT,IND,2026-10-11T17:00:00Z,Jonathan Taylor,receptions,espnbet,Over,2.5,-115,448d7cf18c6db4c811ed82ded1b72867,2026-10-09T17:20:16Z
nfl,PIT,IND,2026-10-11T17:00:00Z,Jonathan Taylor,receptions,espnbet,Under,2.5,-115,448d7cf18c6db4c811ed82ded1b72867,2026-10-09T17:20:16Z
nfl,PIT,IND,2026-10-11T17:00:00Z,Germie Bernard,receptions,espnbet,Over,2.5,130,448d7cf18c6db4c811ed82ded1b72867,2026-10-09T17:20:16Z
nfl,PIT,IND,2026-10-11T17:00:00Z,Germie Bernard,receptions,espnbet,Under,2.5,-170,448d7cf18c6db4c811ed82ded1b72867,2026-10-09T17:20:16Z
nfl,PIT,IND,2026-10-11T17:00:00Z,Jonathan Taylor,rush_att,espnbet,Over,19.5,-105,448d7cf18c6db4c811ed82ded1b72867,2026-10-09T17:20:16Z
nfl,PIT,IND,2026-10-11T17:00:00Z,Jonathan Taylor,rush_att,espnbet,Under,19.5,-125,448d7cf18c6db4c811ed82ded1b72867,2026-10-09T17:20:16Z
nfl,PIT,IND,2026-10-11T17:00:00Z,Jonathan Taylor,rush_yds,espnbet,Over,79.5,-125,448d7cf18c6db4c811ed82ded1b72867,2026-10-09T17:20:16Z
nfl,PIT,IND,2026-10-11T17:00:00Z,Jonathan Taylor,rush_yds,espnbet,Under,79.5,-105,448d7cf18c6db4c811ed82ded1b72867,2026-10-09T17:20:16Z
nfl,PIT,IND,2026-10-11T17:00:00Z,Jaylen Warren,rush_yds,espnbet,Over,61.5,-115,448d7cf18c6db4c811ed82ded1b72867,2026-10-09T17:20:16Z
nfl,PIT,IND,2026-10-11T17:00:00Z,Jaylen Warren,rush_yds,espnbet,Under,61.5,-115,448d7cf18c6db4c811ed82ded1b72867,2026-10-09T17:20:16Z
nfl,PIT,IND,2026-10-11T17:00:00Z,Daniel Jones,rush_yds,espnbet,Over,10.5,105,448d7cf18c6db4c811ed82ded1b72867,2026-10-09T17:20:16Z
nfl,PIT,IND,2026-10-11T17:00:00Z,Daniel Jones,rush_yds,espnbet,Under,10.5,-135,448d7cf18c6db4c811ed82ded1b72867,2026-10-09T17:20:16Z
nfl,PIT,IND,2026-10-11T17:00:00Z,Aaron Rodgers,rush_yds,espnbet,Over,0.5,-120,448d7cf18c6db4c811ed82ded1b72867,2026-10-09T17:20:16Z
nfl,PIT,IND,2026-10-11T17:00:00Z,Aaron Rodgers,rush_yds,espnbet,Under,0.5,-110,448d7cf18c6db4c811ed82ded1b72867,2026-10-09T17:20:16Z
nfl,WSH,NYG,2026-10-11T17:00:00Z,Cam Skattebo,anytime_td,draftkings,Yes,,130,fbffd0b7722fd81d68d5d62472dc80e8,2026-10-09T17:19:41Z
nfl,WSH,NYG,2026-10-11T17:00:00Z,Jacory Croskey-Merritt,anytime_td,draftkings,Yes,,160,fbffd0b7722fd81d68d5d62472dc80e8,2026-10-09T17:19:41Z
nfl,WSH,NYG,2026-10-11T17:00:00Z,Terry McLaurin,anytime_td,draftkings,Yes,,180,fbffd0b7722fd81d68d5d62472dc80e8,2026-10-09T17:19:41Z
nfl,WSH,NYG,2026-10-11T17:00:00Z,Malik Nabers,anytime_td,draftkings,Yes,,205,fbffd0b7722fd81d68d5d62472dc80e8,2026-10-09T17:19:41Z
nfl,WSH,NYG,2026-10-11T17:00:00Z,Rachaad White,anytime_td,draftkings,Yes,,205,fbffd0b7722fd81d68d5d62472dc80e8,2026-10-09T17:19:41Z
nfl,WSH,NYG,2026-10-11T17:00:00Z,Isaiah Likely,anytime_td,draftkings,Yes,,220,fbffd0b7722fd81d68d5d62472dc80e8,2026-10-09T17:19:41Z
nfl,WSH,NYG,2026-10-11T17:00:00Z,Jayden Daniels,anytime_td,draftkings,Yes,,240,fbffd0b7722fd81d68d5d62472dc80e8,2026-10-09T17:19:41Z
nfl,WSH,NYG,2026-10-11T17:00:00Z,Antonio Williams,anytime_td,draftkings,Yes,,280,fbffd0b7722fd81d68d5d62472dc80e8,2026-10-09T17:19:41Z
nfl,WSH,NYG,2026-10-11T17:00:00Z,Chig Okonkwo,anytime_td,draftkings,Yes,,330,fbffd0b7722fd81d68d5d62472dc80e8,2026-10-09T17:19:41Z
nfl,WSH,NYG,2026-10-11T17:00:00Z,Treylon Burks,anytime_td,draftkings,Yes,,340,fbffd0b7722fd81d68d5d62472dc80e8,2026-10-09T17:19:41Z
nfl,WSH,NYG,2026-10-11T17:00:00Z,Dyami Brown,anytime_td,draftkings,Yes,,350,fbffd0b7722fd81d68d5d62472dc80e8,2026-10-09T17:19:41Z
nfl,WSH,NYG,2026-10-11T17:00:00Z,Najee Harris,anytime_td,draftkings,Yes,,425,fbffd0b7722fd81d68d5d62472dc80e8,2026-10-09T17:19:41Z
nfl,WSH,NYG,2026-10-11T17:00:00Z,Washington Commanders D/ST,anytime_td,draftkings,Yes,,450,fbffd0b7722fd81d68d5d62472dc80e8,2026-10-09T17:19:41Z
nfl,WSH,NYG,2026-10-11T17:00:00Z,New York Giants D/ST,anytime_td,draftkings,Yes,,500,fbffd0b7722fd81d68d5d62472dc80e8,2026-10-09T17:19:41Z
nfl,WSH,NYG,2026-10-11T17:00:00Z,Malachi Fields,anytime_td,draftkings,Yes,,500,fbffd0b7722fd81d68d5d62472dc80e8,2026-10-09T17:19:41Z
nfl,WSH,NYG,2026-10-11T17:00:00Z,Austin Ekeler,anytime_td,draftkings,Yes,,550,fbffd0b7722fd81d68d5d62472dc80e8,2026-10-09T17:19:41Z
nfl,WSH,NYG,2026-10-11T17:00:00Z,Darnell Mooney,anytime_td,draftkings,Yes,,700,fbffd0b7722fd81d68d5d62472dc80e8,2026-10-09T17:19:41Z
nfl,WSH,NYG,2026-10-11T17:00:00Z,Tyrone Tracy Jr.,anytime_td,draftkings,Yes,,950,fbffd0b7722fd81d68d5d62472dc80e8,2026-10-09T17:19:41Z
nfl,WSH,NYG,2026-10-11T17:00:00Z,Jameis Winston,anytime_td,draftkings,Yes,,950,fbffd0b7722fd81d68d5d62472dc80e8,2026-10-09T17:19:41Z
nfl,WSH,NYG,2026-10-11T17:00:00Z,Theo Johnson,anytime_td,draftkings,Yes,,950,fbffd0b7722fd81d68d5d62472dc80e8,2026-10-09T17:19:41Z
nfl,WSH,NYG,2026-10-11T17:00:00Z,Devin Singletary,anytime_td,draftkings,Yes,,1100,fbffd0b7722fd81d68d5d62472dc80e8,2026-10-09T17:19:41Z
nfl,WSH,NYG,2026-10-11T17:00:00Z,John Bates,anytime_td,draftkings,Yes,,1200,fbffd0b7722fd81d68d5d62472dc80e8,2026-10-09T17:19:41Z
nfl,WSH,NYG,2026-10-11T17:00:00Z,Ben Sinnott,anytime_td,draftkings,Yes,,1300,fbffd0b7722fd81d68d5d62472dc80e8,2026-10-09T17:19:41Z
nfl,WSH,NYG,2026-10-11T17:00:00Z,Luke McCaffrey,anytime_td,draftkings,Yes,,1500,fbffd0b7722fd81d68d5d62472dc80e8,2026-10-09T17:19:41Z
nfl,WSH,NYG,2026-10-11T17:00:00Z,Charlie Jones,anytime_td,draftkings,Yes,,1500,fbffd0b7722fd81d68d5d62472dc80e8,2026-10-09T17:19:41Z
nfl,WSH,NYG,2026-10-11T17:00:00Z,Colson Yankoff,anytime_td,draftkings,Yes,,1700,fbffd0b7722fd81d68d5d62472dc80e8,2026-10-09T17:19:41Z
nfl,WSH,NYG,2026-10-11T17:00:00Z,Chris Manhertz,anytime_td,draftkings,Yes,,2200,fbffd0b7722fd81d68d5d62472dc80e8,2026-10-09T17:19:41Z
nfl,WSH,NYG,2026-10-11T17:00:00Z,Patrick Ricard,anytime_td,draftkings,Yes,,2500,fbffd0b7722fd81d68d5d62472dc80e8,2026-10-09T17:19:41Z
nfl,WSH,NYG,2026-10-11T17:00:00Z,Thomas Fidone,anytime_td,draftkings,Yes,,3500,fbffd0b7722fd81d68d5d62472dc80e8,2026-10-09T17:19:41Z
nfl,WSH,NYG,2026-10-11T17:00:00Z,Jameis Winston,pass_att,draftkings,Over,30.5,-123,fbffd0b7722fd81d68d5d62472dc80e8,2026-10-09T17:19:41Z
nfl,WSH,NYG,2026-10-11T17:00:00Z,Jameis Winston,pass_att,draftkings,Under,30.5,-104,fbffd0b7722fd81d68d5d62472dc80e8,2026-10-09T17:19:41Z
nfl,WSH,NYG,2026-10-11T17:00:00Z,Jayden Daniels,pass_att,draftkings,Over,29.5,-119,fbffd0b7722fd81d68d5d62472dc80e8,2026-10-09T17:19:41Z
nfl,WSH,NYG,2026-10-11T17:00:00Z,Jayden Daniels,pass_att,draftkings,Under,29.5,-107,fbffd0b7722fd81d68d5d62472dc80e8,2026-10-09T17:19:41Z
nfl,WSH,NYG,2026-10-11T17:00:00Z,Jayden Daniels,completions,draftkings,Over,18.5,-114,fbffd0b7722fd81d68d5d62472dc80e8,2026-10-09T17:19:41Z
nfl,WSH,NYG,2026-10-11T17:00:00Z,Jayden Daniels,completions,draftkings,Under,18.5,-111,fbffd0b7722fd81d68d5d62472dc80e8,2026-10-09T17:19:41Z
nfl,WSH,NYG,2026-10-11T17:00:00Z,Jameis Winston,completions,draftkings,Over,18.5,-113,fbffd0b7722fd81d68d5d62472dc80e8,2026-10-09T17:19:41Z
nfl,WSH,NYG,2026-10-11T17:00:00Z,Jameis Winston,completions,draftkings,Under,18.5,-113,fbffd0b7722fd81d68d5d62472dc80e8,2026-10-09T17:19:41Z
nfl,WSH,NYG,2026-10-11T17:00:00Z,Jayden Daniels,pass_td,draftkings,Over,1.5,124,fbffd0b7722fd81d68d5d62472dc80e8,2026-10-09T17:19:41Z
nfl,WSH,NYG,2026-10-11T17:00:00Z,Jayden Daniels,pass_td,draftkings,Under,1.5,-158,fbffd0b7722fd81d68d5d62472dc80e8,2026-10-09T17:19:41Z
nfl,WSH,NYG,2026-10-11T17:00:00Z,Jameis Winston,pass_td,draftkings,Over,1.5,183,fbffd0b7722fd81d68d5d62472dc80e8,2026-10-09T17:19:41Z
nfl,WSH,NYG,2026-10-11T17:00:00Z,Jameis Winston,pass_td,draftkings,Under,1.5,-237,fbffd0b7722fd81d68d5d62472dc80e8,2026-10-09T17:19:41Z
nfl,WSH,NYG,2026-10-11T17:00:00Z,Jameis Winston,pass_yds,draftkings,Over,202.5,-112,fbffd0b7722fd81d68d5d62472dc80e8,2026-10-09T17:19:41Z
nfl,WSH,NYG,2026-10-11T17:00:00Z,Jameis Winston,pass_yds,draftkings,Under,202.5,-112,fbffd0b7722fd81d68d5d62472dc80e8,2026-10-09T17:19:41Z
nfl,WSH,NYG,2026-10-11T17:00:00Z,Jayden Daniels,pass_yds,draftkings,Over,198.5,-113,fbffd0b7722fd81d68d5d62472dc80e8,2026-10-09T17:19:41Z
nfl,WSH,NYG,2026-10-11T17:00:00Z,Jayden Daniels,pass_yds,draftkings,Under,198.5,-111,fbffd0b7722fd81d68d5d62472dc80e8,2026-10-09T17:19:41Z
nfl,WSH,NYG,2026-10-11T17:00:00Z,Malik Nabers,rec_yds,draftkings,Over,58.5,-110,fbffd0b7722fd81d68d5d62472dc80e8,2026-10-09T17:19:41Z
nfl,WSH,NYG,2026-10-11T17:00:00Z,Malik Nabers,rec_yds,draftkings,Under,58.5,-114,fbffd0b7722fd81d68d5d62472dc80e8,2026-10-09T17:19:41Z
nfl,WSH,NYG,2026-10-11T17:00:00Z,Isaiah Likely,rec_yds,draftkings,Over,43.5,-109,fbffd0b7722fd81d68d5d62472dc80e8,2026-10-09T17:19:41Z
nfl,WSH,NYG,2026-10-11T17:00:00Z,Isaiah Likely,rec_yds,draftkings,Under,43.5,-115,fbffd0b7722fd81d68d5d62472dc80e8,2026-10-09T17:19:41Z
nfl,WSH,NYG,2026-10-11T17:00:00Z,Malachi Fields,rec_yds,draftkings,Over,24.5,-112,fbffd0b7722fd81d68d5d62472dc80e8,2026-10-09T17:19:41Z
nfl,WSH,NYG,2026-10-11T17:00:00Z,Malachi Fields,rec_yds,draftkings,Under,24.5,-112,fbffd0b7722fd81d68d5d62472dc80e8,2026-10-09T17:19:41Z
nfl,WSH,NYG,2026-10-11T17:00:00Z,Darnell Mooney,rec_yds,draftkings,Over,18.5,-110,fbffd0b7722fd81d68d5d62472dc80e8,2026-10-09T17:19:41Z
nfl,WSH,NYG,2026-10-11T17:00:00Z,Darnell Mooney,rec_yds,draftkings,Under,18.5,-114,fbffd0b7722fd81d68d5d62472dc80e8,2026-10-09T17:19:41Z
nfl,WSH,NYG,2026-10-11T17:00:00Z,Cam Skattebo,rec_yds,draftkings,Over,13.5,-111,fbffd0b7722fd81d68d5d62472dc80e8,2026-10-09T17:19:41Z
nfl,WSH,NYG,2026-10-11T17:00:00Z,Cam Skattebo,rec_yds,draftkings,Under,13.5,-113,fbffd0b7722fd81d68d5d62472dc80e8,2026-10-09T17:19:41Z
nfl,WSH,NYG,2026-10-11T17:00:00Z,Malik Nabers,receptions,draftkings,Over,5.5,120,fbffd0b7722fd81d68d5d62472dc80e8,2026-10-09T17:19:41Z
nfl,WSH,NYG,2026-10-11T17:00:00Z,Malik Nabers,receptions,draftkings,Under,5.5,-153,fbffd0b7722fd81d68d5d62472dc80e8,2026-10-09T17:19:41Z
nfl,WSH,NYG,2026-10-11T17:00:00Z,Isaiah Likely,receptions,draftkings,Over,4.5,-117,fbffd0b7722fd81d68d5d62472dc80e8,2026-10-09T17:19:41Z
nfl,WSH,NYG,2026-10-11T17:00:00Z,Isaiah Likely,receptions,draftkings,Under,4.5,-109,fbffd0b7722fd81d68d5d62472dc80e8,2026-10-09T17:19:41Z
nfl,WSH,NYG,2026-10-11T17:00:00Z,Malachi Fields,receptions,draftkings,Over,2.5,131,fbffd0b7722fd81d68d5d62472dc80e8,2026-10-09T17:19:41Z
nfl,WSH,NYG,2026-10-11T17:00:00Z,Malachi Fields,receptions,draftkings,Under,2.5,-167,fbffd0b7722fd81d68d5d62472dc80e8,2026-10-09T17:19:41Z
nfl,WSH,NYG,2026-10-11T17:00:00Z,Cam Skattebo,receptions,draftkings,Over,2.5,132,fbffd0b7722fd81d68d5d62472dc80e8,2026-10-09T17:19:41Z
nfl,WSH,NYG,2026-10-11T17:00:00Z,Cam Skattebo,receptions,draftkings,Under,2.5,-169,fbffd0b7722fd81d68d5d62472dc80e8,2026-10-09T17:19:41Z
nfl,WSH,NYG,2026-10-11T17:00:00Z,Darnell Mooney,receptions,draftkings,Over,1.5,-116,fbffd0b7722fd81d68d5d62472dc80e8,2026-10-09T17:19:41Z
nfl,WSH,NYG,2026-10-11T17:00:00Z,Darnell Mooney,receptions,draftkings,Under,1.5,-110,fbffd0b7722fd81d68d5d62472dc80e8,2026-10-09T17:19:41Z
nfl,WSH,NYG,2026-10-11T17:00:00Z,Cam Skattebo,rush_att,draftkings,Over,15.5,-104,fbffd0b7722fd81d68d5d62472dc80e8,2026-10-09T17:19:41Z
nfl,WSH,NYG,2026-10-11T17:00:00Z,Cam Skattebo,rush_att,draftkings,Under,15.5,-123,fbffd0b7722fd81d68d5d62472dc80e8,2026-10-09T17:19:41Z
nfl,WSH,NYG,2026-10-11T17:00:00Z,Jacory Croskey-Merritt,rush_att,draftkings,Over,12.5,-123,fbffd0b7722fd81d68d5d62472dc80e8,2026-10-09T17:19:41Z
nfl,WSH,NYG,2026-10-11T17:00:00Z,Jacory Croskey-Merritt,rush_att,draftkings,Under,12.5,-104,fbffd0b7722fd81d68d5d62472dc80e8,2026-10-09T17:19:41Z
nfl,WSH,NYG,2026-10-11T17:00:00Z,Jayden Daniels,rush_att,draftkings,Over,6.5,-102,fbffd0b7722fd81d68d5d62472dc80e8,2026-10-09T17:19:41Z
nfl,WSH,NYG,2026-10-11T17:00:00Z,Jayden Daniels,rush_att,draftkings,Under,6.5,-125,fbffd0b7722fd81d68d5d62472dc80e8,2026-10-09T17:19:41Z
nfl,WSH,NYG,2026-10-11T17:00:00Z,Cam Skattebo,rush_yds,draftkings,Over,55.5,-113,fbffd0b7722fd81d68d5d62472dc80e8,2026-10-09T17:19:41Z
nfl,WSH,NYG,2026-10-11T17:00:00Z,Cam Skattebo,rush_yds,draftkings,Under,55.5,-111,fbffd0b7722fd81d68d5d62472dc80e8,2026-10-09T17:19:41Z
nfl,WSH,NYG,2026-10-11T17:00:00Z,Jacory Croskey-Merritt,rush_yds,draftkings,Over,52.5,-110,fbffd0b7722fd81d68d5d62472dc80e8,2026-10-09T17:19:41Z
nfl,WSH,NYG,2026-10-11T17:00:00Z,Jacory Croskey-Merritt,rush_yds,draftkings,Under,52.5,-114,fbffd0b7722fd81d68d5d62472dc80e8,2026-10-09T17:19:41Z
nfl,WSH,NYG,2026-10-11T17:00:00Z,Jayden Daniels,rush_yds,draftkings,Over,29.5,-109,fbffd0b7722fd81d68d5d62472dc80e8,2026-10-09T17:19:41Z
nfl,WSH,NYG,2026-10-11T17:00:00Z,Jayden Daniels,rush_yds,draftkings,Under,29.5,-115,fbffd0b7722fd81d68d5d62472dc80e8,2026-10-09T17:19:41Z
nfl,WSH,NYG,2026-10-11T17:00:00Z,Najee Harris,rush_yds,draftkings,Over,26.5,-117,fbffd0b7722fd81d68d5d62472dc80e8,2026-10-09T17:19:41Z
nfl,WSH,NYG,2026-10-11T17:00:00Z,Najee Harris,rush_yds,draftkings,Under,26.5,-108,fbffd0b7722fd81d68d5d62472dc80e8,2026-10-09T17:19:41Z
nfl,WSH,NYG,2026-10-11T17:00:00Z,Jameis Winston,rush_yds,draftkings,Over,2.5,-118,fbffd0b7722fd81d68d5d62472dc80e8,2026-10-09T17:19:41Z
nfl,WSH,NYG,2026-10-11T17:00:00Z,Jameis Winston,rush_yds,draftkings,Under,2.5,-106,fbffd0b7722fd81d68d5d62472dc80e8,2026-10-09T17:19:41Z
nfl,WSH,NYG,2026-10-11T17:00:00Z,Cam Skattebo,anytime_td,fanduel,Yes,,125,fbffd0b7722fd81d68d5d62472dc80e8,2026-10-09T17:19:45Z
nfl,WSH,NYG,2026-10-11T17:00:00Z,Jacory Croskey-Merritt,anytime_td,fanduel,Yes,,155,fbffd0b7722fd81d68d5d62472dc80e8,2026-10-09T17:19:45Z
nfl,WSH,NYG,2026-10-11T17:00:00Z,Terry McLaurin,anytime_td,fanduel,Yes,,185,fbffd0b7722fd81d68d5d62472dc80e8,2026-10-09T17:19:45Z
nfl,WSH,NYG,2026-10-11T17:00:00Z,Rachaad White,anytime_td,fanduel,Yes,,200,fbffd0b7722fd81d68d5d62472dc80e8,2026-10-09T17:19:45Z
nfl,WSH,NYG,2026-10-11T17:00:00Z,Jayden Daniels,anytime_td,fanduel,Yes,,210,fbffd0b7722fd81d68d5d62472dc80e8,2026-10-09T17:19:45Z
nfl,WSH,NYG,2026-10-11T17:00:00Z,Malik Nabers,anytime_td,fanduel,Yes,,220,fbffd0b7722fd81d68d5d62472dc80e8,2026-10-09T17:19:45Z
nfl,WSH,NYG,2026-10-11T17:00:00Z,Isaiah Likely,anytime_td,fanduel,Yes,,240,fbffd0b7722fd81d68d5d62472dc80e8,2026-10-09T17:19:45Z
nfl,WSH,NYG,2026-10-11T17:00:00Z,Antonio Williams,anytime_td,fanduel,Yes,,300,fbffd0b7722fd81d68d5d62472dc80e8,2026-10-09T17:19:45Z
nfl,WSH,NYG,2026-10-11T17:00:00Z,Chig Okonkwo,anytime_td,fanduel,Yes,,330,fbffd0b7722fd81d68d5d62472dc80e8,2026-10-09T17:19:45Z
nfl,WSH,NYG,2026-10-11T17:00:00Z,Dyami Brown,anytime_td,fanduel,Yes,,340,fbffd0b7722fd81d68d5d62472dc80e8,2026-10-09T17:19:45Z
nfl,WSH,NYG,2026-10-11T17:00:00Z,Treylon Burks,anytime_td,fanduel,Yes,,340,fbffd0b7722fd81d68d5d62472dc80e8,2026-10-09T17:19:45Z
nfl,WSH,NYG,2026-10-11T17:00:00Z,Najee Harris,anytime_td,fanduel,Yes,,420,fbffd0b7722fd81d68d5d62472dc80e8,2026-10-09T17:19:45Z
nfl,WSH,NYG,2026-10-11T17:00:00Z,Malachi Fields,anytime_td,fanduel,Yes,,470,fbffd0b7722fd81d68d5d62472dc80e8,2026-10-09T17:19:45Z
nfl,WSH,NYG,2026-10-11T17:00:00Z,Austin Ekeler,anytime_td,fanduel,Yes,,500,fbffd0b7722fd81d68d5d62472dc80e8,2026-10-09T17:19:45Z
nfl,WSH,NYG,2026-10-11T17:00:00Z,Theo Johnson,anytime_td,fanduel,Yes,,700,fbffd0b7722fd81d68d5d62472dc80e8,2026-10-09T17:19:45Z
nfl,WSH,NYG,2026-10-11T17:00:00Z,Washington Commanders Defense,anytime_td,fanduel,Yes,,750,fbffd0b7722fd81d68d5d62472dc80e8,2026-10-09T17:19:45Z
nfl,WSH,NYG,2026-10-11T17:00:00Z,New York Giants Defense,anytime_td,fanduel,Yes,,750,fbffd0b7722fd81d68d5d62472dc80e8,2026-10-09T17:19:45Z
nfl,WSH,NYG,2026-10-11T17:00:00Z,Darnell Mooney,anytime_td,fanduel,Yes,,750,fbffd0b7722fd81d68d5d62472dc80e8,2026-10-09T17:19:45Z
nfl,WSH,NYG,2026-10-11T17:00:00Z,Jameis Winston,anytime_td,fanduel,Yes,,1000,fbffd0b7722fd81d68d5d62472dc80e8,2026-10-09T17:19:45Z
nfl,WSH,NYG,2026-10-11T17:00:00Z,Devin Singletary,anytime_td,fanduel,Yes,,1000,fbffd0b7722fd81d68d5d62472dc80e8,2026-10-09T17:19:45Z
nfl,WSH,NYG,2026-10-11T17:00:00Z,Tyrone Tracy Jr.,anytime_td,fanduel,Yes,,1000,fbffd0b7722fd81d68d5d62472dc80e8,2026-10-09T17:19:45Z
nfl,WSH,NYG,2026-10-11T17:00:00Z,Luke McCaffrey,anytime_td,fanduel,Yes,,1100,fbffd0b7722fd81d68d5d62472dc80e8,2026-10-09T17:19:45Z
nfl,WSH,NYG,2026-10-11T17:00:00Z,John Bates,anytime_td,fanduel,Yes,,1200,fbffd0b7722fd81d68d5d62472dc80e8,2026-10-09T17:19:45Z
nfl,WSH,NYG,2026-10-11T17:00:00Z,Charlie Jones,anytime_td,fanduel,Yes,,1400,fbffd0b7722fd81d68d5d62472dc80e8,2026-10-09T17:19:45Z
nfl,WSH,NYG,2026-10-11T17:00:00Z,Ben Sinnott,anytime_td,fanduel,Yes,,1500,fbffd0b7722fd81d68d5d62472dc80e8,2026-10-09T17:19:45Z
nfl,WSH,NYG,2026-10-11T17:00:00Z,Colson Yankoff,anytime_td,fanduel,Yes,,2700,fbffd0b7722fd81d68d5d62472dc80e8,2026-10-09T17:19:45Z
nfl,WSH,NYG,2026-10-11T17:00:00Z,Patrick Ricard,anytime_td,fanduel,Yes,,2700,fbffd0b7722fd81d68d5d62472dc80e8,2026-10-09T17:19:45Z
nfl,WSH,NYG,2026-10-11T17:00:00Z,Chris Manhertz,anytime_td,fanduel,Yes,,3000,fbffd0b7722fd81d68d5d62472dc80e8,2026-10-09T17:19:45Z
nfl,WSH,NYG,2026-10-11T17:00:00Z,Thomas Fidone,anytime_td,fanduel,Yes,,3000,fbffd0b7722fd81d68d5d62472dc80e8,2026-10-09T17:19:45Z
nfl,WSH,NYG,2026-10-11T17:00:00Z,Jayden Daniels,pass_td,fanduel,Over,1.5,116,fbffd0b7722fd81d68d5d62472dc80e8,2026-10-09T17:19:45Z
nfl,WSH,NYG,2026-10-11T17:00:00Z,Jayden Daniels,pass_td,fanduel,Under,1.5,-154,fbffd0b7722fd81d68d5d62472dc80e8,2026-10-09T17:19:45Z
nfl,WSH,NYG,2026-10-11T17:00:00Z,Jameis Winston,pass_td,fanduel,Over,1.5,172,fbffd0b7722fd81d68d5d62472dc80e8,2026-10-09T17:19:45Z
nfl,WSH,NYG,2026-10-11T17:00:00Z,Jameis Winston,pass_td,fanduel,Under,1.5,-235,fbffd0b7722fd81d68d5d62472dc80e8,2026-10-09T17:19:45Z
nfl,WSH,NYG,2026-10-11T17:00:00Z,Jayden Daniels,pass_yds,fanduel,Over,198.5,-114,fbffd0b7722fd81d68d5d62472dc80e8,2026-10-09T17:19:45Z
nfl,WSH,NYG,2026-10-11T17:00:00Z,Jayden Daniels,pass_yds,fanduel,Under,198.5,-114,fbffd0b7722fd81d68d5d62472dc80e8,2026-10-09T17:19:45Z
nfl,WSH,NYG,2026-10-11T17:00:00Z,Jameis Winston,pass_yds,fanduel,Over,200.5,-114,fbffd0b7722fd81d68d5d62472dc80e8,2026-10-09T17:19:45Z
nfl,WSH,NYG,2026-10-11T17:00:00Z,Jameis Winston,pass_yds,fanduel,Under,200.5,-114,fbffd0b7722fd81d68d5d62472dc80e8,2026-10-09T17:19:45Z
nfl,WSH,NYG,2026-10-11T17:00:00Z,Darnell Mooney,rec_yds,fanduel,Over,18.5,-114,fbffd0b7722fd81d68d5d62472dc80e8,2026-10-09T17:19:45Z
nfl,WSH,NYG,2026-10-11T17:00:00Z,Darnell Mooney,rec_yds,fanduel,Under,18.5,-114,fbffd0b7722fd81d68d5d62472dc80e8,2026-10-09T17:19:45Z
nfl,WSH,NYG,2026-10-11T17:00:00Z,Cam Skattebo,rec_yds,fanduel,Over,12.5,-114,fbffd0b7722fd81d68d5d62472dc80e8,2026-10-09T17:19:45Z
nfl,WSH,NYG,2026-10-11T17:00:00Z,Cam Skattebo,rec_yds,fanduel,Under,12.5,-114,fbffd0b7722fd81d68d5d62472dc80e8,2026-10-09T17:19:45Z
nfl,WSH,NYG,2026-10-11T17:00:00Z,Malik Nabers,rec_yds,fanduel,Over,54.5,-114,fbffd0b7722fd81d68d5d62472dc80e8,2026-10-09T17:19:45Z
nfl,WSH,NYG,2026-10-11T17:00:00Z,Malik Nabers,rec_yds,fanduel,Under,54.5,-114,fbffd0b7722fd81d68d5d62472dc80e8,2026-10-09T17:19:45Z
nfl,WSH,NYG,2026-10-11T17:00:00Z,Malachi Fields,rec_yds,fanduel,Over,25.5,-114,fbffd0b7722fd81d68d5d62472dc80e8,2026-10-09T17:19:45Z
nfl,WSH,NYG,2026-10-11T17:00:00Z,Malachi Fields,rec_yds,fanduel,Under,25.5,-114,fbffd0b7722fd81d68d5d62472dc80e8,2026-10-09T17:19:45Z
nfl,WSH,NYG,2026-10-11T17:00:00Z,Rachaad White,rec_yds,fanduel,Over,9.5,-114,fbffd0b7722fd81d68d5d62472dc80e8,2026-10-09T17:19:45Z
nfl,WSH,NYG,2026-10-11T17:00:00Z,Rachaad White,rec_yds,fanduel,Under,9.5,-114,fbffd0b7722fd81d68d5d62472dc80e8,2026-10-09T17:19:45Z
nfl,WSH,NYG,2026-10-11T17:00:00Z,Isaiah Likely,rec_yds,fanduel,Over,41.5,-114,fbffd0b7722fd81d68d5d62472dc80e8,2026-10-09T17:19:45Z
nfl,WSH,NYG,2026-10-11T17:00:00Z,Isaiah Likely,rec_yds,fanduel,Under,41.5,-114,fbffd0b7722fd81d68d5d62472dc80e8,2026-10-09T17:19:45Z
nfl,WSH,NYG,2026-10-11T17:00:00Z,Isaiah Likely,receptions,fanduel,Over,4.5,-108,fbffd0b7722fd81d68d5d62472dc80e8,2026-10-09T17:19:45Z
nfl,WSH,NYG,2026-10-11T17:00:00Z,Isaiah Likely,receptions,fanduel,Under,4.5,-122,fbffd0b7722fd81d68d5d62472dc80e8,2026-10-09T17:19:45Z
nfl,WSH,NYG,2026-10-11T17:00:00Z,Cam Skattebo,receptions,fanduel,Over,1.5,-205,fbffd0b7722fd81d68d5d62472dc80e8,2026-10-09T17:19:45Z
nfl,WSH,NYG,2026-10-11T17:00:00Z,Cam Skattebo,receptions,fanduel,Under,1.5,152,fbffd0b7722fd81d68d5d62472dc80e8,2026-10-09T17:19:45Z
nfl,WSH,NYG,2026-10-11T17:00:00Z,Malachi Fields,receptions,fanduel,Over,2.5,136,fbffd0b7722fd81d68d5d62472dc80e8,2026-10-09T17:19:45Z
nfl,WSH,NYG,2026-10-11T17:00:00Z,Malachi Fields,receptions,fanduel,Under,2.5,-182,fbffd0b7722fd81d68d5d62472dc80e8,2026-10-09T17:19:45Z
nfl,WSH,NYG,2026-10-11T17:00:00Z,Darnell Mooney,receptions,fanduel,Over,1.5,-132,fbffd0b7722fd81d68d5d62472dc80e8,2026-10-09T17:19:45Z
nfl,WSH,NYG,2026-10-11T17:00:00Z,Darnell Mooney,receptions,fanduel,Under,1.5,100,fbffd0b7722fd81d68d5d62472dc80e8,2026-10-09T17:19:45Z
nfl,WSH,NYG,2026-10-11T17:00:00Z,Malik Nabers,receptions,fanduel,Over,5.5,120,fbffd0b7722fd81d68d5d62472dc80e8,2026-10-09T17:19:45Z
nfl,WSH,NYG,2026-10-11T17:00:00Z,Malik Nabers,receptions,fanduel,Under,5.5,-160,fbffd0b7722fd81d68d5d62472dc80e8,2026-10-09T17:19:45Z
nfl,WSH,NYG,2026-10-11T17:00:00Z,Rachaad White,receptions,fanduel,Over,1.5,-210,fbffd0b7722fd81d68d5d62472dc80e8,2026-10-09T17:19:45Z
nfl,WSH,NYG,2026-10-11T17:00:00Z,Rachaad White,receptions,fanduel,Under,1.5,154,fbffd0b7722fd81d68d5d62472dc80e8,2026-10-09T17:19:45Z
nfl,WSH,NYG,2026-10-11T17:00:00Z,Jayden Daniels,rush_yds,fanduel,Over,30.5,-114,fbffd0b7722fd81d68d5d62472dc80e8,2026-10-09T17:19:45Z
nfl,WSH,NYG,2026-10-11T17:00:00Z,Jayden Daniels,rush_yds,fanduel,Under,30.5,-114,fbffd0b7722fd81d68d5d62472dc80e8,2026-10-09T17:19:45Z
nfl,WSH,NYG,2026-10-11T17:00:00Z,Najee Harris,rush_yds,fanduel,Over,26.5,-114,fbffd0b7722fd81d68d5d62472dc80e8,2026-10-09T17:19:45Z
nfl,WSH,NYG,2026-10-11T17:00:00Z,Najee Harris,rush_yds,fanduel,Under,26.5,-114,fbffd0b7722fd81d68d5d62472dc80e8,2026-10-09T17:19:45Z
nfl,WSH,NYG,2026-10-11T17:00:00Z,Jameis Winston,rush_yds,fanduel,Over,2.5,-102,fbffd0b7722fd81d68d5d62472dc80e8,2026-10-09T17:19:45Z
nfl,WSH,NYG,2026-10-11T17:00:00Z,Jameis Winston,rush_yds,fanduel,Under,2.5,-128,fbffd0b7722fd81d68d5d62472dc80e8,2026-10-09T17:19:45Z
nfl,WSH,NYG,2026-10-11T17:00:00Z,Cam Skattebo,rush_yds,fanduel,Over,56.5,-114,fbffd0b7722fd81d68d5d62472dc80e8,2026-10-09T17:19:45Z
nfl,WSH,NYG,2026-10-11T17:00:00Z,Cam Skattebo,rush_yds,fanduel,Under,56.5,-114,fbffd0b7722fd81d68d5d62472dc80e8,2026-10-09T17:19:45Z
nfl,WSH,NYG,2026-10-11T17:00:00Z,Jacory Croskey-Merritt,rush_yds,fanduel,Over,53.5,-114,fbffd0b7722fd81d68d5d62472dc80e8,2026-10-09T17:19:45Z
nfl,WSH,NYG,2026-10-11T17:00:00Z,Jacory Croskey-Merritt,rush_yds,fanduel,Under,53.5,-114,fbffd0b7722fd81d68d5d62472dc80e8,2026-10-09T17:19:45Z
nfl,WSH,NYG,2026-10-11T17:00:00Z,Rachaad White,rush_yds,fanduel,Over,23.5,-114,fbffd0b7722fd81d68d5d62472dc80e8,2026-10-09T17:19:45Z
nfl,WSH,NYG,2026-10-11T17:00:00Z,Rachaad White,rush_yds,fanduel,Under,23.5,-114,fbffd0b7722fd81d68d5d62472dc80e8,2026-10-09T17:19:45Z
nfl,WSH,NYG,2026-10-11T17:00:00Z,Rachaad White,anytime_td,betrivers,Yes,,205,fbffd0b7722fd81d68d5d62472dc80e8,2026-10-09T17:18:29Z
nfl,WSH,NYG,2026-10-11T17:00:00Z,Austin Ekeler,anytime_td,betrivers,Yes,,440,fbffd0b7722fd81d68d5d62472dc80e8,2026-10-09T17:18:29Z
nfl,WSH,NYG,2026-10-11T17:00:00Z,Dalen Cambre,anytime_td,betrivers,Yes,,1300,fbffd0b7722fd81d68d5d62472dc80e8,2026-10-09T17:18:29Z
nfl,WSH,NYG,2026-10-11T17:00:00Z,Malachi Fields,anytime_td,betrivers,Yes,,350,fbffd0b7722fd81d68d5d62472dc80e8,2026-10-09T17:18:29Z
nfl,WSH,NYG,2026-10-11T17:00:00Z,Isaiah Likely,anytime_td,betrivers,Yes,,240,fbffd0b7722fd81d68d5d62472dc80e8,2026-10-09T17:18:29Z
nfl,WSH,NYG,2026-10-11T17:00:00Z,Ben Sinnott,anytime_td,betrivers,Yes,,1300,fbffd0b7722fd81d68d5d62472dc80e8,2026-10-09T17:18:29Z
nfl,WSH,NYG,2026-10-11T17:00:00Z,Antonio Williams,anytime_td,betrivers,Yes,,275,fbffd0b7722fd81d68d5d62472dc80e8,2026-10-09T17:18:29Z
nfl,WSH,NYG,2026-10-11T17:00:00Z,Chris Manhertz,anytime_td,betrivers,Yes,,1800,fbffd0b7722fd81d68d5d62472dc80e8,2026-10-09T17:18:29Z
nfl,WSH,NYG,2026-10-11T17:00:00Z,Malik Nabers,anytime_td,betrivers,Yes,,160,fbffd0b7722fd81d68d5d62472dc80e8,2026-10-09T17:18:29Z
nfl,WSH,NYG,2026-10-11T17:00:00Z,Tyrone Tracy Jr.,anytime_td,betrivers,Yes,,900,fbffd0b7722fd81d68d5d62472dc80e8,2026-10-09T17:18:29Z
nfl,WSH,NYG,2026-10-11T17:00:00Z,Theo Johnson,anytime_td,betrivers,Yes,,850,fbffd0b7722fd81d68d5d62472dc80e8,2026-10-09T17:18:29Z
nfl,WSH,NYG,2026-10-11T17:00:00Z,Jacory Croskey-Merritt,anytime_td,betrivers,Yes,,128,fbffd0b7722fd81d68d5d62472dc80e8,2026-10-09T17:18:29Z
nfl,WSH,NYG,2026-10-11T17:00:00Z,Darnell Mooney,anytime_td,betrivers,Yes,,525,fbffd0b7722fd81d68d5d62472dc80e8,2026-10-09T17:18:29Z
nfl,WSH,NYG,2026-10-11T17:00:00Z,Jayden Daniels,anytime_td,betrivers,Yes,,235,fbffd0b7722fd81d68d5d62472dc80e8,2026-10-09T17:18:29Z
nfl,WSH,NYG,2026-10-11T17:00:00Z,Thomas Fidone,anytime_td,betrivers,Yes,,1700,fbffd0b7722fd81d68d5d62472dc80e8,2026-10-09T17:18:29Z
nfl,WSH,NYG,2026-10-11T17:00:00Z,Luke McCaffrey,anytime_td,betrivers,Yes,,750,fbffd0b7722fd81d68d5d62472dc80e8,2026-10-09T17:18:29Z
nfl,WSH,NYG,2026-10-11T17:00:00Z,Charlie Jones,anytime_td,betrivers,Yes,,1300,fbffd0b7722fd81d68d5d62472dc80e8,2026-10-09T17:18:29Z
nfl,WSH,NYG,2026-10-11T17:00:00Z,John Bates,anytime_td,betrivers,Yes,,1300,fbffd0b7722fd81d68d5d62472dc80e8,2026-10-09T17:18:29Z
nfl,WSH,NYG,2026-10-11T17:00:00Z,Treylon Burks,anytime_td,betrivers,Yes,,275,fbffd0b7722fd81d68d5d62472dc80e8,2026-10-09T17:18:29Z
nfl,WSH,NYG,2026-10-11T17:00:00Z,Chig Okonkwo,anytime_td,betrivers,Yes,,260,fbffd0b7722fd81d68d5d62472dc80e8,2026-10-09T17:18:29Z
nfl,WSH,NYG,2026-10-11T17:00:00Z,Patrick Ricard,anytime_td,betrivers,Yes,,2500,fbffd0b7722fd81d68d5d62472dc80e8,2026-10-09T17:18:29Z
nfl,WSH,NYG,2026-10-11T17:00:00Z,Cam Skattebo,anytime_td,betrivers,Yes,,102,fbffd0b7722fd81d68d5d62472dc80e8,2026-10-09T17:18:29Z
nfl,WSH,NYG,2026-10-11T17:00:00Z,Devin Singletary,anytime_td,betrivers,Yes,,700,fbffd0b7722fd81d68d5d62472dc80e8,2026-10-09T17:18:29Z
nfl,WSH,NYG,2026-10-11T17:00:00Z,Najee Harris,anytime_td,betrivers,Yes,,335,fbffd0b7722fd81d68d5d62472dc80e8,2026-10-09T17:18:29Z
nfl,WSH,NYG,2026-10-11T17:00:00Z,Dyami Brown,anytime_td,betrivers,Yes,,360,fbffd0b7722fd81d68d5d62472dc80e8,2026-10-09T17:18:29Z
nfl,WSH,NYG,2026-10-11T17:00:00Z,Terry McLaurin,anytime_td,betrivers,Yes,,148,fbffd0b7722fd81d68d5d62472dc80e8,2026-10-09T17:18:29Z
nfl,WSH,NYG,2026-10-11T17:00:00Z,Jameis Winston,anytime_td,betrivers,Yes,,850,fbffd0b7722fd81d68d5d62472dc80e8,2026-10-09T17:18:29Z
nfl,WSH,NYG,2026-10-11T17:00:00Z,Colson Yankoff,anytime_td,betrivers,Yes,,1700,fbffd0b7722fd81d68d5d62472dc80e8,2026-10-09T17:18:29Z
nfl,WSH,NYG,2026-10-11T17:00:00Z,Jameis Winston,completions,betrivers,Over,18.5,-137,fbffd0b7722fd81d68d5d62472dc80e8,2026-10-09T17:18:29Z
nfl,WSH,NYG,2026-10-11T17:00:00Z,Jayden Daniels,completions,betrivers,Over,17.5,-125,fbffd0b7722fd81d68d5d62472dc80e8,2026-10-09T17:18:29Z
nfl,WSH,NYG,2026-10-11T17:00:00Z,Jameis Winston,pass_td,betrivers,Over,1.5,160,fbffd0b7722fd81d68d5d62472dc80e8,2026-10-09T17:18:29Z
nfl,WSH,NYG,2026-10-11T17:00:00Z,Jameis Winston,pass_td,betrivers,Under,1.5,-220,fbffd0b7722fd81d68d5d62472dc80e8,2026-10-09T17:18:29Z
nfl,WSH,NYG,2026-10-11T17:00:00Z,Jayden Daniels,pass_td,betrivers,Over,1.5,112,fbffd0b7722fd81d68d5d62472dc80e8,2026-10-09T17:18:29Z
nfl,WSH,NYG,2026-10-11T17:00:00Z,Jayden Daniels,pass_td,betrivers,Under,1.5,-148,fbffd0b7722fd81d68d5d62472dc80e8,2026-10-09T17:18:29Z
nfl,WSH,NYG,2026-10-11T17:00:00Z,Jameis Winston,pass_yds,betrivers,Over,197.5,-115,fbffd0b7722fd81d68d5d62472dc80e8,2026-10-09T17:18:29Z
nfl,WSH,NYG,2026-10-11T17:00:00Z,Jameis Winston,pass_yds,betrivers,Under,197.5,-114,fbffd0b7722fd81d68d5d62472dc80e8,2026-10-09T17:18:29Z
nfl,WSH,NYG,2026-10-11T17:00:00Z,Jayden Daniels,pass_yds,betrivers,Over,197.5,-114,fbffd0b7722fd81d68d5d62472dc80e8,2026-10-09T17:18:29Z
nfl,WSH,NYG,2026-10-11T17:00:00Z,Jayden Daniels,pass_yds,betrivers,Under,197.5,-117,fbffd0b7722fd81d68d5d62472dc80e8,2026-10-09T17:18:29Z
nfl,WSH,NYG,2026-10-11T17:00:00Z,Isaiah Likely,rec_yds,betrivers,Over,40.5,-117,fbffd0b7722fd81d68d5d62472dc80e8,2026-10-09T17:18:29Z
nfl,WSH,NYG,2026-10-11T17:00:00Z,Isaiah Likely,rec_yds,betrivers,Under,40.5,-114,fbffd0b7722fd81d68d5d62472dc80e8,2026-10-09T17:18:29Z
nfl,WSH,NYG,2026-10-11T17:00:00Z,Cam Skattebo,rec_yds,betrivers,Over,11.5,-113,fbffd0b7722fd81d68d5d62472dc80e8,2026-10-09T17:18:29Z
nfl,WSH,NYG,2026-10-11T17:00:00Z,Cam Skattebo,rec_yds,betrivers,Under,11.5,-118,fbffd0b7722fd81d68d5d62472dc80e8,2026-10-09T17:18:29Z
nfl,WSH,NYG,2026-10-11T17:00:00Z,Malachi Fields,rec_yds,betrivers,Over,26.5,-117,fbffd0b7722fd81d68d5d62472dc80e8,2026-10-09T17:18:29Z
nfl,WSH,NYG,2026-10-11T17:00:00Z,Malachi Fields,rec_yds,betrivers,Under,26.5,-114,fbffd0b7722fd81d68d5d62472dc80e8,2026-10-09T17:18:29Z
nfl,WSH,NYG,2026-10-11T17:00:00Z,Malik Nabers,rec_yds,betrivers,Over,54.5,-113,fbffd0b7722fd81d68d5d62472dc80e8,2026-10-09T17:18:29Z
nfl,WSH,NYG,2026-10-11T17:00:00Z,Malik Nabers,rec_yds,betrivers,Under,54.5,-118,fbffd0b7722fd81d68d5d62472dc80e8,2026-10-09T17:18:29Z
nfl,WSH,NYG,2026-10-11T17:00:00Z,Darnell Mooney,rec_yds,betrivers,Over,17.5,-114,fbffd0b7722fd81d68d5d62472dc80e8,2026-10-09T17:18:29Z
nfl,WSH,NYG,2026-10-11T17:00:00Z,Darnell Mooney,rec_yds,betrivers,Under,17.5,-115,fbffd0b7722fd81d68d5d62472dc80e8,2026-10-09T17:18:29Z
nfl,WSH,NYG,2026-10-11T17:00:00Z,Isaiah Likely,receptions,betrivers,Over,4.5,-103,fbffd0b7722fd81d68d5d62472dc80e8,2026-10-09T17:18:29Z
nfl,WSH,NYG,2026-10-11T17:00:00Z,Malik Nabers,receptions,betrivers,Over,5.5,105,fbffd0b7722fd81d68d5d62472dc80e8,2026-10-09T17:18:29Z
nfl,WSH,NYG,2026-10-11T17:00:00Z,Malachi Fields,receptions,betrivers,Over,2.5,123,fbffd0b7722fd81d68d5d62472dc80e8,2026-10-09T17:18:29Z
nfl,WSH,NYG,2026-10-11T17:00:00Z,Darnell Mooney,receptions,betrivers,Over,1.5,-121,fbffd0b7722fd81d68d5d62472dc80e8,2026-10-09T17:18:29Z
nfl,WSH,NYG,2026-10-11T17:00:00Z,Cam Skattebo,receptions,betrivers,Over,2.5,140,fbffd0b7722fd81d68d5d62472dc80e8,2026-10-09T17:18:29Z
nfl,WSH,NYG,2026-10-11T17:00:00Z,Jayden Daniels,rush_yds,betrivers,Over,30.5,-114,fbffd0b7722fd81d68d5d62472dc80e8,2026-10-09T17:18:29Z
nfl,WSH,NYG,2026-10-11T17:00:00Z,Jayden Daniels,rush_yds,betrivers,Under,30.5,-117,fbffd0b7722fd81d68d5d62472dc80e8,2026-10-09T17:18:29Z
nfl,WSH,NYG,2026-10-11T17:00:00Z,Jacory Croskey-Merritt,rush_yds,betrivers,Over,56.5,-113,fbffd0b7722fd81d68d5d62472dc80e8,2026-10-09T17:18:29Z
nfl,WSH,NYG,2026-10-11T17:00:00Z,Jacory Croskey-Merritt,rush_yds,betrivers,Under,56.5,-118,fbffd0b7722fd81d68d5d62472dc80e8,2026-10-09T17:18:29Z
nfl,WSH,NYG,2026-10-11T17:00:00Z,Cam Skattebo,rush_yds,betrivers,Over,54.5,-120,fbffd0b7722fd81d68d5d62472dc80e8,2026-10-09T17:18:29Z
nfl,WSH,NYG,2026-10-11T17:00:00Z,Cam Skattebo,rush_yds,betrivers,Under,54.5,-112,fbffd0b7722fd81d68d5d62472dc80e8,2026-10-09T17:18:29Z
nfl,WSH,NYG,2026-10-11T17:00:00Z,Najee Harris,rush_yds,betrivers,Over,27.5,-118,fbffd0b7722fd81d68d5d62472dc80e8,2026-10-09T17:18:29Z
nfl,WSH,NYG,2026-10-11T17:00:00Z,Najee Harris,rush_yds,betrivers,Under,27.5,-113,fbffd0b7722fd81d68d5d62472dc80e8,2026-10-09T17:18:29Z
nfl,WSH,NYG,2026-10-11T17:00:00Z,Tyrone Tracy Jr.,anytime_td,betmgm,Yes,,600,fbffd0b7722fd81d68d5d62472dc80e8,2026-10-09T17:19:49Z
nfl,WSH,NYG,2026-10-11T17:00:00Z,Treylon Burks,anytime_td,betmgm,Yes,,475,fbffd0b7722fd81d68d5d62472dc80e8,2026-10-09T17:19:49Z
nfl,WSH,NYG,2026-10-11T17:00:00Z,Theo Johnson,anytime_td,betmgm,Yes,,650,fbffd0b7722fd81d68d5d62472dc80e8,2026-10-09T17:19:49Z
nfl,WSH,NYG,2026-10-11T17:00:00Z,Malik Nabers,anytime_td,betmgm,Yes,,210,fbffd0b7722fd81d68d5d62472dc80e8,2026-10-09T17:19:49Z
nfl,WSH,NYG,2026-10-11T17:00:00Z,Terry McLaurin,anytime_td,betmgm,Yes,,175,fbffd0b7722fd81d68d5d62472dc80e8,2026-10-09T17:19:49Z
nfl,WSH,NYG,2026-10-11T17:00:00Z,Jameis Winston,anytime_td,betmgm,Yes,,825,fbffd0b7722fd81d68d5d62472dc80e8,2026-10-09T17:19:49Z
nfl,WSH,NYG,2026-10-11T17:00:00Z,Malachi Fields,anytime_td,betmgm,Yes,,390,fbffd0b7722fd81d68d5d62472dc80e8,2026-10-09T17:19:49Z
nfl,WSH,NYG,2026-10-11T17:00:00Z,Darnell Mooney,anytime_td,betmgm,Yes,,650,fbffd0b7722fd81d68d5d62472dc80e8,2026-10-09T17:19:49Z
nfl,WSH,NYG,2026-10-11T17:00:00Z,Cam Skattebo,anytime_td,betmgm,Yes,,110,fbffd0b7722fd81d68d5d62472dc80e8,2026-10-09T17:19:49Z
nfl,WSH,NYG,2026-10-11T17:00:00Z,Jayden Daniels,anytime_td,betmgm,Yes,,280,fbffd0b7722fd81d68d5d62472dc80e8,2026-10-09T17:19:49Z
nfl,WSH,NYG,2026-10-11T17:00:00Z,Chig Okonkwo,anytime_td,betmgm,Yes,,325,fbffd0b7722fd81d68d5d62472dc80e8,2026-10-09T17:19:49Z
nfl,WSH,NYG,2026-10-11T17:00:00Z,Antonio Williams,anytime_td,betmgm,Yes,,270,fbffd0b7722fd81d68d5d62472dc80e8,2026-10-09T17:19:49Z
nfl,WSH,NYG,2026-10-11T17:00:00Z,Isaiah Likely,anytime_td,betmgm,Yes,,250,fbffd0b7722fd81d68d5d62472dc80e8,2026-10-09T17:19:49Z
nfl,WSH,NYG,2026-10-11T17:00:00Z,Rachaad White,anytime_td,betmgm,Yes,,230,fbffd0b7722fd81d68d5d62472dc80e8,2026-10-09T17:19:49Z
nfl,WSH,NYG,2026-10-11T17:00:00Z,Jacory Croskey-Merritt,anytime_td,betmgm,Yes,,100,fbffd0b7722fd81d68d5d62472dc80e8,2026-10-09T17:19:49Z
nfl,WSH,NYG,2026-10-11T17:00:00Z,Dyami Brown,anytime_td,betmgm,Yes,,500,fbffd0b7722fd81d68d5d62472dc80e8,2026-10-09T17:19:49Z
nfl,WSH,NYG,2026-10-11T17:00:00Z,Washington Commanders D/ST,anytime_td,betmgm,Yes,,425,fbffd0b7722fd81d68d5d62472dc80e8,2026-10-09T17:19:49Z
nfl,WSH,NYG,2026-10-11T17:00:00Z,New York Giants D/ST,anytime_td,betmgm,Yes,,600,fbffd0b7722fd81d68d5d62472dc80e8,2026-10-09T17:19:49Z
nfl,WSH,NYG,2026-10-11T17:00:00Z,Najee Harris,anytime_td,betmgm,Yes,,350,fbffd0b7722fd81d68d5d62472dc80e8,2026-10-09T17:19:49Z
nfl,WSH,NYG,2026-10-11T17:00:00Z,Charlie Jones,anytime_td,betmgm,Yes,,1700,fbffd0b7722fd81d68d5d62472dc80e8,2026-10-09T17:19:49Z
nfl,WSH,NYG,2026-10-11T17:00:00Z,Ben Sinnott,anytime_td,betmgm,Yes,,1400,fbffd0b7722fd81d68d5d62472dc80e8,2026-10-09T17:19:49Z
nfl,WSH,NYG,2026-10-11T17:00:00Z,Austin Ekeler,anytime_td,betmgm,Yes,,390,fbffd0b7722fd81d68d5d62472dc80e8,2026-10-09T17:19:49Z
nfl,WSH,NYG,2026-10-11T17:00:00Z,Patrick Ricard,anytime_td,betmgm,Yes,,3000,fbffd0b7722fd81d68d5d62472dc80e8,2026-10-09T17:19:49Z
nfl,WSH,NYG,2026-10-11T17:00:00Z,Chris Manhertz,anytime_td,betmgm,Yes,,3000,fbffd0b7722fd81d68d5d62472dc80e8,2026-10-09T17:19:49Z
nfl,WSH,NYG,2026-10-11T17:00:00Z,John Bates,anytime_td,betmgm,Yes,,1400,fbffd0b7722fd81d68d5d62472dc80e8,2026-10-09T17:19:49Z
nfl,WSH,NYG,2026-10-11T17:00:00Z,Jayden Daniels,pass_att,betmgm,Over,29.5,-115,fbffd0b7722fd81d68d5d62472dc80e8,2026-10-09T17:19:49Z
nfl,WSH,NYG,2026-10-11T17:00:00Z,Jayden Daniels,pass_att,betmgm,Under,29.5,-115,fbffd0b7722fd81d68d5d62472dc80e8,2026-10-09T17:19:49Z
nfl,WSH,NYG,2026-10-11T17:00:00Z,Jameis Winston,pass_att,betmgm,Over,31.5,-105,fbffd0b7722fd81d68d5d62472dc80e8,2026-10-09T17:19:49Z
nfl,WSH,NYG,2026-10-11T17:00:00Z,Jameis Winston,pass_att,betmgm,Under,31.5,-125,fbffd0b7722fd81d68d5d62472dc80e8,2026-10-09T17:19:49Z
nfl,WSH,NYG,2026-10-11T17:00:00Z,Jayden Daniels,completions,betmgm,Over,18.5,-115,fbffd0b7722fd81d68d5d62472dc80e8,2026-10-09T17:19:49Z
nfl,WSH,NYG,2026-10-11T17:00:00Z,Jayden Daniels,completions,betmgm,Under,18.5,-115,fbffd0b7722fd81d68d5d62472dc80e8,2026-10-09T17:19:49Z
nfl,WSH,NYG,2026-10-11T17:00:00Z,Jameis Winston,completions,betmgm,Over,18.5,-105,fbffd0b7722fd81d68d5d62472dc80e8,2026-10-09T17:19:49Z
nfl,WSH,NYG,2026-10-11T17:00:00Z,Jameis Winston,completions,betmgm,Under,18.5,-130,fbffd0b7722fd81d68d5d62472dc80e8,2026-10-09T17:19:49Z
nfl,WSH,NYG,2026-10-11T17:00:00Z,Jameis Winston,pass_td,betmgm,Over,1.5,175,fbffd0b7722fd81d68d5d62472dc80e8,2026-10-09T17:19:49Z
nfl,WSH,NYG,2026-10-11T17:00:00Z,Jameis Winston,pass_td,betmgm,Under,1.5,-235,fbffd0b7722fd81d68d5d62472dc80e8,2026-10-09T17:19:49Z
nfl,WSH,NYG,2026-10-11T17:00:00Z,Jayden Daniels,pass_td,betmgm,Over,1.5,130,fbffd0b7722fd81d68d5d62472dc80e8,2026-10-09T17:19:49Z
nfl,WSH,NYG,2026-10-11T17:00:00Z,Jayden Daniels,pass_td,betmgm,Under,1.5,-175,fbffd0b7722fd81d68d5d62472dc80e8,2026-10-09T17:19:49Z
nfl,WSH,NYG,2026-10-11T17:00:00Z,Jameis Winston,pass_yds,betmgm,Over,205.5,-115,fbffd0b7722fd81d68d5d62472dc80e8,2026-10-09T17:19:49Z
nfl,WSH,NYG,2026-10-11T17:00:00Z,Jameis Winston,pass_yds,betmgm,Under,205.5,-115,fbffd0b7722fd81d68d5d62472dc80e8,2026-10-09T17:19:49Z
nfl,WSH,NYG,2026-10-11T17:00:00Z,Jayden Daniels,pass_yds,betmgm,Over,202.5,-115,fbffd0b7722fd81d68d5d62472dc80e8,2026-10-09T17:19:49Z
nfl,WSH,NYG,2026-10-11T17:00:00Z,Jayden Daniels,pass_yds,betmgm,Under,202.5,-115,fbffd0b7722fd81d68d5d62472dc80e8,2026-10-09T17:19:49Z
nfl,WSH,NYG,2026-10-11T17:00:00Z,Cam Skattebo,rec_yds,betmgm,Over,14.5,-115,fbffd0b7722fd81d68d5d62472dc80e8,2026-10-09T17:19:49Z
nfl,WSH,NYG,2026-10-11T17:00:00Z,Cam Skattebo,rec_yds,betmgm,Under,14.5,-115,fbffd0b7722fd81d68d5d62472dc80e8,2026-10-09T17:19:49Z
nfl,WSH,NYG,2026-10-11T17:00:00Z,Jacory Croskey-Merritt,rush_att,betmgm,Over,13.5,105,fbffd0b7722fd81d68d5d62472dc80e8,2026-10-09T17:19:49Z
nfl,WSH,NYG,2026-10-11T17:00:00Z,Jacory Croskey-Merritt,rush_att,betmgm,Under,13.5,-140,fbffd0b7722fd81d68d5d62472dc80e8,2026-10-09T17:19:49Z
nfl,WSH,NYG,2026-10-11T17:00:00Z,Cam Skattebo,rush_yds,betmgm,Over,54.5,-115,fbffd0b7722fd81d68d5d62472dc80e8,2026-10-09T17:19:49Z
nfl,WSH,NYG,2026-10-11T17:00:00Z,Cam Skattebo,rush_yds,betmgm,Under,54.5,-115,fbffd0b7722fd81d68d5d62472dc80e8,2026-10-09T17:19:49Z
nfl,WSH,NYG,2026-10-11T17:00:00Z,Jayden Daniels,rush_yds,betmgm,Over,31.5,-115,fbffd0b7722fd81d68d5d62472dc80e8,2026-10-09T17:19:49Z
nfl,WSH,NYG,2026-10-11T17:00:00Z,Jayden Daniels,rush_yds,betmgm,Under,31.5,-115,fbffd0b7722fd81d68d5d62472dc80e8,2026-10-09T17:19:49Z
nfl,WSH,NYG,2026-10-11T17:00:00Z,Jacory Croskey-Merritt,rush_yds,betmgm,Over,51.5,-115,fbffd0b7722fd81d68d5d62472dc80e8,2026-10-09T17:19:49Z
nfl,WSH,NYG,2026-10-11T17:00:00Z,Jacory Croskey-Merritt,rush_yds,betmgm,Under,51.5,-115,fbffd0b7722fd81d68d5d62472dc80e8,2026-10-09T17:19:49Z
nfl,WSH,NYG,2026-10-11T17:00:00Z,Jayden Daniels,pass_att,espnbet,Over,29.5,-120,fbffd0b7722fd81d68d5d62472dc80e8,2026-10-09T17:19:41Z
nfl,WSH,NYG,2026-10-11T17:00:00Z,Jayden Daniels,pass_att,espnbet,Under,29.5,-110,fbffd0b7722fd81d68d5d62472dc80e8,2026-10-09T17:19:41Z
nfl,WSH,NYG,2026-10-11T17:00:00Z,Jameis Winston,pass_att,espnbet,Over,30.5,-130,fbffd0b7722fd81d68d5d62472dc80e8,2026-10-09T17:19:41Z
nfl,WSH,NYG,2026-10-11T17:00:00Z,Jameis Winston,pass_att,espnbet,Under,30.5,100,fbffd0b7722fd81d68d5d62472dc80e8,2026-10-09T17:19:41Z
nfl,WSH,NYG,2026-10-11T17:00:00Z,Jayden Daniels,completions,espnbet,Over,18.5,-115,fbffd0b7722fd81d68d5d62472dc80e8,2026-10-09T17:19:41Z
nfl,WSH,NYG,2026-10-11T17:00:00Z,Jayden Daniels,completions,espnbet,Under,18.5,-115,fbffd0b7722fd81d68d5d62472dc80e8,2026-10-09T17:19:41Z
nfl,WSH,NYG,2026-10-11T17:00:00Z,Jameis Winston,completions,espnbet,Over,18.5,-120,fbffd0b7722fd81d68d5d62472dc80e8,2026-10-09T17:19:41Z
nfl,WSH,NYG,2026-10-11T17:00:00Z,Jameis Winston,completions,espnbet,Under,18.5,-110,fbffd0b7722fd81d68d5d62472dc80e8,2026-10-09T17:19:41Z
nfl,WSH,NYG,2026-10-11T17:00:00Z,Jameis Winston,pass_td,espnbet,Over,1.5,180,fbffd0b7722fd81d68d5d62472dc80e8,2026-10-09T17:19:41Z
nfl,WSH,NYG,2026-10-11T17:00:00Z,Jameis Winston,pass_td,espnbet,Under,1.5,-250,fbffd0b7722fd81d68d5d62472dc80e8,2026-10-09T17:19:41Z
nfl,WSH,NYG,2026-10-11T17:00:00Z,Jayden Daniels,pass_td,espnbet,Over,1.5,125,fbffd0b7722fd81d68d5d62472dc80e8,2026-10-09T17:19:41Z
nfl,WSH,NYG,2026-10-11T17:00:00Z,Jayden Daniels,pass_td,espnbet,Under,1.5,-160,fbffd0b7722fd81d68d5d62472dc80e8,2026-10-09T17:19:41Z
nfl,WSH,NYG,2026-10-11T17:00:00Z,Jayden Daniels,pass_yds,espnbet,Over,199.5,-110,fbffd0b7722fd81d68d5d62472dc80e8,2026-10-09T17:19:41Z
nfl,WSH,NYG,2026-10-11T17:00:00Z,Jayden Daniels,pass_yds,espnbet,Under,199.5,-120,fbffd0b7722fd81d68d5d62472dc80e8,2026-10-09T17:19:41Z
nfl,WSH,NYG,2026-10-11T17:00:00Z,Jameis Winston,pass_yds,espnbet,Over,199.5,-120,fbffd0b7722fd81d68d5d62472dc80e8,2026-10-09T17:19:41Z
nfl,WSH,NYG,2026-10-11T17:00:00Z,Jameis Winston,pass_yds,espnbet,Under,199.5,-110,fbffd0b7722fd81d68d5d62472dc80e8,2026-10-09T17:19:41Z
nfl,WSH,NYG,2026-10-11T17:00:00Z,Malik Nabers,rec_yds,espnbet,Over,59.5,-105,fbffd0b7722fd81d68d5d62472dc80e8,2026-10-09T17:19:41Z
nfl,WSH,NYG,2026-10-11T17:00:00Z,Malik Nabers,rec_yds,espnbet,Under,59.5,-125,fbffd0b7722fd81d68d5d62472dc80e8,2026-10-09T17:19:41Z
nfl,WSH,NYG,2026-10-11T17:00:00Z,Isaiah Likely,rec_yds,espnbet,Over,41.5,-125,fbffd0b7722fd81d68d5d62472dc80e8,2026-10-09T17:19:41Z
nfl,WSH,NYG,2026-10-11T17:00:00Z,Isaiah Likely,rec_yds,espnbet,Under,41.5,-105,fbffd0b7722fd81d68d5d62472dc80e8,2026-10-09T17:19:41Z
nfl,WSH,NYG,2026-10-11T17:00:00Z,Malachi Fields,rec_yds,espnbet,Over,22.5,-125,fbffd0b7722fd81d68d5d62472dc80e8,2026-10-09T17:19:41Z
nfl,WSH,NYG,2026-10-11T17:00:00Z,Malachi Fields,rec_yds,espnbet,Under,22.5,-105,fbffd0b7722fd81d68d5d62472dc80e8,2026-10-09T17:19:41Z
nfl,WSH,NYG,2026-10-11T17:00:00Z,Darnell Mooney,rec_yds,espnbet,Over,19.5,100,fbffd0b7722fd81d68d5d62472dc80e8,2026-10-09T17:19:41Z
nfl,WSH,NYG,2026-10-11T17:00:00Z,Darnell Mooney,rec_yds,espnbet,Under,19.5,-130,fbffd0b7722fd81d68d5d62472dc80e8,2026-10-09T17:19:41Z
nfl,WSH,NYG,2026-10-11T17:00:00Z,Cam Skattebo,rec_yds,espnbet,Over,12.5,-120,fbffd0b7722fd81d68d5d62472dc80e8,2026-10-09T17:19:41Z
nfl,WSH,NYG,2026-10-11T17:00:00Z,Cam Skattebo,rec_yds,espnbet,Under,12.5,-110,fbffd0b7722fd81d68d5d62472dc80e8,2026-10-09T17:19:41Z
nfl,WSH,NYG,2026-10-11T17:00:00Z,Malik Nabers,receptions,espnbet,Over,5.5,120,fbffd0b7722fd81d68d5d62472dc80e8,2026-10-09T17:19:41Z
nfl,WSH,NYG,2026-10-11T17:00:00Z,Malik Nabers,receptions,espnbet,Under,5.5,-155,fbffd0b7722fd81d68d5d62472dc80e8,2026-10-09T17:19:41Z
nfl,WSH,NYG,2026-10-11T17:00:00Z,Isaiah Likely,receptions,espnbet,Over,4.5,-125,fbffd0b7722fd81d68d5d62472dc80e8,2026-10-09T17:19:41Z
nfl,WSH,NYG,2026-10-11T17:00:00Z,Isaiah Likely,receptions,espnbet,Under,4.5,-105,fbffd0b7722fd81d68d5d62472dc80e8,2026-10-09T17:19:41Z
nfl,WSH,NYG,2026-10-11T17:00:00Z,Malachi Fields,receptions,espnbet,Over,2.5,130,fbffd0b7722fd81d68d5d62472dc80e8,2026-10-09T17:19:41Z
nfl,WSH,NYG,2026-10-11T17:00:00Z,Malachi Fields,receptions,espnbet,Under,2.5,-170,fbffd0b7722fd81d68d5d62472dc80e8,2026-10-09T17:19:41Z
nfl,WSH,NYG,2026-10-11T17:00:00Z,Cam Skattebo,receptions,espnbet,Over,2.5,135,fbffd0b7722fd81d68d5d62472dc80e8,2026-10-09T17:19:41Z
nfl,WSH,NYG,2026-10-11T17:00:00Z,Cam Skattebo,receptions,espnbet,Under,2.5,-180,fbffd0b7722fd81d68d5d62472dc80e8,2026-10-09T17:19:41Z
nfl,WSH,NYG,2026-10-11T17:00:00Z,Darnell Mooney,receptions,espnbet,Over,1.5,-120,fbffd0b7722fd81d68d5d62472dc80e8,2026-10-09T17:19:41Z
nfl,WSH,NYG,2026-10-11T17:00:00Z,Darnell Mooney,receptions,espnbet,Under,1.5,-110,fbffd0b7722fd81d68d5d62472dc80e8,2026-10-09T17:19:41Z
nfl,WSH,NYG,2026-10-11T17:00:00Z,Cam Skattebo,rush_att,espnbet,Over,14.5,-140,fbffd0b7722fd81d68d5d62472dc80e8,2026-10-09T17:19:41Z
nfl,WSH,NYG,2026-10-11T17:00:00Z,Cam Skattebo,rush_att,espnbet,Under,14.5,110,fbffd0b7722fd81d68d5d62472dc80e8,2026-10-09T17:19:41Z
nfl,WSH,NYG,2026-10-11T17:00:00Z,Jacory Croskey-Merritt,rush_att,espnbet,Over,12.5,-125,fbffd0b7722fd81d68d5d62472dc80e8,2026-10-09T17:19:41Z
nfl,WSH,NYG,2026-10-11T17:00:00Z,Jacory Croskey-Merritt,rush_att,espnbet,Under,12.5,-105,fbffd0b7722fd81d68d5d62472dc80e8,2026-10-09T17:19:41Z
nfl,WSH,NYG,2026-10-11T17:00:00Z,Jayden Daniels,rush_att,espnbet,Over,6.5,100,fbffd0b7722fd81d68d5d62472dc80e8,2026-10-09T17:19:41Z
nfl,WSH,NYG,2026-10-11T17:00:00Z,Jayden Daniels,rush_att,espnbet,Under,6.5,-130,fbffd0b7722fd81d68d5d62472dc80e8,2026-10-09T17:19:41Z
nfl,WSH,NYG,2026-10-11T17:00:00Z,Jacory Croskey-Merritt,rush_yds,espnbet,Over,49.5,-130,fbffd0b7722fd81d68d5d62472dc80e8,2026-10-09T17:19:41Z
nfl,WSH,NYG,2026-10-11T17:00:00Z,Jacory Croskey-Merritt,rush_yds,espnbet,Under,49.5,100,fbffd0b7722fd81d68d5d62472dc80e8,2026-10-09T17:19:41Z
nfl,WSH,NYG,2026-10-11T17:00:00Z,Cam Skattebo,rush_yds,espnbet,Over,52.5,-130,fbffd0b7722fd81d68d5d62472dc80e8,2026-10-09T17:19:41Z
nfl,WSH,NYG,2026-10-11T17:00:00Z,Cam Skattebo,rush_yds,espnbet,Under,52.5,100,fbffd0b7722fd81d68d5d62472dc80e8,2026-10-09T17:19:41Z
nfl,WSH,NYG,2026-10-11T17:00:00Z,Jayden Daniels,rush_yds,espnbet,Over,29.5,-105,fbffd0b7722fd81d68d5d62472dc80e8,2026-10-09T17:19:41Z
nfl,WSH,NYG,2026-10-11T17:00:00Z,Jayden Daniels,rush_yds,espnbet,Under,29.5,-125,fbffd0b7722fd81d68d5d62472dc80e8,2026-10-09T17:19:41Z
nfl,WSH,NYG,2026-10-11T17:00:00Z,Najee Harris,rush_yds,espnbet,Over,24.5,-135,fbffd0b7722fd81d68d5d62472dc80e8,2026-10-09T17:19:41Z
nfl,WSH,NYG,2026-10-11T17:00:00Z,Najee Harris,rush_yds,espnbet,Under,24.5,105,fbffd0b7722fd81d68d5d62472dc80e8,2026-10-09T17:19:41Z
nfl,WSH,NYG,2026-10-11T17:00:00Z,Jameis Winston,rush_yds,espnbet,Over,2.5,-120,fbffd0b7722fd81d68d5d62472dc80e8,2026-10-09T17:19:41Z
nfl,WSH,NYG,2026-10-11T17:00:00Z,Jameis Winston,rush_yds,espnbet,Under,2.5,-110,fbffd0b7722fd81d68d5d62472dc80e8,2026-10-09T17:19:41Z
nfl,LAC,DEN,2026-10-11T20:05:00Z,J.K. Dobbins,anytime_td,draftkings,Yes,,135,d1d408fdfd272046fb517fe992a1c5a0,2026-10-09T17:20:17Z
nfl,LAC,DEN,2026-10-11T20:05:00Z,Omarion Hampton,anytime_td,draftkings,Yes,,175,d1d408fdfd272046fb517fe992a1c5a0,2026-10-09T17:20:17Z
nfl,LAC,DEN,2026-10-11T20:05:00Z,Jaylen Waddle,anytime_td,draftkings,Yes,,195,d1d408fdfd272046fb517fe992a1c5a0,2026-10-09T17:20:17Z
nfl,LAC,DEN,2026-10-11T20:05:00Z,RJ Harvey,anytime_td,draftkings,Yes,,205,d1d408fdfd272046fb517fe992a1c5a0,2026-10-09T17:20:17Z
nfl,LAC,DEN,2026-10-11T20:05:00Z,Courtland Sutton,anytime_td,draftkings,Yes,,210,d1d408fdfd272046fb517fe992a1c5a0,2026-10-09T17:20:17Z
nfl,LAC,DEN,2026-10-11T20:05:00Z,Quentin Johnston,anytime_td,draftkings,Yes,,290,d1d408fdfd272046fb517fe992a1c5a0,2026-10-09T17:20:17Z
nfl,LAC,DEN,2026-10-11T20:05:00Z,Keaton Mitchell,anytime_td,draftkings,Yes,,295,d1d408fdfd272046fb517fe992a1c5a0,2026-10-09T17:20:17Z
nfl,LAC,DEN,2026-10-11T20:05:00Z,Tre Harris,anytime_td,draftkings,Yes,,330,d1d408fdfd272046fb517fe992a1c5a0,2026-10-09T17:20:17Z
nfl,LAC,DEN,2026-10-11T20:05:00Z,Oronde Gadsden II,anytime_td,draftkings,Yes,,340,d1d408fdfd272046fb517fe992a1c5a0,2026-10-09T17:20:17Z
nfl,LAC,DEN,2026-10-11T20:05:00Z,Bo Nix,anytime_td,draftkings,Yes,,425,d1d408fdfd272046fb517fe992a1c5a0,2026-10-09T17:20:17Z
nfl,LAC,DEN,2026-10-11T20:05:00Z,Denver Broncos D/ST,anytime_td,draftkings,Yes,,475,d1d408fdfd272046fb517fe992a1c5a0,2026-10-09T17:20:17Z
nfl,LAC,DEN,2026-10-11T20:05:00Z,Justin Herbert,anytime_td,draftkings,Yes,,475,d1d408fdfd272046fb517fe992a1c5a0,2026-10-09T17:20:17Z
nfl,LAC,DEN,2026-10-11T20:05:00Z,Evan Engram,anytime_td,draftkings,Yes,,500,d1d408fdfd272046fb517fe992a1c5a0,2026-10-09T17:20:17Z
nfl,LAC,DEN,2026-10-11T20:05:00Z,Los Angeles Chargers D/ST,anytime_td,draftkings,Yes,,550,d1d408fdfd272046fb517fe992a1c5a0,2026-10-09T17:20:17Z
nfl,LAC,DEN,2026-10-11T20:05:00Z,Kimani Vidal,anytime_td,draftkings,Yes,,550,d1d408fdfd272046fb517fe992a1c5a0,2026-10-09T17:20:17Z
nfl,LAC,DEN,2026-10-11T20:05:00Z,Troy Franklin,anytime_td,draftkings,Yes,,700,d1d408fdfd272046fb517fe992a1c5a0,2026-10-09T17:20:17Z
nfl,LAC,DEN,2026-10-11T20:05:00Z,Tyler Badie,anytime_td,draftkings,Yes,,750,d1d408fdfd272046fb517fe992a1c5a0,2026-10-09T17:20:17Z
nfl,LAC,DEN,2026-10-11T20:05:00Z,Marvin Mims Jr.,anytime_td,draftkings,Yes,,800,d1d408fdfd272046fb517fe992a1c5a0,2026-10-09T17:20:17Z
nfl,LAC,DEN,2026-10-11T20:05:00Z,Adam Trautman,anytime_td,draftkings,Yes,,950,d1d408fdfd272046fb517fe992a1c5a0,2026-10-09T17:20:17Z
nfl,LAC,DEN,2026-10-11T20:05:00Z,Brenen Thompson,anytime_td,draftkings,Yes,,1100,d1d408fdfd272046fb517fe992a1c5a0,2026-10-09T17:20:17Z
nfl,LAC,DEN,2026-10-11T20:05:00Z,Nate Adkins,anytime_td,draftkings,Yes,,1200,d1d408fdfd272046fb517fe992a1c5a0,2026-10-09T17:20:17Z
nfl,LAC,DEN,2026-10-11T20:05:00Z,Marquez Valdes-Scantling,anytime_td,draftkings,Yes,,1200,d1d408fdfd272046fb517fe992a1c5a0,2026-10-09T17:20:17Z
nfl,LAC,DEN,2026-10-11T20:05:00Z,Derius Davis,anytime_td,draftkings,Yes,,1300,d1d408fdfd272046fb517fe992a1c5a0,2026-10-09T17:20:17Z
nfl,LAC,DEN,2026-10-11T20:05:00Z,Hayden Rucci,anytime_td,draftkings,Yes,,1800,d1d408fdfd272046fb517fe992a1c5a0,2026-10-09T17:20:17Z
nfl,LAC,DEN,2026-10-11T20:05:00Z,Alec Ingold,anytime_td,draftkings,Yes,,2200,d1d408fdfd272046fb517fe992a1c5a0,2026-10-09T17:20:17Z
nfl,LAC,DEN,2026-10-11T20:05:00Z,Adam Prentice,anytime_td,draftkings,Yes,,2200,d1d408fdfd272046fb517fe992a1c5a0,2026-10-09T17:20:17Z
nfl,LAC,DEN,2026-10-11T20:05:00Z,Dallen Bentley,anytime_td,draftkings,Yes,,2500,d1d408fdfd272046fb517fe992a1c5a0,2026-10-09T17:20:17Z
nfl,LAC,DEN,2026-10-11T20:05:00Z,Bo Nix,pass_att,draftkings,Over,33.5,-114,d1d408fdfd272046fb517fe992a1c5a0,2026-10-09T17:20:17Z
nfl,LAC,DEN,2026-10-11T20:05:00Z,Bo Nix,pass_att,draftkings,Under,33.5,-112,d1d408fdfd272046fb517fe992a1c5a0,2026-10-09T17:20:17Z
nfl,LAC,DEN,2026-10-11T20:05:00Z,Justin Herbert,pass_att,draftkings,Over,30.5,-103,d1d408fdfd272046fb517fe992a1c5a0,2026-10-09T17:20:17Z
nfl,LAC,DEN,2026-10-11T20:05:00Z,Justin Herbert,pass_att,draftkings,Under,30.5,-124,d1d408fdfd272046fb517fe992a1c5a0,2026-10-09T17:20:17Z
nfl,LAC,DEN,2026-10-11T20:05:00Z,Bo Nix,completions,draftkings,Over,21.5,101,d1d408fdfd272046fb517fe992a1c5a0,2026-10-09T17:20:17Z
nfl,LAC,DEN,2026-10-11T20:05:00Z,Bo Nix,completions,draftkings,Under,21.5,-129,d1d408fdfd272046fb517fe992a1c5a0,2026-10-09T17:20:17Z
nfl,LAC,DEN,2026-10-11T20:05:00Z,Justin Herbert,completions,draftkings,Over,18.5,103,d1d408fdfd272046fb517fe992a1c5a0,2026-10-09T17:20:17Z
nfl,LAC,DEN,2026-10-11T20:05:00Z,Justin Herbert,completions,draftkings,Under,18.5,-131,d1d408fdfd272046fb517fe992a1c5a0,2026-10-09T17:20:17Z
nfl,LAC,DEN,2026-10-11T20:05:00Z,Bo Nix,pass_td,draftkings,Over,1.5,117,d1d408fdfd272046fb517fe992a1c5a0,2026-10-09T17:20:17Z
nfl,LAC,DEN,2026-10-11T20:05:00Z,Bo Nix,pass_td,draftkings,Under,1.5,-149,d1d408fdfd272046fb517fe992a1c5a0,2026-10-09T17:20:17Z
nfl,LAC,DEN,2026-10-11T20:05:00Z,Justin Herbert,pass_td,draftkings,Over,1.5,180,d1d408fdfd272046fb517fe992a1c5a0,2026-10-09T17:20:17Z
nfl,LAC,DEN,2026-10-11T20:05:00Z,Justin Herbert,pass_td,draftkings,Under,1.5,-233,d1d408fdfd272046fb517fe992a1c5a0,2026-10-09T17:20:17Z
nfl,LAC,DEN,2026-10-11T20:05:00Z,Bo Nix,pass_yds,draftkings,Over,218.5,-111,d1d408fdfd272046fb517fe992a1c5a0,2026-10-09T17:20:17Z
nfl,LAC,DEN,2026-10-11T20:05:00Z,Bo Nix,pass_yds,draftkings,Under,218.5,-113,d1d408fdfd272046fb517fe992a1c5a0,2026-10-09T17:20:17Z
nfl,LAC,DEN,2026-10-11T20:05:00Z,Justin Herbert,pass_yds,draftkings,Over,195.5,-111,d1d408fdfd272046fb517fe992a1c5a0,2026-10-09T17:20:17Z
nfl,LAC,DEN,2026-10-11T20:05:00Z,Justin Herbert,pass_yds,draftkings,Under,195.5,-113,d1d408fdfd272046fb517fe992a1c5a0,2026-10-09T17:20:17Z
nfl,LAC,DEN,2026-10-11T20:05:00Z,Jaylen Waddle,rec_yds,draftkings,Over,57.5,-114,d1d408fdfd272046fb517fe992a1c5a0,2026-10-09T17:20:17Z
nfl,LAC,DEN,2026-10-11T20:05:00Z,Jaylen Waddle,rec_yds,draftkings,Under,57.5,-110,d1d408fdfd272046fb517fe992a1c5a0,2026-10-09T17:20:17Z
nfl,LAC,DEN,2026-10-11T20:05:00Z,Courtland Sutton,rec_yds,draftkings,Over,35.5,-114,d1d408fdfd272046fb517fe992a1c5a0,2026-10-09T17:20:17Z
nfl,LAC,DEN,2026-10-11T20:05:00Z,Courtland Sutton,rec_yds,draftkings,Under,35.5,-110,d1d408fdfd272046fb517fe992a1c5a0,2026-10-09T17:20:17Z
nfl,LAC,DEN,2026-10-11T20:05:00Z,RJ Harvey,rec_yds,draftkings,Over,26.5,-111,d1d408fdfd272046fb517fe992a1c5a0,2026-10-09T17:20:17Z
nfl,LAC,DEN,2026-10-11T20:05:00Z,RJ Harvey,rec_yds,draftkings,Under,26.5,-113,d1d408fdfd272046fb517fe992a1c5a0,2026-10-09T17:20:17Z
nfl,LAC,DEN,2026-10-11T20:05:00Z,Troy Franklin,rec_yds,draftkings,Over,18.5,-116,d1d408fdfd272046fb517fe992a1c5a0,2026-10-09T17:20:17Z
nfl,LAC,DEN,2026-10-11T20:05:00Z,Troy Franklin,rec_yds,draftkings,Under,18.5,-109,d1d408fdfd272046fb517fe992a1c5a0,2026-10-09T17:20:17Z
nfl,LAC,DEN,2026-10-11T20:05:00Z,Evan Engram,rec_yds,draftkings,Over,16.5,-112,d1d408fdfd272046fb517fe992a1c5a0,2026-10-09T17:20:17Z
nfl,LAC,DEN,2026-10-11T20:05:00Z,Evan Engram,rec_yds,draftkings,Under,16.5,-112,d1d408fdfd272046fb517fe992a1c5a0,2026-10-09T17:20:17Z
nfl,LAC,DEN,2026-10-11T20:05:00Z,Marvin Mims Jr.,rec_yds,draftkings,Over,11.5,-112,d1d408fdfd272046fb517fe992a1c5a0,2026-10-09T17:20:17Z
nfl,LAC,DEN,2026-10-11T20:05:00Z,Marvin Mims Jr.,rec_yds,draftkings,Under,11.5,-112,d1d408fdfd272046fb517fe992a1c5a0,2026-10-09T17:20:17Z
nfl,LAC,DEN,2026-10-11T20:05:00Z,Jaylen Waddle,receptions,draftkings,Over,4.5,-143,d1d408fdfd272046fb517fe992a1c5a0,2026-10-09T17:20:17Z
nfl,LAC,DEN,2026-10-11T20:05:00Z,Jaylen Waddle,receptions,draftkings,Under,4.5,112,d1d408fdfd272046fb517fe992a1c5a0,2026-10-09T17:20:17Z
nfl,LAC,DEN,2026-10-11T20:05:00Z,RJ Harvey,receptions,draftkings,Over,3.5,-166,d1d408fdfd272046fb517fe992a1c5a0,2026-10-09T17:20:17Z
nfl,LAC,DEN,2026-10-11T20:05:00Z,RJ Harvey,receptions,draftkings,Under,3.5,130,d1d408fdfd272046fb517fe992a1c5a0,2026-10-09T17:20:17Z
nfl,LAC,DEN,2026-10-11T20:05:00Z,Courtland Sutton,receptions,draftkings,Over,3.5,113,d1d408fdfd272046fb517fe992a1c5a0,2026-10-09T17:20:17Z
nfl,LAC,DEN,2026-10-11T20:05:00Z,Courtland Sutton,receptions,draftkings,Under,3.5,-144,d1d408fdfd272046fb517fe992a1c5a0,2026-10-09T17:20:17Z
nfl,LAC,DEN,2026-10-11T20:05:00Z,Evan Engram,receptions,draftkings,Over,2.5,140,d1d408fdfd272046fb517fe992a1c5a0,2026-10-09T17:20:17Z
nfl,LAC,DEN,2026-10-11T20:05:00Z,Evan Engram,receptions,draftkings,Under,2.5,-179,d1d408fdfd272046fb517fe992a1c5a0,2026-10-09T17:20:17Z
nfl,LAC,DEN,2026-10-11T20:05:00Z,Troy Franklin,receptions,draftkings,Over,1.5,-116,d1d408fdfd272046fb517fe992a1c5a0,2026-10-09T17:20:17Z
nfl,LAC,DEN,2026-10-11T20:05:00Z,Troy Franklin,receptions,draftkings,Under,1.5,-110,d1d408fdfd272046fb517fe992a1c5a0,2026-10-09T17:20:17Z
nfl,LAC,DEN,2026-10-11T20:05:00Z,Marvin Mims Jr.,receptions,draftkings,Over,1.5,120,d1d408fdfd272046fb517fe992a1c5a0,2026-10-09T17:20:17Z
nfl,LAC,DEN,2026-10-11T20:05:00Z,Marvin Mims Jr.,receptions,draftkings,Under,1.5,-154,d1d408fdfd272046fb517fe992a1c5a0,2026-10-09T17:20:17Z
nfl,LAC,DEN,2026-10-11T20:05:00Z,J.K. Dobbins,rush_att,draftkings,Over,13.5,-123,d1d408fdfd272046fb517fe992a1c5a0,2026-10-09T17:20:17Z
nfl,LAC,DEN,2026-10-11T20:05:00Z,J.K. Dobbins,rush_att,draftkings,Under,13.5,-104,d1d408fdfd272046fb517fe992a1c5a0,2026-10-09T17:20:17Z
nfl,LAC,DEN,2026-10-11T20:05:00Z,Omarion Hampton,rush_att,draftkings,Over,10.5,-112,d1d408fdfd272046fb517fe992a1c5a0,2026-10-09T17:20:17Z
nfl,LAC,DEN,2026-10-11T20:05:00Z,Omarion Hampton,rush_att,draftkings,Under,10.5,-114,d1d408fdfd272046fb517fe992a1c5a0,2026-10-09T17:20:17Z
nfl,LAC,DEN,2026-10-11T20:05:00Z,Keaton Mitchell,rush_att,draftkings,Over,7.5,-116,d1d408fdfd272046fb517fe992a1c5a0,2026-10-09T17:20:17Z
nfl,LAC,DEN,2026-10-11T20:05:00Z,Keaton Mitchell,rush_att,draftkings,Under,7.5,-110,d1d408fdfd272046fb517fe992a1c5a0,2026-10-09T17:20:17Z
nfl,LAC,DEN,2026-10-11T20:05:00Z,Justin Herbert,rush_att,draftkings,Over,5.5,114,d1d408fdfd272046fb517fe992a1c5a0,2026-10-09T17:20:17Z
nfl,LAC,DEN,2026-10-11T20:05:00Z,Justin Herbert,rush_att,draftkings,Under,5.5,-146,d1d408fdfd272046fb517fe992a1c5a0,2026-10-09T17:20:17Z
nfl,LAC,DEN,2026-10-11T20:05:00Z,Bo Nix,rush_att,draftkings,Over,4.5,100,d1d408fdfd272046fb517fe992a1c5a0,2026-10-09T17:20:17Z
nfl,LAC,DEN,2026-10-11T20:05:00Z,Bo Nix,rush_att,draftkings,Under,4.5,-127,d1d408fdfd272046fb517fe992a1c5a0,2026-10-09T17:20:17Z
nfl,LAC,DEN,2026-10-11T20:05:00Z,J.K. Dobbins,rush_yds,draftkings,Over,51.5,-113,d1d408fdfd272046fb517fe992a1c5a0,2026-10-09T17:20:17Z
nfl,LAC,DEN,2026-10-11T20:05:00Z,J.K. Dobbins,rush_yds,draftkings,Under,51.5,-111,d1d408fdfd272046fb517fe992a1c5a0,2026-10-09T17:20:17Z
nfl,LAC,DEN,2026-10-11T20:05:00Z,Omarion Hampton,rush_yds,draftkings,Over,37.5,-115,d1d408fdfd272046fb517fe992a1c5a0,2026-10-09T17:20:17Z
nfl,LAC,DEN,2026-10-11T20:05:00Z,Omarion Hampton,rush_yds,draftkings,Under,37.5,-109,d1d408fdfd272046fb517fe992a1c5a0,2026-10-09T17:20:17Z
nfl,LAC,DEN,2026-10-11T20:05:00Z,Keaton Mitchell,rush_yds,draftkings,Over,32.5,-110,d1d408fdfd272046fb517fe992a1c5a0,2026-10-09T17:20:17Z
nfl,LAC,DEN,2026-10-11T20:05:00Z,Keaton Mitchell,rush_yds,draftkings,Under,32.5,-114,d1d408fdfd272046fb517fe992a1c5a0,2026-10-09T17:20:17Z
nfl,LAC,DEN,2026-10-11T20:05:00Z,Justin Herbert,rush_yds,draftkings,Over,26.5,-116,d1d408fdfd272046fb517fe992a1c5a0,2026-10-09T17:20:17Z
nfl,LAC,DEN,2026-10-11T20:05:00Z,Justin Herbert,rush_yds,draftkings,Under,26.5,-109,d1d408fdfd272046fb517fe992a1c5a0,2026-10-09T17:20:17Z
nfl,LAC,DEN,2026-10-11T20:05:00Z,RJ Harvey,rush_yds,draftkings,Over,22.5,-113,d1d408fdfd272046fb517fe992a1c5a0,2026-10-09T17:20:17Z
nfl,LAC,DEN,2026-10-11T20:05:00Z,RJ Harvey,rush_yds,draftkings,Under,22.5,-111,d1d408fdfd272046fb517fe992a1c5a0,2026-10-09T17:20:17Z
nfl,LAC,DEN,2026-10-11T20:05:00Z,Bo Nix,rush_yds,draftkings,Over,14.5,-107,d1d408fdfd272046fb517fe992a1c5a0,2026-10-09T17:20:17Z
nfl,LAC,DEN,2026-10-11T20:05:00Z,Bo Nix,rush_yds,draftkings,Under,14.5,-117,d1d408fdfd272046fb517fe992a1c5a0,2026-10-09T17:20:17Z
nfl,LAC,DEN,2026-10-11T20:05:00Z,J.K. Dobbins,anytime_td,fanduel,Yes,,145,d1d408fdfd272046fb517fe992a1c5a0,2026-10-09T17:19:49Z
nfl,LAC,DEN,2026-10-11T20:05:00Z,Omarion Hampton,anytime_td,fanduel,Yes,,170,d1d408fdfd272046fb517fe992a1c5a0,2026-10-09T17:19:49Z
nfl,LAC,DEN,2026-10-11T20:05:00Z,Courtland Sutton,anytime_td,fanduel,Yes,,195,d1d408fdfd272046fb517fe992a1c5a0,2026-10-09T17:19:49Z
nfl,LAC,DEN,2026-10-11T20:05:00Z,Jaylen Waddle,anytime_td,fanduel,Yes,,190,d1d408fdfd272046fb517fe992a1c5a0,2026-10-09T17:19:49Z
nfl,LAC,DEN,2026-10-11T20:05:00Z,RJ Harvey,anytime_td,fanduel,Yes,,200,d1d408fdfd272046fb517fe992a1c5a0,2026-10-09T17:19:49Z
nfl,LAC,DEN,2026-10-11T20:05:00Z,Quentin Johnston,anytime_td,fanduel,Yes,,260,d1d408fdfd272046fb517fe992a1c5a0,2026-10-09T17:19:49Z
nfl,LAC,DEN,2026-10-11T20:05:00Z,Keaton Mitchell,anytime_td,fanduel,Yes,,290,d1d408fdfd272046fb517fe992a1c5a0,2026-10-09T17:19:49Z
nfl,LAC,DEN,2026-10-11T20:05:00Z,Oronde Gadsden II,anytime_td,fanduel,Yes,,330,d1d408fdfd272046fb517fe992a1c5a0,2026-10-09T17:19:49Z
nfl,LAC,DEN,2026-10-11T20:05:00Z,Tre Harris,anytime_td,fanduel,Yes,,360,d1d408fdfd272046fb517fe992a1c5a0,2026-10-09T17:19:49Z
nfl,LAC,DEN,2026-10-11T20:05:00Z,Bo Nix,anytime_td,fanduel,Yes,,410,d1d408fdfd272046fb517fe992a1c5a0,2026-10-09T17:19:49Z
nfl,LAC,DEN,2026-10-11T20:05:00Z,Evan Engram,anytime_td,fanduel,Yes,,460,d1d408fdfd272046fb517fe992a1c5a0,2026-10-09T17:19:49Z
nfl,LAC,DEN,2026-10-11T20:05:00Z,Kimani Vidal,anytime_td,fanduel,Yes,,500,d1d408fdfd272046fb517fe992a1c5a0,2026-10-09T17:19:49Z
nfl,LAC,DEN,2026-10-11T20:05:00Z,Justin Herbert,anytime_td,fanduel,Yes,,550,d1d408fdfd272046fb517fe992a1c5a0,2026-10-09T17:19:49Z
nfl,LAC,DEN,2026-10-11T20:05:00Z,Troy Franklin,anytime_td,fanduel,Yes,,650,d1d408fdfd272046fb517fe992a1c5a0,2026-10-09T17:19:49Z
nfl,LAC,DEN,2026-10-11T20:05:00Z,Denver Broncos Defense,anytime_td,fanduel,Yes,,700,d1d408fdfd272046fb517fe992a1c5a0,2026-10-09T17:19:49Z
nfl,LAC,DEN,2026-10-11T20:05:00Z,Tyler Badie,anytime_td,fanduel,Yes,,800,d1d408fdfd272046fb517fe992a1c5a0,2026-10-09T17:19:49Z
nfl,LAC,DEN,2026-10-11T20:05:00Z,Marvin Mims Jr.,anytime_td,fanduel,Yes,,850,d1d408fdfd272046fb517fe992a1c5a0,2026-10-09T17:19:49Z
nfl,LAC,DEN,2026-10-11T20:05:00Z,Adam Trautman,anytime_td,fanduel,Yes,,850,d1d408fdfd272046fb517fe992a1c5a0,2026-10-09T17:19:49Z
nfl,LAC,DEN,2026-10-11T20:05:00Z,Nate Adkins,anytime_td,fanduel,Yes,,1000,d1d408fdfd272046fb517fe992a1c5a0,2026-10-09T17:19:49Z
nfl,LAC,DEN,2026-10-11T20:05:00Z,Los Angeles Chargers Defense,anytime_td,fanduel,Yes,,1100,d1d408fdfd272046fb517fe992a1c5a0,2026-10-09T17:19:49Z
nfl,LAC,DEN,2026-10-11T20:05:00Z,Brenen Thompson,anytime_td,fanduel,Yes,,1200,d1d408fdfd272046fb517fe992a1c5a0,2026-10-09T17:19:49Z
nfl,LAC,DEN,2026-10-11T20:05:00Z,Marquez Valdes-Scantling,anytime_td,fanduel,Yes,,1200,d1d408fdfd272046fb517fe992a1c5a0,2026-10-09T17:19:49Z
nfl,LAC,DEN,2026-10-11T20:05:00Z,Derius Davis,anytime_td,fanduel,Yes,,1400,d1d408fdfd272046fb517fe992a1c5a0,2026-10-09T17:19:49Z
nfl,LAC,DEN,2026-10-11T20:05:00Z,Hayden Rucci,anytime_td,fanduel,Yes,,1600,d1d408fdfd272046fb517fe992a1c5a0,2026-10-09T17:19:49Z
nfl,LAC,DEN,2026-10-11T20:05:00Z,Alec Ingold,anytime_td,fanduel,Yes,,1900,d1d408fdfd272046fb517fe992a1c5a0,2026-10-09T17:19:49Z
nfl,LAC,DEN,2026-10-11T20:05:00Z,Adam Prentice,anytime_td,fanduel,Yes,,2200,d1d408fdfd272046fb517fe992a1c5a0,2026-10-09T17:19:49Z
nfl,LAC,DEN,2026-10-11T20:05:00Z,Dallen Bentley,anytime_td,fanduel,Yes,,2200,d1d408fdfd272046fb517fe992a1c5a0,2026-10-09T17:19:49Z
nfl,LAC,DEN,2026-10-11T20:05:00Z,Bo Nix,pass_td,fanduel,Over,1.5,102,d1d408fdfd272046fb517fe992a1c5a0,2026-10-09T17:19:49Z
nfl,LAC,DEN,2026-10-11T20:05:00Z,Bo Nix,pass_td,fanduel,Under,1.5,-136,d1d408fdfd272046fb517fe992a1c5a0,2026-10-09T17:19:49Z
nfl,LAC,DEN,2026-10-11T20:05:00Z,Justin Herbert,pass_td,fanduel,Over,1.5,172,d1d408fdfd272046fb517fe992a1c5a0,2026-10-09T17:19:49Z
nfl,LAC,DEN,2026-10-11T20:05:00Z,Justin Herbert,pass_td,fanduel,Under,1.5,-235,d1d408fdfd272046fb517fe992a1c5a0,2026-10-09T17:19:49Z
nfl,LAC,DEN,2026-10-11T20:05:00Z,Bo Nix,pass_yds,fanduel,Over,223.5,-114,d1d408fdfd272046fb517fe992a1c5a0,2026-10-09T17:19:49Z
nfl,LAC,DEN,2026-10-11T20:05:00Z,Bo Nix,pass_yds,fanduel,Under,223.5,-114,d1d408fdfd272046fb517fe992a1c5a0,2026-10-09T17:19:49Z
nfl,LAC,DEN,2026-10-11T20:05:00Z,Justin Herbert,pass_yds,fanduel,Over,200.5,-114,d1d408fdfd272046fb517fe992a1c5a0,2026-10-09T17:19:49Z
nfl,LAC,DEN,2026-10-11T20:05:00Z,Justin Herbert,pass_yds,fanduel,Under,200.5,-114,d1d408fdfd272046fb517fe992a1c5a0,2026-10-09T17:19:49Z
nfl,LAC,DEN,2026-10-11T20:05:00Z,Jaylen Waddle,rec_yds,fanduel,Over,55.5,-114,d1d408fdfd272046fb517fe992a1c5a0,2026-10-09T17:19:49Z
nfl,LAC,DEN,2026-10-11T20:05:00Z,Jaylen Waddle,rec_yds,fanduel,Under,55.5,-114,d1d408fdfd272046fb517fe992a1c5a0,2026-10-09T17:19:49Z
nfl,LAC,DEN,2026-10-11T20:05:00Z,Courtland Sutton,rec_yds,fanduel,Over,36.5,-114,d1d408fdfd272046fb517fe992a1c5a0,2026-10-09T17:19:49Z
nfl,LAC,DEN,2026-10-11T20:05:00Z,Courtland Sutton,rec_yds,fanduel,Under,36.5,-114,d1d408fdfd272046fb517fe992a1c5a0,2026-10-09T17:19:49Z
nfl,LAC,DEN,2026-10-11T20:05:00Z,Troy Franklin,rec_yds,fanduel,Over,19.5,-114,d1d408fdfd272046fb517fe992a1c5a0,2026-10-09T17:19:49Z
nfl,LAC,DEN,2026-10-11T20:05:00Z,Troy Franklin,rec_yds,fanduel,Under,19.5,-114,d1d408fdfd272046fb517fe992a1c5a0,2026-10-09T17:19:49Z
nfl,LAC,DEN,2026-10-11T20:05:00Z,Evan Engram,rec_yds,fanduel,Over,17.5,-114,d1d408fdfd272046fb517fe992a1c5a0,2026-10-09T17:19:49Z
nfl,LAC,DEN,2026-10-11T20:05:00Z,Evan Engram,rec_yds,fanduel,Under,17.5,-114,d1d408fdfd272046fb517fe992a1c5a0,2026-10-09T17:19:49Z
nfl,LAC,DEN,2026-10-11T20:05:00Z,RJ Harvey,rec_yds,fanduel,Over,27.5,-114,d1d408fdfd272046fb517fe992a1c5a0,2026-10-09T17:19:49Z
nfl,LAC,DEN,2026-10-11T20:05:00Z,RJ Harvey,rec_yds,fanduel,Under,27.5,-114,d1d408fdfd272046fb517fe992a1c5a0,2026-10-09T17:19:49Z
nfl,LAC,DEN,2026-10-11T20:05:00Z,Marvin Mims Jr.,rec_yds,fanduel,Over,13.5,-114,d1d408fdfd272046fb517fe992a1c5a0,2026-10-09T17:19:49Z
nfl,LAC,DEN,2026-10-11T20:05:00Z,Marvin Mims Jr.,rec_yds,fanduel,Under,13.5,-114,d1d408fdfd272046fb517fe992a1c5a0,2026-10-09T17:19:49Z
nfl,LAC,DEN,2026-10-11T20:05:00Z,Evan Engram,receptions,fanduel,Over,2.5,124,d1d408fdfd272046fb517fe992a1c5a0,2026-10-09T17:19:49Z
nfl,LAC,DEN,2026-10-11T20:05:00Z,Evan Engram,receptions,fanduel,Under,2.5,-166,d1d408fdfd272046fb517fe992a1c5a0,2026-10-09T17:19:49Z
nfl,LAC,DEN,2026-10-11T20:05:00Z,Marvin Mims Jr.,receptions,fanduel,Over,1.5,106,d1d408fdfd272046fb517fe992a1c5a0,2026-10-09T17:19:49Z
nfl,LAC,DEN,2026-10-11T20:05:00Z,Marvin Mims Jr.,receptions,fanduel,Under,1.5,-140,d1d408fdfd272046fb517fe992a1c5a0,2026-10-09T17:19:49Z
nfl,LAC,DEN,2026-10-11T20:05:00Z,Troy Franklin,receptions,fanduel,Over,1.5,-114,d1d408fdfd272046fb517fe992a1c5a0,2026-10-09T17:19:49Z
nfl,LAC,DEN,2026-10-11T20:05:00Z,Troy Franklin,receptions,fanduel,Under,1.5,-114,d1d408fdfd272046fb517fe992a1c5a0,2026-10-09T17:19:49Z
nfl,LAC,DEN,2026-10-11T20:05:00Z,RJ Harvey,receptions,fanduel,Over,3.5,-174,d1d408fdfd272046fb517fe992a1c5a0,2026-10-09T17:19:49Z
nfl,LAC,DEN,2026-10-11T20:05:00Z,RJ Harvey,receptions,fanduel,Under,3.5,130,d1d408fdfd272046fb517fe992a1c5a0,2026-10-09T17:19:49Z
nfl,LAC,DEN,2026-10-11T20:05:00Z,Jaylen Waddle,receptions,fanduel,Over,4.5,-138,d1d408fdfd272046fb517fe992a1c5a0,2026-10-09T17:19:49Z
nfl,LAC,DEN,2026-10-11T20:05:00Z,Jaylen Waddle,receptions,fanduel,Under,4.5,104,d1d408fdfd272046fb517fe992a1c5a0,2026-10-09T17:19:49Z
nfl,LAC,DEN,2026-10-11T20:05:00Z,Courtland Sutton,receptions,fanduel,Over,3.5,114,d1d408fdfd272046fb517fe992a1c5a0,2026-10-09T17:19:49Z
nfl,LAC,DEN,2026-10-11T20:05:00Z,Courtland Sutton,receptions,fanduel,Under,3.5,-148,d1d408fdfd272046fb517fe992a1c5a0,2026-10-09T17:19:49Z
nfl,LAC,DEN,2026-10-11T20:05:00Z,Keaton Mitchell,rush_yds,fanduel,Over,32.5,-114,d1d408fdfd272046fb517fe992a1c5a0,2026-10-09T17:19:49Z
nfl,LAC,DEN,2026-10-11T20:05:00Z,Keaton Mitchell,rush_yds,fanduel,Under,32.5,-114,d1d408fdfd272046fb517fe992a1c5a0,2026-10-09T17:19:49Z
nfl,LAC,DEN,2026-10-11T20:05:00Z,J.K. Dobbins,rush_yds,fanduel,Over,50.5,-114,d1d408fdfd272046fb517fe992a1c5a0,2026-10-09T17:19:49Z
nfl,LAC,DEN,2026-10-11T20:05:00Z,J.K. Dobbins,rush_yds,fanduel,Under,50.5,-114,d1d408fdfd272046fb517fe992a1c5a0,2026-10-09T17:19:49Z
nfl,LAC,DEN,2026-10-11T20:05:00Z,Bo Nix,rush_yds,fanduel,Over,13.5,-114,d1d408fdfd272046fb517fe992a1c5a0,2026-10-09T17:19:49Z
nfl,LAC,DEN,2026-10-11T20:05:00Z,Bo Nix,rush_yds,fanduel,Under,13.5,-114,d1d408fdfd272046fb517fe992a1c5a0,2026-10-09T17:19:49Z
nfl,LAC,DEN,2026-10-11T20:05:00Z,Omarion Hampton,rush_yds,fanduel,Over,37.5,-114,d1d408fdfd272046fb517fe992a1c5a0,2026-10-09T17:19:49Z
nfl,LAC,DEN,2026-10-11T20:05:00Z,Omarion Hampton,rush_yds,fanduel,Under,37.5,-114,d1d408fdfd272046fb517fe992a1c5a0,2026-10-09T17:19:49Z
nfl,LAC,DEN,2026-10-11T20:05:00Z,Justin Herbert,rush_yds,fanduel,Over,24.5,-114,d1d408fdfd272046fb517fe992a1c5a0,2026-10-09T17:19:49Z
nfl,LAC,DEN,2026-10-11T20:05:00Z,Justin Herbert,rush_yds,fanduel,Under,24.5,-114,d1d408fdfd272046fb517fe992a1c5a0,2026-10-09T17:19:49Z
nfl,LAC,DEN,2026-10-11T20:05:00Z,RJ Harvey,rush_yds,fanduel,Over,21.5,-114,d1d408fdfd272046fb517fe992a1c5a0,2026-10-09T17:19:49Z
nfl,LAC,DEN,2026-10-11T20:05:00Z,RJ Harvey,rush_yds,fanduel,Under,21.5,-114,d1d408fdfd272046fb517fe992a1c5a0,2026-10-09T17:19:49Z
nfl,LAC,DEN,2026-10-11T20:05:00Z,Dallen Bentley,anytime_td,betrivers,Yes,,1800,d1d408fdfd272046fb517fe992a1c5a0,2026-10-09T17:20:15Z
nfl,LAC,DEN,2026-10-11T20:05:00Z,Derius Davis,anytime_td,betrivers,Yes,,1300,d1d408fdfd272046fb517fe992a1c5a0,2026-10-09T17:20:15Z
nfl,LAC,DEN,2026-10-11T20:05:00Z,Nate Adkins,anytime_td,betrivers,Yes,,1000,d1d408fdfd272046fb517fe992a1c5a0,2026-10-09T17:20:15Z
nfl,LAC,DEN,2026-10-11T20:05:00Z,Bo Nix,anytime_td,betrivers,Yes,,400,d1d408fdfd272046fb517fe992a1c5a0,2026-10-09T17:20:15Z
nfl,LAC,DEN,2026-10-11T20:05:00Z,Marvin Mims Jr.,anytime_td,betrivers,Yes,,600,d1d408fdfd272046fb517fe992a1c5a0,2026-10-09T17:20:15Z
nfl,LAC,DEN,2026-10-11T20:05:00Z,Tyler Badie,anytime_td,betrivers,Yes,,750,d1d408fdfd272046fb517fe992a1c5a0,2026-10-09T17:20:15Z
nfl,LAC,DEN,2026-10-11T20:05:00Z,Kimani Vidal,anytime_td,betrivers,Yes,,575,d1d408fdfd272046fb517fe992a1c5a0,2026-10-09T17:20:15Z
nfl,LAC,DEN,2026-10-11T20:05:00Z,Tre Harris,anytime_td,betrivers,Yes,,330,d1d408fdfd272046fb517fe992a1c5a0,2026-10-09T17:20:15Z
nfl,LAC,DEN,2026-10-11T20:05:00Z,Hayden Rucci,anytime_td,betrivers,Yes,,1700,d1d408fdfd272046fb517fe992a1c5a0,2026-10-09T17:20:15Z
nfl,LAC,DEN,2026-10-11T20:05:00Z,Adam Trautman,anytime_td,betrivers,Yes,,1000,d1d408fdfd272046fb517fe992a1c5a0,2026-10-09T17:20:15Z
nfl,LAC,DEN,2026-10-11T20:05:00Z,Alec Ingold,anytime_td,betrivers,Yes,,2000,d1d408fdfd272046fb517fe992a1c5a0,2026-10-09T17:20:15Z
nfl,LAC,DEN,2026-10-11T20:05:00Z,Brenen Thompson,anytime_td,betrivers,Yes,,1400,d1d408fdfd272046fb517fe992a1c5a0,2026-10-09T17:20:15Z
nfl,LAC,DEN,2026-10-11T20:05:00Z,Courtland Sutton,anytime_td,betrivers,Yes,,195,d1d408fdfd272046fb517fe992a1c5a0,2026-10-09T17:20:15Z
nfl,LAC,DEN,2026-10-11T20:05:00Z,Omarion Hampton,anytime_td,betrivers,Yes,,140,d1d408fdfd272046fb517fe992a1c5a0,2026-10-09T17:20:15Z
nfl,LAC,DEN,2026-10-11T20:05:00Z,Keaton Mitchell,anytime_td,betrivers,Yes,,250,d1d408fdfd272046fb517fe992a1c5a0,2026-10-09T17:20:15Z
nfl,LAC,DEN,2026-10-11T20:05:00Z,Adam Prentice,anytime_td,betrivers,Yes,,2400,d1d408fdfd272046fb517fe992a1c5a0,2026-10-09T17:20:15Z
nfl,LAC,DEN,2026-10-11T20:05:00Z,Troy Franklin,anytime_td,betrivers,Yes,,480,d1d408fdfd272046fb517fe992a1c5a0,2026-10-09T17:20:15Z
nfl,LAC,DEN,2026-10-11T20:05:00Z,RJ Harvey,anytime_td,betrivers,Yes,,175,d1d408fdfd272046fb517fe992a1c5a0,2026-10-09T17:20:15Z
nfl,LAC,DEN,2026-10-11T20:05:00Z,Jaylen Waddle,anytime_td,betrivers,Yes,,175,d1d408fdfd272046fb517fe992a1c5a0,2026-10-09T17:20:15Z
nfl,LAC,DEN,2026-10-11T20:05:00Z,Justin Herbert,anytime_td,betrivers,Yes,,500,d1d408fdfd272046fb517fe992a1c5a0,2026-10-09T17:20:15Z
nfl,LAC,DEN,2026-10-11T20:05:00Z,Evan Engram,anytime_td,betrivers,Yes,,510,d1d408fdfd272046fb517fe992a1c5a0,2026-10-09T17:20:15Z
nfl,LAC,DEN,2026-10-11T20:05:00Z,Oronde Gadsden II,anytime_td,betrivers,Yes,,310,d1d408fdfd272046fb517fe992a1c5a0,2026-10-09T17:20:15Z
nfl,LAC,DEN,2026-10-11T20:05:00Z,J.K. Dobbins,anytime_td,betrivers,Yes,,128,d1d408fdfd272046fb517fe992a1c5a0,2026-10-09T17:20:15Z
nfl,LAC,DEN,2026-10-11T20:05:00Z,Charlie Kolar,anytime_td,betrivers,Yes,,600,d1d408fdfd272046fb517fe992a1c5a0,2026-10-09T17:20:15Z
nfl,LAC,DEN,2026-10-11T20:05:00Z,Quentin Johnston,anytime_td,betrivers,Yes,,235,d1d408fdfd272046fb517fe992a1c5a0,2026-10-09T17:20:15Z
nfl,LAC,DEN,2026-10-11T20:05:00Z,Marquez Valdes-Scantling,anytime_td,betrivers,Yes,,900,d1d408fdfd272046fb517fe992a1c5a0,2026-10-09T17:20:15Z
nfl,LAC,DEN,2026-10-11T20:05:00Z,Justin Herbert,completions,betrivers,Over,18.5,-114,d1d408fdfd272046fb517fe992a1c5a0,2026-10-09T17:20:15Z
nfl,LAC,DEN,2026-10-11T20:05:00Z,Bo Nix,completions,betrivers,Over,21.5,-110,d1d408fdfd272046fb517fe992a1c5a0,2026-10-09T17:20:15Z
nfl,LAC,DEN,2026-10-11T20:05:00Z,Bo Nix,pass_td,betrivers,Over,1.5,108,d1d408fdfd272046fb517fe992a1c5a0,2026-10-09T17:20:15Z
nfl,LAC,DEN,2026-10-11T20:05:00Z,Bo Nix,pass_td,betrivers,Under,1.5,-143,d1d408fdfd272046fb517fe992a1c5a0,2026-10-09T17:20:15Z
nfl,LAC,DEN,2026-10-11T20:05:00Z,Justin Herbert,pass_td,betrivers,Over,1.5,165,d1d408fdfd272046fb517fe992a1c5a0,2026-10-09T17:20:15Z
nfl,LAC,DEN,2026-10-11T20:05:00Z,Justin Herbert,pass_td,betrivers,Under,1.5,-230,d1d408fdfd272046fb517fe992a1c5a0,2026-10-09T17:20:15Z
nfl,LAC,DEN,2026-10-11T20:05:00Z,Bo Nix,pass_yds,betrivers,Over,219.5,-114,d1d408fdfd272046fb517fe992a1c5a0,2026-10-09T17:20:15Z
nfl,LAC,DEN,2026-10-11T20:05:00Z,Bo Nix,pass_yds,betrivers,Under,219.5,-117,d1d408fdfd272046fb517fe992a1c5a0,2026-10-09T17:20:15Z
nfl,LAC,DEN,2026-10-11T20:05:00Z,Justin Herbert,pass_yds,betrivers,Over,199.5,-114,d1d408fdfd272046fb517fe992a1c5a0,2026-10-09T17:20:15Z
nfl,LAC,DEN,2026-10-11T20:05:00Z,Justin Herbert,pass_yds,betrivers,Under,199.5,-117,d1d408fdfd272046fb517fe992a1c5a0,2026-10-09T17:20:15Z
nfl,LAC,DEN,2026-10-11T20:05:00Z,Evan Engram,rec_yds,betrivers,Over,17.5,-121,d1d408fdfd272046fb517fe992a1c5a0,2026-10-09T17:20:15Z
nfl,LAC,DEN,2026-10-11T20:05:00Z,Evan Engram,rec_yds,betrivers,Under,17.5,-110,d1d408fdfd272046fb517fe992a1c5a0,2026-10-09T17:20:15Z
nfl,LAC,DEN,2026-10-11T20:05:00Z,Troy Franklin,rec_yds,betrivers,Over,19.5,-115,d1d408fdfd272046fb517fe992a1c5a0,2026-10-09T17:20:15Z
nfl,LAC,DEN,2026-10-11T20:05:00Z,Troy Franklin,rec_yds,betrivers,Under,19.5,-115,d1d408fdfd272046fb517fe992a1c5a0,2026-10-09T17:20:15Z
nfl,LAC,DEN,2026-10-11T20:05:00Z,RJ Harvey,rec_yds,betrivers,Over,27.5,-115,d1d408fdfd272046fb517fe992a1c5a0,2026-10-09T17:20:15Z
nfl,LAC,DEN,2026-10-11T20:05:00Z,RJ Harvey,rec_yds,betrivers,Under,27.5,-115,d1d408fdfd272046fb517fe992a1c5a0,2026-10-09T17:20:15Z
nfl,LAC,DEN,2026-10-11T20:05:00Z,Marvin Mims Jr.,rec_yds,betrivers,Over,13.5,-114,d1d408fdfd272046fb517fe992a1c5a0,2026-10-09T17:20:15Z
nfl,LAC,DEN,2026-10-11T20:05:00Z,Marvin Mims Jr.,rec_yds,betrivers,Under,13.5,-117,d1d408fdfd272046fb517fe992a1c5a0,2026-10-09T17:20:15Z
nfl,LAC,DEN,2026-10-11T20:05:00Z,Courtland Sutton,rec_yds,betrivers,Over,35.5,-113,d1d408fdfd272046fb517fe992a1c5a0,2026-10-09T17:20:15Z
nfl,LAC,DEN,2026-10-11T20:05:00Z,Courtland Sutton,rec_yds,betrivers,Under,35.5,-118,d1d408fdfd272046fb517fe992a1c5a0,2026-10-09T17:20:15Z
nfl,LAC,DEN,2026-10-11T20:05:00Z,Jaylen Waddle,rec_yds,betrivers,Over,53.5,-117,d1d408fdfd272046fb517fe992a1c5a0,2026-10-09T17:20:15Z
nfl,LAC,DEN,2026-10-11T20:05:00Z,Jaylen Waddle,rec_yds,betrivers,Under,53.5,-114,d1d408fdfd272046fb517fe992a1c5a0,2026-10-09T17:20:15Z
nfl,LAC,DEN,2026-10-11T20:05:00Z,RJ Harvey,receptions,betrivers,Over,4.5,114,d1d408fdfd272046fb517fe992a1c5a0,2026-10-09T17:20:15Z
nfl,LAC,DEN,2026-10-11T20:05:00Z,Marvin Mims Jr.,receptions,betrivers,Over,1.5,110,d1d408fdfd272046fb517fe992a1c5a0,2026-10-09T17:20:15Z
nfl,LAC,DEN,2026-10-11T20:05:00Z,Jaylen Waddle,receptions,betrivers,Over,4.5,-114,d1d408fdfd272046fb517fe992a1c5a0,2026-10-09T17:20:15Z
nfl,LAC,DEN,2026-10-11T20:05:00Z,Courtland Sutton,receptions,betrivers,Over,3.5,106,d1d408fdfd272046fb517fe992a1c5a0,2026-10-09T17:20:15Z
nfl,LAC,DEN,2026-10-11T20:05:00Z,Troy Franklin,receptions,betrivers,Over,1.5,-122,d1d408fdfd272046fb517fe992a1c5a0,2026-10-09T17:20:15Z
nfl,LAC,DEN,2026-10-11T20:05:00Z,Evan Engram,receptions,betrivers,Over,2.5,120,d1d408fdfd272046fb517fe992a1c5a0,2026-10-09T17:20:15Z
nfl,LAC,DEN,2026-10-11T20:05:00Z,J.K. Dobbins,rush_yds,betrivers,Over,50.5,-113,d1d408fdfd272046fb517fe992a1c5a0,2026-10-09T17:20:15Z
nfl,LAC,DEN,2026-10-11T20:05:00Z,J.K. Dobbins,rush_yds,betrivers,Under,50.5,-118,d1d408fdfd272046fb517fe992a1c5a0,2026-10-09T17:20:15Z
nfl,LAC,DEN,2026-10-11T20:05:00Z,Omarion Hampton,rush_yds,betrivers,Over,38.5,-113,d1d408fdfd272046fb517fe992a1c5a0,2026-10-09T17:20:15Z
nfl,LAC,DEN,2026-10-11T20:05:00Z,Omarion Hampton,rush_yds,betrivers,Under,38.5,-118,d1d408fdfd272046fb517fe992a1c5a0,2026-10-09T17:20:15Z
nfl,LAC,DEN,2026-10-11T20:05:00Z,Bo Nix,rush_yds,betrivers,Over,14.5,-110,d1d408fdfd272046fb517fe992a1c5a0,2026-10-09T17:20:15Z
nfl,LAC,DEN,2026-10-11T20:05:00Z,Bo Nix,rush_yds,betrivers,Under,14.5,-121,d1d408fdfd272046fb517fe992a1c5a0,2026-10-09T17:20:15Z
nfl,LAC,DEN,2026-10-11T20:05:00Z,Keaton Mitchell,rush_yds,betrivers,Over,32.5,-112,d1d408fdfd272046fb517fe992a1c5a0,2026-10-09T17:20:15Z
nfl,LAC,DEN,2026-10-11T20:05:00Z,Keaton Mitchell,rush_yds,betrivers,Under,32.5,-120,d1d408fdfd272046fb517fe992a1c5a0,2026-10-09T17:20:15Z
nfl,LAC,DEN,2026-10-11T20:05:00Z,Justin Herbert,rush_yds,betrivers,Over,25.5,-113,d1d408fdfd272046fb517fe992a1c5a0,2026-10-09T17:20:15Z
nfl,LAC,DEN,2026-10-11T20:05:00Z,Justin Herbert,rush_yds,betrivers,Under,25.5,-118,d1d408fdfd272046fb517fe992a1c5a0,2026-10-09T17:20:15Z
nfl,LAC,DEN,2026-10-11T20:05:00Z,RJ Harvey,rush_yds,betrivers,Over,21.5,-112,d1d408fdfd272046fb517fe992a1c5a0,2026-10-09T17:20:15Z
nfl,LAC,DEN,2026-10-11T20:05:00Z,RJ Harvey,rush_yds,betrivers,Under,21.5,-120,d1d408fdfd272046fb517fe992a1c5a0,2026-10-09T17:20:15Z
nfl,LAC,DEN,2026-10-11T20:05:00Z,Ladd McConkey,anytime_td,betmgm,Yes,,230,d1d408fdfd272046fb517fe992a1c5a0,2026-10-09T17:19:42Z
nfl,LAC,DEN,2026-10-11T20:05:00Z,Troy Franklin,anytime_td,betmgm,Yes,,450,d1d408fdfd272046fb517fe992a1c5a0,2026-10-09T17:19:42Z
nfl,LAC,DEN,2026-10-11T20:05:00Z,Evan Engram,anytime_td,betmgm,Yes,,525,d1d408fdfd272046fb517fe992a1c5a0,2026-10-09T17:19:42Z
nfl,LAC,DEN,2026-10-11T20:05:00Z,Derius Davis,anytime_td,betmgm,Yes,,1900,d1d408fdfd272046fb517fe992a1c5a0,2026-10-09T17:19:42Z
nfl,LAC,DEN,2026-10-11T20:05:00Z,Quentin Johnston,anytime_td,betmgm,Yes,,290,d1d408fdfd272046fb517fe992a1c5a0,2026-10-09T17:19:42Z
nfl,LAC,DEN,2026-10-11T20:05:00Z,Kimani Vidal,anytime_td,betmgm,Yes,,550,d1d408fdfd272046fb517fe992a1c5a0,2026-10-09T17:19:42Z
nfl,LAC,DEN,2026-10-11T20:05:00Z,Tre Harris,anytime_td,betmgm,Yes,,300,d1d408fdfd272046fb517fe992a1c5a0,2026-10-09T17:19:42Z
nfl,LAC,DEN,2026-10-11T20:05:00Z,RJ Harvey,anytime_td,betmgm,Yes,,195,d1d408fdfd272046fb517fe992a1c5a0,2026-10-09T17:19:42Z
nfl,LAC,DEN,2026-10-11T20:05:00Z,Nate Adkins,anytime_td,betmgm,Yes,,1150,d1d408fdfd272046fb517fe992a1c5a0,2026-10-09T17:19:42Z
nfl,LAC,DEN,2026-10-11T20:05:00Z,Los Angeles Chargers D/ST,anytime_td,betmgm,Yes,,650,d1d408fdfd272046fb517fe992a1c5a0,2026-10-09T17:19:42Z
nfl,LAC,DEN,2026-10-11T20:05:00Z,Adam Trautman,anytime_td,betmgm,Yes,,1000,d1d408fdfd272046fb517fe992a1c5a0,2026-10-09T17:19:42Z
nfl,LAC,DEN,2026-10-11T20:05:00Z,Alec Ingold,anytime_td,betmgm,Yes,,1150,d1d408fdfd272046fb517fe992a1c5a0,2026-10-09T17:19:42Z
nfl,LAC,DEN,2026-10-11T20:05:00Z,Adam Prentice,anytime_td,betmgm,Yes,,1200,d1d408fdfd272046fb517fe992a1c5a0,2026-10-09T17:19:42Z
nfl,LAC,DEN,2026-10-11T20:05:00Z,Justin Herbert,anytime_td,betmgm,Yes,,450,d1d408fdfd272046fb517fe992a1c5a0,2026-10-09T17:19:42Z
nfl,LAC,DEN,2026-10-11T20:05:00Z,Bo Nix,anytime_td,betmgm,Yes,,325,d1d408fdfd272046fb517fe992a1c5a0,2026-10-09T17:19:42Z
nfl,LAC,DEN,2026-10-11T20:05:00Z,Omarion Hampton,anytime_td,betmgm,Yes,,165,d1d408fdfd272046fb517fe992a1c5a0,2026-10-09T17:19:42Z
nfl,LAC,DEN,2026-10-11T20:05:00Z,Tyler Badie,anytime_td,betmgm,Yes,,650,d1d408fdfd272046fb517fe992a1c5a0,2026-10-09T17:19:42Z
nfl,LAC,DEN,2026-10-11T20:05:00Z,Courtland Sutton,anytime_td,betmgm,Yes,,225,d1d408fdfd272046fb517fe992a1c5a0,2026-10-09T17:19:42Z
nfl,LAC,DEN,2026-10-11T20:05:00Z,J.K. Dobbins,anytime_td,betmgm,Yes,,145,d1d408fdfd272046fb517fe992a1c5a0,2026-10-09T17:19:42Z
nfl,LAC,DEN,2026-10-11T20:05:00Z,Marvin Mims Jr.,anytime_td,betmgm,Yes,,525,d1d408fdfd272046fb517fe992a1c5a0,2026-10-09T17:19:42Z
nfl,LAC,DEN,2026-10-11T20:05:00Z,Oronde Gadsden II,anytime_td,betmgm,Yes,,360,d1d408fdfd272046fb517fe992a1c5a0,2026-10-09T17:19:42Z
nfl,LAC,DEN,2026-10-11T20:05:00Z,Denver Broncos D/ST,anytime_td,betmgm,Yes,,500,d1d408fdfd272046fb517fe992a1c5a0,2026-10-09T17:19:42Z
nfl,LAC,DEN,2026-10-11T20:05:00Z,Hayden Rucci,anytime_td,betmgm,Yes,,1400,d1d408fdfd272046fb517fe992a1c5a0,2026-10-09T17:19:42Z
nfl,LAC,DEN,2026-10-11T20:05:00Z,Keaton Mitchell,anytime_td,betmgm,Yes,,300,d1d408fdfd272046fb517fe992a1c5a0,2026-10-09T17:19:42Z
nfl,LAC,DEN,2026-10-11T20:05:00Z,Marquez Valdes-Scantling,anytime_td,betmgm,Yes,,850,d1d408fdfd272046fb517fe992a1c5a0,2026-10-09T17:19:42Z
nfl,LAC,DEN,2026-10-11T20:05:00Z,Brenen Thompson,anytime_td,betmgm,Yes,,950,d1d408fdfd272046fb517fe992a1c5a0,2026-10-09T17:19:42Z
nfl,LAC,DEN,2026-10-11T20:05:00Z,Jaylen Waddle,anytime_td,betmgm,Yes,,210,d1d408fdfd272046fb517fe992a1c5a0,2026-10-09T17:19:42Z
nfl,LAC,DEN,2026-10-11T20:05:00Z,Charlie Kolar,anytime_td,betmgm,Yes,,850,d1d408fdfd272046fb517fe992a1c5a0,2026-10-09T17:19:42Z
nfl,LAC,DEN,2026-10-11T20:05:00Z,Bo Nix,pass_att,betmgm,Over,33.5,-120,d1d408fdfd272046fb517fe992a1c5a0,2026-10-09T17:19:42Z
nfl,LAC,DEN,2026-10-11T20:05:00Z,Bo Nix,pass_att,betmgm,Under,33.5,-110,d1d408fdfd272046fb517fe992a1c5a0,2026-10-09T17:19:42Z
nfl,LAC,DEN,2026-10-11T20:05:00Z,Justin Herbert,pass_att,betmgm,Over,30.5,-105,d1d408fdfd272046fb517fe992a1c5a0,2026-10-09T17:19:42Z
nfl,LAC,DEN,2026-10-11T20:05:00Z,Justin Herbert,pass_att,betmgm,Under,30.5,-130,d1d408fdfd272046fb517fe992a1c5a0,2026-10-09T17:19:42Z
nfl,LAC,DEN,2026-10-11T20:05:00Z,Justin Herbert,completions,betmgm,Over,18.5,-115,d1d408fdfd272046fb517fe992a1c5a0,2026-10-09T17:19:42Z
nfl,LAC,DEN,2026-10-11T20:05:00Z,Justin Herbert,completions,betmgm,Under,18.5,-115,d1d408fdfd272046fb517fe992a1c5a0,2026-10-09T17:19:42Z
nfl,LAC,DEN,2026-10-11T20:05:00Z,Bo Nix,completions,betmgm,Over,21.5,-120,d1d408fdfd272046fb517fe992a1c5a0,2026-10-09T17:19:42Z
nfl,LAC,DEN,2026-10-11T20:05:00Z,Bo Nix,completions,betmgm,Under,21.5,-111,d1d408fdfd272046fb517fe992a1c5a0,2026-10-09T17:19:42Z
nfl,LAC,DEN,2026-10-11T20:05:00Z,Justin Herbert,pass_td,betmgm,Over,0.5,-300,d1d408fdfd272046fb517fe992a1c5a0,2026-10-09T17:19:42Z
nfl,LAC,DEN,2026-10-11T20:05:00Z,Justin Herbert,pass_td,betmgm,Under,0.5,210,d1d408fdfd272046fb517fe992a1c5a0,2026-10-09T17:19:42Z
nfl,LAC,DEN,2026-10-11T20:05:00Z,Bo Nix,pass_td,betmgm,Over,1.5,110,d1d408fdfd272046fb517fe992a1c5a0,2026-10-09T17:19:42Z
nfl,LAC,DEN,2026-10-11T20:05:00Z,Bo Nix,pass_td,betmgm,Under,1.5,-150,d1d408fdfd272046fb517fe992a1c5a0,2026-10-09T17:19:42Z
nfl,LAC,DEN,2026-10-11T20:05:00Z,Bo Nix,pass_yds,betmgm,Over,223.5,-115,d1d408fdfd272046fb517fe992a1c5a0,2026-10-09T17:19:42Z
nfl,LAC,DEN,2026-10-11T20:05:00Z,Bo Nix,pass_yds,betmgm,Under,223.5,-115,d1d408fdfd272046fb517fe992a1c5a0,2026-10-09T17:19:42Z
nfl,LAC,DEN,2026-10-11T20:05:00Z,Justin Herbert,pass_yds,betmgm,Over,203.5,-115,d1d408fdfd272046fb517fe992a1c5a0,2026-10-09T17:19:42Z
nfl,LAC,DEN,2026-10-11T20:05:00Z,Justin Herbert,pass_yds,betmgm,Under,203.5,-115,d1d408fdfd272046fb517fe992a1c5a0,2026-10-09T17:19:42Z
nfl,LAC,DEN,2026-10-11T20:05:00Z,Courtland Sutton,rec_yds,betmgm,Over,38.5,-105,d1d408fdfd272046fb517fe992a1c5a0,2026-10-09T17:19:42Z
nfl,LAC,DEN,2026-10-11T20:05:00Z,Courtland Sutton,rec_yds,betmgm,Under,38.5,-125,d1d408fdfd272046fb517fe992a1c5a0,2026-10-09T17:19:42Z
nfl,LAC,DEN,2026-10-11T20:05:00Z,Evan Engram,rec_yds,betmgm,Over,18.5,-105,d1d408fdfd272046fb517fe992a1c5a0,2026-10-09T17:19:42Z
nfl,LAC,DEN,2026-10-11T20:05:00Z,Evan Engram,rec_yds,betmgm,Under,18.5,-125,d1d408fdfd272046fb517fe992a1c5a0,2026-10-09T17:19:42Z
nfl,LAC,DEN,2026-10-11T20:05:00Z,Jaylen Waddle,rec_yds,betmgm,Over,53.5,-125,d1d408fdfd272046fb517fe992a1c5a0,2026-10-09T17:19:42Z
nfl,LAC,DEN,2026-10-11T20:05:00Z,Jaylen Waddle,rec_yds,betmgm,Under,53.5,-105,d1d408fdfd272046fb517fe992a1c5a0,2026-10-09T17:19:42Z
nfl,LAC,DEN,2026-10-11T20:05:00Z,RJ Harvey,rec_yds,betmgm,Over,28.5,-111,d1d408fdfd272046fb517fe992a1c5a0,2026-10-09T17:19:42Z
nfl,LAC,DEN,2026-10-11T20:05:00Z,RJ Harvey,rec_yds,betmgm,Under,28.5,-120,d1d408fdfd272046fb517fe992a1c5a0,2026-10-09T17:19:42Z
nfl,LAC,DEN,2026-10-11T20:05:00Z,Marvin Mims Jr.,rec_yds,betmgm,Over,11.5,-111,d1d408fdfd272046fb517fe992a1c5a0,2026-10-09T17:19:42Z
nfl,LAC,DEN,2026-10-11T20:05:00Z,Marvin Mims Jr.,rec_yds,betmgm,Under,11.5,-120,d1d408fdfd272046fb517fe992a1c5a0,2026-10-09T17:19:42Z
nfl,LAC,DEN,2026-10-11T20:05:00Z,RJ Harvey,receptions,betmgm,Over,3.5,-165,d1d408fdfd272046fb517fe992a1c5a0,2026-10-09T17:19:42Z
nfl,LAC,DEN,2026-10-11T20:05:00Z,RJ Harvey,receptions,betmgm,Under,3.5,125,d1d408fdfd272046fb517fe992a1c5a0,2026-10-09T17:19:42Z
nfl,LAC,DEN,2026-10-11T20:05:00Z,Evan Engram,receptions,betmgm,Over,2.5,125,d1d408fdfd272046fb517fe992a1c5a0,2026-10-09T17:19:42Z
nfl,LAC,DEN,2026-10-11T20:05:00Z,Evan Engram,receptions,betmgm,Under,2.5,-165,d1d408fdfd272046fb517fe992a1c5a0,2026-10-09T17:19:42Z
nfl,LAC,DEN,2026-10-11T20:05:00Z,Courtland Sutton,receptions,betmgm,Over,3.5,110,d1d408fdfd272046fb517fe992a1c5a0,2026-10-09T17:19:42Z
nfl,LAC,DEN,2026-10-11T20:05:00Z,Courtland Sutton,receptions,betmgm,Under,3.5,-150,d1d408fdfd272046fb517fe992a1c5a0,2026-10-09T17:19:42Z
nfl,LAC,DEN,2026-10-11T20:05:00Z,Jaylen Waddle,receptions,betmgm,Over,4.5,-135,d1d408fdfd272046fb517fe992a1c5a0,2026-10-09T17:19:42Z
nfl,LAC,DEN,2026-10-11T20:05:00Z,Jaylen Waddle,receptions,betmgm,Under,4.5,100,d1d408fdfd272046fb517fe992a1c5a0,2026-10-09T17:19:42Z
nfl,LAC,DEN,2026-10-11T20:05:00Z,Troy Franklin,receptions,betmgm,Over,1.5,-135,d1d408fdfd272046fb517fe992a1c5a0,2026-10-09T17:19:42Z
nfl,LAC,DEN,2026-10-11T20:05:00Z,Troy Franklin,receptions,betmgm,Under,1.5,100,d1d408fdfd272046fb517fe992a1c5a0,2026-10-09T17:19:42Z
nfl,LAC,DEN,2026-10-11T20:05:00Z,Marvin Mims Jr.,receptions,betmgm,Over,1.5,105,d1d408fdfd272046fb517fe992a1c5a0,2026-10-09T17:19:42Z
nfl,LAC,DEN,2026-10-11T20:05:00Z,Marvin Mims Jr.,receptions,betmgm,Under,1.5,-140,d1d408fdfd272046fb517fe992a1c5a0,2026-10-09T17:19:42Z
nfl,LAC,DEN,2026-10-11T20:05:00Z,Omarion Hampton,rush_att,betmgm,Over,10.5,-105,d1d408fdfd272046fb517fe992a1c5a0,2026-10-09T17:19:42Z
nfl,LAC,DEN,2026-10-11T20:05:00Z,Omarion Hampton,rush_att,betmgm,Under,10.5,-125,d1d408fdfd272046fb517fe992a1c5a0,2026-10-09T17:19:42Z
nfl,LAC,DEN,2026-10-11T20:05:00Z,J.K. Dobbins,rush_att,betmgm,Over,13.5,100,d1d408fdfd272046fb517fe992a1c5a0,2026-10-09T17:19:42Z
nfl,LAC,DEN,2026-10-11T20:05:00Z,J.K. Dobbins,rush_att,betmgm,Under,13.5,-135,d1d408fdfd272046fb517fe992a1c5a0,2026-10-09T17:19:42Z
nfl,LAC,DEN,2026-10-11T20:05:00Z,Bo Nix,rush_yds,betmgm,Over,13.5,-115,d1d408fdfd272046fb517fe992a1c5a0,2026-10-09T17:19:42Z
nfl,LAC,DEN,2026-10-11T20:05:00Z,Bo Nix,rush_yds,betmgm,Under,13.5,-115,d1d408fdfd272046fb517fe992a1c5a0,2026-10-09T17:19:42Z
nfl,LAC,DEN,2026-10-11T20:05:00Z,Keaton Mitchell,rush_yds,betmgm,Over,30.5,-115,d1d408fdfd272046fb517fe992a1c5a0,2026-10-09T17:19:42Z
nfl,LAC,DEN,2026-10-11T20:05:00Z,Keaton Mitchell,rush_yds,betmgm,Under,30.5,-115,d1d408fdfd272046fb517fe992a1c5a0,2026-10-09T17:19:42Z
nfl,LAC,DEN,2026-10-11T20:05:00Z,Justin Herbert,rush_yds,betmgm,Over,23.5,-135,d1d408fdfd272046fb517fe992a1c5a0,2026-10-09T17:19:42Z
nfl,LAC,DEN,2026-10-11T20:05:00Z,Justin Herbert,rush_yds,betmgm,Under,23.5,100,d1d408fdfd272046fb517fe992a1c5a0,2026-10-09T17:19:42Z
nfl,LAC,DEN,2026-10-11T20:05:00Z,Omarion Hampton,rush_yds,betmgm,Over,37.5,-115,d1d408fdfd272046fb517fe992a1c5a0,2026-10-09T17:19:42Z
nfl,LAC,DEN,2026-10-11T20:05:00Z,Omarion Hampton,rush_yds,betmgm,Under,37.5,-115,d1d408fdfd272046fb517fe992a1c5a0,2026-10-09T17:19:42Z
nfl,LAC,DEN,2026-10-11T20:05:00Z,J.K. Dobbins,rush_yds,betmgm,Over,53.5,-111,d1d408fdfd272046fb517fe992a1c5a0,2026-10-09T17:19:42Z
nfl,LAC,DEN,2026-10-11T20:05:00Z,J.K. Dobbins,rush_yds,betmgm,Under,53.5,-118,d1d408fdfd272046fb517fe992a1c5a0,2026-10-09T17:19:42Z
nfl,LAC,DEN,2026-10-11T20:05:00Z,RJ Harvey,rush_yds,betmgm,Over,21.5,-120,d1d408fdfd272046fb517fe992a1c5a0,2026-10-09T17:19:42Z
nfl,LAC,DEN,2026-10-11T20:05:00Z,RJ Harvey,rush_yds,betmgm,Under,21.5,-111,d1d408fdfd272046fb517fe992a1c5a0,2026-10-09T17:19:42Z
nfl,LAC,DEN,2026-10-11T20:05:00Z,Justin Herbert,pass_att,espnbet,Over,30.5,-105,d1d408fdfd272046fb517fe992a1c5a0,2026-10-09T17:20:00Z
nfl,LAC,DEN,2026-10-11T20:05:00Z,Justin Herbert,pass_att,espnbet,Under,30.5,-125,d1d408fdfd272046fb517fe992a1c5a0,2026-10-09T17:20:00Z
nfl,LAC,DEN,2026-10-11T20:05:00Z,Bo Nix,pass_att,espnbet,Over,33.5,-120,d1d408fdfd272046fb517fe992a1c5a0,2026-10-09T17:20:00Z
nfl,LAC,DEN,2026-10-11T20:05:00Z,Bo Nix,pass_att,espnbet,Under,33.5,-110,d1d408fdfd272046fb517fe992a1c5a0,2026-10-09T17:20:00Z
nfl,LAC,DEN,2026-10-11T20:05:00Z,Bo Nix,completions,espnbet,Over,21.5,100,d1d408fdfd272046fb517fe992a1c5a0,2026-10-09T17:20:00Z
nfl,LAC,DEN,2026-10-11T20:05:00Z,Bo Nix,completions,espnbet,Under,21.5,-130,d1d408fdfd272046fb517fe992a1c5a0,2026-10-09T17:20:00Z
nfl,LAC,DEN,2026-10-11T20:05:00Z,Justin Herbert,completions,espnbet,Over,18.5,105,d1d408fdfd272046fb517fe992a1c5a0,2026-10-09T17:20:00Z
nfl,LAC,DEN,2026-10-11T20:05:00Z,Justin Herbert,completions,espnbet,Under,18.5,-135,d1d408fdfd272046fb517fe992a1c5a0,2026-10-09T17:20:00Z
nfl,LAC,DEN,2026-10-11T20:05:00Z,Bo Nix,pass_td,espnbet,Over,1.5,120,d1d408fdfd272046fb517fe992a1c5a0,2026-10-09T17:20:00Z
nfl,LAC,DEN,2026-10-11T20:05:00Z,Bo Nix,pass_td,espnbet,Under,1.5,-155,d1d408fdfd272046fb517fe992a1c5a0,2026-10-09T17:20:00Z
nfl,LAC,DEN,2026-10-11T20:05:00Z,Justin Herbert,pass_td,espnbet,Over,1.5,160,d1d408fdfd272046fb517fe992a1c5a0,2026-10-09T17:20:00Z
nfl,LAC,DEN,2026-10-11T20:05:00Z,Justin Herbert,pass_td,espnbet,Under,1.5,-220,d1d408fdfd272046fb517fe992a1c5a0,2026-10-09T17:20:00Z
nfl,LAC,DEN,2026-10-11T20:05:00Z,Bo Nix,pass_yds,espnbet,Over,219.5,-105,d1d408fdfd272046fb517fe992a1c5a0,2026-10-09T17:20:00Z
nfl,LAC,DEN,2026-10-11T20:05:00Z,Bo Nix,pass_yds,espnbet,Under,219.5,-125,d1d408fdfd272046fb517fe992a1c5a0,2026-10-09T17:20:00Z
nfl,LAC,DEN,2026-10-11T20:05:00Z,Justin Herbert,pass_yds,espnbet,Over,199.5,-110,d1d408fdfd272046fb517fe992a1c5a0,2026-10-09T17:20:00Z
nfl,LAC,DEN,2026-10-11T20:05:00Z,Justin Herbert,pass_yds,espnbet,Under,199.5,-120,d1d408fdfd272046fb517fe992a1c5a0,2026-10-09T17:20:00Z
nfl,LAC,DEN,2026-10-11T20:05:00Z,Jaylen Waddle,rec_yds,espnbet,Over,59.5,-105,d1d408fdfd272046fb517fe992a1c5a0,2026-10-09T17:20:00Z
nfl,LAC,DEN,2026-10-11T20:05:00Z,Jaylen Waddle,rec_yds,espnbet,Under,59.5,-125,d1d408fdfd272046fb517fe992a1c5a0,2026-10-09T17:20:00Z
nfl,LAC,DEN,2026-10-11T20:05:00Z,Courtland Sutton,rec_yds,espnbet,Over,37.5,-105,d1d408fdfd272046fb517fe992a1c5a0,2026-10-09T17:20:00Z
nfl,LAC,DEN,2026-10-11T20:05:00Z,Courtland Sutton,rec_yds,espnbet,Under,37.5,-125,d1d408fdfd272046fb517fe992a1c5a0,2026-10-09T17:20:00Z
nfl,LAC,DEN,2026-10-11T20:05:00Z,Marvin Mims Jr.,rec_yds,espnbet,Over,9.5,-130,d1d408fdfd272046fb517fe992a1c5a0,2026-10-09T17:20:00Z
nfl,LAC,DEN,2026-10-11T20:05:00Z,Marvin Mims Jr.,rec_yds,espnbet,Under,9.5,100,d1d408fdfd272046fb517fe992a1c5a0,2026-10-09T17:20:00Z
nfl,LAC,DEN,2026-10-11T20:05:00Z,Troy Franklin,rec_yds,espnbet,Over,19.5,-105,d1d408fdfd272046fb517fe992a1c5a0,2026-10-09T17:20:00Z
nfl,LAC,DEN,2026-10-11T20:05:00Z,Troy Franklin,rec_yds,espnbet,Under,19.5,-125,d1d408fdfd272046fb517fe992a1c5a0,2026-10-09T17:20:00Z
nfl,LAC,DEN,2026-10-11T20:05:00Z,RJ Harvey,rec_yds,espnbet,Over,24.5,-135,d1d408fdfd272046fb517fe992a1c5a0,2026-10-09T17:20:00Z
nfl,LAC,DEN,2026-10-11T20:05:00Z,RJ Harvey,rec_yds,espnbet,Under,24.5,105,d1d408fdfd272046fb517fe992a1c5a0,2026-10-09T17:20:00Z
nfl,LAC,DEN,2026-10-11T20:05:00Z,Evan Engram,rec_yds,espnbet,Over,17.5,-105,d1d408fdfd272046fb517fe992a1c5a0,2026-10-09T17:20:00Z
nfl,LAC,DEN,2026-10-11T20:05:00Z,Evan Engram,rec_yds,espnbet,Under,17.5,-125,d1d408fdfd272046fb517fe992a1c5a0,2026-10-09T17:20:00Z
nfl,LAC,DEN,2026-10-11T20:05:00Z,Jaylen Waddle,receptions,espnbet,Over,4.5,-140,d1d408fdfd272046fb517fe992a1c5a0,2026-10-09T17:20:00Z
nfl,LAC,DEN,2026-10-11T20:05:00Z,Jaylen Waddle,receptions,espnbet,Under,4.5,110,d1d408fdfd272046fb517fe992a1c5a0,2026-10-09T17:20:00Z
nfl,LAC,DEN,2026-10-11T20:05:00Z,RJ Harvey,receptions,espnbet,Over,4.5,125,d1d408fdfd272046fb517fe992a1c5a0,2026-10-09T17:20:00Z
nfl,LAC,DEN,2026-10-11T20:05:00Z,RJ Harvey,receptions,espnbet,Under,4.5,-160,d1d408fdfd272046fb517fe992a1c5a0,2026-10-09T17:20:00Z
nfl,LAC,DEN,2026-10-11T20:05:00Z,Courtland Sutton,receptions,espnbet,Over,3.5,115,d1d408fdfd272046fb517fe992a1c5a0,2026-10-09T17:20:00Z
nfl,LAC,DEN,2026-10-11T20:05:00Z,Courtland Sutton,receptions,espnbet,Under,3.5,-150,d1d408fdfd272046fb517fe992a1c5a0,2026-10-09T17:20:00Z
nfl,LAC,DEN,2026-10-11T20:05:00Z,Marvin Mims Jr.,receptions,espnbet,Over,1.5,120,d1d408fdfd272046fb517fe992a1c5a0,2026-10-09T17:20:00Z
nfl,LAC,DEN,2026-10-11T20:05:00Z,Marvin Mims Jr.,receptions,espnbet,Under,1.5,-155,d1d408fdfd272046fb517fe992a1c5a0,2026-10-09T17:20:00Z
nfl,LAC,DEN,2026-10-11T20:05:00Z,Evan Engram,receptions,espnbet,Over,2.5,135,d1d408fdfd272046fb517fe992a1c5a0,2026-10-09T17:20:00Z
nfl,LAC,DEN,2026-10-11T20:05:00Z,Evan Engram,receptions,espnbet,Under,2.5,-180,d1d408fdfd272046fb517fe992a1c5a0,2026-10-09T17:20:00Z
nfl,LAC,DEN,2026-10-11T20:05:00Z,Troy Franklin,receptions,espnbet,Over,1.5,-120,d1d408fdfd272046fb517fe992a1c5a0,2026-10-09T17:20:00Z
nfl,LAC,DEN,2026-10-11T20:05:00Z,Troy Franklin,receptions,espnbet,Under,1.5,-110,d1d408fdfd272046fb517fe992a1c5a0,2026-10-09T17:20:00Z
nfl,LAC,DEN,2026-10-11T20:05:00Z,J.K. Dobbins,rush_att,espnbet,Over,13.5,-115,d1d408fdfd272046fb517fe992a1c5a0,2026-10-09T17:20:00Z
nfl,LAC,DEN,2026-10-11T20:05:00Z,J.K. Dobbins,rush_att,espnbet,Under,13.5,-115,d1d408fdfd272046fb517fe992a1c5a0,2026-10-09T17:20:00Z
nfl,LAC,DEN,2026-10-11T20:05:00Z,Omarion Hampton,rush_att,espnbet,Over,11.5,130,d1d408fdfd272046fb517fe992a1c5a0,2026-10-09T17:20:00Z
nfl,LAC,DEN,2026-10-11T20:05:00Z,Omarion Hampton,rush_att,espnbet,Under,11.5,-170,d1d408fdfd272046fb517fe992a1c5a0,2026-10-09T17:20:00Z
nfl,LAC,DEN,2026-10-11T20:05:00Z,Keaton Mitchell,rush_att,espnbet,Over,6.5,-190,d1d408fdfd272046fb517fe992a1c5a0,2026-10-09T17:20:00Z
nfl,LAC,DEN,2026-10-11T20:05:00Z,Keaton Mitchell,rush_att,espnbet,Under,6.5,140,d1d408fdfd272046fb517fe992a1c5a0,2026-10-09T17:20:00Z
nfl,LAC,DEN,2026-10-11T20:05:00Z,Bo Nix,rush_att,espnbet,Over,4.5,100,d1d408fdfd272046fb517fe992a1c5a0,2026-10-09T17:20:00Z
nfl,LAC,DEN,2026-10-11T20:05:00Z,Bo Nix,rush_att,espnbet,Under,4.5,-130,d1d408fdfd272046fb517fe992a1c5a0,2026-10-09T17:20:00Z
nfl,LAC,DEN,2026-10-11T20:05:00Z,Justin Herbert,rush_att,espnbet,Over,4.5,-155,d1d408fdfd272046fb517fe992a1c5a0,2026-10-09T17:20:00Z
nfl,LAC,DEN,2026-10-11T20:05:00Z,Justin Herbert,rush_att,espnbet,Under,4.5,120,d1d408fdfd272046fb517fe992a1c5a0,2026-10-09T17:20:00Z
nfl,LAC,DEN,2026-10-11T20:05:00Z,Omarion Hampton,rush_yds,espnbet,Over,37.5,-115,d1d408fdfd272046fb517fe992a1c5a0,2026-10-09T17:20:00Z
nfl,LAC,DEN,2026-10-11T20:05:00Z,Omarion Hampton,rush_yds,espnbet,Under,37.5,-115,d1d408fdfd272046fb517fe992a1c5a0,2026-10-09T17:20:00Z
nfl,LAC,DEN,2026-10-11T20:05:00Z,J.K. Dobbins,rush_yds,espnbet,Over,49.5,-125,d1d408fdfd272046fb517fe992a1c5a0,2026-10-09T17:20:00Z
nfl,LAC,DEN,2026-10-11T20:05:00Z,J.K. Dobbins,rush_yds,espnbet,Under,49.5,-105,d1d408fdfd272046fb517fe992a1c5a0,2026-10-09T17:20:00Z
nfl,LAC,DEN,2026-10-11T20:05:00Z,Keaton Mitchell,rush_yds,espnbet,Over,34.5,-105,d1d408fdfd272046fb517fe992a1c5a0,2026-10-09T17:20:00Z
nfl,LAC,DEN,2026-10-11T20:05:00Z,Keaton Mitchell,rush_yds,espnbet,Under,34.5,-125,d1d408fdfd272046fb517fe992a1c5a0,2026-10-09T17:20:00Z
nfl,LAC,DEN,2026-10-11T20:05:00Z,RJ Harvey,rush_yds,espnbet,Over,19.5,-135,d1d408fdfd272046fb517fe992a1c5a0,2026-10-09T17:20:00Z
nfl,LAC,DEN,2026-10-11T20:05:00Z,RJ Harvey,rush_yds,espnbet,Under,19.5,105,d1d408fdfd272046fb517fe992a1c5a0,2026-10-09T17:20:00Z
nfl,LAC,DEN,2026-10-11T20:05:00Z,Justin Herbert,rush_yds,espnbet,Over,26.5,-115,d1d408fdfd272046fb517fe992a1c5a0,2026-10-09T17:20:00Z
nfl,LAC,DEN,2026-10-11T20:05:00Z,Justin Herbert,rush_yds,espnbet,Under,26.5,-115,d1d408fdfd272046fb517fe992a1c5a0,2026-10-09T17:20:00Z
nfl,LAC,DEN,2026-10-11T20:05:00Z,Bo Nix,rush_yds,espnbet,Over,14.5,-105,d1d408fdfd272046fb517fe992a1c5a0,2026-10-09T17:20:00Z
nfl,LAC,DEN,2026-10-11T20:05:00Z,Bo Nix,rush_yds,espnbet,Under,14.5,-125,d1d408fdfd272046fb517fe992a1c5a0,2026-10-09T17:20:00Z
nfl,ARI,DET,2026-10-11T20:25:00Z,Jahmyr Gibbs,anytime_td,draftkings,Yes,,-450,f8e7f43f73aa983c5c99c189587f0118,2026-10-09T17:20:22Z
nfl,ARI,DET,2026-10-11T20:25:00Z,Amon-Ra St. Brown,anytime_td,draftkings,Yes,,-140,f8e7f43f73aa983c5c99c189587f0118,2026-10-09T17:20:22Z
nfl,ARI,DET,2026-10-11T20:25:00Z,Jeremiyah Love,anytime_td,draftkings,Yes,,-120,f8e7f43f73aa983c5c99c189587f0118,2026-10-09T17:20:22Z
nfl,ARI,DET,2026-10-11T20:25:00Z,Trey McBride,anytime_td,draftkings,Yes,,110,f8e7f43f73aa983c5c99c189587f0118,2026-10-09T17:20:22Z
nfl,ARI,DET,2026-10-11T20:25:00Z,Michael Wilson,anytime_td,draftkings,Yes,,160,f8e7f43f73aa983c5c99c189587f0118,2026-10-09T17:20:22Z
nfl,ARI,DET,2026-10-11T20:25:00Z,Sam LaPorta,anytime_td,draftkings,Yes,,165,f8e7f43f73aa983c5c99c189587f0118,2026-10-09T17:20:22Z
nfl,ARI,DET,2026-10-11T20:25:00Z,Jameson Williams,anytime_td,draftkings,Yes,,185,f8e7f43f73aa983c5c99c189587f0118,2026-10-09T17:20:22Z
nfl,ARI,DET,2026-10-11T20:25:00Z,Tyler Allgeier,anytime_td,draftkings,Yes,,235,f8e7f43f73aa983c5c99c189587f0118,2026-10-09T17:20:22Z
nfl,ARI,DET,2026-10-11T20:25:00Z,Marvin Harrison Jr.,anytime_td,draftkings,Yes,,300,f8e7f43f73aa983c5c99c189587f0118,2026-10-09T17:20:22Z
nfl,ARI,DET,2026-10-11T20:25:00Z,Isaac TeSlaa,anytime_td,draftkings,Yes,,400,f8e7f43f73aa983c5c99c189587f0118,2026-10-09T17:20:22Z
nfl,ARI,DET,2026-10-11T20:25:00Z,Jacoby Brissett,anytime_td,draftkings,Yes,,475,f8e7f43f73aa983c5c99c189587f0118,2026-10-09T17:20:22Z
nfl,ARI,DET,2026-10-11T20:25:00Z,Kendrick Bourne,anytime_td,draftkings,Yes,,500,f8e7f43f73aa983c5c99c189587f0118,2026-10-09T17:20:22Z
nfl,ARI,DET,2026-10-11T20:25:00Z,Detroit Lions D/ST,anytime_td,draftkings,Yes,,600,f8e7f43f73aa983c5c99c189587f0118,2026-10-09T17:20:22Z
nfl,ARI,DET,2026-10-11T20:25:00Z,Brock Wright,anytime_td,draftkings,Yes,,650,f8e7f43f73aa983c5c99c189587f0118,2026-10-09T17:20:22Z
nfl,ARI,DET,2026-10-11T20:25:00Z,Sione Vaki,anytime_td,draftkings,Yes,,750,f8e7f43f73aa983c5c99c189587f0118,2026-10-09T17:20:22Z
nfl,ARI,DET,2026-10-11T20:25:00Z,Arizona Cardinals D/ST,anytime_td,draftkings,Yes,,750,f8e7f43f73aa983c5c99c189587f0118,2026-10-09T17:20:22Z
nfl,ARI,DET,2026-10-11T20:25:00Z,Elijah Higgins,anytime_td,draftkings,Yes,,1100,f8e7f43f73aa983c5c99c189587f0118,2026-10-09T17:20:22Z
nfl,ARI,DET,2026-10-11T20:25:00Z,Jared Goff,anytime_td,draftkings,Yes,,1300,f8e7f43f73aa983c5c99c189587f0118,2026-10-09T17:20:22Z
nfl,ARI,DET,2026-10-11T20:25:00Z,Zonovan Knight,anytime_td,draftkings,Yes,,1500,f8e7f43f73aa983c5c99c189587f0118,2026-10-09T17:20:22Z
nfl,ARI,DET,2026-10-11T20:25:00Z,Tyler Conklin,anytime_td,draftkings,Yes,,1500,f8e7f43f73aa983c5c99c189587f0118,2026-10-09T17:20:22Z
nfl,ARI,DET,2026-10-11T20:25:00Z,Devin Duvernay,anytime_td,draftkings,Yes,,1700,f8e7f43f73aa983c5c99c189587f0118,2026-10-09T17:20:22Z
nfl,ARI,DET,2026-10-11T20:25:00Z,Jackson Meeks,anytime_td,draftkings,Yes,,1800,f8e7f43f73aa983c5c99c189587f0118,2026-10-09T17:20:22Z
nfl,ARI,DET,2026-10-11T20:25:00Z,Tom Kennedy,anytime_td,draftkings,Yes,,2000,f8e7f43f73aa983c5c99c189587f0118,2026-10-09T17:20:22Z
nfl,ARI,DET,2026-10-11T20:25:00Z,Reggie Virgil,anytime_td,draftkings,Yes,,2200,f8e7f43f73aa983c5c99c189587f0118,2026-10-09T17:20:22Z
nfl,ARI,DET,2026-10-11T20:25:00Z,Jalen Brooks,anytime_td,draftkings,Yes,,2500,f8e7f43f73aa983c5c99c189587f0118,2026-10-09T17:20:22Z
nfl,ARI,DET,2026-10-11T20:25:00Z,Jacob Saylors,anytime_td,draftkings,Yes,,2500,f8e7f43f73aa983c5c99c189587f0118,2026-10-09T17:20:22Z
nfl,ARI,DET,2026-10-11T20:25:00Z,Teagan Quitoriano,anytime_td,draftkings,Yes,,2500,f8e7f43f73aa983c5c99c189587f0118,2026-10-09T17:20:22Z
nfl,ARI,DET,2026-10-11T20:25:00Z,Simi Fehoko,anytime_td,draftkings,Yes,,2800,f8e7f43f73aa983c5c99c189587f0118,2026-10-09T17:20:22Z
nfl,ARI,DET,2026-10-11T20:25:00Z,Tay Martin,anytime_td,draftkings,Yes,,3000,f8e7f43f73aa983c5c99c189587f0118,2026-10-09T17:20:22Z
nfl,ARI,DET,2026-10-11T20:25:00Z,Jacoby Brissett,pass_att,draftkings,Over,37.5,-124,f8e7f43f73aa983c5c99c189587f0118,2026-10-09T17:20:22Z
nfl,ARI,DET,2026-10-11T20:25:00Z,Jacoby Brissett,pass_att,draftkings,Under,37.5,-103,f8e7f43f73aa983c5c99c189587f0118,2026-10-09T17:20:22Z
nfl,ARI,DET,2026-10-11T20:25:00Z,Jared Goff,pass_att,draftkings,Over,35.5,-103,f8e7f43f73aa983c5c99c189587f0118,2026-10-09T17:20:22Z
nfl,ARI,DET,2026-10-11T20:25:00Z,Jared Goff,pass_att,draftkings,Under,35.5,-124,f8e7f43f73aa983c5c99c189587f0118,2026-10-09T17:20:22Z
nfl,ARI,DET,2026-10-11T20:25:00Z,Jared Goff,completions,draftkings,Over,25.5,105,f8e7f43f73aa983c5c99c189587f0118,2026-10-09T17:20:22Z
nfl,ARI,DET,2026-10-11T20:25:00Z,Jared Goff,completions,draftkings,Under,25.5,-133,f8e7f43f73aa983c5c99c189587f0118,2026-10-09T17:20:22Z
nfl,ARI,DET,2026-10-11T20:25:00Z,Jacoby Brissett,completions,draftkings,Over,24.5,-130,f8e7f43f73aa983c5c99c189587f0118,2026-10-09T17:20:22Z
nfl,ARI,DET,2026-10-11T20:25:00Z,Jacoby Brissett,completions,draftkings,Under,24.5,102,f8e7f43f73aa983c5c99c189587f0118,2026-10-09T17:20:22Z
nfl,ARI,DET,2026-10-11T20:25:00Z,Jared Goff,pass_td,draftkings,Over,2.5,145,f8e7f43f73aa983c5c99c189587f0118,2026-10-09T17:20:22Z
nfl,ARI,DET,2026-10-11T20:25:00Z,Jared Goff,pass_td,draftkings,Under,2.5,-186,f8e7f43f73aa983c5c99c189587f0118,2026-10-09T17:20:22Z
nfl,ARI,DET,2026-10-11T20:25:00Z,Jacoby Brissett,pass_td,draftkings,Over,1.5,-141,f8e7f43f73aa983c5c99c189587f0118,2026-10-09T17:20:22Z
nfl,ARI,DET,2026-10-11T20:25:00Z,Jacoby Brissett,pass_td,draftkings,Under,1.5,111,f8e7f43f73aa983c5c99c189587f0118,2026-10-09T17:20:22Z
nfl,ARI,DET,2026-10-11T20:25:00Z,Jared Goff,pass_yds,draftkings,Over,280.5,-111,f8e7f43f73aa983c5c99c189587f0118,2026-10-09T17:20:22Z
nfl,ARI,DET,2026-10-11T20:25:00Z,Jared Goff,pass_yds,draftkings,Under,280.5,-113,f8e7f43f73aa983c5c99c189587f0118,2026-10-09T17:20:22Z
nfl,ARI,DET,2026-10-11T20:25:00Z,Jacoby Brissett,pass_yds,draftkings,Over,270.5,-111,f8e7f43f73aa983c5c99c189587f0118,2026-10-09T17:20:22Z
nfl,ARI,DET,2026-10-11T20:25:00Z,Jacoby Brissett,pass_yds,draftkings,Under,270.5,-113,f8e7f43f73aa983c5c99c189587f0118,2026-10-09T17:20:22Z
nfl,ARI,DET,2026-10-11T20:25:00Z,Trey McBride,rec_yds,draftkings,Over,80.5,-111,f8e7f43f73aa983c5c99c189587f0118,2026-10-09T17:20:22Z
nfl,ARI,DET,2026-10-11T20:25:00Z,Trey McBride,rec_yds,draftkings,Under,80.5,-113,f8e7f43f73aa983c5c99c189587f0118,2026-10-09T17:20:22Z
nfl,ARI,DET,2026-10-11T20:25:00Z,Amon-Ra St. Brown,rec_yds,draftkings,Over,80.5,-110,f8e7f43f73aa983c5c99c189587f0118,2026-10-09T17:20:22Z
nfl,ARI,DET,2026-10-11T20:25:00Z,Amon-Ra St. Brown,rec_yds,draftkings,Under,80.5,-114,f8e7f43f73aa983c5c99c189587f0118,2026-10-09T17:20:22Z
nfl,ARI,DET,2026-10-11T20:25:00Z,Michael Wilson,rec_yds,draftkings,Over,75.5,-113,f8e7f43f73aa983c5c99c189587f0118,2026-10-09T17:20:22Z
nfl,ARI,DET,2026-10-11T20:25:00Z,Michael Wilson,rec_yds,draftkings,Under,75.5,-111,f8e7f43f73aa983c5c99c189587f0118,2026-10-09T17:20:22Z
nfl,ARI,DET,2026-10-11T20:25:00Z,Jameson Williams,rec_yds,draftkings,Over,53.5,-111,f8e7f43f73aa983c5c99c189587f0118,2026-10-09T17:20:22Z
nfl,ARI,DET,2026-10-11T20:25:00Z,Jameson Williams,rec_yds,draftkings,Under,53.5,-113,f8e7f43f73aa983c5c99c189587f0118,2026-10-09T17:20:22Z
nfl,ARI,DET,2026-10-11T20:25:00Z,Sam LaPorta,rec_yds,draftkings,Over,51.5,-114,f8e7f43f73aa983c5c99c189587f0118,2026-10-09T17:20:22Z
nfl,ARI,DET,2026-10-11T20:25:00Z,Sam LaPorta,rec_yds,draftkings,Under,51.5,-110,f8e7f43f73aa983c5c99c189587f0118,2026-10-09T17:20:22Z
nfl,ARI,DET,2026-10-11T20:25:00Z,Jahmyr Gibbs,rec_yds,draftkings,Over,37.5,-112,f8e7f43f73aa983c5c99c189587f0118,2026-10-09T17:20:22Z
nfl,ARI,DET,2026-10-11T20:25:00Z,Jahmyr Gibbs,rec_yds,draftkings,Under,37.5,-112,f8e7f43f73aa983c5c99c189587f0118,2026-10-09T17:20:22Z
nfl,ARI,DET,2026-10-11T20:25:00Z,Marvin Harrison Jr.,rec_yds,draftkings,Over,34.5,-110,f8e7f43f73aa983c5c99c189587f0118,2026-10-09T17:20:22Z
nfl,ARI,DET,2026-10-11T20:25:00Z,Marvin Harrison Jr.,rec_yds,draftkings,Under,34.5,-114,f8e7f43f73aa983c5c99c189587f0118,2026-10-09T17:20:22Z
nfl,ARI,DET,2026-10-11T20:25:00Z,Isaac TeSlaa,rec_yds,draftkings,Over,25.5,-112,f8e7f43f73aa983c5c99c189587f0118,2026-10-09T17:20:22Z
nfl,ARI,DET,2026-10-11T20:25:00Z,Isaac TeSlaa,rec_yds,draftkings,Under,25.5,-112,f8e7f43f73aa983c5c99c189587f0118,2026-10-09T17:20:22Z
nfl,ARI,DET,2026-10-11T20:25:00Z,Kendrick Bourne,rec_yds,draftkings,Over,24.5,-114,f8e7f43f73aa983c5c99c189587f0118,2026-10-09T17:20:22Z
nfl,ARI,DET,2026-10-11T20:25:00Z,Kendrick Bourne,rec_yds,draftkings,Under,24.5,-110,f8e7f43f73aa983c5c99c189587f0118,2026-10-09T17:20:22Z
nfl,ARI,DET,2026-10-11T20:25:00Z,Jeremiyah Love,rec_yds,draftkings,Over,11.5,-117,f8e7f43f73aa983c5c99c189587f0118,2026-10-09T17:20:22Z
nfl,ARI,DET,2026-10-11T20:25:00Z,Jeremiyah Love,rec_yds,draftkings,Under,11.5,-107,f8e7f43f73aa983c5c99c189587f0118,2026-10-09T17:20:22Z
nfl,ARI,DET,2026-10-11T20:25:00Z,Tyler Allgeier,rec_yds,draftkings,Over,8.5,-120,f8e7f43f73aa983c5c99c189587f0118,2026-10-09T17:20:22Z
nfl,ARI,DET,2026-10-11T20:25:00Z,Tyler Allgeier,rec_yds,draftkings,Under,8.5,-105,f8e7f43f73aa983c5c99c189587f0118,2026-10-09T17:20:22Z
nfl,ARI,DET,2026-10-11T20:25:00Z,Trey McBride,receptions,draftkings,Over,7.5,-145,f8e7f43f73aa983c5c99c189587f0118,2026-10-09T17:20:22Z
nfl,ARI,DET,2026-10-11T20:25:00Z,Trey McBride,receptions,draftkings,Under,7.5,114,f8e7f43f73aa983c5c99c189587f0118,2026-10-09T17:20:22Z
nfl,ARI,DET,2026-10-11T20:25:00Z,Amon-Ra St. Brown,receptions,draftkings,Over,7.5,106,f8e7f43f73aa983c5c99c189587f0118,2026-10-09T17:20:22Z
nfl,ARI,DET,2026-10-11T20:25:00Z,Amon-Ra St. Brown,receptions,draftkings,Under,7.5,-135,f8e7f43f73aa983c5c99c189587f0118,2026-10-09T17:20:22Z
nfl,ARI,DET,2026-10-11T20:25:00Z,Michael Wilson,receptions,draftkings,Over,6.5,113,f8e7f43f73aa983c5c99c189587f0118,2026-10-09T17:20:22Z
nfl,ARI,DET,2026-10-11T20:25:00Z,Michael Wilson,receptions,draftkings,Under,6.5,-145,f8e7f43f73aa983c5c99c189587f0118,2026-10-09T17:20:22Z
nfl,ARI,DET,2026-10-11T20:25:00Z,Sam LaPorta,receptions,draftkings,Over,4.5,-152,f8e7f43f73aa983c5c99c189587f0118,2026-10-09T17:20:22Z
nfl,ARI,DET,2026-10-11T20:25:00Z,Sam LaPorta,receptions,draftkings,Under,4.5,119,f8e7f43f73aa983c5c99c189587f0118,2026-10-09T17:20:22Z
nfl,ARI,DET,2026-10-11T20:25:00Z,Jahmyr Gibbs,receptions,draftkings,Over,4.5,-123,f8e7f43f73aa983c5c99c189587f0118,2026-10-09T17:20:22Z
nfl,ARI,DET,2026-10-11T20:25:00Z,Jahmyr Gibbs,receptions,draftkings,Under,4.5,-103,f8e7f43f73aa983c5c99c189587f0118,2026-10-09T17:20:22Z
nfl,ARI,DET,2026-10-11T20:25:00Z,Jameson Williams,receptions,draftkings,Over,3.5,-132,f8e7f43f73aa983c5c99c189587f0118,2026-10-09T17:20:22Z
nfl,ARI,DET,2026-10-11T20:25:00Z,Jameson Williams,receptions,draftkings,Under,3.5,104,f8e7f43f73aa983c5c99c189587f0118,2026-10-09T17:20:22Z
nfl,ARI,DET,2026-10-11T20:25:00Z,Marvin Harrison Jr.,receptions,draftkings,Over,2.5,-132,f8e7f43f73aa983c5c99c189587f0118,2026-10-09T17:20:22Z
nfl,ARI,DET,2026-10-11T20:25:00Z,Marvin Harrison Jr.,receptions,draftkings,Under,2.5,104,f8e7f43f73aa983c5c99c189587f0118,2026-10-09T17:20:22Z
nfl,ARI,DET,2026-10-11T20:25:00Z,Kendrick Bourne,receptions,draftkings,Over,2.5,102,f8e7f43f73aa983c5c99c189587f0118,2026-10-09T17:20:22Z
nfl,ARI,DET,2026-10-11T20:25:00Z,Kendrick Bourne,receptions,draftkings,Under,2.5,-130,f8e7f43f73aa983c5c99c189587f0118,2026-10-09T17:20:22Z
nfl,ARI,DET,2026-10-11T20:25:00Z,Jeremiyah Love,receptions,draftkings,Over,2.5,119,f8e7f43f73aa983c5c99c189587f0118,2026-10-09T17:20:22Z
nfl,ARI,DET,2026-10-11T20:25:00Z,Jeremiyah Love,receptions,draftkings,Under,2.5,-153,f8e7f43f73aa983c5c99c189587f0118,2026-10-09T17:20:22Z
nfl,ARI,DET,2026-10-11T20:25:00Z,Isaac TeSlaa,receptions,draftkings,Over,2.5,126,f8e7f43f73aa983c5c99c189587f0118,2026-10-09T17:20:22Z
nfl,ARI,DET,2026-10-11T20:25:00Z,Isaac TeSlaa,receptions,draftkings,Under,2.5,-161,f8e7f43f73aa983c5c99c189587f0118,2026-10-09T17:20:22Z
nfl,ARI,DET,2026-10-11T20:25:00Z,Tyler Allgeier,receptions,draftkings,Over,1.5,-154,f8e7f43f73aa983c5c99c189587f0118,2026-10-09T17:20:22Z
nfl,ARI,DET,2026-10-11T20:25:00Z,Tyler Allgeier,receptions,draftkings,Under,1.5,121,f8e7f43f73aa983c5c99c189587f0118,2026-10-09T17:20:22Z
nfl,ARI,DET,2026-10-11T20:25:00Z,Jahmyr Gibbs,rush_att,draftkings,Over,19.5,-110,f8e7f43f73aa983c5c99c189587f0118,2026-10-09T17:20:22Z
nfl,ARI,DET,2026-10-11T20:25:00Z,Jahmyr Gibbs,rush_att,draftkings,Under,19.5,-116,f8e7f43f73aa983c5c99c189587f0118,2026-10-09T17:20:22Z
nfl,ARI,DET,2026-10-11T20:25:00Z,Jeremiyah Love,rush_att,draftkings,Over,12.5,-103,f8e7f43f73aa983c5c99c189587f0118,2026-10-09T17:20:22Z
nfl,ARI,DET,2026-10-11T20:25:00Z,Jeremiyah Love,rush_att,draftkings,Under,12.5,-123,f8e7f43f73aa983c5c99c189587f0118,2026-10-09T17:20:22Z
nfl,ARI,DET,2026-10-11T20:25:00Z,Tyler Allgeier,rush_att,draftkings,Over,6.5,-107,f8e7f43f73aa983c5c99c189587f0118,2026-10-09T17:20:22Z
nfl,ARI,DET,2026-10-11T20:25:00Z,Tyler Allgeier,rush_att,draftkings,Under,6.5,-119,f8e7f43f73aa983c5c99c189587f0118,2026-10-09T17:20:22Z
nfl,ARI,DET,2026-10-11T20:25:00Z,Jahmyr Gibbs,rush_yds,draftkings,Over,90.5,-112,f8e7f43f73aa983c5c99c189587f0118,2026-10-09T17:20:22Z
nfl,ARI,DET,2026-10-11T20:25:00Z,Jahmyr Gibbs,rush_yds,draftkings,Under,90.5,-112,f8e7f43f73aa983c5c99c189587f0118,2026-10-09T17:20:22Z
nfl,ARI,DET,2026-10-11T20:25:00Z,Jeremiyah Love,rush_yds,draftkings,Over,44.5,-113,f8e7f43f73aa983c5c99c189587f0118,2026-10-09T17:20:22Z
nfl,ARI,DET,2026-10-11T20:25:00Z,Jeremiyah Love,rush_yds,draftkings,Under,44.5,-111,f8e7f43f73aa983c5c99c189587f0118,2026-10-09T17:20:22Z
nfl,ARI,DET,2026-10-11T20:25:00Z,Tyler Allgeier,rush_yds,draftkings,Over,27.5,-111,f8e7f43f73aa983c5c99c189587f0118,2026-10-09T17:20:22Z
nfl,ARI,DET,2026-10-11T20:25:00Z,Tyler Allgeier,rush_yds,draftkings,Under,27.5,-113,f8e7f43f73aa983c5c99c189587f0118,2026-10-09T17:20:22Z
nfl,ARI,DET,2026-10-11T20:25:00Z,Jacoby Brissett,rush_yds,draftkings,Over,8.5,-104,f8e7f43f73aa983c5c99c189587f0118,2026-10-09T17:20:22Z
nfl,ARI,DET,2026-10-11T20:25:00Z,Jacoby Brissett,rush_yds,draftkings,Under,8.5,-120,f8e7f43f73aa983c5c99c189587f0118,2026-10-09T17:20:22Z
nfl,ARI,DET,2026-10-11T20:25:00Z,Sione Vaki,rush_yds,draftkings,Over,7.5,-108,f8e7f43f73aa983c5c99c189587f0118,2026-10-09T17:20:22Z
nfl,ARI,DET,2026-10-11T20:25:00Z,Sione Vaki,rush_yds,draftkings,Under,7.5,-117,f8e7f43f73aa983c5c99c189587f0118,2026-10-09T17:20:22Z
nfl,ARI,DET,2026-10-11T20:25:00Z,Jared Goff,rush_yds,draftkings,Over,0.5,-121,f8e7f43f73aa983c5c99c189587f0118,2026-10-09T17:20:22Z
nfl,ARI,DET,2026-10-11T20:25:00Z,Jared Goff,rush_yds,draftkings,Under,0.5,-103,f8e7f43f73aa983c5c99c189587f0118,2026-10-09T17:20:22Z
nfl,ARI,DET,2026-10-11T20:25:00Z,Jahmyr Gibbs,anytime_td,fanduel,Yes,,-450,f8e7f43f73aa983c5c99c189587f0118,2026-10-09T17:19:50Z
nfl,ARI,DET,2026-10-11T20:25:00Z,Amon-Ra St. Brown,anytime_td,fanduel,Yes,,-145,f8e7f43f73aa983c5c99c189587f0118,2026-10-09T17:19:50Z
nfl,ARI,DET,2026-10-11T20:25:00Z,Jeremiyah Love,anytime_td,fanduel,Yes,,-130,f8e7f43f73aa983c5c99c189587f0118,2026-10-09T17:19:50Z
nfl,ARI,DET,2026-10-11T20:25:00Z,Trey McBride,anytime_td,fanduel,Yes,,115,f8e7f43f73aa983c5c99c189587f0118,2026-10-09T17:19:50Z
nfl,ARI,DET,2026-10-11T20:25:00Z,Sam LaPorta,anytime_td,fanduel,Yes,,165,f8e7f43f73aa983c5c99c189587f0118,2026-10-09T17:19:50Z
nfl,ARI,DET,2026-10-11T20:25:00Z,Michael Wilson,anytime_td,fanduel,Yes,,170,f8e7f43f73aa983c5c99c189587f0118,2026-10-09T17:19:50Z
nfl,ARI,DET,2026-10-11T20:25:00Z,Jameson Williams,anytime_td,fanduel,Yes,,175,f8e7f43f73aa983c5c99c189587f0118,2026-10-09T17:19:50Z
nfl,ARI,DET,2026-10-11T20:25:00Z,Tyler Allgeier,anytime_td,fanduel,Yes,,210,f8e7f43f73aa983c5c99c189587f0118,2026-10-09T17:19:50Z
nfl,ARI,DET,2026-10-11T20:25:00Z,Marvin Harrison Jr.,anytime_td,fanduel,Yes,,290,f8e7f43f73aa983c5c99c189587f0118,2026-10-09T17:19:50Z
nfl,ARI,DET,2026-10-11T20:25:00Z,Isaac TeSlaa,anytime_td,fanduel,Yes,,410,f8e7f43f73aa983c5c99c189587f0118,2026-10-09T17:19:50Z
nfl,ARI,DET,2026-10-11T20:25:00Z,Kendrick Bourne,anytime_td,fanduel,Yes,,500,f8e7f43f73aa983c5c99c189587f0118,2026-10-09T17:19:50Z
nfl,ARI,DET,2026-10-11T20:25:00Z,Jacoby Brissett,anytime_td,fanduel,Yes,,500,f8e7f43f73aa983c5c99c189587f0118,2026-10-09T17:19:50Z
nfl,ARI,DET,2026-10-11T20:25:00Z,Detroit Lions Defense,anytime_td,fanduel,Yes,,550,f8e7f43f73aa983c5c99c189587f0118,2026-10-09T17:19:50Z
nfl,ARI,DET,2026-10-11T20:25:00Z,Brock Wright,anytime_td,fanduel,Yes,,650,f8e7f43f73aa983c5c99c189587f0118,2026-10-09T17:19:50Z
nfl,ARI,DET,2026-10-11T20:25:00Z,Arizona Cardinals Defense,anytime_td,fanduel,Yes,,700,f8e7f43f73aa983c5c99c189587f0118,2026-10-09T17:19:50Z
nfl,ARI,DET,2026-10-11T20:25:00Z,Sione Vaki,anytime_td,fanduel,Yes,,750,f8e7f43f73aa983c5c99c189587f0118,2026-10-09T17:19:50Z
nfl,ARI,DET,2026-10-11T20:25:00Z,Jared Goff,anytime_td,fanduel,Yes,,1100,f8e7f43f73aa983c5c99c189587f0118,2026-10-09T17:19:50Z
nfl,ARI,DET,2026-10-11T20:25:00Z,Elijah Higgins,anytime_td,fanduel,Yes,,1100,f8e7f43f73aa983c5c99c189587f0118,2026-10-09T17:19:50Z
nfl,ARI,DET,2026-10-11T20:25:00Z,Bam Knight,anytime_td,fanduel,Yes,,1500,f8e7f43f73aa983c5c99c189587f0118,2026-10-09T17:19:50Z
nfl,ARI,DET,2026-10-11T20:25:00Z,Devin Duvernay,anytime_td,fanduel,Yes,,1700,f8e7f43f73aa983c5c99c189587f0118,2026-10-09T17:19:50Z
nfl,ARI,DET,2026-10-11T20:25:00Z,Jackson Meeks,anytime_td,fanduel,Yes,,1700,f8e7f43f73aa983c5c99c189587f0118,2026-10-09T17:19:50Z
nfl,ARI,DET,2026-10-11T20:25:00Z,Tyler Conklin,anytime_td,fanduel,Yes,,1700,f8e7f43f73aa983c5c99c189587f0118,2026-10-09T17:19:50Z
nfl,ARI,DET,2026-10-11T20:25:00Z,Tom Kennedy,anytime_td,fanduel,Yes,,1900,f8e7f43f73aa983c5c99c189587f0118,2026-10-09T17:19:50Z
nfl,ARI,DET,2026-10-11T20:25:00Z,Reggie Virgil,anytime_td,fanduel,Yes,,2200,f8e7f43f73aa983c5c99c189587f0118,2026-10-09T17:19:50Z
nfl,ARI,DET,2026-10-11T20:25:00Z,Teagan Quitoriano,anytime_td,fanduel,Yes,,2200,f8e7f43f73aa983c5c99c189587f0118,2026-10-09T17:19:50Z
nfl,ARI,DET,2026-10-11T20:25:00Z,Jalen Brooks,anytime_td,fanduel,Yes,,2200,f8e7f43f73aa983c5c99c189587f0118,2026-10-09T17:19:50Z
nfl,ARI,DET,2026-10-11T20:25:00Z,Simi Fehoko,anytime_td,fanduel,Yes,,2700,f8e7f43f73aa983c5c99c189587f0118,2026-10-09T17:19:50Z
nfl,ARI,DET,2026-10-11T20:25:00Z,Jacob Saylors,anytime_td,fanduel,Yes,,3000,f8e7f43f73aa983c5c99c189587f0118,2026-10-09T17:19:50Z
nfl,ARI,DET,2026-10-11T20:25:00Z,Tay Martin,anytime_td,fanduel,Yes,,3000,f8e7f43f73aa983c5c99c189587f0118,2026-10-09T17:19:50Z
nfl,ARI,DET,2026-10-11T20:25:00Z,Jacoby Brissett,pass_td,fanduel,Over,1.5,-130,f8e7f43f73aa983c5c99c189587f0118,2026-10-09T17:19:50Z
nfl,ARI,DET,2026-10-11T20:25:00Z,Jacoby Brissett,pass_td,fanduel,Under,1.5,-102,f8e7f43f73aa983c5c99c189587f0118,2026-10-09T17:19:50Z
nfl,ARI,DET,2026-10-11T20:25:00Z,Jared Goff,pass_td,fanduel,Over,2.5,154,f8e7f43f73aa983c5c99c189587f0118,2026-10-09T17:19:50Z
nfl,ARI,DET,2026-10-11T20:25:00Z,Jared Goff,pass_td,fanduel,Under,2.5,-210,f8e7f43f73aa983c5c99c189587f0118,2026-10-09T17:19:50Z
nfl,ARI,DET,2026-10-11T20:25:00Z,Jared Goff,pass_yds,fanduel,Over,280.5,-114,f8e7f43f73aa983c5c99c189587f0118,2026-10-09T17:19:50Z
nfl,ARI,DET,2026-10-11T20:25:00Z,Jared Goff,pass_yds,fanduel,Under,280.5,-114,f8e7f43f73aa983c5c99c189587f0118,2026-10-09T17:19:50Z
nfl,ARI,DET,2026-10-11T20:25:00Z,Jacoby Brissett,pass_yds,fanduel,Over,266.5,-114,f8e7f43f73aa983c5c99c189587f0118,2026-10-09T17:19:50Z
nfl,ARI,DET,2026-10-11T20:25:00Z,Jacoby Brissett,pass_yds,fanduel,Under,266.5,-114,f8e7f43f73aa983c5c99c189587f0118,2026-10-09T17:19:50Z
nfl,ARI,DET,2026-10-11T20:25:00Z,Sam LaPorta,rec_yds,fanduel,Over,51.5,-114,f8e7f43f73aa983c5c99c189587f0118,2026-10-09T17:19:50Z
nfl,ARI,DET,2026-10-11T20:25:00Z,Sam LaPorta,rec_yds,fanduel,Under,51.5,-114,f8e7f43f73aa983c5c99c189587f0118,2026-10-09T17:19:50Z
nfl,ARI,DET,2026-10-11T20:25:00Z,Isaac TeSlaa,rec_yds,fanduel,Over,25.5,-114,f8e7f43f73aa983c5c99c189587f0118,2026-10-09T17:19:50Z
nfl,ARI,DET,2026-10-11T20:25:00Z,Isaac TeSlaa,rec_yds,fanduel,Under,25.5,-114,f8e7f43f73aa983c5c99c189587f0118,2026-10-09T17:19:50Z
nfl,ARI,DET,2026-10-11T20:25:00Z,Marvin Harrison Jr.,rec_yds,fanduel,Over,34.5,-114,f8e7f43f73aa983c5c99c189587f0118,2026-10-09T17:19:50Z
nfl,ARI,DET,2026-10-11T20:25:00Z,Marvin Harrison Jr.,rec_yds,fanduel,Under,34.5,-114,f8e7f43f73aa983c5c99c189587f0118,2026-10-09T17:19:50Z
nfl,ARI,DET,2026-10-11T20:25:00Z,Jameson Williams,rec_yds,fanduel,Over,51.5,-114,f8e7f43f73aa983c5c99c189587f0118,2026-10-09T17:19:50Z
nfl,ARI,DET,2026-10-11T20:25:00Z,Jameson Williams,rec_yds,fanduel,Under,51.5,-114,f8e7f43f73aa983c5c99c189587f0118,2026-10-09T17:19:50Z
nfl,ARI,DET,2026-10-11T20:25:00Z,Trey McBride,rec_yds,fanduel,Over,81.5,-114,f8e7f43f73aa983c5c99c189587f0118,2026-10-09T17:19:50Z
nfl,ARI,DET,2026-10-11T20:25:00Z,Trey McBride,rec_yds,fanduel,Under,81.5,-114,f8e7f43f73aa983c5c99c189587f0118,2026-10-09T17:19:50Z
nfl,ARI,DET,2026-10-11T20:25:00Z,Tyler Allgeier,rec_yds,fanduel,Over,9.5,-114,f8e7f43f73aa983c5c99c189587f0118,2026-10-09T17:19:50Z
nfl,ARI,DET,2026-10-11T20:25:00Z,Tyler Allgeier,rec_yds,fanduel,Under,9.5,-114,f8e7f43f73aa983c5c99c189587f0118,2026-10-09T17:19:50Z
nfl,ARI,DET,2026-10-11T20:25:00Z,Jeremiyah Love,rec_yds,fanduel,Over,11.5,-114,f8e7f43f73aa983c5c99c189587f0118,2026-10-09T17:19:50Z
nfl,ARI,DET,2026-10-11T20:25:00Z,Jeremiyah Love,rec_yds,fanduel,Under,11.5,-114,f8e7f43f73aa983c5c99c189587f0118,2026-10-09T17:19:50Z
nfl,ARI,DET,2026-10-11T20:25:00Z,Jahmyr Gibbs,rec_yds,fanduel,Over,37.5,-114,f8e7f43f73aa983c5c99c189587f0118,2026-10-09T17:19:50Z
nfl,ARI,DET,2026-10-11T20:25:00Z,Jahmyr Gibbs,rec_yds,fanduel,Under,37.5,-114,f8e7f43f73aa983c5c99c189587f0118,2026-10-09T17:19:50Z
nfl,ARI,DET,2026-10-11T20:25:00Z,Kendrick Bourne,rec_yds,fanduel,Over,23.5,-114,f8e7f43f73aa983c5c99c189587f0118,2026-10-09T17:19:50Z
nfl,ARI,DET,2026-10-11T20:25:00Z,Kendrick Bourne,rec_yds,fanduel,Under,23.5,-114,f8e7f43f73aa983c5c99c189587f0118,2026-10-09T17:19:50Z
nfl,ARI,DET,2026-10-11T20:25:00Z,Michael Wilson,rec_yds,fanduel,Over,74.5,-114,f8e7f43f73aa983c5c99c189587f0118,2026-10-09T17:19:50Z
nfl,ARI,DET,2026-10-11T20:25:00Z,Michael Wilson,rec_yds,fanduel,Under,74.5,-114,f8e7f43f73aa983c5c99c189587f0118,2026-10-09T17:19:50Z
nfl,ARI,DET,2026-10-11T20:25:00Z,Amon-Ra St. Brown,rec_yds,fanduel,Over,78.5,-114,f8e7f43f73aa983c5c99c189587f0118,2026-10-09T17:19:50Z
nfl,ARI,DET,2026-10-11T20:25:00Z,Amon-Ra St. Brown,rec_yds,fanduel,Under,78.5,-114,f8e7f43f73aa983c5c99c189587f0118,2026-10-09T17:19:50Z
nfl,ARI,DET,2026-10-11T20:25:00Z,Isaac TeSlaa,receptions,fanduel,Over,2.5,132,f8e7f43f73aa983c5c99c189587f0118,2026-10-09T17:19:50Z
nfl,ARI,DET,2026-10-11T20:25:00Z,Isaac TeSlaa,receptions,fanduel,Under,2.5,-178,f8e7f43f73aa983c5c99c189587f0118,2026-10-09T17:19:50Z
nfl,ARI,DET,2026-10-11T20:25:00Z,Trey McBride,receptions,fanduel,Over,7.5,-144,f8e7f43f73aa983c5c99c189587f0118,2026-10-09T17:19:50Z
nfl,ARI,DET,2026-10-11T20:25:00Z,Trey McBride,receptions,fanduel,Under,7.5,108,f8e7f43f73aa983c5c99c189587f0118,2026-10-09T17:19:50Z
nfl,ARI,DET,2026-10-11T20:25:00Z,Jeremiyah Love,receptions,fanduel,Over,2.5,-102,f8e7f43f73aa983c5c99c189587f0118,2026-10-09T17:19:50Z
nfl,ARI,DET,2026-10-11T20:25:00Z,Jeremiyah Love,receptions,fanduel,Under,2.5,-130,f8e7f43f73aa983c5c99c189587f0118,2026-10-09T17:19:50Z
nfl,ARI,DET,2026-10-11T20:25:00Z,Sam LaPorta,receptions,fanduel,Over,4.5,-154,f8e7f43f73aa983c5c99c189587f0118,2026-10-09T17:19:50Z
nfl,ARI,DET,2026-10-11T20:25:00Z,Sam LaPorta,receptions,fanduel,Under,4.5,116,f8e7f43f73aa983c5c99c189587f0118,2026-10-09T17:19:50Z
nfl,ARI,DET,2026-10-11T20:25:00Z,Jameson Williams,receptions,fanduel,Over,3.5,-138,f8e7f43f73aa983c5c99c189587f0118,2026-10-09T17:19:50Z
nfl,ARI,DET,2026-10-11T20:25:00Z,Jameson Williams,receptions,fanduel,Under,3.5,104,f8e7f43f73aa983c5c99c189587f0118,2026-10-09T17:19:50Z
nfl,ARI,DET,2026-10-11T20:25:00Z,Kendrick Bourne,receptions,fanduel,Over,2.5,112,f8e7f43f73aa983c5c99c189587f0118,2026-10-09T17:19:50Z
nfl,ARI,DET,2026-10-11T20:25:00Z,Kendrick Bourne,receptions,fanduel,Under,2.5,-148,f8e7f43f73aa983c5c99c189587f0118,2026-10-09T17:19:50Z
nfl,ARI,DET,2026-10-11T20:25:00Z,Tyler Allgeier,receptions,fanduel,Over,2.5,162,f8e7f43f73aa983c5c99c189587f0118,2026-10-09T17:19:50Z
nfl,ARI,DET,2026-10-11T20:25:00Z,Tyler Allgeier,receptions,fanduel,Under,2.5,-220,f8e7f43f73aa983c5c99c189587f0118,2026-10-09T17:19:50Z
nfl,ARI,DET,2026-10-11T20:25:00Z,Amon-Ra St. Brown,receptions,fanduel,Over,6.5,-160,f8e7f43f73aa983c5c99c189587f0118,2026-10-09T17:19:50Z
nfl,ARI,DET,2026-10-11T20:25:00Z,Amon-Ra St. Brown,receptions,fanduel,Under,6.5,120,f8e7f43f73aa983c5c99c189587f0118,2026-10-09T17:19:50Z
nfl,ARI,DET,2026-10-11T20:25:00Z,Michael Wilson,receptions,fanduel,Over,6.5,118,f8e7f43f73aa983c5c99c189587f0118,2026-10-09T17:19:50Z
nfl,ARI,DET,2026-10-11T20:25:00Z,Michael Wilson,receptions,fanduel,Under,6.5,-158,f8e7f43f73aa983c5c99c189587f0118,2026-10-09T17:19:50Z
nfl,ARI,DET,2026-10-11T20:25:00Z,Marvin Harrison Jr.,receptions,fanduel,Over,2.5,-144,f8e7f43f73aa983c5c99c189587f0118,2026-10-09T17:19:50Z
nfl,ARI,DET,2026-10-11T20:25:00Z,Marvin Harrison Jr.,receptions,fanduel,Under,2.5,108,f8e7f43f73aa983c5c99c189587f0118,2026-10-09T17:19:50Z
nfl,ARI,DET,2026-10-11T20:25:00Z,Jahmyr Gibbs,receptions,fanduel,Over,4.5,-136,f8e7f43f73aa983c5c99c189587f0118,2026-10-09T17:19:50Z
nfl,ARI,DET,2026-10-11T20:25:00Z,Jahmyr Gibbs,receptions,fanduel,Under,4.5,102,f8e7f43f73aa983c5c99c189587f0118,2026-10-09T17:19:50Z
nfl,ARI,DET,2026-10-11T20:25:00Z,Sione Vaki,rush_yds,fanduel,Over,7.5,-114,f8e7f43f73aa983c5c99c189587f0118,2026-10-09T17:19:50Z
nfl,ARI,DET,2026-10-11T20:25:00Z,Sione Vaki,rush_yds,fanduel,Under,7.5,-114,f8e7f43f73aa983c5c99c189587f0118,2026-10-09T17:19:50Z
nfl,ARI,DET,2026-10-11T20:25:00Z,Tyler Allgeier,rush_yds,fanduel,Over,27.5,-114,f8e7f43f73aa983c5c99c189587f0118,2026-10-09T17:19:50Z
nfl,ARI,DET,2026-10-11T20:25:00Z,Tyler Allgeier,rush_yds,fanduel,Under,27.5,-114,f8e7f43f73aa983c5c99c189587f0118,2026-10-09T17:19:50Z
nfl,ARI,DET,2026-10-11T20:25:00Z,Jared Goff,rush_yds,fanduel,Over,0.5,-114,f8e7f43f73aa983c5c99c189587f0118,2026-10-09T17:19:50Z
nfl,ARI,DET,2026-10-11T20:25:00Z,Jared Goff,rush_yds,fanduel,Under,0.5,-114,f8e7f43f73aa983c5c99c189587f0118,2026-10-09T17:19:50Z
nfl,ARI,DET,2026-10-11T20:25:00Z,Jeremiyah Love,rush_yds,fanduel,Over,46.5,-114,f8e7f43f73aa983c5c99c189587f0118,2026-10-09T17:19:50Z
nfl,ARI,DET,2026-10-11T20:25:00Z,Jeremiyah Love,rush_yds,fanduel,Under,46.5,-114,f8e7f43f73aa983c5c99c189587f0118,2026-10-09T17:19:50Z
nfl,ARI,DET,2026-10-11T20:25:00Z,Jacoby Brissett,rush_yds,fanduel,Over,8.5,-114,f8e7f43f73aa983c5c99c189587f0118,2026-10-09T17:19:50Z
nfl,ARI,DET,2026-10-11T20:25:00Z,Jacoby Brissett,rush_yds,fanduel,Under,8.5,-114,f8e7f43f73aa983c5c99c189587f0118,2026-10-09T17:19:50Z
nfl,ARI,DET,2026-10-11T20:25:00Z,Jahmyr Gibbs,rush_yds,fanduel,Over,90.5,-114,f8e7f43f73aa983c5c99c189587f0118,2026-10-09T17:19:50Z
nfl,ARI,DET,2026-10-11T20:25:00Z,Jahmyr Gibbs,rush_yds,fanduel,Under,90.5,-114,f8e7f43f73aa983c5c99c189587f0118,2026-10-09T17:19:50Z
nfl,ARI,DET,2026-10-11T20:25:00Z,Elijah Higgins,anytime_td,betrivers,Yes,,1200,f8e7f43f73aa983c5c99c189587f0118,2026-10-09T17:19:44Z
nfl,ARI,DET,2026-10-11T20:25:00Z,Jeremiyah Love,anytime_td,betrivers,Yes,,-136,f8e7f43f73aa983c5c99c189587f0118,2026-10-09T17:19:44Z
nfl,ARI,DET,2026-10-11T20:25:00Z,Tay Martin,anytime_td,betrivers,Yes,,2000,f8e7f43f73aa983c5c99c189587f0118,2026-10-09T17:19:44Z
nfl,ARI,DET,2026-10-11T20:25:00Z,Amon-Ra St. Brown,anytime_td,betrivers,Yes,,-150,f8e7f43f73aa983c5c99c189587f0118,2026-10-09T17:19:44Z
nfl,ARI,DET,2026-10-11T20:25:00Z,Jahmyr Gibbs,anytime_td,betrivers,Yes,,-500,f8e7f43f73aa983c5c99c189587f0118,2026-10-09T17:19:44Z
nfl,ARI,DET,2026-10-11T20:25:00Z,Sione Vaki,anytime_td,betrivers,Yes,,650,f8e7f43f73aa983c5c99c189587f0118,2026-10-09T17:19:44Z
nfl,ARI,DET,2026-10-11T20:25:00Z,Marvin Harrison Jr.,anytime_td,betrivers,Yes,,295,f8e7f43f73aa983c5c99c189587f0118,2026-10-09T17:19:44Z
nfl,ARI,DET,2026-10-11T20:25:00Z,Teagan Quitoriano,anytime_td,betrivers,Yes,,1700,f8e7f43f73aa983c5c99c189587f0118,2026-10-09T17:19:44Z
nfl,ARI,DET,2026-10-11T20:25:00Z,Tom Kennedy,anytime_td,betrivers,Yes,,1500,f8e7f43f73aa983c5c99c189587f0118,2026-10-09T17:19:44Z
nfl,ARI,DET,2026-10-11T20:25:00Z,Brock Wright,anytime_td,betrivers,Yes,,475,f8e7f43f73aa983c5c99c189587f0118,2026-10-09T17:19:44Z
nfl,ARI,DET,2026-10-11T20:25:00Z,Simi Fehoko,anytime_td,betrivers,Yes,,3000,f8e7f43f73aa983c5c99c189587f0118,2026-10-09T17:19:44Z
nfl,ARI,DET,2026-10-11T20:25:00Z,Jalen Brooks,anytime_td,betrivers,Yes,,3300,f8e7f43f73aa983c5c99c189587f0118,2026-10-09T17:19:44Z
nfl,ARI,DET,2026-10-11T20:25:00Z,Jacob Saylors,anytime_td,betrivers,Yes,,2400,f8e7f43f73aa983c5c99c189587f0118,2026-10-09T17:19:44Z
nfl,ARI,DET,2026-10-11T20:25:00Z,Devin Duvernay,anytime_td,betrivers,Yes,,1400,f8e7f43f73aa983c5c99c189587f0118,2026-10-09T17:19:44Z
nfl,ARI,DET,2026-10-11T20:25:00Z,Isaac TeSlaa,anytime_td,betrivers,Yes,,410,f8e7f43f73aa983c5c99c189587f0118,2026-10-09T17:19:44Z
nfl,ARI,DET,2026-10-11T20:25:00Z,Trey McBride,anytime_td,betrivers,Yes,,104,f8e7f43f73aa983c5c99c189587f0118,2026-10-09T17:19:44Z
nfl,ARI,DET,2026-10-11T20:25:00Z,Tyler Allgeier,anytime_td,betrivers,Yes,,180,f8e7f43f73aa983c5c99c189587f0118,2026-10-09T17:19:44Z
nfl,ARI,DET,2026-10-11T20:25:00Z,Jacoby Brissett,anytime_td,betrivers,Yes,,475,f8e7f43f73aa983c5c99c189587f0118,2026-10-09T17:19:44Z
nfl,ARI,DET,2026-10-11T20:25:00Z,Sam LaPorta,anytime_td,betrivers,Yes,,165,f8e7f43f73aa983c5c99c189587f0118,2026-10-09T17:19:44Z
nfl,ARI,DET,2026-10-11T20:25:00Z,Zonovan Knight,anytime_td,betrivers,Yes,,1300,f8e7f43f73aa983c5c99c189587f0118,2026-10-09T17:19:44Z
nfl,ARI,DET,2026-10-11T20:25:00Z,Michael Wilson,anytime_td,betrivers,Yes,,163,f8e7f43f73aa983c5c99c189587f0118,2026-10-09T17:19:44Z
nfl,ARI,DET,2026-10-11T20:25:00Z,Jared Goff,anytime_td,betrivers,Yes,,1050,f8e7f43f73aa983c5c99c189587f0118,2026-10-09T17:19:44Z
nfl,ARI,DET,2026-10-11T20:25:00Z,Tyler Conklin,anytime_td,betrivers,Yes,,1700,f8e7f43f73aa983c5c99c189587f0118,2026-10-09T17:19:44Z
nfl,ARI,DET,2026-10-11T20:25:00Z,Jackson Meeks,anytime_td,betrivers,Yes,,1300,f8e7f43f73aa983c5c99c189587f0118,2026-10-09T17:19:44Z
nfl,ARI,DET,2026-10-11T20:25:00Z,Kendrick Bourne,anytime_td,betrivers,Yes,,460,f8e7f43f73aa983c5c99c189587f0118,2026-10-09T17:19:44Z
nfl,ARI,DET,2026-10-11T20:25:00Z,Jameson Williams,anytime_td,betrivers,Yes,,165,f8e7f43f73aa983c5c99c189587f0118,2026-10-09T17:19:44Z
nfl,ARI,DET,2026-10-11T20:25:00Z,Reggie Virgil,anytime_td,betrivers,Yes,,1700,f8e7f43f73aa983c5c99c189587f0118,2026-10-09T17:19:44Z
nfl,ARI,DET,2026-10-11T20:25:00Z,Jared Goff,completions,betrivers,Over,24.5,-118,f8e7f43f73aa983c5c99c189587f0118,2026-10-09T17:19:44Z
nfl,ARI,DET,2026-10-11T20:25:00Z,Jacoby Brissett,completions,betrivers,Over,24.5,-117,f8e7f43f73aa983c5c99c189587f0118,2026-10-09T17:19:44Z
nfl,ARI,DET,2026-10-11T20:25:00Z,Jacoby Brissett,pass_td,betrivers,Over,1.5,-125,f8e7f43f73aa983c5c99c189587f0118,2026-10-09T17:19:44Z
nfl,ARI,DET,2026-10-11T20:25:00Z,Jacoby Brissett,pass_td,betrivers,Under,1.5,-106,f8e7f43f73aa983c5c99c189587f0118,2026-10-09T17:19:44Z
nfl,ARI,DET,2026-10-11T20:25:00Z,Jared Goff,pass_td,betrivers,Over,2.5,155,f8e7f43f73aa983c5c99c189587f0118,2026-10-09T17:19:44Z
nfl,ARI,DET,2026-10-11T20:25:00Z,Jared Goff,pass_td,betrivers,Under,2.5,-205,f8e7f43f73aa983c5c99c189587f0118,2026-10-09T17:19:44Z
nfl,ARI,DET,2026-10-11T20:25:00Z,Jared Goff,pass_yds,betrivers,Over,285.5,-114,f8e7f43f73aa983c5c99c189587f0118,2026-10-09T17:19:44Z
nfl,ARI,DET,2026-10-11T20:25:00Z,Jared Goff,pass_yds,betrivers,Under,285.5,-117,f8e7f43f73aa983c5c99c189587f0118,2026-10-09T17:19:44Z
nfl,ARI,DET,2026-10-11T20:25:00Z,Jacoby Brissett,pass_yds,betrivers,Over,271.5,-115,f8e7f43f73aa983c5c99c189587f0118,2026-10-09T17:19:44Z
nfl,ARI,DET,2026-10-11T20:25:00Z,Jacoby Brissett,pass_yds,betrivers,Under,271.5,-115,f8e7f43f73aa983c5c99c189587f0118,2026-10-09T17:19:44Z
nfl,ARI,DET,2026-10-11T20:25:00Z,Jameson Williams,rec_yds,betrivers,Over,54.5,-118,f8e7f43f73aa983c5c99c189587f0118,2026-10-09T17:19:44Z
nfl,ARI,DET,2026-10-11T20:25:00Z,Jameson Williams,rec_yds,betrivers,Under,54.5,-113,f8e7f43f73aa983c5c99c189587f0118,2026-10-09T17:19:44Z
nfl,ARI,DET,2026-10-11T20:25:00Z,Isaac TeSlaa,rec_yds,betrivers,Over,25.5,-118,f8e7f43f73aa983c5c99c189587f0118,2026-10-09T17:19:44Z
nfl,ARI,DET,2026-10-11T20:25:00Z,Isaac TeSlaa,rec_yds,betrivers,Under,25.5,-113,f8e7f43f73aa983c5c99c189587f0118,2026-10-09T17:19:44Z
nfl,ARI,DET,2026-10-11T20:25:00Z,Sam LaPorta,rec_yds,betrivers,Over,52.5,-115,f8e7f43f73aa983c5c99c189587f0118,2026-10-09T17:19:44Z
nfl,ARI,DET,2026-10-11T20:25:00Z,Sam LaPorta,rec_yds,betrivers,Under,52.5,-115,f8e7f43f73aa983c5c99c189587f0118,2026-10-09T17:19:44Z
nfl,ARI,DET,2026-10-11T20:25:00Z,Jahmyr Gibbs,rec_yds,betrivers,Over,37.5,-114,f8e7f43f73aa983c5c99c189587f0118,2026-10-09T17:19:44Z
nfl,ARI,DET,2026-10-11T20:25:00Z,Jahmyr Gibbs,rec_yds,betrivers,Under,37.5,-117,f8e7f43f73aa983c5c99c189587f0118,2026-10-09T17:19:44Z
nfl,ARI,DET,2026-10-11T20:25:00Z,Michael Wilson,rec_yds,betrivers,Over,75.5,-117,f8e7f43f73aa983c5c99c189587f0118,2026-10-09T17:19:44Z
nfl,ARI,DET,2026-10-11T20:25:00Z,Michael Wilson,rec_yds,betrivers,Under,75.5,-114,f8e7f43f73aa983c5c99c189587f0118,2026-10-09T17:19:44Z
nfl,ARI,DET,2026-10-11T20:25:00Z,Tyler Allgeier,rec_yds,betrivers,Over,11.5,-114,f8e7f43f73aa983c5c99c189587f0118,2026-10-09T17:19:44Z
nfl,ARI,DET,2026-10-11T20:25:00Z,Tyler Allgeier,rec_yds,betrivers,Under,11.5,-117,f8e7f43f73aa983c5c99c189587f0118,2026-10-09T17:19:44Z
nfl,ARI,DET,2026-10-11T20:25:00Z,Jeremiyah Love,rec_yds,betrivers,Over,11.5,-122,f8e7f43f73aa983c5c99c189587f0118,2026-10-09T17:19:44Z
nfl,ARI,DET,2026-10-11T20:25:00Z,Jeremiyah Love,rec_yds,betrivers,Under,11.5,-109,f8e7f43f73aa983c5c99c189587f0118,2026-10-09T17:19:44Z
nfl,ARI,DET,2026-10-11T20:25:00Z,Marvin Harrison Jr.,rec_yds,betrivers,Over,35.5,-118,f8e7f43f73aa983c5c99c189587f0118,2026-10-09T17:19:44Z
nfl,ARI,DET,2026-10-11T20:25:00Z,Marvin Harrison Jr.,rec_yds,betrivers,Under,35.5,-113,f8e7f43f73aa983c5c99c189587f0118,2026-10-09T17:19:44Z
nfl,ARI,DET,2026-10-11T20:25:00Z,Kendrick Bourne,rec_yds,betrivers,Over,24.5,-118,f8e7f43f73aa983c5c99c189587f0118,2026-10-09T17:19:44Z
nfl,ARI,DET,2026-10-11T20:25:00Z,Kendrick Bourne,rec_yds,betrivers,Under,24.5,-113,f8e7f43f73aa983c5c99c189587f0118,2026-10-09T17:19:44Z
nfl,ARI,DET,2026-10-11T20:25:00Z,Trey McBride,rec_yds,betrivers,Over,82.5,-115,f8e7f43f73aa983c5c99c189587f0118,2026-10-09T17:19:44Z
nfl,ARI,DET,2026-10-11T20:25:00Z,Trey McBride,rec_yds,betrivers,Under,82.5,-115,f8e7f43f73aa983c5c99c189587f0118,2026-10-09T17:19:44Z
nfl,ARI,DET,2026-10-11T20:25:00Z,Amon-Ra St. Brown,rec_yds,betrivers,Over,80.5,-115,f8e7f43f73aa983c5c99c189587f0118,2026-10-09T17:19:44Z
nfl,ARI,DET,2026-10-11T20:25:00Z,Amon-Ra St. Brown,rec_yds,betrivers,Under,80.5,-115,f8e7f43f73aa983c5c99c189587f0118,2026-10-09T17:19:44Z
nfl,ARI,DET,2026-10-11T20:25:00Z,Amon-Ra St. Brown,receptions,betrivers,Over,7.5,112,f8e7f43f73aa983c5c99c189587f0118,2026-10-09T17:19:44Z
nfl,ARI,DET,2026-10-11T20:25:00Z,Jameson Williams,receptions,betrivers,Over,3.5,-114,f8e7f43f73aa983c5c99c189587f0118,2026-10-09T17:19:44Z
nfl,ARI,DET,2026-10-11T20:25:00Z,Tyler Allgeier,receptions,betrivers,Over,1.5,-157,f8e7f43f73aa983c5c99c189587f0118,2026-10-09T17:19:44Z
nfl,ARI,DET,2026-10-11T20:25:00Z,Kendrick Bourne,receptions,betrivers,Over,2.5,120,f8e7f43f73aa983c5c99c189587f0118,2026-10-09T17:19:44Z
nfl,ARI,DET,2026-10-11T20:25:00Z,Michael Wilson,receptions,betrivers,Over,5.5,-157,f8e7f43f73aa983c5c99c189587f0118,2026-10-09T17:19:44Z
nfl,ARI,DET,2026-10-11T20:25:00Z,Sam LaPorta,receptions,betrivers,Over,4.5,-143,f8e7f43f73aa983c5c99c189587f0118,2026-10-09T17:19:44Z
nfl,ARI,DET,2026-10-11T20:25:00Z,Jahmyr Gibbs,receptions,betrivers,Over,4.5,-132,f8e7f43f73aa983c5c99c189587f0118,2026-10-09T17:19:44Z
nfl,ARI,DET,2026-10-11T20:25:00Z,Marvin Harrison Jr.,receptions,betrivers,Over,2.5,-150,f8e7f43f73aa983c5c99c189587f0118,2026-10-09T17:19:44Z
nfl,ARI,DET,2026-10-11T20:25:00Z,Trey McBride,receptions,betrivers,Over,8.5,118,f8e7f43f73aa983c5c99c189587f0118,2026-10-09T17:19:44Z
nfl,ARI,DET,2026-10-11T20:25:00Z,Jeremiyah Love,receptions,betrivers,Over,2.5,114,f8e7f43f73aa983c5c99c189587f0118,2026-10-09T17:19:44Z
nfl,ARI,DET,2026-10-11T20:25:00Z,Isaac TeSlaa,receptions,betrivers,Over,2.5,128,f8e7f43f73aa983c5c99c189587f0118,2026-10-09T17:19:44Z
nfl,ARI,DET,2026-10-11T20:25:00Z,Jeremiyah Love,rush_yds,betrivers,Over,46.5,-120,f8e7f43f73aa983c5c99c189587f0118,2026-10-09T17:19:44Z
nfl,ARI,DET,2026-10-11T20:25:00Z,Jeremiyah Love,rush_yds,betrivers,Under,46.5,-112,f8e7f43f73aa983c5c99c189587f0118,2026-10-09T17:19:44Z
nfl,ARI,DET,2026-10-11T20:25:00Z,Jacoby Brissett,rush_yds,betrivers,Over,7.5,-109,f8e7f43f73aa983c5c99c189587f0118,2026-10-09T17:19:44Z
nfl,ARI,DET,2026-10-11T20:25:00Z,Jacoby Brissett,rush_yds,betrivers,Under,7.5,-122,f8e7f43f73aa983c5c99c189587f0118,2026-10-09T17:19:44Z
nfl,ARI,DET,2026-10-11T20:25:00Z,Jahmyr Gibbs,rush_yds,betrivers,Over,89.5,-117,f8e7f43f73aa983c5c99c189587f0118,2026-10-09T17:19:44Z
nfl,ARI,DET,2026-10-11T20:25:00Z,Jahmyr Gibbs,rush_yds,betrivers,Under,89.5,-114,f8e7f43f73aa983c5c99c189587f0118,2026-10-09T17:19:44Z
nfl,ARI,DET,2026-10-11T20:25:00Z,Tyler Allgeier,rush_yds,betrivers,Over,25.5,-121,f8e7f43f73aa983c5c99c189587f0118,2026-10-09T17:19:44Z
nfl,ARI,DET,2026-10-11T20:25:00Z,Tyler Allgeier,rush_yds,betrivers,Under,25.5,-110,f8e7f43f73aa983c5c99c189587f0118,2026-10-09T17:19:44Z
nfl,ARI,DET,2026-10-11T20:25:00Z,Kendrick Bourne,anytime_td,betmgm,Yes,,425,f8e7f43f73aa983c5c99c189587f0118,2026-10-09T17:17:48Z
nfl,ARI,DET,2026-10-11T20:25:00Z,Jameson Williams,anytime_td,betmgm,Yes,,190,f8e7f43f73aa983c5c99c189587f0118,2026-10-09T17:17:48Z
nfl,ARI,DET,2026-10-11T20:25:00Z,Trey McBride,anytime_td,betmgm,Yes,,110,f8e7f43f73aa983c5c99c189587f0118,2026-10-09T17:17:48Z
nfl,ARI,DET,2026-10-11T20:25:00Z,Marvin Harrison Jr.,anytime_td,betmgm,Yes,,290,f8e7f43f73aa983c5c99c189587f0118,2026-10-09T17:17:48Z
nfl,ARI,DET,2026-10-11T20:25:00Z,Brock Wright,anytime_td,betmgm,Yes,,700,f8e7f43f73aa983c5c99c189587f0118,2026-10-09T17:17:48Z
nfl,ARI,DET,2026-10-11T20:25:00Z,Jackson Meeks,anytime_td,betmgm,Yes,,2200,f8e7f43f73aa983c5c99c189587f0118,2026-10-09T17:17:48Z
nfl,ARI,DET,2026-10-11T20:25:00Z,Elijah Higgins,anytime_td,betmgm,Yes,,825,f8e7f43f73aa983c5c99c189587f0118,2026-10-09T17:17:48Z
nfl,ARI,DET,2026-10-11T20:25:00Z,Arizona Cardinals D/ST,anytime_td,betmgm,Yes,,700,f8e7f43f73aa983c5c99c189587f0118,2026-10-09T17:17:48Z
nfl,ARI,DET,2026-10-11T20:25:00Z,Jacob Saylors,anytime_td,betmgm,Yes,,1900,f8e7f43f73aa983c5c99c189587f0118,2026-10-09T17:17:48Z
nfl,ARI,DET,2026-10-11T20:25:00Z,Sione Vaki,anytime_td,betmgm,Yes,,450,f8e7f43f73aa983c5c99c189587f0118,2026-10-09T17:17:48Z
nfl,ARI,DET,2026-10-11T20:25:00Z,Tom Kennedy,anytime_td,betmgm,Yes,,1900,f8e7f43f73aa983c5c99c189587f0118,2026-10-09T17:17:48Z
nfl,ARI,DET,2026-10-11T20:25:00Z,Michael Wilson,anytime_td,betmgm,Yes,,135,f8e7f43f73aa983c5c99c189587f0118,2026-10-09T17:17:48Z
nfl,ARI,DET,2026-10-11T20:25:00Z,Tay Martin,anytime_td,betmgm,Yes,,3500,f8e7f43f73aa983c5c99c189587f0118,2026-10-09T17:17:48Z
nfl,ARI,DET,2026-10-11T20:25:00Z,Amon-Ra St. Brown,anytime_td,betmgm,Yes,,-135,f8e7f43f73aa983c5c99c189587f0118,2026-10-09T17:17:48Z
nfl,ARI,DET,2026-10-11T20:25:00Z,Isaac TeSlaa,anytime_td,betmgm,Yes,,290,f8e7f43f73aa983c5c99c189587f0118,2026-10-09T17:17:48Z
nfl,ARI,DET,2026-10-11T20:25:00Z,Jeremiyah Love,anytime_td,betmgm,Yes,,-118,f8e7f43f73aa983c5c99c189587f0118,2026-10-09T17:17:48Z
nfl,ARI,DET,2026-10-11T20:25:00Z,Jared Goff,anytime_td,betmgm,Yes,,1500,f8e7f43f73aa983c5c99c189587f0118,2026-10-09T17:17:48Z
nfl,ARI,DET,2026-10-11T20:25:00Z,Jahmyr Gibbs,anytime_td,betmgm,Yes,,-375,f8e7f43f73aa983c5c99c189587f0118,2026-10-09T17:17:48Z
nfl,ARI,DET,2026-10-11T20:25:00Z,Sam LaPorta,anytime_td,betmgm,Yes,,165,f8e7f43f73aa983c5c99c189587f0118,2026-10-09T17:17:48Z
nfl,ARI,DET,2026-10-11T20:25:00Z,Jacoby Brissett,anytime_td,betmgm,Yes,,400,f8e7f43f73aa983c5c99c189587f0118,2026-10-09T17:17:48Z
nfl,ARI,DET,2026-10-11T20:25:00Z,Detroit Lions D/ST,anytime_td,betmgm,Yes,,500,f8e7f43f73aa983c5c99c189587f0118,2026-10-09T17:17:48Z
nfl,ARI,DET,2026-10-11T20:25:00Z,Tyler Allgeier,anytime_td,betmgm,Yes,,190,f8e7f43f73aa983c5c99c189587f0118,2026-10-09T17:17:48Z
nfl,ARI,DET,2026-10-11T20:25:00Z,Jalen Brooks,anytime_td,betmgm,Yes,,2500,f8e7f43f73aa983c5c99c189587f0118,2026-10-09T17:17:48Z
nfl,ARI,DET,2026-10-11T20:25:00Z,Teagan Quitoriano,anytime_td,betmgm,Yes,,2800,f8e7f43f73aa983c5c99c189587f0118,2026-10-09T17:17:48Z
nfl,ARI,DET,2026-10-11T20:25:00Z,Jacoby Brissett,pass_att,betmgm,Over,36.5,-135,f8e7f43f73aa983c5c99c189587f0118,2026-10-09T17:17:48Z
nfl,ARI,DET,2026-10-11T20:25:00Z,Jacoby Brissett,pass_att,betmgm,Under,36.5,100,f8e7f43f73aa983c5c99c189587f0118,2026-10-09T17:17:48Z
nfl,ARI,DET,2026-10-11T20:25:00Z,Jared Goff,pass_att,betmgm,Over,35.5,100,f8e7f43f73aa983c5c99c189587f0118,2026-10-09T17:17:48Z
nfl,ARI,DET,2026-10-11T20:25:00Z,Jared Goff,pass_att,betmgm,Under,35.5,-135,f8e7f43f73aa983c5c99c189587f0118,2026-10-09T17:17:48Z
nfl,ARI,DET,2026-10-11T20:25:00Z,Jacoby Brissett,completions,betmgm,Over,24.5,-120,f8e7f43f73aa983c5c99c189587f0118,2026-10-09T17:17:48Z
nfl,ARI,DET,2026-10-11T20:25:00Z,Jacoby Brissett,completions,betmgm,Under,24.5,-110,f8e7f43f73aa983c5c99c189587f0118,2026-10-09T17:17:48Z
nfl,ARI,DET,2026-10-11T20:25:00Z,Jared Goff,completions,betmgm,Over,24.5,-120,f8e7f43f73aa983c5c99c189587f0118,2026-10-09T17:17:48Z
nfl,ARI,DET,2026-10-11T20:25:00Z,Jared Goff,completions,betmgm,Under,24.5,-110,f8e7f43f73aa983c5c99c189587f0118,2026-10-09T17:17:48Z
nfl,ARI,DET,2026-10-11T20:25:00Z,Jacoby Brissett,pass_td,betmgm,Over,1.5,-155,f8e7f43f73aa983c5c99c189587f0118,2026-10-09T17:17:48Z
nfl,ARI,DET,2026-10-11T20:25:00Z,Jacoby Brissett,pass_td,betmgm,Under,1.5,115,f8e7f43f73aa983c5c99c189587f0118,2026-10-09T17:17:48Z
nfl,ARI,DET,2026-10-11T20:25:00Z,Jared Goff,pass_td,betmgm,Over,2.5,160,f8e7f43f73aa983c5c99c189587f0118,2026-10-09T17:17:48Z
nfl,ARI,DET,2026-10-11T20:25:00Z,Jared Goff,pass_td,betmgm,Under,2.5,-220,f8e7f43f73aa983c5c99c189587f0118,2026-10-09T17:17:48Z
nfl,ARI,DET,2026-10-11T20:25:00Z,Jacoby Brissett,pass_yds,betmgm,Over,271.5,-110,f8e7f43f73aa983c5c99c189587f0118,2026-10-09T17:17:48Z
nfl,ARI,DET,2026-10-11T20:25:00Z,Jacoby Brissett,pass_yds,betmgm,Under,271.5,-120,f8e7f43f73aa983c5c99c189587f0118,2026-10-09T17:17:48Z
nfl,ARI,DET,2026-10-11T20:25:00Z,Jared Goff,pass_yds,betmgm,Over,284.5,-115,f8e7f43f73aa983c5c99c189587f0118,2026-10-09T17:17:48Z
nfl,ARI,DET,2026-10-11T20:25:00Z,Jared Goff,pass_yds,betmgm,Under,284.5,-115,f8e7f43f73aa983c5c99c189587f0118,2026-10-09T17:17:48Z
nfl,ARI,DET,2026-10-11T20:25:00Z,Jameson Williams,rec_yds,betmgm,Over,50.5,-125,f8e7f43f73aa983c5c99c189587f0118,2026-10-09T17:17:48Z
nfl,ARI,DET,2026-10-11T20:25:00Z,Jameson Williams,rec_yds,betmgm,Under,50.5,-105,f8e7f43f73aa983c5c99c189587f0118,2026-10-09T17:17:48Z
nfl,ARI,DET,2026-10-11T20:25:00Z,Trey McBride,rec_yds,betmgm,Over,82.5,-115,f8e7f43f73aa983c5c99c189587f0118,2026-10-09T17:17:48Z
nfl,ARI,DET,2026-10-11T20:25:00Z,Trey McBride,rec_yds,betmgm,Under,82.5,-115,f8e7f43f73aa983c5c99c189587f0118,2026-10-09T17:17:48Z
nfl,ARI,DET,2026-10-11T20:25:00Z,Kendrick Bourne,rec_yds,betmgm,Over,24.5,-115,f8e7f43f73aa983c5c99c189587f0118,2026-10-09T17:17:48Z
nfl,ARI,DET,2026-10-11T20:25:00Z,Kendrick Bourne,rec_yds,betmgm,Under,24.5,-115,f8e7f43f73aa983c5c99c189587f0118,2026-10-09T17:17:48Z
nfl,ARI,DET,2026-10-11T20:25:00Z,Isaac TeSlaa,rec_yds,betmgm,Over,26.5,-115,f8e7f43f73aa983c5c99c189587f0118,2026-10-09T17:17:48Z
nfl,ARI,DET,2026-10-11T20:25:00Z,Isaac TeSlaa,rec_yds,betmgm,Under,26.5,-115,f8e7f43f73aa983c5c99c189587f0118,2026-10-09T17:17:48Z
nfl,ARI,DET,2026-10-11T20:25:00Z,Sam LaPorta,rec_yds,betmgm,Over,51.5,-115,f8e7f43f73aa983c5c99c189587f0118,2026-10-09T17:17:48Z
nfl,ARI,DET,2026-10-11T20:25:00Z,Sam LaPorta,rec_yds,betmgm,Under,51.5,-115,f8e7f43f73aa983c5c99c189587f0118,2026-10-09T17:17:48Z
nfl,ARI,DET,2026-10-11T20:25:00Z,Michael Wilson,rec_yds,betmgm,Over,74.5,-125,f8e7f43f73aa983c5c99c189587f0118,2026-10-09T17:17:48Z
nfl,ARI,DET,2026-10-11T20:25:00Z,Michael Wilson,rec_yds,betmgm,Under,74.5,-105,f8e7f43f73aa983c5c99c189587f0118,2026-10-09T17:17:48Z
nfl,ARI,DET,2026-10-11T20:25:00Z,Jahmyr Gibbs,rec_yds,betmgm,Over,40.5,-111,f8e7f43f73aa983c5c99c189587f0118,2026-10-09T17:17:48Z
nfl,ARI,DET,2026-10-11T20:25:00Z,Jahmyr Gibbs,rec_yds,betmgm,Under,40.5,-120,f8e7f43f73aa983c5c99c189587f0118,2026-10-09T17:17:48Z
nfl,ARI,DET,2026-10-11T20:25:00Z,Marvin Harrison Jr.,rec_yds,betmgm,Over,34.5,-115,f8e7f43f73aa983c5c99c189587f0118,2026-10-09T17:17:48Z
nfl,ARI,DET,2026-10-11T20:25:00Z,Marvin Harrison Jr.,rec_yds,betmgm,Under,34.5,-115,f8e7f43f73aa983c5c99c189587f0118,2026-10-09T17:17:48Z
nfl,ARI,DET,2026-10-11T20:25:00Z,Tyler Allgeier,rec_yds,betmgm,Over,11.5,-120,f8e7f43f73aa983c5c99c189587f0118,2026-10-09T17:17:48Z
nfl,ARI,DET,2026-10-11T20:25:00Z,Tyler Allgeier,rec_yds,betmgm,Under,11.5,-110,f8e7f43f73aa983c5c99c189587f0118,2026-10-09T17:17:48Z
nfl,ARI,DET,2026-10-11T20:25:00Z,Jeremiyah Love,rec_yds,betmgm,Over,12.5,-120,f8e7f43f73aa983c5c99c189587f0118,2026-10-09T17:17:48Z
nfl,ARI,DET,2026-10-11T20:25:00Z,Jeremiyah Love,rec_yds,betmgm,Under,12.5,-110,f8e7f43f73aa983c5c99c189587f0118,2026-10-09T17:17:48Z
nfl,ARI,DET,2026-10-11T20:25:00Z,Amon-Ra St. Brown,rec_yds,betmgm,Over,82.5,-115,f8e7f43f73aa983c5c99c189587f0118,2026-10-09T17:17:48Z
nfl,ARI,DET,2026-10-11T20:25:00Z,Amon-Ra St. Brown,rec_yds,betmgm,Under,82.5,-115,f8e7f43f73aa983c5c99c189587f0118,2026-10-09T17:17:48Z
nfl,ARI,DET,2026-10-11T20:25:00Z,Jameson Williams,receptions,betmgm,Over,3.5,-115,f8e7f43f73aa983c5c99c189587f0118,2026-10-09T17:17:48Z
nfl,ARI,DET,2026-10-11T20:25:00Z,Jameson Williams,receptions,betmgm,Under,3.5,-115,f8e7f43f73aa983c5c99c189587f0118,2026-10-09T17:17:48Z
nfl,ARI,DET,2026-10-11T20:25:00Z,Trey McBride,receptions,betmgm,Over,7.5,-150,f8e7f43f73aa983c5c99c189587f0118,2026-10-09T17:17:48Z
nfl,ARI,DET,2026-10-11T20:25:00Z,Trey McBride,receptions,betmgm,Under,7.5,110,f8e7f43f73aa983c5c99c189587f0118,2026-10-09T17:17:48Z
nfl,ARI,DET,2026-10-11T20:25:00Z,Kendrick Bourne,receptions,betmgm,Over,2.5,105,f8e7f43f73aa983c5c99c189587f0118,2026-10-09T17:17:48Z
nfl,ARI,DET,2026-10-11T20:25:00Z,Kendrick Bourne,receptions,betmgm,Under,2.5,-145,f8e7f43f73aa983c5c99c189587f0118,2026-10-09T17:17:48Z
nfl,ARI,DET,2026-10-11T20:25:00Z,Marvin Harrison Jr.,receptions,betmgm,Over,2.5,-140,f8e7f43f73aa983c5c99c189587f0118,2026-10-09T17:17:48Z
nfl,ARI,DET,2026-10-11T20:25:00Z,Marvin Harrison Jr.,receptions,betmgm,Under,2.5,105,f8e7f43f73aa983c5c99c189587f0118,2026-10-09T17:17:48Z
nfl,ARI,DET,2026-10-11T20:25:00Z,Sam LaPorta,receptions,betmgm,Over,4.5,-155,f8e7f43f73aa983c5c99c189587f0118,2026-10-09T17:17:48Z
nfl,ARI,DET,2026-10-11T20:25:00Z,Sam LaPorta,receptions,betmgm,Under,4.5,115,f8e7f43f73aa983c5c99c189587f0118,2026-10-09T17:17:48Z
nfl,ARI,DET,2026-10-11T20:25:00Z,Isaac TeSlaa,receptions,betmgm,Over,2.5,135,f8e7f43f73aa983c5c99c189587f0118,2026-10-09T17:17:48Z
nfl,ARI,DET,2026-10-11T20:25:00Z,Isaac TeSlaa,receptions,betmgm,Under,2.5,-185,f8e7f43f73aa983c5c99c189587f0118,2026-10-09T17:17:48Z
nfl,ARI,DET,2026-10-11T20:25:00Z,Amon-Ra St. Brown,receptions,betmgm,Over,7.5,-105,f8e7f43f73aa983c5c99c189587f0118,2026-10-09T17:17:48Z
nfl,ARI,DET,2026-10-11T20:25:00Z,Amon-Ra St. Brown,receptions,betmgm,Under,7.5,-125,f8e7f43f73aa983c5c99c189587f0118,2026-10-09T17:17:48Z
nfl,ARI,DET,2026-10-11T20:25:00Z,Jahmyr Gibbs,receptions,betmgm,Over,4.5,-120,f8e7f43f73aa983c5c99c189587f0118,2026-10-09T17:17:48Z
nfl,ARI,DET,2026-10-11T20:25:00Z,Jahmyr Gibbs,receptions,betmgm,Under,4.5,-110,f8e7f43f73aa983c5c99c189587f0118,2026-10-09T17:17:48Z
nfl,ARI,DET,2026-10-11T20:25:00Z,Michael Wilson,receptions,betmgm,Over,6.5,120,f8e7f43f73aa983c5c99c189587f0118,2026-10-09T17:17:48Z
nfl,ARI,DET,2026-10-11T20:25:00Z,Michael Wilson,receptions,betmgm,Under,6.5,-160,f8e7f43f73aa983c5c99c189587f0118,2026-10-09T17:17:48Z
nfl,ARI,DET,2026-10-11T20:25:00Z,Jeremiyah Love,rush_att,betmgm,Over,12.5,100,f8e7f43f73aa983c5c99c189587f0118,2026-10-09T17:17:48Z
nfl,ARI,DET,2026-10-11T20:25:00Z,Jeremiyah Love,rush_att,betmgm,Under,12.5,-135,f8e7f43f73aa983c5c99c189587f0118,2026-10-09T17:17:48Z
nfl,ARI,DET,2026-10-11T20:25:00Z,Jeremiyah Love,rush_yds,betmgm,Over,45.5,-115,f8e7f43f73aa983c5c99c189587f0118,2026-10-09T17:17:48Z
nfl,ARI,DET,2026-10-11T20:25:00Z,Jeremiyah Love,rush_yds,betmgm,Under,45.5,-115,f8e7f43f73aa983c5c99c189587f0118,2026-10-09T17:17:48Z
nfl,ARI,DET,2026-10-11T20:25:00Z,Tyler Allgeier,rush_yds,betmgm,Over,25.5,-111,f8e7f43f73aa983c5c99c189587f0118,2026-10-09T17:17:48Z
nfl,ARI,DET,2026-10-11T20:25:00Z,Tyler Allgeier,rush_yds,betmgm,Under,25.5,-118,f8e7f43f73aa983c5c99c189587f0118,2026-10-09T17:17:48Z
nfl,ARI,DET,2026-10-11T20:25:00Z,Jahmyr Gibbs,rush_yds,betmgm,Over,93.5,-115,f8e7f43f73aa983c5c99c189587f0118,2026-10-09T17:17:48Z
nfl,ARI,DET,2026-10-11T20:25:00Z,Jahmyr Gibbs,rush_yds,betmgm,Under,93.5,-115,f8e7f43f73aa983c5c99c189587f0118,2026-10-09T17:17:48Z
nfl,ARI,DET,2026-10-11T20:25:00Z,Jacoby Brissett,pass_att,espnbet,Over,37.5,-115,f8e7f43f73aa983c5c99c189587f0118,2026-10-09T17:20:11Z
nfl,ARI,DET,2026-10-11T20:25:00Z,Jacoby Brissett,pass_att,espnbet,Under,37.5,-115,f8e7f43f73aa983c5c99c189587f0118,2026-10-09T17:20:11Z
nfl,ARI,DET,2026-10-11T20:25:00Z,Jared Goff,pass_att,espnbet,Over,35.5,100,f8e7f43f73aa983c5c99c189587f0118,2026-10-09T17:20:11Z
nfl,ARI,DET,2026-10-11T20:25:00Z,Jared Goff,pass_att,espnbet,Under,35.5,-130,f8e7f43f73aa983c5c99c189587f0118,2026-10-09T17:20:11Z
nfl,ARI,DET,2026-10-11T20:25:00Z,Jacoby Brissett,completions,espnbet,Over,24.5,-130,f8e7f43f73aa983c5c99c189587f0118,2026-10-09T17:20:11Z
nfl,ARI,DET,2026-10-11T20:25:00Z,Jacoby Brissett,completions,espnbet,Under,24.5,100,f8e7f43f73aa983c5c99c189587f0118,2026-10-09T17:20:11Z
nfl,ARI,DET,2026-10-11T20:25:00Z,Jared Goff,completions,espnbet,Over,24.5,-125,f8e7f43f73aa983c5c99c189587f0118,2026-10-09T17:20:11Z
nfl,ARI,DET,2026-10-11T20:25:00Z,Jared Goff,completions,espnbet,Under,24.5,-105,f8e7f43f73aa983c5c99c189587f0118,2026-10-09T17:20:11Z
nfl,ARI,DET,2026-10-11T20:25:00Z,Jacoby Brissett,pass_td,espnbet,Over,1.5,-155,f8e7f43f73aa983c5c99c189587f0118,2026-10-09T17:20:11Z
nfl,ARI,DET,2026-10-11T20:25:00Z,Jacoby Brissett,pass_td,espnbet,Under,1.5,120,f8e7f43f73aa983c5c99c189587f0118,2026-10-09T17:20:11Z
nfl,ARI,DET,2026-10-11T20:25:00Z,Jared Goff,pass_td,espnbet,Over,2.5,140,f8e7f43f73aa983c5c99c189587f0118,2026-10-09T17:20:11Z
nfl,ARI,DET,2026-10-11T20:25:00Z,Jared Goff,pass_td,espnbet,Under,2.5,-190,f8e7f43f73aa983c5c99c189587f0118,2026-10-09T17:20:11Z
nfl,ARI,DET,2026-10-11T20:25:00Z,Jared Goff,pass_yds,espnbet,Over,279.5,-115,f8e7f43f73aa983c5c99c189587f0118,2026-10-09T17:20:11Z
nfl,ARI,DET,2026-10-11T20:25:00Z,Jared Goff,pass_yds,espnbet,Under,279.5,-115,f8e7f43f73aa983c5c99c189587f0118,2026-10-09T17:20:11Z
nfl,ARI,DET,2026-10-11T20:25:00Z,Jacoby Brissett,pass_yds,espnbet,Over,264.5,-120,f8e7f43f73aa983c5c99c189587f0118,2026-10-09T17:20:11Z
nfl,ARI,DET,2026-10-11T20:25:00Z,Jacoby Brissett,pass_yds,espnbet,Under,264.5,-110,f8e7f43f73aa983c5c99c189587f0118,2026-10-09T17:20:11Z
nfl,ARI,DET,2026-10-11T20:25:00Z,Trey McBride,rec_yds,espnbet,Over,79.5,-125,f8e7f43f73aa983c5c99c189587f0118,2026-10-09T17:20:11Z
nfl,ARI,DET,2026-10-11T20:25:00Z,Trey McBride,rec_yds,espnbet,Under,79.5,-105,f8e7f43f73aa983c5c99c189587f0118,2026-10-09T17:20:11Z
nfl,ARI,DET,2026-10-11T20:25:00Z,Amon-Ra St. Brown,rec_yds,espnbet,Over,79.5,-115,f8e7f43f73aa983c5c99c189587f0118,2026-10-09T17:20:11Z
nfl,ARI,DET,2026-10-11T20:25:00Z,Amon-Ra St. Brown,rec_yds,espnbet,Under,79.5,-115,f8e7f43f73aa983c5c99c189587f0118,2026-10-09T17:20:11Z
nfl,ARI,DET,2026-10-11T20:25:00Z,Michael Wilson,rec_yds,espnbet,Over,79.5,-105,f8e7f43f73aa983c5c99c189587f0118,2026-10-09T17:20:11Z
nfl,ARI,DET,2026-10-11T20:25:00Z,Michael Wilson,rec_yds,espnbet,Under,79.5,-125,f8e7f43f73aa983c5c99c189587f0118,2026-10-09T17:20:11Z
nfl,ARI,DET,2026-10-11T20:25:00Z,Jameson Williams,rec_yds,espnbet,Over,52.5,-120,f8e7f43f73aa983c5c99c189587f0118,2026-10-09T17:20:11Z
nfl,ARI,DET,2026-10-11T20:25:00Z,Jameson Williams,rec_yds,espnbet,Under,52.5,-110,f8e7f43f73aa983c5c99c189587f0118,2026-10-09T17:20:11Z
nfl,ARI,DET,2026-10-11T20:25:00Z,Sam LaPorta,rec_yds,espnbet,Over,49.5,-125,f8e7f43f73aa983c5c99c189587f0118,2026-10-09T17:20:11Z
nfl,ARI,DET,2026-10-11T20:25:00Z,Sam LaPorta,rec_yds,espnbet,Under,49.5,-105,f8e7f43f73aa983c5c99c189587f0118,2026-10-09T17:20:11Z
nfl,ARI,DET,2026-10-11T20:25:00Z,Marvin Harrison Jr.,rec_yds,espnbet,Over,35.5,-105,f8e7f43f73aa983c5c99c189587f0118,2026-10-09T17:20:11Z
nfl,ARI,DET,2026-10-11T20:25:00Z,Marvin Harrison Jr.,rec_yds,espnbet,Under,35.5,-125,f8e7f43f73aa983c5c99c189587f0118,2026-10-09T17:20:11Z
nfl,ARI,DET,2026-10-11T20:25:00Z,Jahmyr Gibbs,rec_yds,espnbet,Over,39.5,100,f8e7f43f73aa983c5c99c189587f0118,2026-10-09T17:20:11Z
nfl,ARI,DET,2026-10-11T20:25:00Z,Jahmyr Gibbs,rec_yds,espnbet,Under,39.5,-130,f8e7f43f73aa983c5c99c189587f0118,2026-10-09T17:20:11Z
nfl,ARI,DET,2026-10-11T20:25:00Z,Kendrick Bourne,rec_yds,espnbet,Over,23.5,-125,f8e7f43f73aa983c5c99c189587f0118,2026-10-09T17:20:11Z
nfl,ARI,DET,2026-10-11T20:25:00Z,Kendrick Bourne,rec_yds,espnbet,Under,23.5,-105,f8e7f43f73aa983c5c99c189587f0118,2026-10-09T17:20:11Z
nfl,ARI,DET,2026-10-11T20:25:00Z,Isaac TeSlaa,rec_yds,espnbet,Over,27.5,100,f8e7f43f73aa983c5c99c189587f0118,2026-10-09T17:20:11Z
nfl,ARI,DET,2026-10-11T20:25:00Z,Isaac TeSlaa,rec_yds,espnbet,Under,27.5,-130,f8e7f43f73aa983c5c99c189587f0118,2026-10-09T17:20:11Z
nfl,ARI,DET,2026-10-11T20:25:00Z,Jeremiyah Love,rec_yds,espnbet,Over,14.5,120,f8e7f43f73aa983c5c99c189587f0118,2026-10-09T17:20:11Z
nfl,ARI,DET,2026-10-11T20:25:00Z,Jeremiyah Love,rec_yds,espnbet,Under,14.5,-155,f8e7f43f73aa983c5c99c189587f0118,2026-10-09T17:20:11Z
nfl,ARI,DET,2026-10-11T20:25:00Z,Tyler Allgeier,rec_yds,espnbet,Over,9.5,-105,f8e7f43f73aa983c5c99c189587f0118,2026-10-09T17:20:11Z
nfl,ARI,DET,2026-10-11T20:25:00Z,Tyler Allgeier,rec_yds,espnbet,Under,9.5,-125,f8e7f43f73aa983c5c99c189587f0118,2026-10-09T17:20:11Z
nfl,ARI,DET,2026-10-11T20:25:00Z,Trey McBride,receptions,espnbet,Over,7.5,-140,f8e7f43f73aa983c5c99c189587f0118,2026-10-09T17:20:11Z
nfl,ARI,DET,2026-10-11T20:25:00Z,Trey McBride,receptions,espnbet,Under,7.5,110,f8e7f43f73aa983c5c99c189587f0118,2026-10-09T17:20:11Z
nfl,ARI,DET,2026-10-11T20:25:00Z,Amon-Ra St. Brown,receptions,espnbet,Over,7.5,-105,f8e7f43f73aa983c5c99c189587f0118,2026-10-09T17:20:11Z
nfl,ARI,DET,2026-10-11T20:25:00Z,Amon-Ra St. Brown,receptions,espnbet,Under,7.5,-125,f8e7f43f73aa983c5c99c189587f0118,2026-10-09T17:20:11Z
nfl,ARI,DET,2026-10-11T20:25:00Z,Michael Wilson,receptions,espnbet,Over,6.5,100,f8e7f43f73aa983c5c99c189587f0118,2026-10-09T17:20:11Z
nfl,ARI,DET,2026-10-11T20:25:00Z,Michael Wilson,receptions,espnbet,Under,6.5,-130,f8e7f43f73aa983c5c99c189587f0118,2026-10-09T17:20:11Z
nfl,ARI,DET,2026-10-11T20:25:00Z,Jahmyr Gibbs,receptions,espnbet,Over,4.5,-115,f8e7f43f73aa983c5c99c189587f0118,2026-10-09T17:20:11Z
nfl,ARI,DET,2026-10-11T20:25:00Z,Jahmyr Gibbs,receptions,espnbet,Under,4.5,-115,f8e7f43f73aa983c5c99c189587f0118,2026-10-09T17:20:11Z
nfl,ARI,DET,2026-10-11T20:25:00Z,Jameson Williams,receptions,espnbet,Over,3.5,-130,f8e7f43f73aa983c5c99c189587f0118,2026-10-09T17:20:11Z
nfl,ARI,DET,2026-10-11T20:25:00Z,Jameson Williams,receptions,espnbet,Under,3.5,100,f8e7f43f73aa983c5c99c189587f0118,2026-10-09T17:20:11Z
nfl,ARI,DET,2026-10-11T20:25:00Z,Sam LaPorta,receptions,espnbet,Over,4.5,-150,f8e7f43f73aa983c5c99c189587f0118,2026-10-09T17:20:11Z
nfl,ARI,DET,2026-10-11T20:25:00Z,Sam LaPorta,receptions,espnbet,Under,4.5,115,f8e7f43f73aa983c5c99c189587f0118,2026-10-09T17:20:11Z
nfl,ARI,DET,2026-10-11T20:25:00Z,Kendrick Bourne,receptions,espnbet,Over,2.5,100,f8e7f43f73aa983c5c99c189587f0118,2026-10-09T17:20:11Z
nfl,ARI,DET,2026-10-11T20:25:00Z,Kendrick Bourne,receptions,espnbet,Under,2.5,-130,f8e7f43f73aa983c5c99c189587f0118,2026-10-09T17:20:11Z
nfl,ARI,DET,2026-10-11T20:25:00Z,Jeremiyah Love,receptions,espnbet,Over,2.5,120,f8e7f43f73aa983c5c99c189587f0118,2026-10-09T17:20:11Z
nfl,ARI,DET,2026-10-11T20:25:00Z,Jeremiyah Love,receptions,espnbet,Under,2.5,-155,f8e7f43f73aa983c5c99c189587f0118,2026-10-09T17:20:11Z
nfl,ARI,DET,2026-10-11T20:25:00Z,Marvin Harrison Jr.,receptions,espnbet,Over,2.5,-130,f8e7f43f73aa983c5c99c189587f0118,2026-10-09T17:20:11Z
nfl,ARI,DET,2026-10-11T20:25:00Z,Marvin Harrison Jr.,receptions,espnbet,Under,2.5,100,f8e7f43f73aa983c5c99c189587f0118,2026-10-09T17:20:11Z
nfl,ARI,DET,2026-10-11T20:25:00Z,Tyler Allgeier,receptions,espnbet,Over,1.5,-160,f8e7f43f73aa983c5c99c189587f0118,2026-10-09T17:20:11Z
nfl,ARI,DET,2026-10-11T20:25:00Z,Tyler Allgeier,receptions,espnbet,Under,1.5,125,f8e7f43f73aa983c5c99c189587f0118,2026-10-09T17:20:11Z
nfl,ARI,DET,2026-10-11T20:25:00Z,Isaac TeSlaa,receptions,espnbet,Over,2.5,125,f8e7f43f73aa983c5c99c189587f0118,2026-10-09T17:20:11Z
nfl,ARI,DET,2026-10-11T20:25:00Z,Isaac TeSlaa,receptions,espnbet,Under,2.5,-160,f8e7f43f73aa983c5c99c189587f0118,2026-10-09T17:20:11Z
nfl,ARI,DET,2026-10-11T20:25:00Z,Jahmyr Gibbs,rush_att,espnbet,Over,19.5,-110,f8e7f43f73aa983c5c99c189587f0118,2026-10-09T17:20:11Z
nfl,ARI,DET,2026-10-11T20:25:00Z,Jahmyr Gibbs,rush_att,espnbet,Under,19.5,-120,f8e7f43f73aa983c5c99c189587f0118,2026-10-09T17:20:11Z
nfl,ARI,DET,2026-10-11T20:25:00Z,Jeremiyah Love,rush_att,espnbet,Over,11.5,-130,f8e7f43f73aa983c5c99c189587f0118,2026-10-09T17:20:11Z
nfl,ARI,DET,2026-10-11T20:25:00Z,Jeremiyah Love,rush_att,espnbet,Under,11.5,100,f8e7f43f73aa983c5c99c189587f0118,2026-10-09T17:20:11Z
nfl,ARI,DET,2026-10-11T20:25:00Z,Tyler Allgeier,rush_att,espnbet,Over,6.5,-105,f8e7f43f73aa983c5c99c189587f0118,2026-10-09T17:20:11Z
nfl,ARI,DET,2026-10-11T20:25:00Z,Tyler Allgeier,rush_att,espnbet,Under,6.5,-125,f8e7f43f73aa983c5c99c189587f0118,2026-10-09T17:20:11Z
nfl,ARI,DET,2026-10-11T20:25:00Z,Jahmyr Gibbs,rush_yds,espnbet,Over,89.5,-115,f8e7f43f73aa983c5c99c189587f0118,2026-10-09T17:20:11Z
nfl,ARI,DET,2026-10-11T20:25:00Z,Jahmyr Gibbs,rush_yds,espnbet,Under,89.5,-115,f8e7f43f73aa983c5c99c189587f0118,2026-10-09T17:20:11Z
nfl,ARI,DET,2026-10-11T20:25:00Z,Jeremiyah Love,rush_yds,espnbet,Over,44.5,-115,f8e7f43f73aa983c5c99c189587f0118,2026-10-09T17:20:11Z
nfl,ARI,DET,2026-10-11T20:25:00Z,Jeremiyah Love,rush_yds,espnbet,Under,44.5,-115,f8e7f43f73aa983c5c99c189587f0118,2026-10-09T17:20:11Z
nfl,ARI,DET,2026-10-11T20:25:00Z,Tyler Allgeier,rush_yds,espnbet,Over,29.5,105,f8e7f43f73aa983c5c99c189587f0118,2026-10-09T17:20:11Z
nfl,ARI,DET,2026-10-11T20:25:00Z,Tyler Allgeier,rush_yds,espnbet,Under,29.5,-135,f8e7f43f73aa983c5c99c189587f0118,2026-10-09T17:20:11Z
nfl,ARI,DET,2026-10-11T20:25:00Z,Jared Goff,rush_yds,espnbet,Over,0.5,-125,f8e7f43f73aa983c5c99c189587f0118,2026-10-09T17:20:11Z
nfl,ARI,DET,2026-10-11T20:25:00Z,Jared Goff,rush_yds,espnbet,Under,0.5,-105,f8e7f43f73aa983c5c99c189587f0118,2026-10-09T17:20:11Z
nfl,ARI,DET,2026-10-11T20:25:00Z,Jacoby Brissett,rush_yds,espnbet,Over,6.5,-140,f8e7f43f73aa983c5c99c189587f0118,2026-10-09T17:20:11Z
nfl,ARI,DET,2026-10-11T20:25:00Z,Jacoby Brissett,rush_yds,espnbet,Under,6.5,110,f8e7f43f73aa983c5c99c189587f0118,2026-10-09T17:20:11Z
nfl,SEA,SF,2026-10-11T20:25:00Z,Christian McCaffrey,anytime_td,draftkings,Yes,,-130,8e5d515b10d8a5ffb324640ed60bcc55,2026-10-09T17:19:42Z
nfl,SEA,SF,2026-10-11T20:25:00Z,Emanuel Wilson,anytime_td,draftkings,Yes,,-115,8e5d515b10d8a5ffb324640ed60bcc55,2026-10-09T17:19:42Z
nfl,SEA,SF,2026-10-11T20:25:00Z,Jaxon Smith-Njigba,anytime_td,draftkings,Yes,,-105,8e5d515b10d8a5ffb324640ed60bcc55,2026-10-09T17:19:42Z
nfl,SEA,SF,2026-10-11T20:25:00Z,George Kittle,anytime_td,draftkings,Yes,,185,8e5d515b10d8a5ffb324640ed60bcc55,2026-10-09T17:19:42Z
nfl,SEA,SF,2026-10-11T20:25:00Z,Mike Evans,anytime_td,draftkings,Yes,,200,8e5d515b10d8a5ffb324640ed60bcc55,2026-10-09T17:19:42Z
nfl,SEA,SF,2026-10-11T20:25:00Z,Deebo Samuel,anytime_td,draftkings,Yes,,240,8e5d515b10d8a5ffb324640ed60bcc55,2026-10-09T17:19:42Z
nfl,SEA,SF,2026-10-11T20:25:00Z,AJ Barner,anytime_td,draftkings,Yes,,285,8e5d515b10d8a5ffb324640ed60bcc55,2026-10-09T17:19:42Z
nfl,SEA,SF,2026-10-11T20:25:00Z,George Holani,anytime_td,draftkings,Yes,,310,8e5d515b10d8a5ffb324640ed60bcc55,2026-10-09T17:19:42Z
nfl,SEA,SF,2026-10-11T20:25:00Z,Rashid Shaheed,anytime_td,draftkings,Yes,,320,8e5d515b10d8a5ffb324640ed60bcc55,2026-10-09T17:19:42Z
nfl,SEA,SF,2026-10-11T20:25:00Z,Cooper Kupp,anytime_td,draftkings,Yes,,360,8e5d515b10d8a5ffb324640ed60bcc55,2026-10-09T17:19:42Z
nfl,SEA,SF,2026-10-11T20:25:00Z,Tory Horton,anytime_td,draftkings,Yes,,500,8e5d515b10d8a5ffb324640ed60bcc55,2026-10-09T17:19:42Z
nfl,SEA,SF,2026-10-11T20:25:00Z,Brock Purdy,anytime_td,draftkings,Yes,,550,8e5d515b10d8a5ffb324640ed60bcc55,2026-10-09T17:19:42Z
nfl,SEA,SF,2026-10-11T20:25:00Z,Seattle Seahawks D/ST,anytime_td,draftkings,Yes,,600,8e5d515b10d8a5ffb324640ed60bcc55,2026-10-09T17:19:42Z
nfl,SEA,SF,2026-10-11T20:25:00Z,San Francisco 49ers D/ST,anytime_td,draftkings,Yes,,650,8e5d515b10d8a5ffb324640ed60bcc55,2026-10-09T17:19:42Z
nfl,SEA,SF,2026-10-11T20:25:00Z,Kaelon Black,anytime_td,draftkings,Yes,,800,8e5d515b10d8a5ffb324640ed60bcc55,2026-10-09T17:19:42Z
nfl,SEA,SF,2026-10-11T20:25:00Z,Jacob Cowing,anytime_td,draftkings,Yes,,800,8e5d515b10d8a5ffb324640ed60bcc55,2026-10-09T17:19:42Z
nfl,SEA,SF,2026-10-11T20:25:00Z,Brandin Cooks,anytime_td,draftkings,Yes,,850,8e5d515b10d8a5ffb324640ed60bcc55,2026-10-09T17:19:42Z
nfl,SEA,SF,2026-10-11T20:25:00Z,Sam Darnold,anytime_td,draftkings,Yes,,900,8e5d515b10d8a5ffb324640ed60bcc55,2026-10-09T17:19:42Z
nfl,SEA,SF,2026-10-11T20:25:00Z,Elijah Arroyo,anytime_td,draftkings,Yes,,900,8e5d515b10d8a5ffb324640ed60bcc55,2026-10-09T17:19:42Z
nfl,SEA,SF,2026-10-11T20:25:00Z,Brayden Willis,anytime_td,draftkings,Yes,,1400,8e5d515b10d8a5ffb324640ed60bcc55,2026-10-09T17:19:42Z
nfl,SEA,SF,2026-10-11T20:25:00Z,Luke Farrell,anytime_td,draftkings,Yes,,1500,8e5d515b10d8a5ffb324640ed60bcc55,2026-10-09T17:19:42Z
nfl,SEA,SF,2026-10-11T20:25:00Z,Jordan Watkins,anytime_td,draftkings,Yes,,1500,8e5d515b10d8a5ffb324640ed60bcc55,2026-10-09T17:19:42Z
nfl,SEA,SF,2026-10-11T20:25:00Z,Eric Saubert,anytime_td,draftkings,Yes,,1600,8e5d515b10d8a5ffb324640ed60bcc55,2026-10-09T17:19:42Z
nfl,SEA,SF,2026-10-11T20:25:00Z,Velus Jones Jr.,anytime_td,draftkings,Yes,,1700,8e5d515b10d8a5ffb324640ed60bcc55,2026-10-09T17:19:42Z
nfl,SEA,SF,2026-10-11T20:25:00Z,Brady Russell,anytime_td,draftkings,Yes,,2800,8e5d515b10d8a5ffb324640ed60bcc55,2026-10-09T17:19:42Z
nfl,SEA,SF,2026-10-11T20:25:00Z,James Jordan,anytime_td,draftkings,Yes,,2800,8e5d515b10d8a5ffb324640ed60bcc55,2026-10-09T17:19:42Z
nfl,SEA,SF,2026-10-11T20:25:00Z,Nick Kallerup,anytime_td,draftkings,Yes,,3000,8e5d515b10d8a5ffb324640ed60bcc55,2026-10-09T17:19:42Z
nfl,SEA,SF,2026-10-11T20:25:00Z,Montorie Foster Jr.,anytime_td,draftkings,Yes,,4500,8e5d515b10d8a5ffb324640ed60bcc55,2026-10-09T17:19:42Z
nfl,SEA,SF,2026-10-11T20:25:00Z,Brock Purdy,pass_att,draftkings,Over,32.5,-109,8e5d515b10d8a5ffb324640ed60bcc55,2026-10-09T17:19:42Z
nfl,SEA,SF,2026-10-11T20:25:00Z,Brock Purdy,pass_att,draftkings,Under,32.5,-117,8e5d515b10d8a5ffb324640ed60bcc55,2026-10-09T17:19:42Z
nfl,SEA,SF,2026-10-11T20:25:00Z,Sam Darnold,pass_att,draftkings,Over,30.5,-112,8e5d515b10d8a5ffb324640ed60bcc55,2026-10-09T17:19:42Z
nfl,SEA,SF,2026-10-11T20:25:00Z,Sam Darnold,pass_att,draftkings,Under,30.5,-114,8e5d515b10d8a5ffb324640ed60bcc55,2026-10-09T17:19:42Z
nfl,SEA,SF,2026-10-11T20:25:00Z,Brock Purdy,completions,draftkings,Over,20.5,-116,8e5d515b10d8a5ffb324640ed60bcc55,2026-10-09T17:19:42Z
nfl,SEA,SF,2026-10-11T20:25:00Z,Brock Purdy,completions,draftkings,Under,20.5,-109,8e5d515b10d8a5ffb324640ed60bcc55,2026-10-09T17:19:42Z
nfl,SEA,SF,2026-10-11T20:25:00Z,Sam Darnold,completions,draftkings,Over,20.5,-113,8e5d515b10d8a5ffb324640ed60bcc55,2026-10-09T17:19:42Z
nfl,SEA,SF,2026-10-11T20:25:00Z,Sam Darnold,completions,draftkings,Under,20.5,-113,8e5d515b10d8a5ffb324640ed60bcc55,2026-10-09T17:19:42Z
nfl,SEA,SF,2026-10-11T20:25:00Z,Sam Darnold,pass_td,draftkings,Over,1.5,-115,8e5d515b10d8a5ffb324640ed60bcc55,2026-10-09T17:19:42Z
nfl,SEA,SF,2026-10-11T20:25:00Z,Sam Darnold,pass_td,draftkings,Under,1.5,-111,8e5d515b10d8a5ffb324640ed60bcc55,2026-10-09T17:19:42Z
nfl,SEA,SF,2026-10-11T20:25:00Z,Brock Purdy,pass_td,draftkings,Over,1.5,111,8e5d515b10d8a5ffb324640ed60bcc55,2026-10-09T17:19:42Z
nfl,SEA,SF,2026-10-11T20:25:00Z,Brock Purdy,pass_td,draftkings,Under,1.5,-141,8e5d515b10d8a5ffb324640ed60bcc55,2026-10-09T17:19:42Z
nfl,SEA,SF,2026-10-11T20:25:00Z,Sam Darnold,pass_yds,draftkings,Over,230.5,-112,8e5d515b10d8a5ffb324640ed60bcc55,2026-10-09T17:19:42Z
nfl,SEA,SF,2026-10-11T20:25:00Z,Sam Darnold,pass_yds,draftkings,Under,230.5,-112,8e5d515b10d8a5ffb324640ed60bcc55,2026-10-09T17:19:42Z
nfl,SEA,SF,2026-10-11T20:25:00Z,Brock Purdy,pass_yds,draftkings,Over,227.5,-113,8e5d515b10d8a5ffb324640ed60bcc55,2026-10-09T17:19:42Z
nfl,SEA,SF,2026-10-11T20:25:00Z,Brock Purdy,pass_yds,draftkings,Under,227.5,-111,8e5d515b10d8a5ffb324640ed60bcc55,2026-10-09T17:19:42Z
nfl,SEA,SF,2026-10-11T20:25:00Z,Jaxon Smith-Njigba,rec_yds,draftkings,Over,89.5,-111,8e5d515b10d8a5ffb324640ed60bcc55,2026-10-09T17:19:42Z
nfl,SEA,SF,2026-10-11T20:25:00Z,Jaxon Smith-Njigba,rec_yds,draftkings,Under,89.5,-113,8e5d515b10d8a5ffb324640ed60bcc55,2026-10-09T17:19:42Z
nfl,SEA,SF,2026-10-11T20:25:00Z,George Kittle,rec_yds,draftkings,Over,54.5,-109,8e5d515b10d8a5ffb324640ed60bcc55,2026-10-09T17:19:42Z
nfl,SEA,SF,2026-10-11T20:25:00Z,George Kittle,rec_yds,draftkings,Under,54.5,-115,8e5d515b10d8a5ffb324640ed60bcc55,2026-10-09T17:19:42Z
nfl,SEA,SF,2026-10-11T20:25:00Z,Mike Evans,rec_yds,draftkings,Over,47.5,-114,8e5d515b10d8a5ffb324640ed60bcc55,2026-10-09T17:19:42Z
nfl,SEA,SF,2026-10-11T20:25:00Z,Mike Evans,rec_yds,draftkings,Under,47.5,-110,8e5d515b10d8a5ffb324640ed60bcc55,2026-10-09T17:19:42Z
nfl,SEA,SF,2026-10-11T20:25:00Z,Deebo Samuel,rec_yds,draftkings,Over,36.5,-114,8e5d515b10d8a5ffb324640ed60bcc55,2026-10-09T17:19:42Z
nfl,SEA,SF,2026-10-11T20:25:00Z,Deebo Samuel,rec_yds,draftkings,Under,36.5,-110,8e5d515b10d8a5ffb324640ed60bcc55,2026-10-09T17:19:42Z
nfl,SEA,SF,2026-10-11T20:25:00Z,Christian McCaffrey,rec_yds,draftkings,Over,35.5,-115,8e5d515b10d8a5ffb324640ed60bcc55,2026-10-09T17:19:42Z
nfl,SEA,SF,2026-10-11T20:25:00Z,Christian McCaffrey,rec_yds,draftkings,Under,35.5,-109,8e5d515b10d8a5ffb324640ed60bcc55,2026-10-09T17:19:42Z
nfl,SEA,SF,2026-10-11T20:25:00Z,Cooper Kupp,rec_yds,draftkings,Over,24.5,-109,8e5d515b10d8a5ffb324640ed60bcc55,2026-10-09T17:19:42Z
nfl,SEA,SF,2026-10-11T20:25:00Z,Cooper Kupp,rec_yds,draftkings,Under,24.5,-115,8e5d515b10d8a5ffb324640ed60bcc55,2026-10-09T17:19:42Z
nfl,SEA,SF,2026-10-11T20:25:00Z,AJ Barner,rec_yds,draftkings,Over,22.5,-116,8e5d515b10d8a5ffb324640ed60bcc55,2026-10-09T17:19:42Z
nfl,SEA,SF,2026-10-11T20:25:00Z,AJ Barner,rec_yds,draftkings,Under,22.5,-108,8e5d515b10d8a5ffb324640ed60bcc55,2026-10-09T17:19:42Z
nfl,SEA,SF,2026-10-11T20:25:00Z,Rashid Shaheed,rec_yds,draftkings,Over,20.5,-108,8e5d515b10d8a5ffb324640ed60bcc55,2026-10-09T17:19:42Z
nfl,SEA,SF,2026-10-11T20:25:00Z,Rashid Shaheed,rec_yds,draftkings,Under,20.5,-116,8e5d515b10d8a5ffb324640ed60bcc55,2026-10-09T17:19:42Z
nfl,SEA,SF,2026-10-11T20:25:00Z,Emanuel Wilson,rec_yds,draftkings,Over,11.5,-117,8e5d515b10d8a5ffb324640ed60bcc55,2026-10-09T17:19:42Z
nfl,SEA,SF,2026-10-11T20:25:00Z,Emanuel Wilson,rec_yds,draftkings,Under,11.5,-108,8e5d515b10d8a5ffb324640ed60bcc55,2026-10-09T17:19:42Z
nfl,SEA,SF,2026-10-11T20:25:00Z,Tory Horton,rec_yds,draftkings,Over,11.5,-109,8e5d515b10d8a5ffb324640ed60bcc55,2026-10-09T17:19:42Z
nfl,SEA,SF,2026-10-11T20:25:00Z,Tory Horton,rec_yds,draftkings,Under,11.5,-115,8e5d515b10d8a5ffb324640ed60bcc55,2026-10-09T17:19:42Z
nfl,SEA,SF,2026-10-11T20:25:00Z,George Holani,rec_yds,draftkings,Over,8.5,-120,8e5d515b10d8a5ffb324640ed60bcc55,2026-10-09T17:19:42Z
nfl,SEA,SF,2026-10-11T20:25:00Z,George Holani,rec_yds,draftkings,Under,8.5,-104,8e5d515b10d8a5ffb324640ed60bcc55,2026-10-09T17:19:42Z
nfl,SEA,SF,2026-10-11T20:25:00Z,Jaxon Smith-Njigba,receptions,draftkings,Over,6.5,-124,8e5d515b10d8a5ffb324640ed60bcc55,2026-10-09T17:19:42Z
nfl,SEA,SF,2026-10-11T20:25:00Z,Jaxon Smith-Njigba,receptions,draftkings,Under,6.5,-103,8e5d515b10d8a5ffb324640ed60bcc55,2026-10-09T17:19:42Z
nfl,SEA,SF,2026-10-11T20:25:00Z,Christian McCaffrey,receptions,draftkings,Over,4.5,-129,8e5d515b10d8a5ffb324640ed60bcc55,2026-10-09T17:19:42Z
nfl,SEA,SF,2026-10-11T20:25:00Z,Christian McCaffrey,receptions,draftkings,Under,4.5,101,8e5d515b10d8a5ffb324640ed60bcc55,2026-10-09T17:19:42Z
nfl,SEA,SF,2026-10-11T20:25:00Z,George Kittle,receptions,draftkings,Over,4.5,-123,8e5d515b10d8a5ffb324640ed60bcc55,2026-10-09T17:19:42Z
nfl,SEA,SF,2026-10-11T20:25:00Z,George Kittle,receptions,draftkings,Under,4.5,-103,8e5d515b10d8a5ffb324640ed60bcc55,2026-10-09T17:19:42Z
nfl,SEA,SF,2026-10-11T20:25:00Z,Mike Evans,receptions,draftkings,Over,3.5,-156,8e5d515b10d8a5ffb324640ed60bcc55,2026-10-09T17:19:42Z
nfl,SEA,SF,2026-10-11T20:25:00Z,Mike Evans,receptions,draftkings,Under,3.5,122,8e5d515b10d8a5ffb324640ed60bcc55,2026-10-09T17:19:42Z
nfl,SEA,SF,2026-10-11T20:25:00Z,Deebo Samuel,receptions,draftkings,Over,3.5,-122,8e5d515b10d8a5ffb324640ed60bcc55,2026-10-09T17:19:42Z
nfl,SEA,SF,2026-10-11T20:25:00Z,Deebo Samuel,receptions,draftkings,Under,3.5,-104,8e5d515b10d8a5ffb324640ed60bcc55,2026-10-09T17:19:42Z
nfl,SEA,SF,2026-10-11T20:25:00Z,AJ Barner,receptions,draftkings,Over,2.5,-104,8e5d515b10d8a5ffb324640ed60bcc55,2026-10-09T17:19:42Z
nfl,SEA,SF,2026-10-11T20:25:00Z,AJ Barner,receptions,draftkings,Under,2.5,-123,8e5d515b10d8a5ffb324640ed60bcc55,2026-10-09T17:19:42Z
nfl,SEA,SF,2026-10-11T20:25:00Z,Cooper Kupp,receptions,draftkings,Over,2.5,103,8e5d515b10d8a5ffb324640ed60bcc55,2026-10-09T17:19:42Z
nfl,SEA,SF,2026-10-11T20:25:00Z,Cooper Kupp,receptions,draftkings,Under,2.5,-131,8e5d515b10d8a5ffb324640ed60bcc55,2026-10-09T17:19:42Z
nfl,SEA,SF,2026-10-11T20:25:00Z,Rashid Shaheed,receptions,draftkings,Over,1.5,-183,8e5d515b10d8a5ffb324640ed60bcc55,2026-10-09T17:19:42Z
nfl,SEA,SF,2026-10-11T20:25:00Z,Rashid Shaheed,receptions,draftkings,Under,1.5,142,8e5d515b10d8a5ffb324640ed60bcc55,2026-10-09T17:19:42Z
nfl,SEA,SF,2026-10-11T20:25:00Z,George Holani,receptions,draftkings,Over,1.5,-178,8e5d515b10d8a5ffb324640ed60bcc55,2026-10-09T17:19:42Z
nfl,SEA,SF,2026-10-11T20:25:00Z,George Holani,receptions,draftkings,Under,1.5,139,8e5d515b10d8a5ffb324640ed60bcc55,2026-10-09T17:19:42Z
nfl,SEA,SF,2026-10-11T20:25:00Z,Emanuel Wilson,receptions,draftkings,Over,1.5,-158,8e5d515b10d8a5ffb324640ed60bcc55,2026-10-09T17:19:42Z
nfl,SEA,SF,2026-10-11T20:25:00Z,Emanuel Wilson,receptions,draftkings,Under,1.5,123,8e5d515b10d8a5ffb324640ed60bcc55,2026-10-09T17:19:42Z
nfl,SEA,SF,2026-10-11T20:25:00Z,Tory Horton,receptions,draftkings,Over,1.5,155,8e5d515b10d8a5ffb324640ed60bcc55,2026-10-09T17:19:42Z
nfl,SEA,SF,2026-10-11T20:25:00Z,Tory Horton,receptions,draftkings,Under,1.5,-199,8e5d515b10d8a5ffb324640ed60bcc55,2026-10-09T17:19:42Z
nfl,SEA,SF,2026-10-11T20:25:00Z,Emanuel Wilson,rush_att,draftkings,Over,16.5,-117,8e5d515b10d8a5ffb324640ed60bcc55,2026-10-09T17:19:42Z
nfl,SEA,SF,2026-10-11T20:25:00Z,Emanuel Wilson,rush_att,draftkings,Under,16.5,-109,8e5d515b10d8a5ffb324640ed60bcc55,2026-10-09T17:19:42Z
nfl,SEA,SF,2026-10-11T20:25:00Z,Christian McCaffrey,rush_att,draftkings,Over,14.5,-111,8e5d515b10d8a5ffb324640ed60bcc55,2026-10-09T17:19:42Z
nfl,SEA,SF,2026-10-11T20:25:00Z,Christian McCaffrey,rush_att,draftkings,Under,14.5,-115,8e5d515b10d8a5ffb324640ed60bcc55,2026-10-09T17:19:42Z
nfl,SEA,SF,2026-10-11T20:25:00Z,Emanuel Wilson,rush_yds,draftkings,Over,63.5,-112,8e5d515b10d8a5ffb324640ed60bcc55,2026-10-09T17:19:42Z
nfl,SEA,SF,2026-10-11T20:25:00Z,Emanuel Wilson,rush_yds,draftkings,Under,63.5,-112,8e5d515b10d8a5ffb324640ed60bcc55,2026-10-09T17:19:42Z
nfl,SEA,SF,2026-10-11T20:25:00Z,Christian McCaffrey,rush_yds,draftkings,Over,52.5,-113,8e5d515b10d8a5ffb324640ed60bcc55,2026-10-09T17:19:42Z
nfl,SEA,SF,2026-10-11T20:25:00Z,Christian McCaffrey,rush_yds,draftkings,Under,52.5,-111,8e5d515b10d8a5ffb324640ed60bcc55,2026-10-09T17:19:42Z
nfl,SEA,SF,2026-10-11T20:25:00Z,Brock Purdy,rush_yds,draftkings,Over,22.5,-116,8e5d515b10d8a5ffb324640ed60bcc55,2026-10-09T17:19:42Z
nfl,SEA,SF,2026-10-11T20:25:00Z,Brock Purdy,rush_yds,draftkings,Under,22.5,-108,8e5d515b10d8a5ffb324640ed60bcc55,2026-10-09T17:19:42Z
nfl,SEA,SF,2026-10-11T20:25:00Z,George Holani,rush_yds,draftkings,Over,19.5,-113,8e5d515b10d8a5ffb324640ed60bcc55,2026-10-09T17:19:42Z
nfl,SEA,SF,2026-10-11T20:25:00Z,George Holani,rush_yds,draftkings,Under,19.5,-111,8e5d515b10d8a5ffb324640ed60bcc55,2026-10-09T17:19:42Z
nfl,SEA,SF,2026-10-11T20:25:00Z,Kaelon Black,rush_yds,draftkings,Over,16.5,-109,8e5d515b10d8a5ffb324640ed60bcc55,2026-10-09T17:19:42Z
nfl,SEA,SF,2026-10-11T20:25:00Z,Kaelon Black,rush_yds,draftkings,Under,16.5,-115,8e5d515b10d8a5ffb324640ed60bcc55,2026-10-09T17:19:42Z
nfl,SEA,SF,2026-10-11T20:25:00Z,Deebo Samuel,rush_yds,draftkings,Over,9.5,-105,8e5d515b10d8a5ffb324640ed60bcc55,2026-10-09T17:19:42Z
nfl,SEA,SF,2026-10-11T20:25:00Z,Deebo Samuel,rush_yds,draftkings,Under,9.5,-120,8e5d515b10d8a5ffb324640ed60bcc55,2026-10-09T17:19:42Z
nfl,SEA,SF,2026-10-11T20:25:00Z,Sam Darnold,rush_yds,draftkings,Over,4.5,-120,8e5d515b10d8a5ffb324640ed60bcc55,2026-10-09T17:19:42Z
nfl,SEA,SF,2026-10-11T20:25:00Z,Sam Darnold,rush_yds,draftkings,Under,4.5,-105,8e5d515b10d8a5ffb324640ed60bcc55,2026-10-09T17:19:42Z
nfl,SEA,SF,2026-10-11T20:25:00Z,Christian McCaffrey,anytime_td,fanduel,Yes,,-135,8e5d515b10d8a5ffb324640ed60bcc55,2026-10-09T17:19:45Z
nfl,SEA,SF,2026-10-11T20:25:00Z,Emanuel Wilson,anytime_td,fanduel,Yes,,-115,8e5d515b10d8a5ffb324640ed60bcc55,2026-10-09T17:19:45Z
nfl,SEA,SF,2026-10-11T20:25:00Z,Jaxon Smith-Njigba,anytime_td,fanduel,Yes,,-110,8e5d515b10d8a5ffb324640ed60bcc55,2026-10-09T17:19:45Z
nfl,SEA,SF,2026-10-11T20:25:00Z,George Kittle,anytime_td,fanduel,Yes,,185,8e5d515b10d8a5ffb324640ed60bcc55,2026-10-09T17:19:45Z
nfl,SEA,SF,2026-10-11T20:25:00Z,Mike Evans,anytime_td,fanduel,Yes,,200,8e5d515b10d8a5ffb324640ed60bcc55,2026-10-09T17:19:45Z
nfl,SEA,SF,2026-10-11T20:25:00Z,Deebo Samuel,anytime_td,fanduel,Yes,,230,8e5d515b10d8a5ffb324640ed60bcc55,2026-10-09T17:19:45Z
nfl,SEA,SF,2026-10-11T20:25:00Z,AJ Barner,anytime_td,fanduel,Yes,,290,8e5d515b10d8a5ffb324640ed60bcc55,2026-10-09T17:19:45Z
nfl,SEA,SF,2026-10-11T20:25:00Z,George Holani,anytime_td,fanduel,Yes,,310,8e5d515b10d8a5ffb324640ed60bcc55,2026-10-09T17:19:45Z
nfl,SEA,SF,2026-10-11T20:25:00Z,Cooper Kupp,anytime_td,fanduel,Yes,,330,8e5d515b10d8a5ffb324640ed60bcc55,2026-10-09T17:19:45Z
nfl,SEA,SF,2026-10-11T20:25:00Z,Rashid Shaheed,anytime_td,fanduel,Yes,,330,8e5d515b10d8a5ffb324640ed60bcc55,2026-10-09T17:19:45Z
nfl,SEA,SF,2026-10-11T20:25:00Z,Brock Purdy,anytime_td,fanduel,Yes,,550,8e5d515b10d8a5ffb324640ed60bcc55,2026-10-09T17:19:45Z
nfl,SEA,SF,2026-10-11T20:25:00Z,Tory Horton,anytime_td,fanduel,Yes,,550,8e5d515b10d8a5ffb324640ed60bcc55,2026-10-09T17:19:45Z
nfl,SEA,SF,2026-10-11T20:25:00Z,Seattle Seahawks Defense,anytime_td,fanduel,Yes,,700,8e5d515b10d8a5ffb324640ed60bcc55,2026-10-09T17:19:45Z
nfl,SEA,SF,2026-10-11T20:25:00Z,Jacob Cowing,anytime_td,fanduel,Yes,,750,8e5d515b10d8a5ffb324640ed60bcc55,2026-10-09T17:19:45Z
nfl,SEA,SF,2026-10-11T20:25:00Z,Brandin Cooks,anytime_td,fanduel,Yes,,750,8e5d515b10d8a5ffb324640ed60bcc55,2026-10-09T17:19:45Z
nfl,SEA,SF,2026-10-11T20:25:00Z,Kaelon Black,anytime_td,fanduel,Yes,,850,8e5d515b10d8a5ffb324640ed60bcc55,2026-10-09T17:19:45Z
nfl,SEA,SF,2026-10-11T20:25:00Z,Elijah Arroyo,anytime_td,fanduel,Yes,,850,8e5d515b10d8a5ffb324640ed60bcc55,2026-10-09T17:19:45Z
nfl,SEA,SF,2026-10-11T20:25:00Z,Sam Darnold,anytime_td,fanduel,Yes,,950,8e5d515b10d8a5ffb324640ed60bcc55,2026-10-09T17:19:45Z
nfl,SEA,SF,2026-10-11T20:25:00Z,San Francisco 49ers Defense,anytime_td,fanduel,Yes,,1000,8e5d515b10d8a5ffb324640ed60bcc55,2026-10-09T17:19:45Z
nfl,SEA,SF,2026-10-11T20:25:00Z,Eric Saubert,anytime_td,fanduel,Yes,,1300,8e5d515b10d8a5ffb324640ed60bcc55,2026-10-09T17:19:45Z
nfl,SEA,SF,2026-10-11T20:25:00Z,Luke Farrell,anytime_td,fanduel,Yes,,1300,8e5d515b10d8a5ffb324640ed60bcc55,2026-10-09T17:19:45Z
nfl,SEA,SF,2026-10-11T20:25:00Z,Brayden Willis,anytime_td,fanduel,Yes,,1300,8e5d515b10d8a5ffb324640ed60bcc55,2026-10-09T17:19:45Z
nfl,SEA,SF,2026-10-11T20:25:00Z,Jordan Watkins,anytime_td,fanduel,Yes,,1400,8e5d515b10d8a5ffb324640ed60bcc55,2026-10-09T17:19:45Z
nfl,SEA,SF,2026-10-11T20:25:00Z,Velus Jones Jr.,anytime_td,fanduel,Yes,,1600,8e5d515b10d8a5ffb324640ed60bcc55,2026-10-09T17:19:45Z
nfl,SEA,SF,2026-10-11T20:25:00Z,Brady Russell,anytime_td,fanduel,Yes,,2500,8e5d515b10d8a5ffb324640ed60bcc55,2026-10-09T17:19:45Z
nfl,SEA,SF,2026-10-11T20:25:00Z,James Jordan,anytime_td,fanduel,Yes,,2700,8e5d515b10d8a5ffb324640ed60bcc55,2026-10-09T17:19:45Z
nfl,SEA,SF,2026-10-11T20:25:00Z,Nick Kallerup,anytime_td,fanduel,Yes,,4000,8e5d515b10d8a5ffb324640ed60bcc55,2026-10-09T17:19:45Z
nfl,SEA,SF,2026-10-11T20:25:00Z,Montorie Foster Jr.,anytime_td,fanduel,Yes,,7000,8e5d515b10d8a5ffb324640ed60bcc55,2026-10-09T17:19:45Z
nfl,SEA,SF,2026-10-11T20:25:00Z,Brock Purdy,pass_td,fanduel,Over,1.5,102,8e5d515b10d8a5ffb324640ed60bcc55,2026-10-09T17:19:45Z
nfl,SEA,SF,2026-10-11T20:25:00Z,Brock Purdy,pass_td,fanduel,Under,1.5,-136,8e5d515b10d8a5ffb324640ed60bcc55,2026-10-09T17:19:45Z
nfl,SEA,SF,2026-10-11T20:25:00Z,Sam Darnold,pass_td,fanduel,Over,1.5,-130,8e5d515b10d8a5ffb324640ed60bcc55,2026-10-09T17:19:45Z
nfl,SEA,SF,2026-10-11T20:25:00Z,Sam Darnold,pass_td,fanduel,Under,1.5,-102,8e5d515b10d8a5ffb324640ed60bcc55,2026-10-09T17:19:45Z
nfl,SEA,SF,2026-10-11T20:25:00Z,Sam Darnold,pass_yds,fanduel,Over,231.5,-114,8e5d515b10d8a5ffb324640ed60bcc55,2026-10-09T17:19:45Z
nfl,SEA,SF,2026-10-11T20:25:00Z,Sam Darnold,pass_yds,fanduel,Under,231.5,-114,8e5d515b10d8a5ffb324640ed60bcc55,2026-10-09T17:19:45Z
nfl,SEA,SF,2026-10-11T20:25:00Z,Brock Purdy,pass_yds,fanduel,Over,228.5,-114,8e5d515b10d8a5ffb324640ed60bcc55,2026-10-09T17:19:45Z
nfl,SEA,SF,2026-10-11T20:25:00Z,Brock Purdy,pass_yds,fanduel,Under,228.5,-114,8e5d515b10d8a5ffb324640ed60bcc55,2026-10-09T17:19:45Z
nfl,SEA,SF,2026-10-11T20:25:00Z,Mike Evans,rec_yds,fanduel,Over,50.5,-114,8e5d515b10d8a5ffb324640ed60bcc55,2026-10-09T17:19:45Z
nfl,SEA,SF,2026-10-11T20:25:00Z,Mike Evans,rec_yds,fanduel,Under,50.5,-114,8e5d515b10d8a5ffb324640ed60bcc55,2026-10-09T17:19:45Z
nfl,SEA,SF,2026-10-11T20:25:00Z,Christian McCaffrey,rec_yds,fanduel,Over,35.5,-114,8e5d515b10d8a5ffb324640ed60bcc55,2026-10-09T17:19:45Z
nfl,SEA,SF,2026-10-11T20:25:00Z,Christian McCaffrey,rec_yds,fanduel,Under,35.5,-114,8e5d515b10d8a5ffb324640ed60bcc55,2026-10-09T17:19:45Z
nfl,SEA,SF,2026-10-11T20:25:00Z,George Holani,rec_yds,fanduel,Over,9.5,-114,8e5d515b10d8a5ffb324640ed60bcc55,2026-10-09T17:19:45Z
nfl,SEA,SF,2026-10-11T20:25:00Z,George Holani,rec_yds,fanduel,Under,9.5,-114,8e5d515b10d8a5ffb324640ed60bcc55,2026-10-09T17:19:45Z
nfl,SEA,SF,2026-10-11T20:25:00Z,Tory Horton,rec_yds,fanduel,Over,11.5,-114,8e5d515b10d8a5ffb324640ed60bcc55,2026-10-09T17:19:45Z
nfl,SEA,SF,2026-10-11T20:25:00Z,Tory Horton,rec_yds,fanduel,Under,11.5,-114,8e5d515b10d8a5ffb324640ed60bcc55,2026-10-09T17:19:45Z
nfl,SEA,SF,2026-10-11T20:25:00Z,AJ Barner,rec_yds,fanduel,Over,23.5,-114,8e5d515b10d8a5ffb324640ed60bcc55,2026-10-09T17:19:45Z
nfl,SEA,SF,2026-10-11T20:25:00Z,AJ Barner,rec_yds,fanduel,Under,23.5,-114,8e5d515b10d8a5ffb324640ed60bcc55,2026-10-09T17:19:45Z
nfl,SEA,SF,2026-10-11T20:25:00Z,Emanuel Wilson,rec_yds,fanduel,Over,11.5,-114,8e5d515b10d8a5ffb324640ed60bcc55,2026-10-09T17:19:45Z
nfl,SEA,SF,2026-10-11T20:25:00Z,Emanuel Wilson,rec_yds,fanduel,Under,11.5,-114,8e5d515b10d8a5ffb324640ed60bcc55,2026-10-09T17:19:45Z
nfl,SEA,SF,2026-10-11T20:25:00Z,Deebo Samuel,rec_yds,fanduel,Over,34.5,-114,8e5d515b10d8a5ffb324640ed60bcc55,2026-10-09T17:19:45Z
nfl,SEA,SF,2026-10-11T20:25:00Z,Deebo Samuel,rec_yds,fanduel,Under,34.5,-114,8e5d515b10d8a5ffb324640ed60bcc55,2026-10-09T17:19:45Z
nfl,SEA,SF,2026-10-11T20:25:00Z,Cooper Kupp,rec_yds,fanduel,Over,23.5,-114,8e5d515b10d8a5ffb324640ed60bcc55,2026-10-09T17:19:45Z
nfl,SEA,SF,2026-10-11T20:25:00Z,Cooper Kupp,rec_yds,fanduel,Under,23.5,-114,8e5d515b10d8a5ffb324640ed60bcc55,2026-10-09T17:19:45Z
nfl,SEA,SF,2026-10-11T20:25:00Z,Rashid Shaheed,rec_yds,fanduel,Over,20.5,-114,8e5d515b10d8a5ffb324640ed60bcc55,2026-10-09T17:19:45Z
nfl,SEA,SF,2026-10-11T20:25:00Z,Rashid Shaheed,rec_yds,fanduel,Under,20.5,-114,8e5d515b10d8a5ffb324640ed60bcc55,2026-10-09T17:19:45Z
nfl,SEA,SF,2026-10-11T20:25:00Z,George Kittle,rec_yds,fanduel,Over,54.5,-114,8e5d515b10d8a5ffb324640ed60bcc55,2026-10-09T17:19:45Z
nfl,SEA,SF,2026-10-11T20:25:00Z,George Kittle,rec_yds,fanduel,Under,54.5,-114,8e5d515b10d8a5ffb324640ed60bcc55,2026-10-09T17:19:45Z
nfl,SEA,SF,2026-10-11T20:25:00Z,Jaxon Smith-Njigba,rec_yds,fanduel,Over,94.5,-114,8e5d515b10d8a5ffb324640ed60bcc55,2026-10-09T17:19:45Z
nfl,SEA,SF,2026-10-11T20:25:00Z,Jaxon Smith-Njigba,rec_yds,fanduel,Under,94.5,-114,8e5d515b10d8a5ffb324640ed60bcc55,2026-10-09T17:19:45Z
nfl,SEA,SF,2026-10-11T20:25:00Z,AJ Barner,receptions,fanduel,Over,2.5,-122,8e5d515b10d8a5ffb324640ed60bcc55,2026-10-09T17:19:45Z
nfl,SEA,SF,2026-10-11T20:25:00Z,AJ Barner,receptions,fanduel,Under,2.5,-108,8e5d515b10d8a5ffb324640ed60bcc55,2026-10-09T17:19:45Z
nfl,SEA,SF,2026-10-11T20:25:00Z,Jaxon Smith-Njigba,receptions,fanduel,Over,6.5,-130,8e5d515b10d8a5ffb324640ed60bcc55,2026-10-09T17:19:45Z
nfl,SEA,SF,2026-10-11T20:25:00Z,Jaxon Smith-Njigba,receptions,fanduel,Under,6.5,-102,8e5d515b10d8a5ffb324640ed60bcc55,2026-10-09T17:19:45Z
nfl,SEA,SF,2026-10-11T20:25:00Z,Emanuel Wilson,receptions,fanduel,Over,1.5,-200,8e5d515b10d8a5ffb324640ed60bcc55,2026-10-09T17:19:45Z
nfl,SEA,SF,2026-10-11T20:25:00Z,Emanuel Wilson,receptions,fanduel,Under,1.5,148,8e5d515b10d8a5ffb324640ed60bcc55,2026-10-09T17:19:45Z
nfl,SEA,SF,2026-10-11T20:25:00Z,George Holani,receptions,fanduel,Over,1.5,-162,8e5d515b10d8a5ffb324640ed60bcc55,2026-10-09T17:19:45Z
nfl,SEA,SF,2026-10-11T20:25:00Z,George Holani,receptions,fanduel,Under,1.5,122,8e5d515b10d8a5ffb324640ed60bcc55,2026-10-09T17:19:45Z
nfl,SEA,SF,2026-10-11T20:25:00Z,Christian McCaffrey,receptions,fanduel,Over,4.5,-125,8e5d515b10d8a5ffb324640ed60bcc55,2026-10-09T17:19:45Z
nfl,SEA,SF,2026-10-11T20:25:00Z,Christian McCaffrey,receptions,fanduel,Under,4.5,-106,8e5d515b10d8a5ffb324640ed60bcc55,2026-10-09T17:19:45Z
nfl,SEA,SF,2026-10-11T20:25:00Z,Cooper Kupp,receptions,fanduel,Over,2.5,116,8e5d515b10d8a5ffb324640ed60bcc55,2026-10-09T17:19:45Z
nfl,SEA,SF,2026-10-11T20:25:00Z,Cooper Kupp,receptions,fanduel,Under,2.5,-154,8e5d515b10d8a5ffb324640ed60bcc55,2026-10-09T17:19:45Z
nfl,SEA,SF,2026-10-11T20:25:00Z,George Kittle,receptions,fanduel,Over,4.5,-106,8e5d515b10d8a5ffb324640ed60bcc55,2026-10-09T17:19:45Z
nfl,SEA,SF,2026-10-11T20:25:00Z,George Kittle,receptions,fanduel,Under,4.5,-125,8e5d515b10d8a5ffb324640ed60bcc55,2026-10-09T17:19:45Z
nfl,SEA,SF,2026-10-11T20:25:00Z,Rashid Shaheed,receptions,fanduel,Over,1.5,-188,8e5d515b10d8a5ffb324640ed60bcc55,2026-10-09T17:19:45Z
nfl,SEA,SF,2026-10-11T20:25:00Z,Rashid Shaheed,receptions,fanduel,Under,1.5,140,8e5d515b10d8a5ffb324640ed60bcc55,2026-10-09T17:19:45Z
nfl,SEA,SF,2026-10-11T20:25:00Z,Mike Evans,receptions,fanduel,Over,3.5,-180,8e5d515b10d8a5ffb324640ed60bcc55,2026-10-09T17:19:45Z
nfl,SEA,SF,2026-10-11T20:25:00Z,Mike Evans,receptions,fanduel,Under,3.5,134,8e5d515b10d8a5ffb324640ed60bcc55,2026-10-09T17:19:45Z
nfl,SEA,SF,2026-10-11T20:25:00Z,Deebo Samuel,receptions,fanduel,Over,3.5,-130,8e5d515b10d8a5ffb324640ed60bcc55,2026-10-09T17:19:45Z
nfl,SEA,SF,2026-10-11T20:25:00Z,Deebo Samuel,receptions,fanduel,Under,3.5,-102,8e5d515b10d8a5ffb324640ed60bcc55,2026-10-09T17:19:45Z
nfl,SEA,SF,2026-10-11T20:25:00Z,Tory Horton,receptions,fanduel,Over,1.5,148,8e5d515b10d8a5ffb324640ed60bcc55,2026-10-09T17:19:45Z
nfl,SEA,SF,2026-10-11T20:25:00Z,Tory Horton,receptions,fanduel,Under,1.5,-200,8e5d515b10d8a5ffb324640ed60bcc55,2026-10-09T17:19:45Z
nfl,SEA,SF,2026-10-11T20:25:00Z,Kaelon Black,rush_yds,fanduel,Over,16.5,-114,8e5d515b10d8a5ffb324640ed60bcc55,2026-10-09T17:19:45Z
nfl,SEA,SF,2026-10-11T20:25:00Z,Kaelon Black,rush_yds,fanduel,Under,16.5,-114,8e5d515b10d8a5ffb324640ed60bcc55,2026-10-09T17:19:45Z
nfl,SEA,SF,2026-10-11T20:25:00Z,Brock Purdy,rush_yds,fanduel,Over,22.5,-114,8e5d515b10d8a5ffb324640ed60bcc55,2026-10-09T17:19:45Z
nfl,SEA,SF,2026-10-11T20:25:00Z,Brock Purdy,rush_yds,fanduel,Under,22.5,-114,8e5d515b10d8a5ffb324640ed60bcc55,2026-10-09T17:19:45Z
nfl,SEA,SF,2026-10-11T20:25:00Z,Christian McCaffrey,rush_yds,fanduel,Over,51.5,-114,8e5d515b10d8a5ffb324640ed60bcc55,2026-10-09T17:19:45Z
nfl,SEA,SF,2026-10-11T20:25:00Z,Christian McCaffrey,rush_yds,fanduel,Under,51.5,-114,8e5d515b10d8a5ffb324640ed60bcc55,2026-10-09T17:19:45Z
nfl,SEA,SF,2026-10-11T20:25:00Z,Emanuel Wilson,rush_yds,fanduel,Over,62.5,-114,8e5d515b10d8a5ffb324640ed60bcc55,2026-10-09T17:19:45Z
nfl,SEA,SF,2026-10-11T20:25:00Z,Emanuel Wilson,rush_yds,fanduel,Under,62.5,-114,8e5d515b10d8a5ffb324640ed60bcc55,2026-10-09T17:19:45Z
nfl,SEA,SF,2026-10-11T20:25:00Z,George Holani,rush_yds,fanduel,Over,19.5,-114,8e5d515b10d8a5ffb324640ed60bcc55,2026-10-09T17:19:45Z
nfl,SEA,SF,2026-10-11T20:25:00Z,George Holani,rush_yds,fanduel,Under,19.5,-114,8e5d515b10d8a5ffb324640ed60bcc55,2026-10-09T17:19:45Z
nfl,SEA,SF,2026-10-11T20:25:00Z,Sam Darnold,rush_yds,fanduel,Over,4.5,-120,8e5d515b10d8a5ffb324640ed60bcc55,2026-10-09T17:19:45Z
nfl,SEA,SF,2026-10-11T20:25:00Z,Sam Darnold,rush_yds,fanduel,Under,4.5,-108,8e5d515b10d8a5ffb324640ed60bcc55,2026-10-09T17:19:45Z
nfl,SEA,SF,2026-10-11T20:25:00Z,Deebo Samuel,rush_yds,fanduel,Over,8.5,-114,8e5d515b10d8a5ffb324640ed60bcc55,2026-10-09T17:19:45Z
nfl,SEA,SF,2026-10-11T20:25:00Z,Deebo Samuel,rush_yds,fanduel,Under,8.5,-114,8e5d515b10d8a5ffb324640ed60bcc55,2026-10-09T17:19:45Z
nfl,SEA,SF,2026-10-11T20:25:00Z,Tory Horton,anytime_td,betrivers,Yes,,550,8e5d515b10d8a5ffb324640ed60bcc55,2026-10-09T17:19:42Z
nfl,SEA,SF,2026-10-11T20:25:00Z,Velus Jones Jr.,anytime_td,betrivers,Yes,,600,8e5d515b10d8a5ffb324640ed60bcc55,2026-10-09T17:19:42Z
nfl,SEA,SF,2026-10-11T20:25:00Z,Christian McCaffrey,anytime_td,betrivers,Yes,,-141,8e5d515b10d8a5ffb324640ed60bcc55,2026-10-09T17:19:42Z
nfl,SEA,SF,2026-10-11T20:25:00Z,Deebo Samuel,anytime_td,betrivers,Yes,,225,8e5d515b10d8a5ffb324640ed60bcc55,2026-10-09T17:19:42Z
nfl,SEA,SF,2026-10-11T20:25:00Z,Brandin Cooks,anytime_td,betrivers,Yes,,650,8e5d515b10d8a5ffb324640ed60bcc55,2026-10-09T17:19:42Z
nfl,SEA,SF,2026-10-11T20:25:00Z,Elijah Arroyo,anytime_td,betrivers,Yes,,850,8e5d515b10d8a5ffb324640ed60bcc55,2026-10-09T17:19:42Z
nfl,SEA,SF,2026-10-11T20:25:00Z,Mike Evans,anytime_td,betrivers,Yes,,185,8e5d515b10d8a5ffb324640ed60bcc55,2026-10-09T17:19:42Z
nfl,SEA,SF,2026-10-11T20:25:00Z,Jaxon Smith-Njigba,anytime_td,betrivers,Yes,,-117,8e5d515b10d8a5ffb324640ed60bcc55,2026-10-09T17:19:42Z
nfl,SEA,SF,2026-10-11T20:25:00Z,Malik Turner,anytime_td,betrivers,Yes,,1600,8e5d515b10d8a5ffb324640ed60bcc55,2026-10-09T17:19:42Z
nfl,SEA,SF,2026-10-11T20:25:00Z,Brayden Willis,anytime_td,betrivers,Yes,,1400,8e5d515b10d8a5ffb324640ed60bcc55,2026-10-09T17:19:42Z
nfl,SEA,SF,2026-10-11T20:25:00Z,George Holani,anytime_td,betrivers,Yes,,240,8e5d515b10d8a5ffb324640ed60bcc55,2026-10-09T17:19:42Z
nfl,SEA,SF,2026-10-11T20:25:00Z,Cooper Kupp,anytime_td,betrivers,Yes,,330,8e5d515b10d8a5ffb324640ed60bcc55,2026-10-09T17:19:42Z
nfl,SEA,SF,2026-10-11T20:25:00Z,AJ Barner,anytime_td,betrivers,Yes,,270,8e5d515b10d8a5ffb324640ed60bcc55,2026-10-09T17:19:42Z
nfl,SEA,SF,2026-10-11T20:25:00Z,Emanuel Wilson,anytime_td,betrivers,Yes,,-120,8e5d515b10d8a5ffb324640ed60bcc55,2026-10-09T17:19:42Z
nfl,SEA,SF,2026-10-11T20:25:00Z,George Kittle,anytime_td,betrivers,Yes,,180,8e5d515b10d8a5ffb324640ed60bcc55,2026-10-09T17:19:42Z
nfl,SEA,SF,2026-10-11T20:25:00Z,Sam Darnold,anytime_td,betrivers,Yes,,800,8e5d515b10d8a5ffb324640ed60bcc55,2026-10-09T17:19:42Z
nfl,SEA,SF,2026-10-11T20:25:00Z,Rashid Shaheed,anytime_td,betrivers,Yes,,320,8e5d515b10d8a5ffb324640ed60bcc55,2026-10-09T17:19:42Z
nfl,SEA,SF,2026-10-11T20:25:00Z,Brock Purdy,anytime_td,betrivers,Yes,,450,8e5d515b10d8a5ffb324640ed60bcc55,2026-10-09T17:19:42Z
nfl,SEA,SF,2026-10-11T20:25:00Z,James Jordan,anytime_td,betrivers,Yes,,2800,8e5d515b10d8a5ffb324640ed60bcc55,2026-10-09T17:19:42Z
nfl,SEA,SF,2026-10-11T20:25:00Z,Jacob Cowing,anytime_td,betrivers,Yes,,900,8e5d515b10d8a5ffb324640ed60bcc55,2026-10-09T17:19:42Z
nfl,SEA,SF,2026-10-11T20:25:00Z,Montorie Foster Jr.,anytime_td,betrivers,Yes,,1700,8e5d515b10d8a5ffb324640ed60bcc55,2026-10-09T17:19:42Z
nfl,SEA,SF,2026-10-11T20:25:00Z,Luke Farrell,anytime_td,betrivers,Yes,,1000,8e5d515b10d8a5ffb324640ed60bcc55,2026-10-09T17:19:42Z
nfl,SEA,SF,2026-10-11T20:25:00Z,Nick Kallerup,anytime_td,betrivers,Yes,,2200,8e5d515b10d8a5ffb324640ed60bcc55,2026-10-09T17:19:42Z
nfl,SEA,SF,2026-10-11T20:25:00Z,Eric Saubert,anytime_td,betrivers,Yes,,2000,8e5d515b10d8a5ffb324640ed60bcc55,2026-10-09T17:19:42Z
nfl,SEA,SF,2026-10-11T20:25:00Z,Jordan Watkins,anytime_td,betrivers,Yes,,1200,8e5d515b10d8a5ffb324640ed60bcc55,2026-10-09T17:19:42Z
nfl,SEA,SF,2026-10-11T20:25:00Z,Kaelon Black,anytime_td,betrivers,Yes,,600,8e5d515b10d8a5ffb324640ed60bcc55,2026-10-09T17:19:42Z
nfl,SEA,SF,2026-10-11T20:25:00Z,Sam Darnold,completions,betrivers,Over,19.5,-134,8e5d515b10d8a5ffb324640ed60bcc55,2026-10-09T17:19:42Z
nfl,SEA,SF,2026-10-11T20:25:00Z,Brock Purdy,completions,betrivers,Over,21.5,-106,8e5d515b10d8a5ffb324640ed60bcc55,2026-10-09T17:19:42Z
nfl,SEA,SF,2026-10-11T20:25:00Z,Sam Darnold,pass_td,betrivers,Over,1.5,-108,8e5d515b10d8a5ffb324640ed60bcc55,2026-10-09T17:19:42Z
nfl,SEA,SF,2026-10-11T20:25:00Z,Sam Darnold,pass_td,betrivers,Under,1.5,-124,8e5d515b10d8a5ffb324640ed60bcc55,2026-10-09T17:19:42Z
nfl,SEA,SF,2026-10-11T20:25:00Z,Brock Purdy,pass_td,betrivers,Over,1.5,-103,8e5d515b10d8a5ffb324640ed60bcc55,2026-10-09T17:19:42Z
nfl,SEA,SF,2026-10-11T20:25:00Z,Brock Purdy,pass_td,betrivers,Under,1.5,-129,8e5d515b10d8a5ffb324640ed60bcc55,2026-10-09T17:19:42Z
nfl,SEA,SF,2026-10-11T20:25:00Z,Sam Darnold,pass_yds,betrivers,Over,232.5,-115,8e5d515b10d8a5ffb324640ed60bcc55,2026-10-09T17:19:42Z
nfl,SEA,SF,2026-10-11T20:25:00Z,Sam Darnold,pass_yds,betrivers,Under,232.5,-114,8e5d515b10d8a5ffb324640ed60bcc55,2026-10-09T17:19:42Z
nfl,SEA,SF,2026-10-11T20:25:00Z,Brock Purdy,pass_yds,betrivers,Over,226.5,-115,8e5d515b10d8a5ffb324640ed60bcc55,2026-10-09T17:19:42Z
nfl,SEA,SF,2026-10-11T20:25:00Z,Brock Purdy,pass_yds,betrivers,Under,226.5,-115,8e5d515b10d8a5ffb324640ed60bcc55,2026-10-09T17:19:42Z
nfl,SEA,SF,2026-10-11T20:25:00Z,George Kittle,rec_yds,betrivers,Over,53.5,-117,8e5d515b10d8a5ffb324640ed60bcc55,2026-10-09T17:19:42Z
nfl,SEA,SF,2026-10-11T20:25:00Z,George Kittle,rec_yds,betrivers,Under,53.5,-113,8e5d515b10d8a5ffb324640ed60bcc55,2026-10-09T17:19:42Z
nfl,SEA,SF,2026-10-11T20:25:00Z,Emanuel Wilson,rec_yds,betrivers,Over,10.5,-122,8e5d515b10d8a5ffb324640ed60bcc55,2026-10-09T17:19:42Z
nfl,SEA,SF,2026-10-11T20:25:00Z,Emanuel Wilson,rec_yds,betrivers,Under,10.5,-109,8e5d515b10d8a5ffb324640ed60bcc55,2026-10-09T17:19:42Z
nfl,SEA,SF,2026-10-11T20:25:00Z,George Holani,rec_yds,betrivers,Over,8.5,-122,8e5d515b10d8a5ffb324640ed60bcc55,2026-10-09T17:19:42Z
nfl,SEA,SF,2026-10-11T20:25:00Z,George Holani,rec_yds,betrivers,Under,8.5,-109,8e5d515b10d8a5ffb324640ed60bcc55,2026-10-09T17:19:42Z
nfl,SEA,SF,2026-10-11T20:25:00Z,Deebo Samuel,rec_yds,betrivers,Over,33.5,-117,8e5d515b10d8a5ffb324640ed60bcc55,2026-10-09T17:19:42Z
nfl,SEA,SF,2026-10-11T20:25:00Z,Deebo Samuel,rec_yds,betrivers,Under,33.5,-114,8e5d515b10d8a5ffb324640ed60bcc55,2026-10-09T17:19:42Z
nfl,SEA,SF,2026-10-11T20:25:00Z,Mike Evans,rec_yds,betrivers,Over,50.5,-114,8e5d515b10d8a5ffb324640ed60bcc55,2026-10-09T17:19:42Z
nfl,SEA,SF,2026-10-11T20:25:00Z,Mike Evans,rec_yds,betrivers,Under,50.5,-117,8e5d515b10d8a5ffb324640ed60bcc55,2026-10-09T17:19:42Z
nfl,SEA,SF,2026-10-11T20:25:00Z,Christian McCaffrey,rec_yds,betrivers,Over,35.5,-115,8e5d515b10d8a5ffb324640ed60bcc55,2026-10-09T17:19:42Z
nfl,SEA,SF,2026-10-11T20:25:00Z,Christian McCaffrey,rec_yds,betrivers,Under,35.5,-115,8e5d515b10d8a5ffb324640ed60bcc55,2026-10-09T17:19:42Z
nfl,SEA,SF,2026-10-11T20:25:00Z,Rashid Shaheed,rec_yds,betrivers,Over,21.5,-115,8e5d515b10d8a5ffb324640ed60bcc55,2026-10-09T17:19:42Z
nfl,SEA,SF,2026-10-11T20:25:00Z,Rashid Shaheed,rec_yds,betrivers,Under,21.5,-115,8e5d515b10d8a5ffb324640ed60bcc55,2026-10-09T17:19:42Z
nfl,SEA,SF,2026-10-11T20:25:00Z,Tory Horton,rec_yds,betrivers,Over,9.5,-115,8e5d515b10d8a5ffb324640ed60bcc55,2026-10-09T17:19:42Z
nfl,SEA,SF,2026-10-11T20:25:00Z,Tory Horton,rec_yds,betrivers,Under,9.5,-115,8e5d515b10d8a5ffb324640ed60bcc55,2026-10-09T17:19:42Z
nfl,SEA,SF,2026-10-11T20:25:00Z,Cooper Kupp,rec_yds,betrivers,Over,25.5,-120,8e5d515b10d8a5ffb324640ed60bcc55,2026-10-09T17:19:42Z
nfl,SEA,SF,2026-10-11T20:25:00Z,Cooper Kupp,rec_yds,betrivers,Under,25.5,-112,8e5d515b10d8a5ffb324640ed60bcc55,2026-10-09T17:19:42Z
nfl,SEA,SF,2026-10-11T20:25:00Z,Jaxon Smith-Njigba,rec_yds,betrivers,Over,95.5,-117,8e5d515b10d8a5ffb324640ed60bcc55,2026-10-09T17:19:42Z
nfl,SEA,SF,2026-10-11T20:25:00Z,Jaxon Smith-Njigba,rec_yds,betrivers,Under,95.5,-114,8e5d515b10d8a5ffb324640ed60bcc55,2026-10-09T17:19:42Z
nfl,SEA,SF,2026-10-11T20:25:00Z,AJ Barner,rec_yds,betrivers,Over,22.5,-117,8e5d515b10d8a5ffb324640ed60bcc55,2026-10-09T17:19:42Z
nfl,SEA,SF,2026-10-11T20:25:00Z,AJ Barner,rec_yds,betrivers,Under,22.5,-113,8e5d515b10d8a5ffb324640ed60bcc55,2026-10-09T17:19:42Z
nfl,SEA,SF,2026-10-11T20:25:00Z,Cooper Kupp,receptions,betrivers,Over,2.5,105,8e5d515b10d8a5ffb324640ed60bcc55,2026-10-09T17:19:42Z
nfl,SEA,SF,2026-10-11T20:25:00Z,Deebo Samuel,receptions,betrivers,Over,3.5,-110,8e5d515b10d8a5ffb324640ed60bcc55,2026-10-09T17:19:42Z
nfl,SEA,SF,2026-10-11T20:25:00Z,George Kittle,receptions,betrivers,Over,4.5,-117,8e5d515b10d8a5ffb324640ed60bcc55,2026-10-09T17:19:42Z
nfl,SEA,SF,2026-10-11T20:25:00Z,Tory Horton,receptions,betrivers,Over,1.5,160,8e5d515b10d8a5ffb324640ed60bcc55,2026-10-09T17:19:42Z
nfl,SEA,SF,2026-10-11T20:25:00Z,Mike Evans,receptions,betrivers,Over,3.5,-165,8e5d515b10d8a5ffb324640ed60bcc55,2026-10-09T17:19:42Z
nfl,SEA,SF,2026-10-11T20:25:00Z,Emanuel Wilson,receptions,betrivers,Over,1.5,-175,8e5d515b10d8a5ffb324640ed60bcc55,2026-10-09T17:19:42Z
nfl,SEA,SF,2026-10-11T20:25:00Z,Rashid Shaheed,receptions,betrivers,Over,1.5,-180,8e5d515b10d8a5ffb324640ed60bcc55,2026-10-09T17:19:42Z
nfl,SEA,SF,2026-10-11T20:25:00Z,AJ Barner,receptions,betrivers,Over,2.5,-108,8e5d515b10d8a5ffb324640ed60bcc55,2026-10-09T17:19:42Z
nfl,SEA,SF,2026-10-11T20:25:00Z,Jaxon Smith-Njigba,receptions,betrivers,Over,6.5,-143,8e5d515b10d8a5ffb324640ed60bcc55,2026-10-09T17:19:42Z
nfl,SEA,SF,2026-10-11T20:25:00Z,Christian McCaffrey,receptions,betrivers,Over,4.5,-132,8e5d515b10d8a5ffb324640ed60bcc55,2026-10-09T17:19:42Z
nfl,SEA,SF,2026-10-11T20:25:00Z,Kaelon Black,rush_yds,betrivers,Over,15.5,-110,8e5d515b10d8a5ffb324640ed60bcc55,2026-10-09T17:19:42Z
nfl,SEA,SF,2026-10-11T20:25:00Z,Kaelon Black,rush_yds,betrivers,Under,15.5,-120,8e5d515b10d8a5ffb324640ed60bcc55,2026-10-09T17:19:42Z
nfl,SEA,SF,2026-10-11T20:25:00Z,Sam Darnold,rush_yds,betrivers,Over,5.5,-106,8e5d515b10d8a5ffb324640ed60bcc55,2026-10-09T17:19:42Z
nfl,SEA,SF,2026-10-11T20:25:00Z,Sam Darnold,rush_yds,betrivers,Under,5.5,-125,8e5d515b10d8a5ffb324640ed60bcc55,2026-10-09T17:19:42Z
nfl,SEA,SF,2026-10-11T20:25:00Z,George Holani,rush_yds,betrivers,Over,20.5,-112,8e5d515b10d8a5ffb324640ed60bcc55,2026-10-09T17:19:42Z
nfl,SEA,SF,2026-10-11T20:25:00Z,George Holani,rush_yds,betrivers,Under,20.5,-120,8e5d515b10d8a5ffb324640ed60bcc55,2026-10-09T17:19:42Z
nfl,SEA,SF,2026-10-11T20:25:00Z,Christian McCaffrey,rush_yds,betrivers,Over,50.5,-117,8e5d515b10d8a5ffb324640ed60bcc55,2026-10-09T17:19:42Z
nfl,SEA,SF,2026-10-11T20:25:00Z,Christian McCaffrey,rush_yds,betrivers,Under,50.5,-114,8e5d515b10d8a5ffb324640ed60bcc55,2026-10-09T17:19:42Z
nfl,SEA,SF,2026-10-11T20:25:00Z,Brock Purdy,rush_yds,betrivers,Over,21.5,-114,8e5d515b10d8a5ffb324640ed60bcc55,2026-10-09T17:19:42Z
nfl,SEA,SF,2026-10-11T20:25:00Z,Brock Purdy,rush_yds,betrivers,Under,21.5,-117,8e5d515b10d8a5ffb324640ed60bcc55,2026-10-09T17:19:42Z
nfl,SEA,SF,2026-10-11T20:25:00Z,Emanuel Wilson,rush_yds,betrivers,Over,64.5,-112,8e5d515b10d8a5ffb324640ed60bcc55,2026-10-09T17:19:42Z
nfl,SEA,SF,2026-10-11T20:25:00Z,Emanuel Wilson,rush_yds,betrivers,Under,64.5,-118,8e5d515b10d8a5ffb324640ed60bcc55,2026-10-09T17:19:42Z
nfl,SEA,SF,2026-10-11T20:25:00Z,Tory Horton,anytime_td,betmgm,Yes,,625,8e5d515b10d8a5ffb324640ed60bcc55,2026-10-09T17:20:15Z
nfl,SEA,SF,2026-10-11T20:25:00Z,Rashid Shaheed,anytime_td,betmgm,Yes,,310,8e5d515b10d8a5ffb324640ed60bcc55,2026-10-09T17:20:15Z
nfl,SEA,SF,2026-10-11T20:25:00Z,Jaxon Smith-Njigba,anytime_td,betmgm,Yes,,-118,8e5d515b10d8a5ffb324640ed60bcc55,2026-10-09T17:20:15Z
nfl,SEA,SF,2026-10-11T20:25:00Z,Kaelon Black,anytime_td,betmgm,Yes,,450,8e5d515b10d8a5ffb324640ed60bcc55,2026-10-09T17:20:15Z
nfl,SEA,SF,2026-10-11T20:25:00Z,Christian McCaffrey,anytime_td,betmgm,Yes,,-140,8e5d515b10d8a5ffb324640ed60bcc55,2026-10-09T17:20:15Z
nfl,SEA,SF,2026-10-11T20:25:00Z,Sam Darnold,anytime_td,betmgm,Yes,,1050,8e5d515b10d8a5ffb324640ed60bcc55,2026-10-09T17:20:15Z
nfl,SEA,SF,2026-10-11T20:25:00Z,AJ Barner,anytime_td,betmgm,Yes,,310,8e5d515b10d8a5ffb324640ed60bcc55,2026-10-09T17:20:15Z
nfl,SEA,SF,2026-10-11T20:25:00Z,Brock Purdy,anytime_td,betmgm,Yes,,360,8e5d515b10d8a5ffb324640ed60bcc55,2026-10-09T17:20:15Z
nfl,SEA,SF,2026-10-11T20:25:00Z,San Francisco 49ers D/ST,anytime_td,betmgm,Yes,,600,8e5d515b10d8a5ffb324640ed60bcc55,2026-10-09T17:20:15Z
nfl,SEA,SF,2026-10-11T20:25:00Z,Elijah Arroyo,anytime_td,betmgm,Yes,,1050,8e5d515b10d8a5ffb324640ed60bcc55,2026-10-09T17:20:15Z
nfl,SEA,SF,2026-10-11T20:25:00Z,Seattle Seahawks D/ST,anytime_td,betmgm,Yes,,425,8e5d515b10d8a5ffb324640ed60bcc55,2026-10-09T17:20:15Z
nfl,SEA,SF,2026-10-11T20:25:00Z,Deebo Samuel,anytime_td,betmgm,Yes,,230,8e5d515b10d8a5ffb324640ed60bcc55,2026-10-09T17:20:15Z
nfl,SEA,SF,2026-10-11T20:25:00Z,Brady Russell,anytime_td,betmgm,Yes,,2500,8e5d515b10d8a5ffb324640ed60bcc55,2026-10-09T17:20:15Z
nfl,SEA,SF,2026-10-11T20:25:00Z,George Holani,anytime_td,betmgm,Yes,,210,8e5d515b10d8a5ffb324640ed60bcc55,2026-10-09T17:20:15Z
nfl,SEA,SF,2026-10-11T20:25:00Z,Mike Evans,anytime_td,betmgm,Yes,,200,8e5d515b10d8a5ffb324640ed60bcc55,2026-10-09T17:20:15Z
nfl,SEA,SF,2026-10-11T20:25:00Z,Cooper Kupp,anytime_td,betmgm,Yes,,380,8e5d515b10d8a5ffb324640ed60bcc55,2026-10-09T17:20:15Z
nfl,SEA,SF,2026-10-11T20:25:00Z,Emanuel Wilson,anytime_td,betmgm,Yes,,-125,8e5d515b10d8a5ffb324640ed60bcc55,2026-10-09T17:20:15Z
nfl,SEA,SF,2026-10-11T20:25:00Z,George Kittle,anytime_td,betmgm,Yes,,180,8e5d515b10d8a5ffb324640ed60bcc55,2026-10-09T17:20:15Z
nfl,SEA,SF,2026-10-11T20:25:00Z,Jacob Cowing,anytime_td,betmgm,Yes,,850,8e5d515b10d8a5ffb324640ed60bcc55,2026-10-09T17:20:15Z
nfl,SEA,SF,2026-10-11T20:25:00Z,Jordan Watkins,anytime_td,betmgm,Yes,,1200,8e5d515b10d8a5ffb324640ed60bcc55,2026-10-09T17:20:15Z
nfl,SEA,SF,2026-10-11T20:25:00Z,Luke Farrell,anytime_td,betmgm,Yes,,1350,8e5d515b10d8a5ffb324640ed60bcc55,2026-10-09T17:20:15Z
nfl,SEA,SF,2026-10-11T20:25:00Z,Brandin Cooks,anytime_td,betmgm,Yes,,900,8e5d515b10d8a5ffb324640ed60bcc55,2026-10-09T17:20:15Z
nfl,SEA,SF,2026-10-11T20:25:00Z,Eric Saubert,anytime_td,betmgm,Yes,,1600,8e5d515b10d8a5ffb324640ed60bcc55,2026-10-09T17:20:15Z
nfl,SEA,SF,2026-10-11T20:25:00Z,Sam Darnold,pass_att,betmgm,Over,30.5,-120,8e5d515b10d8a5ffb324640ed60bcc55,2026-10-09T17:20:15Z
nfl,SEA,SF,2026-10-11T20:25:00Z,Sam Darnold,pass_att,betmgm,Under,30.5,-111,8e5d515b10d8a5ffb324640ed60bcc55,2026-10-09T17:20:15Z
nfl,SEA,SF,2026-10-11T20:25:00Z,Brock Purdy,pass_att,betmgm,Over,32.5,-115,8e5d515b10d8a5ffb324640ed60bcc55,2026-10-09T17:20:15Z
nfl,SEA,SF,2026-10-11T20:25:00Z,Brock Purdy,pass_att,betmgm,Under,32.5,-115,8e5d515b10d8a5ffb324640ed60bcc55,2026-10-09T17:20:15Z
nfl,SEA,SF,2026-10-11T20:25:00Z,Brock Purdy,completions,betmgm,Over,20.5,-135,8e5d515b10d8a5ffb324640ed60bcc55,2026-10-09T17:20:15Z
nfl,SEA,SF,2026-10-11T20:25:00Z,Brock Purdy,completions,betmgm,Under,20.5,100,8e5d515b10d8a5ffb324640ed60bcc55,2026-10-09T17:20:15Z
nfl,SEA,SF,2026-10-11T20:25:00Z,Sam Darnold,pass_td,betmgm,Over,1.5,-105,8e5d515b10d8a5ffb324640ed60bcc55,2026-10-09T17:20:15Z
nfl,SEA,SF,2026-10-11T20:25:00Z,Sam Darnold,pass_td,betmgm,Under,1.5,-125,8e5d515b10d8a5ffb324640ed60bcc55,2026-10-09T17:20:15Z
nfl,SEA,SF,2026-10-11T20:25:00Z,Brock Purdy,pass_td,betmgm,Over,1.5,105,8e5d515b10d8a5ffb324640ed60bcc55,2026-10-09T17:20:15Z
nfl,SEA,SF,2026-10-11T20:25:00Z,Brock Purdy,pass_td,betmgm,Under,1.5,-140,8e5d515b10d8a5ffb324640ed60bcc55,2026-10-09T17:20:15Z
nfl,SEA,SF,2026-10-11T20:25:00Z,Brock Purdy,pass_yds,betmgm,Over,227.5,-105,8e5d515b10d8a5ffb324640ed60bcc55,2026-10-09T17:20:15Z
nfl,SEA,SF,2026-10-11T20:25:00Z,Brock Purdy,pass_yds,betmgm,Under,227.5,-130,8e5d515b10d8a5ffb324640ed60bcc55,2026-10-09T17:20:15Z
nfl,SEA,SF,2026-10-11T20:25:00Z,Sam Darnold,pass_yds,betmgm,Over,226.5,-115,8e5d515b10d8a5ffb324640ed60bcc55,2026-10-09T17:20:15Z
nfl,SEA,SF,2026-10-11T20:25:00Z,Sam Darnold,pass_yds,betmgm,Under,226.5,-115,8e5d515b10d8a5ffb324640ed60bcc55,2026-10-09T17:20:15Z
nfl,SEA,SF,2026-10-11T20:25:00Z,Deebo Samuel,rec_yds,betmgm,Over,33.5,-115,8e5d515b10d8a5ffb324640ed60bcc55,2026-10-09T17:20:15Z
nfl,SEA,SF,2026-10-11T20:25:00Z,Deebo Samuel,rec_yds,betmgm,Under,33.5,-115,8e5d515b10d8a5ffb324640ed60bcc55,2026-10-09T17:20:15Z
nfl,SEA,SF,2026-10-11T20:25:00Z,Christian McCaffrey,rec_yds,betmgm,Over,36.5,-111,8e5d515b10d8a5ffb324640ed60bcc55,2026-10-09T17:20:15Z
nfl,SEA,SF,2026-10-11T20:25:00Z,Christian McCaffrey,rec_yds,betmgm,Under,36.5,-120,8e5d515b10d8a5ffb324640ed60bcc55,2026-10-09T17:20:15Z
nfl,SEA,SF,2026-10-11T20:25:00Z,Rashid Shaheed,rec_yds,betmgm,Over,20.5,-115,8e5d515b10d8a5ffb324640ed60bcc55,2026-10-09T17:20:15Z
nfl,SEA,SF,2026-10-11T20:25:00Z,Rashid Shaheed,rec_yds,betmgm,Under,20.5,-115,8e5d515b10d8a5ffb324640ed60bcc55,2026-10-09T17:20:15Z
nfl,SEA,SF,2026-10-11T20:25:00Z,George Kittle,rec_yds,betmgm,Over,54.5,-110,8e5d515b10d8a5ffb324640ed60bcc55,2026-10-09T17:20:15Z
nfl,SEA,SF,2026-10-11T20:25:00Z,George Kittle,rec_yds,betmgm,Under,54.5,-120,8e5d515b10d8a5ffb324640ed60bcc55,2026-10-09T17:20:15Z
nfl,SEA,SF,2026-10-11T20:25:00Z,Cooper Kupp,rec_yds,betmgm,Over,22.5,-120,8e5d515b10d8a5ffb324640ed60bcc55,2026-10-09T17:20:15Z
nfl,SEA,SF,2026-10-11T20:25:00Z,Cooper Kupp,rec_yds,betmgm,Under,22.5,-110,8e5d515b10d8a5ffb324640ed60bcc55,2026-10-09T17:20:15Z
nfl,SEA,SF,2026-10-11T20:25:00Z,Mike Evans,rec_yds,betmgm,Over,51.5,-115,8e5d515b10d8a5ffb324640ed60bcc55,2026-10-09T17:20:15Z
nfl,SEA,SF,2026-10-11T20:25:00Z,Mike Evans,rec_yds,betmgm,Under,51.5,-115,8e5d515b10d8a5ffb324640ed60bcc55,2026-10-09T17:20:15Z
nfl,SEA,SF,2026-10-11T20:25:00Z,Emanuel Wilson,rec_yds,betmgm,Over,10.5,-115,8e5d515b10d8a5ffb324640ed60bcc55,2026-10-09T17:20:15Z
nfl,SEA,SF,2026-10-11T20:25:00Z,Emanuel Wilson,rec_yds,betmgm,Under,10.5,-115,8e5d515b10d8a5ffb324640ed60bcc55,2026-10-09T17:20:15Z
nfl,SEA,SF,2026-10-11T20:25:00Z,George Holani,rec_yds,betmgm,Over,10.5,-111,8e5d515b10d8a5ffb324640ed60bcc55,2026-10-09T17:20:15Z
nfl,SEA,SF,2026-10-11T20:25:00Z,George Holani,rec_yds,betmgm,Under,10.5,-120,8e5d515b10d8a5ffb324640ed60bcc55,2026-10-09T17:20:15Z
nfl,SEA,SF,2026-10-11T20:25:00Z,Jaxon Smith-Njigba,rec_yds,betmgm,Over,93.5,-115,8e5d515b10d8a5ffb324640ed60bcc55,2026-10-09T17:20:15Z
nfl,SEA,SF,2026-10-11T20:25:00Z,Jaxon Smith-Njigba,rec_yds,betmgm,Under,93.5,-115,8e5d515b10d8a5ffb324640ed60bcc55,2026-10-09T17:20:15Z
nfl,SEA,SF,2026-10-11T20:25:00Z,AJ Barner,rec_yds,betmgm,Over,22.5,-115,8e5d515b10d8a5ffb324640ed60bcc55,2026-10-09T17:20:15Z
nfl,SEA,SF,2026-10-11T20:25:00Z,AJ Barner,rec_yds,betmgm,Under,22.5,-115,8e5d515b10d8a5ffb324640ed60bcc55,2026-10-09T17:20:15Z
nfl,SEA,SF,2026-10-11T20:25:00Z,Christian McCaffrey,receptions,betmgm,Over,4.5,-125,8e5d515b10d8a5ffb324640ed60bcc55,2026-10-09T17:20:15Z
nfl,SEA,SF,2026-10-11T20:25:00Z,Christian McCaffrey,receptions,betmgm,Under,4.5,-105,8e5d515b10d8a5ffb324640ed60bcc55,2026-10-09T17:20:15Z
nfl,SEA,SF,2026-10-11T20:25:00Z,Cooper Kupp,receptions,betmgm,Over,2.5,100,8e5d515b10d8a5ffb324640ed60bcc55,2026-10-09T17:20:15Z
nfl,SEA,SF,2026-10-11T20:25:00Z,Cooper Kupp,receptions,betmgm,Under,2.5,-135,8e5d515b10d8a5ffb324640ed60bcc55,2026-10-09T17:20:15Z
nfl,SEA,SF,2026-10-11T20:25:00Z,Emanuel Wilson,receptions,betmgm,Over,1.5,-160,8e5d515b10d8a5ffb324640ed60bcc55,2026-10-09T17:20:15Z
nfl,SEA,SF,2026-10-11T20:25:00Z,Emanuel Wilson,receptions,betmgm,Under,1.5,120,8e5d515b10d8a5ffb324640ed60bcc55,2026-10-09T17:20:15Z
nfl,SEA,SF,2026-10-11T20:25:00Z,George Holani,receptions,betmgm,Over,1.5,-155,8e5d515b10d8a5ffb324640ed60bcc55,2026-10-09T17:20:15Z
nfl,SEA,SF,2026-10-11T20:25:00Z,George Holani,receptions,betmgm,Under,1.5,115,8e5d515b10d8a5ffb324640ed60bcc55,2026-10-09T17:20:15Z
nfl,SEA,SF,2026-10-11T20:25:00Z,AJ Barner,receptions,betmgm,Over,2.5,-115,8e5d515b10d8a5ffb324640ed60bcc55,2026-10-09T17:20:15Z
nfl,SEA,SF,2026-10-11T20:25:00Z,AJ Barner,receptions,betmgm,Under,2.5,-115,8e5d515b10d8a5ffb324640ed60bcc55,2026-10-09T17:20:15Z
nfl,SEA,SF,2026-10-11T20:25:00Z,Jaxon Smith-Njigba,receptions,betmgm,Over,7.5,125,8e5d515b10d8a5ffb324640ed60bcc55,2026-10-09T17:20:15Z
nfl,SEA,SF,2026-10-11T20:25:00Z,Jaxon Smith-Njigba,receptions,betmgm,Under,7.5,-165,8e5d515b10d8a5ffb324640ed60bcc55,2026-10-09T17:20:15Z
nfl,SEA,SF,2026-10-11T20:25:00Z,George Kittle,receptions,betmgm,Over,4.5,-125,8e5d515b10d8a5ffb324640ed60bcc55,2026-10-09T17:20:15Z
nfl,SEA,SF,2026-10-11T20:25:00Z,George Kittle,receptions,betmgm,Under,4.5,-105,8e5d515b10d8a5ffb324640ed60bcc55,2026-10-09T17:20:15Z
nfl,SEA,SF,2026-10-11T20:25:00Z,Deebo Samuel,receptions,betmgm,Over,3.5,-118,8e5d515b10d8a5ffb324640ed60bcc55,2026-10-09T17:20:15Z
nfl,SEA,SF,2026-10-11T20:25:00Z,Deebo Samuel,receptions,betmgm,Under,3.5,-111,8e5d515b10d8a5ffb324640ed60bcc55,2026-10-09T17:20:15Z
nfl,SEA,SF,2026-10-11T20:25:00Z,Mike Evans,receptions,betmgm,Over,4.5,125,8e5d515b10d8a5ffb324640ed60bcc55,2026-10-09T17:20:15Z
nfl,SEA,SF,2026-10-11T20:25:00Z,Mike Evans,receptions,betmgm,Under,4.5,-165,8e5d515b10d8a5ffb324640ed60bcc55,2026-10-09T17:20:15Z
nfl,SEA,SF,2026-10-11T20:25:00Z,Christian McCaffrey,rush_att,betmgm,Over,14.5,-120,8e5d515b10d8a5ffb324640ed60bcc55,2026-10-09T17:20:15Z
nfl,SEA,SF,2026-10-11T20:25:00Z,Christian McCaffrey,rush_att,betmgm,Under,14.5,-110,8e5d515b10d8a5ffb324640ed60bcc55,2026-10-09T17:20:15Z
nfl,SEA,SF,2026-10-11T20:25:00Z,Emanuel Wilson,rush_att,betmgm,Over,16.5,-120,8e5d515b10d8a5ffb324640ed60bcc55,2026-10-09T17:20:15Z
nfl,SEA,SF,2026-10-11T20:25:00Z,Emanuel Wilson,rush_att,betmgm,Under,16.5,-110,8e5d515b10d8a5ffb324640ed60bcc55,2026-10-09T17:20:15Z
nfl,SEA,SF,2026-10-11T20:25:00Z,Kaelon Black,rush_yds,betmgm,Over,14.5,-120,8e5d515b10d8a5ffb324640ed60bcc55,2026-10-09T17:20:15Z
nfl,SEA,SF,2026-10-11T20:25:00Z,Kaelon Black,rush_yds,betmgm,Under,14.5,-110,8e5d515b10d8a5ffb324640ed60bcc55,2026-10-09T17:20:15Z
nfl,SEA,SF,2026-10-11T20:25:00Z,George Holani,rush_yds,betmgm,Over,20.5,-111,8e5d515b10d8a5ffb324640ed60bcc55,2026-10-09T17:20:15Z
nfl,SEA,SF,2026-10-11T20:25:00Z,George Holani,rush_yds,betmgm,Under,20.5,-120,8e5d515b10d8a5ffb324640ed60bcc55,2026-10-09T17:20:15Z
nfl,SEA,SF,2026-10-11T20:25:00Z,Sam Darnold,rush_yds,betmgm,Over,5.5,-110,8e5d515b10d8a5ffb324640ed60bcc55,2026-10-09T17:20:15Z
nfl,SEA,SF,2026-10-11T20:25:00Z,Sam Darnold,rush_yds,betmgm,Under,5.5,-120,8e5d515b10d8a5ffb324640ed60bcc55,2026-10-09T17:20:15Z
nfl,SEA,SF,2026-10-11T20:25:00Z,Emanuel Wilson,rush_yds,betmgm,Over,64.5,-115,8e5d515b10d8a5ffb324640ed60bcc55,2026-10-09T17:20:15Z
nfl,SEA,SF,2026-10-11T20:25:00Z,Emanuel Wilson,rush_yds,betmgm,Under,64.5,-115,8e5d515b10d8a5ffb324640ed60bcc55,2026-10-09T17:20:15Z
nfl,SEA,SF,2026-10-11T20:25:00Z,Christian McCaffrey,rush_yds,betmgm,Over,51.5,-115,8e5d515b10d8a5ffb324640ed60bcc55,2026-10-09T17:20:15Z
nfl,SEA,SF,2026-10-11T20:25:00Z,Christian McCaffrey,rush_yds,betmgm,Under,51.5,-115,8e5d515b10d8a5ffb324640ed60bcc55,2026-10-09T17:20:15Z
nfl,SEA,SF,2026-10-11T20:25:00Z,Brock Purdy,rush_yds,betmgm,Over,20.5,-145,8e5d515b10d8a5ffb324640ed60bcc55,2026-10-09T17:20:15Z
nfl,SEA,SF,2026-10-11T20:25:00Z,Brock Purdy,rush_yds,betmgm,Under,20.5,105,8e5d515b10d8a5ffb324640ed60bcc55,2026-10-09T17:20:15Z
nfl,SEA,SF,2026-10-11T20:25:00Z,Sam Darnold,pass_att,espnbet,Over,30.5,-120,8e5d515b10d8a5ffb324640ed60bcc55,2026-10-09T17:18:55Z
nfl,SEA,SF,2026-10-11T20:25:00Z,Sam Darnold,pass_att,espnbet,Under,30.5,-110,8e5d515b10d8a5ffb324640ed60bcc55,2026-10-09T17:18:55Z
nfl,SEA,SF,2026-10-11T20:25:00Z,Brock Purdy,pass_att,espnbet,Over,32.5,-110,8e5d515b10d8a5ffb324640ed60bcc55,2026-10-09T17:18:55Z
nfl,SEA,SF,2026-10-11T20:25:00Z,Brock Purdy,pass_att,espnbet,Under,32.5,-120,8e5d515b10d8a5ffb324640ed60bcc55,2026-10-09T17:18:55Z
nfl,SEA,SF,2026-10-11T20:25:00Z,Brock Purdy,completions,espnbet,Over,20.5,-120,8e5d515b10d8a5ffb324640ed60bcc55,2026-10-09T17:18:55Z
nfl,SEA,SF,2026-10-11T20:25:00Z,Brock Purdy,completions,espnbet,Under,20.5,-110,8e5d515b10d8a5ffb324640ed60bcc55,2026-10-09T17:18:55Z
nfl,SEA,SF,2026-10-11T20:25:00Z,Sam Darnold,completions,espnbet,Over,20.5,-115,8e5d515b10d8a5ffb324640ed60bcc55,2026-10-09T17:18:55Z
nfl,SEA,SF,2026-10-11T20:25:00Z,Sam Darnold,completions,espnbet,Under,20.5,-115,8e5d515b10d8a5ffb324640ed60bcc55,2026-10-09T17:18:55Z
nfl,SEA,SF,2026-10-11T20:25:00Z,Brock Purdy,pass_td,espnbet,Over,1.5,110,8e5d515b10d8a5ffb324640ed60bcc55,2026-10-09T17:18:55Z
nfl,SEA,SF,2026-10-11T20:25:00Z,Brock Purdy,pass_td,espnbet,Under,1.5,-140,8e5d515b10d8a5ffb324640ed60bcc55,2026-10-09T17:18:55Z
nfl,SEA,SF,2026-10-11T20:25:00Z,Sam Darnold,pass_td,espnbet,Over,1.5,-120,8e5d515b10d8a5ffb324640ed60bcc55,2026-10-09T17:18:55Z
nfl,SEA,SF,2026-10-11T20:25:00Z,Sam Darnold,pass_td,espnbet,Under,1.5,-110,8e5d515b10d8a5ffb324640ed60bcc55,2026-10-09T17:18:55Z
nfl,SEA,SF,2026-10-11T20:25:00Z,Sam Darnold,pass_yds,espnbet,Over,229.5,-115,8e5d515b10d8a5ffb324640ed60bcc55,2026-10-09T17:18:55Z
nfl,SEA,SF,2026-10-11T20:25:00Z,Sam Darnold,pass_yds,espnbet,Under,229.5,-115,8e5d515b10d8a5ffb324640ed60bcc55,2026-10-09T17:18:55Z
nfl,SEA,SF,2026-10-11T20:25:00Z,Brock Purdy,pass_yds,espnbet,Over,224.5,-110,8e5d515b10d8a5ffb324640ed60bcc55,2026-10-09T17:18:55Z
nfl,SEA,SF,2026-10-11T20:25:00Z,Brock Purdy,pass_yds,espnbet,Under,224.5,-120,8e5d515b10d8a5ffb324640ed60bcc55,2026-10-09T17:18:55Z
nfl,SEA,SF,2026-10-11T20:25:00Z,Jaxon Smith-Njigba,rec_yds,espnbet,Over,89.5,-110,8e5d515b10d8a5ffb324640ed60bcc55,2026-10-09T17:18:55Z
nfl,SEA,SF,2026-10-11T20:25:00Z,Jaxon Smith-Njigba,rec_yds,espnbet,Under,89.5,-120,8e5d515b10d8a5ffb324640ed60bcc55,2026-10-09T17:18:55Z
nfl,SEA,SF,2026-10-11T20:25:00Z,George Kittle,rec_yds,espnbet,Over,49.5,-130,8e5d515b10d8a5ffb324640ed60bcc55,2026-10-09T17:18:55Z
nfl,SEA,SF,2026-10-11T20:25:00Z,George Kittle,rec_yds,espnbet,Under,49.5,100,8e5d515b10d8a5ffb324640ed60bcc55,2026-10-09T17:18:55Z
nfl,SEA,SF,2026-10-11T20:25:00Z,Mike Evans,rec_yds,espnbet,Over,49.5,100,8e5d515b10d8a5ffb324640ed60bcc55,2026-10-09T17:18:55Z
nfl,SEA,SF,2026-10-11T20:25:00Z,Mike Evans,rec_yds,espnbet,Under,49.5,-130,8e5d515b10d8a5ffb324640ed60bcc55,2026-10-09T17:18:55Z
nfl,SEA,SF,2026-10-11T20:25:00Z,Cooper Kupp,rec_yds,espnbet,Over,25.5,100,8e5d515b10d8a5ffb324640ed60bcc55,2026-10-09T17:18:55Z
nfl,SEA,SF,2026-10-11T20:25:00Z,Cooper Kupp,rec_yds,espnbet,Under,25.5,-130,8e5d515b10d8a5ffb324640ed60bcc55,2026-10-09T17:18:55Z
nfl,SEA,SF,2026-10-11T20:25:00Z,Rashid Shaheed,rec_yds,espnbet,Over,19.5,-120,8e5d515b10d8a5ffb324640ed60bcc55,2026-10-09T17:18:55Z
nfl,SEA,SF,2026-10-11T20:25:00Z,Rashid Shaheed,rec_yds,espnbet,Under,19.5,-110,8e5d515b10d8a5ffb324640ed60bcc55,2026-10-09T17:18:55Z
nfl,SEA,SF,2026-10-11T20:25:00Z,AJ Barner,rec_yds,espnbet,Over,24.5,-105,8e5d515b10d8a5ffb324640ed60bcc55,2026-10-09T17:18:55Z
nfl,SEA,SF,2026-10-11T20:25:00Z,AJ Barner,rec_yds,espnbet,Under,24.5,-125,8e5d515b10d8a5ffb324640ed60bcc55,2026-10-09T17:18:55Z
nfl,SEA,SF,2026-10-11T20:25:00Z,Christian McCaffrey,rec_yds,espnbet,Over,34.5,-110,8e5d515b10d8a5ffb324640ed60bcc55,2026-10-09T17:18:55Z
nfl,SEA,SF,2026-10-11T20:25:00Z,Christian McCaffrey,rec_yds,espnbet,Under,34.5,-120,8e5d515b10d8a5ffb324640ed60bcc55,2026-10-09T17:18:55Z
nfl,SEA,SF,2026-10-11T20:25:00Z,Tory Horton,rec_yds,espnbet,Over,9.5,-135,8e5d515b10d8a5ffb324640ed60bcc55,2026-10-09T17:18:55Z
nfl,SEA,SF,2026-10-11T20:25:00Z,Tory Horton,rec_yds,espnbet,Under,9.5,105,8e5d515b10d8a5ffb324640ed60bcc55,2026-10-09T17:18:55Z
nfl,SEA,SF,2026-10-11T20:25:00Z,George Holani,rec_yds,espnbet,Over,9.5,-105,8e5d515b10d8a5ffb324640ed60bcc55,2026-10-09T17:18:55Z
nfl,SEA,SF,2026-10-11T20:25:00Z,George Holani,rec_yds,espnbet,Under,9.5,-125,8e5d515b10d8a5ffb324640ed60bcc55,2026-10-09T17:18:55Z
nfl,SEA,SF,2026-10-11T20:25:00Z,Emanuel Wilson,rec_yds,espnbet,Over,11.5,-120,8e5d515b10d8a5ffb324640ed60bcc55,2026-10-09T17:18:55Z
nfl,SEA,SF,2026-10-11T20:25:00Z,Emanuel Wilson,rec_yds,espnbet,Under,11.5,-110,8e5d515b10d8a5ffb324640ed60bcc55,2026-10-09T17:18:55Z
nfl,SEA,SF,2026-10-11T20:25:00Z,Jaxon Smith-Njigba,receptions,espnbet,Over,6.5,-125,8e5d515b10d8a5ffb324640ed60bcc55,2026-10-09T17:18:55Z
nfl,SEA,SF,2026-10-11T20:25:00Z,Jaxon Smith-Njigba,receptions,espnbet,Under,6.5,-105,8e5d515b10d8a5ffb324640ed60bcc55,2026-10-09T17:18:55Z
nfl,SEA,SF,2026-10-11T20:25:00Z,George Kittle,receptions,espnbet,Over,4.5,-130,8e5d515b10d8a5ffb324640ed60bcc55,2026-10-09T17:18:55Z
nfl,SEA,SF,2026-10-11T20:25:00Z,George Kittle,receptions,espnbet,Under,4.5,100,8e5d515b10d8a5ffb324640ed60bcc55,2026-10-09T17:18:55Z
nfl,SEA,SF,2026-10-11T20:25:00Z,Christian McCaffrey,receptions,espnbet,Over,4.5,-130,8e5d515b10d8a5ffb324640ed60bcc55,2026-10-09T17:18:55Z
nfl,SEA,SF,2026-10-11T20:25:00Z,Christian McCaffrey,receptions,espnbet,Under,4.5,100,8e5d515b10d8a5ffb324640ed60bcc55,2026-10-09T17:18:55Z
nfl,SEA,SF,2026-10-11T20:25:00Z,Mike Evans,receptions,espnbet,Over,3.5,-155,8e5d515b10d8a5ffb324640ed60bcc55,2026-10-09T17:18:55Z
nfl,SEA,SF,2026-10-11T20:25:00Z,Mike Evans,receptions,espnbet,Under,3.5,120,8e5d515b10d8a5ffb324640ed60bcc55,2026-10-09T17:18:55Z
nfl,SEA,SF,2026-10-11T20:25:00Z,Cooper Kupp,receptions,espnbet,Over,2.5,105,8e5d515b10d8a5ffb324640ed60bcc55,2026-10-09T17:18:55Z
nfl,SEA,SF,2026-10-11T20:25:00Z,Cooper Kupp,receptions,espnbet,Under,2.5,-135,8e5d515b10d8a5ffb324640ed60bcc55,2026-10-09T17:18:55Z
nfl,SEA,SF,2026-10-11T20:25:00Z,George Holani,receptions,espnbet,Over,1.5,-180,8e5d515b10d8a5ffb324640ed60bcc55,2026-10-09T17:18:55Z
nfl,SEA,SF,2026-10-11T20:25:00Z,George Holani,receptions,espnbet,Under,1.5,135,8e5d515b10d8a5ffb324640ed60bcc55,2026-10-09T17:18:55Z
nfl,SEA,SF,2026-10-11T20:25:00Z,Rashid Shaheed,receptions,espnbet,Over,1.5,-190,8e5d515b10d8a5ffb324640ed60bcc55,2026-10-09T17:18:55Z
nfl,SEA,SF,2026-10-11T20:25:00Z,Rashid Shaheed,receptions,espnbet,Under,1.5,140,8e5d515b10d8a5ffb324640ed60bcc55,2026-10-09T17:18:55Z
nfl,SEA,SF,2026-10-11T20:25:00Z,AJ Barner,receptions,espnbet,Over,2.5,-105,8e5d515b10d8a5ffb324640ed60bcc55,2026-10-09T17:18:55Z
nfl,SEA,SF,2026-10-11T20:25:00Z,AJ Barner,receptions,espnbet,Under,2.5,-125,8e5d515b10d8a5ffb324640ed60bcc55,2026-10-09T17:18:55Z
nfl,SEA,SF,2026-10-11T20:25:00Z,Emanuel Wilson,receptions,espnbet,Over,1.5,-155,8e5d515b10d8a5ffb324640ed60bcc55,2026-10-09T17:18:55Z
nfl,SEA,SF,2026-10-11T20:25:00Z,Emanuel Wilson,receptions,espnbet,Under,1.5,120,8e5d515b10d8a5ffb324640ed60bcc55,2026-10-09T17:18:55Z
nfl,SEA,SF,2026-10-11T20:25:00Z,Tory Horton,receptions,espnbet,Over,1.5,150,8e5d515b10d8a5ffb324640ed60bcc55,2026-10-09T17:18:55Z
nfl,SEA,SF,2026-10-11T20:25:00Z,Tory Horton,receptions,espnbet,Under,1.5,-200,8e5d515b10d8a5ffb324640ed60bcc55,2026-10-09T17:18:55Z
nfl,SEA,SF,2026-10-11T20:25:00Z,Christian McCaffrey,rush_att,espnbet,Over,14.5,-110,8e5d515b10d8a5ffb324640ed60bcc55,2026-10-09T17:18:55Z
nfl,SEA,SF,2026-10-11T20:25:00Z,Christian McCaffrey,rush_att,espnbet,Under,14.5,-120,8e5d515b10d8a5ffb324640ed60bcc55,2026-10-09T17:18:55Z
nfl,SEA,SF,2026-10-11T20:25:00Z,Emanuel Wilson,rush_att,espnbet,Over,16.5,-120,8e5d515b10d8a5ffb324640ed60bcc55,2026-10-09T17:18:55Z
nfl,SEA,SF,2026-10-11T20:25:00Z,Emanuel Wilson,rush_att,espnbet,Under,16.5,-110,8e5d515b10d8a5ffb324640ed60bcc55,2026-10-09T17:18:55Z
nfl,SEA,SF,2026-10-11T20:25:00Z,Emanuel Wilson,rush_yds,espnbet,Over,64.5,-105,8e5d515b10d8a5ffb324640ed60bcc55,2026-10-09T17:18:55Z
nfl,SEA,SF,2026-10-11T20:25:00Z,Emanuel Wilson,rush_yds,espnbet,Under,64.5,-125,8e5d515b10d8a5ffb324640ed60bcc55,2026-10-09T17:18:55Z
nfl,SEA,SF,2026-10-11T20:25:00Z,Christian McCaffrey,rush_yds,espnbet,Over,54.5,100,8e5d515b10d8a5ffb324640ed60bcc55,2026-10-09T17:18:55Z
nfl,SEA,SF,2026-10-11T20:25:00Z,Christian McCaffrey,rush_yds,espnbet,Under,54.5,-130,8e5d515b10d8a5ffb324640ed60bcc55,2026-10-09T17:18:55Z
nfl,SEA,SF,2026-10-11T20:25:00Z,George Holani,rush_yds,espnbet,Over,19.5,-125,8e5d515b10d8a5ffb324640ed60bcc55,2026-10-09T17:18:55Z
nfl,SEA,SF,2026-10-11T20:25:00Z,George Holani,rush_yds,espnbet,Under,19.5,-105,8e5d515b10d8a5ffb324640ed60bcc55,2026-10-09T17:18:55Z
nfl,SEA,SF,2026-10-11T20:25:00Z,Kaelon Black,rush_yds,espnbet,Over,19.5,105,8e5d515b10d8a5ffb324640ed60bcc55,2026-10-09T17:18:55Z
nfl,SEA,SF,2026-10-11T20:25:00Z,Kaelon Black,rush_yds,espnbet,Under,19.5,-135,8e5d515b10d8a5ffb324640ed60bcc55,2026-10-09T17:18:55Z
nfl,SEA,SF,2026-10-11T20:25:00Z,Brock Purdy,rush_yds,espnbet,Over,24.5,-105,8e5d515b10d8a5ffb324640ed60bcc55,2026-10-09T17:18:55Z
nfl,SEA,SF,2026-10-11T20:25:00Z,Brock Purdy,rush_yds,espnbet,Under,24.5,-125,8e5d515b10d8a5ffb324640ed60bcc55,2026-10-09T17:18:55Z
nfl,SEA,SF,2026-10-11T20:25:00Z,Sam Darnold,rush_yds,espnbet,Over,5.5,100,8e5d515b10d8a5ffb324640ed60bcc55,2026-10-09T17:18:55Z
nfl,SEA,SF,2026-10-11T20:25:00Z,Sam Darnold,rush_yds,espnbet,Under,5.5,-130,8e5d515b10d8a5ffb324640ed60bcc55,2026-10-09T17:18:55Z
nfl,ATL,BAL,2026-10-12T00:20:00Z,Bijan Robinson,anytime_td,draftkings,Yes,,-245,86457f91112732f21ad4bb7d37bd291c,2026-10-09T17:20:15Z
nfl,ATL,BAL,2026-10-12T00:20:00Z,Derrick Henry,anytime_td,draftkings,Yes,,-145,86457f91112732f21ad4bb7d37bd291c,2026-10-09T17:20:15Z
nfl,ATL,BAL,2026-10-12T00:20:00Z,Drake London,anytime_td,draftkings,Yes,,125,86457f91112732f21ad4bb7d37bd291c,2026-10-09T17:20:15Z
nfl,ATL,BAL,2026-10-12T00:20:00Z,Zay Flowers,anytime_td,draftkings,Yes,,205,86457f91112732f21ad4bb7d37bd291c,2026-10-09T17:20:15Z
nfl,ATL,BAL,2026-10-12T00:20:00Z,Brian Robinson Jr.,anytime_td,draftkings,Yes,,240,86457f91112732f21ad4bb7d37bd291c,2026-10-09T17:20:15Z
nfl,ATL,BAL,2026-10-12T00:20:00Z,Mark Andrews,anytime_td,draftkings,Yes,,255,86457f91112732f21ad4bb7d37bd291c,2026-10-09T17:20:15Z
nfl,ATL,BAL,2026-10-12T00:20:00Z,Kyle Pitts,anytime_td,draftkings,Yes,,380,86457f91112732f21ad4bb7d37bd291c,2026-10-09T17:20:15Z
nfl,ATL,BAL,2026-10-12T00:20:00Z,Tyler Huntley,anytime_td,draftkings,Yes,,450,86457f91112732f21ad4bb7d37bd291c,2026-10-09T17:20:15Z
nfl,ATL,BAL,2026-10-12T00:20:00Z,Rashod Bateman,anytime_td,draftkings,Yes,,475,86457f91112732f21ad4bb7d37bd291c,2026-10-09T17:20:15Z
nfl,ATL,BAL,2026-10-12T00:20:00Z,Atlanta Falcons D/ST,anytime_td,draftkings,Yes,,500,86457f91112732f21ad4bb7d37bd291c,2026-10-09T17:20:15Z
nfl,ATL,BAL,2026-10-12T00:20:00Z,Jahan Dotson,anytime_td,draftkings,Yes,,550,86457f91112732f21ad4bb7d37bd291c,2026-10-09T17:20:15Z
nfl,ATL,BAL,2026-10-12T00:20:00Z,Baltimore Ravens D/ST,anytime_td,draftkings,Yes,,550,86457f91112732f21ad4bb7d37bd291c,2026-10-09T17:20:15Z
nfl,ATL,BAL,2026-10-12T00:20:00Z,Justice Hill,anytime_td,draftkings,Yes,,700,86457f91112732f21ad4bb7d37bd291c,2026-10-09T17:20:15Z
nfl,ATL,BAL,2026-10-12T00:20:00Z,Austin Hooper,anytime_td,draftkings,Yes,,750,86457f91112732f21ad4bb7d37bd291c,2026-10-09T17:20:15Z
nfl,ATL,BAL,2026-10-12T00:20:00Z,Matthew Hibner,anytime_td,draftkings,Yes,,850,86457f91112732f21ad4bb7d37bd291c,2026-10-09T17:20:15Z
nfl,ATL,BAL,2026-10-12T00:20:00Z,Olamide Zaccheaus,anytime_td,draftkings,Yes,,900,86457f91112732f21ad4bb7d37bd291c,2026-10-09T17:20:15Z
nfl,ATL,BAL,2026-10-12T00:20:00Z,Michael Penix Jr.,anytime_td,draftkings,Yes,,1000,86457f91112732f21ad4bb7d37bd291c,2026-10-09T17:20:15Z
nfl,ATL,BAL,2026-10-12T00:20:00Z,Devontez Walker,anytime_td,draftkings,Yes,,1000,86457f91112732f21ad4bb7d37bd291c,2026-10-09T17:20:15Z
nfl,ATL,BAL,2026-10-12T00:20:00Z,Zachariah Branch,anytime_td,draftkings,Yes,,1200,86457f91112732f21ad4bb7d37bd291c,2026-10-09T17:20:15Z
nfl,ATL,BAL,2026-10-12T00:20:00Z,Chris Moore,anytime_td,draftkings,Yes,,1500,86457f91112732f21ad4bb7d37bd291c,2026-10-09T17:20:15Z
nfl,ATL,BAL,2026-10-12T00:20:00Z,Charlie Woerner,anytime_td,draftkings,Yes,,1600,86457f91112732f21ad4bb7d37bd291c,2026-10-09T17:20:15Z
nfl,ATL,BAL,2026-10-12T00:20:00Z,Josh Cuevas,anytime_td,draftkings,Yes,,1800,86457f91112732f21ad4bb7d37bd291c,2026-10-09T17:20:15Z
nfl,ATL,BAL,2026-10-12T00:20:00Z,Elijah Sarratt,anytime_td,draftkings,Yes,,1900,86457f91112732f21ad4bb7d37bd291c,2026-10-09T17:20:15Z
nfl,ATL,BAL,2026-10-12T00:20:00Z,Chris Blair,anytime_td,draftkings,Yes,,2000,86457f91112732f21ad4bb7d37bd291c,2026-10-09T17:20:15Z
nfl,ATL,BAL,2026-10-12T00:20:00Z,LaJohntay Wester,anytime_td,draftkings,Yes,,2000,86457f91112732f21ad4bb7d37bd291c,2026-10-09T17:20:15Z
nfl,ATL,BAL,2026-10-12T00:20:00Z,Nick Muse,anytime_td,draftkings,Yes,,2200,86457f91112732f21ad4bb7d37bd291c,2026-10-09T17:20:15Z
nfl,ATL,BAL,2026-10-12T00:20:00Z,Rasheen Ali,anytime_td,draftkings,Yes,,3500,86457f91112732f21ad4bb7d37bd291c,2026-10-09T17:20:15Z
nfl,ATL,BAL,2026-10-12T00:20:00Z,Michael Penix Jr.,pass_att,draftkings,Over,28.5,-127,86457f91112732f21ad4bb7d37bd291c,2026-10-09T17:20:15Z
nfl,ATL,BAL,2026-10-12T00:20:00Z,Michael Penix Jr.,pass_att,draftkings,Under,28.5,-101,86457f91112732f21ad4bb7d37bd291c,2026-10-09T17:20:15Z
nfl,ATL,BAL,2026-10-12T00:20:00Z,Michael Penix Jr.,completions,draftkings,Over,18.5,102,86457f91112732f21ad4bb7d37bd291c,2026-10-09T17:20:15Z
nfl,ATL,BAL,2026-10-12T00:20:00Z,Michael Penix Jr.,completions,draftkings,Under,18.5,-130,86457f91112732f21ad4bb7d37bd291c,2026-10-09T17:20:15Z
nfl,ATL,BAL,2026-10-12T00:20:00Z,Michael Penix Jr.,pass_td,draftkings,Over,1.5,118,86457f91112732f21ad4bb7d37bd291c,2026-10-09T17:20:15Z
nfl,ATL,BAL,2026-10-12T00:20:00Z,Michael Penix Jr.,pass_td,draftkings,Under,1.5,-150,86457f91112732f21ad4bb7d37bd291c,2026-10-09T17:20:15Z
nfl,ATL,BAL,2026-10-12T00:20:00Z,Tyler Huntley,pass_td,draftkings,Over,1.5,188,86457f91112732f21ad4bb7d37bd291c,2026-10-09T17:20:15Z
nfl,ATL,BAL,2026-10-12T00:20:00Z,Tyler Huntley,pass_td,draftkings,Under,1.5,-244,86457f91112732f21ad4bb7d37bd291c,2026-10-09T17:20:15Z
nfl,ATL,BAL,2026-10-12T00:20:00Z,Michael Penix Jr.,pass_yds,draftkings,Over,219.5,-112,86457f91112732f21ad4bb7d37bd291c,2026-10-09T17:20:15Z
nfl,ATL,BAL,2026-10-12T00:20:00Z,Michael Penix Jr.,pass_yds,draftkings,Under,219.5,-112,86457f91112732f21ad4bb7d37bd291c,2026-10-09T17:20:15Z
nfl,ATL,BAL,2026-10-12T00:20:00Z,Tyler Huntley,pass_yds,draftkings,Over,173.5,-113,86457f91112732f21ad4bb7d37bd291c,2026-10-09T17:20:15Z
nfl,ATL,BAL,2026-10-12T00:20:00Z,Tyler Huntley,pass_yds,draftkings,Under,173.5,-111,86457f91112732f21ad4bb7d37bd291c,2026-10-09T17:20:15Z
nfl,ATL,BAL,2026-10-12T00:20:00Z,Drake London,rec_yds,draftkings,Over,81.5,-112,86457f91112732f21ad4bb7d37bd291c,2026-10-09T17:20:15Z
nfl,ATL,BAL,2026-10-12T00:20:00Z,Drake London,rec_yds,draftkings,Under,81.5,-112,86457f91112732f21ad4bb7d37bd291c,2026-10-09T17:20:15Z
nfl,ATL,BAL,2026-10-12T00:20:00Z,Zay Flowers,rec_yds,draftkings,Over,68.5,-114,86457f91112732f21ad4bb7d37bd291c,2026-10-09T17:20:15Z
nfl,ATL,BAL,2026-10-12T00:20:00Z,Zay Flowers,rec_yds,draftkings,Under,68.5,-110,86457f91112732f21ad4bb7d37bd291c,2026-10-09T17:20:15Z
nfl,ATL,BAL,2026-10-12T00:20:00Z,Mark Andrews,rec_yds,draftkings,Over,30.5,-111,86457f91112732f21ad4bb7d37bd291c,2026-10-09T17:20:15Z
nfl,ATL,BAL,2026-10-12T00:20:00Z,Mark Andrews,rec_yds,draftkings,Under,30.5,-113,86457f91112732f21ad4bb7d37bd291c,2026-10-09T17:20:15Z
nfl,ATL,BAL,2026-10-12T00:20:00Z,Bijan Robinson,rec_yds,draftkings,Over,27.5,-112,86457f91112732f21ad4bb7d37bd291c,2026-10-09T17:20:15Z
nfl,ATL,BAL,2026-10-12T00:20:00Z,Bijan Robinson,rec_yds,draftkings,Under,27.5,-112,86457f91112732f21ad4bb7d37bd291c,2026-10-09T17:20:15Z
nfl,ATL,BAL,2026-10-12T00:20:00Z,Kyle Pitts,rec_yds,draftkings,Over,23.5,-116,86457f91112732f21ad4bb7d37bd291c,2026-10-09T17:20:15Z
nfl,ATL,BAL,2026-10-12T00:20:00Z,Kyle Pitts,rec_yds,draftkings,Under,23.5,-108,86457f91112732f21ad4bb7d37bd291c,2026-10-09T17:20:15Z
nfl,ATL,BAL,2026-10-12T00:20:00Z,Jahan Dotson,rec_yds,draftkings,Over,19.5,-108,86457f91112732f21ad4bb7d37bd291c,2026-10-09T17:20:15Z
nfl,ATL,BAL,2026-10-12T00:20:00Z,Jahan Dotson,rec_yds,draftkings,Under,19.5,-116,86457f91112732f21ad4bb7d37bd291c,2026-10-09T17:20:15Z
nfl,ATL,BAL,2026-10-12T00:20:00Z,Rashod Bateman,rec_yds,draftkings,Over,17.5,-112,86457f91112732f21ad4bb7d37bd291c,2026-10-09T17:20:15Z
nfl,ATL,BAL,2026-10-12T00:20:00Z,Rashod Bateman,rec_yds,draftkings,Under,17.5,-112,86457f91112732f21ad4bb7d37bd291c,2026-10-09T17:20:15Z
nfl,ATL,BAL,2026-10-12T00:20:00Z,Justice Hill,rec_yds,draftkings,Over,8.5,-113,86457f91112732f21ad4bb7d37bd291c,2026-10-09T17:20:15Z
nfl,ATL,BAL,2026-10-12T00:20:00Z,Justice Hill,rec_yds,draftkings,Under,8.5,-111,86457f91112732f21ad4bb7d37bd291c,2026-10-09T17:20:15Z
nfl,ATL,BAL,2026-10-12T00:20:00Z,Olamide Zaccheaus,rec_yds,draftkings,Over,7.5,-111,86457f91112732f21ad4bb7d37bd291c,2026-10-09T17:20:15Z
nfl,ATL,BAL,2026-10-12T00:20:00Z,Olamide Zaccheaus,rec_yds,draftkings,Under,7.5,-113,86457f91112732f21ad4bb7d37bd291c,2026-10-09T17:20:15Z
nfl,ATL,BAL,2026-10-12T00:20:00Z,Derrick Henry,rec_yds,draftkings,Over,5.5,-103,86457f91112732f21ad4bb7d37bd291c,2026-10-09T17:20:15Z
nfl,ATL,BAL,2026-10-12T00:20:00Z,Derrick Henry,rec_yds,draftkings,Under,5.5,-122,86457f91112732f21ad4bb7d37bd291c,2026-10-09T17:20:15Z
nfl,ATL,BAL,2026-10-12T00:20:00Z,Drake London,receptions,draftkings,Over,5.5,-138,86457f91112732f21ad4bb7d37bd291c,2026-10-09T17:20:15Z
nfl,ATL,BAL,2026-10-12T00:20:00Z,Drake London,receptions,draftkings,Under,5.5,108,86457f91112732f21ad4bb7d37bd291c,2026-10-09T17:20:15Z
nfl,ATL,BAL,2026-10-12T00:20:00Z,Zay Flowers,receptions,draftkings,Over,5.5,-101,86457f91112732f21ad4bb7d37bd291c,2026-10-09T17:20:15Z
nfl,ATL,BAL,2026-10-12T00:20:00Z,Zay Flowers,receptions,draftkings,Under,5.5,-126,86457f91112732f21ad4bb7d37bd291c,2026-10-09T17:20:15Z
nfl,ATL,BAL,2026-10-12T00:20:00Z,Mark Andrews,receptions,draftkings,Over,3.5,-124,86457f91112732f21ad4bb7d37bd291c,2026-10-09T17:20:15Z
nfl,ATL,BAL,2026-10-12T00:20:00Z,Mark Andrews,receptions,draftkings,Under,3.5,-102,86457f91112732f21ad4bb7d37bd291c,2026-10-09T17:20:15Z
nfl,ATL,BAL,2026-10-12T00:20:00Z,Bijan Robinson,receptions,draftkings,Over,3.5,-123,86457f91112732f21ad4bb7d37bd291c,2026-10-09T17:20:15Z
nfl,ATL,BAL,2026-10-12T00:20:00Z,Bijan Robinson,receptions,draftkings,Under,3.5,-104,86457f91112732f21ad4bb7d37bd291c,2026-10-09T17:20:15Z
nfl,ATL,BAL,2026-10-12T00:20:00Z,Kyle Pitts,receptions,draftkings,Over,2.5,116,86457f91112732f21ad4bb7d37bd291c,2026-10-09T17:20:15Z
nfl,ATL,BAL,2026-10-12T00:20:00Z,Kyle Pitts,receptions,draftkings,Under,2.5,-148,86457f91112732f21ad4bb7d37bd291c,2026-10-09T17:20:15Z
nfl,ATL,BAL,2026-10-12T00:20:00Z,Rashod Bateman,receptions,draftkings,Over,1.5,-147,86457f91112732f21ad4bb7d37bd291c,2026-10-09T17:20:15Z
nfl,ATL,BAL,2026-10-12T00:20:00Z,Rashod Bateman,receptions,draftkings,Under,1.5,115,86457f91112732f21ad4bb7d37bd291c,2026-10-09T17:20:15Z
nfl,ATL,BAL,2026-10-12T00:20:00Z,Jahan Dotson,receptions,draftkings,Over,1.5,-142,86457f91112732f21ad4bb7d37bd291c,2026-10-09T17:20:15Z
nfl,ATL,BAL,2026-10-12T00:20:00Z,Jahan Dotson,receptions,draftkings,Under,1.5,111,86457f91112732f21ad4bb7d37bd291c,2026-10-09T17:20:15Z
nfl,ATL,BAL,2026-10-12T00:20:00Z,Justice Hill,receptions,draftkings,Over,1.5,-110,86457f91112732f21ad4bb7d37bd291c,2026-10-09T17:20:15Z
nfl,ATL,BAL,2026-10-12T00:20:00Z,Justice Hill,receptions,draftkings,Under,1.5,-116,86457f91112732f21ad4bb7d37bd291c,2026-10-09T17:20:15Z
nfl,ATL,BAL,2026-10-12T00:20:00Z,Derrick Henry,receptions,draftkings,Over,1.5,181,86457f91112732f21ad4bb7d37bd291c,2026-10-09T17:20:15Z
nfl,ATL,BAL,2026-10-12T00:20:00Z,Derrick Henry,receptions,draftkings,Under,1.5,-234,86457f91112732f21ad4bb7d37bd291c,2026-10-09T17:20:15Z
nfl,ATL,BAL,2026-10-12T00:20:00Z,Olamide Zaccheaus,receptions,draftkings,Over,0.5,-239,86457f91112732f21ad4bb7d37bd291c,2026-10-09T17:20:15Z
nfl,ATL,BAL,2026-10-12T00:20:00Z,Olamide Zaccheaus,receptions,draftkings,Under,0.5,184,86457f91112732f21ad4bb7d37bd291c,2026-10-09T17:20:15Z
nfl,ATL,BAL,2026-10-12T00:20:00Z,Derrick Henry,rush_att,draftkings,Over,19.5,-113,86457f91112732f21ad4bb7d37bd291c,2026-10-09T17:20:15Z
nfl,ATL,BAL,2026-10-12T00:20:00Z,Derrick Henry,rush_att,draftkings,Under,19.5,-113,86457f91112732f21ad4bb7d37bd291c,2026-10-09T17:20:15Z
nfl,ATL,BAL,2026-10-12T00:20:00Z,Bijan Robinson,rush_att,draftkings,Over,18.5,-117,86457f91112732f21ad4bb7d37bd291c,2026-10-09T17:20:15Z
nfl,ATL,BAL,2026-10-12T00:20:00Z,Bijan Robinson,rush_att,draftkings,Under,18.5,-109,86457f91112732f21ad4bb7d37bd291c,2026-10-09T17:20:15Z
nfl,ATL,BAL,2026-10-12T00:20:00Z,Brian Robinson Jr.,rush_att,draftkings,Over,8.5,-133,86457f91112732f21ad4bb7d37bd291c,2026-10-09T17:20:15Z
nfl,ATL,BAL,2026-10-12T00:20:00Z,Brian Robinson Jr.,rush_att,draftkings,Under,8.5,104,86457f91112732f21ad4bb7d37bd291c,2026-10-09T17:20:15Z
nfl,ATL,BAL,2026-10-12T00:20:00Z,Bijan Robinson,rush_yds,draftkings,Over,87.5,-111,86457f91112732f21ad4bb7d37bd291c,2026-10-09T17:20:15Z
nfl,ATL,BAL,2026-10-12T00:20:00Z,Bijan Robinson,rush_yds,draftkings,Under,87.5,-113,86457f91112732f21ad4bb7d37bd291c,2026-10-09T17:20:15Z
nfl,ATL,BAL,2026-10-12T00:20:00Z,Derrick Henry,rush_yds,draftkings,Over,79.5,-112,86457f91112732f21ad4bb7d37bd291c,2026-10-09T17:20:15Z
nfl,ATL,BAL,2026-10-12T00:20:00Z,Derrick Henry,rush_yds,draftkings,Under,79.5,-112,86457f91112732f21ad4bb7d37bd291c,2026-10-09T17:20:15Z
nfl,ATL,BAL,2026-10-12T00:20:00Z,Brian Robinson Jr.,rush_yds,draftkings,Over,35.5,-108,86457f91112732f21ad4bb7d37bd291c,2026-10-09T17:20:15Z
nfl,ATL,BAL,2026-10-12T00:20:00Z,Brian Robinson Jr.,rush_yds,draftkings,Under,35.5,-116,86457f91112732f21ad4bb7d37bd291c,2026-10-09T17:20:15Z
nfl,ATL,BAL,2026-10-12T00:20:00Z,Justice Hill,rush_yds,draftkings,Over,13.5,-109,86457f91112732f21ad4bb7d37bd291c,2026-10-09T17:20:15Z
nfl,ATL,BAL,2026-10-12T00:20:00Z,Justice Hill,rush_yds,draftkings,Under,13.5,-115,86457f91112732f21ad4bb7d37bd291c,2026-10-09T17:20:15Z
nfl,ATL,BAL,2026-10-12T00:20:00Z,Michael Penix Jr.,rush_yds,draftkings,Over,0.5,100,86457f91112732f21ad4bb7d37bd291c,2026-10-09T17:20:15Z
nfl,ATL,BAL,2026-10-12T00:20:00Z,Michael Penix Jr.,rush_yds,draftkings,Under,0.5,-126,86457f91112732f21ad4bb7d37bd291c,2026-10-09T17:20:15Z
nfl,ATL,BAL,2026-10-12T00:20:00Z,Bijan Robinson,anytime_td,fanduel,Yes,,-230,86457f91112732f21ad4bb7d37bd291c,2026-10-09T17:19:52Z
nfl,ATL,BAL,2026-10-12T00:20:00Z,Derrick Henry,anytime_td,fanduel,Yes,,-150,86457f91112732f21ad4bb7d37bd291c,2026-10-09T17:19:52Z
nfl,ATL,BAL,2026-10-12T00:20:00Z,Drake London,anytime_td,fanduel,Yes,,120,86457f91112732f21ad4bb7d37bd291c,2026-10-09T17:19:52Z
nfl,ATL,BAL,2026-10-12T00:20:00Z,Zay Flowers,anytime_td,fanduel,Yes,,200,86457f91112732f21ad4bb7d37bd291c,2026-10-09T17:19:52Z
nfl,ATL,BAL,2026-10-12T00:20:00Z,Brian Robinson Jr.,anytime_td,fanduel,Yes,,240,86457f91112732f21ad4bb7d37bd291c,2026-10-09T17:19:52Z
nfl,ATL,BAL,2026-10-12T00:20:00Z,Mark Andrews,anytime_td,fanduel,Yes,,250,86457f91112732f21ad4bb7d37bd291c,2026-10-09T17:19:52Z
nfl,ATL,BAL,2026-10-12T00:20:00Z,Kyle Pitts,anytime_td,fanduel,Yes,,330,86457f91112732f21ad4bb7d37bd291c,2026-10-09T17:19:52Z
nfl,ATL,BAL,2026-10-12T00:20:00Z,Rashod Bateman,anytime_td,fanduel,Yes,,430,86457f91112732f21ad4bb7d37bd291c,2026-10-09T17:19:52Z
nfl,ATL,BAL,2026-10-12T00:20:00Z,Tyler Huntley,anytime_td,fanduel,Yes,,450,86457f91112732f21ad4bb7d37bd291c,2026-10-09T17:19:52Z
nfl,ATL,BAL,2026-10-12T00:20:00Z,Jahan Dotson,anytime_td,fanduel,Yes,,480,86457f91112732f21ad4bb7d37bd291c,2026-10-09T17:19:52Z
nfl,ATL,BAL,2026-10-12T00:20:00Z,Austin Hooper,anytime_td,fanduel,Yes,,700,86457f91112732f21ad4bb7d37bd291c,2026-10-09T17:19:52Z
nfl,ATL,BAL,2026-10-12T00:20:00Z,Justice Hill,anytime_td,fanduel,Yes,,700,86457f91112732f21ad4bb7d37bd291c,2026-10-09T17:19:52Z
nfl,ATL,BAL,2026-10-12T00:20:00Z,Baltimore Ravens Defense,anytime_td,fanduel,Yes,,700,86457f91112732f21ad4bb7d37bd291c,2026-10-09T17:19:52Z
nfl,ATL,BAL,2026-10-12T00:20:00Z,Atlanta Falcons Defense,anytime_td,fanduel,Yes,,750,86457f91112732f21ad4bb7d37bd291c,2026-10-09T17:19:52Z
nfl,ATL,BAL,2026-10-12T00:20:00Z,Olamide Zaccheaus,anytime_td,fanduel,Yes,,900,86457f91112732f21ad4bb7d37bd291c,2026-10-09T17:19:52Z
nfl,ATL,BAL,2026-10-12T00:20:00Z,Matthew Hibner,anytime_td,fanduel,Yes,,950,86457f91112732f21ad4bb7d37bd291c,2026-10-09T17:19:52Z
nfl,ATL,BAL,2026-10-12T00:20:00Z,Devontez Walker,anytime_td,fanduel,Yes,,1000,86457f91112732f21ad4bb7d37bd291c,2026-10-09T17:19:52Z
nfl,ATL,BAL,2026-10-12T00:20:00Z,Zachariah Branch,anytime_td,fanduel,Yes,,1100,86457f91112732f21ad4bb7d37bd291c,2026-10-09T17:19:52Z
nfl,ATL,BAL,2026-10-12T00:20:00Z,Michael Penix Jr.,anytime_td,fanduel,Yes,,1300,86457f91112732f21ad4bb7d37bd291c,2026-10-09T17:19:52Z
nfl,ATL,BAL,2026-10-12T00:20:00Z,Josh Cuevas,anytime_td,fanduel,Yes,,1400,86457f91112732f21ad4bb7d37bd291c,2026-10-09T17:19:52Z
nfl,ATL,BAL,2026-10-12T00:20:00Z,Nick Muse,anytime_td,fanduel,Yes,,1500,86457f91112732f21ad4bb7d37bd291c,2026-10-09T17:19:52Z
nfl,ATL,BAL,2026-10-12T00:20:00Z,Charlie Woerner,anytime_td,fanduel,Yes,,1500,86457f91112732f21ad4bb7d37bd291c,2026-10-09T17:19:52Z
nfl,ATL,BAL,2026-10-12T00:20:00Z,LaJohntay Wester,anytime_td,fanduel,Yes,,1900,86457f91112732f21ad4bb7d37bd291c,2026-10-09T17:19:52Z
nfl,ATL,BAL,2026-10-12T00:20:00Z,Chris Moore,anytime_td,fanduel,Yes,,1900,86457f91112732f21ad4bb7d37bd291c,2026-10-09T17:19:52Z
nfl,ATL,BAL,2026-10-12T00:20:00Z,Elijah Sarratt,anytime_td,fanduel,Yes,,2000,86457f91112732f21ad4bb7d37bd291c,2026-10-09T17:19:52Z
nfl,ATL,BAL,2026-10-12T00:20:00Z,Chris Blair,anytime_td,fanduel,Yes,,2200,86457f91112732f21ad4bb7d37bd291c,2026-10-09T17:19:52Z
nfl,ATL,BAL,2026-10-12T00:20:00Z,Rasheen Ali,anytime_td,fanduel,Yes,,3500,86457f91112732f21ad4bb7d37bd291c,2026-10-09T17:19:52Z
nfl,ATL,BAL,2026-10-12T00:20:00Z,Tyler Huntley,pass_td,fanduel,Over,1.5,178,86457f91112732f21ad4bb7d37bd291c,2026-10-09T17:19:52Z
nfl,ATL,BAL,2026-10-12T00:20:00Z,Tyler Huntley,pass_td,fanduel,Under,1.5,-245,86457f91112732f21ad4bb7d37bd291c,2026-10-09T17:19:52Z
nfl,ATL,BAL,2026-10-12T00:20:00Z,Michael Penix Jr.,pass_td,fanduel,Over,1.5,104,86457f91112732f21ad4bb7d37bd291c,2026-10-09T17:19:52Z
nfl,ATL,BAL,2026-10-12T00:20:00Z,Michael Penix Jr.,pass_td,fanduel,Under,1.5,-138,86457f91112732f21ad4bb7d37bd291c,2026-10-09T17:19:52Z
nfl,ATL,BAL,2026-10-12T00:20:00Z,Tyler Huntley,pass_yds,fanduel,Over,173.5,-114,86457f91112732f21ad4bb7d37bd291c,2026-10-09T17:19:52Z
nfl,ATL,BAL,2026-10-12T00:20:00Z,Tyler Huntley,pass_yds,fanduel,Under,173.5,-114,86457f91112732f21ad4bb7d37bd291c,2026-10-09T17:19:52Z
nfl,ATL,BAL,2026-10-12T00:20:00Z,Michael Penix Jr.,pass_yds,fanduel,Over,221.5,-114,86457f91112732f21ad4bb7d37bd291c,2026-10-09T17:19:52Z
nfl,ATL,BAL,2026-10-12T00:20:00Z,Michael Penix Jr.,pass_yds,fanduel,Under,221.5,-114,86457f91112732f21ad4bb7d37bd291c,2026-10-09T17:19:52Z
nfl,ATL,BAL,2026-10-12T00:20:00Z,Bijan Robinson,rec_yds,fanduel,Over,25.5,-114,86457f91112732f21ad4bb7d37bd291c,2026-10-09T17:19:52Z
nfl,ATL,BAL,2026-10-12T00:20:00Z,Bijan Robinson,rec_yds,fanduel,Under,25.5,-114,86457f91112732f21ad4bb7d37bd291c,2026-10-09T17:19:52Z
nfl,ATL,BAL,2026-10-12T00:20:00Z,Jahan Dotson,rec_yds,fanduel,Over,19.5,-114,86457f91112732f21ad4bb7d37bd291c,2026-10-09T17:19:52Z
nfl,ATL,BAL,2026-10-12T00:20:00Z,Jahan Dotson,rec_yds,fanduel,Under,19.5,-114,86457f91112732f21ad4bb7d37bd291c,2026-10-09T17:19:52Z
nfl,ATL,BAL,2026-10-12T00:20:00Z,Zay Flowers,rec_yds,fanduel,Over,68.5,-114,86457f91112732f21ad4bb7d37bd291c,2026-10-09T17:19:52Z
nfl,ATL,BAL,2026-10-12T00:20:00Z,Zay Flowers,rec_yds,fanduel,Under,68.5,-114,86457f91112732f21ad4bb7d37bd291c,2026-10-09T17:19:52Z
nfl,ATL,BAL,2026-10-12T00:20:00Z,Derrick Henry,rec_yds,fanduel,Over,4.5,-114,86457f91112732f21ad4bb7d37bd291c,2026-10-09T17:19:52Z
nfl,ATL,BAL,2026-10-12T00:20:00Z,Derrick Henry,rec_yds,fanduel,Under,4.5,-114,86457f91112732f21ad4bb7d37bd291c,2026-10-09T17:19:52Z
nfl,ATL,BAL,2026-10-12T00:20:00Z,Olamide Zaccheaus,rec_yds,fanduel,Over,7.5,-114,86457f91112732f21ad4bb7d37bd291c,2026-10-09T17:19:52Z
nfl,ATL,BAL,2026-10-12T00:20:00Z,Olamide Zaccheaus,rec_yds,fanduel,Under,7.5,-114,86457f91112732f21ad4bb7d37bd291c,2026-10-09T17:19:52Z
nfl,ATL,BAL,2026-10-12T00:20:00Z,Kyle Pitts,rec_yds,fanduel,Over,24.5,-114,86457f91112732f21ad4bb7d37bd291c,2026-10-09T17:19:52Z
nfl,ATL,BAL,2026-10-12T00:20:00Z,Kyle Pitts,rec_yds,fanduel,Under,24.5,-114,86457f91112732f21ad4bb7d37bd291c,2026-10-09T17:19:52Z
nfl,ATL,BAL,2026-10-12T00:20:00Z,Rashod Bateman,rec_yds,fanduel,Over,17.5,-114,86457f91112732f21ad4bb7d37bd291c,2026-10-09T17:19:52Z
nfl,ATL,BAL,2026-10-12T00:20:00Z,Rashod Bateman,rec_yds,fanduel,Under,17.5,-114,86457f91112732f21ad4bb7d37bd291c,2026-10-09T17:19:52Z
nfl,ATL,BAL,2026-10-12T00:20:00Z,Drake London,rec_yds,fanduel,Over,80.5,-114,86457f91112732f21ad4bb7d37bd291c,2026-10-09T17:19:52Z
nfl,ATL,BAL,2026-10-12T00:20:00Z,Drake London,rec_yds,fanduel,Under,80.5,-114,86457f91112732f21ad4bb7d37bd291c,2026-10-09T17:19:52Z
nfl,ATL,BAL,2026-10-12T00:20:00Z,Mark Andrews,rec_yds,fanduel,Over,29.5,-114,86457f91112732f21ad4bb7d37bd291c,2026-10-09T17:19:52Z
nfl,ATL,BAL,2026-10-12T00:20:00Z,Mark Andrews,rec_yds,fanduel,Under,29.5,-114,86457f91112732f21ad4bb7d37bd291c,2026-10-09T17:19:52Z
nfl,ATL,BAL,2026-10-12T00:20:00Z,Justice Hill,rec_yds,fanduel,Over,8.5,-114,86457f91112732f21ad4bb7d37bd291c,2026-10-09T17:19:52Z
nfl,ATL,BAL,2026-10-12T00:20:00Z,Justice Hill,rec_yds,fanduel,Under,8.5,-114,86457f91112732f21ad4bb7d37bd291c,2026-10-09T17:19:52Z
nfl,ATL,BAL,2026-10-12T00:20:00Z,Drake London,receptions,fanduel,Over,5.5,-154,86457f91112732f21ad4bb7d37bd291c,2026-10-09T17:19:52Z
nfl,ATL,BAL,2026-10-12T00:20:00Z,Drake London,receptions,fanduel,Under,5.5,116,86457f91112732f21ad4bb7d37bd291c,2026-10-09T17:19:52Z
nfl,ATL,BAL,2026-10-12T00:20:00Z,Derrick Henry,receptions,fanduel,Over,1.5,162,86457f91112732f21ad4bb7d37bd291c,2026-10-09T17:19:52Z
nfl,ATL,BAL,2026-10-12T00:20:00Z,Derrick Henry,receptions,fanduel,Under,1.5,-220,86457f91112732f21ad4bb7d37bd291c,2026-10-09T17:19:52Z
nfl,ATL,BAL,2026-10-12T00:20:00Z,Olamide Zaccheaus,receptions,fanduel,Over,0.5,-225,86457f91112732f21ad4bb7d37bd291c,2026-10-09T17:19:52Z
nfl,ATL,BAL,2026-10-12T00:20:00Z,Olamide Zaccheaus,receptions,fanduel,Under,0.5,164,86457f91112732f21ad4bb7d37bd291c,2026-10-09T17:19:52Z
nfl,ATL,BAL,2026-10-12T00:20:00Z,Mark Andrews,receptions,fanduel,Over,3.5,-138,86457f91112732f21ad4bb7d37bd291c,2026-10-09T17:19:52Z
nfl,ATL,BAL,2026-10-12T00:20:00Z,Mark Andrews,receptions,fanduel,Under,3.5,104,86457f91112732f21ad4bb7d37bd291c,2026-10-09T17:19:52Z
nfl,ATL,BAL,2026-10-12T00:20:00Z,Rashod Bateman,receptions,fanduel,Over,1.5,-158,86457f91112732f21ad4bb7d37bd291c,2026-10-09T17:19:52Z
nfl,ATL,BAL,2026-10-12T00:20:00Z,Rashod Bateman,receptions,fanduel,Under,1.5,118,86457f91112732f21ad4bb7d37bd291c,2026-10-09T17:19:52Z
nfl,ATL,BAL,2026-10-12T00:20:00Z,Zay Flowers,receptions,fanduel,Over,5.5,-102,86457f91112732f21ad4bb7d37bd291c,2026-10-09T17:19:52Z
nfl,ATL,BAL,2026-10-12T00:20:00Z,Zay Flowers,receptions,fanduel,Under,5.5,-130,86457f91112732f21ad4bb7d37bd291c,2026-10-09T17:19:52Z
nfl,ATL,BAL,2026-10-12T00:20:00Z,Kyle Pitts,receptions,fanduel,Over,2.5,102,86457f91112732f21ad4bb7d37bd291c,2026-10-09T17:19:52Z
nfl,ATL,BAL,2026-10-12T00:20:00Z,Kyle Pitts,receptions,fanduel,Under,2.5,-136,86457f91112732f21ad4bb7d37bd291c,2026-10-09T17:19:52Z
nfl,ATL,BAL,2026-10-12T00:20:00Z,Bijan Robinson,receptions,fanduel,Over,3.5,-132,86457f91112732f21ad4bb7d37bd291c,2026-10-09T17:19:52Z
nfl,ATL,BAL,2026-10-12T00:20:00Z,Bijan Robinson,receptions,fanduel,Under,3.5,100,86457f91112732f21ad4bb7d37bd291c,2026-10-09T17:19:52Z
nfl,ATL,BAL,2026-10-12T00:20:00Z,Jahan Dotson,receptions,fanduel,Over,1.5,-162,86457f91112732f21ad4bb7d37bd291c,2026-10-09T17:19:52Z
nfl,ATL,BAL,2026-10-12T00:20:00Z,Jahan Dotson,receptions,fanduel,Under,1.5,122,86457f91112732f21ad4bb7d37bd291c,2026-10-09T17:19:52Z
nfl,ATL,BAL,2026-10-12T00:20:00Z,Justice Hill,receptions,fanduel,Over,1.5,-108,86457f91112732f21ad4bb7d37bd291c,2026-10-09T17:19:52Z
nfl,ATL,BAL,2026-10-12T00:20:00Z,Justice Hill,receptions,fanduel,Under,1.5,-122,86457f91112732f21ad4bb7d37bd291c,2026-10-09T17:19:52Z
nfl,ATL,BAL,2026-10-12T00:20:00Z,Justice Hill,rush_yds,fanduel,Over,11.5,-114,86457f91112732f21ad4bb7d37bd291c,2026-10-09T17:19:52Z
nfl,ATL,BAL,2026-10-12T00:20:00Z,Justice Hill,rush_yds,fanduel,Under,11.5,-114,86457f91112732f21ad4bb7d37bd291c,2026-10-09T17:19:52Z
nfl,ATL,BAL,2026-10-12T00:20:00Z,Brian Robinson Jr.,rush_yds,fanduel,Over,35.5,-114,86457f91112732f21ad4bb7d37bd291c,2026-10-09T17:19:52Z
nfl,ATL,BAL,2026-10-12T00:20:00Z,Brian Robinson Jr.,rush_yds,fanduel,Under,35.5,-114,86457f91112732f21ad4bb7d37bd291c,2026-10-09T17:19:52Z
nfl,ATL,BAL,2026-10-12T00:20:00Z,Michael Penix Jr.,rush_yds,fanduel,Over,0.5,-102,86457f91112732f21ad4bb7d37bd291c,2026-10-09T17:19:52Z
nfl,ATL,BAL,2026-10-12T00:20:00Z,Michael Penix Jr.,rush_yds,fanduel,Under,0.5,-128,86457f91112732f21ad4bb7d37bd291c,2026-10-09T17:19:52Z
nfl,ATL,BAL,2026-10-12T00:20:00Z,Bijan Robinson,rush_yds,fanduel,Over,88.5,-114,86457f91112732f21ad4bb7d37bd291c,2026-10-09T17:19:52Z
nfl,ATL,BAL,2026-10-12T00:20:00Z,Bijan Robinson,rush_yds,fanduel,Under,88.5,-114,86457f91112732f21ad4bb7d37bd291c,2026-10-09T17:19:52Z
nfl,ATL,BAL,2026-10-12T00:20:00Z,Derrick Henry,rush_yds,fanduel,Over,80.5,-114,86457f91112732f21ad4bb7d37bd291c,2026-10-09T17:19:52Z
nfl,ATL,BAL,2026-10-12T00:20:00Z,Derrick Henry,rush_yds,fanduel,Under,80.5,-114,86457f91112732f21ad4bb7d37bd291c,2026-10-09T17:19:52Z
nfl,ATL,BAL,2026-10-12T00:20:00Z,LaJohntay Wester,anytime_td,betrivers,Yes,,1300,86457f91112732f21ad4bb7d37bd291c,2026-10-09T17:20:16Z
nfl,ATL,BAL,2026-10-12T00:20:00Z,Tyler Huntley,anytime_td,betrivers,Yes,,310,86457f91112732f21ad4bb7d37bd291c,2026-10-09T17:20:16Z
nfl,ATL,BAL,2026-10-12T00:20:00Z,Drake London,anytime_td,betrivers,Yes,,125,86457f91112732f21ad4bb7d37bd291c,2026-10-09T17:20:16Z
nfl,ATL,BAL,2026-10-12T00:20:00Z,Zachariah Branch,anytime_td,betrivers,Yes,,1050,86457f91112732f21ad4bb7d37bd291c,2026-10-09T17:20:16Z
nfl,ATL,BAL,2026-10-12T00:20:00Z,Rashod Bateman,anytime_td,betrivers,Yes,,440,86457f91112732f21ad4bb7d37bd291c,2026-10-09T17:20:16Z
nfl,ATL,BAL,2026-10-12T00:20:00Z,Derrick Henry,anytime_td,betrivers,Yes,,-162,86457f91112732f21ad4bb7d37bd291c,2026-10-09T17:20:16Z
nfl,ATL,BAL,2026-10-12T00:20:00Z,Michael Penix Jr.,anytime_td,betrivers,Yes,,850,86457f91112732f21ad4bb7d37bd291c,2026-10-09T17:20:16Z
nfl,ATL,BAL,2026-10-12T00:20:00Z,Zay Flowers,anytime_td,betrivers,Yes,,170,86457f91112732f21ad4bb7d37bd291c,2026-10-09T17:20:16Z
nfl,ATL,BAL,2026-10-12T00:20:00Z,Brian Robinson Jr.,anytime_td,betrivers,Yes,,210,86457f91112732f21ad4bb7d37bd291c,2026-10-09T17:20:16Z
nfl,ATL,BAL,2026-10-12T00:20:00Z,Devontez Walker,anytime_td,betrivers,Yes,,1000,86457f91112732f21ad4bb7d37bd291c,2026-10-09T17:20:16Z
nfl,ATL,BAL,2026-10-12T00:20:00Z,Chris Moore,anytime_td,betrivers,Yes,,1500,86457f91112732f21ad4bb7d37bd291c,2026-10-09T17:20:16Z
nfl,ATL,BAL,2026-10-12T00:20:00Z,Austin Hooper,anytime_td,betrivers,Yes,,600,86457f91112732f21ad4bb7d37bd291c,2026-10-09T17:20:16Z
nfl,ATL,BAL,2026-10-12T00:20:00Z,Nick Muse,anytime_td,betrivers,Yes,,2800,86457f91112732f21ad4bb7d37bd291c,2026-10-09T17:20:16Z
nfl,ATL,BAL,2026-10-12T00:20:00Z,Matthew Hibner,anytime_td,betrivers,Yes,,1200,86457f91112732f21ad4bb7d37bd291c,2026-10-09T17:20:16Z
nfl,ATL,BAL,2026-10-12T00:20:00Z,Jahan Dotson,anytime_td,betrivers,Yes,,500,86457f91112732f21ad4bb7d37bd291c,2026-10-09T17:20:16Z
nfl,ATL,BAL,2026-10-12T00:20:00Z,Rasheen Ali,anytime_td,betrivers,Yes,,2200,86457f91112732f21ad4bb7d37bd291c,2026-10-09T17:20:16Z
nfl,ATL,BAL,2026-10-12T00:20:00Z,Elijah Sarratt,anytime_td,betrivers,Yes,,1800,86457f91112732f21ad4bb7d37bd291c,2026-10-09T17:20:16Z
nfl,ATL,BAL,2026-10-12T00:20:00Z,Mark Andrews,anytime_td,betrivers,Yes,,250,86457f91112732f21ad4bb7d37bd291c,2026-10-09T17:20:16Z
nfl,ATL,BAL,2026-10-12T00:20:00Z,Chris Blair,anytime_td,betrivers,Yes,,2500,86457f91112732f21ad4bb7d37bd291c,2026-10-09T17:20:16Z
nfl,ATL,BAL,2026-10-12T00:20:00Z,Kyle Pitts,anytime_td,betrivers,Yes,,380,86457f91112732f21ad4bb7d37bd291c,2026-10-09T17:20:16Z
nfl,ATL,BAL,2026-10-12T00:20:00Z,Bijan Robinson,anytime_td,betrivers,Yes,,-265,86457f91112732f21ad4bb7d37bd291c,2026-10-09T17:20:16Z
nfl,ATL,BAL,2026-10-12T00:20:00Z,Justice Hill,anytime_td,betrivers,Yes,,550,86457f91112732f21ad4bb7d37bd291c,2026-10-09T17:20:16Z
nfl,ATL,BAL,2026-10-12T00:20:00Z,Charlie Woerner,anytime_td,betrivers,Yes,,2200,86457f91112732f21ad4bb7d37bd291c,2026-10-09T17:20:16Z
nfl,ATL,BAL,2026-10-12T00:20:00Z,Josh Cuevas,anytime_td,betrivers,Yes,,2000,86457f91112732f21ad4bb7d37bd291c,2026-10-09T17:20:16Z
nfl,ATL,BAL,2026-10-12T00:20:00Z,Olamide Zaccheaus,anytime_td,betrivers,Yes,,600,86457f91112732f21ad4bb7d37bd291c,2026-10-09T17:20:16Z
nfl,ATL,BAL,2026-10-12T00:20:00Z,Michael Penix Jr.,completions,betrivers,Over,18.5,100,86457f91112732f21ad4bb7d37bd291c,2026-10-09T17:20:16Z
nfl,ATL,BAL,2026-10-12T00:20:00Z,Tyler Huntley,pass_td,betrivers,Over,1.5,188,86457f91112732f21ad4bb7d37bd291c,2026-10-09T17:20:16Z
nfl,ATL,BAL,2026-10-12T00:20:00Z,Tyler Huntley,pass_td,betrivers,Under,1.5,-265,86457f91112732f21ad4bb7d37bd291c,2026-10-09T17:20:16Z
nfl,ATL,BAL,2026-10-12T00:20:00Z,Michael Penix Jr.,pass_td,betrivers,Over,1.5,108,86457f91112732f21ad4bb7d37bd291c,2026-10-09T17:20:16Z
nfl,ATL,BAL,2026-10-12T00:20:00Z,Michael Penix Jr.,pass_td,betrivers,Under,1.5,-143,86457f91112732f21ad4bb7d37bd291c,2026-10-09T17:20:16Z
nfl,ATL,BAL,2026-10-12T00:20:00Z,Michael Penix Jr.,pass_yds,betrivers,Over,223.5,-115,86457f91112732f21ad4bb7d37bd291c,2026-10-09T17:20:16Z
nfl,ATL,BAL,2026-10-12T00:20:00Z,Michael Penix Jr.,pass_yds,betrivers,Under,223.5,-115,86457f91112732f21ad4bb7d37bd291c,2026-10-09T17:20:16Z
nfl,ATL,BAL,2026-10-12T00:20:00Z,Tyler Huntley,pass_yds,betrivers,Over,174.5,-115,86457f91112732f21ad4bb7d37bd291c,2026-10-09T17:20:16Z
nfl,ATL,BAL,2026-10-12T00:20:00Z,Tyler Huntley,pass_yds,betrivers,Under,174.5,-114,86457f91112732f21ad4bb7d37bd291c,2026-10-09T17:20:16Z
nfl,ATL,BAL,2026-10-12T00:20:00Z,Mark Andrews,rec_yds,betrivers,Over,28.5,-118,86457f91112732f21ad4bb7d37bd291c,2026-10-09T17:20:16Z
nfl,ATL,BAL,2026-10-12T00:20:00Z,Mark Andrews,rec_yds,betrivers,Under,28.5,-113,86457f91112732f21ad4bb7d37bd291c,2026-10-09T17:20:16Z
nfl,ATL,BAL,2026-10-12T00:20:00Z,Zay Flowers,rec_yds,betrivers,Over,67.5,-115,86457f91112732f21ad4bb7d37bd291c,2026-10-09T17:20:16Z
nfl,ATL,BAL,2026-10-12T00:20:00Z,Zay Flowers,rec_yds,betrivers,Under,67.5,-115,86457f91112732f21ad4bb7d37bd291c,2026-10-09T17:20:16Z
nfl,ATL,BAL,2026-10-12T00:20:00Z,Bijan Robinson,rec_yds,betrivers,Over,28.5,-114,86457f91112732f21ad4bb7d37bd291c,2026-10-09T17:20:16Z
nfl,ATL,BAL,2026-10-12T00:20:00Z,Bijan Robinson,rec_yds,betrivers,Under,28.5,-117,86457f91112732f21ad4bb7d37bd291c,2026-10-09T17:20:16Z
nfl,ATL,BAL,2026-10-12T00:20:00Z,Kyle Pitts,rec_yds,betrivers,Over,24.5,-113,86457f91112732f21ad4bb7d37bd291c,2026-10-09T17:20:16Z
nfl,ATL,BAL,2026-10-12T00:20:00Z,Kyle Pitts,rec_yds,betrivers,Under,24.5,-118,86457f91112732f21ad4bb7d37bd291c,2026-10-09T17:20:16Z
nfl,ATL,BAL,2026-10-12T00:20:00Z,Jahan Dotson,rec_yds,betrivers,Over,19.5,-117,86457f91112732f21ad4bb7d37bd291c,2026-10-09T17:20:16Z
nfl,ATL,BAL,2026-10-12T00:20:00Z,Jahan Dotson,rec_yds,betrivers,Under,19.5,-114,86457f91112732f21ad4bb7d37bd291c,2026-10-09T17:20:16Z
nfl,ATL,BAL,2026-10-12T00:20:00Z,Drake London,rec_yds,betrivers,Over,81.5,-117,86457f91112732f21ad4bb7d37bd291c,2026-10-09T17:20:16Z
nfl,ATL,BAL,2026-10-12T00:20:00Z,Drake London,rec_yds,betrivers,Under,81.5,-114,86457f91112732f21ad4bb7d37bd291c,2026-10-09T17:20:16Z
nfl,ATL,BAL,2026-10-12T00:20:00Z,Rashod Bateman,rec_yds,betrivers,Over,17.5,-117,86457f91112732f21ad4bb7d37bd291c,2026-10-09T17:20:16Z
nfl,ATL,BAL,2026-10-12T00:20:00Z,Rashod Bateman,rec_yds,betrivers,Under,17.5,-114,86457f91112732f21ad4bb7d37bd291c,2026-10-09T17:20:16Z
nfl,ATL,BAL,2026-10-12T00:20:00Z,Mark Andrews,receptions,betrivers,Over,3.5,-137,86457f91112732f21ad4bb7d37bd291c,2026-10-09T17:20:16Z
nfl,ATL,BAL,2026-10-12T00:20:00Z,Kyle Pitts,receptions,betrivers,Over,2.5,116,86457f91112732f21ad4bb7d37bd291c,2026-10-09T17:20:16Z
nfl,ATL,BAL,2026-10-12T00:20:00Z,Rashod Bateman,receptions,betrivers,Over,1.5,-162,86457f91112732f21ad4bb7d37bd291c,2026-10-09T17:20:16Z
nfl,ATL,BAL,2026-10-12T00:20:00Z,Bijan Robinson,receptions,betrivers,Over,3.5,-134,86457f91112732f21ad4bb7d37bd291c,2026-10-09T17:20:16Z
nfl,ATL,BAL,2026-10-12T00:20:00Z,Drake London,receptions,betrivers,Over,5.5,-152,86457f91112732f21ad4bb7d37bd291c,2026-10-09T17:20:16Z
nfl,ATL,BAL,2026-10-12T00:20:00Z,Zay Flowers,receptions,betrivers,Over,5.5,106,86457f91112732f21ad4bb7d37bd291c,2026-10-09T17:20:16Z
nfl,ATL,BAL,2026-10-12T00:20:00Z,Jahan Dotson,receptions,betrivers,Over,1.5,-148,86457f91112732f21ad4bb7d37bd291c,2026-10-09T17:20:16Z
nfl,ATL,BAL,2026-10-12T00:20:00Z,Brian Robinson Jr.,rush_yds,betrivers,Over,35.5,-112,86457f91112732f21ad4bb7d37bd291c,2026-10-09T17:20:16Z
nfl,ATL,BAL,2026-10-12T00:20:00Z,Brian Robinson Jr.,rush_yds,betrivers,Under,35.5,-120,86457f91112732f21ad4bb7d37bd291c,2026-10-09T17:20:16Z
nfl,ATL,BAL,2026-10-12T00:20:00Z,Justice Hill,rush_yds,betrivers,Over,12.5,-117,86457f91112732f21ad4bb7d37bd291c,2026-10-09T17:20:16Z
nfl,ATL,BAL,2026-10-12T00:20:00Z,Justice Hill,rush_yds,betrivers,Under,12.5,-114,86457f91112732f21ad4bb7d37bd291c,2026-10-09T17:20:16Z
nfl,ATL,BAL,2026-10-12T00:20:00Z,Derrick Henry,rush_yds,betrivers,Over,84.5,-114,86457f91112732f21ad4bb7d37bd291c,2026-10-09T17:20:16Z
nfl,ATL,BAL,2026-10-12T00:20:00Z,Derrick Henry,rush_yds,betrivers,Under,84.5,-117,86457f91112732f21ad4bb7d37bd291c,2026-10-09T17:20:16Z
nfl,ATL,BAL,2026-10-12T00:20:00Z,Bijan Robinson,rush_yds,betrivers,Over,90.5,-115,86457f91112732f21ad4bb7d37bd291c,2026-10-09T17:20:16Z
nfl,ATL,BAL,2026-10-12T00:20:00Z,Bijan Robinson,rush_yds,betrivers,Under,90.5,-115,86457f91112732f21ad4bb7d37bd291c,2026-10-09T17:20:16Z
nfl,ATL,BAL,2026-10-12T00:20:00Z,Kyle Pitts,anytime_td,betmgm,Yes,,360,86457f91112732f21ad4bb7d37bd291c,2026-10-09T17:19:41Z
nfl,ATL,BAL,2026-10-12T00:20:00Z,Zay Flowers,anytime_td,betmgm,Yes,,175,86457f91112732f21ad4bb7d37bd291c,2026-10-09T17:19:41Z
nfl,ATL,BAL,2026-10-12T00:20:00Z,Justice Hill,anytime_td,betmgm,Yes,,600,86457f91112732f21ad4bb7d37bd291c,2026-10-09T17:19:41Z
nfl,ATL,BAL,2026-10-12T00:20:00Z,Derrick Henry,anytime_td,betmgm,Yes,,-150,86457f91112732f21ad4bb7d37bd291c,2026-10-09T17:19:41Z
nfl,ATL,BAL,2026-10-12T00:20:00Z,Brian Robinson Jr.,anytime_td,betmgm,Yes,,230,86457f91112732f21ad4bb7d37bd291c,2026-10-09T17:19:41Z
nfl,ATL,BAL,2026-10-12T00:20:00Z,Rashod Bateman,anytime_td,betmgm,Yes,,550,86457f91112732f21ad4bb7d37bd291c,2026-10-09T17:19:41Z
nfl,ATL,BAL,2026-10-12T00:20:00Z,Austin Hooper,anytime_td,betmgm,Yes,,900,86457f91112732f21ad4bb7d37bd291c,2026-10-09T17:19:41Z
nfl,ATL,BAL,2026-10-12T00:20:00Z,Mark Andrews,anytime_td,betmgm,Yes,,260,86457f91112732f21ad4bb7d37bd291c,2026-10-09T17:19:41Z
nfl,ATL,BAL,2026-10-12T00:20:00Z,Drake London,anytime_td,betmgm,Yes,,120,86457f91112732f21ad4bb7d37bd291c,2026-10-09T17:19:41Z
nfl,ATL,BAL,2026-10-12T00:20:00Z,Chris Blair,anytime_td,betmgm,Yes,,1400,86457f91112732f21ad4bb7d37bd291c,2026-10-09T17:19:41Z
nfl,ATL,BAL,2026-10-12T00:20:00Z,Olamide Zaccheaus,anytime_td,betmgm,Yes,,850,86457f91112732f21ad4bb7d37bd291c,2026-10-09T17:19:41Z
nfl,ATL,BAL,2026-10-12T00:20:00Z,Matthew Hibner,anytime_td,betmgm,Yes,,1050,86457f91112732f21ad4bb7d37bd291c,2026-10-09T17:19:41Z
nfl,ATL,BAL,2026-10-12T00:20:00Z,Baltimore Ravens D/ST,anytime_td,betmgm,Yes,,550,86457f91112732f21ad4bb7d37bd291c,2026-10-09T17:19:41Z
nfl,ATL,BAL,2026-10-12T00:20:00Z,Bijan Robinson,anytime_td,betmgm,Yes,,-235,86457f91112732f21ad4bb7d37bd291c,2026-10-09T17:19:41Z
nfl,ATL,BAL,2026-10-12T00:20:00Z,Jahan Dotson,anytime_td,betmgm,Yes,,500,86457f91112732f21ad4bb7d37bd291c,2026-10-09T17:19:41Z
nfl,ATL,BAL,2026-10-12T00:20:00Z,Michael Penix Jr.,anytime_td,betmgm,Yes,,1200,86457f91112732f21ad4bb7d37bd291c,2026-10-09T17:19:41Z
nfl,ATL,BAL,2026-10-12T00:20:00Z,Chris Moore,anytime_td,betmgm,Yes,,1650,86457f91112732f21ad4bb7d37bd291c,2026-10-09T17:19:41Z
nfl,ATL,BAL,2026-10-12T00:20:00Z,Atlanta Falcons D/ST,anytime_td,betmgm,Yes,,600,86457f91112732f21ad4bb7d37bd291c,2026-10-09T17:19:41Z
nfl,ATL,BAL,2026-10-12T00:20:00Z,Devontez Walker,anytime_td,betmgm,Yes,,1050,86457f91112732f21ad4bb7d37bd291c,2026-10-09T17:19:41Z
nfl,ATL,BAL,2026-10-12T00:20:00Z,Rasheen Ali,anytime_td,betmgm,Yes,,2000,86457f91112732f21ad4bb7d37bd291c,2026-10-09T17:19:41Z
nfl,ATL,BAL,2026-10-12T00:20:00Z,Charlie Woerner,anytime_td,betmgm,Yes,,1900,86457f91112732f21ad4bb7d37bd291c,2026-10-09T17:19:41Z
nfl,ATL,BAL,2026-10-12T00:20:00Z,Josh Cuevas,anytime_td,betmgm,Yes,,1700,86457f91112732f21ad4bb7d37bd291c,2026-10-09T17:19:41Z
nfl,ATL,BAL,2026-10-12T00:20:00Z,Zachariah Branch,anytime_td,betmgm,Yes,,950,86457f91112732f21ad4bb7d37bd291c,2026-10-09T17:19:41Z
nfl,ATL,BAL,2026-10-12T00:20:00Z,Tyler Huntley,anytime_td,betmgm,Yes,,450,86457f91112732f21ad4bb7d37bd291c,2026-10-09T17:19:41Z
nfl,ATL,BAL,2026-10-12T00:20:00Z,Michael Penix Jr.,pass_att,betmgm,Over,29.5,-110,86457f91112732f21ad4bb7d37bd291c,2026-10-09T17:19:41Z
nfl,ATL,BAL,2026-10-12T00:20:00Z,Michael Penix Jr.,pass_att,betmgm,Under,29.5,-120,86457f91112732f21ad4bb7d37bd291c,2026-10-09T17:19:41Z
nfl,ATL,BAL,2026-10-12T00:20:00Z,Michael Penix Jr.,completions,betmgm,Over,19.5,120,86457f91112732f21ad4bb7d37bd291c,2026-10-09T17:19:41Z
nfl,ATL,BAL,2026-10-12T00:20:00Z,Michael Penix Jr.,completions,betmgm,Under,19.5,-160,86457f91112732f21ad4bb7d37bd291c,2026-10-09T17:19:41Z
nfl,ATL,BAL,2026-10-12T00:20:00Z,Michael Penix Jr.,pass_td,betmgm,Over,1.5,120,86457f91112732f21ad4bb7d37bd291c,2026-10-09T17:19:41Z
nfl,ATL,BAL,2026-10-12T00:20:00Z,Michael Penix Jr.,pass_td,betmgm,Under,1.5,-160,86457f91112732f21ad4bb7d37bd291c,2026-10-09T17:19:41Z
nfl,ATL,BAL,2026-10-12T00:20:00Z,Michael Penix Jr.,pass_yds,betmgm,Over,219.5,-115,86457f91112732f21ad4bb7d37bd291c,2026-10-09T17:19:41Z
nfl,ATL,BAL,2026-10-12T00:20:00Z,Michael Penix Jr.,pass_yds,betmgm,Under,219.5,-115,86457f91112732f21ad4bb7d37bd291c,2026-10-09T17:19:41Z
nfl,ATL,BAL,2026-10-12T00:20:00Z,Jahan Dotson,rec_yds,betmgm,Over,18.5,-115,86457f91112732f21ad4bb7d37bd291c,2026-10-09T17:19:41Z
nfl,ATL,BAL,2026-10-12T00:20:00Z,Jahan Dotson,rec_yds,betmgm,Under,18.5,-115,86457f91112732f21ad4bb7d37bd291c,2026-10-09T17:19:41Z
nfl,ATL,BAL,2026-10-12T00:20:00Z,Kyle Pitts,rec_yds,betmgm,Over,25.5,-120,86457f91112732f21ad4bb7d37bd291c,2026-10-09T17:19:41Z
nfl,ATL,BAL,2026-10-12T00:20:00Z,Kyle Pitts,rec_yds,betmgm,Under,25.5,-111,86457f91112732f21ad4bb7d37bd291c,2026-10-09T17:19:41Z
nfl,ATL,BAL,2026-10-12T00:20:00Z,Drake London,rec_yds,betmgm,Over,81.5,-115,86457f91112732f21ad4bb7d37bd291c,2026-10-09T17:19:41Z
nfl,ATL,BAL,2026-10-12T00:20:00Z,Drake London,rec_yds,betmgm,Under,81.5,-115,86457f91112732f21ad4bb7d37bd291c,2026-10-09T17:19:41Z
nfl,ATL,BAL,2026-10-12T00:20:00Z,Bijan Robinson,rec_yds,betmgm,Over,28.5,-111,86457f91112732f21ad4bb7d37bd291c,2026-10-09T17:19:41Z
nfl,ATL,BAL,2026-10-12T00:20:00Z,Bijan Robinson,rec_yds,betmgm,Under,28.5,-120,86457f91112732f21ad4bb7d37bd291c,2026-10-09T17:19:41Z
nfl,ATL,BAL,2026-10-12T00:20:00Z,Zay Flowers,rec_yds,betmgm,Over,68.5,-115,86457f91112732f21ad4bb7d37bd291c,2026-10-09T17:19:41Z
nfl,ATL,BAL,2026-10-12T00:20:00Z,Zay Flowers,rec_yds,betmgm,Under,68.5,-115,86457f91112732f21ad4bb7d37bd291c,2026-10-09T17:19:41Z
nfl,ATL,BAL,2026-10-12T00:20:00Z,Mark Andrews,rec_yds,betmgm,Over,29.5,-115,86457f91112732f21ad4bb7d37bd291c,2026-10-09T17:19:41Z
nfl,ATL,BAL,2026-10-12T00:20:00Z,Mark Andrews,rec_yds,betmgm,Under,29.5,-115,86457f91112732f21ad4bb7d37bd291c,2026-10-09T17:19:41Z
nfl,ATL,BAL,2026-10-12T00:20:00Z,Rashod Bateman,rec_yds,betmgm,Over,17.5,-115,86457f91112732f21ad4bb7d37bd291c,2026-10-09T17:19:41Z
nfl,ATL,BAL,2026-10-12T00:20:00Z,Rashod Bateman,rec_yds,betmgm,Under,17.5,-115,86457f91112732f21ad4bb7d37bd291c,2026-10-09T17:19:41Z
nfl,ATL,BAL,2026-10-12T00:20:00Z,Kyle Pitts,receptions,betmgm,Over,2.5,100,86457f91112732f21ad4bb7d37bd291c,2026-10-09T17:19:41Z
nfl,ATL,BAL,2026-10-12T00:20:00Z,Kyle Pitts,receptions,betmgm,Under,2.5,-135,86457f91112732f21ad4bb7d37bd291c,2026-10-09T17:19:41Z
nfl,ATL,BAL,2026-10-12T00:20:00Z,Mark Andrews,receptions,betmgm,Over,3.5,-115,86457f91112732f21ad4bb7d37bd291c,2026-10-09T17:19:41Z
nfl,ATL,BAL,2026-10-12T00:20:00Z,Mark Andrews,receptions,betmgm,Under,3.5,-115,86457f91112732f21ad4bb7d37bd291c,2026-10-09T17:19:41Z
nfl,ATL,BAL,2026-10-12T00:20:00Z,Zay Flowers,receptions,betmgm,Over,5.5,-111,86457f91112732f21ad4bb7d37bd291c,2026-10-09T17:19:41Z
nfl,ATL,BAL,2026-10-12T00:20:00Z,Zay Flowers,receptions,betmgm,Under,5.5,-120,86457f91112732f21ad4bb7d37bd291c,2026-10-09T17:19:41Z
nfl,ATL,BAL,2026-10-12T00:20:00Z,Bijan Robinson,receptions,betmgm,Over,3.5,-120,86457f91112732f21ad4bb7d37bd291c,2026-10-09T17:19:41Z
nfl,ATL,BAL,2026-10-12T00:20:00Z,Bijan Robinson,receptions,betmgm,Under,3.5,-111,86457f91112732f21ad4bb7d37bd291c,2026-10-09T17:19:41Z
nfl,ATL,BAL,2026-10-12T00:20:00Z,Jahan Dotson,receptions,betmgm,Over,1.5,-140,86457f91112732f21ad4bb7d37bd291c,2026-10-09T17:19:41Z
nfl,ATL,BAL,2026-10-12T00:20:00Z,Jahan Dotson,receptions,betmgm,Under,1.5,105,86457f91112732f21ad4bb7d37bd291c,2026-10-09T17:19:41Z
nfl,ATL,BAL,2026-10-12T00:20:00Z,Drake London,receptions,betmgm,Over,6.5,115,86457f91112732f21ad4bb7d37bd291c,2026-10-09T17:19:41Z
nfl,ATL,BAL,2026-10-12T00:20:00Z,Drake London,receptions,betmgm,Under,6.5,-155,86457f91112732f21ad4bb7d37bd291c,2026-10-09T17:19:41Z
nfl,ATL,BAL,2026-10-12T00:20:00Z,Rashod Bateman,receptions,betmgm,Over,1.5,-160,86457f91112732f21ad4bb7d37bd291c,2026-10-09T17:19:41Z
nfl,ATL,BAL,2026-10-12T00:20:00Z,Rashod Bateman,receptions,betmgm,Under,1.5,120,86457f91112732f21ad4bb7d37bd291c,2026-10-09T17:19:41Z
nfl,ATL,BAL,2026-10-12T00:20:00Z,Bijan Robinson,rush_att,betmgm,Over,19.5,100,86457f91112732f21ad4bb7d37bd291c,2026-10-09T17:19:41Z
nfl,ATL,BAL,2026-10-12T00:20:00Z,Bijan Robinson,rush_att,betmgm,Under,19.5,-135,86457f91112732f21ad4bb7d37bd291c,2026-10-09T17:19:41Z
nfl,ATL,BAL,2026-10-12T00:20:00Z,Bijan Robinson,rush_yds,betmgm,Over,88.5,-115,86457f91112732f21ad4bb7d37bd291c,2026-10-09T17:19:41Z
nfl,ATL,BAL,2026-10-12T00:20:00Z,Bijan Robinson,rush_yds,betmgm,Under,88.5,-115,86457f91112732f21ad4bb7d37bd291c,2026-10-09T17:19:41Z
nfl,ATL,BAL,2026-10-12T00:20:00Z,Brian Robinson Jr.,rush_yds,betmgm,Over,34.5,-111,86457f91112732f21ad4bb7d37bd291c,2026-10-09T17:19:41Z
nfl,ATL,BAL,2026-10-12T00:20:00Z,Brian Robinson Jr.,rush_yds,betmgm,Under,34.5,-120,86457f91112732f21ad4bb7d37bd291c,2026-10-09T17:19:41Z
nfl,ATL,BAL,2026-10-12T00:20:00Z,Michael Penix Jr.,pass_att,espnbet,Over,28.5,-135,86457f91112732f21ad4bb7d37bd291c,2026-10-09T17:20:06Z
nfl,ATL,BAL,2026-10-12T00:20:00Z,Michael Penix Jr.,pass_att,espnbet,Under,28.5,105,86457f91112732f21ad4bb7d37bd291c,2026-10-09T17:20:06Z
nfl,ATL,BAL,2026-10-12T00:20:00Z,Michael Penix Jr.,completions,espnbet,Over,18.5,100,86457f91112732f21ad4bb7d37bd291c,2026-10-09T17:20:06Z
nfl,ATL,BAL,2026-10-12T00:20:00Z,Michael Penix Jr.,completions,espnbet,Under,18.5,-130,86457f91112732f21ad4bb7d37bd291c,2026-10-09T17:20:06Z
nfl,ATL,BAL,2026-10-12T00:20:00Z,Michael Penix Jr.,pass_td,espnbet,Over,1.5,120,86457f91112732f21ad4bb7d37bd291c,2026-10-09T17:20:06Z
nfl,ATL,BAL,2026-10-12T00:20:00Z,Michael Penix Jr.,pass_td,espnbet,Under,1.5,-155,86457f91112732f21ad4bb7d37bd291c,2026-10-09T17:20:06Z
nfl,ATL,BAL,2026-10-12T00:20:00Z,Tyler Huntley,pass_td,espnbet,Over,1.5,190,86457f91112732f21ad4bb7d37bd291c,2026-10-09T17:20:06Z
nfl,ATL,BAL,2026-10-12T00:20:00Z,Tyler Huntley,pass_td,espnbet,Under,1.5,-260,86457f91112732f21ad4bb7d37bd291c,2026-10-09T17:20:06Z
nfl,ATL,BAL,2026-10-12T00:20:00Z,Michael Penix Jr.,pass_yds,espnbet,Over,219.5,-110,86457f91112732f21ad4bb7d37bd291c,2026-10-09T17:20:06Z
nfl,ATL,BAL,2026-10-12T00:20:00Z,Michael Penix Jr.,pass_yds,espnbet,Under,219.5,-120,86457f91112732f21ad4bb7d37bd291c,2026-10-09T17:20:06Z
nfl,ATL,BAL,2026-10-12T00:20:00Z,Tyler Huntley,pass_yds,espnbet,Over,174.5,-110,86457f91112732f21ad4bb7d37bd291c,2026-10-09T17:20:06Z
nfl,ATL,BAL,2026-10-12T00:20:00Z,Tyler Huntley,pass_yds,espnbet,Under,174.5,-120,86457f91112732f21ad4bb7d37bd291c,2026-10-09T17:20:06Z
nfl,ATL,BAL,2026-10-12T00:20:00Z,Drake London,rec_yds,espnbet,Over,79.5,-120,86457f91112732f21ad4bb7d37bd291c,2026-10-09T17:20:06Z
nfl,ATL,BAL,2026-10-12T00:20:00Z,Drake London,rec_yds,espnbet,Under,79.5,-110,86457f91112732f21ad4bb7d37bd291c,2026-10-09T17:20:06Z
nfl,ATL,BAL,2026-10-12T00:20:00Z,Zay Flowers,rec_yds,espnbet,Over,69.5,-105,86457f91112732f21ad4bb7d37bd291c,2026-10-09T17:20:06Z
nfl,ATL,BAL,2026-10-12T00:20:00Z,Zay Flowers,rec_yds,espnbet,Under,69.5,-125,86457f91112732f21ad4bb7d37bd291c,2026-10-09T17:20:06Z
nfl,ATL,BAL,2026-10-12T00:20:00Z,Mark Andrews,rec_yds,espnbet,Over,29.5,-120,86457f91112732f21ad4bb7d37bd291c,2026-10-09T17:20:06Z
nfl,ATL,BAL,2026-10-12T00:20:00Z,Mark Andrews,rec_yds,espnbet,Under,29.5,-110,86457f91112732f21ad4bb7d37bd291c,2026-10-09T17:20:06Z
nfl,ATL,BAL,2026-10-12T00:20:00Z,Rashod Bateman,rec_yds,espnbet,Over,19.5,105,86457f91112732f21ad4bb7d37bd291c,2026-10-09T17:20:06Z
nfl,ATL,BAL,2026-10-12T00:20:00Z,Rashod Bateman,rec_yds,espnbet,Under,19.5,-135,86457f91112732f21ad4bb7d37bd291c,2026-10-09T17:20:06Z
nfl,ATL,BAL,2026-10-12T00:20:00Z,Kyle Pitts,rec_yds,espnbet,Over,25.5,100,86457f91112732f21ad4bb7d37bd291c,2026-10-09T17:20:06Z
nfl,ATL,BAL,2026-10-12T00:20:00Z,Kyle Pitts,rec_yds,espnbet,Under,25.5,-130,86457f91112732f21ad4bb7d37bd291c,2026-10-09T17:20:06Z
nfl,ATL,BAL,2026-10-12T00:20:00Z,Elijah Dotson,rec_yds,espnbet,Over,19.5,-105,86457f91112732f21ad4bb7d37bd291c,2026-10-09T17:20:06Z
nfl,ATL,BAL,2026-10-12T00:20:00Z,Elijah Dotson,rec_yds,espnbet,Under,19.5,-125,86457f91112732f21ad4bb7d37bd291c,2026-10-09T17:20:06Z
nfl,ATL,BAL,2026-10-12T00:20:00Z,Bijan Robinson,rec_yds,espnbet,Over,27.5,-110,86457f91112732f21ad4bb7d37bd291c,2026-10-09T17:20:06Z
nfl,ATL,BAL,2026-10-12T00:20:00Z,Bijan Robinson,rec_yds,espnbet,Under,27.5,-120,86457f91112732f21ad4bb7d37bd291c,2026-10-09T17:20:06Z
nfl,ATL,BAL,2026-10-12T00:20:00Z,Olamide Zaccheaus,rec_yds,espnbet,Over,7.5,-110,86457f91112732f21ad4bb7d37bd291c,2026-10-09T17:20:06Z
nfl,ATL,BAL,2026-10-12T00:20:00Z,Olamide Zaccheaus,rec_yds,espnbet,Under,7.5,-120,86457f91112732f21ad4bb7d37bd291c,2026-10-09T17:20:06Z
nfl,ATL,BAL,2026-10-12T00:20:00Z,Derrick Henry,rec_yds,espnbet,Over,4.5,-120,86457f91112732f21ad4bb7d37bd291c,2026-10-09T17:20:06Z
nfl,ATL,BAL,2026-10-12T00:20:00Z,Derrick Henry,rec_yds,espnbet,Under,4.5,-110,86457f91112732f21ad4bb7d37bd291c,2026-10-09T17:20:06Z
nfl,ATL,BAL,2026-10-12T00:20:00Z,Justice Hill,rec_yds,espnbet,Over,7.5,-130,86457f91112732f21ad4bb7d37bd291c,2026-10-09T17:20:06Z
nfl,ATL,BAL,2026-10-12T00:20:00Z,Justice Hill,rec_yds,espnbet,Under,7.5,100,86457f91112732f21ad4bb7d37bd291c,2026-10-09T17:20:06Z
nfl,ATL,BAL,2026-10-12T00:20:00Z,Drake London,receptions,espnbet,Over,5.5,-155,86457f91112732f21ad4bb7d37bd291c,2026-10-09T17:20:06Z
nfl,ATL,BAL,2026-10-12T00:20:00Z,Drake London,receptions,espnbet,Under,5.5,120,86457f91112732f21ad4bb7d37bd291c,2026-10-09T17:20:06Z
nfl,ATL,BAL,2026-10-12T00:20:00Z,Mark Andrews,receptions,espnbet,Over,3.5,-125,86457f91112732f21ad4bb7d37bd291c,2026-10-09T17:20:06Z
nfl,ATL,BAL,2026-10-12T00:20:00Z,Mark Andrews,receptions,espnbet,Under,3.5,-105,86457f91112732f21ad4bb7d37bd291c,2026-10-09T17:20:06Z
nfl,ATL,BAL,2026-10-12T00:20:00Z,Zay Flowers,receptions,espnbet,Over,5.5,100,86457f91112732f21ad4bb7d37bd291c,2026-10-09T17:20:06Z
nfl,ATL,BAL,2026-10-12T00:20:00Z,Zay Flowers,receptions,espnbet,Under,5.5,-130,86457f91112732f21ad4bb7d37bd291c,2026-10-09T17:20:06Z
nfl,ATL,BAL,2026-10-12T00:20:00Z,Bijan Robinson,receptions,espnbet,Over,3.5,-130,86457f91112732f21ad4bb7d37bd291c,2026-10-09T17:20:06Z
nfl,ATL,BAL,2026-10-12T00:20:00Z,Bijan Robinson,receptions,espnbet,Under,3.5,100,86457f91112732f21ad4bb7d37bd291c,2026-10-09T17:20:06Z
nfl,ATL,BAL,2026-10-12T00:20:00Z,Kyle Pitts,receptions,espnbet,Over,2.5,115,86457f91112732f21ad4bb7d37bd291c,2026-10-09T17:20:06Z
nfl,ATL,BAL,2026-10-12T00:20:00Z,Kyle Pitts,receptions,espnbet,Under,2.5,-150,86457f91112732f21ad4bb7d37bd291c,2026-10-09T17:20:06Z
nfl,ATL,BAL,2026-10-12T00:20:00Z,Rashod Bateman,receptions,espnbet,Over,1.5,-160,86457f91112732f21ad4bb7d37bd291c,2026-10-09T17:20:06Z
nfl,ATL,BAL,2026-10-12T00:20:00Z,Rashod Bateman,receptions,espnbet,Under,1.5,125,86457f91112732f21ad4bb7d37bd291c,2026-10-09T17:20:06Z
nfl,ATL,BAL,2026-10-12T00:20:00Z,Derrick Henry,receptions,espnbet,Over,1.5,180,86457f91112732f21ad4bb7d37bd291c,2026-10-09T17:20:06Z
nfl,ATL,BAL,2026-10-12T00:20:00Z,Derrick Henry,receptions,espnbet,Under,1.5,-250,86457f91112732f21ad4bb7d37bd291c,2026-10-09T17:20:06Z
nfl,ATL,BAL,2026-10-12T00:20:00Z,Elijah Dotson,receptions,espnbet,Over,1.5,-140,86457f91112732f21ad4bb7d37bd291c,2026-10-09T17:20:06Z
nfl,ATL,BAL,2026-10-12T00:20:00Z,Elijah Dotson,receptions,espnbet,Under,1.5,110,86457f91112732f21ad4bb7d37bd291c,2026-10-09T17:20:06Z
nfl,ATL,BAL,2026-10-12T00:20:00Z,Justice Hill,receptions,espnbet,Over,1.5,-110,86457f91112732f21ad4bb7d37bd291c,2026-10-09T17:20:06Z
nfl,ATL,BAL,2026-10-12T00:20:00Z,Justice Hill,receptions,espnbet,Under,1.5,-120,86457f91112732f21ad4bb7d37bd291c,2026-10-09T17:20:06Z
nfl,ATL,BAL,2026-10-12T00:20:00Z,Olamide Zaccheaus,receptions,espnbet,Over,0.5,-250,86457f91112732f21ad4bb7d37bd291c,2026-10-09T17:20:06Z
nfl,ATL,BAL,2026-10-12T00:20:00Z,Olamide Zaccheaus,receptions,espnbet,Under,0.5,180,86457f91112732f21ad4bb7d37bd291c,2026-10-09T17:20:06Z
nfl,ATL,BAL,2026-10-12T00:20:00Z,Derrick Henry,rush_att,espnbet,Over,19.5,-115,86457f91112732f21ad4bb7d37bd291c,2026-10-09T17:20:06Z
nfl,ATL,BAL,2026-10-12T00:20:00Z,Derrick Henry,rush_att,espnbet,Under,19.5,-115,86457f91112732f21ad4bb7d37bd291c,2026-10-09T17:20:06Z
nfl,ATL,BAL,2026-10-12T00:20:00Z,Bijan Robinson,rush_att,espnbet,Over,19.5,110,86457f91112732f21ad4bb7d37bd291c,2026-10-09T17:20:06Z
nfl,ATL,BAL,2026-10-12T00:20:00Z,Bijan Robinson,rush_att,espnbet,Under,19.5,-140,86457f91112732f21ad4bb7d37bd291c,2026-10-09T17:20:06Z
nfl,ATL,BAL,2026-10-12T00:20:00Z,Brian Robinson Jr.,rush_att,espnbet,Over,9.5,120,86457f91112732f21ad4bb7d37bd291c,2026-10-09T17:20:06Z
nfl,ATL,BAL,2026-10-12T00:20:00Z,Brian Robinson Jr.,rush_att,espnbet,Under,9.5,-155,86457f91112732f21ad4bb7d37bd291c,2026-10-09T17:20:06Z
nfl,ATL,BAL,2026-10-12T00:20:00Z,Bijan Robinson,rush_yds,espnbet,Over,84.5,-125,86457f91112732f21ad4bb7d37bd291c,2026-10-09T17:20:06Z
nfl,ATL,BAL,2026-10-12T00:20:00Z,Bijan Robinson,rush_yds,espnbet,Under,84.5,-105,86457f91112732f21ad4bb7d37bd291c,2026-10-09T17:20:06Z
nfl,ATL,BAL,2026-10-12T00:20:00Z,Derrick Henry,rush_yds,espnbet,Over,79.5,-105,86457f91112732f21ad4bb7d37bd291c,2026-10-09T17:20:06Z
nfl,ATL,BAL,2026-10-12T00:20:00Z,Derrick Henry,rush_yds,espnbet,Under,79.5,-125,86457f91112732f21ad4bb7d37bd291c,2026-10-09T17:20:06Z
nfl,ATL,BAL,2026-10-12T00:20:00Z,Brian Robinson Jr.,rush_yds,espnbet,Over,34.5,-115,86457f91112732f21ad4bb7d37bd291c,2026-10-09T17:20:06Z
nfl,ATL,BAL,2026-10-12T00:20:00Z,Brian Robinson Jr.,rush_yds,espnbet,Under,34.5,-115,86457f91112732f21ad4bb7d37bd291c,2026-10-09T17:20:06Z
nfl,ATL,BAL,2026-10-12T00:20:00Z,Justice Hill,rush_yds,espnbet,Over,11.5,-125,86457f91112732f21ad4bb7d37bd291c,2026-10-09T17:20:06Z
nfl,ATL,BAL,2026-10-12T00:20:00Z,Justice Hill,rush_yds,espnbet,Under,11.5,-105,86457f91112732f21ad4bb7d37bd291c,2026-10-09T17:20:06Z
nfl,ATL,BAL,2026-10-12T00:20:00Z,Michael Penix Jr.,rush_yds,espnbet,Over,0.5,100,86457f91112732f21ad4bb7d37bd291c,2026-10-09T17:20:06Z
nfl,ATL,BAL,2026-10-12T00:20:00Z,Michael Penix Jr.,rush_yds,espnbet,Under,0.5,-130,86457f91112732f21ad4bb7d37bd291c,2026-10-09T17:20:06Z
nfl,LAR,BUF,2026-10-13T00:15:00Z,Kyren Williams,anytime_td,draftkings,Yes,,-180,e6d00eedd87d367e510314bd8cab8f6f,2026-10-09T17:20:16Z
nfl,LAR,BUF,2026-10-13T00:15:00Z,Puka Nacua,anytime_td,draftkings,Yes,,-135,e6d00eedd87d367e510314bd8cab8f6f,2026-10-09T17:20:16Z
nfl,LAR,BUF,2026-10-13T00:15:00Z,Josh Allen,anytime_td,draftkings,Yes,,-110,e6d00eedd87d367e510314bd8cab8f6f,2026-10-09T17:20:16Z
nfl,LAR,BUF,2026-10-13T00:15:00Z,Davante Adams,anytime_td,draftkings,Yes,,-105,e6d00eedd87d367e510314bd8cab8f6f,2026-10-09T17:20:16Z
nfl,LAR,BUF,2026-10-13T00:15:00Z,James Cook,anytime_td,draftkings,Yes,,-105,e6d00eedd87d367e510314bd8cab8f6f,2026-10-09T17:20:16Z
nfl,LAR,BUF,2026-10-13T00:15:00Z,Dalton Kincaid,anytime_td,draftkings,Yes,,195,e6d00eedd87d367e510314bd8cab8f6f,2026-10-09T17:20:16Z
nfl,LAR,BUF,2026-10-13T00:15:00Z,Keon Coleman,anytime_td,draftkings,Yes,,235,e6d00eedd87d367e510314bd8cab8f6f,2026-10-09T17:20:16Z
nfl,LAR,BUF,2026-10-13T00:15:00Z,Tyler Higbee,anytime_td,draftkings,Yes,,240,e6d00eedd87d367e510314bd8cab8f6f,2026-10-09T17:20:16Z
nfl,LAR,BUF,2026-10-13T00:15:00Z,Colby Parkinson,anytime_td,draftkings,Yes,,240,e6d00eedd87d367e510314bd8cab8f6f,2026-10-09T17:20:16Z
nfl,LAR,BUF,2026-10-13T00:15:00Z,Khalil Shakir,anytime_td,draftkings,Yes,,245,e6d00eedd87d367e510314bd8cab8f6f,2026-10-09T17:20:16Z
nfl,LAR,BUF,2026-10-13T00:15:00Z,Blake Corum,anytime_td,draftkings,Yes,,250,e6d00eedd87d367e510314bd8cab8f6f,2026-10-09T17:20:16Z
nfl,LAR,BUF,2026-10-13T00:15:00Z,Joshua Palmer,anytime_td,draftkings,Yes,,475,e6d00eedd87d367e510314bd8cab8f6f,2026-10-09T17:20:16Z
nfl,LAR,BUF,2026-10-13T00:15:00Z,Los Angeles Rams D/ST,anytime_td,draftkings,Yes,,500,e6d00eedd87d367e510314bd8cab8f6f,2026-10-09T17:20:16Z
nfl,LAR,BUF,2026-10-13T00:15:00Z,Buffalo Bills D/ST,anytime_td,draftkings,Yes,,550,e6d00eedd87d367e510314bd8cab8f6f,2026-10-09T17:20:16Z
nfl,LAR,BUF,2026-10-13T00:15:00Z,Dawson Knox,anytime_td,draftkings,Yes,,550,e6d00eedd87d367e510314bd8cab8f6f,2026-10-09T17:20:16Z
nfl,LAR,BUF,2026-10-13T00:15:00Z,Ty Johnson,anytime_td,draftkings,Yes,,650,e6d00eedd87d367e510314bd8cab8f6f,2026-10-09T17:20:16Z
nfl,LAR,BUF,2026-10-13T00:15:00Z,Konata Mumpfield,anytime_td,draftkings,Yes,,700,e6d00eedd87d367e510314bd8cab8f6f,2026-10-09T17:20:16Z
nfl,LAR,BUF,2026-10-13T00:15:00Z,Davis Allen,anytime_td,draftkings,Yes,,750,e6d00eedd87d367e510314bd8cab8f6f,2026-10-09T17:20:16Z
nfl,LAR,BUF,2026-10-13T00:15:00Z,Jordan Whittington,anytime_td,draftkings,Yes,,1100,e6d00eedd87d367e510314bd8cab8f6f,2026-10-09T17:20:16Z
nfl,LAR,BUF,2026-10-13T00:15:00Z,Jackson Hawes,anytime_td,draftkings,Yes,,1100,e6d00eedd87d367e510314bd8cab8f6f,2026-10-09T17:20:16Z
nfl,LAR,BUF,2026-10-13T00:15:00Z,Skyler Bell,anytime_td,draftkings,Yes,,1400,e6d00eedd87d367e510314bd8cab8f6f,2026-10-09T17:20:16Z
nfl,LAR,BUF,2026-10-13T00:15:00Z,Tutu Atwell,anytime_td,draftkings,Yes,,1400,e6d00eedd87d367e510314bd8cab8f6f,2026-10-09T17:20:16Z
nfl,LAR,BUF,2026-10-13T00:15:00Z,CJ Daniels,anytime_td,draftkings,Yes,,1500,e6d00eedd87d367e510314bd8cab8f6f,2026-10-09T17:20:16Z
nfl,LAR,BUF,2026-10-13T00:15:00Z,Greg Dortch,anytime_td,draftkings,Yes,,1600,e6d00eedd87d367e510314bd8cab8f6f,2026-10-09T17:20:16Z
nfl,LAR,BUF,2026-10-13T00:15:00Z,Matthew Stafford,anytime_td,draftkings,Yes,,1700,e6d00eedd87d367e510314bd8cab8f6f,2026-10-09T17:20:16Z
nfl,LAR,BUF,2026-10-13T00:15:00Z,Max Klare,anytime_td,draftkings,Yes,,1800,e6d00eedd87d367e510314bd8cab8f6f,2026-10-09T17:20:16Z
nfl,LAR,BUF,2026-10-13T00:15:00Z,Ray Davis,anytime_td,draftkings,Yes,,1900,e6d00eedd87d367e510314bd8cab8f6f,2026-10-09T17:20:16Z
nfl,LAR,BUF,2026-10-13T00:15:00Z,Alex Bachman,anytime_td,draftkings,Yes,,2200,e6d00eedd87d367e510314bd8cab8f6f,2026-10-09T17:20:16Z
nfl,LAR,BUF,2026-10-13T00:15:00Z,Keleki Latu,anytime_td,draftkings,Yes,,2500,e6d00eedd87d367e510314bd8cab8f6f,2026-10-09T17:20:16Z
nfl,LAR,BUF,2026-10-13T00:15:00Z,Dean Connors,anytime_td,draftkings,Yes,,3000,e6d00eedd87d367e510314bd8cab8f6f,2026-10-09T17:20:16Z
nfl,LAR,BUF,2026-10-13T00:15:00Z,Matthew Stafford,pass_att,draftkings,Over,37.5,-114,e6d00eedd87d367e510314bd8cab8f6f,2026-10-09T17:20:16Z
nfl,LAR,BUF,2026-10-13T00:15:00Z,Matthew Stafford,pass_att,draftkings,Under,37.5,-112,e6d00eedd87d367e510314bd8cab8f6f,2026-10-09T17:20:16Z
nfl,LAR,BUF,2026-10-13T00:15:00Z,Josh Allen,pass_att,draftkings,Over,32.5,-118,e6d00eedd87d367e510314bd8cab8f6f,2026-10-09T17:20:16Z
nfl,LAR,BUF,2026-10-13T00:15:00Z,Josh Allen,pass_att,draftkings,Under,32.5,-108,e6d00eedd87d367e510314bd8cab8f6f,2026-10-09T17:20:16Z
nfl,LAR,BUF,2026-10-13T00:15:00Z,Matthew Stafford,completions,draftkings,Over,23.5,-115,e6d00eedd87d367e510314bd8cab8f6f,2026-10-09T17:20:16Z
nfl,LAR,BUF,2026-10-13T00:15:00Z,Matthew Stafford,completions,draftkings,Under,23.5,-111,e6d00eedd87d367e510314bd8cab8f6f,2026-10-09T17:20:16Z
nfl,LAR,BUF,2026-10-13T00:15:00Z,Josh Allen,completions,draftkings,Over,20.5,-126,e6d00eedd87d367e510314bd8cab8f6f,2026-10-09T17:20:16Z
nfl,LAR,BUF,2026-10-13T00:15:00Z,Josh Allen,completions,draftkings,Under,20.5,-101,e6d00eedd87d367e510314bd8cab8f6f,2026-10-09T17:20:16Z
nfl,LAR,BUF,2026-10-13T00:15:00Z,Matthew Stafford,pass_td,draftkings,Over,2.5,137,e6d00eedd87d367e510314bd8cab8f6f,2026-10-09T17:20:16Z
nfl,LAR,BUF,2026-10-13T00:15:00Z,Matthew Stafford,pass_td,draftkings,Under,2.5,-176,e6d00eedd87d367e510314bd8cab8f6f,2026-10-09T17:20:16Z
nfl,LAR,BUF,2026-10-13T00:15:00Z,Josh Allen,pass_td,draftkings,Over,1.5,-116,e6d00eedd87d367e510314bd8cab8f6f,2026-10-09T17:20:16Z
nfl,LAR,BUF,2026-10-13T00:15:00Z,Josh Allen,pass_td,draftkings,Under,1.5,-110,e6d00eedd87d367e510314bd8cab8f6f,2026-10-09T17:20:16Z
nfl,LAR,BUF,2026-10-13T00:15:00Z,Matthew Stafford,pass_yds,draftkings,Over,280.5,-111,e6d00eedd87d367e510314bd8cab8f6f,2026-10-09T17:20:16Z
nfl,LAR,BUF,2026-10-13T00:15:00Z,Matthew Stafford,pass_yds,draftkings,Under,280.5,-113,e6d00eedd87d367e510314bd8cab8f6f,2026-10-09T17:20:16Z
nfl,LAR,BUF,2026-10-13T00:15:00Z,Josh Allen,pass_yds,draftkings,Over,244.5,-113,e6d00eedd87d367e510314bd8cab8f6f,2026-10-09T17:20:16Z
nfl,LAR,BUF,2026-10-13T00:15:00Z,Josh Allen,pass_yds,draftkings,Under,244.5,-111,e6d00eedd87d367e510314bd8cab8f6f,2026-10-09T17:20:16Z
nfl,LAR,BUF,2026-10-13T00:15:00Z,Puka Nacua,rec_yds,draftkings,Over,93.5,-111,e6d00eedd87d367e510314bd8cab8f6f,2026-10-09T17:20:16Z
nfl,LAR,BUF,2026-10-13T00:15:00Z,Puka Nacua,rec_yds,draftkings,Under,93.5,-113,e6d00eedd87d367e510314bd8cab8f6f,2026-10-09T17:20:16Z
nfl,LAR,BUF,2026-10-13T00:15:00Z,Davante Adams,rec_yds,draftkings,Over,64.5,-110,e6d00eedd87d367e510314bd8cab8f6f,2026-10-09T17:20:16Z
nfl,LAR,BUF,2026-10-13T00:15:00Z,Davante Adams,rec_yds,draftkings,Under,64.5,-114,e6d00eedd87d367e510314bd8cab8f6f,2026-10-09T17:20:16Z
nfl,LAR,BUF,2026-10-13T00:15:00Z,Dalton Kincaid,rec_yds,draftkings,Over,51.5,-114,e6d00eedd87d367e510314bd8cab8f6f,2026-10-09T17:20:16Z
nfl,LAR,BUF,2026-10-13T00:15:00Z,Dalton Kincaid,rec_yds,draftkings,Under,51.5,-110,e6d00eedd87d367e510314bd8cab8f6f,2026-10-09T17:20:16Z
nfl,LAR,BUF,2026-10-13T00:15:00Z,Khalil Shakir,rec_yds,draftkings,Over,43.5,-113,e6d00eedd87d367e510314bd8cab8f6f,2026-10-09T17:20:16Z
nfl,LAR,BUF,2026-10-13T00:15:00Z,Khalil Shakir,rec_yds,draftkings,Under,43.5,-111,e6d00eedd87d367e510314bd8cab8f6f,2026-10-09T17:20:16Z
nfl,LAR,BUF,2026-10-13T00:15:00Z,Keon Coleman,rec_yds,draftkings,Over,38.5,-114,e6d00eedd87d367e510314bd8cab8f6f,2026-10-09T17:20:16Z
nfl,LAR,BUF,2026-10-13T00:15:00Z,Keon Coleman,rec_yds,draftkings,Under,38.5,-110,e6d00eedd87d367e510314bd8cab8f6f,2026-10-09T17:20:16Z
nfl,LAR,BUF,2026-10-13T00:15:00Z,Tyler Higbee,rec_yds,draftkings,Over,25.5,-111,e6d00eedd87d367e510314bd8cab8f6f,2026-10-09T17:20:16Z
nfl,LAR,BUF,2026-10-13T00:15:00Z,Tyler Higbee,rec_yds,draftkings,Under,25.5,-113,e6d00eedd87d367e510314bd8cab8f6f,2026-10-09T17:20:16Z
nfl,LAR,BUF,2026-10-13T00:15:00Z,Kyren Williams,rec_yds,draftkings,Over,21.5,-108,e6d00eedd87d367e510314bd8cab8f6f,2026-10-09T17:20:16Z
nfl,LAR,BUF,2026-10-13T00:15:00Z,Kyren Williams,rec_yds,draftkings,Under,21.5,-116,e6d00eedd87d367e510314bd8cab8f6f,2026-10-09T17:20:16Z
nfl,LAR,BUF,2026-10-13T00:15:00Z,Joshua Palmer,rec_yds,draftkings,Over,18.5,-116,e6d00eedd87d367e510314bd8cab8f6f,2026-10-09T17:20:16Z
nfl,LAR,BUF,2026-10-13T00:15:00Z,Joshua Palmer,rec_yds,draftkings,Under,18.5,-108,e6d00eedd87d367e510314bd8cab8f6f,2026-10-09T17:20:16Z
nfl,LAR,BUF,2026-10-13T00:15:00Z,Colby Parkinson,rec_yds,draftkings,Over,16.5,-113,e6d00eedd87d367e510314bd8cab8f6f,2026-10-09T17:20:16Z
nfl,LAR,BUF,2026-10-13T00:15:00Z,Colby Parkinson,rec_yds,draftkings,Under,16.5,-111,e6d00eedd87d367e510314bd8cab8f6f,2026-10-09T17:20:16Z
nfl,LAR,BUF,2026-10-13T00:15:00Z,Ty Johnson,rec_yds,draftkings,Over,10.5,-119,e6d00eedd87d367e510314bd8cab8f6f,2026-10-09T17:20:16Z
nfl,LAR,BUF,2026-10-13T00:15:00Z,Ty Johnson,rec_yds,draftkings,Under,10.5,-106,e6d00eedd87d367e510314bd8cab8f6f,2026-10-09T17:20:16Z
nfl,LAR,BUF,2026-10-13T00:15:00Z,Dawson Knox,rec_yds,draftkings,Over,10.5,-108,e6d00eedd87d367e510314bd8cab8f6f,2026-10-09T17:20:16Z
nfl,LAR,BUF,2026-10-13T00:15:00Z,Dawson Knox,rec_yds,draftkings,Under,10.5,-116,e6d00eedd87d367e510314bd8cab8f6f,2026-10-09T17:20:16Z
nfl,LAR,BUF,2026-10-13T00:15:00Z,James Cook,rec_yds,draftkings,Over,9.5,-118,e6d00eedd87d367e510314bd8cab8f6f,2026-10-09T17:20:16Z
nfl,LAR,BUF,2026-10-13T00:15:00Z,James Cook,rec_yds,draftkings,Under,9.5,-106,e6d00eedd87d367e510314bd8cab8f6f,2026-10-09T17:20:16Z
nfl,LAR,BUF,2026-10-13T00:15:00Z,Konata Mumpfield,rec_yds,draftkings,Over,7.5,-111,e6d00eedd87d367e510314bd8cab8f6f,2026-10-09T17:20:16Z
nfl,LAR,BUF,2026-10-13T00:15:00Z,Konata Mumpfield,rec_yds,draftkings,Under,7.5,-113,e6d00eedd87d367e510314bd8cab8f6f,2026-10-09T17:20:16Z
nfl,LAR,BUF,2026-10-13T00:15:00Z,Jordan Whittington,rec_yds,draftkings,Over,5.5,-117,e6d00eedd87d367e510314bd8cab8f6f,2026-10-09T17:20:16Z
nfl,LAR,BUF,2026-10-13T00:15:00Z,Jordan Whittington,rec_yds,draftkings,Under,5.5,-108,e6d00eedd87d367e510314bd8cab8f6f,2026-10-09T17:20:16Z
nfl,LAR,BUF,2026-10-13T00:15:00Z,Puka Nacua,receptions,draftkings,Over,7.5,104,e6d00eedd87d367e510314bd8cab8f6f,2026-10-09T17:20:16Z
nfl,LAR,BUF,2026-10-13T00:15:00Z,Puka Nacua,receptions,draftkings,Under,7.5,-133,e6d00eedd87d367e510314bd8cab8f6f,2026-10-09T17:20:16Z
nfl,LAR,BUF,2026-10-13T00:15:00Z,Davante Adams,receptions,draftkings,Over,4.5,-105,e6d00eedd87d367e510314bd8cab8f6f,2026-10-09T17:20:16Z
nfl,LAR,BUF,2026-10-13T00:15:00Z,Davante Adams,receptions,draftkings,Under,4.5,-122,e6d00eedd87d367e510314bd8cab8f6f,2026-10-09T17:20:16Z
nfl,LAR,BUF,2026-10-13T00:15:00Z,Khalil Shakir,receptions,draftkings,Over,4.5,110,e6d00eedd87d367e510314bd8cab8f6f,2026-10-09T17:20:16Z
nfl,LAR,BUF,2026-10-13T00:15:00Z,Khalil Shakir,receptions,draftkings,Under,4.5,-140,e6d00eedd87d367e510314bd8cab8f6f,2026-10-09T17:20:16Z
nfl,LAR,BUF,2026-10-13T00:15:00Z,Dalton Kincaid,receptions,draftkings,Over,4.5,125,e6d00eedd87d367e510314bd8cab8f6f,2026-10-09T17:20:16Z
nfl,LAR,BUF,2026-10-13T00:15:00Z,Dalton Kincaid,receptions,draftkings,Under,4.5,-160,e6d00eedd87d367e510314bd8cab8f6f,2026-10-09T17:20:16Z
nfl,LAR,BUF,2026-10-13T00:15:00Z,Keon Coleman,receptions,draftkings,Over,2.5,-177,e6d00eedd87d367e510314bd8cab8f6f,2026-10-09T17:20:16Z
nfl,LAR,BUF,2026-10-13T00:15:00Z,Keon Coleman,receptions,draftkings,Under,2.5,138,e6d00eedd87d367e510314bd8cab8f6f,2026-10-09T17:20:16Z
nfl,LAR,BUF,2026-10-13T00:15:00Z,Kyren Williams,receptions,draftkings,Over,2.5,-144,e6d00eedd87d367e510314bd8cab8f6f,2026-10-09T17:20:16Z
nfl,LAR,BUF,2026-10-13T00:15:00Z,Kyren Williams,receptions,draftkings,Under,2.5,113,e6d00eedd87d367e510314bd8cab8f6f,2026-10-09T17:20:16Z
nfl,LAR,BUF,2026-10-13T00:15:00Z,Tyler Higbee,receptions,draftkings,Over,2.5,-144,e6d00eedd87d367e510314bd8cab8f6f,2026-10-09T17:20:16Z
nfl,LAR,BUF,2026-10-13T00:15:00Z,Tyler Higbee,receptions,draftkings,Under,2.5,113,e6d00eedd87d367e510314bd8cab8f6f,2026-10-09T17:20:16Z
nfl,LAR,BUF,2026-10-13T00:15:00Z,Ty Johnson,receptions,draftkings,Over,2.5,146,e6d00eedd87d367e510314bd8cab8f6f,2026-10-09T17:20:16Z
nfl,LAR,BUF,2026-10-13T00:15:00Z,Ty Johnson,receptions,draftkings,Under,2.5,-188,e6d00eedd87d367e510314bd8cab8f6f,2026-10-09T17:20:16Z
nfl,LAR,BUF,2026-10-13T00:15:00Z,Colby Parkinson,receptions,draftkings,Over,1.5,-183,e6d00eedd87d367e510314bd8cab8f6f,2026-10-09T17:20:16Z
nfl,LAR,BUF,2026-10-13T00:15:00Z,Colby Parkinson,receptions,draftkings,Under,1.5,143,e6d00eedd87d367e510314bd8cab8f6f,2026-10-09T17:20:16Z
nfl,LAR,BUF,2026-10-13T00:15:00Z,James Cook,receptions,draftkings,Over,1.5,-125,e6d00eedd87d367e510314bd8cab8f6f,2026-10-09T17:20:16Z
nfl,LAR,BUF,2026-10-13T00:15:00Z,James Cook,receptions,draftkings,Under,1.5,-102,e6d00eedd87d367e510314bd8cab8f6f,2026-10-09T17:20:16Z
nfl,LAR,BUF,2026-10-13T00:15:00Z,Joshua Palmer,receptions,draftkings,Over,1.5,-116,e6d00eedd87d367e510314bd8cab8f6f,2026-10-09T17:20:16Z
nfl,LAR,BUF,2026-10-13T00:15:00Z,Joshua Palmer,receptions,draftkings,Under,1.5,-110,e6d00eedd87d367e510314bd8cab8f6f,2026-10-09T17:20:16Z
nfl,LAR,BUF,2026-10-13T00:15:00Z,Dawson Knox,receptions,draftkings,Over,1.5,127,e6d00eedd87d367e510314bd8cab8f6f,2026-10-09T17:20:16Z
nfl,LAR,BUF,2026-10-13T00:15:00Z,Dawson Knox,receptions,draftkings,Under,1.5,-162,e6d00eedd87d367e510314bd8cab8f6f,2026-10-09T17:20:16Z
nfl,LAR,BUF,2026-10-13T00:15:00Z,Jordan Whittington,receptions,draftkings,Over,0.5,-193,e6d00eedd87d367e510314bd8cab8f6f,2026-10-09T17:20:16Z
nfl,LAR,BUF,2026-10-13T00:15:00Z,Jordan Whittington,receptions,draftkings,Under,0.5,150,e6d00eedd87d367e510314bd8cab8f6f,2026-10-09T17:20:16Z
nfl,LAR,BUF,2026-10-13T00:15:00Z,Konata Mumpfield,receptions,draftkings,Over,0.5,-179,e6d00eedd87d367e510314bd8cab8f6f,2026-10-09T17:20:16Z
nfl,LAR,BUF,2026-10-13T00:15:00Z,Konata Mumpfield,receptions,draftkings,Under,0.5,140,e6d00eedd87d367e510314bd8cab8f6f,2026-10-09T17:20:16Z
nfl,LAR,BUF,2026-10-13T00:15:00Z,James Cook,rush_att,draftkings,Over,17.5,100,e6d00eedd87d367e510314bd8cab8f6f,2026-10-09T17:20:16Z
nfl,LAR,BUF,2026-10-13T00:15:00Z,James Cook,rush_att,draftkings,Under,17.5,-128,e6d00eedd87d367e510314bd8cab8f6f,2026-10-09T17:20:16Z
nfl,LAR,BUF,2026-10-13T00:15:00Z,Kyren Williams,rush_att,draftkings,Over,15.5,101,e6d00eedd87d367e510314bd8cab8f6f,2026-10-09T17:20:16Z
nfl,LAR,BUF,2026-10-13T00:15:00Z,Kyren Williams,rush_att,draftkings,Under,15.5,-129,e6d00eedd87d367e510314bd8cab8f6f,2026-10-09T17:20:16Z
nfl,LAR,BUF,2026-10-13T00:15:00Z,Josh Allen,rush_att,draftkings,Over,7.5,-110,e6d00eedd87d367e510314bd8cab8f6f,2026-10-09T17:20:16Z
nfl,LAR,BUF,2026-10-13T00:15:00Z,Josh Allen,rush_att,draftkings,Under,7.5,-116,e6d00eedd87d367e510314bd8cab8f6f,2026-10-09T17:20:16Z
nfl,LAR,BUF,2026-10-13T00:15:00Z,James Cook,rush_yds,draftkings,Over,75.5,-112,e6d00eedd87d367e510314bd8cab8f6f,2026-10-09T17:20:16Z
nfl,LAR,BUF,2026-10-13T00:15:00Z,James Cook,rush_yds,draftkings,Under,75.5,-112,e6d00eedd87d367e510314bd8cab8f6f,2026-10-09T17:20:16Z
nfl,LAR,BUF,2026-10-13T00:15:00Z,Kyren Williams,rush_yds,draftkings,Over,71.5,-111,e6d00eedd87d367e510314bd8cab8f6f,2026-10-09T17:20:16Z
nfl,LAR,BUF,2026-10-13T00:15:00Z,Kyren Williams,rush_yds,draftkings,Under,71.5,-113,e6d00eedd87d367e510314bd8cab8f6f,2026-10-09T17:20:16Z
nfl,LAR,BUF,2026-10-13T00:15:00Z,Josh Allen,rush_yds,draftkings,Over,37.5,-109,e6d00eedd87d367e510314bd8cab8f6f,2026-10-09T17:20:16Z
nfl,LAR,BUF,2026-10-13T00:15:00Z,Josh Allen,rush_yds,draftkings,Under,37.5,-115,e6d00eedd87d367e510314bd8cab8f6f,2026-10-09T17:20:16Z
nfl,LAR,BUF,2026-10-13T00:15:00Z,Blake Corum,rush_yds,draftkings,Over,32.5,-112,e6d00eedd87d367e510314bd8cab8f6f,2026-10-09T17:20:16Z
nfl,LAR,BUF,2026-10-13T00:15:00Z,Blake Corum,rush_yds,draftkings,Under,32.5,-112,e6d00eedd87d367e510314bd8cab8f6f,2026-10-09T17:20:16Z
nfl,LAR,BUF,2026-10-13T00:15:00Z,Matthew Stafford,rush_yds,draftkings,Over,0.5,117,e6d00eedd87d367e510314bd8cab8f6f,2026-10-09T17:20:16Z
nfl,LAR,BUF,2026-10-13T00:15:00Z,Matthew Stafford,rush_yds,draftkings,Under,0.5,-148,e6d00eedd87d367e510314bd8cab8f6f,2026-10-09T17:20:16Z
nfl,LAR,BUF,2026-10-13T00:15:00Z,Kyren Williams,anytime_td,fanduel,Yes,,-170,e6d00eedd87d367e510314bd8cab8f6f,2026-10-09T17:19:46Z
nfl,LAR,BUF,2026-10-13T00:15:00Z,Puka Nacua,anytime_td,fanduel,Yes,,-125,e6d00eedd87d367e510314bd8cab8f6f,2026-10-09T17:19:46Z
nfl,LAR,BUF,2026-10-13T00:15:00Z,Josh Allen,anytime_td,fanduel,Yes,,-120,e6d00eedd87d367e510314bd8cab8f6f,2026-10-09T17:19:46Z
nfl,LAR,BUF,2026-10-13T00:15:00Z,James Cook,anytime_td,fanduel,Yes,,-115,e6d00eedd87d367e510314bd8cab8f6f,2026-10-09T17:19:46Z
nfl,LAR,BUF,2026-10-13T00:15:00Z,Davante Adams,anytime_td,fanduel,Yes,,-105,e6d00eedd87d367e510314bd8cab8f6f,2026-10-09T17:19:46Z
nfl,LAR,BUF,2026-10-13T00:15:00Z,Dalton Kincaid,anytime_td,fanduel,Yes,,185,e6d00eedd87d367e510314bd8cab8f6f,2026-10-09T17:19:46Z
nfl,LAR,BUF,2026-10-13T00:15:00Z,Colby Parkinson,anytime_td,fanduel,Yes,,230,e6d00eedd87d367e510314bd8cab8f6f,2026-10-09T17:19:46Z
nfl,LAR,BUF,2026-10-13T00:15:00Z,Khalil Shakir,anytime_td,fanduel,Yes,,240,e6d00eedd87d367e510314bd8cab8f6f,2026-10-09T17:19:46Z
nfl,LAR,BUF,2026-10-13T00:15:00Z,Tyler Higbee,anytime_td,fanduel,Yes,,250,e6d00eedd87d367e510314bd8cab8f6f,2026-10-09T17:19:46Z
nfl,LAR,BUF,2026-10-13T00:15:00Z,Keon Coleman,anytime_td,fanduel,Yes,,250,e6d00eedd87d367e510314bd8cab8f6f,2026-10-09T17:19:46Z
nfl,LAR,BUF,2026-10-13T00:15:00Z,Blake Corum,anytime_td,fanduel,Yes,,270,e6d00eedd87d367e510314bd8cab8f6f,2026-10-09T17:19:46Z
nfl,LAR,BUF,2026-10-13T00:15:00Z,Joshua Palmer,anytime_td,fanduel,Yes,,490,e6d00eedd87d367e510314bd8cab8f6f,2026-10-09T17:19:46Z
nfl,LAR,BUF,2026-10-13T00:15:00Z,Dawson Knox,anytime_td,fanduel,Yes,,500,e6d00eedd87d367e510314bd8cab8f6f,2026-10-09T17:19:46Z
nfl,LAR,BUF,2026-10-13T00:15:00Z,Los Angeles Rams Defense,anytime_td,fanduel,Yes,,550,e6d00eedd87d367e510314bd8cab8f6f,2026-10-09T17:19:46Z
nfl,LAR,BUF,2026-10-13T00:15:00Z,Ty Johnson,anytime_td,fanduel,Yes,,650,e6d00eedd87d367e510314bd8cab8f6f,2026-10-09T17:19:46Z
nfl,LAR,BUF,2026-10-13T00:15:00Z,Konata Mumpfield,anytime_td,fanduel,Yes,,700,e6d00eedd87d367e510314bd8cab8f6f,2026-10-09T17:19:46Z
nfl,LAR,BUF,2026-10-13T00:15:00Z,Jackson Hawes,anytime_td,fanduel,Yes,,850,e6d00eedd87d367e510314bd8cab8f6f,2026-10-09T17:19:46Z
nfl,LAR,BUF,2026-10-13T00:15:00Z,Davis Allen,anytime_td,fanduel,Yes,,850,e6d00eedd87d367e510314bd8cab8f6f,2026-10-09T17:19:46Z
nfl,LAR,BUF,2026-10-13T00:15:00Z,Buffalo Bills Defense,anytime_td,fanduel,Yes,,900,e6d00eedd87d367e510314bd8cab8f6f,2026-10-09T17:19:46Z
nfl,LAR,BUF,2026-10-13T00:15:00Z,Jordan Whittington,anytime_td,fanduel,Yes,,1000,e6d00eedd87d367e510314bd8cab8f6f,2026-10-09T17:19:46Z
nfl,LAR,BUF,2026-10-13T00:15:00Z,Greg Dortch,anytime_td,fanduel,Yes,,1500,e6d00eedd87d367e510314bd8cab8f6f,2026-10-09T17:19:46Z
nfl,LAR,BUF,2026-10-13T00:15:00Z,Skyler Bell,anytime_td,fanduel,Yes,,1500,e6d00eedd87d367e510314bd8cab8f6f,2026-10-09T17:19:46Z
nfl,LAR,BUF,2026-10-13T00:15:00Z,Tutu Atwell,anytime_td,fanduel,Yes,,1600,e6d00eedd87d367e510314bd8cab8f6f,2026-10-09T17:19:46Z
nfl,LAR,BUF,2026-10-13T00:15:00Z,CJ Daniels,anytime_td,fanduel,Yes,,1600,e6d00eedd87d367e510314bd8cab8f6f,2026-10-09T17:19:46Z
nfl,LAR,BUF,2026-10-13T00:15:00Z,Matthew Stafford,anytime_td,fanduel,Yes,,1800,e6d00eedd87d367e510314bd8cab8f6f,2026-10-09T17:19:46Z
nfl,LAR,BUF,2026-10-13T00:15:00Z,Keleki Latu,anytime_td,fanduel,Yes,,1800,e6d00eedd87d367e510314bd8cab8f6f,2026-10-09T17:19:46Z
nfl,LAR,BUF,2026-10-13T00:15:00Z,Ray Davis,anytime_td,fanduel,Yes,,1800,e6d00eedd87d367e510314bd8cab8f6f,2026-10-09T17:19:46Z
nfl,LAR,BUF,2026-10-13T00:15:00Z,Max Klare,anytime_td,fanduel,Yes,,2200,e6d00eedd87d367e510314bd8cab8f6f,2026-10-09T17:19:46Z
nfl,LAR,BUF,2026-10-13T00:15:00Z,Alex Bachman,anytime_td,fanduel,Yes,,2700,e6d00eedd87d367e510314bd8cab8f6f,2026-10-09T17:19:46Z
nfl,LAR,BUF,2026-10-13T00:15:00Z,Dean Connors,anytime_td,fanduel,Yes,,3000,e6d00eedd87d367e510314bd8cab8f6f,2026-10-09T17:19:46Z
nfl,LAR,BUF,2026-10-13T00:15:00Z,Matthew Stafford,pass_td,fanduel,Over,2.5,120,e6d00eedd87d367e510314bd8cab8f6f,2026-10-09T17:19:46Z
nfl,LAR,BUF,2026-10-13T00:15:00Z,Matthew Stafford,pass_td,fanduel,Under,2.5,-158,e6d00eedd87d367e510314bd8cab8f6f,2026-10-09T17:19:46Z
nfl,LAR,BUF,2026-10-13T00:15:00Z,Josh Allen,pass_td,fanduel,Over,1.5,-110,e6d00eedd87d367e510314bd8cab8f6f,2026-10-09T17:19:46Z
nfl,LAR,BUF,2026-10-13T00:15:00Z,Josh Allen,pass_td,fanduel,Under,1.5,-120,e6d00eedd87d367e510314bd8cab8f6f,2026-10-09T17:19:46Z
nfl,LAR,BUF,2026-10-13T00:15:00Z,Josh Allen,pass_yds,fanduel,Over,244.5,-114,e6d00eedd87d367e510314bd8cab8f6f,2026-10-09T17:19:46Z
nfl,LAR,BUF,2026-10-13T00:15:00Z,Josh Allen,pass_yds,fanduel,Under,244.5,-114,e6d00eedd87d367e510314bd8cab8f6f,2026-10-09T17:19:46Z
nfl,LAR,BUF,2026-10-13T00:15:00Z,Matthew Stafford,pass_yds,fanduel,Over,277.5,-114,e6d00eedd87d367e510314bd8cab8f6f,2026-10-09T17:19:46Z
nfl,LAR,BUF,2026-10-13T00:15:00Z,Matthew Stafford,pass_yds,fanduel,Under,277.5,-114,e6d00eedd87d367e510314bd8cab8f6f,2026-10-09T17:19:46Z
nfl,LAR,BUF,2026-10-13T00:15:00Z,Keon Coleman,rec_yds,fanduel,Over,37.5,-114,e6d00eedd87d367e510314bd8cab8f6f,2026-10-09T17:19:46Z
nfl,LAR,BUF,2026-10-13T00:15:00Z,Keon Coleman,rec_yds,fanduel,Under,37.5,-114,e6d00eedd87d367e510314bd8cab8f6f,2026-10-09T17:19:46Z
nfl,LAR,BUF,2026-10-13T00:15:00Z,Davante Adams,rec_yds,fanduel,Over,62.5,-114,e6d00eedd87d367e510314bd8cab8f6f,2026-10-09T17:19:46Z
nfl,LAR,BUF,2026-10-13T00:15:00Z,Davante Adams,rec_yds,fanduel,Under,62.5,-114,e6d00eedd87d367e510314bd8cab8f6f,2026-10-09T17:19:46Z
nfl,LAR,BUF,2026-10-13T00:15:00Z,Kyren Williams,rec_yds,fanduel,Over,19.5,-114,e6d00eedd87d367e510314bd8cab8f6f,2026-10-09T17:19:46Z
nfl,LAR,BUF,2026-10-13T00:15:00Z,Kyren Williams,rec_yds,fanduel,Under,19.5,-114,e6d00eedd87d367e510314bd8cab8f6f,2026-10-09T17:19:46Z
nfl,LAR,BUF,2026-10-13T00:15:00Z,Khalil Shakir,rec_yds,fanduel,Over,43.5,-114,e6d00eedd87d367e510314bd8cab8f6f,2026-10-09T17:19:46Z
nfl,LAR,BUF,2026-10-13T00:15:00Z,Khalil Shakir,rec_yds,fanduel,Under,43.5,-114,e6d00eedd87d367e510314bd8cab8f6f,2026-10-09T17:19:46Z
nfl,LAR,BUF,2026-10-13T00:15:00Z,James Cook,rec_yds,fanduel,Over,9.5,-114,e6d00eedd87d367e510314bd8cab8f6f,2026-10-09T17:19:46Z
nfl,LAR,BUF,2026-10-13T00:15:00Z,James Cook,rec_yds,fanduel,Under,9.5,-114,e6d00eedd87d367e510314bd8cab8f6f,2026-10-09T17:19:46Z
nfl,LAR,BUF,2026-10-13T00:15:00Z,Joshua Palmer,rec_yds,fanduel,Over,19.5,-114,e6d00eedd87d367e510314bd8cab8f6f,2026-10-09T17:19:46Z
nfl,LAR,BUF,2026-10-13T00:15:00Z,Joshua Palmer,rec_yds,fanduel,Under,19.5,-114,e6d00eedd87d367e510314bd8cab8f6f,2026-10-09T17:19:46Z
nfl,LAR,BUF,2026-10-13T00:15:00Z,Colby Parkinson,rec_yds,fanduel,Over,16.5,-114,e6d00eedd87d367e510314bd8cab8f6f,2026-10-09T17:19:46Z
nfl,LAR,BUF,2026-10-13T00:15:00Z,Colby Parkinson,rec_yds,fanduel,Under,16.5,-114,e6d00eedd87d367e510314bd8cab8f6f,2026-10-09T17:19:46Z
nfl,LAR,BUF,2026-10-13T00:15:00Z,Konata Mumpfield,rec_yds,fanduel,Over,7.5,-114,e6d00eedd87d367e510314bd8cab8f6f,2026-10-09T17:19:46Z
nfl,LAR,BUF,2026-10-13T00:15:00Z,Konata Mumpfield,rec_yds,fanduel,Under,7.5,-114,e6d00eedd87d367e510314bd8cab8f6f,2026-10-09T17:19:46Z
nfl,LAR,BUF,2026-10-13T00:15:00Z,Puka Nacua,rec_yds,fanduel,Over,92.5,-114,e6d00eedd87d367e510314bd8cab8f6f,2026-10-09T17:19:46Z
nfl,LAR,BUF,2026-10-13T00:15:00Z,Puka Nacua,rec_yds,fanduel,Under,92.5,-114,e6d00eedd87d367e510314bd8cab8f6f,2026-10-09T17:19:46Z
nfl,LAR,BUF,2026-10-13T00:15:00Z,Tyler Higbee,rec_yds,fanduel,Over,25.5,-114,e6d00eedd87d367e510314bd8cab8f6f,2026-10-09T17:19:46Z
nfl,LAR,BUF,2026-10-13T00:15:00Z,Tyler Higbee,rec_yds,fanduel,Under,25.5,-114,e6d00eedd87d367e510314bd8cab8f6f,2026-10-09T17:19:46Z
nfl,LAR,BUF,2026-10-13T00:15:00Z,Dalton Kincaid,rec_yds,fanduel,Over,50.5,-114,e6d00eedd87d367e510314bd8cab8f6f,2026-10-09T17:19:46Z
nfl,LAR,BUF,2026-10-13T00:15:00Z,Dalton Kincaid,rec_yds,fanduel,Under,50.5,-114,e6d00eedd87d367e510314bd8cab8f6f,2026-10-09T17:19:46Z
nfl,LAR,BUF,2026-10-13T00:15:00Z,Dawson Knox,rec_yds,fanduel,Over,10.5,-114,e6d00eedd87d367e510314bd8cab8f6f,2026-10-09T17:19:46Z
nfl,LAR,BUF,2026-10-13T00:15:00Z,Dawson Knox,rec_yds,fanduel,Under,10.5,-114,e6d00eedd87d367e510314bd8cab8f6f,2026-10-09T17:19:46Z
nfl,LAR,BUF,2026-10-13T00:15:00Z,Ty Johnson,rec_yds,fanduel,Over,11.5,-114,e6d00eedd87d367e510314bd8cab8f6f,2026-10-09T17:19:46Z
nfl,LAR,BUF,2026-10-13T00:15:00Z,Ty Johnson,rec_yds,fanduel,Under,11.5,-114,e6d00eedd87d367e510314bd8cab8f6f,2026-10-09T17:19:46Z
nfl,LAR,BUF,2026-10-13T00:15:00Z,Jordan Whittington,rec_yds,fanduel,Over,5.5,-114,e6d00eedd87d367e510314bd8cab8f6f,2026-10-09T17:19:46Z
nfl,LAR,BUF,2026-10-13T00:15:00Z,Jordan Whittington,rec_yds,fanduel,Under,5.5,-114,e6d00eedd87d367e510314bd8cab8f6f,2026-10-09T17:19:46Z
nfl,LAR,BUF,2026-10-13T00:15:00Z,Jordan Whittington,receptions,fanduel,Over,0.5,-180,e6d00eedd87d367e510314bd8cab8f6f,2026-10-09T17:19:46Z
nfl,LAR,BUF,2026-10-13T00:15:00Z,Jordan Whittington,receptions,fanduel,Under,0.5,134,e6d00eedd87d367e510314bd8cab8f6f,2026-10-09T17:19:46Z
nfl,LAR,BUF,2026-10-13T00:15:00Z,Ty Johnson,receptions,fanduel,Over,2.5,152,e6d00eedd87d367e510314bd8cab8f6f,2026-10-09T17:19:46Z
nfl,LAR,BUF,2026-10-13T00:15:00Z,Ty Johnson,receptions,fanduel,Under,2.5,-205,e6d00eedd87d367e510314bd8cab8f6f,2026-10-09T17:19:46Z
nfl,LAR,BUF,2026-10-13T00:15:00Z,Colby Parkinson,receptions,fanduel,Over,1.5,-180,e6d00eedd87d367e510314bd8cab8f6f,2026-10-09T17:19:46Z
nfl,LAR,BUF,2026-10-13T00:15:00Z,Colby Parkinson,receptions,fanduel,Under,1.5,134,e6d00eedd87d367e510314bd8cab8f6f,2026-10-09T17:19:46Z
nfl,LAR,BUF,2026-10-13T00:15:00Z,Joshua Palmer,receptions,fanduel,Over,1.5,-114,e6d00eedd87d367e510314bd8cab8f6f,2026-10-09T17:19:46Z
nfl,LAR,BUF,2026-10-13T00:15:00Z,Joshua Palmer,receptions,fanduel,Under,1.5,-114,e6d00eedd87d367e510314bd8cab8f6f,2026-10-09T17:19:46Z
nfl,LAR,BUF,2026-10-13T00:15:00Z,James Cook,receptions,fanduel,Over,1.5,-122,e6d00eedd87d367e510314bd8cab8f6f,2026-10-09T17:19:46Z
nfl,LAR,BUF,2026-10-13T00:15:00Z,James Cook,receptions,fanduel,Under,1.5,-108,e6d00eedd87d367e510314bd8cab8f6f,2026-10-09T17:19:46Z
nfl,LAR,BUF,2026-10-13T00:15:00Z,Khalil Shakir,receptions,fanduel,Over,4.5,116,e6d00eedd87d367e510314bd8cab8f6f,2026-10-09T17:19:46Z
nfl,LAR,BUF,2026-10-13T00:15:00Z,Khalil Shakir,receptions,fanduel,Under,4.5,-154,e6d00eedd87d367e510314bd8cab8f6f,2026-10-09T17:19:46Z
nfl,LAR,BUF,2026-10-13T00:15:00Z,Keon Coleman,receptions,fanduel,Over,2.5,-172,e6d00eedd87d367e510314bd8cab8f6f,2026-10-09T17:19:46Z
nfl,LAR,BUF,2026-10-13T00:15:00Z,Keon Coleman,receptions,fanduel,Under,2.5,128,e6d00eedd87d367e510314bd8cab8f6f,2026-10-09T17:19:46Z
nfl,LAR,BUF,2026-10-13T00:15:00Z,Konata Mumpfield,receptions,fanduel,Over,0.5,-172,e6d00eedd87d367e510314bd8cab8f6f,2026-10-09T17:19:46Z
nfl,LAR,BUF,2026-10-13T00:15:00Z,Konata Mumpfield,receptions,fanduel,Under,0.5,128,e6d00eedd87d367e510314bd8cab8f6f,2026-10-09T17:19:46Z
nfl,LAR,BUF,2026-10-13T00:15:00Z,Puka Nacua,receptions,fanduel,Over,6.5,-160,e6d00eedd87d367e510314bd8cab8f6f,2026-10-09T17:19:46Z
nfl,LAR,BUF,2026-10-13T00:15:00Z,Puka Nacua,receptions,fanduel,Under,6.5,120,e6d00eedd87d367e510314bd8cab8f6f,2026-10-09T17:19:46Z
nfl,LAR,BUF,2026-10-13T00:15:00Z,Dalton Kincaid,receptions,fanduel,Over,4.5,124,e6d00eedd87d367e510314bd8cab8f6f,2026-10-09T17:19:46Z
nfl,LAR,BUF,2026-10-13T00:15:00Z,Dalton Kincaid,receptions,fanduel,Under,4.5,-166,e6d00eedd87d367e510314bd8cab8f6f,2026-10-09T17:19:46Z
nfl,LAR,BUF,2026-10-13T00:15:00Z,Tyler Higbee,receptions,fanduel,Over,2.5,-138,e6d00eedd87d367e510314bd8cab8f6f,2026-10-09T17:19:46Z
nfl,LAR,BUF,2026-10-13T00:15:00Z,Tyler Higbee,receptions,fanduel,Under,2.5,104,e6d00eedd87d367e510314bd8cab8f6f,2026-10-09T17:19:46Z
nfl,LAR,BUF,2026-10-13T00:15:00Z,Dawson Knox,receptions,fanduel,Over,1.5,118,e6d00eedd87d367e510314bd8cab8f6f,2026-10-09T17:19:46Z
nfl,LAR,BUF,2026-10-13T00:15:00Z,Dawson Knox,receptions,fanduel,Under,1.5,-158,e6d00eedd87d367e510314bd8cab8f6f,2026-10-09T17:19:46Z
nfl,LAR,BUF,2026-10-13T00:15:00Z,Davante Adams,receptions,fanduel,Over,4.5,108,e6d00eedd87d367e510314bd8cab8f6f,2026-10-09T17:19:46Z
nfl,LAR,BUF,2026-10-13T00:15:00Z,Davante Adams,receptions,fanduel,Under,4.5,-144,e6d00eedd87d367e510314bd8cab8f6f,2026-10-09T17:19:46Z
nfl,LAR,BUF,2026-10-13T00:15:00Z,Kyren Williams,receptions,fanduel,Over,2.5,-158,e6d00eedd87d367e510314bd8cab8f6f,2026-10-09T17:19:46Z
nfl,LAR,BUF,2026-10-13T00:15:00Z,Kyren Williams,receptions,fanduel,Under,2.5,118,e6d00eedd87d367e510314bd8cab8f6f,2026-10-09T17:19:46Z
nfl,LAR,BUF,2026-10-13T00:15:00Z,James Cook,rush_yds,fanduel,Over,75.5,-114,e6d00eedd87d367e510314bd8cab8f6f,2026-10-09T17:19:46Z
nfl,LAR,BUF,2026-10-13T00:15:00Z,James Cook,rush_yds,fanduel,Under,75.5,-114,e6d00eedd87d367e510314bd8cab8f6f,2026-10-09T17:19:46Z
nfl,LAR,BUF,2026-10-13T00:15:00Z,Blake Corum,rush_yds,fanduel,Over,31.5,-114,e6d00eedd87d367e510314bd8cab8f6f,2026-10-09T17:19:46Z
nfl,LAR,BUF,2026-10-13T00:15:00Z,Blake Corum,rush_yds,fanduel,Under,31.5,-114,e6d00eedd87d367e510314bd8cab8f6f,2026-10-09T17:19:46Z
nfl,LAR,BUF,2026-10-13T00:15:00Z,Matthew Stafford,rush_yds,fanduel,Over,1.5,102,e6d00eedd87d367e510314bd8cab8f6f,2026-10-09T17:19:46Z
nfl,LAR,BUF,2026-10-13T00:15:00Z,Matthew Stafford,rush_yds,fanduel,Under,1.5,-132,e6d00eedd87d367e510314bd8cab8f6f,2026-10-09T17:19:46Z
nfl,LAR,BUF,2026-10-13T00:15:00Z,Kyren Williams,rush_yds,fanduel,Over,68.5,-114,e6d00eedd87d367e510314bd8cab8f6f,2026-10-09T17:19:46Z
nfl,LAR,BUF,2026-10-13T00:15:00Z,Kyren Williams,rush_yds,fanduel,Under,68.5,-114,e6d00eedd87d367e510314bd8cab8f6f,2026-10-09T17:19:46Z
nfl,LAR,BUF,2026-10-13T00:15:00Z,Josh Allen,rush_yds,fanduel,Over,36.5,-114,e6d00eedd87d367e510314bd8cab8f6f,2026-10-09T17:19:46Z
nfl,LAR,BUF,2026-10-13T00:15:00Z,Josh Allen,rush_yds,fanduel,Under,36.5,-114,e6d00eedd87d367e510314bd8cab8f6f,2026-10-09T17:19:46Z
nfl,LAR,BUF,2026-10-13T00:15:00Z,Tutu Atwell,anytime_td,betrivers,Yes,,1500,e6d00eedd87d367e510314bd8cab8f6f,2026-10-09T17:20:16Z
nfl,LAR,BUF,2026-10-13T00:15:00Z,Matthew Stafford,anytime_td,betrivers,Yes,,1800,e6d00eedd87d367e510314bd8cab8f6f,2026-10-09T17:20:16Z
nfl,LAR,BUF,2026-10-13T00:15:00Z,Skyler Bell,anytime_td,betrivers,Yes,,1100,e6d00eedd87d367e510314bd8cab8f6f,2026-10-09T17:20:16Z
nfl,LAR,BUF,2026-10-13T00:15:00Z,Jackson Hawes,anytime_td,betrivers,Yes,,1400,e6d00eedd87d367e510314bd8cab8f6f,2026-10-09T17:20:16Z
nfl,LAR,BUF,2026-10-13T00:15:00Z,Keon Coleman,anytime_td,betrivers,Yes,,280,e6d00eedd87d367e510314bd8cab8f6f,2026-10-09T17:20:16Z
nfl,LAR,BUF,2026-10-13T00:15:00Z,Davis Allen,anytime_td,betrivers,Yes,,650,e6d00eedd87d367e510314bd8cab8f6f,2026-10-09T17:20:16Z
nfl,LAR,BUF,2026-10-13T00:15:00Z,Joshua Palmer,anytime_td,betrivers,Yes,,540,e6d00eedd87d367e510314bd8cab8f6f,2026-10-09T17:20:16Z
nfl,LAR,BUF,2026-10-13T00:15:00Z,Dean Connors,anytime_td,betrivers,Yes,,2200,e6d00eedd87d367e510314bd8cab8f6f,2026-10-09T17:20:16Z
nfl,LAR,BUF,2026-10-13T00:15:00Z,CJ Daniels,anytime_td,betrivers,Yes,,1800,e6d00eedd87d367e510314bd8cab8f6f,2026-10-09T17:20:16Z
nfl,LAR,BUF,2026-10-13T00:15:00Z,Puka Nacua,anytime_td,betrivers,Yes,,-124,e6d00eedd87d367e510314bd8cab8f6f,2026-10-09T17:20:16Z
nfl,LAR,BUF,2026-10-13T00:15:00Z,Dalton Kincaid,anytime_td,betrivers,Yes,,215,e6d00eedd87d367e510314bd8cab8f6f,2026-10-09T17:20:16Z
nfl,LAR,BUF,2026-10-13T00:15:00Z,Dawson Knox,anytime_td,betrivers,Yes,,650,e6d00eedd87d367e510314bd8cab8f6f,2026-10-09T17:20:16Z
nfl,LAR,BUF,2026-10-13T00:15:00Z,DJ Moore,anytime_td,betrivers,Yes,,195,e6d00eedd87d367e510314bd8cab8f6f,2026-10-09T17:20:16Z
nfl,LAR,BUF,2026-10-13T00:15:00Z,Khalil Shakir,anytime_td,betrivers,Yes,,250,e6d00eedd87d367e510314bd8cab8f6f,2026-10-09T17:20:16Z
nfl,LAR,BUF,2026-10-13T00:15:00Z,Blake Corum,anytime_td,betrivers,Yes,,250,e6d00eedd87d367e510314bd8cab8f6f,2026-10-09T17:20:16Z
nfl,LAR,BUF,2026-10-13T00:15:00Z,Max Klare,anytime_td,betrivers,Yes,,1000,e6d00eedd87d367e510314bd8cab8f6f,2026-10-09T17:20:16Z
nfl,LAR,BUF,2026-10-13T00:15:00Z,Davante Adams,anytime_td,betrivers,Yes,,-104,e6d00eedd87d367e510314bd8cab8f6f,2026-10-09T17:20:16Z
nfl,LAR,BUF,2026-10-13T00:15:00Z,Josh Allen,anytime_td,betrivers,Yes,,-124,e6d00eedd87d367e510314bd8cab8f6f,2026-10-09T17:20:16Z
nfl,LAR,BUF,2026-10-13T00:15:00Z,Colby Parkinson,anytime_td,betrivers,Yes,,215,e6d00eedd87d367e510314bd8cab8f6f,2026-10-09T17:20:16Z
nfl,LAR,BUF,2026-10-13T00:15:00Z,Greg Dortch,anytime_td,betrivers,Yes,,540,e6d00eedd87d367e510314bd8cab8f6f,2026-10-09T17:20:16Z
nfl,LAR,BUF,2026-10-13T00:15:00Z,Keleki Latu,anytime_td,betrivers,Yes,,2800,e6d00eedd87d367e510314bd8cab8f6f,2026-10-09T17:20:16Z
nfl,LAR,BUF,2026-10-13T00:15:00Z,Kyren Williams,anytime_td,betrivers,Yes,,-190,e6d00eedd87d367e510314bd8cab8f6f,2026-10-09T17:20:16Z
nfl,LAR,BUF,2026-10-13T00:15:00Z,James Cook,anytime_td,betrivers,Yes,,-125,e6d00eedd87d367e510314bd8cab8f6f,2026-10-09T17:20:16Z
nfl,LAR,BUF,2026-10-13T00:15:00Z,Tyler Higbee,anytime_td,betrivers,Yes,,180,e6d00eedd87d367e510314bd8cab8f6f,2026-10-09T17:20:16Z
nfl,LAR,BUF,2026-10-13T00:15:00Z,Ray Davis,anytime_td,betrivers,Yes,,1600,e6d00eedd87d367e510314bd8cab8f6f,2026-10-09T17:20:16Z
nfl,LAR,BUF,2026-10-13T00:15:00Z,Konata Mumpfield,anytime_td,betrivers,Yes,,850,e6d00eedd87d367e510314bd8cab8f6f,2026-10-09T17:20:16Z
nfl,LAR,BUF,2026-10-13T00:15:00Z,Jordan Whittington,anytime_td,betrivers,Yes,,950,e6d00eedd87d367e510314bd8cab8f6f,2026-10-09T17:20:16Z
nfl,LAR,BUF,2026-10-13T00:15:00Z,Ty Johnson,anytime_td,betrivers,Yes,,540,e6d00eedd87d367e510314bd8cab8f6f,2026-10-09T17:20:16Z
nfl,LAR,BUF,2026-10-13T00:15:00Z,Josh Allen,completions,betrivers,Over,20.5,-115,e6d00eedd87d367e510314bd8cab8f6f,2026-10-09T17:20:16Z
nfl,LAR,BUF,2026-10-13T00:15:00Z,Matthew Stafford,completions,betrivers,Over,22.5,-118,e6d00eedd87d367e510314bd8cab8f6f,2026-10-09T17:20:16Z
nfl,LAR,BUF,2026-10-13T00:15:00Z,Josh Allen,pass_td,betrivers,Over,1.5,-107,e6d00eedd87d367e510314bd8cab8f6f,2026-10-09T17:20:16Z
nfl,LAR,BUF,2026-10-13T00:15:00Z,Josh Allen,pass_td,betrivers,Under,1.5,-125,e6d00eedd87d367e510314bd8cab8f6f,2026-10-09T17:20:16Z
nfl,LAR,BUF,2026-10-13T00:15:00Z,Matthew Stafford,pass_td,betrivers,Over,2.5,155,e6d00eedd87d367e510314bd8cab8f6f,2026-10-09T17:20:16Z
nfl,LAR,BUF,2026-10-13T00:15:00Z,Matthew Stafford,pass_td,betrivers,Under,2.5,-210,e6d00eedd87d367e510314bd8cab8f6f,2026-10-09T17:20:16Z
nfl,LAR,BUF,2026-10-13T00:15:00Z,Matthew Stafford,pass_yds,betrivers,Over,283.5,-115,e6d00eedd87d367e510314bd8cab8f6f,2026-10-09T17:20:16Z
nfl,LAR,BUF,2026-10-13T00:15:00Z,Matthew Stafford,pass_yds,betrivers,Under,283.5,-114,e6d00eedd87d367e510314bd8cab8f6f,2026-10-09T17:20:16Z
nfl,LAR,BUF,2026-10-13T00:15:00Z,Josh Allen,pass_yds,betrivers,Over,245.5,-114,e6d00eedd87d367e510314bd8cab8f6f,2026-10-09T17:20:16Z
nfl,LAR,BUF,2026-10-13T00:15:00Z,Josh Allen,pass_yds,betrivers,Under,245.5,-117,e6d00eedd87d367e510314bd8cab8f6f,2026-10-09T17:20:16Z
nfl,LAR,BUF,2026-10-13T00:15:00Z,Konata Mumpfield,rec_yds,betrivers,Over,7.5,-115,e6d00eedd87d367e510314bd8cab8f6f,2026-10-09T17:20:16Z
nfl,LAR,BUF,2026-10-13T00:15:00Z,Konata Mumpfield,rec_yds,betrivers,Under,7.5,-115,e6d00eedd87d367e510314bd8cab8f6f,2026-10-09T17:20:16Z
nfl,LAR,BUF,2026-10-13T00:15:00Z,Colby Parkinson,rec_yds,betrivers,Over,16.5,-117,e6d00eedd87d367e510314bd8cab8f6f,2026-10-09T17:20:16Z
nfl,LAR,BUF,2026-10-13T00:15:00Z,Colby Parkinson,rec_yds,betrivers,Under,16.5,-114,e6d00eedd87d367e510314bd8cab8f6f,2026-10-09T17:20:16Z
nfl,LAR,BUF,2026-10-13T00:15:00Z,Jordan Whittington,rec_yds,betrivers,Over,5.5,-120,e6d00eedd87d367e510314bd8cab8f6f,2026-10-09T17:20:16Z
nfl,LAR,BUF,2026-10-13T00:15:00Z,Jordan Whittington,rec_yds,betrivers,Under,5.5,-112,e6d00eedd87d367e510314bd8cab8f6f,2026-10-09T17:20:16Z
nfl,LAR,BUF,2026-10-13T00:15:00Z,Kyren Williams,rec_yds,betrivers,Over,21.5,-113,e6d00eedd87d367e510314bd8cab8f6f,2026-10-09T17:20:16Z
nfl,LAR,BUF,2026-10-13T00:15:00Z,Kyren Williams,rec_yds,betrivers,Under,21.5,-118,e6d00eedd87d367e510314bd8cab8f6f,2026-10-09T17:20:16Z
nfl,LAR,BUF,2026-10-13T00:15:00Z,Tyler Higbee,rec_yds,betrivers,Over,25.5,-115,e6d00eedd87d367e510314bd8cab8f6f,2026-10-09T17:20:16Z
nfl,LAR,BUF,2026-10-13T00:15:00Z,Tyler Higbee,rec_yds,betrivers,Under,25.5,-115,e6d00eedd87d367e510314bd8cab8f6f,2026-10-09T17:20:16Z
nfl,LAR,BUF,2026-10-13T00:15:00Z,Davante Adams,rec_yds,betrivers,Over,64.5,-114,e6d00eedd87d367e510314bd8cab8f6f,2026-10-09T17:20:16Z
nfl,LAR,BUF,2026-10-13T00:15:00Z,Davante Adams,rec_yds,betrivers,Under,64.5,-117,e6d00eedd87d367e510314bd8cab8f6f,2026-10-09T17:20:16Z
nfl,LAR,BUF,2026-10-13T00:15:00Z,Puka Nacua,rec_yds,betrivers,Over,94.5,-114,e6d00eedd87d367e510314bd8cab8f6f,2026-10-09T17:20:16Z
nfl,LAR,BUF,2026-10-13T00:15:00Z,Puka Nacua,rec_yds,betrivers,Under,94.5,-117,e6d00eedd87d367e510314bd8cab8f6f,2026-10-09T17:20:16Z
nfl,LAR,BUF,2026-10-13T00:15:00Z,Dalton Kincaid,rec_yds,betrivers,Over,49.5,-114,e6d00eedd87d367e510314bd8cab8f6f,2026-10-09T17:20:16Z
nfl,LAR,BUF,2026-10-13T00:15:00Z,Dalton Kincaid,rec_yds,betrivers,Under,49.5,-117,e6d00eedd87d367e510314bd8cab8f6f,2026-10-09T17:20:16Z
nfl,LAR,BUF,2026-10-13T00:15:00Z,Colby Parkinson,receptions,betrivers,Over,1.5,-155,e6d00eedd87d367e510314bd8cab8f6f,2026-10-09T17:20:16Z
nfl,LAR,BUF,2026-10-13T00:15:00Z,Tyler Higbee,receptions,betrivers,Over,2.5,-130,e6d00eedd87d367e510314bd8cab8f6f,2026-10-09T17:20:16Z
nfl,LAR,BUF,2026-10-13T00:15:00Z,Davante Adams,receptions,betrivers,Over,4.5,112,e6d00eedd87d367e510314bd8cab8f6f,2026-10-09T17:20:16Z
nfl,LAR,BUF,2026-10-13T00:15:00Z,Kyren Williams,receptions,betrivers,Over,2.5,-143,e6d00eedd87d367e510314bd8cab8f6f,2026-10-09T17:20:16Z
nfl,LAR,BUF,2026-10-13T00:15:00Z,Jordan Whittington,receptions,betrivers,Over,0.5,-167,e6d00eedd87d367e510314bd8cab8f6f,2026-10-09T17:20:16Z
nfl,LAR,BUF,2026-10-13T00:15:00Z,Konata Mumpfield,receptions,betrivers,Over,0.5,-182,e6d00eedd87d367e510314bd8cab8f6f,2026-10-09T17:20:16Z
nfl,LAR,BUF,2026-10-13T00:15:00Z,Dalton Kincaid,receptions,betrivers,Over,4.5,114,e6d00eedd87d367e510314bd8cab8f6f,2026-10-09T17:20:16Z
nfl,LAR,BUF,2026-10-13T00:15:00Z,Puka Nacua,receptions,betrivers,Over,7.5,115,e6d00eedd87d367e510314bd8cab8f6f,2026-10-09T17:20:16Z
nfl,LAR,BUF,2026-10-13T00:15:00Z,Blake Corum,rush_yds,betrivers,Over,33.5,-114,e6d00eedd87d367e510314bd8cab8f6f,2026-10-09T17:20:16Z
nfl,LAR,BUF,2026-10-13T00:15:00Z,Blake Corum,rush_yds,betrivers,Under,33.5,-117,e6d00eedd87d367e510314bd8cab8f6f,2026-10-09T17:20:16Z
nfl,LAR,BUF,2026-10-13T00:15:00Z,James Cook,rush_yds,betrivers,Over,75.5,-117,e6d00eedd87d367e510314bd8cab8f6f,2026-10-09T17:20:16Z
nfl,LAR,BUF,2026-10-13T00:15:00Z,James Cook,rush_yds,betrivers,Under,75.5,-114,e6d00eedd87d367e510314bd8cab8f6f,2026-10-09T17:20:16Z
nfl,LAR,BUF,2026-10-13T00:15:00Z,Josh Allen,rush_yds,betrivers,Over,37.5,-114,e6d00eedd87d367e510314bd8cab8f6f,2026-10-09T17:20:16Z
nfl,LAR,BUF,2026-10-13T00:15:00Z,Josh Allen,rush_yds,betrivers,Under,37.5,-117,e6d00eedd87d367e510314bd8cab8f6f,2026-10-09T17:20:16Z
nfl,LAR,BUF,2026-10-13T00:15:00Z,Kyren Williams,rush_yds,betrivers,Over,70.5,-115,e6d00eedd87d367e510314bd8cab8f6f,2026-10-09T17:20:16Z
nfl,LAR,BUF,2026-10-13T00:15:00Z,Kyren Williams,rush_yds,betrivers,Under,70.5,-115,e6d00eedd87d367e510314bd8cab8f6f,2026-10-09T17:20:16Z
nfl,LAR,BUF,2026-10-13T00:15:00Z,Tyler Higbee,anytime_td,betmgm,Yes,,250,e6d00eedd87d367e510314bd8cab8f6f,2026-10-09T17:20:15Z
nfl,LAR,BUF,2026-10-13T00:15:00Z,Los Angeles Rams D/ST,anytime_td,betmgm,Yes,,525,e6d00eedd87d367e510314bd8cab8f6f,2026-10-09T17:20:15Z
nfl,LAR,BUF,2026-10-13T00:15:00Z,Davante Adams,anytime_td,betmgm,Yes,,-105,e6d00eedd87d367e510314bd8cab8f6f,2026-10-09T17:20:15Z
nfl,LAR,BUF,2026-10-13T00:15:00Z,Khalil Shakir,anytime_td,betmgm,Yes,,230,e6d00eedd87d367e510314bd8cab8f6f,2026-10-09T17:20:15Z
nfl,LAR,BUF,2026-10-13T00:15:00Z,Blake Corum,anytime_td,betmgm,Yes,,240,e6d00eedd87d367e510314bd8cab8f6f,2026-10-09T17:20:15Z
nfl,LAR,BUF,2026-10-13T00:15:00Z,Kyren Williams,anytime_td,betmgm,Yes,,-200,e6d00eedd87d367e510314bd8cab8f6f,2026-10-09T17:20:15Z
nfl,LAR,BUF,2026-10-13T00:15:00Z,Keon Coleman,anytime_td,betmgm,Yes,,260,e6d00eedd87d367e510314bd8cab8f6f,2026-10-09T17:20:15Z
nfl,LAR,BUF,2026-10-13T00:15:00Z,Dalton Kincaid,anytime_td,betmgm,Yes,,185,e6d00eedd87d367e510314bd8cab8f6f,2026-10-09T17:20:15Z
nfl,LAR,BUF,2026-10-13T00:15:00Z,Josh Allen,anytime_td,betmgm,Yes,,-120,e6d00eedd87d367e510314bd8cab8f6f,2026-10-09T17:20:15Z
nfl,LAR,BUF,2026-10-13T00:15:00Z,DJ Moore,anytime_td,betmgm,Yes,,180,e6d00eedd87d367e510314bd8cab8f6f,2026-10-09T17:20:15Z
nfl,LAR,BUF,2026-10-13T00:15:00Z,Buffalo Bills D/ST,anytime_td,betmgm,Yes,,650,e6d00eedd87d367e510314bd8cab8f6f,2026-10-09T17:20:15Z
nfl,LAR,BUF,2026-10-13T00:15:00Z,Puka Nacua,anytime_td,betmgm,Yes,,-125,e6d00eedd87d367e510314bd8cab8f6f,2026-10-09T17:20:15Z
nfl,LAR,BUF,2026-10-13T00:15:00Z,James Cook,anytime_td,betmgm,Yes,,-118,e6d00eedd87d367e510314bd8cab8f6f,2026-10-09T17:20:15Z
nfl,LAR,BUF,2026-10-13T00:15:00Z,Matthew Stafford,anytime_td,betmgm,Yes,,1400,e6d00eedd87d367e510314bd8cab8f6f,2026-10-09T17:20:15Z
nfl,LAR,BUF,2026-10-13T00:15:00Z,Ray Davis,anytime_td,betmgm,Yes,,1150,e6d00eedd87d367e510314bd8cab8f6f,2026-10-09T17:20:15Z
nfl,LAR,BUF,2026-10-13T00:15:00Z,Ty Johnson,anytime_td,betmgm,Yes,,500,e6d00eedd87d367e510314bd8cab8f6f,2026-10-09T17:20:15Z
nfl,LAR,BUF,2026-10-13T00:15:00Z,Dawson Knox,anytime_td,betmgm,Yes,,525,e6d00eedd87d367e510314bd8cab8f6f,2026-10-09T17:20:15Z
nfl,LAR,BUF,2026-10-13T00:15:00Z,Joshua Palmer,anytime_td,betmgm,Yes,,450,e6d00eedd87d367e510314bd8cab8f6f,2026-10-09T17:20:15Z
nfl,LAR,BUF,2026-10-13T00:15:00Z,Jordan Whittington,anytime_td,betmgm,Yes,,850,e6d00eedd87d367e510314bd8cab8f6f,2026-10-09T17:20:15Z
nfl,LAR,BUF,2026-10-13T00:15:00Z,Konata Mumpfield,anytime_td,betmgm,Yes,,775,e6d00eedd87d367e510314bd8cab8f6f,2026-10-09T17:20:15Z
nfl,LAR,BUF,2026-10-13T00:15:00Z,Tutu Atwell,anytime_td,betmgm,Yes,,1350,e6d00eedd87d367e510314bd8cab8f6f,2026-10-09T17:20:15Z
nfl,LAR,BUF,2026-10-13T00:15:00Z,Davis Allen,anytime_td,betmgm,Yes,,900,e6d00eedd87d367e510314bd8cab8f6f,2026-10-09T17:20:15Z
nfl,LAR,BUF,2026-10-13T00:15:00Z,Jackson Hawes,anytime_td,betmgm,Yes,,1050,e6d00eedd87d367e510314bd8cab8f6f,2026-10-09T17:20:15Z
nfl,LAR,BUF,2026-10-13T00:15:00Z,Colby Parkinson,anytime_td,betmgm,Yes,,280,e6d00eedd87d367e510314bd8cab8f6f,2026-10-09T17:20:15Z
nfl,LAR,BUF,2026-10-13T00:15:00Z,Skyler Bell,anytime_td,betmgm,Yes,,1350,e6d00eedd87d367e510314bd8cab8f6f,2026-10-09T17:20:15Z
nfl,LAR,BUF,2026-10-13T00:15:00Z,Alex Bachman,anytime_td,betmgm,Yes,,2500,e6d00eedd87d367e510314bd8cab8f6f,2026-10-09T17:20:15Z
nfl,LAR,BUF,2026-10-13T00:15:00Z,Josh Allen,pass_att,betmgm,Over,32.5,100,e6d00eedd87d367e510314bd8cab8f6f,2026-10-09T17:20:15Z
nfl,LAR,BUF,2026-10-13T00:15:00Z,Josh Allen,pass_att,betmgm,Under,32.5,-135,e6d00eedd87d367e510314bd8cab8f6f,2026-10-09T17:20:15Z
nfl,LAR,BUF,2026-10-13T00:15:00Z,Matthew Stafford,pass_att,betmgm,Over,36.5,-135,e6d00eedd87d367e510314bd8cab8f6f,2026-10-09T17:20:15Z
nfl,LAR,BUF,2026-10-13T00:15:00Z,Matthew Stafford,pass_att,betmgm,Under,36.5,100,e6d00eedd87d367e510314bd8cab8f6f,2026-10-09T17:20:15Z
nfl,LAR,BUF,2026-10-13T00:15:00Z,Matthew Stafford,completions,betmgm,Over,23.5,-105,e6d00eedd87d367e510314bd8cab8f6f,2026-10-09T17:20:15Z
nfl,LAR,BUF,2026-10-13T00:15:00Z,Matthew Stafford,completions,betmgm,Under,23.5,-125,e6d00eedd87d367e510314bd8cab8f6f,2026-10-09T17:20:15Z
nfl,LAR,BUF,2026-10-13T00:15:00Z,Matthew Stafford,pass_td,betmgm,Over,2.5,145,e6d00eedd87d367e510314bd8cab8f6f,2026-10-09T17:20:15Z
nfl,LAR,BUF,2026-10-13T00:15:00Z,Matthew Stafford,pass_td,betmgm,Under,2.5,-200,e6d00eedd87d367e510314bd8cab8f6f,2026-10-09T17:20:15Z
nfl,LAR,BUF,2026-10-13T00:15:00Z,Josh Allen,pass_td,betmgm,Over,1.5,-115,e6d00eedd87d367e510314bd8cab8f6f,2026-10-09T17:20:15Z
nfl,LAR,BUF,2026-10-13T00:15:00Z,Josh Allen,pass_td,betmgm,Under,1.5,-115,e6d00eedd87d367e510314bd8cab8f6f,2026-10-09T17:20:15Z
nfl,LAR,BUF,2026-10-13T00:15:00Z,Josh Allen,pass_yds,betmgm,Over,243.5,-115,e6d00eedd87d367e510314bd8cab8f6f,2026-10-09T17:20:15Z
nfl,LAR,BUF,2026-10-13T00:15:00Z,Josh Allen,pass_yds,betmgm,Under,243.5,-115,e6d00eedd87d367e510314bd8cab8f6f,2026-10-09T17:20:15Z
nfl,LAR,BUF,2026-10-13T00:15:00Z,Matthew Stafford,pass_yds,betmgm,Over,281.5,-115,e6d00eedd87d367e510314bd8cab8f6f,2026-10-09T17:20:15Z
nfl,LAR,BUF,2026-10-13T00:15:00Z,Matthew Stafford,pass_yds,betmgm,Under,281.5,-115,e6d00eedd87d367e510314bd8cab8f6f,2026-10-09T17:20:15Z
nfl,LAR,BUF,2026-10-13T00:15:00Z,Dalton Kincaid,rec_yds,betmgm,Over,50.5,-115,e6d00eedd87d367e510314bd8cab8f6f,2026-10-09T17:20:15Z
nfl,LAR,BUF,2026-10-13T00:15:00Z,Dalton Kincaid,rec_yds,betmgm,Under,50.5,-115,e6d00eedd87d367e510314bd8cab8f6f,2026-10-09T17:20:15Z
nfl,LAR,BUF,2026-10-13T00:15:00Z,Puka Nacua,rec_yds,betmgm,Over,93.5,-115,e6d00eedd87d367e510314bd8cab8f6f,2026-10-09T17:20:15Z
nfl,LAR,BUF,2026-10-13T00:15:00Z,Puka Nacua,rec_yds,betmgm,Under,93.5,-115,e6d00eedd87d367e510314bd8cab8f6f,2026-10-09T17:20:15Z
nfl,LAR,BUF,2026-10-13T00:15:00Z,Kyren Williams,rec_yds,betmgm,Over,19.5,-135,e6d00eedd87d367e510314bd8cab8f6f,2026-10-09T17:20:15Z
nfl,LAR,BUF,2026-10-13T00:15:00Z,Kyren Williams,rec_yds,betmgm,Under,19.5,100,e6d00eedd87d367e510314bd8cab8f6f,2026-10-09T17:20:15Z
nfl,LAR,BUF,2026-10-13T00:15:00Z,Davante Adams,rec_yds,betmgm,Over,63.5,-115,e6d00eedd87d367e510314bd8cab8f6f,2026-10-09T17:20:15Z
nfl,LAR,BUF,2026-10-13T00:15:00Z,Davante Adams,rec_yds,betmgm,Under,63.5,-115,e6d00eedd87d367e510314bd8cab8f6f,2026-10-09T17:20:15Z
nfl,LAR,BUF,2026-10-13T00:15:00Z,Jordan Whittington,rec_yds,betmgm,Over,6.5,-115,e6d00eedd87d367e510314bd8cab8f6f,2026-10-09T17:20:15Z
nfl,LAR,BUF,2026-10-13T00:15:00Z,Jordan Whittington,rec_yds,betmgm,Under,6.5,-115,e6d00eedd87d367e510314bd8cab8f6f,2026-10-09T17:20:15Z
nfl,LAR,BUF,2026-10-13T00:15:00Z,Konata Mumpfield,rec_yds,betmgm,Over,7.5,-111,e6d00eedd87d367e510314bd8cab8f6f,2026-10-09T17:20:15Z
nfl,LAR,BUF,2026-10-13T00:15:00Z,Konata Mumpfield,rec_yds,betmgm,Under,7.5,-118,e6d00eedd87d367e510314bd8cab8f6f,2026-10-09T17:20:15Z
nfl,LAR,BUF,2026-10-13T00:15:00Z,James Cook,rec_yds,betmgm,Over,11.5,-110,e6d00eedd87d367e510314bd8cab8f6f,2026-10-09T17:20:15Z
nfl,LAR,BUF,2026-10-13T00:15:00Z,James Cook,rec_yds,betmgm,Under,11.5,-120,e6d00eedd87d367e510314bd8cab8f6f,2026-10-09T17:20:15Z
nfl,LAR,BUF,2026-10-13T00:15:00Z,Ty Johnson,rec_yds,betmgm,Over,12.5,-120,e6d00eedd87d367e510314bd8cab8f6f,2026-10-09T17:20:15Z
nfl,LAR,BUF,2026-10-13T00:15:00Z,Ty Johnson,rec_yds,betmgm,Under,12.5,-110,e6d00eedd87d367e510314bd8cab8f6f,2026-10-09T17:20:15Z
nfl,LAR,BUF,2026-10-13T00:15:00Z,Colby Parkinson,rec_yds,betmgm,Over,17.5,-115,e6d00eedd87d367e510314bd8cab8f6f,2026-10-09T17:20:15Z
nfl,LAR,BUF,2026-10-13T00:15:00Z,Colby Parkinson,rec_yds,betmgm,Under,17.5,-115,e6d00eedd87d367e510314bd8cab8f6f,2026-10-09T17:20:15Z
nfl,LAR,BUF,2026-10-13T00:15:00Z,Davante Adams,receptions,betmgm,Over,4.5,-111,e6d00eedd87d367e510314bd8cab8f6f,2026-10-09T17:20:15Z
nfl,LAR,BUF,2026-10-13T00:15:00Z,Davante Adams,receptions,betmgm,Under,4.5,-120,e6d00eedd87d367e510314bd8cab8f6f,2026-10-09T17:20:15Z
nfl,LAR,BUF,2026-10-13T00:15:00Z,Puka Nacua,receptions,betmgm,Over,7.5,100,e6d00eedd87d367e510314bd8cab8f6f,2026-10-09T17:20:15Z
nfl,LAR,BUF,2026-10-13T00:15:00Z,Puka Nacua,receptions,betmgm,Under,7.5,-135,e6d00eedd87d367e510314bd8cab8f6f,2026-10-09T17:20:15Z
nfl,LAR,BUF,2026-10-13T00:15:00Z,Kyren Williams,receptions,betmgm,Over,2.5,-145,e6d00eedd87d367e510314bd8cab8f6f,2026-10-09T17:20:15Z
nfl,LAR,BUF,2026-10-13T00:15:00Z,Kyren Williams,receptions,betmgm,Under,2.5,105,e6d00eedd87d367e510314bd8cab8f6f,2026-10-09T17:20:15Z
nfl,LAR,BUF,2026-10-13T00:15:00Z,Dalton Kincaid,receptions,betmgm,Over,4.5,125,e6d00eedd87d367e510314bd8cab8f6f,2026-10-09T17:20:15Z
nfl,LAR,BUF,2026-10-13T00:15:00Z,Dalton Kincaid,receptions,betmgm,Under,4.5,-165,e6d00eedd87d367e510314bd8cab8f6f,2026-10-09T17:20:15Z
nfl,LAR,BUF,2026-10-13T00:15:00Z,Kyren Williams,rush_att,betmgm,Over,14.5,-120,e6d00eedd87d367e510314bd8cab8f6f,2026-10-09T17:20:15Z
nfl,LAR,BUF,2026-10-13T00:15:00Z,Kyren Williams,rush_att,betmgm,Under,14.5,-110,e6d00eedd87d367e510314bd8cab8f6f,2026-10-09T17:20:15Z
nfl,LAR,BUF,2026-10-13T00:15:00Z,James Cook,rush_att,betmgm,Over,17.5,-105,e6d00eedd87d367e510314bd8cab8f6f,2026-10-09T17:20:15Z
nfl,LAR,BUF,2026-10-13T00:15:00Z,James Cook,rush_att,betmgm,Under,17.5,-130,e6d00eedd87d367e510314bd8cab8f6f,2026-10-09T17:20:15Z
nfl,LAR,BUF,2026-10-13T00:15:00Z,Kyren Williams,rush_yds,betmgm,Over,69.5,-115,e6d00eedd87d367e510314bd8cab8f6f,2026-10-09T17:20:15Z
nfl,LAR,BUF,2026-10-13T00:15:00Z,Kyren Williams,rush_yds,betmgm,Under,69.5,-115,e6d00eedd87d367e510314bd8cab8f6f,2026-10-09T17:20:15Z
nfl,LAR,BUF,2026-10-13T00:15:00Z,Josh Allen,rush_yds,betmgm,Over,36.5,-115,e6d00eedd87d367e510314bd8cab8f6f,2026-10-09T17:20:15Z
nfl,LAR,BUF,2026-10-13T00:15:00Z,Josh Allen,rush_yds,betmgm,Under,36.5,-115,e6d00eedd87d367e510314bd8cab8f6f,2026-10-09T17:20:15Z
nfl,LAR,BUF,2026-10-13T00:15:00Z,James Cook,rush_yds,betmgm,Over,74.5,-115,e6d00eedd87d367e510314bd8cab8f6f,2026-10-09T17:20:15Z
nfl,LAR,BUF,2026-10-13T00:15:00Z,James Cook,rush_yds,betmgm,Under,74.5,-115,e6d00eedd87d367e510314bd8cab8f6f,2026-10-09T17:20:15Z
nfl,LAR,BUF,2026-10-13T00:15:00Z,Josh Allen,pass_att,espnbet,Over,32.5,-105,e6d00eedd87d367e510314bd8cab8f6f,2026-10-09T17:20:45Z
nfl,LAR,BUF,2026-10-13T00:15:00Z,Josh Allen,pass_att,espnbet,Under,32.5,-125,e6d00eedd87d367e510314bd8cab8f6f,2026-10-09T17:20:45Z
nfl,LAR,BUF,2026-10-13T00:15:00Z,Matthew Stafford,pass_att,espnbet,Over,37.5,-110,e6d00eedd87d367e510314bd8cab8f6f,2026-10-09T17:20:45Z
nfl,LAR,BUF,2026-10-13T00:15:00Z,Matthew Stafford,pass_att,espnbet,Under,37.5,-120,e6d00eedd87d367e510314bd8cab8f6f,2026-10-09T17:20:45Z
nfl,LAR,BUF,2026-10-13T00:15:00Z,Matthew Stafford,completions,espnbet,Over,23.5,-115,e6d00eedd87d367e510314bd8cab8f6f,2026-10-09T17:20:45Z
nfl,LAR,BUF,2026-10-13T00:15:00Z,Matthew Stafford,completions,espnbet,Under,23.5,-115,e6d00eedd87d367e510314bd8cab8f6f,2026-10-09T17:20:45Z
nfl,LAR,BUF,2026-10-13T00:15:00Z,Josh Allen,completions,espnbet,Over,21.5,100,e6d00eedd87d367e510314bd8cab8f6f,2026-10-09T17:20:45Z
nfl,LAR,BUF,2026-10-13T00:15:00Z,Josh Allen,completions,espnbet,Under,21.5,-130,e6d00eedd87d367e510314bd8cab8f6f,2026-10-09T17:20:45Z
nfl,LAR,BUF,2026-10-13T00:15:00Z,Matthew Stafford,pass_td,espnbet,Over,2.5,135,e6d00eedd87d367e510314bd8cab8f6f,2026-10-09T17:20:45Z
nfl,LAR,BUF,2026-10-13T00:15:00Z,Matthew Stafford,pass_td,espnbet,Under,2.5,-180,e6d00eedd87d367e510314bd8cab8f6f,2026-10-09T17:20:45Z
nfl,LAR,BUF,2026-10-13T00:15:00Z,Josh Allen,pass_td,espnbet,Over,1.5,-120,e6d00eedd87d367e510314bd8cab8f6f,2026-10-09T17:20:45Z
nfl,LAR,BUF,2026-10-13T00:15:00Z,Josh Allen,pass_td,espnbet,Under,1.5,-110,e6d00eedd87d367e510314bd8cab8f6f,2026-10-09T17:20:45Z
nfl,LAR,BUF,2026-10-13T00:15:00Z,Matthew Stafford,pass_yds,espnbet,Over,279.5,-115,e6d00eedd87d367e510314bd8cab8f6f,2026-10-09T17:20:45Z
nfl,LAR,BUF,2026-10-13T00:15:00Z,Matthew Stafford,pass_yds,espnbet,Under,279.5,-115,e6d00eedd87d367e510314bd8cab8f6f,2026-10-09T17:20:45Z
nfl,LAR,BUF,2026-10-13T00:15:00Z,Josh Allen,pass_yds,espnbet,Over,244.5,-110,e6d00eedd87d367e510314bd8cab8f6f,2026-10-09T17:20:45Z
nfl,LAR,BUF,2026-10-13T00:15:00Z,Josh Allen,pass_yds,espnbet,Under,244.5,-120,e6d00eedd87d367e510314bd8cab8f6f,2026-10-09T17:20:45Z
nfl,LAR,BUF,2026-10-13T00:15:00Z,Puka Nacua,rec_yds,espnbet,Over,94.5,-105,e6d00eedd87d367e510314bd8cab8f6f,2026-10-09T17:20:45Z
nfl,LAR,BUF,2026-10-13T00:15:00Z,Puka Nacua,rec_yds,espnbet,Under,94.5,-125,e6d00eedd87d367e510314bd8cab8f6f,2026-10-09T17:20:45Z
nfl,LAR,BUF,2026-10-13T00:15:00Z,Davante Adams,rec_yds,espnbet,Over,62.5,-120,e6d00eedd87d367e510314bd8cab8f6f,2026-10-09T17:20:45Z
nfl,LAR,BUF,2026-10-13T00:15:00Z,Davante Adams,rec_yds,espnbet,Under,62.5,-110,e6d00eedd87d367e510314bd8cab8f6f,2026-10-09T17:20:45Z
nfl,LAR,BUF,2026-10-13T00:15:00Z,Khalil Shakir,rec_yds,espnbet,Over,43.5,-115,e6d00eedd87d367e510314bd8cab8f6f,2026-10-09T17:20:45Z
nfl,LAR,BUF,2026-10-13T00:15:00Z,Khalil Shakir,rec_yds,espnbet,Under,43.5,-115,e6d00eedd87d367e510314bd8cab8f6f,2026-10-09T17:20:45Z
nfl,LAR,BUF,2026-10-13T00:15:00Z,Dalton Kincaid,rec_yds,espnbet,Over,54.5,-105,e6d00eedd87d367e510314bd8cab8f6f,2026-10-09T17:20:45Z
nfl,LAR,BUF,2026-10-13T00:15:00Z,Dalton Kincaid,rec_yds,espnbet,Under,54.5,-125,e6d00eedd87d367e510314bd8cab8f6f,2026-10-09T17:20:45Z
nfl,LAR,BUF,2026-10-13T00:15:00Z,Keon Coleman,rec_yds,espnbet,Over,37.5,-120,e6d00eedd87d367e510314bd8cab8f6f,2026-10-09T17:20:45Z
nfl,LAR,BUF,2026-10-13T00:15:00Z,Keon Coleman,rec_yds,espnbet,Under,37.5,-110,e6d00eedd87d367e510314bd8cab8f6f,2026-10-09T17:20:45Z
nfl,LAR,BUF,2026-10-13T00:15:00Z,Tyler Higbee,rec_yds,espnbet,Over,25.5,-110,e6d00eedd87d367e510314bd8cab8f6f,2026-10-09T17:20:45Z
nfl,LAR,BUF,2026-10-13T00:15:00Z,Tyler Higbee,rec_yds,espnbet,Under,25.5,-120,e6d00eedd87d367e510314bd8cab8f6f,2026-10-09T17:20:45Z
nfl,LAR,BUF,2026-10-13T00:15:00Z,Colby Parkinson,rec_yds,espnbet,Over,16.5,-115,e6d00eedd87d367e510314bd8cab8f6f,2026-10-09T17:20:45Z
nfl,LAR,BUF,2026-10-13T00:15:00Z,Colby Parkinson,rec_yds,espnbet,Under,16.5,-115,e6d00eedd87d367e510314bd8cab8f6f,2026-10-09T17:20:45Z
nfl,LAR,BUF,2026-10-13T00:15:00Z,Konata Mumpfield,rec_yds,espnbet,Over,7.5,-115,e6d00eedd87d367e510314bd8cab8f6f,2026-10-09T17:20:45Z
nfl,LAR,BUF,2026-10-13T00:15:00Z,Konata Mumpfield,rec_yds,espnbet,Under,7.5,-115,e6d00eedd87d367e510314bd8cab8f6f,2026-10-09T17:20:45Z
nfl,LAR,BUF,2026-10-13T00:15:00Z,Jordan Whittington,rec_yds,espnbet,Over,5.5,-120,e6d00eedd87d367e510314bd8cab8f6f,2026-10-09T17:20:45Z
nfl,LAR,BUF,2026-10-13T00:15:00Z,Jordan Whittington,rec_yds,espnbet,Under,5.5,-110,e6d00eedd87d367e510314bd8cab8f6f,2026-10-09T17:20:45Z
nfl,LAR,BUF,2026-10-13T00:15:00Z,Dawson Knox,rec_yds,espnbet,Over,10.5,-105,e6d00eedd87d367e510314bd8cab8f6f,2026-10-09T17:20:45Z
nfl,LAR,BUF,2026-10-13T00:15:00Z,Dawson Knox,rec_yds,espnbet,Under,10.5,-125,e6d00eedd87d367e510314bd8cab8f6f,2026-10-09T17:20:45Z
nfl,LAR,BUF,2026-10-13T00:15:00Z,Kyren Williams,rec_yds,espnbet,Over,19.5,-135,e6d00eedd87d367e510314bd8cab8f6f,2026-10-09T17:20:45Z
nfl,LAR,BUF,2026-10-13T00:15:00Z,Kyren Williams,rec_yds,espnbet,Under,19.5,105,e6d00eedd87d367e510314bd8cab8f6f,2026-10-09T17:20:45Z
nfl,LAR,BUF,2026-10-13T00:15:00Z,Joshua Palmer,rec_yds,espnbet,Over,18.5,-115,e6d00eedd87d367e510314bd8cab8f6f,2026-10-09T17:20:45Z
nfl,LAR,BUF,2026-10-13T00:15:00Z,Joshua Palmer,rec_yds,espnbet,Under,18.5,-115,e6d00eedd87d367e510314bd8cab8f6f,2026-10-09T17:20:45Z
nfl,LAR,BUF,2026-10-13T00:15:00Z,James Cook,rec_yds,espnbet,Over,9.5,-120,e6d00eedd87d367e510314bd8cab8f6f,2026-10-09T17:20:45Z
nfl,LAR,BUF,2026-10-13T00:15:00Z,James Cook,rec_yds,espnbet,Under,9.5,-110,e6d00eedd87d367e510314bd8cab8f6f,2026-10-09T17:20:45Z
nfl,LAR,BUF,2026-10-13T00:15:00Z,Ty Johnson,rec_yds,espnbet,Over,11.5,-105,e6d00eedd87d367e510314bd8cab8f6f,2026-10-09T17:20:45Z
nfl,LAR,BUF,2026-10-13T00:15:00Z,Ty Johnson,rec_yds,espnbet,Under,11.5,-125,e6d00eedd87d367e510314bd8cab8f6f,2026-10-09T17:20:45Z
nfl,LAR,BUF,2026-10-13T00:15:00Z,Puka Nacua,receptions,espnbet,Over,7.5,105,e6d00eedd87d367e510314bd8cab8f6f,2026-10-09T17:20:45Z
nfl,LAR,BUF,2026-10-13T00:15:00Z,Puka Nacua,receptions,espnbet,Under,7.5,-135,e6d00eedd87d367e510314bd8cab8f6f,2026-10-09T17:20:45Z
nfl,LAR,BUF,2026-10-13T00:15:00Z,Davante Adams,receptions,espnbet,Over,4.5,-105,e6d00eedd87d367e510314bd8cab8f6f,2026-10-09T17:20:45Z
nfl,LAR,BUF,2026-10-13T00:15:00Z,Davante Adams,receptions,espnbet,Under,4.5,-125,e6d00eedd87d367e510314bd8cab8f6f,2026-10-09T17:20:45Z
nfl,LAR,BUF,2026-10-13T00:15:00Z,Khalil Shakir,receptions,espnbet,Over,4.5,100,e6d00eedd87d367e510314bd8cab8f6f,2026-10-09T17:20:45Z
nfl,LAR,BUF,2026-10-13T00:15:00Z,Khalil Shakir,receptions,espnbet,Under,4.5,-130,e6d00eedd87d367e510314bd8cab8f6f,2026-10-09T17:20:45Z
nfl,LAR,BUF,2026-10-13T00:15:00Z,Kyren Williams,receptions,espnbet,Over,2.5,-140,e6d00eedd87d367e510314bd8cab8f6f,2026-10-09T17:20:45Z
nfl,LAR,BUF,2026-10-13T00:15:00Z,Kyren Williams,receptions,espnbet,Under,2.5,110,e6d00eedd87d367e510314bd8cab8f6f,2026-10-09T17:20:45Z
nfl,LAR,BUF,2026-10-13T00:15:00Z,Dalton Kincaid,receptions,espnbet,Over,4.5,125,e6d00eedd87d367e510314bd8cab8f6f,2026-10-09T17:20:45Z
nfl,LAR,BUF,2026-10-13T00:15:00Z,Dalton Kincaid,receptions,espnbet,Under,4.5,-160,e6d00eedd87d367e510314bd8cab8f6f,2026-10-09T17:20:45Z
nfl,LAR,BUF,2026-10-13T00:15:00Z,James Cook,receptions,espnbet,Over,1.5,-130,e6d00eedd87d367e510314bd8cab8f6f,2026-10-09T17:20:45Z
nfl,LAR,BUF,2026-10-13T00:15:00Z,James Cook,receptions,espnbet,Under,1.5,100,e6d00eedd87d367e510314bd8cab8f6f,2026-10-09T17:20:45Z
nfl,LAR,BUF,2026-10-13T00:15:00Z,Colby Parkinson,receptions,espnbet,Over,1.5,-190,e6d00eedd87d367e510314bd8cab8f6f,2026-10-09T17:20:45Z
nfl,LAR,BUF,2026-10-13T00:15:00Z,Colby Parkinson,receptions,espnbet,Under,1.5,140,e6d00eedd87d367e510314bd8cab8f6f,2026-10-09T17:20:45Z
nfl,LAR,BUF,2026-10-13T00:15:00Z,Tyler Higbee,receptions,espnbet,Over,2.5,-130,e6d00eedd87d367e510314bd8cab8f6f,2026-10-09T17:20:45Z
nfl,LAR,BUF,2026-10-13T00:15:00Z,Tyler Higbee,receptions,espnbet,Under,2.5,100,e6d00eedd87d367e510314bd8cab8f6f,2026-10-09T17:20:45Z
nfl,LAR,BUF,2026-10-13T00:15:00Z,Keon Coleman,receptions,espnbet,Over,2.5,-180,e6d00eedd87d367e510314bd8cab8f6f,2026-10-09T17:20:45Z
nfl,LAR,BUF,2026-10-13T00:15:00Z,Keon Coleman,receptions,espnbet,Under,2.5,135,e6d00eedd87d367e510314bd8cab8f6f,2026-10-09T17:20:45Z
nfl,LAR,BUF,2026-10-13T00:15:00Z,Konata Mumpfield,receptions,espnbet,Over,0.5,-180,e6d00eedd87d367e510314bd8cab8f6f,2026-10-09T17:20:45Z
nfl,LAR,BUF,2026-10-13T00:15:00Z,Konata Mumpfield,receptions,espnbet,Under,0.5,135,e6d00eedd87d367e510314bd8cab8f6f,2026-10-09T17:20:45Z
nfl,LAR,BUF,2026-10-13T00:15:00Z,Dawson Knox,receptions,espnbet,Over,1.5,130,e6d00eedd87d367e510314bd8cab8f6f,2026-10-09T17:20:45Z
nfl,LAR,BUF,2026-10-13T00:15:00Z,Dawson Knox,receptions,espnbet,Under,1.5,-170,e6d00eedd87d367e510314bd8cab8f6f,2026-10-09T17:20:45Z
nfl,LAR,BUF,2026-10-13T00:15:00Z,Ty Johnson,receptions,espnbet,Over,2.5,140,e6d00eedd87d367e510314bd8cab8f6f,2026-10-09T17:20:45Z
nfl,LAR,BUF,2026-10-13T00:15:00Z,Ty Johnson,receptions,espnbet,Under,2.5,-190,e6d00eedd87d367e510314bd8cab8f6f,2026-10-09T17:20:45Z
nfl,LAR,BUF,2026-10-13T00:15:00Z,Joshua Palmer,receptions,espnbet,Over,1.5,-120,e6d00eedd87d367e510314bd8cab8f6f,2026-10-09T17:20:45Z
nfl,LAR,BUF,2026-10-13T00:15:00Z,Joshua Palmer,receptions,espnbet,Under,1.5,-110,e6d00eedd87d367e510314bd8cab8f6f,2026-10-09T17:20:45Z
nfl,LAR,BUF,2026-10-13T00:15:00Z,Jordan Whittington,receptions,espnbet,Over,0.5,-190,e6d00eedd87d367e510314bd8cab8f6f,2026-10-09T17:20:45Z
nfl,LAR,BUF,2026-10-13T00:15:00Z,Jordan Whittington,receptions,espnbet,Under,0.5,140,e6d00eedd87d367e510314bd8cab8f6f,2026-10-09T17:20:45Z
nfl,LAR,BUF,2026-10-13T00:15:00Z,James Cook,rush_att,espnbet,Over,16.5,-130,e6d00eedd87d367e510314bd8cab8f6f,2026-10-09T17:20:45Z
nfl,LAR,BUF,2026-10-13T00:15:00Z,James Cook,rush_att,espnbet,Under,16.5,100,e6d00eedd87d367e510314bd8cab8f6f,2026-10-09T17:20:45Z
nfl,LAR,BUF,2026-10-13T00:15:00Z,Kyren Williams,rush_att,espnbet,Over,14.5,-135,e6d00eedd87d367e510314bd8cab8f6f,2026-10-09T17:20:45Z
nfl,LAR,BUF,2026-10-13T00:15:00Z,Kyren Williams,rush_att,espnbet,Under,14.5,105,e6d00eedd87d367e510314bd8cab8f6f,2026-10-09T17:20:45Z
nfl,LAR,BUF,2026-10-13T00:15:00Z,Josh Allen,rush_att,espnbet,Over,6.5,-190,e6d00eedd87d367e510314bd8cab8f6f,2026-10-09T17:20:45Z
nfl,LAR,BUF,2026-10-13T00:15:00Z,Josh Allen,rush_att,espnbet,Under,6.5,140,e6d00eedd87d367e510314bd8cab8f6f,2026-10-09T17:20:45Z
nfl,LAR,BUF,2026-10-13T00:15:00Z,James Cook,rush_yds,espnbet,Over,74.5,-120,e6d00eedd87d367e510314bd8cab8f6f,2026-10-09T17:20:45Z
nfl,LAR,BUF,2026-10-13T00:15:00Z,James Cook,rush_yds,espnbet,Under,74.5,-110,e6d00eedd87d367e510314bd8cab8f6f,2026-10-09T17:20:45Z
nfl,LAR,BUF,2026-10-13T00:15:00Z,Kyren Williams,rush_yds,espnbet,Over,69.5,-125,e6d00eedd87d367e510314bd8cab8f6f,2026-10-09T17:20:45Z
nfl,LAR,BUF,2026-10-13T00:15:00Z,Kyren Williams,rush_yds,espnbet,Under,69.5,-105,e6d00eedd87d367e510314bd8cab8f6f,2026-10-09T17:20:45Z
nfl,LAR,BUF,2026-10-13T00:15:00Z,Blake Corum,rush_yds,espnbet,Over,31.5,-125,e6d00eedd87d367e510314bd8cab8f6f,2026-10-09T17:20:45Z
nfl,LAR,BUF,2026-10-13T00:15:00Z,Blake Corum,rush_yds,espnbet,Under,31.5,-105,e6d00eedd87d367e510314bd8cab8f6f,2026-10-09T17:20:45Z
nfl,LAR,BUF,2026-10-13T00:15:00Z,Josh Allen,rush_yds,espnbet,Over,36.5,-120,e6d00eedd87d367e510314bd8cab8f6f,2026-10-09T17:20:45Z
nfl,LAR,BUF,2026-10-13T00:15:00Z,Josh Allen,rush_yds,espnbet,Under,36.5,-110,e6d00eedd87d367e510314bd8cab8f6f,2026-10-09T17:20:45Z
nfl,LAR,BUF,2026-10-13T00:15:00Z,Matthew Stafford,rush_yds,espnbet,Over,0.5,105,e6d00eedd87d367e510314bd8cab8f6f,2026-10-09T17:20:45Z
nfl,LAR,BUF,2026-10-13T00:15:00Z,Matthew Stafford,rush_yds,espnbet,Under,0.5,-135,e6d00eedd87d367e510314bd8cab8f6f,2026-10-09T17:20:45Z
cfb,WASH,IOWA,2026-10-10T01:00:00Z,Kamari Moulton,anytime_td,draftkings,Yes,,105,a168f1bed30ce7d56dc2b77dbfe37705,2026-10-09T17:20:29Z
cfb,WASH,IOWA,2026-10-10T01:00:00Z,Demond Williams Jr.,anytime_td,draftkings,Yes,,120,a168f1bed30ce7d56dc2b77dbfe37705,2026-10-09T17:20:29Z
cfb,WASH,IOWA,2026-10-10T01:00:00Z,Brian Bonner Jr.,anytime_td,draftkings,Yes,,135,a168f1bed30ce7d56dc2b77dbfe37705,2026-10-09T17:20:29Z
cfb,WASH,IOWA,2026-10-10T01:00:00Z,Xavier Williams,anytime_td,draftkings,Yes,,215,a168f1bed30ce7d56dc2b77dbfe37705,2026-10-09T17:20:29Z
cfb,WASH,IOWA,2026-10-10T01:00:00Z,Dezmen Roebuck,anytime_td,draftkings,Yes,,220,a168f1bed30ce7d56dc2b77dbfe37705,2026-10-09T17:20:29Z
cfb,WASH,IOWA,2026-10-10T01:00:00Z,Tony Diaz,anytime_td,draftkings,Yes,,255,a168f1bed30ce7d56dc2b77dbfe37705,2026-10-09T17:20:29Z
cfb,WASH,IOWA,2026-10-10T01:00:00Z,Trey Cooley,anytime_td,draftkings,Yes,,260,a168f1bed30ce7d56dc2b77dbfe37705,2026-10-09T17:20:29Z
cfb,WASH,IOWA,2026-10-10T01:00:00Z,Nathan McNeil,anytime_td,draftkings,Yes,,265,a168f1bed30ce7d56dc2b77dbfe37705,2026-10-09T17:20:29Z
cfb,WASH,IOWA,2026-10-10T01:00:00Z,Jeremy Hecklinski,anytime_td,draftkings,Yes,,265,a168f1bed30ce7d56dc2b77dbfe37705,2026-10-09T17:20:29Z
cfb,WASH,IOWA,2026-10-10T01:00:00Z,Rashid Williams,anytime_td,draftkings,Yes,,300,a168f1bed30ce7d56dc2b77dbfe37705,2026-10-09T17:20:29Z
cfb,WASH,IOWA,2026-10-10T01:00:00Z,Braeden Jackson,anytime_td,draftkings,Yes,,300,a168f1bed30ce7d56dc2b77dbfe37705,2026-10-09T17:20:29Z
cfb,WASH,IOWA,2026-10-10T01:00:00Z,Chris Lawson,anytime_td,draftkings,Yes,,350,a168f1bed30ce7d56dc2b77dbfe37705,2026-10-09T17:20:29Z
cfb,WASH,IOWA,2026-10-10T01:00:00Z,Ansu Sanoe,anytime_td,draftkings,Yes,,425,a168f1bed30ce7d56dc2b77dbfe37705,2026-10-09T17:20:29Z
cfb,WASH,IOWA,2026-10-10T01:00:00Z,Baron Naone,anytime_td,draftkings,Yes,,425,a168f1bed30ce7d56dc2b77dbfe37705,2026-10-09T17:20:29Z
cfb,WASH,IOWA,2026-10-10T01:00:00Z,Reece Vander Zee,anytime_td,draftkings,Yes,,425,a168f1bed30ce7d56dc2b77dbfe37705,2026-10-09T17:20:29Z
cfb,WASH,IOWA,2026-10-10T01:00:00Z,Decker DeGraaf,anytime_td,draftkings,Yes,,500,a168f1bed30ce7d56dc2b77dbfe37705,2026-10-09T17:20:29Z
cfb,WASH,IOWA,2026-10-10T01:00:00Z,Iowa Hawkeyes D/ST,anytime_td,draftkings,Yes,,500,a168f1bed30ce7d56dc2b77dbfe37705,2026-10-09T17:20:29Z
cfb,WASH,IOWA,2026-10-10T01:00:00Z,DJ Vonnahme,anytime_td,draftkings,Yes,,550,a168f1bed30ce7d56dc2b77dbfe37705,2026-10-09T17:20:29Z
cfb,WASH,IOWA,2026-10-10T01:00:00Z,Washington Huskies D/ST,anytime_td,draftkings,Yes,,600,a168f1bed30ce7d56dc2b77dbfe37705,2026-10-09T17:20:29Z
cfb,WASH,IOWA,2026-10-10T01:00:00Z,Evan James,anytime_td,draftkings,Yes,,650,a168f1bed30ce7d56dc2b77dbfe37705,2026-10-09T17:20:29Z
cfb,WASH,IOWA,2026-10-10T01:00:00Z,Trez Davis,anytime_td,draftkings,Yes,,750,a168f1bed30ce7d56dc2b77dbfe37705,2026-10-09T17:20:29Z
cfb,WASH,IOWA,2026-10-10T01:00:00Z,Jordan Clay,anytime_td,draftkings,Yes,,800,a168f1bed30ce7d56dc2b77dbfe37705,2026-10-09T17:20:29Z
cfb,WASH,IOWA,2026-10-10T01:00:00Z,Addison Ostrenga,anytime_td,draftkings,Yes,,800,a168f1bed30ce7d56dc2b77dbfe37705,2026-10-09T17:20:29Z
cfb,WASH,IOWA,2026-10-10T01:00:00Z,Mason James,anytime_td,draftkings,Yes,,850,a168f1bed30ce7d56dc2b77dbfe37705,2026-10-09T17:20:29Z
cfb,WASH,IOWA,2026-10-10T01:00:00Z,Jarriett Buie,anytime_td,draftkings,Yes,,900,a168f1bed30ce7d56dc2b77dbfe37705,2026-10-09T17:20:29Z
cfb,WASH,IOWA,2026-10-10T01:00:00Z,Kamari Moulton,anytime_td,fanduel,Yes,,-115,a168f1bed30ce7d56dc2b77dbfe37705,2026-10-09T17:19:49Z
cfb,WASH,IOWA,2026-10-10T01:00:00Z,Brian Bonner Jr.,anytime_td,fanduel,Yes,,105,a168f1bed30ce7d56dc2b77dbfe37705,2026-10-09T17:19:49Z
cfb,WASH,IOWA,2026-10-10T01:00:00Z,Demond Williams Jr.,anytime_td,fanduel,Yes,,130,a168f1bed30ce7d56dc2b77dbfe37705,2026-10-09T17:19:49Z
cfb,WASH,IOWA,2026-10-10T01:00:00Z,Tony Diaz,anytime_td,fanduel,Yes,,260,a168f1bed30ce7d56dc2b77dbfe37705,2026-10-09T17:19:49Z
cfb,WASH,IOWA,2026-10-10T01:00:00Z,Braeden Jackson,anytime_td,fanduel,Yes,,310,a168f1bed30ce7d56dc2b77dbfe37705,2026-10-09T17:19:49Z
cfb,WASH,IOWA,2026-10-10T01:00:00Z,Dezmen Roebuck,anytime_td,fanduel,Yes,,330,a168f1bed30ce7d56dc2b77dbfe37705,2026-10-09T17:19:49Z
cfb,WASH,IOWA,2026-10-10T01:00:00Z,Jeremy Hecklinski,anytime_td,fanduel,Yes,,330,a168f1bed30ce7d56dc2b77dbfe37705,2026-10-09T17:19:49Z
cfb,WASH,IOWA,2026-10-10T01:00:00Z,Hank Brown,anytime_td,fanduel,Yes,,330,a168f1bed30ce7d56dc2b77dbfe37705,2026-10-09T17:19:49Z
cfb,WASH,IOWA,2026-10-10T01:00:00Z,Baron Naone,anytime_td,fanduel,Yes,,390,a168f1bed30ce7d56dc2b77dbfe37705,2026-10-09T17:19:49Z
cfb,WASH,IOWA,2026-10-10T01:00:00Z,Chris Lawson,anytime_td,fanduel,Yes,,420,a168f1bed30ce7d56dc2b77dbfe37705,2026-10-09T17:19:49Z
cfb,WASH,IOWA,2026-10-10T01:00:00Z,Reece Vander Zee,anytime_td,fanduel,Yes,,430,a168f1bed30ce7d56dc2b77dbfe37705,2026-10-09T17:19:49Z
cfb,WASH,IOWA,2026-10-10T01:00:00Z,L.J. Phillips Jr.,anytime_td,fanduel,Yes,,470,a168f1bed30ce7d56dc2b77dbfe37705,2026-10-09T17:19:49Z
cfb,WASH,IOWA,2026-10-10T01:00:00Z,Decker DeGraaf,anytime_td,fanduel,Yes,,490,a168f1bed30ce7d56dc2b77dbfe37705,2026-10-09T17:19:49Z
cfb,WASH,IOWA,2026-10-10T01:00:00Z,Kade Eldridge,anytime_td,fanduel,Yes,,500,a168f1bed30ce7d56dc2b77dbfe37705,2026-10-09T17:19:49Z
cfb,WASH,IOWA,2026-10-10T01:00:00Z,Trey Cooley,anytime_td,fanduel,Yes,,550,a168f1bed30ce7d56dc2b77dbfe37705,2026-10-09T17:19:49Z
cfb,WASH,IOWA,2026-10-10T01:00:00Z,Rashid Williams,anytime_td,fanduel,Yes,,550,a168f1bed30ce7d56dc2b77dbfe37705,2026-10-09T17:19:49Z
cfb,WASH,IOWA,2026-10-10T01:00:00Z,DJ Vonnahme,anytime_td,fanduel,Yes,,550,a168f1bed30ce7d56dc2b77dbfe37705,2026-10-09T17:19:49Z
cfb,WASH,IOWA,2026-10-10T01:00:00Z,Addison Ostrenga,anytime_td,fanduel,Yes,,650,a168f1bed30ce7d56dc2b77dbfe37705,2026-10-09T17:19:49Z
cfb,WASH,IOWA,2026-10-10T01:00:00Z,Washington Huskies Defense,anytime_td,fanduel,Yes,,800,a168f1bed30ce7d56dc2b77dbfe37705,2026-10-09T17:19:49Z
cfb,WASH,IOWA,2026-10-10T01:00:00Z,Jordan Clay,anytime_td,fanduel,Yes,,800,a168f1bed30ce7d56dc2b77dbfe37705,2026-10-09T17:19:49Z
cfb,WASH,IOWA,2026-10-10T01:00:00Z,Iowa Hawkeyes Defense,anytime_td,fanduel,Yes,,1000,a168f1bed30ce7d56dc2b77dbfe37705,2026-10-09T17:19:49Z
cfb,WASH,IOWA,2026-10-10T01:00:00Z,Jarriett Buie,anytime_td,fanduel,Yes,,1000,a168f1bed30ce7d56dc2b77dbfe37705,2026-10-09T17:19:49Z
cfb,WASH,IOWA,2026-10-10T01:00:00Z,Demond Williams Jr.,pass_td,fanduel,Over,0.5,-260,a168f1bed30ce7d56dc2b77dbfe37705,2026-10-09T17:19:49Z
cfb,WASH,IOWA,2026-10-10T01:00:00Z,Demond Williams Jr.,pass_td,fanduel,Under,0.5,188,a168f1bed30ce7d56dc2b77dbfe37705,2026-10-09T17:19:49Z
cfb,WASH,IOWA,2026-10-10T01:00:00Z,Demond Williams Jr.,pass_yds,fanduel,Over,231.5,-114,a168f1bed30ce7d56dc2b77dbfe37705,2026-10-09T17:19:49Z
cfb,WASH,IOWA,2026-10-10T01:00:00Z,Demond Williams Jr.,pass_yds,fanduel,Under,231.5,-114,a168f1bed30ce7d56dc2b77dbfe37705,2026-10-09T17:19:49Z
cfb,WASH,IOWA,2026-10-10T01:00:00Z,Chris Lawson,rec_yds,fanduel,Over,49.5,-114,a168f1bed30ce7d56dc2b77dbfe37705,2026-10-09T17:19:49Z
cfb,WASH,IOWA,2026-10-10T01:00:00Z,Chris Lawson,rec_yds,fanduel,Under,49.5,-114,a168f1bed30ce7d56dc2b77dbfe37705,2026-10-09T17:19:49Z
cfb,WASH,IOWA,2026-10-10T01:00:00Z,Dezmen Roebuck,rec_yds,fanduel,Over,57.5,-114,a168f1bed30ce7d56dc2b77dbfe37705,2026-10-09T17:19:49Z
cfb,WASH,IOWA,2026-10-10T01:00:00Z,Dezmen Roebuck,rec_yds,fanduel,Under,57.5,-114,a168f1bed30ce7d56dc2b77dbfe37705,2026-10-09T17:19:49Z
cfb,WASH,IOWA,2026-10-10T01:00:00Z,Baron Naone,rec_yds,fanduel,Over,29.5,-118,a168f1bed30ce7d56dc2b77dbfe37705,2026-10-09T17:19:49Z
cfb,WASH,IOWA,2026-10-10T01:00:00Z,Baron Naone,rec_yds,fanduel,Under,29.5,-112,a168f1bed30ce7d56dc2b77dbfe37705,2026-10-09T17:19:49Z
cfb,WASH,IOWA,2026-10-10T01:00:00Z,Tony Diaz,rec_yds,fanduel,Over,54.5,-114,a168f1bed30ce7d56dc2b77dbfe37705,2026-10-09T17:19:49Z
cfb,WASH,IOWA,2026-10-10T01:00:00Z,Tony Diaz,rec_yds,fanduel,Under,54.5,-114,a168f1bed30ce7d56dc2b77dbfe37705,2026-10-09T17:19:49Z
cfb,WASH,IOWA,2026-10-10T01:00:00Z,Decker DeGraaf,rec_yds,fanduel,Over,20.5,-118,a168f1bed30ce7d56dc2b77dbfe37705,2026-10-09T17:19:49Z
cfb,WASH,IOWA,2026-10-10T01:00:00Z,Decker DeGraaf,rec_yds,fanduel,Under,20.5,-112,a168f1bed30ce7d56dc2b77dbfe37705,2026-10-09T17:19:49Z
cfb,WASH,IOWA,2026-10-10T01:00:00Z,Reece Vander Zee,rec_yds,fanduel,Over,21.5,-114,a168f1bed30ce7d56dc2b77dbfe37705,2026-10-09T17:19:49Z
cfb,WASH,IOWA,2026-10-10T01:00:00Z,Reece Vander Zee,rec_yds,fanduel,Under,21.5,-114,a168f1bed30ce7d56dc2b77dbfe37705,2026-10-09T17:19:49Z
cfb,WASH,IOWA,2026-10-10T01:00:00Z,DJ Vonnahme,rec_yds,fanduel,Over,38.5,-114,a168f1bed30ce7d56dc2b77dbfe37705,2026-10-09T17:19:49Z
cfb,WASH,IOWA,2026-10-10T01:00:00Z,DJ Vonnahme,rec_yds,fanduel,Under,38.5,-114,a168f1bed30ce7d56dc2b77dbfe37705,2026-10-09T17:19:49Z
cfb,WASH,IOWA,2026-10-10T01:00:00Z,Dezmen Roebuck,receptions,fanduel,Over,5.5,-172,a168f1bed30ce7d56dc2b77dbfe37705,2026-10-09T17:19:49Z
cfb,WASH,IOWA,2026-10-10T01:00:00Z,Dezmen Roebuck,receptions,fanduel,Under,5.5,128,a168f1bed30ce7d56dc2b77dbfe37705,2026-10-09T17:19:49Z
cfb,WASH,IOWA,2026-10-10T01:00:00Z,Tony Diaz,receptions,fanduel,Over,5.5,144,a168f1bed30ce7d56dc2b77dbfe37705,2026-10-09T17:19:49Z
cfb,WASH,IOWA,2026-10-10T01:00:00Z,Tony Diaz,receptions,fanduel,Under,5.5,-194,a168f1bed30ce7d56dc2b77dbfe37705,2026-10-09T17:19:49Z
cfb,WASH,IOWA,2026-10-10T01:00:00Z,Reece Vander Zee,receptions,fanduel,Over,2.5,144,a168f1bed30ce7d56dc2b77dbfe37705,2026-10-09T17:19:49Z
cfb,WASH,IOWA,2026-10-10T01:00:00Z,Reece Vander Zee,receptions,fanduel,Under,2.5,-194,a168f1bed30ce7d56dc2b77dbfe37705,2026-10-09T17:19:49Z
cfb,WASH,IOWA,2026-10-10T01:00:00Z,Chris Lawson,receptions,fanduel,Over,3.5,-136,a168f1bed30ce7d56dc2b77dbfe37705,2026-10-09T17:19:49Z
cfb,WASH,IOWA,2026-10-10T01:00:00Z,Chris Lawson,receptions,fanduel,Under,3.5,102,a168f1bed30ce7d56dc2b77dbfe37705,2026-10-09T17:19:49Z
cfb,WASH,IOWA,2026-10-10T01:00:00Z,DJ Vonnahme,receptions,fanduel,Over,3.5,-102,a168f1bed30ce7d56dc2b77dbfe37705,2026-10-09T17:19:49Z
cfb,WASH,IOWA,2026-10-10T01:00:00Z,DJ Vonnahme,receptions,fanduel,Under,3.5,-130,a168f1bed30ce7d56dc2b77dbfe37705,2026-10-09T17:19:49Z
cfb,WASH,IOWA,2026-10-10T01:00:00Z,Decker DeGraaf,receptions,fanduel,Over,2.5,124,a168f1bed30ce7d56dc2b77dbfe37705,2026-10-09T17:19:49Z
cfb,WASH,IOWA,2026-10-10T01:00:00Z,Decker DeGraaf,receptions,fanduel,Under,2.5,-166,a168f1bed30ce7d56dc2b77dbfe37705,2026-10-09T17:19:49Z
cfb,WASH,IOWA,2026-10-10T01:00:00Z,Baron Naone,receptions,fanduel,Over,2.5,106,a168f1bed30ce7d56dc2b77dbfe37705,2026-10-09T17:19:49Z
cfb,WASH,IOWA,2026-10-10T01:00:00Z,Baron Naone,receptions,fanduel,Under,2.5,-140,a168f1bed30ce7d56dc2b77dbfe37705,2026-10-09T17:19:49Z
cfb,WASH,IOWA,2026-10-10T01:00:00Z,Kamari Moulton,rush_yds,fanduel,Over,69.5,-114,a168f1bed30ce7d56dc2b77dbfe37705,2026-10-09T17:19:49Z
cfb,WASH,IOWA,2026-10-10T01:00:00Z,Kamari Moulton,rush_yds,fanduel,Under,69.5,-114,a168f1bed30ce7d56dc2b77dbfe37705,2026-10-09T17:19:49Z
cfb,WASH,IOWA,2026-10-10T01:00:00Z,Brian Bonner Jr.,rush_yds,fanduel,Over,59.5,-118,a168f1bed30ce7d56dc2b77dbfe37705,2026-10-09T17:19:49Z
cfb,WASH,IOWA,2026-10-10T01:00:00Z,Brian Bonner Jr.,rush_yds,fanduel,Under,59.5,-112,a168f1bed30ce7d56dc2b77dbfe37705,2026-10-09T17:19:49Z
cfb,WASH,IOWA,2026-10-10T01:00:00Z,Demond Williams Jr.,rush_yds,fanduel,Over,24.5,-118,a168f1bed30ce7d56dc2b77dbfe37705,2026-10-09T17:19:49Z
cfb,WASH,IOWA,2026-10-10T01:00:00Z,Demond Williams Jr.,rush_yds,fanduel,Under,24.5,-114,a168f1bed30ce7d56dc2b77dbfe37705,2026-10-09T17:19:49Z
cfb,WASH,IOWA,2026-10-10T01:00:00Z,Demond Williams Jr.,anytime_td,betmgm,Yes,,100,a168f1bed30ce7d56dc2b77dbfe37705,2026-10-09T17:19:42Z
cfb,WASH,IOWA,2026-10-10T01:00:00Z,Brian Bonner Jr.,anytime_td,betmgm,Yes,,100,a168f1bed30ce7d56dc2b77dbfe37705,2026-10-09T17:19:42Z
cfb,WASH,IOWA,2026-10-10T01:00:00Z,Baron Naone,anytime_td,betmgm,Yes,,360,a168f1bed30ce7d56dc2b77dbfe37705,2026-10-09T17:19:42Z
cfb,WASH,IOWA,2026-10-10T01:00:00Z,Decker DeGraaf,anytime_td,betmgm,Yes,,375,a168f1bed30ce7d56dc2b77dbfe37705,2026-10-09T17:19:42Z
cfb,WASH,IOWA,2026-10-10T01:00:00Z,Chris Lawson,anytime_td,betmgm,Yes,,240,a168f1bed30ce7d56dc2b77dbfe37705,2026-10-09T17:19:42Z
cfb,WASH,IOWA,2026-10-10T01:00:00Z,Dezmen Roebuck,anytime_td,betmgm,Yes,,155,a168f1bed30ce7d56dc2b77dbfe37705,2026-10-09T17:19:42Z
cfb,WASH,IOWA,2026-10-10T01:00:00Z,DJ Vonnahme,anytime_td,betmgm,Yes,,240,a168f1bed30ce7d56dc2b77dbfe37705,2026-10-09T17:19:42Z
cfb,WASH,IOWA,2026-10-10T01:00:00Z,Kamari Moulton,anytime_td,betmgm,Yes,,-120,a168f1bed30ce7d56dc2b77dbfe37705,2026-10-09T17:19:42Z
cfb,WASH,IOWA,2026-10-10T01:00:00Z,Reece Vander Zee,anytime_td,betmgm,Yes,,300,a168f1bed30ce7d56dc2b77dbfe37705,2026-10-09T17:19:42Z
cfb,WASH,IOWA,2026-10-10T01:00:00Z,Tony Diaz,anytime_td,betmgm,Yes,,165,a168f1bed30ce7d56dc2b77dbfe37705,2026-10-09T17:19:42Z
cfb,WASH,IOWA,2026-10-10T01:00:00Z,Demond Williams Jr.,pass_td,espnbet,Over,1.5,160,a168f1bed30ce7d56dc2b77dbfe37705,2026-10-09T17:20:39Z
cfb,WASH,IOWA,2026-10-10T01:00:00Z,Demond Williams Jr.,pass_td,espnbet,Under,1.5,-220,a168f1bed30ce7d56dc2b77dbfe37705,2026-10-09T17:20:39Z
cfb,WASH,IOWA,2026-10-10T01:00:00Z,Demond Williams Jr.,pass_yds,espnbet,Over,229.5,-120,a168f1bed30ce7d56dc2b77dbfe37705,2026-10-09T17:20:39Z
cfb,WASH,IOWA,2026-10-10T01:00:00Z,Demond Williams Jr.,pass_yds,espnbet,Under,229.5,-110,a168f1bed30ce7d56dc2b77dbfe37705,2026-10-09T17:20:39Z
cfb,WASH,IOWA,2026-10-10T01:00:00Z,Dezmen Roebuck,rec_yds,espnbet,Over,58.5,100,a168f1bed30ce7d56dc2b77dbfe37705,2026-10-09T17:20:39Z
cfb,WASH,IOWA,2026-10-10T01:00:00Z,Dezmen Roebuck,rec_yds,espnbet,Under,58.5,-130,a168f1bed30ce7d56dc2b77dbfe37705,2026-10-09T17:20:39Z
cfb,WASH,IOWA,2026-10-10T01:00:00Z,Chris Lawson,rec_yds,espnbet,Over,55.5,-115,a168f1bed30ce7d56dc2b77dbfe37705,2026-10-09T17:20:39Z
cfb,WASH,IOWA,2026-10-10T01:00:00Z,Chris Lawson,rec_yds,espnbet,Under,55.5,-115,a168f1bed30ce7d56dc2b77dbfe37705,2026-10-09T17:20:39Z
cfb,WASH,IOWA,2026-10-10T01:00:00Z,Tony Diaz,rec_yds,espnbet,Over,49.5,-115,a168f1bed30ce7d56dc2b77dbfe37705,2026-10-09T17:20:39Z
cfb,WASH,IOWA,2026-10-10T01:00:00Z,Tony Diaz,rec_yds,espnbet,Under,49.5,-115,a168f1bed30ce7d56dc2b77dbfe37705,2026-10-09T17:20:39Z
cfb,WASH,IOWA,2026-10-10T01:00:00Z,Baron Naone,rec_yds,espnbet,Over,29.5,-125,a168f1bed30ce7d56dc2b77dbfe37705,2026-10-09T17:20:39Z
cfb,WASH,IOWA,2026-10-10T01:00:00Z,Baron Naone,rec_yds,espnbet,Under,29.5,-105,a168f1bed30ce7d56dc2b77dbfe37705,2026-10-09T17:20:39Z
cfb,WASH,IOWA,2026-10-10T01:00:00Z,Reece Vander Zee,rec_yds,espnbet,Over,24.5,-115,a168f1bed30ce7d56dc2b77dbfe37705,2026-10-09T17:20:39Z
cfb,WASH,IOWA,2026-10-10T01:00:00Z,Reece Vander Zee,rec_yds,espnbet,Under,24.5,-115,a168f1bed30ce7d56dc2b77dbfe37705,2026-10-09T17:20:39Z
cfb,WASH,IOWA,2026-10-10T01:00:00Z,DJ Vonnahme,rec_yds,espnbet,Over,34.5,-105,a168f1bed30ce7d56dc2b77dbfe37705,2026-10-09T17:20:39Z
cfb,WASH,IOWA,2026-10-10T01:00:00Z,DJ Vonnahme,rec_yds,espnbet,Under,34.5,-125,a168f1bed30ce7d56dc2b77dbfe37705,2026-10-09T17:20:39Z
cfb,WASH,IOWA,2026-10-10T01:00:00Z,Decker DeGraaf,rec_yds,espnbet,Over,19.5,-115,a168f1bed30ce7d56dc2b77dbfe37705,2026-10-09T17:20:39Z
cfb,WASH,IOWA,2026-10-10T01:00:00Z,Decker DeGraaf,rec_yds,espnbet,Under,19.5,-115,a168f1bed30ce7d56dc2b77dbfe37705,2026-10-09T17:20:39Z
cfb,WASH,IOWA,2026-10-10T01:00:00Z,Evan James,rec_yds,espnbet,Over,14.5,-120,a168f1bed30ce7d56dc2b77dbfe37705,2026-10-09T17:20:39Z
cfb,WASH,IOWA,2026-10-10T01:00:00Z,Evan James,rec_yds,espnbet,Under,14.5,-110,a168f1bed30ce7d56dc2b77dbfe37705,2026-10-09T17:20:39Z
cfb,WASH,IOWA,2026-10-10T01:00:00Z,Dezmen Roebuck,receptions,espnbet,Over,6.5,110,a168f1bed30ce7d56dc2b77dbfe37705,2026-10-09T17:20:39Z
cfb,WASH,IOWA,2026-10-10T01:00:00Z,Dezmen Roebuck,receptions,espnbet,Under,6.5,-140,a168f1bed30ce7d56dc2b77dbfe37705,2026-10-09T17:20:39Z
cfb,WASH,IOWA,2026-10-10T01:00:00Z,Chris Lawson,receptions,espnbet,Over,4.5,125,a168f1bed30ce7d56dc2b77dbfe37705,2026-10-09T17:20:39Z
cfb,WASH,IOWA,2026-10-10T01:00:00Z,Chris Lawson,receptions,espnbet,Under,4.5,-160,a168f1bed30ce7d56dc2b77dbfe37705,2026-10-09T17:20:39Z
cfb,WASH,IOWA,2026-10-10T01:00:00Z,Tony Diaz,receptions,espnbet,Over,4.5,-115,a168f1bed30ce7d56dc2b77dbfe37705,2026-10-09T17:20:39Z
cfb,WASH,IOWA,2026-10-10T01:00:00Z,Tony Diaz,receptions,espnbet,Under,4.5,-115,a168f1bed30ce7d56dc2b77dbfe37705,2026-10-09T17:20:39Z
cfb,WASH,IOWA,2026-10-10T01:00:00Z,DJ Vonnahme,receptions,espnbet,Over,3.5,105,a168f1bed30ce7d56dc2b77dbfe37705,2026-10-09T17:20:39Z
cfb,WASH,IOWA,2026-10-10T01:00:00Z,DJ Vonnahme,receptions,espnbet,Under,3.5,-135,a168f1bed30ce7d56dc2b77dbfe37705,2026-10-09T17:20:39Z
cfb,WASH,IOWA,2026-10-10T01:00:00Z,Baron Naone,receptions,espnbet,Over,2.5,-105,a168f1bed30ce7d56dc2b77dbfe37705,2026-10-09T17:20:39Z
cfb,WASH,IOWA,2026-10-10T01:00:00Z,Baron Naone,receptions,espnbet,Under,2.5,-125,a168f1bed30ce7d56dc2b77dbfe37705,2026-10-09T17:20:39Z
cfb,WASH,IOWA,2026-10-10T01:00:00Z,Reece Vander Zee,receptions,espnbet,Over,2.5,135,a168f1bed30ce7d56dc2b77dbfe37705,2026-10-09T17:20:39Z
cfb,WASH,IOWA,2026-10-10T01:00:00Z,Reece Vander Zee,receptions,espnbet,Under,2.5,-180,a168f1bed30ce7d56dc2b77dbfe37705,2026-10-09T17:20:39Z
cfb,WASH,IOWA,2026-10-10T01:00:00Z,Decker DeGraaf,receptions,espnbet,Over,2.5,130,a168f1bed30ce7d56dc2b77dbfe37705,2026-10-09T17:20:39Z
cfb,WASH,IOWA,2026-10-10T01:00:00Z,Decker DeGraaf,receptions,espnbet,Under,2.5,-170,a168f1bed30ce7d56dc2b77dbfe37705,2026-10-09T17:20:39Z
cfb,WASH,IOWA,2026-10-10T01:00:00Z,Evan James,receptions,espnbet,Over,1.5,100,a168f1bed30ce7d56dc2b77dbfe37705,2026-10-09T17:20:39Z
cfb,WASH,IOWA,2026-10-10T01:00:00Z,Evan James,receptions,espnbet,Under,1.5,-130,a168f1bed30ce7d56dc2b77dbfe37705,2026-10-09T17:20:39Z
cfb,WASH,IOWA,2026-10-10T01:00:00Z,Demond Williams Jr.,rush_yds,espnbet,Over,24.5,-125,a168f1bed30ce7d56dc2b77dbfe37705,2026-10-09T17:20:39Z
cfb,WASH,IOWA,2026-10-10T01:00:00Z,Demond Williams Jr.,rush_yds,espnbet,Under,24.5,-105,a168f1bed30ce7d56dc2b77dbfe37705,2026-10-09T17:20:39Z
cfb,WASH,IOWA,2026-10-10T01:00:00Z,Kamari Moulton,rush_yds,espnbet,Over,74.5,-115,a168f1bed30ce7d56dc2b77dbfe37705,2026-10-09T17:20:39Z
cfb,WASH,IOWA,2026-10-10T01:00:00Z,Kamari Moulton,rush_yds,espnbet,Under,74.5,-115,a168f1bed30ce7d56dc2b77dbfe37705,2026-10-09T17:20:39Z
cfb,WASH,IOWA,2026-10-10T01:00:00Z,Brian Bonner Jr.,rush_yds,espnbet,Over,59.5,-105,a168f1bed30ce7d56dc2b77dbfe37705,2026-10-09T17:20:39Z
cfb,WASH,IOWA,2026-10-10T01:00:00Z,Brian Bonner Jr.,rush_yds,espnbet,Under,59.5,-125,a168f1bed30ce7d56dc2b77dbfe37705,2026-10-09T17:20:39Z
cfb,USU,WSU,2026-10-10T01:00:00Z,Javen Jacobs,anytime_td,fanduel,Yes,,-160,2ec27bbe3b14c521ba8a3f3f6e46f4ac,2026-10-09T17:19:53Z
cfb,USU,WSU,2026-10-10T01:00:00Z,Grady Brosterhous,anytime_td,fanduel,Yes,,110,2ec27bbe3b14c521ba8a3f3f6e46f4ac,2026-10-09T17:19:53Z
cfb,USU,WSU,2026-10-10T01:00:00Z,Caden Pinnick,anytime_td,fanduel,Yes,,120,2ec27bbe3b14c521ba8a3f3f6e46f4ac,2026-10-09T17:19:53Z
cfb,USU,WSU,2026-10-10T01:00:00Z,Eli Wood,anytime_td,fanduel,Yes,,130,2ec27bbe3b14c521ba8a3f3f6e46f4ac,2026-10-09T17:19:53Z
cfb,USU,WSU,2026-10-10T01:00:00Z,Kirby Vorhees,anytime_td,fanduel,Yes,,145,2ec27bbe3b14c521ba8a3f3f6e46f4ac,2026-10-09T17:19:53Z
cfb,USU,WSU,2026-10-10T01:00:00Z,Javon Robinson,anytime_td,fanduel,Yes,,220,2ec27bbe3b14c521ba8a3f3f6e46f4ac,2026-10-09T17:19:53Z
cfb,USU,WSU,2026-10-10T01:00:00Z,Branden Ganashamoorthy,anytime_td,fanduel,Yes,,260,2ec27bbe3b14c521ba8a3f3f6e46f4ac,2026-10-09T17:19:53Z
cfb,USU,WSU,2026-10-10T01:00:00Z,Maxwell Woods,anytime_td,fanduel,Yes,,280,2ec27bbe3b14c521ba8a3f3f6e46f4ac,2026-10-09T17:19:53Z
cfb,USU,WSU,2026-10-10T01:00:00Z,Darrius Clemons,anytime_td,fanduel,Yes,,420,2ec27bbe3b14c521ba8a3f3f6e46f4ac,2026-10-09T17:19:53Z
cfb,USU,WSU,2026-10-10T01:00:00Z,Daniel Blood,anytime_td,fanduel,Yes,,420,2ec27bbe3b14c521ba8a3f3f6e46f4ac,2026-10-09T17:19:53Z
cfb,USU,WSU,2026-10-10T01:00:00Z,Nikko Boncore,anytime_td,fanduel,Yes,,450,2ec27bbe3b14c521ba8a3f3f6e46f4ac,2026-10-09T17:19:53Z
cfb,USU,WSU,2026-10-10T01:00:00Z,Demick Starling,anytime_td,fanduel,Yes,,460,2ec27bbe3b14c521ba8a3f3f6e46f4ac,2026-10-09T17:19:53Z
cfb,USU,WSU,2026-10-10T01:00:00Z,Jack Pedersen,anytime_td,fanduel,Yes,,500,2ec27bbe3b14c521ba8a3f3f6e46f4ac,2026-10-09T17:19:53Z
cfb,USU,WSU,2026-10-10T01:00:00Z,Anthony Garcia,anytime_td,fanduel,Yes,,650,2ec27bbe3b14c521ba8a3f3f6e46f4ac,2026-10-09T17:19:53Z
cfb,USU,WSU,2026-10-10T01:00:00Z,Utah State Aggies Defense,anytime_td,fanduel,Yes,,700,2ec27bbe3b14c521ba8a3f3f6e46f4ac,2026-10-09T17:19:53Z
cfb,USU,WSU,2026-10-10T01:00:00Z,Washington State Cougars Defense,anytime_td,fanduel,Yes,,850,2ec27bbe3b14c521ba8a3f3f6e46f4ac,2026-10-09T17:19:53Z
cfb,USU,WSU,2026-10-10T01:00:00Z,Tank Hawkins,anytime_td,fanduel,Yes,,950,2ec27bbe3b14c521ba8a3f3f6e46f4ac,2026-10-09T17:19:53Z
cfb,USU,WSU,2026-10-10T01:00:00Z,Kache Kaio,anytime_td,fanduel,Yes,,1000,2ec27bbe3b14c521ba8a3f3f6e46f4ac,2026-10-09T17:19:53Z
cfb,USU,WSU,2026-10-10T01:00:00Z,Caden Pinnick,pass_td,fanduel,Over,0.5,-210,2ec27bbe3b14c521ba8a3f3f6e46f4ac,2026-10-09T17:19:53Z
cfb,USU,WSU,2026-10-10T01:00:00Z,Caden Pinnick,pass_td,fanduel,Under,0.5,154,2ec27bbe3b14c521ba8a3f3f6e46f4ac,2026-10-09T17:19:53Z
cfb,USU,WSU,2026-10-10T01:00:00Z,Grady Brosterhous,pass_td,fanduel,Over,1.5,100,2ec27bbe3b14c521ba8a3f3f6e46f4ac,2026-10-09T17:19:53Z
cfb,USU,WSU,2026-10-10T01:00:00Z,Grady Brosterhous,pass_td,fanduel,Under,1.5,-132,2ec27bbe3b14c521ba8a3f3f6e46f4ac,2026-10-09T17:19:53Z
cfb,USU,WSU,2026-10-10T01:00:00Z,Caden Pinnick,pass_yds,fanduel,Over,165.5,-114,2ec27bbe3b14c521ba8a3f3f6e46f4ac,2026-10-09T17:19:53Z
cfb,USU,WSU,2026-10-10T01:00:00Z,Caden Pinnick,pass_yds,fanduel,Under,165.5,-114,2ec27bbe3b14c521ba8a3f3f6e46f4ac,2026-10-09T17:19:53Z
cfb,USU,WSU,2026-10-10T01:00:00Z,Grady Brosterhous,pass_yds,fanduel,Over,186.5,-114,2ec27bbe3b14c521ba8a3f3f6e46f4ac,2026-10-09T17:19:53Z
cfb,USU,WSU,2026-10-10T01:00:00Z,Grady Brosterhous,pass_yds,fanduel,Under,186.5,-114,2ec27bbe3b14c521ba8a3f3f6e46f4ac,2026-10-09T17:19:53Z
cfb,USU,WSU,2026-10-10T01:00:00Z,Darrius Clemons,rec_yds,fanduel,Over,32.5,-114,2ec27bbe3b14c521ba8a3f3f6e46f4ac,2026-10-09T17:19:53Z
cfb,USU,WSU,2026-10-10T01:00:00Z,Darrius Clemons,rec_yds,fanduel,Under,32.5,-114,2ec27bbe3b14c521ba8a3f3f6e46f4ac,2026-10-09T17:19:53Z
cfb,USU,WSU,2026-10-10T01:00:00Z,Branden Ganashamoorthy,rec_yds,fanduel,Over,40.5,-114,2ec27bbe3b14c521ba8a3f3f6e46f4ac,2026-10-09T17:19:53Z
cfb,USU,WSU,2026-10-10T01:00:00Z,Branden Ganashamoorthy,rec_yds,fanduel,Under,40.5,-114,2ec27bbe3b14c521ba8a3f3f6e46f4ac,2026-10-09T17:19:53Z
cfb,USU,WSU,2026-10-10T01:00:00Z,Javon Robinson,rec_yds,fanduel,Over,33.5,-114,2ec27bbe3b14c521ba8a3f3f6e46f4ac,2026-10-09T17:19:53Z
cfb,USU,WSU,2026-10-10T01:00:00Z,Javon Robinson,rec_yds,fanduel,Under,33.5,-114,2ec27bbe3b14c521ba8a3f3f6e46f4ac,2026-10-09T17:19:53Z
cfb,USU,WSU,2026-10-10T01:00:00Z,Daniel Blood,rec_yds,fanduel,Over,30.5,-114,2ec27bbe3b14c521ba8a3f3f6e46f4ac,2026-10-09T17:19:53Z
cfb,USU,WSU,2026-10-10T01:00:00Z,Daniel Blood,rec_yds,fanduel,Under,30.5,-114,2ec27bbe3b14c521ba8a3f3f6e46f4ac,2026-10-09T17:19:53Z
cfb,USU,WSU,2026-10-10T01:00:00Z,Eli Wood,rec_yds,fanduel,Over,68.5,-114,2ec27bbe3b14c521ba8a3f3f6e46f4ac,2026-10-09T17:19:53Z
cfb,USU,WSU,2026-10-10T01:00:00Z,Eli Wood,rec_yds,fanduel,Under,68.5,-114,2ec27bbe3b14c521ba8a3f3f6e46f4ac,2026-10-09T17:19:53Z
cfb,USU,WSU,2026-10-10T01:00:00Z,Eli Wood,receptions,fanduel,Over,5.5,102,2ec27bbe3b14c521ba8a3f3f6e46f4ac,2026-10-09T17:19:53Z
cfb,USU,WSU,2026-10-10T01:00:00Z,Eli Wood,receptions,fanduel,Under,5.5,-136,2ec27bbe3b14c521ba8a3f3f6e46f4ac,2026-10-09T17:19:53Z
cfb,USU,WSU,2026-10-10T01:00:00Z,Kirby Vorhees,rush_yds,fanduel,Over,32.5,-114,2ec27bbe3b14c521ba8a3f3f6e46f4ac,2026-10-09T17:19:53Z
cfb,USU,WSU,2026-10-10T01:00:00Z,Kirby Vorhees,rush_yds,fanduel,Under,32.5,-114,2ec27bbe3b14c521ba8a3f3f6e46f4ac,2026-10-09T17:19:53Z
cfb,USU,WSU,2026-10-10T01:00:00Z,Grady Brosterhous,rush_yds,fanduel,Over,38.5,-114,2ec27bbe3b14c521ba8a3f3f6e46f4ac,2026-10-09T17:19:53Z
cfb,USU,WSU,2026-10-10T01:00:00Z,Grady Brosterhous,rush_yds,fanduel,Under,38.5,-114,2ec27bbe3b14c521ba8a3f3f6e46f4ac,2026-10-09T17:19:53Z
cfb,USU,WSU,2026-10-10T01:00:00Z,Javen Jacobs,rush_yds,fanduel,Under,55.5,-118,2ec27bbe3b14c521ba8a3f3f6e46f4ac,2026-10-09T17:19:53Z
cfb,USU,WSU,2026-10-10T01:00:00Z,Javen Jacobs,rush_yds,fanduel,Over,55.5,-112,2ec27bbe3b14c521ba8a3f3f6e46f4ac,2026-10-09T17:19:53Z
cfb,USU,WSU,2026-10-10T01:00:00Z,Caden Pinnick,rush_yds,fanduel,Over,40.5,-114,2ec27bbe3b14c521ba8a3f3f6e46f4ac,2026-10-09T17:19:53Z
cfb,USU,WSU,2026-10-10T01:00:00Z,Caden Pinnick,rush_yds,fanduel,Under,40.5,-114,2ec27bbe3b14c521ba8a3f3f6e46f4ac,2026-10-09T17:19:53Z
cfb,USU,WSU,2026-10-10T01:00:00Z,Javen Jacobs,anytime_td,draftkings,Yes,,-175,2ec27bbe3b14c521ba8a3f3f6e46f4ac,2026-10-09T17:19:44Z
cfb,USU,WSU,2026-10-10T01:00:00Z,Grady Brosterhous,anytime_td,draftkings,Yes,,110,2ec27bbe3b14c521ba8a3f3f6e46f4ac,2026-10-09T17:19:44Z
cfb,USU,WSU,2026-10-10T01:00:00Z,Caden Pinnick,anytime_td,draftkings,Yes,,115,2ec27bbe3b14c521ba8a3f3f6e46f4ac,2026-10-09T17:19:44Z
cfb,USU,WSU,2026-10-10T01:00:00Z,Eli Wood,anytime_td,draftkings,Yes,,125,2ec27bbe3b14c521ba8a3f3f6e46f4ac,2026-10-09T17:19:44Z
cfb,USU,WSU,2026-10-10T01:00:00Z,Kirby Vorhees,anytime_td,draftkings,Yes,,165,2ec27bbe3b14c521ba8a3f3f6e46f4ac,2026-10-09T17:19:44Z
cfb,USU,WSU,2026-10-10T01:00:00Z,Branden Ganashamoorthy,anytime_td,draftkings,Yes,,200,2ec27bbe3b14c521ba8a3f3f6e46f4ac,2026-10-09T17:19:44Z
cfb,USU,WSU,2026-10-10T01:00:00Z,Javon Robinson,anytime_td,draftkings,Yes,,215,2ec27bbe3b14c521ba8a3f3f6e46f4ac,2026-10-09T17:19:44Z
cfb,USU,WSU,2026-10-10T01:00:00Z,Maxwell Woods,anytime_td,draftkings,Yes,,265,2ec27bbe3b14c521ba8a3f3f6e46f4ac,2026-10-09T17:19:44Z
cfb,USU,WSU,2026-10-10T01:00:00Z,Darrius Clemons,anytime_td,draftkings,Yes,,340,2ec27bbe3b14c521ba8a3f3f6e46f4ac,2026-10-09T17:19:44Z
cfb,USU,WSU,2026-10-10T01:00:00Z,Daniel Blood,anytime_td,draftkings,Yes,,340,2ec27bbe3b14c521ba8a3f3f6e46f4ac,2026-10-09T17:19:44Z
cfb,USU,WSU,2026-10-10T01:00:00Z,Jack Pedersen,anytime_td,draftkings,Yes,,360,2ec27bbe3b14c521ba8a3f3f6e46f4ac,2026-10-09T17:19:44Z
cfb,USU,WSU,2026-10-10T01:00:00Z,Utah State Aggies D/ST,anytime_td,draftkings,Yes,,390,2ec27bbe3b14c521ba8a3f3f6e46f4ac,2026-10-09T17:19:44Z
cfb,USU,WSU,2026-10-10T01:00:00Z,Noah White,anytime_td,draftkings,Yes,,425,2ec27bbe3b14c521ba8a3f3f6e46f4ac,2026-10-09T17:19:44Z
cfb,USU,WSU,2026-10-10T01:00:00Z,Washington State Cougars D/ST,anytime_td,draftkings,Yes,,425,2ec27bbe3b14c521ba8a3f3f6e46f4ac,2026-10-09T17:19:44Z
cfb,USU,WSU,2026-10-10T01:00:00Z,Demick Starling,anytime_td,draftkings,Yes,,450,2ec27bbe3b14c521ba8a3f3f6e46f4ac,2026-10-09T17:19:44Z
cfb,USU,WSU,2026-10-10T01:00:00Z,Anthony Garcia,anytime_td,draftkings,Yes,,500,2ec27bbe3b14c521ba8a3f3f6e46f4ac,2026-10-09T17:19:44Z
cfb,USU,WSU,2026-10-10T01:00:00Z,Nikko Boncore,anytime_td,draftkings,Yes,,500,2ec27bbe3b14c521ba8a3f3f6e46f4ac,2026-10-09T17:19:44Z
cfb,USU,WSU,2026-10-10T01:00:00Z,Kache Kaio,anytime_td,draftkings,Yes,,550,2ec27bbe3b14c521ba8a3f3f6e46f4ac,2026-10-09T17:19:44Z
cfb,USU,WSU,2026-10-10T01:00:00Z,Tank Hawkins,anytime_td,draftkings,Yes,,600,2ec27bbe3b14c521ba8a3f3f6e46f4ac,2026-10-09T17:19:44Z
cfb,USU,WSU,2026-10-10T01:00:00Z,Leo Pulalasi,anytime_td,draftkings,Yes,,600,2ec27bbe3b14c521ba8a3f3f6e46f4ac,2026-10-09T17:19:44Z
cfb,USU,WSU,2026-10-10T01:00:00Z,Collin Remenowsky,anytime_td,draftkings,Yes,,700,2ec27bbe3b14c521ba8a3f3f6e46f4ac,2026-10-09T17:19:44Z
cfb,USU,WSU,2026-10-10T01:00:00Z,Rex Haynes,anytime_td,draftkings,Yes,,950,2ec27bbe3b14c521ba8a3f3f6e46f4ac,2026-10-09T17:19:44Z
cfb,USU,WSU,2026-10-10T01:00:00Z,Caden Pinnick,pass_td,espnbet,Over,0.5,-220,2ec27bbe3b14c521ba8a3f3f6e46f4ac,2026-10-09T17:20:33Z
cfb,USU,WSU,2026-10-10T01:00:00Z,Caden Pinnick,pass_td,espnbet,Under,0.5,160,2ec27bbe3b14c521ba8a3f3f6e46f4ac,2026-10-09T17:20:33Z
cfb,USU,WSU,2026-10-10T01:00:00Z,Caden Pinnick,pass_yds,espnbet,Over,164.5,-110,2ec27bbe3b14c521ba8a3f3f6e46f4ac,2026-10-09T17:20:33Z
cfb,USU,WSU,2026-10-10T01:00:00Z,Caden Pinnick,pass_yds,espnbet,Under,164.5,-120,2ec27bbe3b14c521ba8a3f3f6e46f4ac,2026-10-09T17:20:33Z
cfb,USU,WSU,2026-10-10T01:00:00Z,Eli Wood,rec_yds,espnbet,Over,69.5,-120,2ec27bbe3b14c521ba8a3f3f6e46f4ac,2026-10-09T17:20:33Z
cfb,USU,WSU,2026-10-10T01:00:00Z,Eli Wood,rec_yds,espnbet,Under,69.5,-110,2ec27bbe3b14c521ba8a3f3f6e46f4ac,2026-10-09T17:20:33Z
cfb,USU,WSU,2026-10-10T01:00:00Z,Branden Ganashamoorthy,rec_yds,espnbet,Over,40.5,-120,2ec27bbe3b14c521ba8a3f3f6e46f4ac,2026-10-09T17:20:33Z
cfb,USU,WSU,2026-10-10T01:00:00Z,Branden Ganashamoorthy,rec_yds,espnbet,Under,40.5,-110,2ec27bbe3b14c521ba8a3f3f6e46f4ac,2026-10-09T17:20:33Z
cfb,USU,WSU,2026-10-10T01:00:00Z,Darrius Clemons,rec_yds,espnbet,Over,33.5,-110,2ec27bbe3b14c521ba8a3f3f6e46f4ac,2026-10-09T17:20:33Z
cfb,USU,WSU,2026-10-10T01:00:00Z,Darrius Clemons,rec_yds,espnbet,Under,33.5,-120,2ec27bbe3b14c521ba8a3f3f6e46f4ac,2026-10-09T17:20:33Z
cfb,USU,WSU,2026-10-10T01:00:00Z,Javon Robinson,rec_yds,espnbet,Over,34.5,-115,2ec27bbe3b14c521ba8a3f3f6e46f4ac,2026-10-09T17:20:33Z
cfb,USU,WSU,2026-10-10T01:00:00Z,Javon Robinson,rec_yds,espnbet,Under,34.5,-115,2ec27bbe3b14c521ba8a3f3f6e46f4ac,2026-10-09T17:20:33Z
cfb,USU,WSU,2026-10-10T01:00:00Z,Daniel Blood,rec_yds,espnbet,Over,29.5,-130,2ec27bbe3b14c521ba8a3f3f6e46f4ac,2026-10-09T17:20:33Z
cfb,USU,WSU,2026-10-10T01:00:00Z,Daniel Blood,rec_yds,espnbet,Under,29.5,100,2ec27bbe3b14c521ba8a3f3f6e46f4ac,2026-10-09T17:20:33Z
cfb,USU,WSU,2026-10-10T01:00:00Z,Eli Wood,receptions,espnbet,Over,4.5,-130,2ec27bbe3b14c521ba8a3f3f6e46f4ac,2026-10-09T17:20:33Z
cfb,USU,WSU,2026-10-10T01:00:00Z,Eli Wood,receptions,espnbet,Under,4.5,100,2ec27bbe3b14c521ba8a3f3f6e46f4ac,2026-10-09T17:20:33Z
cfb,USU,WSU,2026-10-10T01:00:00Z,Javen Jacobs,rush_yds,espnbet,Over,56.5,-110,2ec27bbe3b14c521ba8a3f3f6e46f4ac,2026-10-09T17:20:33Z
cfb,USU,WSU,2026-10-10T01:00:00Z,Javen Jacobs,rush_yds,espnbet,Under,56.5,-120,2ec27bbe3b14c521ba8a3f3f6e46f4ac,2026-10-09T17:20:33Z
cfb,USU,WSU,2026-10-10T01:00:00Z,Kirby Vorhees,rush_yds,espnbet,Over,33.5,-110,2ec27bbe3b14c521ba8a3f3f6e46f4ac,2026-10-09T17:20:33Z
cfb,USU,WSU,2026-10-10T01:00:00Z,Kirby Vorhees,rush_yds,espnbet,Under,33.5,-120,2ec27bbe3b14c521ba8a3f3f6e46f4ac,2026-10-09T17:20:33Z
cfb,USU,WSU,2026-10-10T01:00:00Z,Caden Pinnick,rush_yds,espnbet,Over,39.5,-130,2ec27bbe3b14c521ba8a3f3f6e46f4ac,2026-10-09T17:20:33Z
cfb,USU,WSU,2026-10-10T01:00:00Z,Caden Pinnick,rush_yds,espnbet,Under,39.5,100,2ec27bbe3b14c521ba8a3f3f6e46f4ac,2026-10-09T17:20:33Z
cfb,BYU,ISU,2026-10-10T02:15:00Z,Bear Bachmeier,anytime_td,draftkings,Yes,,-155,55d9636153ca5741d460ef2f78b663d9,2026-10-09T17:20:19Z
cfb,BYU,ISU,2026-10-10T02:15:00Z,Aiden Flora,anytime_td,draftkings,Yes,,-105,55d9636153ca5741d460ef2f78b663d9,2026-10-09T17:20:19Z
cfb,BYU,ISU,2026-10-10T02:15:00Z,Preston Rex,anytime_td,draftkings,Yes,,100,55d9636153ca5741d460ef2f78b663d9,2026-10-09T17:20:19Z
cfb,BYU,ISU,2026-10-10T02:15:00Z,Legend Glasker,anytime_td,draftkings,Yes,,130,55d9636153ca5741d460ef2f78b663d9,2026-10-09T17:20:19Z
cfb,BYU,ISU,2026-10-10T02:15:00Z,Journee Tonga,anytime_td,draftkings,Yes,,150,55d9636153ca5741d460ef2f78b663d9,2026-10-09T17:20:19Z
cfb,BYU,ISU,2026-10-10T02:15:00Z,Jaylen Raynor,anytime_td,draftkings,Yes,,170,55d9636153ca5741d460ef2f78b663d9,2026-10-09T17:20:19Z
cfb,BYU,ISU,2026-10-10T02:15:00Z,Kyler Kasper,anytime_td,draftkings,Yes,,175,55d9636153ca5741d460ef2f78b663d9,2026-10-09T17:20:19Z
cfb,BYU,ISU,2026-10-10T02:15:00Z,Devaughn Eka,anytime_td,draftkings,Yes,,210,55d9636153ca5741d460ef2f78b663d9,2026-10-09T17:20:19Z
cfb,BYU,ISU,2026-10-10T02:15:00Z,Jojo Phillips,anytime_td,draftkings,Yes,,290,55d9636153ca5741d460ef2f78b663d9,2026-10-09T17:20:19Z
cfb,BYU,ISU,2026-10-10T02:15:00Z,Omari Hayes,anytime_td,draftkings,Yes,,360,55d9636153ca5741d460ef2f78b663d9,2026-10-09T17:20:19Z
cfb,BYU,ISU,2026-10-10T02:15:00Z,Walker Lyons,anytime_td,draftkings,Yes,,390,55d9636153ca5741d460ef2f78b663d9,2026-10-09T17:20:19Z
cfb,BYU,ISU,2026-10-10T02:15:00Z,Cody Jackson,anytime_td,draftkings,Yes,,390,55d9636153ca5741d460ef2f78b663d9,2026-10-09T17:20:19Z
cfb,BYU,ISU,2026-10-10T02:15:00Z,Arnold Barnes III,anytime_td,draftkings,Yes,,400,55d9636153ca5741d460ef2f78b663d9,2026-10-09T17:20:19Z
cfb,BYU,ISU,2026-10-10T02:15:00Z,Dominic Overby,anytime_td,draftkings,Yes,,425,55d9636153ca5741d460ef2f78b663d9,2026-10-09T17:20:19Z
cfb,BYU,ISU,2026-10-10T02:15:00Z,Vince Benetti,anytime_td,draftkings,Yes,,425,55d9636153ca5741d460ef2f78b663d9,2026-10-09T17:20:19Z
cfb,BYU,ISU,2026-10-10T02:15:00Z,BYU Cougars D/ST,anytime_td,draftkings,Yes,,450,55d9636153ca5741d460ef2f78b663d9,2026-10-09T17:20:19Z
cfb,BYU,ISU,2026-10-10T02:15:00Z,Reggie Frischknecht,anytime_td,draftkings,Yes,,475,55d9636153ca5741d460ef2f78b663d9,2026-10-09T17:20:19Z
cfb,BYU,ISU,2026-10-10T02:15:00Z,Roger Saleapaga II,anytime_td,draftkings,Yes,,550,55d9636153ca5741d460ef2f78b663d9,2026-10-09T17:20:19Z
cfb,BYU,ISU,2026-10-10T02:15:00Z,Cameron Pettaway,anytime_td,draftkings,Yes,,550,55d9636153ca5741d460ef2f78b663d9,2026-10-09T17:20:19Z
cfb,BYU,ISU,2026-10-10T02:15:00Z,Iowa State Cyclones D/ST,anytime_td,draftkings,Yes,,550,55d9636153ca5741d460ef2f78b663d9,2026-10-09T17:20:19Z
cfb,BYU,ISU,2026-10-10T02:15:00Z,Easton Miller,anytime_td,draftkings,Yes,,750,55d9636153ca5741d460ef2f78b663d9,2026-10-09T17:20:19Z
cfb,BYU,ISU,2026-10-10T02:15:00Z,Ty Claiborne,anytime_td,draftkings,Yes,,850,55d9636153ca5741d460ef2f78b663d9,2026-10-09T17:20:19Z
cfb,BYU,ISU,2026-10-10T02:15:00Z,Tyler Fortenberry,anytime_td,draftkings,Yes,,950,55d9636153ca5741d460ef2f78b663d9,2026-10-09T17:20:19Z
cfb,BYU,ISU,2026-10-10T02:15:00Z,Bear Bachmeier,anytime_td,fanduel,Yes,,-145,55d9636153ca5741d460ef2f78b663d9,2026-10-09T17:20:28Z
cfb,BYU,ISU,2026-10-10T02:15:00Z,Aiden Flora,anytime_td,fanduel,Yes,,-105,55d9636153ca5741d460ef2f78b663d9,2026-10-09T17:20:28Z
cfb,BYU,ISU,2026-10-10T02:15:00Z,Preston Rex,anytime_td,fanduel,Yes,,100,55d9636153ca5741d460ef2f78b663d9,2026-10-09T17:20:28Z
cfb,BYU,ISU,2026-10-10T02:15:00Z,Journee Tonga,anytime_td,fanduel,Yes,,145,55d9636153ca5741d460ef2f78b663d9,2026-10-09T17:20:28Z
cfb,BYU,ISU,2026-10-10T02:15:00Z,Legend Glasker,anytime_td,fanduel,Yes,,140,55d9636153ca5741d460ef2f78b663d9,2026-10-09T17:20:28Z
cfb,BYU,ISU,2026-10-10T02:15:00Z,Kyler Kasper,anytime_td,fanduel,Yes,,190,55d9636153ca5741d460ef2f78b663d9,2026-10-09T17:20:28Z
cfb,BYU,ISU,2026-10-10T02:15:00Z,Jaylen Raynor,anytime_td,fanduel,Yes,,210,55d9636153ca5741d460ef2f78b663d9,2026-10-09T17:20:28Z
cfb,BYU,ISU,2026-10-10T02:15:00Z,Jojo Phillips,anytime_td,fanduel,Yes,,320,55d9636153ca5741d460ef2f78b663d9,2026-10-09T17:20:28Z
cfb,BYU,ISU,2026-10-10T02:15:00Z,Walker Lyons,anytime_td,fanduel,Yes,,360,55d9636153ca5741d460ef2f78b663d9,2026-10-09T17:20:28Z
cfb,BYU,ISU,2026-10-10T02:15:00Z,Omari Hayes,anytime_td,fanduel,Yes,,370,55d9636153ca5741d460ef2f78b663d9,2026-10-09T17:20:28Z
cfb,BYU,ISU,2026-10-10T02:15:00Z,Cody Jackson,anytime_td,fanduel,Yes,,380,55d9636153ca5741d460ef2f78b663d9,2026-10-09T17:20:28Z
cfb,BYU,ISU,2026-10-10T02:15:00Z,BYU Cougars Defense,anytime_td,fanduel,Yes,,440,55d9636153ca5741d460ef2f78b663d9,2026-10-09T17:20:28Z
cfb,BYU,ISU,2026-10-10T02:15:00Z,Vince Benetti,anytime_td,fanduel,Yes,,450,55d9636153ca5741d460ef2f78b663d9,2026-10-09T17:20:28Z
cfb,BYU,ISU,2026-10-10T02:15:00Z,Ryver Peppers,anytime_td,fanduel,Yes,,470,55d9636153ca5741d460ef2f78b663d9,2026-10-09T17:20:28Z
cfb,BYU,ISU,2026-10-10T02:15:00Z,Dominic Overby,anytime_td,fanduel,Yes,,500,55d9636153ca5741d460ef2f78b663d9,2026-10-09T17:20:28Z
cfb,BYU,ISU,2026-10-10T02:15:00Z,Roger Saleapaga II,anytime_td,fanduel,Yes,,550,55d9636153ca5741d460ef2f78b663d9,2026-10-09T17:20:28Z
cfb,BYU,ISU,2026-10-10T02:15:00Z,Iowa State Cyclones Defense,anytime_td,fanduel,Yes,,850,55d9636153ca5741d460ef2f78b663d9,2026-10-09T17:20:28Z
cfb,BYU,ISU,2026-10-10T02:15:00Z,Jamal Polite Jr.,anytime_td,fanduel,Yes,,1100,55d9636153ca5741d460ef2f78b663d9,2026-10-09T17:20:28Z
cfb,BYU,ISU,2026-10-10T02:15:00Z,Bear Bachmeier,pass_td,fanduel,Over,1.5,148,55d9636153ca5741d460ef2f78b663d9,2026-10-09T17:20:28Z
cfb,BYU,ISU,2026-10-10T02:15:00Z,Bear Bachmeier,pass_td,fanduel,Under,1.5,-200,55d9636153ca5741d460ef2f78b663d9,2026-10-09T17:20:28Z
cfb,BYU,ISU,2026-10-10T02:15:00Z,Jaylen Raynor,pass_td,fanduel,Over,0.5,-174,55d9636153ca5741d460ef2f78b663d9,2026-10-09T17:20:28Z
cfb,BYU,ISU,2026-10-10T02:15:00Z,Jaylen Raynor,pass_td,fanduel,Under,0.5,130,55d9636153ca5741d460ef2f78b663d9,2026-10-09T17:20:28Z
cfb,BYU,ISU,2026-10-10T02:15:00Z,Bear Bachmeier,pass_yds,fanduel,Over,204.5,-114,55d9636153ca5741d460ef2f78b663d9,2026-10-09T17:20:28Z
cfb,BYU,ISU,2026-10-10T02:15:00Z,Bear Bachmeier,pass_yds,fanduel,Under,204.5,-114,55d9636153ca5741d460ef2f78b663d9,2026-10-09T17:20:28Z
cfb,BYU,ISU,2026-10-10T02:15:00Z,Jaylen Raynor,pass_yds,fanduel,Over,167.5,-114,55d9636153ca5741d460ef2f78b663d9,2026-10-09T17:20:28Z
cfb,BYU,ISU,2026-10-10T02:15:00Z,Jaylen Raynor,pass_yds,fanduel,Under,167.5,-114,55d9636153ca5741d460ef2f78b663d9,2026-10-09T17:20:28Z
cfb,BYU,ISU,2026-10-10T02:15:00Z,Omari Hayes,rec_yds,fanduel,Over,31.5,-114,55d9636153ca5741d460ef2f78b663d9,2026-10-09T17:20:28Z
cfb,BYU,ISU,2026-10-10T02:15:00Z,Omari Hayes,rec_yds,fanduel,Under,31.5,-114,55d9636153ca5741d460ef2f78b663d9,2026-10-09T17:20:28Z
cfb,BYU,ISU,2026-10-10T02:15:00Z,Legend Glasker,rec_yds,fanduel,Over,46.5,-114,55d9636153ca5741d460ef2f78b663d9,2026-10-09T17:20:28Z
cfb,BYU,ISU,2026-10-10T02:15:00Z,Legend Glasker,rec_yds,fanduel,Under,46.5,-114,55d9636153ca5741d460ef2f78b663d9,2026-10-09T17:20:28Z
cfb,BYU,ISU,2026-10-10T02:15:00Z,Cody Jackson,rec_yds,fanduel,Under,28.5,-118,55d9636153ca5741d460ef2f78b663d9,2026-10-09T17:20:28Z
cfb,BYU,ISU,2026-10-10T02:15:00Z,Cody Jackson,rec_yds,fanduel,Over,28.5,-112,55d9636153ca5741d460ef2f78b663d9,2026-10-09T17:20:28Z
cfb,BYU,ISU,2026-10-10T02:15:00Z,Kyler Kasper,rec_yds,fanduel,Over,37.5,-114,55d9636153ca5741d460ef2f78b663d9,2026-10-09T17:20:28Z
cfb,BYU,ISU,2026-10-10T02:15:00Z,Kyler Kasper,rec_yds,fanduel,Under,37.5,-114,55d9636153ca5741d460ef2f78b663d9,2026-10-09T17:20:28Z
cfb,BYU,ISU,2026-10-10T02:15:00Z,Omari Hayes,receptions,fanduel,Over,3.5,130,55d9636153ca5741d460ef2f78b663d9,2026-10-09T17:20:28Z
cfb,BYU,ISU,2026-10-10T02:15:00Z,Omari Hayes,receptions,fanduel,Under,3.5,-174,55d9636153ca5741d460ef2f78b663d9,2026-10-09T17:20:28Z
cfb,BYU,ISU,2026-10-10T02:15:00Z,Kyler Kasper,receptions,fanduel,Over,3.5,130,55d9636153ca5741d460ef2f78b663d9,2026-10-09T17:20:28Z
cfb,BYU,ISU,2026-10-10T02:15:00Z,Kyler Kasper,receptions,fanduel,Under,3.5,-174,55d9636153ca5741d460ef2f78b663d9,2026-10-09T17:20:28Z
cfb,BYU,ISU,2026-10-10T02:15:00Z,Cody Jackson,receptions,fanduel,Over,2.5,-102,55d9636153ca5741d460ef2f78b663d9,2026-10-09T17:20:28Z
cfb,BYU,ISU,2026-10-10T02:15:00Z,Cody Jackson,receptions,fanduel,Under,2.5,-130,55d9636153ca5741d460ef2f78b663d9,2026-10-09T17:20:28Z
cfb,BYU,ISU,2026-10-10T02:15:00Z,Legend Glasker,receptions,fanduel,Over,4.5,134,55d9636153ca5741d460ef2f78b663d9,2026-10-09T17:20:28Z
cfb,BYU,ISU,2026-10-10T02:15:00Z,Legend Glasker,receptions,fanduel,Under,4.5,-180,55d9636153ca5741d460ef2f78b663d9,2026-10-09T17:20:28Z
cfb,BYU,ISU,2026-10-10T02:15:00Z,Jojo Phillips,receptions,fanduel,Over,2.5,106,55d9636153ca5741d460ef2f78b663d9,2026-10-09T17:20:28Z
cfb,BYU,ISU,2026-10-10T02:15:00Z,Jojo Phillips,receptions,fanduel,Under,2.5,-140,55d9636153ca5741d460ef2f78b663d9,2026-10-09T17:20:28Z
cfb,BYU,ISU,2026-10-10T02:15:00Z,Bear Bachmeier,rush_yds,fanduel,Over,49.5,-114,55d9636153ca5741d460ef2f78b663d9,2026-10-09T17:20:28Z
cfb,BYU,ISU,2026-10-10T02:15:00Z,Bear Bachmeier,rush_yds,fanduel,Under,49.5,-114,55d9636153ca5741d460ef2f78b663d9,2026-10-09T17:20:28Z
cfb,BYU,ISU,2026-10-10T02:15:00Z,Aiden Flora,rush_yds,fanduel,Over,65.5,-118,55d9636153ca5741d460ef2f78b663d9,2026-10-09T17:20:28Z
cfb,BYU,ISU,2026-10-10T02:15:00Z,Aiden Flora,rush_yds,fanduel,Under,65.5,-112,55d9636153ca5741d460ef2f78b663d9,2026-10-09T17:20:28Z
cfb,BYU,ISU,2026-10-10T02:15:00Z,Jaylen Raynor,rush_yds,fanduel,Under,22.5,-118,55d9636153ca5741d460ef2f78b663d9,2026-10-09T17:20:28Z
cfb,BYU,ISU,2026-10-10T02:15:00Z,Jaylen Raynor,rush_yds,fanduel,Over,22.5,-114,55d9636153ca5741d460ef2f78b663d9,2026-10-09T17:20:28Z
cfb,BYU,ISU,2026-10-10T02:15:00Z,Omari Hayes,anytime_td,betmgm,Yes,,275,55d9636153ca5741d460ef2f78b663d9,2026-10-09T17:20:16Z
cfb,BYU,ISU,2026-10-10T02:15:00Z,Aiden Flora,anytime_td,betmgm,Yes,,105,55d9636153ca5741d460ef2f78b663d9,2026-10-09T17:20:16Z
cfb,BYU,ISU,2026-10-10T02:15:00Z,Jojo Phillips,anytime_td,betmgm,Yes,,280,55d9636153ca5741d460ef2f78b663d9,2026-10-09T17:20:16Z
cfb,BYU,ISU,2026-10-10T02:15:00Z,Kyler Kasper,anytime_td,betmgm,Yes,,165,55d9636153ca5741d460ef2f78b663d9,2026-10-09T17:20:16Z
cfb,BYU,ISU,2026-10-10T02:15:00Z,Bear Bachmeier,anytime_td,betmgm,Yes,,-210,55d9636153ca5741d460ef2f78b663d9,2026-10-09T17:20:16Z
cfb,BYU,ISU,2026-10-10T02:15:00Z,Jaylen Raynor,anytime_td,betmgm,Yes,,180,55d9636153ca5741d460ef2f78b663d9,2026-10-09T17:20:16Z
cfb,BYU,ISU,2026-10-10T02:15:00Z,Cody Jackson,anytime_td,betmgm,Yes,,310,55d9636153ca5741d460ef2f78b663d9,2026-10-09T17:20:16Z
cfb,BYU,ISU,2026-10-10T02:15:00Z,Vince Benetti,anytime_td,betmgm,Yes,,400,55d9636153ca5741d460ef2f78b663d9,2026-10-09T17:20:16Z
cfb,BYU,ISU,2026-10-10T02:15:00Z,Legend Glasker,anytime_td,betmgm,Yes,,150,55d9636153ca5741d460ef2f78b663d9,2026-10-09T17:20:16Z
cfb,BYU,ISU,2026-10-10T02:15:00Z,Preston Rex,anytime_td,betmgm,Yes,,-110,55d9636153ca5741d460ef2f78b663d9,2026-10-09T17:20:16Z
cfb,BYU,ISU,2026-10-10T02:15:00Z,Journee Tonga,anytime_td,betmgm,Yes,,-110,55d9636153ca5741d460ef2f78b663d9,2026-10-09T17:20:16Z
cfb,BYU,ISU,2026-10-10T02:15:00Z,Walker Lyons,anytime_td,betmgm,Yes,,310,55d9636153ca5741d460ef2f78b663d9,2026-10-09T17:20:16Z
cfb,BYU,ISU,2026-10-10T02:15:00Z,Dominic Overby,anytime_td,betmgm,Yes,,310,55d9636153ca5741d460ef2f78b663d9,2026-10-09T17:20:16Z
cfb,BYU,ISU,2026-10-10T02:15:00Z,Jamal Polite Jr.,anytime_td,betmgm,Yes,,850,55d9636153ca5741d460ef2f78b663d9,2026-10-09T17:20:16Z
cfb,BYU,ISU,2026-10-10T02:15:00Z,Bear Bachmeier,pass_td,espnbet,Over,1.5,135,55d9636153ca5741d460ef2f78b663d9,2026-10-09T17:19:25Z
cfb,BYU,ISU,2026-10-10T02:15:00Z,Bear Bachmeier,pass_td,espnbet,Under,1.5,-180,55d9636153ca5741d460ef2f78b663d9,2026-10-09T17:19:25Z
cfb,BYU,ISU,2026-10-10T02:15:00Z,Jaylen Raynor,pass_td,espnbet,Over,0.5,-190,55d9636153ca5741d460ef2f78b663d9,2026-10-09T17:19:25Z
cfb,BYU,ISU,2026-10-10T02:15:00Z,Jaylen Raynor,pass_td,espnbet,Under,0.5,140,55d9636153ca5741d460ef2f78b663d9,2026-10-09T17:19:25Z
cfb,BYU,ISU,2026-10-10T02:15:00Z,Bear Bachmeier,pass_yds,espnbet,Over,204.5,-120,55d9636153ca5741d460ef2f78b663d9,2026-10-09T17:19:25Z
cfb,BYU,ISU,2026-10-10T02:15:00Z,Bear Bachmeier,pass_yds,espnbet,Under,204.5,-110,55d9636153ca5741d460ef2f78b663d9,2026-10-09T17:19:25Z
cfb,BYU,ISU,2026-10-10T02:15:00Z,Jaylen Raynor,pass_yds,espnbet,Over,174.5,-110,55d9636153ca5741d460ef2f78b663d9,2026-10-09T17:19:25Z
cfb,BYU,ISU,2026-10-10T02:15:00Z,Jaylen Raynor,pass_yds,espnbet,Under,174.5,-120,55d9636153ca5741d460ef2f78b663d9,2026-10-09T17:19:25Z
cfb,BYU,ISU,2026-10-10T02:15:00Z,Legend Glasker,rec_yds,espnbet,Over,49.5,-120,55d9636153ca5741d460ef2f78b663d9,2026-10-09T17:19:25Z
cfb,BYU,ISU,2026-10-10T02:15:00Z,Legend Glasker,rec_yds,espnbet,Under,49.5,-110,55d9636153ca5741d460ef2f78b663d9,2026-10-09T17:19:25Z
cfb,BYU,ISU,2026-10-10T02:15:00Z,Kyler Kasper,rec_yds,espnbet,Over,44.5,100,55d9636153ca5741d460ef2f78b663d9,2026-10-09T17:19:25Z
cfb,BYU,ISU,2026-10-10T02:15:00Z,Kyler Kasper,rec_yds,espnbet,Under,44.5,-130,55d9636153ca5741d460ef2f78b663d9,2026-10-09T17:19:25Z
cfb,BYU,ISU,2026-10-10T02:15:00Z,Jojo Phillips,rec_yds,espnbet,Over,24.5,-120,55d9636153ca5741d460ef2f78b663d9,2026-10-09T17:19:25Z
cfb,BYU,ISU,2026-10-10T02:15:00Z,Jojo Phillips,rec_yds,espnbet,Under,24.5,-110,55d9636153ca5741d460ef2f78b663d9,2026-10-09T17:19:25Z
cfb,BYU,ISU,2026-10-10T02:15:00Z,Dominic Overby,rec_yds,espnbet,Over,25.5,-110,55d9636153ca5741d460ef2f78b663d9,2026-10-09T17:19:25Z
cfb,BYU,ISU,2026-10-10T02:15:00Z,Dominic Overby,rec_yds,espnbet,Under,25.5,-120,55d9636153ca5741d460ef2f78b663d9,2026-10-09T17:19:25Z
cfb,BYU,ISU,2026-10-10T02:15:00Z,Cody Jackson,rec_yds,espnbet,Over,24.5,-125,55d9636153ca5741d460ef2f78b663d9,2026-10-09T17:19:25Z
cfb,BYU,ISU,2026-10-10T02:15:00Z,Cody Jackson,rec_yds,espnbet,Under,24.5,-105,55d9636153ca5741d460ef2f78b663d9,2026-10-09T17:19:25Z
cfb,BYU,ISU,2026-10-10T02:15:00Z,Omari Hayes,rec_yds,espnbet,Over,29.5,-120,55d9636153ca5741d460ef2f78b663d9,2026-10-09T17:19:25Z
cfb,BYU,ISU,2026-10-10T02:15:00Z,Omari Hayes,rec_yds,espnbet,Under,29.5,-110,55d9636153ca5741d460ef2f78b663d9,2026-10-09T17:19:25Z
cfb,BYU,ISU,2026-10-10T02:15:00Z,Walker Lyons,rec_yds,espnbet,Over,19.5,-125,55d9636153ca5741d460ef2f78b663d9,2026-10-09T17:19:25Z
cfb,BYU,ISU,2026-10-10T02:15:00Z,Walker Lyons,rec_yds,espnbet,Under,19.5,-105,55d9636153ca5741d460ef2f78b663d9,2026-10-09T17:19:25Z
cfb,BYU,ISU,2026-10-10T02:15:00Z,Legend Glasker,receptions,espnbet,Over,4.5,130,55d9636153ca5741d460ef2f78b663d9,2026-10-09T17:19:25Z
cfb,BYU,ISU,2026-10-10T02:15:00Z,Legend Glasker,receptions,espnbet,Under,4.5,-170,55d9636153ca5741d460ef2f78b663d9,2026-10-09T17:19:25Z
cfb,BYU,ISU,2026-10-10T02:15:00Z,Kyler Kasper,receptions,espnbet,Over,3.5,135,55d9636153ca5741d460ef2f78b663d9,2026-10-09T17:19:25Z
cfb,BYU,ISU,2026-10-10T02:15:00Z,Kyler Kasper,receptions,espnbet,Under,3.5,-180,55d9636153ca5741d460ef2f78b663d9,2026-10-09T17:19:25Z
cfb,BYU,ISU,2026-10-10T02:15:00Z,Omari Hayes,receptions,espnbet,Over,3.5,120,55d9636153ca5741d460ef2f78b663d9,2026-10-09T17:19:25Z
cfb,BYU,ISU,2026-10-10T02:15:00Z,Omari Hayes,receptions,espnbet,Under,3.5,-155,55d9636153ca5741d460ef2f78b663d9,2026-10-09T17:19:25Z
cfb,BYU,ISU,2026-10-10T02:15:00Z,Jojo Phillips,receptions,espnbet,Over,2.5,125,55d9636153ca5741d460ef2f78b663d9,2026-10-09T17:19:25Z
cfb,BYU,ISU,2026-10-10T02:15:00Z,Jojo Phillips,receptions,espnbet,Under,2.5,-160,55d9636153ca5741d460ef2f78b663d9,2026-10-09T17:19:25Z
cfb,BYU,ISU,2026-10-10T02:15:00Z,Walker Lyons,receptions,espnbet,Over,2.5,110,55d9636153ca5741d460ef2f78b663d9,2026-10-09T17:19:25Z
cfb,BYU,ISU,2026-10-10T02:15:00Z,Walker Lyons,receptions,espnbet,Under,2.5,-140,55d9636153ca5741d460ef2f78b663d9,2026-10-09T17:19:25Z
cfb,BYU,ISU,2026-10-10T02:15:00Z,Cody Jackson,receptions,espnbet,Over,2.5,105,55d9636153ca5741d460ef2f78b663d9,2026-10-09T17:19:25Z
cfb,BYU,ISU,2026-10-10T02:15:00Z,Cody Jackson,receptions,espnbet,Under,2.5,-135,55d9636153ca5741d460ef2f78b663d9,2026-10-09T17:19:25Z
cfb,BYU,ISU,2026-10-10T02:15:00Z,Dominic Overby,receptions,espnbet,Over,1.5,-200,55d9636153ca5741d460ef2f78b663d9,2026-10-09T17:19:25Z
cfb,BYU,ISU,2026-10-10T02:15:00Z,Dominic Overby,receptions,espnbet,Under,1.5,150,55d9636153ca5741d460ef2f78b663d9,2026-10-09T17:19:25Z
cfb,BYU,ISU,2026-10-10T02:15:00Z,Aiden Flora,rush_yds,espnbet,Over,64.5,-110,55d9636153ca5741d460ef2f78b663d9,2026-10-09T17:19:25Z
cfb,BYU,ISU,2026-10-10T02:15:00Z,Aiden Flora,rush_yds,espnbet,Under,64.5,-120,55d9636153ca5741d460ef2f78b663d9,2026-10-09T17:19:25Z
cfb,BYU,ISU,2026-10-10T02:15:00Z,Bear Bachmeier,rush_yds,espnbet,Over,44.5,-130,55d9636153ca5741d460ef2f78b663d9,2026-10-09T17:19:25Z
cfb,BYU,ISU,2026-10-10T02:15:00Z,Bear Bachmeier,rush_yds,espnbet,Under,44.5,100,55d9636153ca5741d460ef2f78b663d9,2026-10-09T17:19:25Z
cfb,BYU,ISU,2026-10-10T02:15:00Z,Jaylen Raynor,rush_yds,espnbet,Over,24.5,-115,55d9636153ca5741d460ef2f78b663d9,2026-10-09T17:19:25Z
cfb,BYU,ISU,2026-10-10T02:15:00Z,Jaylen Raynor,rush_yds,espnbet,Under,24.5,-115,55d9636153ca5741d460ef2f78b663d9,2026-10-09T17:19:25Z
cfb,BYU,ISU,2026-10-10T02:15:00Z,Preston Rex,rush_yds,espnbet,Over,49.5,-110,55d9636153ca5741d460ef2f78b663d9,2026-10-09T17:19:25Z
cfb,BYU,ISU,2026-10-10T02:15:00Z,Preston Rex,rush_yds,espnbet,Under,49.5,-120,55d9636153ca5741d460ef2f78b663d9,2026-10-09T17:19:25Z
